1 21.534451 6.728758 25.043230 248.599758 461088.311200
1 -21.534831 -6.680908 25.043230 248.599758 464358.062950
1 29.266405 7.844273 9.258030 117.253414 62966.783052
1 -29.142567 -7.949577 9.258030 117.253414 62576.641309
1 16.626977 5.912548 11.874856 135.343553 98277.061838
1 -16.523741 -5.803139 11.874856 135.343553 104189.596232
2 15.463772 5.701980 8.143823 147.920913 47158.651140
2 -15.495708 -5.661176 8.143823 147.920913 47460.180339
2 16.099656 5.818035 5.811646 4.650933 24424.605599
2 -16.155409 -5.728777 5.811646 4.650933 24002.202605
2 11.778376 4.976348 14.087837 211.351221 144770.707648
2 -11.863409 -5.098901 14.087837 211.351221 141474.907760
3 16.681487 5.922232 7.235674 30.496953 38186.804955
3 -16.799128 -5.955757 7.235674 30.496953 37540.624669
3 17.121173 5.999772 9.143475 2.064821 58270.702537
3 -17.099696 -5.991436 9.143475 2.064821 61228.078730
3 31.893307 8.188753 13.591108 55.211982 135863.608453
3 -31.915562 -8.277700 13.591108 55.211982 130817.435316
4 16.748404 5.934098 5.712528 189.564062 23713.466095
4 -16.760144 -5.979676 5.712528 189.564062 24097.109964
4 21.650191 6.746816 3.581220 119.820711 9563.216257
4 -21.781909 -6.654600 3.581220 119.820711 9477.777858
4 14.866083 5.590701 16.318761 166.976552 194124.389278
4 -14.734755 -5.605557 16.318761 166.976552 193426.221125
4 17.818760 6.120780 4.526449 213.123598 14594.419458
4 -17.714613 -6.121254 4.526449 213.123598 14707.851262
5 16.694688 5.924574 5.114345 358.980337 19026.806447
5 -16.672494 -5.852443 5.114345 358.980337 18768.212874
5 9.528790 4.475967 11.460959 161.112790 94749.219414
5 -9.592765 -4.497589 11.460959 161.112790 93724.411013
5 12.770617 5.181720 4.528844 163.595064 14832.091305
5 -12.675569 -5.145335 4.528844 163.595064 14599.315116
5 20.514452 6.567468 13.517179 260.802012 131139.311894
5 -20.493470 -6.542492 13.517179 260.802012 132596.047261
6 13.512628 5.330131 9.652098 15.046701 67116.629316
6 -13.467698 -5.403383 9.652098 15.046701 64015.830189
6 26.677905 7.489345 5.001896 45.752204 17699.197679
6 -26.491606 -7.496719 5.001896 45.752204 17790.027019
6 26.984550 7.532265 15.572075 161.029889 172769.740812
6 -26.878014 -7.538961 15.572075 161.029889 177415.613450
6 21.167740 6.671220 12.280972 191.151851 110699.476832
6 -21.170710 -6.769057 12.280972 191.151851 108154.422230
7 22.634925 6.898545 15.792358 340.863143 179555.625294
7 -22.690842 -6.819175 15.792358 340.863143 181227.707113
7 16.626624 5.912485 5.839083 222.721596 23923.858473
7 -16.684254 -5.871542 5.839083 222.721596 24333.607135
7 28.117237 7.688725 11.782797 20.479011 100318.972519
7 -28.099146 -7.656637 11.782797 20.479011 98854.667352
7 19.690817 6.434279 4.500673 164.731886 14612.248333
7 -19.660555 -6.456104 4.500673 164.731886 14608.783803
7 14.632738 5.546650 3.679567 267.001940 9333.075789
7 -14.513085 -5.484065 3.679567 267.001940 9662.688677
8 20.847294 6.620531 9.367490 153.198263 60220.057677
8 -20.772431 -6.648193 9.367490 153.198263 61064.914147
8 20.155008 6.509678 9.256299 294.543479 62984.210597
8 -20.052238 -6.566475 9.256299 294.543479 62631.421406
8 10.074153 4.602272 4.543054 207.837669 14534.987515
8 -10.052195 -4.675120 4.543054 207.837669 14421.996150
8 24.257592 7.141540 5.570116 229.250353 21895.555359
8 -24.362001 -7.070289 5.570116 229.250353 22149.760533
8 22.286010 6.845169 8.683947 343.904738 55206.194526
8 -22.419313 -6.788194 8.683947 343.904738 55347.872005
9 25.722161 7.353968 4.405327 266.081412 14168.639811
9 -25.828570 -7.353450 4.405327 266.081412 14371.838045
9 16.589125 5.905814 10.890880 260.146661 81917.120073
9 -16.649520 -5.860925 10.890880 260.146661 85216.619251
9 21.363650 6.702020 3.685121 221.442540 9687.949896
9 -21.375230 -6.763014 3.685121 221.442540 10053.223587
9 18.054805 6.161187 2.281768 137.751507 3837.723852
9 -18.155838 -6.058355 2.281768 137.751507 3707.738163
9 18.670494 6.265358 10.843070 211.451581 80200.543792
9 -18.791872 -6.176792 10.843070 211.451581 83478.639892
10 26.434789 7.455142 5.671111 147.971850 23808.465599
10 -26.589775 -7.548031 5.671111 147.971850 23655.277878
10 19.620806 6.422830 3.532085 280.890396 9229.986475
10 -19.636239 -6.424312 3.532085 280.890396 8978.785424
10 15.549992 5.717854 15.343893 72.848929 166646.935366
10 -15.544224 -5.629288 15.343893 72.848929 171860.885775
10 17.617029 6.086033 4.052403 125.922440 12212.765775
10 -17.694036 -6.166989 4.052403 125.922440 11739.742386
10 16.311336 5.856158 10.248376 262.409178 76085.748376
10 -16.196236 -5.933432 10.248376 262.409178 77696.746616
10 22.318595 6.850171 7.594479 16.187941 40704.480949
10 -22.371690 -6.890392 7.594479 16.187941 41987.576965
11 16.616276 5.910645 8.967214 320.163800 58240.443455
11 -16.671948 -5.912330 8.967214 320.163800 55866.959604
11 15.018517 5.619291 7.555148 90.801805 41302.820548
11 -15.099878 -5.642893 7.555148 90.801805 41204.238134
11 20.604606 6.581883 3.378735 346.143198 8517.092903
11 -20.623119 -6.609039 3.378735 346.143198 8405.606019
11 10.619837 4.725273 7.815722 266.473300 44775.407750
11 -10.748379 -4.692296 7.815722 266.473300 44771.829420
11 17.806704 6.118709 4.652808 107.589574 15749.169793
11 -17.578675 -6.043619 4.652808 107.589574 15163.026734
11 20.685551 6.594799 8.700277 336.752882 54387.135884
11 -20.769170 -6.682435 8.700277 336.752882 55034.992102
12 15.143013 5.642534 5.521232 27.989656 21514.996757
12 -15.105635 -5.714510 5.521232 27.989656 22051.264553
12 14.657254 5.551295 4.161444 17.699444 12906.539284
12 -14.638393 -5.625213 4.161444 17.699444 12324.717632
12 23.870360 7.084309 12.962567 71.963706 119685.684836
12 -23.931730 -7.114922 12.962567 71.963706 124034.802276
12 23.869576 7.084192 4.727816 35.512634 15661.093886
12 -23.885894 -7.169682 4.727816 35.512634 15786.144630
12 18.195516 6.185149 2.218812 276.628777 3460.223798
12 -18.189231 -6.202235 2.218812 276.628777 3605.202871
12 9.041296 4.359968 3.553156 101.250538 8792.368691
12 -8.958893 -4.298648 3.553156 101.250538 9302.140733
13 22.381321 6.859791 8.085645 161.716173 48680.627911
13 -22.437177 -6.915493 8.085645 161.716173 46797.650202
13 15.108838 5.636163 5.759790 31.308464 25098.692162
13 -15.075049 -5.626722 5.759790 31.308464 23252.758761
13 25.386679 7.305853 3.913174 155.638023 11219.588348
13 -25.372477 -7.279319 3.913174 155.638023 11595.882608
13 10.059611 4.598949 25.356551 295.746019 453575.242053
13 -10.118170 -4.601502 25.356551 295.746019 465136.857326
13 19.028401 6.325126 1.690641 79.985857 2126.164195
13 -18.942237 -6.269637 1.690641 79.985857 2062.012852
13 15.906397 5.783010 6.414708 287.911710 28719.945337
13 -16.001372 -5.833199 6.414708 287.911710 30750.809987
13 19.616042 6.422050 9.511443 58.419917 63197.181493
13 -19.653832 -6.384500 9.511443 58.419917 66813.213677
14 28.624906 7.757826 3.457134 174.249491 8732.305386
14 -28.780712 -7.712632 3.457134 174.249491 8671.394274
14 15.785469 5.760985 5.711523 238.927829 24514.761401
14 -15.839266 -5.733872 5.711523 238.927829 23450.386754
14 17.262192 6.024430 6.423486 102.698604 29880.971606
14 -17.312671 -6.006908 6.423486 102.698604 30218.978166
14 17.940332 6.141624 5.101526 23.545917 18566.838388
14 -17.912730 -6.083011 5.101526 23.545917 18867.791135
14 18.803514 6.287638 6.856827 280.075462 33760.532442
14 -18.973788 -6.191710 6.856827 280.075462 33249.509421
14 2.825481 2.437329 2.897815 63.640461 5924.311631
14 -2.806048 -2.426692 2.897815 63.640461 6119.332235
14 12.359588 5.097650 8.119118 226.501677 46466.207038
14 -12.402249 -5.082662 8.119118 226.501677 48087.460192
15 18.828562 6.291824 3.933618 311.309961 11803.645412
15 -18.779973 -6.398835 3.933618 311.309961 11090.995905
15 28.598437 7.754238 8.951654 9.310829 57735.416085
15 -28.709947 -7.713749 8.951654 9.310829 58135.073692
15 26.851638 7.513692 8.652812 6.744849 54974.575801
15 -27.057458 -7.536514 8.652812 6.744849 52975.904530
15 16.924851 5.965274 11.850007 68.871120 100850.873437
15 -17.022261 -6.005552 11.850007 68.871120 98615.476135
15 8.530830 4.235100 8.283915 253.042253 48789.404801
15 -8.491315 -4.299835 8.283915 253.042253 50305.448618
15 32.724026 8.294713 6.952490 143.134505 35436.007372
15 -32.476634 -8.418122 6.952490 143.134505 35625.955780
15 16.687665 5.923328 3.810806 180.792471 10761.511188
15 -16.794555 -5.983084 3.810806 180.792471 10837.054505
16 12.938703 5.215709 2.959805 11.215727 6266.509974
16 -13.075432 -5.172803 2.959805 11.215727 6288.670975
16 19.981615 6.481616 11.105279 280.286640 85280.325821
16 -19.700005 -6.463920 11.105279 280.286640 91906.511511
16 16.269006 5.848554 3.927735 12.434785 11298.360041
16 -16.325645 -5.847647 3.927735 12.434785 11349.649375
16 5.522986 3.407650 16.125382 80.481692 186174.027690
16 -5.512104 -3.327573 16.125382 80.481692 197125.054277
16 18.645314 6.261132 4.014355 223.510132 11696.606196
16 -18.561849 -6.194448 4.014355 223.510132 11838.951098
16 24.446847 7.169344 5.114866 247.074099 19575.946761
16 -24.514007 -7.110892 5.114866 247.074099 18488.634430
16 5.847920 3.506459 11.508048 332.364652 95207.834856
16 -5.835215 -3.469262 11.508048 332.364652 99249.551580
16 17.796919 6.117027 1.976897 108.672066 2855.423171
16 -17.945809 -6.129661 1.976897 108.672066 2803.685689
17 21.424598 6.711573 7.943834 191.649163 45814.959616
17 -21.538604 -6.714770 7.943834 191.649163 44883.504293
17 19.992514 6.483383 11.546176 275.956071 95194.048363
17 -19.984038 -6.476708 11.546176 275.956071 94025.300342
17 13.643654 5.355911 11.514788 30.929544 96847.909115
17 -13.634529 -5.384665 11.514788 30.929544 95638.587151
17 15.764082 5.757081 4.072286 329.183056 11711.272430
17 -15.746241 -5.754599 4.072286 329.183056 12318.172376
17 22.178001 6.828561 4.239016 104.166119 13024.092946
17 -22.072339 -6.879413 4.239016 104.166119 12825.041117
17 16.462468 5.883225 13.089294 315.180157 125646.151730
17 -16.472221 -5.862600 13.089294 315.180157 121294.797396
17 12.246049 5.074182 4.555622 98.640225 14413.860206
17 -12.240487 -5.151453 4.555622 98.640225 15088.957831
17 26.813846 7.508403 5.845518 87.434812 24398.614692
17 -26.777226 -7.463235 5.845518 87.434812 24215.167186
18 18.830232 6.292103 27.721403 332.205411 560178.544045
18 -18.817070 -6.306500 27.721403 332.205411 551221.297221
18 16.145562 5.826323 4.771365 187.323112 16441.590832
18 -16.074572 -5.821171 4.771365 187.323112 16019.774440
18 8.883550 4.321766 4.986905 333.847106 17977.465246
18 -8.900961 -4.247372 4.986905 333.847106 18190.520971
18 15.901247 5.782073 20.417467 230.173555 306088.011306
18 -15.976347 -5.823440 20.417467 230.173555 306506.081471
18 6.787309 3.777607 5.053830 41.722221 18441.015726
18 -6.772330 -3.729111 5.053830 41.722221 18461.380406
18 16.870943 5.955767 2.902136 205.873920 6241.543826
18 -16.732176 -6.037597 2.902136 205.873920 6013.357501
18 13.450754 5.317914 6.927408 277.574943 34701.466089
18 -13.370640 -5.307760 6.927408 277.574943 34122.210770
18 8.475657 4.221382 14.608239 188.321886 157600.402076
18 -8.520682 -4.263711 14.608239 188.321886 155465.151073
19 21.716720 6.757174 5.318186 264.321701 20369.859562
19 -21.751321 -6.756527 5.318186 264.321701 20633.999923
19 14.402580 5.502856 7.428090 133.958667 39995.446679
19 -14.501289 -5.474224 7.428090 133.958667 39353.329181
19 10.248759 4.641984 10.478032 105.136362 78908.061939
19 -10.234682 -4.621977 10.478032 105.136362 77892.708766
19 11.771148 4.974820 7.760176 269.793258 42621.157787
19 -11.798469 -5.004675 7.760176 269.793258 42714.618446
19 12.998195 5.227686 10.334508 196.628107 75331.479802
19 -12.974402 -5.116835 10.334508 196.628107 78218.457750
19 15.557674 5.719267 8.654969 214.943822 54203.851335
19 -15.538564 -5.686438 8.654969 214.943822 53087.889750
19 22.722689 6.911907 3.390624 224.832646 8085.221876
19 -22.549131 -6.909570 3.390624 224.832646 8503.304875
19 21.888518 6.783849 6.361221 88.644619 30008.832303
19 -21.880108 -6.796423 6.361221 88.644619 29266.994316
19 25.817545 7.367590 8.996957 218.751248 57916.670061
19 -25.764439 -7.319341 8.996957 218.751248 58776.545270
20 30.295995 7.981061 20.411677 327.079420 299156.909918
20 -30.278353 -7.918441 20.411677 327.079420 290046.934577
20 13.196570 5.267427 10.147398 246.912425 74508.370756
20 -13.215056 -5.290324 10.147398 246.912425 71308.848415
20 21.878474 6.782292 9.768582 311.480662 71332.296538
20 -21.624205 -6.758640 9.768582 311.480662 68907.149852
20 19.997524 6.484196 8.762170 243.064662 55525.107455
20 -19.964353 -6.442299 8.762170 243.064662 54739.114210
20 20.480186 6.561981 7.049934 22.486142 36274.317445
20 -20.397217 -6.473498 7.049934 22.486142 35679.549417
20 13.409724 5.309797 9.922792 34.841355 69733.712498
20 -13.464249 -5.316889 9.922792 34.841355 67143.816153
20 11.274427 4.868725 15.503770 182.799304 178360.024600
20 -11.333464 -4.838915 15.503770 182.799304 170405.034893
20 20.416911 6.551836 3.870529 228.458309 10544.728940
20 -20.299810 -6.663447 3.870529 228.458309 11016.841828
20 22.639143 6.899188 4.830876 338.763727 17017.707210
20 -22.598871 -6.963640 4.830876 338.763727 16825.748906
21 16.506210 5.891036 8.990971 222.244914 59897.096047
21 -16.512570 -5.857717 8.990971 222.244914 58175.858599
21 7.491771 3.968809 2.347444 205.641633 3930.911396
21 -7.489567 -3.937649 2.347444 205.641633 3822.586022
21 19.536506 6.409017 7.138610 148.817382 36617.692033
21 -19.456711 -6.342595 7.138610 148.817382 37220.605230
21 14.202704 5.464539 4.817203 316.433986 17132.816279
21 -14.225777 -5.465556 4.817203 316.433986 16357.805745
21 10.738966 4.751702 2.585404 26.877539 4817.808028
21 -10.767277 -4.779280 2.585404 26.877539 4730.206357
21 22.355737 6.855869 3.723970 181.989262 9888.181260
21 -22.574291 -6.893531 3.723970 181.989262 9880.841111
21 14.097551 5.444272 6.792477 186.423642 33004.964001
21 -14.133384 -5.410914 6.792477 186.423642 33572.011087
21 9.248200 4.409574 6.394159 266.775942 29540.649283
21 -9.180802 -4.407903 6.394159 266.775942 30112.221268
21 15.405639 5.691253 2.644552 303.477563 4963.849245
21 -15.505637 -5.768839 2.644552 303.477563 5136.502978
22 26.786514 7.504575 8.243036 301.364794 50474.816491
22 -26.934638 -7.556161 8.243036 301.364794 49590.587699
22 14.331337 5.489229 4.893659 109.351000 17685.146484
22 -14.340191 -5.519351 4.893659 109.351000 16810.979216
22 26.417408 7.452691 5.217404 176.228444 19119.304807
22 -26.569100 -7.522424 5.217404 176.228444 20173.409121
22 17.578192 6.079321 4.484417 53.935316 14445.985510
22 -17.491779 -6.101347 4.484417 53.935316 14750.369825
22 24.737544 7.211843 5.774061 291.068792 23964.469185
22 -24.666550 -7.265515 5.774061 291.068792 25080.683646
22 14.964750 5.609223 3.564076 168.596420 9348.247824
22 -14.968570 -5.649786 3.564076 168.596420 9018.339614
22 18.807708 6.288339 8.737285 205.425668 54712.759460
22 -18.839426 -6.236446 8.737285 205.425668 53029.402829
22 10.401490 4.676445 10.981191 17.993486 88175.700366
22 -10.363733 -4.626387 10.981191 17.993486 85778.749665
22 22.737240 6.914119 5.678668 221.389389 22898.434371
22 -22.985580 -6.888412 5.678668 221.389389 22711.056224
22 25.800966 7.365224 7.146015 105.022666 36190.469491
22 -25.889726 -7.274431 7.146015 105.022666 37609.642475
23 4.465154 3.063982 6.288996 288.259367 28615.688812
23 -4.466243 -3.033443 6.288996 288.259367 28537.745580
23 17.901925 6.135047 7.425781 7.009314 40582.193060
23 -18.019351 -6.191319 7.425781 7.009314 39440.160752
23 18.385333 6.217328 19.865494 138.348755 281448.533260
23 -18.409203 -6.312535 19.865494 138.348755 291644.802571
23 11.125483 4.836458 6.929682 185.124652 34601.827205
23 -11.216580 -4.882878 6.929682 185.124652 35183.765335
23 11.998312 5.022594 7.222448 265.688338 39169.317018
23 -12.083463 -5.048323 7.222448 265.688338 37570.688096
23 28.249638 7.706806 7.308892 236.101936 40134.435371
23 -28.228784 -7.633990 7.308892 236.101936 38646.838392
23 13.329726 5.293935 4.071061 119.387456 11661.044330
23 -13.366156 -5.249520 4.071061 119.387456 12273.509549
23 15.482915 5.705509 8.655465 134.778191 53790.572864
23 -15.593181 -5.880756 8.655465 134.778191 53787.392943
23 21.463041 6.717592 12.418267 165.549487 109469.571280
23 -21.446239 -6.693393 12.418267 165.549487 107554.569746
23 13.086252 5.245364 6.095282 293.751765 26886.510392
23 -13.066233 -5.186541 6.095282 293.751765 25897.771689
24 20.826725 6.617264 4.592547 244.770062 14397.078897
24 -20.972546 -6.750701 4.592547 244.770062 15279.170000
24 12.328493 5.091233 4.069273 107.719672 11984.088082
24 -12.288901 -5.142260 4.069273 107.719672 11978.352693
24 17.025998 5.983073 5.165620 214.415753 18657.063708
24 -16.890342 -5.965358 5.165620 214.415753 18956.003962
24 28.133546 7.690954 10.097799 168.918837 76796.718239
24 -28.255007 -7.766108 10.097799 168.918837 72627.531526
24 18.170099 6.180828 14.760320 275.501162 155718.450382
24 -18.137143 -6.169554 14.760320 275.501162 155675.834169
24 13.577743 5.342958 6.211432 354.990300 28261.459963
24 -13.520929 -5.304991 6.211432 354.990300 27914.271234
24 21.140942 6.666996 4.130898 319.093120 12232.436362
24 -21.356775 -6.779895 4.130898 319.093120 12502.461149
24 15.877230 5.777705 3.830612 43.216095 10685.505189
24 -15.986796 -5.845704 3.830612 43.216095 10564.954856
24 30.425396 7.998087 4.573628 110.760320 14962.705087
24 -30.532615 -8.047117 4.573628 110.760320 15097.893144
24 13.786198 5.383817 2.418281 344.519473 4321.021412
24 -13.710374 -5.326500 2.418281 344.519473 4225.553907
25 17.274864 6.026641 8.192601 151.414667 47639.977307
25 -17.303234 -6.035379 8.192601 151.414667 47899.887822
25 17.022326 5.982428 9.869276 143.216012 70268.953824
25 -16.919313 -5.983699 9.869276 143.216012 70819.534665
25 12.915368 5.211004 7.001878 152.176123 36461.447754
25 -12.911158 -5.150165 7.001878 152.176123 34533.720693
25 20.928308 6.633383 7.966328 301.686572 44522.558085
25 -21.086850 -6.637228 7.966328 301.686572 45280.631763
25 17.433372 6.054227 10.142070 191.217060 75843.240228
25 -17.338900 -5.998566 10.142070 191.217060 72922.262852
25 24.268361 7.143125 3.919047 2.986572 11416.900270
25 -24.315197 -7.271318 3.919047 2.986572 10627.686546
25 11.933985 5.009112 8.915872 98.807117 58380.771589
25 -11.853072 -5.022688 8.915872 98.807117 57644.505616
25 18.538923 6.243243 1.916275 331.748839 2707.576136
25 -18.588026 -6.218701 1.916275 331.748839 2697.022234
25 22.791490 6.922363 7.198618 316.391460 36427.880214
25 -22.711287 -6.946611 7.198618 316.391460 38330.564129
25 20.602899 6.581610 2.948241 228.617667 6144.588188
25 -20.787308 -6.601642 2.948241 228.617667 6580.888163
25 20.817467 6.615794 3.327767 331.465499 7702.367884
25 -20.916357 -6.453245 3.327767 331.465499 7903.284383
26 20.210793 6.518680 5.244649 147.419329 19604.093787
26 -20.182775 -6.563685 5.244649 147.419329 19588.102248
26 15.948747 5.790703 1.945329 310.988818 2745.137248
26 -15.930302 -5.720119 1.945329 310.988818 2691.684089
26 12.082819 5.040251 4.138361 194.720467 12252.174737
26 -12.070057 -5.006300 4.138361 194.720467 12169.383576
26 19.958031 6.477790 12.932593 21.739346 120363.655106
26 -20.022383 -6.506406 12.932593 21.739346 116623.257624
26 19.488490 6.401137 4.911261 317.050280 17816.967529
26 -19.396938 -6.420747 4.911261 317.050280 16547.750625
26 28.358737 7.721674 3.787661 354.295130 10288.493339
26 -28.496683 -7.783922 3.787661 354.295130 10520.462907
26 18.567831 6.248109 8.215507 213.026462 48934.959306
26 -18.438263 -6.224374 8.215507 213.026462 49213.444471
26 2.473314 2.280382 1.773642 109.742311 2359.028500
26 -2.493373 -2.281551 1.773642 109.742311 2244.214911
26 10.114928 4.611576 4.042947 51.122782 11888.972732
26 -10.150933 -4.607105 4.042947 51.122782 11945.353614
26 20.936311 6.634651 12.573916 148.660411 114411.212439
26 -20.901392 -6.598608 12.573916 148.660411 112657.004025
26 10.933913 4.794638 6.799541 150.966038 32566.528928
26 -10.819766 -4.733532 6.799541 150.966038 32114.635074
27 19.059468 6.330287 8.449747 173.646820 50723.055459
27 -18.941781 -6.172339 8.449747 173.646820 51566.425552
27 18.180245 6.182553 5.269949 332.743979 20420.476239
27 -18.320560 -6.158481 5.269949 332.743979 20159.999856
27 9.246522 4.409174 3.708634 291.853032 9976.251826
27 -9.256417 -4.414724 3.708634 291.853032 10002.747182
27 23.468363 7.024403 6.110645 272.675906 26750.505982
27 -23.529141 -7.075602 6.110645 272.675906 27568.912507
27 17.147327 6.004353 6.454754 344.587216 30296.661590
27 -17.129407 -6.074554 6.454754 344.587216 30573.831068
27 8.757047 4.290885 3.236096 201.942404 7718.573565
27 -8.774913 -4.312546 3.236096 201.942404 7423.845466
27 7.995961 4.100184 5.929149 344.402330 25797.414517
27 -7.939669 -4.065197 5.929149 344.402330 25677.538926
27 16.539441 5.896963 7.292380 219.131536 38661.737374
27 -16.638512 -5.791090 7.292380 219.131536 38334.377295
27 25.036515 7.255293 2.852967 107.482490 5917.315687
27 -25.075438 -7.314905 2.852967 107.482490 6043.639221
27 14.327290 5.488454 6.222601 177.602448 28600.419704
27 -14.401689 -5.557777 6.222601 177.602448 27549.509547
27 13.696121 5.366199 7.340737 349.715214 39232.910869
27 -13.704744 -5.373331 7.340737 349.715214 37215.885135
28 8.611037 4.254963 5.260770 67.912770 20465.141438
28 -8.582783 -4.209733 5.260770 67.912770 20177.272354
28 25.720034 7.353664 7.781343 19.232801 43369.204615
28 -25.687621 -7.400686 7.781343 19.232801 41868.150465
28 -7.576231 3.991118 4.979340 80.071789 17958.026028
28 7.502845 -4.010307 4.979340 80.071789 17715.224446
28 22.534998 6.883301 10.713471 143.730214 78116.862610
28 -22.729247 -6.794062 10.713471 143.730214 80899.440190
28 21.932484 6.790659 14.321601 324.915634 152544.047439
28 -21.989492 -6.727566 14.321601 324.915634 152877.779561
28 5.007760 3.244814 6.138953 125.759687 27050.883741
28 -5.010243 -3.267237 6.138953 125.759687 27558.015608
28 6.742159 3.765022 4.876005 215.093194 16747.950484
28 -6.705152 -3.788994 4.876005 215.093194 17420.988683
28 14.578012 5.536269 7.127165 271.067380 35957.110854
28 -14.655728 -5.596358 7.127165 271.067380 37898.508083
28 11.508572 4.919022 8.561633 311.125179 54531.967863
28 -11.505306 -4.927243 8.561633 311.125179 53223.098963
28 4.803359 3.177902 4.668569 232.865388 15893.812074
28 -4.853840 -3.215090 4.668569 232.865388 15954.874132
28 3.372821 2.662960 6.747234 235.224355 32623.884909
28 -3.359143 -2.696069 6.747234 235.224355 31781.456024
28 18.221824 6.189619 4.646295 38.710668 15883.706396
28 -18.217798 -6.360403 4.646295 38.710668 15286.723589
29 19.439774 6.393131 6.676952 168.617450 30933.891093
29 -19.415565 -6.391141 6.676952 168.617450 31841.515404
29 20.710942 6.598845 4.705141 193.622282 16023.109538
29 -20.715750 -6.686035 4.705141 193.622282 15859.451289
29 8.224142 4.158276 7.871033 82.480703 44894.806659
29 -8.169272 -4.226862 7.871033 82.480703 44290.332624
29 16.476248 5.885687 6.526478 193.687782 30924.475361
29 -16.617763 -5.846707 6.526478 193.687782 29826.672434
29 14.764334 5.571536 9.863773 217.592360 69547.451418
29 -14.876022 -5.517233 9.863773 217.592360 67534.297388
29 23.926679 7.092661 10.584309 15.089074 82649.536461
29 -23.915209 -7.059167 10.584309 15.089074 80937.478644
29 13.131978 5.254520 3.613428 115.801947 9555.630082
29 -13.107334 -5.252120 3.613428 115.801947 9314.631874
29 19.904771 6.469141 7.109327 189.586881 36120.928146
29 -19.835330 -6.461523 7.109327 189.586881 36599.396599
29 26.409286 7.451545 21.084150 92.489167 327717.583454
29 -26.491814 -7.459114 21.084150 92.489167 308268.614617
29 13.324939 5.292985 8.899450 339.354122 57416.203722
29 -13.408903 -5.202432 8.899450 339.354122 54866.705215
29 6.210501 3.613527 5.825945 344.339939 24511.824603
29 -6.196635 -3.624251 5.825945 344.339939 25010.869444
29 13.140115 5.256148 6.106938 231.294340 27749.751734
29 -13.146708 -5.218732 6.106938 231.294340 27355.853090
30 11.295284 4.873226 14.378183 72.901799 145997.323051
30 -11.313412 -4.918173 14.378183 72.901799 153337.965288
30 19.845125 6.459441 6.183937 178.104009 28015.608377
30 -19.802406 -6.518097 6.183937 178.104009 27825.601376
30 10.664531 4.735206 8.110408 143.397123 47676.062862
30 -10.601185 -4.742794 8.110408 143.397123 46477.785069
30 24.135529 7.123549 5.387843 258.313325 20361.828123
30 -24.201866 -7.087250 5.387843 258.313325 21076.542029
30 20.243604 6.523969 6.766930 329.687966 33012.964374
30 -20.296450 -6.468263 6.766930 329.687966 32558.194219
30 7.962526 4.091602 3.173638 302.713883 7268.811235
30 -7.922659 -4.096668 3.173638 302.713883 7303.120801
30 2.093321 2.097906 7.454117 49.451092 40016.761867
30 -2.094496 -2.070582 7.454117 49.451092 39291.549600
30 7.025977 3.843451 8.551343 87.592569 53735.547811
30 -7.065450 -3.838834 8.551343 87.592569 52609.249190
30 26.814934 7.508555 8.143780 54.542744 47532.183554
30 -27.050682 -7.541151 8.143780 54.542744 47188.351886
30 18.776744 6.283160 8.479824 231.073440 53379.306515
30 -18.756591 -6.195426 8.479824 231.073440 51251.423322
30 29.913315 7.930495 15.245610 319.846215 172729.729991
30 -29.633056 -7.860832 15.245610 319.846215 167849.713106
30 14.051139 5.435303 6.887877 319.706009 34050.024405
30 -14.084669 -5.401049 6.887877 319.706009 33858.592393
31 9.064294 4.365510 14.140953 310.731175 139228.237899
31 -9.122584 -4.376686 14.140953 310.731175 143577.593420
31 13.948519 5.415419 4.171703 240.811220 12226.299265
31 -13.862629 -5.397109 4.171703 240.811220 12430.463561
31 17.001962 5.978848 4.412874 110.578335 14284.958976
31 -17.145082 -5.972778 4.412874 110.578335 14335.410216
31 14.439799 5.509962 4.471315 231.660591 14654.427205
31 -14.294666 -5.520659 4.471315 231.660591 14060.188982
31 11.658243 4.950904 4.744980 119.658885 16219.159469
31 -11.645136 -4.883355 4.744980 119.658885 16176.835422
31 13.137874 5.255700 4.049172 353.996538 12075.843601
31 -13.123410 -5.284300 4.049172 353.996538 11922.164622
31 27.703813 7.631990 8.334406 16.744993 50316.943803
31 -27.732946 -7.662234 8.334406 16.744993 50152.301167
31 9.937623 4.570979 4.665384 159.835540 15591.311205
31 -9.879860 -4.594848 4.665384 159.835540 15107.350946
31 16.400549 5.872151 3.635146 160.968746 9310.035891
31 -16.447170 -5.791721 3.635146 160.968746 9383.328076
31 18.220606 6.189412 10.821053 39.865649 84747.793712
31 -18.392175 -6.245038 10.821053 39.865649 84527.173807
31 17.787885 6.115474 4.147117 249.059930 12342.883600
31 -17.841960 -5.999809 4.147117 249.059930 13031.666929
31 15.590561 5.725308 4.874047 95.231048 16658.281881
31 -15.646064 -5.602521 4.874047 95.231048 17376.969252
32 12.333220 5.092209 8.267525 182.069688 50545.516286
32 -12.298327 -5.007814 8.267525 182.069688 48882.830894
32 13.266020 5.281269 5.716015 136.736514 23655.629788
32 -13.256858 -5.292177 5.716015 136.736514 23254.467867
32 11.419965 4.900049 10.260814 25.822202 75734.613426
32 -11.421454 -4.905024 10.260814 25.822202 71953.351535
32 20.902513 6.629294 5.542530 276.333263 21934.181588
32 -21.097572 -6.528613 5.542530 276.333263 22329.671524
32 7.121785 3.869568 4.360409 123.676675 13486.807631
32 -7.162492 -3.853003 4.360409 123.676675 13833.400769
32 11.351028 4.885237 3.886973 122.226929 10711.586344
32 -11.290072 -4.881087 3.886973 122.226929 11348.729617
32 15.477339 5.704481 7.885604 106.560705 44508.927391
32 -15.477845 -5.663467 7.885604 106.560705 45442.983277
32 13.087314 5.245577 4.120183 174.195051 12129.081659
32 -13.042406 -5.292673 4.120183 174.195051 12413.928062
32 4.593923 3.107849 4.567480 308.114595 15475.173123
32 -4.602919 -3.067328 4.567480 308.114595 14853.344171
32 17.646647 6.091147 11.444713 359.450844 96680.791687
32 -17.692653 -6.109136 11.444713 359.450844 93091.431346
32 13.093674 5.246851 9.086585 345.637751 59438.036193
32 -13.117278 -5.283292 9.086585 345.637751 59268.230641
32 14.610035 5.542346 7.500151 334.780322 41517.540435
32 -14.602685 -5.605779 7.500151 334.780322 40478.234586
33 16.361519 5.865159 6.427722 1.487909 28718.785775
33 -16.380719 -5.933001 6.427722 1.487909 30010.101228
33 7.774819 4.043087 12.575566 275.182798 113318.742731
33 -7.788576 -4.057332 12.575566 275.182798 112710.064635
33 9.060266 4.364540 11.128565 66.397697 90172.507453
33 -9.040819 -4.364436 11.128565 66.397697 87978.005203
33 6.112142 3.584798 10.109593 223.644587 73359.144237
33 -6.110320 -3.584984 10.109593 223.644587 75717.552777
33 8.594309 4.250827 16.749744 49.988894 208775.709630
33 -8.611780 -4.208939 16.749744 49.988894 202137.637363
33 21.595431 6.738278 7.883649 140.134640 45041.295300
33 -21.659275 -6.682572 7.883649 140.134640 44748.318515
33 11.393423 4.894351 6.251272 316.528715 28666.453774
33 -11.458823 -4.885323 6.251272 316.528715 28343.232511
33 10.968071 4.802121 7.388246 178.775024 39869.024666
33 -11.014715 -4.842421 7.388246 178.775024 39315.704675
33 10.717812 4.747020 11.876639 155.891043 104541.430093
33 -10.736954 -4.711780 11.876639 155.891043 102964.445802
33 12.864131 5.200657 6.625834 33.363383 31915.423881
33 -12.877549 -5.240280 6.625834 33.363383 30984.406364
33 29.109603 7.823231 6.660771 165.291138 31636.951546
33 -29.108293 -7.841919 6.660771 165.291138 31671.731180
33 16.861168 5.954041 7.263511 51.647377 37739.918231
33 -16.775001 -5.935398 7.263511 51.647377 37961.249032
33 15.517037 5.711792 1.382643 90.480458 1317.280295
33 -15.372682 -5.701586 1.382643 90.480458 1412.667174
34 14.322378 5.487513 1.894004 265.413601 2620.811951
34 -14.272976 -5.592353 1.894004 265.413601 2639.594447
34 4.063858 2.923057 3.761801 307.271881 10190.979986
34 -4.057601 -2.878813 3.761801 307.271881 10200.917988
34 14.812719 5.580658 7.011136 244.714333 35990.975618
34 -14.800979 -5.641050 7.011136 244.714333 34459.068093
34 13.081328 5.244377 5.837556 258.810532 24181.292410
34 -13.094384 -5.292617 5.837556 258.810532 24638.010816
34 20.597059 6.580677 8.968781 242.001194 59264.774357
34 -20.608234 -6.580491 8.968781 242.001194 58513.563288
34 7.592258 3.995338 3.869817 156.670154 10678.232898
34 -7.580442 -4.032730 3.869817 156.670154 10859.087698
34 12.681629 5.163635 5.566393 185.190109 22287.218504
34 -12.648211 -5.169915 5.566393 185.190109 22729.710270
34 18.212300 6.188001 6.473484 17.997541 30783.904667
34 -18.268628 -6.291034 6.473484 17.997541 30296.002337
34 14.112963 5.447247 7.602910 307.690919 42116.619682
34 -14.009585 -5.347729 7.602910 307.690919 41405.671570
34 24.241189 7.139125 5.418832 305.401045 20529.779035
34 -23.997467 -7.108830 5.418832 305.401045 21876.823987
34 14.373227 5.497246 3.538921 200.613404 9028.000890
34 -14.393075 -5.453693 3.538921 200.613404 9076.769168
34 12.191050 5.062774 5.203324 11.976508 19219.820694
34 -12.213999 -5.019784 5.203324 11.976508 18821.937746
34 8.951688 4.338309 20.257479 211.473504 294836.281120
34 -8.924175 -4.272630 20.257479 211.473504 301346.588318
35 15.791868 5.762153 3.236328 105.131943 7572.580667
35 -15.724845 -5.753632 3.236328 105.131943 7514.732661
35 18.278810 6.199290 4.651267 266.625891 15752.711738
35 -18.186730 -6.186632 4.651267 266.625891 15784.239006
35 16.747040 5.933856 2.861162 20.680425 5868.777794
35 -16.809905 -5.950479 2.861162 20.680425 5990.150650
35 15.134045 5.640862 14.029150 184.056269 139903.335562
35 -15.171058 -5.647064 14.029150 184.056269 144765.977615
35 8.663565 4.267921 9.235362 193.718865 60568.074964
35 -8.779620 -4.221575 9.235362 193.718865 60604.549327
35 12.120512 5.048106 5.122446 100.353716 19340.697219
35 -12.112218 -5.142219 5.122446 100.353716 18784.403313
35 14.607296 5.541826 11.884746 8.367651 102424.798733
35 -14.657353 -5.542324 11.884746 8.367651 100190.650687
35 14.954667 5.607333 10.174439 162.481341 71870.444447
35 -14.969310 -5.660967 10.174439 162.481341 75676.884572
35 15.354025 5.681711 4.343235 80.341951 13362.181184
35 -15.536853 -5.672267 4.343235 80.341951 13663.057999
35 5.910711 3.525233 5.452398 9.342543 21323.800730
35 -5.956658 -3.489196 5.452398 9.342543 21447.688180
35 12.972627 5.222542 5.843237 317.304676 24303.065562
35 -13.000051 -5.277606 5.843237 317.304676 25716.663539
35 15.660232 5.738087 8.238673 195.956805 48253.379371
35 -15.603070 -5.632395 8.238673 195.956805 49882.061433
35 14.708543 5.560999 11.542702 153.900264 94631.517277
35 -14.785673 -5.508484 11.542702 153.900264 95362.566118
36 7.446229 3.956728 6.221651 44.583544 27801.385535
36 -7.398022 -4.007322 6.221651 44.583544 27747.788404
36 14.966541 5.609559 5.835574 23.085800 24210.093781
36 -15.016741 -5.722113 5.835574 23.085800 23927.799799
36 30.455671 8.002065 6.610184 326.746656 31384.178152
36 -30.326667 -7.941403 6.610184 326.746656 31562.894641
36 15.169179 5.647406 3.708963 250.280869 9981.064647
36 -15.155886 -5.784650 3.708963 250.280869 9736.140400
36 14.254039 5.474406 12.070425 232.728838 104342.451411
36 -14.195654 -5.394303 12.070425 232.728838 102506.679511
36 17.814105 6.119980 3.134153 94.102548 7257.522035
36 -17.636646 -6.202708 3.134153 94.102548 7059.435042
36 14.759856 5.570691 8.525049 324.846707 53550.766045
36 -14.754420 -5.588937 8.525049 324.846707 52113.987779
36 13.970068 5.419600 5.605510 16.133545 23132.608682
36 -13.978263 -5.377597 5.605510 16.133545 21854.075162
36 12.636850 5.154510 16.589141 118.194565 201412.654375
36 -12.602248 -5.135547 16.589141 118.194565 191077.013445
36 17.838075 6.124096 9.674048 142.296349 68408.158911
36 -17.941667 -6.178188 9.674048 142.296349 67817.699539
36 16.760445 5.936231 3.823749 92.147147 10576.847024
36 -16.760288 -5.947341 3.823749 92.147147 10772.722385
36 9.763064 4.530656 12.254362 193.635024 113477.797537
36 -9.773915 -4.510028 12.254362 193.635024 105392.747249
36 18.156188 6.178461 12.619784 354.307715 116439.860244
36 -18.276987 -6.198881 12.619784 354.307715 114376.539008
37 18.460695 6.230057 8.507107 230.984974 50923.109808
37 -18.492270 -6.202617 8.507107 230.984974 51716.569340
37 21.321025 6.695331 5.311935 237.340474 19724.522071
37 -21.486496 -6.792472 5.311935 237.340474 19909.421840
37 15.459299 5.701156 2.335013 305.040184 4035.270313
37 -15.313261 -5.733978 2.335013 305.040184 3970.874205
37 21.949775 6.793335 5.877476 239.054954 25470.609390
37 -22.022005 -6.768119 5.877476 239.054954 25463.489276
37 9.904410 4.563335 4.124552 280.677843 11998.569008
37 -9.926238 -4.618481 4.124552 280.677843 11924.062726
37 8.298819 4.177112 6.140109 145.052645 26439.431811
37 -8.289552 -4.216454 6.140109 145.052645 26652.028364
37 23.625812 7.047927 6.049024 241.016767 25947.184163
37 -23.462992 -7.079830 6.049024 241.016767 26053.148255
37 9.949967 4.573817 4.137379 31.972975 11889.979750
37 -9.942046 -4.610146 4.137379 31.972975 12360.704757
37 10.702576 4.743645 6.258452 149.795245 28214.472647
37 -10.690000 -4.764460 6.258452 149.795245 28375.591089
37 10.030541 4.592299 16.919033 168.355042 203677.783126
37 -10.018430 -4.555472 16.919033 168.355042 207538.421676
37 15.181299 5.649662 9.219621 292.014362 62601.893586
37 -15.244589 -5.786537 9.219621 292.014362 64211.218564
37 21.061678 6.654486 10.619973 124.653820 79625.482123
37 -21.035351 -6.604634 10.619973 124.653820 81378.652716
37 10.594690 4.719675 9.782851 309.158615 68496.760486
37 -10.651333 -4.730551 9.782851 309.158615 69144.816282
38 11.260499 4.865717 7.873432 356.304744 44896.367077
38 -11.330626 -4.868708 7.873432 356.304744 45624.091979
38 27.209557 7.563603 3.528987 123.733996 8637.411470
38 -27.258642 -7.549402 3.528987 123.733996 9160.392736
38 14.332552 5.489462 7.069007 71.067379 35096.331256
38 -14.413155 -5.428108 7.069007 71.067379 36536.208104
38 16.103535 5.818735 4.055162 231.219382 12100.748070
38 -16.037827 -5.839943 4.055162 231.219382 11714.553737
38 6.955428 3.824106 5.502078 220.255398 22308.204207
38 -6.996661 -3.871674 5.502078 220.255398 21750.646453
38 12.952551 5.218500 3.168299 23.356839 7164.882305
38 -12.973618 -5.201277 3.168299 23.356839 7531.400851
38 9.840942 4.548690 7.406019 148.147272 40368.485499
38 -9.783148 -4.493770 7.406019 148.147272 40147.152853
38 16.667359 5.919723 5.596936 298.491577 22018.399387
38 -16.584950 -5.932227 5.596936 298.491577 21875.554710
38 12.042477 5.031830 7.073628 183.950634 36551.043037
38 -12.042124 -4.946410 7.073628 183.950634 36358.102521
38 6.847797 3.794403 5.570543 315.801399 21571.281343
38 -6.872289 -3.781428 5.570543 315.801399 21869.900313
38 12.404160 5.106833 4.110341 304.783059 11990.557763
38 -12.379322 -5.142096 4.110341 304.783059 11939.714782
38 12.668847 5.161032 3.603921 106.344564 9409.628715
38 -12.711569 -5.100801 3.603921 106.344564 9333.610451
38 20.695292 6.596351 6.485560 359.836931 30090.250210
38 -20.796972 -6.580640 6.485560 359.836931 30858.891851
38 14.367815 5.496211 6.799402 138.680062 33774.336358
38 -14.303581 -5.419809 6.799402 138.680062 32157.779710
39 27.471275 7.599892 5.632618 321.819769 23076.220637
39 -27.411511 -7.618725 5.632618 321.819769 22386.425254
39 16.893580 5.959761 11.876319 245.983593 98717.766992
39 -16.731949 -5.983203 11.876319 245.983593 106242.533406
39 9.327876 4.428528 16.784650 302.811674 197405.038823
39 -9.385276 -4.517511 16.784650 302.811674 195913.871469
39 23.420034 7.017166 6.947834 218.224556 34371.142615
39 -23.395476 -6.976669 6.947834 218.224556 34611.563866
39 20.374211 6.544981 7.373066 203.935435 39858.357891
39 -20.373041 -6.569568 7.373066 203.935435 40029.065810
39 12.919034 5.211743 6.321396 351.968523 28946.565456
39 -12.935570 -5.251480 6.321396 351.968523 28387.838900
39 13.554679 5.338419 6.717258 224.842335 32116.598043
39 -13.518257 -5.379213 6.717258 224.842335 31651.667267
39 10.349585 4.664762 6.906312 198.841061 33327.250275
39 -10.404416 -4.684488 6.906312 198.841061 34167.389779
39 15.405113 5.691156 2.703691 284.677378 5273.313720
39 -15.426194 -5.712400 2.703691 284.677378 5212.123205
39 15.930234 5.787341 3.668720 183.741207 9784.250497
39 -16.005576 -5.824313 3.668720 183.741207 9524.765990
39 11.383825 4.892289 4.619023 358.344878 15316.966390
39 -11.345605 -4.870492 4.619023 358.344878 15624.789584
39 15.199674 5.653080 5.103048 49.551186 18725.725189
39 -15.147901 -5.615118 5.103048 49.551186 18845.685361
39 4.355671 3.026185 8.056001 47.352357 46674.966431
39 -4.367979 -3.003766 8.056001 47.352357 46680.674651
39 18.167364 6.180363 3.280568 64.421357 7823.312298
39 -18.201690 -6.102763 3.280568 64.421357 7544.914243
40 19.272666 6.365593 5.765306 321.177490 24327.831325
40 -19.179474 -6.326125 5.765306 321.177490 23720.132640
40 11.063028 4.822864 6.737024 64.904070 32415.732366
40 -11.146519 -4.827920 6.737024 64.904070 33237.106647
40 18.123439 6.172887 17.412288 334.908003 222259.786902
40 -18.110588 -6.235081 17.412288 334.908003 223614.664820
40 24.303186 7.148248 13.258937 187.661704 125049.525189
40 -24.359742 -7.161696 13.258937 187.661704 127049.570749
40 10.719730 4.747445 2.580587 227.404329 4786.748703
40 -10.759188 -4.751827 2.580587 227.404329 4870.988800
40 12.112522 5.046442 10.087397 47.171279 72819.174238
40 -12.123569 -5.082333 10.087397 47.171279 74260.396524
40 0.173328 0.603674 5.179321 116.168086 18963.083736
40 -0.172561 -0.598583 5.179321 116.168086 19656.952054
40 16.535768 5.896308 4.994384 113.110097 17455.294874
40 -16.488367 -5.863488 4.994384 113.110097 17977.764061
40 16.506313 5.891055 4.527943 65.648900 14641.081237
40 -16.587918 -5.978786 4.527943 65.648900 14806.069935
40 14.295883 5.482435 5.811893 346.961031 24327.377364
40 -14.256921 -5.488459 5.811893 346.961031 24071.345853
40 9.493124 4.467582 8.597716 333.211866 52697.628759
40 -9.460003 -4.452171 8.597716 333.211866 53603.231761
40 9.473440 4.462948 6.340859 211.420623 28384.941767
40 -9.411789 -4.507437 6.340859 211.420623 29304.726375
40 7.107864 3.865784 13.342824 175.599327 128936.192314
40 -7.032754 -3.810845 13.342824 175.599327 132713.672198
40 10.035784 4.593499 8.668720 50.636341 55032.493004
40 -9.982702 -4.548047 8.668720 50.636341 53763.806128
41 17.667187 6.094691 5.493374 252.183253 21912.247624
41 -17.637330 -6.178393 5.493374 252.183253 21980.954391
41 6.563066 3.714680 3.818385 357.977037 10825.046656
41 -6.614235 -3.750026 3.818385 357.977037 10710.748751
41 3.562730 2.736903 3.291638 135.746519 7503.770550
41 -3.564090 -2.756634 3.291638 135.746519 8124.235477
41 21.298448 6.691785 11.432616 230.954663 95560.553611
41 -21.278098 -6.639770 11.432616 230.954663 97604.859563
41 14.481348 5.517883 5.840438 357.335811 25020.554405
41 -14.480416 -5.572135 5.840438 357.335811 24275.394746
41 12.531542 5.132988 2.921251 156.437680 6148.298295
41 -12.511506 -5.146757 2.921251 156.437680 6044.614647
41 24.770605 7.216661 4.146345 38.022142 12134.953532
41 -24.806796 -7.305917 4.146345 38.022142 12690.094591
41 20.966425 6.639421 6.091997 240.253650 26940.683018
41 -21.038477 -6.736332 6.091997 240.253650 27272.758053
41 15.950084 5.790946 7.339242 262.015777 39075.908219
41 -16.026914 -5.735120 7.339242 262.015777 39587.012124
41 13.832356 5.392822 3.155019 88.665226 7157.771057
41 -13.750365 -5.423642 3.155019 88.665226 7416.238203
41 0.714119 1.225330 7.979107 200.874179 46373.420607
41 -0.714289 -1.237295 7.979107 200.874179 45865.253640
41 10.850074 4.776220 4.991900 356.257442 17967.359745
41 -10.926531 -4.813988 4.991900 356.257442 18093.903327
41 26.655113 7.486146 8.549609 345.500130 52700.559134
41 -26.839504 -7.427531 8.549609 345.500130 53902.942146
41 4.811960 3.180746 6.986765 279.158244 34816.708132
41 -4.780922 -3.171810 6.986765 279.158244 35502.880652
42 15.118274 5.637923 9.232587 342.780122 61138.753384
42 -15.262485 -5.604471 9.232587 342.780122 62243.352781
42 6.458285 3.684908 15.625409 246.047430 172419.498272
42 -6.475602 -3.729773 15.625409 246.047430 174146.878811
42 12.944275 5.216832 14.234297 262.497025 147560.120506
42 -12.994393 -5.153722 14.234297 262.497025 143436.546821
42 12.928188 5.213589 8.455883 23.050750 52144.070344
42 -12.833832 -5.232963 8.455883 23.050750 52965.111767
42 24.968076 7.245369 4.335112 177.229140 13059.565409
42 -24.968577 -7.280205 4.335112 177.229140 13262.973916
42 6.275339 3.632341 6.346697 157.618634 28631.364261
42 -6.262072 -3.610162 6.346697 157.618634 27767.276654
42 24.124927 7.121984 1.611711 225.126554 1870.086225
42 -24.118623 -7.168570 1.611711 225.126554 1839.446540
42 12.267821 5.078690 7.386645 218.135978 40311.740799
42 -12.277931 -5.043272 7.386645 218.135978 39350.936302
42 15.758230 5.756012 4.613864 130.318452 15478.100379
42 -15.566905 -5.805606 4.613864 130.318452 15937.864134
42 9.695940 4.515054 7.052682 115.489705 35652.628820
42 -9.619704 -4.513153 7.052682 115.489705 36871.394029
42 9.465296 4.461030 3.981607 204.227952 11146.329399
42 -9.421514 -4.431230 3.981607 204.227952 11554.630806
42 22.033226 6.806237 6.291459 141.430134 28601.703983
42 -22.006674 -6.794757 6.291459 141.430134 28910.333177
42 2.512867 2.298544 10.432975 188.949522 79525.316694
42 -2.522555 -2.279179 10.432975 188.949522 81854.439629
42 15.420379 5.693975 3.763810 294.849415 10040.668707
42 -15.514029 -5.669586 3.763810 294.849415 10084.942478
43 10.842100 4.774465 6.398515 201.443223 29710.797907
43 -10.829411 -4.850699 6.398515 201.443223 29769.012298
43 14.892508 5.595668 6.774571 351.716778 34433.375606
43 -14.884451 -5.560383 6.774571 351.716778 33012.386708
43 15.693137 5.744112 8.054223 71.768570 46205.451856
43 -15.661782 -5.733665 8.054223 71.768570 46970.185337
43 21.453634 6.716120 14.166131 312.554383 144963.418628
43 -21.479462 -6.684822 14.166131 312.554383 142356.812938
43 22.565838 6.888009 6.759186 71.978956 33768.234927
43 -22.791355 -7.003747 6.759186 71.978956 33047.524410
43 11.146357 4.840993 6.006284 229.996305 26808.273063
43 -11.175653 -4.831871 6.006284 229.996305 26650.625267
43 18.073502 6.164377 5.125952 202.279050 19069.068240
43 -18.052108 -6.088452 5.125952 202.279050 18780.828324
43 7.734601 4.032617 2.850522 6.424173 5751.276347
43 -7.741578 -4.018604 2.850522 6.424173 5634.365637
43 28.320901 7.716521 10.836796 12.317614 87213.804719
43 -28.407161 -7.721620 10.836796 12.317614 84153.961493
43 3.179763 2.585624 7.555965 253.457002 40635.679225
43 -3.173907 -2.572631 7.555965 253.457002 41528.302195
43 0.531413 1.057022 14.662911 128.843255 156843.856368
43 -0.529014 -1.059770 14.662911 128.843255 156814.368370
43 10.178056 4.625944 6.159001 206.902577 26891.415288
43 -10.170160 -4.628171 6.159001 206.902577 27555.889890
43 10.197364 4.630330 5.427378 338.992729 21142.938976
43 -10.279235 -4.611707 5.427378 338.992729 21193.208326
43 15.377083 5.685976 4.912655 36.871653 17631.663929
43 -15.352832 -5.828383 4.912655 36.871653 17532.386433
44 8.816366 4.305393 2.328985 145.043568 3991.662541
44 -8.799461 -4.260735 2.328985 145.043568 3719.368481
44 14.193339 5.462737 17.857243 85.983780 234597.340492
44 -14.194117 -5.444823 17.857243 85.983780 231111.065241
44 19.349082 6.378201 5.140581 286.282426 18988.804786
44 -19.463307 -6.409729 5.140581 286.282426 19386.789929
44 14.719892 5.563144 5.283282 313.133787 20506.262441
44 -14.627056 -5.587698 5.283282 313.133787 20573.852224
44 10.417184 4.679971 4.121360 16.322429 12613.862477
44 -10.438840 -4.630283 4.121360 16.322429 12755.782276
44 17.343958 6.038681 5.208278 150.592097 19288.218462
44 -17.338709 -5.980765 5.208278 150.592097 18939.702491
44 10.426115 4.681977 19.871134 125.829049 280926.503680
44 -10.468902 -4.669806 19.871134 125.829049 289042.357793
44 14.336873 5.490289 8.943023 303.985435 56624.983384
44 -14.352087 -5.416496 8.943023 303.985435 56299.850156
44 10.391554 4.674210 7.655898 6.316694 40171.073815
44 -10.435492 -4.598567 7.655898 6.316694 42943.566744
44 20.256813 6.526098 8.305672 76.219187 49095.730056
44 -20.194153 -6.578282 8.305672 76.219187 49420.903308
44 11.434512 4.903169 10.058125 356.933102 71106.890015
44 -11.409064 -4.955276 10.058125 356.933102 74518.487975
44 6.353480 3.654886 3.288559 125.633242 7911.255112
44 -6.366286 -3.664412 3.288559 125.633242 7840.324625
44 6.410603 3.671279 2.499657 219.675040 4237.449290
44 -6.461848 -3.643407 2.499657 219.675040 4481.508195
44 16.136269 5.824646 15.448030 97.286155 170956.838247
44 -16.217489 -5.712611 15.448030 97.286155 171640.570879
45 15.583141 5.723946 3.857801 93.994905 10950.614147
45 -15.487198 -5.778105 3.857801 93.994905 10800.954609
45 4.403499 3.042755 5.812862 220.307554 25100.852638
45 -4.384492 -3.068890 5.812862 220.307554 23887.278446
45 13.326022 5.293200 4.936123 61.377543 17854.418234
45 -13.245991 -5.275911 4.936123 61.377543 17753.990434
45 -1.507656 1.780406 12.043277 198.481141 104928.361300
45 1.500645 -1.778369 12.043277 198.481141 105205.915113
45 13.666953 5.360482 2.855001 184.890795 5761.685055
45 -13.647634 -5.411985 2.855001 184.890795 6076.642780
45 20.652794 6.589575 8.437845 179.437223 49671.182793
45 -20.483864 -6.514294 8.437845 179.437223 50159.698994
45 10.197527 4.630367 3.019594 176.024063 6423.019835
45 -10.279552 -4.649841 3.019594 176.024063 6619.980902
45 9.044320 4.360697 5.813486 209.135212 24050.546204
45 -8.992876 -4.448823 5.813486 209.135212 24698.795633
45 6.966673 3.827196 15.141942 71.229716 166702.528547
45 -6.973419 -3.828429 15.141942 71.229716 165060.160948
45 13.840632 5.394435 2.742964 306.252407 5448.441809
45 -13.819730 -5.497799 2.742964 306.252407 5555.238880
45 18.259890 6.196081 5.943883 232.224960 25082.469751
45 -18.243763 -6.216624 5.943883 232.224960 26012.036682
45 16.363159 5.865453 6.148512 195.708762 28467.157927
45 -16.335632 -5.816721 6.148512 195.708762 27182.136596
45 15.767382 5.757684 2.558453 299.244320 4782.892095
45 -15.803127 -5.760910 2.558453 299.244320 4645.047134
45 12.969160 5.221844 6.980715 321.545934 36170.705429
45 -13.022638 -5.350160 6.980715 321.545934 35758.875588
46 20.867309 6.623709 6.587650 36.419957 31277.732083
46 -21.017788 -6.531543 6.587650 36.419957 30256.725041
46 6.222195 3.616928 3.204258 126.824166 7484.418410
46 -6.265189 -3.600895 3.204258 126.824166 7301.784705
46 8.496570 4.226587 11.946637 96.693869 104336.524035
46 -8.591564 -4.259580 11.946637 96.693869 100682.962686
46 11.174713 4.847147 10.300136 263.116673 75693.967658
46 -11.322774 -4.811525 10.300136 263.116673 75809.465948
46 11.601692 4.938882 5.757825 152.565587 24420.090999
46 -11.524057 -4.955008 5.757825 152.565587 24392.625742
46 23.017076 6.956537 3.259647 257.058594 7767.184933
46 -22.922425 -7.103203 3.259647 257.058594 7788.904259
46 13.774753 5.381581 5.452458 304.655767 21571.403798
46 -13.795584 -5.278908 5.452458 304.655767 21947.260715
46 14.976225 5.611374 5.905111 97.221956 25799.952474
46 -15.114728 -5.592594 5.905111 97.221956 24929.227193
46 16.525851 5.894540 9.796687 234.743315 68299.200690
46 -16.533693 -5.954081 9.796687 234.743315 69665.222700
46 20.882324 6.626091 4.515763 339.826864 14865.527806
46 -20.905288 -6.671051 4.515763 339.826864 14818.730521
46 14.872798 5.591964 8.143284 186.118722 48151.813510
46 -14.982912 -5.626660 8.143284 186.118722 47575.916219
46 9.413522 4.448812 5.344022 73.762638 21139.575367
46 -9.375904 -4.476373 5.344022 73.762638 20550.782833
46 7.865894 4.066699 12.090853 310.511012 102975.950672
46 -7.856629 -4.078750 12.090853 310.511012 103605.830357
46 28.925620 7.798469 4.757192 269.571838 16444.496230
46 -29.058441 -7.708024 4.757192 269.571838 15868.284968
47 28.138050 7.691570 4.487175 130.956424 15019.150875
47 -28.306622 -7.754096 4.487175 130.956424 14825.870060
47 5.858592 3.509657 7.687942 166.121240 41486.646348
47 -5.848740 -3.535871 7.687942 166.121240 43496.844300
47 10.019464 4.589763 4.813382 312.695991 17012.620859
47 -9.964217 -4.602651 4.813382 312.695991 16692.979384
47 19.307769 6.371388 13.702225 283.890625 133986.614149
47 -19.372560 -6.416654 13.702225 283.890625 132146.161126
47 10.791349 4.763277 3.204049 182.764919 7482.247998
47 -10.746266 -4.823812 3.204049 182.764919 7372.860354
47 4.266987 2.995219 5.051423 69.738694 18493.526487
47 -4.239785 -2.991637 5.051423 69.738694 18681.717000
47 13.655896 5.358313 5.965185 67.712198 25729.184345
47 -13.579053 -5.346116 5.965185 67.712198 25775.988309
47 -1.078934 1.506140 7.099181 126.577101 36344.570693
47 1.082330 -1.515758 7.099181 126.577101 36177.136812
47 15.332143 5.677661 4.384550 288.453656 14254.664823
47 -15.314898 -5.600338 4.384550 288.453656 14114.183383
47 11.972675 5.017225 11.768963 195.683263 97977.768811
47 -11.925840 -5.044074 11.768963 195.683263 99759.503150
47 1.045871 1.482884 6.548125 280.966258 31121.284689
47 -1.038119 -1.466937 6.548125 280.966258 30623.819553
47 1.810275 1.950924 7.882693 93.515473 42600.709321
47 -1.826571 -1.936357 7.882693 93.515473 44535.143961
47 18.533764 6.242375 6.915935 249.503766 34940.851243
47 -18.680724 -6.286321 6.915935 249.503766 34505.467394
47 7.442575 3.955757 2.022617 120.728656 3043.874930
47 -7.423196 -3.984185 2.022617 120.728656 3065.583621
48 17.925262 6.139044 6.535935 165.771275 31110.962791
48 -18.031375 -6.117765 6.535935 165.771275 30727.642193
48 19.837387 6.458181 9.395902 287.040005 64367.076269
48 -19.967984 -6.484174 9.395902 287.040005 61938.895307
48 20.277893 6.529492 5.308299 213.122861 20813.278522
48 -20.134554 -6.550934 5.308299 213.122861 19892.683151
48 13.434355 5.314671 2.786673 150.326795 5339.557646
48 -13.337509 -5.262281 2.786673 150.326795 5612.472286
48 22.783951 6.921218 6.388034 358.755318 29356.032398
48 -22.626924 -6.929142 6.388034 358.755318 29262.492704
48 15.991664 5.798489 8.659029 82.854254 55394.894827
48 -16.087087 -5.810268 8.659029 82.854254 54929.142067
48 21.630473 6.743743 3.092497 297.289699 6964.704490
48 -21.765958 -6.716629 3.092497 297.289699 6897.471996
48 15.241940 5.660934 5.994120 56.881831 24975.554348
48 -15.392696 -5.652471 5.994120 56.881831 25867.280485
48 19.538330 6.409317 14.750913 316.778968 155161.574936
48 -19.601261 -6.437578 14.750913 316.778968 150531.532432
48 6.950969 3.822880 16.293234 204.704026 189412.071900
48 -6.938417 -3.821250 16.293234 204.704026 194380.901802
48 -0.963772 1.423492 2.626956 16.182442 5166.235453
48 0.959146 -1.437738 2.626956 16.182442 4980.406224
48 12.988782 5.225793 10.797303 350.829074 85949.825710
48 -12.907479 -5.261637 10.797303 350.829074 81959.008392
48 7.073687 3.856479 16.816868 267.330893 205662.404556
48 -7.074506 -3.881544 16.816868 267.330893 198640.147525
48 14.230773 5.469936 10.287714 9.848796 77747.002601
48 -14.089180 -5.479113 10.287714 9.848796 72831.015426
49 15.991678 5.798491 14.571290 192.831526 162348.216873
49 -16.093463 -5.790955 14.571290 192.831526 151460.581414
49 10.753860 4.754996 8.807661 359.673054 54390.528297
49 -10.700786 -4.739065 8.807661 359.673054 56410.744596
49 5.954063 3.538138 9.845932 289.631609 72157.365768
49 -5.982594 -3.480040 9.845932 289.631609 67392.409041
49 13.958964 5.417446 2.800445 84.645790 5654.244874
49 -13.938623 -5.405693 2.800445 84.645790 5433.995202
49 16.131640 5.823811 5.571085 112.862559 22387.778931
49 -16.054968 -5.740424 5.571085 112.862559 22162.174384
49 7.310285 3.920443 2.494421 200.218808 4287.325536
49 -7.333855 -3.937563 2.494421 200.218808 4498.884906
49 6.350229 3.653951 17.345951 132.341176 220882.889201
49 -6.344133 -3.634689 17.345951 132.341176 214713.971673
49 8.565225 4.243629 2.134415 64.157261 3257.720725
49 -8.543874 -4.215455 2.134415 64.157261 3312.279514
49 12.688458 5.165025 8.649562 295.570326 53646.794837
49 -12.769955 -5.174053 8.649562 295.570326 53482.901054
49 9.128458 4.380934 3.913141 96.940052 10961.155404
49 -9.163829 -4.432472 3.913141 96.940052 10855.921570
49 4.157869 2.956674 5.164955 299.325247 19785.009957
49 -4.119818 -2.979008 5.164955 299.325247 18706.038979
49 20.670175 6.592347 17.029672 264.167084 215101.054841
49 -20.612855 -6.737872 17.029672 264.167084 215515.966830
49 11.024813 4.814527 8.286781 49.582845 49848.226490
49 -11.031944 -4.842926 8.286781 49.582845 49657.033802
49 11.660877 4.951464 5.521672 345.030453 21838.831544
49 -11.626062 -4.947613 5.521672 345.030453 21129.877381
50 9.386128 4.442334 8.928760 73.855044 57586.661073
50 -9.469653 -4.404663 8.928760 73.855044 57790.989114
50 11.897866 5.001526 6.554810 107.832465 30793.157518
50 -11.892190 -5.021373 6.554810 107.832465 30868.329779
50 19.652270 6.427978 7.023392 348.530888 35925.052705
50 -19.533160 -6.371907 7.023392 348.530888 35521.576303
50 20.322747 6.536710 5.582377 346.412119 22437.399743
50 -20.296909 -6.440927 5.582377 346.412119 22350.157554
50 14.945331 5.605583 5.306053 282.682370 20932.291899
50 -14.965134 -5.570342 5.306053 282.682370 20753.222681
50 12.308002 5.087001 9.526876 56.088140 64182.772893
50 -12.231044 -5.093769 9.526876 56.088140 65182.451601
50 23.935615 7.093986 6.592899 263.342050 32392.038522
50 -24.052759 -6.978782 6.592899 263.342050 30120.501127
50 9.319519 4.426544 3.662664 25.797448 9972.783221
50 -9.311969 -4.439641 3.662664 25.797448 9655.525027
50 0.191780 0.634995 5.231443 86.376883 19977.747953
50 -0.192931 -0.637202 5.231443 86.376883 19958.747532
50 10.749248 4.753977 8.559055 358.064340 52894.710931
50 -10.712885 -4.686228 8.559055 358.064340 51852.285796
50 18.425182 6.224062 7.351843 189.196107 39055.501038
50 -18.298924 -6.202058 7.351843 189.196107 38222.354084
50 11.219171 4.856779 15.963075 282.415378 181897.798400
50 -11.237582 -4.891917 15.963075 282.415378 185392.781470
50 10.250595 4.642400 2.218033 198.547670 3621.818756
50 -10.213978 -4.659924 2.218033 198.547670 3658.072433
50 12.167134 5.057806 5.700957 92.599722 23270.737198
50 -12.102075 -5.050331 5.700957 92.599722 23449.892015
51 13.664636 5.360028 9.871873 116.537776 70753.953400
51 -13.588014 -5.423241 9.871873 116.537776 68195.696982
51 13.628394 5.352915 6.980658 207.608787 35167.498401
51 -13.483929 -5.362452 6.980658 207.608787 34853.008812
51 9.124777 4.380051 4.710254 7.049472 15565.863560
51 -9.185393 -4.320569 4.710254 7.049472 16181.492213
51 7.908653 4.077738 4.095577 338.567958 12074.802436
51 -7.920407 -4.123488 4.095577 338.567958 11842.685865
51 10.672427 4.736959 6.948822 61.927857 34925.358581
51 -10.700664 -4.778389 6.948822 61.927857 34484.795106
51 9.858681 4.552788 8.330168 7.384425 50095.343155
51 -9.830937 -4.540891 8.330168 7.384425 50567.469020
51 8.212140 4.155241 4.294388 289.686739 13061.572174
51 -8.179452 -4.183748 4.294388 289.686739 13130.043035
51 13.642787 5.355741 4.675107 51.163002 15464.512995
51 -13.686007 -5.408282 4.675107 51.163002 16203.728593
51 10.262547 4.645105 2.827382 251.807715 5695.956349
51 -10.256450 -4.622007 2.827382 251.807715 5923.346706
51 13.287200 5.285484 9.533621 245.427894 66718.117046
51 -13.215262 -5.300397 9.533621 245.427894 67364.525217
51 7.527584 3.978284 4.784253 259.728467 16493.940772
51 -7.513935 -3.946433 4.784253 259.728467 16914.716067
51 8.125653 4.133302 4.304556 114.274732 13005.251118
51 -8.072944 -4.188212 4.304556 114.274732 13487.776499
51 11.116867 4.834585 13.623530 334.084815 131848.590219
51 -11.041416 -4.795046 13.623530 334.084815 135696.715837
51 2.037981 2.069989 12.683152 190.892337 117588.880454
51 -2.034769 -2.072296 12.683152 190.892337 117172.044340
52 12.467497 5.119855 4.811532 46.706309 17236.726333
52 -12.480934 -5.159287 4.811532 46.706309 16624.906576
52 15.318385 5.675113 4.429125 31.144310 13771.605310
52 -15.333446 -5.661511 4.429125 31.144310 13676.482739
52 16.729860 5.930812 4.377759 312.494721 13690.600794
52 -16.770963 -5.845149 4.377759 312.494721 13974.933663
52 8.338754 4.187151 10.409147 259.201965 80078.107654
52 -8.360967 -4.241867 10.409147 259.201965 76498.509575
52 13.619695 5.351206 2.826628 211.504593 5717.952042
52 -13.775868 -5.305612 2.826628 211.504593 5929.214032
52 13.925837 5.411014 2.068612 171.944737 3125.580060
52 -13.869083 -5.448011 2.068612 171.944737 3073.930051
52 13.423484 5.312521 6.749834 18.904010 34030.277101
52 -13.398923 -5.370697 6.749834 18.904010 33398.884733
52 7.569604 3.989372 6.267192 4.416260 28201.085809
52 -7.596244 -3.940608 6.267192 4.416260 28762.606683
52 24.627246 7.195748 5.213597 132.577005 20052.840163
52 -24.696986 -7.193226 5.213597 132.577005 19414.755064
52 1.227306 1.606366 10.969371 342.975955 87149.867274
52 -1.224930 -1.607175 10.969371 342.975955 88113.229819
52 3.754064 2.809434 4.644503 157.299247 15334.560411
52 -3.754582 -2.804684 4.644503 157.299247 15833.163472
52 11.964620 5.015537 9.780425 47.803654 71156.275319
52 -11.956828 -5.086848 9.780425 47.803654 70556.962556
52 21.718122 6.757392 6.123471 33.365911 27220.746965
52 -21.761857 -6.618763 6.123471 33.365911 27791.818050
52 8.052040 4.114537 10.424060 202.687494 78949.548536
52 -8.053433 -4.122909 10.424060 202.687494 78486.237223
53 13.412710 5.310388 10.236983 174.852558 77537.034171
53 -13.374982 -5.319365 10.236983 174.852558 74518.292925
53 3.289204 2.629744 5.396661 16.742308 21122.173579
53 -3.273027 -2.630410 5.396661 16.742308 20828.509102
53 13.450181 5.317801 2.107704 215.407382 3228.685350
53 -13.357519 -5.362843 2.107704 215.407382 3208.020179
53 25.345445 7.299918 4.322510 119.786637 13557.745218
53 -25.421160 -7.250324 4.322510 119.786637 14023.131875
53 7.750453 4.036747 6.724101 6.251093 33825.885482
53 -7.749786 -4.042020 6.724101 6.251093 33120.763347
53 5.710908 3.465138 7.823980 132.799337 43293.875037
53 -5.733656 -3.411150 7.823980 132.799337 42847.559274
53 17.167256 6.007841 6.320840 263.750146 28540.453005
53 -17.214005 -5.910190 6.320840 263.750146 28233.146712
53 21.248001 6.683855 3.743977 235.697131 10165.517059
53 -21.262094 -6.743418 3.743977 235.697131 9752.663698
53 2.370413 2.232441 7.124124 100.931872 37836.367518
53 -2.366481 -2.246010 7.124124 100.931872 37364.402201
53 -1.685321 1.882389 8.025802 206.276426 46845.830474
53 1.676492 -1.893730 8.025802 206.276426 45952.364779
53 11.453136 4.907160 3.965909 238.133627 11161.623143
53 -11.510375 -4.939290 3.965909 238.133627 11155.642280
53 13.515492 5.330696 6.077207 331.518591 26196.083567
53 -13.583230 -5.372924 6.077207 331.518591 26890.881268
53 18.201245 6.186123 12.015450 240.321212 102719.274026
53 -18.344463 -6.133574 12.015450 240.321212 101216.399582
53 11.259594 4.865521 5.703595 112.684249 23251.710407
53 -11.327683 -4.898566 5.703595 112.684249 22646.779978
54 8.574743 4.245986 8.507321 52.022948 51340.904708
54 -8.603950 -4.234596 8.507321 52.022948 50289.112683
54 9.805783 4.540557 8.256850 224.643714 49562.122203
54 -9.844608 -4.625438 8.256850 224.643714 50390.580050
54 17.908297 6.136138 13.305123 52.408895 129062.954089
54 -17.785812 -6.136845 13.305123 52.408895 125317.038396
54 7.777795 4.043861 14.065680 184.866807 137111.521654
54 -7.792019 -3.972786 14.065680 184.866807 142597.013649
54 5.613829 3.435560 2.076075 29.066965 3126.480017
54 -5.590877 -3.478230 2.076075 29.066965 3037.945447
54 10.818323 4.769227 7.331459 308.065687 38593.689193
54 -10.912740 -4.740292 7.331459 308.065687 39139.479537
54 13.030244 5.234127 4.308321 104.560810 12907.510657
54 -13.202762 -5.200092 4.308321 104.560810 13222.063360
54 16.642436 5.915296 7.200050 182.350344 35903.197719
54 -16.653629 -5.814239 7.200050 182.350344 36871.455331
54 6.284471 3.634983 9.678336 314.039770 68085.427169
54 -6.311685 -3.636672 9.678336 314.039770 66328.877835
54 6.491555 3.694387 6.773672 28.787828 32546.287829
54 -6.450745 -3.675670 6.773672 28.787828 33419.044928
54 6.048417 3.566062 5.414657 140.935195 21031.616204
54 -6.025086 -3.625825 5.414657 140.935195 21501.390496
54 9.231270 4.405536 8.266515 325.209796 51660.851734
54 -9.215880 -4.417362 8.266515 325.209796 49876.367728
54 11.983421 5.019476 7.317656 110.377646 39072.498977
54 -11.906640 -5.059897 7.317656 110.377646 38934.915592
54 6.938456 3.819438 5.892432 290.930256 25404.300245
54 -7.010886 -3.818901 5.892432 290.930256 25408.526048
55 9.346037 4.432837 2.470606 39.597299 4544.949011
55 -9.370204 -4.407527 2.470606 39.597299 4353.308604
55 8.149693 4.139412 26.876285 247.792239 528506.286472
55 -8.098835 -4.163989 26.876285 247.792239 517594.877349
55 11.453970 4.907339 8.597548 319.245669 52708.530805
55 -11.430764 -4.934854 8.597548 319.245669 54178.434911
55 5.025564 3.250577 7.480342 19.468701 39964.529116
55 -5.026436 -3.242773 7.480342 19.468701 40081.166470
55 -2.663490 2.366429 14.449838 303.957118 150034.827260
55 2.672415 -2.381095 14.449838 303.957118 149808.136346
55 15.638982 5.734192 9.941262 278.677301 71890.177036
55 -15.620157 -5.781016 9.941262 278.677301 72169.946289
55 12.908244 5.209567 4.966477 69.023058 17623.741723
55 -12.950028 -5.162498 4.966477 69.023058 17438.714440
55 6.322325 3.645914 6.989568 332.943813 34768.080669
55 -6.282299 -3.554856 6.989568 332.943813 34423.559167
55 12.763790 5.180335 6.873520 27.517153 35177.327777
55 -12.811830 -5.129697 6.873520 27.517153 34159.386136
55 -0.904162 1.378768 6.447933 232.686284 30071.395270
55 0.903666 -1.390212 6.447933 232.686284 29710.735108
55 15.654329 5.737005 2.580254 166.955630 4845.168856
55 -15.467121 -5.786297 2.580254 166.955630 4860.662135
55 10.134920 4.616131 19.274618 134.728716 265190.043469
55 -10.102773 -4.551652 19.274618 134.728716 271461.867437
55 6.300764 3.639692 6.003936 37.318025 26366.804600
55 -6.348388 -3.693744 6.003936 37.318025 26012.213615
56 12.049824 5.033364 5.907191 285.854881 25027.156567
56 -11.927419 -5.037942 5.907191 285.854881 25205.609353
56 14.324119 5.487847 7.269066 324.344910 38546.175494
56 -14.411995 -5.636520 7.269066 324.344910 38012.031926
56 12.157442 5.055791 18.324545 119.308099 242720.643696
56 -12.183710 -4.995106 18.324545 119.308099 249717.267149
56 28.230953 7.704257 9.117498 191.420367 60170.667657
56 -28.480849 -7.814254 9.117498 191.420367 60771.407698
56 10.666503 4.735644 7.668391 168.876596 42491.751569
56 -10.661812 -4.728100 7.668391 168.876596 43717.669814
56 5.778215 3.485498 5.648351 58.761185 23249.354174
56 -5.742463 -3.514533 5.648351 58.761185 22635.960905
56 7.289709 3.914922 6.413214 22.927726 29250.146977
56 -7.278142 -3.937969 6.413214 22.927726 29861.271045
56 8.167878 4.144027 6.681791 162.897289 32634.093329
56 -8.141465 -4.189178 6.681791 162.897289 32931.342986
56 6.324983 3.646680 5.652006 77.945731 22913.326174
56 -6.330276 -3.591122 5.652006 77.945731 23748.041061
56 17.339151 6.037844 6.036430 165.054654 26451.560188
56 -17.532404 -5.898105 6.036430 165.054654 26221.528829
56 9.040672 4.359818 5.134846 358.250214 18920.264802
56 -8.986067 -4.340230 5.134846 358.250214 18348.120093
56 12.187688 5.062076 3.353377 209.673229 7731.816603
56 -12.181477 -5.082350 3.353377 209.673229 8303.909803
56 8.658900 4.266771 6.247794 355.751580 28881.056349
56 -8.624221 -4.280929 6.247794 355.751580 27271.145469
57 15.099419 5.634406 27.598360 154.180274 547715.355152
57 -15.116999 -5.654706 27.598360 154.180274 546258.065285
57 10.653638 4.732787 4.095799 85.797935 12035.482149
57 -10.676863 -4.768680 4.095799 85.797935 11925.346108
57 12.209262 5.066554 7.285502 77.520694 37493.249196
57 -12.256672 -5.033468 7.285502 77.520694 38193.948064
57 14.774358 5.573427 10.072743 192.768389 73455.859943
57 -14.669944 -5.500433 10.072743 192.768389 73916.867711
57 5.350363 3.353974 16.263004 53.398139 192592.394208
57 -5.341434 -3.353207 16.263004 53.398139 191123.273876
57 15.548789 5.717633 2.251370 218.638731 3575.541149
57 -15.542419 -5.675128 2.251370 218.638731 3729.498554
57 0.860334 1.344936 4.750478 56.084550 16076.201413
57 -0.857898 -1.350245 4.750478 56.084550 16339.799918
57 -2.044208 2.073149 3.341152 221.186940 8018.371573
57 2.038244 -2.034703 3.341152 221.186940 8189.224409
57 12.107947 5.045489 4.383431 103.458671 13691.505566
57 -12.171787 -5.048460 4.383431 103.458671 14403.831979
57 8.488749 4.224641 6.291264 335.579817 29301.958196
57 -8.473688 -4.241759 6.291264 335.579817 28141.465021
57 8.925564 4.331974 9.454497 49.416417 67098.343271
57 -8.875383 -4.320433 9.454497 49.416417 64363.481384
57 9.685619 4.512650 4.657681 32.781560 15233.885268
57 -9.683830 -4.568052 4.657681 32.781560 15733.360099
57 7.411111 3.947387 6.628692 187.096982 33146.738675
57 -7.395050 -3.934484 6.628692 187.096982 31069.677964
58 16.948303 5.969406 12.268898 308.953055 110056.026015
58 -16.965051 -5.969687 12.268898 308.953055 110107.535797
58 15.726955 5.750298 12.093241 214.212176 109668.964406
58 -15.686428 -5.709587 12.093241 214.212176 103684.335251
58 12.715271 5.170479 10.703792 261.223765 82767.350256
58 -12.783730 -5.136620 10.703792 261.223765 86223.400714
58 6.693718 3.751472 7.341741 235.456410 38957.512125
58 -6.710086 -3.718900 7.341741 235.456410 39477.935204
58 6.276683 3.632730 6.702560 247.437919 33360.026868
58 -6.235922 -3.676275 6.702560 247.437919 32531.697193
58 20.671542 6.592565 3.655780 278.770655 9468.643253
58 -20.816946 -6.511574 3.655780 278.770655 9595.097534
58 9.051919 4.362529 11.330508 234.896204 92786.236587
58 -8.983505 -4.310491 11.330508 234.896204 93193.633765
58 12.847516 5.197298 5.232220 199.602917 19844.808828
58 -12.904297 -5.241408 5.232220 199.602917 19660.753306
58 13.166051 5.261333 8.023444 191.426622 47329.997636
58 -13.204083 -5.286831 8.023444 191.426622 45714.457470
58 4.259185 2.992480 12.555637 203.871536 115633.838367
58 -4.266345 -2.991542 12.555637 203.871536 113729.355117
58 11.022415 4.814003 10.482242 79.586479 79913.925604
58 -10.974122 -4.761595 10.482242 79.586479 78001.789228
58 6.893066 3.806924 5.429642 268.307619 21918.213601
58 -6.895105 -3.791887 5.429642 268.307619 20956.198234
58 4.530737 3.086402 5.751872 176.140253 24019.919642
58 -4.507813 -3.058272 5.751872 176.140253 23505.636964
59 7.780082 4.044456 8.986698 11.711959 58448.694312
59 -7.752624 -4.025445 8.986698 11.711959 57689.006105
59 18.244415 6.193455 2.664880 193.504331 5256.107523
59 -18.271912 -6.084536 2.664880 193.504331 5069.830485
59 10.985543 4.805945 8.204262 318.459961 46230.134995
59 -10.914734 -4.749717 8.204262 318.459961 48196.400736
59 11.205166 4.853747 18.706428 149.478860 253979.559736
59 -11.130849 -4.895948 18.706428 149.478860 252694.898863
59 7.876753 4.069505 7.980023 14.689423 46251.676004
59 -7.898346 -4.057800 7.980023 14.689423 45586.998237
59 12.624035 5.151896 7.016195 336.981391 34972.864830
59 -12.446631 -5.196172 7.016195 336.981391 34874.320189
59 8.323414 4.183298 2.763014 348.411237 5504.359558
59 -8.354210 -4.211301 2.763014 348.411237 5478.182026
59 7.123250 3.869965 9.363024 51.936382 63990.896470
59 -7.089380 -3.852026 9.363024 51.936382 65101.769801
59 13.054715 5.239040 7.606466 61.421643 41356.887190
59 -13.120428 -5.290353 7.606466 61.421643 40806.088645
59 10.114400 4.611456 3.004672 337.039651 6603.344265
59 -10.167412 -4.604561 3.004672 337.039651 6429.294693
59 8.896105 4.324819 8.064526 254.625692 47006.923798
59 -8.901109 -4.438964 8.064526 254.625692 45356.655493
59 15.946314 5.790261 17.081058 42.007172 218427.223687
59 -16.072525 -5.780596 17.081058 42.007172 211715.752128
59 11.114369 4.834042 5.368504 60.951471 20478.083541
59 -11.115636 -4.848567 5.368504 60.951471 20780.704456
60 15.671824 5.740210 11.231622 118.250590 90442.231004
60 -15.737860 -5.722199 11.231622 118.250590 92305.772353
60 5.239760 3.319126 5.079093 318.259569 18345.125780
60 -5.224316 -3.350195 5.079093 318.259569 19053.559905
60 5.978773 3.545472 11.261111 4.981952 90667.459747
60 -6.001667 -3.548720 11.261111 4.981952 90989.164383
60 24.242982 7.139389 3.225066 303.469643 7318.078836
60 -24.171511 -7.146782 3.225066 303.469643 7277.577372
60 8.051740 4.114460 5.465672 320.244511 21748.835227
60 -7.997329 -4.086649 5.465672 320.244511 20693.126221
60 18.910820 6.305553 1.868313 121.819775 2504.761062
60 -18.969458 -6.231195 1.868313 121.819775 2576.471606
60 7.205126 3.892143 6.429847 53.765305 29646.684240
60 -7.222948 -3.869051 6.429847 53.765305 30102.419063
60 4.726999 3.152541 8.771580 262.073262 55255.514484
60 -4.754252 -3.233874 8.771580 262.073262 55063.546330
60 8.766341 4.293161 8.557433 70.839099 52007.809827
60 -8.810875 -4.273365 8.557433 70.839099 51542.774364
60 15.773697 5.758837 6.195540 116.003610 27598.962465
60 -15.753356 -5.771718 6.195540 116.003610 27617.256495
60 9.017749 4.354287 5.213925 256.143125 19178.236424
60 -9.056309 -4.272090 5.213925 256.143125 19791.942208
60 7.402312 3.945043 4.294612 39.056311 13961.482182
60 -7.421083 -3.994179 4.294612 39.056311 12910.390199
61 -0.001730 0.060304 4.858942 303.311221 16806.637769
61 0.001729 -0.060316 4.858942 303.311221 16737.439980
61 16.716298 5.928408 4.199425 163.172452 12974.603236
61 -16.687013 -5.871666 4.199425 163.172452 13076.901879
61 7.598126 3.996881 3.872430 114.601886 10877.922300
61 -7.644366 -3.979693 3.872430 114.601886 10694.015665
61 10.121919 4.613170 9.022861 26.705184 60156.736234
61 -10.075696 -4.566393 9.022861 26.705184 60871.186736
61 25.525242 7.325764 3.142237 115.126610 7220.540386
61 -25.447223 -7.379474 3.142237 115.126610 7017.202331
61 7.922274 4.081248 13.577570 69.179885 133119.421173
61 -7.913836 -4.089705 13.577570 69.179885 130288.809531
61 16.657782 5.918022 6.836301 1.088740 33412.930542
61 -16.621343 -5.898008 6.836301 1.088740 32640.023804
61 15.584524 5.724200 4.848753 7.310235 17285.691705
61 -15.495000 -5.673939 4.848753 7.310235 17037.368263
61 10.572190 4.714661 2.567509 236.582208 4616.577018
61 -10.653056 -4.683200 2.567509 236.582208 4738.418447
61 0.968093 1.426680 1.288778 0.627970 1190.889649
61 -0.971905 -1.423513 1.288778 0.627970 1218.495813
61 4.031235 2.911301 10.370124 142.694734 80079.619844
61 -4.016633 -2.865027 10.370124 142.694734 78870.018491
61 16.102008 5.818460 4.913226 292.171747 16909.565603
61 -16.169827 -5.758738 4.913226 292.171747 16988.358862
62 12.469687 5.120304 16.825372 357.167474 208418.652555
62 -12.361188 -5.050105 16.825372 357.167474 199725.510043
62 10.325451 4.659320 7.077640 236.424534 36034.456195
62 -10.292651 -4.664903 7.077640 236.424534 36132.701156
62 10.686869 4.740163 7.264782 255.158010 38173.173168
62 -10.681749 -4.690621 7.264782 255.158010 37372.750936
62 2.560433 2.320196 18.056948 174.227480 239056.744728
62 -2.548724 -2.304078 18.056948 174.227480 236204.028504
62 15.701162 5.745580 4.485366 357.791921 14654.729981
62 -15.774375 -5.784039 4.485366 357.791921 14655.858049
62 4.488386 3.071943 3.567661 17.739813 9074.246029
62 -4.514015 -3.053850 3.567661 17.739813 9217.138961
62 13.202527 5.268616 2.000007 339.386121 2881.434020
62 -13.295426 -5.308868 2.000007 339.386121 2904.143479
62 24.825258 7.224618 4.653377 104.452021 15912.577866
62 -24.803650 -7.196409 4.653377 104.452021 15697.222008
62 18.405980 6.220818 1.823628 232.876354 2457.690402
62 -18.300438 -6.188480 1.823628 232.876354 2460.701683
62 12.346580 5.094966 4.501925 75.773042 14486.623030
62 -12.315446 -5.093581 4.501925 75.773042 14469.330394
62 4.267604 2.995436 6.136686 262.998980 26167.852250
62 -4.289407 -2.965807 6.136686 262.998980 27724.113062
62 20.388956 6.547349 6.321737 149.938121 29223.319920
62 -20.510266 -6.581174 6.321737 149.938121 28923.174076
63 3.663370 2.775290 7.030194 21.411154 34962.489650
63 -3.659651 -2.767527 7.030194 21.411154 35536.644521
63 7.604023 3.998432 4.292811 130.305506 13005.953803
63 -7.593018 -4.015179 4.292811 130.305506 13337.894945
63 15.023873 5.620293 3.939780 112.205202 11188.827587
63 -15.097255 -5.608754 3.939780 112.205202 11338.893838
63 13.902392 5.406457 13.563850 267.428239 131224.363044
63 -13.978610 -5.440369 13.563850 267.428239 130747.067735
63 5.699570 3.461697 2.807081 41.221243 5606.423283
63 -5.691712 -3.466631 2.807081 41.221243 5596.435901
63 12.764131 5.180404 19.409635 52.369441 261802.453982
63 -12.787256 -5.201132 19.409635 52.369441 272716.549428
63 6.566234 3.715576 7.407953 16.716136 40340.886990
63 -6.595210 -3.676603 7.407953 16.716136 40993.463379
63 15.476893 5.704399 15.579565 73.586632 180977.655175
63 -15.516845 -5.780038 15.579565 73.586632 171671.256628
63 13.868915 5.399944 6.999948 167.268707 35611.887318
63 -13.803864 -5.421412 6.999948 167.268707 36349.919096
63 5.357442 3.356192 9.936026 217.956662 72912.111129
63 -5.335739 -3.331498 9.936026 217.956662 70582.775187
63 11.121209 4.835529 12.487878 51.220686 111579.621612
63 -11.122059 -4.872460 12.487878 51.220686 114023.832380
63 2.585819 2.331670 7.126464 169.823621 34965.519043
63 -2.605005 -2.340584 7.126464 169.823621 37059.569041
64 15.884692 5.779063 6.064200 342.112250 26257.827653
64 -15.955482 -5.895823 6.064200 342.112250 26590.590186
64 12.853740 5.198556 7.103505 110.607255 35346.505004
64 -12.959387 -5.213294 7.103505 110.607255 36526.348105
64 4.732459 3.154361 24.232679 70.265799 425806.598882
64 -4.733316 -3.126742 24.232679 70.265799 432661.915340
64 14.088766 5.442576 5.382045 100.392473 20230.198427
64 -14.093225 -5.471812 5.382045 100.392473 20091.003161
64 10.373243 4.670090 9.077179 202.689222 59634.402101
64 -10.318813 -4.590169 9.077179 202.689222 57300.254157
64 9.429632 4.452617 4.038893 35.267581 11910.541538
64 -9.446950 -4.484676 4.038893 35.267581 11484.902676
64 8.494931 4.226179 3.060702 325.681979 6883.383885
64 -8.521313 -4.209115 3.060702 325.681979 6717.924862
64 10.835832 4.773085 2.322220 305.901132 4006.566260
64 -10.870521 -4.791564 2.322220 305.901132 3904.426432
64 13.864077 5.399002 5.122901 336.215797 17853.483771
64 -13.800277 -5.451352 5.122901 336.215797 19327.453843
64 15.844197 5.771692 6.526835 125.972380 30287.713188
64 -15.854690 -5.866181 6.526835 125.972380 30461.781379
64 14.287664 5.480859 3.631465 333.210734 9149.980046
64 -14.305454 -5.496491 3.631465 333.210734 9378.543139
64 14.242221 5.472136 3.457615 270.869556 8402.415413
64 -14.283332 -5.496949 3.457615 270.869556 8338.865014
65 9.435812 4.454076 7.698085 339.044965 42965.931645
65 -9.396819 -4.432656 7.698085 339.044965 41753.975922
65 4.515617 3.081247 4.810425 216.944912 17190.865323
65 -4.507181 -3.126143 4.810425 216.944912 16536.977471
65 4.501325 3.076367 5.071453 26.855313 18904.167906
65 -4.531984 -3.118963 5.071453 26.855313 18594.693878
65 12.250432 5.075090 3.200005 312.128404 7346.120698
65 -12.309999 -5.086045 3.200005 312.128404 7308.977316
65 13.157981 5.259720 2.854482 36.341997 6052.750312
65 -13.073038 -5.262384 2.854482 36.341997 5836.566484
65 11.002146 4.809575 8.668901 304.690560 56917.414655
65 -11.021093 -4.856407 8.668901 304.690560 54087.029257
65 7.265308 3.908364 5.686274 123.033309 23699.858640
65 -7.280618 -3.950425 5.686274 123.033309 23018.302820
65 16.942130 5.968319 4.574313 65.437850 14572.294219
65 -17.057755 -6.022826 4.574313 65.437850 15242.992950
65 10.292724 4.651930 11.140708 57.243759 89116.513640
65 -10.345958 -4.750833 11.140708 57.243759 88367.371144
65 8.729309 4.284084 3.086126 68.527827 6901.838887
65 -8.672774 -4.308769 3.086126 68.527827 7096.790002
65 6.470726 3.688455 7.845821 195.056794 44511.591299
65 -6.462642 -3.685918 7.845821 195.056794 44172.879802
66 10.526662 4.704499 6.970608 2.065879 35179.009692
66 -10.685244 -4.723013 6.970608 2.065879 34486.760128
66 12.252264 5.075469 8.917448 273.432512 58079.054417
66 -12.246193 -5.097608 8.917448 273.432512 56757.206069
66 13.553798 5.338245 2.301473 77.720381 3880.474843
66 -13.635937 -5.360692 2.301473 77.720381 3720.877430
66 10.165763 4.623150 5.459595 341.810534 20855.644516
66 -10.129783 -4.573707 5.459595 341.810534 22247.116969
66 5.771095 3.483350 7.723801 324.173564 43866.650676
66 -5.780704 -3.505099 7.723801 324.173564 44084.719038
66 11.351157 4.885264 5.611912 264.978959 22557.926129
66 -11.389665 -4.886747 5.611912 264.978959 22990.388693
66 10.885288 4.783965 2.882091 316.024009 5900.368837
66 -10.856327 -4.725667 2.882091 316.024009 6083.096413
66 11.525498 4.922637 4.791741 227.221459 16305.274612
66 -11.533809 -4.938937 4.791741 227.221459 16144.164239
66 18.827477 6.291643 6.929557 358.304704 35296.228264
66 -18.978667 -6.406681 6.929557 358.304704 33381.241953
66 10.771395 4.758872 4.408885 306.158829 13775.841310
66 -10.807926 -4.759996 4.408885 306.158829 13951.080610
66 8.767603 4.293470 19.397604 170.510654 267582.876534
66 -8.780408 -4.242885 19.397604 170.510654 264932.393315
67 7.788495 4.046642 8.545240 254.991434 52084.085036
67 -7.797400 -4.090001 8.545240 254.991434 51954.277690
67 22.362828 6.856956 7.891230 27.392787 45464.001279
67 -22.379425 -6.849379 7.891230 27.392787 45694.118727
67 16.281205 5.850746 5.453017 10.199288 21505.715313
67 -16.296846 -5.833222 5.453017 10.199288 21022.638105
67 4.909649 3.212871 2.896983 255.209029 6008.232050
67 -4.937361 -3.214243 2.896983 255.209029 5881.655284
67 20.075416 6.496812 3.458165 290.760171 8488.707725
67 -20.078368 -6.432863 3.458165 290.760171 8775.919225
67 3.958919 2.885070 5.813669 158.773722 23704.621462
67 -3.964281 -2.886673 5.813669 158.773722 24724.955029
67 6.005859 3.553494 7.909327 222.828896 44364.309695
67 -5.989167 -3.547151 7.909327 222.828896 46405.837897
67 8.435107 4.211272 7.984049 302.894204 46051.875797
67 -8.425078 -4.184795 7.984049 302.894204 46193.241501
67 10.101580 4.608532 6.428771 301.028389 29283.124253
67 -10.079129 -4.574034 6.428771 301.028389 30099.572709
67 0.546731 1.072148 2.234599 23.179082 3641.744474
67 -0.544031 -1.092099 2.234599 23.179082 3636.552094
67 12.334527 5.092479 12.733949 198.382097 119638.994791
67 -12.347593 -5.112068 12.733949 198.382097 116585.286082
68 13.217167 5.271536 6.461413 142.218623 30575.557089
68 -13.060836 -5.303516 6.461413 142.218623 30554.027636
68 19.194710 6.352706 6.908020 104.899828 35027.016242
68 -19.260771 -6.368303 6.908020 104.899828 34822.116814
68 1.001726 1.451251 6.288025 156.790430 29127.786161
68 -0.996547 -1.435650 6.288025 156.790430 28423.545350
68 6.480721 3.691303 3.902564 80.455881 11182.349883
68 -6.498126 -3.650431 3.902564 80.455881 11133.442267
68 7.117194 3.868320 16.547034 200.116431 194522.280183
68 -7.085637 -3.876161 16.547034 200.116431 196695.158177
68 11.601179 4.938773 6.970311 284.951797 35507.659084
68 -11.557372 -4.949942 6.970311 284.951797 34789.717984
68 11.270133 4.867798 10.888799 109.756307 88452.952570
68 -11.223782 -4.848394 10.888799 109.756307 88061.167785
68 -3.404490 2.675433 9.340003 223.516041 61966.697311
68 3.385382 -2.646517 9.340003 223.516041 62870.735129
68 5.377304 3.362407 4.817685 93.533424 17242.063960
68 -5.415880 -3.396459 4.817685 93.533424 16620.649555
68 8.804322 4.302451 7.773060 178.890376 43713.146297
68 -8.831530 -4.303197 7.773060 178.890376 43883.293351
69 9.057796 4.363945 9.791289 323.109353 69172.679647
69 -9.093005 -4.314658 9.791289 323.109353 70796.320753
69 10.686722 4.740130 5.676089 115.150461 23066.885166
69 -10.655677 -4.718508 5.676089 115.150461 24201.598169
69 17.563466 6.076774 2.083794 215.770032 3198.332255
69 -17.410549 -6.085661 2.083794 215.770032 3157.779848
69 12.570321 5.140924 2.987710 169.534864 6488.447324
69 -12.538032 -5.067565 2.987710 169.534864 6360.368379
69 -0.325077 0.826725 5.451191 295.405514 21622.140036
69 0.326053 -0.820941 5.451191 295.405514 21205.471971
69 10.821157 4.769851 4.383867 3.352942 13523.764365
69 -10.695455 -4.737815 4.383867 3.352942 13672.454594
69 10.061744 4.599437 7.857738 62.943158 46227.706048
69 -10.058323 -4.573562 7.857738 62.943158 44945.739999
69 13.039028 5.235891 4.613364 111.361642 15685.517855
69 -13.016950 -5.261043 4.613364 111.361642 15639.272472
69 5.971224 3.543233 5.888533 139.241191 24787.026788
69 -5.965341 -3.545225 5.888533 139.241191 25509.997082
69 11.740829 4.968410 5.120248 8.354581 19213.942302
69 -11.713283 -5.001857 5.120248 8.354581 18987.890245
70 14.601198 5.540670 6.591118 325.245879 30785.674327
70 -14.612245 -5.648111 6.591118 325.245879 30738.198238
70 13.744584 5.375685 1.812869 206.965551 2417.342743
70 -13.751758 -5.323661 1.812869 206.965551 2415.299036
70 16.788370 5.941174 5.927875 146.347878 25315.800321
70 -16.757917 -6.008642 5.927875 146.347878 26079.469164
70 1.068143 1.498589 13.046121 150.487675 119598.929394
70 -1.056852 -1.504170 13.046121 150.487675 127019.116834
70 -2.280551 2.189717 10.616016 66.170267 78541.475713
70 2.296292 -2.174474 10.616016 66.170267 82402.387813
70 5.376507 3.362158 15.956362 83.957337 188143.299313
70 -5.332752 -3.328608 15.956362 83.957337 183116.548825
70 5.190235 3.303403 10.823809 87.335984 80728.303836
70 -5.154675 -3.263421 10.823809 87.335984 85918.829490
70 6.471415 3.688651 6.875376 343.625975 34476.460619
70 -6.447429 -3.648133 6.875376 343.625975 33002.133207
70 4.068121 2.924590 3.382517 228.877459 8262.372153
70 -4.048298 -2.909527 3.382517 228.877459 8322.044367
70 6.162233 3.599458 11.186711 286.442845 89795.847236
70 -6.152229 -3.529988 11.186711 286.442845 87388.407258
71 4.259808 2.992699 3.612502 260.106367 9246.117814
71 -4.275593 -3.023340 3.612502 260.106367 9212.577916
71 11.241920 4.861701 8.623088 161.348238 53516.024586
71 -11.165397 -4.848802 8.623088 161.348238 54637.520452
71 15.176552 5.648779 10.995209 238.190109 86139.654857
71 -15.244067 -5.600571 10.995209 238.190109 87292.694446
71 16.596489 5.907124 10.214878 356.856545 75015.210822
71 -16.377376 -5.849423 10.214878 356.856545 73262.266740
71 7.240339 3.901642 4.579989 38.118832 14977.872107
71 -7.163385 -3.878684 4.579989 38.118832 14743.395266
71 10.175567 4.625379 2.501685 288.376669 4376.583542
71 -10.103855 -4.645605 2.501685 288.376669 4624.654608
71 9.766619 4.531481 27.703867 162.971645 555565.535968
71 -9.783710 -4.528534 27.703867 162.971645 541104.453331
71 8.962066 4.340823 6.018524 175.689464 25973.105526
71 -8.985682 -4.345555 6.018524 175.689464 26763.816089
71 14.239400 5.471594 10.599848 225.096547 81530.401313
71 -14.172985 -5.411332 10.599848 225.096547 82756.086029
72 1.883464 1.989971 3.309773 202.160754 8135.224781
72 -1.903829 -1.987019 3.309773 202.160754 7741.781816
72 -2.435569 2.262915 8.849674 259.195039 55881.342883
72 2.438085 -2.275927 8.849674 259.195039 57667.914331
72 8.411005 4.205251 3.375752 176.002130 8294.182064
72 -8.418528 -4.120502 3.375752 176.002130 8202.922505
72 7.997021 4.100456 5.448179 311.202388 21959.046820
72 -7.978235 -4.057156 5.448179 311.202388 21427.580065
72 13.812359 5.388922 4.720795 257.121840 15964.130555
72 -13.804921 -5.452985 4.720795 257.121840 16317.494203
72 10.354529 4.665876 7.345091 305.874853 39636.419079
72 -10.433799 -4.697540 7.345091 305.874853 39644.949096
72 9.005516 4.351333 5.088871 4.320895 19378.574232
72 -9.072954 -4.323032 5.088871 4.320895 18859.003859
72 4.859019 3.196262 12.830915 212.921241 115271.656997
72 -4.876987 -3.246094 12.830915 212.921241 122790.020995
72 8.069739 4.119056 15.051387 283.769318 167311.640106
72 -8.062401 -4.047844 15.051387 283.769318 165502.341013
73 3.041936 2.528966 19.113394 138.341048 269180.425956
73 -3.055969 -2.558838 19.113394 138.341048 265335.067598
73 6.184390 3.605923 4.044573 201.087506 11933.735079
73 -6.173958 -3.567422 4.044573 201.087506 11308.697985
73 18.050536 6.160459 7.483627 104.120042 41256.556128
73 -18.083991 -6.208847 7.483627 104.120042 41487.994771
73 14.050956 5.435268 11.393325 228.860371 91109.008861
73 -14.091147 -5.441069 11.393325 228.860371 96040.070403
73 15.878654 5.777964 5.927551 36.590705 24765.417052
73 -15.854941 -5.720573 5.927551 36.590705 25576.583039
73 6.836706 3.791329 6.226624 24.347827 27684.759749
73 -6.851677 -3.745408 6.226624 24.347827 28159.672365
73 7.009530 3.838950 12.565079 32.484304 114328.508034
73 -7.008566 -3.841332 12.565079 32.484304 113760.729064
73 3.584719 2.745336 11.095890 53.415145 89911.912837
73 -3.601953 -2.713147 11.095890 53.415145 88262.199870
73 10.756982 4.755687 12.538121 181.447174 117425.048359
73 -10.703063 -4.760075 12.538121 181.447174 115124.215680
74 14.755731 5.569912 11.256923 58.909998 89864.272833
74 -14.770192 -5.585162 11.256923 58.909998 93159.614997
74 13.526587 5.332884 3.925735 46.594718 10895.834273
74 -13.519802 -5.344235 3.925735 46.594718 11058.907239
74 9.851352 4.551095 3.770638 199.308551 10330.980616
74 -9.848419 -4.488108 3.770638 199.308551 10038.594657
74 9.566348 4.484780 15.964232 330.787866 180718.264512
74 -9.551844 -4.463856 15.964232 330.787866 178307.145242
74 6.453962 3.683674 1.749250 301.573438 2254.458771
74 -6.475123 -3.721703 1.749250 301.573438 2208.292287
74 4.699438 3.143337 4.773906 96.516216 16607.215091
74 -4.678909 -3.215342 4.773906 96.516216 16862.890204
74 7.114207 3.867508 9.159211 338.985079 60580.540686
74 -7.101187 -3.898242 9.159211 338.985079 61061.178618
74 5.507316 3.402812 10.633623 124.438259 82718.299426
74 -5.537926 -3.466584 10.633623 124.438259 83437.873566
75 6.935388 3.818593 4.472989 206.428744 14530.532785
75 -6.941106 -3.799153 4.472989 206.428744 14364.460390
75 12.332679 5.092098 1.984755 74.374348 2786.492899
75 -12.388020 -5.061658 1.984755 74.374348 2955.091748
75 15.398997 5.690026 45.053883 222.179292 1426499.222820
75 -15.377814 -5.722892 45.053883 222.179292 1467370.423594
75 9.684075 4.512291 4.515162 24.783522 14245.308389
75 -9.647658 -4.546967 4.515162 24.783522 14620.610508
75 2.916091 2.476102 9.844962 203.639493 69305.558531
75 -2.917364 -2.491133 9.844962 203.639493 71779.824738
75 11.335468 4.881887 5.828741 334.650473 24141.591730
75 -11.418861 -4.899558 5.828741 334.650473 24272.494429
75 7.515808 3.975171 2.509816 39.036134 4374.902326
75 -7.504009 -3.908166 2.509816 39.036134 4445.259572
75 15.097228 5.633997 5.605653 237.801842 22306.384447
75 -15.202810 -5.588937 5.605653 237.801842 22607.480172
76 15.470860 5.703287 8.632307 138.603892 56462.020274
76 -15.499160 -5.691427 8.632307 138.603892 54783.730826
76 5.239865 3.319159 4.789503 316.768337 16025.042634
76 -5.267593 -3.309001 4.789503 316.768337 16632.352193
76 7.333265 3.926600 6.911258 181.143723 34803.584781
76 -7.309342 -3.901407 6.911258 181.143723 34949.647897
76 7.757499 4.038582 13.690290 58.415907 136312.842810
76 -7.727813 -4.007313 13.690290 58.415907 137975.472836
76 12.738627 5.175226 5.888278 79.992612 24868.181277
76 -12.684257 -5.070869 5.888278 79.992612 25396.317110
76 13.944672 5.414672 5.382656 270.201982 21121.291797
76 -13.948980 -5.357290 5.382656 270.201982 21231.760306
76 7.912985 4.078854 5.683323 262.724132 23977.945835
76 -7.932136 -4.137770 5.683323 262.724132 22872.850390
76 11.801071 4.981140 5.020638 201.550723 17764.853647
76 -11.817112 -4.957873 5.020638 201.550723 18055.959312
77 5.752496 3.477733 4.509787 158.747154 14576.326216
77 -5.790165 -3.439697 4.509787 158.747154 15042.549306
77 4.704028 3.144872 5.952110 293.196771 25879.055469
77 -4.688995 -3.229626 5.952110 293.196771 26041.267771
77 9.523936 4.474827 4.538240 308.084308 14832.536153
77 -9.525544 -4.408139 4.538240 308.084308 14379.903522
77 15.180042 5.649428 3.543091 281.463382 8940.509133
77 -15.220771 -5.672143 3.543091 281.463382 9032.881658
77 4.360422 3.027836 3.080674 235.573950 6620.928542
77 -4.345441 -3.030033 3.080674 235.573950 6931.085741
77 8.228369 4.159344 11.185428 208.855885 93134.447067
77 -8.259046 -4.214198 11.185428 208.855885 88949.607307
77 12.050201 5.033443 3.851525 127.129666 10448.646736
77 -12.063393 -5.068773 3.851525 127.129666 10911.092062
78 6.368645 3.659245 4.790684 143.854921 16305.559851
78 -6.407410 -3.673557 4.790684 143.854921 16543.566784
78 14.373814 5.497358 12.980874 125.255234 119469.979097
78 -14.460519 -5.572409 12.980874 125.255234 120238.026309
78 3.443996 2.690911 6.237251 271.487291 27595.081420
78 -3.431051 -2.685895 6.237251 271.487291 27820.028891
78 7.940837 4.086026 7.243174 349.775420 39077.125566
78 -7.956988 -4.037331 7.243174 349.775420 37075.648288
78 10.021955 4.590333 7.624804 201.539075 41611.962530
78 -9.981617 -4.656109 7.624804 201.539075 41313.091882
78 11.413344 4.898628 7.253947 238.332323 37635.475211
78 -11.320911 -4.928621 7.253947 238.332323 38937.607486
78 9.720929 4.520869 3.920726 230.283116 11504.659044
78 -9.768626 -4.503322 3.920726 230.283116 10829.044790
79 15.121447 5.638514 2.982351 171.061655 6416.214049
79 -15.150637 -5.666761 2.982351 171.061655 6402.219894
79 9.337867 4.430899 4.259642 138.992532 12986.557221
79 -9.330284 -4.425027 4.259642 138.992532 13298.126051
79 20.680188 6.593944 4.390190 221.137775 13909.203495
79 -20.802626 -6.529872 4.390190 221.137775 14104.387541
79 9.137127 4.383014 6.661331 304.370142 32355.342312
79 -9.122589 -4.401450 6.661331 304.370142 32715.360645
79 15.913283 5.784261 2.052203 285.795200 3037.077816
79 -15.960982 -5.777019 2.052203 285.795200 3041.993938
79 8.783553 4.297374 5.968905 325.719606 25587.920941
79 -8.728299 -4.285765 5.968905 325.719606 26256.297547
79 10.302078 4.654043 7.479771 48.510932 39687.418505
79 -10.291294 -4.651987 7.479771 48.510932 39174.446501
80 11.319321 4.878409 1.840492 183.210788 2477.701832
80 -11.287253 -4.834189 1.840492 183.210788 2452.229373
80 7.888799 4.072616 3.089005 197.876483 7003.091498
80 -7.869963 -4.105995 3.089005 197.876483 6761.782811
80 12.679683 5.163239 5.925886 262.917975 25562.553543
80 -12.606107 -5.012468 5.925886 262.917975 25485.012944
80 9.568706 4.485332 16.673448 252.763620 205271.776483
80 -9.552040 -4.510606 16.673448 252.763620 195273.417753
80 12.331808 5.091918 7.350740 127.560401 39951.408728
80 -12.237727 -5.012600 7.350740 127.560401 39735.818614
80 3.352167 2.654794 1.943327 301.086299 2699.398223
80 -3.342539 -2.640884 1.943327 301.086299 2786.359127
81 12.696755 5.166713 1.964887 359.889221 2810.330343
81 -12.596884 -5.160242 1.964887 359.889221 2902.004145
81 16.989302 5.976622 24.225129 26.664778 422975.520654
81 -17.036634 -5.949666 24.225129 26.664778 430178.431239
81 18.491487 6.235251 7.688555 302.524802 41457.892822
81 -18.544157 -6.258934 7.688555 302.524802 43199.136509
81 8.797556 4.300798 12.700443 21.305546 118548.834644
81 -8.743124 -4.316200 12.700443 21.305546 121367.189948
81 14.203478 5.464688 5.123042 29.265750 18624.221091
81 -14.243301 -5.479774 5.123042 29.265750 19420.122849
81 12.195462 5.063690 12.142237 356.784710 102146.969146
81 -12.176234 -5.073662 12.142237 356.784710 105958.955835
82 7.165800 3.881507 4.555552 349.566918 14639.177260
82 -7.242062 -3.928529 4.555552 349.566918 15038.588643
82 5.754320 3.478284 2.755571 199.164876 5411.571583
82 -5.754963 -3.429525 2.755571 199.164876 5469.010138
82 11.918393 5.005839 6.237087 48.235306 28480.696449
82 -11.936086 -5.059307 6.237087 48.235306 27496.424358
82 4.924283 3.217655 24.272347 94.190461 414138.209430
82 -4.925661 -3.227095 24.272347 94.190461 404072.391351
82 11.066699 4.823664 8.343420 75.432976 50127.011136
82 -11.051635 -4.842701 8.343420 75.432976 50507.244801
82 8.580480 4.247406 7.221626 251.708929 37526.131072
82 -8.494319 -4.277900 7.221626 251.708929 36635.113603
83 10.525608 4.704263 16.112573 275.298101 188517.628353
83 -10.579747 -4.666040 16.112573 275.298101 190666.515481
83 0.520792 1.046406 2.966177 247.544521 6268.846550
83 -0.521299 -1.047798 2.966177 247.544521 6453.653006
83 8.407240 4.204310 7.341998 2.572109 39450.718914
83 -8.336154 -4.201827 7.341998 2.572109 37739.470991
83 3.980761 2.893018 22.367556 44.163988 364813.646268
83 -3.997079 -2.911434 22.367556 44.163988 361578.374669
83 10.784861 4.761845 5.123005 101.819073 19470.421378
83 -10.859357 -4.751000 5.123005 101.819073 19292.611234
84 4.234621 2.983838 12.821853 253.082671 113206.005817
84 -4.234123 -3.000636 12.821853 253.082671 121303.511533
84 12.684788 5.164278 7.217768 319.755137 38029.623156
84 -12.773718 -5.136479 7.217768 319.755137 37788.232212
84 8.973420 4.343572 18.096705 322.251158 231573.378188
84 -8.948976 -4.292452 18.096705 322.251158 234355.945720
84 4.813941 3.181401 5.186571 224.448923 19302.007680
84 -4.875287 -3.173563 5.186571 224.448923 19566.741388
84 7.634702 4.006490 12.062190 248.080065 107226.995504
84 -7.605062 -4.016795 12.062190 248.080065 103002.171318
85 9.392451 4.443830 16.344467 117.064347 188724.045835
85 -9.377895 -4.444933 16.344467 117.064347 198416.334336
85 9.931868 4.569656 18.210712 78.257808 241633.910974
85 -9.838516 -4.566533 18.210712 78.257808 246659.495895
85 6.618536 3.730345 5.115540 226.094073 18775.202320
85 -6.611143 -3.751977 5.115540 226.094073 19028.369173
85 8.819459 4.306148 8.689331 306.836258 53946.782754
85 -8.784252 -4.314200 8.689331 306.836258 53992.233939
85 2.547421 2.314293 5.038144 26.728819 17671.028411
85 -2.525046 -2.322013 5.038144 26.728819 17485.076940
86 10.641531 4.730097 2.767877 199.806169 5443.918828
86 -10.606920 -4.669254 2.767877 199.806169 5745.966901
86 13.937630 5.413305 4.748030 202.351960 16646.778963
86 -13.992434 -5.433360 4.748030 202.351960 16387.585338
86 7.295116 3.916374 9.528510 195.670457 65351.885066
86 -7.316709 -3.959115 9.528510 195.670457 64881.618219
86 10.111539 4.610804 8.581048 311.238243 53477.690190
86 -10.138054 -4.656375 8.581048 311.238243 53686.000878
87 6.136417 3.591910 6.896679 121.369152 34546.575372
87 -6.120552 -3.686232 6.896679 121.369152 33910.861511
87 2.745294 2.402495 5.275414 97.304159 19386.132836
87 -2.742778 -2.396641 5.275414 97.304159 20312.061747
87 4.501887 3.076559 5.914290 149.957991 24989.875359
87 -4.522334 -3.123841 5.914290 149.957991 24299.301346
87 13.488040 5.325280 3.057285 267.275271 6655.969679
87 -13.514469 -5.291549 3.057285 267.275271 6808.563712
88 10.218268 4.635074 4.838821 82.377313 16805.009451
88 -10.368883 -4.696439 4.838821 82.377313 16380.068824
88 13.286794 5.285403 5.181391 215.468811 19507.516117
88 -13.335304 -5.317557 5.181391 215.468811 19871.800329
88 8.316751 4.181623 7.207406 267.229142 38270.940115
88 -8.310758 -4.154906 7.207406 267.229142 36174.925594
88 8.759069 4.291380 4.677227 313.626763 16004.473326
88 -8.757896 -4.258719 4.677227 313.626763 15686.864689
89 7.702442 4.024225 5.676534 124.197126 23384.078441
89 -7.732280 -4.020625 5.676534 124.197126 23337.046557
89 3.983963 2.894181 4.306278 286.219585 13801.043939
89 -3.986491 -2.866390 4.306278 286.219585 13279.482305
89 4.908674 3.212552 3.087032 257.284537 6856.500226
89 -4.863326 -3.270215 3.087032 257.284537 6824.344332
90 9.499118 4.468993 3.935652 278.872031 10990.928101
90 -9.478109 -4.436172 3.935652 278.872031 11044.229599
90 17.209870 6.015293 6.557253 323.199803 31328.540219
90 -17.224962 -6.035590 6.557253 323.199803 32293.000674
90 9.586366 4.489469 7.578709 95.245793 41861.995114
90 -9.572680 -4.571393 7.578709 95.245793 40404.304492
91 4.822740 3.184307 8.730671 174.873797 53627.230738
91 -4.818024 -3.205097 8.730671 174.873797 55276.236532
91 16.258631 5.846689 11.426686 37.426799 90973.842110
91 -16.296978 -5.754428 11.426686 37.426799 94841.749757
91 9.735622 4.524284 11.884508 254.946817 103640.845631
91 -9.812697 -4.513089 11.884508 254.946817 102684.168461
92 2.294776 2.196535 17.756964 192.847141 222820.950880
92 -2.295963 -2.226314 17.756964 192.847141 235666.818664
92 1.360930 1.691554 3.639496 50.321273 9507.314970
92 -1.360333 -1.711639 3.639496 50.321273 9334.394967
92 7.921234 4.080979 5.356271 235.510648 20814.118250
92 -7.870945 -4.049946 5.356271 235.510648 20502.277831
93 8.968750 4.342441 1.782309 210.879477 2250.233408
93 -8.964128 -4.437677 1.782309 210.879477 2191.918529
93 6.269563 3.630669 2.858151 90.696645 5867.296541
93 -6.297901 -3.667947 2.858151 90.696645 5849.793820
94 7.084119 3.859321 12.767306 121.158283 122744.048102
94 -7.020766 -3.845561 12.767306 121.158283 121927.269059
94 6.147323 3.595100 10.621901 228.383793 83135.015088
94 -6.135135 -3.628681 10.621901 228.383793 81818.509595
95 3.452299 2.694153 3.443594 147.904759 9062.099346
95 -3.483538 -2.724987 3.443594 147.904759 8384.920161
95 8.453700 4.215911 14.308881 190.103111 146181.359748
95 -8.449288 -4.290515 14.308881 190.103111 145727.494317
96 6.228956 3.618892 4.090420 316.156131 12047.252191
96 -6.204286 -3.615708 4.090420 316.156131 11635.266284
96 9.495623 4.468170 3.697826 282.810128 9747.463668
96 -9.464232 -4.410579 3.697826 282.810128 9814.120389
97 4.848907 3.192934 6.032138 329.999594 26144.735537
97 -4.838460 -3.204917 6.032138 329.999594 26227.421838
98 12.091464 5.042053 3.940396 6.892576 11371.787369
98 -12.100756 -5.093800 3.940396 6.892576 11339.988747
99 8.684591 4.273096 2.010017 339.361499 2942.983922
99 -8.697721 -4.322262 2.010017 339.361499 2915.878664
100 4.585608 3.105035 6.865303 193.057360 34813.571408
100 -4.571346 -3.091464 6.865303 193.057360 34119.546845
122 22.653435 -6.235027 5.402077 328.923856 20432.007519
122 -22.713092 6.239509 5.402077 328.923856 20219.857315
123 21.796127 -6.115908 10.586940 276.812296 82110.268280
123 -21.955987 6.158316 10.586940 276.812296 81272.598681
124 20.858960 -5.982981 3.558854 235.301846 9341.196113
124 -20.868905 5.946589 3.558854 235.301846 9065.871867
125 23.542693 -6.356227 11.777907 1.513739 101918.265403
125 -23.549391 6.381743 11.777907 1.513739 100625.044420
125 30.169678 -7.195428 5.338845 315.371593 20096.297474
125 -30.217092 7.118532 5.338845 315.371593 19773.377093
126 19.667198 -5.809551 6.659236 11.984490 31078.455967
126 -19.755691 5.797241 6.659236 11.984490 30332.137357
126 19.369859 -5.765467 5.041734 64.365259 18488.756484
126 -19.352307 5.643254 5.041734 64.365259 18132.938856
127 26.961919 -6.802158 12.757777 309.343817 118189.093054
127 -26.823459 6.800607 12.757777 309.343817 117918.570572
127 17.559721 -5.489466 12.933690 46.944767 122789.774332
127 -17.534185 5.471395 12.933690 46.944767 121634.553289
128 20.179287 -5.884698 6.043487 217.578676 25688.806130
128 -20.199842 5.892363 6.043487 217.578676 26434.200738
128 17.153476 -5.425595 11.557083 102.955495 95304.457575
128 -17.220117 5.471022 11.557083 102.955495 95979.495124
128 21.602981 -6.088750 7.118262 270.979055 37160.366522
128 -21.554620 6.179284 7.118262 270.979055 36416.680291
129 22.955962 -6.276522 5.779263 78.006923 23332.576827
129 -22.784389 6.225154 5.779263 78.006923 23854.737947
129 19.154342 -5.733303 5.487632 3.043117 22115.572677
129 -19.219050 5.718718 5.487632 3.043117 21499.942258
129 28.196469 -6.956146 5.602680 186.247314 22349.016034
129 -28.042822 6.939503 5.602680 186.247314 22412.412547
130 23.201297 -6.309972 5.916537 341.037230 25996.752744
130 -23.314065 6.261439 5.916537 341.037230 25484.900007
130 22.477080 -6.210710 5.714220 225.980902 23598.392521
130 -22.355775 6.216459 5.714220 225.980902 22705.757033
130 20.754497 -5.967981 5.552972 8.838917 21177.920519
130 -20.727878 5.998491 5.552972 8.838917 22551.454234
131 27.678745 -6.891988 6.286063 343.872384 28828.721840
131 -27.684916 6.878823 6.286063 343.872384 29510.566081
131 14.098819 -4.918840 13.034641 55.759810 124841.263825
131 -14.126693 4.962064 13.034641 55.759810 121190.082950
131 24.612372 -6.499022 6.242270 149.019204 28707.920741
131 -24.528195 6.468881 6.242270 149.019204 27978.913064
131 21.922962 -6.133677 5.557501 322.406467 22163.243100
131 -21.954248 6.173372 5.557501 322.406467 22587.340209
132 25.466019 -6.610767 3.322099 351.364301 8133.953658
132 -25.470897 6.569041 3.322099 351.364301 7841.416793
132 20.671755 -5.956072 3.754153 29.140851 10149.859605
132 -20.583504 6.005872 3.754153 29.140851 10160.403101
132 26.493759 -6.742844 7.203164 272.279162 36467.884709
132 -26.560390 6.882324 7.203164 272.279162 37095.822701
132 20.903666 -5.989389 12.276225 192.242797 107945.864385
132 -20.811110 5.906963 12.276225 192.242797 110944.160731
133 16.102217 -5.256711 3.437558 348.085775 8699.371873
133 -16.071286 5.243973 3.437558 348.085775 8349.126926
133 19.851959 -5.836775 8.848900 76.195786 56621.767602
133 -19.842892 5.922227 8.848900 76.195786 54543.743406
133 13.422089 -4.799338 3.414384 110.777868 8291.664281
133 -13.498887 4.742935 3.414384 110.777868 8271.333900
133 25.686153 -6.639278 7.648992 256.617927 42754.351217
133 -25.719320 6.657073 7.648992 256.617927 41549.269444
133 29.381614 -7.100830 8.695625 328.045000 54745.768493
133 -29.351567 7.019749 8.695625 328.045000 54162.854037
134 14.845707 -5.047447 6.060453 357.433978 27290.685631
134 -14.920026 5.096934 6.060453 357.433978 26483.080088
134 27.679983 -6.892142 5.552401 335.841104 21732.840285
134 -27.594645 6.882321 5.552401 335.841104 22616.054659
134 25.817480 -6.656228 3.495619 18.341730 8442.124607
134 -25.778869 6.558064 3.495619 18.341730 8538.314139
134 19.917229 -5.846363 11.676572 148.494358 94861.924029
134 -19.928530 5.786709 11.676572 148.494358 100500.172207
134 27.989896 -6.930618 6.961671 141.863257 35071.306228
134 -27.914222 7.015103 6.961671 141.863257 34387.641127
135 21.229291 -6.035858 8.454813 54.337119 52373.640895
135 -21.291288 6.074982 8.454813 54.337119 52882.823461
135 25.107724 -6.564097 5.314771 140.664699 20375.845813
135 -25.004077 6.676481 5.314771 140.664699 20722.985698
135 20.761435 -5.968978 4.875927 290.798767 17169.459639
135 -20.755792 5.844237 4.875927 290.798767 17289.463568
135 13.542655 -4.820845 7.778519 196.682687 43402.976884
135 -13.526784 4.770703 7.778519 196.682687 43162.133170
135 11.874939 -4.514264 12.321189 106.730062 111217.859945
135 -11.924504 4.546010 12.321189 106.730062 108442.123580
136 25.760081 -6.648825 5.700877 356.615879 23055.516111
136 -25.914006 6.550351 5.700877 356.615879 23228.981733
136 14.318546 -4.957021 4.814590 46.666683 16576.291716
136 -14.377106 5.045344 4.814590 46.666683 16465.143173
136 14.407289 -4.972358 5.382825 1.746874 20471.464771
136 -14.438948 4.891944 5.382825 1.746874 20595.662410
136 26.781665 -6.779382 5.878599 31.880646 24638.007975
136 -26.597376 6.786776 5.878599 31.880646 23943.425075
136 28.793530 -7.029408 3.208637 255.764736 7495.891179
136 -28.876253 7.000289 3.208637 255.764736 7525.587166
136 31.099824 -7.305505 9.691731 64.153128 68427.981904
136 -30.915223 7.267141 9.691731 64.153128 67812.782087
137 26.880217 -6.791844 3.011348 318.609252 6759.449057
137 -26.633566 6.818627 3.011348 318.609252 6555.357000
137 21.956283 -6.138337 6.553886 338.248044 31537.843797
137 -21.813071 6.254330 6.553886 338.248044 31045.183865
137 22.871168 -6.264919 2.754975 149.065715 5674.372494
137 -23.003947 6.240155 2.754975 149.065715 5340.156787
137 24.256067 -6.451809 13.360272 84.038844 131762.482179
137 -24.066476 6.397074 13.360272 84.038844 131289.281602
137 14.239573 -4.943332 5.669824 337.979355 24032.222271
137 -14.263365 4.900120 5.669824 337.979355 22578.069648
137 23.111287 -6.297720 4.267693 31.106380 13280.439889
137 -23.264230 6.340223 4.267693 31.106380 13212.133609
138 15.828796 -5.211890 7.367436 5.636143 38619.599614
138 -15.847476 5.196212 7.367436 5.636143 40578.319545
138 25.164379 -6.571498 6.409997 358.278605 28693.289607
138 -25.289149 6.636551 6.409997 358.278605 28695.760717
138 24.535461 -6.488860 9.466827 311.596875 64554.223844
138 -24.569046 6.515479 9.466827 311.596875 65385.731499
138 14.906465 -5.057765 3.663434 300.099478 9553.372358
138 -14.913179 4.989941 3.663434 300.099478 9657.714240
138 14.040641 -4.908680 5.632538 197.250824 22686.944462
138 -14.061399 4.927626 5.632538 197.250824 21873.146818
138 17.712858 -5.513351 11.730948 287.777961 101105.897686
138 -17.694651 5.546082 11.730948 287.777961 98953.483907
138 26.499888 -6.743624 9.297657 317.005640 63888.570159
138 -26.379879 6.756894 9.297657 317.005640 63373.077462
139 17.809774 -5.528413 6.998695 215.950919 34727.233032
139 -17.896563 5.528731 6.998695 215.950919 35471.244141
139 23.433396 -6.341455 6.093795 190.736620 26872.198810
139 -23.450446 6.308661 6.093795 190.736620 26782.310824
139 7.227907 -3.521904 9.005870 171.087780 56744.598042
139 -7.184457 3.483509 9.005870 171.087780 57683.447998
139 17.352084 -5.456914 3.356913 68.797668 8199.311179
139 -17.397435 5.470026 3.356913 68.797668 8070.160299
139 17.466563 -5.474885 11.663064 144.050225 96891.963147
139 -17.495893 5.443191 11.663064 144.050225 99682.150688
139 17.928323 -5.546782 4.943368 173.068255 17632.805955
139 -18.113377 5.518514 4.943368 173.068255 17512.600477
139 23.825812 -6.394332 16.943692 177.974026 200149.197794
139 -23.792299 6.300620 16.943692 177.974026 205800.494725
140 15.265724 -5.118350 16.267259 71.351891 189740.234097
140 -15.189246 5.126387 16.267259 71.351891 187796.083875
140 18.981272 -5.707343 11.231466 265.279923 89557.252756
140 -19.092644 5.748697 11.231466 265.279923 91166.993650
140 13.718963 -4.852125 9.709250 35.212625 69955.078823
140 -13.618497 4.866552 9.709250 35.212625 66990.387721
140 28.694832 -7.017350 9.531896 214.230059 63263.695763
140 -28.737300 6.959394 9.531896 214.230059 64990.684704
140 25.058238 -6.557625 11.654657 3.410738 95986.118383
140 -24.923218 6.519948 11.654657 3.410738 99202.061213
140 22.094138 -6.157577 8.709169 326.474154 54115.507916
140 -22.202398 6.135715 8.709169 326.474154 52196.309814
140 20.790705 -5.973184 5.623782 250.238803 22871.310214
140 -20.951123 6.017427 5.623782 250.238803 22684.690546
140 29.243613 -7.084135 4.174997 232.629955 12655.941597
140 -29.178972 6.957179 4.174997 232.629955 12735.620307
141 12.316782 -4.597481 5.587584 185.699975 22767.189950
141 -12.405602 4.599779 5.587584 185.699975 22631.884814
141 20.512240 -5.933048 6.657613 20.624865 32072.359289
141 -20.343570 6.052431 6.657613 20.624865 31971.169604
141 5.693627 -3.125833 10.476351 311.139989 79434.867334
141 -5.688133 3.104905 10.476351 311.139989 80362.525337
141 15.357062 -5.133639 11.198695 59.699859 92097.945322
141 -15.216011 5.064154 11.198695 59.699859 90881.039966
141 28.517873 -6.995679 7.164810 298.696782 37024.837570
141 -28.694475 6.924701 7.164810 298.696782 36800.609033
141 16.159717 -5.266089 6.293377 259.763655 27651.990229
141 -16.180273 5.279406 6.293377 259.763655 27702.079830
141 16.395555 -5.304377 11.356373 171.336660 92791.308009
141 -16.291599 5.253218 11.356373 171.336660 90772.291386
141 15.759450 -5.200461 5.422431 335.547812 21510.782977
141 -15.759513 5.199717 5.422431 335.547812 20821.661011
142 2.705281 -2.154654 7.538634 320.470126 40609.320232
142 -2.726529 2.155581 7.538634 320.470126 42095.313599
142 20.230531 -5.892166 6.609680 105.821671 31209.468075
142 -20.245520 5.902150 6.609680 105.821671 30908.685358
142 24.221418 -6.447199 2.932028 241.168470 6102.117797
142 -24.466781 6.286186 2.932028 241.168470 6227.244055
142 23.390038 -6.335586 9.853641 204.551936 71003.978987
142 -23.502192 6.344239 9.853641 204.551936 72649.265819
142 19.246065 -5.747014 11.478348 318.172006 93355.538655
142 -19.299147 5.640200 11.478348 318.172006 93006.212974
142 11.158940 -4.376055 3.552520 165.160206 8769.858040
142 -11.098171 4.400760 3.552520 165.160206 9180.935339
142 19.132078 -5.729970 4.492431 2.818453 14744.650867
142 -18.989359 5.761957 4.492431 2.818453 14431.734327
142 19.394309 -5.769105 5.842016 246.117252 24448.268358
142 -19.340523 5.737020 5.842016 246.117252 24977.638499
142 20.139122 -5.878839 4.887761 358.847754 17349.086959
142 -20.370203 5.827688 4.887761 358.847754 17008.341439
143 22.253879 -6.179796 4.434262 51.443823 14685.623924
143 -22.263460 6.314893 4.434262 51.443823 14266.703885
143 19.935881 -5.849100 5.715418 151.275884 24107.756506
143 -19.784324 5.831595 5.715418 151.275884 23247.151021
143 19.909992 -5.845300 4.166698 142.571434 12694.280007
143 -19.730994 5.877760 4.166698 142.571434 13044.664971
143 13.291217 -4.775883 5.786847 142.374575 23370.135702
143 -13.203374 4.664107 5.786847 142.374575 24122.938498
143 5.600565 -3.100182 5.068825 336.663194 18245.097263
143 -5.622188 3.131830 5.068825 336.663194 17936.282096
143 22.990115 -6.281189 19.944691 234.330514 284157.469847
143 -22.729781 6.431798 19.944691 234.330514 285578.177014
143 8.727519 -3.870051 8.176044 220.647632 49674.543274
143 -8.714960 3.834569 8.176044 220.647632 47805.068629
143 20.596873 -5.945275 2.812702 313.079349 5608.353162
143 -20.540526 5.986631 2.812702 313.079349 5925.904543
143 14.082592 -4.916008 14.821122 160.205682 161077.114205
143 -13.973763 4.898689 14.821122 160.205682 159404.743923
144 26.828279 -6.785279 3.895282 330.698350 11248.353364
144 -26.961883 6.750356 3.895282 330.698350 10996.333679
144 20.205734 -5.888553 12.612102 227.923518 111847.039776
144 -20.059767 5.885860 12.612102 227.923518 113600.874615
144 25.320000 -6.591787 17.363146 331.283282 206645.923880
144 -25.197310 6.569767 17.363146 331.283282 219175.114909
144 28.056042 -6.938802 6.970064 355.469078 34194.272090
144 -28.247816 6.936825 6.970064 355.469078 34099.040546
144 22.661624 -6.236154 9.174251 197.519832 58417.772323
144 -22.612922 6.128794 9.174251 197.519832 61070.199988
144 30.170162 -7.195486 5.640765 282.600881 22679.113438
144 -30.207846 7.241395 5.640765 282.600881 23378.984525
144 23.571890 -6.360167 7.895845 259.507654 45200.651802
144 -23.671418 6.423431 7.895845 259.507654 43255.027051
144 24.285636 -6.455740 3.844358 318.580052 10544.290841
144 -23.988231 6.399919 3.844358 318.580052 10422.553500
144 10.037030 -4.150247 12.262493 172.303842 107467.308861
144 -10.008473 4.102053 12.262493 172.303842 108621.723080
144 18.568271 -5.644910 10.134454 309.737035 71915.815211
144 -18.586597 5.613709 10.134454 309.737035 71538.639380
145 27.158808 -6.826949 8.795144 7.855822 56516.281896
145 -27.016120 7.021326 8.795144 7.855822 56576.194872
145 11.736916 -4.487953 14.569900 182.813031 149624.049377
145 -11.775926 4.460017 14.569900 182.813031 151654.973768
145 22.833428 -6.259748 5.180846 260.901538 19617.858344
145 -22.955389 6.250594 5.180846 260.901538 19056.703756
145 33.145358 -7.541933 7.893503 277.942463 44513.393178
145 -33.135456 7.535136 7.893503 277.942463 44460.991374
145 37.766976 -8.050584 6.319030 102.081036 28764.091504
145 -37.732943 8.038953 6.319030 102.081036 29024.701396
145 9.238877 -3.981813 11.990941 58.448245 103263.505852
145 -9.262635 3.952717 11.990941 58.448245 106006.313398
145 17.312487 -5.450684 8.060817 171.696760 46740.460194
145 -17.223552 5.424474 8.060817 171.696760 48473.307330
145 21.417695 -6.062582 12.315517 4.942139 109276.939517
145 -21.434406 6.070415 12.315517 4.942139 108080.391306
145 15.254230 -5.116423 11.981934 99.852796 104271.110372
145 -15.330837 5.131028 11.981934 99.852796 101605.814110
145 10.087076 -4.160581 23.394585 26.592497 406623.171974
145 -10.077374 4.209605 23.394585 26.592497 388042.155495
146 13.287763 -4.775262 3.144001 168.279423 7098.296939
146 -13.372871 4.869960 3.144001 168.279423 6969.107974
146 20.122148 -5.876361 11.047764 172.631900 89465.535962
146 -20.033590 5.853031 11.047764 172.631900 89261.847866
146 20.711597 -5.961809 9.583401 344.303643 68916.067796
146 -20.585142 5.944912 9.583401 344.303643 67636.396471
146 14.122871 -4.923034 7.274964 234.814806 38616.311717
146 -14.326113 4.903704 7.274964 234.814806 39908.885373
146 26.062444 -6.687732 15.019417 86.217080 162814.619021
146 -25.969694 6.656234 15.019417 86.217080 165701.967352
146 19.208191 -5.741357 3.509740 265.324826 9159.418563
146 -19.269138 5.756264 3.509740 265.324826 8946.420995
146 8.155568 -3.741092 3.433199 300.584116 8337.330397
146 -8.150136 3.699179 3.433199 300.584116 8590.680365
146 21.193220 -6.030728 4.517070 169.021419 14995.098984
146 -21.022476 6.099385 4.517070 169.021419 14507.563440
146 17.369720 -5.459686 4.821461 114.241175 17084.080878
146 -17.360424 5.445232 4.821461 114.241175 16772.577753
146 18.483507 -5.632011 6.136204 345.021288 26693.013356
146 -18.462236 5.669745 6.136204 345.021288 26710.309265
146 9.762127 -4.093017 9.827428 301.921093 68282.088823
146 -9.787299 4.078445 9.827428 301.921093 69662.578488
147 26.519460 -6.746113 3.151263 153.689204 7218.625074
147 -26.432340 6.735953 3.151263 153.689204 7185.912479
147 9.173138 -3.967622 3.695605 28.133848 10110.094168
147 -9.129368 3.957794 3.695605 28.133848 10213.011952
147 16.746845 -5.360901 4.112733 105.473951 12228.040298
147 -16.725828 5.271948 4.112733 105.473951 12547.781368
147 18.494419 -5.633673 9.312945 143.964054 63295.347168
147 -18.480353 5.612317 9.312945 143.964054 62856.674966
147 9.472466 -4.031836 7.442942 170.546416 40062.005059
147 -9.450193 3.983004 7.442942 170.546416 40711.429477
147 1.387917 -1.543310 9.743290 152.569980 71006.721637
147 -1.374439 1.569339 9.743290 152.569980 66145.905699
147 33.450306 -7.576547 5.620607 37.716193 22976.119147
147 -33.475397 7.639530 5.620607 37.716193 22403.974161
147 1.976307 -1.841613 7.328792 242.458686 37932.785707
147 -1.979971 1.823371 7.328792 242.458686 38460.098214
147 5.467211 -3.063051 4.006244 150.635362 11446.640261
147 -5.469703 3.029044 4.006244 150.635362 11721.005352
147 25.979801 -6.677120 6.912106 104.110063 33136.239820
147 -26.066861 6.804593 6.912106 104.110063 34846.428756
147 7.506156 -3.589055 7.147638 202.933686 36858.394852
147 -7.567147 3.545130 7.147638 202.933686 36934.874131
148 24.330081 -6.461645 9.454355 156.008238 62766.098439
148 -24.366814 6.527571 9.454355 156.008238 65367.269411
148 11.830325 -4.505776 12.797191 32.448760 120106.755543
148 -11.740663 4.488506 12.797191 32.448760 116040.589271
148 23.703790 -6.377937 11.751843 111.949832 99162.026941
148 -23.825089 6.320461 11.751843 111.949832 102634.479610
148 1.615586 -1.665085 2.762410 211.765616 5382.507228
148 -1.629918 1.666086 2.762410 211.765616 5579.955210
148 16.802443 -5.369793 13.615101 313.792462 132426.019485
148 -16.818523 5.299497 13.615101 313.792462 135919.859756
148 13.655252 -4.840845 6.898640 121.815465 35141.701382
148 -13.563075 4.943290 6.898640 121.815465 35630.554752
148 15.698624 -5.190415 5.496556 147.671054 22301.138790
148 -15.796757 5.165969 5.496556 147.671054 21817.366555
148 11.649782 -4.471263 6.242373 122.555959 27998.709004
148 -11.669528 4.506830 6.242373 122.555959 27665.191749
148 17.545888 -5.487303 8.280361 51.720689 49236.887698
148 -17.630959 5.439941 8.280361 51.720689 48895.523609
148 21.426658 -6.063851 4.172163 358.073852 12407.719603
148 -21.491471 6.077094 4.172163 358.073852 12138.560988
148 15.784379 -5.204572 3.326131 51.636667 8103.399149
148 -15.721661 5.270855 3.326131 51.636667 8092.289012
148 7.082225 -3.486231 6.887428 102.386073 34627.379097
148 -6.967683 3.461641 6.887428 102.386073 33188.359895
149 27.707586 -6.895577 8.994991 226.885517 57665.817104
149 -27.760741 6.907626 8.994991 226.885517 59288.536668
149 26.293623 -6.717327 3.563563 310.123015 9345.276757
149 -26.340655 6.729791 3.563563 310.123015 8881.639438
149 16.034986 -5.245726 7.605267 89.399564 40274.240626
149 -16.208553 5.290828 7.605267 89.399564 42334.546384
149 15.324398 -5.128177 3.017069 71.976021 6678.506989
149 -15.427408 5.075799 3.017069 71.976021 6455.909063
149 26.639500 -6.761364 4.517437 137.562384 14593.689480
149 -26.581289 6.848331 4.517437 137.562384 14349.892290
149 21.063401 -6.012229 7.603008 38.313111 41170.060622
149 -21.146936 5.880058 7.603008 38.313111 41631.525329
149 4.173736 -2.676294 3.225314 247.079160 7454.982933
149 -4.161412 2.672061 3.225314 247.079160 7482.661595
149 19.409221 -5.771323 2.602264 263.160979 4935.370131
149 -19.445551 5.794767 2.602264 263.160979 4886.620062
149 18.909863 -5.696597 6.176208 152.163325 26733.919222
149 -18.973221 5.678647 6.176208 152.163325 27798.027963
149 16.568714 -5.332314 5.659376 313.092189 22616.115602
149 -16.597884 5.348972 5.659376 313.092189 22493.763299
149 20.002963 -5.858932 8.993461 251.886145 60279.787002
149 -19.982041 5.977396 8.993461 251.886145 56512.015640
149 15.433542 -5.146407 2.434356 72.846466 4333.205717
149 -15.405972 5.218146 2.434356 72.846466 4094.090664
150 19.272086 -5.750898 12.508802 300.616562 113027.298391
150 -19.277477 5.712656 12.508802 300.616562 111788.166451
150 22.956715 -6.276625 3.903002 115.562850 11304.936586
150 -22.930364 6.198975 3.903002 115.562850 10979.993698
150 12.362023 -4.605917 7.277587 4.970058 38380.713356
150 -12.370283 4.561528 7.277587 4.970058 39200.481496
150 20.240482 -5.893614 20.521593 100.301404 312449.096303
150 -20.352321 5.847304 20.521593 100.301404 306645.292376
150 11.452404 -4.433223 8.110111 349.846451 47907.300616
150 -11.404038 4.430099 8.110111 349.846451 46587.197619
150 28.592423 -7.004817 2.871892 132.185016 5988.541543
150 -28.371115 7.003151 2.871892 132.185016 5903.454804
150 17.868796 -5.537566 8.007554 276.973049 46374.599859
150 -17.840344 5.515287 8.007554 276.973049 46538.820442
150 13.149497 -4.750353 16.417493 350.846235 195420.319268
150 -13.178394 4.689803 16.417493 350.846235 190067.323951
150 3.776732 -2.545830 2.655532 146.973213 5077.819297
150 -3.769809 2.555716 2.655532 146.973213 5135.473967
150 24.871200 -6.533105 6.383676 296.145777 30090.117643
150 -24.723160 6.600765 6.383676 296.145777 28017.981967
150 18.511162 -5.636223 2.118277 48.470867 3240.802141
150 -18.552778 5.662185 2.118277 48.470867 3256.451407
150 14.323060 -4.957802 11.319128 198.855692 91967.243808
150 -14.290080 5.023551 11.319128 198.855692 92414.187294
150 17.877807 -5.538962 6.517398 149.549158 30916.581227
150 -17.786531 5.622766 6.517398 149.549158 30348.983460
151 24.543242 -6.489889 7.405025 146.733011 37630.790637
151 -24.442553 6.403943 7.405025 146.733011 38878.727177
151 19.983525 -5.856085 5.789302 3.420788 24708.699268
151 -19.982479 5.839637 5.789302 3.420788 23841.032181
151 15.852539 -5.215797 10.524905 258.022770 78335.497255
151 -15.841627 5.194783 10.524905 258.022770 81828.350060
151 19.870927 -5.839563 7.144186 267.302761 36410.866563
151 -19.757943 5.874534 7.144186 267.302761 36132.814169
151 7.257630 -3.529139 13.527822 291.241462 129446.413509
151 -7.300882 3.568400 13.527822 291.241462 132180.425691
151 8.731422 -3.870916 5.418446 355.249149 20998.830360
151 -8.706411 3.928727 5.418446 355.249149 21532.523749
151 15.267019 -5.118567 6.932060 319.253919 34502.813339
151 -15.360098 5.126124 6.932060 319.253919 34581.621759
151 29.401006 -7.103173 8.527518 182.074473 50817.446660
151 -29.174327 7.064567 8.527518 182.074473 53171.216924
151 12.651488 -4.659530 10.407022 204.323188 77022.217452
151 -12.690371 4.712165 10.407022 204.323188 77849.417066
151 15.790579 -5.205594 8.389720 115.686642 50236.203213
151 -15.831166 5.210520 8.389720 115.686642 51210.639998
151 7.431886 -3.571255 12.801272 170.871405 120308.809807
151 -7.395118 3.553168 12.801272 170.871405 120874.095264
151 29.910635 -7.164471 7.245279 65.908392 38142.980172
151 -30.067054 7.229915 7.245279 65.908392 37826.792028
151 17.516817 -5.482756 3.704906 60.335874 9905.989208
151 -17.405040 5.397356 3.704906 60.335874 10057.227952
152 14.031506 -4.907083 9.265089 293.652995 61940.950320
152 -14.086106 4.842702 9.265089 293.652995 61692.957020
152 2.637424 -2.127459 11.686026 1.054727 101600.772901
152 -2.636663 2.122949 11.686026 1.054727 101352.712943
152 21.962365 -6.139187 8.069388 133.707096 44136.530343
152 -22.072164 5.959264 8.069388 133.707096 48782.379581
152 8.642400 -3.851133 3.013310 137.143864 6580.837007
152 -8.652295 3.829857 3.013310 137.143864 6498.880264
152 30.756345 -7.265051 4.391987 332.148053 13556.776771
152 -30.828177 7.241168 4.391987 332.148053 14229.070603
152 11.894216 -4.517927 3.116360 219.985093 7103.997752
152 -11.890831 4.538549 3.116360 219.985093 7068.922306
152 26.622232 -6.759172 6.344469 190.044580 27887.257732
152 -26.747991 6.822000 6.344469 190.044580 28371.245685
152 14.076775 -4.914993 10.414310 337.889088 80775.434666
152 -14.169096 4.820772 10.414310 337.889088 80399.527989
152 16.382904 -5.302330 6.113904 71.310598 25874.193253
152 -16.399298 5.340076 6.113904 71.310598 26934.650960
152 11.016631 -4.348062 9.677651 358.397816 68908.022835
152 -10.997831 4.299064 9.677651 358.397816 65818.303419
152 19.761617 -5.823479 2.444875 287.696443 4241.242267
152 -19.840944 5.806588 2.444875 287.696443 4372.073671
152 15.566396 -5.168510 2.739101 222.295433 5237.801427
152 -15.658292 5.205183 2.739101 222.295433 5535.244142
152 15.071870 -5.085748 4.207639 90.534790 12920.138033
152 -15.134053 5.035289 4.207639 90.534790 12403.185939
152 20.627582 -5.949705 7.828084 202.486364 44201.171437
152 -20.793176 5.961810 7.828084 202.486364 43320.981430
153 22.810703 -6.256632 10.552916 13.727408 80577.130305
153 -22.788444 6.277457 10.552916 13.727408 79016.230672
153 -0.458176 -0.886722 4.382347 274.700145 13394.805045
153 0.458534 0.888546 4.382347 274.700145 13797.631009
153 3.608455 -2.488467 5.477224 53.504194 21825.650289
153 -3.595493 2.444518 5.477224 53.504194 21406.111714
153 4.459055 -2.766258 11.038429 122.058151 89235.110258
153 -4.438548 2.755960 11.038429 122.058151 89480.191897
153 26.786712 -6.780020 7.671136 342.378555 43684.664538
153 -26.769754 6.645793 7.671136 342.378555 42608.596026
153 0.901421 -1.243756 4.735937 328.944194 16507.906191
153 -0.898987 1.231856 4.735937 328.944194 15954.815071
153 0.252885 -0.658768 12.479504 9.345969 113088.673278
153 -0.253893 0.661925 12.479504 9.345969 114197.661705
153 20.296603 -5.901779 10.958682 199.269992 87767.891634
153 -20.292681 5.871054 10.958682 199.269992 86693.367482
153 11.216107 -4.387250 3.935475 4.604027 10933.867316
153 -11.147796 4.410375 3.935475 4.604027 11138.825823
153 13.797851 -4.866055 9.648555 322.571517 68248.004722
153 -13.775249 4.881988 9.648555 322.571517 67798.150841
153 21.640357 -6.094015 8.636395 11.589246 54425.931638
153 -21.725009 6.066144 8.636395 11.589246 53466.641044
153 20.093342 -5.872153 5.357894 152.443401 20536.954666
153 -20.294224 5.756371 5.357894 152.443401 20366.264059
153 13.465142 -4.807029 3.167496 249.431230 7005.635187
153 -13.476539 4.902300 3.167496 249.431230 7515.729580
153 9.771060 -4.094889 5.542105 62.154689 21910.475701
153 -9.690319 4.057747 5.542105 62.154689 22089.042549
154 21.242595 -6.037749 7.223479 3.400370 38604.831925
154 -21.300363 6.050021 7.223479 3.400370 37830.070186
154 20.060569 -5.867362 7.269380 231.922755 38382.325384
154 -20.041214 5.842606 7.269380 231.922755 38538.125811
154 19.456031 -5.778278 4.016462 37.267377 11621.296313
154 -19.567266 5.757500 4.016462 37.267377 11868.955784
154 12.926706 -4.709938 9.180866 35.357257 62018.685326
154 -12.995719 4.759328 9.180866 35.357257 65392.109247
154 15.197249 -5.106858 16.447128 143.216443 196187.134631
154 -15.299018 5.185917 16.447128 143.216443 189418.105728
154 13.373895 -4.790714 6.889323 189.246943 35341.631586
154 -13.306820 4.781624 6.889323 189.246943 34133.303436
154 11.017302 -4.348194 12.511458 256.664376 110608.582989
154 -10.966884 4.360190 12.511458 256.664376 113323.314991
154 26.652462 -6.763009 6.535239 347.168449 29805.307492
154 -26.534583 6.640056 6.535239 347.168449 30023.281047
154 23.119466 -6.298834 8.708412 350.440888 54721.787930
154 -23.116837 6.347840 8.708412 350.440888 57197.538360
154 12.929765 -4.710496 13.242924 277.101749 127787.899201
154 -12.945866 4.686518 13.242924 277.101749 127237.000418
154 23.146326 -6.302492 10.308849 31.482630 75428.215616
154 -23.290356 6.305064 10.308849 31.482630 75485.040645
154 21.522551 -6.077405 20.458949 231.961288 300049.284685
154 -21.495316 6.199094 20.458949 231.961288 289489.027512
154 0.903584 -1.245247 2.173934 317.238379 3368.454445
154 -0.910490 1.254113 2.173934 317.238379 3357.684035
154 1.301426 -1.494449 3.208016 336.121886 7319.352730
154 -1.303688 1.484459 3.208016 336.121886 7437.428665
154 14.059239 -4.911930 4.799696 294.833839 16777.021909
154 -14.073607 4.912972 4.799696 294.833839 16928.181414
155 21.244590 -6.038033 6.655433 356.764467 30308.717135
155 -21.382554 6.153700 6.655433 356.764467 31368.485680
155 31.064119 -7.301310 10.577262 341.029516 80721.067230
155 -31.059895 7.280061 10.577262 341.029516 80180.993123
155 21.021583 -6.006258 4.174736 40.136815 12271.608833
155 -20.932087 5.986761 4.174736 40.136815 12550.957360
155 17.993413 -5.556842 3.663210 105.910581 9445.734169
155 -17.943423 5.568476 3.663210 105.910581 9438.016269
155 13.400685 -4.795510 3.643258 142.964072 9542.040679
155 -13.414206 4.769611 3.643258 142.964072 9388.666524
155 34.734572 -7.720622 6.942310 276.709656 35366.422977
155 -34.541735 7.669001 6.942310 276.709656 35262.617013
155 11.338080 -4.411041 8.190454 100.788873 48085.787394
155 -11.375886 4.438412 8.190454 100.788873 49649.714255
155 9.033580 -3.937325 14.432633 79.276023 149059.920884
155 -9.017059 3.931018 14.432633 79.276023 154523.242085
155 17.924689 -5.546220 6.217825 275.460254 27418.105770
155 -17.866439 5.565579 6.217825 275.460254 27510.865830
155 16.679014 -5.350033 4.405957 337.961439 14160.512971
155 -16.568296 5.298068 4.405957 337.961439 14500.452000
155 10.725262 -4.290177 4.360805 29.567275 14025.752672
155 -10.662605 4.299658 4.360805 29.567275 13796.992182
155 17.826929 -5.531075 7.149062 41.841174 36577.454528
155 -17.783243 5.547164 7.149062 41.841174 37738.513764
155 19.471676 -5.780601 7.549068 244.267011 40377.036767
155 -19.429395 5.752181 7.549068 244.267011 41612.391565
155 17.284289 -5.446244 11.819414 181.028901 101024.712092
155 -17.344217 5.508779 11.819414 181.028901 100429.001867
155 15.403248 -5.141353 8.113929 20.964013 46842.039828
155 -15.348798 5.144841 8.113929 20.964013 47235.284127
156 15.982538 -5.237140 8.830685 69.977611 54999.974902
156 -15.974190 5.297180 8.830685 69.977611 55846.389820
156 16.887322 -5.383339 8.289478 302.898510 48862.153379
156 -16.787228 5.266685 8.289478 302.898510 50343.557742
156 28.364709 -6.976867 12.838325 185.751432 119539.452570
156 -28.303775 6.969142 12.838325 185.751432 113492.621501
156 16.821621 -5.372856 22.049085 6.992178 342951.767817
156 -16.805528 5.278468 22.049085 6.992178 338420.812152
156 25.335989 -6.593868 3.245851 92.304821 7879.138598
156 -25.191831 6.662078 3.245851 92.304821 7546.632676
156 8.693060 -3.862403 4.239636 244.105302 12842.964134
156 -8.719121 3.907636 4.239636 244.105302 13319.258067
156 16.561889 -5.331215 10.108919 62.912831 75140.738019
156 -16.607519 5.317839 10.108919 62.912831 74571.873591
156 16.891198 -5.383956 7.784253 159.089308 43526.333374
156 -16.928774 5.379918 7.784253 159.089308 44631.807275
156 18.004507 -5.558555 6.295739 62.512759 28522.841043
156 -18.087487 5.567436 6.295739 62.512759 29717.061863
156 12.134345 -4.563305 10.323854 33.541903 74810.437085
156 -11.977236 4.527718 10.323854 33.541903 75555.582477
156 29.703202 -7.139584 6.763101 252.023217 33564.591536
156 -29.370049 7.249638 6.763101 252.023217 33712.502006
156 17.792946 -5.525801 5.323377 197.875603 20580.521806
156 -17.600304 5.470037 5.323377 197.875603 20874.352048
156 14.990486 -5.071999 6.125705 227.018658 27663.637065
156 -14.965275 5.081697 6.125705 227.018658 27083.210047
156 22.669664 -6.237260 5.950751 152.704505 25691.128480
156 -22.659058 6.145761 5.950751 152.704505 25123.179691
156 16.029796 -5.244877 6.033632 58.705039 26251.993341
156 -15.932152 5.232834 6.033632 58.705039 26279.411141
156 8.887359 -3.905329 7.243170 232.301655 38688.357540
156 -8.902717 3.943132 7.243170 232.301655 37487.845298
157 18.189394 -5.587022 17.462145 216.267191 224991.701753
157 -18.205498 5.655587 17.462145 216.267191 221811.927792
157 11.150060 -4.374314 23.037266 124.275185 382856.894144
157 -11.166542 4.416245 23.037266 124.275185 386997.759136
157 22.740974 -6.247062 3.634436 323.988458 9422.729137
157 -22.947270 6.277332 3.634436 323.988458 9587.711116
157 11.901979 -4.519401 6.562677 239.678091 31185.112292
157 -11.868458 4.538029 6.562677 239.678091 31659.837583
157 15.165503 -5.101521 8.447699 112.518362 51387.488403
157 -15.206816 5.075676 8.447699 112.518362 51328.294893
157 2.794456 -2.189878 4.224714 74.921517 12979.750004
157 -2.821596 2.245044 4.224714 74.921517 12791.244804
157 7.346474 -3.550674 5.095941 292.110108 18317.729285
157 -7.352598 3.556917 5.095941 292.110108 19590.430619
157 17.773690 -5.522810 6.944553 45.437387 35509.944164
157 -17.735577 5.472758 6.944553 45.437387 34990.051142
157 14.135873 -4.925299 16.044474 261.015094 188842.230744
157 -14.157951 4.907918 16.044474 261.015094 187238.598476
157 30.824734 -7.273124 2.217601 223.420845 3675.733529
157 -30.961881 7.374605 2.217601 223.420845 3577.047106
157 11.121054 -4.368620 9.859294 192.608356 70899.323689
157 -11.051474 4.318242 9.859294 192.608356 69153.141941
157 25.759418 -6.648740 5.555830 19.572559 21675.192474
157 -25.782371 6.566234 5.555830 19.572559 21721.134713
157 17.289867 -5.447122 7.221430 199.558780 38205.717234
157 -17.278388 5.444803 7.221430 199.558780 38032.730368
157 24.011964 -6.419262 6.093557 29.291366 27741.093168
157 -24.307703 6.498444 6.093557 29.291366 26668.003468
157 10.830301 -4.311134 15.459846 3.323370 177250.945150
157 -10.748996 4.248164 15.459846 3.323370 179153.695646
157 8.264316 -3.765952 5.360334 331.163516 20911.762527
157 -8.287582 3.679713 5.360334 331.163516 20416.970530
158 19.035644 -5.715511 11.154984 281.118677 88479.701049
158 -18.981527 5.764332 11.154984 281.118677 88371.998236
158 15.202129 -5.107678 5.901440 77.359155 26183.016518
158 -15.056218 5.115808 5.901440 77.359155 25282.530989
158 16.832988 -5.374671 1.659406 65.785358 1991.289285
158 -16.787548 5.372599 1.659406 65.785358 2035.500653
158 2.471016 -2.059250 2.697996 40.091386 5311.753688
158 -2.481786 2.045856 2.697996 40.091386 5106.967747
158 22.953953 -6.276247 12.558862 262.092646 116890.444544
158 -22.868197 6.302688 12.558862 262.092646 116305.414647
158 14.096047 -4.918356 19.291963 40.999816 268498.561710
158 -14.080200 4.890185 19.291963 40.999816 270015.749029
158 19.952810 -5.851582 4.461468 32.095243 14087.323481
158 -19.817394 5.827190 4.461468 32.095243 14070.984802
158 20.403927 -5.917363 5.690396 71.275035 23230.058692
158 -20.279025 5.938500 5.690396 71.275035 23263.200105
158 19.869313 -5.839326 4.378573 116.284989 14140.713379
158 -19.834437 5.888584 4.378573 116.284989 13794.560562
158 12.473562 -4.626649 5.891080 98.363445 24551.428483
158 -12.530799 4.689827 5.891080 98.363445 25507.167908
158 21.343356 -6.052052 6.968582 234.046242 35334.937631
158 -21.248585 5.947714 6.968582 234.046242 36637.987377
158 34.190685 -7.659937 4.439611 178.028751 13778.668850
158 -33.998967 7.743149 4.439611 178.028751 14027.102213
158 7.134855 -3.499161 1.565564 82.486648 1794.760327
158 -7.123195 3.500637 1.565564 82.486648 1807.307405
158 26.461241 -6.738704 9.845875 153.762674 69374.368434
158 -26.551809 6.738969 9.845875 153.762674 69907.561997
158 15.711263 -5.192504 11.520321 109.418511 96007.108756
158 -15.732067 5.166849 11.520321 109.418511 93963.243148
158 11.664457 -4.474078 4.223309 254.356134 12283.677544
158 -11.675820 4.462350 4.223309 254.356134 12841.357015
158 35.270918 -7.780001 10.042525 75.257799 72427.196885
158 -35.084582 7.880466 10.042525 75.257799 70517.048169
159 17.850378 -5.534712 4.422937 22.524871 13837.081885
159 -17.706591 5.542085 4.422937 22.524871 14624.615774
159 16.373128 -5.300748 5.320837 106.153715 20609.171098
159 -16.316376 5.269358 5.320837 106.153715 21079.356055
159 12.287261 -4.591968 9.782461 298.333512 70249.690484
159 -12.353707 4.570718 9.782461 298.333512 69638.544462
159 24.614659 -6.499324 17.650769 157.758549 220818.565716
159 -24.613943 6.519887 17.650769 157.758549 220097.649424
159 6.523946 -3.346004 9.520147 48.367616 65544.673795
159 -6.538530 3.391745 9.520147 48.367616 64316.762894
159 4.406155 -2.749800 9.007413 212.582094 58312.843050
159 -4.393149 2.730133 9.007413 212.582094 56376.611424
159 14.660869 -5.015926 3.879856 86.332528 10908.466506
159 -14.653958 4.980085 3.879856 86.332528 10990.364827
159 10.806555 -4.306406 9.317433 342.052703 62979.885303
159 -10.886494 4.326691 9.317433 342.052703 61240.578327
159 11.361421 -4.415579 3.672799 79.147137 9763.294994
159 -11.444675 4.436758 3.672799 79.147137 9660.708304
159 -0.007220 -0.111311 9.027487 180.834640 60588.459348
159 0.007197 0.113618 9.027487 180.834640 57237.064035
159 15.907775 -5.224876 8.565294 220.091630 51902.299802
159 -15.849980 5.269986 8.565294 220.091630 51862.709512
159 14.824721 -5.043878 6.676425 179.086917 31712.025912
159 -14.726309 5.126976 6.676425 179.086917 32170.639749
159 28.492034 -6.992509 5.684715 226.335129 23169.647343
159 -28.235061 6.907928 5.684715 226.335129 24296.860144
159 2.581612 -2.104829 3.984232 359.602186 11559.767457
159 -2.579820 2.083300 3.984232 359.602186 11354.198056
159 31.575416 -7.361153 8.806173 79.484121 55378.996612
159 -31.694085 7.295191 8.806173 79.484121 54408.060646
159 21.935384 -6.135415 1.435284 89.406235 1534.852760
159 -21.941800 6.157383 1.435284 89.406235 1458.706819
159 16.402845 -5.305556 3.617945 7.882824 9691.941152
159 -16.319474 5.339737 3.617945 7.882824 9449.224589
160 16.368532 -5.300004 5.302146 88.564577 20382.806255
160 -16.375729 5.280070 5.302146 88.564577 20108.627312
160 23.271796 -6.319551 9.447356 34.941205 63999.620975
160 -23.297842 6.315518 9.447356 34.941205 62551.181521
160 16.584491 -5.334852 16.060294 87.418750 185185.919718
160 -16.606241 5.377427 16.060294 87.418750 188644.497767
160 33.365646 -7.566953 4.542473 114.106819 15191.058590
160 -33.396992 7.587355 4.542473 114.106819 14797.624534
160 24.238240 -6.449438 7.435265 233.547890 40285.460600
160 -24.287585 6.521602 7.435265 233.547890 39433.699948
160 26.084139 -6.690515 3.043929 337.018070 6831.084428
160 -26.145537 6.722525 3.043929 337.018070 7019.097227
160 13.590953 -4.829434 15.681218 202.234422 177609.886743
160 -13.530511 4.845504 15.681218 202.234422 178375.091711
160 7.592321 -3.609596 9.841891 67.897751 71062.568465
160 -7.572758 3.616054 9.841891 67.897751 69713.028188
160 8.740574 -3.872944 4.085758 166.835837 12225.991700
160 -8.738016 3.827286 4.085758 166.835837 11754.851179
160 20.235367 -5.892870 5.294956 136.660335 19475.254398
160 -20.231774 5.982866 5.294956 136.660335 20701.866401
160 17.003396 -5.401808 7.677914 41.500251 43032.863678
160 -17.092045 5.429357 7.677914 41.500251 42610.716645
160 17.371425 -5.459954 2.035021 350.224849 2962.115677
160 -17.389171 5.480505 2.035021 350.224849 2985.480890
160 15.198684 -5.107099 4.156571 298.747715 12397.278229
160 -15.278194 5.011838 4.156571 298.747715 12268.756495
160 23.674077 -6.373938 5.136955 69.549301 18824.776581
160 -23.540345 6.333241 5.136955 69.549301 19541.781050
160 24.216828 -6.446588 2.744323 163.889011 5362.071538
160 -24.094257 6.493114 2.744323 163.889011 5385.829461
160 9.854394 -4.112314 4.250125 201.010131 13095.962127
160 -9.922969 4.078834 4.250125 201.010131 12826.910356
160 17.001591 -5.401521 13.161558 234.583905 126349.775460
160 -16.897382 5.501500 13.161558 234.583905 121519.103658
160 17.848025 -5.534347 5.978633 35.636843 25781.587277
160 -17.853173 5.594247 5.978633 35.636843 25499.333508
161 27.352316 -6.851227 10.965245 296.189527 87876.974550
161 -27.384916 6.847311 10.965245 296.189527 83511.629802
161 13.930122 -4.889323 3.348537 217.591422 7882.761269
161 -13.769568 4.829409 3.348537 217.591422 7965.567420
161 15.034426 -5.079427 10.137431 250.809553 74844.847165
161 -15.025435 5.181048 10.137431 250.809553 73106.656421
161 12.470421 -4.626066 12.254804 85.453267 105515.824733
161 -12.497400 4.688144 12.254804 85.453267 106847.215068
161 9.084199 -3.948341 7.250069 321.232401 37775.539699
161 -9.110037 3.915580 7.250069 321.232401 35810.235291
161 17.094705 -5.416292 15.267642 175.193479 169802.133487
161 -17.122459 5.467349 15.267642 175.193479 164269.464683
161 13.755541 -4.858589 2.697926 94.577612 5352.198959
161 -13.712337 4.965417 2.697926 94.577612 5220.018233
161 14.410351 -4.972887 9.453637 122.785666 64302.832924
161 -14.400315 4.916547 9.453637 122.785666 64761.892744
161 21.071028 -6.013318 4.417634 199.804153 13930.748529
161 -20.947777 6.046684 4.417634 199.804153 14072.928367
161 24.698681 -6.510408 19.660099 165.055332 278331.596777
161 -24.718312 6.581140 19.660099 165.055332 276934.411856
161 6.089488 -3.232672 6.332672 61.120811 28217.878107
161 -6.122353 3.250369 6.332672 61.120811 27037.229667
161 19.902635 -5.844220 17.788669 308.192551 220486.766836
161 -20.001953 5.856875 17.788669 308.192551 233694.264526
161 21.351463 -6.053201 15.863371 115.622197 180099.999207
161 -21.341139 5.914731 15.863371 115.622197 177386.635125
161 27.788984 -6.905699 16.409941 9.872151 193896.625858
161 -27.643222 6.897447 16.409941 9.872151 194759.118434
161 22.630873 -6.231921 6.153014 218.324680 27151.713555
161 -22.793514 6.308544 6.153014 218.324680 27872.108085
161 25.451709 -6.608909 9.713703 6.998676 68315.473157
161 -25.545848 6.594267 9.713703 6.998676 68304.758297
161 10.167098 -4.177051 11.022181 190.845805 86953.069650
161 -10.225709 4.174929 11.022181 190.845805 86220.571930
161 19.647433 -5.806631 8.993025 192.473350 55519.300245
161 -19.723172 5.757459 8.993025 192.473350 59522.765291
162 23.856282 -6.398419 4.086639 104.794274 11885.894560
162 -23.980964 6.351768 4.086639 104.794274 12198.573536
162 18.966957 -5.705190 5.142380 234.132617 19371.741652
162 -19.075787 5.669536 5.142380 234.132617 19034.117988
162 18.176472 -5.585037 9.710762 351.918873 67887.639217
162 -18.251261 5.572096 9.710762 351.918873 66089.162940
162 17.842455 -5.533483 19.270683 178.948769 263126.639669
162 -17.916646 5.607582 19.270683 178.948769 267795.891230
162 28.073915 -6.941012 18.845837 176.147810 253652.586030
162 -28.009810 6.907211 18.845837 176.147810 251751.840260
162 19.164605 -5.734839 4.044672 269.749872 12048.723761
162 -19.100660 5.687840 4.044672 269.749872 11920.183000
162 11.581634 -4.458166 2.472349 297.783731 4378.520782
162 -11.597849 4.511694 2.472349 297.783731 4563.169135
162 10.452915 -4.235357 6.191198 143.023173 28189.074328
162 -10.419827 4.235995 6.191198 143.023173 28387.632058
162 5.616345 -3.104547 5.718997 22.804207 23969.502858
162 -5.634097 3.106085 5.718997 22.804207 23370.840488
162 14.334696 -4.959816 14.737635 215.148395 155231.039202
162 -14.244537 4.918051 14.737635 215.148395 154295.062734
162 17.474022 -5.476054 4.173564 299.719124 12567.609201
162 -17.432568 5.520490 4.173564 299.719124 12613.747354
162 23.892617 -6.403290 8.837488 287.936028 54735.725457
162 -24.134431 6.397871 8.837488 287.936028 55541.035274
162 10.218221 -4.187540 2.535547 281.752625 4480.662463
162 -10.260513 4.139690 2.535547 281.752625 4755.529995
162 5.460053 -3.061045 7.125965 291.145865 37089.416140
162 -5.454619 3.078639 7.125965 291.145865 36986.716521
162 21.154406 -6.025203 8.612880 131.842206 53463.373914
162 -21.113808 6.033023 8.612880 131.842206 54637.466629
162 15.350260 -5.132502 4.299655 111.015063 13397.565751
162 -15.471359 5.131748 4.299655 111.015063 12807.197956
162 13.596462 -4.830413 9.303384 233.428956 61742.113868
162 -13.575131 4.782717 9.303384 233.428956 61768.835429
162 7.384449 -3.559839 10.763710 6.387783 83006.733676
162 -7.379303 3.527918 10.763710 6.387783 84529.528788
163 21.096276 -6.016919 14.696226 123.815428 159449.062581
163 -21.133440 5.994084 14.696226 123.815428 154128.457402
163 27.650973 -6.888529 6.846553 164.438910 33929.394849
163 -27.413019 6.783595 6.846553 164.438910 33919.588549
163 22.600080 -6.227680 3.387771 354.012382 8109.280792
163 -22.577339 6.254282 3.387771 354.012382 8144.422374
163 10.642244 -4.273541 12.746124 57.047965 115843.338511
163 -10.610877 4.249399 12.746124 57.047965 117602.462679
163 15.416568 -5.143576 7.149250 197.893789 37349.138754
163 -15.414920 5.245972 7.149250 197.893789 36027.138671
163 17.573653 -5.491643 6.508710 209.350406 31404.796574
163 -17.565307 5.538362 6.508710 209.350406 30885.412158
163 8.698421 -3.863594 4.954818 128.493317 18429.934946
163 -8.637623 3.802845 4.954818 128.493317 17793.662793
163 12.306395 -4.595542 6.189804 229.333505 26542.856615
163 -12.294654 4.470165 6.189804 229.333505 28013.836621
163 15.197673 -5.106929 5.139077 217.372304 18926.252349
163 -15.186418 5.046079 5.139077 217.372304 19523.809034
163 15.110393 -5.092244 11.034341 243.996892 90313.499539
163 -15.038771 5.066723 11.034341 243.996892 86719.597310
163 14.433485 -4.976877 7.927623 166.597157 46962.651857
163 -14.609160 4.976401 7.927623 166.597157 44898.565896
163 16.254298 -5.281477 8.343622 174.263564 49952.103594
163 -16.330693 5.284820 8.343622 174.263564 50168.627969
163 16.625195 -5.341395 6.284759 255.133262 29119.074585
163 -16.632346 5.358587 6.284759 255.133262 28630.353140
163 10.867116 -4.318455 3.420514 221.736330 8546.589439
163 -10.830941 4.279727 3.420514 221.736330 8251.939177
163 6.134719 -3.244656 14.176954 216.094397 144584.095482
163 -6.095593 3.248354 14.176954 216.094397 148231.077164
163 24.583984 -6.495273 10.373627 278.596619 78821.619103
163 -24.766962 6.440667 10.373627 278.596619 77112.220776
163 16.805473 -5.370277 5.409659 201.881853 20986.477111
163 -16.855133 5.392659 5.409659 201.881853 21413.839555
163 16.339030 -5.295225 15.881726 264.734533 183039.637382
163 -16.324380 5.295493 15.881726 264.734533 173500.308232
163 20.532973 -5.936045 6.739047 36.192166 31995.298064
163 -20.520842 5.966855 6.739047 36.192166 33465.541085
164 12.712158 -4.670689 11.703816 283.916263 99065.688972
164 -12.730412 4.739669 11.703816 283.916263 97396.777146
164 19.587541 -5.797774 4.151515 84.866387 12229.688892
164 -19.491138 5.773266 4.151515 84.866387 12450.715258
164 14.264927 -4.947731 5.757401 152.930608 24403.206567
164 -14.245009 4.975034 5.757401 152.930608 24434.536541
164 11.696928 -4.480301 2.174355 134.975163 3422.680797
164 -11.617542 4.511796 2.174355 134.975163 3355.305208
164 21.695628 -6.101792 7.835754 172.107602 42760.690217
164 -21.612621 6.222827 7.835754 172.107602 42781.069576
164 16.598649 -5.337129 6.332783 45.842677 29079.955902
164 -16.616458 5.329600 6.332783 45.842677 29321.067199
164 0.640370 -1.048303 5.859527 153.593938 23954.546440
164 -0.642078 1.049860 5.859527 153.593938 24580.245010
164 16.470951 -5.316559 13.209064 321.997467 126308.595943
164 -16.451662 5.269447 13.209064 321.997467 124232.857530
164 11.316146 -4.406772 4.322501 199.204910 13577.007622
164 -11.426754 4.372050 4.322501 199.204910 13338.719740
164 28.203877 -6.957059 5.858542 56.296316 24484.387925
164 -28.219530 7.032145 5.858542 56.296316 24536.993004
164 31.433894 -7.344638 1.071772 238.309791 837.479769
164 -31.603125 7.355231 1.071772 238.309791 814.149518
164 17.117125 -5.419843 2.646292 300.076765 5006.695797
164 -17.241548 5.442344 2.646292 300.076765 5181.335078
164 13.453474 -4.804946 8.982600 232.716510 56440.285307
164 -13.482962 4.842363 8.982600 232.716510 58421.761765
164 15.184204 -5.104666 1.648050 157.522503 1911.463126
164 -15.156313 5.014429 1.648050 157.522503 1983.233786
164 13.503264 -4.813829 10.964213 238.814785 89746.248094
164 -13.374043 4.794503 10.964213 238.814785 83830.673553
164 19.010246 -5.711697 17.280077 357.224237 214432.236210
164 -19.085156 5.708568 17.280077 357.224237 213454.584056
164 23.880250 -6.401632 11.332625 347.657306 90492.861050
164 -23.887523 6.402003 11.332625 347.657306 93447.574806
164 18.524381 -5.638235 9.153557 78.949462 60361.277305
164 -18.760866 5.580752 9.153557 78.949462 60754.727075
164 -1.661271 -1.688463 3.207801 23.537330 7351.654279
164 1.657301 1.703757 3.207801 23.537330 7387.742914
165 28.226668 -6.959870 7.545632 272.878117 40835.100130
165 -28.145483 6.901657 7.545632 272.878117 40651.079821
165 10.262710 -4.196646 9.428516 345.548296 62066.875732
165 -10.292306 4.221455 9.428516 345.548296 63950.471408
165 11.805181 -4.500986 5.050675 138.627046 18182.458559
165 -11.802957 4.523781 5.050675 138.627046 18809.566625
165 10.855787 -4.316204 4.020886 309.108079 11434.997198
165 -10.790119 4.294560 4.020886 309.108079 11680.528732
165 11.944752 -4.527515 4.229364 324.069026 12513.737727
165 -11.981672 4.568335 4.229364 324.069026 13052.489908
165 18.416748 -5.621831 5.668907 77.418920 22554.096535
165 -18.304610 5.671943 5.668907 77.418920 23268.144708
165 12.801738 -4.687117 2.463345 70.691479 4430.191054
165 -12.767339 4.696502 2.463345 70.691479 4528.636979
165 19.565849 -5.794562 6.776867 35.415719 32694.665548
165 -19.729200 5.957455 6.776867 35.415719 34225.817066
165 24.390702 -6.469690 10.917425 239.453474 85627.816000
165 -24.421229 6.511345 10.917425 239.453474 85747.582308
165 27.139108 -6.824472 4.323801 177.110848 13646.718780
165 -27.141126 6.812935 4.323801 177.110848 13840.514485
165 11.204253 -4.384931 9.000116 340.614049 59611.698988
165 -11.135664 4.402639 9.000116 340.614049 59874.048682
165 17.354396 -5.457278 7.415214 274.581106 38893.360936
165 -17.373248 5.455356 7.415214 274.581106 38770.693199
165 14.831931 -5.045104 5.668770 51.059232 23545.597733
165 -14.777086 5.064094 5.668770 51.059232 22616.197364
165 17.491286 -5.478759 7.049475 59.503153 35004.930453
165 -17.381137 5.563248 7.049475 59.503153 35555.887941
165 1.972068 -1.839637 6.502495 71.167781 31175.551838
165 -1.972351 1.846380 6.502495 71.167781 30956.136883
165 6.669610 -3.383152 6.833371 176.847568 34147.299462
165 -6.684761 3.340170 6.833371 176.847568 34598.641914
165 3.395583 -2.413951 7.372421 273.477935 38768.775640
165 -3.407912 2.429829 7.372421 273.477935 39435.052046
165 10.049442 -4.152812 13.402121 109.240224 121425.180976
165 -10.030264 4.253480 13.402121 109.240224 133876.484338
165 16.498586 -5.321017 5.265457 296.358659 19998.108025
165 -16.538402 5.301608 5.265457 296.358659 19526.620031
166 18.610733 -5.651361 16.374807 150.677413 183682.738033
166 -18.530016 5.646641 16.374807 150.677413 186647.271361
166 19.848469 -5.836262 3.403060 115.346100 8565.649969
166 -19.741349 5.867106 3.403060 115.346100 8709.820855
166 11.942730 -4.527131 7.920350 207.222493 45758.396902
166 -11.964629 4.513265 7.920350 207.222493 45931.582537
166 16.320793 -5.292269 5.560851 325.123569 22683.171375
166 -16.193786 5.328114 5.560851 325.123569 22348.082432
166 12.698366 -4.668154 3.480046 173.211925 8615.625135
166 -12.694676 4.675867 3.480046 173.211925 8904.755591
166 13.204504 -4.760278 18.778783 23.631282 258689.566802
166 -13.205363 4.784017 18.778783 23.631282 254730.675471
166 10.319009 -4.208141 13.287186 102.131827 126229.392160
166 -10.415171 4.162901 13.287186 102.131827 130238.982976
166 26.062400 -6.687726 7.975003 40.348105 45309.476994
166 -26.180336 6.790558 7.975003 40.348105 47725.802320
166 29.285164 -7.089166 6.162618 96.325108 26749.069124
166 -29.195154 7.039818 6.162618 96.325108 27641.802074
166 9.708215 -4.081699 8.709551 287.018669 51935.007743
166 -9.699046 4.017648 8.709551 287.018669 55421.819526
166 24.671204 -6.506785 19.893298 166.804074 284471.505433
166 -24.670178 6.673801 19.893298 166.804074 290970.442658
166 23.238943 -6.315089 4.042180 300.422658 12054.312655
166 -23.147112 6.328240 4.042180 300.422658 11303.313664
166 12.851036 -4.696133 6.119143 136.413711 27327.068716
166 -12.857810 4.676300 6.119143 136.413711 27311.677751
166 28.247298 -6.962412 13.886676 53.447372 143219.080313
166 -28.151937 6.914483 13.886676 53.447372 141087.335585
166 14.288996 -4.951903 8.759049 260.702927 54522.009079
166 -14.360418 4.997394 8.759049 260.702927 53094.078399
166 18.242837 -5.595224 10.182647 0.375711 73482.921157
166 -18.306064 5.620091 10.182647 0.375711 72198.838263
166 21.087133 -6.015615 8.583055 16.062516 54087.392292
166 -20.994210 6.032728 8.583055 16.062516 53516.725304
166 12.700541 -4.668554 4.551519 253.960151 15761.723042
166 -12.716858 4.591410 4.551519 253.960151 14960.922948
166 2.289301 -1.982087 20.390845 44.713900 294249.573766
166 -2.283808 1.986491 20.390845 44.713900 293851.057535
166 20.007541 -5.859602 6.292812 103.810669 27940.014500
166 -19.895934 5.828486 6.292812 103.810669 29152.456903
167 17.898033 -5.542095 6.428969 302.260464 30373.295107
167 -17.923419 5.545871 6.428969 302.260464 29288.476460
167 20.920295 -5.991771 6.421234 308.107673 28491.620488
167 -20.730067 5.859953 6.421234 308.107673 29863.489304
167 14.922941 -5.060559 5.703139 25.255153 23489.129086
167 -14.960403 5.062792 5.703139 25.255153 23174.516508
167 15.869282 -5.218551 3.719369 166.126587 9922.571034
167 -16.035366 5.309551 3.719369 166.126587 10230.479970
167 3.943382 -2.601392 6.929146 230.707494 35671.583995
167 -3.949146 2.539814 6.929146 230.707494 35766.229999
167 1.045679 -1.339586 7.369056 16.116697 40053.139338
167 -1.051483 1.337028 7.369056 16.116697 38621.504656
167 12.279453 -4.590509 13.295688 170.148013 126065.793110
167 -12.309016 4.611185 13.295688 170.148013 130113.455618
167 12.209249 -4.577367 4.261019 347.136000 12912.327222
167 -12.086668 4.595586 4.261019 347.136000 13126.280470
167 10.993375 -4.343470 8.235416 316.319627 50170.997334
167 -11.082873 4.293845 8.235416 316.319627 49575.476960
167 23.524095 -6.353715 3.635651 162.484116 9423.896190
167 -23.453932 6.291074 3.635651 162.484116 9523.192095
167 31.713193 -7.377195 9.817998 22.286487 71874.702289
167 -31.898250 7.191220 9.817998 22.286487 71330.444591
167 10.325232 -4.209410 7.781564 104.494001 42408.776557
167 -10.336646 4.225871 7.781564 104.494001 43922.121371
167 7.858019 -3.672213 5.086786 228.976037 17954.752053
167 -7.801745 3.707619 5.086786 228.976037 18690.089028
167 13.666538 -4.842845 8.815656 349.352216 54536.692260
167 -13.599899 4.892495 8.815656 349.352216 55916.961404
167 7.719388 -3.639676 10.439768 239.659001 79299.964164
167 -7.705238 3.675191 10.439768 239.659001 78776.702084
167 10.431604 -4.231037 3.273656 342.286820 7731.683926
167 -10.385481 4.255121 3.273656 342.286820 7874.951378
167 10.576547 -4.260330 19.962343 259.602507 281551.405442
167 -10.575308 4.256610 19.962343 259.602507 289606.503561
167 9.853667 -4.112162 9.807101 176.362948 68809.636493
167 -9.918235 4.129811 9.807101 176.362948 70822.078997
167 21.048177 -6.010056 3.562152 197.098246 9333.613694
167 -20.998389 5.926028 3.562152 197.098246 9052.488172
167 22.142749 -6.164347 5.360254 79.298496 21010.970909
167 -22.036157 6.088708 5.360254 79.298496 20370.526755
168 22.041089 -6.150180 10.436793 174.614686 78283.111844
168 -22.024718 6.188994 10.436793 174.614686 77214.137233
168 16.859255 -5.378863 3.608658 301.477602 9204.645466
168 -16.734666 5.394031 3.608658 301.477602 9306.545080
168 14.848750 -5.047964 6.342491 148.874518 29117.872221
168 -14.957499 5.032216 6.342491 148.874518 29076.810388
168 5.766053 -3.145652 10.378258 298.237801 78415.187227
168 -5.787615 3.126658 10.378258 298.237801 77931.209730
168 23.146883 -6.302568 9.585954 282.967569 68449.371895
168 -23.111332 6.419564 9.585954 282.967569 68128.261415
168 17.590109 -5.494214 6.228268 229.357714 27397.586602
168 -17.465117 5.599763 6.228268 229.357714 27472.211149
168 8.885450 -3.904910 3.312136 100.394843 7866.951341
168 -8.828419 3.879892 3.312136 100.394843 7474.399158
168 14.976190 -5.069580 11.732365 200.294101 101535.931260
168 -14.927755 5.019059 11.732365 200.294101 96363.377492
168 20.887381 -5.987056 7.094946 46.475396 36317.268388
168 -20.748008 5.943805 7.094946 46.475396 36493.110172
168 16.383427 -5.302414 14.552637 280.797630 156017.105828
168 -16.314517 5.291434 14.552637 280.797630 151994.848153
168 12.353233 -4.604279 5.300135 103.041624 19849.209616
168 -12.267176 4.633290 5.300135 103.041624 19196.029780
168 9.375825 -4.011216 10.456239 97.311697 80624.265902
168 -9.404768 4.037102 10.456239 97.311697 80124.361756
168 7.648358 -3.622892 2.242823 150.730925 3699.622340
168 -7.641205 3.650385 2.242823 150.730925 3560.373903
168 17.933917 -5.547648 4.278692 157.452513 13404.947892
168 -17.844043 5.486837 4.278692 157.452513 13250.613006
168 11.816381 -4.503120 6.884891 101.604987 35176.111664
168 -11.805553 4.482339 6.884891 101.604987 33241.767973
168 15.086882 -5.088281 12.387399 208.144160 111677.132255
168 -15.017469 5.003018 12.387399 208.144160 109793.952643
168 17.559886 -5.489492 4.544291 176.990123 15178.360701
168 -17.561790 5.477338 4.544291 176.990123 14652.373518
168 29.370863 -7.099531 8.490731 160.649983 50537.092652
168 -29.251228 7.108937 8.490731 160.649983 51561.356113
168 19.146954 -5.732197 5.888401 176.525330 25159.377554
168 -19.224741 5.823258 5.888401 176.525330 24752.144797
168 13.171243 -4.754279 23.363830 345.564457 386503.544345
168 -13.219685 4.765666 23.363830 345.564457 401972.740204
169 15.253144 -5.116241 6.855648 269.791317 33807.285356
169 -15.145315 5.137632 6.855648 269.791317 33745.042953
169 15.607210 -5.175281 5.989264 328.744004 25566.859135
169 -15.549378 5.244538 5.989264 328.744004 25693.313459
169 9.455212 -4.028162 2.749829 8.618086 5441.096356
169 -9.383188 4.022196 2.749829 8.618086 5527.562225
169 15.422040 -5.144489 7.618771 357.503270 41832.866234
169 -15.355741 5.205533 7.618771 357.503270 41885.360430
169 15.511375 -5.159367 6.704010 150.241014 32574.913029
169 -15.460593 5.125016 6.704010 150.241014 31817.963372
169 10.748113 -4.294745 10.482137 306.595684 77744.200000
169 -10.736855 4.276852 10.482137 306.595684 80510.634530
169 13.173099 -4.754614 11.289163 208.573859 95398.882018
169 -13.068832 4.671410 11.289163 208.573859 92635.421410
169 8.949341 -3.918924 3.451159 332.704654 8473.024811
169 -8.983190 3.859872 3.451159 332.704654 8450.352721
169 11.269873 -4.397753 9.660264 344.553840 66702.552188
169 -11.290485 4.273627 9.660264 344.553840 67363.932034
169 11.081927 -4.360928 2.482508 277.958540 4523.775470
169 -11.013482 4.370842 2.482508 277.958540 4266.867294
169 2.203773 -1.944710 4.867608 51.947050 17070.127886
169 -2.202041 1.930937 4.867608 51.947050 17028.549643
169 15.784506 -5.204593 5.416939 109.890740 20882.531350
169 -15.786593 5.199648 5.416939 109.890740 20621.027148
169 12.388699 -4.610883 3.533995 296.846300 9379.149868
169 -12.382421 4.611592 3.533995 296.846300 8986.681040
169 13.233200 -4.765448 5.845524 177.711566 24586.173122
169 -13.249926 4.832686 5.845524 177.711566 25192.642815
169 10.320484 -4.208442 3.362872 154.205124 8191.271876
169 -10.410250 4.193607 3.362872 154.205124 8055.955772
169 9.889193 -4.119568 8.197133 277.834363 49146.129049
169 -9.776770 4.124649 8.197133 277.834363 49904.530262
169 23.850441 -6.397636 4.939098 169.893436 17216.148209
169 -23.656574 6.449489 4.939098 169.893436 17299.143292
169 18.175330 -5.584862 4.661329 211.698453 15751.211724
169 -18.136534 5.561342 4.661329 211.698453 15626.443013
169 15.066280 -5.084805 5.011657 161.232439 17898.559158
169 -14.976835 5.125544 5.011657 161.232439 18416.155602
169 2.425017 -2.039993 6.001574 15.371034 25131.438338
169 -2.433769 2.033915 6.001574 15.371034 25205.067266
170 21.965825 -6.139670 2.848047 354.981082 5719.031028
170 -22.150607 6.103956 2.848047 354.981082 5709.474335
170 13.053045 -4.732899 9.929777 126.818203 68730.047455
170 -13.028252 4.813084 9.929777 126.818203 71901.111646
170 9.453901 -4.027883 13.242821 291.039273 126655.257288
170 -9.436577 4.026511 13.242821 291.039273 122447.961612
170 11.160126 -4.376288 2.765524 289.954413 5563.218242
170 -11.189549 4.385071 2.765524 289.954413 5525.693465
170 8.461477 -3.810609 8.363593 199.493411 50169.028719
170 -8.419216 3.792184 8.363593 199.493411 50255.051458
170 12.985018 -4.720550 4.137229 104.312338 12599.498337
170 -12.884679 4.653998 4.137229 104.312338 12349.680478
170 11.229052 -4.389781 3.610061 8.773388 9338.913722
170 -11.216734 4.368602 3.610061 8.773388 9406.061005
170 12.810700 -4.688757 3.554165 9.403931 9064.427463
170 -12.773304 4.696139 3.554165 9.403931 9138.610700
170 14.142925 -4.926527 9.774551 231.427683 68295.067735
170 -14.034638 4.990691 9.774551 231.427683 69644.436949
170 7.843588 -3.668839 2.686872 180.657751 5167.621037
170 -7.882585 3.603316 2.686872 180.657751 5096.954966
170 27.549517 -6.875880 6.755254 140.796989 31459.005236
170 -27.589428 6.816784 6.755254 140.796989 32105.303986
170 24.617097 -6.499646 4.343802 50.199206 13690.263942
170 -24.613719 6.615106 4.343802 50.199206 13324.455031
170 22.830759 -6.259382 4.883796 13.589353 17134.197600
170 -23.066150 6.228247 4.883796 13.589353 17872.434066
170 10.554592 -4.255906 2.616685 246.149383 4811.441758
170 -10.609538 4.172173 2.616685 246.149383 4731.873017
170 8.223712 -3.756689 10.404617 133.025196 81079.905162
170 -8.207265 3.817521 10.404617 133.025196 81178.341554
170 11.231297 -4.390220 10.026007 73.228905 71027.524452
170 -11.256389 4.404261 10.026007 73.228905 74912.942374
170 8.661254 -3.855331 8.805043 76.852122 54447.915166
170 -8.622209 3.758527 8.805043 76.852122 57491.176806
170 20.262641 -5.896840 10.845629 211.621853 87216.075401
170 -20.364544 5.899085 10.845629 211.621853 86097.654452
170 17.733499 -5.516562 11.432913 123.934261 89529.710600
170 -17.742359 5.506103 11.432913 123.934261 91768.000411
170 15.892617 -5.222387 10.702559 68.432930 81075.928372
170 -15.858027 5.166775 10.702559 68.432930 81216.374885
170 12.070432 -4.551271 4.697897 107.863850 16301.504985
170 -12.066534 4.501396 4.697897 107.863850 15931.616671
171 21.037609 -6.008547 10.646108 185.580176 83119.612807
171 -21.064585 5.999232 10.646108 185.580176 84657.018467
171 7.557094 -3.601212 6.220538 298.542577 28268.546290
171 -7.478251 3.588733 6.220538 298.542577 27299.411466
171 17.459931 -5.473846 7.455669 183.375510 39240.727308
171 -17.521281 5.521676 7.455669 183.375510 40214.536273
171 16.534666 -5.326832 21.853878 335.039457 346654.753274
171 -16.570458 5.326801 21.853878 335.039457 347420.126216
171 16.167589 -5.267371 3.511790 53.778425 9102.936862
171 -16.175725 5.232729 3.511790 53.778425 8932.315389
171 23.594904 -6.363271 4.290793 308.556518 12876.583827
171 -23.518774 6.326348 4.290793 308.556518 13399.264040
171 20.490918 -5.929963 3.213763 249.784234 7128.251481
171 -20.586511 5.904274 3.213763 249.784234 7538.404243
171 13.782843 -4.863408 2.368820 188.567330 4043.358676
171 -13.854360 4.843519 2.368820 188.567330 4034.125473
171 28.365391 -6.976951 6.388165 196.645198 30692.599100
171 -28.389753 6.919761 6.388165 196.645198 29649.778133
171 12.720113 -4.672150 20.484826 53.754141 293870.896052
171 -12.754466 4.726815 20.484826 53.754141 305976.373349
171 20.604114 -5.946320 7.144414 2.209306 36703.338620
171 -20.605865 5.977062 7.144414 2.209306 35942.100909
171 19.446952 -5.776929 1.923386 56.898571 2585.703128
171 -19.429990 5.789084 1.923386 56.898571 2701.571045
171 5.869945 -3.173864 19.196976 98.175995 272424.934169
171 -5.834707 3.138107 19.196976 98.175995 270854.169828
171 2.009642 -1.857080 6.762263 33.169135 33142.735650
171 -1.996784 1.857571 6.762263 33.169135 32248.521559
171 12.688252 -4.666295 2.571511 44.074017 4801.748768
171 -12.618392 4.727917 2.571511 44.074017 4925.080345
171 23.525166 -6.353860 7.497480 142.332413 39749.713568
171 -23.465028 6.427361 7.497480 142.332413 39509.873787
171 21.534168 -6.079045 4.553684 219.085738 15098.270883
171 -21.446155 6.026036 4.553684 219.085738 14910.613169
171 20.728034 -5.964175 7.487687 311.190844 41061.852524
171 -20.631099 5.986471 7.487687 311.190844 41286.218065
171 15.093783 -5.089444 11.602557 36.841667 94642.923689
171 -15.257942 5.069668 11.602557 36.841667 97123.183452
171 18.809590 -5.681473 10.470647 258.890356 77515.251764
171 -18.928291 5.673217 10.470647 258.890356 79887.065368
171 15.839781 -5.213698 12.086857 273.403461 106140.445741
171 -15.796703 5.161456 12.086857 273.403461 102447.465260
172 6.885389 -3.437443 12.155896 130.087329 107211.487884
172 -6.880966 3.474059 12.155896 130.087329 104742.252935
172 17.732242 -5.516367 3.633710 107.330054 9362.113947
172 -17.693722 5.579599 3.633710 107.330054 9194.575525
172 3.037800 -2.283237 5.748350 284.701013 22979.088785
172 -3.035033 2.284817 5.748350 284.701013 23814.703687
172 15.680160 -5.187362 14.902456 274.303440 158610.231121
172 -15.652812 5.171840 14.902456 274.303440 160982.130678
172 12.178808 -4.571657 12.022532 145.591679 101064.202108
172 -12.129891 4.605095 12.022532 145.591679 102064.262372
172 -5.718672 -3.132701 5.442472 204.721072 21726.950221
172 5.666602 3.203998 5.442472 204.721072 21059.681556
172 22.174551 -6.168772 6.008923 88.585064 25329.934935
172 -22.013440 6.211959 6.008923 88.585064 26017.278112
172 22.309685 -6.187540 9.669303 264.129422 67054.747170
172 -22.471556 6.182600 9.669303 264.129422 68868.539736
172 22.542716 -6.219771 13.109337 31.141123 124401.591728
172 -22.834874 6.171893 13.109337 31.141123 124223.791186
172 11.044308 -4.353520 11.769679 339.966244 101421.461207
172 -11.124855 4.357133 11.769679 339.966244 97358.010397
172 22.942793 -6.274721 1.392607 28.463411 1372.827284
172 -22.820792 6.224452 1.392607 28.463411 1417.372263
172 27.812934 -6.908674 5.267348 262.139407 20021.272467
172 -27.888922 6.926298 5.267348 262.139407 19836.697681
172 11.639256 -4.469242 7.221181 185.575063 38326.062170
172 -11.585285 4.347513 7.221181 185.575063 36639.713660
172 14.808443 -5.041108 6.229425 54.331240 28090.957028
172 -14.818411 4.989892 6.229425 54.331240 27927.682375
172 9.641718 -4.067696 3.243260 51.283355 7410.805517
172 -9.630730 4.104528 3.243260 51.283355 7348.228729
172 2.616397 -2.118962 4.982058 110.090274 18334.566014
172 -2.607739 2.150340 4.982058 110.090274 17667.753466
172 7.313758 -3.542759 5.533125 8.509107 21987.899844
172 -7.351546 3.558320 5.533125 8.509107 21912.009263
172 16.969546 -5.396428 4.420840 255.099853 14083.329086
172 -16.930702 5.425506 4.420840 255.099853 14417.907067
172 9.009631 -3.932102 5.827756 169.053347 24113.706640
172 -9.010065 3.927686 5.827756 169.053347 24655.993292
172 2.907547 -2.233750 6.798934 125.294825 33596.369776
172 -2.945031 2.263350 6.798934 125.294825 33610.259934
172 20.894497 -5.988075 8.675073 5.189096 53763.103422
172 -20.858533 6.043080 8.675073 5.189096 55192.606914
173 9.092582 -3.950162 3.488970 270.791598 8826.444412
173 -9.127855 3.918092 3.488970 270.791598 8823.797351
173 12.391479 -4.611401 14.459886 124.621889 147627.747375
173 -12.488084 4.556402 14.459886 124.621889 158326.376518
173 -6.770953 -3.408758 4.172546 291.818668 12525.639953
173 6.773085 3.414941 4.172546 291.818668 12238.566951
173 -0.534550 -0.957779 6.196917 137.745380 27486.882473
173 0.535165 0.962918 6.196917 137.745380 27703.662916
173 12.659840 -4.661068 6.752682 13.295822 33543.729509
173 -12.503329 4.702697 6.752682 13.295822 32617.457138
173 7.185808 -3.511633 3.475180 326.976756 8644.047683
173 -7.180517 3.572976 3.475180 326.976756 8614.468210
173 18.929387 -5.699537 17.560123 135.125746 220599.464615
173 -18.988019 5.723874 17.560123 135.125746 225825.222235
173 19.458782 -5.778686 9.951629 78.203068 70929.776556
173 -19.399720 5.688255 9.951629 78.203068 71294.242642
173 14.532313 -4.993886 3.825432 327.304220 10418.034925
173 -14.606410 5.055148 3.825432 327.304220 10412.915308
173 15.692349 -5.189378 11.832333 222.840712 98015.805583
173 -15.694210 5.188732 11.832333 222.840712 103037.118458
173 9.832216 -4.107684 4.784691 23.437481 16900.586788
173 -9.792612 4.079841 4.784691 23.437481 17030.130590
173 9.397914 -4.015938 8.933423 165.889041 58290.755821
173 -9.399022 3.991773 8.933423 165.889041 57344.820948
173 22.796359 -6.254665 8.976636 2.369554 58704.687404
173 -22.602326 6.170742 8.976636 2.369554 56865.966351
173 12.536487 -4.638304 2.196149 123.727385 3392.631212
173 -12.589602 4.682765 2.196149 123.727385 3555.684018
173 9.382062 -4.012550 4.246820 248.598659 12948.417832
173 -9.418924 4.062433 4.246820 248.598659 12678.121508
173 17.680704 -5.508344 7.935890 306.134613 46825.504902
173 -17.608933 5.516626 7.935890 306.134613 46952.869309
173 20.824439 -5.978028 4.685045 2.401347 15791.389832
173 -20.772553 5.936214 4.685045 2.401347 16454.856284
173 20.793362 -5.973566 9.945518 268.541615 68709.700817
173 -20.681471 6.092067 9.945518 268.541615 70141.471726
173 15.266294 -5.118446 6.513037 277.353748 31051.296965
173 -15.207119 5.088014 6.513037 277.353748 30839.280004
173 12.959327 -4.715878 3.462521 62.931975 8951.763294
173 -12.972371 4.583208 3.462521 62.931975 8458.675628
173 8.475528 -3.813772 5.059318 231.026250 18027.452198
173 -8.403670 3.783000 5.059318 231.026250 18775.782799
174 15.221229 -5.110886 6.102627 269.338356 27429.877530
174 -15.145080 5.195354 6.102627 269.338356 27942.115325
174 17.750547 -5.519213 2.930454 82.603833 6258.424125
174 -17.764158 5.595037 2.930454 82.603833 5943.209261
174 18.466454 -5.629412 5.740759 340.935453 23096.673630
174 -18.489048 5.752437 5.740759 340.935453 23588.918620
174 18.210222 -5.590220 5.266032 224.324959 19640.973294
174 -18.226263 5.585880 5.266032 224.324959 20187.432719
174 20.894842 -5.988125 3.465844 76.716736 8553.083306
174 -20.907728 5.908853 3.465844 76.716736 8631.649643
174 12.750155 -4.677664 6.375725 167.460013 28497.085392
174 -12.678103 4.761844 6.375725 167.460013 30115.778445
174 19.291966 -5.753863 6.199444 25.777267 27176.330473
174 -19.166934 5.769558 6.199444 25.777267 26897.128181
174 19.844218 -5.835637 3.684753 110.160145 9901.695811
174 -19.642019 5.812383 3.684753 110.160145 9866.778798
174 5.260525 -3.004594 3.202172 276.425224 7362.975775
174 -5.210296 2.979571 3.202172 276.425224 7241.346363
174 22.329201 -6.190246 9.902774 193.728282 71867.118697
174 -22.449284 6.180041 9.902774 193.728282 69182.605786
174 14.572623 -5.000808 6.265260 157.304244 29116.241279
174 -14.546483 4.959277 6.265260 157.304244 29276.237801
174 26.195634 -6.704799 5.581997 334.295946 22556.701219
174 -26.305207 6.780600 5.581997 334.295946 23461.184044
174 13.122879 -4.745542 14.179115 171.065046 147154.440627
174 -13.056285 4.820332 14.179115 171.065046 145967.316370
174 21.628387 -6.092329 5.409684 153.768549 20848.753128
174 -21.433188 6.057690 5.409684 153.768549 20481.246157
174 8.837280 -3.894311 6.858852 310.378917 33909.973343
174 -8.821682 3.892933 6.858852 310.378917 34246.493826
174 19.075822 -5.721540 1.347322 96.141165 1253.505042
174 -19.047805 5.860455 1.347322 96.141165 1316.507082
174 1.876886 -1.794694 7.256350 80.571935 39223.348398
174 -1.870818 1.791133 7.256350 80.571935 37851.042753
174 19.002751 -5.710571 6.246836 165.146970 27569.556986
174 -19.028758 5.672393 6.246836 165.146970 28448.504712
174 7.721668 -3.640213 2.118994 13.568149 3165.190668
174 -7.739209 3.666853 2.118994 13.568149 3176.243936
174 19.855421 -5.837284 6.819646 144.196729 33401.706579
174 -19.803374 5.804138 6.819646 144.196729 33881.225953
174 17.453645 -5.472860 16.625047 348.933155 195319.737948
174 -17.490544 5.443202 16.625047 348.933155 189827.466060
175 15.509378 -5.159035 4.704681 81.377195 15628.523418
175 -15.731556 5.144367 4.704681 81.377195 16471.986366
175 16.926080 -5.389513 15.190933 67.871128 166537.621278
175 -16.917439 5.459631 15.190933 67.871128 170556.918120
175 10.186199 -4.180973 5.020888 211.309380 17882.733799
175 -10.229701 4.211779 5.020888 211.309380 18457.933680
175 7.954967 -3.694796 14.445699 144.918787 153235.054949
175 -7.920191 3.640698 14.445699 144.918787 151819.736245
175 20.830113 -5.978842 9.384323 353.539970 64106.125423
175 -20.877641 5.985332 9.384323 353.539970 62250.349026
175 18.535453 -5.639919 3.237793 253.408655 7864.125883
175 -18.468146 5.651681 3.237793 253.408655 7719.237842
175 13.185713 -4.756890 8.935916 122.412338 59679.206514
175 -13.146213 4.801200 8.935916 122.412338 58207.346452
175 14.239956 -4.943399 6.608993 228.392247 32680.157929
175 -14.353148 4.961125 6.608993 228.392247 31713.000447
175 27.799378 -6.906990 19.695639 284.018456 278959.869822
175 -27.747275 6.896034 19.695639 284.018456 285912.247156
175 8.558541 -3.832403 5.053437 176.501668 18725.612588
175 -8.617908 3.799575 5.053437 176.501668 18355.936049
175 11.502331 -4.442876 5.914046 258.048972 23990.145268
175 -11.500077 4.458605 5.914046 258.048972 26156.489316
175 9.717404 -4.083630 7.521944 268.550876 40813.665510
175 -9.726097 4.132265 7.521944 268.550876 40542.300126
175 11.812705 -4.502420 4.913885 314.787207 16998.520042
175 -11.793593 4.493025 4.913885 314.787207 17804.865824
175 19.229381 -5.744523 6.599254 293.426191 32734.501996
175 -19.211445 5.775712 6.599254 293.426191 31194.967230
175 15.319230 -5.127312 11.713222 108.908283 99830.285514
175 -15.170341 5.168733 11.713222 108.908283 98045.514936
175 22.203365 -6.172779 5.187146 175.193048 19359.571082
175 -22.242608 6.215070 5.187146 175.193048 19243.403347
175 20.303786 -5.902824 3.757227 291.113924 10217.139159
175 -20.424542 5.846238 3.757227 291.113924 10169.760881
175 22.820871 -6.258027 3.727145 33.612868 9715.294704
175 -22.772936 6.193901 3.727145 33.612868 10133.341153
175 17.752727 -5.519552 14.041095 278.403745 146595.155493
175 -17.823714 5.555904 14.041095 278.403745 144652.962060
175 7.073177 -3.484003 7.395902 202.257308 39696.958114
175 -7.077814 3.512234 7.395902 202.257308 40463.526550
175 29.459369 -7.110220 2.648185 3.030321 5107.157887
175 -29.534792 7.226348 2.648185 3.030321 5039.540041
176 18.570901 -5.645310 2.681785 184.452482 5007.704535
176 -18.718382 5.640650 2.681785 184.452482 5148.594666
176 11.497330 -4.441910 16.934319 293.553448 203381.541719
176 -11.505898 4.489759 16.934319 293.553448 205717.150867
176 -0.690617 -1.088654 3.057926 111.767811 6751.841408
176 0.688394 1.087514 3.057926 111.767811 6846.757959
176 9.617847 -4.062658 2.800480 167.539711 5704.514457
176 -9.660429 4.113865 2.800480 167.539711 5666.399683
176 8.615579 -3.845152 3.619525 29.396687 9430.172508
176 -8.657762 3.864430 3.619525 29.396687 8972.384256
176 8.612046 -3.844364 11.211528 341.111882 90173.307874
176 -8.619810 3.844469 11.211528 341.111882 94445.733766
176 15.021459 -5.077236 8.667939 275.547108 53675.515057
176 -15.012498 5.147907 8.667939 275.547108 52512.565550
176 25.102747 -6.563446 2.702032 122.837606 5401.901073
176 -25.268162 6.470083 2.702032 122.837606 5197.729282
176 7.885548 -3.678639 7.079866 175.762678 34665.032588
176 -7.871825 3.640059 7.079866 175.762678 35240.164386
176 11.669826 -4.475108 3.913343 196.284926 11043.685730
176 -11.652018 4.548409 3.913343 196.284926 10661.721493
176 20.740525 -5.965971 13.437248 44.168112 127725.631471
176 -20.873726 5.916496 13.437248 44.168112 130832.455222
176 9.051200 -3.941163 5.930293 175.719872 24831.022152
176 -9.064491 3.943477 5.930293 175.719872 25094.574123
176 12.317438 -4.597603 3.987043 64.401796 11530.147921
176 -12.390498 4.455118 3.987043 64.401796 11923.781159
176 13.576410 -4.826850 12.933041 208.714172 119168.910216
176 -13.563529 4.874807 12.933041 208.714172 120316.984216
176 18.458251 -5.628162 6.201892 45.100481 27271.631468
176 -18.487743 5.588607 6.201892 45.100481 26748.787484
176 7.505371 -3.588867 1.799181 96.413215 2390.847118
176 -7.471747 3.609989 1.799181 96.413215 2387.714511
176 16.288472 -5.287026 4.156292 59.668842 12740.798967
176 -16.305236 5.203230 4.156292 59.668842 12405.493091
176 20.723304 -5.963494 8.045828 284.104482 47311.746333
176 -20.734053 6.043657 8.045828 284.104482 44049.226406
176 31.339480 -7.333599 7.378603 257.894476 38867.872162
176 -31.419066 7.388175 7.378603 257.894476 38519.223503
176 18.465553 -5.629275 5.873904 125.037845 25566.382218
176 -18.509627 5.744677 5.873904 125.037845 25187.584189
176 10.562248 -4.257449 6.203546 320.687612 28112.396964
176 -10.631580 4.147479 6.203546 320.687612 27106.904847
177 11.361323 -4.415560 6.364800 338.708674 30548.536712
177 -11.437685 4.419585 6.364800 338.708674 30846.352061
177 11.558797 -4.453768 8.923839 241.083370 57642.807743
177 -11.575071 4.474653 8.923839 241.083370 57487.210562
177 10.443027 -4.233353 5.897884 87.742338 26100.923370
177 -10.344116 4.230703 5.897884 87.742338 24117.218871
177 5.502343 -3.072877 10.589295 177.848473 79408.541512
177 -5.464081 3.095827 10.589295 177.848473 80157.911676
177 7.086930 -3.487389 3.013714 43.703271 6558.589848
177 -7.153486 3.454754 3.013714 43.703271 6593.716701
177 27.526922 -6.873060 5.178051 207.212908 19176.402930
177 -27.652957 6.931067 5.178051 207.212908 20242.390069
177 19.364730 -5.764704 11.133826 352.323548 92494.098650
177 -19.480923 5.789893 11.133826 352.323548 88190.664611
177 12.522650 -4.635744 2.730980 292.874627 5240.336395
177 -12.442547 4.708803 2.730980 292.874627 5494.800561
177 21.393659 -6.059180 7.119589 188.674753 36137.948931
177 -21.370039 6.086140 7.119589 188.674753 36368.693032
177 17.689415 -5.509701 20.676958 263.136948 316596.005064
177 -17.666621 5.377393 20.676958 263.136948 299765.649603
177 15.635619 -5.179989 5.221104 118.371824 19771.770089
177 -15.598114 5.247569 5.221104 118.371824 20182.737815
177 12.208369 -4.577202 1.611643 120.188746 1887.484197
177 -12.154497 4.583923 1.611643 120.188746 1928.106114
177 18.947641 -5.702284 6.517525 347.206584 29925.552026
177 -19.039586 5.705914 6.517525 347.206584 30440.666444
177 10.845745 -4.314207 4.028294 47.884597 11938.732922
177 -10.774877 4.313279 4.028294 47.884597 11644.662753
177 19.262717 -5.749500 14.719570 102.063674 154363.184838
177 -19.309394 5.785907 14.719570 102.063674 154574.633225
177 28.526186 -6.996698 7.589378 238.603135 41415.304706
177 -28.565530 6.987951 7.589378 238.603135 42113.491473
177 3.771364 -2.544020 8.348318 20.867712 49086.553909
177 -3.790443 2.552286 8.348318 20.867712 49437.518446
177 7.072129 -3.483745 6.410558 318.306437 30200.425139
177 -7.128422 3.524450 6.410558 318.306437 29128.414505
177 16.313248 -5.291046 21.495537 236.743046 330344.238135
177 -16.304811 5.310852 21.495537 236.743046 333117.742408
177 14.530881 -4.993640 8.827969 1.136275 57386.630322
177 -14.530058 5.016113 8.827969 1.136275 56823.880484
177 5.298482 -3.015414 3.392652 0.120147 8349.474022
177 -5.298716 2.971458 3.392652 0.120147 8297.149807
178 15.363060 -5.134642 7.722928 153.015763 42922.258788
178 -15.386938 5.149945 7.722928 153.015763 44842.144600
178 15.614531 -5.176495 4.458784 288.622147 13471.394204
178 -15.653884 5.183826 4.458784 288.622147 14389.166153
178 9.659941 -4.071538 9.704130 222.071807 67266.502308
178 -9.614969 4.092560 9.704130 222.071807 70146.855369
178 9.044745 -3.939757 3.428523 315.991665 8407.052931
178 -9.146247 3.918605 3.428523 315.991665 8393.194598
178 13.033477 -4.729350 3.832117 251.589161 10291.570999
178 -13.101878 4.737283 3.832117 251.589161 10411.174334
178 10.953064 -4.335499 6.563002 332.628849 30055.717597
178 -10.914928 4.388855 6.563002 332.628849 29404.442502
178 7.921209 -3.686948 3.529475 171.426793 9009.523304
178 -8.003098 3.716362 3.529475 171.426793 8818.160648
178 26.453984 -6.737780 4.697492 346.659459 16005.962717
178 -26.366886 6.771056 4.697492 346.659459 16018.889275
178 10.870579 -4.319143 2.755907 47.105599 5571.306637
178 -10.958716 4.285102 2.755907 47.105599 5474.547779
178 1.366176 -1.531174 8.806797 299.128305 55445.861377
178 -1.358329 1.527233 8.806797 299.128305 53957.653357
178 9.887432 -4.119202 10.646597 239.113795 81133.871514
178 -9.857793 4.166723 10.646597 239.113795 82021.111086
178 12.213221 -4.578112 7.574676 84.861121 42039.394498
178 -12.218282 4.589972 7.574676 84.861121 41122.890785
178 9.033839 -3.937381 2.398936 111.472121 4215.629278
178 -9.043671 3.955123 2.398936 111.472121 4202.237414
178 11.459535 -4.434603 10.364258 197.187470 79040.685676
178 -11.494750 4.395823 10.364258 197.187470 76834.699323
178 19.237546 -5.745742 5.543440 322.622337 21580.503239
178 -19.253746 5.780667 5.543440 322.622337 22128.466812
178 10.389093 -4.222407 5.548909 309.460617 23328.096995
178 -10.324821 4.255476 5.548909 309.460617 21784.187777
178 9.901053 -4.122038 5.263804 92.268081 20543.036626
178 -9.909147 4.085078 5.263804 92.268081 19595.539644
178 9.729352 -4.086140 3.689565 71.580975 9621.730977
178 -9.810204 4.085047 3.689565 71.580975 9840.333965
178 2.916481 -2.237180 12.838896 317.348765 116053.547138
178 -2.919031 2.272446 12.838896 317.348765 120126.361055
178 16.464449 -5.315509 6.084315 353.021308 27035.926285
178 -16.373976 5.408815 6.084315 353.021308 26964.510564
178 18.363102 -5.613637 3.862491 145.805566 10769.268280
178 -18.402652 5.584432 3.862491 145.805566 10461.307793
179 9.549694 -4.048238 12.784779 70.636377 118589.269379
179 -9.549804 4.060494 12.784779 70.636377 118731.797074
179 4.857615 -2.887240 17.770029 32.899273 216117.278917
179 -4.816230 2.889772 17.770029 32.899273 231717.473177
179 1.518707 -1.614390 12.506643 75.366532 112965.833119
179 -1.523028 1.616494 12.506643 75.366532 111751.350261
179 13.141063 -4.748829 4.095326 25.835302 12407.913840
179 -13.064895 4.783506 4.095326 25.835302 12086.444000
179 8.612880 -3.844550 4.579637 239.356921 14398.175247
179 -8.606578 3.876823 4.579637 239.356921 15361.639912
179 16.326830 -5.293248 14.695923 310.086685 155320.546332
179 -16.305299 5.360754 14.695923 310.086685 152099.578714
179 13.351806 -4.786756 9.258411 159.055605 63686.330845
179 -13.453485 4.720006 9.258411 159.055605 62377.073263
179 17.549996 -5.487946 3.979138 100.999078 11450.474295
179 -17.528833 5.452961 3.979138 100.999078 10976.104723
179 10.473922 -4.239611 1.986331 178.316638 2844.654491
179 -10.407195 4.262979 1.986331 178.316638 2793.124293
179 14.255480 -4.946092 12.464210 33.324162 113387.229616
179 -14.435950 4.848157 12.464210 33.324162 112646.688323
179 -2.943568 -2.247545 7.069917 84.952683 35666.330449
179 2.946871 2.246104 7.069917 84.952683 35014.030969
179 6.167181 -3.253229 6.519617 66.621027 31007.273660
179 -6.169004 3.260963 6.519617 66.621027 30102.281193
179 9.278188 -3.990275 14.323903 122.627078 147648.163073
179 -9.320870 3.949715 14.323903 122.627078 148496.904838
179 17.311522 -5.450532 8.850866 277.294435 55792.174443
179 -17.288461 5.348941 8.850866 277.294435 55070.220450
179 1.385307 -1.541858 3.596784 236.533970 9196.910297
179 -1.379728 1.521894 3.596784 236.533970 9678.208009
179 9.359362 -4.007693 3.966150 260.502316 11447.644620
179 -9.359434 3.982805 3.966150 260.502316 11379.823076
179 14.489608 -4.986544 2.861776 219.562581 5873.353130
179 -14.444510 5.143028 2.861776 219.562581 5747.656689
179 9.150290 -3.962677 9.667505 288.034196 64740.857978
179 -9.143607 3.940828 9.667505 288.034196 65637.679582
179 14.831172 -5.044975 6.965862 290.616252 35902.816337
179 -14.877748 5.085690 6.965862 290.616252 34472.400627
179 16.649532 -5.345303 4.745411 8.178379 16017.216674
179 -16.639914 5.343900 4.745411 8.178379 16547.209706
179 10.348001 -4.214049 2.267331 194.750571 3722.983104
179 -10.412358 4.135819 2.267331 194.750571 3671.737578
180 8.909455 -3.910181 9.815103 38.160237 68789.511451
180 -8.958854 3.959914 9.815103 38.160237 67077.055131
180 13.979480 -4.897978 2.888562 230.875399 6219.416455
180 -13.931321 4.886048 2.888562 230.875399 6114.845217
180 10.496501 -4.244178 7.535363 220.663053 40827.773367
180 -10.498206 4.297303 7.535363 220.663053 40929.004803
180 4.631296 -2.819178 2.945033 78.213361 6262.521292
180 -4.637607 2.774081 2.945033 78.213361 6223.434630
180 20.487401 -5.929454 6.939632 199.128338 36157.121454
180 -20.449071 5.823252 6.939632 199.128338 35005.037116
180 20.579542 -5.942773 5.575754 299.422304 23252.290736
180 -20.691709 5.978096 5.575754 299.422304 22916.054159
180 17.724459 -5.515156 7.428768 139.677446 39688.383862
180 -17.697050 5.437103 7.428768 139.677446 39861.744278
180 17.161433 -5.426853 7.449468 306.758313 39358.487722
180 -17.310863 5.429656 7.449468 306.758313 40958.075704
180 10.364329 -4.217372 9.962098 26.829189 72234.655129
180 -10.338425 4.236964 9.962098 26.829189 71517.102132
180 14.196138 -4.935787 7.222563 297.998873 36840.342548
180 -14.245368 4.921676 7.222563 297.998873 39415.790110
180 9.797177 -4.100358 8.718301 263.212956 54702.774166
180 -9.775576 4.133940 8.718301 263.212956 55418.387108
180 8.402971 -3.797412 6.606203 38.491211 31399.726733
180 -8.361920 3.727430 6.606203 38.491211 32073.611574
180 10.937402 -4.332398 10.529736 242.412757 80639.049318
180 -10.894593 4.392896 10.529736 242.412757 81073.216441
180 9.009896 -3.932160 10.451041 19.737223 78084.217673
180 -9.116567 3.991011 10.451041 19.737223 79330.812922
180 17.483961 -5.477611 3.083487 260.716910 6919.892231
180 -17.467612 5.402557 3.083487 260.716910 6681.788137
180 18.700566 -5.664984 5.043887 40.752094 18145.620088
180 -18.719651 5.594921 5.043887 40.752094 18701.920491
180 4.277254 -2.709280 12.583747 261.818475 113818.425897
180 -4.281218 2.696010 12.583747 261.818475 115863.276048
180 8.743307 -3.873550 7.292690 218.393605 38297.140228
180 -8.682368 3.914394 7.292690 218.393605 39621.024315
180 15.630260 -5.179101 7.258637 118.953011 37221.918568
180 -15.619280 5.206365 7.258637 118.953011 37717.848159
180 15.493156 -5.156336 2.488609 335.707989 4355.913372
180 -15.470875 5.182998 2.488609 335.707989 4539.562547
180 17.825217 -5.530810 6.234597 225.133476 27961.360645
180 -17.894547 5.603564 6.234597 225.133476 28259.627551
181 20.469184 -5.926818 4.704234 75.838691 15664.830122
181 -20.381138 5.976535 4.704234 75.838691 15709.797999
181 11.048778 -4.354401 9.975259 303.800472 69175.870784
181 -11.018989 4.307112 9.975259 303.800472 71676.211394
181 13.927298 -4.888828 6.188074 196.156013 27988.351447
181 -13.890515 4.821075 6.188074 196.156013 26204.328518
181 17.578674 -5.492428 6.437432 142.344857 28798.729855
181 -17.514763 5.479405 6.437432 142.344857 30078.180367
181 18.416842 -5.621845 9.559690 188.818765 67083.318571
181 -18.297618 5.552150 9.559690 188.818765 66596.822061
181 11.900309 -4.519084 13.053738 184.823575 123500.372047
181 -11.885458 4.486728 13.053738 184.823575 123537.755163
181 19.768611 -5.824510 7.316757 148.507670 39036.080762
181 -19.745948 5.760476 7.316757 148.507670 38182.786160
181 19.072000 -5.720967 5.220950 75.551556 19552.826148
181 -19.058606 5.783585 5.220950 75.551556 19912.023901
181 24.115305 -6.433061 4.740535 323.466771 16690.072370
181 -24.116069 6.403943 4.740535 323.466771 16747.551300
181 17.763186 -5.521178 13.411848 225.681907 129460.192445
181 -17.667614 5.581602 13.411848 225.681907 133195.092487
181 11.565595 -4.455078 4.302651 189.809588 13149.085797
181 -11.610209 4.471722 4.302651 189.809588 12743.152291
181 14.338734 -4.960514 3.283143 169.228656 7727.698171
181 -14.317827 5.000381 3.283143 169.228656 7484.742199
181 14.137815 -4.925637 5.363218 164.590724 20962.317967
181 -14.134568 5.029629 5.363218 164.590724 21097.137210
181 18.472378 -5.630315 6.348944 161.206373 29326.183432
181 -18.426468 5.688974 6.348944 161.206373 29191.924906
181 14.586652 -5.003214 5.221983 333.854875 20445.641673
181 -14.535014 5.061205 5.221983 333.854875 19998.455463
181 20.631622 -5.950288 2.588835 326.098824 4871.907832
181 -20.730635 6.090261 2.588835 326.098824 4837.066184
181 13.207565 -4.760830 4.075192 233.941833 11920.267341
181 -13.311964 4.784590 4.075192 233.941833 11768.361157
181 19.093873 -5.724246 4.165553 100.748672 12558.651706
181 -19.236782 5.698512 4.165553 100.748672 12321.699910
181 14.884796 -5.054087 6.239427 307.985719 27222.509748
181 -14.982313 5.073690 6.239427 307.985719 28634.869878
181 5.625095 -3.106964 5.022568 14.834876 18389.961259
181 -5.620928 3.105977 5.022568 14.834876 17857.440074
181 18.910258 -5.696656 3.571639 189.465710 9126.784472
181 -18.866858 5.686702 3.571639 189.465710 9253.296705
182 3.407147 -2.418058 12.571008 37.834148 114004.975645
182 -3.426903 2.398108 12.571008 37.834148 118866.925641
182 17.637938 -5.501678 1.425187 222.264161 1450.887514
182 -17.765556 5.463005 1.425187 222.264161 1479.498489
182 8.544784 -3.829322 7.853244 41.042903 43745.389908
182 -8.557921 3.804710 7.853244 41.042903 45311.691163
182 12.323783 -4.598787 9.145619 71.413007 60527.168232
182 -12.320191 4.618681 9.145619 71.413007 59922.095598
182 17.586913 -5.493715 6.791766 279.756997 34440.523245
182 -17.466222 5.472627 6.791766 279.756997 33604.280394
182 4.617866 -2.815088 5.709724 263.551889 22905.197948
182 -4.646980 2.850638 5.709724 263.551889 24085.511869
182 3.258058 -2.364562 12.929621 24.788559 121103.165035
182 -3.233642 2.348928 12.929621 24.788559 118262.639637
182 13.707358 -4.850072 22.314324 77.319730 355482.039390
182 -13.598259 4.970348 22.314324 77.319730 356097.885200
182 17.203825 -5.433552 4.742452 317.579851 16976.638906
182 -17.224341 5.372078 4.742452 317.579851 15989.749544
182 14.043201 -4.909128 4.551327 175.740188 15124.817696
182 -13.982357 4.873693 4.551327 175.740188 14285.921797
182 9.371572 -4.010306 2.362672 202.240307 3899.352421
182 -9.411939 3.976184 2.362672 202.240307 3941.656452
182 20.330828 -5.906753 4.678766 123.177722 15974.004513
182 -20.294660 6.030261 4.678766 123.177722 15477.922445
182 9.338377 -4.003197 8.570672 40.967861 53358.931430
182 -9.282848 4.006920 8.570672 40.967861 53022.506206
182 14.275150 -4.949503 7.596204 355.586923 41359.699209
182 -14.316713 4.945791 7.596204 355.586923 41089.008954
182 11.955635 -4.529577 6.615415 231.391283 30904.558367
182 -11.960889 4.538225 6.615415 231.391283 31912.992157
182 21.426062 -6.063767 4.079673 207.866477 12129.719666
182 -21.574488 6.103327 4.079673 207.866477 12040.560442
182 12.566966 -4.643939 7.491486 249.122933 41291.118822
182 -12.466389 4.607802 7.491486 249.122933 41190.365550
182 26.073267 -6.689120 14.190815 234.931757 147378.937161
182 -26.080614 6.648137 14.190815 234.931757 142513.829513
182 0.869221 -1.221339 7.835995 174.963241 44711.404416
182 -0.869003 1.207518 7.835995 174.963241 44850.258845
182 11.234919 -4.390927 22.436150 211.729727 366304.933104
182 -11.257957 4.411473 22.436150 211.729727 362822.658436
182 4.799401 -2.869887 1.802192 76.226703 2425.022486
182 -4.819277 2.910272 1.802192 76.226703 2291.345469
183 4.673210 -2.831907 5.893905 359.400522 25158.498984
183 -4.658108 2.840514 5.893905 359.400522 25223.879199
183 6.195951 -3.260808 5.854062 273.733431 24849.230209
183 -6.163501 3.263100 5.854062 273.733431 23552.452753
183 1.935639 -1.822567 8.984325 307.444851 55788.174338
183 -1.935156 1.869250 8.984325 307.444851 60114.432921
183 19.029291 -5.714557 11.832913 201.371024 98008.992925
183 -19.006863 5.732701 11.832913 201.371024 99358.337505
183 14.672521 -5.017919 3.010630 151.638072 6388.659365
183 -14.622352 5.078411 3.010630 151.638072 6507.701208
183 10.157561 -4.175092 4.453274 289.334202 14283.061108
183 -10.187171 4.202130 4.453274 289.334202 14360.531462
183 13.936493 -4.890441 5.832004 121.101817 24405.828096
183 -13.850492 4.964567 5.832004 121.101817 23887.943882
183 15.574417 -5.169841 3.585095 52.075675 9278.091179
183 -15.581517 5.271630 3.585095 52.075675 9158.072639
183 20.587306 -5.943894 5.673190 123.848979 23476.215029
183 -20.561577 6.008267 5.673190 123.848979 23565.475523
183 9.238580 -3.981749 6.005893 329.434603 24964.257813
183 -9.356549 3.989849 6.005893 329.434603 25637.282091
183 20.957902 -5.997154 3.701276 53.934103 9374.651753
183 -20.936845 6.019560 3.701276 53.934103 9812.069622
183 7.861465 -3.673018 13.396019 49.545235 131150.437413
183 -7.804962 3.648744 13.396019 49.545235 126233.112274
183 16.739548 -5.359733 6.262177 61.537441 29044.457789
183 -16.827917 5.344584 6.262177 61.537441 28348.937635
183 14.336709 -4.960164 7.022602 243.225462 35838.221651
183 -14.374979 4.915085 7.022602 243.225462 36785.671138
183 3.750137 -2.536851 3.203543 278.260464 7200.109618
183 -3.783644 2.528888 3.203543 278.260464 7432.942455
183 7.409580 -3.565891 5.598431 63.198725 22293.265235
183 -7.442673 3.503862 5.598431 63.198725 23008.313295
183 21.416535 -6.062418 18.793913 178.005170 248840.262259
183 -21.522990 6.055187 18.793913 178.005170 253486.801490
183 13.217757 -4.762667 9.327091 155.146522 63205.183049
183 -13.281735 4.683644 9.327091 155.146522 64293.629288
183 5.772671 -3.147456 3.807897 26.289793 10245.751200
183 -5.808859 3.181166 3.807897 26.289793 10262.513317
183 5.745359 -3.140002 9.542425 168.170452 66997.755266
183 -5.753750 3.146227 9.542425 168.170452 64580.174224
183 11.208954 -4.385851 4.805317 31.870203 16939.455681
183 -11.292076 4.422673 4.805317 31.870203 16416.074932
184 21.270856 -6.041764 4.028100 125.838402 11944.883709
184 -21.416575 6.141183 4.028100 125.838402 11602.690826
184 12.334711 -4.600826 2.035592 31.302420 3120.829188
184 -12.322516 4.562437 2.035592 31.302420 3022.896016
184 18.654661 -5.658026 3.434601 10.072242 8408.921637
184 -18.571020 5.680212 3.434601 10.072242 8259.180914
184 11.562826 -4.454544 9.434729 230.752981 65505.246476
184 -11.507664 4.433044 9.434729 230.752981 63417.998814
184 17.643210 -5.502501 6.368586 353.066282 29584.067103
184 -17.711952 5.511550 6.368586 353.066282 29052.676464
184 14.533058 -4.994015 8.571784 187.064422 53143.725448
184 -14.468474 5.031002 8.571784 187.064422 52477.092411
184 10.001502 -4.142895 8.969169 7.171276 56705.884354
184 -9.955232 4.128692 8.969169 7.171276 60121.216191
184 12.038470 -4.545241 5.888251 164.409361 24851.265566
184 -12.062277 4.516948 5.888251 164.409361 24990.982638
184 10.393489 -4.223300 7.689598 279.880697 41861.050803
184 -10.409619 4.164365 7.689598 279.880697 41496.230132
184 8.500320 -3.819345 6.038021 172.231571 26596.773809
184 -8.508442 3.741731 6.038021 172.231571 25724.880081
184 9.485448 -4.034598 12.100240 210.198539 105566.257364
184 -9.515894 4.082469 12.100240 210.198539 105934.942891
184 10.182228 -4.180158 6.305075 308.987164 28743.769688
184 -10.092122 4.200284 6.305075 308.987164 27967.134512
184 16.422557 -5.308743 3.964135 287.593994 11224.576766
184 -16.451594 5.256079 3.964135 287.593994 11326.482336
184 6.942508 -3.451672 2.034440 75.882290 3012.622777
184 -6.866156 3.441528 2.034440 75.882290 3030.452310
184 17.702202 -5.511692 7.830197 95.983173 43786.813106
184 -17.651801 5.588006 7.830197 95.983173 43796.550642
184 17.074831 -5.413143 3.788862 127.058570 10196.668986
184 -17.184641 5.372396 3.788862 127.058570 10503.732695
184 21.021416 -6.006234 5.163540 157.101985 19096.432963
184 -21.019401 6.083010 5.163540 157.101985 19299.823325
184 9.408241 -4.018144 11.049057 311.274472 85854.992571
184 -9.442782 4.009920 11.049057 311.274472 88329.788291
184 13.787693 -4.864263 7.730017 324.771332 42862.235171
184 -13.838469 4.859573 7.730017 324.771332 44514.919942
184 12.448788 -4.622052 6.193661 313.943233 28776.052842
184 -12.419732 4.679142 6.193661 313.943233 28205.918067
184 13.886013 -4.881576 2.327846 296.101370 3860.217374
184 -13.902171 4.887513 2.327846 296.101370 3771.658707
185 4.050319 -2.636428 3.901344 176.003566 11044.473567
185 -4.069722 2.632596 3.901344 176.003566 11103.678185
185 20.216669 -5.890147 5.256776 228.878209 19822.646055
185 -20.229230 5.938398 5.256776 228.878209 19805.474587
185 16.520425 -5.324538 5.998416 188.928689 26973.824408
185 -16.446680 5.308337 5.998416 188.928689 26625.043334
185 17.853682 -5.535224 12.357963 158.726148 109637.925136
185 -17.910958 5.610255 12.357963 158.726148 111707.242248
185 20.967723 -5.998559 2.113971 165.491045 3221.321182
185 -21.124390 6.109146 2.113971 165.491045 3210.423456
185 15.682442 -5.187739 6.409651 53.210165 29480.452154
185 -15.800145 5.164544 6.409651 53.210165 29649.355483
185 16.033461 -5.245476 2.654473 272.580660 5090.530732
185 -15.965793 5.167303 2.654473 272.580660 5095.619189
185 17.384026 -5.461934 12.749014 338.734823 117657.972242
185 -17.465284 5.459808 12.749014 338.734823 119026.009176
185 8.114725 -3.731713 5.260739 82.597054 19275.297631
185 -8.132516 3.702837 5.260739 82.597054 20248.638577
185 13.592984 -4.829795 3.804030 251.723877 10298.877497
185 -13.560995 4.858610 3.804030 251.723877 10481.342361
185 12.612026 -4.652257 4.456306 147.561127 14338.839746
185 -12.429399 4.672798 4.456306 147.561127 14173.637533
185 14.879729 -5.053227 6.614027 114.964961 32384.492038
185 -14.925238 5.051450 6.614027 114.964961 30617.810666
185 7.269600 -3.532048 4.396587 102.598242 14391.268881
185 -7.271716 3.548318 4.396587 102.598242 14292.606218
185 12.855625 -4.696971 10.205033 222.513378 74892.880807
185 -12.880043 4.698593 10.205033 222.513378 73048.493231
185 18.084358 -5.570868 30.641581 95.541101 649139.455880
185 -18.086786 5.518133 30.641581 95.541101 684618.979572
185 4.136318 -2.664270 11.554631 144.064041 96703.155993
185 -4.126045 2.719718 11.554631 144.064041 95027.667912
185 16.729920 -5.358192 11.575058 107.583299 94506.642427
185 -16.777224 5.364020 11.575058 107.583299 95245.836290
185 24.779295 -6.521024 3.491453 84.592967 8592.665988
185 -24.716517 6.577980 3.491453 84.592967 8975.832001
185 -11.089776 -4.362472 11.234205 135.711682 93320.610463
185 11.134646 4.340885 11.234205 135.711682 88937.688677
185 16.769331 -5.364499 7.380307 258.152067 38396.943756
185 -16.779889 5.317219 7.380307 258.152067 40531.942872
185 11.826167 -4.504985 3.283935 214.437963 8106.013002
185 -11.842497 4.559170 3.283935 214.437963 7693.659452
186 15.644588 -5.181474 7.591912 290.625332 41368.209114
186 -15.549723 5.290139 7.591912 290.625332 42310.465343
186 14.882415 -5.053683 7.313532 95.615893 38055.975641
186 -14.939605 5.002681 7.313532 95.615893 38767.805482
186 9.416373 -4.019880 4.479975 2.369049 14369.807508
186 -9.377645 4.021261 4.479975 2.369049 14504.809651
186 17.770865 -5.522371 7.165428 307.071878 35743.294146
186 -17.810566 5.417319 7.165428 307.071878 36911.484538
186 18.106118 -5.574218 5.169743 251.811245 18994.475387
186 -18.266154 5.478674 5.169743 251.811245 18662.296583
186 4.367998 -2.737868 6.571285 211.404384 32079.229713
186 -4.346652 2.749052 6.571285 211.404384 31032.463107
186 23.465815 -6.345840 4.596922 38.231493 15569.008819
186 -23.368002 6.340830 4.596922 38.231493 14958.421265
186 8.695649 -3.862978 7.235066 180.112492 36980.910076
186 -8.656063 3.922963 7.235066 180.112492 38820.621596
186 10.920408 -4.329031 7.715398 128.034630 42143.486796
186 -10.963275 4.375421 7.715398 128.034630 43234.247992
186 15.457717 -5.150436 7.072031 300.783125 36447.965310
186 -15.503841 5.235462 7.072031 300.783125 37374.148447
186 6.164770 -3.252593 6.176011 356.481575 27521.803218
186 -6.160480 3.273095 6.176011 356.481575 27192.877756
186 -1.763800 -1.739786 4.624833 346.609934 15472.985370
186 1.774777 1.732994 4.624833 346.609934 15040.505733
186 18.107064 -5.574364 4.288375 97.171588 13311.980469
186 -18.137504 5.523779 4.288375 97.171588 13084.390860
186 3.726994 -2.529011 3.503785 292.021232 9104.332224
186 -3.717398 2.571063 3.503785 292.021232 8649.816070
186 13.625295 -4.835532 3.777221 217.349211 10381.713112
186 -13.707107 4.794463 3.777221 217.349211 10550.278328
186 8.498030 -3.818831 1.799659 258.128295 2319.200334
186 -8.534042 3.835676 1.799659 258.128295 2397.810267
186 5.906639 -3.183769 10.278437 162.603721 76479.943605
186 -5.895714 3.247600 10.278437 162.603721 74330.067582
186 15.587478 -5.172008 20.801350 157.783104 310421.027663
186 -15.495951 5.244350 20.801350 157.783104 316646.259698
186 26.610127 -6.757636 5.459615 335.417027 21323.082187
186 -26.548136 6.672540 5.459615 335.417027 22112.979348
186 9.034441 -3.937512 12.509879 24.924293 112851.737329
186 -9.032557 3.984340 12.509879 24.924293 112654.865040
186 10.736475 -4.292419 8.544750 138.821309 51406.531286
186 -10.738271 4.245747 8.544750 138.821309 52642.053189
187 15.827852 -5.211734 5.944839 33.070708 26322.296308
187 -15.830692 5.185636 5.944839 33.070708 24948.491112
187 13.698491 -4.848503 2.963189 111.205017 6390.348265
187 -13.628512 4.859421 2.963189 111.205017 6419.274058
187 16.288758 -5.287073 6.406253 201.946299 29243.294901
187 -16.180519 5.325069 6.406253 201.946299 29417.544954
187 13.810901 -4.868356 4.470541 327.327441 14368.517788
187 -13.751613 4.919654 4.470541 327.327441 13999.218002
187 20.014004 -5.860549 12.175662 250.653921 109379.728187
187 -19.989499 5.811757 12.175662 250.653921 105790.634393
187 10.235836 -4.191148 8.019137 61.226197 45353.255401
187 -10.175736 4.150763 8.019137 61.226197 47366.801369
187 17.234219 -5.438349 2.832954 222.410764 5618.132313
187 -17.304198 5.457357 2.832954 222.410764 5818.850197
187 19.204235 -5.740765 16.698802 90.995146 203655.769063
187 -19.235821 5.621169 16.698802 90.995146 204010.292555
187 10.293211 -4.202878 6.997276 82.809019 34691.345911
187 -10.255103 4.264400 6.997276 82.809019 35538.939665
187 17.215107 -5.435333 2.833469 163.739808 5800.391967
187 -17.209589 5.413462 2.833469 163.739808 5829.102181
187 10.500949 -4.245077 3.786616 204.460758 10264.170176
187 -10.486833 4.229112 3.786616 204.460758 10368.688649
187 19.901277 -5.844021 2.846241 267.590968 5845.520790
187 -20.056991 5.764197 2.846241 267.590968 5869.087208
187 10.564162 -4.257835 23.527505 101.149348 401816.135164
187 -10.500119 4.224408 23.527505 101.149348 390101.552381
187 6.877458 -3.435463 4.019616 7.964533 11631.468020
187 -6.956297 3.439420 4.019616 7.964533 11381.982705
187 13.357567 -4.787789 3.021959 324.965220 6615.085838
187 -13.266718 4.798307 3.021959 324.965220 6508.082864
187 11.747294 -4.489937 7.617566 203.144413 41292.609529
187 -11.761989 4.517881 7.617566 203.144413 41129.633923
187 8.999797 -3.929956 7.162091 286.743845 36749.265237
187 -8.933042 4.003963 7.162091 286.743845 36315.323884
187 15.835884 -5.213057 5.143399 60.013925 19202.684324
187 -15.871835 5.256591 5.143399 60.013925 19480.487651
187 4.399586 -2.747750 1.953221 201.397557 2696.043439
187 -4.385191 2.714939 1.953221 201.397557 2795.367606
187 14.580111 -5.002092 5.493864 292.752903 21947.089975
187 -14.617867 5.010909 5.493864 292.752903 21953.782953
188 16.974569 -5.397227 2.560373 184.421621 5003.649674
188 -17.091107 5.408356 2.560373 184.421621 4891.891683
188 13.611165 -4.833024 12.640280 76.642755 117675.212667
188 -13.539913 4.745754 12.640280 76.642755 114957.882605
188 14.168083 -4.930907 3.990871 237.520229 11351.997319
188 -14.231562 4.932888 3.990871 237.520229 11282.013666
188 13.758133 -4.859046 18.848169 230.306130 263665.988745
188 -13.803692 4.817689 18.848169 230.306130 262736.425882
188 5.267597 -3.006613 10.605918 241.179735 83126.158159
188 -5.290115 3.019060 10.605918 241.179735 81274.166752
188 13.618526 -4.834331 3.751465 291.509165 10305.405220
188 -13.645520 4.809198 3.751465 291.509165 10027.566306
188 16.168147 -5.267462 2.919278 20.024683 6297.596423
188 -16.115064 5.204903 2.919278 20.024683 6227.728127
188 -1.046987 -1.340424 5.890246 128.784766 25919.808936
188 1.038791 1.337911 5.890246 128.784766 25416.941507
188 13.167041 -4.753521 5.106911 318.808848 18885.392544
188 -13.175584 4.795428 5.106911 318.808848 20006.764787
188 12.754553 -4.678471 3.579886 37.661844 9510.519830
188 -12.804592 4.646044 3.579886 37.661844 9372.707405
188 3.607936 -2.488289 10.779177 129.539381 83183.416070
188 -3.607075 2.463193 10.779177 129.539381 84793.840586
188 13.604798 -4.831893 15.900210 270.683382 189402.608980
188 -13.543616 4.798612 15.900210 270.683382 180724.366982
188 13.717439 -4.851855 1.910590 30.448727 2648.042171
188 -13.735517 4.750729 1.910590 30.448727 2703.487828
188 10.807281 -4.306550 6.460096 150.441046 29871.992207
188 -10.867697 4.377924 6.460096 150.441046 30088.485010
188 14.490615 -4.986717 2.188857 38.612269 3530.594055
188 -14.533501 5.037128 2.188857 38.612269 3588.161639
188 14.715774 -5.025310 4.009836 3.922759 11438.113505
188 -14.752937 4.951857 4.009836 3.922759 11782.476761
188 8.975677 -3.924686 2.590466 318.526588 4917.008319
188 -8.976396 3.911675 2.590466 318.526588 4925.784324
188 5.851044 -3.168750 12.865423 304.479807 115902.201822
188 -5.844455 3.167169 12.865423 304.479807 122324.378143
188 19.647211 -5.806598 4.457726 125.743781 14350.396261
188 -19.703242 5.825223 4.457726 125.743781 14538.253495
188 0.532728 -0.956145 6.817076 319.929236 33560.594642
188 -0.529176 0.943197 6.817076 319.929236 34818.433556
189 9.075684 -3.946490 9.446821 222.115162 64362.443682
189 -9.082554 3.893221 9.446821 222.115162 63201.584859
189 11.235085 -4.390960 4.270092 319.100599 13010.232644
189 -11.218871 4.394312 4.270092 319.100599 12608.248471
189 10.628759 -4.270833 6.077450 82.060966 27236.867833
189 -10.581646 4.295843 6.077450 82.060966 26721.711561
189 9.034775 -3.937585 14.852200 296.653931 160777.648326
189 -9.072928 3.926804 14.852200 296.653931 153986.031853
189 7.027551 -3.472748 3.008924 182.487116 6614.012860
189 -7.047517 3.434960 3.008924 182.487116 6522.807353
189 15.374872 -5.136615 6.585255 187.984608 32060.483431
189 -15.368116 5.098897 6.585255 187.984608 31767.544367
189 6.431367 -3.322178 10.115008 185.267700 73357.806750
189 -6.409019 3.305479 10.115008 185.267700 74936.601548
189 13.464382 -4.806894 1.659888 93.331438 1999.180142
189 -13.342270 4.815267 1.659888 93.331438 2016.404659
189 18.403484 -5.619806 4.503022 323.233177 14269.833354
189 -18.297184 5.655245 4.503022 323.233177 15110.714860
189 10.804438 -4.305984 11.980736 247.217335 100333.297212
189 -10.809856 4.300060 11.980736 247.217335 101019.325107
189 13.010957 -4.725262 8.157020 175.594145 47673.077648
189 -13.001420 4.702140 8.157020 175.594145 47407.246896
189 13.230395 -4.764943 6.258301 315.635980 28273.783310
189 -13.182123 4.819009 6.258301 315.635980 27443.586965
189 10.807979 -4.306689 5.272494 22.572324 20309.036066
189 -10.810008 4.243464 5.272494 22.572324 19422.535005
189 12.018753 -4.541518 5.943295 222.810108 25961.440623
189 -12.068471 4.626457 5.943295 222.810108 25099.592473
189 16.827293 -5.373762 7.892763 260.065419 45717.130709
189 -16.849580 5.257192 7.892763 260.065419 45783.176618
189 20.901324 -5.989054 11.293269 208.694666 94509.744634
189 -20.829338 6.004059 11.293269 208.694666 94161.975551
189 12.956714 -4.715402 6.956089 267.145388 34971.161492
189 -12.760861 4.725531 6.956089 267.145388 35907.477188
189 13.325779 -4.782088 2.644225 64.411971 4929.999755
189 -13.165135 4.801934 2.644225 64.411971 4846.767840
189 6.641369 -3.375982 10.730486 207.099040 85216.527545
189 -6.647552 3.398538 10.730486 207.099040 86022.896291
189 12.195973 -4.574878 12.244563 172.726575 108338.156219
189 -12.183519 4.612482 12.244563 172.726575 108283.074838
190 17.162190 -5.426973 4.720701 154.820296 16107.295187
190 -17.083796 5.450360 4.720701 154.820296 15841.405142
190 1.551697 -1.631830 5.540165 191.488794 21932.245232
190 -1.558659 1.637918 5.540165 191.488794 22262.685612
190 17.116423 -5.419732 9.240823 121.551458 59902.034704
190 -17.187879 5.445847 9.240823 121.551458 63710.270633
190 5.497144 -3.071425 4.332808 258.856177 13959.718544
190 -5.469475 3.080633 4.332808 258.856177 13570.539070
190 12.979561 -4.719558 19.482353 200.004760 272580.828751
190 -12.987577 4.757792 19.482353 200.004760 276370.689273
190 17.990796 -5.556438 7.091481 352.035700 36905.559662
190 -17.946730 5.629826 7.091481 352.035700 36626.214109
190 12.733211 -4.674555 7.456409 220.496874 40418.773105
190 -12.838714 4.634720 7.456409 220.496874 40323.952879
190 5.689460 -3.124689 4.232157 282.628150 13071.681190
190 -5.679959 3.177879 4.232157 282.628150 13525.608514
190 16.704295 -5.354086 4.240655 40.557559 12923.835513
190 -16.640249 5.385931 4.240655 40.557559 12772.149052
190 20.958990 -5.997310 5.563672 222.493024 21871.794247
190 -20.742243 5.970377 5.563672 222.493024 22792.036954
190 6.758509 -3.405624 8.341280 250.800844 48511.183403
190 -6.744884 3.406840 8.341280 250.800844 50472.314142
190 11.201341 -4.384361 5.944313 73.743364 25940.105353
190 -11.196445 4.441776 5.944313 73.743364 25506.479301
190 11.354481 -4.414230 6.532553 321.920021 30868.212463
190 -11.308428 4.420700 6.532553 321.920021 30019.784351
190 10.500482 -4.244983 8.130414 140.938875 46809.550104
190 -10.515927 4.333183 8.130414 140.938875 47298.231397
190 14.047336 -4.909851 5.434645 334.457440 21237.665381
190 -14.089764 4.869942 5.434645 334.457440 21178.608301
190 14.327184 -4.958516 14.935410 25.828160 162494.942204
190 -14.502241 4.927436 14.935410 25.828160 160577.416121
190 17.072626 -5.412794 6.619799 276.353797 32005.983896
190 -17.106952 5.384830 6.619799 276.353797 32544.900892
190 10.206087 -4.185053 4.559453 207.573771 14998.253881
190 -10.217855 4.173209 4.559453 207.573771 14695.610085
190 10.132282 -4.169893 2.176949 126.228982 3394.933590
190 -10.240458 4.216948 2.176949 126.228982 3385.022992
190 11.616329 -4.464838 6.681575 287.223655 33020.720574
190 -11.576195 4.498761 6.681575 287.223655 32820.299384
191 18.625985 -5.653676 4.128922 142.078821 12253.930287
191 -18.781290 5.757882 4.128922 142.078821 11957.017176
191 16.998234 -5.400988 5.956356 101.689420 25601.028586
191 -17.055663 5.449147 5.956356 101.689420 25954.357898
191 19.016172 -5.712587 6.585914 303.625757 30457.997654
191 -19.058400 5.710764 6.585914 303.625757 31193.612488
191 10.815108 -4.308109 8.310108 308.456811 50330.389923
191 -10.808188 4.274838 8.310108 308.456811 50597.723771
191 9.016852 -3.933678 7.233135 155.439466 37197.900555
191 -9.033781 3.967570 7.233135 155.439466 38168.140673
191 7.592534 -3.609647 10.505449 196.133504 81493.861403
191 -7.582202 3.622695 10.505449 196.133504 82446.223501
191 10.656159 -4.276334 3.214832 218.300515 7515.375358
191 -10.782653 4.266073 3.214832 218.300515 7633.139742
191 12.877164 -4.700904 4.052065 353.319619 11605.337583
191 -12.837226 4.714241 4.052065 353.319619 11795.109181
191 4.850154 -2.885022 10.551175 153.809802 79461.399791
191 -4.857845 2.857763 10.551175 153.809802 79792.631216
191 11.184801 -4.381123 2.407555 119.271124 4141.555777
191 -11.284277 4.373260 2.407555 119.271124 4255.010662
191 4.048706 -2.635903 5.131977 274.611401 18947.096417
191 -4.024317 2.647268 5.131977 274.611401 18622.941041
191 19.766010 -5.824126 7.830457 260.437818 45016.509990
191 -19.854312 5.821034 7.830457 260.437818 44160.205302
191 15.642101 -5.181063 4.682331 47.902682 15618.672636
191 -15.696088 5.109193 4.682331 47.902682 15655.199752
191 14.592067 -5.004143 3.922831 270.526602 11319.159074
191 -14.521536 5.001952 3.922831 270.526602 10915.678938
191 8.654548 -3.853838 8.226506 2.056983 51113.671398
191 -8.627476 3.869121 8.226506 2.056983 48945.579735
191 16.857141 -5.378526 8.356639 317.459008 49918.195460
191 -17.009446 5.425880 8.356639 317.459008 51356.448942
191 4.953782 -2.915679 7.761493 85.177960 44645.575505
191 -4.910788 2.911450 7.761493 85.177960 43711.697148
191 13.532953 -4.819118 6.975705 187.050768 34618.923114
191 -13.591732 4.782240 6.975705 187.050768 35568.607892
191 7.472274 -3.580945 7.742632 68.301698 41670.792830
191 -7.541073 3.587262 7.742632 68.301698 43351.559017
192 8.592155 -3.839921 3.003230 301.971246 6594.326275
192 -8.622569 3.859509 3.003230 301.971246 6334.187746
192 5.694681 -3.126122 3.358440 59.391652 8185.596366
192 -5.693521 3.131962 3.358440 59.391652 8194.515185
192 7.501068 -3.587838 4.324949 206.910896 13863.439461
192 -7.514694 3.552679 4.324949 206.910896 12959.934384
192 20.167530 -5.882984 9.867095 348.138216 69882.738935
192 -20.094572 5.913454 9.867095 348.138216 70113.018144
192 9.649760 -4.069392 9.424136 155.831598 65228.968147
192 -9.564359 4.018856 9.424136 155.831598 64442.494152
192 16.943131 -5.392226 14.644806 335.083074 154334.344751
192 -16.885511 5.429507 14.644806 335.083074 159816.951011
192 15.418316 -5.143867 2.274880 50.019453 3707.309168
192 -15.288990 5.074034 2.274880 50.019453 3826.055240
192 8.099268 -3.728157 8.216963 195.952258 49093.056926
192 -8.082527 3.715524 8.216963 195.952258 47807.105582
192 5.149045 -2.972587 7.474407 306.549722 41311.492203
192 -5.163590 2.973393 7.474407 306.549722 40431.852071
192 12.491456 -4.629966 2.970369 343.598743 6452.161335
192 -12.495413 4.679778 2.970369 343.598743 6424.841335
192 5.710223 -3.130385 3.313166 206.200496 8002.485372
192 -5.716081 3.119995 3.313166 206.200496 8061.696508
192 2.796809 -2.190800 4.947989 82.080177 17709.810268
192 -2.813296 2.196315 4.947989 82.080177 17273.395832
192 13.914737 -4.886623 13.198743 263.347941 125594.844791
192 -13.859500 4.858422 13.198743 263.347941 128473.180948
192 10.656627 -4.276428 4.742166 329.881016 16109.065410
192 -10.609960 4.309705 4.742166 329.881016 16526.615820
192 14.027908 -4.906454 12.216803 188.529078 105719.326323
192 -14.002279 4.869111 12.216803 188.529078 102571.701055
192 14.979873 -5.070203 6.198137 34.540097 27465.832006
192 -14.938903 5.120499 6.198137 34.540097 28283.913151
192 13.716592 -4.851705 7.563676 267.257088 41446.511879
192 -13.727387 4.856329 7.563676 267.257088 41318.416714
192 21.012830 -6.005008 9.214352 315.599377 61278.356263
192 -20.884854 6.008273 9.214352 315.599377 61197.149472
192 18.743807 -5.671530 8.800137 83.671492 54618.746105
192 -18.744768 5.639058 8.800137 83.671492 55408.467531
193 3.129726 -2.317525 5.927346 15.208188 25541.333040
193 -3.134916 2.322593 5.927346 15.208188 25634.081357
193 17.908209 -5.543670 7.286057 173.002591 37301.403312
193 -17.831174 5.528276 7.286057 173.002591 37210.717600
193 13.562749 -4.824421 3.575696 292.487617 9170.174668
193 -13.558434 4.859208 3.575696 292.487617 9164.080303
193 9.663834 -4.072359 6.661450 251.921851 32612.108501
193 -9.575803 4.095271 6.661450 251.921851 31761.230037
193 2.414434 -2.035537 3.326074 288.985553 7772.683359
193 -2.403112 2.077332 3.326074 288.985553 7853.491939
193 13.160492 -4.752338 3.678931 68.081520 9607.583121
193 -13.121454 4.905482 3.678931 68.081520 9870.484394
193 9.512183 -4.040279 2.123506 87.686388 3345.479127
193 -9.448095 4.039933 2.123506 87.686388 3256.840486
193 11.499968 -4.442420 7.762726 293.821019 43468.586816
193 -11.517142 4.468058 7.762726 293.821019 43461.501057
193 -4.918655 -2.905323 6.572199 243.731606 31680.468505
193 4.959949 2.855093 6.572199 243.731606 31519.462522
193 15.746442 -5.198314 4.237500 182.770115 12765.383421
193 -15.755131 5.208949 4.237500 182.770115 12850.196503
193 15.174530 -5.103039 3.140806 166.803077 7127.840874
193 -15.164038 5.109373 3.140806 166.803077 6931.265554
193 13.328272 -4.782536 4.081074 166.286809 12230.013611
193 -13.220742 4.791350 4.081074 166.286809 11930.161638
193 0.902507 -1.244505 14.147447 68.172691 145334.466705
193 -0.906946 1.250617 14.147447 68.172691 142321.872558
193 15.425720 -5.145102 7.234100 266.233265 38043.344481
193 -15.294782 5.136449 7.234100 266.233265 36736.594703
193 10.927609 -4.330458 3.673075 272.867738 9743.424505
193 -10.912947 4.295230 3.673075 272.867738 9556.866267
193 12.832804 -4.692800 7.918446 188.784195 45582.954397
193 -12.957992 4.743672 7.918446 188.784195 45687.353561
193 19.052435 -5.718031 4.274892 336.765250 13648.170504
193 -19.071642 5.695131 4.274892 336.765250 12861.079068
193 10.029825 -4.148757 3.755287 265.046162 10238.950163
193 -9.988136 4.177079 3.755287 265.046162 10049.952193
193 11.245267 -4.392949 4.710431 40.406279 16726.521096
193 -11.211026 4.363289 4.710431 40.406279 16062.492904
194 5.853307 -3.169363 6.247798 359.215045 28086.103205
194 -5.840277 3.172160 6.247798 359.215045 27836.778889
194 9.888588 -4.119443 12.581501 216.634985 116194.046169
194 -9.861771 4.096344 12.581501 216.634985 109559.788130
194 5.376498 -3.037533 4.046781 39.167591 11449.811878
194 -5.377371 3.028375 4.046781 39.167591 12150.516766
194 13.463955 -4.806817 5.018217 170.783346 18808.017801
194 -13.409585 4.786065 5.018217 170.783346 18853.532399
194 4.008773 -2.622872 8.933068 11.050347 57980.686334
194 -4.026880 2.592500 8.933068 11.050347 56775.600100
194 9.882735 -4.118223 5.723862 293.333757 23704.967280
194 -9.957130 4.055229 5.723862 293.333757 23958.787962
194 7.442297 -3.573755 11.693659 155.095782 98249.331243
194 -7.448381 3.562300 11.693659 155.095782 97442.005410
194 16.786198 -5.367196 10.541950 213.582073 79361.960518
194 -16.933652 5.314453 10.541950 213.582073 79968.721879
194 6.926731 -3.447748 11.981365 212.422076 102561.806474
194 -6.982639 3.475639 11.981365 212.422076 102705.458556
194 11.231116 -4.390184 3.854210 200.907314 10813.775319
194 -11.293680 4.349445 3.854210 200.907314 10907.944086
194 9.152055 -3.963060 11.696305 89.564842 102792.626663
194 -9.088387 3.943027 11.696305 89.564842 101067.641018
194 11.908821 -4.520700 2.301831 197.571563 3800.739868
194 -11.952051 4.541133 2.301831 197.571563 3697.624482
194 10.916589 -4.328274 5.372536 235.164656 20833.609992
194 -10.984335 4.192249 5.372536 235.164656 20991.002370
194 10.832770 -4.311626 3.719414 311.197907 9818.231933
194 -10.762045 4.374100 3.719414 311.197907 9905.036709
194 15.134096 -5.096236 2.261688 122.585426 3741.225018
194 -15.178393 5.092164 2.261688 122.585426 3642.459318
194 11.705991 -4.482037 6.006227 279.586512 26046.317721
194 -11.746551 4.434485 6.006227 279.586512 25974.434550
194 11.814605 -4.502782 11.237530 49.173816 92784.080727
194 -11.855859 4.519411 11.237530 49.173816 90543.374680
194 12.795537 -4.685981 5.231273 277.335522 19982.581356
194 -12.698882 4.667218 5.231273 277.335522 19764.311585
195 13.620571 -4.834694 3.256613 246.585932 7541.974306
195 -13.693356 4.903353 3.256613 246.585932 7772.398764
195 12.657132 -4.660569 3.096408 115.240034 6952.253145
195 -12.723047 4.716124 3.096408 115.240034 6940.324567
195 10.038559 -4.150563 21.052282 160.245379 324626.570079
195 -10.051121 4.147685 21.052282 160.245379 322976.533869
195 15.895522 -5.222864 3.256807 174.293342 7537.086729
195 -15.757963 5.265016 3.256807 174.293342 7730.052152
195 8.535168 -3.827166 9.960320 127.158151 72900.619052
195 -8.541468 3.751211 9.960320 127.158151 73063.949974
195 12.933375 -4.711153 10.078035 130.045380 74002.749809
195 -12.981508 4.687181 10.078035 130.045380 71780.193988
195 9.613700 -4.061782 12.593709 144.621019 112626.989224
195 -9.656042 4.017298 12.593709 144.621019 114041.614539
195 21.135242 -6.022474 9.529702 255.153131 66470.727238
195 -21.035825 6.032236 9.529702 255.153131 66713.992416
195 15.665283 -5.184900 6.077715 253.257276 26419.809190
195 -15.610859 5.200805 6.077715 253.257276 26152.125063
195 11.239644 -4.391851 9.537041 34.819838 66089.232957
195 -11.314187 4.415336 9.537041 34.819838 66079.125919
195 19.380401 -5.767036 2.857554 241.663185 5746.334947
195 -19.363538 5.737417 2.857554 241.663185 5650.363934
195 9.774686 -4.095649 4.002334 18.575239 11262.684627
195 -9.847059 4.095296 4.002334 18.575239 11936.944765
195 13.844002 -4.874186 20.694943 334.470095 313342.509194
195 -13.957057 4.888559 20.694943 334.470095 311854.856213
195 14.360311 -4.964245 7.027665 171.236358 36831.805766
195 -14.426483 4.969518 7.027665 171.236358 36229.912721
195 5.697009 -3.126762 5.684185 249.586031 22659.768996
195 -5.670844 3.118552 5.684185 249.586031 23315.723886
195 18.132056 -5.578210 9.243417 93.218988 58800.465810
195 -18.146545 5.526997 9.243417 93.218988 61783.488723
195 18.965661 -5.704995 12.967517 229.360286 123237.838155
195 -18.990537 5.678508 12.967517 229.360286 123045.071095
195 16.656779 -5.346466 3.131619 27.577504 7058.738320
195 -16.662769 5.430251 3.131619 27.577504 6945.715863
196 23.337838 -6.328512 10.723849 3.412142 80494.521855
196 -23.335299 6.332718 10.723849 3.412142 84912.610073
196 11.182478 -4.380668 6.344722 22.013551 27789.305039
196 -11.259499 4.365932 6.344722 22.013551 29219.953509
196 9.386492 -4.013497 5.129203 229.449197 19122.429940
196 -9.387378 4.064278 5.129203 229.449197 18602.778350
196 10.212644 -4.186397 9.454115 101.491266 64794.223292
196 -10.212316 4.201256 9.454115 101.491266 64864.745618
196 16.236295 -5.278552 16.424352 164.220327 196212.734158
196 -16.181343 5.229692 16.424352 164.220327 189070.679737
196 5.276372 -3.009117 12.871106 335.703076 118849.965069
196 -5.308160 2.981701 12.871106 335.703076 121691.313789
196 12.317461 -4.597608 4.690142 8.920246 15410.127684
196 -12.281591 4.557320 4.690142 8.920246 16470.107899
196 12.127956 -4.562103 5.306209 196.089301 20024.119671
196 -12.156031 4.575451 5.306209 196.089301 20111.228472
196 11.002224 -4.345218 7.220543 155.020349 37155.061102
196 -11.039201 4.328836 7.220543 155.020349 37152.078419
196 20.852623 -5.982072 12.188290 19.373636 103704.607255
196 -20.731110 6.065139 12.188290 19.373636 108315.560463
196 12.905742 -4.706118 7.499311 120.221599 42516.754514
196 -12.861641 4.662090 7.499311 120.221599 40241.695822
196 5.477097 -3.065819 5.918259 30.778323 25279.727417
196 -5.474336 3.036529 5.918259 30.778323 25321.144731
196 16.334482 -5.294488 7.547615 38.823219 39857.597660
196 -16.379222 5.283305 7.547615 38.823219 39785.609039
196 14.396697 -4.970530 11.950346 241.980756 105212.185639
196 -14.481632 4.983065 11.950346 241.980756 104899.891137
196 3.994311 -2.618136 4.871162 198.814820 17149.413336
196 -3.970552 2.598205 4.871162 198.814820 16530.015562
196 12.788908 -4.684767 15.972923 171.368597 177357.504232
196 -12.721323 4.751321 15.972923 171.368597 189645.624640
196 8.674306 -3.858235 7.048764 32.416339 35271.240228
196 -8.669861 3.907725 7.048764 32.416339 35592.213376
196 14.020284 -4.905121 4.065254 77.314545 11959.365516
196 -13.960252 4.915375 4.065254 77.314545 12094.395451
197 19.538819 -5.790558 3.162637 284.979541 7310.013190
197 -19.594503 5.674229 3.162637 284.979541 7342.770498
197 12.205110 -4.576591 4.601346 31.696607 14941.928526
197 -12.202120 4.525224 4.601346 31.696607 15191.340526
197 4.510183 -2.782072 4.015198 242.591778 11292.111703
197 -4.482896 2.840361 4.015198 242.591778 12108.960524
197 17.968353 -5.552971 8.034357 97.353239 47668.138490
197 -17.922389 5.434580 8.034357 97.353239 45110.143967
197 3.660548 -2.506365 8.800877 318.803804 57689.150666
197 -3.648964 2.515075 8.800877 318.803804 56346.994475
197 12.265557 -4.587910 6.014078 243.265432 27340.976823
197 -12.244241 4.609465 6.014078 243.265432 26655.090482
197 22.417720 -6.202503 6.193308 185.940830 27327.179601
197 -22.353430 6.286702 6.193308 185.940830 27382.910732
197 12.987757 -4.721047 5.279176 85.437699 20362.300275
197 -13.004156 4.766312 5.279176 85.437699 20167.376318
197 7.378631 -3.558436 6.732674 177.284189 32911.280787
197 -7.394860 3.555028 6.732674 177.284189 33085.845671
197 6.477207 -3.333997 6.280754 302.169404 28612.961036
197 -6.456874 3.382416 6.280754 302.169404 28523.713662
197 7.274673 -3.533280 3.034023 317.372209 6537.603754
197 -7.305821 3.493817 3.034023 317.372209 6624.772514
197 10.522226 -4.249376 7.516451 224.889384 41117.648187
197 -10.522844 4.313466 7.516451 224.889384 40909.258319
197 8.059955 -3.719098 5.079645 90.942891 18811.901051
197 -8.040667 3.643828 5.079645 90.942891 18672.427674
197 9.297636 -3.994455 8.292374 35.897139 50072.225051
197 -9.310459 4.014412 8.292374 35.897139 48755.932215
197 6.356709 -3.302839 8.718857 209.806669 52938.505999
197 -6.382629 3.298754 8.718857 209.806669 52670.531264
197 4.240255 -2.697536 4.631976 148.428416 15280.374122
197 -4.251595 2.690483 4.631976 148.428416 15773.441924
197 12.017066 -4.541199 12.876957 331.074535 120090.491623
197 -11.874610 4.556051 12.876957 331.074535 117752.408722
198 10.393390 -4.223280 4.356102 293.952895 13652.168970
198 -10.364299 4.170957 4.356102 293.952895 13765.005861
198 11.002897 -4.345351 5.111875 47.221074 18437.955138
198 -11.100152 4.435733 5.111875 47.221074 19387.379379
198 12.370984 -4.607586 3.134853 338.111767 7193.421537
198 -12.337430 4.574280 3.134853 338.111767 7136.119637
198 9.854200 -4.112273 3.946855 14.577610 10953.726507
198 -9.787932 4.115052 3.946855 14.577610 11082.288318
198 7.280849 -3.534779 4.871061 226.573334 17114.512062
198 -7.256588 3.545453 4.871061 226.573334 17218.942508
198 11.452087 -4.433162 5.396504 318.803916 21099.055719
198 -11.473254 4.389031 5.396504 318.803916 21133.612329
198 15.467859 -5.152125 15.670879 77.749393 183499.852481
198 -15.429956 5.165113 15.670879 77.749393 173127.507861
198 3.096149 -2.305060 9.035712 330.691035 60642.272041
198 -3.094026 2.287101 9.035712 330.691035 59354.201279
198 5.012523 -2.932915 7.444687 125.675593 41551.831049
198 -5.015176 2.923284 7.444687 125.675593 39014.593573
198 7.626760 -3.617773 11.758602 220.139468 99303.983626
198 -7.652724 3.578052 11.758602 220.139468 97553.005289
198 19.423205 -5.773401 6.395758 230.930235 28495.072123
198 -19.520698 5.849504 6.395758 230.930235 29438.438302
198 19.198144 -5.739855 4.050254 185.942093 11935.767904
198 -19.278649 5.760311 4.050254 185.942093 11848.665938
198 21.365419 -6.055179 7.483598 299.481747 39624.034669
198 -21.366643 5.929977 7.483598 299.481747 38920.648840
198 17.059487 -5.410710 4.043390 292.262107 11523.379150
198 -17.060153 5.456272 4.043390 292.262107 11732.986604
198 18.788670 -5.678313 7.165208 312.291793 35088.847914
198 -18.724391 5.703310 7.165208 312.291793 36228.268261
198 2.283656 -1.979642 12.217313 108.967076 109970.703607
198 -2.276276 1.990121 12.217313 108.967076 108688.056174
198 20.146353 -5.879894 3.918093 34.632728 11536.665907
198 -20.237996 5.952641 3.918093 34.632728 11117.443545
199 5.116885 -2.963290 4.268398 310.183435 13241.727530
199 -5.170044 2.969169 4.268398 310.183435 13115.983035
199 6.537290 -3.349424 17.069160 81.615372 208209.378926
199 -6.616188 3.345489 17.069160 81.615372 213190.518011
199 15.438303 -5.147200 4.970851 78.113800 17380.497667
199 -15.453530 5.141378 4.970851 78.113800 17673.566525
199 20.041404 -5.864559 8.918158 173.570604 55797.511377
199 -20.070283 5.877761 8.918158 173.570604 56903.273140
199 0.856592 -1.212434 8.467895 242.773207 51143.905145
199 -0.854226 1.170319 8.467895 242.773207 50734.713145
199 3.539885 -2.464710 16.790884 39.346787 198638.173659
199 -3.536035 2.422235 16.790884 39.346787 199905.810781
199 6.070243 -3.227560 5.633793 274.477642 23029.824809
199 -6.089824 3.240666 5.633793 274.477642 22930.689955
199 14.157979 -4.929149 7.647426 53.570519 43096.353473
199 -14.176512 4.989234 7.647426 53.570519 42315.799654
199 2.648981 -2.132116 9.298537 301.087458 63149.457181
199 -2.650533 2.135646 9.298537 301.087458 60879.075560
199 6.322098 -3.293835 3.449348 193.105605 8323.104976
199 -6.392477 3.332335 3.449348 193.105605 8649.290821
199 8.819164 -3.890317 4.768233 215.237783 15979.645312
199 -8.791986 3.907139 4.768233 215.237783 16379.597352
199 11.179639 -4.380112 7.279632 216.402336 38264.259956
199 -11.207296 4.387366 7.279632 216.402336 37872.705171
199 9.118751 -3.955842 6.883040 19.559601 33295.481512
199 -9.080621 3.898758 6.883040 19.559601 34759.573420
199 13.628907 -4.836173 9.869644 137.747780 68845.934125
199 -13.653393 4.821120 9.869644 137.747780 69349.109444
199 4.966791 -2.919505 10.808872 190.118103 83088.400514
199 -4.970339 2.930911 10.808872 190.118103 85018.526915
199 14.427455 -4.975837 7.233329 89.909901 38094.497336
199 -14.262849 4.897211 7.233329 89.909901 38460.792612
200 9.072307 -3.945756 8.698590 150.205827 54550.566643
200 -9.103780 3.963547 8.698590 150.205827 55048.612923
200 11.848273 -4.509193 5.762159 16.450095 23892.343738
200 -11.913262 4.464690 5.762159 16.450095 23599.185770
200 15.137399 -5.096792 7.524969 275.356233 40153.169409
200 -15.045625 5.101877 7.524969 275.356233 40957.389721
200 17.605474 -5.496613 6.425582 342.738980 28935.979942
200 -17.675831 5.448851 6.425582 342.738980 30521.408802
200 2.357287 -2.011303 7.976155 270.853486 43667.607650
200 -2.342184 2.015962 7.976155 270.853486 46991.099834
200 16.178404 -5.269133 10.738339 39.540430 81773.276425
200 -16.088378 5.300437 10.738339 39.540430 84235.057698
200 9.859555 -4.113391 5.774552 306.187622 23507.801724
200 -9.769171 4.078082 5.774552 306.187622 24525.654251
200 12.323990 -4.598826 4.455180 257.589299 14425.182728
200 -12.281133 4.616696 4.455180 257.589299 13761.138984
200 16.686924 -5.351302 2.029101 202.865757 3085.267971
200 -16.818979 5.451888 2.029101 202.865757 2969.687852
200 16.169801 -5.267732 16.875787 36.985762 206194.219480
200 -16.243740 5.377821 16.875787 36.985762 214451.710635
200 10.015459 -4.145784 6.998247 99.030429 35142.460137
200 -10.066820 4.140084 6.998247 99.030429 35172.459184
200 7.777274 -3.653297 8.740518 106.320572 57656.943037
200 -7.761067 3.610954 8.740518 106.320572 55343.424183
200 9.872553 -4.116101 9.285318 190.380959 61897.753017
200 -9.820076 4.152707 9.285318 190.380959 61172.100855
200 15.974640 -5.235846 4.030708 232.773202 11520.202929
200 -16.025677 5.295980 4.030708 232.773202 12147.904748
200 8.699463 -3.863826 1.656960 64.344700 1987.247441
200 -8.721992 3.816451 1.656960 64.344700 1961.462401
200 11.297170 -4.403075 6.717269 101.544024 33308.324939
200 -11.328290 4.342725 6.717269 101.544024 33028.495386
201 7.670593 -3.628154 7.175134 305.832905 36833.861318
201 -7.616814 3.632513 7.175134 305.832905 37334.119456
201 10.476172 -4.240066 8.833495 26.508300 55111.598921
201 -10.388778 4.237169 8.833495 26.508300 58205.382318
201 12.593835 -4.648901 3.926517 326.250199 10736.462385
201 -12.607522 4.676543 3.926517 326.250199 11094.568820
201 13.383909 -4.792507 5.996322 337.391590 25759.013885
201 -13.290460 4.851477 5.996322 337.391590 25599.601733
201 14.706690 -5.023759 6.517261 3.217772 30795.894377
201 -14.707648 4.978693 6.517261 3.217772 30692.978853
201 6.310566 -3.290830 2.554097 191.485347 4605.907955
201 -6.285001 3.258479 2.554097 191.485347 4758.136929
201 12.239160 -4.582971 3.877340 161.971392 11075.152976
201 -12.184794 4.531232 3.877340 161.971392 10436.633000
201 10.647584 -4.274613 11.797608 341.886757 102259.177220
201 -10.753714 4.204571 11.797608 341.886757 100922.957493
201 5.001762 -2.929765 15.160876 36.962952 162499.732700
201 -5.003511 2.891665 15.160876 36.962952 164138.402957
201 9.488407 -4.035227 2.429814 114.814044 4211.891545
201 -9.483090 4.009345 2.429814 114.814044 4311.022357
201 12.326318 -4.599260 3.280010 56.989149 7502.864929
201 -12.355275 4.639818 3.280010 56.989149 7542.729401
201 14.075414 -4.914755 4.215883 181.912300 12570.499282
201 -14.170134 4.882560 4.215883 181.912300 12674.582632
201 9.304161 -3.995857 3.852605 317.749595 10764.271812
201 -9.209838 4.020529 3.852605 317.749595 10987.028418
201 5.111527 -2.961738 11.917624 320.738885 105402.103922
201 -5.106174 2.971989 11.917624 320.738885 102601.480495
201 11.722814 -4.485256 5.862533 246.416919 25257.474717
201 -11.708961 4.509181 5.862533 246.416919 25159.705642
202 1.796713 -1.755944 21.760354 335.301114 328433.670884
202 -1.791415 1.751724 21.760354 335.301114 337178.722114
202 -1.495510 -1.602013 15.618207 215.362737 179209.297347
202 1.498246 1.595865 15.618207 215.362737 171655.823580
202 5.896062 -3.180917 9.180287 311.349537 60304.040904
202 -5.866906 3.179597 9.180287 311.349537 60852.649835
202 10.053703 -4.153692 2.594370 53.314622 4813.861758
202 -9.936767 4.150569 2.594370 53.314622 4880.227949
202 22.613998 -6.229597 7.800608 125.073023 45157.475970
202 -22.863917 6.156996 7.800608 125.073023 44044.732322
202 7.123728 -3.496431 14.251612 168.194468 143967.177444
202 -7.110509 3.498905 14.251612 168.194468 144442.267249
202 10.845599 -4.314178 7.061552 328.159770 36503.663418
202 -10.809741 4.386371 7.061552 328.159770 37366.480720
202 6.357388 -3.303016 10.774270 310.455485 83575.378948
202 -6.353977 3.358216 10.774270 310.455485 85841.849016
202 21.314212 -6.047919 5.508636 147.434594 21748.203988
202 -21.359470 6.008439 5.508636 147.434594 21986.606467
202 16.195183 -5.271864 5.215931 205.350325 19344.206987
202 -16.199970 5.288321 5.215931 205.350325 18914.456253
202 11.462559 -4.435189 8.778501 155.268498 55354.110888
202 -11.398816 4.350226 8.778501 155.268498 54007.650688
202 8.708859 -3.865912 5.509151 247.570433 21608.086316
202 -8.703666 3.906933 5.509151 247.570433 21781.794680
202 13.982193 -4.898453 5.388675 103.606171 21576.194166
202 -14.022028 4.853088 5.388675 103.606171 20463.782262
202 4.484541 -2.774152 4.398046 228.045930 13938.153112
202 -4.496861 2.770183 4.398046 228.045930 14349.888505
202 12.921897 -4.709062 5.200348 44.876729 19280.449362
202 -13.011384 4.743335 5.200348 44.876729 20065.138050
203 11.273360 -4.398433 6.046280 204.852298 26288.063813
203 -11.329667 4.374036 6.046280 204.852298 26454.980025
203 1.756385 -1.736126 5.429310 203.556648 21496.833183
203 -1.746182 1.756541 5.429310 203.556648 21675.617165
203 8.254044 -3.763611 1.645823 0.299701 1967.975578
203 -8.269083 3.751506 1.645823 0.299701 1999.682229
203 16.532345 -5.326458 3.059792 161.419056 6779.109493
203 -16.472498 5.433295 3.059792 161.419056 6875.753808
203 11.298210 -4.403278 12.456608 164.965533 115199.718955
203 -11.170653 4.339864 12.456608 164.965533 113270.076945
203 18.874891 -5.691327 16.924956 280.435939 212923.550621
203 -18.837542 5.663961 16.924956 280.435939 206914.574201
203 7.694604 -3.633829 7.508040 218.343092 40677.873258
203 -7.791917 3.642647 7.508040 218.343092 41300.839198
203 12.898844 -4.704860 11.890864 223.845088 102805.504695
203 -12.856339 4.674425 11.890864 223.845088 100886.193211
203 10.605282 -4.266113 11.637610 279.266877 97316.738354
203 -10.699580 4.254618 11.637610 279.266877 100347.654044
203 19.875068 -5.840172 4.624441 46.250567 15682.918135
203 -19.718526 5.763467 4.624441 46.250567 15578.085963
203 13.315038 -4.780161 12.348957 80.031220 108770.625413
203 -13.242806 4.723516 12.348957 80.031220 109084.323186
203 6.390052 -3.311490 4.607019 248.796346 15560.199528
203 -6.417083 3.305919 4.607019 248.796346 15441.590946
203 12.999266 -4.723139 3.727599 285.687521 9859.758377
203 -13.017324 4.636447 3.727599 285.687521 10164.334930
203 19.040793 -5.716284 5.918189 257.134257 24265.585387
203 -19.177341 5.688478 5.918189 257.134257 25633.296924
204 3.542137 -2.465494 1.876897 177.189408 2568.783135
204 -3.505130 2.470684 1.876897 177.189408 2513.315871
204 16.108727 -5.257774 11.631855 244.798522 96255.279081
204 -16.172770 5.215747 11.631855 244.798522 98441.039815
204 3.300487 -2.379909 5.756199 198.849255 23816.073224
204 -3.323051 2.401641 5.756199 198.849255 23813.921545
204 7.176703 -3.509407 2.630908 130.269074 4979.346351
204 -7.167301 3.459492 2.630908 130.269074 4899.898086
204 2.716131 -2.158970 11.190283 90.615561 90402.304915
204 -2.711099 2.172209 11.190283 90.615561 94791.468681
204 7.044835 -3.477016 6.952331 37.800838 33810.439321
204 -7.073284 3.548081 6.952331 37.800838 34127.798353
204 20.885012 -5.986716 37.721958 263.447151 1046133.829209
204 -20.803512 5.961255 37.721958 263.447151 1057235.480628
204 11.884244 -4.516033 15.112726 322.242953 169019.636536
204 -11.914942 4.512269 15.112726 322.242953 168085.031158
204 8.609937 -3.843893 12.060214 23.073373 101511.584684
204 -8.614498 3.860331 12.060214 23.073373 102402.651203
204 2.764355 -2.178052 6.072230 37.757179 25929.050168
204 -2.764414 2.196524 6.072230 37.757179 27270.146287
204 6.657313 -3.380032 8.180162 277.617661 47990.535376
204 -6.660918 3.350625 8.180162 277.617661 47197.966555
204 7.666099 -3.627092 3.283690 100.513632 7825.386033
204 -7.605947 3.607366 3.283690 100.513632 7637.781241
204 2.504588 -2.073192 5.785737 177.211276 24324.627309
204 -2.511432 2.056312 5.785737 177.211276 25200.828756
204 10.627755 -4.270631 7.691677 59.123269 43674.862245
204 -10.697025 4.248918 7.691677 59.123269 41916.918164
205 13.939362 -4.890945 12.624473 26.709847 121317.413383
205 -14.021236 4.852079 12.624473 26.709847 117210.453915
205 14.986739 -5.071365 9.361423 92.868461 63625.852464
205 -15.018855 5.101195 9.361423 92.868461 64830.221931
205 10.038910 -4.150635 5.371561 325.382143 21222.057679
205 -10.034849 4.155115 5.371561 325.382143 20669.721582
205 11.493264 -4.441125 14.577043 277.798549 147933.732805
205 -11.521262 4.419733 14.577043 277.798549 151681.328324
205 16.878863 -5.381990 9.797590 330.579327 69527.033880
205 -17.054740 5.312996 9.797590 330.579327 69381.413981
205 21.512538 -6.075991 3.207339 140.289769 7536.251541
205 -21.488143 6.085536 3.207339 140.289769 7387.811994
205 10.514095 -4.247733 9.556481 54.611780 66857.829120
205 -10.492981 4.284655 9.556481 54.611780 67088.172468
205 15.764313 -5.201263 8.746772 281.262511 54857.116269
205 -15.792587 5.221648 8.746772 281.262511 55409.402333
205 10.134473 -4.170344 10.127765 40.023429 73232.054678
205 -10.204475 4.138329 10.127765 40.023429 74798.482465
205 5.730040 -3.135813 7.675622 276.529931 42115.484614
205 -5.719190 3.184951 7.675622 276.529931 42321.547272
205 4.500520 -2.779090 8.983216 287.044443 56496.318628
205 -4.506567 2.798280 8.983216 287.044443 59612.761426
205 6.728476 -3.398049 4.156203 83.654035 12050.045893
205 -6.770880 3.406201 4.156203 83.654035 11998.806888
205 3.749129 -2.536510 6.221877 213.858712 27669.031304
205 -3.748707 2.604207 6.221877 213.858712 28271.914463
206 13.917635 -4.887131 7.390180 170.758664 40609.203697
206 -13.880951 4.954726 7.390180 170.758664 39498.898619
206 10.789663 -4.303039 3.743548 9.997652 10112.469249
206 -10.853825 4.204356 3.743548 9.997652 10136.752440
206 6.466591 -3.331264 5.976026 167.159367 25724.085408
206 -6.464120 3.348265 5.976026 167.159367 25628.266791
206 9.468576 -4.031008 13.849962 282.466954 136420.140006
206 -9.506235 4.111207 13.849962 282.466954 134719.650288
206 7.672539 -3.628615 6.877982 345.441786 34101.901737
206 -7.705361 3.635891 6.877982 345.441786 34308.612064
206 10.224780 -4.188883 4.541416 211.199168 14749.023478
206 -10.273680 4.202572 4.541416 211.199168 14870.410615
206 6.413771 -3.317631 3.836489 246.846553 11039.519924
206 -6.380276 3.273561 3.836489 246.846553 10705.820763
206 15.962656 -5.233881 12.358095 26.774822 109011.662619
206 -16.011616 5.336114 12.358095 26.774822 112510.444947
206 14.278736 -4.950125 12.831605 358.268309 116672.430390
206 -14.324297 4.964356 12.831605 358.268309 116727.784829
206 5.893021 -3.180096 4.354490 0.868954 13763.457593
206 -5.883328 3.223772 4.354490 0.868954 13618.336539
206 10.517290 -4.248379 12.063011 214.456498 103747.299457
206 -10.478629 4.208029 12.063011 214.456498 104393.102957
206 11.112383 -4.366917 7.731470 2.361744 44749.699315
206 -11.136180 4.235736 7.731470 2.361744 43458.207293
206 5.236083 -2.997606 5.133781 285.526730 18715.317875
206 -5.227832 2.971561 5.133781 285.526730 18846.022835
207 18.371277 -5.614886 5.392749 299.175376 20792.891102
207 -18.455190 5.626609 5.392749 299.175376 20994.020952
207 12.392733 -4.611634 7.510287 167.268794 40416.253838
207 -12.338243 4.572183 7.510287 167.268794 40496.655769
207 4.537005 -2.790332 3.622814 324.050451 9387.357777
207 -4.545440 2.762594 3.622814 324.050451 9402.015022
207 6.462923 -3.330319 4.529470 332.399859 14302.862446
207 -6.479699 3.324114 4.529470 332.399859 14448.116737
207 13.181894 -4.756201 12.818845 61.125167 119470.282361
207 -13.213666 4.764065 12.818845 61.125167 114726.805449
207 15.948663 -5.231587 3.947975 308.533991 11222.165543
207 -15.887529 5.286562 3.947975 308.533991 11516.445071
207 11.673353 -4.475784 8.047438 119.045604 45381.693994
207 -11.692030 4.552863 8.047438 119.045604 45829.756236
207 1.181433 -1.423888 7.707554 222.924902 44463.841129
207 -1.182454 1.407068 7.707554 222.924902 44677.703286
207 8.758294 -3.876868 7.858561 302.947976 45114.398000
207 -8.767735 3.893238 7.858561 302.947976 44660.548674
207 8.388912 -3.794234 5.964147 122.357057 26236.710076
207 -8.447419 3.790986 5.964147 122.357057 26386.121017
207 13.064343 -4.734946 6.641228 202.392820 31460.651950
207 -13.034032 4.743207 6.641228 202.392820 31782.097849
207 11.635691 -4.468558 4.621567 287.478259 15156.239049
207 -11.649025 4.418088 4.621567 287.478259 15500.164899
208 17.855275 -5.535471 11.700045 32.722060 99500.421491
208 -17.903587 5.647654 11.700045 32.722060 97853.250305
208 5.852235 -3.169073 2.397135 281.095132 4145.095453
208 -5.845248 3.173208 2.397135 281.095132 4109.235019
208 5.124533 -2.965504 12.628986 182.628320 115330.768083
208 -5.090376 2.978538 12.628986 182.628320 118125.952661
208 9.226582 -3.979163 8.847279 267.072999 55930.544094
208 -9.216990 3.957129 8.847279 267.072999 55361.805260
208 13.633093 -4.836915 5.280926 30.199737 19754.049182
208 -13.597012 4.856987 5.280926 30.199737 20883.948788
208 15.077230 -5.086653 6.237161 149.803715 26981.180013
208 -14.921419 5.102785 6.237161 149.803715 28721.567252
208 16.495212 -5.320473 10.054318 23.396308 72901.629910
208 -16.585901 5.418242 10.054318 23.396308 74482.596774
208 11.820588 -4.503922 17.634125 281.595819 230773.979215
208 -11.881409 4.498599 17.634125 281.595819 225613.195858
208 15.655636 -5.183304 2.410820 64.004630 4218.298489
208 -15.669183 5.101276 2.410820 64.004630 4220.721168
208 10.492397 -4.243348 8.081664 162.191281 46797.905800
208 -10.463040 4.303219 8.081664 162.191281 46839.709975
208 12.098743 -4.556605 2.945337 12.272468 6293.557002
208 -12.032497 4.702889 2.945337 12.272468 6304.075524
208 4.852608 -2.885751 4.458993 208.438453 14296.429651
208 -4.844494 2.920401 4.458993 208.438453 14399.291416
209 11.540650 -4.450271 6.997182 17.689633 33870.574030
209 -11.457709 4.499716 6.997182 17.689633 34871.423264
209 2.173383 -1.931254 5.531903 11.795271 22085.067969
209 -2.154371 1.951156 5.531903 11.795271 22301.498266
209 13.708502 -4.850274 10.686667 280.926762 84177.092891
209 -13.676607 4.949162 10.686667 280.926762 84070.950508
209 12.644005 -4.658152 7.445663 303.023870 40577.334996
209 -12.585142 4.633562 7.445663 303.023870 37783.172489
209 5.833651 -3.164037 6.072390 189.502753 26609.108923
209 -5.804404 3.135206 6.072390 189.502753 26449.785896
209 5.314698 -3.020025 3.220671 195.829037 7727.714145
209 -5.354690 2.973867 3.220671 195.829037 7597.052155
209 10.779859 -4.301083 6.244147 83.485219 28828.688772
209 -10.750544 4.264046 6.244147 83.485219 28697.996628
209 19.038324 -5.715914 3.693928 291.206812 9673.253631
209 -19.046446 5.627670 3.693928 291.206812 9803.659240
209 9.415821 -4.019762 7.870799 292.110233 43337.184643
209 -9.512294 4.020132 7.870799 292.110233 45755.165928
209 3.301899 -2.380418 10.118723 265.709210 75904.932943
209 -3.297071 2.362050 10.118723 265.709210 76077.665862
209 16.182838 -5.269855 12.490336 314.978317 110518.147802
209 -16.168061 5.223256 12.490336 314.978317 109767.293286
210 19.521396 -5.787976 4.865056 223.928612 16899.323462
210 -19.557214 5.728735 4.865056 223.928612 17275.978863
210 11.371520 -4.417541 4.426058 189.879526 14322.695381
210 -11.323323 4.473981 4.426058 189.879526 13997.940574
210 12.289466 -4.592380 4.552575 294.025366 15088.849974
210 -12.238783 4.554024 4.552575 294.025366 14693.003635
210 6.368770 -3.305971 6.832871 85.200968 34047.048768
210 -6.347173 3.309066 6.832871 85.200968 32073.438231
210 8.743207 -3.873528 8.326181 181.671404 50846.195299
210 -8.745594 3.917603 8.326181 181.671404 50119.903426
210 10.375212 -4.219585 2.879858 205.541020 6019.331070
210 -10.289575 4.209130 2.879858 205.541020 5986.180015
210 7.425560 -3.569734 4.041330 53.439473 11245.119498
210 -7.453155 3.585460 4.041330 53.439473 11724.623933
210 11.652270 -4.471740 10.434587 318.252519 79155.404380
210 -11.590871 4.419404 10.434587 318.252519 78783.008188
210 8.519626 -3.823680 3.822498 262.341228 10525.319727
210 -8.530966 3.806916 3.822498 262.341228 10345.469026
210 8.862982 -3.899970 8.499717 245.003359 53934.751063
210 -8.916318 3.953160 8.499717 245.003359 54954.281991
210 9.094535 -3.950586 5.193113 131.534405 19187.177588
210 -9.130970 3.909193 5.193113 131.534405 20049.409015
211 8.229033 -3.757904 7.710435 240.021631 43559.461384
211 -8.239188 3.763338 7.710435 240.021631 42780.964473
211 19.588164 -5.797866 15.985062 265.321127 190288.586854
211 -19.728670 5.788313 15.985062 265.321127 188890.966414
211 7.163659 -3.506217 4.477816 132.325045 14052.264762
211 -7.209311 3.476740 4.477816 132.325045 14531.643828
211 10.538586 -4.252678 3.253424 246.797401 7784.940805
211 -10.529439 4.212537 3.253424 246.797401 7627.796768
211 12.327192 -4.599423 7.277656 28.665648 37378.171876
211 -12.300746 4.591218 7.277656 28.665648 38660.897135
211 13.061921 -4.734508 4.696005 29.074423 15442.710169
211 -13.147673 4.735217 4.696005 29.074423 15797.497447
211 13.705944 -4.849822 3.098936 219.045601 6972.979461
211 -13.719921 4.824652 3.098936 219.045601 6868.535062
211 18.184809 -5.586318 2.374653 65.481109 4119.154638
211 -18.208211 5.574793 2.374653 65.481109 4030.183095
211 11.600304 -4.461758 6.971684 299.339570 33272.248993
211 -11.645112 4.411571 6.971684 299.339570 36033.550692
211 16.222621 -5.276328 9.247068 150.667048 61576.685708
211 -16.273335 5.252104 9.247068 150.667048 63529.710011
212 3.047282 -2.286797 10.821902 93.096195 84635.042545
212 -3.034933 2.226466 10.821902 93.096195 82664.737853
212 9.759123 -4.092387 1.680073 280.719310 2023.122477
212 -9.744611 4.077831 1.680073 280.719310 2060.969111
212 1.006484 -1.314240 3.538602 198.914248 8936.636355
212 -1.012029 1.319167 3.538602 198.914248 8948.159451
212 14.015384 -4.904263 10.822904 333.193092 87967.830367
212 -13.983860 4.951814 10.822904 333.193092 83488.613863
212 11.853931 -4.510270 14.968464 230.047721 157119.992573
212 -11.850195 4.492407 14.968464 230.047721 160554.144298
212 11.318600 -4.407250 6.225411 253.980220 26614.513016
212 -11.323311 4.434519 6.225411 253.980220 28089.783815
212 5.740397 -3.138645 6.268124 20.803126 29778.288309
212 -5.740840 3.119310 6.268124 20.803126 28098.842785
212 3.377213 -2.407412 6.415835 192.071738 29072.311195
212 -3.368430 2.408297 6.415835 192.071738 29631.885980
212 9.697201 -4.079383 2.980269 109.339348 6353.940629
212 -9.686015 4.070705 2.980269 109.339348 6448.518154
212 1.369656 -1.533123 7.201299 353.020737 37609.899362
212 -1.363942 1.529788 7.201299 353.020737 36502.734628
213 5.530106 -3.080619 12.162047 83.895884 105849.170733
213 -5.511430 3.071881 12.162047 83.895884 107193.985072
213 6.976704 -3.460162 7.308067 121.854104 38656.306573
213 -6.966259 3.466678 7.308067 121.854104 37785.545177
213 9.864462 -4.114414 8.304842 134.303121 50000.427195
213 -9.786533 4.045839 8.304842 134.303121 50945.448343
213 11.723605 -4.485407 3.778621 266.006100 10942.574831
213 -11.643954 4.423713 3.778621 266.006100 10637.412155
213 5.477070 -3.065812 28.602160 98.652482 577779.516345
213 -5.455579 3.036220 28.602160 98.652482 587511.112608
213 6.630057 -3.373105 7.053619 182.832030 35364.327405
213 -6.579852 3.339124 7.053619 182.832030 35604.900622
213 9.962243 -4.134756 6.159409 266.233600 26833.002305
213 -10.020107 4.201412 6.159409 266.233600 27928.994203
213 6.176218 -3.255612 8.829334 138.783230 58050.081616
213 -6.154530 3.318684 8.829334 138.783230 56357.979975
213 1.774062 -1.744840 8.755661 98.523161 54385.086803
213 -1.777594 1.749513 8.755661 98.523161 55328.279010
214 5.076368 -2.951534 8.197707 22.361333 48238.706949
214 -5.058161 2.955789 8.197707 22.361333 47000.765997
214 17.360436 -5.458227 7.864343 217.563997 44398.159439
214 -17.233385 5.452161 7.864343 217.563997 45550.170655
214 1.324399 -1.507581 7.625075 118.235875 43069.977963
214 -1.324434 1.492156 7.625075 118.235875 42312.494788
214 3.508014 -2.453590 7.760372 323.657531 43352.276371
214 -3.519442 2.483611 7.760372 323.657531 43912.202652
214 14.756748 -5.032301 7.461860 315.024930 41197.141903
214 -14.738680 5.063180 7.461860 315.024930 39598.019634
214 10.312160 -4.206744 10.751845 16.127614 85387.102698
214 -10.267873 4.170946 10.751845 16.127614 80685.523799
214 11.665693 -4.474315 8.057393 137.610566 47790.456590
214 -11.686626 4.436377 8.057393 137.610566 46647.083064
214 6.351197 -3.301407 4.612216 196.001611 15214.324251
214 -6.384426 3.348442 4.612216 196.001611 15073.911085
214 8.632795 -3.848992 17.150226 347.877430 208984.626138
214 -8.662565 3.833215 17.150226 347.877430 209364.777226
215 5.988190 -3.205672 6.668632 205.079453 32282.662869
215 -5.939753 3.173247 6.668632 205.079453 30754.401149
215 9.830949 -4.107419 8.854620 336.008024 56206.869603
215 -9.914509 4.053848 8.854620 336.008024 55176.333101
215 6.273255 -3.281087 8.328455 156.974654 52779.705029
215 -6.275869 3.299542 8.328455 156.974654 49630.792152
215 7.618987 -3.615929 4.178362 125.969842 12710.746061
215 -7.597843 3.623441 4.178362 125.969842 12320.169368
215 -1.261767 -1.471502 14.106315 226.428198 146182.400724
215 1.258415 1.487038 14.106315 226.428198 136781.255749
215 5.003780 -2.930356 3.263094 329.118670 7805.511789
215 -5.002822 2.949145 3.263094 329.118670 7505.732838
215 0.784390 -1.160212 4.303154 324.393883 13141.062703
215 -0.789371 1.163071 4.303154 324.393883 13576.387922
215 6.625941 -3.372058 3.877489 358.508775 10701.159254
215 -6.615666 3.401131 3.877489 358.508775 10894.810998
216 5.979238 -3.203275 4.051543 199.869334 11643.713201
216 -6.027575 3.147960 4.051543 199.869334 11919.771189
216 11.963940 -4.531150 2.696405 89.035923 5451.299064
216 -11.989600 4.507207 2.696405 89.035923 5064.665619
216 11.090837 -4.362681 5.592279 232.042188 22457.125561
216 -11.055911 4.335933 5.592279 232.042188 23240.482296
216 5.704328 -3.128769 22.494308 347.517464 356542.955632
216 -5.706550 3.118958 22.494308 347.517464 369909.283406
216 7.688496 -3.632386 10.328029 182.153426 77334.360107
216 -7.667340 3.663851 10.328029 182.153426 77277.463809
216 12.582401 -4.646790 3.855273 110.597338 10892.622066
216 -12.465920 4.588295 3.855273 110.597338 10732.472956
216 15.082733 -5.087581 7.299114 158.932083 37575.194736
216 -14.999568 5.156029 7.299114 158.932083 39285.000949
216 6.041023 -3.219782 8.872557 327.710256 56848.955819
216 -6.112522 3.222444 8.872557 327.710256 56112.058157
217 4.815225 -2.874614 5.493146 262.945587 22181.754600
217 -4.807474 2.847337 5.493146 262.945587 22209.946218
217 8.080865 -3.723919 11.432831 64.939368 90867.226433
217 -8.065699 3.749768 11.432831 64.939368 93661.848114
217 9.993677 -4.141274 4.707033 138.303985 16045.744661
217 -10.022774 4.126788 4.707033 138.303985 16582.465289
217 9.062780 -3.943683 2.080747 323.949735 3181.682564
217 -9.043173 3.907772 2.080747 323.949735 3012.913530
217 18.731961 -5.669737 11.598800 9.875765 94354.649402
217 -18.738345 5.629624 11.598800 9.875765 97007.820791
217 2.577007 -2.102951 9.121555 176.939832 60258.580128
217 -2.575976 2.083957 9.121555 176.939832 58975.552317
217 14.166363 -4.930608 5.948087 290.993640 25726.479825
217 -14.252244 4.917218 5.948087 290.993640 24685.982449
218 20.797656 -5.974183 6.124376 312.219782 26665.364197
218 -20.610437 6.001547 6.124376 312.219782 26949.838276
218 8.360728 -3.787855 15.060392 221.489236 160710.813846
218 -8.340196 3.773720 15.060392 221.489236 161496.788266
218 10.277527 -4.199674 5.897960 218.595776 25498.966480
218 -10.383122 4.149676 5.897960 218.595776 25911.483016
218 7.319003 -3.544029 16.592733 198.705863 200940.427704
218 -7.335970 3.509857 16.592733 198.705863 188146.979895
218 5.364613 -3.034174 14.646541 199.555886 154419.840190
218 -5.358718 3.024084 14.646541 199.555886 153439.235859
218 6.820209 -3.421134 8.590389 237.387145 51424.908171
218 -6.776343 3.398781 8.590389 237.387145 54254.519026
218 12.401934 -4.613346 4.818634 32.501138 16740.313461
218 -12.327576 4.671831 4.818634 32.501138 16169.125502
219 -3.470380 -2.440393 9.695416 29.126318 68711.370572
219 3.452781 2.462722 9.695416 29.126318 67420.583078
219 6.207441 -3.263830 9.006719 13.619070 58111.230105
219 -6.129538 3.306247 9.006719 13.619070 57911.476615
219 14.148480 -4.927495 5.414049 358.256800 21482.023006
219 -14.251252 4.887375 5.414049 358.256800 20877.810881
219 15.938644 -5.229943 5.324574 273.702123 20232.182448
219 -16.077950 5.184152 5.324574 273.702123 20140.500938
219 9.995532 -4.141658 3.580044 139.276265 9297.761131
219 -10.112322 4.217935 3.580044 139.276265 9179.128712
219 7.942160 -3.691821 9.129478 219.075973 59198.150407
219 -8.008857 3.703998 9.129478 219.075973 61392.341771
220 6.330066 -3.295911 2.273548 1.119936 3790.226307
220 -6.296663 3.282579 2.273548 1.119936 3836.011679
220 21.180194 -6.028875 6.152187 325.282521 26510.679933
220 -21.216218 6.009761 6.152187 325.282521 27196.497458
220 3.873046 -2.578087 6.344953 354.528769 29150.338498
220 -3.871858 2.619064 6.344953 354.528769 28589.751282
220 13.717420 -4.851852 9.258797 151.796748 59065.650454
220 -13.682625 4.824776 9.258797 151.796748 62465.904106
220 10.174315 -4.178534 4.646696 356.318235 15289.716371
220 -10.162718 4.198348 4.646696 356.318235 15795.063309
220 19.253224 -5.748083 1.595433 92.399708 1853.312696
220 -19.272992 5.731437 1.595433 92.399708 1813.302922
221 13.836686 -4.872898 3.919372 86.223471 11627.676138
221 -13.947083 4.829662 3.919372 86.223471 11042.361763
221 11.678562 -4.476782 3.741169 34.025453 10174.815695
221 -11.588958 4.486383 3.741169 34.025453 10058.321579
221 5.536123 -3.082295 4.041737 147.829534 11678.874505
221 -5.500480 3.111346 4.041737 147.829534 12077.075984
221 16.979274 -5.397975 4.880518 118.556434 16780.174071
221 -16.989848 5.496047 4.880518 118.556434 17031.396641
221 8.720406 -3.868474 8.354406 159.101070 51599.632451
221 -8.770472 3.801390 8.354406 159.101070 49225.761232
222 4.835823 -2.880756 6.165492 165.832902 26798.019715
222 -4.830171 2.851969 6.165492 165.832902 27522.809521
222 11.562618 -4.454504 14.690015 254.456100 151845.017494
222 -11.648334 4.515147 14.690015 254.456100 152064.712176
222 12.238099 -4.582772 3.865608 5.583655 10853.232921
222 -12.233548 4.547536 3.865608 5.583655 10528.341613
222 7.891710 -3.680077 3.525782 166.622392 9232.260067
222 -7.927735 3.670162 3.525782 166.622392 8940.451882
222 -0.899272 -1.242272 9.564625 203.889957 66228.547953
222 0.900411 1.254545 9.564625 203.889957 66452.377085
223 10.736299 -4.292384 7.839818 69.728305 43257.510256
223 -10.740352 4.317662 7.839818 69.728305 44713.905404
223 7.989985 -3.702920 3.745925 232.810008 10427.401622
223 -7.943941 3.711146 3.745925 232.810008 9941.754396
223 10.171140 -4.177881 2.393045 31.525288 4051.514728
223 -10.102332 4.160356 2.393045 31.525288 4255.537864
223 8.049508 -3.716687 11.733258 206.252697 94507.977937
223 -8.066952 3.758421 11.733258 206.252697 98756.166766
223 6.889178 -3.438389 6.327967 334.910414 28620.219472
223 -6.905325 3.417568 6.327967 334.910414 28358.167423
224 10.839525 -4.312970 9.626468 279.243692 65236.487927
224 -10.809817 4.323476 9.626468 279.243692 67442.040751
224 10.187527 -4.181246 2.147459 308.772474 3335.955134
224 -10.190631 4.182204 2.147459 308.772474 3346.945232
224 11.130206 -4.370417 5.419351 264.912207 21273.129675
224 -11.160942 4.460270 5.419351 264.912207 20663.818977
224 7.195474 -3.513994 9.421932 141.274859 61727.825265
224 -7.242826 3.434191 9.421932 141.274859 63989.772291
225 8.491836 -3.817439 6.673373 85.239749 32020.701899
225 -8.457490 3.812726 6.673373 85.239749 33035.260952
225 5.462629 -3.061767 10.358444 42.644222 77424.347681
225 -5.445475 3.073555 10.358444 42.644222 78169.846295
225 8.993472 -3.928575 8.135826 180.821582 48766.517853
225 -9.070344 3.948146 8.135826 180.821582 46679.433813
225 6.235506 -3.271200 4.100290 103.905150 12076.671874
225 -6.233970 3.281053 4.100290 103.905150 11933.515346
226 9.840574 -4.109429 10.233426 54.803163 77230.333631
226 -9.895374 4.089043 10.233426 54.803163 77745.742569
226 5.538327 -3.082908 11.874803 280.552240 99003.041974
226 -5.582191 3.132276 11.874803 280.552240 101037.186624
226 4.806290 -2.871946 15.917823 7.503031 181187.075295
226 -4.788891 2.854306 15.917823 7.503031 188689.033011
227 19.140414 -5.731218 8.157799 276.832962 48904.386885
227 -19.167290 5.716931 8.157799 276.832962 48048.707518
227 8.928005 -3.914249 9.425947 200.966601 62905.019842
227 -8.955454 3.934593 9.425947 200.966601 64566.089939
227 10.250067 -4.194060 5.353834 161.289686 20551.784752
227 -10.261366 4.136232 5.353834 161.289686 20397.854668
228 1.833424 -1.773792 6.721854 183.424478 31563.580331
228 -1.849262 1.759148 6.721854 183.424478 33055.751874
228 14.486249 -4.985966 4.300648 328.793814 13627.691653
228 -14.519773 4.989282 4.300648 328.793814 13084.297692
228 9.399380 -4.016251 3.260259 239.291143 7676.588586
228 -9.393711 4.008834 3.260259 239.291143 7640.805324
229 9.887998 -4.119320 11.133459 185.517101 85991.445642
229 -9.938986 4.089853 11.133459 185.517101 90294.507216
229 5.084975 -2.954035 5.493969 354.187426 21160.486009
229 -5.059542 2.950677 5.493969 354.187426 21218.955476
230 8.097033 -3.727642 6.501654 331.220386 31202.468714
230 -8.097651 3.795162 6.501654 331.220386 31217.855146
230 14.893031 -5.055485 13.287468 37.675137 126331.963972
230 -14.891806 4.989761 13.287468 37.675137 127205.741277
231 7.689734 -3.632679 8.567073 140.078656 53996.778488
231 -7.734360 3.610202 8.567073 140.078656 52112.024674
231 -0.663227 -1.066848 7.325177 40.795223 39693.006337
231 0.661343 1.063608 7.325177 40.795223 38446.987848
232 5.648913 -3.113535 9.212686 321.714576 64012.067216
232 -5.640581 3.128924 9.212686 321.714576 59294.939973
233 4.370607 -2.738685 11.561978 322.519429 98184.478515
233 -4.362178 2.785128 11.561978 322.519429 96315.428924
234 13.339550 -4.784559 2.575970 275.393494 4726.984634
234 -13.360391 4.750138 2.575970 275.393494 4772.968080
253 24.629952 5.980243 15.188039 165.648466 166556.408483
253 -24.479721 -5.949839 15.188039 165.648466 164674.752261
254 18.513293 5.184763 2.771190 259.895742 5610.034862
254 -18.499971 -5.146193 2.771190 259.895742 5568.139132
255 32.906849 6.912421 8.835034 61.637615 56866.035076
255 -32.858610 -6.903192 8.835034 61.637615 55798.285078
256 31.915661 6.807521 12.999986 0.994184 125597.886502
256 -32.005002 -6.778907 12.999986 0.994184 122883.918632
256 18.046843 5.119030 6.289644 238.597274 28103.686546
256 -18.047018 -5.189752 6.289644 238.597274 28875.335639
257 19.044110 5.258567 14.972893 110.019655 164574.390075
257 -18.684366 -5.216404 14.972893 110.019655 163595.825931
257 15.388095 4.726933 9.055993 300.065917 59590.851940
257 -15.235239 -4.716304 9.055993 300.065917 60821.224977
258 30.526411 6.657711 7.460408 118.979947 39516.303702
258 -30.689314 -6.736250 7.460408 118.979947 40464.253904
258 21.811685 5.627709 5.134064 90.210393 18896.434985
258 -21.891848 -5.625937 5.134064 90.210393 18548.060187
259 27.530055 6.322525 10.165264 354.986626 74206.159188
259 -27.711292 -6.329316 10.165264 354.986626 74565.109470
259 41.385587 7.751961 3.852786 117.990758 10910.589885
259 -41.278489 -7.832361 3.852786 117.990758 10473.901069
259 31.563030 6.769809 3.804291 8.422915 10304.292825
259 -31.623149 -6.685012 3.804291 8.422915 10453.487949
260 15.837668 4.795486 3.524761 223.100050 9219.787166
260 -15.860044 -4.800192 3.524761 223.100050 9012.559406
260 13.587257 4.441738 4.661788 217.021278 15376.891067
260 -13.577893 -4.478133 4.661788 217.021278 15509.106864
260 23.472090 5.837984 3.749176 331.266649 10097.172318
260 -23.288125 -5.931699 3.749176 331.266649 10060.745506
261 24.267435 5.936070 5.412434 44.627534 20958.922461
261 -24.247554 -5.986592 5.412434 44.627534 20315.533098
261 25.516826 6.086959 13.070076 250.745858 122226.907279
261 -25.422081 -5.996102 13.070076 250.745858 125171.449592
261 36.063892 7.236413 4.633426 88.419357 15790.976451
261 -36.355532 -7.239942 4.633426 88.419357 15390.931007
261 18.478641 5.179908 8.394342 285.424666 49594.141036
261 -18.384511 -5.195040 8.394342 285.424666 51068.127850
262 21.009233 5.523217 10.002130 349.989670 69973.971273
262 -21.038956 -5.472425 10.002130 349.989670 73053.812997
262 28.316121 6.412154 17.348556 187.422303 216739.368152
262 -28.266668 -6.363767 17.348556 187.422303 220754.185873
262 19.913447 5.377250 6.566719 256.782311 31321.149595
262 -19.967639 -5.362885 6.566719 256.782311 31230.037835
262 30.925622 6.701103 11.299646 174.892387 93512.556747
262 -30.906184 -6.612962 11.299646 174.892387 90730.589688
263 27.513581 6.320633 6.270333 257.144463 28753.823710
263 -27.684536 -6.301041 6.270333 257.144463 28053.215866
263 24.739618 5.993542 5.085710 262.446389 18906.047698
263 -24.942159 -6.035444 5.085710 262.446389 17501.973687
263 28.861247 6.473581 8.480941 74.024510 53579.177921
263 -28.811984 -6.487969 8.480941 74.024510 51218.260682
263 4.830443 2.648381 6.089214 246.656221 26430.173914
263 -4.795222 -2.668768 6.089214 246.656221 26945.092220
263 21.916208 5.641177 11.720560 222.083003 98535.609659
263 -21.869656 -5.750096 11.720560 222.083003 100140.264317
264 22.937449 5.771113 8.446992 257.358518 51730.624504
264 -23.070919 -5.753657 8.446992 257.358518 53132.027322
264 23.333305 5.820699 14.780623 342.495610 162864.994624
264 -23.180109 -5.791605 14.780623 342.495610 158393.597034
264 19.700943 5.348482 12.746926 161.744463 115736.073181
264 -19.810540 -5.325564 12.746926 161.744463 116504.209402
264 17.041681 4.974429 2.923971 149.901304 5989.064858
264 -17.113028 -4.892522 2.923971 149.901304 6299.951302
264 12.829722 4.316141 3.776321 334.347854 10300.970062
264 -12.706966 -4.333426 3.776321 334.347854 10493.466728
265 22.724341 5.744242 9.225949 111.689991 63152.934707
265 -22.746929 -5.783628 9.225949 111.689991 63831.049877
265 17.175389 4.993906 6.056128 70.425556 26248.996386
265 -17.146388 -4.988325 6.056128 70.425556 25572.775001
265 16.881540 4.951002 3.066972 144.495318 6675.002836
265 -17.018186 -4.867944 3.066972 144.495318 6691.946529
265 18.803900 5.225297 1.832248 176.875647 2426.322396
265 -18.770062 -5.227313 1.832248 176.875647 2466.411692
265 21.918444 5.641465 8.997123 103.061096 60971.482023
265 -21.781813 -5.635182 8.997123 103.061096 56316.884520
265 21.344228 5.567078 7.182950 64.394863 36440.158136
265 -21.538659 -5.513212 7.182950 64.394863 37940.440842
266 35.688405 7.198643 5.947329 65.510125 25158.632719
266 -35.822594 -7.183501 5.947329 65.510125 25804.643936
266 12.516016 4.263047 4.416467 26.266053 14093.967158
266 -12.466089 -4.269041 4.416467 26.266053 14133.473738
266 31.076999 6.717483 5.662004 74.623237 22953.806521
266 -30.989532 -6.783259 5.662004 74.623237 22946.800940
266 19.414216 5.309419 24.167997 320.487608 417182.972847
266 -19.491742 -5.430466 24.167997 320.487608 421758.829826
266 23.541003 5.846548 17.927440 28.158982 232395.926862
266 -23.384018 -5.843962 17.927440 28.158982 229492.124180
266 27.934312 6.368777 5.226337 27.218937 19627.275368
266 -27.960954 -6.322240 5.226337 27.218937 19134.837092
267 16.315208 4.867247 3.208754 100.099736 7341.071830
267 -16.349108 -4.848124 3.208754 100.099736 7436.796167
267 26.444382 6.196604 8.211691 267.124198 48931.204882
267 -26.423549 -6.178645 8.211691 267.124198 49016.917656
267 11.370609 4.063300 2.127016 302.948562 3232.581793
267 -11.425850 -4.066448 2.127016 302.948562 3222.676819
267 22.686831 5.739499 5.021947 169.002153 18195.956880
267 -22.840507 -5.723962 5.021947 169.002153 18637.397183
267 11.676125 4.117527 8.516026 321.505763 51627.564367
267 -11.672449 -4.079171 8.516026 321.505763 51438.922548
267 25.561949 6.092339 5.570901 205.917444 22792.011732
267 -25.262110 -6.051154 5.570901 205.917444 23263.495155
267 21.117595 5.537443 8.815777 149.439367 56342.260140
267 -21.231176 -5.511533 8.815777 149.439367 56285.800733
268 13.828405 4.480981 4.624176 237.689848 15900.111580
268 -13.914437 -4.522042 4.624176 237.689848 16010.130735
268 13.978637 4.505256 3.637222 95.577611 9529.501731
268 -14.063697 -4.496436 3.637222 95.577611 9357.688940
268 23.231501 5.807988 5.236539 192.510047 19996.829953
268 -23.105790 -5.721921 5.236539 192.510047 19959.436293
268 13.430934 4.416113 5.209476 327.266245 19137.812098
268 -13.260788 -4.341744 5.209476 327.266245 19306.548441
268 21.289092 5.559883 10.611855 341.977822 80052.523850
268 -21.179635 -5.559521 10.611855 341.977822 82666.386576
268 20.108807 5.403563 5.923408 194.494999 24946.032077
268 -20.057142 -5.350124 5.923408 194.494999 25722.577485
268 27.385385 6.305891 5.171195 139.186691 18731.935211
268 -27.607022 -6.256601 5.171195 139.186691 19456.292401
269 20.772026 5.491949 3.490645 32.547545 8553.031989
269 -20.696527 -5.504150 3.490645 32.547545 8918.892144
269 19.009936 5.253846 7.443626 30.015940 40139.976905
269 -18.884762 -5.159303 7.443626 30.015940 39968.511100
269 15.645471 4.766300 3.275607 296.879755 7911.480495
269 -15.703378 -4.773642 3.275607 296.879755 7525.308999
269 36.622732 7.292265 5.711175 72.899628 23521.622762
269 -36.823181 -7.359044 5.711175 72.899628 22968.238469
269 29.537527 6.548987 8.314597 264.793176 50236.597880
269 -29.448884 -6.607711 8.314597 264.793176 49270.535372
269 32.988495 6.920991 4.910299 209.779381 17751.923801
269 -32.986084 -6.908531 4.910299 209.779381 17429.672136
269 13.981932 4.505787 3.435228 72.321536 7973.110583
269 -13.924825 -4.536257 3.435228 72.321536 8598.903987
269 19.278252 5.290794 8.984183 270.849524 58394.475313
269 -19.330387 -5.243054 8.984183 270.849524 58979.898603
270 20.234541 5.420430 20.975956 208.837225 313684.113437
270 -20.267248 -5.479257 20.975956 208.837225 316304.662525
270 19.857657 5.369713 4.406523 107.094205 14042.793974
270 -19.647960 -5.297974 4.406523 107.094205 13521.432181
270 23.034665 5.783330 8.828405 268.551420 57527.384270
270 -22.869430 -5.785317 8.828405 268.551420 56526.449180
270 10.814210 3.962639 4.977954 227.104592 17836.874813
270 -10.814775 -3.947841 4.977954 227.104592 17919.745490
270 11.868835 4.151367 6.078140 115.736427 26591.524194
270 -11.809529 -4.169109 6.078140 115.736427 26801.223040
270 26.834567 6.242152 8.035390 209.646407 46468.002450
270 -26.870820 -6.215823 8.035390 209.646407 46555.308892
270 41.246331 7.738908 14.611400 84.870712 155173.948029
270 -41.368170 -7.697810 14.611400 84.870712 149797.802391
270 22.807148 5.754698 3.390871 252.796163 8377.605329
270 -22.774126 -5.764257 3.390871 252.796163 8207.293867
270 27.310893 6.297309 11.652182 280.071896 98364.201371
270 -27.029148 -6.288807 11.652182 280.071896 97333.140491
271 30.722445 6.679054 14.286361 323.923100 146376.972183
271 -30.985531 -6.641727 14.286361 323.923100 148176.062701
271 22.958871 5.773808 6.135511 133.167741 26899.122925
271 -23.048870 -5.774003 6.135511 133.167741 26622.061664
271 11.495801 4.085608 4.426672 323.047577 14262.474399
271 -11.461426 -4.093361 4.426672 323.047577 13834.701147
271 17.737024 5.074899 9.193268 212.114768 61186.289481
271 -17.727646 -5.107685 9.193268 212.114768 60945.785332
271 25.707350 6.109641 4.867682 133.671165 17411.648167
271 -25.662539 -6.120658 4.867682 133.671165 17143.251808
271 19.221047 5.282939 9.936927 223.957115 70690.076109
271 -19.231015 -5.297416 9.936927 223.957115 72061.407121
271 15.479490 4.740950 8.146390 156.586955 48736.443398
271 -15.568718 -4.730688 8.146390 156.586955 47430.863698
271 13.859499 4.486016 9.776955 304.315282 69826.381940
271 -13.848968 -4.535540 9.776955 304.315282 71009.999605
271 18.217239 5.143140 6.735811 226.040709 32752.988552
271 -18.222057 -5.251426 6.735811 226.040709 32742.452686
272 4.341299 2.510712 10.135417 178.617571 74445.204517
272 -4.357257 -2.503623 10.135417 178.617571 76448.715190
272 17.117127 4.985428 7.620569 130.749194 41199.897280
272 -17.194968 -4.915912 7.620569 130.749194 41316.012649
272 15.020242 4.670093 7.747129 356.892788 43731.195764
272 -15.008305 -4.638862 7.747129 356.892788 44066.620182
272 19.696115 5.347827 4.918467 99.243222 16916.171808
272 -19.641675 -5.324974 4.918467 99.243222 17585.535030
272 14.820075 4.638870 3.661656 324.251429 9892.415488
272 -14.681224 -4.608338 3.661656 324.251429 9426.261901
272 17.315609 5.014249 4.545229 122.147342 14972.039538
272 -17.294649 -5.103404 4.545229 122.147342 14939.781756
272 9.649716 3.743211 7.207075 52.703608 36797.730315
272 -9.679741 -3.754150 7.207075 52.703608 37917.033022
272 24.580594 5.974248 6.364353 320.111980 30865.453387
272 -24.514203 -5.912650 6.364353 320.111980 29117.037692
272 35.285424 7.157885 3.221368 296.944056 7573.309085
272 -35.102022 -7.347827 3.221368 296.944056 7527.071165
272 15.644699 4.766182 4.624593 61.424815 16108.296412
272 -15.616977 -4.690014 4.624593 61.424815 15499.898756
273 28.283104 6.408414 3.233297 80.548989 7460.387081
273 -28.079734 -6.478234 3.233297 80.548989 7618.539859
273 18.470375 5.178749 19.605250 216.012538 267813.039842
273 -18.306130 -5.167629 19.605250 216.012538 272634.584814
273 16.838366 4.944667 5.590327 174.668895 23309.169502
273 -16.843794 -4.919096 5.590327 174.668895 23044.940028
273 11.659263 4.114552 10.347543 235.266302 76284.669920
273 -11.698861 -4.141525 10.347543 235.266302 76641.502966
273 14.987429 4.664989 6.426080 166.910296 29242.129213
273 -14.950989 -4.692940 6.426080 166.910296 30587.769736
273 18.330407 5.159090 7.342970 106.609361 39368.823914
273 -18.269739 -5.098751 7.342970 106.609361 38940.701857
273 32.822935 6.903602 3.977742 278.620997 11376.127262
273 -32.809887 -6.861454 3.977742 278.620997 11739.395811
273 15.015027 4.669282 4.381329 245.283059 14258.859203
273 -15.143442 -4.706017 4.381329 245.283059 13865.233794
273 33.305436 6.954159 13.471777 254.437209 125761.343870
273 -33.310366 -6.960533 13.471777 254.437209 126253.089219
273 17.704881 5.070299 5.769777 27.865181 24074.862021
273 -17.561086 -5.032022 5.769777 27.865181 24516.029842
273 6.291940 3.022591 4.510186 160.364551 14843.323645
273 -6.316726 -3.058238 4.510186 160.364551 14768.210259
274 41.711646 7.782439 5.310035 266.288573 19707.756847
274 -41.098909 -7.913328 5.310035 266.288573 20533.828883
274 18.370362 5.164710 11.005052 104.025705 84930.312914
274 -18.250650 -5.214145 11.005052 104.025705 87449.447391
274 14.467034 4.583284 14.754678 310.098539 149609.055342
274 -14.540642 -4.695104 14.754678 310.098539 150925.123778
274 5.228234 2.755272 9.748636 89.422987 68885.927396
274 -5.252688 -2.718511 9.748636 89.422987 67365.016716
274 26.371667 6.188079 10.708283 109.184941 81014.266363
274 -26.356530 -6.138145 10.708283 109.184941 83984.066942
274 31.439553 6.756554 12.105899 342.275368 108478.538033
274 -31.048197 -6.762166 12.105899 342.275368 105956.689120
274 22.664043 5.736615 7.907211 104.063887 45007.876577
274 -22.541851 -5.772056 7.907211 104.063887 45735.572057
274 20.032981 5.393365 7.276690 51.112343 38336.173250
274 -20.058566 -5.348645 7.276690 51.112343 38142.371140
274 30.548145 6.660080 3.568492 138.869244 8987.270238
274 -30.625430 -6.683871 3.568492 138.869244 9338.598817
274 26.414884 6.193147 7.284709 99.298259 38091.458976
274 -26.322242 -6.230450 7.284709 99.298259 37161.091710
274 23.094360 5.790819 6.142632 49.807164 26878.985284
274 -23.138656 -5.854801 6.142632 49.807164 26754.421630
275 19.795988 5.361368 5.481525 320.090151 21692.309080
275 -19.750976 -5.267972 5.481525 320.090151 21451.470831
275 11.836797 4.145760 2.668422 247.968081 5049.037499
275 -11.939808 -4.137197 2.668422 247.968081 5105.414586
275 15.904595 4.805608 6.169064 2.541150 27306.237865
275 -15.965132 -4.786178 6.169064 2.541150 28012.500498
275 13.928659 4.497195 18.231196 224.722436 240298.348376
275 -13.904944 -4.545949 18.231196 224.722436 243601.805009
275 20.398715 5.442375 5.433203 67.411182 21770.350641
275 -20.435650 -5.415810 5.433203 67.411182 21618.605108
275 27.795419 6.352924 10.939414 46.629508 85751.528850
275 -27.798743 -6.397676 10.939414 46.629508 86533.934175
275 16.793314 4.938047 6.122324 191.234360 26475.234751
275 -16.688025 -4.912385 6.122324 191.234360 27062.512452
275 16.952430 4.961386 8.338646 272.907898 50654.107776
275 -17.040672 -4.947728 8.338646 272.907898 51533.312861
275 39.871261 7.608815 4.391671 185.711308 13972.417679
275 -39.913866 -7.493298 4.391671 185.711308 13505.027865
275 24.286023 5.938343 9.145195 21.683552 58713.752754
275 -24.344213 -5.939848 9.145195 21.683552 60066.982598
275 21.899743 5.639058 3.805063 275.560521 10537.019732
275 -21.887998 -5.670667 3.805063 275.560521 10829.641422
275 32.468050 6.866179 6.715436 55.460238 32305.156114
275 -32.109150 -6.837040 6.715436 55.460238 32704.646845
276 20.243683 5.421654 13.577497 7.066246 133445.537048
276 -20.242717 -5.427959 13.577497 7.066246 131517.489510
276 16.314846 4.867193 13.882906 74.862877 137374.452720
276 -16.333319 -4.911631 13.882906 74.862877 137333.204772
276 26.783918 6.236258 3.113061 139.785061 7101.594308
276 -26.792448 -6.169875 3.113061 139.785061 7148.136844
276 9.483766 3.710885 16.294411 214.608713 197075.478563
276 -9.491814 -3.739282 16.294411 214.608713 187449.015147
276 18.602433 5.197230 5.071723 2.858372 18938.584523
276 -18.541314 -5.215009 5.071723 2.858372 18913.873721
276 20.310613 5.430609 8.488904 48.770260 50757.745332
276 -20.243981 -5.408774 8.488904 48.770260 52225.896956
276 17.118602 4.985643 9.981221 336.761654 71043.088419
276 -16.943897 -4.996747 9.981221 336.761654 70674.326792
276 23.256162 5.811070 6.241701 113.155444 27800.506744
276 -23.293889 -5.911081 6.241701 113.155444 28520.782089
276 25.617818 6.098993 6.826589 22.711260 34909.200781
276 -25.611833 -6.187184 6.826589 22.711260 34121.436708
276 22.637600 5.733268 12.102119 235.022158 107152.295469
276 -22.784267 -5.746021 12.102119 235.022158 104472.118946
276 28.041964 6.381037 5.099816 158.663898 19253.419811
276 -27.994915 -6.374986 5.099816 158.663898 19028.654698
276 16.308414 4.866233 6.754568 13.835511 32956.479091
276 -16.337159 -4.868216 6.754568 13.835511 33076.614439
277 21.626692 5.603793 12.149593 156.249180 105710.962048
277 -21.731196 -5.452969 12.149593 156.249180 105555.550479
277 17.367803 5.021801 11.913619 7.793415 100687.887847
277 -17.440240 -5.018363 11.913619 7.793415 97067.171877
277 25.567988 6.093058 7.704848 211.157295 43133.486846
277 -25.749425 -6.039408 7.704848 211.157295 43006.118153
277 20.967361 5.517711 11.977473 133.333319 104319.491776
277 -20.953341 -5.575807 11.977473 133.333319 104591.245417
277 13.419427 4.414221 8.245992 175.086191 48874.810172
277 -13.452897 -4.382439 8.245992 175.086191 49143.930473
277 6.315891 3.028338 5.821467 307.969035 24407.017213
277 -6.319126 -3.018934 5.821467 307.969035 24500.248306
277 19.113136 5.268088 11.675136 336.734996 98481.330639
277 -19.082788 -5.246186 11.675136 336.734996 94943.304111
277 14.572102 4.599897 18.994834 50.558290 260394.910290
277 -14.587227 -4.662819 18.994834 50.558290 260003.938835
277 25.635265 6.101069 4.597884 163.490934 15002.396439
277 -25.812613 -6.187074 4.597884 163.490934 14804.226309
277 27.351383 6.301975 6.081121 63.597509 26896.434374
277 -27.476399 -6.292273 6.081121 63.597509 26448.052623
277 11.177607 4.028668 14.932514 233.420011 162672.118451
277 -11.266321 -4.030141 14.932514 233.420011 158697.144567
277 15.168340 4.693060 5.248837 341.600764 20438.092462
277 -15.168215 -4.705750 5.248837 341.600764 19970.069076
277 16.021842 4.823289 6.741985 295.868072 31640.180163
277 -15.869584 -4.797155 6.741985 295.868072 32595.899341
278 15.740861 4.780808 3.541107 81.778900 9156.777168
278 -15.829996 -4.790785 3.541107 81.778900 8960.392591
278 28.012323 6.377664 3.257649 330.744742 7548.863693
278 -27.959261 -6.421191 3.257649 330.744742 7852.262109
278 26.888448 6.248416 13.922023 114.870602 136999.834477
278 -26.636060 -6.245851 13.922023 114.870602 137395.741215
278 27.994406 6.375624 2.818315 197.614880 5750.613170
278 -27.972443 -6.395794 2.818315 197.614880 5661.583465
278 21.421842 5.577190 4.481880 114.418080 14731.201032
278 -21.358441 -5.582404 4.481880 114.418080 14384.162427
278 28.457386 6.428129 9.625281 184.440808 66132.510898
278 -28.644979 -6.363736 9.625281 184.440808 64257.293139
278 24.000367 5.903315 9.028069 152.700820 56347.682272
278 -24.053787 -5.883114 9.028069 152.700820 59348.910774
278 19.691203 5.347160 5.699398 55.065624 23868.203721
278 -19.723463 -5.388200 5.699398 55.065624 24216.851437
278 17.002988 4.968779 3.907527 37.710538 11227.479564
278 -16.857051 -4.961489 3.907527 37.710538 11418.535355
278 21.354489 5.568416 6.111826 33.643203 27046.624103
278 -21.434018 -5.549631 6.111826 33.643203 26746.642433
278 13.923531 4.496367 9.124301 202.320505 61607.464520
278 -13.975050 -4.513453 9.124301 202.320505 59497.031950
278 15.030349 4.671664 6.205103 191.882886 27806.193699
278 -15.037286 -4.661265 6.205103 191.882886 28121.317998
278 3.284243 2.183759 13.924420 38.495421 142376.360994
278 -3.282596 -2.195729 13.924420 38.495421 138336.854765
278 6.990796 3.186034 2.985363 271.332915 6518.587483
278 -7.027743 -3.204383 2.985363 271.332915 6255.452540
279 14.120606 4.528076 11.580638 200.840712 90151.928832
279 -14.153440 -4.576181 11.580638 200.840712 95578.509161
279 16.695036 4.923577 8.075310 40.429488 46082.350445
279 -16.827892 -4.872326 8.075310 40.429488 46367.010572
279 28.967662 6.485505 21.851969 317.632009 348922.173532
279 -29.076162 -6.469379 21.851969 317.632009 347539.104217
279 31.718370 6.786447 5.075997 95.598718 18589.683479
279 -31.844652 -6.795074 5.075997 95.598718 18765.783360
279 18.142405 5.132565 5.243894 273.029915 19960.353281
279 -18.058418 -5.176391 5.243894 273.029915 20107.548082
279 32.762330 6.897226 3.952182 355.636669 11242.507743
279 -32.987787 -6.854512 3.952182 355.636669 11531.313552
279 21.536023 5.592034 13.978148 139.842308 140414.443391
279 -21.625300 -5.594729 13.978148 139.842308 141039.590355
279 15.759494 4.783637 5.303054 44.235195 19819.578246
279 -15.872812 -4.744390 5.303054 44.235195 19768.996803
279 14.982233 4.664180 4.461083 344.887886 14348.729250
279 -15.079885 -4.681286 4.461083 344.887886 14459.535185
279 11.556988 4.096466 3.882381 105.081023 10742.644202
279 -11.528821 -4.187985 3.882381 105.081023 10905.304343
279 26.231673 6.171632 25.600618 206.168981 472000.723589
279 -25.934251 -6.136867 25.600618 206.168981 477994.248212
279 8.701225 3.554490 4.477123 46.334170 14227.806255
279 -8.751804 -3.570000 4.477123 46.334170 14335.829333
279 19.373528 5.303852 5.977882 175.746014 26404.020645
279 -19.579645 -5.285415 5.977882 175.746014 25497.001390
279 17.739364 5.075234 7.229811 36.754975 37640.239491
279 -17.745990 -5.099906 7.229811 36.754975 37707.116421
280 18.908771 5.239848 5.327850 211.661362 20928.192768
280 -18.921607 -5.244353 5.327850 211.661362 20463.952198
280 8.467394 3.506404 6.448544 299.489317 30712.250289
280 -8.512448 -3.440455 6.448544 299.489317 30018.046201
280 24.462739 5.959908 3.788304 48.686392 10715.104578
280 -24.580207 -6.017850 3.788304 48.686392 10275.281307
280 24.479138 5.961906 2.286029 312.079274 3784.578248
280 -24.450263 -6.010906 2.286029 312.079274 3818.284619
280 17.139576 4.988697 5.080890 347.945866 18455.931886
280 -16.952060 -4.908135 5.080890 347.945866 19069.246090
280 12.239847 4.215752 3.353214 334.763817 8121.227123
280 -12.216940 -4.185680 3.353214 334.763817 8063.074241
280 13.301385 4.394763 4.760192 242.123310 16578.036045
280 -13.222832 -4.336797 4.760192 242.123310 16326.661550
280 19.163169 5.274979 9.896999 92.371872 72572.361239
280 -19.152211 -5.342191 9.896999 92.371872 70587.823464
280 36.047294 7.234748 2.960713 162.158639 6349.692311
280 -36.340407 -7.344964 2.960713 162.158639 6256.669228
280 16.236392 4.855476 2.531437 338.409833 4644.247002
280 -16.235238 -4.974732 2.531437 338.409833 4533.006209
280 26.324449 6.182537 4.746456 354.689996 16390.545487
280 -26.341478 -6.118039 4.746456 354.689996 16043.447788
280 23.412448 5.830563 6.862366 122.624832 32696.782179
280 -23.479740 -5.867553 6.862366 122.624832 33147.684944
280 23.351718 5.822996 4.924415 323.339662 17526.210561
280 -23.354985 -5.842396 4.924415 323.339662 17674.566659
280 19.497077 5.320737 8.026895 203.514144 47025.038310
280 -19.448143 -5.266649 8.026895 203.514144 46566.341908
280 16.195562 4.849367 7.162180 272.092060 38253.474887
280 -16.057198 -4.811092 7.162180 272.092060 36227.210075
281 16.251914 4.857796 2.111474 32.763641 3185.853028
281 -16.147762 -4.861746 2.111474 32.763641 3238.327859
281 5.062064 2.711133 9.777957 274.514381 67832.122033
281 -5.080810 -2.697185 9.777957 274.514381 70492.179960
281 14.646487 4.611623 5.852358 340.063708 23961.091207
281 -14.778145 -4.599291 5.852358 340.063708 23976.282159
281 8.265851 3.464422 5.254039 144.219926 20409.393086
281 -8.297058 -3.524591 5.254039 144.219926 20150.835726
281 23.783041 5.876527 15.060418 128.055553 166012.743058
281 -23.684610 -5.892103 15.060418 128.055553 172419.010772
281 21.423401 5.577393 15.784055 24.193227 177732.550682
281 -21.538312 -5.581542 15.784055 24.193227 179877.913834
281 23.907680 5.891905 4.216283 51.524174 12636.738043
281 -23.898322 -5.823368 4.216283 51.524174 12673.475765
281 19.101627 5.266502 6.194441 92.019545 27443.857498
281 -19.192131 -5.299484 6.194441 92.019545 27068.077719
281 21.880727 5.636609 7.282587 237.633246 38088.612906
281 -21.979172 -5.727120 7.282587 237.633246 38421.324435
281 21.460196 5.582181 3.996937 352.296598 11610.747421
281 -21.382932 -5.584467 3.996937 352.296598 11414.125079
281 28.925882 6.480826 1.725221 286.112526 2123.173636
281 -28.782692 -6.558362 1.725221 286.112526 2190.422842
281 19.314608 5.295781 11.596753 219.171826 95497.671418
281 -19.456976 -5.245755 11.596753 219.171826 95387.102040
281 21.228499 5.551965 7.826291 158.937018 44655.636506
281 -21.233050 -5.540831 7.826291 158.937018 43585.028176
281 20.752705 5.489394 6.930113 102.593204 35988.059395
281 -20.881508 -5.411533 6.930113 102.593204 34320.673559
281 32.662240 6.886682 11.026757 190.019883 86501.146910
281 -32.737412 -6.838473 11.026757 190.019883 86167.230849
281 19.066324 5.261633 5.371512 21.210768 20937.708924
281 -18.825902 -5.237256 5.371512 21.210768 20214.208847
282 22.133650 5.669093 11.160403 104.233316 92723.208946
282 -22.099145 -5.658348 11.160403 104.233316 89204.711881
282 12.825328 4.315402 8.749646 174.140194 55621.700082
282 -12.860592 -4.262696 8.749646 174.140194 55133.284272
282 23.979960 5.900805 4.601780 83.239222 14950.548964
282 -23.917761 -5.927867 4.601780 83.239222 14507.694589
282 18.989897 5.251077 21.501633 26.108428 328737.962973
282 -19.016319 -5.195675 21.501633 26.108428 325423.135452
282 7.436289 3.285982 13.388299 8.208751 130116.328034
282 -7.439863 -3.316667 13.388299 8.208751 132723.721070
282 11.811103 4.141258 11.608705 177.205007 98196.723056
282 -11.807096 -4.133615 11.608705 177.205007 97273.194603
282 17.678224 5.066480 4.069698 347.810268 11974.896413
282 -17.802965 -5.050468 4.069698 347.810268 11871.940090
282 22.741349 5.746391 7.611070 286.397136 41932.430320
282 -22.726085 -5.721173 7.611070 286.397136 40656.175804
282 0.876358 1.128049 2.831268 324.004968 5861.724000
282 -0.877264 -1.136938 2.831268 324.004968 5820.223680
282 24.242931 5.933072 8.209687 89.628765 48416.990055
282 -24.152723 -5.955052 8.209687 89.628765 49243.629377
282 9.159187 3.646830 4.209216 348.123809 12786.018142
282 -9.119738 -3.676488 4.209216 348.123809 12687.436329
282 16.584220 4.907209 6.285077 281.728349 28768.281776
282 -16.668722 -4.997819 6.285077 281.728349 28556.621301
282 8.071672 3.423488 5.855994 304.950056 24635.504756
282 -8.113043 -3.354960 5.855994 304.950056 24743.444930
282 18.306026 5.155658 15.676592 3.316686 182654.667858
282 -18.251101 -5.221179 15.676592 3.316686 177697.067871
282 6.228514 3.007317 4.171720 223.565412 12605.866164
282 -6.261373 -3.009725 4.171720 223.565412 12674.353050
282 20.292812 5.428229 14.403469 13.971253 150852.408238
282 -20.201575 -5.507450 14.403469 13.971253 147409.764782
283 14.808651 4.637082 5.499758 53.897629 21873.933968
283 -14.747590 -4.670495 5.499758 53.897629 21181.199144
283 23.575023 5.850771 9.568067 155.100063 65910.243538
283 -23.624418 -5.894355 9.568067 155.100063 63649.598474
283 22.572117 5.724970 8.591768 243.225890 55743.686545
283 -22.669440 -5.757033 8.591768 243.225890 55120.959166
283 18.515948 5.185134 5.401382 189.845005 21268.332313
283 -18.508774 -5.153550 5.401382 189.845005 21165.584374
283 22.797704 5.753506 6.499828 166.582815 30057.067505
283 -22.645703 -5.738561 6.499828 166.582815 31103.674053
283 15.771638 4.785479 4.648285 279.820007 15260.943254
283 -15.726073 -4.759743 4.648285 279.820007 15369.962841
283 8.940317 3.602994 2.046334 115.183747 3073.730112
283 -8.881241 -3.605918 2.046334 115.183747 3050.576132
283 26.614984 6.216560 7.132162 239.182708 37008.332378
283 -26.638130 -6.213646 7.132162 239.182708 38559.257064
283 3.106245 2.123757 8.573361 327.824256 53507.095606
283 -3.100943 -2.097594 8.573361 327.824256 54509.117537
283 28.017999 6.378310 20.420846 334.155287 282770.758145
283 -28.106332 -6.350237 20.420846 334.155287 302178.267482
283 27.084771 6.271185 11.211703 111.602086 91106.807248
283 -26.951273 -6.308706 11.211703 111.602086 90436.233351
283 25.281987 6.058884 5.708286 114.353424 24139.092662
283 -25.242909 -6.140568 5.708286 114.353424 24060.045722
283 18.585139 5.194813 2.797300 253.270681 5516.855452
283 -18.559932 -5.131386 2.797300 253.270681 5700.508612
283 18.632026 5.201362 10.597944 61.849274 80695.113302
283 -18.593636 -5.282508 10.597944 61.849274 80344.678754
283 14.208648 4.542170 7.383852 311.056102 38569.700803
283 -14.146544 -4.557392 7.383852 311.056102 38247.904623
283 11.120492 4.018362 3.280163 317.543748 7669.932815
283 -11.136105 -4.021676 3.280163 317.543748 8110.839223
283 16.959441 4.962412 11.032580 1.241054 86360.033564
283 -16.881125 -5.004925 11.032580 1.241054 85258.225046
284 17.813816 5.085873 6.223357 243.318036 27478.947695
284 -17.793953 -5.192507 6.223357 243.318036 28214.154467
284 21.399455 5.574275 3.408900 39.670201 8200.938704
284 -21.368480 -5.576597 3.408900 39.670201 8288.684063
284 23.016041 5.780992 29.865297 93.295178 637331.646626
284 -22.994203 -5.776093 29.865297 93.295178 648492.488040
284 8.292208 3.469941 5.726816 342.755399 23561.591516
284 -8.331967 -3.509067 5.726816 342.755399 23549.481749
284 12.839087 4.317716 4.509727 356.358663 13903.163525
284 -12.903566 -4.357702 4.509727 356.358663 14611.681339
284 27.398679 6.307422 4.363869 287.462608 13330.565606
284 -27.395592 -6.228291 4.363869 287.462608 13676.283543
284 10.964326 3.990047 5.213651 22.931034 20186.820481
284 -10.861985 -4.068480 5.213651 22.931034 19768.139935
284 27.936235 6.368996 4.639892 225.922079 15502.354941
284 -27.857134 -6.385323 4.639892 225.922079 15456.265204
284 25.418852 6.075262 9.580592 330.318504 64202.570123
284 -25.351371 -5.998825 9.580592 330.318504 65389.576006
284 24.467146 5.960445 6.559891 227.458883 30231.463255
284 -24.558844 -5.916774 6.559891 227.458883 30969.326853
284 14.282663 4.553986 8.492352 335.347800 54679.901938
284 -14.220244 -4.502838 8.492352 335.347800 52411.142309
284 30.714896 6.678233 3.555980 56.019608 9302.565469
284 -30.784171 -6.637700 3.555980 56.019608 9063.293854
284 14.700204 4.620072 7.310785 278.413938 37434.226293
284 -14.608023 -4.633471 7.310785 278.413938 37462.284591
284 23.909186 5.892091 8.613085 324.931099 52893.705617
284 -23.910680 -5.857133 8.613085 324.931099 51829.927529
284 19.810520 5.363336 21.334736 22.513900 322842.189856
284 -20.002730 -5.281057 21.334736 22.513900 322242.868359
284 16.955126 4.961781 9.020804 337.265161 59217.333517
284 -16.865874 -4.965395 9.020804 337.265161 61003.602646
284 24.819744 6.003240 9.875019 344.642588 69956.715064
284 -24.814765 -6.036568 9.875019 344.642588 72662.936434
284 9.583730 3.730391 14.236326 81.539329 141644.513128
284 -9.629599 -3.724453 14.236326 81.539329 144203.179497
285 20.043815 5.394824 5.993968 249.117674 25636.660138
285 -20.007959 -5.345378 5.993968 249.117674 25991.806926
285 21.804184 5.626742 5.286410 212.184146 20200.187587
285 -21.778312 -5.581025 5.286410 212.184146 19972.714605
285 26.388891 6.190099 8.964534 245.782819 57567.435219
285 -26.292612 -6.177106 8.964534 245.782819 56978.118716
285 8.324899 3.476775 7.277672 333.199675 36766.984293
285 -8.284775 -3.470411 7.277672 333.199675 38983.371062
285 19.873009 5.371788 4.203529 77.421891 13249.999078
285 -19.705273 -5.334639 4.203529 77.421891 12659.345183
285 24.537081 5.968958 15.668608 308.245377 173485.582121
285 -24.453587 -5.932341 15.668608 308.245377 181087.168424
285 27.446320 6.312903 6.443000 49.378462 29671.319180
285 -27.312553 -6.287323 6.443000 49.378462 29783.627567
285 14.413513 4.574799 11.914107 43.826651 100861.896127
285 -14.288798 -4.544190 11.914107 43.826651 102069.031500
285 21.611844 5.601869 4.989242 240.709256 18078.330270
285 -21.553713 -5.644344 4.989242 240.709256 18252.394419
285 8.134149 3.436712 12.065714 83.629589 102685.414554
285 -8.135998 -3.433277 12.065714 83.629589 104857.523656
285 28.618403 6.446289 2.346113 118.624019 3949.378920
285 -28.592421 -6.301705 2.346113 118.624019 4097.258986
285 19.662050 5.343200 7.673914 65.034132 43437.464999
285 -19.826160 -5.419211 7.673914 65.034132 42819.563984
285 14.739962 4.626315 6.644899 29.226654 32237.310311
285 -14.890960 -4.670129 6.644899 29.226654 31951.022465
285 15.423880 4.732426 8.109188 334.264144 46772.339334
285 -15.395554 -4.750358 8.109188 334.264144 47375.727190
285 14.427821 4.577069 5.727731 356.873774 24165.699194
285 -14.540451 -4.509688 5.727731 356.873774 23941.497841
285 18.586926 5.195063 3.963772 259.198564 11085.238480
285 -18.645138 -5.297107 3.963772 259.198564 11267.149374
285 12.368227 4.237803 3.854680 284.648074 10805.707290
285 -12.382639 -4.214057 3.854680 284.648074 10663.337474
285 24.991663 6.023995 13.016766 344.466564 122346.915625
285 -25.135059 -5.929730 13.016766 344.466564 122347.760899
286 21.092088 5.534098 6.585498 79.686115 30401.277084
286 -21.088943 -5.555821 6.585498 79.686115 31263.917655
286 17.259814 5.006164 9.119361 302.366227 60563.328703
286 -17.339967 -4.990076 9.119361 302.366227 59778.839492
286 4.429834 2.536184 4.633508 330.710367 15201.677530
286 -4.395758 -2.524238 4.633508 330.710367 15734.285556
286 17.296641 5.011502 5.441020 5.849688 21370.184438
286 -17.265388 -4.952622 5.441020 5.849688 21154.663843
286 11.364556 4.062219 6.149618 153.907594 26799.709315
286 -11.339219 -4.115788 6.149618 153.907594 27255.335319
286 18.419492 5.171611 6.582161 306.952983 32359.490132
286 -18.369269 -5.178698 6.582161 306.952983 31546.320487
286 27.235355 6.288594 11.649744 263.633400 99563.824366
286 -27.094549 -6.296733 11.649744 263.633400 94932.268896
286 30.168552 6.618572 5.751324 258.665933 24315.443179
286 -30.089992 -6.618014 5.751324 258.665933 24486.230981
286 11.106787 4.015885 5.725807 168.898094 22766.976808
286 -10.981903 -4.106514 5.725807 168.898094 22695.218983
286 24.731382 5.992544 2.848220 129.352601 5728.044740
286 -24.728188 -5.947735 2.848220 129.352601 5927.930925
286 30.098706 6.610906 2.721310 357.122411 5330.721556
286 -30.098147 -6.598961 2.721310 357.122411 5472.359127
286 29.097506 6.500024 6.415858 35.567458 30070.614778
286 -29.000532 -6.448618 6.415858 35.567458 29313.548523
286 17.234539 5.002498 8.494348 174.225429 50809.654841
286 -17.311606 -4.946270 8.494348 174.225429 51995.309947
286 12.504910 4.261155 5.304821 256.353702 20225.795468
286 -12.696718 -4.279728 5.304821 256.353702 19656.200192
286 11.732108 4.127386 17.889020 265.832244 228231.218754
286 -11.697264 -4.138973 17.889020 265.832244 235151.098411
286 37.617044 7.390595 5.267144 294.680420 20338.478397
286 -37.272557 -7.464363 5.267144 294.680420 20620.378863
286 11.129592 4.020006 3.739542 271.197111 10188.969415
286 -11.226634 -4.012531 3.739542 271.197111 9967.085866
286 22.692129 5.740169 1.553294 303.876752 1775.298388
286 -22.701473 -5.722295 1.553294 303.876752 1695.934409
286 24.044741 5.908770 9.602750 191.635907 67016.072466
286 -23.880109 -5.931472 9.602750 191.635907 69085.599725
287 16.387011 4.877945 3.890632 231.892469 10571.426888
287 -16.343792 -4.929228 3.890632 231.892469 10406.543943
287 20.858093 5.503315 8.746106 344.061836 53933.879531
287 -20.746196 -5.509756 8.746106 344.061836 55312.333732
287 26.168166 6.164157 8.094767 252.424692 48181.930740
287 -26.169447 -6.192102 8.094767 252.424692 47256.251473
287 3.924813 2.387242 3.448151 140.588225 8283.950206
287 -3.926717 -2.372620 3.448151 140.588225 8598.135933
287 22.677269 5.738289 6.191008 296.800712 27273.671322
287 -22.759824 -5.672268 6.191008 296.800712 27466.112764
287 16.879373 4.950684 6.101927 152.866658 27570.536329
287 -16.991253 -4.949339 6.101927 152.866658 27402.748917
287 21.998965 5.651818 7.476143 288.860660 40619.813220
287 -22.078198 -5.604773 7.476143 288.860660 41044.709496
287 19.802162 5.362204 9.984835 157.530687 71045.525864
287 -19.620271 -5.432188 9.984835 157.530687 71736.336679
287 32.838970 6.905288 5.935549 166.427483 24019.972785
287 -33.139105 -6.778147 5.935549 166.427483 25295.387488
287 14.191921 4.539496 4.248002 163.430268 13025.809340
287 -14.213342 -4.550722 4.248002 163.430268 12937.589845
287 14.787699 4.633801 2.653562 67.028408 4908.688704
287 -14.736539 -4.721663 2.653562 67.028408 5127.560345
287 26.502418 6.203400 10.133549 20.539883 73844.551784
287 -26.522112 -6.215078 10.133549 20.539883 73744.844422
287 14.958505 4.660485 4.418645 170.617565 14301.512101
287 -15.050171 -4.648271 4.418645 170.617565 13975.009565
287 24.717067 5.990810 6.046262 336.266833 26727.235082
287 -24.780936 -6.066263 6.046262 336.266833 26370.375179
287 6.456771 3.061926 7.922902 100.945376 45104.226883
287 -6.437376 -3.107687 7.922902 100.945376 44698.155097
287 9.551313 3.724076 6.331008 122.381701 28997.524383
287 -9.528666 -3.683861 6.331008 122.381701 29212.814083
287 17.900392 5.098217 4.771208 139.015305 16817.167993
287 -17.928860 -5.198610 4.771208 139.015305 16370.984259
287 6.509456 3.074393 10.791268 25.666965 84185.042993
287 -6.497316 -3.046354 10.791268 25.666965 83239.708511
287 15.933771 4.810014 5.932092 321.972763 24791.585890
287 -16.032157 -4.779815 5.932092 321.972763 25258.982513
288 19.528749 5.325057 3.015956 359.130253 6508.940302
288 -19.412034 -5.295859 3.015956 359.130253 6710.267781
288 12.519163 4.263583 3.364101 122.074662 8223.378428
288 -12.599250 -4.196066 3.364101 122.074662 8078.393812
288 22.920859 5.769026 15.939765 45.059947 191327.305374
288 -22.719191 -5.840256 15.939765 45.059947 182822.143609
288 22.051946 5.658620 2.650807 208.180133 5089.187947
288 -21.937909 -5.648008 2.650807 208.180133 4929.633866
288 19.860521 5.370100 4.854086 198.253324 17039.925365
288 -19.843576 -5.337796 4.854086 198.253324 17181.759591
288 17.946211 5.104738 8.981527 342.396754 57783.297642
288 -17.926105 -5.212708 8.981527 342.396754 56859.105239
288 33.421306 6.966245 3.927919 257.829458 11333.574044
288 -33.512068 -7.085995 3.927919 257.829458 10950.508358
288 12.557968 4.270185 6.148336 255.927079 27030.696646
288 -12.592862 -4.260296 6.148336 255.927079 26922.538548
288 23.458918 5.836346 9.386028 63.496484 63726.216789
288 -23.445127 -5.812991 9.386028 63.496484 62818.832725
288 10.775600 3.955558 4.754415 251.331189 16187.640306
288 -10.738881 -3.992434 4.754415 251.331189 16237.328986
288 7.891842 3.385137 7.487636 110.624093 40583.347538
288 -7.814680 -3.421652 7.487636 110.624093 40525.085678
288 10.623647 3.927569 7.888297 106.491250 44910.281215
288 -10.689229 -3.888661 7.888297 106.491250 45114.117917
288 15.085668 4.680253 5.507725 299.332044 21741.034596
288 -15.025146 -4.748625 5.507725 299.332044 22558.862661
288 12.522078 4.264079 11.402795 205.304542 93211.137650
288 -12.529418 -4.295055 11.402795 205.304542 94829.425259
288 24.765806 5.996713 1.744547 311.526442 2157.185279
288 -24.605981 -6.088481 1.744547 311.526442 2171.290769
288 12.514204 4.262738 8.467935 210.599545 51985.826164
288 -12.547787 -4.288633 8.467935 210.599545 52651.291687
288 27.043253 6.266377 11.460812 348.596468 94298.917946
288 -27.049452 -6.251871 11.460812 348.596468 94742.560239
288 14.940137 4.657623 5.174162 317.693327 20169.371326
288 -15.057508 -4.654909 5.174162 317.693327 19862.474384
288 25.633880 6.100904 6.185790 148.627774 28274.517170
288 -25.491480 -6.106021 6.185790 148.627774 28672.168387
288 20.602956 5.469553 5.649662 12.585126 22641.347676
288 -20.705162 -5.515264 5.649662 12.585126 23058.494342
289 29.052238 6.494965 4.041470 235.968008 11256.724067
289 -29.067202 -6.424181 4.041470 235.968008 12213.589211
289 16.694734 4.923532 5.624799 133.856900 23074.782413
289 -16.659828 -4.988503 5.624799 133.856900 23058.011424
289 18.908447 5.239803 7.904929 303.674699 44222.260905
289 -18.987052 -5.359921 7.904929 303.674699 44558.504455
289 14.280251 4.553601 11.839907 9.784406 99282.308354
289 -14.237557 -4.497349 11.839907 9.784406 99995.979357
289 18.803142 5.225192 2.936838 214.797081 6178.750079
289 -18.694684 -5.139265 2.936838 214.797081 6328.020202
289 17.200990 4.997626 18.680957 59.972305 240543.334932
289 -17.387106 -5.003823 18.680957 59.972305 256614.996908
289 15.330450 4.718071 4.211443 219.247552 13307.170176
289 -15.316370 -4.745900 4.211443 219.247552 13044.775402
289 23.939284 5.895798 3.414286 58.007296 8451.123752
289 -23.940355 -5.893701 3.414286 58.007296 8428.326808
289 20.840860 5.501041 8.567630 294.154299 53556.167704
289 -20.873775 -5.486472 8.567630 294.154299 53478.875974
289 16.339390 4.870852 5.010647 284.800262 18182.855965
289 -16.273571 -4.888937 5.010647 284.800262 18268.590677
289 14.288422 4.554904 11.314573 326.044172 94075.288857
289 -14.281323 -4.565057 11.314573 326.044172 95317.600917
289 12.221464 4.212585 4.503748 192.332165 14775.564724
289 -12.103603 -4.231625 4.503748 192.332165 14651.657740
289 13.104776 4.362163 3.282892 213.932827 7784.853511
289 -13.158259 -4.355618 3.282892 213.932827 7738.049124
289 21.840361 5.631408 3.865437 51.012907 10693.115760
289 -21.805346 -5.624543 3.865437 51.012907 11042.838323
289 22.476163 5.712788 9.406191 151.493662 63108.374802
289 -22.710859 -5.690414 9.406191 151.493662 64463.561486
289 7.310997 3.258182 2.621690 64.210771 5051.278960
289 -7.299417 -3.255817 2.621690 64.210771 5133.922643
289 26.696844 6.226113 3.093921 9.637440 6870.191332
289 -26.572543 -6.123398 3.093921 9.637440 6901.822239
289 22.117361 5.667006 3.366642 74.488443 8218.124674
289 -22.280768 -5.661062 3.366642 74.488443 8001.673339
289 18.707862 5.211937 5.722738 17.568298 24241.871909
289 -18.610366 -5.291195 5.722738 17.568298 23098.864326
289 2.678512 1.972122 12.616129 339.256923 114380.776958
289 -2.682254 -1.985034 12.616129 339.256923 113825.242533
289 17.806768 5.084867 9.038389 130.573613 58166.943080
289 -17.749143 -4.988914 9.038389 130.573613 59795.015030
290 14.156778 4.533872 5.109065 340.021669 18625.250877
290 -14.239809 -4.485122 5.109065 340.021669 18319.549858
290 28.352285 6.416247 8.758389 307.244222 53126.926863
290 -28.423502 -6.394534 8.758389 307.244222 56811.400058
290 20.826898 5.499198 1.380517 121.182784 1385.527635
290 -20.786184 -5.609046 1.380517 121.182784 1413.100506
290 13.333190 4.400014 6.210707 175.433594 28169.444211
290 -13.187420 -4.383059 6.210707 175.433594 26984.580399
290 12.525043 4.264584 6.039932 296.811884 26548.948196
290 -12.525578 -4.304405 6.039932 296.811884 26679.631954
290 15.018774 4.669865 15.711667 101.181876 177334.383919
290 -15.104679 -4.744531 15.711667 101.181876 175599.566670
290 17.608043 5.056414 11.819978 48.839297 99204.198044
290 -17.588193 -5.155101 11.819978 48.839297 106091.843512
290 15.391357 4.727434 2.951597 159.131066 6208.174645
290 -15.411220 -4.747716 2.951597 159.131066 6294.407033
290 31.535977 6.766907 8.259583 161.171175 49694.939996
290 -31.484201 -6.721639 8.259583 161.171175 49317.839151
290 11.730693 4.127137 10.046749 328.514743 71668.179812
290 -11.784413 -4.148329 10.046749 328.514743 71290.472702
290 27.256469 6.291031 15.896237 321.786964 185802.847619
290 -27.088374 -6.389787 15.896237 321.786964 183470.903273
290 29.321305 6.524973 6.449260 191.308626 30027.060020
290 -29.402767 -6.518055 6.449260 191.308626 30222.755093
290 26.663521 6.222226 5.427037 194.490745 21557.083230
290 -26.785342 -6.179786 5.427037 194.490745 21131.850885
290 8.212265 3.453174 7.049818 156.874715 36564.249771
290 -8.194560 -3.458828 7.049818 156.874715 36249.520139
290 4.181972 2.464210 11.473105 203.165136 94861.982095
290 -4.168012 -2.409103 11.473105 203.165136 93268.219348
290 -0.337870 0.700426 6.824037 78.047679 34371.180342
290 0.338816 -0.702720 6.824037 78.047679 34395.073134
290 31.906939 6.806590 3.584191 117.759407 9597.307902
290 -31.966557 -6.881438 3.584191 117.759407 9337.539439
290 14.957692 4.660359 9.851351 202.337451 70436.537451
290 -14.884033 -4.643026 9.851351 202.337451 71134.081876
290 8.020094 3.412532 9.626353 125.362729 66795.030901
290 -7.977240 -3.363538 9.626353 125.362729 68277.592289
290 15.759332 4.783612 6.983866 277.371742 35464.663693
290 -15.758995 -4.801582 6.983866 277.371742 34585.361188
290 18.934106 5.243357 9.992567 4.096959 72549.269183
290 -18.983691 -5.241147 9.992567 4.096959 72448.359421
291 19.701016 5.348492 5.135349 103.078333 19227.342038
291 -19.684067 -5.371395 5.135349 103.078333 19006.097176
291 18.215384 5.142878 4.281326 203.776476 13181.393654
291 -18.240556 -5.114535 4.281326 203.776476 13023.927088
291 28.900762 6.478011 7.581634 113.384272 41989.931516
291 -28.767796 -6.473342 7.581634 113.384272 41056.602090
291 18.811331 5.226330 9.020829 230.667592 56614.118330
291 -18.857065 -5.285189 9.020829 230.667592 59475.414514
291 19.053571 5.259873 5.709918 13.204350 23060.930436
291 -19.143177 -5.314819 5.709918 13.204350 22894.119089
291 6.328284 3.031308 5.924338 313.462929 24845.659349
291 -6.373893 -3.086285 5.924338 313.462929 25707.234762
291 4.956768 2.682788 11.687816 183.544415 99826.486550
291 -4.949952 -2.705840 11.687816 183.544415 100310.752452
291 25.584099 6.094978 6.982739 58.796290 35261.652189
291 -25.560138 -6.235197 6.982739 58.796290 35791.791824
291 22.177930 5.674761 1.711616 164.479707 2107.979204
291 -22.065680 -5.634154 1.711616 164.479707 2061.443580
291 23.257269 5.811208 15.439257 173.538757 165710.306321
291 -23.250168 -5.851198 15.439257 173.538757 169247.631285
291 19.154573 5.273796 15.207582 316.729908 166489.788396
291 -19.109244 -5.285774 15.207582 316.729908 167288.925554
291 15.078484 4.679138 7.446345 358.777523 41250.771269
291 -15.108863 -4.666716 7.446345 358.777523 40552.633632
291 27.303234 6.296426 24.616412 287.669524 424356.631930
291 -27.183841 -6.207533 24.616412 287.669524 437668.029799
291 17.879925 5.095302 7.441962 112.227396 39168.869116
291 -17.843143 -5.000167 7.441962 112.227396 40395.222795
291 10.361834 3.878871 13.590243 185.946764 134639.142406
291 -10.372934 -3.816680 13.590243 185.946764 131971.056539
291 16.064528 4.829710 5.865053 223.211691 24755.422878
291 -16.205368 -4.913691 5.865053 223.211691 25192.956928
291 21.178775 5.545459 3.892524 203.146857 11166.445377
291 -20.980771 -5.572197 3.892524 203.146857 10847.010666
291 10.781108 3.956569 8.984056 66.232159 58494.124934
291 -10.770575 -3.977781 8.984056 66.232159 59145.041240
291 18.371678 5.164895 2.009110 320.143539 2924.056025
291 -18.294331 -5.156091 2.009110 320.143539 2857.340019
291 16.974255 4.964579 2.194052 209.554983 3334.057241
291 -16.943844 -4.991685 2.194052 209.554983 3611.672619
291 20.759683 5.490317 6.032909 146.503759 26995.329124
291 -20.953335 -5.619983 6.032909 146.503759 26850.813995
291 31.190996 6.729792 8.212601 153.949018 49904.601508
291 -31.252216 -6.725654 8.212601 153.949018 49629.423223
292 16.435073 4.885093 6.368304 249.855616 28659.006907
292 -16.469422 -4.876991 6.368304 249.855616 28469.528121
292 21.634681 5.604828 4.210325 230.994348 12977.486652
292 -21.761470 -5.591628 4.210325 230.994348 13010.548087
292 4.107666 2.442219 1.949459 190.205510 2743.316981
292 -4.091200 -2.422402 1.949459 190.205510 2765.023739
292 12.370236 4.238147 4.798001 54.677898 16519.779029
292 -12.312234 -4.206963 4.798001 54.677898 16338.510438
292 17.997397 5.112012 2.767022 189.451857 5391.010160
292 -18.013492 -5.124460 2.767022 189.451857 5576.320663
292 3.592116 2.283822 2.592693 174.284159 4906.869712
292 -3.582192 -2.319902 2.592693 174.284159 4837.955287
292 15.966527 4.814955 11.481119 35.725489 96041.836938
292 -15.855953 -4.746608 11.481119 35.725489 93190.243237
292 7.900201 3.386929 2.242303 214.130947 3589.334440
292 -7.897395 -3.455030 2.242303 214.130947 3664.665586
292 26.951425 6.255729 11.746195 74.020513 98167.389702
292 -26.968432 -6.339642 11.746195 74.020513 101930.557860
292 24.105180 5.916192 6.869563 335.000622 34611.497351
292 -24.082754 -5.966584 6.869563 335.000622 34394.495995
292 10.975627 3.992103 4.763590 201.697518 16557.374630
292 -10.913770 -3.968297 4.763590 201.697518 15802.258968
292 21.049510 5.528509 12.984382 33.051296 119828.066046
292 -21.183911 -5.453463 12.984382 33.051296 118828.044052
292 28.252637 6.404962 28.067812 117.554473 582131.358179
292 -27.925131 -6.451590 28.067812 117.554473 574361.780585
292 21.885862 5.637270 6.845413 246.138117 34403.907128
292 -22.038278 -5.697354 6.845413 246.138117 34161.182384
292 13.505873 4.428416 5.178559 87.869886 19256.592071
292 -13.552143 -4.379507 5.178559 87.869886 20044.348153
292 3.193169 2.153268 10.287924 303.061065 76584.160268
292 -3.167816 -2.121269 10.287924 303.061065 74614.091017
292 12.985451 4.342257 11.968759 222.594942 104790.771040
292 -12.911083 -4.351992 11.968759 222.594942 104270.468454
292 22.734188 5.745486 5.122425 100.396862 19655.151622
292 -22.550928 -5.659775 5.122425 100.396862 18916.495133
292 25.188977 6.047729 7.443848 189.705183 39336.426950
292 -25.259964 -6.003678 7.443848 189.705183 39884.561719
292 20.504658 5.456489 5.871630 115.349376 24607.716783
292 -20.364132 -5.399346 5.871630 115.349376 24069.635326
292 18.141938 5.132499 4.815334 34.193115 16290.506546
292 -18.130178 -5.213943 4.815334 34.193115 16948.990674
292 18.912926 5.240424 6.872528 302.762153 33709.092462
292 -18.817162 -5.146316 6.872528 302.762153 33960.351938
293 20.081115 5.399841 15.920202 237.312344 178719.541484
293 -20.046689 -5.378768 15.920202 237.312344 182900.487659
293 13.886324 4.490355 12.275139 118.120243 108646.831537
293 -13.883691 -4.476179 12.275139 118.120243 111890.516423
293 25.454952 6.079575 3.323568 169.354829 7917.557360
293 -25.384559 -6.164134 3.323568 169.354829 8088.268027
293 32.023343 6.818995 6.163401 272.617139 27032.759016
293 -31.803069 -6.855144 6.163401 272.617139 27205.422676
293 6.473125 3.065802 7.063354 44.705350 37629.238089
293 -6.445478 -3.106386 7.063354 44.705350 35604.570442
293 15.683661 4.772114 3.676018 339.010478 9591.369373
293 -15.665498 -4.791870 3.676018 339.010478 10001.907783
293 18.816261 5.227015 21.085122 143.215895 319124.278784
293 -18.827517 -5.237548 21.085122 143.215895 319593.698304
293 16.214234 4.852162 8.395438 292.354271 49807.429429
293 -16.157597 -4.883166 8.395438 292.354271 50516.962283
293 11.874521 4.152361 9.429617 20.656103 64362.028001
293 -11.880229 -4.152385 9.429617 20.656103 62507.711937
293 21.586014 5.598521 5.116738 347.256377 18549.591972
293 -21.621118 -5.689482 5.116738 347.256377 19105.771983
293 1.921638 1.670409 4.415371 344.197014 14111.407546
293 -1.930299 -1.664442 4.415371 344.197014 13798.351271
293 16.660688 4.918509 2.786945 164.179220 5465.348116
293 -16.552342 -4.924296 2.786945 164.179220 5476.601349
293 28.197841 6.398748 5.615239 106.969280 22754.861388
293 -28.161856 -6.410977 5.615239 106.969280 22479.698329
293 17.373075 5.022563 3.345248 231.563393 8015.739111
293 -17.488292 -4.953587 3.345248 231.563393 8167.014139
293 17.357869 5.020365 7.811336 336.768553 43142.729584
293 -17.542092 -5.001328 7.811336 336.768553 42833.685846
293 11.189090 4.030737 5.198400 240.295687 19676.522378
293 -11.067679 -3.981233 5.198400 240.295687 18735.250290
293 13.903437 4.493121 5.100845 202.658211 18359.924238
293 -13.890641 -4.530610 5.100845 202.658211 18683.445461
293 10.347260 3.876142 11.552136 282.176326 97758.584608
293 -10.312626 -3.840656 11.552136 282.176326 95644.854440
293 10.984426 3.993703 3.501750 157.828137 8924.115355
293 -10.960133 -3.931556 3.501750 157.828137 9049.428045
293 13.097126 4.360889 7.978159 117.817880 46123.722839
293 -13.176889 -4.343405 7.978159 117.817880 45110.539965
293 17.997788 5.112068 5.425445 305.918155 20894.176054
293 -17.921801 -5.008565 5.425445 305.918155 21323.046476
293 26.280194 6.177338 6.702458 41.466337 33152.679975
293 -26.385779 -6.242634 6.702458 41.466337 31700.990519
293 16.222713 4.853430 10.642322 269.964463 83271.578309
293 -16.138654 -4.811118 10.642322 269.964463 83190.374384
294 15.120777 4.685696 2.013623 34.408682 2943.518328
294 -15.079854 -4.711774 2.013623 34.408682 2924.387210
294 6.091864 2.974145 5.051409 140.963815 18086.567804
294 -6.034227 -2.971186 5.051409 140.963815 17768.662331
294 15.897409 4.804522 11.067962 36.626087 85380.846352
294 -15.905559 -4.805232 11.067962 36.626087 90455.824032
294 18.700355 5.210891 23.620734 90.915245 398794.425424
294 -18.649456 -5.217002 23.620734 90.915245 398411.063749
294 19.125237 5.269755 4.653863 23.938203 15719.239496
294 -19.187160 -5.205788 4.653863 23.938203 15968.048479
294 5.932503 2.934986 8.317680 260.655139 49352.542086
294 -5.931925 -2.963468 8.317680 260.655139 47407.054368
294 16.906958 4.954728 9.133065 256.766466 59592.853327
294 -16.899486 -5.007011 9.133065 256.766466 60510.819875
294 16.616804 4.912028 31.523373 318.004357 728680.999891
294 -16.697923 -4.900365 31.523373 318.004357 701996.828143
294 16.985084 4.966162 4.334633 182.170411 13630.364409
294 -16.886973 -4.906700 4.334633 182.170411 13501.413142
294 16.925330 4.957419 2.060186 181.035568 2957.978667
294 -16.960371 -4.865357 2.060186 181.035568 3008.497121
294 21.914853 5.641003 12.269216 114.744990 107175.883916
294 -22.089470 -5.704788 12.269216 114.744990 106292.591227
294 19.089577 5.264840 7.653572 69.547393 42897.415953
294 -18.863816 -5.327154 7.653572 69.547393 41811.903303
294 10.813445 3.962498 6.755339 167.025745 33106.568621
294 -10.810073 -4.025472 6.755339 167.025745 32351.763166
294 23.096687 5.791111 4.134576 91.740427 12478.832329
294 -22.826755 -5.906038 4.134576 91.740427 12193.986381
294 16.588671 4.907868 6.360959 98.926940 28616.536160
294 -16.675238 -4.969995 6.360959 98.926940 29242.271637
294 19.303283 5.294228 10.010590 328.440213 70718.761303
294 -19.228391 -5.254718 10.010590 328.440213 75942.625124
294 20.586574 5.467378 3.120074 5.695003 7025.870161
294 -20.766750 -5.496318 3.120074 5.695003 6879.781197
294 11.887766 4.154676 4.903776 3.002618 17614.601697
294 -11.855384 -4.130993 4.903776 3.002618 17452.102017
294 8.956204 3.606194 4.507434 276.186059 14534.112572
294 -8.931751 -3.656410 4.507434 276.186059 14488.815791
294 21.354875 5.568466 14.282604 173.600039 149791.098856
294 -21.475373 -5.517713 14.282604 173.600039 142452.008202
294 20.525043 5.459201 4.306294 82.696799 13590.693845
294 -20.483006 -5.359618 4.306294 82.696799 13146.241587
294 20.076071 5.399163 2.546596 58.522158 4693.069210
294 -20.038916 -5.430496 2.546596 58.522158 4640.197181
294 20.772238 5.491977 12.657928 1.926077 117873.664504
294 -20.827452 -5.573002 12.657928 1.926077 116075.461196
295 29.229738 6.514776 1.248896 201.055051 1150.106124
295 -29.315367 -6.517124 1.248896 201.055051 1069.026950
295 18.894740 5.237904 2.593331 188.061351 4943.911680
295 -18.825665 -5.142092 2.593331 188.061351 4777.848727
295 29.147220 6.505574 3.989310 52.329879 11353.247391
295 -28.952608 -6.477721 3.989310 52.329879 11235.316654
295 14.478745 4.585139 5.098482 53.958511 18859.930639
295 -14.524624 -4.606198 5.098482 53.958511 19274.218810
295 20.965639 5.517484 5.382783 145.136405 20751.691735
295 -21.033680 -5.624485 5.382783 145.136405 21011.301813
295 32.755520 6.896509 3.541732 87.501042 9139.917995
295 -32.691234 -6.881559 3.541732 87.501042 9450.419565
295 9.665918 3.746352 12.480438 171.186891 112636.074096
295 -9.631230 -3.799138 12.480438 171.186891 112258.613000
295 8.242226 3.459468 6.027375 7.491829 26626.958097
295 -8.124734 -3.455399 6.027375 7.491829 26529.497160
295 10.889952 3.976491 4.699603 179.518317 16392.647745
295 -10.868804 -3.922315 4.699603 179.518317 15601.603870
295 14.388174 4.570775 14.823024 296.238194 159695.763185
295 -14.455045 -4.548844 14.823024 296.238194 159777.776361
295 5.457650 2.815075 9.639400 223.188574 67770.728478
295 -5.483186 -2.793865 9.639400 223.188574 66466.993796
295 19.768776 5.357682 6.753773 96.373543 32028.122591
295 -19.802906 -5.373769 6.753773 96.373543 32850.150679
295 23.887456 5.889413 9.141669 201.984676 59819.061773
295 -23.745850 -5.968916 9.141669 201.984676 60385.673993
295 15.832759 4.794743 6.169391 212.567659 28021.496633
295 -15.857794 -4.855810 6.169391 212.567659 27550.027666
295 16.092780 4.833955 3.364074 316.470845 7898.056339
295 -16.076928 -4.865836 3.364074 316.470845 8169.327282
295 18.627541 5.200736 9.482035 285.274577 65059.833385
295 -18.694709 -5.115573 9.482035 285.274577 64480.387930
295 18.813766 5.226668 7.716764 125.528093 42736.116007
295 -18.850264 -5.210238 7.716764 125.528093 44231.364572
295 18.425347 5.172433 11.555027 13.043203 97569.724794
295 -18.439746 -5.145037 11.555027 13.043203 96219.651461
295 14.988865 4.665212 8.840875 244.391770 56764.095315
295 -14.914257 -4.670595 8.840875 244.391770 55722.361959
295 21.322382 5.564228 8.808087 345.773214 55608.715156
295 -21.224742 -5.540541 8.808087 345.773214 54546.687076
295 3.079835 2.114710 5.897894 149.806460 25722.958991
295 -3.080449 -2.088955 5.897894 149.806460 24922.421323
295 20.894354 5.508096 9.117818 148.925308 61855.100369
295 -20.935449 -5.506143 9.117818 148.925308 58927.605290
295 5.236010 2.757321 6.604622 295.832543 31945.281140
295 -5.214397 -2.753804 6.604622 295.832543 31302.407577
296 15.589452 4.757759 3.154916 138.798694 7318.007007
296 -15.499664 -4.766815 3.154916 138.798694 7031.587463
296 26.731677 6.230174 9.325374 209.814558 64143.920432
296 -26.787805 -6.257096 9.325374 209.814558 62043.836106
296 9.324682 3.679629 14.471279 76.365163 150920.520179
296 -9.404593 -3.692451 14.471279 76.365163 150054.950252
296 17.882556 5.095676 10.392762 261.956679 75294.584488
296 -17.874482 -5.095277 10.392762 261.956679 76726.615662
296 12.838694 4.317650 6.164513 355.895900 27060.189348
296 -12.866377 -4.340285 6.164513 355.895900 27482.736464
296 2.441391 1.882807 4.183731 306.073790 12424.397939
296 -2.428607 -1.889960 4.183731 306.073790 12666.887378
296 19.522757 5.324240 3.528593 63.618099 8898.203822
296 -19.539782 -5.364345 3.528593 63.618099 8682.651047
296 23.917787 5.893151 9.201586 77.490616 62166.211124
296 -23.933358 -5.824241 9.201586 77.490616 58142.325905
296 17.512025 5.042608 5.738086 351.483510 23253.444217
296 -17.382904 -5.036505 5.738086 351.483510 23621.276740
296 15.448330 4.736176 6.937811 140.717162 35840.659064
296 -15.476563 -4.797791 6.937811 140.717162 33592.096818
296 26.195727 6.167402 3.003010 275.231143 6504.599358
296 -26.226770 -6.147820 3.003010 275.231143 6572.971597
296 17.817398 5.086385 4.118969 287.277658 12262.150063
296 -17.824444 -5.021794 4.118969 287.277658 11856.090567
296 13.131984 4.366689 8.873310 326.443644 56967.364259
296 -13.161905 -4.356307 8.873310 326.443644 58787.706376
296 5.023732 2.700849 8.393954 139.666646 50382.039255
296 -5.033277 -2.672710 8.393954 139.666646 51389.788743
296 14.227303 4.545151 9.444776 141.545080 62124.915247
296 -14.212575 -4.540804 9.444776 141.545080 65560.077270
296 13.910206 4.494215 34.312767 105.203142 837069.978568
296 -13.959340 -4.424967 34.312767 105.203142 824818.838579
296 25.169561 6.045398 2.475521 15.269927 4443.083861
296 -25.253481 -6.067346 2.475521 15.269927 4310.086080
296 22.658311 5.735890 6.256968 75.173696 27220.241519
296 -22.599723 -5.605331 6.256968 75.173696 28771.520728
296 20.393693 5.441705 13.097999 228.976265 124155.943966
296 -20.399762 -5.396175 13.097999 228.976265 123485.850591
296 10.158670 3.840657 7.905493 16.933779 44227.897018
296 -10.114922 -3.813421 7.905493 16.933779 44326.797644
296 23.402203 5.829287 19.127154 37.030954 259265.931109
296 -23.552352 -5.809114 19.127154 37.030954 261064.016582
296 15.699682 4.774550 10.596923 307.608885 79056.284309
296 -15.771548 -4.727600 10.596923 307.608885 78919.288699
296 10.781646 3.956668 7.091074 289.556297 37354.676936
296 -10.771352 -3.931137 7.091074 289.556297 37416.774512
296 17.873022 5.094318 25.681724 74.146923 467892.519544
296 -17.818926 -5.156918 25.681724 74.146923 467669.667799
297 13.694985 4.459312 6.700743 54.699277 32734.277693
297 -13.639136 -4.455279 6.700743 54.699277 32866.852401
297 12.409717 4.244905 7.172765 194.398669 39296.791182
297 -12.515852 -4.191401 7.172765 194.398669 37721.694731
297 20.459272 5.450447 4.941101 267.374888 17997.184099
297 -20.373843 -5.416193 4.941101 267.374888 17431.496339
297 12.707329 4.295504 10.724605 58.342303 79576.864567
297 -12.631375 -4.344575 10.724605 58.342303 82902.765894
297 12.553421 4.269412 4.963599 123.744198 17682.103039
297 -12.507094 -4.284415 4.963599 123.744198 17822.817617
297 19.190308 5.278713 6.883176 325.602361 33673.379787
297 -19.005124 -5.331487 6.883176 325.602361 34452.452814
297 13.159064 4.371189 1.990028 43.634773 2873.884464
297 -13.216923 -4.434674 1.990028 43.634773 2801.493304
297 14.558264 4.597713 5.491347 11.210144 21844.620145
297 -14.626086 -4.651358 5.491347 11.210144 22172.630147
297 20.077330 5.399332 6.551195 84.478414 31870.658651
297 -20.142822 -5.446957 6.551195 84.478414 30958.891563
297 14.574340 4.600251 10.068065 53.480317 75045.358062
297 -14.628912 -4.561137 10.068065 53.480317 73019.868184
297 10.369106 3.880232 4.071724 275.409090 11633.497899
297 -10.368518 -3.878057 4.071724 275.409090 12036.405539
297 12.408863 4.244759 7.754731 313.982664 43823.768899
297 -12.419521 -4.211221 7.754731 313.982664 42993.422921
297 12.005179 4.175143 5.101835 277.282097 18765.465585
297 -12.035305 -4.141997 5.101835 277.282097 18537.074992
297 17.080547 4.980099 2.912026 3.009272 6150.245334
297 -16.979335 -4.998715 2.912026 3.009272 6114.364558
297 13.227486 4.382538 2.050194 109.720883 3023.017245
297 -13.199138 -4.365484 2.050194 109.720883 3080.968650
297 20.185516 5.413859 10.002966 173.142496 70831.860541
297 -20.186033 -5.502727 10.002966 173.142496 73204.983100
297 26.453905 6.197720 3.875058 331.132706 11146.137061
297 -26.706177 -6.135472 3.875058 331.132706 10711.923745
297 20.684047 5.480306 6.541421 354.829672 30320.496896
297 -20.787803 -5.548981 6.541421 354.829672 30097.898344
297 23.219150 5.806444 5.980774 169.392508 25186.351132
297 -23.248100 -5.787375 5.980774 169.392508 26175.560312
297 6.187168 2.997319 7.240596 184.431999 38386.573621
297 -6.176524 -2.981422 7.240596 184.431999 37974.786211
297 16.087587 4.833175 6.248133 72.270108 28339.300783
297 -16.112334 -4.866112 6.248133 72.270108 28761.864525
297 13.618783 4.446888 8.181135 318.198626 48386.255098
297 -13.608723 -4.465310 8.181135 318.198626 48281.189478
297 10.802302 3.960456 7.632355 201.140631 41107.540221
297 -10.879710 -3.976371 7.632355 201.140631 42432.733205
297 30.384081 6.642172 3.542456 340.332558 9210.925317
297 -30.411972 -6.570419 3.542456 340.332558 9246.631721
298 21.324529 5.564508 10.157358 293.305285 75502.945578
298 -21.249046 -5.582649 10.157358 293.305285 75203.239367
298 24.409773 5.953453 6.642310 36.647743 31925.414028
298 -24.440883 -5.915974 6.642310 36.647743 30554.896581
298 15.443929 4.735501 4.907779 103.027823 17854.320344
298 -15.637454 -4.730242 4.907779 103.027823 17398.996776
298 12.538276 4.266836 4.218755 197.461170 12369.531170
298 -12.609819 -4.220358 4.218755 197.461170 12425.282970
298 19.690782 5.347103 6.651408 308.164617 32007.560542
298 -19.672824 -5.377327 6.651408 308.164617 32694.619333
298 8.923170 3.599537 15.583295 301.601500 174248.717282
298 -8.927093 -3.594731 15.583295 301.601500 179378.390551
298 20.515397 5.457918 8.099162 11.052934 48501.290271
298 -20.366306 -5.359041 8.099162 11.052934 47204.312354
298 6.983178 3.184297 10.791096 32.464682 84954.364520
298 -7.006469 -3.201095 10.791096 32.464682 84521.180701
298 17.627257 5.059172 5.927574 285.744073 25166.562469
298 -17.605715 -5.129691 5.927574 285.744073 25277.175986
298 34.876343 7.116272 13.424325 273.484419 131157.166030
298 -34.651799 -7.165041 13.424325 273.484419 133226.914478
298 7.178347 3.228489 8.602061 85.942090 52454.372085
298 -7.148309 -3.227978 8.602061 85.942090 52379.938506
298 11.220867 4.036456 12.981403 135.125234 126536.680471
298 -11.245295 -4.020373 12.981403 135.125234 119367.636523
298 14.674624 4.616050 12.904462 103.293170 119789.936185
298 -14.680440 -4.618397 12.904462 103.293170 120498.342103
298 16.081239 4.832221 13.827646 190.878521 131629.909581
298 -16.027530 -4.864774 13.827646 190.878521 132465.501798
298 1.655456 1.550407 5.830900 349.316280 24843.859745
298 -1.664101 -1.556853 5.830900 349.316280 24282.950925
298 9.706449 3.754198 2.739157 319.986270 5315.175183
298 -9.730366 -3.716625 2.739157 319.986270 5436.963995
298 17.505954 5.041734 6.275381 302.555875 28746.393433
298 -17.374025 -5.119036 6.275381 302.555875 27865.516118
298 9.310986 3.676926 5.449530 198.528219 20873.717951
298 -9.367567 -3.646058 5.449530 198.528219 21435.491952
298 18.012218 5.114117 5.943636 262.453552 25469.011721
298 -18.044485 -5.069335 5.943636 262.453552 25086.729692
298 30.898417 6.698154 18.408005 135.087076 240965.488663
298 -30.970387 -6.682493 18.408005 135.087076 246190.994657
298 26.202917 6.168249 3.060212 355.631977 6830.066618
298 -26.204825 -6.077173 3.060212 355.631977 6617.500252
298 18.079178 5.123614 11.529412 277.777398 95664.542909
298 -18.146961 -5.166507 11.529412 277.777398 96159.778684
298 19.127416 5.270056 8.849866 309.648707 57657.255034
298 -19.235264 -5.220190 8.849866 309.648707 56146.259921
298 4.534334 2.565924 8.961761 217.103847 57464.934571
298 -4.511239 -2.562650 8.961761 217.103847 58770.749449
298 22.573377 5.725129 7.135838 285.341082 37572.144456
298 -22.723429 -5.535632 7.135838 285.341082 37646.160435
299 17.934520 5.103075 14.628889 227.295701 152589.765050
299 -17.961630 -5.150223 14.628889 227.295701 155710.289039
299 16.974501 4.964615 3.690005 331.934201 9696.067190
299 -16.970434 -4.955931 3.690005 331.934201 9903.756159
299 26.187143 6.166392 8.051334 229.166105 46418.704018
299 -26.083263 -6.160033 8.051334 229.166105 46052.705966
299 5.656942 2.866011 9.980218 64.445106 70471.021820
299 -5.636324 -2.875360 9.980218 64.445106 72132.501613
299 20.488120 5.454289 5.578626 292.349521 22061.547405
299 -20.339524 -5.466299 5.578626 292.349521 23149.997558
299 6.979458 3.183449 23.696920 88.113377 420320.022953
299 -7.047121 -3.224069 23.696920 88.113377 397442.118508
299 22.400666 5.703186 7.069168 223.814783 36291.825356
299 -22.376941 -5.715574 7.069168 223.814783 35952.387215
299 21.637946 5.605251 13.893924 355.376922 145846.303943
299 -21.648360 -5.562958 13.893924 355.376922 138790.144639
299 21.839371 5.631280 6.898118 77.772247 34554.661128
299 -22.066883 -5.702147 6.898118 77.772247 33892.383772
299 -0.693835 1.003726 6.624742 67.883898 31507.765718
299 0.694782 -0.998698 6.624742 67.883898 31215.794074
299 11.329250 4.055904 3.771915 137.190040 10023.587449
299 -11.242695 -4.095056 3.771915 137.190040 10393.142888
299 13.315678 4.397124 3.007077 12.316176 6492.374841
299 -13.312422 -4.437919 3.007077 12.316176 6448.605252
299 18.233730 5.145467 6.527924 168.823043 30694.912799
299 -18.202408 -5.185413 6.527924 168.823043 29917.757192
299 17.704494 5.070243 6.380052 217.831339 28044.871461
299 -17.800202 -4.975179 6.380052 217.831339 29610.468357
299 21.561843 5.595385 4.217209 202.942358 13156.842139
299 -21.604789 -5.563380 4.217209 202.942358 12188.517206
299 32.003698 6.816903 7.168712 111.252259 37562.647750
299 -32.080566 -6.775499 7.168712 111.252259 38289.621478
299 8.308300 3.473307 7.115786 27.441961 35910.581075
299 -8.317687 -3.418817 7.115786 27.441961 36590.930038
299 20.575688 5.465932 6.397348 40.062770 29740.445935
299 -20.719190 -5.450351 6.397348 40.062770 29835.602720
299 15.603474 4.759899 11.032820 57.059376 85708.461884
299 -15.622558 -4.716622 11.032820 57.059376 91480.861814
299 22.208144 5.678625 5.661508 181.323406 23271.083342
299 -22.122514 -5.643826 5.661508 181.323406 22784.107928
299 22.381316 5.700722 4.751113 167.740064 16945.425817
299 -22.507648 -5.709399 4.751113 167.740064 16437.105799
299 7.575844 3.316672 5.279644 35.740853 20281.701699
299 -7.594492 -3.309520 5.279644 35.740853 20089.414251
299 19.689170 5.346884 4.809325 345.098945 17016.737273
299 -19.772894 -5.343206 4.809325 345.098945 16409.706881
299 28.163191 6.394815 6.134819 291.216312 27149.952423
299 -28.103712 -6.409534 6.134819 291.216312 27148.525380
299 28.827233 6.469765 6.201629 213.896352 27474.743062
299 -28.695065 -6.404489 6.201629 213.896352 27476.482394
300 1.769941 1.603121 10.501618 335.737843 77913.739029
300 -1.749459 -1.582607 10.501618 335.737843 78190.425292
300 10.932994 3.984342 12.193864 108.491962 108936.404087
300 -10.912243 -3.865603 12.193864 108.491962 106028.958364
300 11.259056 4.043319 3.686603 282.549967 9790.297366
300 -11.253105 -4.083387 3.686603 282.549967 9622.108549
300 8.104774 3.430501 6.319102 78.236451 27949.524831
300 -8.124932 -3.370691 6.319102 78.236451 28341.596293
300 18.675469 5.207422 6.891205 55.987286 33689.208491
300 -18.631142 -5.207082 6.891205 55.987286 34140.469740
300 11.149791 4.023652 6.156123 283.466012 27687.344895
300 -11.100111 -3.998136 6.156123 283.466012 26997.789159
300 9.255629 3.665979 6.410948 195.954008 30320.557635
300 -9.286890 -3.610230 6.410948 195.954008 30070.226341
300 13.352098 4.403133 7.445432 174.167794 39729.401921
300 -13.301814 -4.448760 7.445432 174.167794 39877.070127
300 8.044296 3.417677 3.772744 118.861507 10526.679723
300 -8.031375 -3.429133 3.772744 118.861507 10301.923292
300 22.221365 5.680315 20.873043 149.621819 313401.945758
300 -22.153894 -5.572593 20.873043 149.621819 317893.361158
300 6.660188 3.109785 6.667409 342.549123 32071.120507
300 -6.631566 -3.127011 6.667409 342.549123 32316.273367
300 12.231974 4.214396 5.129268 112.500754 18690.957076
300 -12.202916 -4.210386 5.129268 112.500754 18934.754348
300 12.087524 4.189438 3.431484 123.130610 8558.164517
300 -12.005097 -4.206403 3.431484 123.130610 8538.275994
300 13.123166 4.365222 5.299612 223.051806 19109.465678
300 -13.105373 -4.365472 5.299612 223.051806 20549.071626
300 20.526035 5.459333 8.701783 187.553233 53637.098009
300 -20.484459 -5.527991 8.701783 187.553233 54233.480732
300 16.351794 4.872701 12.916723 204.128165 116219.360239
300 -16.236506 -4.889967 12.916723 204.128165 120749.671235
300 26.698462 6.226302 10.209910 169.779125 72560.047618
300 -26.905788 -6.240911 10.209910 169.779125 74195.736704
300 8.161468 3.442478 9.086296 64.831601 60167.287409
300 -8.171999 -3.426627 9.086296 64.831601 57642.583656
300 22.570750 5.724796 17.566414 142.768243 221227.118005
300 -22.669522 -5.731294 17.566414 142.768243 229913.141170
300 28.106923 6.388424 5.416777 254.810782 21176.842800
300 -28.145185 -6.439857 5.416777 254.810782 21448.109284
300 7.726342 3.349454 6.143652 114.459062 26433.099820
300 -7.732162 -3.388925 6.143652 114.459062 26591.889010
300 6.047733 2.963353 8.939508 249.186708 56943.140806
300 -5.998906 -2.917441 8.939508 249.186708 56056.794861
300 15.094339 4.681598 2.572600 180.378549 4724.914857
300 -15.237867 -4.642464 2.572600 180.378549 4759.261420
300 8.193610 3.449250 3.297158 172.198179 7843.181713
300 -8.253452 -3.437601 3.297158 172.198179 7816.708984
300 13.040480 4.351448 5.938455 14.724781 25603.674115
300 -13.134585 -4.416823 5.938455 14.724781 25461.571946
301 22.502122 5.716086 5.524323 81.212058 22045.585094
301 -22.122567 -5.760284 5.524323 81.212058 21505.107458
301 30.503404 6.655201 8.548005 169.364724 55848.005691
301 -30.526481 -6.628587 8.548005 169.364724 53286.363785
301 10.175476 3.843832 6.292010 205.223590 28178.251518
301 -10.175802 -3.808502 6.292010 205.223590 28639.371795
301 0.490772 0.844164 3.483037 30.121464 9020.314051
301 -0.491320 -0.842336 3.483037 30.121464 8955.482505
301 27.882379 6.362854 9.854373 356.894918 71252.025214
301 -27.960383 -6.429523 9.854373 356.894918 67028.057283
301 20.469979 5.451873 5.426073 313.538120 22210.005275
301 -20.534762 -5.403323 5.426073 313.538120 21319.152790
301 14.053784 4.517349 21.918970 189.901813 345379.626565
301 -14.133441 -4.511641 21.918970 189.901813 348075.369671
301 28.516113 6.434758 4.185788 35.949849 12181.940360
301 -28.609419 -6.467030 4.185788 35.949849 12702.632385
301 26.278668 6.177158 9.925299 141.212977 71373.446890
301 -26.088802 -6.202426 9.925299 141.212977 69410.221504
301 11.847030 4.147552 15.429292 322.457626 173524.626298
301 -11.850287 -4.153128 15.429292 322.457626 170964.891131
301 5.320424 2.779458 9.831693 307.851060 69370.781818
301 -5.324288 -2.750986 9.831693 307.851060 70558.466144
301 16.026611 4.824007 7.968604 102.290385 46887.660072
301 -15.992172 -4.811075 7.968604 102.290385 45031.163853
301 21.271745 5.557617 7.009233 154.668182 35957.604620
301 -21.437089 -5.521602 7.009233 154.668182 36031.278677
301 24.506777 5.965271 5.743327 114.268923 24536.732393
301 -24.470953 -5.901477 5.743327 114.268923 23711.806918
301 14.781798 4.632876 4.670364 180.591101 15829.566198
301 -14.745184 -4.608643 4.670364 180.591101 15597.269215
301 18.348215 5.161595 5.426371 248.374663 21171.300491
301 -18.425280 -5.204297 5.426371 248.374663 22173.360762
301 15.685925 4.772458 8.436286 228.818618 52153.528146
301 -15.725801 -4.793345 8.436286 228.818618 50763.190034
301 16.869603 4.949251 5.241876 167.726554 20023.278386
301 -16.890656 -4.941495 5.241876 167.726554 20132.027778
301 13.025507 4.348950 5.302661 315.553973 19898.999952
301 -13.031231 -4.316576 5.302661 315.553973 19471.373515
301 15.236674 4.703619 5.668987 112.625979 23265.159564
301 -15.296455 -4.701941 5.668987 112.625979 22602.378000
301 17.658898 5.063710 5.647370 212.892676 23349.946158
301 -17.563731 -5.090522 5.647370 212.892676 22611.838587
301 4.458597 2.544404 19.785755 76.414305 284304.359796
301 -4.482472 -2.562115 19.785755 76.414305 277396.939307
301 7.548681 3.310721 11.409569 247.210244 95505.133682
301 -7.517836 -3.387201 11.409569 247.210244 96411.808355
301 20.515634 5.457950 9.220885 280.555863 61912.887199
301 -20.468434 -5.515151 9.220885 280.555863 59674.121524
301 10.275075 3.862598 5.250871 23.665082 20852.350062
301 -10.232450 -3.875120 5.250871 23.665082 19798.673942
301 16.734665 4.929417 5.499795 183.757883 21891.633243
301 -16.687171 -4.937315 5.499795 183.757883 21772.823871
302 28.075112 6.384807 11.231496 250.134159 91242.135394
302 -28.145188 -6.375065 11.231496 250.134159 90606.889731
302 18.084670 5.124392 9.408457 33.987914 62596.350697
302 -18.065518 -5.082790 9.408457 33.987914 64550.421440
302 10.149729 3.838966 7.913984 43.212291 46859.122725
302 -10.118433 -3.822128 7.913984 43.212291 45997.688401
302 23.064845 5.787118 14.488699 125.774363 154549.925467
302 -22.973016 -5.862931 14.488699 125.774363 152698.646471
302 10.891650 3.976801 9.246012 13.770000 61580.245039
302 -10.889876 -3.906470 9.246012 13.770000 64134.770203
302 6.553873 3.084864 4.625587 106.356090 15603.138698
302 -6.513493 -3.076807 4.625587 106.356090 15412.012905
302 -5.941346 2.937173 7.884691 114.532318 44850.958242
302 5.949164 -2.943524 7.884691 114.532318 45558.061071
302 14.520500 4.591746 4.034694 55.854378 12087.403168
302 -14.546761 -4.661930 4.034694 55.854378 11594.207889
302 9.033883 3.621799 10.723651 356.470580 86733.072811
302 -9.157053 -3.606671 10.723651 356.470580 84474.554555
302 13.015632 4.347301 12.372795 234.007052 110876.498878
302 -13.079889 -4.319707 12.372795 234.007052 113236.629259
302 14.438515 4.578765 3.035746 197.794175 6533.083531
302 -14.390508 -4.531062 3.035746 197.794175 6669.265750
302 10.677194 3.937455 4.847079 278.273226 16752.277681
302 -10.760814 -3.887937 4.847079 278.273226 16805.813220
302 17.687713 5.067840 5.634436 174.336670 22863.344464
302 -17.708908 -5.199389 5.634436 174.336670 22979.977777
302 13.975563 4.504761 8.697108 347.424297 54406.734559
302 -14.145901 -4.465408 8.697108 347.424297 53747.940443
302 29.826689 6.580965 7.351258 36.927876 39047.863744
302 -29.598275 -6.641932 7.351258 36.927876 39721.568331
302 15.703616 4.775148 3.719399 100.972318 10369.143838
302 -15.589105 -4.722738 3.719399 100.972318 9812.632633
302 13.643730 4.450959 9.256600 137.515671 61613.806372
302 -13.661297 -4.455304 9.256600 137.515671 62808.376038
302 18.506141 5.183761 4.776809 203.421987 16556.357470
302 -18.459349 -5.182456 4.776809 203.421987 16056.509741
302 14.226961 4.545097 3.266449 153.644753 7660.773036
302 -14.301035 -4.546594 3.266449 153.644753 7505.060309
302 24.440150 5.957156 14.611515 38.896764 154136.432655
302 -24.129916 -5.835959 14.611515 38.896764 161149.365209
302 19.350342 5.300677 4.872389 224.967609 17049.505154
302 -19.455119 -5.323517 4.872389 224.967609 16791.214308
302 6.340109 3.034139 7.880835 77.843010 44722.643395
302 -6.305167 -3.026781 7.880835 77.843010 44643.460120
302 0.191992 0.527994 3.459729 346.691068 8546.789954
302 -0.191979 -0.527617 3.459729 346.691068 8778.383147
302 15.335683 4.718876 7.094271 6.794883 36667.376725
302 -15.209762 -4.712098 7.094271 6.794883 36310.523784
302 7.980941 3.404192 7.296011 126.841639 39165.966243
302 -8.072343 -3.415512 7.296011 126.841639 38401.030150
302 17.429173 5.030665 7.400009 178.825896 39156.940825
302 -17.469359 -5.032133 7.400009 178.825896 38441.674227
303 11.383223 4.065553 8.979327 285.546094 60178.146132
303 -11.374778 -4.074474 8.979327 285.546094 57366.004881
303 11.146042 4.022975 17.353233 147.790236 217170.137647
303 -11.049995 -4.010882 17.353233 147.790236 211715.479121
303 30.433289 6.647548 2.681169 97.264941 5259.271128
303 -30.298805 -6.655197 2.681169 97.264941 5124.689132
303 22.186500 5.675857 10.787744 239.404340 84809.013170
303 -22.149192 -5.761733 10.787744 239.404340 85384.288216
303 8.886904 3.592215 2.075391 129.089506 3054.815260
303 -8.898938 -3.583811 2.075391 129.089506 3201.455948
303 5.055247 2.709307 5.405786 196.328847 20648.484351
303 -5.094960 -2.691251 5.405786 196.328847 21188.546217
303 1.742451 1.590623 9.681785 199.168518 65078.691867
303 -1.741392 -1.628857 9.681785 199.168518 66286.741396
303 31.574497 6.771038 7.616226 163.652939 41546.509966
303 -31.339608 -6.710611 7.616226 163.652939 41205.883732
303 2.331105 1.839789 4.010796 219.795103 11319.867079
303 -2.325571 -1.854346 4.010796 219.795103 11376.616197
303 9.412685 3.696952 5.738637 182.964288 23669.900705
303 -9.459260 -3.737161 5.738637 182.964288 24091.588188
303 12.658380 4.287223 7.297794 291.316313 38379.039573
303 -12.707751 -4.284421 7.297794 291.316313 38213.318452
303 17.789277 5.082369 6.069202 212.058678 26389.164861
303 -17.907496 -5.217682 6.069202 212.058678 26057.439959
303 11.416043 4.071410 4.822514 51.935531 17050.526670
303 -11.421707 -4.115943 4.822514 51.935531 16255.265839
303 13.993700 4.507683 10.321276 306.855001 79526.757086
303 -14.034996 -4.513872 10.321276 306.855001 76313.792375
303 23.056546 5.786076 6.174535 211.206947 26923.546290
303 -22.990033 -5.706164 6.174535 211.206947 27969.192907
303 13.662738 4.454059 7.093691 45.143543 36928.531450
303 -13.700902 -4.441727 7.093691 45.143543 36324.277125
303 17.313651 5.013966 10.374663 288.203331 79996.145292
303 -17.277638 -5.005889 10.374663 288.203331 80844.800117
303 11.911047 4.158742 7.356701 238.237379 41548.235181
303 -11.889515 -4.081090 7.356701 238.237379 37930.870681
303 20.062995 5.397404 10.454096 198.603455 78435.532628
303 -20.051327 -5.344472 10.454096 198.603455 80870.006663
303 13.777813 4.472777 4.258942 326.188082 13225.460530
303 -13.771195 -4.480635 4.258942 326.188082 13262.933194
303 6.765592 3.134296 8.022788 313.674429 45321.665203
303 -6.833822 -3.141751 8.022788 313.674429 45819.391256
303 13.864619 4.486845 2.819078 21.504177 5739.736882
303 -13.941321 -4.488041 2.819078 21.504177 5724.253982
303 10.089953 3.827645 9.047037 194.949183 58045.304504
303 -10.055480 -3.863408 9.047037 194.949183 59203.221972
303 20.794914 5.494974 5.524754 142.646533 22035.897397
303 -20.922406 -5.520496 5.524754 142.646533 22224.218111
303 12.606407 4.278413 7.059108 29.512375 35348.377587
303 -12.557682 -4.314228 7.059108 29.512375 37285.608241
303 21.482676 5.585104 13.123234 289.199665 123307.669847
303 -21.351812 -5.683846 13.123234 289.199665 126033.632410
304 8.150813 3.440230 3.136464 279.339320 7256.788945
304 -8.021693 -3.414224 3.136464 279.339320 6726.827711
304 18.850046 5.231705 8.754041 101.778914 55499.271589
304 -18.875925 -5.295114 8.754041 101.778914 55312.146304
304 19.048333 5.259150 3.853696 255.418531 10561.385874
304 -19.186848 -5.228635 3.853696 255.418531 10561.477570
304 18.963401 5.247412 17.217112 326.708136 209483.367322
304 -18.895149 -5.162242 17.217112 326.708136 212141.119889
304 15.685581 4.772406 10.041989 321.062251 73798.503406
304 -15.549037 -4.757384 10.041989 321.062251 73952.991219
304 6.687744 3.116211 5.527232 349.738647 21721.917060
304 -6.626620 -3.149158 5.527232 349.738647 22393.760046
304 17.715872 5.071872 15.356382 53.812705 170029.856869
304 -17.481670 -4.989504 15.356382 53.812705 171924.230331
304 24.319570 5.942443 2.240073 230.887665 3596.527984
304 -24.506816 -6.006007 2.240073 230.887665 3664.439705
304 5.402009 2.800688 7.754799 339.367133 43930.165270
304 -5.411360 -2.827641 7.754799 339.367133 42997.405458
304 11.004160 3.997288 1.718933 333.625745 2232.202780
304 -10.908023 -3.999922 1.718933 333.625745 2034.992075
304 5.262379 2.764255 19.830171 106.122638 280264.198158
304 -5.267668 -2.758611 19.830171 106.122638 277647.156779
304 -2.430237 1.878501 4.753908 255.145324 16497.987591
304 2.410949 -1.867377 4.753908 255.145324 15612.469728
304 21.283555 5.559159 12.001872 352.882015 105845.719135
304 -21.448936 -5.552965 12.001872 352.882015 101802.463436
304 17.069152 4.978437 5.685064 81.200311 23580.637510
304 -17.137810 -4.978001 5.685064 81.200311 23525.503068
304 13.101828 4.361672 6.330673 207.299507 29119.416500
304 -13.088049 -4.380854 6.330673 207.299507 29068.328194
304 12.348633 4.234445 3.154173 127.254025 7190.555935
304 -12.370680 -4.266133 3.154173 127.254025 6943.221635
304 20.347684 5.435563 10.958678 21.966442 86793.308545
304 -20.379995 -5.441686 10.958678 21.966442 87563.289748
304 12.075046 4.187275 6.523402 5.416051 29625.009128
304 -12.043442 -4.245270 6.523402 5.416051 30019.215747
304 13.461148 4.421077 8.837301 334.924642 56156.121829
304 -13.455516 -4.421316 8.837301 334.924642 57325.956272
304 23.665089 5.861937 9.409591 136.126693 65124.735242
304 -23.514143 -5.819588 9.409591 136.126693 63481.941367
304 24.206205 5.928576 5.004422 43.285050 18542.549038
304 -24.138020 -5.917660 5.004422 43.285050 17931.620443
304 16.812871 4.940922 2.215439 105.611221 3591.402861
304 -16.828522 -4.866897 2.215439 105.611221 3448.537978
304 12.032347 4.179865 7.620330 342.072101 41026.881520
304 -12.117876 -4.233625 7.620330 342.072101 43565.994318
304 21.581395 5.597921 2.761569 185.179321 5543.992763
304 -21.479358 -5.588225 2.761569 185.179321 5390.440374
304 10.385613 3.883319 5.613689 237.521540 22522.914120
304 -10.409583 -3.881054 5.613689 237.521540 21767.829786
304 1.785684 1.610235 3.740590 90.048693 9875.091063
304 -1.781670 -1.646678 3.740590 90.048693 9925.288450
305 19.179253 5.277192 5.426859 207.565584 21392.376892
305 -19.230169 -5.227296 5.426859 207.565584 20962.155827
305 10.348773 3.876426 2.427352 297.159164 4285.189331
305 -10.405944 -3.888663 2.427352 297.159164 4234.730058
305 3.508705 2.257150 7.021689 331.640717 35655.688512
305 -3.540474 -2.245798 7.021689 331.640717 35270.897101
305 15.590516 4.757922 5.884716 162.353360 24940.570458
305 -15.645373 -4.770008 5.884716 162.353360 25047.756289
305 1.525449 1.488284 7.726117 12.855692 43593.103079
305 -1.528261 -1.486681 7.726117 12.855692 43329.175746
305 7.333515 3.263196 6.535576 248.218195 30723.521719
305 -7.296514 -3.237837 6.535576 248.218195 30388.850791
305 13.990396 4.507150 10.940125 135.840001 84685.237117
305 -13.849276 -4.524593 10.940125 135.840001 87135.328348
305 6.168244 2.992732 6.879368 239.907691 33718.454464
305 -6.136493 -3.039573 6.879368 239.907691 34014.666595
305 9.393121 3.693108 7.050287 196.383863 36087.910834
305 -9.314518 -3.706478 7.050287 196.383863 34172.113478
305 21.990631 5.650747 3.785296 237.198343 10152.009273
305 -22.004188 -5.548763 3.785296 237.198343 10291.078523
305 22.273848 5.687019 5.416190 129.656556 21539.061500
305 -22.320268 -5.631509 5.416190 129.656556 20344.769287
305 20.758350 5.490141 6.042711 80.047576 26050.715206
305 -20.850177 -5.507718 6.042711 80.047576 26191.806980
305 14.921429 4.654706 3.965482 338.438379 11130.469246
305 -14.944104 -4.565203 3.965482 338.438379 11482.450107
305 24.051090 5.909550 3.904006 217.235079 10817.615520
305 -24.056915 -5.880252 3.904006 217.235079 11578.280330
305 13.456252 4.420273 3.688769 153.685903 9580.558916
305 -13.473259 -4.427859 3.688769 153.685903 9847.788828
305 3.772241 2.340382 12.930756 56.112979 122992.610522
305 -3.781352 -2.362291 12.930756 56.112979 119806.760240
305 1.370955 1.410908 6.020571 164.260883 25494.930595
305 -1.368373 -1.401682 6.020571 164.260883 26023.026796
305 16.918984 4.956489 6.114565 338.118763 27415.844076
305 -16.801377 -4.992837 6.114565 338.118763 26897.138823
305 7.917812 3.390702 5.719207 132.238107 22809.325433
305 -7.939477 -3.366416 5.719207 132.238107 23143.854635
305 20.141105 5.407900 4.109472 16.142857 11658.901595
305 -20.174149 -5.419153 4.109472 16.142857 11640.392587
305 19.630564 5.338920 10.819705 133.787594 82414.612829
305 -19.707289 -5.371510 10.819705 133.787594 84265.449853
305 18.336393 5.159932 5.613774 319.396756 23672.738695
305 -18.293910 -5.108591 5.613774 319.396756 22687.623024
305 18.610042 5.198293 7.869599 66.570738 43377.496191
305 -18.614114 -5.114799 7.869599 66.570738 44117.314342
305 27.085502 6.271270 21.595849 132.387198 337242.824881
305 -26.981777 -6.285808 21.595849 132.387198 345048.918880
305 15.813479 4.791823 5.455267 337.887083 21996.925587
305 -15.882004 -4.822337 5.455267 337.887083 21915.352241
305 24.515243 5.966301 8.033856 95.730021 47527.592226
305 -24.605233 -6.095658 8.033856 95.730021 48132.993113
306 15.843347 4.796346 7.324835 154.778134 39694.710306
306 -15.736393 -4.780349 7.324835 154.778134 38961.322301
306 3.405892 2.223835 10.885469 7.940914 87127.207672
306 -3.414155 -2.239959 10.885469 7.940914 85915.993865
306 28.386717 6.420142 7.826404 148.005679 44993.677563
306 -28.147916 -6.361238 7.826404 148.005679 44344.476878
306 13.153545 4.370272 3.438002 268.980906 8462.668321
306 -13.234262 -4.408459 3.438002 268.980906 8883.720169
306 13.027470 4.349277 10.914776 109.922023 87945.108774
306 -12.946976 -4.343141 10.914776 109.922023 88537.729487
306 12.943026 4.335158 4.297000 170.834745 12981.455031
306 -12.867898 -4.354264 4.297000 170.834745 13579.518340
306 22.091165 5.663649 3.994800 346.266354 11389.056762
306 -22.170683 -5.634993 3.994800 346.266354 11154.692500
306 11.397049 4.068022 6.582786 11.913540 30782.075043
306 -11.438689 -4.107951 6.582786 11.913540 31449.533158
306 9.078701 3.630771 8.661418 351.307779 54131.128906
306 -9.072832 -3.623250 8.661418 351.307779 54234.537117
306 22.710442 5.742485 5.788230 336.159606 24078.250204
306 -22.592713 -5.748539 5.788230 336.159606 24323.440923
306 8.842928 3.583316 7.562936 275.337356 42027.176462
306 -8.784778 -3.532987 7.562936 275.337356 40571.108794
306 0.917021 1.153923 3.140293 238.029163 7119.574399
306 -0.913789 -1.175123 3.140293 238.029163 7151.990082
306 15.240333 4.704184 9.897363 281.495989 68767.545797
306 -15.079238 -4.653237 9.897363 281.495989 71880.516411
306 9.019732 3.618961 5.157901 231.074452 19517.378325
306 -9.037827 -3.561619 5.157901 231.074452 19019.895293
306 6.864977 3.157233 3.111828 213.679040 6986.226509
306 -6.902466 -3.128042 3.111828 213.679040 6963.775179
306 21.253739 5.555264 16.250305 99.526475 185223.091037
306 -21.157977 -5.502489 16.250305 99.526475 187783.644215
306 19.386704 5.305655 11.380069 173.566520 94403.441402
306 -19.457243 -5.260776 11.380069 173.566520 93108.073565
306 3.495063 2.252758 12.664213 192.765916 118402.291617
306 -3.505111 -2.232203 12.664213 192.765916 112804.590513
306 25.766110 6.116620 5.389086 292.616697 20936.057280
306 -25.621858 -6.080651 5.389086 292.616697 20907.091128
306 19.781517 5.359408 7.684709 31.542570 43884.488466
306 -19.681466 -5.370330 7.684709 31.542570 41540.638324
306 17.532362 5.045535 9.164963 60.315492 60539.310234
306 -17.506743 -5.040219 9.164963 60.315492 59840.035553
306 6.391110 3.046318 4.203441 217.340982 13000.554187
306 -6.416615 -3.004438 4.203441 217.340982 12545.779709
306 19.222894 5.283192 10.061294 315.273348 74225.685608
306 -19.359668 -5.378551 10.061294 315.273348 74370.765963
306 18.723770 5.214152 6.723990 125.899475 32561.411448
306 -18.830545 -5.236573 6.723990 125.899475 32889.387730
306 11.366368 4.062542 6.446792 165.317129 30784.958303
306 -11.340445 -4.086616 6.446792 165.317129 29735.994654
306 14.352230 4.565063 9.156035 256.246297 60642.294897
306 -14.349019 -4.587166 9.156035 256.246297 58925.885728
306 18.437669 5.174162 8.500353 239.547225 51528.924305
306 -18.466114 -5.191960 8.500353 239.547225 52155.173227
307 16.149857 4.842520 14.062090 194.747004 140254.693733
307 -15.997340 -4.850711 14.062090 194.747004 140788.896530
307 11.052715 4.006098 8.887469 265.224878 56811.269510
307 -10.980456 -3.940027 8.887469 265.224878 57224.875827
307 17.666957 5.064866 3.379665 336.225608 8125.262413
307 -17.678859 -5.037368 3.379665 336.225608 7854.024807
307 11.322083 4.054621 6.224367 64.375833 28112.998912
307 -11.236606 -4.082294 6.224367 64.375833 27839.393414
307 7.700725 3.343897 1.794633 177.962259 2323.524139
307 -7.739870 -3.312980 1.794633 177.962259 2318.722513
307 9.230878 3.661074 4.903664 262.410597 17175.598803
307 -9.189792 -3.678166 4.903664 262.410597 17752.295576
307 -1.272350 1.359222 9.088333 186.720821 57456.500847
307 1.276219 -1.350299 9.088333 186.720821 60237.812662
307 4.491804 2.553862 9.580200 63.211940 66393.388652
307 -4.512619 -2.568992 9.580200 63.211940 69494.630260
307 6.381806 3.044100 6.914665 100.531577 35427.023881
307 -6.313149 -2.980484 6.914665 100.531577 34477.215590
307 22.488679 5.714379 8.030136 163.731237 46361.887313
307 -22.339877 -5.792098 8.030136 163.731237 44803.650284
307 20.062281 5.397308 3.416065 140.037953 8338.504204
307 -20.238605 -5.293849 3.416065 140.037953 8651.575811
307 22.211559 5.679061 10.284877 269.706075 74966.348341
307 -22.367092 -5.713434 10.284877 269.706075 74664.934449
307 16.471558 4.890513 2.594384 55.655012 4910.903620
307 -16.443571 -4.871689 2.594384 55.655012 5084.100165
307 7.707302 3.345324 5.454173 118.488935 21821.684006
307 -7.674494 -3.422026 5.454173 118.488935 22064.793961
307 6.013719 2.955008 7.244667 304.128777 38029.868686
307 -6.027905 -2.975306 7.244667 304.128777 38198.371438
307 18.800528 5.224829 5.516520 248.791126 21911.888549
307 -18.772456 -5.197458 5.516520 248.791126 22704.759061
307 16.298093 4.864693 19.506899 173.934915 260332.990644
307 -16.460900 -4.860173 19.506899 173.934915 275790.675588
307 20.555826 5.463293 13.572934 206.328458 133266.157406
307 -20.774628 -5.397275 13.572934 206.328458 131628.134146
307 16.204455 4.850698 17.390793 180.468121 215406.535038
307 -16.288791 -4.931974 17.390793 180.468121 213867.483720
307 17.463008 5.035546 3.446539 107.588195 8512.906280
307 -17.515471 -5.055558 3.446539 107.588195 8900.206430
307 12.525261 4.264621 2.370460 309.916317 4032.157534
307 -12.596798 -4.270002 2.370460 309.916317 4143.415312
307 15.377352 4.725283 7.214904 346.662892 36899.427107
307 -15.502650 -4.592695 7.214904 346.662892 37860.955407
307 13.964620 4.502997 3.396440 54.912817 8347.859410
307 -14.181079 -4.573298 3.396440 54.912817 8167.401175
307 10.917955 3.981601 12.479535 291.011760 111792.483710
307 -10.929461 -4.002111 12.479535 291.011760 111364.189399
307 12.200934 4.209045 10.860189 164.013387 83984.073988
307 -12.234857 -4.237591 10.860189 164.013387 86609.720557
307 -2.656371 1.963954 2.999885 228.319112 6533.650518
307 2.662332 -1.953219 2.999885 228.319112 6488.897301
307 4.543609 2.568547 2.930167 257.903817 6375.149174
307 -4.596941 -2.578792 2.930167 257.903817 6103.202924
308 6.567202 3.088000 3.959576 322.445705 11559.627899
308 -6.625571 -3.045223 3.959576 322.445705 11157.740356
308 25.699908 6.108757 13.678936 282.715596 127883.134839
308 -25.600944 -6.085694 13.678936 282.715596 137418.324347
308 32.404319 6.859437 4.437349 264.051805 14095.519404
308 -31.977119 -6.882709 4.437349 264.051805 14105.456755
308 22.822241 5.756602 8.672908 330.754972 54239.374161
308 -22.506223 -5.814179 8.672908 330.754972 56337.056151
308 11.506223 4.087459 4.740392 82.942723 16395.583465
308 -11.518101 -4.096855 4.740392 82.942723 16619.277574
308 28.078185 6.385157 4.130629 283.270213 12343.675949
308 -28.061017 -6.346533 4.130629 283.270213 12278.214234
308 -1.152798 1.293790 3.126347 226.395863 7174.750029
308 1.156581 -1.288696 3.126347 226.395863 6987.332731
308 12.749143 4.302566 10.218626 211.261693 77680.285769
308 -12.806830 -4.372891 10.218626 211.261693 75104.126835
308 12.685195 4.291762 4.309788 150.624917 13659.932099
308 -12.727958 -4.222275 4.309788 150.624917 13452.212355
308 4.264274 2.488339 7.057789 227.392677 36948.540713
308 -4.288488 -2.530794 7.057789 227.392677 36090.411764
308 26.039564 6.148992 8.362885 228.682244 50822.940858
308 -26.103372 -6.110337 8.362885 228.682244 49413.708296
308 11.728234 4.126704 18.233060 129.612867 236100.658035
308 -11.694615 -4.087140 18.233060 129.612867 233643.372290
308 23.718123 5.868501 5.306803 75.663488 20062.454000
308 -23.812451 -5.947912 5.306803 75.663488 20496.373181
308 24.276416 5.937168 7.241613 111.223259 38790.158952
308 -24.107468 -5.867529 7.241613 111.223259 39007.657720
308 14.256915 4.549879 5.157015 326.377587 20180.808848
308 -14.309005 -4.640469 5.157015 326.377587 18840.329629
308 13.259210 4.387790 6.377807 316.189235 27939.975352
308 -13.196358 -4.424283 6.377807 316.189235 29200.772471
308 7.185554 3.230109 4.961307 27.967351 17400.854553
308 -7.186001 -3.239629 4.961307 27.967351 17710.455475
308 15.831855 4.794606 11.657325 171.927395 98392.726455
308 -15.866873 -4.803444 11.657325 171.927395 99021.856089
308 21.480409 5.584809 4.405529 343.001586 13761.512144
308 -21.536089 -5.607430 4.405529 343.001586 14243.041945
308 17.699725 5.069560 4.091805 99.032436 12273.642902
308 -17.716337 -5.112762 4.091805 99.032436 12116.432143
308 15.093567 4.681478 3.115814 213.937167 6956.889610
308 -15.147460 -4.678185 3.115814 213.937167 6856.575601
308 2.657303 1.964299 6.700301 295.523638 32355.024046
308 -2.650077 -1.903893 6.700301 295.523638 32966.980182
308 7.279673 3.251195 12.518019 116.318717 115455.943201
308 -7.321981 -3.237278 12.518019 116.318717 112626.937134
308 13.344193 4.401829 6.993235 152.553165 35565.386237
308 -13.357770 -4.401029 6.993235 152.553165 35317.563688
308 26.831425 6.241787 7.324441 151.341350 39320.163291
308 -26.995828 -6.161233 7.324441 151.341350 37420.137379
308 4.734350 2.621907 4.190157 355.375845 12281.101927
308 -4.745582 -2.599532 4.190157 355.375845 12522.938443
308 15.961799 4.814243 5.758648 90.963339 23778.837582
308 -15.801706 -4.830943 5.758648 90.963339 23981.238487
309 15.906282 4.805863 3.795972 176.652271 9976.712865
309 -15.879634 -4.805750 3.795972 176.652271 10936.754908
309 6.589641 3.093271 7.872627 151.709405 42877.154540
309 -6.628145 -3.107595 7.872627 151.709405 45120.616451
309 11.958825 4.167075 7.380675 320.764936 39917.842844
309 -11.869408 -4.169462 7.380675 320.764936 38085.685491
309 16.335748 4.870309 12.049433 55.083321 103408.434432
309 -16.184171 -4.808645 12.049433 55.083321 106381.379798
309 14.659744 4.613709 6.570636 116.584707 30856.112135
309 -14.755426 -4.550274 6.570636 116.584707 30062.124603
309 15.132576 4.687524 5.949642 278.052130 25062.629147
309 -15.203038 -4.623400 5.949642 278.052130 24837.972629
309 23.046869 5.784862 4.560090 184.484808 14686.885452
309 -23.005252 -5.690754 4.560090 184.484808 15358.456506
309 14.239564 4.547109 3.477775 58.162804 8747.724197
309 -14.150903 -4.567425 3.477775 58.162804 8448.912836
309 19.460309 5.315718 4.998862 283.780434 17608.556328
309 -19.504938 -5.321753 4.998862 283.780434 18315.572310
309 27.091633 6.271980 3.862269 269.664366 11019.578552
309 -27.087439 -6.287942 3.862269 269.664366 10644.566687
309 12.946764 4.335784 6.976386 122.240125 36038.509280
309 -12.904334 -4.319800 6.976386 122.240125 35538.779339
309 24.863801 6.008566 6.525742 46.127401 30269.606410
309 -24.718612 -5.962007 6.525742 46.127401 31149.702386
309 4.949103 2.680713 14.297626 292.201544 151214.896663
309 -4.948786 -2.657223 14.297626 292.201544 143793.642326
309 10.978189 3.992569 14.330651 145.019343 143710.534704
309 -11.000049 -4.001957 14.330651 145.019343 149180.078212
309 13.896768 4.492043 5.140485 236.737365 18860.667684
309 -13.814579 -4.561845 5.140485 236.737365 18859.685956
309 4.309726 2.501565 7.791119 106.209225 44818.884325
309 -4.308077 -2.473593 7.791119 106.209225 44093.995931
309 13.032230 4.350072 4.626135 332.196817 15943.066117
309 -12.997409 -4.323822 4.626135 332.196817 16127.719009
309 5.634865 2.860413 5.384773 183.756459 20644.332758
309 -5.627535 -2.814194 5.384773 183.756459 20528.005156
309 3.916997 2.384864 2.683424 289.948725 5233.660158
309 -3.877028 -2.413687 2.683424 289.948725 5349.181687
309 12.838404 4.317602 2.424223 109.600919 4096.678268
309 -12.819261 -4.304303 2.424223 109.600919 4254.364277
309 19.753851 5.355659 9.431686 280.469127 62246.972385
309 -19.740454 -5.439632 9.431686 280.469127 64750.389670
309 17.683773 5.067275 3.807045 114.913995 10419.729702
309 -17.668103 -5.043826 3.807045 114.913995 10687.623615
309 25.024995 6.028011 7.989204 205.636307 45724.489297
309 -25.125158 -6.067609 7.989204 205.636307 44877.544757
309 20.296335 5.428700 7.987449 214.323084 46116.869355
309 -20.322436 -5.422884 7.987449 214.323084 46543.447994
309 13.174039 4.373675 9.536128 1.448502 65603.818897
309 -13.186906 -4.309347 9.536128 1.448502 62232.102063
309 12.111485 4.193588 8.847444 18.800906 56689.139814
309 -12.178819 -4.171664 8.847444 18.800906 54810.254598
309 29.508305 6.545747 6.812338 260.740296 33479.621469
309 -29.383265 -6.624892 6.812338 260.740296 32472.269049
310 14.138545 4.530951 5.589945 17.514962 22287.155493
310 -14.247244 -4.454752 5.589945 17.514962 23178.847793
310 8.767400 3.567980 3.299524 139.515346 7611.794489
310 -8.748824 -3.566272 3.299524 139.515346 8094.932242
310 1.742702 1.590738 4.129711 168.481898 12290.968160
310 -1.741065 -1.608017 4.129711 168.481898 11941.158631
310 1.128501 1.280083 7.172291 195.480521 36084.637152
310 -1.133978 -1.285843 7.172291 195.480521 38318.369050
310 11.114259 4.017236 3.220593 274.506755 7464.266577
310 -11.066158 -4.014981 3.220593 274.506755 7701.330181
310 8.016018 3.411665 6.255600 21.758047 27596.591148
310 -7.958417 -3.382160 6.255600 21.758047 27703.036856
310 21.371013 5.570570 9.078870 350.231205 57551.590342
310 -21.333715 -5.474248 9.078870 350.231205 61044.719737
310 21.262437 5.556401 10.944254 41.097039 88181.098621
310 -21.376898 -5.627299 10.944254 41.097039 85216.951493
310 17.528821 5.045026 10.229279 208.837224 73458.571622
310 -17.534283 -4.951634 10.229279 208.837224 77433.102085
310 10.661364 3.934535 8.241304 285.967149 48089.555689
310 -10.604496 -3.976063 8.241304 285.967149 48617.707047
310 1.811927 1.622024 4.042607 232.064287 12009.153073
310 -1.801305 -1.608284 4.042607 232.064287 11958.439884
310 24.493869 5.963699 7.691367 272.896547 42871.761472
310 -24.618588 -6.166969 7.691367 272.896547 41418.020541
310 7.921507 3.391493 2.754604 134.075825 5464.685981
310 -7.952473 -3.363143 2.754604 134.075825 5448.188964
310 13.094154 4.360394 16.003542 28.134251 183844.384972
310 -13.064846 -4.346678 16.003542 28.134251 190450.255567
310 11.270889 4.045443 4.384208 132.235420 14046.600078
310 -11.424693 -3.989341 4.384208 132.235420 14184.413061
310 12.376752 4.239263 2.833547 310.152908 5462.424398
310 -12.436195 -4.274101 2.833547 310.152908 5661.465900
310 11.617220 4.107127 2.957803 172.145463 6202.230288
310 -11.680579 -4.113373 2.957803 172.145463 6133.535924
310 20.360684 5.437299 5.528334 324.038687 21818.806356
310 -20.536493 -5.481941 5.528334 324.038687 21597.992904
310 18.799950 5.224749 5.480536 347.266844 21382.677603
310 -19.035374 -5.188632 5.480536 347.266844 21519.367706
310 22.219647 5.680095 9.171173 333.394144 61307.406503
310 -22.216576 -5.676748 9.171173 333.394144 59627.689503
310 32.614711 6.881670 3.882134 163.673065 10943.550726
310 -32.459880 -6.897128 3.882134 163.673065 11095.786348
310 14.357299 4.565869 3.830758 30.464629 10745.277797
310 -14.322874 -4.516691 3.830758 30.464629 10358.645306
310 17.621233 5.058307 4.482362 327.084762 14527.460510
310 -17.659804 -5.019774 4.482362 327.084762 14794.950511
310 10.068466 3.823567 12.951965 178.462973 118719.396035
310 -10.053670 -3.813031 12.951965 178.462973 120646.902504
310 9.879823 3.787578 2.386712 93.103374 4102.025756
310 -9.848808 -3.725131 2.386712 93.103374 4165.286107
310 19.654081 5.342117 3.840853 303.634148 10804.445172
310 -19.845925 -5.458368 3.840853 303.634148 10781.760361
310 17.989844 5.110940 6.168208 52.998412 27301.268697
310 -18.062217 -5.133581 6.168208 52.998412 27574.166743
311 21.649866 5.606795 8.278942 319.174075 47905.088696
311 -21.710591 -5.677529 8.278942 319.174075 50174.157851
311 12.221952 4.212669 7.271848 124.138460 38282.384317
311 -12.257050 -4.222708 7.271848 124.138460 39089.948236
311 9.881006 3.787805 9.854149 55.942240 70448.406045
311 -9.881976 -3.818270 9.854149 55.942240 69886.762727
311 15.075408 4.678661 3.030842 316.249450 6768.766553
311 -15.167199 -4.664921 3.030842 316.249450 6630.067152
311 10.782863 3.956891 3.310481 208.921409 7781.609785
311 -10.824112 -3.906291 3.310481 208.921409 7834.869943
311 21.782363 5.623925 1.927530 311.339574 2574.013674
311 -21.718654 -5.723663 1.927530 311.339574 2792.902331
311 6.180923 2.995806 10.291954 310.734430 74935.182322
311 -6.187632 -2.990650 10.291954 310.734430 75103.816575
311 1.009649 1.210799 3.327472 171.632678 8077.788360
311 -1.016473 -1.225297 3.327472 171.632678 8089.696883
311 0.949723 1.174318 6.767019 16.557343 35004.752028
311 -0.948882 -1.174836 6.767019 16.557343 33427.099392
311 16.833905 4.944012 10.280178 357.537700 73981.140915
311 -16.752116 -4.974927 10.280178 357.537700 78802.228527
311 15.100534 4.682558 7.833171 208.806336 45107.545202
311 -15.061842 -4.691583 7.833171 208.806336 43274.779892
311 12.537559 4.266714 5.670298 7.415737 23447.340030
311 -12.593042 -4.302242 5.670298 7.415737 23505.097848
311 16.319363 4.867866 1.950282 64.299152 2752.867516
311 -16.363564 -4.901830 1.950282 64.299152 2744.742715
311 9.118336 3.638688 4.732885 330.285150 16379.580367
311 -9.173309 -3.632525 4.732885 330.285150 16026.367497
311 13.494334 4.426523 12.745431 347.304839 116511.306221
311 -13.570821 -4.398831 12.745431 347.304839 116471.078827
311 6.668393 3.111699 3.334910 200.023674 8009.338042
311 -6.734228 -3.112878 3.334910 200.023674 8125.508380
311 12.500396 4.260386 4.191690 337.741982 12663.958322
311 -12.372871 -4.213082 4.191690 337.741982 12580.596961
311 21.986553 5.650223 5.433866 138.480258 21456.721601
311 -22.000655 -5.637198 5.433866 138.480258 21507.583069
311 19.601501 5.334967 5.834420 6.625783 24881.991686
311 -19.606644 -5.353895 5.834420 6.625783 24970.436311
311 11.112934 4.016996 6.161211 266.768246 27822.157822
311 -11.134811 -4.003413 6.161211 266.768246 28171.448988
311 9.770879 3.766638 3.031206 274.761326 6587.671354
311 -9.858595 -3.738868 3.031206 274.761326 6510.804343
311 18.435091 5.173801 7.031250 359.579068 36207.626327
311 -18.187464 -5.217162 7.031250 359.579068 35096.341716
311 23.056309 5.786047 10.257585 187.262551 73425.466384
311 -23.086032 -5.761105 10.257585 187.262551 73921.440415
311 8.840720 3.582868 6.773357 356.198925 34551.784008
311 -8.861672 -3.577940 6.773357 356.198925 32724.422829
311 13.995456 4.507965 6.074185 300.417054 26737.665085
311 -13.949422 -4.486247 6.074185 300.417054 27111.192587
311 11.347987 4.059256 4.045390 205.099702 11688.283970
311 -11.428718 -4.013124 4.045390 205.099702 11510.689791
311 17.500780 5.040989 3.483355 10.254307 8900.393440
311 -17.535506 -5.063919 3.483355 10.254307 8625.109998
312 12.369887 4.238087 18.829678 266.719954 265204.158314
312 -12.256407 -4.298599 18.829678 266.719954 252344.486337
312 9.053601 3.625749 9.171451 10.994648 60973.566213
312 -8.998505 -3.575243 9.171451 10.994648 60545.747615
312 14.332859 4.561981 6.980742 87.601569 35785.539649
312 -14.346537 -4.593651 6.980742 87.601569 35769.096196
312 20.814636 5.497579 7.560481 270.783745 42520.011229
312 -21.073526 -5.426074 7.560481 270.783745 41118.196158
312 4.787732 2.636647 6.726674 250.646744 32414.969686
312 -4.793077 -2.620454 6.726674 250.646744 33300.013941
312 23.234697 5.808387 3.911843 133.877467 10896.717305
312 -23.367618 -5.783535 3.911843 133.877467 11131.176538
312 19.591244 5.333571 10.031153 240.326809 72022.186207
312 -19.611797 -5.390293 10.031153 240.326809 72414.761380
312 10.648109 3.932088 8.560837 91.485318 51741.886039
312 -10.597241 -3.901741 8.560837 91.485318 54380.753393
312 7.685356 3.340558 4.877266 246.355357 16888.863858
312 -7.691405 -3.353326 4.877266 246.355357 17078.519481
312 3.847891 2.363733 13.356435 295.973194 129666.633342
312 -3.838944 -2.394063 13.356435 295.973194 128297.099111
312 11.745634 4.129764 14.511513 233.311860 146483.778644
312 -11.701314 -4.134171 14.511513 233.311860 155933.364351
312 16.564886 4.904348 23.342400 70.436388 391732.071796
312 -16.681968 -4.927625 23.342400 70.436388 383304.742594
312 4.729123 2.620459 5.466329 127.891887 21183.658551
312 -4.751799 -2.607422 5.466329 127.891887 21336.207706
312 14.136478 4.530620 12.217402 117.561129 108065.831584
312 -14.125212 -4.424931 12.217402 117.561129 110146.816667
312 5.770258 2.894574 10.000661 249.504628 72657.733138
312 -5.702478 -2.912016 10.000661 249.504628 72273.887690
312 13.516385 4.430139 5.224362 116.752803 19114.820872
312 -13.536629 -4.449835 5.224362 116.752803 19740.550561
312 24.284026 5.938098 14.823240 117.481233 155432.282098
312 -24.260320 -5.953367 14.823240 117.481233 160654.433743
312 13.884182 4.490009 5.620597 195.046563 23580.126236
312 -13.925349 -4.457150 5.620597 195.046563 22797.029674
312 18.716479 5.213137 4.618787 235.562915 15717.327625
312 -18.765196 -5.189997 4.618787 235.562915 15494.363565
312 20.105223 5.403081 5.365993 315.057636 21244.396584
312 -20.154830 -5.367401 5.365993 315.057636 20823.761619
312 25.699079 6.108658 7.311941 57.653535 37999.067663
312 -25.694497 -6.071125 7.311941 57.653535 39643.586394
312 10.178729 3.844447 12.770785 152.502986 114905.611936
312 -10.113008 -3.850850 12.770785 152.502986 121519.726464
312 11.526334 4.091030 10.222035 103.862056 77824.549997
312 -11.460989 -4.082614 10.222035 103.862056 73703.294472
312 16.969431 4.963873 6.355094 213.277284 29055.338930
312 -16.857236 -4.938887 6.355094 213.277284 29012.387769
312 21.377825 5.571457 3.956215 20.934449 11242.118330
312 -21.079442 -5.579780 3.956215 20.934449 11340.570749
312 5.773498 2.895386 4.358783 139.836697 13904.190891
312 -5.792589 -2.888837 4.358783 139.836697 13939.910526
312 23.710221 5.867524 5.845696 16.801444 25279.493146
312 -23.944736 -5.847103 5.845696 16.801444 24602.190996
313 13.866148 4.487092 6.059790 26.027081 24770.460877
313 -14.040849 -4.441318 6.059790 26.027081 26210.585566
313 20.456643 5.450097 6.041596 266.605231 27143.296959
313 -20.629967 -5.424921 6.041596 266.605231 26102.325738
313 14.449590 4.580520 5.635958 76.745866 23151.012672
313 -14.461514 -4.522971 5.635958 76.745866 22914.309778
313 14.725928 4.624112 4.849496 164.676400 17101.675853
313 -14.659094 -4.597131 4.849496 164.676400 17106.702715
313 22.027311 5.655458 5.009520 15.219945 17970.003984
313 -22.242221 -5.642629 5.009520 15.219945 17647.079258
313 6.028777 2.958705 3.521188 290.295553 8746.158924
313 -6.017957 -2.945525 3.521188 290.295553 8816.212308
313 7.613554 3.324917 18.401092 241.634404 246045.156381
313 -7.614394 -3.310444 18.401092 241.634404 252530.287657
313 19.989381 5.387493 9.370771 316.173924 64318.490429
313 -19.870702 -5.418774 9.370771 316.173924 61052.840060
313 1.470859 1.461412 4.456746 130.724060 14530.760260
313 -1.461281 -1.494165 4.456746 130.724060 14202.785290
313 28.820553 6.469016 13.647858 37.969179 140368.026424
313 -28.956421 -6.398385 13.647858 37.969179 131304.240820
313 18.664089 5.205836 11.022129 130.452592 89651.088726
313 -18.596117 -5.201011 11.022129 130.452592 88733.263949
313 14.734278 4.625423 9.956307 116.655126 70077.188873
313 -14.792089 -4.626439 9.956307 116.655126 69876.393079
313 15.458091 4.737672 5.736024 51.665668 23051.163043
313 -15.555342 -4.828608 5.736024 51.665668 23667.739235
313 5.429848 2.807895 9.399469 194.240772 61633.716790
313 -5.418483 -2.834390 9.399469 194.240772 62063.390982
313 15.447480 4.736046 15.159237 92.859011 163116.226788
313 -15.594411 -4.732045 15.159237 92.859011 166908.080128
313 16.811468 4.940716 5.643560 217.605760 22387.532405
313 -16.921286 -4.941047 5.643560 217.605760 22675.386868
313 25.805078 6.121243 4.691758 47.979325 16161.723456
313 -26.005491 -6.146018 4.691758 47.979325 15591.745556
313 17.864169 5.093056 2.687272 23.870982 5192.245455
313 -17.858496 -5.071161 2.687272 23.870982 5293.491442
313 10.835386 3.966516 4.253505 90.839986 12913.051682
313 -10.801380 -3.915605 4.253505 90.839986 12938.766206
313 14.301843 4.557042 12.793571 171.939463 119162.016088
313 -14.350302 -4.570760 12.793571 171.939463 118451.680265
313 12.324736 4.230346 9.386524 353.213471 63810.524239
313 -12.370106 -4.180741 9.386524 353.213471 65105.179141
313 6.899427 3.165145 11.446634 22.171558 97438.739059
313 -6.895559 -3.157288 11.446634 22.171558 94139.230471
313 14.968600 4.662058 10.516771 120.726592 78916.789497
313 -14.971076 -4.630579 10.516771 120.726592 80349.678243
313 8.923448 3.599593 5.165712 68.551503 19709.755046
313 -8.956871 -3.611692 5.165712 68.551503 19521.052621
313 14.121254 4.528180 2.527665 180.057948 4626.696531
313 -14.142435 -4.557576 2.527665 180.057948 4596.606439
313 16.877947 4.950475 4.825079 142.824588 16983.458762
313 -16.922442 -4.940662 4.825079 142.824588 16822.055087
313 10.634510 3.929577 8.887595 152.593415 55808.114485
313 -10.587468 -3.938717 8.887595 152.593415 57687.610553
314 11.091756 4.013167 44.287770 259.440564 1355825.297507
314 -11.075761 -4.091751 44.287770 259.440564 1448803.419302
314 7.918853 3.390925 6.931876 37.856691 33682.441158
314 -7.960347 -3.380128 6.931876 37.856691 33876.861126
314 13.987420 4.506671 3.944272 182.070719 11123.437469
314 -13.971628 -4.569024 3.944272 182.070719 10927.990201
314 9.023446 3.619706 20.019003 39.572949 297907.811145
314 -8.961320 -3.625052 20.019003 39.572949 288530.192410
314 1.520178 1.485711 5.967609 80.198550 25528.719913
314 -1.513675 -1.489347 5.967609 80.198550 26566.368529
314 15.414137 4.730931 7.430230 100.547842 39568.682646
314 -15.249100 -4.709409 7.430230 100.547842 40358.613087
314 8.318869 3.475515 5.097470 191.325590 19401.653581
314 -8.249476 -3.454545 5.097470 191.325590 18402.625379
314 7.579431 3.317457 5.855890 151.405163 24942.555277
314 -7.557072 -3.332893 5.855890 151.405163 24492.200138
314 12.681058 4.291062 5.913342 304.868735 25855.453773
314 -12.666040 -4.228734 5.913342 304.868735 24333.284291
314 16.640889 4.915586 7.780450 355.145311 44164.129785
314 -16.769420 -4.950050 7.780450 355.145311 43221.623607
314 4.920973 2.673084 19.956707 165.090719 286093.455608
314 -4.896190 -2.686958 19.956707 165.090719 288264.117974
314 15.540045 4.750214 3.882311 7.103985 11158.375945
314 -15.505418 -4.703589 3.882311 7.103985 10833.359399
314 14.445061 4.579802 4.550512 143.487703 14842.531751
314 -14.550276 -4.513585 4.550512 143.487703 14937.683664
314 5.783973 2.898012 7.306631 155.045722 38917.839932
314 -5.775661 -2.880146 7.306631 155.045722 37688.257423
314 9.816224 3.775368 10.198046 306.816253 76985.079456
314 -9.869995 -3.796911 10.198046 306.816253 73156.949494
314 6.953023 3.177415 3.131477 90.007314 6918.202623
314 -6.938989 -3.191751 3.131477 90.007314 6894.267884
314 15.441251 4.735091 19.427751 148.315404 281312.666446
314 -15.447630 -4.750495 19.427751 148.315404 271337.094929
314 13.378994 4.407565 4.128610 325.709364 12284.864971
314 -13.378454 -4.410882 4.128610 325.709364 12505.600071
314 16.388138 4.878113 7.832438 98.955206 42983.817600
314 -16.366283 -4.940108 7.832438 98.955206 45010.201552
314 21.167573 5.543992 9.839906 289.361700 68409.255501
314 -21.246598 -5.589847 9.839906 289.361700 69680.418339
314 21.776578 5.623178 9.002002 221.377974 58970.896183
314 -21.778524 -5.687203 9.002002 221.377974 58841.830083
314 -2.413369 1.871970 2.568900 351.556418 4770.042997
314 2.411569 -1.902544 2.568900 351.556418 4811.967895
314 16.634218 4.914601 9.526435 73.106341 65272.568456
314 -16.859854 -4.941010 9.526435 73.106341 66913.208644
314 12.052013 4.183279 7.002056 309.720444 34867.173417
314 -12.030081 -4.157307 7.002056 309.720444 35507.961274
314 13.789239 4.474631 11.072695 35.581730 88575.436957
314 -13.786139 -4.506305 11.072695 35.581730 90290.441784
314 18.628936 5.200931 7.252349 132.218106 38208.542097
314 -18.586992 -5.123952 7.252349 132.218106 38878.052625
314 1.779507 1.607448 6.882441 274.529746 33726.601503
314 -1.785186 -1.610418 6.882441 274.529746 33890.797823
315 7.542551 3.309376 6.410763 8.370350 29822.985865
315 -7.561929 -3.336995 6.410763 8.370350 28955.932857
315 9.927062 3.796623 9.009783 205.938823 58546.218462
315 -10.001956 -3.821473 9.009783 205.938823 56544.240985
315 32.612944 6.881483 8.694682 255.488260 54421.415607
315 -32.494963 -6.942306 8.694682 255.488260 54503.172985
315 5.760841 2.892211 4.389097 99.451113 14080.877062
315 -5.761520 -2.860765 4.389097 99.451113 13515.622959
315 14.643188 4.611103 16.587354 46.717600 195841.425753
315 -14.532134 -4.552127 16.587354 46.717600 198714.626795
315 9.249487 3.664763 7.130773 180.075415 38002.206149
315 -9.246216 -3.687027 7.130773 180.075415 37604.028608
315 1.291222 1.369265 9.322530 3.239328 61591.221644
315 -1.298923 -1.362037 9.322530 3.239328 62889.210001
315 12.959116 4.337852 3.609934 248.111274 9414.749476
315 -12.942959 -4.383619 3.609934 248.111274 9493.246008
315 11.647297 4.112440 6.274394 168.510134 29550.680923
315 -11.714743 -4.122470 6.274394 168.510134 28202.040553
315 13.221623 4.381567 8.412324 37.139019 50198.033066
315 -13.402521 -4.392127 8.412324 37.139019 51619.268137
315 0.168162 0.494141 3.885447 10.972362 10744.003856
315 -0.169666 -0.495133 3.885447 10.972362 10912.510575
315 14.074640 4.520700 31.056720 300.180752 713831.986075
315 -14.207688 -4.550259 31.056720 300.180752 691860.116350
315 14.930709 4.656153 5.055708 66.613771 18456.605677
315 -14.904221 -4.712329 5.055708 66.613771 17955.576026
315 4.332736 2.508235 9.070962 328.474427 58489.141751
315 -4.311465 -2.522993 9.070962 328.474427 59366.641791
315 19.023790 5.255761 4.294017 279.519404 13315.875914
315 -18.930694 -5.220566 4.294017 279.519404 13043.261525
315 1.220855 1.331433 11.974588 338.963361 103164.091255
315 -1.222941 -1.327552 11.974588 338.963361 104858.053153
315 8.677915 3.549725 2.280806 228.033703 3838.497465
315 -8.711405 -3.565557 2.280806 228.033703 3887.063958
315 16.785665 4.936923 21.409071 2.932541 331869.903077
315 -16.727884 -4.973936 21.409071 2.932541 335437.605937
315 12.294743 4.225195 5.488224 355.591288 22128.585389
315 -12.241288 -4.197959 5.488224 355.591288 21772.527905
315 12.446563 4.251202 4.391328 206.599708 13949.367285
315 -12.488481 -4.161464 4.391328 206.599708 13459.487564
315 21.732958 5.617544 7.855554 40.595802 45281.418956
315 -21.697495 -5.677844 7.855554 40.595802 44073.021271
315 10.902350 3.978754 3.217105 135.757458 7355.867513
315 -10.886699 -3.904660 3.217105 135.757458 7288.160675
315 -0.714345 1.018453 5.487742 20.504069 21256.860855
315 0.710653 -1.020947 5.487742 20.504069 21267.303253
315 10.992996 3.995260 4.100476 205.141667 11682.369251
315 -10.987542 -3.958835 4.100476 205.141667 12354.579215
315 19.120781 5.269141 10.938907 168.526102 87615.687300
315 -19.031849 -5.239307 10.938907 168.526102 87698.084440
315 12.386507 4.240934 4.653017 187.003525 15313.877742
315 -12.405306 -4.310753 4.653017 187.003525 15763.663671
316 17.592820 5.054227 6.816867 37.087702 34181.807053
316 -17.558156 -4.909280 6.816867 37.087702 32637.577775
316 16.067677 4.830183 4.157067 304.240528 12659.288557
316 -15.984803 -4.757028 4.157067 304.240528 12365.492932
316 13.190123 4.376344 5.359459 120.905944 20497.151271
316 -13.237102 -4.419351 5.359459 120.905944 20353.201927
316 16.675963 4.920764 7.580506 203.824865 40426.763665
316 -16.633186 -4.961135 7.580506 203.824865 41524.637156
316 22.295923 5.689836 7.294274 255.138158 38545.351821
316 -22.338801 -5.624573 7.294274 255.138158 37255.964516
316 19.478841 5.318248 2.285663 185.937190 3745.406151
316 -19.496474 -5.345653 2.285663 185.937190 3748.657101
316 19.529457 5.325153 4.761343 52.262591 16011.563003
316 -19.458751 -5.282149 4.761343 52.262591 16297.548178
316 1.770113 1.603199 7.931862 142.558504 46590.650106
316 -1.764860 -1.595559 7.931862 142.558504 44977.397081
316 17.958592 5.106498 5.883399 266.743505 25383.631001
316 -17.848351 -5.039448 5.883399 266.743505 25241.351009
316 6.890400 3.163073 11.585712 223.543427 98034.932883
316 -6.840541 -3.101023 11.585712 223.543427 98302.929793
316 21.225690 5.551597 11.218911 175.906412 91232.912689
316 -21.262085 -5.481780 11.218911 175.906412 91190.288046
316 21.128714 5.538901 15.787307 144.353058 177658.795473
316 -20.829340 -5.572333 15.787307 144.353058 173363.775071
316 11.454949 4.078342 7.843887 235.858059 42565.928453
316 -11.465629 -4.119984 7.843887 235.858059 45442.033213
316 11.047249 4.005107 2.052767 56.789868 3057.034850
316 -10.971113 -4.015649 2.052767 56.789868 3057.725375
316 15.883117 4.802362 3.501492 188.594481 9062.210876
316 -15.977019 -4.868368 3.501492 188.594481 8733.332534
316 17.183085 4.995024 12.484190 171.674168 112775.678661
316 -17.130305 -4.940349 12.484190 171.674168 112542.558514
316 13.303288 4.395078 3.283527 311.835611 7949.761438
316 -13.258775 -4.407082 3.283527 311.835611 7645.108877
316 16.279898 4.861977 5.407442 193.696983 20439.621944
316 -16.240244 -4.818237 5.407442 193.696983 20664.264044
316 12.124981 4.195924 2.992358 255.279981 6464.713018
316 -12.258882 -4.249845 2.992358 255.279981 6457.850826
316 12.242008 4.216124 17.014772 237.100354 212417.560088
316 -12.203619 -4.236604 17.014772 237.100354 203908.325667
316 9.069939 3.629019 4.396343 177.548184 13868.636970
316 -8.951476 -3.625469 4.396343 177.548184 13670.070005
316 6.304558 3.025620 18.113864 134.515690 237354.644318
316 -6.267318 -3.023982 18.113864 134.515690 231164.290377
316 10.997297 3.996042 5.817466 331.973060 24230.149064
316 -10.992236 -4.012722 5.817466 331.973060 24345.651740
316 23.895651 5.890423 8.386316 218.950793 51304.840500
316 -24.096763 -5.875923 8.386316 218.950793 52004.778327
316 3.744064 2.331625 5.234759 321.533889 20538.421720
316 -3.721548 -2.336248 5.234759 321.533889 19818.764208
316 2.598521 1.942451 10.297953 343.974637 76812.088166
316 -2.613205 -1.947468 10.297953 343.974637 73822.637607
317 8.415042 3.495547 7.426205 200.899179 40688.574895
317 -8.381183 -3.388609 7.426205 200.899179 39836.716685
317 6.179414 2.995441 7.267531 194.796708 39492.660965
317 -6.164411 -3.005607 7.267531 194.796708 37308.972605
317 5.244193 2.759474 5.873203 237.069172 25038.777554
317 -5.263453 -2.773251 5.873203 237.069172 24346.487426
317 11.836449 4.145699 4.643735 41.755989 15927.412987
317 -11.835650 -4.145029 4.643735 41.755989 15556.395337
317 10.937134 3.985096 3.496394 209.459029 8576.498905
317 -10.987453 -3.913122 3.496394 209.459029 8301.080486
317 20.321025 5.432001 4.356621 119.188412 13456.151565
317 -20.254254 -5.380078 4.356621 119.188412 13370.855814
317 16.764784 4.933851 8.098826 23.500745 47196.696863
317 -16.657399 -4.868293 8.098826 23.500745 46912.918666
317 7.605174 3.323086 7.196797 304.865629 36790.498182
317 -7.571345 -3.298986 7.196797 304.865629 37880.580026
317 21.708879 5.614431 5.988882 185.354131 25816.620655
317 -21.601257 -5.565236 5.988882 185.354131 26832.716069
317 16.927373 4.957718 3.310123 65.815880 7886.454490
317 -17.023055 -4.956022 3.310123 65.815880 7959.063050
317 14.955759 4.660057 17.136607 213.960216 208258.599435
317 -14.896287 -4.664937 17.136607 213.960216 210528.544261
317 17.685009 5.067452 2.251287 284.760121 3685.683442
317 -17.570509 -5.028453 2.251287 284.760121 3706.075111
317 20.453571 5.449688 5.507500 275.504515 22005.656296
317 -20.463617 -5.446850 5.507500 275.504515 21201.247438
317 13.111778 4.363328 15.149894 178.171565 171964.753225
317 -13.238529 -4.327042 15.149894 178.171565 157888.508729
317 21.796081 5.625696 6.425781 202.474148 30037.276367
317 -21.709450 -5.694790 6.425781 202.474148 30297.395628
317 12.167856 4.203336 5.515410 59.394553 20889.029163
317 -12.055377 -4.205547 5.515410 59.394553 21993.668524
317 16.666084 4.919306 11.576695 54.204341 96600.577147
317 -16.512199 -4.922209 11.576695 54.204341 100717.779864
317 -2.702233 1.980835 5.122520 223.599685 19248.281783
317 2.685519 -1.958191 5.122520 223.599685 18794.424317
317 4.719911 2.617906 2.658846 154.092830 5184.268566
317 -4.699185 -2.625664 2.658846 154.092830 5024.984994
317 4.335065 2.508909 7.064484 314.482637 35328.756156
317 -4.348546 -2.550666 7.064484 314.482637 37616.071088
317 13.972225 4.504223 5.678479 272.516949 22467.886245
317 -14.017044 -4.596231 5.678479 272.516949 22082.890638
317 10.040775 3.818305 8.472437 339.033876 53192.380846
317 -10.021046 -3.818859 8.472437 339.033876 51272.970593
317 16.068280 4.830274 7.713634 334.740805 42610.326259
317 -16.131948 -4.796628 7.713634 334.740805 43819.725976
317 11.725863 4.126287 3.256718 141.960470 7647.258071
317 -11.720758 -4.141905 3.256718 141.960470 7513.740952
317 13.589312 4.442074 3.426778 79.445411 8373.226320
317 -13.537115 -4.427926 3.426778 79.445411 8620.654065
317 9.866782 3.785078 4.548537 118.862776 14626.142740
317 -9.870917 -3.822175 4.548537 118.862776 14490.011269
318 6.192814 2.998686 8.196698 117.702653 49499.991450
318 -6.187423 -2.980299 8.196698 117.702653 49149.578605
318 11.772371 4.134462 12.331029 121.259290 111993.739761
318 -11.719475 -4.216814 12.331029 121.259290 109336.136198
318 12.229622 4.213991 6.220987 222.613672 27865.305336
318 -12.290522 -4.101780 6.220987 222.613672 27667.570558
318 14.113581 4.526950 20.698619 342.532304 307940.151700
318 -14.242466 -4.516544 20.698619 342.532304 301186.585886
318 5.884875 2.923181 3.916543 146.612959 11027.017210
318 -5.818385 -2.963949 3.916543 146.612959 11287.974452
318 25.581793 6.094703 10.967501 75.724895 86415.668968
318 -25.583627 -6.072735 10.967501 75.724895 86225.219805
318 5.752941 2.890227 2.174294 84.660695 3549.451724
318 -5.733507 -2.876237 2.174294 84.660695 3394.617382
318 2.236256 1.801971 5.928400 100.111023 25973.220731
318 -2.241055 -1.812374 5.928400 100.111023 24574.452779
318 14.612220 4.606225 11.209488 254.339372 88472.234996
318 -14.676068 -4.643905 11.209488 254.339372 90404.957550
318 12.625578 4.281665 7.366284 255.707658 39445.430980
318 -12.603698 -4.343791 7.366284 255.707658 39019.427388
318 10.346408 3.875983 3.394001 28.431925 8363.897853
318 -10.360484 -3.878229 3.394001 28.431925 8200.199988
318 19.907851 5.376495 4.081196 145.630719 11984.273657
318 -19.879561 -5.291259 4.081196 145.630719 12082.428125
318 16.226569 4.854007 15.204716 242.563834 163237.255309
318 -16.178342 -4.917714 15.204716 242.563834 165661.187721
318 5.256001 2.762580 5.486486 36.248179 22070.922886
318 -5.248743 -2.748589 5.486486 36.248179 22088.827983
318 12.921514 4.331554 10.830290 254.631658 84313.277126
318 -13.017553 -4.392447 10.830290 254.631658 86373.862244
318 14.340699 4.563228 4.153143 91.135534 12137.400298
318 -14.035185 -4.579188 4.153143 91.135534 12316.157944
318 19.294495 5.293023 3.101123 264.517780 6740.791766
318 -19.255225 -5.307998 3.101123 264.517780 6928.032338
318 19.913105 5.377204 6.818278 239.806142 32182.492757
318 -20.001848 -5.415071 6.818278 239.806142 35007.935190
318 -1.817957 1.624721 10.424161 15.936345 78996.723388
318 1.816006 -1.639354 10.424161 15.936345 78085.334182
318 -1.435318 1.443647 9.978627 167.142694 73354.534125
318 1.439726 -1.462303 9.978627 167.142694 69714.615899
318 8.487486 3.510562 10.532236 225.631659 80714.402038
318 -8.498123 -3.587374 10.532236 225.631659 80262.905862
318 15.907716 4.806080 7.569322 50.514194 41299.908358
318 -15.920788 -4.806036 7.569322 50.514194 40901.540924
318 14.811426 4.637517 6.914883 319.546515 34569.257282
318 -14.807114 -4.529691 6.914883 319.546515 34845.280249
318 11.097610 4.014226 9.745040 273.337084 66430.125594
318 -11.090286 -3.915444 9.745040 273.337084 66864.928619
318 12.843960 4.318536 5.313825 235.210280 20223.037906
318 -12.804094 -4.345858 5.313825 235.210280 20324.253829
318 17.360569 5.020755 3.793714 301.433808 10523.140005
318 -17.528015 -5.038945 3.793714 301.433808 10322.360674
319 4.010492 2.413159 8.737643 222.992371 53605.638076
319 -4.034560 -2.407814 8.737643 222.992371 56775.960278
319 10.052205 3.820478 7.087207 194.041206 37195.201806
319 -10.042104 -3.878191 7.087207 194.041206 35837.467098
319 15.428698 4.733165 15.195195 298.869411 164471.072448
319 -15.416302 -4.661013 15.195195 298.869411 165028.953679
319 10.908737 3.979919 5.209561 95.963938 19047.605707
319 -11.004161 -3.992513 5.209561 95.963938 19726.116662
319 22.306209 5.691149 17.746684 160.628022 230270.799922
319 -22.263076 -5.729231 17.746684 160.628022 226365.607479
319 13.940032 4.499030 6.655585 118.471983 32572.525689
319 -13.941292 -4.470693 6.655585 118.471983 33369.446273
319 7.028943 3.194715 9.128906 351.776114 60246.010405
319 -7.048439 -3.229405 9.128906 351.776114 60715.197845
319 28.338060 6.414637 7.660598 199.163650 41169.019536
319 -28.246164 -6.408804 7.660598 199.163650 41855.672716
319 7.620592 3.326453 3.911151 3.894721 11105.292376
319 -7.611366 -3.360973 3.911151 3.894721 11062.861809
319 10.275678 3.862712 12.803364 5.799110 117550.332948
319 -10.416434 -3.873221 12.803364 5.799110 112165.998756
319 19.468501 5.316836 5.345376 54.252957 20374.461178
319 -19.303225 -5.324120 5.345376 54.252957 19721.877518
319 18.985912 5.250526 9.684726 272.908210 66955.747519
319 -18.954426 -5.225895 9.684726 272.908210 67675.214854
319 9.773715 3.767184 13.034825 89.847654 124165.566933
319 -9.752370 -3.703830 13.034825 89.847654 123782.514127
319 8.321772 3.476122 3.192710 90.189224 7528.775723
319 -8.317970 -3.507557 3.192710 90.189224 7253.807808
319 15.567214 4.754365 3.169510 143.920714 7033.180914
319 -15.523939 -4.729242 3.169510 143.920714 7187.321211
319 16.648255 4.916674 7.412386 50.786150 40547.529245
319 -16.591437 -4.871925 7.412386 50.786150 39436.893904
319 6.629975 3.102723 8.286120 61.246069 50201.717425
319 -6.610443 -3.078620 8.286120 61.246069 49708.796205
319 11.821636 4.143104 8.901761 19.418767 55703.464017
319 -11.830292 -4.113000 8.901761 19.418767 55915.325212
319 4.939936 2.678229 10.779850 125.541739 84789.212347
319 -4.907339 -2.678573 10.779850 125.541739 83613.691661
319 16.720239 4.927292 8.541721 157.575348 53463.489205
319 -16.653891 -5.031478 8.541721 157.575348 51760.949156
319 3.730380 2.327360 5.247895 189.411158 19487.239491
319 -3.712582 -2.357278 5.247895 189.411158 19784.288162
319 18.529251 5.186997 9.816380 229.380586 69531.159393
319 -18.653272 -5.192126 9.816380 229.380586 69690.187881
319 22.333411 5.694618 4.645546 359.494016 15791.621627
319 -22.316690 -5.714686 4.645546 359.494016 15592.267420
319 10.016107 3.813612 4.721431 306.677043 15487.451197
319 -10.044038 -3.793178 4.721431 306.677043 16161.898575
319 10.270473 3.861733 11.363507 84.080221 92480.930276
319 -10.228812 -3.858692 11.363507 84.080221 93286.215010
319 18.527180 5.186707 4.528835 125.305029 15093.191004
319 -18.319452 -5.193113 4.528835 125.305029 14417.339848
320 -0.698236 1.006904 5.092076 72.445827 19022.868360
320 0.697027 -1.010813 5.092076 72.445827 18481.561270
320 11.948838 4.165334 5.335996 196.536360 21191.726752
320 -12.032232 -4.171002 5.335996 196.536360 21546.648368
320 25.451110 6.079116 9.375400 162.379672 62555.725557
320 -25.544793 -6.124039 9.375400 162.379672 63853.715689
320 13.316234 4.397216 7.797581 124.472551 43180.213941
320 -13.179044 -4.363853 7.797581 124.472551 43559.973383
320 25.400460 6.073064 8.726075 355.448933 54807.500211
320 -25.419571 -6.102099 8.726075 355.448933 55251.983893
320 14.043726 4.515733 5.853306 292.237463 24769.605240
320 -13.953514 -4.557993 5.853306 292.237463 24579.628389
320 17.301821 5.012253 3.778805 291.026215 10268.224538
320 -17.315234 -4.984943 3.778805 291.026215 10388.553776
320 7.197364 3.232762 4.177788 68.160514 12456.079757
320 -7.184288 -3.265742 4.177788 68.160514 12630.519960
320 2.105030 1.748301 10.404890 265.472036 77833.772669
320 -2.096602 -1.723448 10.404890 265.472036 79432.405768
320 9.798820 3.772020 6.673719 46.537325 32530.955855
320 -9.781964 -3.783243 6.673719 46.537325 32844.307822
320 13.779422 4.473038 9.496374 100.144296 63315.626497
320 -13.959149 -4.493300 9.496374 100.144296 66123.372939
320 16.627749 4.913645 20.983964 79.200941 304532.321161
320 -16.590764 -4.919637 20.983964 79.200941 314951.804810
320 20.195944 5.415258 4.711257 100.397272 15864.131254
320 -20.290971 -5.386886 4.711257 100.397272 15749.003245
320 25.185239 6.047280 8.281869 315.316065 47733.568762
320 -25.140706 -6.129115 8.281869 315.316065 47476.464349
320 12.474213 4.255922 1.545841 276.325073 1709.574005
320 -12.415174 -4.231246 1.545841 276.325073 1712.449786
320 10.069710 3.823803 8.971077 329.265951 60098.368574
320 -10.082082 -3.881375 8.971077 329.265951 59417.554684
320 10.363381 3.879161 8.054667 259.477478 46620.122892
320 -10.392706 -3.849505 8.054667 259.477478 46904.802786
320 18.203815 5.141244 6.463083 88.586095 30039.891752
320 -18.227077 -5.210532 6.463083 88.586095 30114.413294
320 12.596163 4.276674 3.498537 223.636781 8607.828645
320 -12.601653 -4.303995 3.498537 223.636781 8944.262026
320 14.194981 4.539985 7.241334 148.475368 38054.616192
320 -14.140207 -4.451152 7.241334 148.475368 39024.601133
320 16.849993 4.946373 8.316067 212.658397 51766.358036
320 -16.768703 -4.961580 8.316067 212.658397 49355.590089
320 15.125385 4.686410 4.641196 32.366494 16259.911808
320 -15.044749 -4.645470 4.641196 32.366494 15712.401870
320 7.368917 3.271063 12.013277 231.048721 103371.381484
320 -7.323599 -3.274547 12.013277 231.048721 108112.435436
320 6.749693 3.130611 12.417985 122.957658 109631.970155
320 -6.738111 -3.127469 12.417985 122.957658 112230.169759
320 19.610007 5.336124 5.354079 253.119944 20968.038242
320 -19.531842 -5.351851 5.354079 253.119944 20846.787661
321 18.432068 5.173376 7.660482 15.639927 44041.398875
321 -18.406520 -5.176155 7.660482 15.639927 40953.849719
321 16.938630 4.959366 3.540034 209.836620 8903.964187
321 -16.931811 -5.020954 3.540034 209.836620 9065.800177
321 -0.985270 1.196092 4.368831 137.322275 13642.481827
321 0.986421 -1.206125 4.368831 137.322275 14021.206910
321 16.264048 4.859610 5.280670 99.305045 19115.532325
321 -16.165826 -4.853710 5.280670 99.305045 19540.013616
321 10.660905 3.934450 7.718042 240.725652 42827.134498
321 -10.650880 -3.929914 7.718042 240.725652 44320.089209
321 18.641966 5.202749 4.357455 317.179776 13592.121606
321 -18.582560 -5.220059 4.357455 317.179776 13787.618437
321 17.567644 5.050610 11.757145 154.896072 101344.286369
321 -17.497706 -5.064130 11.757145 154.896072 95098.708114
321 8.078032 3.424836 11.466385 149.144281 95009.567995
321 -8.111360 -3.433662 11.466385 149.144281 94273.182484
321 10.052743 3.820580 5.846168 193.220330 25114.928582
321 -10.026208 -3.873825 5.846168 193.220330 24450.050621
321 8.866579 3.588105 6.909192 153.873237 33806.833685
321 -8.827985 -3.621176 6.909192 153.873237 33619.850451
321 7.719579 3.347988 6.718108 94.240121 34100.855998
321 -7.669931 -3.359229 6.718108 94.240121 32304.490771
321 9.282632 3.671323 22.012797 82.017946 341195.353833
321 -9.319360 -3.712612 22.012797 82.017946 358127.611673
321 -2.530387 1.916816 12.932010 149.729488 121776.805772
321 2.524146 -1.886763 12.932010 149.729488 121343.681786
321 5.928089 2.933894 5.678548 330.821313 23773.936452
321 -5.977351 -2.905019 5.678548 330.821313 23110.811720
321 11.760476 4.132373 3.605183 30.735464 9417.111384
321 -11.733658 -4.135424 3.605183 30.735464 9518.616611
321 17.524281 5.044372 1.762754 169.271074 2303.270509
321 -17.591695 -5.070734 1.762754 169.271074 2199.650091
321 11.422384 4.072541 4.576315 101.117032 14897.334660
321 -11.363052 -4.086891 4.576315 101.117032 15275.225674
321 12.203478 4.209484 6.518942 249.363130 30583.494102
321 -12.226846 -4.208861 6.518942 249.363130 31204.180234
321 12.819041 4.314344 2.412761 140.852914 4277.182223
321 -12.897853 -4.306401 2.412761 140.852914 4212.102398
321 13.047690 4.352651 6.360318 162.381208 29449.550520
321 -13.042793 -4.362276 6.360318 162.381208 29847.044138
321 15.862051 4.799176 3.804599 263.522929 10625.195120
321 -15.889586 -4.828732 3.804599 263.522929 10270.370654
321 17.599174 5.055140 1.281471 281.792577 1189.453654
321 -17.519915 -5.090503 1.281471 281.792577 1209.274390
321 17.126833 4.986842 16.471445 8.627514 198176.073347
321 -17.066149 -4.925251 16.471445 8.627514 190467.200088
321 7.264812 3.247874 3.034069 102.655355 6800.896198
321 -7.206588 -3.312855 3.034069 102.655355 6629.065190
321 13.749074 4.468109 4.384952 25.505840 13783.266291
321 -13.672019 -4.567454 4.384952 25.505840 13756.989138
322 6.633662 3.103586 7.367855 315.166096 38959.494565
322 -6.643622 -3.116989 7.367855 315.166096 38387.000821
322 7.901486 3.387205 6.763961 322.570146 32847.515630
322 -7.891218 -3.321172 6.763961 322.570146 33514.749411
322 10.489586 3.902710 6.486129 152.235858 30106.766372
322 -10.562703 -3.894391 6.486129 152.235858 29915.775831
322 17.037902 4.973878 6.127595 102.158572 26886.278603
322 -17.172145 -4.900192 6.127595 102.158572 27984.434455
322 4.172112 2.461303 9.721334 52.841164 67585.890028
322 -4.177324 -2.512902 9.721334 52.841164 67594.303889
322 17.480849 5.038118 5.732086 91.792048 24051.527113
322 -17.448477 -5.000628 5.732086 91.792048 23059.357604
322 1.024569 1.219713 5.906755 292.764927 26050.163787
322 -1.020065 -1.225673 5.906755 292.764927 25141.200947
322 4.805685 2.641586 13.335537 39.570259 130078.972499
322 -4.788031 -2.705911 13.335537 39.570259 128020.362905
322 10.844422 3.968170 3.923542 59.311420 11270.795743
322 -10.951418 -4.013518 3.923542 59.311420 11369.155428
322 15.201592 4.698201 8.284366 190.826791 49848.769968
322 -15.224321 -4.658691 8.284366 190.826791 49070.260130
322 4.876905 2.661088 3.658809 197.941694 9723.197942
322 -4.875266 -2.639156 3.658809 197.941694 9791.223146
322 3.041822 2.101619 2.342931 50.147844 3858.857502
322 -3.035166 -2.075877 2.342931 50.147844 3813.803584
322 6.462537 3.063293 6.620718 165.739456 31625.319423
322 -6.470190 -3.077020 6.620718 165.739456 31605.849249
322 23.201056 5.804181 3.604958 250.098629 9089.724291
322 -23.282679 -5.731936 3.604958 250.098629 9442.745515
322 10.808233 3.961543 4.078567 185.028410 11936.199900
322 -10.823067 -3.944456 4.078567 185.028410 11921.897385
322 3.541026 2.267522 12.060674 201.193402 107568.029914
322 -3.516250 -2.294037 12.060674 201.193402 106794.469143
322 10.829822 3.965498 9.580109 147.065044 63986.170116
322 -10.892454 -3.940710 9.580109 147.065044 68224.097164
322 14.774412 4.631718 11.572247 135.782333 97900.544712
322 -14.863379 -4.683197 11.572247 135.782333 95674.310518
322 11.154939 4.024581 9.181887 233.706311 58902.947801
322 -11.162144 -4.071371 9.181887 233.706311 60512.145543
322 14.310046 4.558349 15.306417 9.708339 170663.851026
322 -14.236593 -4.600095 15.306417 9.708339 167339.862942
322 13.649414 4.451886 4.475987 133.785392 14296.412584
322 -13.587773 -4.495346 4.475987 133.785392 14555.096569
322 11.253196 4.042267 14.856604 319.393765 150946.523201
322 -11.323325 -4.143383 14.856604 319.393765 156278.602758
322 13.102964 4.361861 6.187645 141.161514 28179.977048
322 -13.204905 -4.325935 6.187645 141.161514 27858.406285
322 17.861353 5.092655 10.014487 12.395123 73607.287926
322 -17.777405 -5.074316 10.014487 12.395123 70314.454868
322 4.633782 2.593910 4.850712 96.990214 17352.118057
322 -4.606292 -2.607706 4.850712 96.990214 17307.446296
323 8.588669 3.531425 4.111749 348.043088 12045.425724
323 -8.539645 -3.508694 4.111749 348.043088 12295.420060
323 -0.183837 0.516658 4.472407 324.179382 14434.099278
323 0.184406 -0.512949 4.472407 324.179382 14076.202594
323 24.682381 5.986605 8.713232 79.241757 55052.667848
323 -24.817690 -5.950518 8.713232 79.241757 55151.766561
323 11.462532 4.079692 6.403496 9.738067 30762.911824
323 -11.572251 -4.063632 6.403496 9.738067 29737.733360
323 7.313804 3.258808 12.143516 281.618029 107058.450592
323 -7.283009 -3.218216 12.143516 281.618029 104359.547346
323 21.996176 5.651460 4.693877 3.852754 15795.687990
323 -21.870589 -5.679507 4.693877 3.852754 16067.685094
323 2.113581 1.751848 6.612207 98.221242 30825.530966
323 -2.114199 -1.768729 6.612207 98.221242 31587.374358
323 10.022998 3.814924 4.605044 335.803147 15234.747320
323 -9.997229 -3.819268 4.605044 335.803147 15775.793804
323 -1.998533 1.703502 4.416242 289.704405 13989.382526
323 1.986827 -1.708901 4.416242 289.704405 14497.443505
323 9.677896 3.748673 2.094608 35.563251 3202.191000
323 -9.749190 -3.759987 2.094608 35.563251 3100.155011
323 14.745286 4.627151 3.750674 81.541665 9791.443167
323 -14.700791 -4.630047 3.750674 81.541665 10617.919515
323 11.891689 4.155362 3.769740 124.791695 10335.887522
323 -11.837536 -4.176923 3.769740 124.791695 10586.417094
323 10.347559 3.876199 18.245337 244.866018 242456.528078
323 -10.322343 -3.883664 18.245337 244.866018 239534.893571
323 13.237282 4.384161 13.092270 153.186761 123179.273336
323 -13.167373 -4.298930 13.092270 153.186761 128563.134413
323 15.674209 4.770675 6.375040 158.755047 29112.470948
323 -15.662856 -4.810619 6.375040 158.755047 28973.239344
323 14.864472 4.645814 3.309922 172.887042 7891.333435
323 -14.884739 -4.680917 3.309922 172.887042 7657.924452
323 7.387217 3.275122 5.774195 131.223876 24305.308951
323 -7.434159 -3.262173 5.774195 131.223876 23931.044976
323 18.281349 5.152182 29.852764 217.469144 637922.286643
323 -18.389923 -5.146901 29.852764 217.469144 643700.804215
323 18.926638 5.242323 4.290453 346.823257 12981.774982
323 -18.947944 -5.279337 4.290453 346.823257 13291.150418
323 28.237668 6.403265 6.149272 308.361777 27227.386341
323 -28.211536 -6.330420 6.149272 308.361777 26863.450636
323 10.996548 3.995906 4.310427 294.306769 13605.005655
323 -10.958343 -4.081013 4.310427 294.306769 12888.910174
323 7.740969 3.352623 4.570043 226.900023 15414.719911
323 -7.758201 -3.333758 4.570043 226.900023 15514.198296
323 15.817955 4.792501 9.550910 333.112359 62774.692385
323 -15.880729 -4.871621 9.550910 333.112359 65447.207007
323 17.701447 5.069807 4.329800 242.622040 13696.577485
323 -17.698713 -5.110214 4.329800 242.622040 13389.798152
324 17.276465 5.008579 6.630731 63.406274 31617.149648
324 -17.211034 -4.974263 6.630731 63.406274 31651.404656
324 11.804658 4.140128 7.963002 64.142148 46263.798033
324 -11.879136 -4.140225 7.963002 64.142148 46467.395886
324 16.295136 4.864252 4.537382 277.371399 15132.319494
324 -16.419352 -4.813440 4.537382 277.371399 15577.170665
324 20.584391 5.467088 10.144506 153.560309 75761.200458
324 -20.614750 -5.460626 10.144506 153.560309 74408.647518
324 21.950670 5.645611 9.700901 246.228911 67130.136946
324 -22.062593 -5.628897 9.700901 246.228911 66478.566477
324 3.557258 2.272714 7.863885 272.841988 42511.858449
324 -3.533039 -2.264173 7.863885 272.841988 43247.810304
324 15.129024 4.686974 5.430865 101.658507 20802.329702
324 -15.164096 -4.661273 5.430865 101.658507 20965.392845
324 26.010696 6.145582 2.522256 175.624471 4589.375005
324 -25.841909 -6.204224 2.522256 175.624471 4720.966756
324 18.943086 5.244601 16.621288 131.328162 196588.689924
324 -19.033561 -5.313362 16.621288 131.328162 197531.605210
324 8.613529 3.536532 1.477971 217.344044 1618.793873
324 -8.649200 -3.551478 1.477971 217.344044 1578.253005
324 4.761588 2.629438 20.957315 72.589201 313615.196650
324 -4.767873 -2.622896 20.957315 72.589201 326020.533099
324 13.287050 4.392394 12.148997 21.185929 108675.716376
324 -13.394335 -4.395467 12.148997 21.185929 109348.550819
324 15.413054 4.730765 9.056848 309.362585 57275.415158
324 -15.270006 -4.797026 9.056848 309.362585 58162.676887
324 4.371499 2.519430 4.526733 188.782272 14130.806776
324 -4.388182 -2.533234 4.526733 188.782272 15209.635218
324 7.583505 3.318349 5.109520 149.993321 19539.422639
324 -7.599884 -3.326582 5.109520 149.993321 19074.726939
324 13.466587 4.421970 2.616674 41.510357 4857.670929
324 -13.519546 -4.455083 2.616674 41.510357 4966.057916
324 11.667481 4.116002 2.608159 253.035853 4929.963031
324 -11.680920 -4.173550 2.608159 253.035853 4826.396814
324 14.170816 4.536119 3.100859 111.084029 7154.018454
324 -14.142875 -4.561112 3.100859 111.084029 6900.938854
324 9.799753 3.772199 8.142791 226.613377 46835.604102
324 -9.877802 -3.755237 8.142791 226.613377 46937.888389
324 12.340691 4.233083 3.630756 144.642687 9459.107090
324 -12.384249 -4.314076 3.630756 144.642687 9426.409968
324 11.681482 4.118471 10.194331 238.617212 75658.294866
324 -11.727786 -4.193064 10.194331 238.617212 74603.805469
324 9.696679 3.752309 5.183972 82.854398 19884.077346
324 -9.647601 -3.759657 5.183972 82.854398 18667.142914
324 7.043310 3.197978 19.478468 8.593280 266464.482266
324 -7.062804 -3.173978 19.478468 8.593280 270394.622994
324 4.561030 2.573466 4.104373 228.026083 12430.190022
324 -4.562777 -2.585793 4.104373 228.026083 12094.506010
325 16.591289 4.908255 7.153506 29.943603 36916.877462
325 -16.634488 -4.896061 7.153506 29.943603 37753.184888
325 15.080460 4.679445 8.781627 229.715590 54914.929594
325 -15.136309 -4.632174 8.781627 229.715590 56846.881576
325 8.539051 3.521209 10.955601 350.493774 84835.047114
325 -8.563533 -3.549758 10.955601 350.493774 87160.781756
325 14.468399 4.583500 8.470649 257.544442 53002.688446
325 -14.605277 -4.657945 8.470649 257.544442 51873.961886
325 11.785688 4.136800 1.455379 352.229722 1531.017668
325 -11.941181 -4.200603 1.455379 352.229722 1478.620199
325 4.286185 2.494724 4.542076 356.964652 14928.818991
325 -4.282697 -2.487225 4.542076 356.964652 14482.872648
325 15.765229 4.784507 5.959515 30.930538 25132.902737
325 -15.748865 -4.749131 5.959515 30.930538 25695.851938
325 13.977177 4.505021 5.627588 117.244506 22311.752716
325 -13.936728 -4.526780 5.627588 117.244506 23311.394058
325 13.939441 4.498935 5.470083 161.054203 21915.424442
325 -13.921140 -4.460046 5.470083 161.054203 21874.007277
325 1.381050 1.416093 5.836923 353.429247 24419.742181
325 -1.376765 -1.427222 5.836923 353.429247 23815.586591
325 12.875783 4.323882 17.004582 277.713860 208776.339762
325 -12.818360 -4.354143 17.004582 277.713860 216246.490519
325 10.733935 3.947904 4.163312 143.278351 12509.701547
325 -10.667791 -3.977834 4.163312 143.278351 12935.535093
325 10.691560 3.940103 8.578354 47.444790 49611.875299
325 -10.759991 -3.962850 8.578354 47.444790 53000.246450
325 14.988670 4.665182 8.422560 155.865661 51140.751227
325 -14.951239 -4.653864 8.422560 155.865661 51100.235653
325 5.746539 2.888619 3.100095 146.584554 6873.420717
325 -5.789564 -2.894476 3.100095 146.584554 6896.127227
325 0.024560 0.188844 7.792862 134.137955 42219.168127
325 -0.024669 -0.186237 7.792862 134.137955 43467.960460
325 16.831597 4.943673 7.714087 227.661923 43042.709473
325 -16.810264 -4.982605 7.714087 227.661923 41669.707992
325 17.283533 5.009603 6.797559 155.883597 33382.048157
325 -17.208830 -5.053939 6.797559 155.883597 33815.039177
325 17.798194 5.083643 3.251031 318.470158 7607.765589
325 -17.801236 -5.099384 3.251031 318.470158 7444.059364
325 17.882481 5.095666 3.725646 127.833523 9716.118089
325 -17.918395 -5.024276 3.725646 127.833523 9625.040094
325 8.161111 3.442403 10.960893 219.460181 87858.606103
325 -8.176732 -3.437911 10.960893 219.460181 87936.100453
325 3.873595 2.371615 31.383966 267.121539 728213.276083
325 -3.838081 -2.360609 31.383966 267.121539 730826.878766
325 13.005322 4.345578 3.667835 273.732103 9677.063661
325 -12.962932 -4.391928 3.667835 273.732103 9566.794200
326 19.747103 5.354744 3.839049 181.791256 10972.966457
326 -19.715380 -5.330411 3.839049 181.791256 10681.476727
326 5.549199 2.838587 6.455626 106.291426 30117.515304
326 -5.560738 -2.818559 6.455626 106.291426 30606.159888
326 13.305721 4.395479 6.820831 48.970388 33418.040278
326 -13.274216 -4.382797 6.820831 48.970388 33367.542284
326 19.824939 5.365287 16.288211 114.439561 186427.857414
326 -19.824057 -5.330410 16.288211 114.439561 193432.685231
326 9.783603 3.769089 6.840001 117.719942 34206.375254
326 -9.793792 -3.764059 6.840001 117.719942 33493.145792
326 14.841411 4.642209 5.013092 288.255277 18159.921879
326 -14.781099 -4.678772 5.013092 288.255277 17608.942462
326 9.707599 3.754421 11.252664 306.218276 88666.184534
326 -9.650571 -3.730260 11.252664 306.218276 91123.148804
326 12.511058 4.262202 8.333688 178.140696 49676.055844
326 -12.545845 -4.273527 8.333688 178.140696 49518.247258
326 8.818285 3.578319 9.093846 219.958391 59500.812136
326 -8.757314 -3.574910 9.093846 219.958391 61365.038453
326 17.424045 5.029925 8.633826 213.829832 53551.902873
326 -17.588598 -5.035184 8.633826 213.829832 53053.767886
326 7.863503 3.379053 4.630983 86.984764 15401.814657
326 -7.840983 -3.359549 4.630983 86.984764 15683.965104
326 9.633636 3.740091 2.328629 94.183124 4031.798453
326 -9.610942 -3.722669 2.328629 94.183124 3929.680797
326 10.704014 3.942397 5.475955 343.433204 21370.416796
326 -10.728685 -3.932190 5.475955 343.433204 21718.324731
326 13.903645 4.493155 6.735630 302.996853 32071.811395
326 -13.817159 -4.522359 6.735630 302.996853 32833.680244
326 8.949272 3.604798 9.243818 342.160689 61561.058674
326 -8.930252 -3.516546 9.243818 342.160689 63386.267468
326 10.043630 3.818848 15.166289 1.016235 166384.898251
326 -10.031186 -3.792666 15.166289 1.016235 165385.450059
326 8.960317 3.607022 4.111731 21.279571 12066.695019
326 -8.913649 -3.605109 4.111731 21.279571 12129.954318
326 21.185830 5.546382 4.181528 48.489206 12727.703783
326 -20.989702 -5.518160 4.181528 48.489206 12069.932863
326 9.960370 3.802986 8.973474 74.090757 57366.232611
326 -9.946916 -3.846130 8.973474 74.090757 57912.995929
326 7.947071 3.396961 9.637365 132.033626 65188.627602
326 -7.954595 -3.434078 9.637365 132.033626 67233.053524
326 23.180934 5.801663 3.938370 135.748100 10983.077293
326 -23.380887 -5.821678 3.938370 135.748100 10718.618773
326 21.066929 5.530796 6.743109 229.777213 34113.741348
326 -21.105105 -5.618661 6.743109 229.777213 32961.816365
326 9.284902 3.671772 15.744703 145.212330 180368.564455
326 -9.297846 -3.673282 15.744703 145.212330 179929.368238
327 13.850073 4.484490 4.241876 299.539969 13450.527616
327 -13.746912 -4.551034 4.241876 299.539969 13211.068464
327 11.116481 4.017637 3.239723 220.149408 7634.455405
327 -11.224840 -4.012781 3.239723 220.149408 7689.992198
327 6.257416 3.014287 5.194477 109.193626 18968.644668
327 -6.241965 -3.026851 5.194477 109.193626 19331.185384
327 3.569848 2.276732 3.090623 101.013261 6813.339504
327 -3.562527 -2.253025 3.090623 101.013261 6660.945346
327 21.459101 5.582038 2.655430 103.302815 5044.727600
327 -21.408696 -5.506491 2.655430 103.302815 5072.551651
327 7.905926 3.388156 3.928877 156.056265 11733.061020
327 -7.881141 -3.435926 3.928877 156.056265 11101.685248
327 13.370824 4.406220 11.241238 104.690141 89300.491907
327 -13.299380 -4.473433 11.241238 104.690141 89316.148461
327 12.823113 4.315030 3.507421 240.566457 9044.193533
327 -12.769130 -4.397444 3.507421 240.566457 8401.446997
327 19.393597 5.306599 5.386075 71.594891 20902.452123
327 -19.419955 -5.244692 5.386075 71.594891 19798.909632
327 7.015901 3.191749 6.618790 133.350269 31597.082305
327 -6.977670 -3.117423 6.618790 133.350269 31449.585959
327 13.757964 4.469553 17.940058 339.541351 234751.727612
327 -13.731727 -4.489937 17.940058 339.541351 228966.851362
327 8.168339 3.443927 7.599919 356.100828 42144.824188
327 -8.195787 -3.439016 7.599919 356.100828 40095.114677
327 13.499698 4.427403 4.977760 101.820288 17851.464645
327 -13.434588 -4.377368 4.977760 101.820288 18215.757993
327 10.182477 3.845154 6.381123 16.938864 28759.764382
327 -10.141180 -3.829395 6.381123 16.938864 29239.801288
327 8.253139 3.461757 2.917469 73.257852 6135.144048
327 -8.260037 -3.423646 2.917469 73.257852 6023.622136
327 19.265173 5.288999 4.926701 93.135166 17964.258606
327 -19.329368 -5.449561 4.926701 93.135166 17580.542737
327 6.473573 3.065908 6.439046 237.711997 30066.566726
327 -6.452378 -3.060579 6.439046 237.711997 29550.131040
327 6.467429 3.064452 11.612760 282.727333 98880.146707
327 -6.503281 -3.076298 11.612760 282.727333 99622.101190
327 7.248296 3.244180 11.023166 280.654999 89544.736638
327 -7.273067 -3.323577 11.023166 280.654999 84659.097844
327 10.879193 3.974526 8.564612 214.520066 54406.285371
327 -10.898392 -3.912838 8.564612 214.520066 51575.043265
327 16.092502 4.833913 7.022349 125.744838 36335.632635
327 -16.058960 -4.828026 7.022349 125.744838 36405.612207
327 16.996515 4.967833 3.841589 153.398396 10626.036374
327 -17.003769 -4.972547 3.841589 153.398396 10768.550130
327 9.566990 3.727131 2.541035 104.859962 4750.606779
327 -9.496980 -3.723129 2.541035 104.859962 4691.377196
328 12.323590 4.230149 6.969926 275.799331 34817.209555
328 -12.337000 -4.242565 6.969926 275.799331 34039.579482
328 9.530347 3.719987 7.417962 179.123293 39453.757443
328 -9.632049 -3.745606 7.417962 179.123293 39112.669738
328 4.119364 2.445694 5.492450 155.656433 22113.114058
328 -4.125334 -2.471321 5.492450 155.656433 22082.743212
328 11.222913 4.036824 3.806069 61.761379 10505.289298
328 -11.240618 -4.063036 3.806069 61.761379 10432.093723
328 15.056375 4.675707 10.003499 340.060438 71011.144587
328 -15.177340 -4.789880 10.003499 340.060438 73976.614970
328 16.120570 4.838127 8.288428 226.302183 49537.208709
328 -16.028504 -4.822011 8.288428 226.302183 48527.549523
328 4.004469 2.411346 10.139985 156.952511 73545.561971
328 -4.038075 -2.390476 10.139985 156.952511 73803.911549
328 12.832617 4.316628 8.691159 203.419276 52641.756209
328 -12.768527 -4.334757 8.691159 203.419276 56162.759879
328 10.310808 3.869309 11.656816 27.793185 98815.541353
328 -10.326975 -3.924806 11.656816 27.793185 100294.871239
328 11.879629 4.153254 10.454003 160.135187 79461.225204
328 -11.866143 -4.152842 10.454003 160.135187 78609.272995
328 3.665800 2.307127 16.728605 346.531403 212261.775298
328 -3.687263 -2.319622 16.728605 346.531403 202168.781319
328 10.505707 3.905707 8.577200 356.310072 51618.365944
328 -10.531570 -3.915714 8.577200 356.310072 52847.185180
328 8.917068 3.598306 10.365083 270.876911 75232.618851
328 -8.935491 -3.587047 10.365083 270.876911 77717.309365
328 10.600005 3.923197 7.020025 107.076502 36888.794250
328 -10.613653 -3.865235 7.020025 107.076502 34088.182776
328 7.360042 3.269092 7.436200 225.191927 39434.883006
328 -7.305475 -3.287824 7.436200 225.191927 40691.141078
328 12.040860 4.181343 7.844715 181.974300 43003.505327
328 -12.098210 -4.206821 7.844715 181.974300 43354.941674
328 14.418265 4.575553 11.468720 357.585696 96512.760188
328 -14.404251 -4.569073 11.468720 357.585696 93858.865617
328 24.657497 5.983586 3.644810 104.216997 9698.942248
328 -24.698250 -5.920736 3.644810 104.216997 9650.301654
328 12.212674 4.211070 4.612877 246.305494 15642.331065
328 -12.190835 -4.267080 4.612877 246.305494 15842.359754
328 1.313860 1.381216 4.478023 28.461265 14902.901739
328 -1.323145 -1.390444 4.478023 28.461265 14743.504127
328 9.231104 3.661119 5.826850 16.206961 23698.277209
328 -9.227950 -3.650365 5.826850 16.206961 24983.652210
328 15.356313 4.722049 5.339090 359.188702 20952.403954
328 -15.436678 -4.698595 5.339090 359.188702 20751.697106
329 4.173485 2.461708 7.470055 120.924006 40162.705115
329 -4.147976 -2.456928 7.470055 120.924006 39378.697388
329 10.709815 3.943465 4.292577 29.746067 13459.950887
329 -10.693739 -3.905190 4.292577 29.746067 13228.105685
329 10.577495 3.919029 7.772084 161.973621 43881.048676
329 -10.568658 -3.877087 7.772084 161.973621 43094.939520
329 7.802142 3.365844 7.254084 283.461370 38126.001621
329 -7.837172 -3.323062 7.254084 283.461370 38256.514761
329 21.324641 5.564523 8.127631 326.331122 47133.565555
329 -21.383047 -5.562697 8.127631 326.331122 48019.951492
329 10.990572 3.994820 10.388344 357.898654 79753.234460
329 -11.099166 -4.006332 10.388344 357.898654 75387.038469
329 10.754555 3.951694 4.183108 232.157141 12707.324581
329 -10.778816 -4.003754 4.183108 232.157141 12491.046443
329 6.154886 2.989490 5.323064 358.109324 20520.191059
329 -6.165311 -3.000955 5.323064 358.109324 20902.200218
329 18.550022 5.189903 5.099761 4.096794 18955.074859
329 -18.470514 -5.148177 5.099761 4.096794 19184.973639
329 6.636848 3.104331 2.922584 16.937895 6164.062042
329 -6.635621 -3.102876 2.922584 16.937895 6148.773767
329 13.734459 4.465734 9.441168 17.525498 65333.482172
329 -13.713038 -4.503097 9.441168 17.525498 63660.507007
329 13.372222 4.406450 16.528560 88.263617 199516.855760
329 -13.396219 -4.382964 16.528560 88.263617 203827.246595
329 5.086993 2.717801 7.999968 6.701956 45739.350133
329 -5.120212 -2.739036 7.999968 6.701956 47401.127051
329 13.290330 4.392937 8.629409 63.581082 53279.270289
329 -13.201197 -4.356342 8.629409 63.581082 55544.286129
329 12.146946 4.199723 3.043829 116.338071 6746.327384
329 -12.221141 -4.211499 3.043829 116.338071 6738.205640
329 21.025068 5.525299 9.035336 296.181681 58693.216217
329 -21.119477 -5.433348 9.035336 296.181681 59900.618520
329 7.671859 3.337624 14.483532 230.800894 152210.891409
329 -7.645063 -3.370207 14.483532 230.800894 147195.413100
329 5.328184 2.781485 1.919310 21.744979 2680.820172
329 -5.305309 -2.754466 1.919310 21.744979 2651.645043
329 11.684642 4.119028 8.573168 246.852763 54317.433912
329 -11.719676 -4.154859 8.573168 246.852763 53451.928206
329 -7.084651 3.207349 5.517027 312.295029 22162.355093
329 7.132675 -3.189224 5.517027 312.295029 22000.395284
329 -2.482189 1.898473 7.504239 100.243013 41372.683411
329 2.488087 -1.893515 7.504239 100.243013 40262.086011
329 16.361049 4.874080 3.542132 359.971317 9459.530320
329 -16.119321 -4.879690 3.542132 359.971317 8990.159503
330 3.268400 2.178485 6.670569 70.761841 31758.099561
330 -3.280662 -2.162239 6.670569 70.761841 31882.371173
330 12.710986 4.296123 9.787737 69.237543 68089.203953
330 -12.735996 -4.308214 9.787737 69.237543 69303.139896
330 9.112477 3.637519 12.424443 358.872869 113275.326453
330 -9.173821 -3.558674 12.424443 358.872869 112569.159367
330 15.730829 4.779284 4.141731 147.551879 12281.068578
330 -15.711624 -4.831152 4.141731 147.551879 12348.568475
330 12.273916 4.221615 3.033132 319.906410 6500.143567
330 -12.228338 -4.166909 3.033132 319.906410 6579.649517
330 11.939771 4.163754 8.998258 323.562207 56474.528114
330 -11.957892 -4.096922 8.998258 323.562207 59528.909536
330 16.008214 4.821237 6.615715 295.367731 31325.148048
330 -16.164852 -4.850612 6.615715 295.367731 31505.779141
330 12.897084 4.327458 2.267642 102.539315 3696.716373
330 -12.979745 -4.445903 2.267642 102.539315 3663.869077
330 13.748866 4.468075 3.305426 80.704172 7969.362595
330 -13.752663 -4.478899 3.305426 80.704172 7870.900028
330 7.104166 3.211764 3.925419 23.738034 11115.125931
330 -7.109550 -3.242018 3.925419 23.738034 10960.254020
330 10.176237 3.843976 2.571507 156.485797 4700.303718
330 -10.163175 -3.887553 2.571507 156.485797 4748.772521
330 9.719335 3.756690 7.016261 166.382380 35957.344079
330 -9.751521 -3.794983 7.016261 166.382380 35924.020941
330 9.998868 3.810329 4.226180 214.158807 13121.504832
330 -9.950891 -3.784002 4.226180 214.158807 12718.200038
330 11.852322 4.148478 7.590877 18.329544 41242.143686
330 -11.779122 -4.218809 7.590877 18.329544 42000.707190
330 14.031926 4.513835 5.487647 224.273455 22623.461609
330 -14.028583 -4.530526 5.487647 224.273455 21380.486835
330 13.946418 4.500061 14.712000 257.372722 155999.821669
330 -13.930536 -4.453852 14.712000 257.372722 154292.663717
330 13.115909 4.364015 13.224438 209.336559 126170.726431
330 -13.085100 -4.304707 13.224438 209.336559 121711.844438
330 9.186379 3.652239 7.681538 230.638267 41461.723567
330 -9.199173 -3.743251 7.681538 230.638267 42780.414578
330 13.827772 4.480878 4.033248 168.907567 11933.597029
330 -13.912780 -4.509137 4.033248 168.907567 11420.216547
330 3.145917 2.137276 2.480845 125.000600 4576.789217
330 -3.131103 -2.153879 2.480845 125.000600 4461.523408
330 13.689192 4.458368 6.286223 148.211709 28276.263270
330 -13.694680 -4.451070 6.286223 148.211709 29051.212891
331 2.093367 1.743451 3.199691 45.542427 7386.207367
331 -2.101869 -1.754079 3.199691 45.542427 7652.034218
331 13.232119 4.383306 12.936727 6.774765 117706.199852
331 -13.343231 -4.480149 12.936727 6.774765 121509.160144
331 2.545068 1.922369 6.631062 186.733191 32293.643879
331 -2.547459 -1.907129 6.631062 186.733191 30542.553835
331 11.038730 4.003562 3.045197 290.737094 6878.424473
331 -10.982791 -4.002715 3.045197 290.737094 6836.344321
331 -1.105371 1.266896 8.660324 184.068583 55663.337531
331 1.110828 -1.263302 8.660324 184.068583 54101.446444
331 28.131532 6.391220 5.906326 90.369966 24527.103867
331 -27.984769 -6.379441 5.906326 90.369966 25514.102702
331 10.586356 3.920670 10.482875 321.899565 78452.544458
331 -10.562690 -3.873693 10.482875 321.899565 82446.995438
331 14.141294 4.531392 5.320933 243.753468 20469.168893
331 -14.071026 -4.543740 5.320933 243.753468 20460.221140
331 11.165215 4.026434 8.187904 98.518601 48456.897255
331 -11.098409 -4.066020 8.187904 98.518601 46864.364726
331 17.911340 5.099776 9.541693 13.235984 65846.049851
331 -17.853109 -5.126196 9.541693 13.235984 64880.473206
331 12.949362 4.336219 2.882772 160.962491 6171.358324
331 -12.958383 -4.324370 2.882772 160.962491 6016.483875
331 1.675981 1.559989 5.068559 245.446895 18773.605080
331 -1.672846 -1.566980 5.068559 245.446895 18028.365259
331 8.722603 3.558853 7.562156 144.916825 41193.804219
331 -8.718890 -3.601656 7.562156 144.916825 41848.795432
331 14.107934 4.526044 5.107782 223.837330 18789.372953
331 -14.115534 -4.603355 5.107782 223.837330 19373.944698
331 -3.213473 2.160102 28.712349 347.548053 606440.914605
331 3.209681 -2.200261 28.712349 347.548053 594381.292136
331 10.966044 3.990360 7.104011 56.518169 36403.639732
331 -10.971850 -4.000625 7.104011 56.518169 35789.827961
331 17.457147 5.034701 6.620214 141.999381 31213.425721
331 -17.422502 -5.001353 6.620214 141.999381 30865.591836
331 18.235895 5.145773 5.800662 174.931163 24903.877760
331 -18.245669 -5.147437 5.800662 174.931163 24171.399928
331 9.691376 3.751282 4.143120 160.748213 12270.640318
331 -9.715337 -3.763255 4.143120 160.748213 11981.614976
331 11.960115 4.167300 8.757750 101.089941 57446.535182
331 -11.972111 -4.143243 8.757750 101.089941 54801.772428
331 13.532437 4.432768 3.139803 328.730763 7095.869490
331 -13.546132 -4.500346 3.139803 328.730763 7101.518115
332 8.115565 3.432784 11.904158 146.362518 103155.183276
332 -8.163341 -3.459350 11.904158 146.362518 101442.533682
332 5.662975 2.867539 4.708821 211.115998 15844.541030
332 -5.652546 -2.902212 4.708821 211.115998 15773.089090
332 15.273205 4.709254 21.653016 158.501355 334550.197967
332 -15.246780 -4.743759 21.653016 158.501355 339421.176947
332 9.830683 3.778147 3.282063 238.796416 7660.081614
332 -9.825532 -3.781793 3.282063 238.796416 7789.346954
332 17.850922 5.091167 4.976401 1.966112 17014.448139
332 -17.791069 -5.106277 4.976401 1.966112 17827.253070
332 16.713505 4.926300 8.973353 97.719882 56413.526127
332 -16.666612 -4.882702 8.973353 97.719882 56375.727402
332 12.811335 4.313047 7.984776 181.581237 46437.114257
332 -12.817114 -4.353037 7.984776 181.581237 45635.475552
332 10.259890 3.859743 5.555707 224.646995 23130.862385
332 -10.200276 -3.866164 5.555707 224.646995 21932.998235
332 7.143651 3.220677 15.381430 21.940241 172714.404816
332 -7.202407 -3.195510 15.381430 21.940241 173723.809641
332 9.687458 3.750524 2.970030 177.924705 6306.679231
332 -9.721628 -3.827815 2.970030 177.924705 6351.373551
332 15.077885 4.679045 4.840865 113.025796 16699.904699
332 -15.043033 -4.674669 4.840865 113.025796 17008.429236
332 10.893119 3.977069 8.670836 152.882590 53877.696198
332 -10.881591 -4.011698 8.670836 152.882590 53809.369706
332 9.232030 3.661303 6.027288 235.851226 25886.554163
332 -9.239288 -3.737759 6.027288 235.851226 26019.136503
332 23.798001 5.878375 5.593842 109.226077 22873.027242
332 -23.807716 -5.826122 5.593842 109.226077 22537.618899
332 2.722783 1.988353 8.301588 166.709486 49125.190404
332 -2.724022 -1.997320 8.301588 166.709486 50267.693376
332 7.600757 3.322121 6.969950 289.241194 35323.427936
332 -7.619094 -3.402619 6.969950 289.241194 34708.453251
332 11.501177 4.086563 12.437416 275.901708 109770.511059
332 -11.563546 -4.185257 12.437416 275.901708 112994.254628
332 13.228719 4.382742 18.932824 139.225540 257403.891409
332 -13.200840 -4.450528 18.932824 139.225540 254526.671078
332 9.409518 3.696330 6.915401 82.380361 33301.152058
332 -9.419779 -3.773297 6.915401 82.380361 34353.304709
332 16.747096 4.931248 5.593422 20.553376 23228.523653
332 -16.886728 -4.983333 5.593422 20.553376 22816.367085
333 8.556257 3.524755 6.691569 213.805396 31967.622599
333 -8.491132 -3.479357 6.691569 213.805396 32513.844582
333 13.804006 4.477026 2.757608 136.220875 5316.103437
333 -13.687366 -4.554381 2.757608 136.220875 5646.706001
333 15.215708 4.700382 9.129673 238.899992 59601.367691
333 -15.285576 -4.752262 9.129673 238.899992 61738.345228
333 14.007631 4.509926 5.196984 45.833019 20035.458860
333 -13.998622 -4.471835 5.196984 45.833019 19786.567745
333 10.261651 3.860074 7.880645 252.935714 43819.525442
333 -10.271666 -3.878733 7.880645 252.935714 45686.747803
333 7.125939 3.216682 6.279047 214.148884 28150.904087
333 -7.123931 -3.197942 6.279047 214.148884 28140.422188
333 9.782294 3.768837 10.252596 143.284143 75408.218874
333 -9.768309 -3.712097 10.252596 143.284143 75427.396847
333 15.775656 4.786089 7.777958 159.259019 42581.921416
333 -15.814420 -4.735812 7.777958 159.259019 42383.000316
333 8.561248 3.525783 5.853660 357.515023 24806.453692
333 -8.540911 -3.513268 5.853660 357.515023 24721.984208
333 4.281917 2.493482 4.112412 23.184749 12154.699652
333 -4.246298 -2.501283 4.112412 23.184749 12038.390927
333 9.081453 3.631322 11.785949 219.848877 99511.745006
333 -9.074328 -3.633957 11.785949 219.848877 102169.395210
333 10.837890 3.966975 8.350561 283.907414 50560.584428
333 -10.855020 -3.972606 8.350561 283.907414 50107.567270
333 0.860570 1.117841 13.672998 236.779709 132549.874828
333 -0.855445 -1.102433 13.672998 236.779709 134036.415107
333 6.668565 3.111740 5.898928 32.198984 24859.444507
333 -6.655296 -3.082178 5.898928 32.198984 25945.541872
333 3.353866 2.206785 10.785735 297.026134 85464.010142
333 -3.358374 -2.236287 10.785735 297.026134 84389.942596
333 14.035488 4.514408 10.340686 257.051730 77019.998094
333 -13.988958 -4.438810 10.340686 257.051730 79387.947907
333 13.598272 4.443538 2.640406 296.656092 4922.921128
333 -13.650592 -4.442268 2.640406 296.656092 5028.992300
333 6.512830 3.075190 9.717830 166.074711 67168.045358
333 -6.515349 -3.052958 9.717830 166.074711 68479.991174
333 16.675162 4.920645 9.171513 106.510064 61377.945680
333 -16.666632 -4.893489 9.171513 106.510064 59635.370418
334 17.369114 5.021990 3.845056 281.434277 10677.217019
334 -17.578716 -5.077535 3.845056 281.434277 10396.709577
334 14.470642 4.583856 15.781172 257.117062 180156.163084
334 -14.310067 -4.606987 15.781172 257.117062 178602.162402
334 18.039391 5.117973 18.106436 279.535753 237659.389800
334 -18.138336 -5.232259 18.106436 279.535753 242730.091131
334 17.229617 5.001783 3.996426 25.931940 11168.492259
334 -17.186188 -4.979904 3.996426 25.931940 11430.737770
334 14.253913 4.549400 3.625849 293.988524 9034.313491
334 -14.256506 -4.547372 3.625849 293.988524 9514.033306
334 21.740318 5.618495 7.874790 26.148560 45258.372803
334 -21.626006 -5.601884 7.874790 26.148560 44450.021797
334 10.746067 3.950134 4.269556 282.043452 13189.422040
334 -10.716606 -3.952547 4.269556 282.043452 13200.190238
334 19.214321 5.282014 4.474809 247.087030 14340.301355
334 -19.162742 -5.302570 4.474809 247.087030 14390.492612
334 7.486742 3.297110 7.588412 269.998470 40619.246674
334 -7.607736 -3.282716 7.588412 269.998470 42454.631897
334 13.108607 4.362800 11.563574 236.507993 97622.795495
334 -13.093848 -4.333013 11.563574 236.507993 96243.119131
334 12.440849 4.250226 2.819720 35.144460 5584.810829
334 -12.423047 -4.186800 2.819720 35.144460 5691.731230
334 20.700879 5.482535 10.203859 42.617105 74439.685716
334 -20.798176 -5.530110 10.203859 42.617105 77633.547420
334 11.200445 4.032781 6.996345 29.428666 34610.621580
334 -11.217197 -4.011362 6.996345 29.428666 34747.046630
334 17.705047 5.070323 5.036222 277.282382 17552.809056
334 -17.749465 -5.060092 5.036222 277.282382 18632.870406
334 17.867010 5.093461 16.310603 83.169610 196811.520666
334 -17.891081 -5.050366 16.310603 83.169610 190552.655007
334 12.460022 4.253500 2.926368 60.856083 6148.706592
334 -12.506068 -4.242424 2.926368 60.856083 6072.759292
334 10.660627 3.934399 4.352821 132.572388 13661.688493
334 -10.650019 -3.919047 4.352821 132.572388 13488.756620
334 22.899839 5.766380 8.209302 332.704979 48935.482473
334 -22.961335 -5.720297 8.209302 332.704979 47737.321718
334 -1.074764 1.249234 3.700530 173.078118 10227.199778
334 1.077356 -1.240251 3.700530 173.078118 10139.256154
335 8.320984 3.475957 21.655280 269.847389 336058.233010
335 -8.330378 -3.466350 21.655280 269.847389 339253.519891
335 19.837594 5.366999 3.412691 120.563610 8397.965074
335 -19.715989 -5.339033 3.412691 120.563610 8495.258999
335 4.097927 2.439322 7.368105 234.833574 40292.306286
335 -4.100841 -2.493995 7.368105 234.833574 40047.999528
335 5.742170 2.887520 6.942356 337.902146 35020.069846
335 -5.740378 -2.901581 6.942356 337.902146 34442.575666
335 8.793541 3.573295 6.861152 159.904253 33620.470574
335 -8.772138 -3.587772 6.861152 159.904253 33374.060360
335 7.078047 3.205854 2.357654 189.056430 4138.584069
335 -7.043217 -3.166442 2.357654 189.056430 4040.482236
335 10.550986 3.914115 15.047186 272.437813 165294.605323
335 -10.596904 -3.889291 15.047186 272.437813 167409.031445
335 1.909792 1.665253 9.161744 123.038824 60515.852162
335 -1.900493 -1.677137 9.161744 123.038824 61492.328475
335 8.771789 3.568873 19.560547 4.686729 286849.715066
335 -8.843433 -3.537082 19.560547 4.686729 274774.245418
335 6.027239 2.958327 4.607805 165.038702 15731.502755
335 -5.952830 -2.939967 4.607805 165.038702 15273.590665
335 11.209090 4.034337 4.725288 0.067991 16327.147317
335 -11.259073 -4.031419 4.725288 0.067991 15772.230535
335 13.352128 4.403138 7.121515 137.468646 36177.431925
335 -13.384373 -4.434828 7.121515 137.468646 36383.456038
335 11.332645 4.056511 5.138859 91.699624 18800.286899
335 -11.281883 -4.050366 5.138859 91.699624 19590.903774
335 11.217258 4.035807 7.522152 356.274471 41223.812180
335 -11.278090 -3.936867 7.522152 356.274471 40793.105033
335 20.546810 5.462095 5.369017 96.166655 20922.769009
335 -20.734951 -5.390116 5.369017 96.166655 21027.850280
335 14.617125 4.606998 23.698245 0.914552 410962.194567
335 -14.612431 -4.638237 23.698245 0.914552 423026.286729
335 4.407695 2.529838 6.814029 359.774603 34178.530674
335 -4.408013 -2.538401 6.814029 359.774603 34103.232416
335 11.887771 4.154677 5.909862 120.639976 24813.371487
335 -11.869768 -4.123423 5.909862 120.639976 24797.777272
336 13.496132 4.426818 3.366222 165.234069 8176.451130
336 -13.498154 -4.399235 3.366222 165.234069 8100.529344
336 17.558996 5.049366 7.870475 341.680963 45270.061880
336 -17.552518 -4.988742 7.870475 341.680963 44064.322105
336 11.040970 4.003969 6.815764 40.211046 32944.210012
336 -11.067122 -3.961280 6.815764 40.211046 33434.913226
336 5.666807 2.868509 19.391112 130.727881 258685.668337
336 -5.646020 -2.881042 19.391112 130.727881 278961.465507
336 8.693322 3.552875 5.439121 340.093660 21221.099043
336 -8.654808 -3.589488 5.439121 340.093660 21262.983331
336 -1.147126 1.290603 4.854373 291.522596 17355.546211
336 1.149568 -1.299305 4.854373 291.522596 16497.676654
336 13.037585 4.350965 6.495386 140.904458 30700.086742
336 -13.035192 -4.283996 6.495386 140.904458 30469.001050
336 17.941210 5.104026 10.572065 312.314448 77887.874057
336 -17.954536 -5.081748 10.572065 312.314448 82845.361590
336 14.477704 4.584974 4.866653 187.919669 17219.780413
336 -14.497209 -4.603769 4.866653 187.919669 16740.446190
336 15.927050 4.808999 22.295008 127.841090 379321.434658
336 -15.863637 -4.780746 22.295008 127.841090 353752.086972
336 3.432477 2.232497 4.091358 40.452267 11993.737601
336 -3.435333 -2.176740 4.091358 40.452267 12196.993946
336 3.578438 2.279469 7.989270 307.865273 46053.974912
336 -3.592867 -2.257552 7.989270 307.865273 46652.287534
336 25.424586 6.075947 5.880275 51.470232 25543.194858
336 -25.474869 -6.101654 5.880275 51.470232 25257.580524
336 3.766910 2.338728 8.877034 87.949963 57572.601353
336 -3.762688 -2.310488 8.877034 87.949963 56293.293075
336 8.907376 3.596350 4.685954 305.587840 16385.148799
336 -8.912855 -3.571792 4.685954 305.587840 15905.603404
336 6.317237 3.028661 10.308773 128.157181 73677.966294
336 -6.320066 -3.084008 10.308773 128.157181 78087.436322
336 11.271831 4.045612 17.693574 164.543356 225808.419533
336 -11.282016 -4.016282 17.693574 164.543356 222267.626491
336 10.530663 3.910343 20.224881 285.367170 296239.651234
336 -10.502228 -3.840193 20.224881 285.367170 287454.661839
337 13.601428 4.444054 4.864045 262.313981 16543.624955
337 -13.616931 -4.464174 4.864045 262.313981 17219.214702
337 10.519670 3.908302 5.629720 196.190705 23176.171319
337 -10.572514 -3.958932 5.629720 196.190705 23898.094916
337 16.163727 4.844599 4.506606 232.442705 13832.509545
337 -16.059062 -4.842681 4.506606 232.442705 14688.915829
337 12.559486 4.270443 9.112301 341.759182 58871.098690
337 -12.587990 -4.226970 9.112301 341.759182 60076.509404
337 5.342712 2.785274 7.928742 40.793656 44321.007988
337 -5.341111 -2.785162 7.928742 40.793656 45267.974674
337 11.396061 4.067845 9.867312 189.801445 72622.931879
337 -11.401663 -4.131343 9.867312 189.801445 70229.769628
337 17.278228 5.008834 13.825683 341.257935 136736.575885
337 -17.207639 -5.060433 13.825683 341.257935 141261.788517
337 8.703292 3.554912 9.448564 246.836158 65259.878275
337 -8.702694 -3.576681 9.448564 246.836158 63531.899938
337 3.292609 2.186538 20.274648 303.083017 294576.237876
337 -3.302658 -2.193307 20.274648 303.083017 296590.605043
337 1.741659 1.590262 10.757501 105.061744 84274.118262
337 -1.734955 -1.597964 10.757501 105.061744 86276.404421
337 19.579608 5.331987 4.420252 296.311398 14483.313151
337 -19.367762 -5.340518 4.420252 296.311398 13928.804157
337 7.470248 3.293476 8.254656 32.975988 49548.365844
337 -7.494400 -3.236787 8.254656 32.975988 49427.110149
337 10.498823 3.904427 2.423271 350.847504 4310.241357
337 -10.541669 -3.950813 2.423271 350.847504 4291.542125
337 9.939148 3.798933 8.961164 158.495984 59082.274623
337 -9.968333 -3.771940 8.961164 158.495984 58111.296580
337 5.169247 2.739685 7.388509 356.293447 41099.025915
337 -5.149013 -2.784823 7.388509 356.293447 39195.605567
337 9.000405 3.615081 15.104735 132.359549 165284.046200
337 -8.979928 -3.608137 15.104735 132.359549 163293.496994
337 7.034963 3.196082 9.392454 223.917451 61850.689459
337 -7.053348 -3.224105 9.392454 223.917451 64277.518359
338 16.971861 4.964229 5.215728 164.307287 19716.578646
338 -16.930994 -4.950262 5.215728 164.307287 19451.926088
338 9.291889 3.673153 3.356275 112.368419 8190.448369
338 -9.221096 -3.615431 3.356275 112.368419 8249.098747
338 10.178244 3.844355 7.877126 109.817624 45668.272417
338 -10.203621 -3.874866 7.877126 109.817624 44354.284817
338 12.111876 4.193656 3.565664 32.305375 9094.865647
338 -12.199919 -4.200219 3.565664 32.305375 9282.928823
338 9.183751 3.651717 10.290065 44.959454 76847.345044
338 -9.050962 -3.666048 10.290065 44.959454 75701.631531
338 10.005259 3.811547 14.798461 311.912052 155955.134956
338 -10.004403 -3.826533 14.798461 311.912052 155333.562056
338 7.899576 3.386795 5.096518 70.733207 18718.653051
338 -7.849328 -3.371274 5.096518 70.733207 18592.906217
338 5.334200 2.783054 7.197191 181.218153 38857.718987
338 -5.336043 -2.706817 7.197191 181.218153 36298.274223
338 17.843432 5.090099 14.873602 104.399052 157213.336734
338 -17.863492 -5.012856 14.873602 104.399052 162500.914559
338 5.957411 2.941141 9.982018 247.169559 69827.653887
338 -5.956107 -2.913070 9.982018 247.169559 70421.086096
338 11.045238 4.004742 7.841014 73.051171 44857.376918
338 -11.056005 -4.006034 7.841014 73.051171 45154.899281
338 13.284470 4.391968 1.937973 296.568798 2702.174474
338 -13.236024 -4.390154 1.937973 296.568798 2670.309262
338 -2.515175 1.911046 6.571808 125.131331 31908.639193
338 2.513573 -1.906292 6.571808 125.131331 30796.795030
338 3.169442 2.145253 11.062237 264.832618 85814.326486
338 -3.188140 -2.157073 11.062237 264.832618 86290.432270
338 15.374510 4.724846 4.993447 200.693715 18234.064778
338 -15.530008 -4.707837 4.993447 200.693715 17176.389647
338 12.122470 4.195489 5.834387 338.853448 24991.625256
338 -12.081939 -4.163069 5.834387 338.853448 24832.539720
339 9.220821 3.659080 5.550761 292.481987 22487.317805
339 -9.256680 -3.628178 5.550761 292.481987 22045.598129
339 16.996579 4.967842 14.683217 357.432547 155980.817878
339 -16.956840 -4.984402 14.683217 357.432547 155690.325519
339 9.257529 3.666356 7.849669 259.379197 44719.837728
339 -9.209425 -3.623912 7.849669 259.379197 43898.727814
339 12.929419 4.332879 4.048350 66.677036 11907.969583
339 -12.833023 -4.240180 4.048350 66.677036 11695.220971
339 3.752785 2.334339 4.047747 288.139832 11569.194562
339 -3.748792 -2.314602 4.047747 288.139832 11805.594211
339 8.690917 3.552384 5.403034 128.150293 20099.374527
339 -8.704804 -3.507021 5.403034 128.150293 21285.467930
339 16.179641 4.846983 9.520948 126.745055 66201.682850
339 -16.274831 -4.822475 9.520948 126.745055 65316.271697
339 8.863880 3.587558 5.641048 58.925460 22791.157317
339 -8.884400 -3.573559 5.641048 58.925460 22495.280418
339 7.797200 3.364778 8.159983 228.905107 49384.743478
339 -7.778201 -3.372128 8.159983 228.905107 47067.945309
339 12.006841 4.175432 9.083437 344.326222 60421.478135
339 -11.980844 -4.189025 9.083437 344.326222 59399.402816
339 8.422547 3.497106 14.782546 33.808989 157262.651382
339 -8.396762 -3.505902 14.782546 33.808989 155240.172677
339 9.235555 3.662002 20.599239 301.388336 307763.681531
339 -9.205681 -3.659754 20.599239 301.388336 298984.169109
339 11.354490 4.060419 6.494588 281.581589 29811.270550
339 -11.309120 -3.996828 6.494588 281.581589 30799.235503
339 15.528917 4.748513 6.831564 145.863333 33602.455747
339 -15.580348 -4.783423 6.831564 145.863333 32200.245655
339 18.204352 5.141320 10.866447 270.902317 87232.057181
339 -18.244409 -5.177343 10.866447 270.902317 84157.379647
339 19.140614 5.271873 7.080982 318.046394 36786.208266
339 -19.122970 -5.271145 7.080982 318.046394 36050.477648
340 3.837662 2.360589 3.162957 251.016775 7118.843036
340 -3.850578 -2.353954 3.162957 251.016775 7386.005786
340 7.609293 3.323986 9.574598 206.609010 65468.455409
340 -7.642193 -3.311654 9.574598 206.609010 67573.090879
340 10.803829 3.960736 4.565755 342.467058 15490.603109
340 -10.768936 -3.930424 4.565755 342.467058 15497.304677
340 19.577073 5.331641 11.183630 267.227492 91260.226257
340 -19.659294 -5.236743 11.183630 267.227492 91558.293894
340 8.141792 3.438326 17.849449 44.954944 233059.622782
340 -8.066073 -3.423539 17.849449 44.954944 227920.465535
340 7.089949 3.208548 13.578964 233.526972 137175.094826
340 -7.076608 -3.239232 13.578964 233.526972 136659.967462
340 16.016249 4.822447 7.617158 45.095428 42387.748287
340 -15.991203 -4.809672 7.617158 45.095428 41220.693816
340 12.238685 4.215552 9.021055 7.831702 60360.901119
340 -12.247919 -4.268812 9.021055 7.831702 59407.806599
340 12.847770 4.319176 4.582774 125.381007 14930.914159
340 -12.803380 -4.338358 4.582774 125.381007 15792.267395
340 8.139989 3.437945 10.331053 223.810439 77607.769455
340 -8.169829 -3.422787 10.331053 223.810439 75179.209335
340 13.661985 4.453936 1.929525 294.642296 2656.968021
340 -13.669056 -4.451779 1.929525 294.642296 2716.474281
340 6.436448 3.057104 8.306212 315.589799 50131.374289
340 -6.403439 -3.091555 8.306212 315.589799 49826.027890
340 -0.903264 1.145234 6.308826 35.096609 29163.883753
340 0.903105 -1.147968 6.308826 35.096609 29071.087464
340 10.671602 3.936424 3.096975 156.726163 6947.600964
340 -10.615940 -3.924739 3.096975 156.726163 6902.292972
340 5.299086 2.773879 3.402570 58.942342 8352.953077
340 -5.291527 -2.798188 3.402570 58.942342 8360.018795
341 7.393668 3.276552 7.198928 196.280614 37599.983234
341 -7.416340 -3.313955 7.198928 196.280614 36092.475580
341 7.926963 3.392661 9.560616 282.315525 66423.117565
341 -7.951654 -3.421363 9.560616 282.315525 68329.490158
341 4.581045 2.579107 7.824736 337.415490 42596.497733
341 -4.582307 -2.585766 7.824736 337.415490 45063.877505
341 6.661221 3.110026 2.951311 57.211009 6542.092697
341 -6.677441 -3.139193 2.951311 57.211009 6290.397835
341 11.761168 4.132494 6.329405 40.621496 28580.082061
341 -11.749440 -4.110316 6.329405 40.621496 29346.486671
341 12.762573 4.304832 6.424130 258.925439 29705.016482
341 -12.837135 -4.306385 6.424130 258.925439 30456.009087
341 10.793485 3.958839 15.461840 274.918677 168771.647280
341 -10.804842 -3.907381 15.461840 274.918677 174556.942695
341 3.828505 2.357771 17.761365 108.344792 228912.597595
341 -3.811566 -2.371954 17.761365 108.344792 223574.813261
341 11.703544 4.122358 6.508080 325.599322 30872.694106
341 -11.787383 -4.144730 6.508080 325.599322 28921.924692
341 7.652452 3.333399 12.233996 5.751911 111725.701194
341 -7.599816 -3.308888 12.233996 5.751911 111672.623469
341 9.955391 3.802036 2.339790 30.201268 3851.903026
341 -10.010340 -3.799612 2.339790 30.201268 4081.024519
341 20.709853 5.483724 14.343190 348.486392 150638.234374
341 -20.464499 -5.498814 14.343190 348.486392 146938.190335
341 13.170365 4.373065 2.918448 291.369963 6096.847572
341 -13.237672 -4.369186 2.918448 291.369963 5878.396494
341 9.225991 3.660105 12.476578 207.051392 105513.856440
341 -9.318502 -3.693998 12.476578 207.051392 112757.660347
342 10.914319 3.980938 4.164162 95.305193 12360.809029
342 -10.922094 -3.921052 4.164162 95.305193 12213.705915
342 19.207127 5.281025 7.607960 135.132966 40994.075161
342 -19.184912 -5.311091 7.607960 135.132966 40796.431878
342 14.825793 4.639765 13.477802 246.193771 129939.136722
342 -14.816425 -4.661255 13.477802 246.193771 129680.845767
342 14.398362 4.572393 9.258172 242.167351 61194.171730
342 -14.433105 -4.642846 9.258172 242.167351 63341.270184
342 6.322928 3.030025 8.213922 121.506038 47876.848011
342 -6.266257 -3.054297 8.213922 121.506038 47358.570583
342 9.688918 3.750807 3.232614 4.556069 7334.128878
342 -9.681918 -3.702094 3.232614 4.556069 7389.311740
342 4.449452 2.541794 6.551548 13.967026 31058.742149
342 -4.480918 -2.564950 6.551548 13.967026 31261.117738
342 16.077742 4.831696 6.936416 254.803224 35880.514595
342 -16.030552 -4.859606 6.936416 254.803224 34642.823530
342 10.057894 3.821559 6.149450 171.669633 27563.400866
342 -10.105652 -3.885978 6.149450 171.669633 27020.898619
342 7.474149 3.294336 16.322872 99.338103 190193.229205
342 -7.473038 -3.334150 16.322872 99.338103 194561.804062
342 15.459189 4.737840 6.726758 141.007771 32339.068439
342 -15.595606 -4.687331 6.726758 141.007771 32328.580897
342 9.887079 3.788969 5.911514 102.274673 25930.743314
342 -9.962152 -3.814562 5.911514 102.274673 25873.743485
342 17.223476 5.000892 4.240438 256.122406 13134.808929
342 -17.271116 -4.995630 4.240438 256.122406 12802.955490
342 5.321501 2.779740 4.099230 161.295733 12208.869050
342 -5.332875 -2.721073 4.099230 161.295733 12048.839047
343 8.176374 3.445620 7.070361 71.698399 36967.676803
343 -8.165382 -3.473946 7.070361 71.698399 37385.782469
343 6.048242 2.963478 8.136934 170.746956 47130.248784
343 -6.027953 -2.975126 8.136934 170.746956 47402.283951
343 16.692725 4.923236 8.666762 302.758345 54310.281525
343 -16.754090 -4.892294 8.666762 302.758345 54587.391667
343 12.482647 4.257360 20.476998 62.454489 300982.002896
343 -12.529650 -4.292637 20.476998 62.454489 308034.542286
343 10.711085 3.943699 4.218413 351.302412 12778.591104
343 -10.690933 -3.964556 4.218413 351.302412 12416.213242
343 18.466550 5.178213 5.013552 246.557334 18100.315079
343 -18.425563 -5.236370 5.013552 246.557334 17707.133553
343 16.035888 4.825403 6.348198 237.801370 28668.060011
343 -16.028092 -4.930335 6.348198 237.801370 29172.748790
343 4.037873 2.421382 13.525305 185.128819 132063.122294
343 -4.035916 -2.413002 13.525305 185.128819 126408.583004
343 13.983829 4.506093 8.163283 310.748631 47799.561430
343 -14.033388 -4.535611 8.163283 310.748631 47394.727986
343 17.354869 5.019931 4.366556 61.579256 14271.713625
343 -17.392369 -5.054074 4.366556 61.579256 13858.236348
343 13.012343 4.346751 8.920052 124.069398 59413.645789
343 -12.813587 -4.444386 8.920052 124.069398 56223.730864
343 10.006133 3.811713 11.105470 158.061297 86797.297425
343 -9.961189 -3.793862 11.105470 158.061297 90429.280888
343 10.762901 3.953227 6.400345 319.660279 29656.975628
343 -10.744237 -3.967630 6.400345 319.660279 29837.222452
344 10.788331 3.957894 7.417465 44.043193 39245.988943
344 -10.756067 -3.871512 7.417465 44.043193 40983.607220
344 5.170108 2.739914 1.905541 77.581281 2598.269820
344 -5.175053 -2.811469 1.905541 77.581281 2596.041736
344 6.780400 3.137724 5.745629 287.805772 23240.656446
344 -6.817689 -3.147292 5.745629 287.805772 23771.050540
344 15.468008 4.739191 8.320410 285.434715 51557.495629
344 -15.552015 -4.735791 8.320410 285.434715 49887.476499
344 10.078854 3.825539 4.655444 200.340949 15960.501663
344 -10.065917 -3.829880 4.655444 200.340949 15635.504059
344 0.706511 1.012853 3.812314 168.416908 10105.965644
344 -0.709775 -1.018395 3.812314 168.416908 10269.320188
344 14.367343 4.567466 4.299914 148.001346 13126.269100
344 -14.310911 -4.548735 4.299914 148.001346 13096.755247
344 8.765963 3.567688 6.156131 9.328882 27230.942101
344 -8.772453 -3.562168 6.156131 9.328882 26241.083520
344 7.528512 3.306295 8.304690 208.632347 50361.849104
344 -7.535247 -3.335289 8.304690 208.632347 49888.275893
344 12.347737 4.234291 3.402301 105.005685 8618.379982
344 -12.487187 -4.290675 3.402301 105.005685 8582.859008
344 15.456771 4.737470 6.625847 354.316301 31357.640562
344 -15.434014 -4.763624 6.625847 354.316301 32366.748453
344 6.866475 3.157577 24.598705 295.037801 436564.446218
344 -6.886022 -3.168798 24.598705 295.037801 442939.707466
345 8.609828 3.535772 8.595643 204.891708 52056.183435
345 -8.605523 -3.527202 8.595643 204.891708 53874.198822
345 18.713248 5.212687 3.780154 339.908153 10254.262862
345 -18.739278 -5.161627 3.780154 339.908153 9993.482941
345 10.508487 3.906224 5.203112 3.251673 19518.657481
345 -10.535198 -3.884909 5.203112 3.251673 19540.782598
345 6.599753 3.095643 21.003066 130.125391 322270.002932
345 -6.661338 -3.067022 21.003066 130.125391 326091.235445
345 10.448618 3.895081 4.230081 320.983681 12451.231148
345 -10.377499 -3.925881 4.230081 320.983681 12868.761744
345 2.825317 2.025446 9.340484 256.536665 62601.773293
345 -2.808456 -2.016757 9.340484 256.536665 63521.692223
345 2.686817 1.975177 5.097521 249.774551 18152.746098
345 -2.680083 -1.977802 5.097521 249.774551 18678.982204
345 3.479155 2.247626 11.272926 140.650994 94279.521246
345 -3.499375 -2.242402 11.272926 140.650994 92985.266749
345 16.544159 4.901279 4.950350 322.497069 17732.408461
345 -16.628221 -4.889959 4.950350 322.497069 17778.218409
345 7.314249 3.258907 10.726702 292.942906 86908.286040
345 -7.299989 -3.287544 10.726702 292.942906 82694.033211
345 3.118222 2.127848 12.788349 332.944311 115250.276366
345 -3.114765 -2.093736 12.788349 332.944311 112995.763975
345 14.767950 4.630705 3.706289 192.873416 10167.330533
345 -14.723967 -4.593960 3.706289 192.873416 9758.560042
346 13.588642 4.441964 4.598977 359.538204 15019.450024
346 -13.537953 -4.477292 4.598977 359.538204 15180.227726
346 11.861976 4.150167 3.132035 205.209408 6999.304119
346 -11.777346 -4.144428 3.132035 205.209408 7022.679004
346 12.012032 4.176335 8.049609 49.607446 46671.558471
346 -12.047355 -4.157895 8.049609 49.607446 48055.141303
346 8.540919 3.521594 2.258583 51.785811 3657.841697
346 -8.536600 -3.519247 2.258583 51.785811 3805.059193
346 11.817400 4.142362 7.326795 171.487245 39780.083075
346 -11.893327 -4.138673 7.326795 171.487245 37435.820021
346 11.672145 4.116825 3.011683 143.584784 6610.126050
346 -11.742371 -4.116194 3.011683 143.584784 6287.098226
346 13.251479 4.386511 6.679084 295.839611 32438.592943
346 -13.262973 -4.393490 6.679084 295.839611 32443.106751
346 13.787193 4.474299 4.693692 300.831549 16085.708826
346 -13.820143 -4.505483 4.693692 300.831549 15765.402888
346 3.611434 2.289955 11.712415 314.647962 99359.151615
346 -3.604055 -2.322746 11.712415 314.647962 96741.870754
346 11.691095 4.120165 4.424712 78.232566 14398.357553
346 -11.643851 -4.113885 4.424712 78.232566 14706.820612
346 10.813500 3.962508 9.743699 205.002810 69391.004009
346 -10.857161 -4.032428 9.743699 205.002810 66325.276478
347 13.920093 4.495812 6.944181 213.359991 34201.967310
347 -13.967404 -4.422155 6.944181 213.359991 33880.312695
347 6.493790 3.070691 6.633977 92.855223 32721.585532
347 -6.472308 -3.024600 6.633977 92.855223 31377.200649
347 2.337997 1.842507 8.544362 177.075143 52406.836287
347 -2.356149 -1.858087 8.544362 177.075143 51586.556833
347 11.688814 4.119763 4.527849 309.585312 14748.741144
347 -11.629623 -4.113784 4.527849 309.585312 15095.642275
347 14.830113 4.640441 4.823662 276.635385 16867.603248
347 -14.884944 -4.693211 4.823662 276.635385 16546.725866
347 5.056403 2.709617 17.932423 208.217918 225712.387077
347 -5.053533 -2.744628 17.932423 208.217918 235363.734926
347 9.466530 3.707511 8.257132 241.690661 47203.219732
347 -9.469468 -3.675986 8.257132 241.690661 49550.434942
347 6.513939 3.075452 6.376072 286.968561 29768.675744
347 -6.509627 -3.044127 6.376072 286.968561 29477.433202
347 13.351283 4.402999 4.696145 124.813187 15931.110066
347 -13.421749 -4.457973 4.696145 124.813187 15517.627618
347 2.724807 1.989092 8.232315 199.659266 47730.163024
347 -2.725797 -1.977331 8.232315 199.659266 48489.553409
347 2.876082 2.043561 7.308766 23.786542 36598.175017
347 -2.862855 -2.045132 7.308766 23.786542 39263.125649
348 21.922451 5.641981 12.499056 22.250435 107612.801101
348 -21.761126 -5.753293 12.499056 22.250435 111346.304894
348 2.566036 1.930272 6.474091 78.516418 29846.360405
348 -2.552669 -1.945955 6.474091 78.516418 30721.142519
348 11.308399 4.052170 5.956501 224.206821 25291.313789
348 -11.282181 -4.022150 5.956501 224.206821 24882.894108
348 2.611535 1.947309 4.740705 237.738428 15634.545247
348 -2.605361 -1.935679 4.740705 237.738428 15586.503064
348 17.659478 5.063793 7.500368 217.251713 41387.139289
348 -17.606101 -5.063502 7.500368 217.251713 42079.768480
348 12.505591 4.261271 15.841649 145.176994 177129.022471
348 -12.489556 -4.327705 15.841649 145.176994 177414.821192
348 -1.205247 1.322894 7.828296 3.362754 45981.592053
348 1.208117 -1.313602 7.828296 3.362754 44200.076585
348 10.920239 3.982017 4.270869 299.592433 13176.568369
348 -10.900786 -3.946130 4.270869 299.592433 12561.770252
348 7.450951 3.289220 16.966438 241.411023 213945.947883
348 -7.447599 -3.289526 16.966438 241.411023 201286.395377
348 14.023261 4.512441 5.727505 55.477008 23547.377864
348 -14.011822 -4.514376 5.727505 55.477008 23743.991614
349 16.100556 4.835123 6.487677 210.698207 30795.493390
349 -16.059467 -4.883890 6.487677 210.698207 30375.856305
349 21.866770 5.634811 7.576314 128.061273 40425.017624
349 -21.766537 -5.578583 7.576314 128.061273 42679.177956
349 11.819808 4.142784 2.128502 301.043556 3229.103328
349 -11.900677 -4.179136 2.128502 301.043556 3238.348882
349 6.743013 3.129061 5.211633 181.483011 19730.538946
349 -6.807554 -3.130353 5.211633 181.483011 19618.761226
349 9.693409 3.751676 2.975177 326.572613 6342.592110
349 -9.671247 -3.735598 2.975177 326.572613 6173.990804
349 10.179235 3.844542 8.666099 194.464889 54280.677160
349 -10.113758 -3.825358 8.666099 194.464889 53785.198783
349 10.002600 3.811040 3.566246 66.338088 9008.791673
349 -10.044489 -3.739217 3.566246 66.338088 9104.643926
349 17.053304 4.976125 6.139491 64.839579 27945.973257
349 -17.126168 -4.967977 6.139491 64.839579 26821.252469
349 8.724390 3.559218 9.006226 310.020880 60120.492499
349 -8.788788 -3.550361 9.006226 310.020880 59426.740855
350 14.640446 4.610672 6.268678 131.321523 28739.618040
350 -14.561383 -4.539270 6.268678 131.321523 28280.566661
350 3.579809 2.279906 7.477161 329.680395 41182.511191
350 -3.554523 -2.338770 7.477161 329.680395 39836.277001
350 15.019352 4.669954 3.815280 40.663107 10439.119822
350 -15.087598 -4.666950 3.815280 40.663107 10587.081743
350 16.538679 4.900467 12.568515 123.507732 113868.864700
350 -16.492619 -4.807998 12.568515 123.507732 113060.104674
350 -0.438932 0.798336 10.470233 8.407661 77394.748421
350 0.438270 -0.821367 10.470233 8.407661 80665.750930
350 3.708759 2.320606 11.544131 74.896607 93777.242084
350 -3.711987 -2.281647 11.544131 74.896607 93943.395507
350 9.516258 3.717236 2.622092 150.611061 5050.394873
350 -9.517681 -3.827347 2.622092 150.611061 4990.108163
350 21.261951 5.556337 16.139249 264.077586 187789.117169
350 -21.084135 -5.518930 16.139249 264.077586 190882.651032
350 -2.504147 1.906852 8.764776 234.671689 55123.041444
350 2.485396 -1.908028 8.764776 234.671689 53583.843397
351 16.698515 4.924090 6.269727 290.937227 28361.834403
351 -16.650136 -4.886038 6.269727 290.937227 28078.798371
351 12.275742 4.221929 9.056574 139.200774 59421.510279
351 -12.329389 -4.192499 9.056574 139.200774 59374.245672
351 17.432992 5.031217 3.850905 219.008974 10802.071480
351 -17.570060 -5.015235 3.850905 219.008974 10547.708810
351 11.052167 4.005998 2.917529 187.213893 6161.190397
351 -11.122075 -4.016120 2.917529 187.213893 6072.581889
351 16.822380 4.942319 6.049778 152.470765 26598.162918
351 -16.931450 -4.873993 6.049778 152.470765 26559.149416
351 5.571557 2.844299 8.575797 252.337224 51989.529261
351 -5.531635 -2.842758 8.575797 252.337224 52611.930863
351 2.790235 2.012831 2.236346 236.092403 3637.151398
351 -2.804329 -2.023787 2.236346 236.092403 3644.818758
351 11.381129 4.065179 4.975774 83.114857 18110.459232
351 -11.425266 -4.087723 4.975774 83.114857 17511.924514
352 18.464575 5.177936 11.305580 61.557702 93546.309698
352 -18.438669 -5.173981 11.305580 61.557702 91244.018748
352 13.674937 4.456047 3.608352 62.367000 9740.440788
352 -13.613976 -4.525626 3.608352 62.367000 9277.878671
352 13.576905 4.440046 9.776604 113.024626 68350.448322
352 -13.715726 -4.471243 9.776604 113.024626 68963.960559
352 10.501365 3.904900 3.044522 351.302249 6521.776600
352 -10.664355 -3.924481 3.044522 351.302249 6700.366322
352 9.015325 3.618077 8.297299 126.616671 50607.601344
352 -9.057141 -3.610105 8.297299 126.616671 50361.864715
352 19.524344 5.324456 8.455304 28.846688 51318.747106
352 -19.603744 -5.233276 8.455304 28.846688 52120.496041
352 9.078298 3.630691 6.838724 102.958975 33342.276239
352 -8.996640 -3.605596 6.838724 102.958975 35237.580713
353 17.119165 4.985725 3.310892 157.563934 8027.931077
353 -17.178439 -4.939070 3.310892 157.563934 8027.111451
353 8.737727 3.561937 6.353543 119.612242 29664.473825
353 -8.747883 -3.573664 6.353543 119.612242 28976.492766
353 5.386234 2.796595 15.178070 289.478065 165461.681067
353 -5.374674 -2.802409 15.178070 289.478065 169922.881217
353 14.058787 4.518153 13.736370 259.582258 142803.221002
353 -14.022775 -4.527942 13.736370 259.582258 137179.496260
353 14.250670 4.548882 21.923594 28.648337 350028.799761
353 -14.262338 -4.611321 21.923594 28.648337 336197.640381
353 6.732182 3.126547 13.174292 120.089935 127512.275447
353 -6.696148 -3.173469 13.174292 120.089935 128145.229183
353 7.151456 3.222436 11.610281 26.555754 99867.995083
353 -7.110451 -3.235599 11.610281 26.555754 98679.598888
354 13.372053 4.406422 2.402467 46.951702 4003.807741
354 -13.418964 -4.386544 2.402467 46.951702 4274.601785
354 0.483504 0.837890 5.498047 42.666006 21705.833387
354 -0.484264 -0.837663 5.498047 42.666006 22464.330428
354 -0.987674 1.197550 8.345911 98.021941 48743.133002
354 0.985127 -1.211887 8.345911 98.021941 50822.259062
354 9.213762 3.657679 15.321727 149.638151 169982.550291
354 -9.155252 -3.636957 15.321727 149.638151 169421.952859
354 9.728755 3.758510 19.384792 45.872569 273777.421591
354 -9.729650 -3.816830 19.384792 45.872569 276510.196659
354 14.793446 4.634701 2.209383 262.850768 3472.888241
354 -14.774821 -4.598027 2.209383 262.850768 3456.057554
355 -3.256819 2.174623 16.700333 326.124278 200217.863427
355 3.254908 -2.144766 16.700333 326.124278 202036.900638
355 6.348511 3.036148 6.758436 11.901185 32637.155574
355 -6.300732 -3.062664 6.758436 11.901185 33091.107941
355 8.813008 3.577249 11.187832 315.850617 93287.223923
355 -8.774752 -3.551216 11.187832 315.850617 92240.176862
355 14.844145 4.642636 6.596690 19.993972 31943.895844
355 -15.006538 -4.605935 6.596690 19.993972 30931.067019
355 8.051474 3.419202 8.481348 236.818793 52974.238182
355 -8.037993 -3.492292 8.481348 236.818793 50070.500909
355 13.513163 4.429611 12.437463 184.740688 110684.746371
355 -13.563650 -4.469953 12.437463 184.740688 111521.393763
356 13.698079 4.459815 4.768678 282.185908 16255.436813
356 -13.642346 -4.448645 4.768678 282.185908 15851.631606
356 14.262406 4.550755 5.292329 57.035966 19708.471723
356 -14.307239 -4.522361 5.292329 57.035966 19891.723847
356 7.996957 3.407606 12.501333 158.613288 113984.637774
356 -7.995139 -3.428719 12.501333 158.613288 112216.009502
356 5.909591 2.929313 9.224983 144.624031 63010.443000
356 -5.936220 -2.907104 9.224983 144.624031 62579.810372
356 10.371130 3.880611 10.061481 317.380244 73572.812932
356 -10.349557 -3.849638 10.061481 317.380244 72266.867464
357 4.793886 2.638341 15.927274 252.402951 186857.425870
357 -4.815980 -2.638782 15.927274 252.402951 180888.795978
357 6.265415 3.016213 7.821499 281.868850 44758.128552
357 -6.341476 -3.001495 7.821499 281.868850 44338.439403
357 15.215859 4.700405 11.903926 344.939385 104259.076753
357 -15.291995 -4.618642 11.903926 344.939385 103216.327982
357 12.135316 4.197711 2.665785 38.096976 5038.791065
357 -12.139200 -4.180298 2.665785 38.096976 5250.977989
357 8.230969 3.457105 9.808216 144.904866 69982.303198
357 -8.213429 -3.445468 9.808216 144.904866 67866.476311
358 9.550699 3.723957 4.699932 321.200804 15277.702492
358 -9.512787 -3.715828 4.699932 321.200804 15699.555956
358 6.540979 3.081828 16.987980 150.281730 212224.634640
358 -6.496506 -3.095739 16.987980 150.281730 214689.135754
358 11.680035 4.118216 15.124948 210.608339 161052.310783
358 -11.695629 -4.081879 15.124948 210.608339 165067.996457
358 17.878224 5.095059 4.934506 283.554450 17716.568859
358 -17.836823 -5.155709 4.934506 283.554450 17832.512730
359 6.987011 3.185171 7.422788 357.489974 38528.649289
359 -6.949002 -3.166126 7.422788 357.489974 40983.246321
359 0.402871 0.764839 3.995966 18.351509 11387.757768
359 -0.403975 -0.769847 3.995966 18.351509 11766.366089
359 13.316280 4.397223 6.797719 284.875659 32182.147338
359 -13.302671 -4.417154 6.797719 284.875659 32668.978976
359 14.196951 4.540300 8.243691 177.763252 48585.408875
359 -14.095018 -4.540741 8.243691 177.763252 50010.306371
360 9.188416 3.652644 4.937459 125.408802 17580.131462
360 -9.177854 -3.644027 4.937459 125.408802 17554.474106
360 20.942588 5.514450 4.487991 77.974919 13938.371395
360 -21.112520 -5.523555 4.487991 77.974919 14952.149440
360 9.787151 3.769773 5.950458 16.737438 24663.811761
360 -9.795410 -3.850408 5.950458 16.737438 24871.522281
361 10.884314 3.975462 6.818999 108.290923 33085.108272
361 -10.940838 -4.015704 6.818999 108.290923 32928.158306
361 6.125072 2.982240 3.607012 2.246048 9376.296123
361 -6.117905 -2.971538 3.607012 2.246048 9438.606577
361 15.098609 4.682260 19.239067 239.862780 267862.695237
361 -15.096040 -4.617947 19.239067 239.862780 264516.486601
362 6.855573 3.155070 6.568336 310.475617 29709.098580
362 -6.822208 -3.199179 6.568336 310.475617 30633.718049
362 6.403995 3.049387 17.963717 164.252899 234810.616091
362 -6.400004 -3.070411 17.963717 164.252899 224097.991737
363 4.234203 2.479550 9.117555 164.197860 60331.914864
363 -4.231023 -2.523957 9.117555 164.197860 59656.755168
363 9.976533 3.806071 6.127575 119.141444 27051.567511
363 -9.953533 -3.844848 6.127575 119.141444 26311.899371
364 11.742206 4.129162 3.653422 89.718077 9468.068196
364 -11.891209 -4.165775 3.653422 89.718077 9662.474664
364 15.177881 4.694535 7.436046 190.478456 40676.714847
364 -15.209675 -4.643088 7.436046 190.478456 39484.479941
365 4.933965 2.676610 3.210453 0.346961 7373.678307
365 -4.970930 -2.720628 3.210453 0.346961 7314.389613
366 -0.512946 0.863024 8.595714 327.197212 51339.450206
366 0.514389 -0.856198 8.595714 327.197212 54161.094505
367 6.599817 3.095658 7.574704 185.566635 39987.671591
367 -6.560201 -3.059598 7.574704 185.566635 41914.073298
386 32.169478 -7.827104 3.816815 97.023555 10346.285898
386 -32.368448 7.958348 3.816815 97.023555 10535.053272
387 21.127844 -6.343175 4.065629 185.705666 11847.884172
387 -21.152616 6.440977 4.065629 185.705666 11843.383594
388 27.414433 -7.225514 11.247633 46.927340 86615.832198
388 -27.341515 7.239093 11.247633 46.927340 92932.968798
389 22.712768 -6.576792 10.520583 138.351042 79136.365344
389 -22.652200 6.553678 10.520583 138.351042 79671.597053
390 20.214488 -6.204552 6.872861 200.487373 32473.778646
390 -20.298399 6.120809 6.872861 200.487373 35573.360747
391 24.824464 -6.875733 5.037297 251.308855 18230.044080
391 -24.679540 6.931671 5.037297 251.308855 17379.368517
391 28.548521 -7.373453 9.504454 251.977079 65500.836637
391 -28.478157 7.428997 9.504454 251.977079 66578.959181
392 19.836744 -6.146307 5.201673 358.451538 19549.773761
392 -19.818199 6.181484 5.201673 358.451538 19604.053995
392 16.429928 -5.593671 12.191565 129.430127 105582.459474
392 -16.540368 5.486281 12.191565 129.430127 106512.480577
393 18.650237 -5.959657 3.982919 164.815847 11354.295556
393 -18.640464 6.039969 3.982919 164.815847 11052.811409
393 23.818842 -6.735028 7.799298 359.261152 43037.288155
393 -23.949259 6.851099 7.799298 359.261152 44009.332422
394 16.368689 -5.583237 7.598678 7.930067 41386.702809
394 -16.356232 5.520779 7.598678 7.930067 41592.153040
394 19.450968 -6.086249 4.107493 338.165818 12011.749755
394 -19.277655 6.074329 4.107493 338.165818 11971.904266
394 19.498651 -6.093704 7.298753 293.904932 37579.548222
394 -19.365639 6.168750 7.298753 293.904932 39215.582735
395 22.833993 -6.594320 8.033138 205.606231 48855.925437
395 -22.954470 6.641092 8.033138 205.606231 45205.954799
395 24.969594 -6.895803 15.629761 222.433318 173659.079817
395 -24.973747 6.855247 15.629761 222.433318 179030.671718
395 22.778701 -6.586331 4.289949 210.540365 13184.544394
395 -22.791359 6.565517 4.289949 210.540365 13303.763261
396 10.880483 -4.552010 2.417533 244.344501 4309.720058
396 -10.873353 4.614037 2.417533 244.344501 4237.153859
396 31.128985 -7.699483 2.767632 26.097280 5373.450772
396 -31.198128 7.565972 2.767632 26.097280 5444.775520
396 24.276788 -6.799464 9.899525 338.753165 72189.593368
396 -24.219317 6.778660 9.899525 338.753165 66963.158940
397 20.047483 -6.178869 8.072718 58.152260 47683.914943
397 -20.094480 6.149658 8.072718 58.152260 48137.192719
397 28.798860 -7.405711 7.192513 108.342320 37542.157288
397 -28.852594 7.419247 7.192513 108.342320 38847.368059
397 21.938757 -6.463758 2.528948 270.552082 4629.730080
397 -21.736552 6.496974 2.528948 270.552082 4603.504120
397 25.353039 -6.948549 9.496037 211.257315 65174.482799
397 -25.397338 6.943976 9.496037 211.257315 65399.872250
398 34.210055 -8.071532 6.136420 217.302844 27794.505109
398 -34.257259 8.176428 6.136420 217.302844 27046.560743
398 29.272639 -7.466379 4.944609 317.925833 18010.889703
398 -29.264574 7.551060 4.944609 317.925833 17280.599101
398 22.768601 -6.584871 9.655755 268.370581 66061.583952
398 -22.739755 6.543782 9.655755 268.370581 68661.352616
398 11.513761 -4.682607 4.411905 69.953876 13935.572348
398 -11.519547 4.686995 4.411905 69.953876 14388.193792
399 22.705971 -6.575808 5.645223 180.298814 22643.129101
399 -22.585873 6.548799 5.645223 180.298814 23404.119910
399 14.836529 -5.315514 4.077011 28.727759 11900.335695
399 -14.918495 5.355925 4.077011 28.727759 12265.451686
399 24.310151 -6.804135 11.805275 25.214862 102622.439190
399 -24.394209 6.755401 11.805275 25.214862 100484.791988
399 16.940748 -5.679961 8.848072 51.441322 56345.346045
399 -16.950414 5.755143 8.848072 51.441322 55582.996301
400 23.503543 -6.690302 5.063142 56.826440 18219.306430
400 -23.642760 6.746512 5.063142 56.826440 18592.084529
400 9.293707 -4.207010 7.231764 325.739775 37490.140643
400 -9.435526 4.176817 7.231764 325.739775 37865.828921
400 24.776285 -6.869058 6.980088 331.089292 34742.405760
400 -24.864653 6.830779 6.980088 331.089292 35536.360782
400 18.683766 -5.965012 4.574242 260.811201 14788.068978
400 -18.766516 5.967560 4.574242 260.811201 15030.199168
400 28.592789 -7.379167 8.355802 330.651356 52097.383070
400 -28.404205 7.290450 8.355802 330.651356 50547.550817
401 28.129222 -7.319104 4.593497 187.902421 14972.912148
401 -28.239306 7.363895 4.593497 187.902421 14955.205014
401 21.205260 -6.354785 4.990640 105.646718 17809.521276
401 -21.304827 6.381767 4.990640 105.646718 18205.790415
401 15.065391 -5.356354 12.964810 61.333352 124066.637483
401 -15.181215 5.415577 12.964810 61.333352 113515.006373
401 12.779749 -4.933331 7.698956 339.391427 43087.095507
401 -12.860914 4.895978 7.698956 339.391427 42232.678396
401 19.562579 -6.103685 5.653240 216.236841 23049.373366
401 -19.668135 6.029862 5.653240 216.236841 22025.276765
402 23.750646 -6.725380 7.233438 59.119358 38415.112422
402 -23.672125 6.719105 7.233438 59.119358 37508.941945
402 25.967386 -7.032232 3.074638 0.567208 6820.466536
402 -25.864955 6.980402 3.074638 0.567208 6883.336305
402 20.128684 -6.191370 4.704631 141.741776 16274.486826
402 -20.178555 6.251504 4.704631 141.741776 15681.300021
402 28.106320 -7.316124 8.996793 149.624086 58915.602622
402 -27.914341 7.269897 8.996793 149.624086 57532.013425
402 14.679201 -5.287255 3.913733 124.029749 11086.718385
402 -14.882641 5.335982 3.913733 124.029749 11046.824378
402 22.425581 -6.535080 6.793293 99.824006 33231.210559
402 -22.427694 6.571073 6.793293 99.824006 33236.232634
403 33.094121 -7.938794 2.436600 44.747221 4255.590054
403 -33.132753 7.924944 2.436600 44.747221 4403.016710
403 29.743209 -7.526152 14.833358 113.355046 157649.523079
403 -29.659913 7.530806 14.833358 113.355046 157657.798260
403 19.772851 -6.136401 10.625868 304.620908 83501.717796
403 -19.848321 6.118183 10.625868 304.620908 80801.845264
403 22.121250 -6.490586 4.498904 87.166031 14477.560096
403 -21.797183 6.513454 4.498904 87.166031 14898.746789
403 9.778573 -4.315358 9.198704 180.406900 60618.465562
403 -9.725004 4.295172 9.198704 180.406900 61240.039668
403 13.239777 -5.021338 2.859705 100.484725 5932.378638
403 -13.239820 5.014918 2.859705 100.484725 5974.961616
404 24.438649 -6.822094 9.490379 247.707270 64258.648397
404 -24.543008 6.939188 9.490379 247.707270 67959.066847
404 9.258039 -4.198930 18.406616 139.156689 246017.724208
404 -9.223700 4.245548 18.406616 139.156689 243113.473258
404 23.808555 -6.733574 2.046905 263.909560 2984.924462
404 -23.991577 6.599169 2.046905 263.909560 2972.031876
404 24.181164 -6.786060 8.528718 285.315781 51918.767133
404 -24.259686 6.745035 8.528718 285.315781 50074.584657
404 26.965770 -7.166143 12.080497 149.035131 105215.674557
404 -27.039535 7.125232 12.080497 149.035131 102785.266014
404 27.733759 -7.267473 7.845629 201.323389 44589.960155
404 -27.553826 7.337516 7.845629 201.323389 46748.396736
405 20.829090 -6.298168 5.932695 130.751096 24549.025220
405 -20.836202 6.319975 5.932695 130.751096 24817.971993
405 23.809873 -6.733760 6.995238 39.115832 35689.069151
405 -23.812594 6.760119 6.995238 39.115832 35444.106960
405 25.625065 -6.985726 9.703738 178.740447 70276.495459
405 -25.548653 7.101138 9.703738 178.740447 66961.546624
405 29.455850 -7.489708 4.745433 255.355007 16306.594939
405 -29.476517 7.371031 4.745433 255.355007 16096.768375
405 24.627413 -6.848390 7.019819 262.767422 36274.315636
405 -24.663384 6.869534 7.019819 262.767422 35269.453858
405 28.674191 -7.389664 4.368704 142.390555 14134.445008
405 -28.622791 7.322638 4.368704 142.390555 13688.842808
405 30.579087 -7.631174 5.737789 62.057474 23649.344765
405 -30.924000 7.905692 5.737789 62.057474 24240.940656
406 24.486447 -6.828762 6.157610 190.847265 27208.116369
406 -24.463882 6.846193 6.157610 190.847265 28166.858912
406 31.291890 -7.719603 11.455091 51.988146 94525.006034
406 -31.419991 7.787515 11.455091 51.988146 98791.399114
406 7.789251 -3.851474 4.586910 61.984219 15446.032716
406 -7.792743 3.829195 4.586910 61.984219 15453.934688
406 22.917262 -6.606333 5.254419 153.058708 19636.878027
406 -23.031391 6.617743 5.254419 153.058708 19733.259807
406 24.076488 -6.771356 15.357273 135.541883 167541.949534
406 -24.019474 6.709551 15.357273 135.541883 174102.527789
406 24.851715 -6.879506 4.972894 282.762282 17863.880867
406 -25.000220 6.893938 4.972894 282.762282 17721.389989
406 22.929387 -6.608080 3.628798 6.566030 9586.787253
406 -23.243528 6.682546 3.628798 6.566030 9744.963356
407 7.468624 -3.771372 2.041705 89.948221 3003.727640
407 -7.434179 3.847341 2.041705 89.948221 2915.250342
407 9.288519 -4.205836 9.639806 137.293326 67011.453653
407 -9.259792 4.270007 9.639806 137.293326 66056.070021
407 11.102670 -4.598252 2.839490 62.208676 6046.832431
407 -11.097599 4.565800 2.839490 62.208676 5904.283585
407 17.637031 -5.795512 10.490694 332.592471 77191.277828
407 -17.563972 5.900840 10.490694 332.592471 76826.949717
407 19.142809 -6.037844 6.032976 8.619519 25884.478205
407 -19.191938 6.045479 6.032976 8.619519 25510.580636
407 14.452567 -5.246281 4.554677 53.876612 15066.385747
407 -14.378649 5.283146 4.554677 53.876612 14963.160680
407 12.465154 -4.872231 3.413289 145.018788 8450.020027
407 -12.452483 4.936082 3.413289 145.018788 8528.394912
407 23.735384 -6.723218 11.577109 305.411739 97260.942385
407 -23.844053 6.645112 11.577109 305.411739 97197.620970
408 15.418573 -5.418776 6.107405 171.092013 26327.393576
408 -15.353928 5.490623 6.107405 171.092013 26883.290020
408 28.495184 -7.366562 4.948740 313.527979 17608.190387
408 -28.543236 7.310636 4.948740 313.527979 17821.402246
408 18.089672 -5.869410 3.488301 341.433410 8593.350130
408 -18.024509 5.824580 3.488301 341.433410 8468.076440
408 18.942304 -6.006140 6.186656 107.261797 27558.730962
408 -19.064857 6.106684 6.186656 107.261797 27399.143512
408 21.202918 -6.354434 3.150385 129.650791 7261.024381
408 -21.133821 6.363821 3.150385 129.650791 7140.480602
408 19.652643 -6.117720 2.328510 40.417300 3824.754468
408 -19.512786 6.019202 2.328510 40.417300 3983.336998
408 21.287171 -6.367047 9.929336 44.228795 71505.649440
408 -21.020541 6.419121 9.929336 44.228795 69128.953237
408 6.077512 -3.402060 3.445168 226.246847 8694.263050
408 -6.071099 3.451678 3.445168 226.246847 8636.698389
409 18.573817 -5.947434 8.885840 137.139396 54594.816128
409 -18.543636 5.875770 8.885840 137.139396 55832.937821
409 16.573892 -5.618124 7.118878 123.377328 35393.670663
409 -16.601504 5.626603 7.118878 123.377328 35099.591648
409 16.306816 -5.572674 12.744754 163.261269 117398.671551
409 -16.301223 5.650577 12.744754 163.261269 113747.119330
409 24.101862 -6.774923 7.800244 154.145402 43597.584045
409 -24.219760 6.835529 7.800244 154.145402 44237.260142
409 22.142407 -6.493689 5.144375 145.386211 18841.187479
409 -22.257459 6.519377 5.144375 145.386211 19533.961244
409 17.345350 -5.747389 4.067571 77.221689 11930.609882
409 -17.345874 5.625206 4.067571 77.221689 11750.020555
409 13.157120 -5.005639 3.257044 120.783698 7656.322591
409 -13.117252 5.077694 3.257044 120.783698 7646.313721
409 13.643148 -5.097255 2.287766 284.130735 3803.175036
409 -13.550744 5.011731 2.287766 284.130735 3691.407461
409 7.513277 -3.782629 2.766329 18.268370 5412.959674
409 -7.530422 3.800319 2.766329 18.268370 5580.253233
410 17.762909 -5.816157 3.007775 280.410003 6595.526333
410 -17.637547 5.796853 3.007775 280.410003 6242.423459
410 25.856079 -7.017144 6.153234 77.877954 26803.991242
410 -25.685676 7.046316 6.153234 77.877954 27535.888234
410 29.665305 -7.516289 5.259313 111.397350 19662.046247
410 -29.757189 7.564936 5.259313 111.397350 19936.465792
410 8.008656 -3.905340 3.493559 90.281191 8722.639534
410 -7.988635 3.853207 3.493559 90.281191 8703.588506
410 11.151308 -4.608313 8.579556 252.535984 53149.478832
410 -11.177172 4.629560 8.579556 252.535984 53220.412523
410 19.309384 -6.064057 6.640740 335.899899 32495.343396
410 -19.306165 6.119100 6.640740 335.899899 32079.286632
410 29.731738 -7.524701 6.812660 320.944756 33323.861489
410 -29.666050 7.567106 6.812660 320.944756 33362.992916
410 14.649878 -5.281972 9.765458 171.386258 72105.681999
410 -14.685864 5.280040 9.765458 171.386258 69588.400969
410 14.239478 -5.207462 10.761122 340.058168 78878.779290
410 -14.222957 5.262187 10.761122 340.058168 84390.557946
411 26.391255 -7.089394 5.183946 133.203271 19080.647317
411 -26.166665 7.116916 5.183946 133.203271 19264.406851
411 22.941845 -6.609875 2.722005 213.360487 5225.321792
411 -23.105641 6.456997 2.722005 213.360487 5370.929235
411 23.733909 -6.723009 16.723637 17.745810 200808.183711
411 -23.632313 6.754242 16.723637 17.745810 206760.984491
411 20.016513 -6.174095 5.087525 234.594244 18693.874842
411 -19.933709 6.076466 5.087525 234.594244 18471.325785
411 21.195345 -6.353300 7.341135 296.188535 38993.241113
411 -21.028573 6.412187 7.341135 296.188535 39301.350126
411 30.907515 -7.672045 5.209801 268.357360 19728.139171
411 -30.791781 7.609104 5.209801 268.357360 19641.024514
411 14.855939 -5.318990 16.531952 221.228426 202207.254861
411 -14.749048 5.286511 16.531952 221.228426 198789.879629
411 29.306549 -7.470702 5.885336 279.076816 25345.234567
411 -29.240056 7.440492 5.885336 279.076816 24967.718105
411 18.528063 -5.940105 4.746099 293.080375 16554.035852
411 -18.483774 5.951450 4.746099 293.080375 16254.511509
412 6.671734 -3.564499 1.626816 74.203070 1917.206810
412 -6.668913 3.561771 1.626816 74.203070 1907.078270
412 11.201831 -4.618741 9.451594 257.792454 63855.289540
412 -11.171867 4.624909 9.451594 257.792454 64321.965334
412 24.277380 -6.799547 9.610294 50.300543 67720.353312
412 -24.359278 6.883881 9.610294 50.300543 67064.755069
412 22.566786 -6.555623 7.760460 177.461973 43968.566203
412 -22.595862 6.565830 7.760460 177.461973 42606.021148
412 22.708044 -6.576108 5.482633 267.554774 21309.381685
412 -22.538098 6.493339 5.482633 267.554774 21333.557972
412 11.322771 -4.643607 19.070486 295.157147 256165.696663
412 -11.440595 4.661939 19.070486 295.157147 259354.085045
412 26.063566 -7.045243 9.739145 142.049360 66391.801910
412 -26.113994 7.068209 9.739145 142.049360 69946.366492
412 23.052203 -6.625754 6.421457 20.227035 29170.900290
412 -23.194639 6.696280 6.421457 20.227035 30329.966090
412 8.957005 -4.130099 1.678559 353.582127 1961.712954
412 -8.938641 4.143127 1.678559 353.582127 1971.450190
412 18.680136 -5.964432 4.039310 98.231492 11983.404179
412 -18.816270 5.886973 4.039310 98.231492 11571.827077
413 13.385565 -5.048908 4.644165 91.132346 15341.844681
413 -13.373912 5.047407 4.644165 91.132346 15149.561378
413 12.402474 -4.859966 14.834141 102.668225 161461.970496
413 -12.357834 4.856106 14.834141 102.668225 156913.930520
413 21.978377 -6.469592 5.286370 308.407921 19472.317811
413 -22.058258 6.500431 5.286370 308.407921 20076.685196
413 21.942838 -6.464359 5.862553 106.720614 24778.673120
413 -22.030131 6.618725 5.862553 106.720614 25185.079950
413 20.079394 -6.183785 4.774881 125.506645 16457.958243
413 -19.916585 6.136206 4.774881 125.506645 15888.856739
413 29.896980 -7.545582 5.379600 12.202714 20943.315530
413 -30.000384 7.422000 5.379600 12.202714 21334.745707
413 21.646762 -6.420599 7.021371 216.793097 35370.920486
413 -21.555900 6.379705 7.021371 216.793097 37382.216681
413 12.160887 -4.812400 9.020978 189.187143 59163.965984
413 -12.245759 4.804576 9.020978 189.187143 57662.089942
413 24.945214 -6.892435 31.156589 92.335197 709752.418259
413 -24.982141 6.834480 31.156589 92.335197 713781.207932
413 32.417501 -7.857219 12.476793 237.808244 112519.542088
413 -32.512489 7.891378 12.476793 237.808244 108128.177438
414 14.503429 -5.255505 5.677091 124.675586 23116.133911
414 -14.493208 5.262520 5.677091 124.675586 22812.887211
414 7.909393 -3.881063 10.998210 247.308491 84526.610868
414 -7.962874 3.900726 10.998210 247.308491 90045.553692
414 15.402317 -5.415918 10.745100 280.286732 81826.357616
414 -15.316996 5.335969 10.745100 280.286732 80717.350497
414 20.789300 -6.292149 5.221298 64.310622 19485.403369
414 -20.861267 6.349363 5.221298 64.310622 19887.731172
414 20.416613 -6.235495 5.970805 42.453011 25865.680237
414 -20.481708 6.356021 5.970805 42.453011 25795.181809
414 13.696846 -5.107277 3.780453 39.409844 10398.041915
414 -13.656058 5.092477 3.780453 39.409844 10394.050345
414 23.774120 -6.728702 7.925734 40.641421 44836.975805
414 -23.892533 6.648628 7.925734 40.641421 45719.254674
414 32.169890 -7.827154 6.516577 296.317227 31922.068806
414 -32.216624 7.862626 6.516577 296.317227 29909.029700
414 19.829366 -6.145164 10.585746 253.728150 82806.351738
414 -19.880915 6.144551 10.585746 253.728150 81403.057493
414 22.868450 -6.599294 8.507027 86.256898 51002.668458
414 -22.854501 6.625993 8.507027 86.256898 51868.787028
414 14.502532 -5.255342 5.313001 166.736362 19696.645713
414 -14.364418 5.289024 5.313001 166.736362 19812.926895
415 19.787381 -6.138655 3.170474 290.023354 7131.429540
415 -20.027296 6.142695 3.170474 290.023354 6877.940200
415 13.705117 -5.108818 13.517473 103.401156 130445.892796
415 -13.852251 5.060871 13.517473 103.401156 131437.974528
415 25.530133 -6.972775 3.677417 157.700484 9439.133046
415 -25.539885 6.949631 3.677417 157.700484 9446.741370
415 10.966602 -4.569989 6.341926 341.136289 27782.646670
415 -11.011351 4.620226 6.341926 341.136289 29228.722790
415 17.798816 -5.822033 24.183170 41.869922 425838.748295
415 -17.941789 5.881038 24.183170 41.869922 403445.062266
415 18.202838 -5.887740 5.240225 304.872340 19340.587216
415 -18.142826 5.862794 5.240225 304.872340 19418.087914
415 22.549425 -6.553100 5.712176 180.180805 23377.053520
415 -22.526815 6.545800 5.712176 180.180805 23231.056954
415 24.413820 -6.818627 5.790865 170.533664 25211.891231
415 -24.435528 6.933412 5.790865 170.533664 23801.447162
415 19.329308 -6.067185 14.097988 179.464211 143176.840551
415 -19.329961 6.128893 14.097988 179.464211 139152.612906
415 12.561430 -4.891011 2.890361 15.429449 5904.482158
415 -12.624995 4.953581 2.890361 15.429449 5845.384537
415 16.382857 -5.585652 5.028813 1.888258 18546.635534
415 -16.477217 5.531826 5.028813 1.888258 18080.472774
416 20.689354 -6.277006 8.644467 341.124081 53350.652945
416 -20.907968 6.314887 8.644467 341.124081 54554.979165
416 18.355359 -5.912355 7.057471 178.128800 35934.369429
416 -18.355478 5.884890 7.057471 178.128800 35551.708584
416 13.223559 -5.018261 5.291233 158.848487 20199.846133
416 -13.387052 4.950652 5.291233 158.848487 19807.234784
416 30.946269 -7.676853 15.207250 198.543937 169041.172798
416 -30.916038 7.850461 15.207250 198.543937 171349.136858
416 18.165106 -5.881635 14.382051 178.545223 153316.139680
416 -18.178826 5.991816 14.382051 178.545223 147996.953431
416 5.164928 -3.136254 8.649054 74.142293 53758.907835
416 -5.196331 3.095537 8.649054 74.142293 50840.741740
416 10.150185 -4.396591 4.999620 358.691988 18583.919320
416 -10.187020 4.414962 4.999620 358.691988 17440.672226
416 30.110585 -7.572490 3.368544 355.028594 8318.853208
416 -30.096837 7.602750 3.368544 355.028594 8220.885072
416 15.969250 -5.514693 5.313704 125.430772 20559.405600
416 -15.890399 5.525106 5.313704 125.430772 19855.570581
416 23.517976 -6.692356 6.202378 254.807705 27804.991617
416 -23.451824 6.641021 6.202378 254.807705 28255.417158
416 15.408620 -5.417026 4.113064 163.117687 12490.529071
416 -15.444589 5.457771 4.113064 163.117687 12208.129003
416 14.582925 -5.269888 7.093873 278.926342 36734.930471
416 -14.739185 5.339850 7.093873 278.926342 34761.179313
417 20.197332 -6.201919 15.895453 1.116804 179457.475071
417 -20.113732 6.314372 15.895453 1.116804 180472.857363
417 22.711983 -6.576678 12.007178 123.183408 106789.545404
417 -22.740390 6.694161 12.007178 123.183408 102194.553676
417 23.122939 -6.635912 6.199644 244.749797 27949.790198
417 -23.202125 6.655335 6.199644 244.749797 27382.596439
417 4.082578 -2.788344 4.798541 44.048098 15902.246380
417 -4.111449 2.781731 4.798541 44.048098 16649.466160
417 11.228308 -4.624196 7.551171 289.867331 41008.374055
417 -11.110240 4.553106 7.551171 289.867331 41365.018166
417 12.970589 -4.970029 6.075419 296.214049 26771.938790
417 -12.966145 4.964027 6.075419 296.214049 27241.750552
417 11.243204 -4.627263 5.636330 247.473783 23617.681246
417 -11.278355 4.631106 5.636330 247.473783 22143.999010
417 18.517989 -5.938490 4.307458 155.707348 13359.777641
417 -18.537930 5.863423 4.307458 155.707348 13690.896790
417 24.073835 -6.770983 5.528729 34.585809 21644.019927
417 -24.164600 6.837297 5.528729 34.585809 21732.192865
417 22.374922 -6.527695 3.358771 315.361193 7845.603207
417 -22.354648 6.477139 3.358771 315.361193 7744.504679
417 29.896435 -7.545513 7.562915 64.891466 40363.925017
417 -29.848992 7.487936 7.562915 64.891466 41520.307711
417 15.000006 -5.344718 9.625047 13.552699 69834.119680
417 -14.874218 5.202428 9.625047 13.552699 68096.926557
418 12.498216 -4.878689 8.769645 226.958215 56098.518399
418 -12.456458 4.785766 8.769645 226.958215 54322.722688
418 11.141193 -4.606223 3.943888 207.943938 11718.954773
418 -11.110503 4.566020 3.943888 207.943938 11116.313422
418 6.679369 -3.566538 4.108327 325.678661 12218.773125
418 -6.648968 3.461870 4.108327 325.678661 11985.250741
418 21.632740 -6.418519 4.198936 227.864717 12855.645509
418 -21.700620 6.606804 4.198936 227.864717 12883.510672
418 12.027170 -4.785869 9.476846 22.710354 62563.701191
418 -11.942333 4.845551 9.476846 22.710354 63492.977362
418 17.013827 -5.692199 4.849652 257.775442 17261.041288
418 -17.127538 5.735821 4.849652 257.775442 16578.739967
418 18.898243 -5.999151 4.586889 110.855308 15223.853703
418 -18.877437 5.995291 4.586889 110.855308 15015.647797
418 22.191719 -6.500916 5.864409 100.029044 24845.199875
418 -22.330612 6.446321 5.864409 100.029044 24847.431554
418 14.766480 -5.302951 6.588098 283.235692 30808.089812
418 -14.761644 5.264341 6.588098 283.235692 31940.455296
418 12.978208 -4.971489 4.885647 150.775247 17099.611092
418 -12.941412 4.917483 4.885647 150.775247 16669.620634
418 12.119209 -4.804146 17.265932 275.445132 216908.092382
418 -12.065300 4.738471 17.265932 275.445132 223011.566634
418 23.402099 -6.675849 10.742149 228.597129 81845.871770
418 -23.450795 6.684235 10.742149 228.597129 85003.342842
419 23.115345 -6.634822 6.873975 71.928300 33682.406279
419 -23.130139 6.570341 6.873975 71.928300 33974.411906
419 21.034266 -6.329112 12.224337 298.785397 104103.550470
419 -20.988992 6.336410 12.224337 298.785397 104351.224445
419 16.094695 -5.536311 2.697249 212.498693 5214.182762
419 -16.000752 5.497691 2.697249 212.498693 5217.289477
419 18.989290 -6.013585 4.209496 258.181697 12767.862696
419 -18.943668 6.023478 4.209496 258.181697 12869.332412
419 16.328733 -5.576418 3.596935 288.370713 9500.879152
419 -16.523307 5.587884 3.596935 288.370713 9179.282285
419 15.106230 -5.363609 3.600912 175.244352 8858.960316
419 -15.094311 5.331911 3.600912 175.244352 9367.059942
419 19.226015 -6.050952 15.323375 343.562552 170174.350956
419 -19.222762 6.020098 15.323375 343.562552 168917.617041
419 25.879898 -7.020376 12.960281 178.781314 121058.306506
419 -25.993626 7.136594 12.960281 178.781314 115712.532118
419 22.350755 -6.524169 3.626272 78.031559 9070.936260
419 -22.400633 6.669075 3.626272 78.031559 9366.073432
419 15.425089 -5.419921 5.724496 13.659510 23252.880561
419 -15.382087 5.383321 5.724496 13.659510 23235.436157
419 26.396643 -7.090118 6.848492 334.683084 33905.757535
419 -26.120222 7.164423 6.848492 334.683084 34189.378082
419 9.986734 -4.361048 16.915037 207.265955 203645.609026
419 -10.022883 4.363636 16.915037 207.265955 203008.237027
419 12.851706 -4.947200 6.533730 122.243552 29589.031528
419 -12.855425 4.948157 6.533730 122.243552 31803.983647
420 22.415513 -6.533613 7.474310 50.171157 38516.526985
420 -22.351222 6.491117 7.474310 50.171157 40373.474503
420 20.469005 -6.243490 3.315039 338.840474 8084.683669
420 -20.497270 6.157049 3.315039 338.840474 8021.480018
420 15.331989 -5.403540 9.413765 26.587900 64043.272452
420 -15.305864 5.421788 9.413765 26.587900 65404.509462
420 15.042052 -5.352204 1.969539 141.976408 2832.456791
420 -15.028025 5.338114 1.969539 141.976408 2753.178011
420 17.170321 -5.718318 5.958833 343.100624 25996.194914
420 -17.268844 5.737370 5.958833 343.100624 25973.700780
420 5.718452 -3.300033 4.812461 234.097589 17521.307028
420 -5.693906 3.316371 4.812461 234.097589 16533.402052
420 15.572427 -5.445744 6.514399 157.194865 29867.900677
420 -15.648483 5.365208 6.514399 157.194865 31330.786090
420 20.908570 -6.310173 8.586139 3.928869 54651.439872
420 -20.805810 6.317744 8.586139 3.928869 54375.171750
420 15.315266 -5.400592 11.771182 207.549625 104087.117965
420 -15.379303 5.436645 11.771182 207.549625 103983.833908
420 20.924020 -6.312504 6.318929 76.423871 29442.723176
420 -20.813077 6.148563 6.318929 76.423871 29607.346785
420 8.477113 -4.017936 14.161669 43.124654 141777.014681
420 -8.467603 4.034150 14.161669 43.124654 145079.586036
420 13.854596 -5.136603 1.785062 268.075706 2330.936966
420 -13.901220 5.122983 1.785062 268.075706 2309.036733
420 4.028937 -2.769965 6.174679 157.445400 27790.254176
420 -4.065515 2.778245 6.174679 157.445400 27789.254412
421 25.329059 -6.945262 4.265891 232.004555 12733.931864
421 -25.434637 7.000707 4.265891 232.004555 13591.622361
421 21.438055 -6.389572 9.707558 49.578357 69792.170070
421 -21.476411 6.399467 9.707558 49.578357 65593.489309
421 15.254017 -5.389782 16.967076 123.983390 209613.338818
421 -15.232079 5.426028 16.967076 123.983390 200665.886270
421 28.826271 -7.409234 9.599600 166.465243 67731.816334
421 -28.780636 7.462302 9.599600 166.465243 68160.321200
421 9.956936 -4.354537 5.743301 34.124637 23089.417035
421 -9.916726 4.337952 5.743301 34.124637 24075.933043
421 8.965705 -4.132105 11.154762 298.620406 86247.363793
421 -8.928935 4.161560 11.154762 298.620406 91945.366443
421 22.468162 -6.541282 6.413323 60.819294 30102.938323
421 -22.260290 6.594032 6.413323 60.819294 29973.863995
421 17.611520 -5.791319 6.868813 308.714558 33869.290975
421 -17.491369 5.713105 6.868813 308.714558 33213.069477
421 14.095155 -5.181005 4.527016 136.386220 14659.827392
421 -14.166701 5.212341 4.527016 136.386220 14400.815452
421 20.691403 -6.277317 11.178657 307.113824 88806.695326
421 -20.667392 6.158095 11.178657 307.113824 86318.663888
421 3.751342 -2.672837 19.076220 197.926815 264038.543675
421 -3.722934 2.693108 19.076220 197.926815 258104.915913
421 22.162103 -6.496577 14.873444 334.459423 159718.908623
421 -22.084614 6.605461 14.873444 334.459423 161263.427739
421 12.747249 -4.927054 8.948348 345.612977 57662.915897
421 -12.736869 4.942386 8.948348 345.612977 55494.539273
421 31.717060 -7.771870 25.452233 35.583007 444546.364539
421 -31.719505 7.855216 25.452233 35.583007 479370.323705
422 30.368125 -7.604805 2.299610 184.613799 3845.659029
422 -30.545974 7.698988 2.299610 184.613799 3747.538302
422 16.283330 -5.568660 4.691243 147.720394 16226.516287
422 -16.286344 5.562057 4.691243 147.720394 15830.379609
422 14.247444 -5.208919 4.887407 154.152920 17738.379941
422 -14.255972 5.277533 4.887407 154.152920 17505.679347
422 17.379591 -5.753059 4.894803 355.890367 17928.403599
422 -17.327739 5.850707 4.894803 355.890367 17300.390259
422 25.787188 -7.007790 5.638320 238.867579 22843.544392
422 -25.501995 7.113123 5.638320 238.867579 23086.792342
422 14.554645 -5.264776 4.209755 313.035070 12380.782285
422 -14.483637 5.322222 4.209755 313.035070 13087.594955
422 19.694369 -6.124211 25.961895 130.562244 501752.109057
422 -19.632351 6.122999 25.961895 130.562244 485967.014774
422 13.314912 -5.035565 6.424901 140.633446 30449.849061
422 -13.261049 5.008459 6.424901 140.633446 30132.714682
422 3.878147 -2.717636 11.248319 137.614909 91106.736385
422 -3.877455 2.687320 11.248319 137.614909 88917.417059
422 24.073914 -6.770994 13.442421 103.000494 130782.251115
422 -24.022504 6.843038 13.442421 103.000494 129678.105255
422 13.492314 -5.069000 11.087338 62.785463 85062.963510
422 -13.427156 5.200114 11.087338 62.785463 88587.880622
422 15.139975 -5.369597 3.386930 270.385029 8350.964437
422 -15.247116 5.428472 3.386930 270.385029 8273.423209
422 11.685238 -4.717347 11.801924 159.405046 98557.286506
422 -11.638562 4.702648 11.801924 159.405046 96802.650653
422 16.673995 -5.635065 2.424778 68.875760 4304.379402
422 -16.653265 5.708128 2.424778 68.875760 4267.499935
423 13.485068 -5.067639 4.904800 273.458299 17100.513597
423 -13.530548 5.049943 4.904800 273.458299 17129.792443
423 15.580304 -5.447121 7.253420 16.439430 38626.103840
423 -15.658422 5.415448 7.253420 16.439430 38325.811872
423 19.209094 -6.048289 2.994076 262.784110 6500.078395
423 -19.254180 6.098830 2.994076 262.784110 6367.938380
423 16.397333 -5.588120 2.560150 243.735816 4585.444670
423 -16.322164 5.661089 2.560150 243.735816 4822.147455
423 16.376823 -5.584624 5.827467 26.191464 24487.430847
423 -16.454013 5.658459 5.827467 26.191464 24941.341106
423 11.252901 -4.629258 16.598840 341.826601 201795.950577
423 -11.259484 4.554570 16.598840 341.826601 199840.480655
423 16.446468 -5.596486 3.367496 287.742207 8292.490619
423 -16.338408 5.514346 3.367496 287.742207 8302.345431
423 38.565336 -8.569937 6.944389 216.672924 35023.695918
423 -38.662020 8.459140 6.944389 216.672924 35711.857702
423 10.322949 -4.433850 2.756367 253.190093 5589.328163
423 -10.302548 4.331956 2.756367 253.190093 5420.680326
423 19.919332 -6.159089 6.097170 311.451555 26749.237098
423 -19.962770 6.138920 6.097170 311.451555 26121.836780
423 19.426871 -6.082478 2.797368 281.681693 5559.258694
423 -19.369178 6.011759 2.797368 281.681693 5658.920898
423 15.666531 -5.462174 1.613455 176.765940 1928.041900
423 -15.713387 5.560268 1.613455 176.765940 1909.441310
423 26.274989 -7.073761 3.209937 160.610084 7404.521013
423 -26.134911 7.070580 3.209937 160.610084 7530.279280
423 2.140170 -2.018846 4.151241 257.753516 12204.931294
423 -2.143101 2.014217 4.151241 257.753516 12724.352563
424 12.870988 -4.950910 2.523800 114.330752 4606.493212
424 -12.786487 4.938256 2.523800 114.330752 4792.513459
424 10.431547 -4.457111 5.164450 191.063894 19342.544497
424 -10.482711 4.452525 5.164450 191.063894 18617.667909
424 20.899236 -6.308764 8.295241 235.001611 47865.000372
424 -20.827528 6.286242 8.295241 235.001611 49900.351166
424 28.245096 -7.334164 7.226770 329.157365 37351.322756
424 -28.058441 7.326878 7.226770 329.157365 36222.802109
424 22.752890 -6.582599 15.293458 126.580662 168726.984803
424 -22.604990 6.670632 15.293458 126.580662 168927.143870
424 20.389226 -6.231311 7.001429 352.015063 34849.238783
424 -20.284100 6.224776 7.001429 352.015063 34498.278264
424 13.696692 -5.107248 10.308747 123.104577 75977.840500
424 -13.703436 5.124510 10.308747 123.104577 75465.144388
424 17.810483 -5.823941 12.039369 33.308786 106179.846198
424 -17.958873 5.862429 12.039369 33.308786 104441.429362
424 6.352953 -3.478299 3.059993 215.781741 6754.410890
424 -6.378086 3.452015 3.059993 215.781741 6965.851281
424 0.864854 -1.283366 6.926221 161.778674 35127.784198
424 -0.863839 1.267302 6.926221 161.778674 33748.623538
424 14.815772 -5.311794 7.013603 236.197280 34540.170561
424 -14.836649 5.276156 7.013603 236.197280 35938.099081
424 23.529442 -6.693988 5.261603 247.222705 20362.116375
424 -23.475277 6.736456 5.261603 247.222705 21015.646515
424 3.491144 -2.578475 7.110688 173.260284 36827.136097
424 -3.475707 2.585436 7.110688 173.260284 36268.106092
424 1.506529 -1.693822 3.827916 309.722300 10731.311513
424 -1.508003 1.706900 3.827916 309.722300 10391.322827
424 14.417354 -5.239886 3.789920 292.188918 10547.066363
424 -14.377789 5.320642 3.789920 292.188918 10369.691797
425 11.837746 -4.748032 5.485300 217.573042 21534.464398
425 -11.881619 4.748629 5.485300 217.573042 21031.531467
425 0.427159 -0.901932 9.545491 240.854613 65378.226217
425 -0.426496 0.917326 9.545491 240.854613 64477.429955
425 11.936412 -4.767778 11.616834 145.963666 96812.670902
425 -11.812166 4.748384 11.616834 145.963666 97967.892628
425 12.963556 -4.968681 12.196596 7.101125 111523.370674
425 -13.020254 5.006004 12.196596 7.101125 103262.756393
425 14.308388 -5.220047 4.691027 188.365448 15497.304137
425 -14.242960 5.186169 4.691027 188.365448 15605.343835
425 14.760113 -5.301807 12.500457 352.908538 114810.902003
425 -14.875932 5.272998 12.500457 352.908538 110667.363736
425 20.631444 -6.268215 19.993837 341.245305 289419.367969
425 -20.691699 6.245941 19.993837 341.245305 294569.028458
425 27.200105 -7.197213 10.603321 124.104301 80129.201936
425 -27.187146 7.226278 10.603321 124.104301 81637.956663
425 25.043131 -6.905950 2.861004 302.414898 5963.547773
425 -25.297342 6.822083 2.861004 302.414898 6129.535739
425 15.501196 -5.433275 18.959146 120.873562 263664.326737
425 -15.566079 5.461902 18.959146 120.873562 264732.794163
425 20.639207 -6.269394 12.600704 249.015405 114842.300833
425 -20.765993 6.323444 12.600704 249.015405 113531.958723
425 20.780136 -6.290762 8.648264 191.992115 54299.883863
425 -20.828382 6.365228 8.648264 191.992115 53800.928386
425 29.201895 -7.457351 3.129050 345.405101 7156.452269
425 -29.200579 7.244838 3.129050 345.405101 6884.483126
425 19.884846 -6.153755 6.901737 294.639772 33388.260180
425 -19.826609 6.263542 6.901737 294.639772 34919.179313
425 20.497146 -6.247781 6.550385 334.989912 30637.481188
425 -20.450763 6.282080 6.550385 334.989912 31524.033080
426 10.327523 -4.434832 4.419948 289.547427 13960.687722
426 -10.320201 4.402168 4.419948 289.547427 14526.969211
426 8.016016 -3.907135 4.129992 85.847180 12227.906445
426 -8.079537 3.855996 4.129992 85.847180 12120.285211
426 10.983592 -4.573527 10.966469 196.899312 86874.455770
426 -11.005488 4.563922 10.966469 196.899312 86737.631671
426 23.231755 -6.651508 4.267349 355.249022 13599.962562
426 -23.227188 6.764316 4.267349 355.249022 12907.795503
426 11.704306 -4.721195 7.878288 338.400212 46109.485156
426 -11.637672 4.817515 7.878288 338.400212 45006.291478
426 19.255044 -6.055519 10.107247 182.897983 72867.053104
426 -19.032464 6.077304 10.107247 182.897983 72885.790521
426 18.061646 -5.864861 2.334970 252.137606 4020.721309
426 -18.126964 5.863018 2.334970 252.137606 4036.584616
426 19.510302 -6.095524 7.282015 18.106556 37076.873689
426 -19.403873 6.131980 7.282015 18.106556 39164.720163
426 32.456478 -7.861941 4.452819 310.436826 14308.513097
426 -32.670162 7.880024 4.452819 310.436826 14059.232098
426 11.289638 -4.636808 7.240580 48.579937 38206.491304
426 -11.448516 4.646777 7.240580 48.579937 38578.634978
426 24.565208 -6.839735 5.958322 123.089775 26840.017713
426 -24.631426 6.881931 5.958322 123.089775 25084.033766
426 21.401186 -6.384075 4.713240 275.892979 15544.730981
426 -21.483293 6.380825 4.713240 275.892979 16125.823233
426 14.147095 -5.190542 5.095409 296.643463 18028.325049
426 -14.151808 5.234224 5.095409 296.643463 18391.255147
426 21.700195 -6.428519 3.180776 12.276142 7242.625141
426 -21.778900 6.474545 3.180776 12.276142 7573.988221
426 18.201134 -5.887465 8.395182 248.725304 50380.867601
426 -18.138908 5.936071 8.395182 248.725304 51071.086708
427 17.750306 -5.814093 12.044258 23.675748 104605.608568
427 -17.772143 5.835941 12.044258 23.675748 102621.365634
427 21.401598 -6.384137 13.051008 314.086237 119443.259060
427 -21.312550 6.333853 13.051008 314.086237 122839.595236
427 22.744875 -6.581439 4.969786 58.715753 18152.305429
427 -22.534060 6.648758 4.969786 58.715753 17757.748168
427 3.105190 -2.431774 20.360418 65.674268 301163.607397
427 -3.091214 2.427680 20.360418 65.674268 293672.047865
427 17.650993 -5.797806 6.119785 134.669299 26984.319710
427 -17.705501 5.890106 6.119785 134.669299 25845.377579
427 10.459055 -4.462984 8.240989 186.796143 48116.361098
427 -10.450747 4.475549 8.240989 186.796143 47752.521427
427 8.679112 -4.065526 11.317636 206.929262 91288.852220
427 -8.654911 4.141061 11.317636 206.929262 96224.067125
427 10.875060 -4.550875 9.133517 95.807707 59930.817792
427 -10.848581 4.514902 9.133517 95.807707 60224.356552
427 13.952572 -5.154734 9.170812 313.240609 59225.483938
427 -13.891779 5.112636 9.170812 313.240609 60411.748715
427 9.835401 -4.327879 13.282512 298.821948 124853.339484
427 -9.945860 4.326129 13.282512 298.821948 121990.553240
427 11.781039 -4.736646 4.534455 183.216836 14705.429357
427 -11.796099 4.775650 4.534455 183.216836 15186.109669
427 9.387404 -4.228164 7.535256 169.899972 41226.716098
427 -9.412803 4.296486 7.535256 169.899972 41989.412297
427 21.740032 -6.434417 5.017816 239.242239 17722.125360
427 -21.668361 6.442461 5.017816 239.242239 18366.550710
427 12.019597 -4.784362 16.140155 267.159098 190176.841773
427 -12.030766 4.802993 16.140155 267.159098 188883.970291
427 7.313025 -3.731880 8.191363 63.159362 47832.233720
427 -7.329199 3.696614 8.191363 63.159362 48048.082420
428 23.754261 -6.725891 11.507857 203.879232 94221.440003
428 -23.891925 6.834988 11.507857 203.879232 91714.345174
428 18.760541 -5.977255 2.399983 211.289808 4108.688784
428 -18.586173 5.868808 2.399983 211.289808 4112.951852
428 8.435761 -4.008125 5.509830 264.329558 21365.021759
428 -8.385411 3.943123 5.509830 264.329558 21347.997962
428 14.919720 -5.330395 4.867351 27.463621 17265.371348
428 -14.904629 5.344748 4.867351 27.463621 17619.432656
428 20.791810 -6.292529 5.429520 257.725424 21981.651882
428 -20.784445 6.213191 5.429520 257.725424 21764.047222
428 10.701827 -4.514483 4.247169 273.159210 12807.491804
428 -10.688885 4.532104 4.247169 273.159210 12674.334720
428 9.131307 -4.170091 14.165713 58.023050 144319.369646
428 -9.214438 4.166780 14.165713 58.023050 144071.419640
428 2.725353 -2.278193 4.846442 182.271507 16742.887169
428 -2.700243 2.261765 4.846442 182.271507 16828.651298
428 9.556119 -4.265990 3.538386 101.355991 9141.892191
428 -9.548481 4.117752 3.538386 101.355991 8999.002803
428 13.821063 -5.130383 5.715826 154.124828 24120.964462
428 -13.817547 5.192081 5.715826 154.124828 23408.580257
428 24.573375 -6.840872 4.869189 190.569473 17018.465907
428 -24.713127 6.864279 4.869189 190.569473 17324.441543
428 12.342432 -4.848188 7.511888 1.649945 40277.190185
428 -12.214164 4.852451 7.511888 1.649945 41523.389960
428 16.197955 -5.554042 4.014789 357.535287 11602.226204
428 -16.075630 5.424168 4.014789 357.535287 11223.978624
428 15.647858 -5.458918 11.901377 71.335737 100884.598009
428 -15.683896 5.396538 11.901377 71.335737 102785.724868
428 14.488170 -5.252739 5.802476 145.477616 23410.157194
428 -14.542470 5.297325 5.802476 145.477616 25138.772659
428 15.115509 -5.365256 6.212619 358.317729 28545.040290
428 -15.035943 5.340753 6.212619 358.317729 27588.483322
429 8.126169 -3.933888 6.930148 263.981955 35174.917049
429 -8.157627 3.941096 6.930148 263.981955 35422.063100
429 11.801294 -4.740716 3.033333 123.051226 6642.725262
429 -11.877844 4.765893 3.033333 123.051226 6711.754818
429 7.388949 -3.751202 7.000511 349.295041 35398.623910
429 -7.282197 3.769803 7.000511 349.295041 34964.535232
429 13.572538 -5.084048 4.320619 24.801561 13397.402961
429 -13.551831 5.187567 4.320619 24.801561 13404.494716
429 24.442316 -6.822606 4.262456 311.116860 13084.571012
429 -24.349724 6.794039 4.262456 311.116860 12792.312119
429 1.727135 -1.813603 5.033397 197.781805 17965.066211
429 -1.721778 1.819008 5.033397 197.781805 18530.790382
429 32.103047 -7.819018 2.914389 350.293420 6226.556382
429 -32.089816 7.827241 2.914389 350.293420 6225.164080
429 16.207815 -5.555732 5.051513 300.087164 18192.678928
429 -16.141299 5.666718 5.051513 300.087164 18803.052517
429 13.308198 -5.034296 4.783823 161.154505 15754.111024
429 -13.371808 5.051628 4.783823 161.154505 16139.834641
429 11.262097 -4.631149 5.770341 60.935268 23664.980954
429 -11.251482 4.719871 5.770341 60.935268 24323.226351
429 9.334143 -4.216153 6.883856 260.122013 34613.804760
429 -9.337563 4.166651 6.883856 260.122013 34164.221549
429 15.989427 -5.518176 12.219244 351.493527 108770.171298
429 -16.017962 5.510813 12.219244 351.493527 107367.137141
429 20.942466 -6.315286 5.061011 23.843322 18562.948788
429 -20.880218 6.394448 5.061011 23.843322 19175.334712
429 11.035918 -4.584409 12.604459 282.501940 118558.462912
429 -11.057338 4.596756 12.604459 282.501940 117182.515200
429 4.757123 -3.009895 9.859985 104.439239 70354.518741
429 -4.772887 3.022399 9.859985 104.439239 70162.084823
429 7.414553 -3.757695 5.601542 127.190106 23087.249085
429 -7.408877 3.789890 5.601542 127.190106 22813.063859
430 13.788160 -5.124273 5.956580 298.375136 25230.798154
430 -13.761948 5.154773 5.956580 298.375136 25911.747743
430 16.520926 -5.609140 5.489596 126.090836 22483.378451
430 -16.380807 5.642339 5.489596 126.090836 21659.214572
430 13.689002 -5.105814 8.554007 210.227712 54582.000840
430 -13.655730 5.134832 8.554007 210.227712 53550.283737
430 9.610279 -4.278062 3.860433 324.653118 10766.168706
430 -9.472839 4.305347 3.860433 324.653118 11268.876746
430 6.370867 -3.483200 2.854083 76.439259 5659.769304
430 -6.371903 3.529420 2.854083 76.439259 5843.956457
430 9.617451 -4.279658 9.495748 220.514139 67888.983901
430 -9.548174 4.300413 9.495748 220.514139 63607.289198
430 16.338793 -5.578136 13.872948 63.199286 141201.353303
430 -16.287043 5.555772 13.872948 63.199286 140677.475910
430 9.575700 -4.270359 5.076909 261.911433 18192.606056
430 -9.550227 4.259843 5.076909 261.911433 19078.554645
430 13.660454 -5.100487 9.384479 223.532562 63122.684695
430 -13.625636 5.157069 9.384479 223.532562 65084.618077
430 12.040577 -4.788536 7.385272 204.928194 39090.664211
430 -12.066424 4.817721 7.385272 204.928194 39327.304694
430 14.383444 -5.233721 3.001526 113.453563 6596.817826
430 -14.273789 5.132814 3.001526 113.453563 6339.873377
430 20.038705 -6.177517 15.785099 57.642051 180497.089087
430 -19.871152 6.083726 15.785099 57.642051 184366.496925
430 17.665583 -5.800201 18.655301 279.840197 251870.038937
430 -17.596619 5.738662 18.655301 279.840197 251141.290618
430 22.678235 -6.571791 7.786860 215.574991 45523.498827
430 -22.509018 6.511634 7.786860 215.574991 43468.747802
430 12.688760 -4.915737 10.764962 105.546199 84416.670297
430 -12.682514 4.885241 10.764962 105.546199 81902.967232
430 10.610340 -4.495145 10.318739 319.923787 75486.139083
430 -10.785003 4.515717 10.318739 319.923787 75276.312661
431 14.847176 -5.317421 4.869415 73.116121 16835.916280
431 -14.840202 5.334397 4.869415 73.116121 16797.064428
431 22.059240 -6.481483 8.981509 289.702895 59006.566469
431 -22.234623 6.491424 8.981509 289.702895 58221.309268
431 21.232063 -6.358800 9.093041 60.561687 59453.040681
431 -21.347577 6.420455 9.093041 60.561687 59014.776446
431 26.924246 -7.160624 2.925081 22.904789 6320.131553
431 -26.730663 7.250728 2.925081 22.904789 6050.452240
431 6.561125 -3.534828 12.009173 222.422907 104908.584806
431 -6.573784 3.531455 12.009173 222.422907 103799.977063
431 17.738481 -5.812157 7.570711 328.197595 41973.053187
431 -17.757546 5.768326 7.570711 328.197595 41525.601432
431 9.471344 -4.247026 4.881374 301.456678 17197.415555
431 -9.460574 4.266035 4.881374 301.456678 17250.732686
431 1.088196 -1.439570 6.250901 193.936730 27670.165784
431 -1.089394 1.477999 6.250901 193.936730 28343.526280
431 18.438365 -5.925709 12.331394 33.765787 111471.944966
431 -18.456977 5.879385 12.331394 33.765787 112606.433200
431 16.019665 -5.523391 3.460065 269.062061 8433.098065
431 -16.082273 5.574948 3.460065 269.062061 8845.257843
431 14.040804 -5.171006 16.116947 302.271870 188979.468899
431 -14.060067 5.219286 16.116947 302.271870 187740.085008
431 21.938729 -6.463754 11.295756 128.604753 91232.112137
431 -21.851287 6.492630 11.295756 128.604753 93422.653823
431 16.158495 -5.547273 11.068922 277.889255 91977.028644
431 -16.109721 5.517358 11.068922 277.889255 90026.102658
431 9.685438 -4.294758 11.774265 311.271624 98823.274022
431 -9.689188 4.332720 11.774265 311.271624 101607.734953
431 11.937450 -4.767985 7.346500 340.115268 38682.320033
431 -11.829558 4.783931 7.346500 340.115268 39442.435808
431 16.045445 -5.527834 9.987589 79.390047 72884.686132
431 -16.163270 5.547950 9.987589 79.390047 71833.697170
432 17.107141 -5.707788 8.929425 21.417109 54204.324749
432 -17.134675 5.701157 8.929425 21.417109 58016.654983
432 15.397086 -5.414999 5.873345 346.156024 24853.055418
432 -15.354673 5.413862 5.873345 346.156024 23905.816862
432 15.393157 -5.414308 3.136533 134.245732 6935.041606
432 -15.365004 5.414703 3.136533 134.245732 6876.299788
432 15.343192 -5.405513 2.819703 236.018662 5707.995959
432 -15.341485 5.388845 2.819703 236.018662 5672.029049
432 9.872323 -4.335995 4.425806 289.698681 13739.881809
432 -9.839199 4.326461 4.425806 289.698681 13865.315061
432 16.463524 -5.599387 4.116908 177.990922 12106.999087
432 -16.503173 5.585450 4.116908 177.990922 11654.299848
432 12.322597 -4.844291 5.069191 260.132980 18144.999868
432 -12.364430 4.884436 5.069191 260.132980 18082.695911
432 4.636986 -2.971645 10.119213 8.529654 72720.739192
432 -4.642536 2.948487 10.119213 8.529654 73769.389092
432 7.652485 -3.817511 3.357770 129.717663 8011.262216
432 -7.660225 3.777192 3.357770 129.717663 8077.424095
432 23.579635 -6.701124 4.753634 88.348607 16186.155185
432 -23.519623 6.712732 4.753634 88.348607 16821.799906
432 18.854130 -5.992145 7.520948 356.787807 39964.175496
432 -18.824844 6.025103 7.520948 356.787807 39260.594014
432 14.612592 -5.275246 8.876754 331.772636 55766.446665
432 -14.648198 5.213967 8.876754 331.772636 56835.606983
432 8.463811 -4.014783 1.875588 54.904606 2553.337144
432 -8.488091 3.983474 1.875588 54.904606 2491.939735
432 18.093251 -5.869990 3.970258 107.966050 11161.079091
432 -18.000214 5.904107 3.970258 107.966050 11325.312649
432 16.697194 -5.638984 2.424304 289.864185 4328.018382
432 -16.723365 5.692157 2.424304 289.864185 4266.330972
432 14.378458 -5.232813 4.107772 87.980310 12228.380714
432 -14.327036 5.271200 4.107772 87.980310 12519.264563
432 27.089761 -7.182600 13.843889 202.798172 137715.093152
432 -27.088310 7.189655 13.843889 202.798172 140095.674701
433 13.351224 -5.042427 3.178593 288.738360 7402.904070
433 -13.398126 5.054888 3.178593 288.738360 7248.318714
433 10.128369 -4.391864 7.654712 44.728187 43370.718867
433 -10.119007 4.374247 7.654712 44.728187 43025.280281
433 10.634107 -4.500177 7.451210 162.799349 41242.020022
433 -10.649928 4.539823 7.451210 162.799349 40364.657221
433 7.623069 -3.810167 5.761321 356.877599 23816.641090
433 -7.582632 3.848868 5.761321 356.877599 24562.228680
433 19.639118 -6.115614 15.424232 88.987823 173878.039889
433 -19.799769 6.060551 15.424232 88.987823 173169.400068
433 15.250076 -5.389086 28.936907 35.334295 603914.286019
433 -15.277261 5.415014 28.936907 35.334295 587256.183897
433 11.545523 -4.689061 10.140116 237.357020 70549.903007
433 -11.521748 4.719013 10.140116 237.357020 74304.217439
433 17.933370 -5.843998 5.369011 218.156991 21310.347120
433 -17.779718 5.794387 5.369011 218.156991 21096.163498
433 11.904422 -4.761384 4.694712 164.594171 16059.318098
433 -11.915192 4.688080 4.694712 164.594171 15803.994502
433 22.532273 -6.550608 10.614729 91.677253 80023.039782
433 -22.665388 6.532771 10.614729 91.677253 78257.779526
433 14.053255 -5.173299 13.995450 183.091820 145242.320447
433 -14.008403 5.147045 13.995450 183.091820 140552.600614
433 16.623394 -5.626508 4.072111 132.330494 12106.577556
433 -16.697109 5.675414 4.072111 132.330494 11803.188673
433 6.949484 -3.637939 4.166192 163.045223 13135.577907
433 -6.933201 3.669977 4.166192 163.045223 12625.894512
433 15.904022 -5.503419 7.612898 236.264400 40428.758352
433 -16.084506 5.462679 7.612898 236.264400 41416.943853
433 12.170333 -4.814269 5.165241 302.759884 20012.163781
433 -12.146479 4.826089 5.165241 302.759884 18898.591297
433 11.854988 -4.751488 5.840089 61.310550 24478.903287
433 -11.867108 4.709455 5.840089 61.310550 24599.942120
433 15.693394 -5.466855 8.041000 141.165993 46361.564701
433 -15.733626 5.442570 8.041000 141.165993 48645.383936
434 14.455076 -5.246737 3.463037 238.437765 8760.629751
434 -14.502124 5.228542 3.463037 238.437765 8635.907189
434 17.913843 -5.840815 4.626667 126.545306 15463.318615
434 -17.869377 5.834869 4.626667 126.545306 15092.563500
434 8.315806 -3.979525 5.250433 126.377366 19216.310680
434 -8.337942 4.010840 5.250433 126.377366 20311.375801
434 14.134579 -5.188246 2.778789 240.409047 5519.380884
434 -14.185697 5.194704 2.778789 240.409047 5509.551988
434 15.084831 -5.359809 8.756603 103.560678 56066.227492
434 -15.084701 5.357557 8.756603 103.560678 54669.915358
434 20.034326 -6.176842 5.720347 181.400145 23814.128260
434 -19.989256 6.131723 5.720347 181.400145 24214.535567
434 12.832872 -4.943574 5.165976 245.171311 19500.232409
434 -12.839822 4.973917 5.165976 245.171311 19202.017249
434 14.596111 -5.272270 10.212444 299.265508 76707.474510
434 -14.563108 5.289415 10.212444 299.265508 77009.858617
434 15.075388 -5.358131 14.415858 302.846747 147976.953290
434 -15.125818 5.398160 14.415858 302.846747 149333.755177
434 16.407234 -5.589806 9.054447 146.559762 60601.248264
434 -16.362273 5.604247 9.054447 146.559762 60717.035956
434 7.489084 -3.776534 6.958923 292.081492 34921.600877
434 -7.464490 3.766659 6.958923 292.081492 35208.035198
434 17.465535 -5.767267 11.393339 359.721002 92396.814855
434 -17.521619 5.794776 11.393339 359.721002 90519.290548
434 15.888696 -5.500767 7.464010 219.531615 38857.689388
434 -15.810325 5.564877 7.464010 219.531615 39460.902557
434 7.385846 -3.750414 3.462924 257.704495 8684.629780
434 -7.408148 3.749430 3.462924 257.704495 8580.841710
434 17.179616 -5.719865 9.898152 50.498661 70864.092566
434 -17.190708 5.770676 9.898152 50.498661 69379.434558
434 21.536908 -6.404287 1.840768 224.371082 2398.284459
434 -21.585596 6.475419 1.840768 224.371082 2375.835068
434 30.354408 -7.603087 5.602407 296.093812 22457.319072
434 -30.638586 7.513934 5.602407 296.093812 22961.076310
435 6.849835 -3.611762 10.302568 90.459986 77663.556100
435 -6.833030 3.634016 10.302568 90.459986 77890.602057
435 25.075443 -6.910403 5.749297 120.843206 23852.169395
435 -25.061364 6.856758 5.749297 120.843206 22726.367804
435 5.937539 -3.362655 4.356242 275.324427 13747.317831
435 -5.931340 3.342833 4.356242 275.324427 13271.944143
435 7.328458 -3.735815 8.532499 347.762701 51668.286688
435 -7.294052 3.713510 8.532499 347.762701 54633.783592
435 12.143365 -4.808932 5.669918 27.332125 23689.462394
435 -12.089378 4.767598 5.669918 27.332125 23129.819879
435 14.924037 -5.331166 7.896615 138.889326 44594.174907
435 -14.922322 5.311849 7.896615 138.889326 45428.783793
435 7.601400 -3.804748 4.706088 108.145757 15928.467286
435 -7.617442 3.823813 4.706088 108.145757 15670.490964
435 23.658024 -6.712253 10.605054 48.800829 81373.331213
435 -23.462941 6.724016 10.605054 48.800829 83736.157305
435 11.095876 -4.596845 2.324570 93.705797 4019.025420
435 -11.105564 4.664073 2.324570 93.705797 3913.447645
435 7.663070 -3.820151 3.079669 211.822336 6867.312428
435 -7.692671 3.806890 3.079669 211.822336 6762.082401
435 13.840555 -5.134000 8.370246 177.639739 50141.540747
435 -13.879873 5.152714 8.370246 177.639739 51937.918404
435 17.201915 -5.723576 9.007224 241.776501 59481.846648
435 -17.118695 5.731877 9.007224 241.776501 58384.958578
435 -0.421190 -0.895608 6.969077 1.107453 36076.270088
435 0.422995 0.890423 6.969077 1.107453 35210.954658
435 21.413092 -6.385851 3.012242 219.789139 6292.982723
435 -21.252191 6.470030 3.012242 219.789139 6570.271768
435 8.254755 -3.964890 6.995771 55.639893 34371.256723
435 -8.245025 3.903539 6.995771 55.639893 35164.574069
435 14.923315 -5.331037 12.757529 338.390145 120550.014470
435 -14.949188 5.279976 12.757529 338.390145 116679.821537
435 14.712212 -5.293197 3.878577 241.692696 10510.684927
435 -14.682937 5.227138 3.878577 241.692696 11210.980927
436 19.267859 -6.057533 7.266071 77.821829 37464.871186
436 -19.213826 6.012622 7.266071 77.821829 37981.755345
436 17.581240 -5.786338 9.971160 33.683057 69940.831103
436 -17.476804 5.816350 9.971160 33.683057 70249.009504
436 7.682946 -3.825102 3.488093 239.379918 8881.072783
436 -7.704404 3.790036 3.488093 239.379918 8762.561677
436 21.595385 -6.412975 9.673583 249.403279 68078.840937
436 -21.625218 6.350938 9.673583 249.403279 67500.911741
436 5.877602 -3.345640 4.168053 141.457327 12135.322777
436 -5.909149 3.352517 4.168053 141.457327 12037.196578
436 5.050915 -3.101445 8.449099 328.595224 52871.450110
436 -5.031650 3.017799 8.449099 328.595224 52226.450133
436 2.103830 -2.001633 7.752152 20.298701 42665.413372
436 -2.116775 1.973490 7.752152 20.298701 44653.224341
436 6.818056 -3.603374 6.663654 142.729783 32004.706221
436 -6.862542 3.648301 6.663654 142.729783 32549.829642
436 18.481362 -5.932614 3.624248 79.005917 9457.072099
436 -18.495443 5.938651 3.624248 79.005917 9226.216336
436 14.509584 -5.256620 5.313696 328.387474 20015.844927
436 -14.580658 5.248647 5.313696 328.387474 20204.945485
436 16.151355 -5.546047 2.118023 216.045939 3152.471033
436 -16.208228 5.434168 2.118023 216.045939 3276.765850
436 19.715520 -6.127498 6.040823 279.562620 26137.619934
436 -19.757966 6.122927 6.040823 279.562620 26445.877470
436 28.809141 -7.407032 15.116735 48.161098 163928.068709
436 -28.704654 7.434790 15.116735 48.161098 167549.833380
436 6.332165 -3.472603 5.768446 245.835781 23868.173376
436 -6.380061 3.427306 5.768446 245.835781 24192.666829
436 16.243628 -5.561867 7.399008 281.319035 40145.328701
436 -16.339041 5.584920 7.399008 281.319035 39865.551980
436 7.754927 -3.842978 12.370493 99.782504 107060.206081
436 -7.744848 3.822675 12.370493 99.782504 109153.950326
436 8.907829 -4.118746 15.738534 32.145874 179896.192152
436 -8.927097 4.143983 15.738534 32.145874 178541.466185
437 12.588177 -4.896215 10.899124 65.394159 87012.842992
437 -12.618681 4.889275 10.899124 65.394159 86788.331478
437 10.313252 -4.431767 2.497310 167.497484 4480.908556
437 -10.215933 4.401885 2.497310 167.497484 4461.662663
437 14.169193 -5.194594 6.454238 12.794368 30220.360266
437 -14.138110 5.209941 6.454238 12.794368 29350.973326
437 22.547870 -6.552874 8.566539 181.886539 51877.835417
437 -22.378834 6.582396 8.566539 181.886539 51498.359471
437 11.140156 -4.606008 9.069046 93.725535 58447.127129
437 -11.224256 4.557922 9.069046 93.725535 59171.019654
437 12.436214 -4.866572 8.535460 344.121566 53023.004458
437 -12.501614 4.823323 8.535460 344.121566 54090.808247
437 22.575540 -6.556894 3.324282 116.621287 7927.481142
437 -22.585020 6.546015 3.324282 116.621287 7929.441260
437 25.512364 -6.970348 8.487113 276.544361 50631.301899
437 -25.317158 6.893334 8.487113 276.544361 53671.638632
437 12.559238 -4.890584 14.225816 343.143481 140927.476053
437 -12.666042 4.956655 14.225816 343.143481 146971.719506
437 13.909648 -5.146798 4.321657 284.451072 13745.618640
437 -13.911291 5.155270 4.321657 284.451072 13607.883685
437 20.188770 -6.200604 7.875736 280.446078 44185.911161
437 -20.162227 6.061896 7.875736 280.446078 44910.132280
437 17.143999 -5.713933 5.075345 129.274195 18438.068516
437 -17.198677 5.628307 5.075345 129.274195 18450.086113
437 15.413773 -5.417932 12.297672 268.360162 110495.175577
437 -15.413904 5.312441 12.297672 268.360162 108048.951338
437 14.986553 -5.342321 5.129159 47.390669 19674.455680
437 -14.969321 5.344247 5.129159 47.390669 19526.910957
437 25.723755 -6.999166 5.933815 166.640719 25634.109295
437 -25.696050 6.913504 5.933815 166.640719 25281.140441
437 7.090302 -3.674612 4.666576 323.088889 15970.641009
437 -7.123370 3.712829 4.666576 323.088889 16088.821364
437 5.910981 -3.355126 3.630313 332.155086 9573.240312
437 -5.910011 3.350243 3.630313 332.155086 9426.104215
438 9.801541 -4.320423 13.028673 357.509279 120806.718131
438 -9.724792 4.306437 13.028673 357.509279 124565.223031
438 19.788095 -6.138766 4.775802 89.201894 16296.399868
438 -19.898215 6.161729 4.775802 89.201894 16703.710546
438 16.792825 -5.655109 7.986426 276.565645 46120.984221
438 -16.839791 5.645269 7.986426 276.565645 46150.513725
438 23.644139 -6.710283 5.488496 288.145669 22071.628938
438 -23.753933 6.754423 5.488496 288.145669 23237.854682
438 23.412058 -6.677269 2.561157 216.408379 4770.345663
438 -23.094989 6.680833 2.561157 216.408379 4729.409257
438 7.200449 -3.703044 12.480664 90.219630 113100.959164
438 -7.229077 3.681233 12.480664 90.219630 111042.049578
438 12.256413 -4.831264 6.589386 213.417896 31634.854017
438 -12.212828 4.876838 6.589386 213.417896 31961.266739
438 13.673575 -5.102936 8.231780 262.062943 48737.948203
438 -13.561086 5.080635 8.231780 262.062943 48152.690880
438 4.995036 -3.084242 9.814826 227.548460 70062.733553
438 -5.011381 3.091498 9.814826 227.548460 70228.674586
438 22.161179 -6.496441 10.222367 327.637296 75354.716514
438 -22.153317 6.459678 10.222367 327.637296 75962.279693
438 18.097812 -5.870730 2.879367 281.468401 5929.067147
438 -18.092898 5.811208 2.879367 281.468401 5930.434487
438 12.097790 -4.799899 14.687579 109.443108 155735.665577
438 -11.935516 4.853107 14.687579 109.443108 151612.984099
438 20.902784 -6.309300 6.674896 215.986375 32344.475029
438 -20.862638 6.426755 6.674896 215.986375 31565.411635
438 4.747490 -3.006846 6.462303 198.859333 30270.184003
438 -4.711308 3.016720 6.462303 198.859333 30483.311141
438 11.190886 -4.616484 4.634504 218.769862 15492.912555
438 -11.241762 4.577321 4.634504 218.769862 15763.522267
438 10.543962 -4.481062 6.635430 207.407521 32131.429499
438 -10.620836 4.469164 6.635430 207.407521 32447.299847
438 14.412428 -5.238991 5.589313 81.134851 22554.612703
438 -14.439213 5.243800 5.589313 81.134851 22478.323636
438 15.329200 -5.403048 3.897165 155.398435 11136.930291
438 -15.330627 5.394668 3.897165 155.398435 10857.044279
439 13.797738 -5.126052 9.079180 40.653392 57579.151184
439 -13.859698 5.164433 9.079180 40.653392 60061.651611
439 16.237230 -5.560772 4.935803 153.288062 17515.701940
439 -16.235578 5.635888 4.935803 153.288062 17410.334656
439 -3.025229 -2.400260 6.232060 248.372061 28068.597167
439 3.024652 2.426379 6.232060 248.372061 28029.447343
439 -0.137964 -0.512581 4.553144 82.081185 14324.650081
439 0.138351 0.509871 4.553144 82.081185 14862.860201
439 16.191492 -5.552934 11.451212 12.517994 95071.190458
439 -16.102985 5.526924 11.451212 12.517994 92330.339567
439 8.130314 -3.934891 14.741634 247.553270 157512.841168
439 -8.139307 3.948781 14.741634 247.553270 151579.958729
439 2.900613 -2.350304 7.158190 84.834291 37235.869954
439 -2.885726 2.354102 7.158190 84.834291 37188.165901
439 6.654305 -3.559840 8.477022 201.180834 52069.576372
439 -6.620480 3.600082 8.477022 201.180834 50365.348724
439 18.411977 -5.921467 14.526444 292.628809 152738.544775
439 -18.258848 5.863139 14.526444 292.628809 151080.325836
439 9.276772 -4.203175 7.146528 176.299767 37302.543046
439 -9.188223 4.212393 7.146528 176.299767 36880.132994
439 12.590840 -4.896733 8.311270 48.698596 48677.100665
439 -12.625949 4.895270 8.311270 48.698596 49781.860060
439 11.442901 -4.668175 6.356180 349.285053 28856.285517
439 -11.388780 4.726368 6.356180 349.285053 29113.763501
439 11.317042 -4.642432 5.109710 11.387535 18706.467828
439 -11.289670 4.617890 5.109710 11.387535 18800.479664
439 9.788863 -4.317628 2.050095 195.907585 3035.072989
439 -9.823227 4.365082 2.050095 195.907585 2905.954911
439 21.200022 -6.354000 5.106632 50.089226 18982.113865
439 -21.083975 6.258917 5.106632 50.089226 18719.512366
439 5.064105 -3.105492 3.349544 214.961491 7943.410989
439 -5.093322 3.073556 3.349544 214.961491 8183.782443
439 11.657836 -4.711813 3.544403 313.586934 8966.597716
439 -11.654660 4.755275 3.544403 313.586934 9214.923906
439 12.333917 -4.846515 9.134760 84.862348 60571.318682
439 -12.381636 4.787569 9.134760 84.862348 58204.344874
440 19.076177 -6.027327 7.689610 112.720346 43922.800213
440 -19.193497 5.989793 7.689610 112.720346 42210.646705
440 16.547586 -5.613664 11.691783 108.372274 98400.702764
440 -16.498344 5.670760 11.691783 108.372274 99065.591571
440 -3.613584 -2.623301 9.595935 213.687604 65067.419565
440 3.640165 2.660257 9.595935 213.687604 68962.715993
440 8.654244 -4.059697 17.562053 354.109522 221639.615759
440 -8.656795 4.062363 17.562053 354.109522 223568.254670
440 12.693003 -4.916559 9.035404 302.708438 60192.321672
440 -12.826447 4.827975 9.035404 302.708438 58959.859266
440 17.129083 -5.711447 8.009255 98.784818 45977.975211
440 -17.374971 5.650089 8.009255 98.784818 46960.731418
440 27.667159 -7.258742 22.131068 290.828937 357970.541001
440 -27.765230 7.419943 22.131068 290.828937 362345.941431
440 7.866967 -3.870640 11.074383 195.918460 88847.171212
440 -7.838330 3.934233 11.074383 195.918460 92883.082594
440 19.155963 -6.039919 5.094987 229.698184 18480.517612
440 -19.165118 6.058991 5.094987 229.698184 19070.083570
440 13.362828 -5.044618 9.861190 196.169406 69430.978865
440 -13.504080 5.083519 9.861190 196.169406 71084.809819
440 18.467795 -5.930436 10.467784 197.307078 79801.196869
440 -18.393148 5.981957 10.467784 197.307078 79982.818019
440 18.844310 -5.990585 12.392878 255.798185 111204.896769
440 -18.771279 6.083910 12.392878 255.798185 116094.352077
440 13.690185 -5.106034 5.437363 103.046052 22191.751801
440 -13.619136 5.037214 5.437363 103.046052 21265.467604
440 17.484501 -5.770397 7.589435 33.432811 41574.887781
440 -17.462694 5.753448 7.589435 33.432811 41417.456429
440 25.916944 -7.025399 3.314874 121.985311 8048.226931
440 -25.829130 6.845822 3.314874 121.985311 7719.457433
440 22.192061 -6.500966 3.662031 180.389244 9943.081960
440 -22.111165 6.561531 3.662031 180.389244 9640.225739
440 7.733103 -3.837567 8.188764 113.869685 48915.550636
440 -7.756814 3.849539 8.188764 113.869685 47489.520332
440 4.183900 -2.822733 12.050538 244.343465 104893.172028
440 -4.202094 2.813094 12.050538 244.343465 104584.131883
441 19.835792 -6.146160 7.070394 195.705725 35949.300406
441 -19.909381 6.263231 7.070394 195.705725 35452.959301
441 12.805936 -4.938383 8.373798 353.026791 49652.827733
441 -12.789154 4.889187 8.373798 353.026791 51885.473710
441 19.555876 -6.102640 3.492322 15.935764 9008.487048
441 -19.602157 6.041832 3.492322 15.935764 8691.593720
441 4.114084 -2.799082 9.438789 36.466520 64816.209819
441 -4.128792 2.748362 9.438789 36.466520 65840.088948
441 6.392014 -3.488976 14.449617 321.748063 153235.436119
441 -6.357754 3.527857 14.449617 321.748063 145281.867593
441 19.354136 -6.071080 8.749724 206.282489 55607.495664
441 -19.285503 6.058446 8.749724 206.282489 56511.877060
441 9.750224 -4.309098 4.702627 322.716923 15621.023181
441 -9.747772 4.258784 4.702627 322.716923 15692.146158
441 7.043312 -3.662415 10.779916 101.706759 84554.102477
441 -7.058064 3.627197 10.779916 101.706759 84678.646354
441 9.719716 -4.302351 8.719128 107.912105 54524.523115
441 -9.777258 4.221097 8.719128 107.912105 53836.202133
441 5.996925 -3.379430 9.285215 103.225024 62477.000018
441 -6.002901 3.338760 9.285215 103.225024 62137.376621
441 11.575285 -4.695101 4.631092 203.906600 16018.411587
441 -11.514768 4.594724 4.631092 203.906600 15409.208774
441 21.827484 -6.447345 5.589798 262.639918 22203.355126
441 -21.772721 6.488165 5.589798 262.639918 22938.176062
441 13.545803 -5.079038 7.691616 63.560552 42934.946176
441 -13.358739 5.174958 7.691616 63.560552 43341.770082
441 16.194459 -5.553443 6.517487 203.389620 31234.503387
441 -16.183271 5.555633 6.517487 203.389620 30231.646806
441 6.081668 -3.403223 2.803468 291.514466 5656.750070
441 -6.071800 3.342609 2.803468 291.514466 5457.947908
441 24.044456 -6.766850 9.827852 90.127718 67801.877561
441 -24.098523 6.868677 9.827852 90.127718 69315.877811
441 17.788848 -5.820402 6.917186 86.884097 34254.332693
441 -17.747473 5.772923 6.917186 86.884097 35112.411789
441 12.302212 -4.840282 7.667325 38.317130 41356.631191
441 -12.321596 4.853411 7.667325 38.317130 42379.257291
442 14.714618 -5.293630 5.395333 122.915278 20720.411187
442 -14.787357 5.354037 5.395333 122.915278 21062.450509
442 19.305483 -6.063445 15.275447 151.212905 169430.519133
442 -19.501211 6.151417 15.275447 151.212905 166894.170332
442 5.873649 -3.344514 9.230217 277.637328 61935.616965
442 -5.902018 3.347432 9.230217 277.637328 60788.358854
442 21.538138 -6.404470 11.309593 264.384430 90263.960607
442 -21.643691 6.400625 11.309593 264.384430 94600.473948
442 17.412690 -5.758535 6.409130 43.528801 29421.306578
442 -17.361817 5.727341 6.409130 43.528801 28383.201431
442 10.900201 -4.556132 4.558866 264.909777 14775.257591
442 -10.915059 4.651185 4.558866 264.909777 15299.761679
442 13.934218 -5.151342 4.147762 227.618715 11824.282566
442 -13.993850 5.272283 4.147762 227.618715 11843.951076
442 12.703746 -4.918639 6.630458 300.452830 32124.047819
442 -12.624537 4.941983 6.630458 300.452830 32086.607445
442 12.542125 -4.887251 10.867394 276.582927 84879.166348
442 -12.538166 4.871018 10.867394 276.582927 84865.867840
442 10.893596 -4.554752 4.405899 76.859002 14392.145911
442 -10.973708 4.641425 4.405899 76.859002 14024.775596
442 18.340560 -5.909971 6.896371 307.412663 34266.917328
442 -18.337590 5.905467 6.896371 307.412663 33940.826270
442 -0.841534 -1.265945 3.710707 238.821073 9638.685899
442 0.845338 1.256981 3.710707 238.821073 9412.140200
442 12.460976 -4.871415 18.125437 205.139852 236137.474989
442 -12.475945 4.842978 18.125437 205.139852 231548.906294
442 3.527908 -2.592016 13.329005 277.742078 128193.226785
442 -3.509663 2.558983 13.329005 277.742078 127128.328818
442 19.576924 -6.105923 6.927652 267.106298 33256.694644
442 -19.541742 6.079968 6.927652 267.106298 33679.112572
442 10.375769 -4.445179 4.095034 235.674843 12186.606423
442 -10.398262 4.492967 4.095034 235.674843 11881.110611
442 13.181483 -5.010271 13.155685 109.202586 125339.865747
442 -13.204589 5.016829 13.155685 109.202586 118908.694256
442 12.668837 -4.911877 11.511688 349.840223 93521.261569
442 -12.698658 4.919326 11.511688 349.840223 100688.999179
443 5.438198 -3.218152 6.197741 326.567053 29332.379915
443 -5.456367 3.224434 6.197741 326.567053 27281.113785
443 8.171132 -3.944757 4.321247 200.072384 13225.900819
443 -8.185296 3.900130 4.321247 200.072384 13473.688843
443 20.694912 -6.277849 11.227511 236.897716 90378.559001
443 -20.668815 6.309209 11.227511 236.897716 89055.342197
443 14.858787 -5.319499 2.013031 4.365722 2878.029178
443 -14.860415 5.340802 2.013031 4.365722 2894.396579
443 17.215033 -5.725758 6.569403 79.324342 30716.077301
443 -17.195794 5.745204 6.569403 79.324342 31505.588679
443 5.912699 -3.355614 2.925186 309.275192 6382.110261
443 -5.938760 3.363667 2.925186 309.275192 6237.768314
443 14.461667 -5.247933 11.136024 112.350709 93437.602106
443 -14.533790 5.254242 11.136024 112.350709 89524.255885
443 13.856475 -5.136951 3.517577 238.527691 8965.935996
443 -13.733969 5.106825 3.517577 238.527691 9014.880791
443 16.938971 -5.679663 7.455390 11.144448 39966.722786
443 -16.972579 5.646712 7.455390 11.144448 40235.444553
443 1.913085 -1.908737 0.969383 272.372199 680.643708
443 -1.922632 1.928378 0.969383 272.372199 655.519627
443 13.204820 -5.014704 10.956044 101.247320 87300.138034
443 -13.218258 5.013454 10.956044 101.247320 89470.853193
443 14.157808 -5.192507 3.418715 19.866573 8473.631687
443 -14.208027 5.260641 3.418715 19.866573 8139.528212
443 4.053981 -2.778561 3.491142 9.151808 8472.977331
443 -4.072017 2.724326 3.491142 9.151808 8345.605827
443 5.601502 -3.266114 2.581132 171.323195 5019.478625
443 -5.598958 3.262973 2.581132 171.323195 4908.959735
443 22.626872 -6.564344 5.807117 49.200800 24621.086604
443 -22.615898 6.520292 5.807117 49.200800 24170.506814
443 10.834162 -4.542310 11.121392 331.052277 87024.888600
443 -10.874838 4.524915 11.121392 331.052277 88704.043111
443 14.974638 -5.340197 6.615691 172.471771 30955.491492
443 -14.915140 5.305331 6.615691 172.471771 30785.517597
443 17.294539 -5.738965 12.941346 248.581224 118475.714407
443 -17.321715 5.724986 12.941346 248.581224 125109.345806
444 11.867396 -4.753974 4.596249 267.324944 15306.237789
444 -11.895400 4.765843 4.596249 267.324944 15942.094293
444 9.801253 -4.320359 3.782450 84.751681 10140.023239
444 -9.844468 4.291318 3.782450 84.751681 10194.410124
444 6.198794 -3.435838 10.843918 201.463500 88359.549220
444 -6.198095 3.473979 10.843918 201.463500 84026.788843
444 5.090128 -3.113461 7.532829 342.016823 41771.903065
444 -5.083117 3.105997 7.532829 342.016823 41622.458813
444 13.983641 -5.160470 12.312289 80.350526 106521.919604
444 -14.104358 5.263355 12.312289 80.350526 110416.474909
444 16.569781 -5.617428 11.657373 93.296228 102605.703434
444 -16.497002 5.618224 11.657373 93.296228 98454.622663
444 28.437492 -7.359100 1.891759 90.122345 2594.890425
444 -28.761971 7.376129 1.891759 90.122345 2606.114034
444 14.002417 -5.163933 10.627072 340.245097 76944.558860
444 -13.992320 5.163554 10.627072 340.245097 81705.596650
444 -6.795760 -3.597478 13.514674 2.368225 132599.418031
444 6.737062 3.617342 13.514674 2.368225 128799.708927
444 9.270019 -4.201646 9.431193 254.426428 63529.058725
444 -9.331599 4.281975 9.431193 254.426428 64785.254104
444 23.770632 -6.728209 19.789709 251.535067 277972.974570
444 -23.901582 6.706698 19.789709 251.535067 279535.147996
444 16.212116 -5.556470 3.017706 241.794225 6504.636766
444 -16.196462 5.489543 3.017706 241.794225 6348.561575
444 18.101979 -5.871406 7.729113 10.342954 42760.261605
444 -18.042441 5.798118 7.729113 10.342954 42580.355446
444 14.432032 -5.242553 8.791410 60.692804 55072.595907
444 -14.541453 5.188219 8.791410 60.692804 55638.778547
444 12.712156 -4.920267 11.130087 290.246435 89444.695312
444 -12.636458 4.952592 11.130087 290.246435 88668.278444
444 16.494281 -5.604615 4.877000 195.575413 16869.984443
444 -16.594979 5.603837 4.877000 195.575413 17488.519465
444 11.495053 -4.678801 13.664112 339.057068 137729.313152
444 -11.473755 4.666687 13.664112 339.057068 139209.082574
444 14.228696 -5.205490 10.408992 305.404009 75894.649812
444 -14.254298 5.193298 10.408992 305.404009 75114.804767
445 21.144738 -6.345710 7.314474 147.182276 39079.419833
445 -21.089363 6.213860 7.314474 147.182276 40027.652769
445 21.431689 -6.388623 5.822918 60.703465 24122.296088
445 -21.504281 6.337824 5.822918 60.703465 24181.568811
445 10.947100 -4.565923 11.151185 100.931251 89438.487474
445 -10.950872 4.552352 11.151185 100.931251 90263.111480
445 6.875336 -3.618479 5.066260 266.628139 18374.688456
445 -6.913224 3.601056 5.066260 266.628139 18475.343197
445 6.991669 -3.648964 2.681200 163.456652 5102.126878
445 -7.056181 3.609323 2.681200 163.456652 5091.636901
445 22.687091 -6.573074 5.299868 65.479283 20053.043662
445 -22.350475 6.581440 5.299868 65.479283 20279.394314
445 13.400286 -5.051683 3.193364 67.302362 7104.864707
445 -13.345238 4.977246 3.193364 67.302362 7365.247216
445 7.201054 -3.703200 4.984159 49.686864 17720.446167
445 -7.177741 3.767408 4.984159 49.686864 17277.538557
445 15.426397 -5.420150 6.041307 333.679274 25382.870463
445 -15.238000 5.408770 6.041307 333.679274 26471.239353
445 10.910739 -4.558334 10.516602 253.789481 77875.707495
445 -10.964822 4.502439 10.516602 253.789481 77248.955116
445 8.714118 -4.073717 10.264265 294.552326 75469.953031
445 -8.744141 4.136869 10.264265 294.552326 73424.931543
445 9.454573 -4.243264 7.818832 124.594471 43579.868636
445 -9.475061 4.265871 7.818832 124.594471 43560.495823
445 19.616545 -6.112099 4.832192 100.470168 17233.671101
445 -19.774888 6.095702 4.832192 100.470168 17327.520574
445 12.106289 -4.801585 3.483736 291.512193 8891.041864
445 -12.070595 4.783986 3.483736 291.512193 8753.213725
445 10.494731 -4.470589 3.776578 266.295393 10236.277555
445 -10.465445 4.491985 3.776578 266.295393 10376.887863
445 23.804165 -6.732953 8.868761 288.296354 55717.092336
445 -23.919686 6.794786 8.868761 288.296354 57185.050418
445 9.676322 -4.292737 5.896158 310.930320 24519.294054
445 -9.658734 4.333280 5.896158 310.930320 25826.392813
445 12.351767 -4.850021 7.949517 121.277509 45830.170511
445 -12.362036 4.899753 7.949517 121.277509 44756.062511
446 17.054919 -5.699069 5.660778 117.616791 22377.002355
446 -16.964038 5.643974 5.660778 117.616791 22826.920114
446 12.415435 -4.862505 12.351054 269.902548 110000.997165
446 -12.483851 4.842061 12.351054 269.902548 113263.897004
446 7.356525 -3.742962 7.039931 133.977457 36009.057133
446 -7.385196 3.798477 7.039931 133.977457 34956.630052
446 14.556168 -5.265051 1.810030 172.902972 2306.017566
446 -14.573818 5.242733 1.810030 172.902972 2272.201321
446 7.977101 -3.897639 8.540789 9.711344 51799.547390
446 -7.978749 3.847631 8.540789 9.711344 51278.856808
446 11.798457 -4.740146 3.531108 115.568963 9009.214468
446 -11.745080 4.767484 3.531108 115.568963 8943.910259
446 3.278291 -2.498635 13.533022 103.848659 132823.706235
446 -3.292888 2.485641 13.533022 103.848659 135083.966947
446 22.329977 -6.521135 6.529921 345.620415 30605.321290
446 -22.365861 6.512105 6.529921 345.620415 30169.985909
446 10.925103 -4.561334 9.989723 24.486379 73806.453884
446 -10.946486 4.568020 9.989723 24.486379 72959.583063
446 12.287688 -4.837424 6.463529 206.429534 29465.072545
446 -12.330294 4.839288 6.463529 206.429534 30992.171314
446 5.820661 -3.329394 3.860356 218.271413 10919.649016
446 -5.812426 3.340920 3.860356 218.271413 10707.739455
446 16.741923 -5.646532 4.669512 147.267165 15415.418865
446 -16.691358 5.611690 4.669512 147.267165 15491.028436
446 8.979425 -4.135265 6.537244 49.686404 31108.732439
446 -9.025169 4.112636 6.537244 49.686404 31207.385544
446 5.726928 -3.302478 6.551718 227.679588 30869.813094
446 -5.700991 3.269262 6.551718 227.679588 30980.798160
446 4.007767 -2.762678 3.614869 318.193722 9521.065220
446 -3.993587 2.744961 3.614869 318.193722 9282.758081
446 13.524977 -5.075132 2.904746 346.257087 6137.230426
446 -13.488918 5.047320 2.904746 346.257087 6213.270746
446 1.049429 -1.413695 11.013516 343.161485 86137.171187
446 -1.056539 1.425557 11.013516 343.161485 82882.691257
446 7.329775 -3.736151 7.809763 137.273732 45463.893916
446 -7.360834 3.746719 7.809763 137.273732 44505.836507
447 5.743391 -3.307221 9.869527 239.692617 71163.400307
447 -5.754668 3.265993 9.869527 239.692617 68871.150876
447 8.592064 -4.045087 2.773883 293.320756 5593.013899
447 -8.562434 4.029126 2.773883 293.320756 5434.780756
447 10.736306 -4.521750 9.339460 278.388669 62635.162992
447 -10.625224 4.548539 9.339460 278.388669 62634.944598
447 14.490523 -5.253166 2.583286 351.563186 5147.372578
447 -14.424647 5.299101 2.583286 351.563186 4705.356971
447 19.171533 -6.042373 2.443460 331.457435 4221.743423
447 -19.025227 6.055990 2.443460 331.457435 4129.228961
447 10.155297 -4.397698 16.850854 56.907550 201756.203767
447 -10.150886 4.312653 16.850854 56.907550 197423.556207
447 9.117165 -4.166861 11.790130 291.956462 98553.570986
447 -9.123489 4.179190 11.790130 291.956462 97952.684294
447 10.723508 -4.519054 5.409009 297.695407 20812.303453
447 -10.691939 4.503641 5.409009 297.695407 21099.425301
447 10.490973 -4.469789 12.712413 9.410818 118912.099374
447 -10.449617 4.444939 12.712413 9.410818 113727.987406
447 14.619695 -5.276528 8.965369 259.132900 56985.432798
447 -14.610791 5.195519 8.965369 259.132900 57796.802453
447 14.731173 -5.296607 10.341825 321.155072 77345.753310
447 -14.680530 5.329250 10.341825 321.155072 76649.344333
447 8.059898 -3.917814 5.052146 39.401578 18688.606192
447 -8.057860 3.928554 5.052146 39.401578 17975.247692
447 16.517811 -5.608611 12.396226 57.308655 110649.454498
447 -16.469204 5.588405 12.396226 57.308655 114320.081939
447 5.304779 -3.178431 3.720736 136.584297 9697.364004
447 -5.267596 3.205316 3.720736 136.584297 10267.694129
447 19.049117 -6.023051 14.356584 335.789915 144342.582201
447 -18.977729 6.010669 14.356584 335.789915 153857.482972
447 6.173618 -3.428854 10.208242 187.618252 74081.134107
447 -6.155653 3.452384 10.208242 187.618252 74738.487512
447 1.225244 -1.527532 11.072782 31.596835 87473.906650
447 -1.227328 1.512038 11.072782 31.596835 91990.703959
448 13.732204 -5.113864 8.718656 226.219367 55436.320140
448 -13.674645 5.171106 8.718656 226.219367 52423.796300
448 13.970642 -5.158070 8.115334 69.466530 48769.290455
448 -14.047021 5.190474 8.115334 69.466530 46740.089836
448 18.740526 -5.974065 3.239968 62.531231 7556.050877
448 -18.812522 5.841790 3.239968 62.531231 7585.800478
448 3.243811 -2.485460 16.156802 326.176593 190901.165476
448 -3.231251 2.455777 16.156802 326.176593 188244.136868
448 15.247404 -5.388614 7.422281 168.218080 40229.212416
448 -15.295972 5.372497 7.422281 168.218080 38699.467756
448 11.845039 -4.749494 9.578682 81.883973 63814.961924
448 -11.810415 4.748924 9.578682 81.883973 64652.707149
448 13.703335 -5.108486 11.338966 59.816977 92342.111270
448 -13.655763 5.085102 11.338966 59.816977 91900.508678
448 4.103637 -2.795526 11.988158 130.768289 103317.624013
448 -4.089669 2.813565 11.988158 130.768289 102131.865436
448 11.603730 -4.700866 7.878615 325.476151 45231.356854
448 -11.507517 4.659023 7.878615 325.476151 42780.219715
448 24.106036 -6.775510 5.423012 271.971056 21532.587929
448 -24.130999 6.777567 5.423012 271.971056 22315.120034
448 5.838164 -3.334396 4.034798 85.553128 11680.340312
448 -5.855318 3.308394 4.034798 85.553128 12051.376826
448 11.228190 -4.624172 3.555439 46.228694 9366.732031
448 -11.241819 4.574855 3.555439 46.228694 9124.227439
448 11.980710 -4.776616 1.640982 263.552100 1985.990576
448 -11.971183 4.767569 1.640982 263.552100 1959.949224
448 8.232971 -3.959655 6.760872 62.347244 33465.686466
448 -8.296096 3.995038 6.760872 62.347244 32505.809003
448 6.605884 -3.546864 5.234274 106.435252 20609.848627
448 -6.617217 3.573050 5.234274 106.435252 20455.965441
448 27.040958 -7.176127 4.983576 300.985282 17790.600879
448 -26.953736 7.117327 4.983576 300.985282 17377.267112
448 13.397399 -5.051139 6.408714 314.272822 29491.726808
448 -13.235818 5.074363 6.408714 314.272822 29681.036289
449 2.805763 -2.311557 4.315361 93.857927 13769.043845
449 -2.795022 2.345659 4.315361 93.857927 13343.807049
449 5.540269 -3.248213 6.246220 93.614720 29069.117355
449 -5.552633 3.218270 6.246220 93.614720 28628.089142
449 13.532491 -5.076542 2.903448 94.253449 6186.266436
449 -13.490275 5.058158 2.903448 94.253449 6278.437124
449 11.516422 -4.683148 2.122997 99.397835 3321.048338
449 -11.524472 4.671112 2.122997 99.397835 3369.136681
449 1.953686 -1.928886 12.742169 319.660934 118661.307922
449 -1.953025 1.919048 12.742169 319.660934 119599.591264
449 8.084523 -3.923795 14.987097 32.824236 158778.006184
449 -8.117963 3.912161 14.987097 32.824236 157714.788917
449 20.883895 -6.306448 5.758957 73.891677 24292.676708
449 -20.841527 6.316994 5.758957 73.891677 24537.256174
449 24.554392 -6.838230 5.531570 101.694278 22509.242383
449 -24.668411 6.866397 5.531570 101.694278 22513.378877
449 18.062887 -5.865063 6.448012 36.533643 30112.906607
449 -18.099155 5.796227 6.448012 36.533643 31000.525501
449 10.108243 -4.387498 3.107671 104.967934 7041.990145
449 -10.093481 4.423932 3.107671 104.967934 7147.669200
449 15.935324 -5.508832 7.103598 26.506850 35748.866451
449 -15.986517 5.493867 7.103598 26.506850 35830.644209
449 15.029634 -5.349994 3.374730 156.947362 8350.075945
449 -15.149673 5.285912 3.374730 156.947362 8275.768948
449 6.586231 -3.541584 2.961120 308.968185 6448.350801
449 -6.538986 3.559540 2.961120 308.968185 6481.252243
449 13.820665 -5.130309 6.784282 357.998163 33656.793043
449 -13.926829 5.178195 6.784282 357.998163 31950.943677
449 13.512541 -5.072798 7.473055 23.609682 40807.089736
449 -13.499375 5.075569 7.473055 23.609682 40569.462012
449 9.252711 -4.197721 4.386265 293.501125 13677.190372
449 -9.304041 4.208274 4.386265 293.501125 13816.610077
449 12.167978 -4.813803 16.044395 137.929617 179792.782799
449 -12.182562 4.779658 16.044395 137.929617 180082.898413
450 11.808330 -4.742128 43.051427 135.514651 1381389.445944
450 -11.770882 4.789258 43.051427 135.514651 1310091.354686
450 15.544585 -5.440874 11.957062 162.542394 101169.837035
450 -15.445484 5.458030 11.957062 162.542394 102437.867896
450 9.099681 -4.162863 3.521197 198.604264 8848.791557
450 -9.034474 4.093722 3.521197 198.604264 8614.757750
450 15.338963 -5.404768 7.011089 235.594930 34396.924537
450 -15.342831 5.501073 7.011089 235.594930 37107.059023
450 11.088612 -4.595340 10.357970 352.336144 77808.695906
450 -10.969070 4.586734 10.357970 352.336144 79376.917618
450 10.623433 -4.497918 2.711254 228.815892 5286.710478
450 -10.767461 4.543280 2.711254 228.815892 5349.476880
450 9.879185 -4.337501 4.189269 133.462110 12742.663346
450 -9.800822 4.232432 4.189269 133.462110 12777.282131
450 12.331974 -4.846134 21.324617 180.974508 341665.145593
450 -12.325029 4.800789 21.324617 180.974508 318040.094470
450 7.329278 -3.736024 3.888432 215.031905 10778.932676
450 -7.342060 3.697638 3.888432 215.031905 10533.927233
450 6.004619 -3.381597 10.510689 246.284300 76963.993886
450 -6.027313 3.359789 10.510689 246.284300 79490.202546
450 15.747063 -5.476195 12.205308 320.512337 106298.959644
450 -15.797346 5.436312 12.205308 320.512337 111290.140421
450 20.165474 -6.197026 3.122444 74.331041 6949.341764
450 -20.101603 6.138405 3.122444 74.331041 6910.112481
450 9.988213 -4.361370 8.477441 208.287484 52798.037248
450 -9.978519 4.344143 8.477441 208.287484 52306.634894
450 30.174890 -7.580571 8.242476 168.588222 50320.997350
450 -30.371144 7.573828 8.242476 168.588222 49608.492463
450 32.738295 -7.896000 7.496675 199.243016 40101.036096
450 -32.531285 7.794523 7.496675 199.243016 41271.550889
450 16.487226 -5.603416 17.301457 199.361411 210028.294257
450 -16.449803 5.701856 17.301457 199.361411 217673.848746
450 2.188957 -2.041727 5.064223 337.835457 18810.185203
450 -2.198828 2.030064 5.064223 337.835457 18104.421875
451 8.372872 -3.993156 3.682010 347.391841 9891.031973
451 -8.289400 3.974385 3.682010 347.391841 9692.835374
451 10.551362 -4.482635 2.142599 324.965752 3305.539862
451 -10.473398 4.525079 2.142599 324.965752 3219.982680
451 19.826090 -6.144657 6.947310 137.708318 34050.653623
451 -19.796794 6.199974 6.947310 137.708318 35189.650059
451 11.343886 -4.647935 14.082200 190.297599 140377.617273
451 -11.328680 4.752281 14.082200 190.297599 144900.654044
451 7.865232 -3.870213 5.391131 74.707329 20893.415140
451 -7.892353 3.934470 5.391131 74.707329 20666.828886
451 11.334021 -4.645913 14.138172 263.418019 150728.967983
451 -11.377426 4.646294 14.138172 263.418019 144042.903715
451 11.431575 -4.665865 5.163881 264.490393 19407.630264
451 -11.434183 4.564570 5.163881 264.490393 19184.290495
451 9.101130 -4.163195 9.447899 1.435259 66203.763078
451 -9.042882 4.093553 9.447899 1.435259 65671.306864
451 12.523312 -4.883584 15.748237 168.174378 175824.976790
451 -12.569809 4.933141 15.748237 168.174378 176150.198059
451 8.328484 -3.982558 3.751578 67.989843 10225.126562
451 -8.297778 4.035761 3.751578 67.989843 10333.472981
451 13.891514 -5.143442 8.899142 276.079423 53918.511631
451 -13.777300 5.096810 8.899142 276.079423 56977.612560
451 17.011334 -5.691782 6.831389 285.938667 33983.734608
451 -16.941767 5.728670 6.831389 285.938667 33913.643173
451 3.695507 -2.652871 5.923098 278.197703 25110.127229
451 -3.682635 2.580975 5.923098 278.197703 25364.984206
451 7.330450 -3.736323 5.778923 171.713144 23963.824217
451 -7.261416 3.759442 5.778923 171.713144 23629.834091
451 23.415886 -6.677815 8.720543 28.000979 54369.368395
451 -23.490589 6.723679 8.720543 28.000979 55329.887685
451 18.912034 -6.001340 3.127532 338.363398 7012.776015
451 -19.014247 5.952662 3.127532 338.363398 7136.657816
451 11.400230 -4.659463 10.918487 136.934341 87168.097007
451 -11.481373 4.622731 10.918487 136.934341 86221.985382
452 8.855625 -4.106659 5.098429 285.509608 19270.679772
452 -8.842806 4.158425 5.098429 285.509608 19377.241920
452 12.226878 -4.825440 3.154969 122.673818 7001.881148
452 -12.327633 4.882193 3.154969 122.673818 6878.727840
452 14.140291 -5.189294 8.263379 97.108416 49433.878005
452 -14.007407 5.199960 8.263379 97.108416 49072.829728
452 5.658351 -3.282646 14.767092 162.011533 151139.671526
452 -5.634400 3.274760 14.767092 162.011533 159766.865274
452 11.319736 -4.642984 15.468545 308.755192 169437.965424
452 -11.306405 4.730244 15.468545 308.755192 171066.661508
452 13.253587 -5.023956 7.852622 3.771251 44543.428731
452 -13.207220 5.039975 7.852622 3.771251 43234.783717
452 18.784145 -5.981014 9.269674 75.716247 59237.164292
452 -18.784735 5.869592 9.269674 75.716247 61913.533725
452 5.209934 -3.149889 4.658617 340.790983 16140.067676
452 -5.210563 3.133573 4.658617 340.790983 15433.935961
452 5.354272 -3.193223 3.744169 8.800657 10006.162642
452 -5.305866 3.181087 3.744169 8.800657 9878.483690
452 4.332251 -2.872340 11.228145 332.650090 87279.971437
452 -4.373677 2.894758 11.228145 332.650090 90482.942261
452 12.516475 -4.882251 7.567367 24.878446 41388.224253
452 -12.584368 4.986448 7.567367 24.878446 40450.527689
452 7.550649 -3.792025 29.017364 134.864521 625774.837223
452 -7.565864 3.768114 29.017364 134.864521 595582.653386
452 7.923327 -3.884480 11.159409 14.902294 88623.790175
452 -7.891105 3.882119 11.159409 14.902294 88283.764267
452 22.458656 -6.539898 9.227333 167.752755 62430.938331
452 -22.598323 6.506646 9.227333 167.752755 62221.096020
452 16.156575 -5.546943 12.080070 283.108649 108631.152647
452 -16.242474 5.571830 12.080070 283.108649 102165.710320
452 14.741845 -5.298525 5.696688 74.748242 23211.721635
452 -14.824802 5.347526 5.696688 74.748242 23507.219864
452 10.879028 -4.551705 3.286189 34.039200 7821.909247
452 -10.859355 4.557256 3.286189 34.039200 7774.518456
453 12.540236 -4.886883 8.823597 237.818149 56082.213408
453 -12.531458 4.953201 8.823597 237.818149 56659.245422
453 18.218750 -5.890313 4.874294 119.057444 16812.554209
453 -18.195722 5.928052 4.874294 119.057444 17106.692109
453 16.598303 -5.622260 6.427349 345.054180 29735.864593
453 -16.546614 5.503846 6.427349 345.054180 28905.518035
453 20.718425 -6.281415 11.958822 119.783451 101815.489433
453 -20.796701 6.336245 11.958822 119.783451 104182.359624
453 11.239041 -4.626406 4.957609 331.101695 18188.786403
453 -11.218836 4.640261 4.957609 331.101695 17845.392873
453 13.413355 -5.054146 4.175268 170.920846 12860.370734
453 -13.385831 5.087815 4.175268 170.920846 12324.853780
453 12.568160 -4.892321 6.447379 125.685815 30407.999620
453 -12.572841 4.799454 6.447379 125.685815 29739.411754
453 3.353958 -2.527306 8.757516 208.719635 56260.350180
453 -3.330257 2.571300 8.757516 208.719635 55125.599574
453 15.001218 -5.344934 7.052400 316.075000 35565.404133
453 -15.190866 5.398549 7.052400 316.075000 35176.072615
453 9.472683 -4.247326 5.131074 204.074129 18204.173856
453 -9.519562 4.316167 5.131074 204.074129 19177.520748
453 7.212189 -3.706062 2.965051 220.355821 6152.411609
453 -7.213991 3.783871 2.965051 220.355821 6166.765653
453 18.932929 -6.004654 8.287842 297.905954 48851.893208
453 -18.933133 6.103673 8.287842 297.905954 49698.135699
453 14.455751 -5.246859 5.089752 135.159056 18604.557165
453 -14.534610 5.300899 5.089752 135.159056 18794.272811
453 10.272134 -4.422924 2.653423 348.877330 4982.491785
453 -10.274038 4.449725 2.653423 348.877330 4941.927025
453 12.767744 -4.931013 11.240284 327.469736 92594.143787
453 -12.700388 4.902199 11.240284 327.469736 92954.388636
453 11.650634 -4.710357 6.060555 100.967307 26795.012243
453 -11.672068 4.779279 6.060555 100.967307 27135.470110
454 5.401981 -3.207418 6.397468 28.459914 30291.094215
454 -5.403600 3.258662 6.397468 28.459914 29603.711136
454 11.246199 -4.627879 9.867261 197.635967 67235.734112
454 -11.249536 4.577621 9.867261 197.635967 73644.011352
454 9.293523 -4.206969 7.763339 100.964078 43392.465588
454 -9.272759 4.201224 7.763339 100.964078 43076.150437
454 17.441660 -5.763323 3.055154 177.005402 6558.522857
454 -17.298973 5.752313 3.055154 177.005402 6799.145485
454 4.102945 -2.795290 13.177290 140.367666 123276.150747
454 -4.076604 2.786604 13.177290 140.367666 125905.034616
454 7.995825 -3.902211 8.594270 300.045242 54591.431635
454 -7.909577 3.861849 8.594270 300.045242 52613.796057
454 15.027198 -5.349560 4.497340 258.566463 14301.454861
454 -14.914305 5.287293 4.497340 258.566463 14955.716923
454 21.416711 -6.386391 7.838277 26.616327 46680.197509
454 -21.645816 6.370828 7.838277 26.616327 45084.172767
454 19.121432 -6.034472 10.157727 290.334475 72393.469658
454 -19.130652 6.009936 10.157727 290.334475 75810.729177
454 1.271100 -1.555854 8.433210 163.746114 50310.481554
454 -1.264293 1.604629 8.433210 163.746114 52195.541763
454 5.216781 -3.151958 7.304633 111.885760 38244.692748
454 -5.176905 3.152788 7.304633 111.885760 39095.470549
454 6.770396 -3.590758 11.833986 222.434152 99489.702546
454 -6.782577 3.572506 11.833986 222.434152 101786.135901
454 12.137125 -4.807696 7.631561 286.336465 41053.317944
454 -12.070425 4.744382 7.631561 286.336465 43892.780296
454 6.747468 -3.584673 6.949705 92.439917 34495.648131
454 -6.732078 3.598625 6.949705 92.439917 35242.428643
454 19.185587 -6.044587 12.024550 8.464192 105890.628815
454 -19.187694 6.076176 12.024550 8.464192 104435.823931
454 8.865544 -4.108959 4.765211 348.910449 16435.257687
454 -8.857251 4.086666 4.765211 348.910449 16484.497231
455 8.736445 -4.078932 3.922431 29.871272 11153.954059
455 -8.653599 4.145351 3.922431 29.871272 10965.354310
455 12.107567 -4.801838 2.776041 163.494587 5448.729985
455 -12.090053 4.835151 2.776041 163.494587 5457.093032
455 14.956906 -5.337034 10.065283 37.485328 73510.558913
455 -14.828795 5.291092 10.065283 37.485328 73073.698276
455 5.967525 -3.371136 20.931703 223.971014 314640.659769
455 -5.968353 3.345332 20.931703 223.971014 315130.693157
455 11.784440 -4.737329 17.370044 286.476747 215315.082792
455 -11.822600 4.660134 17.370044 286.476747 215743.789775
455 11.432598 -4.666073 2.668739 14.426227 4992.538970
455 -11.328738 4.684113 2.668739 14.426227 5153.288160
455 7.620496 -3.809524 4.402443 74.199719 14136.955983
455 -7.626762 3.829339 4.402443 74.199719 14142.831563
455 18.893209 -5.998352 4.789130 337.575031 16716.237481
455 -18.900075 6.047799 4.789130 337.575031 17070.196852
455 11.693510 -4.719017 7.069917 196.516042 36155.399836
455 -11.733379 4.663860 7.069917 196.516042 34350.810614
455 10.547721 -4.481861 15.096187 142.912138 160792.394115
455 -10.559681 4.457402 15.096187 142.912138 162422.683813
455 18.322962 -5.907135 6.163959 104.673563 27824.163095
455 -18.322677 5.972880 6.163959 104.673563 26318.857809
455 0.583101 -1.053782 3.015566 274.473493 6691.719185
455 -0.585111 1.038713 3.015566 274.473493 6517.319846
455 0.501294 -0.977070 2.225017 337.263895 3575.187379
455 -0.503565 0.982160 2.225017 337.263895 3486.684129
455 10.098483 -4.385379 8.698433 97.067085 55175.372429
455 -10.081619 4.346281 8.698433 97.067085 54121.397224
455 14.338798 -5.225592 11.290009 325.251124 92191.201046
455 -14.336903 5.219670 11.290009 325.251124 91461.556572
455 8.567749 -4.039359 7.524417 165.558761 40567.950655
455 -8.554852 4.038701 7.524417 165.558761 40944.794212
456 1.533837 -1.709105 9.678060 184.851919 68068.822093
456 -1.530069 1.689500 9.678060 184.851919 70152.128684
456 7.184604 -3.698967 5.821150 65.303009 23626.672199
456 -7.193535 3.746014 5.821150 65.303009 24517.788898
456 4.889756 -3.051565 8.221123 11.348232 50007.062694
456 -4.868485 2.998555 8.221123 11.348232 48980.786793
456 15.114846 -5.365139 13.368416 40.296702 129621.287964
456 -15.127154 5.487241 13.368416 40.296702 125455.164627
456 -0.674679 -1.133516 7.486663 238.539451 40039.281236
456 0.677976 1.124708 7.486663 238.539451 40351.910152
456 14.999398 -5.344610 7.544138 228.932253 40357.285205
456 -15.085680 5.353656 7.544138 228.932253 41281.815975
456 14.450225 -5.245856 4.025648 218.539130 11307.150946
456 -14.487469 5.327363 4.025648 218.539130 11713.444548
456 21.728894 -6.432768 4.661324 17.705845 15335.067459
456 -21.740311 6.459379 4.661324 17.705845 15580.978828
456 17.519612 -5.776188 7.104909 226.640406 37483.845161
456 -17.507042 5.739028 7.104909 226.640406 35447.994469
456 10.726674 -4.519721 8.815555 298.854366 58183.273891
456 -10.643563 4.605851 8.815555 298.854366 56406.616474
456 19.967405 -6.166516 17.755586 291.420330 226360.897223
456 -19.807359 6.140929 17.755586 291.420330 232097.074749
456 9.685329 -4.294734 2.904087 250.824279 6086.949375
456 -9.699456 4.324129 2.904087 250.824279 6047.110795
456 15.095769 -5.361752 9.848216 329.696543 68998.224834
456 -15.132486 5.386332 9.848216 329.696543 68838.867979
456 0.953112 -1.347259 6.888070 3.993233 34438.159182
456 -0.955711 1.328631 6.888070 3.993233 33639.486852
456 3.071400 -2.418507 16.723254 78.083926 208018.185603
456 -3.073989 2.397450 16.723254 78.083926 196072.211705
456 17.869088 -5.833514 6.810144 0.497567 33923.778846
456 -17.771726 5.721415 6.810144 0.497567 33763.915671
457 17.812841 -5.824326 2.488248 132.897627 4542.592018
457 -17.843952 5.763098 2.488248 132.897627 4428.984318
457 10.181367 -4.403339 4.420404 218.940811 13893.612145
457 -10.207959 4.436711 4.420404 218.940811 14314.374747
457 9.281321 -4.204206 13.058616 182.389271 122909.436270
457 -9.279963 4.165474 13.058616 182.389271 123027.294214
457 5.375094 -3.199426 5.591687 210.033871 22919.643742
457 -5.345498 3.231062 5.591687 210.033871 21845.704652
457 1.747941 -1.824494 7.108483 11.410293 35715.841529
457 -1.734105 1.799180 7.108483 11.410293 36524.033032
457 6.015528 -3.384667 8.182501 109.437213 48298.802874
457 -6.043998 3.439246 8.182501 109.437213 49117.188662
457 10.042364 -4.373177 6.164192 7.881495 27289.827796
457 -10.065550 4.426836 6.164192 7.881495 27785.045659
457 13.780656 -5.122878 4.423815 118.277478 14263.096131
457 -13.680201 4.998132 4.423815 118.277478 14044.491268
457 15.480075 -5.429572 2.215654 94.751570 3535.404824
457 -15.650961 5.447922 2.215654 94.751570 3553.665189
457 10.273649 -4.423250 9.392239 242.965661 64724.670142
457 -10.270484 4.420513 9.392239 242.965661 64578.571785
457 7.940750 -3.888748 3.690298 178.997924 9929.554219
457 -7.995835 3.961798 3.690298 178.997924 9784.080657
457 13.793910 -5.125341 3.489943 307.763996 8502.091531
457 -13.851496 5.132563 3.489943 307.763996 8596.569163
457 9.563159 -4.267561 4.484778 259.681994 14288.918747
457 -9.602481 4.239902 4.484778 259.681994 14611.336420
457 7.627813 -3.811352 11.825202 290.684333 102950.752044
457 -7.647528 3.823658 11.825202 290.684333 98928.185028
457 7.772389 -3.847303 6.631275 205.186812 32055.912508
457 -7.751932 3.840565 6.631275 205.186812 33479.003899
458 6.660264 -3.561433 7.576590 97.890949 41338.445079
458 -6.670551 3.571275 7.576590 97.890949 41977.574662
458 14.072702 -5.176877 8.213479 61.116042 49389.338108
458 -14.080466 5.166260 8.213479 61.116042 47551.475018
458 9.809212 -4.322113 15.056507 267.736046 163621.952227
458 -9.794788 4.285165 15.056507 267.736046 164613.574553
458 13.455039 -5.061993 8.214803 113.303980 48798.159901
458 -13.443386 5.040578 8.214803 113.303980 48722.525774
458 16.779996 -5.652948 2.264758 93.880140 3726.754100
458 -16.657845 5.668319 2.264758 93.880140 3683.115409
458 4.177239 -2.820485 4.960728 107.368101 17811.262491
458 -4.174833 2.856238 4.960728 107.368101 17741.904269
458 11.953610 -4.771211 7.035143 213.356999 36646.277858
458 -11.985709 4.766215 7.035143 213.356999 35665.418529
458 10.403022 -4.451013 3.136690 322.859038 7051.865442
458 -10.416713 4.380832 3.136690 322.859038 7164.374315
458 13.964766 -5.156986 9.841182 130.910428 70426.614231
458 -13.974722 5.174930 9.841182 130.910428 71033.022294
458 15.043682 -5.352494 3.196211 31.143353 7428.378747
458 -14.955425 5.269394 3.196211 31.143353 7602.238110
458 14.685371 -5.288367 5.292231 178.007533 20364.099079
458 -14.650286 5.371188 5.292231 178.007533 19807.933592
458 7.389353 -3.751304 3.836067 194.015439 10682.376188
458 -7.322592 3.719724 3.836067 194.015439 10816.486506
458 8.802413 -4.094303 9.926643 75.934127 70554.231618
458 -8.758115 4.087547 9.926643 75.934127 69819.292989
458 4.492553 -2.924999 9.046640 208.298569 58285.450718
458 -4.478875 2.963075 9.046640 208.298569 58858.355639
458 8.436343 -4.008263 8.324784 185.447935 48346.565651
458 -8.503353 4.047799 8.324784 185.447935 49471.016670
459 6.230066 -3.444494 1.447814 230.834884 1487.046950
459 -6.202722 3.429485 1.447814 230.834884 1501.940035
459 5.965263 -3.370497 4.450692 61.815269 14787.957481
459 -5.972691 3.370139 4.450692 61.815269 14483.069376
459 11.279167 -4.634657 6.386197 349.427775 29614.625945
459 -11.353906 4.600215 6.386197 349.427775 29071.279110
459 11.365847 -4.652432 8.533358 183.356275 53970.830751
459 -11.353589 4.609129 8.533358 183.356275 53204.081297
459 16.249943 -5.562948 4.703853 153.874197 16332.649755
459 -16.293181 5.556273 4.703853 153.874197 16046.214538
459 13.195654 -5.012963 5.817452 274.590859 24793.732710
459 -13.194240 5.061688 5.817452 274.590859 24616.981879
459 4.226920 -2.837207 12.358851 74.865138 110356.013640
459 -4.251063 2.870092 12.358851 74.865138 108295.009879
459 11.176693 -4.613555 2.789814 241.594481 5496.929263
459 -11.151623 4.559611 2.789814 241.594481 5686.564877
459 7.495316 -3.778105 5.872055 157.899308 25264.497337
459 -7.476017 3.724144 5.872055 157.899308 24951.061886
459 18.033044 -5.860216 12.424811 254.101250 111383.689530
459 -17.933413 5.904990 12.424811 254.101250 114251.925249
459 15.566430 -5.444696 7.377025 23.237574 40000.000809
459 -15.579805 5.439033 7.377025 23.237574 40233.075191
459 11.582963 -4.696658 3.412019 36.326523 8714.988857
459 -11.662720 4.680885 3.412019 36.326523 8352.151176
459 7.305190 -3.729880 3.697523 278.448285 9822.553986
459 -7.377420 3.777237 3.697523 278.448285 10140.787675
459 8.414368 -4.003039 8.323164 131.148514 49879.928990
459 -8.396716 3.994239 8.323164 131.148514 48896.697662
459 13.234560 -5.020348 6.448435 273.127587 29526.911436
459 -13.179921 5.059028 6.448435 273.127587 31169.338577
460 11.170926 -4.612365 6.114294 212.503458 26419.927861
460 -11.068507 4.586813 6.114294 212.503458 26997.760152
460 10.160053 -4.398728 4.754878 222.138273 16447.554688
460 -10.178532 4.403021 4.754878 222.138273 15731.349981
460 11.952400 -4.770970 3.365774 43.001095 8060.486553
460 -11.959092 4.721971 3.365774 43.001095 7928.332935
460 3.416819 -2.550880 13.615517 34.085953 134905.512190
460 -3.444489 2.513489 13.615517 34.085953 131808.386770
460 7.757859 -3.843705 6.252875 119.015835 27879.582813
460 -7.747718 3.839926 6.252875 119.015835 28627.041844
460 13.858056 -5.137244 13.183822 74.231638 123375.553993
460 -13.850837 5.152240 13.183822 74.231638 127757.085215
460 19.510467 -6.095550 4.590863 347.832114 15383.277293
460 -19.603873 6.067143 4.590863 347.832114 15223.383090
460 16.777519 -5.652531 13.760212 304.674013 141816.811570
460 -16.743464 5.654339 13.760212 304.674013 139880.269916
460 15.658105 -5.460705 7.704340 188.467023 42085.834853
460 -15.633030 5.410439 7.704340 188.467023 41290.349891
460 8.217099 -3.955837 13.654401 279.437403 133026.258877
460 -8.206977 3.968046 13.654401 279.437403 135635.339699
460 5.954778 -3.367533 11.076181 45.349842 88003.631537
460 -5.989145 3.370209 11.076181 45.349842 87407.150827
460 13.849780 -5.135710 10.308644 350.453567 77062.853760
460 -13.839249 5.120046 10.308644 350.453567 76660.153132
460 13.577720 -5.085018 7.230317 295.178181 36087.905547
460 -13.630296 5.047380 7.230317 295.178181 38075.200926
460 1.411020 -1.639252 4.400056 36.172363 13800.627867
460 -1.402224 1.649936 4.400056 36.172363 14160.527089
460 9.710875 -4.300394 8.525747 173.004055 52740.716537
460 -9.756736 4.349666 8.525747 173.004055 50564.718461
461 14.608967 -5.274592 7.366895 182.187943 38557.957220
461 -14.546264 5.186239 7.366895 182.187943 40398.196284
461 7.910403 -3.881310 4.787430 320.828832 16680.449253
461 -7.944810 3.851974 4.787430 320.828832 16507.076114
461 8.188782 -3.949015 7.263594 34.953369 38293.361319
461 -8.187192 3.937945 7.263594 34.953369 38380.819173
461 8.508794 -4.025438 3.415691 144.496267 8702.095897
461 -8.579019 4.022003 3.415691 144.496267 8178.718886
461 14.322124 -5.222552 10.373434 60.972411 76961.694504
461 -14.268272 5.210348 10.373434 60.972411 78657.794644
461 7.639655 -3.814310 7.811946 269.988174 44598.407365
461 -7.634778 3.837418 7.811946 269.988174 43362.533951
461 7.435338 -3.762959 8.591069 238.673664 54099.545861
461 -7.402518 3.748958 8.591069 238.673664 53731.799193
461 18.824275 -5.987399 6.593728 320.734360 32388.359881
461 -18.679559 5.986904 6.593728 320.734360 32412.746365
461 13.523527 -5.074860 2.907849 175.024965 6262.213754
461 -13.485924 5.124773 2.907849 175.024965 6263.634495
461 16.156915 -5.547002 16.541601 22.074426 202892.456488
461 -16.116482 5.508118 16.541601 22.074426 196426.420736
461 2.868293 -2.337173 10.467386 7.595001 80306.940523
461 -2.863467 2.319376 10.467386 7.595001 82685.920044
461 14.811035 -5.310945 3.638743 300.366348 9640.143606
461 -14.837343 5.303882 3.638743 300.366348 9176.727648
461 15.633786 -5.456462 4.076499 12.836477 12350.505907
461 -15.475843 5.535641 4.076499 12.836477 12013.162926
461 6.369716 -3.482885 18.029559 347.089769 233262.714718
461 -6.320298 3.504799 18.029559 347.089769 226069.267670
462 14.986424 -5.342298 7.855509 217.314913 45212.989659
462 -15.082980 5.379553 7.855509 217.314913 44015.599018
462 -0.233344 -0.666619 10.708412 336.321743 84479.769867
462 0.234219 0.668646 10.708412 336.321743 82921.996703
462 12.691912 -4.916348 2.595853 213.727190 4681.173702
462 -12.759466 4.858996 2.595853 213.727190 4887.809972
462 9.776824 -4.314972 6.330161 66.958381 29742.964735
462 -9.737409 4.265829 6.330161 66.958381 28874.674881
462 11.089186 -4.595459 6.494220 4.327997 30713.047047
462 -11.061873 4.605675 6.494220 4.327997 30181.880661
462 8.081057 -3.922954 19.098354 359.530074 262996.403336
462 -8.041609 3.979638 19.098354 359.530074 262093.057333
462 8.272913 -3.969249 6.647767 167.243672 30931.076356
462 -8.281997 3.908887 6.647767 167.243672 31720.096718
462 14.660160 -5.283825 5.381765 18.192907 21250.381498
462 -14.647376 5.184666 5.381765 18.192907 20365.056917
462 13.590115 -5.087339 7.815161 251.374353 44543.365830
462 -13.517862 5.135318 7.815161 251.374353 43589.068285
462 10.873570 -4.550563 6.149584 100.223318 27277.292130
462 -10.908143 4.587984 6.149584 100.223318 27762.614198
462 12.251780 -4.830351 4.797009 339.218448 16415.830791
462 -12.121249 4.888419 4.797009 339.218448 16264.496354
462 12.553228 -4.889414 5.931190 296.107323 24943.257939
462 -12.667962 4.887461 5.931190 296.107323 25636.217083
462 8.749798 -4.082048 19.288867 285.773930 262418.117802
462 -8.729478 4.131896 19.288867 285.773930 262818.465581
462 14.771949 -5.303933 4.251566 278.330154 12627.814863
462 -14.784262 5.317042 4.251566 278.330154 12996.574890
463 19.592387 -6.108334 11.474133 185.827847 93203.562994
463 -19.602809 6.039475 11.474133 185.827847 95581.385492
463 3.221872 -2.477041 12.435932 321.725055 110801.277461
463 -3.227089 2.504982 12.435932 321.725055 113037.315924
463 5.970900 -3.372089 9.476564 324.187308 62335.602890
463 -5.911188 3.345503 9.476564 324.187308 62754.881287
463 12.040875 -4.788595 2.820481 186.398778 5765.069698
463 -11.920880 4.743172 2.820481 186.398778 5800.834579
463 13.023038 -4.980068 2.543341 291.293875 4787.245532
463 -13.038633 4.996033 2.543341 291.293875 4555.022377
463 8.679377 -4.065588 3.480416 235.241230 8745.832836
463 -8.629778 4.035826 3.480416 235.241230 8602.744815
463 10.612838 -4.495674 16.979543 92.619982 212636.473049
463 -10.632723 4.551073 16.979543 92.619982 214633.252980
463 14.292505 -5.217149 3.021872 153.121465 6406.306188
463 -14.314941 5.177322 3.021872 153.121465 6549.558437
463 2.701133 -2.268047 5.458469 125.278424 21508.420084
463 -2.713930 2.276392 5.458469 125.278424 20458.655888
463 -3.882709 -2.719234 18.159763 162.605555 240330.626782
463 3.882426 2.705733 18.159763 162.605555 248710.713883
463 11.270626 -4.632902 12.771098 133.493824 119264.275167
463 -11.260544 4.612101 12.771098 133.493824 115844.203138
463 12.976537 -4.971169 11.196932 321.542269 88042.265852
463 -12.887269 4.989903 11.196932 321.542269 92817.859189
463 19.175924 -6.043065 17.250283 342.328645 216137.043721
463 -19.303373 6.102936 17.250283 342.328645 217037.470889
463 9.013084 -4.143008 6.489906 127.175127 32116.482642
463 -9.013767 4.131149 6.489906 127.175127 29386.902752
464 16.749464 -5.647803 7.580485 249.303444 40444.045703
464 -16.776181 5.575795 7.580485 249.303444 40567.596748
464 14.552562 -5.264399 11.908441 55.611754 98506.524074
464 -14.556005 5.254796 11.908441 55.611754 101494.024224
464 17.163685 -5.717213 29.293206 168.181850 619618.936150
464 -17.133016 5.750262 29.293206 168.181850 626842.482553
464 3.885604 -2.720247 9.996453 257.930247 68951.235753
464 -3.881798 2.727108 9.996453 257.930247 73311.654032
464 18.332149 -5.908616 4.520255 175.359621 15000.543168
464 -18.327032 5.884968 4.520255 175.359621 15006.392734
464 14.070433 -5.176459 10.649643 232.820215 82019.225377
464 -14.078334 5.105770 10.649643 232.820215 79427.949073
464 10.452960 -4.461683 8.625585 182.533199 54937.463091
464 -10.438977 4.478958 8.625585 182.533199 54219.471823
464 16.044509 -5.527672 5.285386 64.445450 20048.928187
464 -15.940286 5.437923 5.285386 64.445450 19769.959312
464 14.826966 -5.313800 13.929498 37.504659 136693.271788
464 -14.803769 5.324168 13.929498 37.504659 139527.144831
464 17.326879 -5.744328 11.813422 219.525098 103087.214406
464 -17.188921 5.844471 11.813422 219.525098 103027.395980
464 13.790568 -5.124720 13.075249 301.621970 125138.093339
464 -13.851921 5.132089 13.075249 301.621970 121394.788619
464 15.014085 -5.347226 6.317311 96.276279 29898.131961
464 -14.939427 5.276130 6.317311 96.276279 28424.348662
464 19.046833 -6.022689 5.549819 324.031466 22964.177031
464 -19.114137 6.029270 5.549819 324.031466 21426.091706
465 9.789724 -4.317818 8.717622 22.777140 55234.716110
465 -9.775901 4.330450 8.717622 22.777140 56007.616358
465 9.432708 -4.238355 5.112166 67.174477 18922.032394
465 -9.429388 4.196765 5.112166 67.174477 18603.676361
465 9.127360 -4.169190 4.612720 102.591245 15285.260911
465 -9.252306 4.204405 4.612720 102.591245 15649.622799
465 13.344728 -5.041200 2.166579 154.646512 3462.497293
465 -13.362213 5.075830 2.166579 154.646512 3490.653820
465 7.134035 -3.685927 7.833375 45.228700 42226.416153
465 -7.133379 3.685134 7.833375 45.228700 43624.025562
465 5.794024 -3.321767 3.436518 24.002086 8478.785792
465 -5.755605 3.307560 3.436518 24.002086 8638.637412
465 13.642682 -5.097168 11.262201 124.575923 90261.634915
465 -13.775080 5.016174 11.262201 124.575923 88141.034554
465 16.989837 -5.688185 2.357850 53.864824 3921.802677
465 -16.921869 5.708271 2.357850 53.864824 3976.057436
465 6.230965 -3.444742 10.692597 222.505181 83209.361687
465 -6.211056 3.455736 10.692597 222.505181 82354.793390
465 15.423620 -5.419663 4.560009 327.474204 15270.732450
465 -15.376611 5.392321 4.560009 327.474204 14761.391936
465 2.844372 -2.327407 7.926593 295.594240 44304.545269
465 -2.860597 2.326406 7.926593 295.594240 45696.899541
465 4.725409 -2.999845 10.633529 311.217514 80381.360441
465 -4.708425 3.000783 10.633529 311.217514 81883.400265
465 15.370233 -5.410275 5.018502 67.774454 18716.409034
465 -15.426248 5.359734 5.018502 67.774454 18484.960753
466 15.787490 -5.483219 4.516260 1.138427 14506.914126
466 -15.851323 5.481056 4.516260 1.138427 14812.908577
466 8.402329 -4.000174 13.992153 292.648262 144785.518373
466 -8.503243 4.009453 13.992153 292.648262 145807.420319
466 14.427273 -5.241689 3.942205 340.598085 11043.898293
466 -14.441754 5.292373 3.942205 340.598085 10988.021611
466 17.315411 -5.742427 4.603152 121.975242 15243.675715
466 -17.139140 5.700869 4.603152 121.975242 15057.716816
466 12.502608 -4.879546 5.252115 273.123031 19725.140579
466 -12.420244 4.959787 5.252115 273.123031 19713.415649
466 12.009066 -4.782266 6.867808 229.861099 34063.180834
466 -12.074845 4.783877 6.867808 229.861099 33631.489917
466 11.347876 -4.648752 4.120879 5.652643 12396.424021
466 -11.422937 4.644877 4.120879 5.652643 12318.201156
466 14.848509 -5.317659 7.524894 176.480466 39900.189535
466 -14.766580 5.309385 7.524894 176.480466 42036.574695
466 4.569888 -2.950067 5.122523 230.602934 19172.380313
466 -4.577810 2.955452 5.122523 230.602934 18393.579746
466 6.568129 -3.536714 7.361299 21.146205 38521.459561
466 -6.531119 3.563365 7.361299 21.146205 38724.933626
466 17.555447 -5.782092 5.605032 359.483729 22571.773922
466 -17.575703 5.891210 5.605032 359.483729 22816.306112
466 10.752067 -4.525067 5.452325 287.836636 21777.115272
466 -10.701668 4.441552 5.452325 287.836636 21431.269177
467 11.439216 -4.667424 10.992449 198.666669 88121.671439
467 -11.435235 4.607176 10.992449 198.666669 85327.832995
467 8.146384 -3.938778 5.398234 353.443249 21109.345205
467 -8.237971 4.029728 5.398234 353.443249 21032.557618
467 10.140878 -4.394575 11.579198 326.615341 98304.796126
467 -10.084546 4.403933 11.579198 326.615341 97409.883556
467 6.971948 -3.643814 4.336750 137.834845 13771.215983
467 -7.045482 3.593957 4.336750 137.834845 13567.761340
467 8.497513 -4.022768 12.204842 64.225505 107549.182725
467 -8.562474 3.995023 12.204842 64.225505 107385.784752
467 3.076300 -2.420435 22.877634 242.019586 374846.860481
467 -3.093639 2.440448 22.877634 242.019586 369038.878004
467 8.322463 -3.981118 20.364671 288.571137 296518.597427
467 -8.340045 3.918519 20.364671 288.571137 294692.742902
467 17.304254 -5.740577 10.906500 273.539043 86063.335895
467 -17.353282 5.819229 10.906500 273.539043 85650.620211
467 8.154259 -3.940681 7.162080 26.707560 36357.663742
467 -8.122145 3.908861 7.162080 26.707560 36500.443368
467 16.168045 -5.548912 8.908250 320.310627 56492.580671
467 -15.957245 5.589879 8.908250 320.310627 56340.696885
467 20.240833 -6.208594 4.083402 145.774765 12220.605420
467 -20.013681 6.296028 4.083402 145.774765 12086.429383
467 13.266927 -5.026483 2.693500 328.305524 5300.717479
467 -13.266456 4.994832 2.693500 328.305524 5340.235796
468 9.056964 -4.153081 5.659368 59.042967 23635.580694
468 -9.068505 4.149726 5.659368 59.042967 23237.731329
468 12.130752 -4.806434 8.114185 97.074321 48030.416478
468 -12.192479 4.771335 8.114185 97.074321 46896.120399
468 8.229427 -3.958803 6.332165 322.761455 29114.890003
468 -8.208391 3.947736 6.332165 322.761455 28282.789779
468 3.785324 -2.684915 6.903605 145.118510 33504.617036
468 -3.745267 2.742506 6.903605 145.118510 35170.958703
468 9.795125 -4.319009 4.705590 144.112204 16275.431713
468 -9.748490 4.297185 4.705590 144.112204 15848.018859
468 12.228692 -4.825798 3.558318 48.363245 9107.530069
468 -12.280513 4.887290 3.558318 48.363245 9121.257811
468 8.241579 -3.961725 7.750435 340.322639 42886.825596
468 -8.223298 4.020549 7.750435 340.322639 43823.836020
468 18.454313 -5.928271 5.329701 125.118348 20302.685032
468 -18.443262 5.885930 5.329701 125.118348 19806.540428
468 16.357287 -5.581292 5.843381 269.112458 25481.337216
468 -16.334577 5.537403 5.843381 269.112458 24471.875039
468 9.871974 -4.335918 5.026173 282.495803 18317.581683
468 -9.856081 4.321538 5.026173 282.495803 17708.105546
468 12.439210 -4.867159 6.861321 6.485858 33041.554042
468 -12.379409 4.919382 6.861321 6.485858 33894.657694
468 14.471752 -5.249762 4.230473 112.522783 12831.256925
468 -14.447188 5.235491 4.230473 112.522783 12842.352376
469 12.900820 -4.956644 7.323436 132.886768 40056.498805
469 -12.855660 4.919003 7.323436 132.886768 38705.047422
469 5.774522 -3.316172 4.986722 30.452107 18153.827713
469 -5.865450 3.282842 4.986722 30.452107 18380.031920
469 20.261265 -6.211727 11.210344 92.541001 89373.495889
469 -20.223156 6.187903 11.210344 92.541001 92660.393642
469 13.190419 -5.011969 10.667361 310.441953 82095.372783
469 -13.187642 4.958768 10.667361 310.441953 85819.451209
469 13.166734 -5.007467 8.419403 57.021712 49862.191019
469 -13.232954 4.958516 8.419403 57.021712 52346.808241
469 5.988692 -3.377109 12.561839 242.597639 114683.071909
469 -5.928406 3.407293 12.561839 242.597639 114074.517305
469 -3.611772 -2.622643 2.738032 124.182230 5592.323473
469 3.616975 2.610599 2.738032 124.182230 5447.212314
469 7.441752 -3.764581 9.530422 278.518524 66543.325705
469 -7.445734 3.765670 9.530422 278.518524 63214.856945
469 14.402810 -5.237243 2.505581 255.907692 4501.707388
469 -14.574814 5.199570 2.505581 255.907692 4544.434795
469 3.830346 -2.700835 10.795664 162.079534 83175.167637
469 -3.837683 2.665092 10.795664 162.079534 82078.582149
469 6.086707 -3.404633 10.425715 182.663429 77704.908917
469 -6.115629 3.378890 10.425715 182.663429 76627.764033
470 23.726605 -6.721975 7.080474 238.518190 36012.823199
470 -23.601868 6.780962 7.080474 238.518190 35449.134201
470 11.022904 -4.581705 9.235306 347.642544 59676.554503
470 -11.086631 4.554459 9.235306 347.642544 60712.012673
470 2.777537 -2.299900 6.240331 235.052477 29234.481617
470 -2.781914 2.311727 6.240331 235.052477 28320.363665
470 16.094984 -5.536361 3.197046 281.560456 7519.444799
470 -16.098682 5.637277 3.197046 281.560456 7295.121192
470 10.326783 -4.434673 18.327343 330.373222 231949.156071
470 -10.433309 4.403823 18.327343 330.373222 239312.255911
470 10.951472 -4.566835 10.375323 292.920988 77572.900311
470 -10.899953 4.557670 10.375323 292.920988 78394.994556
470 8.671845 -4.063824 8.623961 107.646655 53554.338888
470 -8.690308 4.092708 8.623961 107.646655 53753.561119
470 7.294347 -3.727111 10.340201 315.498917 76942.048210
470 -7.292636 3.704717 10.340201 315.498917 78611.729888
470 11.018492 -4.580788 4.978485 265.828928 17229.652168
470 -11.050598 4.607743 4.978485 265.828928 18467.153005
470 -3.242105 -2.484807 5.746874 32.487081 23527.012675
470 3.247645 2.486830 5.746874 32.487081 23997.009382
470 14.873317 -5.322100 11.006523 78.691444 88962.089097
470 -14.840896 5.278173 11.006523 78.691444 86538.219020
471 15.465583 -5.427030 13.357113 345.125824 128950.649706
471 -15.448809 5.386919 13.357113 345.125824 124952.172280
471 16.292673 -5.570257 6.238393 182.794864 27076.730490
471 -16.347577 5.457774 6.238393 182.794864 27600.642015
471 12.731959 -4.924098 11.665409 82.697739 97700.014953
471 -12.846321 4.939952 11.665409 82.697739 98870.368506
471 13.864527 -5.138444 10.189174 308.969388 73651.738119
471 -13.840856 5.179600 10.189174 308.969388 72693.530162
471 8.531527 -4.030811 8.685026 65.320713 55013.071436
471 -8.508457 4.047116 8.685026 65.320713 55124.555333
471 7.597047 -3.803658 16.301692 110.069784 190095.611492
471 -7.671379 3.860355 16.301692 110.069784 190532.923956
471 14.870994 -5.321684 5.382993 14.047530 20468.723820
471 -14.891235 5.241369 5.382993 14.047530 21361.947258
471 12.687723 -4.915536 5.381799 69.852478 20909.281668
471 -12.700107 4.914374 5.381799 69.852478 20820.856882
471 0.813919 -1.245001 11.893246 120.217688 97795.491236
471 -0.818888 1.237246 11.893246 120.217688 100243.449509
471 10.625084 -4.498267 9.624006 269.332887 68754.507647
471 -10.639546 4.481530 9.624006 269.332887 64117.014305
472 20.298477 -6.217429 3.878653 343.466630 11151.870819
472 -20.424015 6.082173 3.878653 343.466630 10906.483187
472 3.859222 -2.710997 5.143524 358.372662 18973.159037
472 -3.865741 2.669717 5.143524 358.372662 18967.889363
472 5.594201 -3.263985 5.942402 147.753759 24929.169474
472 -5.565400 3.271413 5.942402 147.753759 25772.797563
472 6.905039 -3.626287 3.398425 123.410791 8518.383659
472 -6.914584 3.616734 3.398425 123.410791 8028.034292
472 10.430422 -4.456871 8.979086 157.389579 56733.153547
472 -10.409608 4.502472 8.979086 157.389579 59667.687684
472 5.807598 -3.325656 3.843950 42.049516 10879.767013
472 -5.800088 3.294292 3.843950 42.049516 10660.868529
472 12.524638 -4.883843 6.178331 275.273812 27277.051669
472 -12.421255 4.934925 6.178331 275.273812 27735.890723
472 7.360336 -3.743932 7.406395 352.737871 38428.752330
472 -7.347922 3.752442 7.406395 352.737871 40273.991472
472 10.523319 -4.476674 6.681682 185.933826 32084.728273
472 -10.614287 4.532223 6.681682 185.933826 32623.069480
472 19.428917 -6.082798 4.990216 209.634328 17479.242721
472 -19.280497 6.220437 4.990216 209.634328 18662.603196
473 21.378789 -6.380734 11.421882 176.134450 93668.641277
473 -21.407300 6.447037 11.421882 176.134450 91482.335321
473 12.560849 -4.890898 1.266093 205.970908 1203.069354
473 -12.616564 4.950491 1.266093 205.970908 1134.777839
473 9.354668 -4.220785 6.854464 55.755748 34872.862119
473 -9.394864 4.228902 6.854464 55.755748 33901.160474
473 8.608851 -4.049036 17.394117 177.706435 222184.395414
473 -8.578702 4.082515 17.394117 177.706435 222522.139862
473 14.745094 -5.299109 5.498512 248.075770 22087.663714
473 -14.814669 5.289283 5.498512 248.075770 21902.475717
473 19.399410 -6.078177 4.795620 29.107465 15967.211608
473 -19.274618 6.048820 4.795620 29.107465 17048.120772
473 4.344424 -2.876373 7.905368 30.724195 43766.610427
473 -4.337870 2.860088 7.905368 30.724195 44929.791979
473 4.419894 -2.901249 7.864597 344.456269 44521.923090
473 -4.402921 2.888744 7.864597 344.456269 44758.861742
473 8.710025 -4.072760 10.046049 24.487519 74096.905818
473 -8.638250 4.075718 10.046049 24.487519 72390.489122
474 -0.653605 -1.115672 5.293656 251.750697 19993.888572
474 0.653534 1.130030 5.293656 251.750697 20191.697274
474 10.938711 -4.564174 8.792889 61.616716 56522.211257
474 -10.985400 4.527916 8.792889 61.616716 55414.126631
474 12.233241 -4.826695 4.134985 226.430493 12690.053235
474 -12.303525 4.817179 4.134985 226.430493 12166.418171
474 2.901316 -2.350588 2.116983 303.971452 3178.568640
474 -2.896190 2.355352 2.116983 303.971452 3239.805528
474 9.137011 -4.171394 3.795594 267.283880 10463.221717
474 -9.160351 4.138914 3.795594 267.283880 10068.265623
474 8.679677 -4.065658 12.055112 99.018423 106881.026181
474 -8.701388 4.188560 12.055112 99.018423 104481.337571
474 12.908239 -4.958069 2.543766 250.386197 4528.301832
474 -12.823512 5.057787 2.543766 250.386197 4706.910727
474 7.963151 -3.894230 10.685330 52.882493 82728.780871
474 -7.933645 3.905625 10.685330 52.882493 85520.428292
474 13.827700 -5.131615 13.673594 24.658553 134836.044309
474 -13.868116 5.097253 13.673594 24.658553 135219.424461
475 6.850776 -3.612010 7.587697 281.671463 42812.777330
475 -6.807103 3.570114 7.587697 281.671463 39726.728938
475 13.734400 -5.114273 8.457284 216.629030 51987.447818
475 -13.713525 5.149075 8.457284 216.629030 52586.216674
475 7.552601 -3.792515 13.851997 73.939510 138852.233391
475 -7.479072 3.773687 13.851997 73.939510 138775.483153
475 10.060152 -4.377048 5.377209 347.595524 21044.290242
475 -9.957257 4.431860 5.377209 347.595524 20914.115438
475 3.879488 -2.718105 5.148657 36.659640 19202.544300
475 -3.852630 2.737424 5.148657 36.659640 19221.897580
475 9.869910 -4.335465 6.402410 31.056142 29444.491272
475 -9.890386 4.302542 6.402410 31.056142 29733.076202
475 7.935466 -3.887454 3.887890 200.986700 10706.703321
475 -7.995769 3.870575 3.887890 200.986700 10908.956445
475 13.332682 -5.038925 6.017706 55.478123 25629.196787
475 -13.282964 5.046755 6.017706 55.478123 26103.576183
475 8.807198 -4.095415 18.680956 274.640699 246840.473861
475 -8.858029 4.131492 18.680956 274.640699 250923.492809
476 11.020277 -4.581159 7.354228 304.905456 40095.146974
476 -11.026929 4.564690 7.354228 304.905456 38346.820757
476 12.962607 -4.968500 4.772761 59.029092 16227.745992
476 -12.963659 4.984368 4.772761 59.029092 16575.272444
476 9.382991 -4.227170 10.908012 193.081176 85056.681205
476 -9.367344 4.146692 10.908012 193.081176 85578.075066
476 12.626758 -4.903713 5.030660 27.421389 18238.387135
476 -12.660042 4.849403 5.030660 27.421389 18118.619871
476 12.307550 -4.841332 4.711136 287.682250 16487.169971
476 -12.348040 4.841647 4.711136 287.682250 16309.794218
476 14.363927 -5.230169 4.479388 314.188360 14008.531929
476 -14.409882 5.144594 4.479388 314.188360 14868.218193
476 13.828481 -5.131760 7.459295 287.478381 39742.053028
476 -13.878746 5.132970 7.459295 287.478381 40536.119704
476 11.515516 -4.682964 5.035411 314.340213 18337.427619
476 -11.480808 4.669496 5.035411 314.340213 18326.299917
477 6.749309 -3.585162 2.785045 15.541997 5486.814852
477 -6.731781 3.694112 2.785045 15.541997 5485.340266
477 5.280826 -3.171247 3.753546 71.555423 10043.429563
477 -5.276422 3.172156 3.753546 71.555423 10354.585301
477 13.890331 -5.143223 5.834340 182.951986 24870.032500
477 -13.980736 5.074495 5.834340 182.951986 23753.934147
477 16.888431 -5.671184 5.128756 110.039409 18875.895007
477 -16.715588 5.701636 5.128756 110.039409 19514.491995
477 5.650160 -3.280269 6.145286 122.715363 28037.176421
477 -5.657803 3.287367 6.145286 122.715363 26562.346978
477 15.139560 -5.369523 5.564469 268.497042 22437.890414
477 -15.133718 5.352981 5.564469 268.497042 22092.287867
477 8.730746 -4.077601 12.917996 267.080112 115591.302529
477 -8.723009 4.131834 12.917996 267.080112 120922.228095
477 10.673501 -4.508505 3.493886 41.678285 8530.761895
477 -10.576219 4.511678 3.493886 41.678285 8858.346539
478 4.480674 -2.921129 6.545542 182.247788 30234.704508
478 -4.470708 2.950564 6.545542 182.247788 30860.484948
478 0.365624 -0.834443 7.180633 242.859971 37313.680307
478 -0.368265 0.824786 7.180633 242.859971 37173.935470
478 0.269867 -0.716893 11.122856 155.832781 89158.870841
478 -0.270266 0.711756 11.122856 155.832781 88020.958307
478 10.234481 -4.414810 5.682103 77.676884 23317.450211
478 -10.171104 4.378029 5.682103 77.676884 23905.015800
478 8.070874 -3.920481 7.279271 3.213383 38493.598965
478 -8.068644 3.925074 7.279271 3.213383 38645.962154
478 6.298827 -3.463450 9.638023 216.898961 65742.556302
478 -6.181469 3.454198 9.638023 216.898961 68065.421145
478 6.180776 -3.430841 7.498521 315.543762 39628.947414
478 -6.191706 3.437907 7.498521 315.543762 39770.764665
479 6.088512 -3.405138 4.726275 314.902305 15820.578895
479 -6.088051 3.345905 4.726275 314.902305 16378.699579
479 6.570855 -3.537448 6.281981 177.869140 29290.795072
479 -6.568687 3.513259 6.281981 177.869140 28835.474727
479 7.572496 -3.797507 3.058285 6.413746 6834.077727
479 -7.595822 3.773686 3.058285 6.413746 6959.911069
479 14.509123 -5.256536 4.472181 356.329693 14607.958837
479 -14.475074 5.260960 4.472181 356.329693 14137.619769
479 15.862378 -5.496209 9.581492 171.670422 65178.365145
479 -15.979366 5.473126 9.581492 171.670422 65887.942892
479 13.926493 -5.149914 5.530046 222.103956 21242.041499
479 -13.884119 5.112121 5.530046 222.103956 21339.477506
479 14.358660 -5.229209 9.291674 145.365909 64001.023441
479 -14.393815 5.292220 9.291674 145.365909 61527.153646
480 10.355772 -4.440893 6.632454 21.972746 30753.282230
480 -10.322038 4.413870 6.632454 21.972746 31653.915932
480 9.530395 -4.260245 5.868674 210.281906 23936.500327
480 -9.503182 4.278379 5.868674 210.281906 25139.267505
480 10.181500 -4.403368 18.483452 42.902106 246226.410186
480 -10.235030 4.422401 18.483452 42.902106 244888.066625
480 10.507286 -4.473262 2.992269 131.877707 6309.909256
480 -10.555658 4.489317 2.992269 131.877707 6511.944276
480 8.437355 -4.008503 17.506838 296.882780 221221.889236
480 -8.401542 3.999615 17.506838 296.882780 214702.686117
480 13.151672 -5.004602 1.222342 115.596030 1089.663830
480 -13.245026 5.036973 1.222342 115.596030 1067.480903
481 7.894225 -3.877339 5.480957 150.843208 21791.506983
481 -7.896965 3.863346 5.480957 150.843208 21114.970845
481 11.093367 -4.596326 6.195403 336.490154 27877.802952
481 -11.065099 4.547167 6.195403 336.490154 28107.477170
481 5.734982 -3.304799 4.409211 268.347075 14129.704736
481 -5.746074 3.378357 4.409211 268.347075 14605.364863
481 11.349327 -4.649049 6.256069 224.403955 28532.651792
481 -11.415703 4.632674 6.256069 224.403955 26889.765676
481 4.253242 -2.846028 6.340759 203.911388 29180.175886
481 -4.241623 2.851026 6.340759 203.911388 28795.218062
481 12.902440 -4.956955 4.937667 101.777261 17658.611105
481 -12.963374 4.936748 4.937667 101.777261 17708.340747
482 2.525027 -2.192866 4.973377 268.385888 17371.432306
482 -2.528550 2.202840 4.973377 268.385888 17351.105043
482 10.078734 -4.381089 10.563067 70.691383 83099.365792
482 -10.086315 4.370841 10.563067 70.691383 80374.933426
482 4.015372 -2.765298 5.567824 234.781609 22426.128677
482 -4.026902 2.732187 5.567824 234.781609 22629.958915
482 5.772842 -3.315690 8.683886 238.184128 54134.556997
482 -5.766862 3.290965 8.683886 238.184128 53284.804456
482 7.679508 -3.824246 9.156612 184.868794 59336.395799
482 -7.675845 3.869427 9.156612 184.868794 60541.475102
482 11.370712 -4.653427 4.361334 352.373222 13952.014143
482 -11.382831 4.659957 4.361334 352.373222 13574.423007
483 9.058209 -4.153367 3.437861 264.392967 8332.757777
483 -9.034180 4.126546 3.437861 264.392967 8616.034085
483 -3.173576 -2.458406 14.763740 219.736136 151652.355064
483 3.208541 2.462196 14.763740 219.736136 159354.583090
483 12.814555 -4.940044 10.362188 315.083369 76627.156788
483 -12.800844 5.007975 10.362188 315.083369 75976.695127
483 13.359997 -5.044083 10.080779 298.548418 72665.073114
483 -13.418772 4.994549 10.080779 298.548418 73426.003877
483 7.204862 -3.704178 12.942446 58.186171 122531.966831
483 -7.183690 3.778073 12.942446 58.186171 122162.600127
484 9.890750 -4.340040 13.719020 171.335143 132372.083206
484 -9.849845 4.336286 13.719020 171.335143 134858.395088
484 5.778977 -3.317451 5.898741 131.255348 25388.921897
484 -5.754840 3.312717 5.898741 131.255348 25818.200845
484 6.827429 -3.605850 5.297511 166.396289 20482.561541
484 -6.829311 3.612519 5.297511 166.396289 20468.742285
484 2.809687 -2.313173 16.656389 17.713948 200687.434446
484 -2.785034 2.289811 16.656389 17.713948 201987.578445
484 14.344551 -5.226640 11.264083 288.056687 92300.631860
484 -14.301768 5.213310 11.264083 288.056687 89867.774888
485 7.212337 -3.706100 15.177392 197.203102 169413.809458
485 -7.231755 3.734612 15.177392 197.203102 169137.916021
485 9.535517 -4.261389 6.944138 129.043243 33824.344974
485 -9.460632 4.329989 6.944138 129.043243 34670.525664
485 14.512947 -5.257229 4.799368 334.801221 16291.698771
485 -14.546934 5.262527 4.799368 334.801221 16181.711047
485 12.758517 -4.929231 5.717988 206.800679 23329.210626
485 -12.739762 4.930967 5.717988 206.800679 23531.586076
486 6.466226 -3.509171 4.267595 188.874400 12842.887670
486 -6.453492 3.495499 4.267595 188.874400 13293.070009
486 15.121119 -5.366252 3.538854 353.070484 8823.658127
486 -15.178529 5.380299 3.538854 353.070484 8996.786055
486 8.486648 -4.020196 3.534920 343.230813 8925.678818
486 -8.465908 4.057018 3.534920 343.230813 8960.625637
486 15.890552 -5.501088 11.829191 179.324384 97512.869414
486 -15.912820 5.578375 11.829191 179.324384 97797.854713
487 15.258267 -5.390533 8.061683 337.306841 45672.977040
487 -15.242584 5.389599 8.061683 337.306841 45537.265943
487 8.722546 -4.075686 8.935935 225.360931 56134.052770
487 -8.773756 4.064148 8.935935 225.360931 57687.130716
487 9.871426 -4.335798 4.555892 297.132191 14921.213450
487 -9.927242 4.367336 4.555892 297.132191 15183.130784
487 12.051629 -4.790733 11.880165 287.595731 104735.071500
487 -12.073901 4.787502 11.880165 287.595731 102720.589357
488 5.218248 -3.152401 4.044033 231.090617 11361.120381
488 -5.189438 3.151251 4.044033 231.090617 11943.984882
488 12.595721 -4.897682 6.788881 49.056377 31752.449735
488 -12.625206 4.904525 6.788881 49.056377 32072.641911
488 11.146762 -4.607374 5.681212 156.005984 23182.321803
488 -11.058802 4.591483 5.681212 156.005984 23043.188678
489 10.118219 -4.389662 5.869233 342.299106 25364.658109
489 -10.117561 4.397570 5.869233 342.299106 24418.749379
489 6.095252 -3.407022 8.638763 167.324344 53851.237080
489 -6.118626 3.393408 8.638763 167.324344 54071.328315
489 11.169150 -4.611998 11.730393 184.769664 101002.776895
489 -11.237724 4.631649 11.730393 184.769664 97480.766180
490 11.234720 -4.625516 9.036096 13.316502 60415.256967
490 -11.274148 4.656770 9.036096 13.316502 57769.873504
490 4.988364 -3.082181 5.115951 192.609107 18911.793080
490 -4.970234 3.087748 5.115951 192.609107 19093.747800
490 4.762112 -3.011472 6.512395 207.099977 30995.100341
490 -4.741444 3.062562 6.512395 207.099977 31238.821780
491 10.217892 -4.411230 6.758495 167.008497 33009.483597
491 -10.216093 4.451184 6.758495 167.008497 33811.937147
491 5.002480 -3.086539 5.732149 293.974492 23638.541541
491 -5.016969 3.090078 5.732149 293.974492 24065.168920
492 6.546931 -3.531002 8.498213 358.285414 51576.698693
492 -6.553377 3.485799 8.498213 358.285414 53031.143389
492 12.401830 -4.859840 11.358766 223.634217 95318.471234
492 -12.475166 4.931578 11.358766 223.634217 91349.514162
493 8.634986 -4.055178 9.621154 125.895124 65691.255854
493 -8.644368 4.076472 9.621154 125.895124 68446.069131
493 7.188883 -3.700069 6.504227 198.810748 31435.916401
493 -7.217694 3.691491 6.504227 198.810748 31191.682073
494 9.827893 -4.326227 1.945421 190.128001 2739.506514
494 -9.920798 4.303718 1.945421 190.128001 2651.784363
495 4.534059 -2.938480 2.881750 90.404796 6178.921958
495 -4.534693 2.963085 2.881750 90.404796 6054.238398
496 11.790584 -4.738564 12.059255 88.010939 103332.825736
496 -11.875454 4.756764 12.059255 88.010939 105863.757674
497 10.530116 -4.478119 5.202677 113.718396 18933.651592
497 -10.594517 4.533450 5.202677 113.718396 19317.316539
498 9.626749 -4.281726 3.332283 132.204384 8012.095095
498 -9.601946 4.261857 3.332283 132.204384 8049.741728
