1 13.931405 5.412096 4.381269 302.765108 13840.377479
1 22.722913 6.911941 5.905816 229.162579 25148.254620
1 15.482045 5.705348 20.291981 70.613950 296890.953036
2 13.652646 5.357676 8.966981 113.970913 57974.976222
2 20.271688 6.528493 7.044987 198.564692 35785.614251
2 10.430690 4.683004 5.227396 131.754359 19702.385337
3 19.394490 6.385680 8.324620 243.521551 49966.271861
3 18.719043 6.273499 3.929187 75.280046 11131.496573
3 10.085146 4.604782 13.018909 334.854714 122207.322079
4 16.887156 5.958628 11.885521 170.555037 101855.514535
4 18.846060 6.294747 8.922520 10.399959 57401.491403
4 24.563366 7.186409 5.776502 120.607367 24059.023668
4 25.323618 7.296774 7.384774 42.005060 39320.817880
5 16.231352 5.841782 4.062686 88.248679 11900.754657
5 21.491471 6.722040 11.817108 153.136496 100686.321357
5 25.006251 7.250906 9.153097 260.416868 60406.572842
5 15.723693 5.749701 5.457406 186.555317 21474.379360
6 28.868763 7.790801 7.770514 180.232351 43535.903197
6 21.379749 6.704545 9.982436 312.707562 71849.073793
6 17.138021 6.002723 4.820919 40.285062 16757.445415
6 29.171411 7.831532 3.003194 223.942558 6503.014725
7 21.287085 6.690000 8.427181 72.917975 51205.035036
7 18.856789 6.296539 3.128804 252.056459 7058.377392
7 19.554093 6.411901 7.158637 190.510930 36949.516675
7 16.895331 5.960070 16.342406 92.647105 192566.210970
7 26.784330 7.504269 1.691491 166.165924 2062.944369
8 13.529341 5.333427 9.887246 89.956030 70485.337520
8 17.956659 6.144418 7.901371 89.425402 45014.562277
8 8.092268 4.124802 6.038333 334.228116 26289.494567
8 15.375784 5.685735 3.227605 152.271909 7511.191879
8 22.949142 6.946263 5.517053 320.863988 21946.355552
9 10.806322 4.766581 4.875565 349.752328 17139.494823
9 18.107945 6.170248 14.686681 268.952345 155523.285677
9 24.738260 7.211948 2.348535 205.642661 3976.877695
9 24.784231 7.218646 5.557679 104.863557 22270.757255
9 16.593166 5.906533 5.946224 199.023732 25493.564753
10 17.767432 6.111958 9.785303 26.446071 69039.335463
10 16.893941 5.959825 6.825936 22.961411 33594.837408
10 30.632384 8.025247 8.163787 151.818405 48054.207897
10 20.447022 6.556666 4.685110 71.166234 15826.598873
10 14.605977 5.541576 8.113405 332.352088 47462.913110
10 9.815660 4.542843 9.985783 132.335414 71897.251157
11 20.732310 6.602248 7.378912 154.205757 39258.416639
11 15.779513 5.759898 4.781918 38.244154 16487.402936
11 20.821762 6.616476 10.684912 77.902301 82317.080919
11 15.324708 5.676284 9.623216 154.887880 66771.097419
11 10.310257 4.655890 6.641809 68.299171 31806.860899
11 20.652655 6.589553 10.208499 148.581421 75140.112687
12 18.253959 6.195075 3.583483 283.525216 9258.886373
12 20.599750 6.581107 10.524933 315.652522 79870.570610
12 24.607381 7.192845 7.260852 69.947735 38012.222132
12 21.748618 6.762135 5.727501 302.224480 23652.575011
12 13.421834 5.312194 5.222509 240.585463 19665.570419
12 29.000666 7.808579 7.219571 263.986020 37581.221253
13 24.948857 7.242580 7.083865 40.839400 36181.671439
13 21.495344 6.722645 9.283068 340.343216 62134.259250
13 13.165849 5.261292 5.775205 145.310818 24048.216109
13 13.647243 5.356615 11.540032 219.819240 96020.093204
13 13.900479 5.406085 9.165887 345.078794 60575.511092
13 18.388023 6.217782 5.757330 18.246264 23899.580294
13 18.210253 6.187654 7.372312 313.770929 39188.217288
14 13.840627 5.394434 5.413141 159.461130 21127.430991
14 13.107339 5.249589 6.418150 173.511817 29700.771971
14 12.962172 5.220437 7.737583 245.431891 43167.675648
14 17.670920 6.095335 7.105233 61.523419 36400.277079
14 31.919359 8.192097 4.493196 136.204229 14556.564431
14 13.227442 5.273585 8.160893 358.272286 48020.147632
14 17.628080 6.087942 7.284851 262.818090 38263.920282
15 13.034711 5.235024 7.476432 301.189479 40302.954351
15 12.722407 5.171930 17.310855 34.448302 216065.335083
15 17.635424 6.089210 4.184797 237.866214 12626.902956
15 12.515327 5.129666 3.607083 101.291790 9381.243971
15 20.761134 6.606836 13.078370 59.426491 123326.191500
15 16.106685 5.819304 5.346471 100.915437 20610.216575
15 26.297261 7.435724 9.236692 154.449715 61514.993177
16 13.321792 5.292359 5.541827 289.122057 22143.897914
16 32.879630 8.314410 7.516809 122.048636 40739.440566
16 17.290347 6.029341 6.544467 167.478917 30881.371413
16 13.059919 5.240084 17.409687 254.877894 218539.534865
16 21.139248 6.666728 3.099183 19.744971 6925.364203
16 15.750293 5.754563 3.943105 9.664226 11210.492564
16 16.854689 5.952897 8.278670 313.225444 49416.190136
16 19.523448 6.406875 10.191511 98.121851 74890.245287
17 13.771132 5.380874 8.659493 209.353551 54067.096493
17 16.896141 5.960213 15.885688 336.047337 181953.371326
17 2.600022 2.338064 6.036382 94.275146 26272.505772
17 13.525498 5.332669 6.041982 104.866680 26321.272001
17 23.393681 7.013217 10.193935 85.474594 74925.875779
17 17.656319 6.092816 17.683290 72.862256 225462.441042
17 22.374763 6.858786 13.922154 202.060816 139752.928628
17 14.855569 5.588724 9.016736 31.417542 58620.133849
18 16.950062 5.969716 4.610663 139.249127 15327.621792
18 22.427094 6.866802 10.476748 345.502734 79140.913522
18 5.420080 3.375754 2.492628 344.865101 4479.846268
18 20.073908 6.496568 5.449774 276.652727 21414.360213
18 13.857138 5.397651 7.123324 144.153869 36585.873008
18 17.900231 6.134756 5.756588 104.294028 23893.418851
18 17.010013 5.980264 8.507073 323.121917 52180.521127
18 21.071447 6.656029 6.773939 280.840800 33084.960949
19 23.065724 6.963884 5.876633 336.435632 24900.333801
19 11.082907 4.827195 6.612643 73.653106 31528.128452
19 21.620773 6.742231 3.613887 104.126782 9416.664436
19 18.353359 6.211919 6.287017 81.047819 28499.506681
19 10.142258 4.617802 4.465429 13.642669 14377.205593
19 11.838367 4.989005 9.198373 9.226601 61005.662935
19 16.116164 5.821017 9.751482 208.923782 68562.926379
19 27.820328 7.648022 14.759198 68.395104 157062.901709
19 22.085519 6.814309 8.263902 25.734469 49240.036812
20 10.213663 4.634029 6.082321 166.749632 26673.914095
20 22.753143 6.916537 7.299403 141.807687 38416.941104
20 27.458503 7.598125 2.419930 303.037044 4222.343727
20 7.398635 3.944063 3.080261 116.023689 6841.054249
20 15.216574 5.656222 3.890846 241.262646 10915.312671
20 19.344337 6.377419 12.042315 204.479794 104560.588718
20 24.054440 7.111572 12.925511 253.933454 120460.176105
20 19.501811 6.403324 4.851584 70.490680 16971.300030
20 9.293095 4.420264 5.153610 164.967304 19150.103278
21 19.572032 6.414842 5.471332 86.663674 21584.116524
21 8.201164 4.152463 9.155530 94.661626 60438.690117
21 9.760000 4.529945 6.774864 91.814506 33093.997986
21 16.308246 5.855603 4.925347 172.233217 17491.284602
21 17.122316 5.999972 5.469077 250.186426 21566.328201
21 21.169623 6.671517 10.569617 231.259197 80550.198017
21 18.378652 6.216198 7.396827 45.612729 39449.267303
21 6.348386 3.653421 14.840409 310.361587 158796.083023
21 16.844663 5.951126 13.699604 68.083201 135320.660174
22 19.565005 6.413690 12.093016 56.422039 105442.892843
22 23.896605 7.088202 5.348506 103.057269 20625.904585
22 10.735198 4.750869 11.346594 231.593519 92828.020410
22 18.047903 6.160009 8.628846 189.501100 53685.063049
22 15.514209 5.711272 4.802310 211.823601 16628.326287
22 12.503016 5.127143 4.030432 207.384441 11712.542546
22 17.572383 6.078317 2.921091 289.227624 6152.308629
22 11.332073 4.881156 23.598820 38.383340 401539.847948
22 9.943934 4.572431 3.227709 152.888588 7511.675735
22 14.333039 5.489555 11.728628 179.950615 99184.197980
23 18.162752 6.179578 4.089803 6.445362 12060.155330
23 18.520978 6.240221 5.536855 265.558370 22104.178190
23 8.183065 4.147878 3.859182 271.329652 10738.375701
23 14.092635 5.443323 3.015400 246.702341 6555.982811
23 18.320071 6.206283 11.531669 356.370391 95880.963151
23 7.168916 3.882351 16.763613 327.306581 202620.470628
23 19.457902 6.396111 3.157179 231.839861 7186.981354
23 21.019646 6.647842 4.843854 331.154822 16917.264028
23 21.605664 6.739874 6.344876 209.009976 29026.475542
23 22.210599 6.833578 6.150312 26.984787 27273.592350
24 19.748235 6.443653 3.664130 127.490220 9680.323240
24 20.433172 6.554445 10.399586 324.018165 77979.449886
24 9.079986 4.369287 7.866769 304.210127 44621.156463
24 15.344785 5.680001 4.877401 285.783697 17152.403875
24 7.949438 4.088238 2.248583 172.987852 3645.573344
24 9.459791 4.459732 4.614962 325.089387 15356.220547
24 18.067464 6.163347 9.532439 42.991780 65517.320631
24 29.518685 7.878010 6.985167 12.510850 35180.473719
24 13.824319 5.391255 3.514757 119.175965 8907.149110
24 12.818241 5.191373 11.237603 339.058796 91053.250652
25 14.903178 5.597672 3.772178 128.108315 10259.647718
25 14.757787 5.570300 3.130325 185.317932 7065.242147
25 27.380916 7.587383 3.599873 267.618840 9343.775897
25 16.942341 5.968356 9.356915 63.688119 63126.750086
25 8.063498 4.117463 2.689411 184.466693 5215.098536
25 21.921243 6.788918 2.889172 103.141741 6018.590183
25 8.492426 4.225556 7.397016 117.288927 39451.287009
25 16.765775 5.937175 12.989813 271.582118 121661.691265
25 13.030546 5.234188 4.636299 299.493318 15498.542567
25 7.453367 3.958624 5.279162 137.291152 20094.539572
25 28.472106 7.737093 13.697231 123.047892 135273.781739
26 12.559869 5.138786 9.332908 20.932395 62803.234870
26 26.866670 7.515795 4.607417 49.495976 15306.051434
26 24.842576 7.227137 4.365896 340.717579 13743.421662
26 11.494962 4.916112 25.346518 32.570677 463217.198987
26 16.381966 5.868823 10.535993 191.939968 80038.513263
26 15.111972 5.636747 7.619825 45.300623 41863.744461
26 29.257732 7.843110 7.245119 340.689825 37847.672530
26 20.333809 6.538489 11.082875 160.254749 88563.119945
26 21.835326 6.775601 8.941500 336.103552 57645.958408
26 19.307363 6.371321 9.149454 263.031915 60358.503500
26 13.487510 5.325175 11.655942 168.209549 97958.661089
27 9.244590 4.408713 3.418772 151.262112 8427.297726
27 21.614422 6.741240 8.139316 172.171554 47766.554427
27 16.627439 5.912630 9.548697 38.074846 65740.993101
27 18.410562 6.221592 7.126223 272.813280 36615.656959
27 14.088450 5.442515 6.058863 196.540032 26468.559707
27 18.259048 6.195938 7.168949 86.655936 37056.040909
27 9.007078 4.351710 5.584463 294.572907 22485.931858
27 13.746033 5.375968 9.484591 23.745701 64861.249589
27 11.573418 4.932860 8.252518 189.786763 49104.474336
27 10.367214 4.668733 12.569868 185.679255 113922.502087
27 23.042487 6.960376 8.190150 316.012714 48365.061413
28 21.728847 6.759061 7.431397 151.467548 39818.872140
28 27.725958 7.635039 5.955169 282.737188 25570.324494
28 14.719322 5.563036 6.083615 214.792360 26685.265320
28 26.969557 7.530172 12.909357 293.160906 120159.275440
28 17.352149 6.040107 6.542032 318.460218 30858.399137
28 19.434089 6.392196 7.289107 120.720005 38308.639012
28 20.069701 6.495887 3.727054 104.042856 10015.658352
28 18.967706 6.315030 4.938058 56.593035 17581.684881
28 9.127823 4.380782 7.279108 35.702718 38203.604697
28 -0.416810 0.936132 11.683336 234.377980 98419.639914
28 9.167019 4.390178 5.701223 99.396144 23436.032228
28 14.157759 5.455886 5.744662 118.577232 23794.524084
29 6.488169 3.693423 4.843492 242.423050 16914.738138
29 11.092340 4.829249 4.876519 48.907098 17146.201151
29 17.887939 6.132650 3.678856 14.413867 9758.286628
29 15.325888 5.676502 12.416181 255.738048 111153.755725
29 15.455913 5.700531 3.229421 318.029001 7519.647258
29 11.934483 5.009217 3.516025 160.180842 8913.575948
29 12.799279 5.187532 5.584411 7.425606 22485.511249
29 17.775227 6.113298 7.539969 53.896583 40990.875963
29 15.471814 5.703463 8.796145 38.475882 55786.978581
29 9.063781 4.365387 10.237190 232.493759 75563.064468
29 21.713822 6.756723 8.897240 144.152801 57076.672651
29 -1.123439 1.536890 9.488999 63.904186 64921.548074
30 12.072818 5.038164 8.452718 344.072278 51515.844223
30 17.615585 6.085784 5.992595 45.357248 25892.739053
30 13.453067 5.318371 4.320675 166.389012 13460.192506
30 17.719194 6.103655 12.353679 320.817529 110037.498546
30 25.357713 7.301684 3.964844 182.574699 11334.445916
30 11.512280 4.919814 5.991245 273.256041 25881.072416
30 17.307346 6.032304 13.471970 146.418245 130861.015052
30 15.715697 5.748239 2.771411 315.200749 5537.963336
30 20.949775 6.636784 11.842725 130.133048 101123.331327
30 18.235940 6.192016 12.662253 251.852156 115603.247472
30 14.768932 5.572403 4.614973 240.403579 15356.293908
30 14.788870 5.576163 7.897410 159.955662 44969.430750
31 15.796079 5.762921 8.426266 140.374156 51193.926836
31 22.802600 6.924050 5.251541 35.315055 19884.820552
31 11.007153 4.810669 6.308531 79.891890 28694.892511
31 13.766940 5.380055 10.693054 322.379047 82442.590583
31 8.246763 4.163991 4.650446 269.539393 15593.276124
31 10.653619 4.732783 5.582650 95.648122 22471.332292
31 16.670171 5.920222 7.354955 180.756446 39003.908163
31 19.969461 6.479644 8.593393 273.255843 53244.830345
31 23.092541 6.967931 3.639916 54.582986 9552.802800
31 23.242858 6.990573 4.508333 100.192628 14654.805825
31 15.876008 5.777483 3.999232 173.578103 11531.912805
31 20.706642 6.598160 4.408794 230.838639 14014.824105
32 20.027306 6.489022 2.801519 17.961213 5658.942289
32 -2.475246 2.281273 3.871606 148.423211 10807.625778
32 19.583951 6.416795 15.790036 193.623428 179768.790567
32 16.685333 5.922914 6.858025 296.858225 33911.439099
32 11.407161 4.897301 4.980520 146.841547 17885.350118
32 13.264815 5.281030 4.707698 294.377286 15979.575833
32 12.737331 5.174963 2.914524 268.854108 6124.680566
32 14.867350 5.590939 18.951842 35.495577 258970.889727
32 7.496852 3.970155 4.428332 282.825621 14139.319809
32 17.242250 6.020949 2.704350 296.493022 5273.197010
32 21.446211 6.714958 10.716775 117.293651 82808.755733
32 9.793060 4.537610 6.463090 94.163814 30118.159968
33 9.006849 4.351655 20.829861 104.763796 312838.963031
33 13.558044 5.339081 19.547690 247.749687 275510.998142
33 9.471680 4.462534 3.964081 53.955744 11330.084438
33 9.838410 4.548105 5.744842 131.466991 23796.017145
33 16.099504 5.818007 6.191717 310.382073 27642.047543
33 15.996501 5.799366 5.983322 130.520637 25812.661269
33 10.343470 4.663384 6.990472 281.381365 35233.931764
33 13.509367 5.329488 33.896637 107.804439 828440.470569
33 19.871578 6.463744 17.199332 161.496255 213290.359402
33 11.729386 4.965988 5.339011 20.717111 20552.740079
33 16.614859 5.910393 8.623679 178.732054 53620.794240
33 10.451628 4.687702 6.689524 143.345711 32265.512358
33 23.681887 7.056286 4.034956 145.355532 11738.854048
34 20.550905 6.573300 5.242515 4.222295 19816.522464
34 12.362880 5.098329 10.664767 322.033963 82006.972987
34 16.894091 5.959851 6.834013 192.001578 33674.385385
34 0.002516 0.072737 4.794333 148.187515 16573.130600
34 13.230655 5.274225 5.879561 277.635238 24925.157632
34 17.910207 6.136466 7.736502 135.439003 43155.618543
34 23.465911 7.024036 4.872353 267.869902 17116.920121
34 21.619341 6.742007 9.363253 264.425518 63212.303412
34 7.866059 4.066742 7.150810 91.206600 36868.765469
34 2.552410 2.316558 4.269887 81.802767 13145.612146
34 14.517543 5.524775 6.617541 168.868928 31574.855783
34 8.493159 4.225739 13.439250 237.655326 130226.140880
34 11.529427 4.923476 7.306845 301.471476 38495.312550
35 25.919645 7.382144 3.957566 176.319477 11292.872658
35 12.948612 5.217706 19.403937 327.867824 271473.720548
35 0.927181 1.396208 10.947316 60.566881 86409.869138
35 -2.694793 2.380295 7.719921 185.217611 42970.839147
35 10.245309 4.641203 6.153875 58.350581 27305.203444
35 14.388629 5.500190 4.607394 22.983460 15305.896736
35 0.321547 0.822224 2.876565 267.184199 5966.181185
35 18.385269 6.217317 13.406327 333.268702 129588.861335
35 7.474389 3.964203 4.310079 259.411708 13394.256984
35 17.894745 6.133816 6.296336 343.666401 28584.059744
35 19.821901 6.455660 4.723926 95.251283 16089.933837
35 13.896402 5.405292 27.341407 160.499736 539001.266427
35 9.705463 4.517271 4.264896 61.155974 13114.898780
36 28.333797 7.718277 4.408187 98.072721 14010.967576
36 16.090743 5.816424 4.693317 138.916321 15882.100005
36 21.749389 6.762255 2.549224 63.067646 4685.587437
36 23.813091 7.075806 3.087419 274.197672 6872.885878
36 18.198360 6.185633 4.749399 178.768916 16263.923736
36 14.793938 5.577119 20.438435 77.308859 301191.932920
36 18.935066 6.309594 6.332430 318.427451 28912.712150
36 22.737707 6.914190 16.313222 14.302858 191879.057650
36 13.917903 5.409472 9.780674 345.053478 68974.033601
36 16.763754 5.936817 4.502583 244.560648 14617.448211
36 9.014413 4.353482 6.319158 324.849958 28791.650045
36 18.068980 6.163605 12.021767 30.183522 104204.073463
36 13.478735 5.323443 8.008083 23.027197 46238.657027
37 25.251818 7.286422 11.420641 183.963783 94043.547954
37 -4.860494 3.196747 2.653445 87.448289 5076.544154
37 10.231320 4.638033 5.117368 177.832192 18881.709747
37 8.775805 4.295478 7.522941 195.203592 40805.942839
37 19.705900 6.436743 6.517564 1.683285 30628.003421
37 7.236408 3.900583 6.791271 273.890561 33254.483391
37 7.651472 4.010888 17.131746 256.760673 211617.376146
37 7.009269 3.838878 6.471178 332.523008 30193.593634
37 23.633064 7.049008 6.899122 33.094408 34319.089221
37 27.340359 7.581761 4.936483 204.483425 17570.467564
37 14.626298 5.545430 6.896380 142.413169 34291.813475
37 25.002070 7.250300 12.142910 270.005984 106314.770858
37 29.362410 7.857128 8.199333 358.541058 48473.582779
38 6.285950 3.635411 4.390670 24.326945 13899.838840
38 10.118124 4.612305 8.778685 187.605342 55565.726032
38 13.589478 5.345267 3.414672 286.196922 8407.095214
38 21.031909 6.649781 4.040053 259.869498 11768.526723
38 16.678371 5.921678 16.571167 337.371682 197995.008880
38 14.263202 5.476165 5.355741 31.555359 20681.745228
38 27.349146 7.582980 6.603880 103.802357 31444.620428
38 21.285411 6.689737 6.890053 209.175673 34228.915852
38 12.564017 5.139635 6.468929 301.306772 30172.603855
38 24.132787 7.123144 9.724413 108.389956 68182.808548
38 22.789991 6.922135 6.681216 168.193063 32185.418223
38 26.590243 7.477031 8.354768 197.232722 50328.827274
38 18.457431 6.229506 5.782488 118.113865 24108.907817
38 13.028624 5.233802 4.926169 355.386257 17497.123268
39 17.916992 6.137628 10.448177 57.188365 78709.856522
39 18.707709 6.271599 7.085699 335.079525 36200.405609
39 10.907880 4.788926 3.510220 115.101525 8884.168287
39 8.965476 4.341649 2.969800 333.474523 6359.200592
39 3.035460 2.526273 18.378104 275.280780 243528.315008
39 15.919587 5.785407 2.610363 140.717920 4913.034075
39 15.514521 5.711329 6.917383 234.405779 34501.006081
39 17.466774 6.060024 6.250428 287.242844 28168.748248
39 18.280752 6.199620 16.658256 335.581459 200081.590310
39 20.757069 6.606189 3.157529 267.630255 7188.573431
39 22.707083 6.909533 8.970578 4.815283 58021.500460
39 20.993882 6.643767 10.619723 131.934935 81315.705192
39 18.301451 6.203128 7.033373 223.368978 35667.719544
39 22.531624 6.882786 9.754490 247.474307 68605.230696
40 14.424831 5.507105 4.430478 103.510470 14153.025893
40 20.506955 6.566268 10.823156 346.363003 84460.935701
40 20.127593 6.505249 10.133392 154.497749 74038.528876
40 11.505487 4.918362 17.062328 145.453629 209905.897889
40 16.219467 5.839643 13.435795 358.314436 130159.184195
40 13.200201 5.268152 5.845378 306.622636 24636.171342
40 13.894771 5.404975 2.929921 177.852421 6189.561572
40 12.945763 5.217132 1.376186 150.608200 1365.533243
40 23.690069 7.057504 5.468985 280.829153 21565.602542
40 14.151125 5.454607 13.470827 319.412096 130838.813034
40 16.908276 5.962353 3.630254 176.878323 9502.156927
40 23.624882 7.047788 2.748316 186.704540 5446.046232
40 5.866831 3.512124 7.970651 165.337004 45807.400371
40 17.579158 6.079488 5.409056 89.871839 21095.561851
41 23.782937 7.071324 6.930357 292.255529 34630.543872
41 16.213960 5.838651 3.102244 341.184742 6939.051015
41 7.711556 4.026605 4.297155 95.261337 13314.049820
41 19.252496 6.362262 7.495567 173.069056 40509.520029
41 13.627853 5.352809 18.027470 198.111832 234324.473580
41 13.010228 5.230105 9.410978 250.471054 63858.333509
41 6.036529 3.562556 3.472029 49.506824 8691.902320
41 15.308134 5.673214 6.029267 5.749114 26210.605308
41 12.946466 5.217274 8.493671 161.506261 52016.235603
41 9.407197 4.447317 6.479242 344.566844 30268.889543
41 22.730832 6.913145 4.626175 319.659682 15430.930654
41 21.271018 6.687474 4.732343 38.548442 16147.320390
41 12.419435 5.109977 6.427938 243.783203 29791.439247
41 8.812669 4.304490 9.539845 40.273844 65619.171534
42 16.874490 5.956393 6.811698 158.540707 33454.834624
42 19.945893 6.475820 4.399475 273.028408 13955.641138
42 6.103492 3.582261 1.837747 312.007771 2435.115822
42 11.491581 4.915389 10.017037 201.024756 72348.010109
42 8.843244 4.311951 6.246209 261.491640 28130.734240
42 12.697749 5.166916 6.827863 202.294037 33613.802125
42 11.854037 4.992305 6.912080 137.016274 34448.121429
42 12.972136 5.222444 5.402448 90.419305 21044.047620
42 18.508350 6.238093 7.847739 126.461727 44405.536600
42 19.982382 6.481740 11.081379 163.809347 88539.215087
42 5.324769 3.345942 5.928709 184.364974 25343.605488
42 18.107651 6.170197 9.176855 40.237238 60720.571606
42 26.568816 7.474017 5.500480 158.846928 21814.697629
42 3.674958 2.779676 6.646961 97.238935 31856.223725
42 -23.148356 -6.976347 4.326186 350.020870 13494.552364
43 11.707760 4.961408 35.543924 221.716814 910916.997496
43 7.054433 3.851227 3.814128 58.321825 10489.111592
43 10.267975 4.646334 1.985534 56.982240 2842.514887
43 7.173567 3.883610 7.672619 47.392458 42445.856495
43 9.779149 4.534386 9.641457 269.602608 67024.474401
43 14.186878 5.461493 11.214037 24.874628 90671.766080
43 19.188502 6.351679 5.149798 262.610215 19121.783409
43 13.895548 5.405126 5.157163 84.043877 19176.522534
43 5.364160 3.358295 5.726884 98.450847 23647.482716
43 14.753239 5.569442 9.010508 337.124648 58539.175110
43 15.960074 5.792759 5.406223 235.723244 21073.467252
43 12.346054 5.094858 6.663095 129.862050 32011.062844
43 11.662549 4.951819 4.577845 12.063308 15110.199514
43 8.855680 4.314982 7.670026 236.563449 42417.170238
43 -19.079910 -6.333681 7.368852 110.210581 39151.436843
44 12.539760 5.134671 4.514240 179.685810 14693.230415
44 13.419110 5.311655 7.777428 91.017286 43613.412526
44 26.328348 7.440118 3.877526 17.638766 10840.702317
44 21.025174 6.648716 4.550691 71.008953 14931.479078
44 17.172160 6.008699 3.935117 310.845075 11165.117794
44 21.561153 6.732928 13.446455 227.051879 130365.809862
44 9.710374 4.518414 2.923464 126.134267 6162.309631
44 12.263225 5.077739 3.921695 78.796802 11089.085564
44 11.961752 5.014936 10.086491 67.979059 73354.761956
44 15.789124 5.761652 8.767043 311.084486 55418.440509
44 15.606629 5.728258 4.979775 201.614184 17879.998845
44 16.798381 5.942945 7.288812 173.120327 38305.540729
44 11.060790 4.822376 6.704315 281.192925 32408.352708
44 13.377606 5.303435 4.045488 205.461689 11800.215555
44 -24.042209 -7.109764 6.390575 105.777134 29446.115142
45 6.090715 3.578509 6.437580 203.352902 29880.875438
45 18.820699 6.290510 4.174544 113.224569 12565.107097
45 9.620922 4.497554 6.272534 329.832427 28368.354035
45 3.409841 2.677534 7.911762 134.899607 45133.026602
45 20.945112 6.636045 14.379442 272.229006 149084.387976
45 18.105769 6.169877 2.910867 236.860614 6109.317068
45 13.845055 5.395297 9.533358 350.720136 65529.950291
45 13.012700 5.230602 7.332289 163.645706 38763.882933
45 16.412805 5.874344 2.187542 18.344966 3450.331286
45 5.464501 3.389559 8.239495 207.526459 48949.614707
45 21.560231 6.732784 5.221794 292.644309 19660.182019
45 19.168534 6.348373 14.822455 143.159417 158412.102416
45 11.954179 5.013348 3.308454 36.379794 7892.203271
45 21.803902 6.770724 17.326646 236.468458 216459.710019
45 -22.474880 -6.874113 10.977044 252.105614 86879.813397
46 11.768602 4.974282 9.657849 239.244784 67252.567985
46 20.145388 6.508124 6.300504 65.313609 28621.916774
46 6.965997 3.827011 16.266321 301.903681 190777.325016
46 7.959979 4.090948 6.160107 6.895996 27360.530664
46 6.619719 3.730678 13.746573 68.660914 136250.149328
46 0.058745 0.351442 6.139567 59.240636 27178.380258
46 6.684406 3.748862 8.513279 95.217455 52256.674382
46 12.272205 5.079598 6.258224 190.690502 28239.060235
46 4.689102 3.139879 18.531818 270.865712 247619.084520
46 2.470925 2.279281 3.934326 186.810300 11160.630385
46 12.127124 5.049483 5.022595 241.375393 18188.817435
46 7.687872 4.020417 5.613063 233.951442 22716.837502
46 19.267441 6.364731 11.433754 241.653740 94259.638969
46 16.566432 5.901773 6.200442 157.757254 27720.012015
46 -19.521496 -6.406555 7.411336 26.997795 39604.188298
47 19.586348 6.417188 8.673954 106.725147 54247.822617
47 25.567847 7.331876 8.579561 81.696087 53073.562817
47 10.531543 4.705589 3.491112 316.025573 8787.707918
47 8.042649 4.112137 6.069677 260.469235 26563.126260
47 0.533608 1.059203 3.865066 210.926242 10771.144816
47 9.849794 4.550735 5.642422 168.179879 22955.101296
47 14.352228 5.493229 11.385974 145.363736 93473.489876
47 14.965104 5.609290 3.812262 341.875006 10478.846663
47 10.292621 4.651907 11.148379 144.476999 89613.108561
47 17.895645 6.133970 6.375251 254.441167 29305.058966
47 9.749672 4.527547 4.498213 123.219081 14589.089960
47 17.861332 6.128087 4.313922 172.364334 13418.149590
47 12.014702 5.026023 8.981905 225.613174 58168.109277
47 4.223910 2.980062 6.463701 119.621960 30123.856999
47 -13.456937 -5.319136 6.554046 292.467232 30971.841973
48 19.611769 6.421351 7.452821 264.332297 40048.799093
48 19.498918 6.402849 2.491236 328.495790 4474.844798
48 12.072259 5.038048 7.630386 245.036599 41979.865421
48 14.428286 5.507765 2.497436 296.301806 4497.145317
48 6.719442 3.758674 3.252001 310.684833 7625.165900
48 10.795609 4.764218 4.717138 84.638286 16043.723828
48 11.684481 4.956473 5.275857 271.490963 20069.387187
48 15.919991 5.785480 4.987521 43.187833 17935.664186
48 11.642308 4.947520 3.934784 253.976577 11163.227165
48 26.255724 7.429849 14.523515 129.774693 152086.814292
48 23.836962 7.079351 10.653746 169.537338 81837.579371
48 9.696155 4.515104 10.199789 32.664185 75011.942411
48 17.655147 6.092614 3.725360 349.122233 10006.556878
48 9.353344 4.434569 2.456692 117.632305 4351.606968
48 -27.001769 -7.534668 4.366347 308.307072 13746.260653
48 -20.630373 -6.585997 2.497222 24.565515 4496.374821
49 11.556833 4.929325 8.314774 53.490434 49848.141016
49 20.675781 6.593241 6.543233 186.496893 30869.730495
49 9.353924 4.434707 5.959365 320.232689 25606.368747
49 15.235884 5.659810 9.530434 288.660076 65489.770027
49 14.378619 5.498277 9.269415 63.189543 61951.624173
49 17.130299 6.001371 3.475703 76.153860 8710.305505
49 3.679488 2.781389 3.282799 352.331330 7770.278989
49 10.295478 4.652552 4.092870 342.877553 12078.251833
49 12.232848 5.071446 6.704399 348.054993 32409.158273
49 7.062186 3.853342 9.615445 78.542962 66663.305620
49 12.617353 5.150532 9.444883 148.508986 64319.291973
49 21.007935 6.645990 3.434145 34.212928 8503.259264
49 12.842149 5.196212 4.380057 71.335230 13832.719026
49 22.839152 6.929597 5.446571 96.019620 21389.195444
49 -21.540027 -6.729629 3.651017 332.817645 9611.160417
49 -22.685607 -6.906264 8.187973 38.686947 48339.360548
50 1.056903 1.490684 15.561046 286.264870 174592.520453
50 16.918755 5.964200 3.403766 171.709529 8353.482123
50 3.535910 2.726582 3.648981 74.186189 9600.445303
50 14.721880 5.563520 6.143769 196.616977 27215.596834
50 22.044899 6.808039 4.729148 96.400806 16125.526085
50 13.052097 5.238514 2.025912 235.742672 2959.303014
50 9.764794 4.531057 6.909845 43.259034 34425.850236
50 13.663410 5.359787 13.034726 34.480449 122504.448723
50 18.047400 6.159924 6.937658 169.740422 34703.550530
50 21.526175 6.727465 6.892591 7.800069 34254.141650
50 9.460926 4.460000 19.708008 42.364846 280048.678220
50 5.414614 3.374052 6.902089 356.753305 34348.609014
50 10.705499 4.744293 1.680733 31.015129 2036.787078
50 18.417408 6.222749 3.444184 78.542754 8553.043132
50 -20.602643 -6.581569 6.388733 73.727770 29429.134741
50 -23.816585 -7.076325 22.360789 346.756876 360514.155420
51 22.065165 6.811168 8.447874 33.583793 51456.824024
51 9.845907 4.549837 10.307203 98.844927 76600.170511
51 10.090806 4.606074 1.731785 239.654704 2162.400056
51 10.456999 4.688906 9.647187 228.530552 67104.161049
51 10.368455 4.669012 16.176164 120.863311 188668.394520
51 10.072672 4.601933 6.651378 192.658915 31898.582356
51 10.422559 4.681178 6.703522 39.027781 32400.679759
51 12.331784 5.091913 2.599104 56.971834 4870.743792
51 11.203223 4.853326 11.248144 224.972440 91224.148835
51 14.414250 5.505085 9.515533 150.576036 65285.139592
51 13.478231 5.323343 2.321800 277.546431 3886.850429
51 12.512231 5.129032 3.384920 325.779954 8261.234991
51 14.914080 5.599719 6.889184 359.553345 34220.290304
51 6.378110 3.661963 11.764002 114.852694 99783.394467
51 -21.735364 -6.760074 4.586069 142.598990 15164.538857
51 -12.588843 -5.144710 5.018245 200.039015 18157.321450
52 13.941096 5.413978 3.753004 81.095036 10155.613477
52 4.241355 2.986210 3.822460 36.123067 10534.985656
52 7.418416 3.949332 1.683386 205.836025 2043.222208
52 10.501152 4.698795 8.176125 231.049271 48199.564345
52 3.729157 2.800099 2.369904 298.629528 4049.577864
52 16.426968 5.876878 5.522027 73.863014 21985.946567
52 21.729350 6.759139 4.309457 154.928173 13390.389181
52 17.256189 6.023382 6.476750 128.726717 30245.608204
52 21.077087 6.656919 4.068867 312.925546 11936.997736
52 10.559759 4.711889 12.846192 162.752017 118986.271839
52 13.570707 5.341574 7.545604 344.458320 41052.163274
52 4.131747 2.947371 11.694955 206.535222 98615.501489
52 21.342288 6.698669 9.468535 52.953918 64641.825191
52 13.940487 5.413859 15.954560 120.998166 183534.520614
52 -35.685909 -8.661964 5.358178 312.309720 20700.570986
52 -24.424331 -7.166042 8.627601 100.154551 53669.582670
53 10.775374 4.759750 8.188652 217.979694 48347.374573
53 9.057553 4.363887 7.732834 102.545041 43114.713269
53 7.479423 3.965537 12.599693 6.424259 114463.766288
53 11.383924 4.892310 3.611173 94.938511 9402.529772
53 12.711661 5.169745 8.422771 10.326012 51151.467757
53 17.214398 6.016084 11.005167 163.998321 87325.559380
53 1.920228 2.009298 7.115535 270.978715 36505.908934
53 9.910432 4.564722 20.112946 54.375496 291675.149285
53 5.612802 3.435246 11.337726 192.548347 92682.985883
53 11.349366 4.884879 12.273368 20.034938 108611.445769
53 12.616493 5.150357 6.499768 111.786525 30460.976084
53 5.824141 3.499322 2.969195 293.956665 6356.609845
53 14.887178 5.594666 4.348330 291.715722 13633.048640
53 10.917678 4.791077 5.141556 156.071314 19060.627382
53 -28.762510 -7.776450 7.258634 307.845796 37989.005970
53 -35.543312 -8.644641 6.410099 96.548723 29626.308512
53 -38.723904 -9.023137 6.743793 337.044065 32791.143031
54 30.720040 8.036721 15.478383 184.368096 172742.524391
54 4.957724 3.228562 4.484982 176.582602 14503.389755
54 11.984579 5.019719 5.963282 343.395369 25640.039876
54 18.517039 6.239557 3.643968 310.415753 9574.080788
54 25.721343 7.353851 11.059821 347.790904 88195.068645
54 14.253092 5.474224 5.815339 87.279478 24383.617746
54 17.299610 6.030956 3.184795 76.504046 7313.262452
54 16.164780 5.829790 11.266958 126.817606 91529.567405
54 1.781868 1.935556 9.072014 355.608501 59341.087188
54 6.673003 3.745663 9.108099 195.171244 59814.099450
54 8.032562 4.109557 7.470586 165.851509 40239.946617
54 15.561800 5.720025 4.186908 185.965659 12639.646439
54 9.351701 4.434180 2.338139 65.790862 3941.747138
54 12.470888 5.120551 6.969749 39.501262 35025.339007
54 -26.576475 -7.475095 6.469400 317.251131 30176.998802
54 -25.414142 -7.309804 6.014354 120.978500 26081.110742
54 -18.119693 -6.172249 6.236044 143.124977 28039.253193
55 -0.187036 0.627091 3.716899 153.116112 9961.154155
55 21.026629 6.648946 4.289378 310.315106 13265.897499
55 10.882149 4.783275 8.875307 135.251398 56795.614392
55 7.073896 3.856536 10.826195 163.272655 84508.372715
55 9.915783 4.565954 7.807595 95.515411 43952.406744
55 9.688756 4.513381 6.874748 166.598507 34077.021022
55 3.747803 2.807090 6.615711 265.224672 31557.392320
55 16.396315 5.871393 6.947838 181.000791 34805.461260
55 10.836853 4.773310 8.023563 128.491728 46417.586649
55 15.129079 5.639937 3.246318 235.667463 7598.540048
55 11.223226 4.857657 7.300532 56.565803 38428.820965
55 8.261330 4.167667 4.094105 346.280262 12085.536314
55 13.590297 5.345428 1.942827 278.863716 2721.550231
55 -26.764902 -7.501547 5.853291 224.941930 24702.917758
55 -7.415439 -3.948539 10.543385 303.664187 80150.864189
55 -15.692127 -5.743927 8.150522 108.543600 47898.165465
56 2.219190 2.160057 10.574334 353.172431 80622.103044
56 17.401463 6.048684 3.735756 248.045561 10062.478450
56 14.222891 5.468421 1.658229 273.656444 1982.609023
56 7.720400 4.028913 3.483141 176.939245 8747.624335
56 18.127873 6.173642 5.592767 158.841831 22552.851065
56 8.965668 4.341695 3.248719 97.675231 7609.786968
56 12.100350 5.043906 12.533060 211.863030 113256.292374
56 16.520261 5.893543 8.707105 97.115408 54663.274750
56 23.208569 6.985415 4.263608 245.685352 13106.979338
56 11.138603 4.839309 3.122283 132.152688 7028.985566
56 13.114091 5.250941 5.082108 225.619235 18622.407323
56 12.772530 5.182108 4.907975 98.881817 17368.117841
56 21.102256 6.660893 7.007441 305.572685 35405.193996
56 -22.034760 -6.806474 11.850189 76.898824 101250.833565
56 -19.871264 -6.463693 8.195692 166.947902 48430.547026
56 -16.314533 -5.856732 5.072343 229.972014 18550.911948
57 11.973478 5.017394 2.910218 131.415663 6106.594821
57 4.794386 3.174932 9.025873 242.284126 58738.997175
57 12.851827 5.198169 2.804394 177.274957 5670.563345
57 15.499272 5.708522 3.629047 340.262546 9495.834863
57 13.117367 5.251596 3.240400 96.561912 7570.861199
57 20.713827 6.599305 7.901778 232.186542 45019.195452
57 13.235411 5.275173 4.412068 305.199488 14035.645739
57 11.217765 4.856475 8.166226 8.440797 48082.917572
57 8.692824 4.275121 8.685459 100.509931 54391.829812
57 12.836616 5.195092 5.978003 55.950738 25766.787627
57 16.047230 5.808554 4.147587 177.959443 12403.354931
57 -0.455376 0.978482 6.375077 343.621920 29303.458134
57 15.672469 5.740328 4.072181 196.432423 11956.449075
57 -26.596762 -7.477947 5.319678 61.012748 20404.163310
57 -27.012072 -7.536105 9.938667 315.454112 71220.383910
57 -24.344113 -7.154264 7.421522 147.388772 39713.121210
57 -31.532559 -8.142310 20.010983 231.022110 288725.358138
58 10.184104 4.627319 2.256055 200.326511 3669.841711
58 8.825242 4.307560 5.180295 175.307886 19348.935453
58 10.445162 4.686251 6.705749 45.719733 32422.212108
58 15.294541 5.670694 6.845322 173.598315 33785.923121
58 6.960077 3.825384 7.095961 263.737054 36305.344670
58 5.136667 3.286311 4.966119 275.851980 17782.073370
58 19.722333 6.439426 4.258234 350.779400 13073.956867
58 12.559956 5.138804 15.097744 107.725743 164350.945123
58 13.802339 5.386967 4.554108 180.206279 14953.910321
58 23.143818 6.975663 8.584980 66.922092 53140.623159
58 17.263862 6.024722 2.498359 185.565640 4500.468552
58 7.460287 3.960461 8.056004 299.120653 46793.703609
58 21.524393 6.727186 10.704187 163.898690 82614.349747
58 -26.549622 -7.471317 4.039890 137.115876 11767.580477
58 -9.861080 -4.553342 8.435248 344.728110 51303.117699
58 -22.701893 -6.908743 13.218781 188.072995 125988.504049
58 -18.515640 -6.239322 8.828672 223.165297 56200.323995
59 8.685630 4.273352 15.482470 80.946581 172833.763428
59 17.703912 6.101023 13.037927 74.143455 122564.625766
59 16.013270 5.802405 4.658260 260.431189 15645.717608
59 19.090210 6.335390 9.303958 28.726706 62414.224630
59 12.287449 5.082751 5.063434 278.424606 18485.805040
59 1.020943 1.465105 4.692715 116.341628 15878.020064
59 8.542082 4.237892 10.468176 151.361721 79011.465836
59 3.208040 2.597095 5.214943 150.079371 19608.630415
59 11.961444 5.014871 4.346844 248.479629 13623.733585
59 9.943504 4.572332 5.822531 299.509020 24443.967459
59 14.146311 5.453679 4.864415 343.308195 17061.188782
59 8.823698 4.307183 6.787630 263.580245 33218.833792
59 5.367813 3.359438 31.729514 309.495366 725896.866896
59 -20.726245 -6.601282 3.314870 218.655488 7922.842596
59 -19.479247 -6.399619 9.825802 346.800533 69611.998985
59 -17.833112 -6.123244 4.859883 178.077335 17029.416597
59 -28.318483 -7.716191 20.914248 86.003489 315378.861454
60 4.301011 3.007138 2.238133 69.315722 3611.767775
60 5.975145 3.544396 7.369333 6.511710 39156.549072
60 14.963423 5.608975 14.843741 145.337676 158867.401597
60 12.001852 5.023335 7.227187 100.337396 37660.548672
60 19.876481 6.464542 15.740218 298.813521 178636.238946
60 14.565955 5.533979 5.451343 63.080902 21426.689538
60 18.175762 6.181791 15.174338 276.475487 166022.739833
60 12.180587 5.060601 8.369930 152.457023 50511.669915
60 15.073898 5.629642 4.047689 46.788703 11813.059468
60 16.682701 5.922447 1.802145 231.957167 2341.680538
60 10.946938 4.797493 8.627606 156.858105 53669.635475
60 7.091323 3.861283 7.931951 60.590858 45363.665593
60 -20.802607 -6.613432 25.561941 4.995192 471124.545383
60 -6.844579 -3.793511 5.870193 187.054996 24845.792677
60 -26.031108 -7.398000 5.707752 345.842523 23489.740491
60 -23.201815 -6.984398 9.926826 199.463832 71050.788260
61 12.752732 5.178090 4.756161 250.792508 16310.270086
61 7.760610 4.039391 13.476309 20.032256 130945.330338
61 17.059263 5.988915 9.358132 109.498279 63143.169307
61 10.636383 4.728953 7.698470 206.169678 42732.359822
61 11.157972 4.843515 6.491461 22.942306 30383.166793
61 7.244817 3.902849 7.455018 70.011012 40072.413204
61 -1.146683 1.552708 3.497325 256.574351 8819.016770
61 11.531677 4.923957 6.374187 247.818637 29295.277651
61 11.022031 4.813919 4.147560 22.717551 12403.191364
61 7.959661 4.090866 11.924100 338.830008 102517.800879
61 4.175540 2.962950 7.112759 16.219682 36477.430831
61 15.001013 5.616015 7.077869 320.733852 36120.444179
61 -18.190860 -6.184358 8.171487 341.803141 48144.894707
61 -16.449327 -5.880877 20.647586 320.327346 307387.818848
61 -16.673195 -5.920759 13.847373 281.346036 138255.633208
61 -20.543060 -6.572046 7.133262 161.577740 36688.035335
61 -17.688393 -6.098348 6.770269 62.822834 33049.123359
62 18.745731 6.277969 11.406067 254.975376 93803.690369
62 7.160728 3.880133 8.522814 209.457563 52373.800029
62 10.358396 4.666747 9.272725 260.864062 61995.882686
62 8.967101 4.342042 16.095178 166.675916 186783.984124
62 8.089550 4.124110 11.672173 342.947275 98231.660857
62 11.424584 4.901040 19.971099 10.227226 287575.583274
62 7.179405 3.885190 7.375317 22.982447 39220.168366
62 1.868889 1.982256 6.604919 315.880908 31454.519723
62 13.616087 5.350497 11.529777 67.718217 95849.508333
62 12.729941 5.173461 3.254825 152.639323 7638.414585
62 4.125716 2.945219 6.139275 191.210362 27175.793126
62 11.006808 4.810594 4.356921 115.905298 13686.972480
62 -27.456049 -7.597785 3.932200 161.085573 11148.574422
62 -22.575968 -6.889555 14.938131 146.937652 160894.285449
62 -26.185581 -7.419918 19.967105 69.929865 287460.570707
62 -17.834780 -6.123530 8.752674 332.174396 55236.932516
62 -14.549566 -5.530865 5.686318 108.848343 23313.657061
63 15.420451 5.693988 12.267481 52.786782 108507.274427
63 9.800197 4.539264 8.325387 163.413935 49975.480918
63 -1.413204 1.723735 7.801304 177.223590 43881.597784
63 8.375740 4.196426 4.256751 46.012135 13064.851741
63 23.668129 7.054236 3.325180 260.474042 7972.201475
63 7.506043 3.972588 6.462853 12.873231 30115.951605
63 10.872069 4.781059 2.717322 203.409341 5323.905701
63 16.670548 5.920289 11.737187 344.772163 99329.019551
63 5.188643 3.302896 14.129736 64.157326 143951.495469
63 5.111635 3.278294 7.801100 202.478267 43879.309699
63 10.590603 4.718765 5.545825 277.543391 22175.854402
63 2.346531 2.221167 3.790224 296.557395 10358.045330
63 -8.269101 -4.169626 5.961818 276.972106 25627.453005
63 -23.485147 -7.026914 7.472687 189.601907 40262.584448
63 -12.188047 -5.062151 4.096726 279.505537 12101.015962
63 -19.863196 -6.462381 7.239777 5.609040 37791.880650
63 -20.035853 -6.490407 4.067252 313.358331 11927.522026
64 4.343349 3.021902 10.771659 26.806808 83659.109708
64 11.975940 5.017909 5.454531 87.764387 21451.755893
64 7.911868 4.078566 2.448525 144.112366 4322.719127
64 9.711817 4.518749 3.765210 88.940837 10221.781083
64 5.427596 3.378094 4.787193 175.937927 16523.801863
64 12.937758 5.215519 4.362846 32.086016 13724.226841
64 9.338584 4.431069 6.808021 338.091384 33418.718932
64 8.029856 4.108865 4.347908 81.806603 13630.406768
64 6.350616 3.654062 6.694020 265.795504 32308.891580
64 7.757436 4.038565 2.705191 334.857513 5276.475172
64 7.164808 3.881238 10.800215 101.531453 84103.263047
64 9.934870 4.570346 10.087710 195.102018 73372.486094
64 -19.332955 -6.375542 5.256218 295.825764 19920.253267
64 -11.766526 -4.973844 5.163717 319.323692 19225.293717
64 -15.801668 -5.763940 6.971982 133.587183 35047.790248
64 -7.946885 -4.087582 2.905772 75.089786 6087.948880
64 -16.193002 -5.834877 7.004344 313.324189 35373.904306
65 16.243192 5.843912 9.804030 123.094540 69303.839034
65 11.585455 4.935425 2.242023 297.196103 3624.334784
65 19.317781 6.373040 19.025721 12.074392 260993.886775
65 6.724480 3.760082 42.162652 287.392358 1281751.729657
65 9.843932 4.549381 8.383317 208.476539 50673.374744
65 15.061460 5.627319 26.091027 23.451274 490829.215882
65 4.573930 3.101078 4.302003 125.243022 13344.104534
65 15.688742 5.743307 6.709066 269.687981 32454.299801
65 8.409099 4.204775 7.718815 283.980780 42958.528045
65 16.695163 5.924659 8.437515 167.867029 51330.703131
65 13.151532 5.258431 5.765251 76.567775 23965.388321
65 -26.703465 -7.492932 6.166903 62.074360 27420.941209
65 -26.138345 -7.413223 2.948330 39.503412 6267.583989
65 -20.934154 -6.634309 12.811209 179.516150 118339.115684
65 -31.451891 -8.131888 5.818316 233.934097 24408.589558
65 -16.928083 -5.965844 7.711127 207.164861 42872.995482
65 -8.553826 -4.240804 6.956626 248.284581 34893.566185
66 1.943667 2.021524 6.686429 359.824902 32235.654979
66 5.801107 3.492396 18.831805 248.764225 255700.729268
66 9.758783 4.529662 6.060885 15.055421 26486.230518
66 9.519826 4.473861 7.280598 236.402292 38219.253015
66 0.649725 1.168780 13.205977 254.752585 125744.541651
66 13.487391 5.325152 10.946050 99.516056 86389.898964
66 8.581018 4.247539 9.951512 44.028380 71404.602076
66 7.341537 3.928814 5.628971 322.477233 22845.787108
66 11.062907 4.822838 8.250961 230.340463 49085.948219
66 16.712120 5.927667 5.413695 183.543462 21131.757510
66 6.947014 3.821792 12.801023 99.818673 118151.004995
66 -25.100992 -7.264629 12.649960 109.926254 115378.897516
66 -19.080123 -6.333716 7.666015 171.855746 42372.825071
66 -12.003415 -5.023662 5.103484 150.626996 18779.397493
66 -20.746362 -6.604485 7.215813 248.799455 37542.103525
66 -17.450448 -6.057191 7.469310 57.987280 40226.208438
66 -28.757960 -7.775835 5.531362 73.830309 22060.338761
67 7.542946 3.982342 3.812792 200.584166 10481.763226
67 10.409072 4.678149 5.408517 207.111246 21091.355200
67 14.281981 5.479769 2.005816 199.279358 2900.884204
67 -1.823658 1.958122 3.964388 183.334775 11331.839375
67 8.421999 4.207999 4.949910 53.438559 17666.184082
67 16.436227 5.878534 26.709061 354.081192 514357.776996
67 14.920090 5.600847 10.161002 173.927857 74442.531561
67 4.271203 2.996699 6.298575 283.701796 28604.390308
67 6.112452 3.584889 4.043422 275.053502 11788.163381
67 2.472627 2.280066 11.305963 275.668558 92164.396775
67 2.144823 2.123556 6.800353 166.169471 33343.485670
67 -36.098798 -8.711930 7.122343 342.171057 36575.803292
67 -2.512695 -2.298465 8.938517 278.479401 57607.500018
67 -24.025705 -7.107323 4.699458 145.080399 15923.685552
67 -10.489560 -4.696201 5.415107 357.829999 21142.785059
67 -30.747088 -8.040258 13.888081 137.733126 139069.715378
67 -19.429794 -6.391490 3.814653 123.261930 10491.994229
68 13.631682 5.353561 8.123208 279.572078 47577.680766
68 2.754454 2.406499 2.196863 194.342062 3479.797564
68 12.466360 5.119621 6.382900 195.851260 29375.421280
68 17.034032 5.984484 15.246583 259.240908 167607.362815
68 5.809659 3.494969 3.185381 122.384917 7315.950557
68 4.078561 2.928340 9.498157 40.752811 65046.926466
68 4.401963 3.042224 6.012023 313.738465 26060.897114
68 9.570931 4.485854 4.649362 150.219823 15586.007815
68 11.834774 4.988247 2.884044 96.551599 5997.245168
68 15.524293 5.713127 32.804106 168.106321 775897.741397
68 -17.634616 -6.089070 7.242396 176.837834 37819.223709
68 -24.832124 -7.225617 12.375541 336.757624 110427.303137
68 -20.876937 -6.625237 7.628775 301.297667 41962.145489
68 -2.231911 -2.166239 6.331975 207.139552 28908.560915
68 -12.065978 -5.036737 3.741125 262.038054 10091.427184
68 -18.692717 -6.269086 4.763859 291.164688 16363.112483
69 14.746507 5.568171 5.121855 153.670089 18914.835344
69 16.571994 5.902764 6.142176 28.834982 27201.484085
69 5.201161 3.306878 8.364036 85.298325 50440.561334
69 20.837102 6.618913 12.115111 182.223432 105828.558494
69 6.578626 3.719081 4.036701 159.768799 11749.007364
69 7.599932 3.997356 2.949980 325.927511 6274.603893
69 5.332757 3.348450 8.132791 212.491189 47689.996085
69 7.501026 3.971260 10.045304 353.730992 72756.915374
69 7.643584 4.008820 4.340196 124.248203 13582.095675
69 10.657576 4.733662 15.403624 49.970618 171077.893910
69 -17.889323 -6.132887 9.227474 180.459351 61392.281472
69 -18.510205 -6.238406 3.751991 4.099350 10150.130504
69 -16.336908 -5.860746 4.317496 185.371221 13440.391663
69 -15.564317 -5.720488 6.724720 266.613084 32605.926329
69 -19.245041 -6.361030 7.899473 350.694379 44992.937897
69 -18.247099 -6.193910 4.099694 197.014115 12118.555729
70 -0.089237 0.433153 3.867898 190.707102 10786.937979
70 2.786254 2.420351 4.159719 290.610241 12476.019034
70 10.071997 4.601779 3.079632 256.737943 6838.261867
70 15.269223 5.665999 2.177961 239.599621 3420.174245
70 5.405108 3.371089 3.546283 118.684876 9067.652023
70 15.462181 5.701687 1.558113 340.657976 1750.435444
70 8.194914 4.150880 6.758724 259.723915 32936.502659
70 12.727096 5.172883 7.920821 240.792554 45236.445867
70 9.094231 4.372713 9.631882 46.349162 66891.409668
70 10.252592 4.642852 6.309571 261.266491 28704.353159
70 -16.781004 -5.939870 5.186320 350.906476 19393.966889
70 -9.193277 -4.396461 11.607940 325.152703 97153.478248
70 -12.729121 -5.173295 8.208275 64.035302 48579.364802
70 -23.692060 -7.057801 5.430501 27.962410 21263.160980
70 -28.501814 -7.741128 2.674346 56.769794 5156.834564
70 -10.516074 -4.702132 3.863129 274.356215 10760.353856
70 -7.722238 -4.029393 6.972684 77.806172 35054.847633
71 11.668498 4.953082 5.802292 221.643150 24274.325933
71 15.934566 5.788128 12.114261 166.246068 105813.707902
71 0.890321 1.368174 7.078308 347.170478 36124.927653
71 7.147779 3.876623 8.325704 80.431156 49979.278502
71 8.399365 4.202340 10.034611 39.581931 72602.097328
71 10.163099 4.622544 12.889495 28.634367 119789.809554
71 7.525390 3.977704 2.019133 190.796819 2939.528796
71 10.414263 4.679315 9.853505 298.914309 70005.080795
71 8.089288 4.124043 9.404771 153.412731 63774.122343
71 -19.874500 -6.464220 8.650170 161.821628 53950.737845
71 -11.299781 -4.874196 7.687881 346.224596 42614.891935
71 -21.714101 -6.756767 11.182795 146.773793 90167.246816
71 -17.054355 -5.988053 5.103672 71.281017 18780.776092
71 -21.432643 -6.712833 16.760858 189.563192 202553.891459
71 -11.775115 -4.975659 8.581135 283.648963 53093.027647
71 -17.982867 -6.148901 5.229482 67.792666 19718.117315
72 4.700051 3.143542 8.823940 108.603751 56140.096861
72 20.064708 6.495079 3.789098 115.458891 10351.891224
72 8.794363 4.300017 9.936122 124.576272 71183.916079
72 8.734250 4.285296 11.870855 96.314886 101604.298598
72 17.416566 6.051308 4.789168 155.552774 16537.436873
72 7.846666 4.061726 3.479517 304.050226 8729.431470
72 9.244880 4.408782 11.992758 350.398891 103701.774981
72 9.795425 4.538158 7.550455 121.602171 41104.972285
72 9.250330 4.410081 8.194163 341.758333 48412.470464
72 -15.965926 -5.793821 12.173348 93.093485 106848.424233
72 -20.848485 -6.620720 12.115199 203.083415 105830.086941
72 -29.919993 -7.931380 7.001303 187.211435 35343.195553
72 -19.788116 -6.450156 11.983651 223.133678 103544.350638
72 -30.011930 -7.943556 14.210856 37.542921 145609.107031
72 -10.845130 -4.775132 5.354344 265.319210 20670.957600
72 -17.549244 -6.074314 7.336337 35.985686 38806.687005
73 15.991947 5.798540 5.057191 275.062675 18440.252753
73 9.380576 4.441020 10.687644 251.899073 82359.184970
73 12.415219 5.109109 6.402953 86.927411 29560.293734
73 6.968439 3.827681 11.121692 222.092702 89184.591143
73 11.535606 4.924796 18.254454 231.367220 240262.365573
73 6.878043 3.802773 7.924009 182.590891 45272.870370
73 16.282178 5.850921 4.852849 216.424072 16980.151870
73 8.798530 4.301036 5.662061 50.843679 23115.172757
73 18.409736 6.221452 15.177054 356.541524 166082.171536
73 -13.350147 -5.297989 2.499510 140.464532 4504.616606
73 -15.882193 -5.778608 2.616860 37.582186 4937.522191
73 -4.811045 -3.180444 7.275404 357.500321 38164.744108
73 -32.214498 -8.229884 7.235121 124.393604 37743.285668
73 -15.752835 -5.755027 14.585021 10.027655 153377.678944
73 -8.470459 -4.220088 5.068195 286.041591 18520.586099
73 -27.819541 -7.647914 12.847867 87.236015 119017.311000
74 7.737825 4.033457 5.988284 263.356322 25855.494655
74 9.524864 4.475045 31.971429 1.613130 737007.964433
74 13.392522 5.306390 7.029970 77.073987 35633.216366
74 -1.150084 1.555008 6.214678 60.319339 27847.446297
74 6.207469 3.612645 11.971235 173.187040 103329.900300
74 10.977305 4.804142 7.247727 271.785164 37874.917775
74 1.275487 1.637593 6.435572 286.082100 29862.239920
74 10.733375 4.750465 3.651434 339.515019 9613.354554
74 -20.375824 -6.545240 9.552423 141.965979 65792.318292
74 -14.159539 -5.456229 13.735209 273.660684 136024.953690
74 -15.993952 -5.798904 12.245212 221.345529 108113.698474
74 -19.781563 -6.449088 5.447342 351.505051 21395.253506
74 -2.605814 -2.340668 5.763984 171.774505 23954.858566
74 -17.821796 -6.121301 5.867017 144.212884 24818.911545
74 -24.865922 -7.230533 3.784660 153.634710 10327.656039
74 -19.028112 -6.325077 6.991037 323.877849 35239.629446
75 3.686317 2.783969 4.743499 301.180459 16223.545734
75 8.643544 4.262986 14.940874 177.819219 160953.368038
75 8.948607 4.337562 4.472846 131.174624 14425.007946
75 6.536471 3.707146 10.101320 318.436256 73570.611429
75 10.540092 4.707499 13.778718 77.892910 136888.105884
75 9.722044 4.521128 2.664430 194.362672 5118.663037
75 12.483823 5.123206 4.107949 302.976728 12167.410067
75 13.133746 5.254874 12.936170 46.291236 120658.939252
75 -19.783669 -6.449431 5.296352 177.524285 20225.613039
75 -20.411529 -6.550972 13.260682 39.898372 126788.481856
75 -12.345231 -5.094688 8.755543 197.703940 55273.154735
75 -29.167362 -7.830988 5.514346 220.621327 21924.821161
75 -11.579098 -4.934071 5.965858 269.204497 25662.196524
75 -13.573256 -5.342075 9.022146 140.579732 58690.496581
75 -4.788281 -3.172910 7.448904 128.489037 40006.708799
75 -6.563775 -3.714880 14.162508 54.469894 144620.012480
76 9.700978 4.516227 8.687968 114.437610 54423.258589
76 18.732824 6.275808 8.100707 146.162807 47314.466572
76 7.639714 4.007805 6.237414 216.588095 28051.569212
76 8.584487 4.248398 19.039851 260.073115 261381.699216
76 6.045010 3.565057 3.382229 67.207870 8248.103535
76 10.156993 4.621155 6.219766 195.347988 27893.057359
76 10.828233 4.771411 14.597497 62.202958 153640.196497
76 10.545267 4.708654 14.437930 321.258690 150299.646843
76 -23.408561 -7.015447 3.639111 234.788458 9548.575743
76 -12.980698 -5.224167 7.589634 351.226487 41532.660887
76 -18.763061 -6.280871 7.528384 39.142058 40865.004684
76 -19.484430 -6.400470 24.600554 28.467150 436352.867241
76 -7.506575 -3.972729 3.391737 171.183319 8294.541038
76 -9.088132 -4.371247 9.359560 337.104561 63162.451427
76 -23.161806 -6.978374 4.789818 108.305161 16541.929917
76 -16.185910 -5.833599 6.419038 270.319845 29708.996588
77 12.256760 5.076400 3.301419 195.705744 7858.675477
77 10.436750 4.684364 13.535094 228.740384 132090.212832
77 9.900732 4.562487 4.909708 89.691544 17380.383467
77 8.413815 4.205954 5.518293 144.824831 21956.221087
77 10.040567 4.594594 8.067593 114.894989 46928.428649
77 3.746880 2.806745 13.062461 102.528505 123026.341750
77 6.948599 3.822228 8.454350 18.674811 51535.743742
77 -18.713206 -6.272521 3.679440 67.796167 9761.387596
77 -25.799766 -7.365053 1.548044 8.233834 1727.885271
77 -13.309995 -5.290015 2.864249 184.265470 5915.204507
77 -20.270999 -6.528382 3.980649 302.879089 11424.988831
77 -14.903456 -5.597724 10.302502 343.080199 76530.305460
77 -7.427423 -3.951728 2.252222 110.323448 3657.384189
77 -9.840587 -4.548608 6.162168 335.526286 27378.848604
77 -6.505855 -3.698454 8.708375 20.936139 54679.216291
78 4.948353 3.225510 6.946307 80.986756 34790.129045
78 7.988729 4.098329 14.127135 151.055970 143898.497732
78 3.980438 2.892900 14.998157 107.088652 162189.915721
78 8.842715 4.311822 5.118374 153.483406 18889.135764
78 8.257503 4.166701 8.409721 342.373553 50993.083185
78 13.053979 5.238892 4.224966 205.372989 12870.472188
78 16.419645 5.875568 7.028836 172.386899 35621.720229
78 -16.965937 -5.972511 14.731430 98.729664 156472.441054
78 -26.077431 -7.404580 11.700172 83.499794 98703.510143
78 -21.691764 -6.753291 4.848503 335.887926 16949.757474
78 -16.266451 -5.848095 8.061722 45.272831 46860.156240
78 -12.674141 -5.162110 12.470874 105.301116 112135.168397
78 -22.578146 -6.889888 5.099915 154.868562 18753.138096
78 -14.749644 -5.568764 27.174090 264.474471 532424.573485
78 -17.497742 -6.065394 11.389012 346.167004 93523.377542
79 3.573238 2.740936 6.886415 6.709487 34192.784981
79 19.289609 6.368391 14.049983 206.781761 142331.065494
79 15.192609 5.651766 7.471974 354.763596 40254.905700
79 11.329769 4.880660 18.953784 298.599455 259023.953649
79 2.549459 2.315219 9.773873 131.204115 68878.142509
79 15.493322 5.707426 9.858003 105.575108 70069.008392
79 1.391357 1.710359 6.496711 61.687701 30432.331276
79 -23.648197 -7.051265 4.947382 289.941988 17648.139727
79 -27.580903 -7.615041 9.107421 304.591605 59805.194134
79 -17.061473 -5.989303 12.087385 81.624903 105344.719720
79 -12.705655 -5.168524 3.172574 116.211303 7257.243975
79 -14.907016 -5.598393 14.081636 113.059126 142973.086057
79 -10.124128 -4.613673 11.912728 171.061301 102322.361616
79 -13.097833 -5.247685 6.801999 190.428224 33359.626897
79 -11.189588 -4.850372 3.056268 253.915417 6734.895012
80 7.174613 3.883893 8.644265 69.784306 53877.095594
80 14.154310 5.455221 5.469451 139.618922 21569.271715
80 8.892651 4.323980 8.015764 155.070286 46327.394993
80 8.608050 4.254224 7.428210 84.660769 39784.731435
80 7.738926 4.033744 21.829879 97.329579 343598.089809
80 7.934589 4.084418 5.336033 41.198912 20529.818000
80 -23.992336 -7.102386 7.573602 198.269884 41357.380683
80 -16.235731 -5.842570 5.796810 277.405431 24228.479283
80 -8.449862 -4.214954 4.187300 286.182358 12642.010395
80 -14.598011 -5.540065 8.947560 181.211558 57724.124755
80 -21.176664 -6.672626 8.956457 61.079960 57838.976545
80 -2.574986 -2.326781 6.325318 171.424777 28847.809592
80 -14.706235 -5.560563 7.032080 105.108133 35654.611030
80 -25.015390 -7.252231 4.441756 176.167484 14225.168070
80 -25.044801 -7.256493 6.925680 95.614383 34583.815279
81 11.828587 4.986943 4.679213 24.376655 15786.784022
81 3.589676 2.747234 6.625820 176.541383 31653.908400
81 6.412299 3.671765 6.508492 53.090765 30542.793651
81 5.305431 3.339861 14.910138 73.927781 160291.831998
81 16.843019 5.950836 6.062181 100.605539 26497.556859
81 6.216812 3.615363 10.171879 196.529730 74601.996069
81 -17.286385 -6.028650 18.216758 11.337249 239271.097756
81 -4.666359 -3.132255 18.893725 182.315658 257385.014270
81 -8.491617 -4.225355 10.655757 141.029537 81868.471670
81 -3.849458 -2.844905 5.764016 31.493315 23955.127745
81 -2.083526 -2.092992 4.718156 202.040557 16050.652341
81 -5.001810 -3.242885 3.202809 120.399016 7396.226008
81 -9.719742 -4.520593 5.955200 337.537320 25570.595052
81 -10.080557 -4.603734 8.753376 43.795868 55245.794509
81 -21.446472 -6.714999 3.877792 315.074340 10842.194725
82 6.541321 3.708521 13.604892 228.509939 133456.042128
82 9.330386 4.429124 8.408089 29.703545 50973.288476
82 3.179953 2.585701 3.432381 156.145413 8494.522871
82 18.525949 6.241058 12.458313 70.227350 111909.388512
82 3.906603 2.865944 7.416427 47.633597 39658.609216
82 7.460849 3.960610 12.308330 10.279880 109231.111760
82 -9.230846 -4.405435 5.638172 136.587781 22920.533600
82 -16.977776 -5.974594 2.499147 339.260976 4503.306795
82 -15.850683 -5.772873 7.439343 141.759036 39904.070048
82 -14.228876 -5.469571 4.923397 58.880412 17477.441916
82 -9.473644 -4.462996 8.377087 358.902117 50598.088950
82 -8.934290 -4.334091 4.073108 333.650538 11961.892914
82 -12.634387 -5.154008 10.704146 278.897973 82613.707766
82 -14.403829 -5.503095 6.542355 280.511637 30861.446097
82 -7.772423 -4.042465 10.149596 265.394419 74275.506800
83 10.710522 4.745405 5.447770 123.541612 21398.608335
83 1.633181 1.853042 4.930603 18.073876 17528.638937
83 6.161760 3.599320 2.297643 165.513054 3806.390102
83 10.655021 4.733094 1.079772 264.541907 840.643447
83 11.858057 4.993152 9.820333 98.084453 69534.530097
83 -18.810057 -6.288732 8.519790 286.667654 52336.639194
83 -14.926719 -5.602091 12.684500 279.893339 116009.823523
83 -0.476349 -1.000762 5.421322 20.357820 21191.343208
83 2.155553 -2.128861 16.352603 189.254803 192806.585435
83 -17.773813 -6.113055 6.717660 82.613315 32537.495128
83 -19.939739 -6.474821 9.886967 221.891424 70481.355869
83 -18.006332 -6.152911 8.372016 228.643562 50536.853957
83 -11.843848 -4.990159 2.459909 317.849889 4363.010340
83 -21.712358 -6.756496 8.173763 233.008963 48171.721226
84 10.593703 4.719456 12.651340 66.780715 115404.061683
84 9.945782 4.572855 4.491159 68.403763 14543.364184
84 9.499452 4.469071 2.760700 257.377380 5495.237369
84 14.036236 5.432420 13.459052 59.203646 130610.175857
84 4.469852 3.065594 4.935285 348.637182 17561.939628
84 -15.120367 -5.638313 8.951803 342.900996 57778.875343
84 -10.828717 -4.771517 4.308276 356.145949 13383.053158
84 -10.731058 -4.749952 3.674250 357.371346 9733.868160
84 -17.625922 -6.087569 5.959859 210.798802 25610.615964
84 -21.691813 -6.753298 6.255662 117.294947 28215.943665
84 -13.292998 -5.286637 5.506984 195.233505 21866.323127
84 5.510192 -3.403701 6.480382 344.866633 30279.537452
84 -15.890639 -5.780144 6.220765 355.086063 27902.023695
84 -20.458434 -6.558495 5.707594 34.454049 23488.443888
85 11.202558 4.853182 21.445335 320.025672 331599.403809
85 12.953654 5.218722 5.452424 120.728271 21435.191590
85 13.073013 5.242710 6.514230 44.999819 30596.675731
85 9.113523 4.377349 7.196974 170.187697 37346.330709
85 6.587732 3.721654 4.812349 256.554436 16697.917340
85 -13.778118 -5.382239 11.048988 190.502309 88022.381666
85 -8.788311 -4.298537 3.864275 110.943094 10766.736488
85 -18.274647 -6.198584 4.375254 261.249192 13802.400412
85 -6.577587 -3.718787 2.016676 199.256716 2932.380987
85 -8.245848 -4.163760 1.694192 217.505107 2069.537795
85 -6.176927 -3.603747 8.524834 338.683060 52398.634804
85 -29.812983 -7.917184 3.026686 347.221755 6605.151632
85 -22.579271 -6.890059 4.772460 156.389809 16422.247339
85 -17.161526 -6.006838 12.675614 89.474463 115847.349578
86 -1.838829 1.966250 4.192286 76.254825 12672.139675
86 12.826239 5.192992 29.790409 58.107688 639883.648510
86 12.995691 5.227183 10.652700 256.640299 81821.512197
86 9.803299 4.539982 9.723071 41.373658 68163.986692
86 -14.624476 -5.545084 9.748828 17.071508 68525.599847
86 -9.387616 -4.442687 3.486335 28.808491 8763.675991
86 -12.604283 -5.147864 4.129773 177.773228 12297.037713
86 -14.983256 -5.612691 4.154216 345.698182 12443.033860
86 -17.642877 -6.090497 5.472000 213.058626 21589.386408
86 -12.459135 -5.118138 4.683155 332.167749 15813.396649
86 -4.023060 -2.908347 4.175286 26.253969 12569.572211
86 -16.513201 -5.892284 3.803330 109.919521 10429.804900
86 -27.595073 -7.616997 2.875276 5.678190 5960.833963
87 4.836293 3.188778 15.888877 284.200109 182026.444606
87 5.602193 3.431998 9.679611 180.756028 67555.986330
87 8.535183 4.236180 5.389608 184.212120 20944.134691
87 9.040228 4.359711 13.040109 235.282747 122605.652969
87 -10.407723 -4.677845 6.548269 32.361914 30917.268447
87 -18.940773 -6.310545 17.653575 233.037577 224705.358160
87 -5.068968 -3.264583 11.367812 208.128916 93175.516526
87 -4.234603 -2.983832 7.371268 237.220244 39177.116978
87 -18.071046 -6.163958 5.939505 230.982074 25435.986772
87 -7.554120 -3.985290 3.832932 187.100337 10592.791099
87 -17.878627 -6.131053 7.538718 54.004500 40977.277294
87 -10.014569 -4.588642 9.451605 4.407427 64410.868749
87 -17.654357 -6.092478 2.353468 307.433846 3993.602227
88 10.652558 4.732547 10.623204 337.630413 81369.028940
88 13.133048 5.254734 10.567377 109.795217 80516.055316
88 8.422972 4.208242 14.088728 79.292689 143117.143703
88 6.541169 3.708478 6.708853 64.143823 32452.235100
88 -11.145585 -4.840826 9.899532 30.872128 70660.605994
88 -14.512625 -5.523839 7.502784 126.703138 40587.563375
88 1.723097 -1.903369 6.961468 262.232883 34942.161172
88 -10.294229 -4.652270 7.035611 113.191873 35690.420850
88 -6.783963 -3.776676 5.295925 99.487902 20222.354572
88 -15.283782 -5.668699 16.954783 262.429999 207268.145508
88 -8.457574 -4.216877 5.463116 236.072338 21519.339054
88 -22.061125 -6.810544 9.242442 277.801801 61591.611886
88 -17.493349 -6.064632 13.820430 194.964105 137718.158425
89 13.018997 5.231868 5.733848 212.906123 23705.028810
89 11.482490 4.913444 2.064802 294.464107 3074.008659
89 11.989099 5.020665 3.230840 139.586981 7526.255209
89 -21.810698 -6.771779 10.382643 76.271968 77725.563713
89 -10.843671 -4.774811 7.747006 21.578784 43272.889618
89 -10.936750 -4.795260 5.963251 162.039072 25639.775784
89 -0.703919 -1.216548 12.850902 135.424010 119073.543525
89 -8.528904 -4.234622 7.971665 38.092883 45819.056734
89 -8.647294 -4.263911 22.500189 112.873877 365023.150349
89 -13.194596 -5.267033 35.638197 262.193801 915755.467148
89 -7.490618 -3.968504 13.813849 89.381121 137587.029800
89 -10.963827 -4.801192 6.871297 162.395775 34042.820525
89 -12.508848 -5.128338 9.522475 102.719247 65380.430151
90 7.035461 3.846044 7.578177 16.565908 41407.363964
90 12.029713 5.029162 3.318591 138.352102 7940.640272
90 14.963704 5.609027 5.972385 211.358564 25718.382809
90 1.901113 -1.999273 9.023225 148.744488 58704.531244
90 -13.820027 -5.390418 5.305471 251.011250 20295.322957
90 -12.442040 -5.114625 3.816092 172.170523 10499.915099
90 -13.200977 -5.268307 6.677488 46.081962 32149.507449
90 2.214471 -2.157759 4.033006 196.014518 11727.511560
90 -15.602210 -5.727447 2.162115 224.430826 3370.589208
90 -14.846279 -5.586976 7.423239 75.651314 39731.498748
90 -11.985450 -5.019901 11.066636 219.512657 88303.778386
90 -10.787330 -4.762390 7.005312 124.853308 35383.679872
90 -16.977950 -5.974625 8.874765 193.963952 56788.681374
91 6.070755 3.572641 8.028424 35.631894 46473.854173
91 6.958768 3.825024 2.133308 324.114965 3281.369670
91 21.797972 6.769803 6.639861 357.966278 31788.208383
91 -14.211224 -5.466178 2.166705 230.002552 3384.913721
91 -5.489025 -3.397157 3.621349 158.744669 9455.592891
91 -4.109795 -2.939531 8.281978 250.665723 49455.680111
91 -16.658572 -5.918162 3.907104 49.773924 11006.719801
91 -8.852200 -4.314134 3.270497 310.553520 7712.150596
91 -15.707473 -5.746735 5.077076 52.128569 18585.550282
91 -9.655113 -4.505538 3.958796 8.195412 11299.895276
91 -9.787404 -4.536300 3.640015 87.697643 9553.320051
91 -7.741743 -4.034478 13.637992 256.309733 134106.218662
91 -4.889579 -3.206297 5.130428 351.770225 18978.210978
92 14.166957 5.457658 6.466720 289.763078 30152.007268
92 9.982906 4.581382 3.362635 18.277284 8152.812589
92 5.664501 3.451031 10.652087 338.495621 81812.092059
92 -17.952727 -6.143746 4.914435 0.833176 17413.872013
92 -6.820145 -3.786734 3.605484 348.916663 9372.927967
92 -12.256999 -5.076450 4.077998 341.567576 11990.630924
92 -12.621115 -5.151300 2.580975 170.593896 4803.033294
92 -13.479892 -5.323671 5.849545 118.753616 24671.313934
92 -12.255129 -5.076062 2.050009 119.152166 3030.119148
92 -16.735875 -5.931878 2.409144 90.482003 4184.789418
92 -14.606175 -5.541614 5.812962 174.129924 24363.687111
92 -22.244097 -6.838729 7.713358 336.785860 42897.800526
92 -22.024060 -6.804821 4.333104 75.987917 13537.743086
93 6.913081 3.812447 17.767440 72.272715 227613.390986
93 6.856625 3.796848 5.905855 203.095748 25148.590773
93 -14.655237 -5.550913 2.307360 250.203288 3838.653409
93 -16.255981 -5.846212 8.654958 95.162793 54010.470046
93 -6.701662 -3.753698 11.965938 177.578192 103238.477496
93 -13.164409 -5.261005 4.205275 24.240745 12750.782149
93 -7.005119 -3.837742 11.387446 48.254759 93497.657802
93 -15.469287 -5.702997 4.463406 61.539680 14364.177553
93 -3.328382 -2.645359 6.444551 67.606034 29945.626817
93 -11.085946 -4.827857 2.542102 246.447337 4659.443633
93 -14.133046 -5.451122 4.828069 333.404492 16807.186594
93 -15.395042 -5.689295 5.574837 297.010208 22408.478649
94 9.510393 4.471644 8.085432 159.497918 47136.200598
94 4.681645 3.137381 5.939779 270.492493 25438.328794
94 -17.602879 -6.083589 3.174496 29.632251 7266.035350
94 -7.797095 -4.048875 2.525541 319.119613 4598.932042
94 -15.014999 -5.618633 10.780311 29.116394 83793.563701
94 -10.027258 -4.591548 3.000068 275.334798 6489.486905
94 -10.197062 -4.630262 8.100832 162.120128 47315.921610
94 -11.313460 -4.877146 2.469177 157.265445 4395.946102
94 -15.615545 -5.729894 4.930414 300.819813 17527.291255
94 -8.279733 -4.172306 5.960511 78.414410 25616.223213
94 -14.824876 -5.582947 5.588303 225.086973 22516.864425
94 -11.943534 -5.011116 5.064505 331.980480 18493.629517
95 2.627692 2.350473 6.466002 59.292287 30145.313661
95 11.177655 4.847785 7.529760 334.246758 40879.949374
95 -13.179331 -5.263986 6.324183 256.011995 28837.453287
95 -5.834707 -3.502495 10.545751 77.376660 80186.847311
95 -14.037073 -5.432582 11.155359 26.963850 89725.346645
95 -14.164851 -5.457252 3.788461 52.493227 10348.412231
95 -13.776746 -5.381971 6.808316 264.700426 33421.615138
95 -18.627390 -6.258122 6.850978 269.050535 33841.780834
95 -7.168388 -3.882208 4.648264 60.400676 15578.647070
95 -13.939501 -5.413668 8.942725 268.926087 57661.746500
95 -1.562232 -1.812344 8.772865 198.106179 55492.077813
95 -11.291471 -4.872404 5.899972 318.159466 25098.510458
96 5.474574 3.392682 2.967284 293.573039 6348.431327
96 9.774442 4.533295 7.145387 250.303373 36812.862031
96 -13.483605 -5.324404 4.043817 359.232500 11790.466163
96 -5.800736 -3.492284 3.688196 55.754528 9807.902989
96 -7.113805 -3.867399 10.265842 116.350845 75986.630237
96 -10.156500 -4.621043 3.707319 275.815553 9909.869141
96 -3.310997 -2.638441 11.034489 119.453059 87791.516245
96 -25.430196 -7.312112 3.640240 50.894226 9554.502078
96 4.449370 -3.058562 10.465308 92.702791 78968.175294
96 -10.390776 -4.674035 3.589236 23.759633 9288.640685
96 -10.120399 -4.612823 12.345321 136.618636 109888.649963
96 -18.226134 -6.190351 4.833662 232.909222 16846.147877
97 6.442436 3.680383 4.760235 111.383631 16338.227290
97 -12.199128 -5.064451 3.366249 210.160768 8170.346121
97 -10.689533 -4.740753 5.831718 52.788441 24521.166477
97 -9.260780 -4.412572 9.337887 312.488874 62870.264828
97 -6.945993 -3.821511 13.026350 24.124656 122347.072479
97 -15.438720 -5.697360 4.520103 293.503792 14731.424339
97 -9.562337 -4.483839 2.790717 231.364364 5615.387099
97 -7.461918 -3.960894 8.388884 176.102777 50740.704843
97 -20.220864 -6.520304 9.109440 109.129449 59831.715630
97 -11.649630 -4.949075 3.138714 2.898637 7103.158625
97 -15.561178 -5.719911 5.504512 113.657612 21846.696066
98 10.659846 4.734166 1.851355 28.565847 2471.310967
98 -17.647531 -6.091300 9.482509 316.760279 64832.774876
98 -17.931999 -6.140198 4.368205 40.272426 13757.959176
98 -11.736384 -4.967469 6.380353 45.747725 29351.984923
98 -12.678542 -5.163006 4.313099 199.903256 13413.028757
98 -9.398657 -4.445298 4.855460 81.786484 16998.430041
98 -22.618084 -6.895979 8.921029 81.153183 57382.308844
98 -15.787315 -5.761322 3.420444 195.749094 8435.545289
98 -17.046533 -5.986680 6.402610 294.748585 29557.120472
98 -11.324081 -4.879434 5.724545 55.641596 23628.162750
98 -13.733198 -5.373458 6.327542 271.224346 28868.097469
99 9.902738 4.562949 2.603033 175.296571 4885.480207
99 -13.180401 -5.264199 5.513267 25.785641 21916.246176
99 -10.901202 -4.787461 10.692612 159.504309 82435.768567
99 -2.844533 -2.445533 10.011912 356.765200 72274.003579
99 -17.825678 -6.121968 4.552963 333.662380 14946.388574
99 -16.513994 -5.892425 6.374504 58.860057 29298.198139
99 -0.413944 -0.932908 12.641403 1.180100 115222.849390
99 -14.801040 -5.578457 9.442500 13.049752 64286.840471
99 -11.361876 -4.887570 3.507981 239.646921 8872.837096
99 -8.984532 -4.346260 9.350831 264.169893 63044.689309
99 -6.077499 -3.574625 5.005499 292.268596 18065.205401
100 9.196738 4.397288 8.780561 125.980309 55589.484973
100 -27.878526 -7.656017 9.524343 320.906378 65406.084429
100 -15.690234 -5.743581 4.406683 23.482475 14001.409760
100 -9.703513 -4.516817 7.644150 193.367555 42131.461209
100 -13.686856 -5.364384 5.436352 6.705819 21309.007734
100 -15.056987 -5.626483 9.822643 349.936300 69567.237481
100 -9.366662 -4.437725 4.486113 276.570431 14510.701261
100 -16.189236 -5.834198 4.038773 200.754935 11761.073880
100 -8.883989 -4.321873 20.874297 7.625387 314175.112446
100 -7.103848 -3.864692 7.082346 141.949760 36166.155072
101 -5.115167 -3.279427 14.752310 204.699072 156916.321161
101 -16.219653 -5.839676 9.053968 14.691113 59105.236222
101 -17.427968 -6.053289 2.656765 247.401621 5089.254986
101 -10.640832 -4.729942 6.504904 252.436163 30509.135395
101 -11.107036 -4.832447 8.384119 312.573562 50683.078498
101 -18.242344 -6.193103 3.978168 88.676059 11410.755144
101 -14.966116 -5.609479 2.740915 74.089882 5416.756457
101 -19.334353 -6.375773 6.833103 313.059208 33665.421133
101 -6.012391 -3.555426 6.599881 7.039675 31406.549388
102 -9.338886 -4.431141 3.967326 350.011553 11348.638264
102 -15.386987 -5.687806 7.783215 242.023806 43678.343421
102 -8.239123 -4.162061 2.080311 248.720666 3120.360179
102 -5.565094 -3.420615 12.362491 348.374509 110194.541341
102 -8.013132 -4.104584 13.702306 126.220709 135374.047006
102 -17.650404 -6.091796 5.578536 87.430492 22438.225180
102 -16.414869 -5.874714 5.925743 301.214770 25318.254125
102 -12.907315 -5.209379 3.195687 89.557307 7363.370076
102 -19.506699 -6.404126 2.976786 21.829878 6389.152900
103 -14.009061 -5.427159 9.139456 304.136857 60226.656006
103 -3.383089 -2.667010 6.859875 293.940817 33929.740153
103 -8.011950 -4.104281 7.873226 173.665774 44694.440269
103 -7.414656 -3.948331 8.757792 299.874350 55301.556471
103 -12.959898 -5.219980 21.171050 343.612869 323171.362483
103 -15.385042 -5.687447 2.550506 44.295402 4690.300941
103 -19.714066 -6.438076 11.576375 314.471332 96625.826143
103 -3.258554 -2.617463 8.229167 113.037365 48826.972520
103 -13.052166 -5.238528 4.704001 111.661950 15954.486486
104 -4.280227 -2.999863 2.898761 108.527188 6058.609010
104 -10.468217 -4.691420 4.368769 251.935259 13761.512891
104 -19.267838 -6.364796 3.668408 71.973151 9702.941405
104 -3.650772 -2.770514 4.475368 213.492554 14441.275293
104 -6.190795 -3.607790 5.936569 65.857882 25410.847253
104 -17.630503 -6.088360 4.710117 258.259328 15996.001208
104 -9.847254 -4.550149 8.744438 240.771019 55133.034980
104 -1.168257 -1.567246 11.324401 143.228507 92465.248835
104 -9.196557 -4.397245 6.288066 253.561175 28509.015295
105 -17.001448 -5.978758 8.194046 36.779792 48411.087917
105 -12.942918 -5.216559 4.130521 65.598370 12301.490024
105 -1.226130 -1.605596 8.319613 334.016073 49906.182180
105 -12.185407 -5.061602 6.901618 277.420017 34343.918675
105 -6.580550 -3.719625 17.930411 277.763210 231808.082806
105 -6.536816 -3.707244 9.225623 141.395937 61367.653531
105 -13.531694 -5.333890 3.169943 278.066529 7245.212193
105 -6.930123 -3.817143 10.325831 168.342355 76877.302033
105 -14.514979 -5.524287 6.428839 147.794666 29799.789285
106 -10.903011 -4.787858 2.873288 259.179929 5952.597639
106 -14.805346 -5.579269 5.643310 296.879275 22962.328136
106 -5.334507 -3.349000 2.336658 311.325309 3936.753447
106 -1.868256 -1.981920 3.797407 71.898676 10397.344120
106 -14.382406 -5.499001 9.863582 335.320848 70148.343128
106 -11.612075 -4.941092 4.134090 65.976402 12322.761130
106 -24.377257 -7.159133 3.050993 238.133878 6711.669395
106 -8.146471 -4.138593 4.689927 224.546104 15859.159728
106 -19.454265 -6.395513 4.937496 267.722752 17577.684093
107 -11.880350 -4.997843 5.577283 144.596307 22428.150349
107 -16.688537 -5.923483 15.493249 186.099357 173074.502103
107 -17.680835 -6.097045 7.549470 332.473511 41094.241409
107 -13.743995 -5.375570 5.484813 259.853368 21690.605548
107 -8.290579 -4.175038 3.265267 126.730760 7687.505481
107 -15.518857 -5.712127 2.998957 210.781638 6484.680979
107 -17.622240 -6.086934 4.391593 233.614469 13905.680433
107 -10.928643 -4.793482 6.843430 152.960781 33767.249777
107 -12.098882 -5.043600 5.089729 333.037961 18678.304579
108 -11.717300 -4.963429 3.364737 277.031360 8163.011077
108 -14.868906 -5.591232 9.584039 142.862167 66228.542590
108 -6.598955 -3.724823 3.806867 28.701837 10449.209402
108 -12.617603 -5.150583 4.060565 46.747809 11888.334492
108 -19.245677 -6.361135 8.443188 14.099957 51399.748131
108 -12.382883 -5.102452 6.101402 285.018277 26841.538428
108 4.216962 -2.977610 6.657854 229.873233 31960.721003
108 -11.766789 -4.973899 3.515359 144.627778 8910.199200
108 -13.640288 -5.355250 13.297739 163.994074 127498.083084
109 -8.004949 -4.102488 5.894469 17.205056 25051.710491
109 -7.550926 -3.984448 9.729522 216.109325 68254.472152
109 -5.484010 -3.395605 3.502740 357.845194 8846.343339
109 -9.227932 -4.404739 6.950374 144.997368 34830.878517
109 -16.361144 -5.865092 10.141140 113.999844 74151.791026
109 -13.830740 -5.392507 10.749018 293.719856 83307.791445
109 -8.601755 -4.252669 3.115281 158.444631 6997.493379
109 -1.808909 -1.950188 27.753780 43.725331 555382.725016
110 -8.514342 -4.231005 6.584562 204.667725 31260.923667
110 -15.116187 -5.637533 4.032295 295.351033 11723.372599
110 -11.443614 -4.905120 4.499401 162.650081 14596.795430
110 -5.630440 -3.440639 11.499710 201.815534 95350.250953
110 -9.225562 -4.404174 9.159766 60.846289 60494.631398
110 -7.925878 -4.082176 24.621553 78.929149 437098.134097
110 1.494597 -1.772679 4.085276 305.922377 12033.469011
110 -5.279578 -3.331713 8.429750 328.811955 51236.262575
111 -12.121316 -5.048274 4.790529 306.653467 16546.839723
111 -3.235406 -2.608149 11.118523 226.703558 89133.770383
111 -8.703371 -4.277714 4.947576 328.209183 17649.525507
111 -15.191387 -5.651539 9.250735 283.596922 61702.183570
111 0.347786 -0.855115 5.302507 114.542455 20272.656152
111 -9.804117 -4.540171 5.606101 171.021107 22660.522293
111 -2.244544 -2.172362 7.509625 154.817328 40661.609303
111 -8.255985 -4.166318 2.525770 74.682874 4599.766395
112 -12.378840 -5.101618 7.435929 125.553578 39867.458529
112 -19.663180 -6.429762 9.971280 166.302044 71688.565034
112 -0.053236 -0.334558 10.516080 45.825867 79736.260559
112 -12.507012 -5.127962 4.871905 244.020187 17113.768051
112 -9.443313 -4.455846 4.867136 93.593007 17080.283094
112 -9.205764 -4.399445 6.202178 124.122853 27735.533274
112 -14.601812 -5.540786 6.573948 70.118465 31160.225037
112 -12.893343 -5.206559 3.085093 90.048529 6862.537346
122 22.379646 -6.197234 8.085081 325.824395 47132.100755
123 24.351180 -6.464446 5.129268 92.590291 18969.627747
124 29.594069 -7.126456 9.679068 15.799257 67548.418354
125 20.253941 -5.895574 6.207490 115.509446 27783.067724
125 24.850445 -6.530379 1.667181 238.993374 2004.074232
126 30.639878 -7.251282 4.674211 287.997009 15753.048682
126 16.014078 -5.242305 5.596799 15.275864 22585.380930
127 18.881354 -5.692301 8.697179 88.574314 54538.712153
127 29.079560 -7.064236 2.856468 348.919914 5883.108196
128 23.279822 -6.320641 10.018201 270.800808 72364.829270
128 32.087023 -7.420548 6.601128 99.268694 31418.423558
128 33.973784 -7.635602 5.833275 240.387253 24534.256999
129 25.081856 -6.560714 4.402309 23.206531 13973.629039
129 26.921475 -6.797054 9.857103 214.043354 70056.218699
129 24.452968 -6.477942 7.979047 111.626022 45903.952082
130 36.706831 -7.936787 5.465803 328.922437 21540.508573
130 22.466613 -6.209264 7.900262 133.184114 45001.920591
130 17.330190 -5.453470 4.121449 138.911065 12247.515284
131 19.002713 -5.710565 11.535383 244.924647 95942.734477
131 14.369707 -4.965869 10.037050 342.357909 72637.394784
131 31.355602 -7.335486 10.926863 12.277843 86087.295082
131 21.391037 -6.058808 11.565550 218.321185 96445.214245
132 20.114447 -5.875236 4.061031 269.771109 11891.063890
132 12.895740 -4.704294 5.506282 354.051461 21860.743622
132 13.545084 -4.821278 8.054630 354.962772 46777.745633
132 22.075011 -6.154911 4.466874 156.554528 14386.509583
133 12.251191 -4.585223 19.506665 104.635448 274355.787561
133 14.304648 -4.954615 11.844440 60.271762 101152.624070
133 23.379329 -6.334135 2.585562 34.866338 4820.122190
133 15.346545 -5.131881 3.258276 104.317555 7654.624956
133 17.449106 -5.472149 3.441397 227.879234 8539.210337
134 13.698608 -4.848524 10.771177 100.648414 83651.630684
134 13.426311 -4.800093 8.159851 300.227000 48007.876128
134 26.083677 -6.690456 4.228284 92.736034 12890.696507
134 23.493710 -6.349611 4.692197 3.595710 15874.520783
134 20.357168 -5.910578 6.065206 154.233593 26524.014150
135 17.638703 -5.501798 5.790998 120.857999 24179.918936
135 19.484086 -5.782442 6.860296 350.645148 33933.902379
135 26.458210 -6.738318 6.940496 135.378852 34731.946035
135 19.688131 -5.812642 4.572330 155.723298 15073.817143
135 30.835340 -7.274375 4.925610 336.995647 17493.154106
136 24.494011 -6.483377 10.564440 275.402772 80471.306499
136 20.911242 -5.990474 5.483157 27.757508 21677.512187
136 24.764409 -6.519065 8.657367 95.244027 54040.544367
136 13.835859 -4.872753 12.513715 297.584620 112906.924414
136 17.460596 -5.473950 3.320982 192.681314 7952.085943
136 22.532934 -6.218422 1.364507 62.880501 1342.454109
137 24.670580 -6.506703 7.785344 151.356412 43702.239011
137 23.382738 -6.334597 8.103299 358.121169 47344.748394
137 24.967830 -6.545784 5.231489 283.905106 19733.250918
137 28.629112 -7.009309 4.401244 209.868549 13966.868750
137 31.968281 -7.406805 6.227076 27.338343 27958.665808
137 25.991554 -6.678630 7.112814 95.212170 36477.994405
138 22.391051 -6.198813 3.915156 86.931957 11052.134808
138 20.552982 -5.938937 11.009235 114.796573 87390.118192
138 22.817832 -6.257610 5.902521 37.358119 25120.204376
138 24.012879 -6.419385 8.238422 315.505659 48936.868571
138 21.878334 -6.127431 1.960669 274.448671 2771.766087
138 14.449593 -4.979653 4.310127 341.141549 13394.553742
138 17.657641 -5.504750 4.382404 271.414075 13847.551289
139 15.714260 -5.192999 4.777672 323.693493 16458.142070
139 7.563693 -3.602784 8.416502 191.977939 51075.345243
139 25.263876 -6.584477 6.229814 133.807043 27983.251399
139 19.707889 -5.815557 4.571721 14.688206 15069.802793
139 9.986188 -4.139722 7.798104 73.133862 43845.611433
139 17.053073 -5.409693 14.337149 207.670454 148208.696082
139 17.814098 -5.529084 9.385879 183.071212 63518.171835
140 19.804171 -5.829746 9.340958 148.102299 62911.630141
140 25.278214 -6.586345 3.404487 256.652328 8357.022046
140 11.283179 -4.400348 10.814563 214.121570 84326.875757
140 15.864430 -5.217753 2.179807 118.121420 3425.974447
140 23.298655 -6.323197 10.116830 168.425712 73796.705328
140 22.120178 -6.161204 4.252006 183.623198 13035.744300
140 17.047175 -5.408757 9.765106 99.829406 68754.642268
140 21.517168 -6.076645 5.275343 46.331544 20065.476123
141 14.366721 -4.965353 15.326967 28.363084 169379.372364
141 10.287135 -4.201637 11.592648 114.575850 96897.674331
141 31.224068 -7.320084 6.584050 163.379820 31256.063031
141 13.395429 -4.794569 5.059602 259.199076 18457.833955
141 11.422142 -4.427362 6.944618 342.387553 34773.215589
141 27.029806 -6.810716 5.237883 3.608904 19781.520771
141 18.301946 -5.604281 5.696071 324.122648 23393.700815
141 30.303720 -7.211395 4.341366 276.537281 13589.419467
142 14.230406 -4.941741 18.422358 78.810762 244702.568583
142 16.205205 -5.273495 16.519565 151.250280 196763.849459
142 14.384941 -4.968501 10.437664 140.545470 78551.534115
142 18.743735 -5.671519 5.757148 253.363271 23898.071203
142 21.157334 -6.025620 2.146899 256.965530 3323.312633
142 18.881319 -5.692296 2.806085 357.587421 5677.401121
142 24.528758 -6.487974 6.400091 147.233821 29533.871360
142 22.597411 -6.227312 4.989014 24.431069 17946.410322
142 22.041630 -6.150255 7.205523 301.023777 37435.111044
143 24.360432 -6.465674 9.394792 139.140896 63638.860424
143 27.215323 -6.834048 8.025783 224.065497 46443.287142
143 27.691727 -6.893604 7.381642 319.654435 39287.462871
143 30.247891 -7.204749 5.880862 64.671233 24936.184732
143 18.795057 -5.679278 1.504597 160.748972 1632.255661
143 19.649581 -5.806948 10.204350 8.045591 75079.053358
143 9.029716 -3.936483 4.212254 346.202411 12793.138464
143 17.385933 -5.462234 4.925690 339.946740 17493.720948
143 27.660982 -6.889776 3.128828 314.710210 7058.484935
144 10.322301 -4.208812 8.727808 61.444420 54923.528755
144 24.920861 -6.539625 6.562707 171.541146 31053.757761
144 28.555526 -7.000296 5.408348 341.392358 21090.038729
144 12.151223 -4.566477 5.068522 296.499184 18522.975689
144 24.625447 -6.500748 4.616119 216.599623 15363.920007
144 17.274517 -5.444704 3.387935 121.850539 8275.955365
144 26.076749 -6.689567 12.259315 331.030572 108362.870843
144 23.795224 -6.390226 6.013808 258.107418 26076.369233
144 9.970130 -4.136392 3.005161 16.702602 6511.538749
144 14.723508 -5.026630 6.012804 61.139807 26067.666147
145 6.640806 -3.375839 4.067645 184.239025 11929.828964
145 24.249758 -6.450970 8.545543 256.859452 52653.516315
145 22.229086 -6.176353 7.830426 337.072510 44209.827797
145 11.367924 -4.416842 11.005333 75.618572 87328.182950
145 16.079267 -5.252964 4.754341 317.227233 16297.792670
145 10.732059 -4.291537 6.089291 263.917463 26735.085395
145 27.470002 -6.865950 12.267713 249.690208 108511.376607
145 18.824208 -5.683680 6.613453 53.567139 31535.850832
145 21.854527 -6.124096 5.293256 18.381571 20201.979675
145 28.712285 -7.019484 9.029925 300.011542 58791.742855
146 16.183692 -5.269994 4.119797 138.763964 12237.695052
146 9.968273 -4.136007 4.304539 237.143386 13359.845447
146 11.110261 -4.366500 9.412032 28.893223 63872.634670
146 17.098638 -5.416915 8.338546 74.917085 50133.577134
146 25.518725 -6.617604 8.224618 70.436142 48773.003341
146 31.340713 -7.333744 8.844577 290.307554 56403.003674
146 5.183982 -2.982655 8.295161 302.149269 49613.255686
146 24.071443 -6.427208 9.399441 276.795620 63701.865560
146 15.820821 -5.210577 7.027907 259.602399 35612.301883
146 22.749582 -6.248244 10.706716 349.411073 82653.389298
146 10.627026 -4.270485 4.488367 182.511106 14525.289827
147 25.695378 -6.640470 23.964685 214.872308 414086.916170
147 16.845474 -5.376664 2.977858 106.554925 6393.757635
147 19.993367 -5.857527 9.990886 88.174328 71970.765401
147 11.952218 -4.528929 4.310739 179.884682 13398.358158
147 16.953255 -5.393837 5.883864 177.564063 24961.650346
147 20.694045 -5.959283 9.451976 42.190314 64415.936434
147 14.959474 -5.066750 21.653938 209.496247 338081.859004
147 29.525315 -7.118173 9.510883 58.338799 65221.340435
147 10.630595 -4.271202 12.186144 221.199288 107073.167307
147 22.530159 -6.218039 9.297317 316.534497 62325.158389
147 32.855033 -7.508830 7.121913 148.546440 36571.386788
148 18.274424 -5.600066 11.842240 289.636110 101115.042202
148 28.443864 -6.986595 8.566366 226.979097 52910.433720
148 35.242228 -7.776837 5.928214 291.437541 25339.371649
148 22.714888 -6.243478 3.407991 282.735174 8374.228987
148 6.502279 -3.340443 8.421995 262.767796 51142.041838
148 17.118058 -5.419991 8.713629 129.079977 54745.225892
148 19.709076 -5.815733 11.888853 353.460882 101912.618409
148 -0.190881 -0.572338 5.577337 276.917546 22428.580033
148 22.963539 -6.277558 10.722203 290.438586 82892.670419
148 14.410357 -4.972888 7.254865 31.408139 37949.564202
148 25.339857 -6.594371 3.794011 349.341986 10378.752402
148 16.720262 -5.356645 3.024215 199.953210 6594.372087
149 9.966770 -4.135695 9.815658 8.501332 69468.335504
149 9.185738 -3.970346 6.228571 13.096367 27972.093563
149 16.203932 -5.273288 11.351955 222.626689 92915.763394
149 25.014392 -6.551885 8.090684 282.354943 47197.449290
149 17.298369 -5.448461 2.519279 322.352392 4576.153441
149 18.171264 -5.584237 3.678746 266.537745 9757.702839
149 7.526855 -3.594000 12.638048 226.064742 115161.697421
149 16.585679 -5.335043 14.671147 120.088242 155194.448843
149 15.241182 -5.114234 11.834981 44.739502 100991.126729
149 26.086116 -6.690769 4.337718 326.194982 13566.589917
149 16.354438 -5.297721 5.902552 122.885002 25120.468121
149 13.055169 -4.733284 6.046621 133.045016 26361.705216
150 14.442193 -4.978378 5.588291 157.783622 22516.767738
150 22.472248 -6.210042 4.473318 22.312959 14428.050439
150 17.440828 -5.470850 13.122195 5.166723 124154.096400
150 20.354485 -5.910189 2.585811 168.066712 4821.049005
150 23.212047 -6.311434 3.789148 29.931861 10352.164750
150 16.950899 -5.393463 16.135656 351.936207 187724.661594
150 17.943980 -5.549204 5.610547 103.661202 22696.478953
150 10.645578 -4.274211 5.187440 59.191586 19402.346446
150 20.560816 -5.940069 12.365815 242.645183 110253.804217
150 12.572537 -4.644968 13.269781 122.686514 126962.530038
150 21.509172 -6.075516 4.329574 234.084236 13515.694317
150 21.301961 -6.046180 6.217898 142.481650 27876.307308
150 23.250035 -6.316596 5.077709 123.784610 18590.186490
151 27.368604 -6.853266 4.780279 218.745134 16476.106130
151 14.470445 -4.983245 20.949051 357.332658 316429.362961
151 21.086829 -6.015572 3.256742 307.324074 7647.416995
151 30.477055 -7.231990 5.992415 119.158783 25891.183217
151 19.922120 -5.847080 13.217332 2.702871 125960.882718
151 17.955321 -5.550957 6.007013 58.398579 26017.477262
151 22.743654 -6.247430 4.994685 317.370993 17987.230715
151 23.512839 -6.352195 11.880201 76.357719 101764.344482
151 13.858347 -4.876711 9.135237 59.749183 60171.063395
151 24.907093 -6.537818 7.372765 49.741669 39193.036136
151 18.463025 -5.628889 9.051488 266.323225 59072.870474
151 28.612013 -7.007216 3.957362 26.116101 11291.706079
151 25.969134 -6.675749 9.305812 10.873941 62439.096524
152 28.358162 -6.976062 11.453441 4.596323 94584.507573
152 19.182801 -5.737561 4.657808 209.567973 15642.684623
152 20.199820 -5.887691 9.659116 117.019140 67270.216185
152 13.785072 -4.863801 2.613845 88.995411 4926.150811
152 22.981456 -6.280006 4.120395 96.093506 12241.252578
152 32.567969 -7.475954 3.698902 167.491587 9864.926186
152 20.874682 -5.985235 4.761609 161.308049 16347.658948
152 12.456953 -4.623568 8.559349 6.683684 52823.788812
152 15.643058 -5.181221 14.523997 334.812004 152096.909732
152 4.689544 -2.836851 10.148754 359.708336 74263.178084
152 30.264829 -7.206766 3.651801 343.634609 9615.289434
152 14.672175 -5.017860 2.286993 295.420995 3771.183979
152 24.465076 -6.479546 6.581356 134.216675 31230.493790
152 21.087472 -6.015664 4.907981 301.723988 17368.163822
153 7.201836 -3.515547 34.237459 344.394309 845183.738103
153 16.686162 -5.351180 16.731946 338.818461 201855.692150
153 5.556143 -3.087863 4.022888 75.407144 11668.741506
153 10.500144 -4.244914 3.354478 149.115718 8113.309105
153 22.658640 -6.235743 7.713379 271.404221 42898.031237
153 21.282682 -6.043444 2.201625 193.383724 3494.898732
153 34.649298 -7.711139 1.943385 32.359465 2723.113717
153 29.091523 -7.065689 5.957565 301.515495 25590.907304
153 8.208686 -3.753255 5.520412 141.740369 21973.087782
153 21.405159 -6.060808 8.023436 128.945103 46416.127657
153 15.966271 -5.234474 6.353904 312.770667 29109.138175
153 10.556970 -4.256385 20.147665 70.269122 292683.015712
153 2.989567 -2.265038 2.754195 337.174894 5469.372632
153 16.937491 -5.391329 5.921131 350.274004 25278.854938
154 20.084389 -5.870845 13.083962 90.615033 123431.674739
154 23.315132 -6.325433 5.465973 226.736234 21541.850249
154 16.104247 -5.257043 7.299470 127.630276 38417.642812
154 23.984320 -6.415566 4.853264 272.366858 16983.057645
154 13.708409 -4.850258 4.786522 252.268340 16519.166421
154 23.303706 -6.323883 3.861749 36.415203 10752.664219
154 27.798994 -6.906942 3.973539 53.890835 11384.211118
154 14.796178 -5.039020 2.667526 57.704747 5130.565594
154 14.272787 -4.949094 3.387735 176.412343 8274.977271
154 23.071708 -6.292325 3.548358 70.684095 9078.264909
154 11.307561 -4.405100 4.649214 289.823093 15585.009073
154 18.309235 -5.605397 5.363052 63.927779 20738.249831
154 19.752657 -5.822159 7.922435 266.414352 45254.880456
154 5.834524 -3.164274 5.834937 187.741502 24548.240959
154 19.546247 -5.791659 18.806083 32.772391 255002.708176
155 10.990736 -4.342949 21.455386 37.443972 331910.315209
155 19.673081 -5.810419 6.219739 355.390551 27892.821266
155 15.897950 -5.223263 1.189927 195.562711 1020.912609
155 4.390095 -2.744784 7.833355 32.812720 44242.915409
155 14.923463 -5.060648 7.461406 91.438549 40141.109809
155 14.452171 -4.980097 16.324399 50.788243 192142.063211
155 7.157191 -3.504633 4.972956 1.745556 17831.062679
155 31.746893 -7.381114 7.250342 353.333700 37902.258847
155 23.247200 -6.316211 7.501349 194.162654 40572.032377
155 21.044748 -6.009567 2.790791 66.746763 5615.683736
155 24.111106 -6.432501 13.474941 185.648618 130918.743797
155 4.114137 -2.657117 6.729394 355.547344 32651.265009
155 29.186931 -7.077266 5.391730 216.000571 20960.627814
155 14.291052 -4.952260 8.129724 118.202992 47654.032411
155 16.187299 -5.270581 3.263215 356.294916 7677.844857
156 13.388686 -4.793362 2.856592 141.338391 5883.616550
156 0.661196 -1.065213 2.240098 93.481658 3618.113578
156 16.931709 -5.390409 2.295211 126.274566 3798.333730
156 22.380196 -6.197310 6.290723 290.615446 28533.111394
156 27.293363 -6.843840 12.129410 27.129987 106078.513372
156 13.203320 -4.760065 7.485861 246.188328 40404.668971
156 17.348550 -5.456358 3.195660 321.525939 7363.245291
156 13.650758 -4.840048 9.041803 324.689096 58946.519613
156 20.287574 -5.900467 4.179237 145.152882 12593.371552
156 16.072919 -5.251927 14.135566 245.232828 144070.306900
156 12.497333 -4.631055 8.361454 344.453331 50409.420366
156 16.708272 -5.354724 6.919941 163.177781 34526.520732
156 12.550765 -4.640945 2.895792 18.387811 6046.202675
156 7.639959 -3.620902 11.038806 191.546220 87860.224023
156 15.881632 -5.220581 5.172384 149.387366 19289.881668
156 22.425224 -6.203541 4.375396 147.403725 13803.295179
157 26.709326 -6.770220 6.779847 242.857511 33142.700729
157 8.228025 -3.757674 9.991283 65.448483 71976.482381
157 16.076436 -5.252502 16.833348 155.328305 204309.737380
157 18.844015 -5.686670 4.213496 60.780641 12800.689006
157 18.975543 -5.706481 20.014035 331.906539 288813.438639
157 17.536706 -5.485867 3.476754 199.852437 8715.575152
157 3.412246 -2.419867 6.881986 251.771007 34148.812976
157 20.672186 -5.956134 4.467714 220.583402 14391.920435
157 20.636180 -5.950945 20.250359 253.506062 295674.260484
157 7.442176 -3.573726 7.295141 325.762999 38372.094173
157 20.608690 -5.946980 6.144806 53.019702 27224.780572
157 26.175664 -6.702243 7.702657 295.965665 42778.857964
157 24.779257 -6.521019 10.647001 148.595721 81733.983535
157 8.799343 -3.885943 16.574842 238.462779 198082.846398
157 9.843758 -4.110094 9.374331 72.410365 63361.962242
157 25.190178 -6.574866 8.851011 184.634171 56485.091443
158 16.512654 -5.323285 8.540422 124.024189 52590.425975
158 6.409013 -3.316400 5.942028 104.383872 25457.599011
158 19.313622 -5.757092 5.158497 70.162432 19186.438895
158 22.088238 -6.156754 4.236869 152.585984 12943.097490
158 4.954381 -2.915855 11.564679 37.747079 96430.686017
158 28.620732 -7.008284 13.274489 223.500589 127052.635483
158 15.490819 -5.155947 4.449626 174.953714 14275.621974
158 5.405188 -3.045627 6.493301 25.995129 30400.388784
158 16.359257 -5.298502 7.983486 187.156507 45955.046071
158 17.445661 -5.471608 5.726061 147.098192 23640.680947
158 22.704966 -6.242114 3.290839 321.154846 7808.385117
158 17.100224 -5.417167 3.451235 271.667854 8588.101466
158 12.602421 -4.650485 2.472966 181.854614 4409.448696
158 0.884906 -1.232310 15.260887 185.504532 167922.016164
158 14.897421 -5.056230 7.047744 90.450942 35813.631884
158 24.777475 -6.520784 5.741729 293.501685 23770.234290
158 17.289820 -5.447115 24.356941 304.008091 427753.497193
159 28.124401 -6.947250 13.858316 180.499096 138474.236832
159 28.190661 -6.955429 8.162400 80.798533 48037.880919
159 34.045012 -7.643602 4.742046 303.893272 16213.605316
159 15.015878 -5.076293 14.378186 118.797974 149058.334761
159 11.767588 -4.493813 12.102047 295.219459 105600.438958
159 19.206495 -5.741103 2.936860 140.488499 6218.912909
159 17.313349 -5.450820 5.027703 123.695952 18225.827790
159 15.933043 -5.229024 9.050618 329.093692 59061.510181
159 19.940354 -5.849756 12.175149 67.788685 106880.042211
159 10.732413 -4.291607 3.518204 194.432124 8924.626963
159 14.112044 -4.921146 8.853275 192.910873 56513.988960
159 22.737076 -6.246527 4.275954 202.151482 13182.993263
159 2.519706 -2.079439 8.210633 95.209240 48607.279397
159 14.142727 -4.926493 7.678597 237.494525 42512.022719
159 18.558262 -5.643388 21.746743 55.544574 340985.960811
159 14.328216 -4.958695 7.341015 347.272996 38856.194009
159 5.510738 -3.075220 4.178666 50.417672 12589.930931
160 12.251810 -4.585339 15.031679 146.664137 162915.736679
160 15.731447 -5.195838 4.345121 192.032503 13612.935609
160 19.345103 -5.761782 9.209921 50.948915 61158.925172
160 12.622321 -4.654156 4.866029 277.180343 17072.515825
160 22.298144 -6.185939 4.304194 214.627578 13357.700075
160 9.499955 -4.037682 2.301520 31.467639 3819.244273
160 16.561215 -5.331107 6.245979 245.235133 28128.667913
160 14.460036 -4.981452 5.766592 191.597531 23976.542177
160 18.605705 -5.650597 5.767363 357.018896 23982.952879
160 20.662198 -5.954695 9.034499 73.812934 58851.320662
160 10.421861 -4.229061 7.083912 357.570247 36182.148453
160 29.908288 -7.164190 2.120364 76.532365 3241.670991
160 13.583599 -4.828127 5.550574 0.271176 22213.849141
160 14.277665 -4.949939 2.768846 170.886934 5527.715678
160 14.743652 -5.030068 7.901474 160.109660 45015.727210
160 28.084259 -6.942290 3.563642 146.625521 9156.642650
160 20.170025 -5.883348 12.736763 344.355744 116967.776996
160 21.357540 -6.054063 11.138428 58.065505 89453.193237
161 14.855681 -5.049142 2.366184 44.969656 4036.872362
161 10.787092 -4.302526 5.458909 254.958291 21486.206363
161 19.960811 -5.852756 8.537895 93.447472 52559.308966
161 26.078363 -6.689774 8.992679 170.145774 58307.741504
161 12.922836 -4.709233 1.473943 281.542323 1566.424213
161 17.954856 -5.550885 5.821484 163.832741 24435.181175
161 22.059170 -6.152702 7.405884 116.399951 39545.933969
161 24.018441 -6.420128 8.069951 187.915753 46955.864728
161 12.197201 -4.575108 7.519748 51.869133 40771.307679
161 19.373007 -5.765936 2.770078 134.604646 5532.636807
161 17.830181 -5.531580 4.091285 280.186527 12068.897224
161 29.216859 -7.080893 6.019074 306.498326 26122.057544
161 15.623489 -5.177979 9.254942 146.535282 61758.316366
161 17.709984 -5.512903 6.182189 212.331813 27557.047037
161 27.684430 -6.892695 9.128579 187.329722 60083.389569
161 24.006536 -6.418537 11.939954 99.402920 102790.588639
161 26.560536 -6.751336 8.059410 146.548925 46833.283126
161 23.906941 -6.405209 15.334589 137.612951 169547.876514
162 15.517343 -5.160360 2.396791 188.326204 4141.982810
162 17.785093 -5.524581 6.386327 316.611999 29406.975380
162 15.470909 -5.152633 9.052532 235.861573 59086.490564
162 8.581361 -3.837509 18.484646 334.222070 246360.087864
162 20.170002 -5.883344 8.766928 241.977958 55416.989859
162 12.919672 -4.708657 11.204089 157.814702 90510.966999
162 9.544796 -4.047200 15.342228 335.426354 169716.843851
162 20.379954 -5.913885 13.552556 136.671981 132431.260226
162 20.078524 -5.869988 8.113172 71.464990 47460.182006
162 21.363881 -6.054961 3.596729 51.198325 9327.462310
162 8.154032 -3.740740 7.396302 293.251889 39443.673598
162 24.662068 -6.505580 2.839108 201.435131 5811.817802
162 31.667380 -7.371865 7.432032 30.663880 39825.683840
162 25.988944 -6.678295 5.758854 349.788394 23912.236199
162 15.905907 -5.224570 3.133657 198.222376 7080.290627
162 29.345773 -7.096498 11.380210 269.935388 93378.872741
162 19.586719 -5.797652 15.000450 214.154622 162239.510098
162 5.256360 -3.003405 11.264729 83.997995 91493.352153
163 16.003065 -5.240502 10.335282 224.930001 77018.081791
163 19.171483 -5.735868 8.348060 253.827196 50248.048455
163 17.343023 -5.455489 2.629829 236.903741 4986.582328
163 15.604714 -5.174867 5.667417 302.219694 23158.924277
163 6.666982 -3.382485 15.436034 164.889490 171798.573373
163 18.657181 -5.658409 5.893209 281.250344 25041.002939
163 14.888986 -5.054799 11.153866 219.097450 89701.340033
163 18.307517 -5.605134 10.150749 26.757575 74292.383244
163 8.633975 -3.849255 4.907100 312.891281 17361.926303
163 28.944054 -7.047758 9.018852 181.133211 58647.649959
163 19.436582 -5.775389 2.269940 317.320605 3715.153876
163 19.914616 -5.845979 13.170075 335.830931 125061.772092
163 12.714452 -4.671110 3.570449 330.946752 9191.656678
163 12.460429 -4.624213 17.554071 220.530766 222179.394498
163 8.757346 -3.876659 23.778020 279.197968 407661.266895
163 7.186117 -3.511708 8.316592 186.559183 49869.939207
163 29.864384 -7.158929 11.826127 207.043746 100840.075644
163 25.349065 -6.595569 11.997017 215.952245 103775.456233
163 9.196521 -3.972675 7.252000 52.660527 37919.592934
164 10.067621 -4.156566 8.704041 307.236212 54624.803098
164 20.604187 -5.946330 9.461652 124.895796 64547.879414
164 21.381571 -6.057468 3.209510 27.092965 7427.209333
164 18.612280 -5.651596 4.739527 6.239765 16196.386523
164 28.477463 -6.990721 17.168848 152.445795 212534.960945
164 4.654452 -2.826218 8.939286 276.190156 57617.415369
164 10.899421 -4.324869 8.828035 194.365912 56192.219104
164 18.235219 -5.594056 9.542744 29.420183 65659.050756
164 12.687150 -4.666092 10.205035 112.912655 75089.127446
164 17.306094 -5.449678 3.575104 354.801172 9215.639106
164 21.179978 -6.028844 4.513872 37.490985 14690.840385
164 12.708861 -4.670083 14.814255 254.927068 158236.870192
164 12.186073 -4.573021 7.733273 241.485177 43119.604551
164 12.790367 -4.685035 9.124172 96.185569 60025.397020
164 24.607249 -6.498346 13.738022 297.221506 136080.677224
164 34.626466 -7.708598 7.375969 196.355979 39227.100861
164 19.037392 -5.715774 2.857655 73.129878 5887.997320
164 9.317223 -3.998661 11.366306 315.197149 93150.836742
164 18.324336 -5.607708 3.874487 177.450035 10823.715829
165 25.649881 -6.634588 11.927954 74.762056 102584.085007
165 10.042358 -4.151348 5.724135 223.301907 23624.778651
165 19.955022 -5.851907 3.058329 327.420549 6743.982017
165 2.158705 -1.924722 13.672063 354.323358 134777.127113
165 19.534118 -5.789862 7.734131 6.738091 43129.169799
165 13.541322 -4.820608 5.235114 351.994931 19760.611867
165 29.901121 -7.163331 27.116332 144.652042 530163.676857
165 12.875007 -4.700510 4.986162 316.974243 17925.897990
165 33.388026 -7.569491 5.477548 72.933302 21633.186679
165 8.609782 -3.843858 6.816383 116.960366 33500.866758
165 15.311466 -5.126013 7.450265 256.535166 40021.326821
165 9.945698 -4.131321 7.470906 131.394683 40243.390744
165 20.862209 -5.983447 4.695696 293.043996 15898.205617
165 22.270876 -6.182156 4.258276 316.926314 13074.214492
165 10.123941 -4.168176 3.935812 116.575534 11169.062513
165 12.283801 -4.591321 12.202388 65.014662 107358.826906
165 18.369975 -5.614687 5.778509 346.344555 24075.741598
165 18.607816 -5.650918 5.327110 190.770586 20461.212068
165 8.569845 -3.834933 8.794046 263.732304 55760.355792
166 6.373359 -3.307162 3.702418 295.408488 9883.687237
166 14.203974 -4.937149 8.143547 39.350576 47816.228222
166 18.175091 -5.584825 4.406966 317.818968 14003.208924
166 21.450408 -6.067211 8.308889 257.261645 49777.605895
166 19.146924 -5.732193 3.689435 209.810074 9814.492022
166 16.952817 -5.393768 8.232647 87.016513 48868.275047
166 5.811213 -3.157946 6.051274 357.199316 26402.295946
166 14.734354 -5.028481 9.051465 290.686434 59072.568661
166 3.408819 -2.418651 2.505683 77.086445 4526.894583
166 15.297367 -5.123652 4.379755 22.180687 13830.811972
166 18.536894 -5.640139 10.067284 123.753029 73075.652793
166 15.806604 -5.208235 5.002380 219.979766 18042.696361
166 23.123269 -6.299352 4.598428 355.698893 15246.381896
166 17.854985 -5.535426 6.814624 4.895527 33483.579331
166 12.866458 -4.698950 4.990535 32.656176 17957.354179
166 16.873503 -5.381135 9.215337 318.835859 61230.875732
166 15.891447 -5.222194 7.657516 241.347366 42278.925264
166 2.214739 -1.949542 5.611136 51.329793 22701.246476
166 -0.519346 -0.944060 2.776054 143.788644 5556.532811
166 14.922231 -5.060439 4.174537 219.336575 12565.063856
167 7.733081 -3.642903 2.958910 158.239932 6312.648642
167 9.493009 -4.036205 5.169671 86.957959 19269.651761
167 30.562097 -7.242072 10.480279 161.989192 79194.262874
167 10.186950 -4.181127 2.549291 26.761423 4685.833171
167 13.912415 -4.886215 21.295103 317.805074 326969.743320
167 4.289413 -2.713128 11.395024 329.406628 93622.143084
167 12.637866 -4.657021 4.879883 263.577406 17169.864594
167 5.319029 -3.021256 4.666507 108.138088 15701.163403
167 24.531201 -6.488297 4.991986 208.102720 17967.794595
167 17.567004 -5.490604 5.237248 309.360915 19776.724398
167 12.698941 -4.668260 5.020895 176.152645 18176.502414
167 16.822877 -5.373057 18.178087 124.726169 238256.311156
167 6.806531 -3.417702 4.700665 257.909753 15931.867638
167 9.063773 -3.943899 12.770437 292.257327 117587.078630
167 24.094774 -6.430322 8.625622 133.464276 53644.959865
167 14.038329 -4.908276 1.862324 156.610209 2500.681315
167 16.900675 -5.385466 6.702947 350.429558 32395.120852
167 13.800311 -4.866489 5.218096 293.278688 19632.344059
167 10.959017 -4.336677 4.272432 111.909847 13161.289368
167 15.446613 -5.148586 9.664084 354.009288 67339.432352
168 12.533619 -4.637774 13.012828 283.477158 122093.190158
168 13.133536 -4.747469 3.710911 124.837588 9929.080625
168 21.738929 -6.107878 10.219662 283.436954 75304.534966
168 10.609500 -4.266962 13.297000 338.126538 127483.923318
168 13.247613 -4.768042 5.831601 166.632956 24520.185481
168 11.941788 -4.526953 10.695980 66.229930 82487.702217
168 7.571238 -3.604581 11.300268 204.475456 92071.571444
168 6.625430 -3.371928 7.551589 28.315770 41117.314490
168 18.740673 -5.671055 9.958289 26.078416 71501.886251
168 13.252397 -4.768903 2.999020 346.216859 6484.952182
168 10.516118 -4.248142 8.648646 325.357906 53931.730399
168 20.843528 -5.980767 3.142775 182.615462 7121.551580
168 18.880024 -5.692101 13.479150 103.081984 131000.548942
168 20.281125 -5.899529 9.399902 288.628692 63708.113102
168 9.504103 -4.038563 21.391128 345.812103 329925.179809
168 22.653876 -6.235088 3.039349 166.866660 6660.537360
168 13.781206 -4.863119 3.603586 65.010077 9363.062280
168 19.832423 -5.833903 4.118578 10.069213 12230.456253
168 21.763689 -6.111356 7.860569 337.371591 44550.852902
168 21.986177 -6.142514 8.192875 74.891308 48397.259517
169 11.816152 -4.503077 3.177755 107.432909 7280.963868
169 9.106058 -3.953088 11.997934 144.636385 103791.321356
169 16.557541 -5.330516 3.980052 112.602118 11421.565555
169 17.008564 -5.402629 10.471342 339.932143 79059.267003
169 14.232169 -4.942047 5.313854 71.272426 20359.507665
169 13.641723 -4.838446 19.000053 239.931139 260290.131845
169 10.536941 -4.252346 10.928998 351.923329 86120.943295
169 17.452975 -5.472755 9.405578 276.517947 63785.069060
169 15.154572 -5.099682 8.822168 184.373235 56117.554517
169 4.481600 -2.773243 6.115585 176.181403 26966.471833
169 13.869912 -4.878745 9.788835 7.074732 69089.184078
169 28.893358 -7.041583 2.911230 60.449428 6110.840687
169 16.168907 -5.267586 8.455500 111.976288 51549.765315
169 9.270344 -3.988588 13.513255 349.105879 131664.301733
169 18.381249 -5.616410 3.703164 123.208044 9887.668737
169 22.465326 -6.209086 9.051550 75.190688 59073.676190
169 6.732499 -3.399065 7.128104 178.286175 36634.989494
169 10.572653 -4.259546 3.507850 269.503256 8872.176602
169 9.947044 -4.131600 21.985450 342.274404 348512.831691
169 14.638087 -5.012028 9.180929 105.750334 60774.489538
170 26.360823 -6.725906 13.938205 80.274224 140075.366073
170 11.838954 -4.507419 6.106933 82.659663 26890.220627
170 9.264858 -3.987408 9.320324 275.466776 62633.987265
170 20.589374 -5.944192 2.405818 35.047162 4173.241197
170 9.762956 -4.093191 5.526482 238.114340 22021.430323
170 3.541119 -2.465140 5.113043 249.608274 18849.812323
170 16.272876 -5.284495 15.038747 317.061476 163068.983010
170 13.773475 -4.861755 6.321505 207.422069 28813.035458
170 14.209588 -4.938125 13.732086 273.036043 135963.117823
170 16.137616 -5.262486 12.987557 182.658762 121619.450350
170 20.074837 -5.869449 5.080224 68.103005 18608.601250
170 15.862503 -5.217436 19.280987 145.777978 268044.321879
170 14.216786 -4.939375 6.242636 120.693484 28098.564456
170 8.982304 -3.926134 11.034159 148.571396 87786.252911
170 12.032622 -4.544137 5.586008 266.266129 22498.379795
170 15.544259 -5.164833 8.467780 325.157518 51699.597024
170 5.336488 -3.026210 7.504157 335.089464 40602.416486
170 20.606819 -5.946710 12.717926 351.764101 116622.039843
170 14.721020 -5.026206 7.528615 140.265000 40867.519945
170 14.693377 -5.021484 3.491662 297.074384 8790.476644
170 10.444364 -4.233624 12.929661 287.917162 120537.541565
171 6.542374 -3.350727 4.845670 318.547199 16929.954239
171 15.009984 -5.075296 4.020928 234.910493 11657.374930
171 16.396627 -5.304550 5.530476 289.061323 22053.271667
171 8.524344 -3.824739 2.968893 350.038292 6355.314204
171 2.820073 -2.199893 19.094063 242.501065 262872.278297
171 12.042718 -4.546043 12.229069 204.344183 107828.817137
171 21.188552 -6.030064 5.531759 216.799611 22063.510657
171 6.384104 -3.309949 2.616193 158.891229 4935.006582
171 17.842456 -5.533483 3.952120 279.873063 11261.815572
171 18.655984 -5.658227 8.907085 231.257628 57203.063223
171 14.982975 -5.070728 17.938929 176.212892 232028.361949
171 9.157737 -3.964290 7.317808 3.357239 38610.915611
171 26.115466 -6.694531 5.634131 315.979312 22887.689738
171 10.140510 -4.171586 2.553196 357.570986 4700.200935
171 17.110609 -5.418811 10.606199 262.785373 81108.735366
171 17.590695 -5.494305 6.758576 250.251482 32935.059275
171 3.756082 -2.538860 4.343788 234.702225 13604.585690
171 9.878997 -4.117444 6.447576 207.114201 29973.743250
171 19.379276 -5.766869 3.756884 211.051140 10176.622937
171 11.083197 -4.361178 7.481025 165.071197 40352.480026
171 5.745161 -3.139948 13.046813 147.620641 122731.762146
171 -30.707123 7.259235 4.814254 104.035572 16711.137806
172 12.056800 -4.548700 3.129729 64.874126 7062.548637
172 20.426951 -5.920700 11.931437 233.578212 102643.996345
172 19.732860 -5.819241 6.890971 358.350705 34238.040529
172 10.188188 -4.181381 5.193995 6.116784 19451.412440
172 17.486199 -5.477962 3.961089 354.359307 11312.986603
172 18.293924 -5.603053 4.433348 149.007780 14171.368590
172 16.941041 -5.391894 3.868791 302.133398 10791.914695
172 23.161825 -6.304602 11.675932 346.468196 98294.949132
172 23.099371 -6.296096 4.142027 70.486799 12370.122759
172 19.766458 -5.824192 13.387809 80.500116 129231.116630
172 16.938999 -5.391569 15.860324 3.801116 181372.818630
172 15.515393 -5.160036 6.206607 142.182647 27775.155690
172 10.294763 -4.203194 5.669946 244.756177 23179.602745
172 24.831747 -6.527922 10.906398 165.235965 85765.125319
172 1.169166 -1.416477 3.190190 217.538389 7338.060058
172 3.672970 -2.510614 9.886599 123.689066 70476.111799
172 12.297979 -4.593970 5.653172 115.440000 23042.655511
172 20.187919 -5.885957 6.186607 250.253070 27596.443018
172 20.455800 -5.924880 6.648384 144.164708 31869.865328
172 11.243552 -4.392614 12.694589 140.145987 116194.452504
172 13.124069 -4.745758 1.370754 99.566763 1354.774424
172 -22.935229 6.273687 14.297761 140.818920 147395.471743
173 2.658952 -2.136125 18.732568 242.036861 253012.918867
173 15.398633 -5.140583 2.885973 144.713935 6005.270923
173 18.946110 -5.702054 4.087786 221.420951 12048.261680
173 5.321888 -3.022068 5.595988 27.034521 22578.839952
173 9.126309 -3.957481 7.649446 0.119085 42189.859443
173 15.552860 -5.166262 6.948857 39.603908 34815.674796
173 3.728004 -2.529353 3.471905 268.788319 8691.279720
173 7.700355 -3.635186 3.701285 198.857140 9877.636758
173 -0.081893 -0.374883 1.387099 193.047590 1387.276743
173 5.744119 -3.139663 14.948981 349.409044 161128.077179
173 18.798024 -5.679726 20.888338 197.978348 314597.906963
173 17.853449 -5.535188 9.916093 352.466679 70897.221812
173 9.307103 -3.996488 11.008245 261.009129 87374.407648
173 18.445253 -5.626180 9.777887 338.551521 68934.729178
173 6.855909 -3.430077 12.714876 236.688900 116566.123232
173 16.253472 -5.281343 11.736012 35.795839 99309.134099
173 3.819988 -2.560367 3.104816 196.177346 6950.560991
173 8.183388 -3.747467 11.212843 268.327061 90652.453118
173 14.434853 -4.977113 18.484298 31.870630 246350.818924
173 7.836021 -3.667069 8.470922 156.295323 51737.980805
173 17.840353 -5.533157 4.237268 12.313019 12945.531406
173 -26.120129 6.695129 6.483711 274.527328 30310.660602
174 21.680858 -6.099715 17.479024 323.113501 220283.746864
174 5.010246 -2.932249 6.308640 308.605418 28695.884812
174 10.148777 -4.173286 6.155748 95.440925 27321.822925
174 9.443283 -4.025620 6.423902 318.161135 29754.035852
174 24.067511 -6.426683 4.942515 207.096248 17613.438595
174 23.569432 -6.359835 9.469970 78.849555 64661.425842
174 17.721816 -5.514745 6.667789 290.241411 32056.178340
174 23.738783 -6.382643 12.712299 29.803256 116518.880441
174 11.486466 -4.439811 5.566881 279.431477 22344.570304
174 18.395692 -5.618616 4.244071 239.359052 12987.132003
174 23.574515 -6.360521 4.400425 261.271979 13961.670885
174 5.068844 -2.949346 7.716194 224.236690 42929.349268
174 16.722230 -5.356960 12.069503 328.793493 105033.268212
174 26.368138 -6.726839 4.494042 269.427554 14562.044145
174 9.708096 -4.081674 4.952848 150.418989 17687.161135
174 7.725360 -3.641084 13.941531 167.122271 140142.233968
174 16.345065 -5.296203 7.090323 355.758779 36247.667128
174 15.268582 -5.118829 5.918085 341.220696 25252.857555
174 7.225606 -3.521344 9.697257 230.501103 67802.532940
174 16.534944 -5.326877 4.430372 18.012417 14152.346719
174 7.015396 -3.469744 3.743032 346.362007 10101.713906
174 -27.074002 6.816282 3.347188 22.455038 8078.081471
175 18.819586 -5.682983 4.414981 93.640603 14054.190145
175 20.853447 -5.982190 7.429305 238.873232 39796.455616
175 4.190741 -2.681740 7.249315 283.245207 37891.522160
175 13.019778 -4.726864 11.789052 241.668725 100208.795694
175 9.323864 -4.000085 6.708727 87.415470 32451.018990
175 11.522235 -4.446719 12.551580 238.644663 113591.240934
175 9.647082 -4.068828 2.456460 146.397956 4350.783910
175 16.144112 -5.263545 8.168165 84.700710 48105.756659
175 1.005416 -1.313543 4.516411 56.530544 14707.368383
175 5.039540 -2.940808 11.982839 234.363661 103530.307884
175 15.739476 -5.197164 15.486647 4.972604 172927.015247
175 29.996766 -7.174779 11.036444 218.745879 87822.615481
175 7.064233 -3.481800 3.366035 10.572524 8169.308845
175 15.902995 -5.224091 12.039345 125.368492 104509.028770
175 7.769173 -3.651394 6.131234 78.939851 27104.653549
175 13.329452 -4.782747 3.258728 173.755517 7656.745144
175 23.865825 -6.399699 12.148052 85.428177 106404.839207
175 9.517134 -4.041331 5.795707 263.487448 24219.261339
175 21.726626 -6.106150 16.363315 307.805394 193059.270873
175 23.103092 -6.296603 5.219454 203.135856 19642.566185
175 18.315291 -5.606324 6.098443 107.692594 26815.506552
175 -25.489475 6.613810 13.324152 288.618572 128005.087647
176 16.964712 -5.395659 20.768850 172.044528 311009.013828
176 16.693690 -5.352387 8.195958 94.884388 48433.682756
176 10.277525 -4.199674 1.958118 67.379911 2764.557543
176 15.353066 -5.132971 8.923932 226.197616 57419.652434
176 22.291064 -6.184957 4.985248 314.873279 17919.326335
176 17.015919 -5.403797 6.432677 296.213710 29835.376885
176 10.045708 -4.152040 8.838960 295.495526 56331.380722
176 6.114364 -3.239268 10.293597 248.005297 76398.065312
176 13.912409 -4.886214 7.203066 217.217812 37409.581600
176 19.627658 -5.803708 2.132973 301.023387 3280.340960
176 18.474528 -5.630643 4.625228 32.566319 15424.617523
176 24.043469 -6.423472 5.966240 37.603877 25665.491095
176 15.582597 -5.171199 7.846455 180.700803 44391.008432
176 28.503698 -6.993940 3.744719 93.771417 10110.822703
176 4.207240 -2.687014 13.595068 9.118128 133263.383503
176 10.634601 -4.272006 1.914446 189.353623 2642.618571
176 8.664408 -3.856033 2.734494 117.522930 5391.406615
176 15.990495 -5.238443 10.153787 143.146777 74336.850638
176 12.618606 -4.653471 7.762060 94.322661 43441.221970
176 1.297725 -1.492323 6.636397 91.333200 31755.052274
176 14.765114 -5.033727 12.003707 292.157391 103891.216576
176 -26.552166 6.750272 18.278376 230.756829 240892.508456
176 -30.099360 7.187038 7.893379 44.581655 44923.536430
177 19.216377 -5.742580 7.328515 79.371592 38723.980406
177 11.429615 -4.428810 8.472891 72.240280 51762.026569
177 19.900369 -5.843888 4.500383 93.706610 14603.168208
177 15.549222 -5.165658 8.404128 123.964797 50925.275462
177 8.820028 -3.890508 7.918204 162.053654 45206.555449
177 20.210484 -5.889245 8.783496 358.867406 55626.651256
177 19.726528 -5.818307 10.115634 192.468629 73779.258289
177 5.077772 -2.951942 1.910355 234.509978 2631.336345
177 6.299842 -3.288033 4.592480 342.091196 15206.969103
177 11.855188 -4.510509 7.623883 250.833890 41908.347327
177 7.653663 -3.624148 5.806448 71.656007 24309.113785
177 17.231101 -5.437857 4.662529 297.644599 15674.406499
177 16.202687 -5.273085 19.996587 318.991929 288310.086192
177 16.726766 -5.357686 4.660918 328.627739 15663.580697
177 18.837322 -5.685660 3.138878 23.917827 7103.903345
177 4.323722 -2.723957 5.016453 133.072610 18144.353346
177 18.609782 -5.651216 3.890203 59.615269 10911.703588
177 5.667876 -3.118756 10.340833 294.843934 77100.838368
177 6.114097 -3.239198 9.082392 334.128060 59476.938173
177 15.887903 -5.221612 5.210656 273.223408 19576.402040
177 13.908529 -4.885532 4.857830 132.709538 17015.031674
177 -21.681698 6.099833 3.953427 131.963930 11269.264210
177 -12.624250 4.654511 3.179527 170.718328 7289.085141
178 4.010464 -2.623425 3.971492 35.931623 11372.488690
178 17.728666 -5.515810 7.201243 25.907811 37390.651042
178 22.903407 -6.269333 1.875005 263.216856 2534.852609
178 12.926133 -4.709834 6.775837 11.733725 33103.505229
178 10.637355 -4.272560 3.963387 145.449900 11326.119045
178 17.367775 -5.459381 9.522256 69.556804 65377.426652
178 15.803415 -5.207710 9.037780 306.567428 58894.074013
178 15.424262 -5.144859 2.949066 191.358162 6270.713257
178 11.658047 -4.472849 8.619919 120.535091 53574.042995
178 14.257928 -4.946517 2.545897 208.380643 4673.364270
178 24.568197 -6.493187 14.058215 257.178372 142497.897457
178 17.685635 -5.509112 14.890877 287.527042 159877.964701
178 16.556570 -5.330359 7.366675 201.270647 39128.311826
178 25.416300 -6.604310 4.437722 3.858235 14199.345008
178 3.973108 -2.611178 4.805555 78.267679 16650.802317
178 14.617882 -5.008567 2.327281 131.445843 3905.220812
178 12.269225 -4.588596 3.786250 273.494545 10336.335687
178 23.612970 -6.365706 4.831690 15.453130 16832.403036
178 10.255001 -4.195069 6.498032 172.994383 30444.703375
178 13.698765 -4.848551 5.723675 201.881198 23620.984956
178 17.210495 -5.434605 3.083554 338.195565 6855.692334
178 -20.226348 5.891556 3.699157 141.355875 9866.281923
178 -21.977517 6.141304 2.409680 51.353414 4186.652052
179 18.750470 -5.672538 4.622686 140.785319 15407.668421
179 18.308568 -5.605295 5.799442 199.242277 24250.489087
179 18.178212 -5.585305 6.464094 26.001793 30127.519443
179 23.663579 -6.372525 3.477030 194.122669 8716.959310
179 12.989321 -4.721332 11.640863 317.501795 97705.361872
179 28.715238 -7.019845 8.112348 93.578383 47450.547240
179 8.803664 -3.886897 9.622215 193.334160 66757.217472
179 10.244969 -4.193017 7.043231 141.231548 35767.774118
179 14.507831 -4.989678 3.412229 310.867456 8395.073495
179 16.014009 -5.242293 9.897584 36.782316 70632.801536
179 3.352386 -2.398547 8.851834 336.730376 56495.590044
179 8.906468 -3.909526 8.248553 17.437349 49057.294283
179 16.181941 -5.269709 7.220751 82.021352 37593.504890
179 4.433609 -2.758354 7.080065 357.540040 36142.862080
179 6.967806 -3.457955 10.770143 334.072885 83635.569113
179 8.985313 -3.926792 3.083444 10.137639 6855.200710
179 14.710852 -5.024470 5.106657 24.256577 18802.752473
179 23.037819 -6.287702 3.099210 116.082326 6925.483416
179 18.712372 -5.666772 3.286646 75.176620 7788.501169
179 9.763119 -4.093225 2.434671 98.435629 4273.942362
179 16.424358 -5.309034 8.075052 151.239323 47015.251135
179 -17.919134 5.545361 6.402916 322.037935 29559.947672
179 -21.955492 6.138226 3.989226 324.569930 11474.278639
180 1.689541 -1.702769 3.491888 13.470260 8791.617154
180 15.507782 -5.158770 1.341340 30.039205 1297.256541
180 14.932735 -5.062219 8.901243 32.451597 57128.053113
180 3.410551 -2.419266 11.243698 344.240477 91152.042831
180 10.607112 -4.266482 9.326853 301.970973 62721.778795
180 14.037275 -4.908092 6.186328 46.846018 27593.958195
180 13.939624 -4.890990 13.315991 275.882470 127848.331814
180 15.326172 -5.128474 17.679619 336.003806 225368.847984
180 18.080910 -5.570337 3.389899 304.617584 8285.553088
180 11.399151 -4.422904 6.592355 72.838824 31334.971861
180 10.484108 -4.241672 5.530673 308.485198 22054.843588
180 1.726273 -1.721179 4.160605 165.070089 12481.335030
180 6.893271 -3.439410 4.561956 239.749879 15005.490333
180 8.048902 -3.716547 8.416278 309.302573 51072.624799
180 14.605598 -5.006463 3.984651 305.888331 11447.973483
180 15.494223 -5.156514 6.510114 276.327582 30558.027898
180 17.892818 -5.541287 4.735671 343.464812 16170.040231
180 11.152273 -4.374748 4.013671 288.070966 11615.330180
180 8.783843 -3.882519 4.721486 241.655995 16073.313845
180 21.213280 -6.033582 3.159917 185.404313 7199.453271
180 14.082700 -4.916027 9.050874 154.094794 59064.849138
180 -33.921392 7.629712 27.532758 113.720505 546572.154530
180 -18.823224 5.683532 6.705780 123.777586 32422.512671
180 -22.621750 6.230665 6.079642 216.985131 26650.424851
181 13.323054 -4.781599 4.233972 171.892428 12925.404239
181 4.389446 -2.744582 13.098384 146.849083 123703.926391
181 12.599562 -4.649958 5.337015 9.035993 20537.375378
181 9.973119 -4.137012 8.470309 289.501130 51730.489161
181 19.637269 -5.805129 6.714858 321.802545 32510.355065
181 6.747795 -3.402924 6.934379 187.209072 34670.752927
181 6.855434 -3.429958 5.182079 32.199193 19362.262691
181 20.452136 -5.924349 13.338315 65.759164 128277.357099
181 12.676071 -4.664055 4.089759 295.808802 12059.892172
181 24.697568 -6.510261 5.286949 117.828278 20153.863698
181 8.196057 -3.750367 6.620659 122.617272 31604.615076
181 14.872763 -5.052044 3.111938 226.469469 6982.481979
181 27.831723 -6.911007 6.697231 57.549547 32339.893271
181 12.801059 -4.686992 8.797655 107.778954 55806.137467
181 10.971200 -4.339087 4.426049 81.205142 14124.741907
181 20.103770 -5.873677 11.196962 174.441060 90395.851574
181 14.639077 -5.012197 7.110151 259.443897 36450.690569
181 5.156318 -2.974686 4.443100 217.601170 14233.781073
181 18.720141 -5.667948 7.841285 116.210821 44332.535172
181 22.997604 -6.282212 5.423951 85.990253 21211.899336
181 11.112676 -4.366974 13.594381 165.397073 133249.910014
181 -23.152164 6.303287 9.429418 11.679696 64108.829519
181 -19.791276 5.827848 2.905019 288.761782 6084.794969
181 -14.586632 5.003211 15.902705 76.576398 182343.422620
182 9.608888 -4.060765 4.077489 331.293833 11987.638747
182 8.719695 -3.868316 5.844449 355.001725 24628.345897
182 23.988556 -6.416133 7.695420 67.369737 42698.510506
182 28.391099 -6.980112 4.858476 276.823527 17019.552283
182 3.087946 -2.302004 4.584332 252.707252 15153.053294
182 21.179489 -6.028774 6.058076 216.501933 26461.685068
182 19.066688 -5.720170 3.979869 158.482540 11420.510813
182 20.835333 -5.979592 4.927329 298.674687 17505.364144
182 5.190827 -2.984624 10.802370 102.306392 84136.838513
182 14.096814 -4.918490 8.775833 88.593518 55529.634245
182 15.821332 -5.210661 7.747213 195.512239 43275.200975
182 13.237254 -4.766178 6.008951 293.975548 26034.270498
182 6.793367 -3.414396 24.793417 253.959450 443221.536617
182 15.441865 -5.147794 6.419872 36.631457 29716.715522
182 -2.516639 -2.078173 11.622848 331.855291 97403.191197
182 17.112432 -5.419100 9.391393 78.040916 63592.827887
182 12.300012 -4.594350 3.525266 328.780238 8960.493943
182 11.653603 -4.471996 14.396803 8.749995 149444.594514
182 6.674728 -3.384450 5.880549 68.407305 24933.530607
182 11.852791 -4.510053 5.940997 259.368181 25448.768777
182 10.570716 -4.259156 5.587769 16.059581 22512.567226
182 -6.576198 3.359377 8.101466 359.380097 47323.327716
182 -14.302422 4.954229 8.061400 6.024962 46856.408860
182 -21.474233 6.070579 2.981699 9.487437 6410.260052
183 16.121112 -5.259795 4.390720 290.148262 13900.150783
183 17.631949 -5.500744 4.729910 203.181538 16130.723735
183 17.552931 -5.488405 13.926475 138.019091 139839.692622
183 1.875243 -1.793907 4.195600 306.908275 12692.182672
183 20.638266 -5.951246 6.322456 106.132118 28821.709464
183 9.289264 -3.992656 4.260570 326.359599 13088.307851
183 17.264072 -5.443057 4.361729 230.235463 13717.199105
183 12.123553 -4.561275 3.086792 225.660021 6870.095791
183 18.810602 -5.681626 5.647758 207.557513 22998.534237
183 25.819285 -6.656461 15.312317 126.333637 169055.735616
183 26.510545 -6.744979 1.859875 331.905106 2494.109270
183 14.439859 -4.977976 3.719526 142.850138 9975.239134
183 5.967662 -3.200173 6.080793 190.771086 26660.517062
183 15.044544 -5.081136 3.875787 113.254593 10830.980828
183 7.698694 -3.634794 38.739383 27.499797 1082065.297691
183 12.807058 -4.688091 4.714810 153.739911 16027.893511
183 7.816786 -3.662566 3.782100 296.724698 10313.692963
183 5.604567 -3.101290 2.583632 134.184909 4812.927051
183 8.582647 -3.837796 15.347286 76.316773 169828.758160
183 5.148749 -2.972502 10.317129 168.785762 76747.769106
183 25.360854 -6.597102 12.984376 252.997792 121559.870987
183 -16.970891 5.396642 6.329989 183.515147 28890.428896
183 -14.112113 4.921158 3.509758 93.054015 8881.828130
183 -13.125103 4.745945 4.859182 302.569056 17024.503184
183 -25.367902 6.598019 5.473858 199.951826 21604.044957
184 3.818121 -2.559742 7.450336 46.853356 40022.097430
184 14.361812 -4.964505 3.743682 127.947610 10105.222576
184 7.652177 -3.623797 6.408239 194.977329 29609.118594
184 15.446379 -5.148546 8.430989 68.300702 51251.324154
184 2.381915 -2.021783 5.803657 359.482149 24285.749115
184 2.549713 -2.091784 3.105330 162.729519 6952.861184
184 18.119338 -5.576253 5.276545 344.805891 20074.617810
184 10.047178 -4.152344 11.177152 122.380331 90076.266637
184 10.301716 -4.204613 3.133313 302.329010 7078.735686
184 6.582702 -3.361038 2.662551 136.622204 5111.448285
184 14.169440 -4.931144 11.890585 104.564206 101942.328055
184 8.869086 -3.901312 5.578283 272.160820 22436.191312
184 19.226249 -5.744055 4.397613 276.404905 13943.828529
184 18.405486 -5.620112 6.506902 103.844134 30527.874712
184 10.732926 -4.291710 6.672508 345.376688 32101.569348
184 5.399086 -3.043907 12.006312 216.123971 103936.318657
184 14.717392 -5.025586 2.907005 52.549594 6093.119254
184 17.529851 -5.484795 6.410274 32.558459 29627.925226
184 18.357265 -5.612745 2.097797 260.014552 3173.036982
184 14.501634 -4.988612 3.957555 0.609733 11292.810054
184 4.170543 -2.675270 8.411293 219.045916 51012.145934
184 -21.578173 6.085253 3.474577 151.932418 8704.663944
184 -17.192646 5.431786 4.155535 234.688119 12450.934548
184 -26.934292 6.798672 23.349546 228.766368 393101.742858
184 -29.515853 7.117033 27.748364 53.184246 555165.986540
185 8.643056 -3.851279 4.054247 234.397410 11851.367113
185 15.713893 -5.192939 5.301306 68.142532 20263.472338
185 18.130648 -5.577993 4.328245 247.055737 13507.397897
185 7.435381 -3.572094 6.835893 74.374240 33692.916696
185 11.979502 -4.534096 20.202365 119.029365 294274.416756
185 15.000743 -5.073734 7.459910 293.533376 40125.021337
185 20.636786 -5.951033 5.731197 126.524308 23683.111259
185 4.462903 -2.767452 15.446890 70.816712 172040.304378
185 4.574634 -2.801880 10.172426 158.066289 74610.012654
185 -2.341770 -2.004672 12.309722 188.892014 109255.807856
185 16.082671 -5.253520 7.558585 138.708242 41193.537454
185 8.602744 -3.842287 9.348800 220.506258 63017.304439
185 9.809409 -4.102917 6.078637 127.376979 26641.614286
185 23.834782 -6.395535 9.469476 317.730962 64654.686429
185 11.489386 -4.440376 9.862135 33.201280 70127.761430
185 1.890170 -1.801033 7.114416 353.583078 36494.426706
185 2.228353 -1.955525 3.544716 344.395468 9059.642891
185 1.058292 -1.347640 3.845164 339.064944 10660.506933
185 15.660226 -5.184063 3.234833 287.152180 7544.868998
185 7.871299 -3.675315 5.238175 58.471409 19783.723866
185 11.005932 -4.345950 6.576680 6.862664 31186.135129
185 -21.861420 6.125062 7.383200 209.011711 39304.048200
185 -21.905474 6.131230 11.939425 266.281310 102781.495220
185 -24.945175 6.542814 4.055613 179.067252 11859.358205
185 -7.450126 3.575634 1.805104 53.928951 2349.375946
186 13.475459 -4.808870 7.123058 292.045774 36583.148638
186 6.317892 -3.292740 2.887392 338.383594 6011.177036
186 0.079340 -0.368992 9.986515 251.406217 71907.800844
186 12.824907 -4.691356 10.438370 141.395527 78562.165464
186 16.509246 -5.322736 4.034444 303.160025 11735.873621
186 11.943037 -4.527190 16.781701 32.175256 203057.966859
186 11.823346 -4.504447 6.714488 119.417278 32506.775386
186 6.511157 -3.342723 8.151723 99.639737 47912.288097
186 18.071458 -5.568880 17.164848 5.539358 212435.945535
186 -0.047834 -0.286511 9.708647 33.060386 67961.899855
186 14.456810 -4.980897 5.673422 26.692729 23208.031986
186 12.950154 -4.714208 6.773401 273.123375 33079.709811
186 12.948253 -4.713862 3.206034 216.778521 7411.128685
186 9.951520 -4.132530 16.033971 131.226494 185366.074954
186 13.879244 -4.880386 8.161166 111.324233 48023.349759
186 11.263512 -4.396511 3.100042 271.197409 6929.200302
186 20.592328 -5.944619 3.427831 251.388305 8472.019230
186 18.117143 -5.575915 8.034841 350.811553 46548.175100
186 11.684547 -4.477929 4.664744 49.065466 15689.301875
186 12.493516 -4.630348 6.006853 124.109289 26016.096121
186 18.027293 -5.562071 4.403938 237.526101 13983.966917
186 -20.672983 5.956249 8.428753 28.504382 51224.147963
186 -32.966676 7.521576 7.700191 191.102109 42751.470819
186 -24.781727 6.521344 4.865065 253.013821 17065.751433
186 -26.146467 6.698504 6.206747 172.520597 27776.416935
186 -21.055010 6.011032 9.742012 7.743341 68429.813887
187 15.924588 -5.227637 14.168387 141.044714 144740.112429
187 11.302600 -4.404133 5.419775 337.078808 21179.250332
187 5.636017 -3.109979 2.356318 231.801885 4003.278078
187 16.267591 -5.283636 14.037182 146.944298 142071.808802
187 23.133131 -6.300696 4.421966 188.158393 14098.692054
187 17.179901 -5.429772 15.091706 71.045001 164219.497935
187 7.415379 -3.567286 7.119472 355.572416 36546.323537
187 2.305468 -1.989073 3.740659 122.227294 10088.911150
187 14.162974 -4.930018 6.697939 5.259929 32346.735173
187 15.748334 -5.198626 3.438075 41.147204 8522.732699
187 20.395721 -5.916173 5.680938 74.316592 23269.558822
187 8.232408 -3.758675 4.899568 85.927261 17308.668039
187 6.236383 -3.271430 7.368403 158.013932 39146.673550
187 13.564492 -4.824730 10.634465 180.056417 81541.619829
187 11.113633 -4.367162 7.780843 155.383564 43651.721391
187 2.717458 -2.159497 7.140817 165.808158 36765.784446
187 17.306301 -5.449710 11.874345 6.284172 101664.048484
187 15.431014 -5.145985 5.609736 7.989828 22689.917894
187 19.355272 -5.763296 9.855673 178.695785 70035.889581
187 8.277924 -3.769051 11.751833 197.860012 99577.057527
187 -27.900159 6.919499 6.152732 237.148644 27295.061959
187 -8.769548 3.879358 9.481684 194.076375 64821.489749
187 -24.572094 6.493702 7.422767 123.312536 39726.442286
187 -26.327982 6.721715 2.513783 110.735029 4556.208932
187 -16.076080 5.252443 6.430043 199.250376 29810.950020
188 13.951894 -4.893143 3.357641 50.156989 8128.614299
188 1.586358 -1.649954 4.230278 73.261068 12902.855520
188 24.222995 -6.447409 10.074887 320.323601 73186.074673
188 19.394590 -5.769147 8.740438 27.839100 55082.603453
188 27.456293 -6.864237 10.565598 244.088825 80488.944500
188 5.169358 -2.978445 7.333871 280.180594 38780.603258
188 19.258032 -5.748801 9.600351 236.850496 66454.172296
188 15.439427 -5.147388 10.796542 301.131559 84046.070965
188 4.350707 -2.732444 6.966632 84.250840 34994.017450
188 2.670926 -2.140929 7.151109 54.989859 36871.842690
188 10.988052 -4.342418 3.634288 164.535113 9523.282319
188 10.490888 -4.243043 2.286716 327.612152 3770.270519
188 9.723492 -4.084909 5.711480 99.736525 23520.438814
188 3.529061 -2.460939 2.052214 72.965227 3036.640481
188 15.532448 -5.162871 7.280210 111.281828 38215.174885
188 7.128219 -3.497533 10.155928 282.508341 74368.201272
188 9.511450 -4.040124 7.741318 265.686465 43209.368358
188 3.705770 -2.521799 12.353184 307.293111 110028.680816
188 14.077885 -4.915186 9.771353 273.206855 68842.639198
188 16.071560 -5.251705 7.656417 21.795554 42266.789962
188 -25.930102 6.670731 3.221597 36.173522 7483.253643
188 -24.249444 6.450928 6.421960 230.866324 29736.048410
188 -18.256152 5.597266 3.921362 35.517232 11087.202091
188 -16.796317 5.368814 4.188221 27.204912 12647.576028
188 -21.102701 6.017836 13.470625 6.204874 130834.885724
189 14.571176 -5.000560 6.192882 109.696229 27652.451469
189 16.266584 -5.283473 4.664234 338.748338 15685.875800
189 10.038627 -4.150577 5.686064 329.158009 23311.574372
189 9.168110 -3.966534 2.815559 312.320946 5715.803566
189 25.221808 -6.578993 5.021144 257.671373 18178.307908
189 12.717168 -4.671609 8.944361 296.015131 57682.856047
189 12.593583 -4.648854 2.929507 264.779091 6187.812910
189 12.540108 -4.638974 9.222781 316.066743 61329.844609
189 10.578118 -4.260646 7.500675 13.949110 40564.748559
189 10.567656 -4.258539 4.928856 301.353889 17516.217610
189 9.325454 -4.000426 3.402108 73.482975 8345.346448
189 8.916063 -3.911631 6.282532 291.560895 28458.863910
189 18.447703 -5.626553 5.175653 217.197208 19314.272137
189 9.488993 -4.035351 13.571970 194.587763 132810.937509
189 2.846798 -2.210292 2.221367 351.959848 3557.859568
189 12.908114 -4.706550 8.817315 25.337209 56055.833929
189 4.180220 -2.678372 10.637505 44.371803 81588.249866
189 11.156157 -4.375509 2.747015 162.513533 5440.891051
189 8.728613 -3.870294 5.579690 181.118916 22447.511121
189 16.503919 -5.321877 7.030633 127.040316 35639.938137
189 -22.333597 6.190855 8.509136 11.496746 52205.825677
189 -29.552361 7.121433 7.157011 246.523359 36932.736641
189 -23.336294 6.328303 1.519824 60.439385 1665.461527
189 -14.221675 4.940224 9.604619 20.101994 66513.284709
189 -25.135726 6.567756 6.421398 335.607347 29730.842799
189 -19.372803 5.765906 12.965080 225.859116 121198.846712
190 10.766322 -4.298382 21.570472 67.558587 335480.575299
190 18.352553 -5.612024 4.877910 210.159029 17155.984120
190 14.533691 -4.994123 7.868125 294.018186 44636.548557
190 12.095558 -4.556006 8.734363 12.353188 55006.062764
190 9.124962 -3.957189 4.733014 66.828461 16151.900074
190 7.226985 -3.521680 6.057657 132.366586 26458.022715
190 13.437225 -4.802043 9.977431 262.166396 71777.041814
190 11.883034 -4.515803 25.123113 119.485902 455087.567184
190 -0.543832 -0.966059 2.823172 12.847807 5746.756080
190 7.274001 -3.533117 3.892988 176.468106 10927.334867
190 18.246303 -5.595756 3.399524 276.219293 8332.670762
190 19.413864 -5.772013 10.934979 356.972106 86215.228021
190 8.417381 -3.800667 16.802234 246.574275 203555.157767
190 8.576275 -3.836371 12.196463 25.359428 107254.594051
190 8.920875 -3.912686 13.011153 336.370527 122061.764741
190 12.412737 -4.615355 6.311508 294.952692 28721.973610
190 7.812958 -3.661669 6.720892 338.241002 32568.812051
190 14.994719 -5.072715 7.521546 248.167723 40790.812982
190 14.290801 -4.952216 5.879710 213.207201 24926.415503
190 2.724810 -2.162417 5.848948 75.969659 24666.274662
190 -21.332406 6.050499 3.502567 166.212944 8845.471201
190 -16.892845 5.384219 9.484346 51.062254 64857.891759
190 -21.987851 6.142748 8.397701 283.282093 50847.411871
190 -22.655768 6.235348 2.312462 341.390536 3855.647697
190 -16.235851 5.278479 4.245204 133.673656 12994.069640
190 -7.659401 3.625507 6.060519 223.871475 26483.035678
191 9.010753 -3.932347 4.850510 270.201769 16963.787660
191 12.288799 -4.592255 9.108518 343.748598 59819.601983
191 14.212211 -4.938580 3.911741 326.569339 11032.864860
191 4.744826 -2.853524 4.254119 157.103404 13048.701481
191 10.510336 -4.246974 15.510238 29.353986 173454.279323
191 6.609924 -3.367980 7.359897 236.128406 39056.338293
191 6.899378 -3.440933 6.325326 14.273682 28847.882497
191 15.849242 -5.215255 2.413958 263.529006 4201.531702
191 12.473268 -4.626594 7.597649 244.720801 41620.429562
191 17.035172 -5.406853 4.298151 234.024583 13320.222898
191 8.235184 -3.759308 6.922010 103.346652 34547.172926
191 18.314554 -5.606211 5.360557 68.481572 20718.960562
191 28.203579 -6.957023 10.655581 278.474138 81865.762061
191 24.879460 -6.534190 3.784954 227.634288 10329.260527
191 11.075310 -4.359626 15.509454 164.623490 173436.725842
191 20.249988 -5.894998 2.933637 90.855717 6205.272973
191 7.844526 -3.669059 6.438209 68.676446 29886.717012
191 19.580370 -5.796712 10.852433 177.337082 84918.501560
191 8.913281 -3.911021 7.120034 69.229738 36552.086371
191 -13.030794 4.728863 6.420256 147.762313 29720.267432
191 -29.378975 7.100511 25.542550 282.269517 470410.034800
191 -37.488524 8.020851 6.101486 319.620190 26842.277767
191 -26.396037 6.730397 5.712060 78.917093 23525.214204
191 -26.134358 6.696952 12.278810 4.616084 108707.776388
191 -14.662569 5.016217 1.154250 49.459706 960.611694
192 5.962633 -3.198824 3.565987 89.040315 9168.695044
192 9.206542 -3.974839 12.681971 174.013210 115963.580337
192 13.103078 -4.741961 4.084380 98.850174 12028.192115
192 9.737850 -4.087924 2.419376 0.961350 4220.412274
192 9.685516 -4.076924 3.215118 105.760473 7453.186972
192 8.611530 -3.844249 4.595438 336.428315 15226.560865
192 8.010435 -3.707655 18.325537 298.923539 242137.181328
192 8.365947 -3.789037 18.841277 357.254182 255958.014929
192 0.776171 -1.154118 3.371929 12.657293 8197.943984
192 4.756215 -2.856946 6.362124 5.326353 29184.501937
192 -1.610856 -1.662646 3.552357 279.057785 9098.740170
192 13.178228 -4.755540 4.157161 328.525189 12460.682102
192 5.643967 -3.112172 5.981561 298.886462 25797.468780
192 31.292443 -7.328094 11.549556 74.250836 96178.643450
192 11.526487 -4.447539 4.148424 137.943498 12408.360765
192 24.849787 -6.530292 11.230807 175.453406 90943.152082
192 6.237823 -3.271808 7.511783 73.660137 40684.986175
192 10.029125 -4.148612 5.664132 176.507895 23132.084580
192 14.190486 -4.934804 6.542939 20.893932 30866.957526
192 -17.444647 5.471449 2.233273 183.583247 3596.099356
192 -21.802257 6.116768 13.191182 274.674977 125462.948689
192 -14.368156 4.965601 4.325347 230.021143 13489.318976
192 -23.888124 6.402688 6.729223 99.420540 32649.606315
192 -29.577046 7.124407 6.157167 216.692465 27334.425695
192 -14.338106 4.960406 6.992969 314.262193 35259.103312
192 -21.051603 6.010545 4.813451 314.615162 16705.566522
193 9.410936 -4.018720 8.267503 263.646560 49282.965593
193 8.262008 -3.765426 4.768147 18.869081 16392.580528
193 20.597469 -5.945361 11.288487 277.683572 91879.697447
193 4.611606 -2.813179 3.465044 206.260528 8656.964817
193 18.455415 -5.627729 21.625805 215.726440 337203.934756
193 0.818072 -1.184860 5.235472 234.300286 19763.311235
193 10.528727 -4.250688 9.399291 208.762517 63699.823395
193 9.233735 -3.980705 8.447294 355.896624 51449.751238
193 16.192662 -5.271454 4.245700 281.011659 12997.108893
193 9.142331 -3.960954 3.985140 94.641199 11450.782061
193 15.263411 -5.117962 8.001675 8.407316 46164.688982
193 16.017736 -5.242903 6.039768 356.266245 26301.984763
193 2.646839 -2.131253 2.832515 125.830481 5784.857257
193 13.210921 -4.761435 11.468976 134.034724 94841.272876
193 19.757713 -5.822904 10.263720 20.439107 75955.233974
193 3.441940 -2.430373 7.015354 347.202928 35485.202126
193 13.268463 -4.771793 7.614511 20.919632 41805.371238
193 0.520521 -0.945128 6.194671 358.819750 27668.434586
193 28.186313 -6.954893 11.968911 163.971729 103289.776014
193 -17.440358 5.470777 17.402887 52.611412 218368.836724
193 -14.916567 5.059478 10.877167 244.398274 85306.018457
193 -21.414794 6.062172 8.149662 176.355374 47888.057915
193 -27.390353 6.855989 3.285745 222.682498 7784.230619
193 -19.313159 5.757023 20.280991 102.180941 296569.456350
193 -12.348618 4.603419 2.986286 259.919630 6430.000314
193 -29.188181 7.077417 3.185981 194.925939 7318.709940
194 7.553337 -3.600317 1.439441 311.559933 1493.948413
194 6.324958 -3.294581 12.244903 28.018947 108108.238970
194 9.128707 -3.958001 8.122256 280.237683 47566.528070
194 6.496664 -3.339001 6.930379 227.302215 34630.757847
194 16.966716 -5.395978 4.785444 247.235466 16511.726250
194 14.451216 -4.979933 4.954617 184.859557 17699.794264
194 4.452024 -2.764076 5.217344 134.580757 19626.689052
194 12.751293 -4.677873 6.136756 176.351256 27153.498544
194 6.969779 -3.458444 4.865822 312.043215 17071.063410
194 7.641769 -3.621331 5.150300 179.696302 19125.515870
194 8.701243 -3.864221 6.569536 198.036033 31118.416887
194 13.654375 -4.840689 7.795754 224.112855 43819.188282
194 8.697737 -3.863442 13.464825 51.614930 130722.243314
194 8.078933 -3.723474 3.471596 156.790591 8689.735030
194 14.643360 -5.012930 5.603881 287.962960 22642.578390
194 -2.655057 -2.134559 5.003661 253.433153 18051.940068
194 22.011110 -6.145996 5.624962 179.129516 22813.256515
194 18.362979 -5.613618 2.634335 264.477629 5003.684848
194 -22.036809 6.149583 4.454308 264.460167 14305.681373
194 -26.670702 6.765323 2.777001 299.088817 5560.324467
194 -15.307316 5.125318 8.222248 123.895247 48744.899390
194 -9.236463 3.981293 4.164941 343.602884 12507.364766
194 -19.992920 5.857461 13.506645 304.523968 131535.521033
194 -23.271479 6.319508 6.448815 42.456081 29985.266310
194 -19.375058 5.766241 9.766087 286.686024 68768.452622
195 18.714014 -5.667020 21.453733 323.231817 331859.156509
195 10.764246 -4.297967 7.819148 120.635820 44082.572357
195 14.595425 -5.004719 2.882917 153.255842 5992.559221
195 9.812057 -4.103471 26.171058 137.750656 493844.979962
195 13.560964 -4.824103 19.377283 309.345069 270728.401916
195 10.674093 -4.279931 9.144370 39.943886 60291.439483
195 9.154480 -3.963585 13.439116 23.932969 130223.535510
195 20.799059 -5.974384 4.024595 329.238736 11678.643140
195 9.017918 -3.933910 5.122405 39.965220 18918.902832
195 16.480515 -5.318102 5.877500 290.730288 24907.688295
195 6.002791 -3.209578 9.659946 215.240394 67281.772893
195 10.633318 -4.271749 4.027652 356.974512 11696.393083
195 8.559315 -3.832576 6.459649 53.437295 30086.105800
195 16.146261 -5.263896 5.062535 144.181061 18479.241087
195 11.983514 -4.534855 9.521783 357.225929 65370.921602
195 22.021362 -6.147427 4.057855 12.363270 11872.472519
195 4.543880 -2.792445 3.464758 111.128832 8655.536870
195 18.674874 -5.661091 10.618772 220.163647 81301.150023
195 -23.693931 6.376610 7.386202 204.051641 39336.018452
195 -12.499489 4.631455 4.461431 186.013069 14351.472428
195 -24.965241 6.545445 6.496694 131.927078 30432.169861
195 -32.293303 7.444363 3.965085 82.135206 11335.825973
195 -28.645091 7.011265 2.222810 232.552840 3562.483663
195 -5.176432 2.980482 9.654702 287.982817 67208.754595
195 -30.393779 7.222103 3.084758 222.897275 6861.044260
195 -9.591400 4.057068 7.471259 11.673524 40247.200961
196 12.961546 -4.716281 16.175464 227.820740 188652.067520
196 12.448713 -4.622038 3.142143 317.293956 7118.689294
196 4.319003 -2.722470 7.507330 155.454332 40636.762274
196 8.231879 -3.758554 3.251611 25.357413 7623.336870
196 10.347072 -4.213859 6.524452 159.879441 30692.770874
196 17.335116 -5.454245 3.740899 9.108320 10090.205524
196 22.253578 -6.179755 14.620938 89.454953 154134.030396
196 6.513889 -3.343424 6.688903 269.877311 32259.519009
196 10.841225 -4.313308 8.141558 193.449587 47792.866901
196 10.110304 -4.165368 6.336923 323.367700 28953.753097
196 19.786675 -5.827170 6.595855 180.418725 31368.249455
196 16.144518 -5.263612 3.923512 186.312154 11099.362777
196 9.130222 -3.958330 6.687894 257.900093 32249.781680
196 11.628545 -4.467185 5.301943 40.383616 20268.336894
196 2.569175 -2.099752 13.045519 282.097030 122707.403008
196 18.790406 -5.678575 5.207345 17.170868 19551.531156
196 16.551310 -5.329513 5.052048 323.706859 18402.764194
196 8.501948 -3.819711 4.604202 70.037587 15284.697757
196 -13.651390 4.840160 5.310975 122.877399 20337.454041
196 -13.272390 4.772499 4.144490 231.869782 12384.837484
196 -17.587844 5.493860 9.389862 82.672862 63572.095104
196 -15.687056 5.188502 6.085115 55.119623 26698.424178
196 -11.303675 4.404343 4.232733 24.362638 12917.834724
196 -18.217000 5.591261 1.844617 225.999326 2453.355208
196 -32.573529 7.476592 2.483822 265.579490 4448.249948
196 -20.866523 5.984066 2.237744 174.055130 3610.511160
197 11.882595 -4.515719 7.042193 199.674207 35757.232665
197 12.460945 -4.624308 3.182583 86.710302 7303.102989
197 16.254324 -5.281481 8.116693 114.949486 47501.390200
197 5.606977 -3.101956 13.152411 161.133473 124726.520180
197 3.371955 -2.405538 11.637486 223.902310 97648.682995
197 14.654459 -5.014830 6.736547 183.765110 32720.714590
197 5.571133 -3.092025 6.714360 335.210329 32505.532552
197 6.116947 -3.239953 4.027754 86.000630 11696.984442
197 1.982314 -1.844410 13.514913 94.395620 131696.608844
197 7.546771 -3.598752 17.785936 355.629836 228087.509789
197 18.788113 -5.678229 7.971302 141.742596 45814.879643
197 10.339059 -4.212227 16.328299 63.157014 192233.883083
197 11.442073 -4.431224 10.325235 260.495293 76868.425651
197 13.460503 -4.806201 10.790509 168.113057 83952.168097
197 12.736363 -4.675133 6.048512 203.242293 26378.197639
197 21.855607 -6.124247 4.344978 305.015842 13612.039300
197 15.835649 -5.213018 6.466649 112.238808 30151.338847
197 -17.819227 5.529880 2.395363 243.277464 4137.050838
197 -16.500390 5.321308 5.984431 291.940679 25822.234068
197 -23.511589 6.352026 5.356222 334.639826 20685.463524
197 -16.296653 5.288354 13.829719 1.442983 137903.348143
197 -6.175814 3.255505 2.837249 316.492573 5804.208167
197 -17.713071 5.513384 8.479131 234.087043 51838.304563
197 -18.270973 5.599537 5.243822 272.874582 19826.405883
197 -14.046218 4.909655 9.185947 347.859511 60840.941906
197 -22.381743 6.197524 4.844557 40.930643 16922.175278
198 17.489715 -5.478513 11.182701 182.063489 90165.723431
198 9.228344 -3.979543 9.760341 174.385564 68687.550390
198 15.377307 -5.137022 11.526048 145.949008 95787.512011
198 6.944486 -3.452164 5.166646 203.276876 19247.110814
198 15.755850 -5.199867 15.670052 264.998935 177047.153589
198 9.046659 -3.940174 3.194825 226.156800 7359.397264
198 17.491696 -5.478823 7.243391 317.750447 37829.616315
198 11.262207 -4.396257 7.267057 181.891663 38077.214433
198 11.556939 -4.453410 14.325093 301.831970 147959.545241
198 16.291603 -5.287534 12.388185 352.819485 110653.065129
198 15.637079 -5.180231 8.666173 39.535091 54150.533555
198 15.013167 -5.075835 18.247310 168.420237 240074.344163
198 8.341355 -3.783464 5.368476 52.279785 20780.218355
198 16.911719 -5.387226 4.962402 5.995764 17755.459168
198 12.862037 -4.698142 9.968187 192.779367 71644.096701
198 14.432950 -4.976785 3.871057 240.308416 10804.561945
198 5.559711 -3.088854 3.243332 311.478548 7584.570239
198 -11.657877 4.472816 6.689007 4.380886 32260.520487
198 -18.437205 5.624952 5.120819 243.621735 18907.188440
198 -10.710844 4.287293 6.924631 268.069417 34573.343377
198 -22.461556 6.208565 5.494243 188.615104 21765.260723
198 -13.483354 4.810279 2.147599 269.957872 3325.479473
198 -23.712324 6.379085 11.938251 182.774982 102761.276255
198 -14.035080 4.907708 4.617133 62.885597 15370.672193
198 -14.730431 5.027812 11.359681 123.946183 93042.273019
198 -21.081598 6.014826 2.794230 65.695125 5629.532214
199 9.873282 -4.116253 27.802295 186.776949 557326.074196
199 8.903536 -3.908882 8.053507 58.740261 46764.705477
199 10.956506 -4.336180 3.404273 341.013410 8355.971593
199 15.543566 -5.164718 15.568704 7.071960 174764.415399
199 13.464360 -4.806890 8.095486 4.860624 47253.495303
199 11.224671 -4.388925 13.282771 39.179752 127211.232202
199 18.177721 -5.585229 8.216232 25.609557 48673.595474
199 14.454077 -4.980426 8.139921 104.057646 47773.648446
199 7.399881 -3.563557 7.669712 339.152060 42413.701136
199 16.733100 -5.358701 6.159373 3.033263 27354.015447
199 5.811843 -3.158117 3.389156 64.099949 8281.924595
199 5.381860 -3.039047 6.077713 159.951648 26633.510238
199 15.319562 -5.127368 18.341132 40.161959 242549.485627
199 14.334983 -4.959865 1.508475 105.768980 1640.682276
199 16.320809 -5.292272 16.451703 136.123875 195150.546794
199 11.254740 -4.394799 8.732149 309.201791 54978.176800
199 -10.108132 4.164921 10.269858 209.336760 76046.099364
199 -12.526509 4.636458 1.879992 143.761698 2548.356526
199 -9.660176 4.071588 9.759968 293.833478 68682.311839
199 -18.743614 5.671500 18.626365 82.322956 250152.183881
199 -19.836226 5.834462 11.841742 27.616781 101106.544771
199 -20.491988 5.930118 6.504902 188.135600 30509.118252
199 -33.125642 7.539689 5.747794 171.469264 23820.481150
199 -19.917063 5.846338 8.160047 299.503177 48010.189062
199 -14.727463 5.027305 2.398761 64.524497 4148.794762
200 13.702436 -4.849201 10.675719 227.299294 82175.492103
200 12.260340 -4.586935 9.007246 226.132125 58496.803428
200 10.655017 -4.276105 7.841767 13.126246 44337.987183
200 5.988487 -3.205752 9.143910 133.417207 60285.376324
200 13.756884 -4.858826 13.540689 6.105546 132199.437108
200 6.718444 -3.395515 4.437194 202.167658 14195.967461
200 26.317179 -6.720336 21.890146 51.259989 345497.897381
200 6.821093 -3.421356 8.661054 337.178639 54086.583118
200 8.504953 -3.820386 3.235455 218.256582 7547.771241
200 12.418223 -4.616374 3.394984 204.462034 8310.432628
200 6.766081 -3.407532 4.040794 83.766474 11772.845362
200 13.009697 -4.725033 12.880608 245.481791 119624.687897
200 6.321920 -3.293789 5.255260 236.953277 19912.986868
200 7.171257 -3.508075 13.632912 17.970308 134006.335640
200 10.717074 -4.288539 3.061058 60.217315 6756.022678
200 3.101209 -2.306943 4.872123 82.935055 17115.300932
200 -10.676632 4.280440 8.409323 240.659546 50988.253331
200 -23.951640 6.411194 14.305521 101.510532 147555.514731
200 -13.580010 4.827490 16.956306 298.448112 207305.384015
200 -21.343072 6.052012 20.564831 210.645178 304928.739601
200 -23.647803 6.370400 11.298688 226.954803 92045.829672
200 -9.061629 3.943433 7.657170 247.968604 42275.101246
200 -26.356563 6.725362 13.280452 25.299711 127166.815038
200 -19.369025 5.765343 9.097219 172.860380 59671.279719
200 -0.484481 0.911821 5.002236 124.393092 18041.657422
200 -23.707950 6.378496 5.018405 145.284945 18158.477662
201 17.507870 -5.481355 12.969063 0.441048 121273.321283
201 19.024822 -5.713886 13.334537 295.241199 128204.694775
201 4.004612 -2.621510 7.335179 343.587135 38794.441302
201 11.729237 -4.486485 7.391051 313.415162 39387.682678
201 8.247537 -3.762127 15.108418 20.456082 164583.416644
201 9.766734 -4.093982 21.091528 166.982078 320748.152475
201 13.923842 -4.888221 12.841525 140.362522 118899.834542
201 11.696922 -4.480300 5.126664 251.921860 18950.370745
201 8.679383 -3.859364 8.812737 196.130495 55997.637643
201 12.603770 -4.650734 5.324508 304.953450 20441.228061
201 22.889758 -6.267465 5.738203 239.115322 23741.050496
201 14.089080 -4.917140 6.393965 264.940970 29477.357864
201 9.385110 -4.013202 4.796855 255.126492 16590.565666
201 17.218650 -5.435892 3.467054 41.161403 8667.011593
201 18.115723 -5.575697 2.599947 157.724569 4873.904402
201 -22.749129 6.248182 11.890282 87.606602 101937.119113
201 -19.545189 5.791502 5.708752 311.137817 23497.976543
201 -20.406839 5.917785 7.489621 329.257124 40445.268788
201 -8.978076 3.925210 6.761082 348.391871 32959.486906
201 -24.742162 6.516136 8.217367 122.601858 48687.044827
201 -23.587098 6.362218 3.393668 136.007000 8303.989821
201 -15.392448 5.139551 12.038787 136.584585 104499.343738
201 -13.047299 4.731857 1.654297 47.460568 1973.217030
201 -25.326789 6.592670 4.774083 324.313425 16433.422704
201 -14.095233 4.918214 10.644852 81.753377 81700.990889
202 9.963066 -4.134926 6.928986 58.677362 34616.839636
202 9.541104 -4.046417 9.118147 45.606979 59946.146330
202 7.445298 -3.574476 6.538275 147.927547 30822.970947
202 20.294201 -5.901430 19.288604 274.551487 268256.135214
202 11.070767 -4.358732 3.856717 4.066316 10724.659799
202 5.963184 -3.198972 9.209456 63.615688 61152.758545
202 11.498907 -4.442215 13.343241 221.345962 128372.124643
202 18.808321 -5.681282 6.164985 51.883157 27403.888115
202 1.774046 -1.744832 5.324597 28.756244 20441.915280
202 2.885572 -2.225293 3.871302 228.051539 10805.930268
202 2.526334 -2.082173 2.269293 56.952961 3713.037317
202 11.505056 -4.443403 4.839511 66.634792 16886.940681
202 17.367584 -5.459351 5.368050 281.655121 20776.919244
202 5.036865 -2.940028 26.756546 86.901687 516188.316243
202 16.977804 -5.397741 4.420172 23.512444 14087.256659
202 -5.589704 3.097175 17.713062 221.834416 226222.271027
202 -20.492077 5.930131 7.248818 338.285659 37886.318837
202 -20.903813 5.989410 5.241503 164.848099 19808.872827
202 -26.061419 6.687601 5.592960 198.670279 22554.408188
202 -23.315027 6.325418 9.792584 171.618884 69142.116022
202 -24.162257 6.439321 4.114312 239.681266 12205.134058
202 -15.639096 5.180565 7.399987 202.825838 39482.990646
202 -12.340040 4.601819 5.168794 115.754724 19263.112624
202 -22.602283 6.227983 18.556756 267.419743 248285.977249
202 -18.897007 5.694660 9.276592 357.286595 62047.605525
203 10.171593 -4.177974 5.528334 16.875971 22036.197640
203 5.653124 -3.114695 12.467311 322.923305 112071.109041
203 3.853352 -2.571524 7.063878 282.015597 35977.788188
203 11.735656 -4.487712 10.485064 157.400840 79266.609450
203 19.254408 -5.748260 8.564271 188.270897 52884.563015
203 8.878618 -3.903408 9.526321 201.854460 65433.257348
203 19.468301 -5.780100 6.990895 83.430444 35238.195501
203 10.870046 -4.319038 9.992133 329.019189 71988.726375
203 7.948636 -3.693326 8.405371 80.758079 50940.342275
203 10.307672 -4.205829 3.769225 358.436873 10243.589656
203 15.982496 -5.237133 2.698000 21.951107 5248.461190
203 5.195012 -2.985827 9.121153 161.199005 59985.676085
203 6.382719 -3.309590 5.775341 316.585790 24049.353680
203 15.899269 -5.223479 2.766386 239.880161 5517.897217
203 -12.931491 4.710810 9.481905 91.960341 64824.515229
203 -19.410111 5.771455 4.542838 134.186425 14879.989266
203 -16.626203 5.341557 2.539986 238.739699 4651.689311
203 -18.389455 5.617664 6.293245 8.735085 28556.001962
203 -24.041478 6.423206 16.570756 179.074882 197985.199216
203 -20.514592 5.933388 7.881778 42.693546 44791.592404
203 -34.073608 7.646811 14.889398 268.605144 159846.205934
203 -12.328465 4.599661 4.211723 229.684283 12789.918253
203 -22.643403 6.233646 2.731695 68.724305 5380.372522
203 -26.690848 6.767877 6.717012 80.424840 32531.215600
203 -21.159019 6.025860 13.643686 91.337234 134218.231062
204 5.820411 -3.160444 5.814310 122.073867 24374.993033
204 7.392555 -3.561792 9.631009 311.671777 66879.290034
204 14.556783 -4.998089 7.997825 250.521706 46120.270820
204 13.416204 -4.798286 7.040551 180.193412 35740.562468
204 5.676253 -3.121060 4.081943 54.904109 12013.845067
204 9.198910 -3.973191 4.281317 52.295898 13216.087557
204 12.698203 -4.668124 6.456157 245.863220 30053.579948
204 7.880028 -3.677352 8.304691 176.510614 49727.322930
204 3.711030 -2.523588 7.667892 337.494361 42393.571611
204 13.902286 -4.884436 2.836520 220.671522 5801.226189
204 11.960410 -4.530481 7.356587 359.018105 39021.214198
204 11.614460 -4.464479 6.732508 222.503166 32681.490068
204 4.054424 -2.637764 6.590762 122.597599 31319.829000
204 7.768032 -3.651126 10.938117 248.305633 86264.714314
204 -21.744362 6.108641 8.825126 260.969129 56155.194905
204 -32.905602 7.514606 4.053604 200.633193 11847.609204
204 -15.456722 5.150270 2.935804 276.337033 6214.441791
204 -15.764323 5.201265 4.864186 40.729387 17059.583938
204 -20.311339 5.903921 5.010442 245.011316 18100.896912
204 -24.015333 6.419713 10.624353 295.598037 81386.627228
204 -15.380929 5.137627 8.655872 352.786933 54021.888014
204 -21.398046 6.059801 5.421099 112.281198 21189.599117
204 -12.971595 4.718109 8.811460 141.616879 55981.405059
204 -27.907447 6.920402 4.318342 107.130830 13445.660976
204 -13.134580 4.747658 4.585464 40.031958 15160.542548
205 2.158380 -1.924577 9.298495 221.976769 62340.947504
205 9.351518 -4.006013 3.871087 121.995420 10804.729841
205 9.135323 -3.959435 6.042635 49.588932 26326.961537
205 1.763303 -1.739542 13.221961 272.577011 126049.120377
205 15.216442 -5.110082 5.246459 36.253504 19846.352181
205 3.923881 -2.594951 5.248639 132.774884 19862.847534
205 7.650378 -3.623370 8.537127 265.372664 52549.856428
205 16.317941 -5.291807 6.452970 47.143155 30023.917116
205 12.844631 -4.694962 14.241329 52.999147 146234.248476
205 8.583914 -3.838080 7.324034 127.019001 38676.643799
205 10.741519 -4.293428 11.259772 8.827802 91412.850561
205 13.800781 -4.866572 18.316554 43.048780 241899.849819
205 23.940553 -6.409710 7.255599 139.191802 37957.235124
205 -11.345940 4.412569 5.328852 319.011030 20474.598871
205 -29.097657 7.066434 8.349583 80.463376 50266.389422
205 -12.812479 4.689082 10.852996 305.298878 84927.303156
205 -15.573910 5.169757 4.900158 28.692542 17312.834200
205 -24.416710 6.473138 15.801910 149.676902 180039.263899
205 -5.031962 2.938597 3.417084 134.310664 8418.977663
205 -12.135736 4.563566 4.876295 317.280784 17144.628550
205 -22.335388 6.191103 3.977158 87.669079 11404.958926
205 -15.282344 5.121136 7.944614 285.515454 45508.617406
205 -30.822139 7.272817 14.271324 214.516599 146850.907316
205 -17.014529 5.403576 6.729740 1.788348 32654.621104
206 10.628695 -4.270820 14.029135 132.150764 141908.979382
206 -2.934962 -2.244257 4.658456 1.830600 15647.037500
206 12.076201 -4.552359 7.412180 164.781305 39613.208456
206 10.433093 -4.231339 5.300886 115.022093 20260.258046
206 8.113526 -3.731437 8.291760 303.070202 49572.576513
206 18.313518 -5.606053 10.525978 192.714981 79886.421553
206 11.067160 -4.358022 12.319183 242.405643 109423.830992
206 10.196760 -4.183140 4.450177 134.936880 14279.159670
206 14.857947 -5.049527 4.180816 46.236638 12602.889647
206 14.121220 -4.922746 5.133637 213.645881 19001.959411
206 13.543311 -4.820962 13.823910 264.310781 137787.507750
206 11.561618 -4.454312 1.906196 58.298875 2619.890926
206 9.793459 -4.099580 12.127774 239.390974 106049.904770
206 -17.225823 5.437024 4.118382 198.104624 12229.293975
206 -10.483560 4.241561 13.107830 213.502633 123882.417580
206 -21.091976 6.016306 7.363880 323.765512 39098.628632
206 -25.351886 6.595936 8.146638 183.636654 47852.530311
206 -15.943698 5.230772 11.941751 317.632353 102821.530453
206 -30.306711 7.211751 13.705597 285.713596 135439.074390
206 -14.661161 5.015976 5.619889 144.913150 22772.122383
206 -10.753467 4.295815 6.438146 37.329184 29886.133475
206 -23.072337 6.292411 6.515791 216.776875 30611.344774
206 -21.212283 6.033440 5.085210 341.586756 18645.148077
206 -17.244065 5.439902 6.924186 182.834663 34568.897682
206 -8.893572 3.906694 18.068263 3.249696 235386.131629
207 13.796236 -4.865770 7.134011 352.607495 36695.742216
207 17.087557 -5.415160 16.934745 240.837159 206778.519301
207 4.499557 -2.778793 10.360052 49.807527 77387.697688
207 10.620970 -4.269268 1.960368 193.047164 2770.914828
207 -0.389531 -0.817602 16.460239 311.935608 195353.117846
207 11.582347 -4.458303 3.453858 226.079818 8601.161964
207 10.550824 -4.255146 10.154876 223.952119 74352.803061
207 13.484063 -4.810405 17.465825 343.599078 219951.173142
207 15.703804 -5.191271 8.721810 248.664822 54848.060259
207 13.668942 -4.843271 11.694830 20.484742 98613.393963
207 16.154544 -5.265246 5.081514 103.609083 18618.056696
207 7.245793 -3.526259 4.890439 352.661972 17244.227834
207 -28.918558 7.044653 10.413156 188.223151 78183.094400
207 -12.722707 4.672626 6.459425 175.239884 30084.018678
207 -18.830404 5.684616 5.784968 193.304414 24129.595398
207 -31.785407 7.385590 5.891435 231.796439 25025.927547
207 -12.532449 4.637557 9.792098 117.753577 69135.259062
207 -11.463284 4.435329 7.037609 48.242386 35710.698822
207 -14.950378 5.065209 8.207103 203.947909 48565.503048
207 -28.139442 6.949108 4.741793 207.262088 16211.878417
207 -22.398208 6.199804 8.564176 85.812198 52883.380385
207 -21.830974 6.120795 14.054060 83.016912 142413.671918
207 -3.167001 2.331285 4.963066 221.059401 17760.212690
207 -7.194311 3.513710 5.253580 121.524679 19900.258477
208 7.091744 -3.488573 4.981379 97.822720 17891.517596
208 8.474016 -3.813431 4.263495 245.565883 13106.283519
208 15.467263 -5.152026 3.330148 267.263254 7996.041668
208 11.848445 -4.509226 9.106168 272.354923 59788.741864
208 10.919392 -4.328830 3.739487 293.442533 10082.590702
208 7.798897 -3.658372 10.470567 57.091214 79047.561115
208 12.465321 -4.625120 4.227019 195.988159 12882.986248
208 15.899563 -5.223528 7.345275 347.781733 38901.310951
208 16.677549 -5.349798 7.164460 111.271490 37009.651721
208 5.846878 -3.167622 7.755706 169.438286 43370.129468
208 14.886322 -5.054346 1.987689 86.473641 2848.689709
208 13.534677 -4.819425 5.768093 352.424904 23989.024083
208 -17.817070 5.529546 6.530944 351.946070 30753.883498
208 -5.639894 3.111048 8.188807 180.958443 48349.208618
208 -15.536978 5.163624 5.910112 253.944242 25184.857425
208 -22.749407 6.248220 13.172769 349.096375 125112.931025
208 -19.087470 5.723286 2.906822 3.595578 6092.350105
208 -13.977002 4.897544 4.763955 96.041211 16363.772735
208 -18.024415 5.561627 5.234933 9.764767 19759.244530
208 -22.062411 6.153154 2.157961 310.411032 3357.647672
208 -13.252415 4.768907 8.662933 220.641151 54110.049988
208 -13.728137 4.853747 5.981062 212.808691 25793.164776
208 -7.782716 3.654575 3.934396 131.518639 11161.030909
208 -12.500810 4.631699 5.074357 77.064319 18565.645462
209 2.541443 -2.088389 6.506810 9.594125 30527.013813
209 7.703730 -3.635983 4.674434 13.113921 15754.557411
209 1.759942 -1.737883 6.572701 177.208810 31148.405519
209 7.621049 -3.616418 5.953968 317.609005 25560.015177
209 10.146333 -4.172784 2.737958 322.348162 5405.074401
209 9.477907 -4.032994 5.913589 168.426521 25214.501816
209 15.411385 -5.142711 11.036534 59.481483 87824.050412
209 19.277556 -5.751714 3.934105 323.358705 11159.376384
209 17.832591 -5.531954 9.813900 168.597028 69443.457267
209 12.473269 -4.626595 5.949448 331.105699 25521.215091
209 8.572130 -3.835444 4.028510 131.781979 11701.375914
209 -22.936369 6.273843 6.737822 94.982909 32733.103120
209 -26.352641 6.724862 6.919004 328.619487 34517.172980
209 -8.983264 3.926344 6.758796 181.264844 32937.203249
209 -5.225255 2.994505 3.418180 291.875923 8424.381797
209 -1.256560 1.468462 6.305746 221.018345 28669.558599
209 -17.479286 5.476879 1.931543 187.328552 2690.029138
209 -9.979802 4.138398 8.070522 268.803030 46962.508813
209 -18.067857 5.568326 13.881432 252.715813 138936.587723
209 -15.483009 5.154648 7.026017 358.388152 35593.153569
209 -8.959995 3.921256 1.724038 133.962561 2143.096987
209 -17.179534 5.429714 4.264869 165.602413 13114.730373
209 -17.559833 5.489484 3.688140 195.716327 9807.600439
210 10.137781 -4.171025 3.371198 193.247073 8194.389429
210 2.743853 -2.169960 4.065427 136.533171 11916.818048
210 8.149240 -3.739640 9.430346 295.223747 64121.445036
210 10.071490 -4.157365 5.048603 113.129972 18377.674463
210 0.277033 -0.689504 12.121346 30.965339 105937.508198
210 11.877995 -4.514845 4.542809 161.698788 14879.800879
210 10.441009 -4.232944 4.540022 295.921658 14861.544660
210 5.562729 -3.089692 4.119092 277.925451 12233.509576
210 8.029767 -3.712126 7.607922 58.517738 41733.056786
210 6.792887 -3.414275 4.912608 277.192770 17400.926004
210 1.647010 -1.681200 14.047619 306.742344 142283.156298
210 -25.540671 6.620449 9.441628 229.505989 64274.961850
210 -7.108967 3.492807 7.361160 157.185569 39069.743622
210 -15.798783 5.206946 8.535859 278.802805 52534.245034
210 -26.733437 6.773275 3.536022 322.805772 9015.253510
210 -18.411959 5.621100 2.220282 138.106177 3554.382558
210 -20.189863 5.886240 10.946982 286.110322 86404.601855
210 -13.641789 4.838458 2.652607 100.896273 5073.339029
210 -17.662540 5.505514 3.333162 142.159144 8010.523066
210 -12.401725 4.613307 10.263843 358.010915 75957.045310
210 -24.236051 6.449146 8.222924 90.308414 48752.914632
210 -14.929299 5.061637 20.834744 296.209794 312985.637518
210 -19.775275 5.825491 5.121023 135.766972 18908.691769
210 -22.563718 6.222668 7.143349 120.869634 36791.862389
211 2.291076 -1.982855 15.607460 64.319325 175635.600099
211 8.592602 -3.840021 1.768931 275.845389 2256.159684
211 12.489552 -4.629613 10.369322 204.762898 77526.248517
211 13.157181 -4.751741 5.250753 204.139600 19878.849792
211 9.476025 -4.032593 3.916210 88.489686 11058.085829
211 7.318774 -3.543974 6.058787 78.033548 26467.894626
211 6.289247 -3.285267 7.901738 341.191560 45018.743357
211 -0.205580 -0.593967 14.240849 200.655989 146224.402924
211 10.325881 -4.209542 6.217083 253.477685 27869.000931
211 18.941025 -5.701289 4.775283 258.750743 16441.685224
211 -20.859722 5.983090 10.841471 103.965231 84747.031386
211 -11.474349 4.437469 6.708817 358.853639 32451.883523
211 -9.820489 4.105233 4.723865 66.271028 16089.516709
211 -23.769161 6.386725 4.697832 46.799409 15912.669723
211 -9.887060 4.119124 8.529872 285.402250 52460.587056
211 -8.596565 3.840907 7.905809 187.506105 45065.139961
211 -9.759121 4.092386 6.958449 35.814765 34911.853898
211 -10.070042 4.157066 6.097054 302.945840 26803.290826
211 -11.812257 4.502334 12.552159 44.817684 113601.722483
211 -14.445284 4.978911 8.708422 104.417420 54679.806495
211 -13.881656 4.880810 14.056000 111.516713 142452.997908
211 -20.476274 5.927844 14.289715 359.569448 147229.629573
211 -11.512016 4.444746 9.580801 126.983762 66183.806641
212 15.209352 -5.108891 12.065724 200.587826 104967.505104
212 10.690776 -4.283274 19.682212 342.795756 279316.037460
212 7.655989 -3.624699 10.637162 152.123798 81582.983925
212 14.082248 -4.915948 10.724102 259.279572 82922.037137
212 5.550758 -3.086366 3.219810 355.933670 7474.956523
212 10.000328 -4.142652 10.367727 224.156160 77502.401306
212 15.959283 -5.233328 9.654783 348.267094 67209.871421
212 15.527255 -5.162008 11.741901 308.738181 99408.819351
212 13.268116 -4.771731 4.448307 180.659212 14267.163944
212 20.825812 -5.978225 15.970429 7.835736 183899.782052
212 -8.981172 3.925887 8.977327 297.050672 58108.830046
212 -20.863327 5.983607 6.459245 304.358200 30082.335300
212 -19.902111 5.844143 5.441398 205.979197 21348.581591
212 -19.353657 5.763056 6.967068 310.126078 34998.399892
212 -12.566113 4.643781 4.844225 346.692618 16919.853737
212 -13.126904 4.746270 2.865134 257.728965 5918.860062
212 -18.654443 5.657993 9.636188 115.999797 66951.240883
212 -7.781447 3.654277 2.911282 43.667417 6111.060534
212 -5.975597 3.202299 7.859561 251.463086 44539.425352
212 -20.784040 5.972227 6.845012 226.865564 33782.867083
212 -16.783458 5.366758 14.287168 104.361487 147177.138341
212 -12.116132 4.559879 11.959716 258.752777 103131.129000
212 -21.072054 6.013464 4.029983 62.256618 11709.934488
213 12.065918 -4.550420 2.524890 220.592587 4596.559319
213 5.357248 -3.032091 13.191650 293.970693 125471.861680
213 10.511291 -4.247167 7.292281 293.297520 38342.011209
213 8.842249 -3.895405 4.328822 101.065698 13510.999596
213 8.469847 -3.812493 13.971942 341.026203 140754.292076
213 15.125336 -5.094761 6.047905 159.160594 26372.902846
213 13.263089 -4.770827 3.947760 301.446486 11236.978291
213 10.495134 -4.243902 8.321612 139.768883 49930.168826
213 0.015321 -0.162151 8.657931 129.788982 54047.585146
213 -9.840083 4.109327 5.635005 319.254938 22894.791026
213 -9.268475 3.988186 8.729308 298.249166 54942.409058
213 -17.106311 5.418131 5.880016 102.026347 24929.016658
213 -10.479286 4.240696 9.346990 139.052705 62992.899928
213 -19.810784 5.830719 3.817817 48.627346 10509.411163
213 -7.707907 3.636968 8.110391 27.462191 47427.659353
213 -8.932139 3.915156 5.980528 216.641827 25788.558689
213 -13.508941 4.814841 41.146229 344.273884 1220697.771490
213 -25.804037 6.654495 1.827730 149.613550 2408.641703
213 -11.851581 4.509822 5.267967 348.634596 20009.406590
213 -25.951988 6.673545 9.051566 316.971025 59073.886069
213 -5.962055 3.198669 4.246726 260.982362 13003.387491
213 -7.150546 3.503006 8.574118 27.921300 53006.232738
214 4.437512 -2.759568 2.692184 283.583720 5225.858998
214 1.370669 -1.533690 10.537350 100.439859 80059.135969
214 9.402528 -4.016924 4.464279 82.493486 14369.801730
214 14.949203 -5.065010 4.785433 224.010886 16511.655438
214 9.266690 -3.987802 4.354234 104.110781 13670.099228
214 18.387995 -5.617441 3.703476 234.431317 9889.335555
214 9.427696 -4.022297 4.262979 243.830812 13103.110964
214 8.825328 -3.891677 11.397234 244.258637 93658.453786
214 16.973016 -5.396980 8.825706 103.827551 56162.570572
214 -17.541934 5.486685 7.531425 215.848322 40898.029988
214 -24.347412 6.463946 10.814506 113.927057 84325.991349
214 -26.639336 6.761343 1.461850 324.912335 1540.826355
214 -10.713325 4.287789 14.270267 40.090647 146829.135994
214 -18.274071 5.600012 21.807680 213.625369 342899.620488
214 -18.996389 5.709615 10.438743 235.297763 78567.773872
214 -7.270087 3.532166 2.164119 346.624723 3376.838372
214 -24.977082 6.546997 7.811760 91.780434 43999.308326
214 -13.117486 4.744567 10.804645 171.605760 84172.274268
214 -9.641770 4.067707 7.419627 73.819411 39692.844472
214 -14.702570 5.023055 10.939536 153.169847 86287.101218
214 -16.899120 5.385219 2.216192 35.261053 3541.300385
214 -17.184080 5.430433 6.724189 40.773697 32600.770796
214 -24.631016 6.501483 13.418522 352.055688 129824.741279
215 13.126897 -4.746269 3.501773 153.108796 8841.460252
215 17.180329 -5.429840 6.217848 292.067415 27875.860607
215 14.816557 -5.042489 5.960233 21.009004 25613.833351
215 5.676817 -3.121215 8.536136 214.701859 52537.661833
215 11.869325 -4.513197 8.734063 301.337899 55002.285153
215 19.176908 -5.736680 11.842630 228.139415 101121.711686
215 14.833704 -5.045406 18.198935 254.427792 238803.140413
215 6.109108 -3.237876 10.944472 123.455795 86364.980052
215 0.111881 0.438176 3.211519 257.896201 7436.507659
215 -11.333113 4.410074 7.511536 228.867350 40682.307227
215 -23.284248 6.321242 3.112306 307.542460 6984.134447
215 -25.193755 6.575333 6.518139 316.729441 30633.406207
215 -24.681103 6.508090 4.683679 225.713154 15816.934736
215 -5.452062 3.058804 8.699507 89.002344 54567.919443
215 -9.245371 3.983212 6.588623 1.777187 31299.500867
215 -3.403260 2.416678 9.486992 336.060469 64894.094719
215 -12.435404 4.619567 5.983835 314.543249 25817.093369
215 -27.668373 6.890696 2.488675 205.160111 4465.647519
215 -21.048320 6.010077 10.268178 34.773605 76021.217702
215 -10.030920 4.148983 11.805827 205.822991 100494.170175
215 -9.692313 4.078355 7.442620 182.455701 39939.239005
215 -18.019866 5.560925 8.197500 148.800914 48451.911101
216 4.732986 -2.849961 11.003783 296.796469 87303.592192
216 6.149168 -3.248475 3.929897 53.338086 11135.517598
216 15.636590 -5.180150 6.910554 95.877572 34432.920914
216 9.592552 -4.057312 6.844992 357.088105 33782.670832
216 11.731117 -4.486844 4.110651 261.946986 12183.424821
216 19.044729 -5.716875 11.875879 176.692615 101690.311696
216 15.001936 -5.073936 7.654251 342.638678 42242.878552
216 15.714086 -5.192971 18.806638 259.092109 255017.755666
216 -14.006588 4.902724 21.965722 296.346062 347887.670636
216 -3.655210 2.504537 23.524614 103.225619 399018.535274
216 -4.515409 2.783683 2.563304 126.017335 4737.491248
216 -17.206307 5.433944 14.530562 38.933922 152234.430046
216 -16.786677 5.367273 9.685164 42.218017 67633.533103
216 -0.641667 1.049364 8.667648 250.183790 54168.978983
216 -26.927125 6.797767 10.275964 86.591886 76136.561721
216 -15.495193 5.156675 3.067175 287.038283 6783.050830
216 -31.406506 7.341438 6.736311 273.403650 32718.422439
216 -16.802640 5.369824 6.373471 199.897876 29288.701417
216 -14.983625 5.070838 5.374276 26.087588 20825.141793
216 -22.468917 6.209582 3.715548 99.353404 9953.914859
216 -17.909844 5.543923 24.234434 160.846168 423461.412347
216 -6.854114 3.429627 9.831275 6.470079 69689.564114
217 6.402336 -3.314672 5.637613 128.928363 22915.984936
217 11.168094 -4.377850 6.813719 3.541921 33474.688581
217 6.993191 -3.464248 8.236535 163.429067 48914.444415
217 12.395659 -4.612178 2.113634 233.512243 3221.125384
217 8.372625 -3.790549 2.158873 116.691984 3360.487143
217 8.179841 -3.746655 6.684042 112.814749 32212.650484
217 7.592935 -3.609742 6.578343 351.655951 31201.906828
217 -18.844422 5.686731 6.370051 233.958804 29257.274813
217 -15.706797 5.191766 6.570368 297.748573 31126.293183
217 -11.318574 4.407245 2.721364 122.633237 5339.754483
217 -24.470494 6.480263 15.541540 3.320528 174155.083035
217 -8.900788 3.908279 5.045289 342.056581 18353.556083
217 -12.128757 4.562254 10.170817 69.943366 74586.417317
217 -15.558053 5.167124 10.393007 66.504934 77880.825193
217 -20.220363 5.890685 10.688994 86.275162 82379.990849
217 -18.601248 5.649921 4.747469 215.257374 16250.711462
217 -22.198108 6.172048 3.542349 81.764266 9047.543300
217 -13.751908 4.857947 3.948248 14.288434 11239.756268
217 -12.833397 4.692909 6.405302 218.342895 29581.984725
217 -10.559084 4.256812 4.761466 284.323197 16346.675101
217 -18.080189 5.570226 10.969814 225.816911 86765.400779
218 17.446946 -5.471810 5.159788 241.844174 19196.048656
218 10.988665 -4.342539 4.248166 122.666913 13012.207734
218 4.536969 -2.790321 10.735789 151.593912 83102.873561
218 7.766878 -3.650855 6.362128 278.596289 29184.546311
218 5.382006 -3.039089 10.897523 220.812583 85625.612923
218 7.735652 -3.643508 6.645090 217.341715 31838.292028
218 15.522439 -5.161207 5.946431 175.934757 25495.342779
218 -11.579795 4.457812 6.249651 110.835962 28161.745403
218 -6.229424 3.269605 7.795357 147.270972 43814.726133
218 -12.745826 4.676870 1.691289 59.713344 2062.450558
218 -17.530293 5.484864 10.811782 335.023688 84283.507390
218 -18.709862 5.666392 16.630134 5.422364 199406.616849
218 -25.163675 6.571406 9.526751 209.558184 65439.163395
218 -13.090681 4.739717 13.427452 120.509630 129997.591383
218 -25.017554 6.552299 11.110329 44.237584 89002.436175
218 -23.939719 6.409598 6.591777 278.275341 31329.469740
218 -20.132359 5.877852 16.278537 54.012498 191063.967892
218 -13.979691 4.898015 7.066734 286.908909 36006.889381
218 -12.206020 4.576762 9.300228 142.150034 62364.182590
218 -19.492002 5.783617 7.186577 243.899394 37238.508199
218 -17.223717 5.436692 15.744741 112.730579 178738.920667
219 9.787462 -4.098324 34.969442 173.137625 881709.419459
219 8.452211 -3.808522 5.567060 347.140219 22346.002806
219 10.808185 -4.306730 14.624371 244.882669 154206.431600
219 6.638924 -3.375360 5.581472 47.720267 22461.849415
219 7.119797 -3.495466 7.577330 155.223630 41398.104983
219 12.280135 -4.590636 6.629365 156.989725 31687.793076
219 -8.817421 3.889933 8.455350 124.821538 51547.934999
219 -16.877430 5.381762 22.873096 58.488215 377222.853306
219 -29.127837 7.070098 10.226637 73.043374 75407.356213
219 -17.837855 5.532770 6.512389 82.589443 30579.383100
219 -16.224292 5.276600 9.434311 189.700793 64175.378726
219 -13.877008 4.879993 5.210061 297.524301 19571.933046
219 -23.331644 6.327672 9.061419 221.591722 59202.565791
219 -8.231181 3.758395 5.018911 264.831197 18162.140608
219 -20.457368 5.925107 6.041258 331.557779 26314.970853
219 -11.836059 4.506868 4.064248 78.292986 11909.910455
219 -22.803697 6.255671 7.126476 327.551354 36618.260944
219 -11.479273 4.438421 16.787987 357.122869 203210.119312
219 -13.441298 4.802771 8.875506 75.435723 56798.161734
219 -15.709728 5.192250 4.335777 130.603337 13554.454596
220 12.393073 -4.611697 3.010434 285.939267 6534.407396
220 11.733621 -4.487323 8.712439 99.738373 54730.268090
220 8.499742 -3.819215 9.901281 22.401720 70685.585817
220 9.961265 -4.134553 6.206908 18.829106 27777.853466
220 8.702825 -3.864572 2.721859 74.570067 5341.697696
220 10.689408 -4.283000 13.797565 74.154313 137262.838506
220 -11.667492 4.474660 6.275649 253.529474 28396.536865
220 -12.819187 4.690310 2.104693 351.455738 3193.931401
220 2.536148 2.086213 11.811582 277.763385 100592.171669
220 -10.827931 4.310663 14.689581 319.089461 155584.690606
220 -12.883264 4.702018 5.065634 143.759597 18501.873471
220 -15.841572 5.213993 12.942303 53.139061 120773.379943
220 -11.014394 4.347620 3.411533 272.901870 8391.647932
220 -21.457595 6.068227 5.326223 38.456229 20454.400160
220 -15.274378 5.119801 7.985852 338.775706 45982.294452
220 -20.393316 5.915824 4.964056 121.258609 17767.296850
220 -12.375618 4.608448 4.984660 108.523968 17915.095883
220 -14.202236 4.936847 6.121199 108.695837 27015.998142
220 -9.447372 4.026492 3.818017 354.511742 10510.507943
220 -12.457426 4.623655 7.454206 77.024833 40063.683565
221 3.430216 -2.426230 5.102030 293.826804 18768.694179
221 11.745040 -4.489506 8.334306 74.945494 50082.604987
221 5.364643 -3.034183 6.095266 76.652120 26787.571817
221 15.190004 -5.105641 6.312158 8.258739 28727.890516
221 15.973744 -5.235699 6.023249 56.685877 26158.314515
221 -26.272555 6.714636 9.680562 354.851726 67569.274802
221 -7.951889 3.694081 9.723239 348.630847 68166.341918
221 -20.398872 5.916629 8.418454 9.769955 51099.045582
221 -20.413266 5.918717 3.293855 179.344359 7822.704981
221 -15.765178 5.201406 14.039593 229.404061 142120.630390
221 -12.262140 4.587271 3.590681 109.003343 9296.119989
221 -27.278486 6.841974 8.524272 312.191010 52391.727687
221 -11.905370 4.520045 5.299932 215.075580 20252.967422
221 -14.602797 5.005982 8.735988 44.673470 55026.530038
221 -19.748451 5.821539 2.811035 235.681070 5697.452226
221 -8.958651 3.920962 5.864885 28.453118 24800.876189
221 -16.866276 5.379983 2.333448 144.820547 3925.946675
221 -15.541845 5.164432 11.690637 299.230185 98542.692915
221 -20.246570 5.894501 10.721445 108.490839 82880.946082
221 -13.663475 4.842302 12.166058 337.205473 106720.501797
222 3.866055 -2.575760 1.633375 93.317060 1923.621753
222 8.156702 -3.741352 6.045047 129.366673 26347.983076
222 9.750628 -4.090606 14.327700 312.541691 148013.409025
222 7.482741 -3.583452 5.741045 346.528538 23764.571737
222 13.494212 -4.812215 10.114914 270.091918 73768.762098
222 -14.310003 4.955542 8.895111 112.846027 57049.366963
222 -20.322640 5.905564 9.395494 312.577646 63648.375291
222 -19.588689 5.797943 9.568656 240.224987 66016.111975
222 -19.434140 5.775026 6.999870 315.079689 35328.728940
222 -11.807346 4.501398 8.934435 12.430738 57554.897915
222 -16.158475 5.265886 11.080741 345.369172 88529.029212
222 -21.786851 6.114607 9.274536 75.586140 62020.093492
222 -11.956197 4.529683 7.280913 340.690841 38222.558207
222 -19.658165 5.808216 6.949007 10.152753 34817.181235
222 -6.762477 3.406624 6.146778 88.427693 27242.262380
222 -11.777184 4.495645 6.045827 40.632322 26354.782353
222 -27.093225 6.818701 6.581137 288.010556 31228.416321
222 -17.928967 5.546882 2.249553 136.783506 3648.719934
222 -3.050717 2.288085 2.435528 139.529484 4276.952538
222 -12.658121 4.660751 9.552397 34.165749 65791.962488
223 7.843203 -3.668749 2.046602 51.952106 3020.054869
223 9.051158 -3.941154 14.404711 8.581693 149608.801730
223 11.635643 -4.468549 6.125955 113.767002 27058.000168
223 6.221411 -3.267501 7.820465 25.083753 44097.429208
223 12.858570 -4.697509 6.124685 221.740772 27046.784843
223 -17.866895 5.537272 3.377778 209.635927 8226.407411
223 -10.734139 4.291952 9.628442 265.873144 66843.644771
223 -12.979662 4.719576 16.070529 158.568171 186212.312667
223 -15.730699 5.195715 7.855485 55.878307 44493.239315
223 -9.665187 4.072644 4.840572 225.199728 16894.348442
223 -13.284493 4.774675 3.298813 317.497732 7846.273677
223 -10.478175 4.240471 8.148659 203.651529 47876.280610
223 -28.484379 6.991569 8.362762 38.432873 50425.187895
223 -2.983678 2.262806 4.716880 241.949564 16041.971622
223 -13.792233 4.865064 7.908409 21.018061 45094.786435
223 -28.493839 6.992730 3.369967 262.206224 8188.406090
223 -24.922399 6.539826 10.870470 136.467214 85201.012087
223 -10.687312 4.282581 7.275552 90.488024 38166.295836
223 -9.377518 4.011578 12.724828 286.776397 116748.666466
223 -19.501367 5.785006 12.696776 192.813254 116234.481592
224 2.929678 -2.242235 12.803588 104.250348 118198.360271
224 5.477833 -3.066025 9.975053 43.626445 71742.826814
224 7.002437 -3.466538 5.929341 152.420387 25349.007115
224 14.519441 -4.991674 6.997916 211.412437 35309.012623
224 -16.279149 5.285513 5.257882 120.340341 19932.865634
224 -10.941148 4.333140 5.574225 337.948493 22403.557470
224 -22.511432 6.215454 6.644013 313.827977 31827.976966
224 -18.658904 5.658670 9.399911 162.636438 63708.230631
224 -21.191313 6.030457 3.712863 248.432485 9939.529180
224 -15.416129 5.143503 8.333197 288.203823 50069.285538
224 -23.227842 6.313581 9.466320 266.166380 64611.585569
224 -10.879808 4.320977 9.174098 298.776626 60684.087432
224 -2.470272 2.058940 14.479574 224.724248 151167.924813
224 -5.699127 3.127343 6.794727 223.976558 33288.334263
224 -22.509379 6.215171 8.015787 171.595171 46327.662860
224 -26.740663 6.774190 6.345777 337.040066 29034.721558
224 -2.675351 2.142701 3.929481 140.099488 11133.162571
224 -24.214608 6.446293 7.250655 175.289193 37905.533518
224 -28.000162 6.931888 3.688385 350.983568 9808.905693
225 9.975939 -4.137597 14.674604 27.188769 155267.600826
225 11.555955 -4.453221 2.447884 349.564982 4320.458787
225 11.988555 -4.535809 10.840506 342.840162 84731.943524
225 16.609387 -5.338855 3.824765 304.726675 10547.693820
225 -15.631619 5.179326 1.681434 182.345481 2038.484973
225 -26.671799 6.765462 5.484747 4.159522 21690.084413
225 -14.542260 4.995595 9.900709 110.627346 70677.413440
225 -8.741283 3.873102 6.643714 149.492340 31825.109099
225 -23.829561 6.394835 5.821828 114.959806 24438.064722
225 -9.534033 4.044917 11.770428 338.821157 99892.428715
225 -18.415517 5.621643 7.294652 253.740673 38366.945137
225 -19.354363 5.763161 1.843549 51.677708 2450.515361
225 -9.913502 4.124629 5.777531 230.519005 24067.594519
225 -20.715173 5.962324 5.689019 191.281496 23335.808795
225 -5.843758 3.166776 4.052241 144.675089 11839.641321
225 -17.417343 5.467166 4.970054 2.687817 17810.262704
225 -18.547556 5.641760 7.371296 273.214278 39177.411384
225 -8.196528 3.750475 13.064131 17.338158 123057.800397
225 -5.857570 3.170517 4.349730 306.922304 13641.832101
226 9.347146 -4.005077 10.206790 121.460534 75114.961855
226 9.187820 -3.970796 4.102834 239.947321 12137.129084
226 7.146048 -3.501904 9.963442 230.790592 71575.910963
226 -23.544960 6.356532 10.669739 275.480300 82083.456210
226 -15.159861 5.100572 10.031924 226.013695 72563.216188
226 -5.020401 2.935219 6.907398 288.811183 34401.477370
226 -15.765921 5.201528 11.579417 315.269620 96676.623095
226 1.117479 1.384812 15.749193 203.593844 178840.014557
226 -8.359987 3.787687 4.807564 3.784011 16664.727981
226 -11.332256 4.409907 6.063275 92.224444 26507.125799
226 -2.681218 2.145050 5.863612 105.036110 24790.115751
226 -14.199292 4.936335 11.100132 297.688153 88839.142035
226 -19.074096 5.721281 9.533475 244.517447 65531.569464
226 -11.762072 4.492760 3.587252 97.989201 9278.375434
226 -15.819573 5.210371 11.594505 43.362255 96928.725688
226 -15.122337 5.094256 12.402188 328.011844 110903.363530
226 -13.903897 4.884719 2.435790 203.343871 4277.870770
226 -13.417797 4.798571 5.531184 73.371147 22058.923106
227 9.940089 -4.130156 6.906083 186.518184 34388.377503
227 10.167224 -4.177077 7.206077 335.100923 37440.865841
227 3.771183 -2.543959 4.510484 251.707377 14668.792032
227 -18.957368 5.703748 14.932423 88.975642 160771.347166
227 -8.367468 3.789381 6.906357 128.696566 34391.104297
227 -9.938845 4.129897 7.468154 126.441523 40213.757813
227 -25.305156 6.589854 4.943411 208.208856 17619.823134
227 -16.059266 5.249696 6.613423 284.479993 31535.564835
227 0.388143 0.816145 7.826528 106.587331 44165.822551
227 -14.474361 4.983919 5.087575 181.894614 18662.496239
227 -20.689074 5.958567 12.891491 292.796048 119826.914293
227 -4.761536 2.858544 8.612393 77.822596 53480.531543
227 -12.619298 4.653598 5.633372 89.384437 22881.519788
227 -18.079403 5.570104 11.859792 168.119832 101414.999927
227 -15.381366 5.137700 7.210486 140.339087 37486.696443
227 -21.707840 6.103509 5.900284 350.850766 25101.169272
227 -19.789038 5.827518 12.174047 57.342296 106860.701142
227 -25.868071 6.662747 7.086099 358.570072 36204.495936
228 3.215873 -2.349204 9.910602 238.925019 70818.727621
228 17.675876 -5.507592 8.556286 217.898680 52785.986358
228 9.204797 -3.974463 9.591412 9.177400 66330.488521
228 -18.027687 5.562132 3.012151 224.950315 6541.865563
228 0.208098 0.597592 15.025140 237.414627 162774.033235
228 -7.298774 3.539128 5.491399 304.591599 21742.731521
228 -18.360781 5.613282 4.028164 247.682462 11699.369499
228 -23.059891 6.290714 7.909071 97.965884 45102.338162
228 -18.129579 5.577828 6.899474 242.954953 34322.585397
228 -21.257111 6.039812 7.834718 142.708587 44258.313626
228 -19.628747 5.803869 7.207923 346.727872 37460.048861
228 -23.146546 6.302522 5.297380 90.250034 20233.468391
228 -5.412278 3.047624 7.569487 184.258755 41312.451842
228 -19.701669 5.814640 5.556246 24.401208 22259.278111
228 -8.061790 3.719521 6.824672 80.679966 33582.394848
228 -14.334774 4.959829 8.514491 265.547021 52271.554604
228 -13.782631 4.863371 2.149352 29.790215 3330.910573
228 -17.948701 5.549934 6.738935 3.560781 32743.919002
229 13.741367 -4.856085 8.243636 99.196582 48998.828018
229 10.481891 -4.241223 6.103134 167.096399 26856.780044
229 -14.520926 4.991930 6.830295 32.424669 33637.758937
229 -19.201860 5.740410 3.804772 267.200795 10437.710369
229 -6.633328 3.373938 5.973242 123.137584 25725.764455
229 -9.140977 3.960660 8.683292 205.910657 54364.683050
229 -7.681669 3.630773 8.416755 110.115209 51078.416865
229 -16.027059 5.244429 7.460317 3.316317 40129.394386
229 -9.944335 4.131038 5.814033 264.740894 24372.668065
229 -22.076272 6.155086 5.453289 48.511843 21441.989670
229 -2.038625 1.870424 4.766428 83.210701 16380.763174
229 -9.536433 4.045426 7.858103 124.269679 44522.905175
229 -6.121460 3.241148 6.799227 275.534072 33332.443063
229 -17.045904 5.408556 7.214447 27.746118 37527.892690
229 -11.485063 4.439540 3.909159 137.575773 11018.302516
229 -14.761121 5.033047 5.553815 149.923668 22239.801830
229 -12.345573 4.602851 4.356258 353.851014 13682.809636
230 10.441364 -4.233016 7.500265 182.510312 40560.316288
230 15.967901 -5.234741 7.480243 45.699371 40344.050420
230 -20.454973 5.924760 5.069968 43.686034 18533.546503
230 -12.493413 4.630329 1.899629 162.536988 2601.871135
230 -9.613274 4.061692 11.754935 298.862152 99629.631548
230 -3.767828 2.542827 5.103512 323.604985 18779.597059
230 -11.881652 4.515540 5.169084 79.101945 19265.274394
230 2.406424 2.032157 2.714869 104.386939 5314.296637
230 -20.442525 5.922957 9.610674 326.425867 66597.162833
230 -16.947907 5.392986 3.676646 357.130796 9746.566973
230 -18.272076 5.599706 9.914363 194.520432 70872.490458
230 -20.046365 5.865285 6.729721 119.477927 32654.441117
230 -16.551626 5.329563 6.305782 330.113068 28669.886790
230 -9.214780 3.976617 4.224317 292.412284 12866.516679
230 -2.696887 2.151308 3.730634 94.638760 10034.907215
230 -10.326989 4.209768 6.422346 133.917774 29739.624810
230 -4.710571 2.843204 5.678297 209.387244 23247.929085
231 0.945403 -1.273737 2.830839 207.663885 5778.012374
231 7.751499 -3.647238 6.952833 241.284828 34855.532088
231 -9.840792 4.109475 9.399932 275.233533 63708.511396
231 -15.132901 5.096035 5.930926 125.120139 25362.558479
231 -9.344026 4.004408 4.129529 82.935761 12295.583718
231 -25.168139 6.571989 8.123710 178.423995 47583.551245
231 -6.053057 3.222988 19.930541 181.834898 286408.736114
231 -6.101742 3.235923 24.953733 17.410539 448971.851149
231 -13.230549 4.764971 4.195434 88.363842 12691.178237
231 -10.001765 4.142949 4.739863 223.020143 16198.678737
231 -16.112717 5.258425 7.236229 352.676471 37754.838965
231 -15.090586 5.088905 7.520895 96.407591 40783.742815
231 -15.909831 5.225214 2.014163 154.310864 2925.077777
231 -13.834516 4.872516 11.490889 37.465023 95204.037867
231 -16.372493 5.300645 5.685337 85.836460 23305.613849
231 -5.512921 3.075829 5.056701 234.156394 18436.673627
231 1.603601 1.658897 9.067879 159.797820 59287.006856
232 8.069844 -3.721379 7.206467 72.030071 37444.915101
232 -15.803386 5.207705 7.562658 212.604412 41237.942627
232 -15.568867 5.168920 13.224290 20.489598 126093.521288
232 -11.217398 4.387502 4.932692 228.029420 17543.495875
232 -14.709075 5.024166 10.417615 231.562907 78250.065214
232 -13.908445 4.885518 12.373822 293.084171 110396.627211
232 -5.410660 3.047168 1.276899 56.682034 1175.604297
232 -7.239142 3.524641 7.073887 221.187315 36079.817234
232 -14.062455 4.912492 21.790607 120.839241 342362.919522
232 -20.588605 5.944081 5.975579 41.679759 25745.896270
232 -10.650591 4.275217 11.059011 149.537328 88182.141997
232 -8.881385 3.904017 4.179175 103.182994 12592.997230
232 -9.399546 4.016287 9.805906 261.106188 69330.369784
232 -14.207498 4.937761 6.359259 195.038419 29158.223384
232 -12.788991 4.684783 2.704763 272.241855 5274.806369
233 8.698711 -3.863659 2.756941 63.086322 5480.283244
233 -9.704245 4.080865 6.611105 151.521776 31513.463379
233 -8.931936 3.915111 9.124808 226.852454 60033.765200
233 -9.671880 4.074054 10.534447 251.495355 80015.024600
233 -17.962504 5.552068 8.377373 51.246252 50601.547332
233 -4.237630 2.696701 15.284820 21.782756 168449.114748
233 -14.434245 4.977008 11.284684 189.502032 91817.800113
233 -15.361023 5.134301 1.816633 148.967929 2379.482807
233 -6.510859 3.342646 4.003929 326.632944 11559.014647
233 -16.782076 5.366537 3.320597 148.828903 7950.241234
233 -16.575267 5.333368 3.495120 247.403038 8807.897986
233 -19.647981 5.806712 8.191866 64.629923 48385.340946
233 -11.787845 4.497679 14.429916 168.313565 150132.825262
233 -8.641083 3.850839 13.626530 138.644017 133880.899940
233 -14.706039 5.023647 6.196944 91.062188 27688.743547
234 10.840039 -4.313072 3.068931 239.384176 6790.822373
234 -12.750772 4.677777 13.825553 211.286893 137820.262772
234 -14.003249 4.902140 3.868894 239.862587 10792.491442
234 -7.367612 3.555778 5.260136 218.175546 19949.957878
234 -6.634733 3.374295 7.259216 336.708654 37995.097209
234 -13.658601 4.841438 14.956895 127.263692 161298.739349
234 -21.727359 6.106253 5.857171 50.974077 24735.680909
234 -25.395431 6.601598 1.903780 158.478017 2613.253358
234 -14.189698 4.934667 2.778830 246.665399 5567.650188
234 -2.495811 2.069556 4.131351 52.590208 12306.435140
234 -4.375546 2.740233 10.512388 253.497668 79680.282033
234 -7.662702 3.626288 9.300093 210.867244 62362.370877
234 -5.360093 3.032896 7.168838 193.911120 37054.893315
234 -19.702192 5.814717 9.180465 65.242571 60768.347431
234 -7.668874 3.627748 7.894298 240.831008 44933.996960
235 -14.609416 5.007117 10.237531 242.936643 75568.111795
235 -19.069308 5.720563 1.721290 153.605614 2136.270629
235 -20.252294 5.895334 10.759905 260.037387 83476.640311
235 -5.860251 3.171242 3.555558 46.552227 9115.145877
235 -13.813904 4.868885 6.996010 95.386007 35289.773550
235 -13.770571 4.861242 4.119365 165.283615 12235.131544
235 -15.648350 5.182097 2.980529 177.190989 6405.232841
235 -4.460084 2.766577 7.728936 52.558721 43071.250089
235 -8.262868 3.765622 5.503526 310.582694 21838.870506
235 -6.920296 3.446146 5.179688 177.804264 19344.398911
235 -20.238043 5.893259 8.994265 338.293369 58328.316039
235 -14.962127 5.067199 4.486370 287.235768 14512.367358
235 -13.596655 4.830447 2.885398 108.925009 6002.878220
235 -18.773739 5.676056 2.279890 151.495438 3747.796101
236 -17.649192 5.503433 9.970941 340.505794 71683.698034
236 -7.181310 3.510534 5.249283 211.076389 19867.719830
236 -23.369684 6.332828 13.789295 198.424107 137098.332805
236 -16.361256 5.298825 5.874375 32.643220 24881.203109
236 -15.432562 5.146243 4.378887 263.041064 13825.333431
236 -8.573699 3.835795 5.123482 162.347609 18926.859204
236 -16.368040 5.299924 5.706989 143.152483 23483.463169
236 -11.432652 4.429399 3.527256 195.422618 8970.608939
236 -13.916067 4.886856 5.044369 343.668417 18346.859006
236 -10.232554 4.190476 4.800662 37.709023 16616.910892
236 -5.553554 3.087143 9.586802 281.306011 66266.740083
236 -6.008226 3.211030 9.429155 174.487039 64105.253558
236 -7.897562 3.681441 9.450857 69.228911 64400.680188
236 -5.702723 3.128329 9.144762 110.225963 60296.611557
237 -9.338389 4.003200 8.616917 4.328455 53536.738590
237 -16.737086 5.359339 10.611030 331.944783 81182.634791
237 -4.071246 2.643230 7.244650 91.084262 37842.764179
237 1.992931 1.849343 12.672417 3.466431 115788.912138
237 -6.406964 3.315869 14.990384 257.584123 162021.854968
237 -10.523557 4.249644 7.094138 291.589581 36286.690802
237 -11.345763 4.412535 5.612830 321.654412 22714.955622
237 -18.352313 5.611988 5.063802 110.318276 18488.490908
237 -10.427923 4.230291 8.069986 304.911987 46956.272682
237 -11.153048 4.374900 2.643963 225.283110 5040.326960
237 -15.232474 5.112773 12.131251 35.690231 106110.711264
237 -21.935636 6.135450 8.501027 300.579058 52106.372516
237 -7.911735 3.684743 6.724767 180.618897 32606.382367
237 -10.402324 4.225095 5.176842 328.357352 19323.151153
238 -14.857735 5.049491 7.729872 210.049138 43081.686951
238 -17.967866 5.552896 6.927966 103.573865 34606.647295
238 -25.416258 6.604305 7.063586 72.486789 35974.810720
238 -7.114015 3.494047 8.585940 71.353758 53152.512277
238 -11.988444 4.535787 7.263398 352.254173 38038.888390
238 -15.001332 5.073834 11.643984 281.584929 97757.770851
238 -16.646369 5.344795 3.179711 332.463369 7289.930751
238 -13.471674 4.808195 9.668717 36.581564 67404.014547
238 -18.478369 5.631228 5.038610 15.669768 18304.993177
238 -13.421769 4.799281 3.906413 163.757513 11002.827456
238 -16.990396 5.399743 9.142591 40.182337 60267.981176
238 -20.683359 5.957744 10.455104 67.682379 78814.261580
238 -19.070730 5.720776 4.756266 234.203457 16310.993665
238 -12.783290 4.683738 13.495028 232.040419 131309.356222
239 -13.472767 4.808390 16.872158 133.388039 205252.916099
239 0.723940 1.114609 10.382058 91.344810 77716.807615
239 -13.119814 4.744988 12.896869 9.971972 119926.916717
239 -6.262649 3.278312 5.812985 261.307607 24363.882953
239 -27.338090 6.849445 1.783043 350.200210 2292.301669
239 -18.052584 5.565972 6.610186 46.406423 31504.709930
239 -11.813866 4.502641 6.262078 303.003838 28273.852788
239 -3.872296 2.577838 10.297155 139.158842 76450.892271
239 -14.583089 5.002603 4.713504 270.088375 16019.015082
239 -17.061721 5.411065 1.907969 298.172105 2624.766261
239 -11.799713 4.499943 2.312509 77.539828 3855.803797
239 -8.793041 3.884551 4.150216 234.766110 12419.080709
239 -13.355665 4.787448 11.124476 178.515485 89229.243409
240 -8.020915 3.710080 5.835212 273.436148 24550.556723
240 -17.082377 5.414339 6.368713 304.870044 29244.986307
240 -6.212677 3.265207 3.892417 198.569289 10924.129602
240 -19.777626 5.825838 11.549710 122.097573 96181.216620
240 -14.134076 4.924986 3.208770 18.978924 7423.781456
240 -8.514473 3.822524 5.635529 197.262731 22899.049697
240 -14.721440 5.026277 6.067022 189.098596 26539.895831
240 -5.751333 3.141634 5.512481 351.002236 21909.996601
240 -0.913737 1.252224 13.598776 232.607051 133336.096438
240 -6.470645 3.332307 14.533358 97.796250 152293.018933
240 -13.337934 4.784269 4.724429 116.570852 16093.359342
240 -15.679595 5.187268 8.940183 120.056840 57628.968944
240 -18.192380 5.587481 21.900586 101.820061 345827.518902
241 -11.178811 4.379949 8.730745 166.873705 54960.502547
241 -13.941723 4.891359 7.170664 334.967843 37073.774545
241 -19.360141 5.764021 5.323136 195.984782 20430.695577
241 -17.248958 5.440674 6.546516 175.436463 30900.713494
241 -19.119608 5.728103 10.048809 142.857450 72807.694109
241 -12.444566 4.621268 5.389600 2.195130 20944.071411
241 -2.502600 2.072369 18.417318 342.163640 244568.679440
241 -25.277462 6.586247 3.950018 137.178830 11249.835797
241 -12.856434 4.697119 2.454388 337.212097 4343.446834
241 -2.830523 2.203965 5.357220 287.637687 20693.171459
241 -12.691968 4.666978 4.035719 218.383884 11743.290892
241 -22.323660 6.189478 6.640481 226.557410 31794.148275
241 -2.902601 2.231850 5.645126 234.208824 22977.110509
242 -10.464631 4.237730 7.958828 178.815478 45671.609150
242 -19.830029 5.833551 11.570694 39.690470 96531.027046
242 -8.182800 3.747333 17.920892 209.243037 231562.009773
242 -11.615585 4.464695 4.415590 330.728516 14058.063695
242 -11.167426 4.377719 4.358653 283.497921 13697.856015
242 -11.114835 4.367398 7.352226 71.550776 38974.973085
242 -16.384193 5.302538 5.883555 239.852332 24959.031805
242 3.897872 2.586337 2.604148 302.582995 4889.666494
242 -4.035913 2.631735 5.770763 103.020548 24011.240995
242 -7.936156 3.690425 3.099410 134.999810 6926.379170
242 -22.952941 6.276109 6.346803 310.759766 29044.115775
242 -17.499246 5.480005 7.624998 132.307686 41920.602247
242 -16.866230 5.379976 4.385212 353.580946 13865.298613
243 -19.238746 5.745921 2.719850 20.529514 5333.814935
243 -9.603487 4.059624 3.341485 332.930083 8050.581005
243 -18.446870 5.626426 18.351434 109.851723 242822.030165
243 -13.148874 4.750240 2.659571 241.029160 5100.010772
243 -12.546127 4.640087 14.018350 277.667937 141690.867959
243 -7.269790 3.532094 5.260866 112.399930 19955.498834
243 -7.037155 3.475120 6.282601 284.982430 28459.482583
243 -3.223749 2.352079 3.077270 260.773713 6827.774395
243 -16.695268 5.352640 6.910372 61.720619 34431.104780
243 -20.857308 5.982744 16.732705 243.779877 201874.004244
243 -9.738013 4.087958 2.400947 339.811383 4156.359379
243 -15.864243 5.217722 12.876364 139.801259 119545.873607
244 -15.240211 5.114071 8.513613 18.393828 52260.779663
244 -14.002732 4.902049 6.472417 41.416012 30205.155889
244 -11.584912 4.458797 9.854385 156.401444 70017.588728
244 -13.482752 4.810172 2.542367 252.108242 4660.413526
244 -3.040122 2.284109 6.005139 127.511138 26001.250801
244 -4.115432 2.657535 7.850019 294.787622 44431.344274
244 -13.465139 4.807029 10.311104 87.190788 76658.165779
244 -17.319444 5.451779 6.282143 123.961877 28455.337494
244 -6.468897 3.331858 18.847537 298.349639 256128.140843
244 -6.048297 3.221720 3.788528 321.336134 10348.778715
244 -15.343245 5.131330 7.431313 67.735861 39817.971980
244 0.886960 1.233739 5.210808 252.758476 19577.541923
253 14.476887 4.584845 11.479659 162.088124 95018.030795
254 22.239252 5.682601 11.163893 165.943968 89862.694608
255 25.939990 6.137224 6.129031 233.750664 27085.182912
256 22.651816 5.735068 5.012485 184.599762 18115.666185
256 24.932115 6.016814 13.090770 170.880542 123560.157760
257 23.779724 5.876117 4.656131 178.756569 15631.423392
257 25.818331 6.122815 7.148826 188.628420 36848.305697
258 29.688572 6.565710 6.558201 236.553308 31011.125700
258 14.948011 4.658850 12.854447 109.376810 119139.245290
259 22.215498 5.679565 4.886860 124.341887 17218.996059
259 25.820146 6.123030 1.865838 223.945565 2510.127340
259 26.117631 6.158202 9.147829 36.559985 60337.055444
260 26.445485 6.196733 3.379035 105.405150 8232.532646
260 24.226674 5.931082 14.201774 194.887748 145423.053371
260 33.106719 6.933382 10.044867 319.770763 72750.574041
261 19.577415 5.331688 6.396347 67.955447 29499.328516
261 32.424102 6.861531 5.988293 31.302931 25855.569141
261 23.446221 5.834766 5.463457 185.022288 21522.021945
261 22.541348 5.721066 3.776841 304.432491 10285.030369
262 21.951401 5.645705 5.644922 252.990946 22975.447575
262 22.726069 5.744460 8.110218 255.720942 47425.626525
262 22.548689 5.721998 9.230797 313.504625 61436.505475
262 22.708428 5.742230 11.624685 269.567136 97433.981221
263 35.088196 7.137852 2.745902 91.136441 5436.485632
263 33.663440 6.991434 8.405944 50.337448 50947.287747
263 21.249479 5.554707 14.238525 347.496683 146176.671280
263 13.725169 4.464223 5.319719 17.079692 20404.478091
263 19.124632 5.269672 3.068996 291.851312 6791.109427
264 17.968334 5.107883 3.839524 262.920859 10629.253009
264 11.979130 4.170611 11.511170 354.443561 95540.386284
264 27.087177 6.271464 4.081916 2.116551 12013.686681
264 18.880337 5.235907 11.770127 257.919424 99887.327310
264 18.212217 5.142431 3.726132 253.396068 10010.703621
265 36.343718 7.264433 9.715104 98.640068 68052.332475
265 24.463973 5.960059 22.738138 172.328870 372784.530494
265 21.491130 5.586202 10.612322 100.641528 81202.410349
265 24.077548 5.912800 9.060124 38.956075 59185.646964
265 28.116046 6.389460 6.620765 90.810690 31605.631842
265 25.646622 6.102421 10.483187 212.098164 79238.228689
266 17.538458 5.046413 10.842218 26.170387 84758.706841
266 33.960398 7.022204 5.688778 235.557621 23333.833231
266 23.715337 5.868157 8.685296 181.162933 54389.788021
266 25.830355 6.124240 2.394658 4.389193 4134.616423
266 21.157389 5.542658 10.540269 354.154772 80103.501412
266 35.874748 7.217412 9.543837 201.072486 65674.097642
267 12.259670 4.219164 9.492832 213.948467 64974.008471
267 20.458164 5.450300 6.913326 38.323804 34460.548190
267 25.948738 6.138258 6.237841 63.461518 28055.415181
267 17.235592 5.002650 6.981631 324.716570 35144.865963
267 32.771961 6.898239 8.014256 66.473908 46309.968991
267 26.510649 6.204363 10.575735 98.065200 80643.473365
267 11.277218 4.046579 8.975962 204.430848 58091.169000
268 19.709474 5.349640 9.954768 157.662138 71451.335890
268 19.117363 5.268671 2.420231 105.816150 4223.395500
268 23.200459 5.804106 7.723411 15.859477 43009.692876
268 3.681686 2.312120 2.710047 84.220419 5295.437434
268 26.455629 6.197922 5.904948 1.123882 25140.862560
268 15.718302 4.777381 3.719421 254.356680 9974.676264
268 21.605674 5.601069 4.281223 301.887456 13215.506748
269 25.553334 6.091312 2.007358 56.694693 2905.344854
269 16.008742 4.821317 12.553591 224.183354 113627.642928
269 26.277768 6.177052 7.419581 291.497819 39692.353966
269 28.607588 6.445070 5.810313 163.838452 24341.492228
269 8.498718 3.512884 3.079375 142.717144 6837.122312
269 22.346961 5.696345 7.165045 246.796198 37015.698145
269 26.335035 6.183780 7.051515 49.880147 35851.968093
269 2.968612 2.076174 10.000217 330.380058 72105.251471
270 28.640777 6.448808 9.294138 289.074545 62282.540399
270 21.727988 5.616901 5.689063 202.853147 23336.172503
270 21.956921 5.646415 7.596128 90.594271 41603.765656
270 15.291587 4.712087 13.431203 91.354269 130070.222991
270 18.744074 5.216978 13.583271 279.867582 133032.214615
270 25.194827 6.048431 2.329556 229.222732 3912.859451
270 34.411052 7.068643 13.326871 331.464671 128057.342179
270 30.474161 6.652010 12.027753 200.078534 104307.874058
270 23.916217 5.892957 4.705903 56.138894 15967.392112
271 11.542866 4.093963 3.845801 317.620254 10664.035947
271 32.574646 6.877441 9.343094 64.598780 62940.405584
271 13.326175 4.398857 15.819430 259.981364 180438.719355
271 27.285990 6.294437 10.221971 131.608215 75338.570893
271 12.223586 4.212951 7.319912 245.887348 38633.118609
271 18.937663 5.243850 3.988180 326.343227 11468.262673
271 16.456673 4.888302 21.474643 52.826046 332506.369561
271 31.991336 6.815587 2.166839 341.841652 3385.334064
271 17.988765 5.110786 5.180570 16.378193 19350.985922
272 7.627603 3.327983 4.249070 31.872639 13017.749026
272 31.389663 6.751191 20.971604 227.868039 317111.058492
272 18.163372 5.135530 5.281875 25.458456 20115.199213
272 29.023935 6.491801 5.800515 289.839243 24259.463476
272 21.392828 5.573412 7.844821 230.834898 44372.524057
272 25.660144 6.104029 13.479232 16.176745 131002.132395
272 19.651051 5.341706 8.085310 9.040479 47134.770828
272 26.893189 6.248967 2.839842 41.921195 5814.824026
272 36.485795 7.278618 7.388751 19.025265 39363.181552
272 15.584726 4.757038 6.029749 252.667767 26214.797670
273 18.622846 5.200081 14.664586 237.528528 155055.676204
273 16.011588 4.821745 3.083804 72.209083 6856.800790
273 16.551144 4.902313 5.476441 90.174909 21624.444913
273 24.360717 5.947468 18.350998 96.692672 242810.496600
273 24.464764 5.960155 10.192545 349.370251 74905.434724
273 6.584261 3.092008 10.726514 264.838709 82959.336097
273 29.713194 6.568432 9.254783 109.158616 61756.202519
273 26.157411 6.162890 9.995652 246.488340 72039.439163
273 22.929605 5.770127 7.679474 17.706089 42521.736911
273 19.009551 5.253793 8.454346 168.500919 51535.696865
273 23.906805 5.891798 7.213105 116.378856 37513.930418
274 10.211914 3.850708 6.957833 269.852398 34905.675010
274 18.357873 5.162954 15.995748 6.166285 184483.354857
274 33.027476 6.925079 10.618648 354.934149 81299.243661
274 19.464303 5.316263 7.029742 223.323202 35630.903017
274 24.100394 5.915604 6.151146 45.175820 27280.994922
274 27.140144 6.277592 16.526333 64.159382 196925.097159
274 29.988496 6.598791 3.191816 25.360051 7345.540766
274 15.615953 4.761802 10.502236 55.953005 79526.446945
274 21.841923 5.631609 4.079087 192.055284 11997.035441
274 24.617287 5.978705 5.429120 286.308824 21252.351955
274 20.475580 5.452619 11.175667 66.999137 90052.337056
275 17.395617 5.025820 10.144246 322.957306 74197.218094
275 24.090840 5.914432 3.900287 352.883729 10968.349940
275 18.557071 5.190889 9.717566 133.825970 68086.829185
275 16.894285 4.952870 4.589822 70.593824 15189.370329
275 22.255166 5.684633 7.795780 93.067572 43819.485260
275 16.118314 4.837788 3.496261 141.085870 8813.648701
275 25.573908 6.093764 2.469700 264.157453 4397.809787
275 28.092335 6.386765 4.813297 308.909263 16704.493461
275 28.856603 6.473060 10.033703 199.493179 72588.958400
275 25.238693 6.053694 4.024909 211.125457 11680.465428
275 22.444347 5.708744 3.749133 98.373496 10134.673400
275 16.304784 4.865692 18.138491 70.503808 237219.506101
276 22.434289 5.707464 6.813318 140.026796 33470.750266
276 7.771998 3.359336 11.253770 329.394157 91315.432633
276 21.821425 5.628966 4.202273 280.250032 12732.586847
276 20.979139 5.519260 5.717890 301.211158 23573.260237
276 13.452693 4.419689 5.829249 339.191986 24500.402830
276 19.769288 5.357751 18.731791 60.314429 252991.927647
276 19.105740 5.267069 24.793767 15.205429 443234.026163
276 16.539759 4.900627 7.878020 76.435835 44748.885642
276 20.692517 5.481428 8.314605 54.581228 49846.115105
276 29.095600 6.499811 9.054658 118.875668 59114.251477
276 18.741248 5.216585 12.955941 206.101768 121028.030834
276 21.858121 5.633697 10.672214 259.211550 82121.544877
277 24.420314 5.954738 4.345217 84.396000 13613.535789
277 6.862844 3.156742 6.134315 331.241816 27131.901470
277 20.204216 5.416367 7.794315 261.371037 43803.013240
277 28.065218 6.383682 3.837892 244.448309 10620.220926
277 23.872348 5.887550 8.600584 106.706792 53333.975453
277 36.759637 7.305882 9.625510 195.069949 66802.934151
277 27.243223 6.289502 4.023829 21.362746 11674.196747
277 31.178710 6.728467 5.795622 337.288367 24218.555095
277 8.016959 3.411865 5.595686 214.918194 22576.406493
277 13.680682 4.456982 8.217022 341.144922 48682.964509
277 23.662965 5.861674 2.459927 250.292475 4363.074262
277 26.422289 6.194015 2.920492 57.321319 6149.785721
277 17.955747 5.106094 18.967837 157.155148 259408.207505
278 6.838743 3.151194 2.335128 157.987233 3931.601216
278 23.901505 5.891144 7.199171 317.731004 37369.139517
278 12.068428 4.186127 2.407290 25.113356 4178.349309
278 12.351094 4.234867 3.348923 65.048380 8086.457409
278 22.463628 5.711195 3.507945 301.793419 8872.655982
278 24.689899 5.987516 7.035881 303.519613 35693.168484
278 21.007446 5.522983 7.747907 79.359472 43282.953342
278 27.215597 6.286313 3.839050 180.900419 10626.632615
278 26.370456 6.187937 7.412470 269.527718 39616.304537
278 22.082122 5.662490 8.693898 34.199638 54497.577803
278 21.761257 5.621200 5.582666 157.891261 22471.465662
278 20.831495 5.499805 17.685501 1.815995 225518.838736
278 23.683259 5.864187 16.268869 185.370857 190837.084313
278 24.633289 5.980648 6.741542 2.029210 32769.258188
279 17.303873 5.012550 12.588677 180.106718 114263.699540
279 24.804624 6.001411 6.779414 295.734961 33138.466850
279 21.254567 5.555372 6.194073 249.955204 27663.090336
279 12.410173 4.244983 4.645629 173.213621 15560.987530
279 15.492957 4.743012 6.150704 156.711647 27277.067992
279 23.332000 5.820537 3.177570 242.842390 7280.114268
279 21.264653 5.556690 5.077934 339.566233 18591.833113
279 10.557054 3.915240 9.273312 55.864662 62003.725614
279 14.255027 4.549577 4.720349 305.536842 16065.578152
279 32.243550 6.842400 6.819296 226.870931 33529.504408
279 34.176024 7.044462 11.003155 103.770978 87293.620521
279 32.749123 6.895835 5.603695 41.568442 22641.073431
279 18.022600 5.115590 3.622634 74.374231 9462.306290
279 18.644043 5.203039 5.245534 89.650731 19839.350382
280 21.721280 5.616034 4.038720 318.261737 11760.763960
280 18.081999 5.124013 8.389334 244.779322 50746.138604
280 11.166398 4.026647 5.392550 230.711530 20967.009775
280 12.479693 4.256856 5.704917 216.865552 23466.413272
280 11.259943 4.043479 6.726317 49.804761 32621.410656
280 14.806375 4.636726 8.007969 274.353689 46237.336040
280 22.934533 5.770746 11.204527 335.055133 90518.037622
280 13.532967 4.432855 8.059260 264.888545 46831.537685
280 18.110135 5.127999 5.671882 164.314451 23195.427089
280 10.699032 3.941480 7.403017 211.322964 39515.322014
280 24.523886 5.967352 4.950132 311.082415 17667.764891
280 36.999912 7.329720 6.881365 105.732211 34142.655087
280 18.488909 5.181347 5.789726 295.023948 24169.303363
280 21.407175 5.575281 10.848736 286.648777 84860.647314
280 25.414650 6.074760 9.103525 175.915123 59754.042236
281 23.850935 5.884909 5.560992 157.486918 22297.318331
281 20.044643 5.394935 5.100121 155.865227 18754.652959
281 29.228408 6.514628 8.740797 207.872397 55087.128149
281 23.599001 5.853746 12.210116 325.292831 107494.844458
281 23.779855 5.876133 4.995619 35.897144 17993.954383
281 22.229008 5.681292 13.305026 138.341558 127637.858476
281 20.566123 5.464661 8.572118 153.922248 52981.515322
281 7.937179 3.394846 6.395892 284.073619 29495.134105
281 29.477096 6.542284 7.383024 270.632761 39302.182722
281 14.116153 4.527362 4.476959 147.381497 14451.545583
281 16.763237 4.933623 4.399428 22.318948 13955.344232
281 21.996386 5.651487 4.332723 268.663025 13535.360770
281 25.221548 6.051638 7.267026 31.060443 38076.895907
281 7.905245 3.388010 8.728695 79.962537 54934.695948
281 6.617003 3.099686 8.457807 321.552123 51577.899197
281 22.018562 5.654335 10.202028 230.610897 75044.877919
282 26.225521 6.170908 10.404484 83.083360 78052.917071
282 16.708743 4.925598 7.410295 114.115957 39593.056382
282 26.923505 6.252488 6.833695 14.262124 33671.254335
282 32.189510 6.836664 3.078069 156.630647 6831.320291
282 28.722758 6.458031 8.975176 328.690228 58080.988260
282 26.249110 6.173683 11.239497 170.376752 91083.938246
282 9.871515 3.785986 6.542788 117.598383 30865.531698
282 36.693639 7.299321 4.102324 263.957939 12134.112071
282 30.419704 6.646064 5.414435 130.380849 21137.536385
282 18.650646 5.203960 8.829002 43.988462 56204.530592
282 20.915353 5.510863 4.683646 327.953437 15816.710153
282 22.567201 5.724346 5.739681 10.438178 23753.275989
282 11.946957 4.165007 6.643401 137.701337 31822.117031
282 16.259464 4.858925 7.792730 17.276234 43785.204019
282 16.776320 4.935548 10.159645 75.879547 74422.648121
282 18.644841 5.203150 1.921656 167.158054 2662.558466
283 27.449491 6.313268 9.305877 350.726290 62439.976144
283 32.284458 6.846739 5.907414 194.049890 25161.867431
283 16.078073 4.831745 1.937640 325.918824 2707.038235
283 4.785374 2.635998 6.132898 59.170386 27119.370463
283 19.535514 5.325979 9.127263 173.635724 60066.067774
283 13.226158 4.382318 10.036025 324.281984 72622.556548
283 22.222014 5.680398 5.616686 160.518165 22746.176570
283 15.927464 4.809062 2.946261 163.120838 6258.791765
283 19.937594 5.380510 4.180970 45.088056 12603.822080
283 24.963944 6.020654 9.666993 40.171265 67379.973749
283 15.754286 4.782846 8.298965 175.034534 49658.772308
283 23.246541 5.809867 5.330426 80.394681 20486.695484
283 22.055996 5.659139 8.265952 270.809609 49264.472994
283 25.973260 6.141158 7.496659 251.639888 40521.318900
283 34.799446 7.108422 13.269167 62.161101 126950.779642
283 13.974490 4.504588 2.209703 12.741172 3520.593202
283 7.172236 3.227114 1.560495 201.461413 1755.791224
284 15.367102 4.723708 2.042584 212.717665 3008.207160
284 17.796306 5.083373 4.795542 45.155316 16581.489854
284 16.087275 4.833128 5.945076 277.453979 25483.725436
284 13.505101 4.428289 3.422288 143.136895 8444.641709
284 27.095777 6.272459 19.726644 244.668869 280578.572225
284 23.420505 5.831566 9.933853 330.636311 71151.408972
284 23.099088 5.791412 10.669569 209.831354 82080.841854
284 24.126973 5.918865 10.065734 200.811971 73053.159283
284 24.149339 5.921608 1.936106 44.144477 2702.752749
284 15.925437 4.808756 3.253216 211.418088 7630.868328
284 29.263412 6.518528 5.511570 28.855600 21902.756849
284 16.061170 4.829205 12.744478 81.451052 117109.506541
284 19.600158 5.334784 22.233630 336.974046 356425.530300
284 17.809374 5.085239 7.318018 185.983983 38613.134614
284 25.817284 6.122691 14.407905 286.241689 149675.154809
284 26.051570 6.150409 6.723243 140.973842 32591.598968
284 14.089923 4.523154 13.779711 231.456466 136907.832322
284 23.381409 5.826696 13.217210 115.920128 125958.540917
285 19.088296 5.264664 11.766709 205.149380 99829.314986
285 19.055698 5.260166 7.621075 254.922986 41877.484430
285 28.317035 6.412257 6.727267 342.553096 32630.627639
285 24.134427 5.919780 3.033049 77.798063 6632.952958
285 11.129302 4.019953 6.393737 106.553854 29475.253233
285 22.728057 5.744711 16.547932 58.413948 197440.184983
285 4.048336 2.424518 12.545642 81.681238 113483.799123
285 -0.387326 0.749938 1.961631 121.129534 2774.486471
285 12.094629 4.190669 6.724259 254.700522 32601.455507
285 21.601667 5.600550 2.702495 294.798742 5265.965303
285 31.237352 6.734791 32.145686 268.146478 745063.796514
285 24.525650 5.967567 8.542466 313.415568 52615.607996
285 23.136368 5.796084 7.713824 327.356000 42902.985010
285 9.668784 3.746908 9.556930 36.926965 65854.410715
285 28.772492 6.463620 6.905653 51.478009 34384.089736
285 15.810457 4.791365 5.254546 102.062123 19907.581914
285 32.977896 6.919879 5.219275 137.174618 19641.218025
285 16.741424 4.930412 5.981626 333.942035 25798.029085
286 18.055047 5.120193 2.925429 64.892432 6170.597240
286 23.226977 5.807422 9.432096 354.192746 64145.253239
286 29.835459 6.581932 6.931895 53.542244 34645.915765
286 17.997364 5.112008 22.123063 224.230609 352889.365205
286 16.242238 4.856350 6.229389 147.992866 27979.437669
286 14.938489 4.657366 3.246945 37.244585 7601.475513
286 13.766327 4.470912 7.140134 96.180385 36758.752169
286 17.473977 5.037127 2.624540 281.680373 4966.545418
286 3.152556 2.139531 3.587086 292.131574 9277.515171
286 10.524704 3.909237 13.454296 256.800476 130517.878381
286 28.123235 6.390277 4.915097 344.485244 17418.557065
286 15.193800 4.696997 5.217789 96.927612 19630.039565
286 13.985387 4.506343 8.464885 32.285927 51664.262940
286 10.529087 3.910051 12.677880 226.998057 115888.774299
286 15.511889 4.745909 9.622197 253.126426 66756.957160
286 14.772341 4.631394 1.051318 80.937064 796.922382
286 14.057796 4.517994 5.467042 264.206961 21550.278753
286 27.813767 6.355020 7.741093 222.655205 43206.851507
286 22.649729 5.734804 20.384152 56.574205 299594.190798
287 27.335830 6.300183 4.896021 54.281767 17283.619041
287 14.365263 4.567135 9.702357 250.092070 67873.867385
287 26.589907 6.213631 6.876567 9.353909 34095.062070
287 23.351968 5.823027 5.554592 132.611857 22246.021124
287 13.955819 4.501577 2.694016 87.835399 5232.971289
287 12.408160 4.244639 3.730399 270.462134 10033.644594
287 11.112760 4.016965 5.110921 198.642839 18834.164034
287 17.877774 5.094995 4.996561 26.633735 18000.741118
287 15.395105 4.728010 18.039738 259.945528 234643.506207
287 16.309607 4.866411 2.263274 25.795289 3693.366848
287 28.475835 6.430212 7.950369 355.561027 45574.571208
287 20.473120 5.452291 7.326786 169.610714 38705.718291
287 22.783080 5.751661 8.264298 114.181994 49244.758496
287 20.025894 5.392411 18.815413 61.385305 255255.774311
287 18.781818 5.222228 6.840269 242.711436 33736.064865
287 12.573516 4.272828 5.432094 102.487253 21275.641318
287 13.281218 4.391430 3.785652 79.169505 10333.073750
287 23.658622 5.861136 6.381020 112.994237 29358.119253
287 30.316177 6.634745 5.659107 332.564234 23091.059426
288 7.423947 3.283254 4.653246 82.747445 15612.057244
288 14.645090 4.611403 4.114722 266.752760 12207.567000
288 19.672570 5.344629 8.884456 66.880125 56912.774945
288 24.267367 5.936061 4.499664 90.672355 14598.502941
288 15.423523 4.732372 10.717196 225.232169 82815.266389
288 24.209484 5.928978 7.735476 358.933110 43144.176024
288 13.945288 4.499879 6.699269 230.088928 32359.582357
288 27.869560 6.361391 4.879943 331.971866 17170.289226
288 25.587172 6.095344 9.281231 75.472669 62109.666819
288 18.625998 5.200521 3.661914 56.794653 9668.618360
288 9.696207 3.752217 5.885333 286.819012 24974.118361
288 32.469701 6.866354 10.710100 285.453006 82705.634633
288 24.010184 5.904523 9.107910 351.883715 59811.615855
288 21.043400 5.527707 2.488567 263.195670 4465.261319
288 20.478468 5.453004 9.364192 329.032016 63224.983827
288 22.550040 5.722169 2.305998 139.110526 3834.121296
288 21.180982 5.545748 2.087999 91.550624 3143.465828
288 15.776385 4.786200 2.670442 169.563894 5141.791436
288 21.771714 5.622550 9.117690 267.035025 59940.135593
288 18.542053 5.188788 2.278818 305.238183 3744.270321
289 23.293934 5.815787 5.971767 42.083452 25713.059619
289 11.976249 4.170109 5.092894 242.487268 18701.537888
289 18.433319 5.173552 19.284133 322.379810 268131.792171
289 19.417573 5.309878 17.145834 290.945716 211965.548277
289 24.178912 5.925233 3.666901 86.395753 9694.970461
289 13.985124 4.506301 6.178620 236.923087 27525.239503
289 20.138330 5.407528 10.106227 353.201581 73642.106047
289 4.889728 2.664584 5.662843 317.842873 23121.561021
289 17.915041 5.100303 3.814039 109.216694 10488.621449
289 31.357996 6.747784 3.714874 283.641293 9950.300804
289 18.530458 5.187166 3.220839 72.231819 7479.733382
289 12.654772 4.286612 11.289153 209.263914 91890.530995
289 21.180172 5.545641 6.985200 150.658397 35180.808341
289 18.352645 5.162218 4.116821 111.790731 12220.025940
289 13.442390 4.417996 3.122952 119.927509 7031.995807
289 13.478364 4.423903 4.506581 130.146329 14643.418679
289 2.167841 1.774192 6.776914 349.803243 33114.029606
289 20.089620 5.400984 8.045255 262.948564 46668.912586
289 14.132493 4.529982 10.627990 157.771140 81442.365961
289 11.328837 4.055830 12.556306 74.118456 113676.810047
289 12.298418 4.225827 2.840628 230.763948 5818.039429
290 13.728608 4.464782 8.727541 286.245569 54920.168508
290 12.392993 4.242044 9.295341 107.263156 62298.668910
290 14.616181 4.606849 7.615332 272.324087 41814.388081
290 25.645481 6.102285 7.511305 97.005525 40679.805438
290 11.649379 4.112808 5.415774 231.294615 21147.992722
290 13.438996 4.417438 5.951531 339.376335 25539.092524
290 14.235805 4.546509 6.340910 245.790030 28990.198896
290 8.714775 3.557256 6.828198 153.207970 33617.106475
290 17.232439 5.002193 11.166156 102.820491 89899.125048
290 14.189376 4.539089 4.157583 82.588673 12463.208605
290 11.551314 4.095461 3.217294 26.315873 7463.278632
290 25.229447 6.052585 12.822113 84.412158 118540.637738
290 7.888835 3.384492 6.449090 235.681625 29987.823451
290 14.813577 4.637853 23.489352 202.465543 397823.220750
290 25.219405 6.051381 5.800824 317.189737 24262.044842
290 24.499921 5.964436 1.379089 176.311543 1371.299755
290 22.250674 5.684060 7.445287 145.907060 39967.862370
290 24.901570 6.013128 13.391582 195.816053 129303.964389
290 18.192061 5.139584 15.640422 216.034224 176378.241087
290 12.892556 4.326698 11.727870 196.464118 99171.379504
290 26.916856 6.251716 9.083069 337.280984 59485.804174
291 24.405675 5.952953 6.215674 342.101332 27856.373170
291 16.422989 4.883297 7.930776 190.119050 45350.226540
291 11.819533 4.142736 9.612127 176.931440 66617.311421
291 7.453389 3.289758 4.813995 174.976339 16709.339798
291 22.683543 5.739083 5.635840 64.801858 22901.579800
291 12.569969 4.272225 13.147677 25.447028 124636.746197
291 10.443164 3.894064 19.441014 94.583193 272512.169984
291 14.409493 4.574160 4.919508 227.672802 17449.840988
291 19.791704 5.360788 2.825034 22.244230 5754.338156
291 26.041862 6.149263 24.280553 143.909700 425074.653122
291 13.349521 4.402708 11.930051 176.314659 102620.160003
291 23.234488 5.808361 2.568532 326.004449 4756.832600
291 15.317180 4.716029 7.814069 200.865902 44025.319595
291 -3.240259 2.169087 6.829074 32.882599 33625.730283
291 10.300350 3.867346 2.807050 93.239739 5681.308478
291 11.799680 4.139255 12.201945 301.739822 107351.025106
291 7.158542 3.224032 3.139885 241.193331 7108.462107
291 17.552749 5.048468 7.178270 215.717562 37152.464575
291 14.371310 4.568096 5.806458 55.610090 24309.195530
291 3.065543 2.109798 7.115112 262.491145 36501.568525
291 9.528153 3.719559 3.529169 291.222519 8980.342799
291 13.955435 4.501515 3.070223 294.166527 6796.538820
292 17.098503 4.982716 3.195026 294.484934 7360.322263
292 20.408359 5.443661 11.532055 277.195864 95887.390310
292 16.976099 4.964848 8.342123 76.580016 50176.604717
292 21.125236 5.538445 6.681949 263.950054 32192.476801
292 24.217263 5.929930 5.059117 206.516414 18454.300882
292 14.060786 4.518475 8.709885 50.008710 54698.185208
292 10.160616 3.841024 8.230372 254.641791 48841.273200
292 15.759495 4.783637 8.820918 77.733859 56101.647956
292 10.762381 3.953131 3.512830 342.578985 8897.384502
292 16.606087 4.910443 6.286767 359.896102 28497.237041
292 18.089409 5.125063 10.511239 63.127726 79662.853611
292 17.224699 5.001069 6.854476 104.226674 33876.352045
292 13.276014 4.390570 5.724714 272.684392 23629.557734
292 15.330051 4.718010 8.389797 225.449366 50751.747253
292 10.922946 3.982511 6.080939 330.073065 26661.797649
292 19.256322 5.287784 5.846624 262.362335 24646.681120
292 24.845634 6.006370 3.357390 19.718510 8127.399638
292 28.937614 6.482140 10.803082 124.789607 84147.927778
292 22.725352 5.744369 5.941677 19.344847 25454.588454
292 21.919030 5.641541 2.584804 69.544863 4817.294658
292 19.557701 5.329003 9.452821 182.174746 64427.448799
292 -2.913896 2.056951 4.157320 205.939711 12461.636023
293 18.782179 5.222279 6.637258 10.798493 31763.289762
293 11.609456 4.105755 3.966211 277.847540 11342.260338
293 25.602995 6.097228 5.406583 174.729702 21076.277206
293 9.492891 3.712670 17.243771 23.987565 214393.960651
293 13.013010 4.346863 4.754193 218.208359 16296.775858
293 23.476470 5.838529 4.583612 336.593673 15148.298411
293 14.422781 4.576269 5.051914 47.244740 18401.782348
293 20.689167 5.480984 24.579839 165.217327 435618.311310
293 12.500785 4.260452 14.304349 325.145894 147531.330735
293 17.388292 5.024762 4.046487 240.467215 11806.043372
293 20.442426 5.448203 3.299093 306.192087 7847.606467
293 14.877031 4.647776 6.253927 331.153767 28200.293160
293 10.847236 3.968685 3.725171 2.813860 10005.540751
293 10.698898 3.941455 10.592951 221.291025 80906.231016
293 15.753507 4.782728 4.891130 181.497474 17249.103622
293 16.789747 4.937523 7.026040 269.169212 35593.382478
293 18.634514 5.201709 5.106261 267.850978 18799.838995
293 19.978829 5.386071 5.284563 225.870992 20135.674481
293 10.939143 3.985462 7.776020 119.395937 43597.624788
293 26.527091 6.206287 10.523610 10.147063 79850.482790
293 31.003189 6.709501 8.976364 350.364317 58096.373802
293 19.962839 5.383915 4.740746 131.986634 16204.715748
293 14.840231 4.642024 9.647784 258.102930 67112.470824
294 17.176696 4.994096 10.237280 336.084820 75564.397983
294 23.372782 5.825621 3.764888 315.192397 10220.031410
294 2.938149 2.065494 7.065648 144.823701 35995.822040
294 17.774296 5.080229 6.287089 296.482832 28500.163833
294 20.963542 5.517208 7.775168 96.670985 43588.069831
294 16.024585 4.823702 3.092130 203.830367 6893.876139
294 27.776541 6.350766 10.358185 161.256986 77359.815012
294 6.011641 2.954497 7.812690 226.182024 44009.785040
294 1.734305 1.586901 3.851371 325.830909 10694.952030
294 22.487092 5.714177 16.765606 115.636688 202668.656371
294 23.250868 5.810408 8.997581 34.626450 58371.337432
294 28.674279 6.452579 7.225539 148.687285 37643.377990
294 20.423432 5.445671 19.069266 135.097399 262189.948870
294 19.697906 5.348070 7.888409 136.904394 44866.991835
294 23.667011 5.862175 4.356185 292.025843 13682.348571
294 16.600693 4.909646 4.331296 22.877854 13526.451222
294 18.954025 5.246115 4.570213 335.215422 15059.859873
294 21.151810 5.541927 4.418508 158.801111 14076.652285
294 14.798698 4.635524 8.413266 299.371175 51036.078065
294 10.832109 3.965917 5.190779 154.334573 19427.329564
294 18.064686 5.121560 8.406680 12.002793 50956.209965
294 11.963204 4.167838 4.470366 45.938133 14409.015392
294 21.910398 5.640430 5.054788 59.080358 18422.730350
295 26.155085 6.162616 9.882671 93.003652 70420.124327
295 15.908994 4.806273 6.385970 238.708335 29403.689787
295 24.149302 5.921604 10.224404 225.103535 75374.439223
295 25.585002 6.095085 9.410736 138.192117 63855.053946
295 17.288886 5.010379 4.663706 26.760704 15682.325776
295 13.919387 4.495698 10.732302 28.823577 83048.888782
295 25.621408 6.099420 4.249994 19.324189 13023.410122
295 10.279062 3.863348 10.017484 352.646881 72354.475754
295 22.977006 5.776088 9.172977 278.007565 60669.263746
295 10.670408 3.936204 13.163684 220.562868 124940.424537
295 9.373025 3.689155 6.650855 284.881982 31893.565600
295 24.515629 5.966348 11.187049 199.110659 90235.865887
295 26.990851 6.260303 5.488213 258.138637 21717.506609
295 19.124461 5.269648 6.343464 280.220519 29013.560342
295 20.199736 5.415766 6.546473 210.418547 30900.311736
295 30.484005 6.653085 3.949910 256.501522 11249.224378
295 18.741377 5.216603 4.827189 291.161172 16801.059066
295 31.419174 6.754363 21.407403 212.492141 330427.400160
295 9.133189 3.641650 3.107476 198.041362 6962.473310
295 17.621744 5.058380 6.212980 209.867594 27832.227891
295 6.884770 3.161781 6.950812 283.578343 34835.263760
295 19.383306 5.305190 6.275621 87.826850 28396.280027
295 16.777395 4.935706 7.317544 72.373137 38608.129877
296 5.943983 2.937824 10.863332 321.176724 85089.155256
296 10.931740 3.984113 10.021577 172.845914 72413.618724
296 20.694608 5.481705 5.371825 290.964525 20806.151895
296 22.487414 5.714218 3.188504 324.204483 7330.305434
296 20.544858 5.461836 17.948392 252.551393 232273.239525
296 15.456064 4.737361 7.932955 10.754803 45375.147816
296 17.250989 5.004884 9.672861 143.247311 67461.813075
296 17.100548 4.983013 7.860546 269.042221 44550.593746
296 25.166294 6.045005 7.993283 333.885667 46067.901135
296 8.786706 3.571907 8.522803 183.926320 52373.661715
296 33.340078 6.957775 17.816506 78.297872 228872.256316
296 17.569937 5.050939 6.783121 125.200235 33174.711684
296 18.365309 5.163999 4.229542 298.773584 12898.370419
296 28.783676 6.464876 8.501975 237.053277 52117.996551
296 26.655479 6.221288 5.651051 0.191393 23025.365172
296 2.560929 1.928350 8.030759 85.539208 46500.886389
296 15.750210 4.782227 5.466367 124.267082 21544.959711
296 14.187256 4.538750 5.196967 305.544692 19473.680959
296 19.362389 5.302327 4.488906 322.216381 14528.778082
296 19.545561 5.327349 3.589223 314.905957 9288.569536
296 27.819775 6.355707 8.185737 10.704675 48312.961756
296 10.353608 3.877331 7.520644 159.421557 40781.021145
296 11.248356 4.041398 4.667336 164.682269 15706.747873
296 18.150070 5.133649 6.378502 176.068693 29334.961144
297 11.947785 4.165151 9.304801 141.554117 62425.527186
297 9.652160 3.743685 7.147537 344.259938 36835.023238
297 20.231164 5.419978 12.439520 62.942712 111572.019787
297 6.347604 3.035932 5.887142 148.652488 24989.476915
297 21.623900 5.603431 3.441520 154.570285 8539.820935
297 20.748294 5.488811 4.900780 85.096315 17317.232232
297 18.129103 5.130683 8.480725 48.331480 51857.789701
297 15.793233 4.788755 2.767405 150.358300 5521.961631
297 26.654163 6.221134 13.348554 290.706644 128474.367876
297 -0.481509 0.836160 9.699828 301.460570 67838.484729
297 12.631787 4.282718 5.872462 164.360903 24865.002879
297 30.166065 6.618299 3.355487 339.699099 8118.189565
297 19.481223 5.318573 6.096765 191.872611 26800.751191
297 8.374286 3.487072 7.183719 314.361431 37208.891118
297 21.221352 5.551030 10.135011 346.117216 74062.179167
297 19.476278 5.317898 7.859187 300.585418 44535.187710
297 10.398958 3.885814 5.781779 258.296400 24103.000236
297 17.279521 5.009022 2.479859 326.257662 4434.064457
297 30.284744 6.631305 5.596478 111.229848 22582.791499
297 13.853913 4.485112 4.920116 102.972186 17454.155293
297 13.489000 4.425649 8.587003 156.405957 53165.666234
297 26.765924 6.234163 10.410226 149.274217 78139.104374
297 29.101023 6.500416 6.650789 332.823949 31892.933047
297 14.464579 4.582895 6.091809 96.987909 26757.195221
298 23.233662 5.808258 8.136850 48.741590 47737.607504
298 20.430146 5.446566 6.243992 39.941965 28110.771621
298 24.763577 5.996443 5.865875 48.659338 24809.255234
298 15.467651 4.739137 14.703943 54.649932 155889.087582
298 17.523704 5.044289 4.336914 217.109630 13561.563129
298 14.435426 4.578275 2.457996 80.235795 4356.226759
298 9.094243 3.633878 6.561434 327.325471 31041.705036
298 14.395095 4.571875 7.903932 357.179055 45043.739079
298 26.450904 6.197368 2.752630 237.330394 5463.159638
298 10.942836 3.986135 9.578862 176.541058 66157.011213
298 11.583307 4.101128 5.359787 238.366739 20713.008592
298 12.080080 4.188147 3.686405 8.370706 9798.379779
298 17.156382 4.991142 8.755754 339.941553 55275.813715
298 31.550972 6.768515 3.332107 339.422863 8005.456113
298 20.735830 5.487162 33.235149 117.139592 796422.156671
298 22.552554 5.722488 26.039515 286.953515 488893.022333
298 20.543345 5.461634 7.365382 234.896372 39114.572742
298 14.271795 4.552253 4.311273 150.806026 13401.673389
298 6.738417 3.127995 11.234081 201.865115 90996.175527
298 5.509059 2.828302 7.100507 310.561007 36351.869129
298 13.898890 4.492386 4.255606 216.859447 13057.827705
298 27.479258 6.316690 5.815502 91.404706 24384.988579
298 9.316199 3.677955 5.801629 263.940269 24268.781396
298 3.204082 2.156944 15.878469 262.503012 181788.043143
298 20.771125 5.491830 7.877304 230.174660 44740.747505
299 5.412540 2.803416 5.393666 320.661883 20975.686456
299 15.938539 4.810734 14.123895 319.725676 143832.506428
299 11.387982 4.066403 9.724496 54.253453 68183.972849
299 36.098035 7.239838 7.505612 91.616810 40618.169637
299 13.542014 4.434337 3.819608 283.781288 10519.273196
299 13.891375 4.491172 7.860213 148.158953 44546.814351
299 8.149365 3.439925 4.883535 234.777017 17195.574392
299 19.921139 5.378289 13.722024 345.498374 135763.935345
299 14.925793 4.655387 7.437406 236.359297 39883.292091
299 26.194042 6.167204 4.032408 266.711266 11724.030326
299 10.175284 3.843796 16.009954 100.824304 184811.171250
299 13.392497 4.409789 4.745604 83.286693 16237.946609
299 19.524200 5.324437 6.165107 36.959591 27404.970162
299 14.230066 4.545593 2.184902 257.351400 3442.010143
299 15.016624 4.669530 9.466651 203.323466 64616.104516
299 16.726482 4.928212 4.829757 44.954747 16818.937571
299 25.239490 6.053790 2.768260 108.499983 5525.374843
299 24.457846 5.959312 2.551372 162.441091 4693.487544
299 13.909528 4.494105 5.017838 130.792376 18154.377458
299 18.694052 5.210012 3.748324 121.040017 10130.299928
299 29.619631 6.558082 2.781777 260.574084 5579.465487
299 18.323033 5.158052 6.560959 234.037535 31037.209650
299 27.255784 6.290952 10.560471 111.474413 80410.842058
299 11.185558 4.030100 7.602744 119.138532 41676.265312
299 13.145960 4.369012 7.507768 100.952309 40641.508291
300 20.525922 5.459318 4.374491 39.937177 13797.585313
300 23.972491 5.899886 2.624509 240.643491 4966.426904
300 5.053805 2.708921 6.631754 358.849207 31710.631710
300 17.071416 4.978767 26.359643 19.652359 500987.758486
300 9.422926 3.698963 4.033612 314.978508 11731.037228
300 5.489864 2.823370 10.912202 122.984701 85856.440638
300 14.261197 4.550562 4.581204 288.618597 15132.384437
300 7.788798 3.362964 6.555353 183.252887 30984.193549
300 16.056253 4.828466 13.934258 262.384322 139996.048926
300 1.723560 1.581977 9.801569 341.314919 69269.052944
300 9.092811 3.633592 5.722758 155.170038 23613.419817
300 12.113602 4.193954 3.063059 70.016634 6764.861691
300 12.751717 4.303000 6.677815 73.165848 32152.658660
300 12.632827 4.282894 13.561639 105.574310 132608.825595
300 25.778889 6.118136 7.694502 54.602414 42688.326669
300 7.106807 3.212361 6.715783 46.175663 32519.318686
300 14.860780 4.645237 13.206717 135.467008 125758.627875
300 19.481741 5.318644 5.230003 169.014257 19722.046682
300 7.905925 3.388156 8.443750 349.855216 51406.592198
300 15.129208 4.687002 3.931859 223.257415 11146.639736
300 7.966140 3.401034 8.660898 107.669868 54084.641952
300 14.057789 4.517993 4.746641 344.651543 16245.042327
300 18.220291 5.143570 5.183940 255.634163 19376.176158
300 16.217326 4.852624 8.868346 194.320445 56706.569744
300 17.872985 5.094313 2.618200 310.236756 4942.580148
301 22.264367 5.685808 2.940412 160.641803 6233.964657
301 21.533864 5.591754 5.655056 117.740189 23058.014666
301 9.432871 3.700914 4.510644 329.687692 14669.832896
301 17.148195 4.989951 11.138956 288.071633 89461.674130
301 1.436342 1.444162 9.064004 172.156282 59236.344572
301 21.139874 5.540363 6.069971 196.642982 26565.706570
301 11.777255 4.135320 5.090550 72.424916 18684.325764
301 15.357852 4.722286 3.608670 195.189174 9389.498886
301 -2.575878 1.933970 11.210330 178.570485 90611.821344
301 16.824133 4.942576 7.186780 52.869164 37240.611449
301 19.003059 5.252896 5.193200 36.322653 19445.458563
301 15.039086 4.673021 4.834089 171.137568 16849.124890
301 18.529298 5.187003 5.869855 230.044797 24842.932763
301 9.285309 3.671852 11.419841 215.414028 94030.376905
301 12.815198 4.313698 10.569943 262.067604 80555.167466
301 21.481989 5.585014 5.225953 185.302117 19691.510854
301 12.322671 4.229991 3.742501 11.935679 10098.851626
301 23.445844 5.834719 3.770860 201.445387 10252.477708
301 17.527092 5.044777 4.597966 36.093840 15243.318201
301 19.192995 5.279082 17.672212 339.605274 225180.032024
301 7.123660 3.216167 9.067171 232.021514 59277.746537
301 6.215909 3.004273 5.851490 261.696412 24687.724767
301 22.075150 5.661596 1.931492 313.749707 2689.886431
301 15.831655 4.794576 3.789216 283.257281 10352.536094
301 9.309492 3.676631 9.687161 308.092020 67661.425004
301 20.920173 5.511498 5.091611 319.212296 18692.115641
302 23.497387 5.841130 6.171221 73.942432 27459.353291
302 20.147334 5.408737 7.222358 150.960155 37610.244450
302 11.372812 4.063694 13.538585 108.324806 132158.354240
302 17.676035 5.066167 6.830833 206.739214 33643.056850
302 14.588655 4.602509 5.042138 124.240645 18330.637196
302 19.474325 5.317632 4.436462 129.822860 14191.280348
302 17.336556 5.017281 7.038436 277.517136 35719.091165
302 16.683486 4.921873 2.956742 305.722432 6303.402942
302 12.315799 4.228812 5.494606 9.166016 21768.135793
302 15.592378 4.758206 1.740017 193.547038 2183.005835
302 19.703178 5.348786 17.629656 190.137160 224096.850331
302 15.271910 4.709055 9.094425 294.532210 59634.637020
302 14.940640 4.657701 2.958470 303.545261 6310.768925
302 17.894646 5.097399 2.728009 257.936871 5365.864930
302 17.598361 5.055023 4.634449 349.526485 15486.176170
302 25.476880 6.082193 5.992763 39.802204 25894.189340
302 5.749283 2.889308 5.558450 233.904410 22276.937584
302 19.326393 5.297396 5.389576 153.234098 20943.890224
302 18.914438 5.240633 4.660931 80.903348 15663.663635
302 22.843970 5.759342 7.465719 4.019322 40187.530180
302 22.843152 5.759238 3.526270 74.741715 8965.594694
302 23.208652 5.805131 12.299162 14.137139 109068.448122
302 21.429330 5.578165 4.617601 317.646747 15373.788419
302 20.378504 5.439678 20.862110 314.095901 313808.378620
302 17.012930 4.970231 3.788029 204.838430 10346.054176
302 18.970953 5.248457 3.864339 45.326736 10767.094689
302 -23.685546 -5.864470 7.102487 158.749735 36372.146761
303 19.812901 5.363658 13.070318 236.079859 123174.374323
303 11.192521 4.031355 15.046543 270.195313 163238.098897
303 14.265773 4.551292 12.204480 250.589571 107395.641113
303 13.962453 4.502647 8.388086 196.209333 50731.044484
303 8.503187 3.513807 18.888357 184.366855 257238.788404
303 12.946761 4.335784 7.438022 229.230482 39889.907533
303 27.173315 6.281428 4.083176 17.357488 12021.104505
303 25.552536 6.091217 7.864566 108.532229 44596.169382
303 10.709578 3.943422 8.168544 63.352187 48110.222983
303 3.871907 2.371098 13.250056 320.896028 126585.374058
303 19.275854 5.290465 6.376064 200.660337 29312.532662
303 16.252506 4.857885 3.266478 276.749999 7693.211270
303 15.751808 4.782470 5.608281 19.699794 22678.147983
303 12.372673 4.238565 11.058348 53.072551 88171.566965
303 15.495335 4.743376 5.744431 313.653515 23792.615093
303 10.360427 3.878608 4.682132 63.145770 15806.490352
303 19.418765 5.310041 17.081087 261.484524 210367.710072
303 14.955861 4.660073 7.130495 19.029621 36659.572077
303 16.493965 4.893838 5.062229 254.237174 18477.009528
303 23.635925 5.858323 5.695787 224.604325 23391.360394
303 18.884915 5.236542 8.362846 120.475443 50426.208314
303 11.546401 4.094589 5.087427 316.807680 18661.410590
303 23.213387 5.805723 2.749848 354.754871 5452.119188
303 10.556195 3.915081 4.993705 318.911859 17980.173198
303 17.249261 5.004634 3.938309 208.264575 11183.242431
303 24.218068 5.930029 13.872175 121.258541 138751.335831
303 -21.052153 -5.528856 8.429858 305.628855 51237.583129
304 14.895967 4.650733 5.740270 78.860952 23758.156800
304 14.716182 4.622582 11.702472 348.574184 98742.317111
304 31.207284 6.731549 8.860833 341.234961 56610.521377
304 22.300657 5.690440 11.006627 225.872890 87348.725844
304 11.832210 4.144957 5.799732 233.003458 24252.910168
304 18.579397 5.194011 6.679987 74.395143 32173.578082
304 12.954739 4.337119 4.585634 144.204126 15161.664570
304 23.252308 5.810588 10.869786 18.274472 85190.276284
304 29.307671 6.523455 3.515393 24.203686 8910.373337
304 9.834152 3.778814 10.031877 96.537576 72562.536071
304 26.334737 6.183744 7.054202 231.368156 35879.291114
304 18.256435 5.148670 8.183489 137.886530 48286.432654
304 24.761627 5.996207 7.165213 157.775893 37017.427649
304 -2.269421 1.815284 10.707317 164.375326 82662.664830
304 8.378640 3.487979 11.529844 175.508414 95850.627765
304 21.306185 5.562114 9.699372 230.333990 67832.109753
304 7.608128 3.323732 4.419582 256.111982 14083.495911
304 12.540222 4.267167 4.746916 28.466696 16246.927372
304 16.799313 4.938929 8.141287 357.108338 47789.688843
304 11.653476 4.113531 6.324699 134.253170 28842.159078
304 15.208300 4.699237 5.540010 2.811439 22129.376314
304 11.691445 4.120227 7.447536 335.289674 39992.020305
304 20.462911 5.450932 14.639315 208.897833 154521.747460
304 8.882846 3.591395 13.009827 155.257474 122036.888985
304 20.812079 5.497241 1.963243 280.229688 2779.048306
304 11.993794 4.173163 5.498340 315.781486 21797.726679
304 -29.109241 -6.501334 1.450446 283.042375 1516.879668
305 7.420141 3.282412 6.861663 111.065750 33947.421704
305 12.160005 4.201979 7.140921 274.919139 36766.856348
305 15.550696 4.751842 5.480318 251.765154 21655.069701
305 8.847086 3.584158 10.457538 23.119357 78850.952087
305 9.834495 3.778880 8.623395 98.588737 53617.261872
305 21.787478 5.624586 11.770275 262.341468 99889.825916
305 16.705636 4.925140 11.918196 152.041362 102416.304721
305 19.258656 5.288105 14.460471 292.781011 150769.310830
305 11.073537 4.009869 7.139458 88.392110 36751.794037
305 24.965559 6.020848 10.458700 207.842246 78868.485272
305 1.091882 1.259143 5.671410 81.654506 23191.572877
305 12.445375 4.250999 9.002941 106.150842 58440.893647
305 5.342359 2.785182 8.283070 219.534421 49468.724467
305 14.896672 4.650843 6.113055 359.024476 26944.159342
305 15.517001 4.746691 7.949518 323.572889 45564.820875
305 15.645219 4.766262 7.209205 168.298838 37473.375237
305 12.615629 4.279978 8.668106 20.859918 54174.704134
305 17.897390 5.097789 25.897086 176.621741 483559.454059
305 24.086745 5.913929 5.608868 297.573660 22682.896707
305 12.447716 4.251399 3.194971 181.026884 7360.071112
305 8.072949 3.423759 21.783604 35.598005 342142.893282
305 20.550158 5.462540 9.534952 38.347465 65551.876871
305 19.776954 5.358790 3.686259 57.056773 9797.599058
305 11.110047 4.016474 8.472204 234.583650 51753.639969
305 10.858171 3.970685 18.472730 135.586611 246042.569583
305 7.112405 3.213626 11.925346 270.177371 102539.238130
305 -16.051820 -4.827799 12.446604 325.706558 111699.133108
306 7.658799 3.334781 8.226263 110.340163 48792.519639
306 3.240767 2.169257 1.739188 291.792831 2180.927245
306 15.380063 4.725700 11.847807 241.473791 101210.144276
306 17.400373 5.026507 7.428682 133.281423 39789.790458
306 21.337979 5.566263 2.555322 5.603652 4708.030809
306 19.680395 5.345692 5.140368 142.142669 19051.819419
306 10.967067 3.990546 8.141847 300.333175 47796.269396
306 10.413831 3.888591 2.093027 104.364004 3158.623887
306 8.368551 3.485878 6.184538 120.115850 27577.987072
306 11.127444 4.019618 16.456285 144.238102 195259.266933
306 11.382284 4.065386 3.891510 163.544634 10919.039692
306 21.032584 5.526286 7.450829 109.238775 40027.388342
306 19.949483 5.382114 10.295910 173.114057 76432.407597
306 24.095590 5.915015 5.536728 250.468085 22103.166913
306 16.137886 4.840724 7.381895 265.971350 39290.165171
306 8.730748 3.560515 5.894109 110.301926 25048.656608
306 10.313882 3.869886 10.878732 307.871501 85330.559028
306 0.063617 0.303929 2.665171 237.919294 5121.512404
306 3.195292 2.153983 7.920070 358.788904 45227.870604
306 15.198743 4.697761 8.437717 140.839640 51333.155021
306 12.756150 4.303748 13.781294 263.068015 136939.284376
306 6.012187 2.954631 4.070070 184.562030 11944.054104
306 21.446456 5.580393 9.421222 321.575212 63997.435562
306 20.274075 5.425722 5.120339 155.363943 18903.643361
306 11.919036 4.160137 13.516262 278.055232 131722.895963
306 9.100506 3.635129 4.106927 346.334522 12161.359108
306 5.303677 2.775081 5.988743 211.575402 25859.457374
306 -26.245890 -6.173304 5.795460 102.054056 24217.195593
306 -26.850986 -6.244061 2.993020 195.808232 6459.028696
307 16.985815 4.966269 5.642562 340.818327 22956.243160
307 26.008694 6.145346 6.492730 292.914871 30395.043901
307 12.693202 4.293116 19.301180 186.360095 268606.051936
307 22.659847 5.736084 3.759959 277.283059 10193.288778
307 8.531810 3.519716 5.812037 164.272309 24355.935407
307 15.186852 4.695923 4.672893 36.864672 15744.167607
307 13.672543 4.455656 6.899052 129.327108 34318.385569
307 22.517574 5.718049 4.512564 259.390191 14682.323629
307 6.666943 3.111361 6.228649 108.638727 27972.786913
307 16.471595 4.890518 8.944320 348.485985 57682.321943
307 17.576374 5.051864 9.554315 204.944412 65818.382564
307 17.234477 5.002489 5.620386 209.044338 22776.149737
307 24.734278 5.992895 5.814846 293.226821 24379.485327
307 11.803521 4.139928 14.939741 35.389382 160928.972684
307 22.243669 5.683165 7.866071 162.748238 44613.245447
307 19.707136 5.349323 5.707510 75.979265 23487.749779
307 13.144983 4.368849 10.555261 196.906776 80331.533166
307 14.340664 4.563223 4.335476 125.544686 13552.572176
307 10.743937 3.949742 6.939904 79.920515 34726.019394
307 19.354546 5.301253 9.383857 182.825362 63490.808367
307 13.491805 4.426109 8.881358 247.521020 56873.088883
307 9.611939 3.735877 8.224300 352.413123 48769.240824
307 10.718959 3.945148 6.715138 297.852932 32513.070942
307 19.627367 5.338486 13.416413 17.018196 129783.923354
307 22.209216 5.678762 10.616536 252.398845 81266.912091
307 13.477589 4.423776 4.354025 347.022059 13668.783866
307 19.408330 5.308614 8.354134 81.885766 50321.196628
307 -27.569980 -6.327108 6.602657 197.853090 31432.979337
307 -42.688098 -7.873004 5.526358 233.404249 22020.444175
308 24.856398 6.007671 3.103594 52.729006 6945.089879
308 16.862273 4.948176 6.511204 336.335712 30568.259950
308 20.303849 5.429705 13.956029 326.942720 140433.849015
308 5.014824 2.698453 9.178824 338.715262 60746.632158
308 7.809091 3.367343 7.635529 282.915575 42036.479334
308 19.482390 5.318733 6.223469 296.787390 27926.287155
308 20.439580 5.447823 3.307957 12.723313 7889.831463
308 10.373753 3.881102 5.386901 338.792176 20923.101333
308 18.431648 5.173317 3.483866 235.079848 8751.268278
308 6.452108 3.060820 5.489550 39.931889 21728.087529
308 2.382036 1.859778 9.005180 258.605196 58469.975185
308 21.411560 5.575852 3.790569 321.130107 10359.933743
308 10.464074 3.897961 6.635452 328.035793 31746.005696
308 17.628882 5.059405 14.045197 280.863347 142234.106771
308 15.565905 4.754165 8.572011 271.999748 52980.184086
308 8.782921 3.571137 10.405228 73.503577 78064.091238
308 10.083385 3.826399 11.902035 149.013945 102138.747408
308 16.178077 4.846749 5.566938 74.039752 22345.026706
308 17.963437 5.107187 6.395863 218.760965 29494.866579
308 5.947830 2.938775 4.360276 226.615869 13708.062212
308 10.349374 3.876538 6.771154 213.678753 33057.763535
308 11.676271 4.117552 15.462667 194.060666 172391.905455
308 11.007639 3.997920 7.729100 354.914088 43073.075010
308 -0.490951 0.844318 3.197750 62.561479 7372.880360
308 16.972480 4.964319 7.012337 289.344708 35454.682236
308 17.387444 5.024640 8.777161 146.405870 55546.441141
308 8.904058 3.595680 4.335141 220.846291 13550.472377
308 -28.712485 -6.456876 7.642634 222.502810 42114.742122
308 -16.926871 -4.957645 7.104333 173.780527 36391.055209
309 10.981919 3.993247 6.870973 271.179334 34039.611723
309 13.771499 4.471751 20.615504 263.759301 306433.308765
309 22.753491 5.747925 7.086280 156.505208 36206.343281
309 11.617202 4.107124 3.974068 296.039078 11387.247169
309 18.398091 5.168606 3.191290 249.707827 7343.119368
309 17.591709 5.054068 8.495606 67.648244 52039.945103
309 36.959545 7.325721 4.957762 228.016841 17722.271220
309 15.571530 4.755024 17.295213 288.403774 215675.056135
309 26.567965 6.211067 2.920283 86.657399 6148.906080
309 11.128818 4.019866 4.673378 268.574537 15747.435889
309 12.125277 4.195975 4.360490 295.826102 13709.409090
309 9.227119 3.660329 9.759889 159.212091 68681.186808
309 18.483541 5.180595 5.055209 121.803616 18425.796133
309 10.863594 3.971676 4.242109 35.660975 12975.129666
309 15.983010 4.817440 7.907689 290.343751 45086.574163
309 24.031146 5.907099 11.455605 260.014204 94620.254412
309 10.873800 3.973541 7.297230 281.766636 38394.069147
309 23.621251 5.856505 6.796323 17.380139 33303.979869
309 20.010691 5.390364 13.197705 335.261837 125587.060177
309 22.271298 5.686693 12.596025 286.531354 114397.119679
309 19.281108 5.291186 7.246091 253.613695 37857.825841
309 14.011676 4.510577 6.594100 29.955111 31351.559666
309 26.501921 6.203342 12.052494 126.618859 104737.428233
309 12.536189 4.266481 7.957835 244.618390 45660.212275
309 -1.091021 1.258646 6.452612 216.278151 30020.590235
309 17.345556 5.018584 7.768024 127.439966 43508.006859
309 17.145293 4.989528 9.627718 204.956631 66833.592812
309 -34.543593 -7.082243 8.777156 324.724751 55546.367257
309 -22.480067 -5.713285 2.856676 334.741624 5883.965189
310 18.888855 5.237088 9.336555 346.941339 62852.333310
310 23.392524 5.828081 5.809600 109.643839 24335.511722
310 19.291874 5.292663 18.221708 308.284053 239401.155854
310 17.450010 5.033672 7.118403 96.885381 36535.340890
310 9.501976 3.714446 18.715548 202.974694 252553.359742
310 6.025610 2.957928 5.885372 45.883209 24974.447267
310 14.627658 4.608658 4.204298 265.029956 12744.859190
310 11.636131 4.110469 6.338479 151.180060 28967.980625
310 6.793396 3.140729 8.119621 344.974081 47535.670336
310 11.573058 4.099313 5.168161 201.624395 19258.397310
310 7.312876 3.258601 11.058025 212.292736 88166.421165
310 16.242130 4.856334 7.811455 309.621918 43995.877505
310 20.814209 5.497522 14.041411 265.751102 142157.438378
310 10.225487 3.853266 6.868500 277.774505 34015.114397
310 7.629849 3.328473 6.343383 241.330257 29012.815849
310 16.412249 4.881700 8.907072 258.150980 57202.893171
310 22.821203 5.756471 10.519782 356.791916 79792.401506
310 11.670454 4.116527 3.233644 159.541714 7539.327274
310 2.369597 1.854916 7.486093 252.619354 40407.178016
310 8.885399 3.591911 9.743860 318.864227 68455.789136
310 5.184027 2.743599 10.042834 213.454387 72721.134037
310 8.958247 3.606605 1.343505 186.248411 1301.447450
310 18.154669 5.134300 7.431289 275.766218 39817.716077
310 8.943971 3.603730 18.281035 94.652286 240962.607686
310 5.693280 2.875202 4.815106 324.161557 16717.053285
310 4.732697 2.621449 8.069889 150.429624 46955.147687
310 16.984679 4.966103 3.402800 71.060069 8348.737294
310 -17.286773 -5.010072 7.115442 47.660925 36504.955213
310 -29.378036 -6.531282 33.193742 307.404867 794438.910366
310 -12.337875 -4.232600 2.396500 295.090107 4140.976586
311 8.117187 3.433127 7.346270 184.855986 38911.844676
311 18.679116 5.207931 7.960736 5.955573 45693.507264
311 13.285731 4.392176 2.999824 250.533231 6488.429028
311 13.663892 4.454247 5.635335 159.876450 22897.474438
311 4.252682 2.484955 8.046359 291.697005 46681.720042
311 18.544703 5.189159 2.902018 49.685890 6072.232946
311 11.221994 4.036659 4.964021 164.759069 17767.045483
311 15.647842 4.766661 9.803523 357.024424 69296.682446
311 14.353904 4.565329 6.551360 77.126641 30946.458202
311 7.318102 3.259765 2.274155 196.781069 3728.963078
311 12.624196 4.281431 10.106235 163.823216 73642.218011
311 12.680567 4.290979 3.971633 20.436572 11373.294586
311 20.041957 5.394573 12.604464 293.112723 114550.459641
311 4.439637 2.538989 4.906988 145.071458 17361.130590
311 15.186466 4.695863 8.839586 205.088801 56339.361603
311 2.403907 1.868297 6.497793 47.192758 30442.467809
311 23.892172 5.889994 4.077141 56.738786 11985.595235
311 20.878901 5.506059 6.055436 224.440758 26438.624516
311 10.832102 3.965915 5.110592 344.926015 18831.739466
311 15.183713 4.695437 2.499583 50.948145 4504.878975
311 13.921517 4.496042 4.015179 211.353574 11624.062918
311 22.839165 5.758736 3.654383 299.491775 9628.891103
311 12.570452 4.272307 2.845442 186.695779 5837.779465
311 12.058822 4.184461 16.761327 356.085794 202565.225519
311 25.203999 6.049532 4.900120 45.879642 17312.571262
311 8.709476 3.556174 6.988763 159.661598 35216.705844
311 7.472811 3.294041 13.503026 302.306383 131465.031687
311 -21.763320 -5.621466 1.891316 68.668386 2579.148131
311 -17.679528 -5.066667 1.197569 69.294846 1034.068993
311 -21.835866 -5.630828 7.210839 161.426995 37490.364496
312 26.441286 6.196241 9.398759 159.450910 63692.619114
312 16.770094 4.934632 8.433212 251.354757 51278.357242
312 22.133511 5.669075 9.261636 23.626844 61847.690205
312 8.522222 3.517738 4.495698 65.569580 14572.776367
312 13.740781 4.466761 2.861410 230.456600 5903.483668
312 18.485429 5.180859 8.416910 204.584303 51080.302640
312 29.180870 6.509328 5.229778 322.461364 19720.344697
312 15.752238 4.782535 4.457963 185.743604 14329.170154
312 18.134718 5.131478 4.064038 274.672799 11908.677488
312 -0.568084 0.908225 8.994310 37.634527 58328.903061
312 21.551552 5.594050 8.771352 55.070277 55472.933002
312 9.463935 3.707003 9.647317 147.819310 67105.972342
312 32.610548 6.881230 5.282441 34.836901 20119.507171
312 15.250380 4.705734 8.334153 152.317746 50080.769481
312 12.223003 4.212850 6.364072 342.356451 29202.378853
312 14.824992 4.639640 22.090019 283.660045 351835.983075
312 4.442670 2.539856 10.749498 271.795050 83315.232118
312 7.400667 3.278102 7.066809 74.893368 36007.647366
312 12.266017 4.220256 11.284021 115.239943 91807.011424
312 11.807729 4.140666 14.384354 111.437780 149186.254066
312 14.196913 4.540294 5.880009 291.573952 24928.957939
312 18.295373 5.154157 1.932015 293.497869 2691.341725
312 -0.471177 0.827140 3.163605 321.349480 7216.265179
312 1.628834 1.537891 7.488562 319.789819 40433.839755
312 6.250748 3.012680 5.230157 285.211092 19723.203344
312 9.632809 3.739930 6.396620 134.836384 29501.844886
312 -3.491923 2.251746 3.974541 207.345983 11389.954359
312 -22.966831 -5.774808 9.454269 35.093631 64447.194603
312 -32.184395 -6.836121 11.144193 65.969743 89545.813724
312 -15.296718 -4.712878 10.229803 82.208683 75454.064835
312 -19.150006 -5.273167 11.663936 138.547861 98093.074872
313 1.476400 1.464162 7.700924 82.411964 42759.616555
313 20.646668 5.475352 23.577301 355.705596 400807.864510
313 26.932060 6.253481 10.997904 196.247691 87210.329154
313 23.229972 5.807797 6.047403 215.925690 26368.526887
313 14.028602 4.513301 2.280502 32.271635 3749.807202
313 16.698905 4.924147 10.525784 92.143030 79883.474088
313 13.583068 4.441053 4.909945 168.941189 17382.066852
313 15.956772 4.813484 4.673547 310.278241 15748.578992
313 19.587077 5.333003 15.228275 96.530866 167205.083430
313 22.763966 5.749248 4.411105 139.978823 14029.521584
313 27.422796 6.310197 4.634339 332.004034 15485.441792
313 25.521364 6.087500 4.539538 258.006017 14858.375477
313 14.713028 4.622087 3.249072 72.940687 7611.438832
313 14.239416 4.547086 5.482031 138.402135 21668.607461
313 8.335840 3.479059 11.688140 94.063836 98500.595403
313 20.348092 5.435618 4.653616 112.815927 15614.535911
313 6.377636 3.043105 11.557568 281.514508 96312.127085
313 24.503357 5.964854 8.148477 238.624026 47874.136068
313 10.906363 3.979486 3.496305 128.537080 8813.870321
313 9.272989 3.669416 2.654610 74.829028 5081.002998
313 22.868074 5.762379 6.645035 163.138868 31837.763707
313 15.368727 4.723958 3.225230 284.729659 7500.142661
313 14.349963 4.564702 6.757771 132.584363 32927.220955
313 9.276544 3.670119 8.320225 197.760633 49913.517273
313 2.798353 2.015758 7.035484 184.208089 35689.139637
313 14.395681 4.571968 11.597282 271.361458 96975.164784
313 16.650363 4.916985 7.150104 213.900266 36861.477583
313 -21.661244 -5.608268 2.551617 47.674719 4694.388790
313 -28.493880 -6.432249 4.602842 57.642239 15275.667902
313 -20.342211 -5.434832 3.223737 182.862259 7493.201242
313 -32.392020 -6.858135 4.616297 103.829697 15365.108879
314 12.643070 4.284630 5.875032 325.204994 24886.773914
314 23.387510 5.827456 5.682605 74.207693 23283.217762
314 12.130139 4.196816 14.656925 14.413306 154893.708406
314 5.582138 2.846999 10.524034 12.022962 79856.914792
314 26.799119 6.238028 4.953475 54.410553 17691.637062
314 17.754836 5.077447 8.804887 294.491851 55897.915051
314 33.552576 6.979913 6.414107 59.542683 29663.371014
314 4.412922 2.531338 4.976051 198.335868 17853.266162
314 3.062222 2.108654 6.888633 79.488916 34214.811042
314 11.746725 4.129956 3.733523 109.817331 10050.456566
314 13.652012 4.452310 18.074063 8.864938 235537.290334
314 9.551563 3.724125 8.835325 114.496901 56285.056518
314 15.305847 4.714284 9.389740 48.586159 63570.432702
314 3.316196 2.194356 11.258729 143.808540 91395.922897
314 17.860752 5.092569 0.960999 5.097385 665.876447
314 14.159066 4.534238 11.636507 127.330401 97632.267149
314 14.638229 4.610323 12.989564 130.795804 121657.027473
314 10.357700 3.878097 3.950321 146.261095 11251.565517
314 11.325047 4.055151 7.253444 115.296406 37934.698155
314 19.848865 5.368524 11.660430 190.682852 98034.109242
314 14.009234 4.510184 13.246919 270.258311 126525.437525
314 -3.995005 2.408495 9.127224 273.962566 60065.559983
314 15.652826 4.767420 2.945597 356.612984 6255.969046
314 5.290267 2.771570 12.665228 154.307025 115657.572442
314 9.867160 3.785150 6.665633 223.165434 32035.451767
314 16.176299 4.846482 12.589312 338.922934 114275.219206
314 15.967393 4.815086 10.141612 4.492851 74158.685530
314 -16.765727 -4.933990 7.333667 36.022592 38778.446629
314 -12.875502 -4.323835 3.577031 334.556012 9225.575152
314 -24.602785 -5.976944 7.156235 334.130061 36924.727087
314 -23.827666 -5.882038 16.407624 197.176220 194106.217170
315 19.019821 5.255212 20.403327 41.487330 300158.087272
315 15.480071 4.741039 6.781785 270.088334 33161.650296
315 12.792868 4.309938 6.838663 127.945882 33720.230133
315 16.819760 4.941934 3.402181 260.221746 8345.700409
315 2.119763 1.754409 7.540464 119.642053 40996.257054
315 19.257079 5.287888 14.566373 308.334098 152985.738927
315 13.708481 4.461508 5.597547 213.603068 22591.425321
315 12.100140 4.191623 7.082493 349.574762 36167.662261
315 18.553901 5.190446 11.042057 199.501941 87911.976685
315 11.003176 3.997110 5.514837 33.428066 21928.725138
315 6.657283 3.109106 4.779906 328.650340 16473.532732
315 -1.614968 1.531331 11.799977 101.671312 100394.612086
315 18.798840 5.224594 4.310559 157.849272 13397.240518
315 10.716401 3.944678 2.988983 135.179352 6441.616654
315 9.228929 3.660688 3.294693 31.366317 7826.687991
315 7.850770 3.376317 16.109210 84.533660 187109.801977
315 17.724639 5.073127 7.366103 194.621438 39122.234001
315 19.350320 5.300674 5.054202 355.751810 18418.457062
315 17.767279 5.079226 4.606476 13.766529 15299.795428
315 17.940765 5.103963 4.467845 326.190769 14392.764582
315 10.026736 3.815635 2.398254 73.182569 4147.040269
315 19.516061 5.323327 10.967824 141.303381 86733.935871
315 10.652917 3.932976 7.485304 42.993048 40398.657329
315 10.020179 3.814387 9.192900 301.610489 60933.078168
315 17.509963 5.042311 5.597529 64.706674 22591.278448
315 10.722000 3.945708 13.367243 206.080678 128834.368247
315 -26.554089 -6.209445 9.695594 355.048406 67779.276813
315 -13.275620 -4.390505 8.238634 268.690376 48939.388772
315 -16.039193 -4.825900 14.812710 152.419398 158203.875114
315 -14.488981 -4.586759 4.986449 160.593408 17927.956962
315 -20.366101 -5.438022 7.446270 54.439544 39978.416844
316 9.897922 3.791046 14.078668 48.138509 142912.828922
316 18.332987 5.159453 11.378501 22.481114 93350.836579
316 11.548477 4.094958 8.421432 44.723404 51135.201057
316 20.974762 5.518685 7.139969 113.810613 36757.055949
316 11.005023 3.997445 13.152833 264.691306 124734.520533
316 8.236171 3.458197 4.882821 0.557954 17190.545864
316 4.543335 2.568470 3.343231 351.777377 8058.994963
316 2.589461 1.939062 13.251038 79.274230 126604.137546
316 10.045156 3.819138 9.519275 174.471305 65336.499238
316 4.988551 2.691375 1.685083 350.606664 2047.342400
316 16.131339 4.839743 8.714697 193.911682 54758.645115
316 10.853642 3.969856 19.672253 66.072254 279033.440335
316 9.551470 3.724107 4.642927 120.230832 15542.890153
316 10.298056 3.866915 9.672539 200.449980 67457.314215
316 13.854504 4.485207 19.296210 120.601397 268467.737083
316 12.789792 4.309420 2.994872 135.413284 6467.027117
316 18.187674 5.138965 4.047245 150.239223 11810.466047
316 8.685936 3.551365 7.611499 120.021538 41772.304203
316 8.766088 3.567713 9.018775 229.192124 58646.646942
316 23.671039 5.862673 11.031888 139.948273 87750.131087
316 22.552735 5.722511 7.101232 68.332371 36359.296079
316 13.295330 4.393763 4.164288 329.679098 12503.439477
316 14.234467 4.546295 4.930688 229.869575 17529.237887
316 13.126412 4.365762 7.486655 219.585083 40413.239115
316 14.820206 4.638891 9.471847 184.684042 64687.066975
316 19.303415 5.294246 3.501839 129.219486 8841.793143
316 -24.179184 -5.925266 3.121979 289.245361 7027.617001
316 -30.515982 -6.656573 2.765779 234.266996 5515.476411
316 -27.256815 -6.291071 7.379022 54.396263 39259.584083
316 -24.021906 -5.905964 3.905378 127.257943 10997.001332
316 -16.477666 -4.891419 4.359832 145.527485 13705.268856
317 8.714087 3.557116 7.970478 258.414916 45805.408662
317 24.865341 6.008752 8.918057 192.062519 57344.081412
317 6.337360 3.033481 8.342058 170.808406 50175.826556
317 16.611059 4.911178 6.149904 48.690372 27269.979241
317 2.272681 1.816587 4.565535 165.505506 15029.046305
317 10.249972 3.857877 3.349609 318.393736 8089.771535
317 7.238846 3.242065 7.583649 150.113859 41467.177540
317 20.748678 5.488861 7.065465 28.152082 35993.954138
317 18.058610 5.120699 10.155114 289.625766 74356.281240
317 15.466974 4.739033 6.142960 327.744124 27208.425336
317 6.235756 3.009065 2.488463 178.369632 4464.887234
317 23.152810 5.798143 4.240442 148.189551 12964.935193
317 11.405795 4.069582 8.131192 123.105320 47671.240613
317 18.488761 5.181326 4.894245 154.481026 17271.082339
317 15.067381 4.677415 18.474548 201.439068 246090.993791
317 10.714254 3.944283 3.938968 42.924953 11186.983572
317 8.711507 3.556589 9.482763 320.406346 64836.248004
317 20.722724 5.485427 4.182135 157.673075 12610.841981
317 19.705768 5.349137 9.981644 229.166604 71837.671596
317 2.529867 1.916619 10.711335 322.196648 82724.711765
317 27.106196 6.273665 5.413513 245.772876 21130.339935
317 12.423822 4.247317 5.583482 197.569928 22478.029726
317 3.828367 2.357729 10.525134 27.487445 79873.607671
317 18.405054 5.169584 6.372829 101.653892 29282.802677
317 8.195937 3.449740 13.847979 163.143466 138267.731522
317 10.877758 3.974264 12.884381 250.728166 119694.777271
317 -25.398608 -6.072842 6.302857 38.297086 28643.295822
317 -27.164373 -6.280394 1.952691 98.016877 2749.256659
317 -27.790973 -6.352416 2.805251 88.590703 5674.030252
317 -17.554573 -5.048730 20.820445 1.899261 312556.188323
317 -29.701671 -6.567158 4.944448 329.931229 17627.213859
318 21.620580 5.603001 2.308046 236.406588 3840.933907
318 14.081776 4.521846 6.343324 226.404849 29012.276732
318 16.043856 4.826601 9.685005 105.002523 67631.312596
318 11.862326 4.150228 5.365038 94.296358 20753.610437
318 18.354915 5.162538 5.203715 171.659791 19524.282581
318 21.066606 5.530754 5.006097 75.036753 18069.515777
318 3.776876 2.341819 2.931136 343.512659 6194.695161
318 19.252658 5.287281 17.011181 346.034258 208649.332687
318 15.713205 4.776606 5.459272 207.890174 21489.063813
318 15.816379 4.792262 6.710930 89.594014 32472.328719
318 16.452328 4.887657 4.960872 203.113821 17744.511639
318 10.524974 3.909287 3.243734 206.090161 7586.449239
318 25.672935 6.105550 12.670815 153.590933 115759.643593
318 11.942200 4.164177 9.055001 342.093871 59118.728970
318 9.277386 3.670286 8.392257 137.133721 50781.508742
318 5.071331 2.713614 7.785168 58.543652 43700.265298
318 20.727941 5.486118 11.426145 195.695600 94134.218134
318 11.574830 4.099627 5.828463 15.296875 24493.796675
318 8.462568 3.505405 8.261223 26.441408 49208.120736
318 1.823972 1.627407 11.456572 280.412780 94636.238199
318 11.757910 4.131922 4.508586 268.198959 14656.448559
318 2.775738 2.007596 6.853723 67.291279 33868.903138
318 7.779040 3.360857 5.513391 266.664147 21917.227391
318 9.509346 3.715886 4.972044 81.954627 17824.528191
318 21.274354 5.557958 7.346216 209.485027 38911.277818
318 3.991830 2.407537 11.681966 111.278929 98396.569326
318 -23.945417 -5.896554 9.499521 86.166209 65065.603618
318 -25.971735 -6.140978 4.801286 290.012967 16621.234677
318 -13.387553 -4.408975 5.377065 214.878259 20846.760453
318 -11.857094 -4.149313 12.354124 239.843689 110045.428986
318 -11.414462 -4.071128 6.391473 76.236071 29454.387171
318 -25.509655 -6.086104 8.729273 32.269032 54941.965958
319 19.785264 5.359916 5.398986 109.382277 21017.084281
319 13.175500 4.373918 4.069015 356.906991 11937.862961
319 23.377300 5.826184 8.148376 152.654911 47872.950407
319 9.255375 3.665929 3.724181 305.284310 10000.220894
319 9.428177 3.699993 5.287892 151.512423 20161.052775
319 19.199564 5.279986 7.957661 26.046619 45658.212820
319 11.583002 4.101074 5.982139 275.055789 25802.458256
319 15.908861 4.806253 3.767708 187.806973 10235.349154
319 4.373118 2.519896 9.884758 3.201563 70449.862464
319 12.479321 4.256793 9.796185 96.176941 69192.979038
319 15.744552 4.781368 11.817257 117.150670 100688.858031
319 19.273480 5.290139 8.469372 160.235233 51719.042733
319 17.447109 5.033253 8.156675 277.557580 47970.512569
319 10.341514 3.875066 4.362951 254.964048 13724.886785
319 26.858718 6.244960 3.833634 89.044319 10596.666695
319 10.768732 3.954297 4.085110 200.283538 12032.492438
319 10.220331 3.852295 6.420398 285.742463 29721.583804
319 15.239792 4.704100 4.698933 228.021699 15920.126548
319 14.240271 4.547222 8.688970 195.747669 54435.802498
319 19.161414 5.274737 3.274354 340.253051 7730.353473
319 9.659712 3.745149 7.418661 215.822117 39682.510166
319 9.912674 3.793870 4.283126 130.416918 13227.259279
319 15.838981 4.795685 14.237313 57.058009 146151.799873
319 20.681680 5.479992 8.083507 214.451922 47113.749091
319 18.850333 5.231745 16.010279 49.559040 184818.678921
319 7.880181 3.382635 10.968372 10.224053 86742.595951
319 -14.915431 -4.653770 4.621912 52.229476 15402.508142
319 -19.468736 -5.316869 5.646429 282.752630 22987.712564
319 -19.085122 -5.264226 10.686129 310.021538 82335.839460
319 -25.914937 -6.134259 9.011497 201.838301 58552.031679
319 -13.431683 -4.416236 20.874177 287.629035 314171.520423
319 -9.603105 -3.734160 8.009617 217.475503 46256.371662
320 19.075096 5.262843 3.421186 9.597833 8439.203802
320 14.792945 4.634623 4.222466 261.431688 12855.244862
320 18.133986 5.131374 6.262117 195.755654 28274.208565
320 13.017477 4.347609 4.675998 209.036461 15765.102190
320 13.872681 4.488149 4.365994 259.266269 13744.036912
320 13.751136 4.468444 5.911198 183.417946 25194.112493
320 11.950400 4.165607 4.504797 174.298512 14631.824962
320 11.945984 4.164837 5.341738 214.208804 20573.737411
320 16.890625 4.952334 2.468853 10.400404 4394.794326
320 5.925501 2.933253 10.900525 216.886109 85672.780952
320 13.160743 4.371467 8.049869 224.478132 46722.461714
320 12.088056 4.189530 3.935465 118.822759 11167.093034
320 8.846668 3.584074 6.255143 149.458637 28211.262054
320 12.289975 4.224376 7.528289 87.956539 40863.982393
320 13.269942 4.389566 14.174662 77.685279 144868.335230
320 7.292001 3.253946 9.437839 65.780093 64223.383154
320 7.534951 3.307709 4.020965 299.294198 11657.588050
320 6.196419 2.999559 4.622845 309.747438 15408.725047
320 19.992666 5.387936 13.536210 292.202993 132111.988438
320 11.041451 4.004056 6.125609 256.111640 27054.940812
320 14.254706 4.549526 6.204771 334.339631 27758.725443
320 19.036332 5.257493 10.606038 208.523010 81106.262780
320 11.937975 4.163441 6.293828 184.050649 28561.288499
320 7.322643 3.260776 12.830478 256.337470 118695.368981
320 16.102140 4.835360 6.194514 37.664393 27667.032541
320 -22.784338 -5.751820 3.371051 208.771257 8193.672674
320 -6.027830 -2.958472 2.950746 87.582246 6277.863114
320 -26.367172 -6.187551 3.073532 311.615432 6811.200252
320 -16.226222 -4.853955 5.774502 122.029193 24042.360168
320 -17.090834 -4.981598 5.552597 217.712116 22230.043506
320 -18.844345 -5.230914 10.054234 116.820375 72886.328787
320 -24.176383 -5.924923 6.974916 86.547344 35077.287948
321 18.615552 5.199062 5.783694 197.763872 24118.964227
321 2.077646 1.736892 15.967681 135.361746 183836.510793
321 8.672738 3.548666 10.574308 79.997776 80621.699035
321 20.327035 5.432804 7.916705 319.944578 45189.441660
321 16.989675 4.966833 3.800152 271.314410 10412.382574
321 12.142939 4.199030 4.005664 348.262348 11569.031677
321 5.737294 2.886294 16.386016 224.628943 193595.309451
321 8.528025 3.518935 9.517731 246.681024 65315.303964
321 23.163873 5.799528 7.692461 62.178394 42665.679510
321 11.661323 4.114916 11.128470 124.408308 89293.330060
321 6.698710 3.118765 10.488410 242.967524 79317.198305
321 3.157465 2.141196 5.707159 318.487728 23484.865216
321 14.932475 4.656429 2.910728 352.623928 6108.735573
321 2.667554 1.968084 8.077563 225.606365 47044.497476
321 17.288991 5.010394 6.195963 337.069880 27679.978507
321 21.454260 5.581409 6.750119 247.780694 32852.688508
321 6.724401 3.124740 5.808684 335.324967 24327.843140
321 13.276935 4.390722 10.505956 39.337156 79582.801824
321 11.018655 3.999920 4.627864 216.784025 15442.200915
321 19.431190 5.311739 7.320810 85.365667 38642.599468
321 25.894134 6.131797 3.159425 288.903780 7197.209827
321 6.695936 3.118119 8.862868 196.779303 56636.528382
321 3.788730 2.345492 13.034044 305.137653 122491.635521
321 14.082011 4.521884 7.473479 57.366329 40271.114868
321 8.212738 3.453274 5.382187 69.889260 20886.496181
321 -18.392154 -5.167772 7.883617 168.061860 44812.492340
321 -20.187527 -5.414129 3.303082 270.865486 7866.596067
321 -12.306764 -4.227260 6.591953 316.599757 31331.142966
321 -17.086753 -4.981003 3.859222 249.032513 10738.597042
321 -15.392207 -4.727565 9.613802 225.344439 66640.522684
321 -23.921818 -5.893647 4.706254 269.638799 15969.771661
321 -24.283758 -5.938066 5.059300 145.709024 18455.634210
322 21.240698 5.553560 4.309479 9.343166 13390.522362
322 16.301772 4.865242 2.335876 303.176360 3934.120591
322 19.370721 5.303468 5.178694 336.893062 19336.977890
322 15.182121 4.695191 10.718964 166.174961 82842.597142
322 24.386527 5.950617 5.739091 73.686930 23748.399030
322 12.205983 4.209916 6.440028 1.864410 29903.603640
322 22.772356 5.750307 11.635535 116.518451 97615.952237
322 17.290163 5.010564 9.550346 100.044848 65763.708168
322 15.110840 4.684156 3.162711 315.873637 7212.189427
322 22.563268 5.723847 2.180974 323.921939 3429.643368
322 10.542221 3.912489 22.665077 20.297126 370392.751318
322 18.699579 5.210783 5.473448 139.186287 21600.808474
322 22.271657 5.686739 8.733830 322.550924 54999.347785
322 16.281440 4.862207 3.751405 168.245309 10146.963160
322 0.927387 1.160426 4.470945 267.686567 14412.743912
322 6.380624 3.043818 14.096565 224.508195 143276.400295
322 14.954903 4.659924 3.069702 265.921671 6794.232099
322 17.906338 5.099064 21.436390 320.495600 331322.847603
322 5.585736 2.847917 8.847552 41.801674 56440.952957
322 20.238774 5.420997 12.919172 308.534516 120342.063542
322 11.261370 4.043735 15.359407 196.422283 170097.114424
322 20.131519 5.406613 4.021868 132.590655 11662.821238
322 8.568653 3.527308 14.200497 47.691994 145396.896969
322 2.401642 1.867417 5.702694 293.287930 23448.132470
322 5.170218 2.739943 7.607465 169.751839 41728.037432
322 -27.187681 -6.283088 7.334098 307.561791 38783.006112
322 -15.583634 -4.756872 15.030090 145.201234 162881.300459
322 -30.446799 -6.649024 6.161510 218.847939 27372.998709
322 -14.745676 -4.627212 10.384294 72.148248 77750.288289
322 -27.365157 -6.303562 8.498940 261.158560 52080.788716
322 -32.587201 -6.878767 7.223680 302.521158 37624.012427
322 -13.835079 -4.482062 5.317860 339.330005 20390.214967
322 -18.267269 -5.150197 14.234480 65.915354 146093.623050
323 19.074373 5.262743 12.247057 322.398243 108146.269650
323 17.177872 4.994267 8.493524 15.832408 52014.441806
323 14.797918 4.635402 14.783766 10.706693 157586.218862
323 -1.364195 1.407425 11.889708 252.980715 101927.288389
323 15.305081 4.714166 5.827497 7.953738 24485.678678
323 13.787065 4.474278 2.834807 227.078449 5794.219610
323 19.902270 5.375741 7.525998 75.344344 40839.115334
323 20.460080 5.450555 11.862529 26.274361 101461.819555
323 7.360744 3.269248 3.334253 161.196364 8015.770523
323 11.156492 4.024861 8.703631 291.586949 54619.660128
323 17.871317 5.094075 7.259739 304.323720 38000.570170
323 -6.432332 3.056126 3.833277 95.030524 10594.694839
323 7.231791 3.240485 2.382468 204.382755 4092.628413
323 16.568244 4.904845 8.016324 348.114368 46333.868147
323 -0.535586 0.881864 3.476346 169.565508 8713.528632
323 20.304938 5.429851 27.002549 22.272991 525723.736720
323 1.987886 1.698959 9.783814 94.481465 69018.326514
323 9.852972 3.782428 2.375507 319.350361 4068.748567
323 10.123801 3.834059 3.498955 120.233889 8827.234705
323 8.616593 3.537161 8.318780 235.459046 49896.187374
323 13.437449 4.417184 13.956111 357.924115 140435.491460
323 11.829302 4.144447 5.801115 195.969349 24264.482842
323 8.911620 3.597207 5.051118 9.982427 18395.985803
323 6.709354 3.121242 6.363585 84.893361 29197.912404
323 -18.900998 -5.238771 3.363669 29.944894 8157.826415
323 -11.106682 -4.015866 8.835074 25.174885 56281.863374
323 -22.920296 -5.768955 7.166345 311.816594 37029.127795
323 -14.710226 -4.621646 7.582194 284.909575 41451.273889
323 -25.781929 -6.118497 7.655114 161.107269 42252.400527
323 -6.582404 -3.091572 4.482110 159.004084 14484.816845
323 -22.770349 -5.750054 4.721906 349.102990 16076.175225
323 -40.316202 -7.651152 18.018223 26.123405 234084.142125
324 8.844982 3.583732 11.642783 312.508653 97737.600209
324 12.831776 4.316487 5.390691 78.289579 20952.550762
324 9.026906 3.620400 9.730969 300.269080 68274.768358
324 8.874553 3.589718 5.905547 153.135448 25145.970106
324 1.911792 1.666124 7.592286 99.494866 41561.694739
324 21.949355 5.645442 4.410137 105.754960 14023.366866
324 13.804355 4.477083 3.952018 276.523074 11261.233039
324 10.420143 3.889770 8.156183 84.821776 47964.733473
324 7.294216 3.254441 3.664498 114.818427 9682.264458
324 7.320052 3.260199 6.282239 284.054311 28456.207031
324 19.259659 5.288242 7.923117 133.605477 45262.676843
324 10.897920 3.977946 8.875873 25.485132 56802.865513
324 16.414099 4.881975 6.815248 167.724323 33489.710982
324 12.053232 4.183491 11.702596 200.236236 98744.398402
324 12.742394 4.301427 7.186187 207.926591 37234.463668
324 9.903721 3.792156 11.660856 47.743342 98041.267782
324 19.512964 5.322904 7.254822 339.276115 37949.106223
324 10.930181 3.983829 8.343328 230.261845 50191.103998
324 10.612060 3.925427 7.705024 331.329849 42805.150039
324 -0.245195 0.596682 2.831986 354.881169 5782.694948
324 19.986524 5.387108 4.272058 287.911346 13158.984073
324 7.953367 3.398307 2.192795 74.498503 3466.923345
324 4.774117 2.632895 5.881000 73.324900 24937.358590
324 9.244801 3.663834 3.790010 336.582320 10356.876884
324 -22.197248 -5.677232 4.606593 67.811338 15300.577349
324 -24.096228 -5.915093 22.011222 43.877174 349330.413081
324 -37.056119 -7.335285 10.379806 199.385285 77683.092900
324 -13.652426 -4.452377 15.973166 154.101844 183962.837250
324 -30.203113 -6.622362 12.153327 110.323620 106497.259888
324 -31.157125 -6.726137 14.929882 127.902463 160716.624949
324 -18.308935 -5.156067 4.844971 334.577961 16925.071886
324 -14.310989 -4.558499 3.754737 331.369418 10164.991969
324 -26.298370 -6.179473 3.875645 222.970569 10830.187168
325 14.969668 4.662224 9.489646 263.308774 64930.397574
325 10.748131 3.950513 16.264647 268.640846 190738.064155
325 10.582116 3.919885 20.216169 213.540001 294676.692337
325 6.735660 3.127355 5.143196 11.813739 19072.792052
325 14.098678 4.524559 4.400061 204.524214 13959.356339
325 20.444126 5.448429 5.452304 46.944394 21434.247252
325 22.874192 5.763150 4.712335 65.158932 16011.069215
325 16.041962 4.826316 8.318124 300.465659 49888.318443
325 19.943342 5.381285 4.420582 59.710636 14089.871165
325 20.973145 5.518472 2.813641 244.847681 5708.019978
325 15.153913 4.690827 2.878966 173.694741 5976.143806
325 13.845760 4.483792 12.366093 270.753359 110258.760826
325 4.785756 2.636103 6.734413 41.466997 32699.988770
325 11.174650 4.028135 8.854233 230.652879 56526.223544
325 7.228998 3.239859 4.102892 48.738750 12137.473813
325 10.319635 3.870965 4.190650 3.738979 12662.247744
325 17.009520 4.969733 16.210598 161.687906 189472.494000
325 1.447115 1.449568 5.250782 127.335421 19879.068803
325 16.140452 4.841109 7.628381 30.505914 41957.815574
325 18.068698 5.122129 12.894304 352.355124 119879.212240
325 16.243268 4.856504 5.917518 89.190239 25248.014372
325 2.669453 1.968785 6.900550 286.083002 34333.299770
325 11.913328 4.159141 3.671020 226.239338 9716.761974
325 -8.960349 -3.607028 12.819228 1.790389 118487.297617
325 -14.919414 -4.654392 3.485578 98.223664 8759.872659
325 -13.922804 -4.496250 3.057993 31.618968 6742.502196
325 -28.726115 -6.458408 3.104613 72.273185 6949.651866
325 -22.976877 -5.776071 5.022616 341.155182 18188.966559
325 -26.767412 -6.234337 13.560551 335.419243 132587.549879
325 -13.342818 -4.401603 7.760244 241.062432 43420.901413
325 -28.403688 -6.422061 4.024709 116.108408 11679.303504
325 -30.417831 -6.645860 3.101736 297.597862 6936.775864
326 -5.896670 2.926109 23.367075 189.296931 393692.187689
326 14.759629 4.629401 15.239810 255.281772 167458.482424
326 21.522619 5.590294 1.341356 100.660003 1297.287513
326 15.644455 4.766145 22.663496 308.941980 370341.089041
326 9.477319 3.709623 2.094681 178.187398 3163.617236
326 13.542348 4.434392 9.450253 57.109229 64392.443459
326 14.156380 4.533808 4.318204 321.504857 13444.802240
326 15.842507 4.796219 7.431940 90.741904 39824.693239
326 19.329324 5.297798 6.479634 60.772422 30272.553653
326 9.020744 3.619164 5.815682 124.102159 24386.497260
326 12.553621 4.269446 13.302363 215.414438 127586.774332
326 17.636414 5.060486 2.811441 308.571550 5699.097429
326 12.717730 4.297262 14.258942 181.732064 146596.194590
326 14.985365 4.664668 3.178746 263.947278 7285.504315
326 4.549607 2.570242 7.430897 27.225653 39813.523310
326 10.530352 3.910286 23.336933 60.568228 392677.139151
326 9.129492 3.640913 3.525295 205.719493 8960.640485
326 0.786210 1.068455 6.489861 351.914175 30368.186843
326 8.071939 3.423545 5.527374 74.448960 22028.540896
326 31.071825 6.716924 8.953290 156.786228 57798.077521
326 6.713403 3.122183 2.825481 288.889788 5756.159473
326 20.308871 5.430376 5.977328 154.461944 25760.969093
326 9.119621 3.638945 2.517265 241.834060 4568.839347
326 -24.735437 -5.993035 7.132683 17.225523 36682.080199
326 -23.039228 -5.783903 19.794924 226.344455 282524.269077
326 -15.608224 -4.760623 15.611447 38.721561 175725.339624
326 -14.999294 -4.666835 2.865946 255.379699 5922.215782
326 -6.719950 -3.123705 9.044271 47.937881 58978.705137
326 -23.074850 -5.788373 4.731028 154.695616 16138.347952
326 -21.279517 -5.558632 5.031389 192.204490 18252.565585
326 -24.769888 -5.997207 17.600147 318.610715 223347.267074
326 -14.569975 -4.599562 7.012607 118.016164 35457.413660
327 2.541975 1.921200 8.623518 88.456715 53618.796631
327 14.866241 4.646090 14.642442 302.346234 154587.764563
327 9.142050 3.643417 5.817073 103.939279 24398.164758
327 16.208332 4.851279 8.188413 79.355572 48344.551579
327 21.456414 5.581689 5.252976 46.515907 19895.687008
327 8.500025 3.513154 7.206634 235.640786 37446.653171
327 10.256483 3.859102 14.040874 15.180534 142146.557648
327 17.319566 5.014822 4.454818 268.616670 14308.954987
327 14.514322 4.590769 20.042538 132.577583 289636.642967
327 8.025602 3.413704 10.689970 359.376542 82395.032524
327 24.591936 5.975626 8.214312 312.648840 48650.852853
327 14.642405 4.610980 5.538284 244.495811 22115.586474
327 13.622561 4.447505 10.716000 123.711290 82796.790920
327 10.946408 3.986785 10.303434 117.163150 76544.164193
327 8.334934 3.478869 5.461962 339.292223 21510.244419
327 7.994663 3.407118 7.087430 272.140940 36218.099762
327 9.769017 3.766279 3.163022 138.284252 7213.608333
327 14.539197 4.594701 7.527105 226.958712 40851.129260
327 16.033837 4.825094 5.898528 19.062537 25086.226646
327 17.094722 4.982165 6.147476 239.948394 27248.450904
327 12.387944 4.241180 12.343591 309.537133 109857.857573
327 8.328029 3.477428 6.452937 50.462297 30023.607580
327 3.572639 2.277622 5.745131 110.461476 23798.410489
327 -31.846350 -6.800125 5.335635 125.833700 20526.753700
327 -13.773534 -4.472082 27.830983 163.401335 558476.842310
327 -26.741411 -6.231308 10.350468 257.736264 77244.590486
327 -16.734746 -4.929429 9.815229 313.983522 69462.271454
327 -13.075747 -4.357329 10.560878 41.661672 80417.049285
327 -17.465440 -5.035897 9.626299 276.986764 66813.891600
327 -16.956550 -4.961989 4.824507 91.464433 16782.396204
327 -14.505987 -4.589451 7.428257 326.779577 39785.238345
327 -29.578493 -6.553527 5.704692 78.556325 23464.560481
327 -11.794352 -4.138320 4.578148 124.064453 15112.204559
328 6.756098 3.132096 7.894207 2.129183 44932.968474
328 10.406174 3.887162 3.572232 143.229519 9200.836631
328 10.971091 3.991278 6.572220 127.594339 31143.845852
328 1.161556 1.298695 6.479544 137.262931 30271.710712
328 12.710582 4.296054 5.774711 277.574249 24044.105669
328 11.702096 4.122103 4.151313 133.288425 12425.645309
328 5.375279 2.793750 14.788567 131.545864 157688.586789
328 17.212784 4.999339 12.517365 124.724060 112972.800579
328 13.135775 4.367319 3.734279 45.517263 10054.525933
328 13.179153 4.374524 13.743872 29.233769 136196.599410
328 9.502282 3.714506 8.030428 45.828353 46497.055131
328 21.749977 5.619743 11.643914 219.605412 97756.583827
328 23.170431 5.800349 5.775107 63.560103 24047.401908
328 16.394788 4.879103 9.413478 114.615859 63892.265477
328 10.102392 3.830003 10.256821 133.100848 75853.144640
328 11.021393 4.000417 5.367881 157.035989 20775.614057
328 12.147795 4.199869 9.588734 113.460129 66293.454544
328 7.760105 3.356764 8.152775 51.323177 47924.658607
328 12.161344 4.202211 3.787383 60.434340 10342.524604
328 11.913051 4.159092 5.933851 222.861762 25387.580829
328 21.076531 5.532057 8.801041 136.717752 55849.103761
328 16.294796 4.864201 6.331512 198.477471 28904.328418
328 -16.336698 -4.870451 6.542936 188.259310 30866.930733
328 -18.948168 -5.245304 10.905047 208.813942 85743.886610
328 -10.578440 -3.919204 7.069768 142.272207 36037.806614
328 -18.762265 -5.219509 4.978698 30.164064 17872.266401
328 -23.890002 -5.889727 9.208885 136.926597 61145.172196
328 -20.448155 -5.448966 9.007121 69.924794 58495.179438
328 -18.607653 -5.197959 2.664025 102.330224 5117.108304
328 -10.935101 -3.984726 4.697780 298.325817 15912.319311
328 -29.911816 -6.590349 5.794220 96.304835 24206.832744
328 -30.525651 -6.657628 4.218943 61.637978 12833.800637
329 23.915884 5.892916 6.099612 143.288735 26825.792588
329 10.740618 3.949132 2.675974 130.568194 5163.115963
329 13.153133 4.370203 11.640791 349.875112 97704.160241
329 10.129809 3.835197 9.667134 189.996563 67381.948150
329 17.157866 4.991358 8.232629 265.355940 48868.064602
329 12.055104 4.183816 6.973042 172.529614 35058.441100
329 6.293494 3.022964 4.619083 102.576361 15383.659134
329 12.478860 4.256714 8.103707 74.944912 47349.510566
329 10.596881 3.922619 16.208255 316.400853 189417.711168
329 15.832719 4.794737 5.343131 260.939457 20584.468398
329 18.532947 5.187514 2.626214 202.055540 4972.884809
329 11.526066 4.090982 3.840095 325.220947 10632.417237
329 17.380388 5.023620 6.080985 298.424398 26662.196013
329 19.151025 5.273307 6.597154 153.035936 31380.608813
329 4.329679 2.507350 9.551101 11.701855 65774.105983
329 14.258115 4.550070 8.099855 256.276922 47304.508790
329 12.715223 4.296839 11.655837 253.355406 97956.900356
329 14.053918 4.517371 3.928559 259.915855 11127.934509
329 6.029599 2.958907 6.113643 261.807570 26949.346199
329 17.090945 4.981614 6.809288 154.386141 33431.160648
329 12.081313 4.188361 3.083706 180.597685 6856.364229
329 16.078089 4.831748 9.015730 219.518206 58607.055309
329 -28.538634 -6.437298 5.974114 155.859618 25733.274855
329 -12.600963 -4.277489 3.031266 164.906694 6625.155669
329 -10.521867 -3.908710 2.314763 202.092190 3863.324738
329 -17.273567 -5.008158 3.964913 167.416606 11334.837638
329 -15.261262 -4.707413 5.865813 49.105200 24808.731592
329 -21.581973 -5.597996 16.971119 269.029955 207667.739565
329 -14.702342 -4.620408 6.557451 164.811814 31004.028836
329 -20.265556 -5.424582 3.820551 333.457844 10524.468558
329 -19.133804 -5.270936 19.830425 314.447729 283538.549499
329 -9.986024 -3.807881 4.465658 85.215038 14378.682284
329 -21.242297 -5.553769 5.065507 254.425843 18500.943604
330 6.915532 3.168837 3.153239 166.214409 7169.051854
330 4.514849 2.560405 5.254646 337.753513 19908.339370
330 9.001695 3.615340 9.723113 337.910438 68164.571105
330 9.396611 3.693794 6.898998 224.370162 34317.853164
330 13.138210 4.367724 7.681622 230.120984 42545.528137
330 5.515508 2.829957 10.603406 134.002661 81066.024071
330 17.322804 5.015291 5.239385 309.317609 19792.865129
330 7.284226 3.252211 5.195551 276.930330 19463.069718
330 14.138146 4.530887 2.196505 235.137372 3478.664102
330 3.900037 2.379695 14.175446 159.173805 144884.374640
330 14.861154 4.645295 6.341049 307.115419 28991.471886
330 2.294154 1.825149 2.876557 269.483903 5966.146759
330 12.367873 4.237742 3.280491 308.367612 7759.357383
330 14.548656 4.596195 4.606399 144.031607 15299.286931
330 12.320404 4.229602 6.553833 7.651384 30969.831581
330 12.403159 4.243783 9.932375 253.923123 71130.247920
330 19.405602 5.308241 10.625003 45.600808 81396.588437
330 3.940786 2.392095 11.697650 331.710042 98660.951991
330 17.661751 5.064119 3.789231 352.540214 10352.620684
330 16.479750 4.891729 7.857541 114.910694 44516.536173
330 6.099729 2.976064 13.580601 24.188874 132979.924102
330 -15.465867 -4.738863 3.012752 319.702084 6544.474063
330 -8.465977 -3.506110 13.049705 303.331346 122786.171881
330 -17.649368 -5.062344 7.557750 194.472030 41184.437464
330 -13.278428 -4.390969 4.975054 97.645843 17846.112020
330 -21.249281 -5.554682 4.419932 323.163555 14085.724271
330 -15.211097 -4.699669 8.511249 331.707774 52231.759499
330 -14.287053 -4.554685 5.520500 326.753157 21973.783179
330 -14.787017 -4.633694 3.462919 356.156100 8646.348703
330 -20.597754 -5.468862 21.424546 245.071356 330956.818028
330 -26.444786 -6.196652 12.492476 170.513411 112523.994706
330 -12.164270 -4.202716 10.524345 41.420931 79861.645898
331 7.576125 3.316734 6.640720 210.481815 31796.438099
331 15.545908 4.751110 5.954160 124.202062 25561.659261
331 14.154022 4.533431 4.810213 326.236630 16683.099203
331 13.312139 4.396539 10.451075 315.981014 78753.521499
331 11.749466 4.130438 3.895837 197.220084 10943.333284
331 9.730367 3.758821 9.935067 192.671800 71168.805648
331 22.474586 5.712588 5.786541 293.809883 24142.717488
331 3.664097 2.306591 6.505072 296.238636 30510.711824
331 7.480315 3.295695 2.898572 335.613730 6057.819482
331 7.061148 3.202025 10.941856 23.649352 86323.703148
331 9.852303 3.782300 2.565028 240.109235 4743.863003
331 15.953834 4.813041 2.342472 158.961658 3956.370940
331 3.541444 2.267656 6.118655 29.858005 26993.551867
331 8.080581 3.425377 9.483273 340.990912 64843.218732
331 7.168757 3.226331 18.213070 0.527953 239174.238651
331 5.886572 2.923602 4.025778 339.209274 11685.513572
331 8.093899 3.428198 9.311352 144.365003 62513.458295
331 -0.648611 0.970464 3.411813 66.004169 8393.024176
331 10.100455 3.829636 3.882021 242.592780 10865.850549
331 12.527786 4.265051 7.661250 233.849887 42320.165588
331 15.447438 4.736039 4.145954 131.045159 12393.585559
331 -7.274103 -3.249951 24.978647 43.016984 449868.830734
331 -18.693758 -5.209972 9.150351 188.209010 60370.336430
331 -30.921719 -6.700680 8.597305 169.100156 53293.319012
331 -19.774213 -5.358419 5.649777 292.409182 23014.981790
331 -25.689929 -6.107571 5.095252 337.436030 18718.857016
331 -21.988857 -5.650520 8.525201 121.745888 52403.137909
331 -26.327251 -6.182866 12.686626 115.221749 116048.715233
331 -25.765871 -6.116591 6.357231 206.055905 29139.628062
331 -6.070451 -2.968913 6.118334 330.379868 26990.721223
331 -1.274331 -1.360280 1.948473 67.172323 2737.392539
331 -16.980745 -4.965528 4.478696 227.674276 14462.760205
331 -26.096867 -6.155754 9.458642 272.340914 64506.827213
332 22.972507 5.775522 2.613934 302.129489 4926.488175
332 8.201440 3.450898 7.155594 343.525752 36918.107289
332 13.458756 4.420684 12.356553 156.467025 110088.697304
332 14.445007 4.579794 13.750560 324.405477 136329.188926
332 19.359210 5.301892 9.934682 63.128649 71163.289988
332 4.542670 2.568282 5.472657 38.622427 21594.572071
332 1.085289 1.255335 9.515643 311.815784 65286.649392
332 15.730173 4.779184 8.831704 37.547562 56238.930746
332 10.969662 3.991018 2.801735 350.911098 5659.816069
332 6.466787 3.064300 7.444740 155.960944 39961.994101
332 6.198226 2.999997 10.073087 77.527082 73159.928887
332 16.773033 4.935065 6.118829 238.228442 26995.084686
332 11.424978 4.073003 4.894919 324.707071 17275.839166
332 17.434981 5.031504 4.115848 215.722711 12214.249748
332 1.467142 1.459564 8.725227 40.595743 54891.051605
332 4.641083 2.595952 16.519848 179.129878 196770.588296
332 15.378264 4.725423 12.852336 223.081424 119100.127123
332 10.136977 3.836554 8.759969 120.276243 55329.050529
332 8.990004 3.612992 9.979536 141.310716 71807.332016
332 7.124537 3.216365 6.024807 342.878428 26171.849896
332 -17.601679 -5.055500 2.510868 39.147496 4545.648527
332 -13.145901 -4.369002 4.961535 188.086534 17749.260402
332 -23.760435 -5.873734 10.712434 273.054188 82741.690876
332 6.216915 -3.004516 23.848249 69.277031 410072.900131
332 -21.276112 -5.558187 3.233285 223.714788 7537.650263
332 -16.978588 -4.965212 7.258071 341.149494 37983.112216
332 -9.384043 -3.691323 5.763244 47.754374 23948.705372
332 -19.548109 -5.327696 3.488152 57.755985 8772.814903
332 -12.284069 -4.223361 19.688223 58.544718 279486.674976
332 -33.873070 -7.013169 9.351668 78.755543 63055.969256
332 -23.576100 -5.850905 3.174177 259.915887 7264.578814
332 -11.026021 -4.001257 3.767652 37.631300 10235.043211
333 6.578388 3.090628 4.667506 285.428128 15707.891328
333 7.516306 3.303614 14.923842 326.980184 160586.617099
333 16.921012 4.956786 9.840809 243.459293 69824.794644
333 7.642384 3.331206 8.414745 31.700065 51054.020014
333 2.845514 2.032673 7.938915 118.201291 45443.358573
333 13.957631 4.501869 2.971309 97.855572 6365.663438
333 2.626525 1.952890 7.706701 149.262873 42823.786192
333 6.538707 3.081293 3.562160 102.930765 9149.025479
333 7.140012 3.219857 4.024665 60.602690 11679.052897
333 14.240958 4.547332 7.802863 109.538724 43899.142159
333 5.393248 2.798416 5.562212 128.664089 22307.099047
333 5.380932 2.795219 3.237848 284.392454 7558.941123
333 7.667913 3.336765 13.985743 29.946501 141032.481908
333 13.168336 4.372728 7.630371 269.124954 41979.705453
333 9.926871 3.796586 3.647640 130.941447 9593.386049
333 7.209389 3.235462 5.587960 192.093592 22514.101489
333 25.779124 6.118164 1.734337 80.581922 2168.776979
333 7.856763 3.377605 25.045143 227.148494 452267.210525
333 26.153681 6.162451 2.309982 140.895674 3847.381873
333 -13.308215 -4.395891 11.010856 118.030945 87415.863722
333 -18.991064 -5.251238 6.530176 47.350906 30746.655164
333 -19.512923 -5.322899 9.760913 145.971545 68695.604717
333 -20.778470 -5.492801 5.903025 213.182760 25124.490986
333 -37.973936 -7.425571 12.016700 66.347532 104116.243676
333 -19.743194 -5.354214 9.907761 156.238524 70778.138672
333 -15.108603 -4.683809 4.361546 62.952736 13716.048657
333 -11.445028 -4.076575 4.631241 48.395059 15464.750728
333 -22.292685 -5.689423 12.411864 355.347025 111076.471558
333 -11.000719 -3.996664 9.904738 149.358141 70734.956835
333 -9.847595 -3.781396 4.409589 335.686427 14019.879197
333 -18.211431 -5.142320 2.709095 25.359056 5291.716941
333 -20.424398 -5.445800 4.695077 144.384217 15894.013129
334 4.875962 2.660830 4.441178 85.457043 14221.468480
334 11.180995 4.029278 5.854079 162.720195 24709.572954
334 7.782196 3.361539 6.418656 220.798248 29705.461292
334 13.136418 4.367426 6.835995 250.266569 33693.922451
334 10.478586 3.900663 4.423470 207.783527 14108.287197
334 12.916496 4.330713 4.376925 186.713949 13812.946906
334 12.733315 4.299894 7.368356 165.358008 39146.172059
334 5.773703 2.895438 3.679675 147.076646 9762.631979
334 7.981691 3.404352 7.091686 289.713883 36261.609756
334 13.750390 4.468323 6.234234 79.017219 28022.980567
334 14.645213 4.611422 4.866218 57.145091 17073.838445
334 14.602018 4.604617 6.646925 215.881271 31855.878321
334 13.641954 4.450669 10.055548 49.455518 72905.376152
334 8.160729 3.442322 6.459272 232.712462 30082.589863
334 11.577426 4.100087 3.077752 163.967281 6829.913446
334 6.836315 3.150635 9.598327 127.342406 66426.165077
334 4.366263 2.517920 22.824455 8.039935 375620.184134
334 17.498184 5.040615 7.738862 140.422165 43181.955413
334 16.405992 4.880770 8.034049 329.785557 46538.996990
334 -12.266246 -4.220296 4.951046 240.647633 17674.288597
334 -26.656773 -6.221439 25.510787 352.017124 469240.821921
334 -8.291252 -3.469741 7.415475 143.745903 39648.429352
334 -21.084493 -5.533101 3.978541 12.676421 11412.895557
334 -25.535268 -6.089158 5.652476 154.581493 23036.977588
334 -34.995846 -7.128453 5.118552 60.572256 18890.447167
334 -24.650804 -5.982774 6.961006 245.861300 34937.525710
334 -21.947950 -5.645261 9.857100 39.796938 70056.166730
334 -11.507996 -4.087774 6.847790 250.794630 33810.292575
334 -15.351241 -4.721270 12.416365 96.164259 111157.057912
334 -10.673189 -3.936716 2.087838 351.847386 3142.979729
334 -24.768044 -5.996984 6.222330 24.973005 27916.063603
334 -9.040022 -3.623029 14.417410 349.847549 149872.712169
335 6.872104 3.158871 5.114624 88.233932 18861.466760
335 7.381820 3.273925 3.438948 341.753429 8527.059634
335 12.749251 4.302584 11.973322 235.767692 103365.930988
335 11.939742 4.163749 2.120508 45.604391 3242.110507
335 7.567543 3.314855 6.226983 192.596865 27957.830734
335 12.582885 4.274420 21.053714 199.762580 319599.071122
335 6.149824 2.988260 10.577847 35.464061 80675.674804
335 7.789173 3.363045 6.727428 90.455197 32632.191807
335 13.546069 4.435001 4.583153 215.924674 15145.258750
335 7.944329 3.396375 5.991755 240.472987 25885.475224
335 16.431897 4.884621 8.080336 186.053419 47076.796234
335 17.289940 5.010531 9.085996 359.364379 59524.138451
335 7.608580 3.323830 15.037826 59.787933 163049.019196
335 6.679211 3.114223 5.153796 250.550269 19151.490198
335 3.477738 2.247168 10.009490 102.999654 72239.038086
335 16.173987 4.846136 5.747844 238.281540 23820.889431
335 12.748240 4.302414 10.040029 300.369583 72680.515283
335 15.268463 4.708523 10.838762 110.258722 84704.680416
335 -15.940941 -4.811096 7.421892 91.450378 39717.076962
335 -17.968482 -5.107904 11.122643 239.979255 89199.844995
335 -17.477760 -5.037672 7.058739 140.721867 35925.458598
335 -15.339598 -4.719479 15.011028 268.289152 162468.420275
335 -7.962531 -3.400264 11.015816 100.274013 87494.632438
335 -10.786040 -3.957474 6.391221 336.858318 29452.064036
335 -22.663815 -5.736587 8.447524 121.259582 51452.557294
335 -20.428211 -5.446308 4.890448 349.346736 17244.294927
335 -21.700516 -5.613349 5.160029 194.339306 19197.836257
335 -12.327124 -4.230756 6.200819 169.621831 27723.377476
335 -21.443941 -5.580066 21.765649 55.297627 341579.129185
335 -22.872646 -5.762955 3.239915 80.894734 7568.595916
335 -21.376658 -5.571305 8.187111 142.049773 48329.181879
336 9.284648 3.671722 7.732436 127.511500 43110.264829
336 11.724496 4.126047 8.027624 304.511261 46464.585459
336 -2.434597 1.880185 4.403259 223.662760 13979.655855
336 4.818471 2.645097 11.662101 208.721698 98062.205542
336 9.223499 3.659611 3.383943 23.411027 8256.462746
336 8.536779 3.520741 9.536511 72.678966 65573.312074
336 6.103750 2.977045 3.375208 282.922185 8213.893478
336 7.249580 3.244468 6.945813 102.823886 34785.180968
336 7.905723 3.388113 4.072364 237.383951 11957.520916
336 14.549445 4.596320 7.388844 318.249222 39364.172133
336 8.972502 3.609473 15.497809 110.008979 173176.379414
336 7.712782 3.346514 17.667187 176.822601 225052.001079
336 11.938124 4.163467 9.756616 142.378323 68635.142784
336 9.771370 3.766732 19.252496 166.300456 267252.734596
336 5.250159 2.761044 27.433893 330.642275 542653.926831
336 9.589410 3.731496 11.332624 140.132902 92599.590546
336 13.175683 4.373948 2.455281 132.857774 4346.608832
336 21.013264 5.523747 8.058509 350.179601 46822.805008
336 -16.320261 -4.868000 4.636350 244.994249 15498.887969
336 -23.106936 -5.792396 4.097791 64.934204 12107.307882
336 -22.910159 -5.767679 5.640324 4.645457 22938.030294
336 -20.080066 -5.399700 3.122610 213.339365 7030.455888
336 -9.931179 -3.797410 6.515192 14.113140 30605.718140
336 -16.025502 -4.823840 4.308645 335.034785 13385.342899
336 -34.295601 -7.056775 5.633645 287.853898 22883.744936
336 -14.737604 -4.625945 15.996264 102.205181 184495.251816
336 -5.814069 -2.905542 5.758997 7.336190 23913.421493
336 -24.606043 -5.977340 7.437376 227.048645 39882.979723
336 -4.805355 -2.641495 8.253011 195.728321 49110.339369
336 -4.020061 -2.416036 7.609140 356.109450 41746.417284
336 -22.964497 -5.774515 3.647603 335.567781 9593.191503
336 -19.629096 -5.338721 6.842200 248.921259 33755.116944
337 8.515602 3.516371 4.980459 178.764205 17884.911743
337 11.980086 4.170777 4.655221 253.031660 15625.310254
337 2.022342 1.713619 5.523300 200.465252 21996.080961
337 5.898636 2.926597 4.706526 23.256125 15971.617836
337 18.153555 5.134142 6.205994 313.387461 27769.675893
337 13.586146 4.441556 2.928807 11.829625 6184.854456
337 8.505966 3.514381 14.970002 32.001549 161581.562215
337 5.042584 2.705912 18.346235 301.957762 242684.453756
337 11.224733 4.037152 10.307070 308.675893 76598.198698
337 19.920720 5.378232 3.887733 267.838875 10897.850622
337 8.553482 3.524183 2.408764 79.343086 4183.468167
337 7.561838 3.313605 8.170360 133.694667 48131.622107
337 12.620366 4.280781 17.018639 148.089246 208832.330707
337 21.772415 5.622641 5.879172 22.877309 24921.857776
337 13.983060 4.505969 2.304512 79.858850 3829.180996
337 6.046933 2.963157 8.314396 3.469251 49843.604516
337 10.360616 3.878643 13.242400 143.764972 126439.116364
337 -16.184624 -4.847729 4.695746 312.592672 15898.538569
337 -9.976152 -3.805998 2.959251 351.471147 6314.103524
337 -14.247692 -4.548407 4.153944 32.093912 12441.402981
337 -17.949459 -5.105200 12.900104 134.607436 119987.080254
337 -11.032463 -4.002426 9.666016 177.011186 67366.366793
337 -17.130768 -4.987415 5.411012 64.875164 21110.816110
337 -9.932119 -3.797589 10.429602 47.672816 78430.237038
337 -21.662898 -5.608482 6.484933 151.789115 30322.081831
337 -22.622109 -5.731306 6.013730 31.820876 26075.699044
337 -19.016171 -5.254708 5.245733 276.090318 19840.856416
337 -21.318579 -5.563732 9.346373 299.871523 62984.594194
337 -24.964080 -6.020670 4.171123 340.289204 12544.523118
337 -13.494052 -4.426477 3.754789 149.938308 10165.275259
337 -8.837063 -3.582127 8.677070 102.116814 54286.802704
338 10.514233 3.907292 3.744695 252.371725 10110.695237
338 9.986522 3.807976 4.450231 9.994524 14279.506851
338 7.979446 3.403873 3.791232 67.626715 10363.556014
338 4.637301 2.594894 4.482449 348.876417 14487.013229
338 17.381711 5.023811 6.956331 307.586753 34890.608299
338 9.741776 3.761024 6.899623 352.919229 34324.075744
338 10.643893 3.931310 6.437358 173.827306 29878.818678
338 8.512697 3.515772 5.623923 213.378796 22804.828447
338 5.694711 2.875563 9.973941 329.378260 71726.839508
338 7.803674 3.366174 4.382781 66.141392 13849.930545
338 9.611098 3.735713 2.693536 79.328275 5231.105702
338 18.096901 5.126125 13.890135 17.819443 139110.846100
338 22.756376 5.748289 5.738168 145.884698 23740.755293
338 6.463932 3.063624 5.617888 63.865132 22755.914697
338 11.749879 4.130511 8.509981 160.520962 52216.204275
338 11.376125 4.064286 3.936818 11.512145 11174.772261
338 -24.966376 -6.020947 10.476104 97.128486 79131.186773
338 -10.984979 -3.993803 2.421423 121.752711 4227.557959
338 -16.047313 -4.827121 23.129531 84.971237 385728.485665
338 -18.241028 -5.146497 5.758791 277.110566 23911.712726
338 -2.604160 -1.944558 5.666089 352.652616 23148.077548
338 -23.433320 -5.833161 7.658705 130.596531 42292.054831
338 -23.501307 -5.841617 6.873877 193.979415 34068.385212
338 -9.516086 -3.717203 12.629399 59.838418 115004.133532
338 -17.503039 -5.041314 8.704057 227.258576 54625.012694
338 -22.893378 -5.765567 9.282439 126.972773 62125.847650
338 -22.547210 -5.721810 5.952004 195.187400 25543.151927
338 -22.052286 -5.658663 19.507761 196.342341 274386.631273
338 -9.067550 -3.628541 6.180995 289.466046 27546.400869
338 -28.697467 -6.455187 5.049035 249.879571 18380.818080
338 -15.546192 -4.751154 7.707505 161.357850 42832.730295
339 11.027310 4.001491 22.243701 108.948842 356748.516844
339 4.908593 2.669719 9.159663 216.831231 60493.272193
339 8.064529 3.421973 9.583605 338.744795 66222.549671
339 7.747887 3.354121 7.208779 122.932863 37468.947768
339 13.530658 4.432477 6.711802 215.290118 32480.775743
339 9.411787 3.696776 2.473201 98.972212 4410.285791
339 22.716924 5.743304 9.003729 152.654752 58451.132319
339 12.662418 4.287907 4.363857 32.592992 13730.587507
339 6.972072 3.181764 3.989358 212.595410 11475.039867
339 17.414197 5.028504 7.882963 351.204371 44805.055275
339 9.817295 3.775574 10.413868 218.243684 78193.781266
339 19.097513 5.265934 7.365707 253.174077 39118.023143
339 7.358681 3.268790 3.694320 285.195536 9840.495814
339 1.634475 1.540551 7.926584 74.937969 45302.292541
339 14.824568 4.639574 7.751148 62.270112 43319.174655
339 13.238979 4.384442 1.776932 155.530704 2276.614855
339 -10.005760 -3.811642 5.263907 108.794589 19978.575897
339 -6.163418 -2.991561 16.123032 88.225630 187431.041215
339 -19.952339 -5.382499 2.948461 272.177726 6268.142566
339 -11.912825 -4.159053 6.381471 240.607197 29362.275904
339 -10.173590 -3.843476 4.742794 9.051667 16218.722089
339 -18.177464 -5.137522 8.457658 28.292773 51576.081295
339 -28.134883 -6.391600 7.746216 132.200855 43264.055498
339 -15.762929 -4.784158 10.997125 268.259562 87197.976494
339 -12.708381 -4.295682 3.770352 206.698160 10249.716106
339 -26.056833 -6.151030 6.965920 272.576133 34986.867303
339 -19.256173 -5.287764 6.979982 207.520159 35128.264823
339 -21.001781 -5.522238 5.052054 296.318414 18402.808046
339 -17.032433 -4.973079 8.121427 44.177549 47556.813761
339 -9.474152 -3.709003 11.500221 102.058671 95358.727562
339 -26.705464 -6.227118 7.792315 5.855625 43780.541298
340 9.257054 3.666262 2.702722 125.093231 5266.849442
340 12.357150 4.235905 3.291353 197.907543 7810.826427
340 11.295191 4.049802 2.397122 203.076252 4143.128392
340 20.914214 5.510713 8.417265 232.995290 51084.612935
340 19.146040 5.272621 4.850474 7.141229 16963.541303
340 9.659535 3.745115 5.669393 357.598230 23175.076104
340 9.230289 3.660958 9.338369 159.307114 62876.753434
340 5.755203 2.890795 6.304642 96.891475 28659.523109
340 13.926413 4.496832 7.021618 125.911237 35548.595657
340 16.788005 4.937267 12.632598 262.609822 115062.401776
340 11.512068 4.088497 4.512585 6.758660 14682.460194
340 7.848269 3.375779 9.926537 57.025956 71046.647327
340 5.224962 2.754410 4.592970 227.921995 15210.215639
340 13.074010 4.357039 11.907900 319.594369 102239.431436
340 16.208159 4.851253 4.757064 308.745767 16316.462246
340 -11.386588 -4.066154 1.092406 155.400612 860.430887
340 -9.639628 -3.741254 4.265657 52.515135 13119.582223
340 -14.974370 -4.662956 4.765689 334.868303 16375.685224
340 -10.687574 -3.939369 5.008118 144.534608 18084.112854
340 -11.800827 -4.139456 9.094569 350.255945 59636.519006
340 -21.015068 -5.523985 9.156247 294.917738 60448.154999
340 -15.155392 -4.691056 8.807558 18.055806 55931.839595
340 -21.064583 -5.530488 5.012399 152.287428 18115.045370
340 -26.848909 -6.243820 3.588834 111.991488 9286.557244
340 -10.959432 -3.989157 6.843234 23.998773 33765.314675
340 -18.022303 -5.115548 13.684062 87.796840 135013.791426
340 -5.807507 -2.903902 5.523760 93.004622 21999.743930
340 -25.130108 -6.040658 4.752896 240.486013 16287.885024
340 -15.707807 -4.775786 3.615096 166.786301 9422.966972
340 -34.589494 -7.086946 4.355179 345.148665 13676.029984
341 11.493867 4.085264 3.431257 106.458875 8488.961311
341 13.167842 4.372646 12.678810 304.777860 115905.762185
341 7.099560 3.210723 6.587979 270.232010 31293.377230
341 8.593792 3.532478 6.576938 15.167417 31188.573566
341 8.483513 3.509740 11.130569 286.701705 89327.011087
341 5.630446 2.859292 3.301314 22.295953 7858.174140
341 8.973229 3.609619 9.540215 62.595854 65624.249912
341 7.833277 3.372553 5.507897 42.023588 21873.572334
341 9.122882 3.639595 6.504326 100.028099 30503.706391
341 14.821219 4.639050 3.950195 148.061040 11250.844958
341 15.348710 4.720880 8.346800 294.820158 50232.876439
341 13.389652 4.409321 12.682582 89.221857 115974.738856
341 16.545627 4.901496 11.241488 142.030926 91116.219615
341 7.531022 3.306846 16.066092 115.216685 186109.509948
341 0.396887 -0.759138 14.914342 104.314980 160382.236700
341 -16.923877 -4.957206 4.185800 132.739675 12632.958116
341 -18.170264 -5.136504 6.848102 346.369871 33813.370148
341 -25.332005 -6.064875 16.780165 72.835842 203020.802413
341 -23.009987 -5.780231 6.776973 75.228207 33114.601437
341 -25.129086 -6.040535 6.490038 102.280932 30369.840122
341 -6.473819 -3.065966 9.388833 338.878127 63558.154774
341 0.752239 -1.045117 10.063223 89.368288 73016.707554
341 -23.472250 -5.838004 6.884217 348.482388 34170.961324
341 -11.601107 -4.104278 1.695261 174.795417 2072.150489
341 -23.077722 -5.788733 11.211126 247.069474 90624.684795
341 -15.043956 -4.673778 1.548931 68.792547 1729.865702
341 -9.007153 -3.616436 5.639481 345.098012 22931.176433
341 -11.227211 -4.037597 5.073617 119.761709 18560.236399
341 -13.296981 -4.394036 2.490456 183.988423 4472.039762
341 -20.324149 -5.432419 3.179458 151.893375 7288.771712
342 11.360122 4.061426 11.174482 340.356558 90033.244666
342 3.228406 2.165116 10.302716 227.922035 76533.492813
342 7.529825 3.306583 6.549867 244.686471 30932.358858
342 -5.182123 2.743095 9.412704 41.373835 63881.767203
342 5.974004 2.945234 3.053767 63.996711 6723.878281
342 18.820374 5.227586 3.401533 99.171386 8342.524277
342 14.297778 4.556394 3.969603 301.628433 11361.668719
342 17.982845 5.109945 6.908638 13.163041 34413.821517
342 5.666644 2.868468 13.156989 12.857211 124813.365506
342 13.123456 4.365270 7.531574 16.027937 40899.645919
342 7.983727 3.404786 3.598590 81.858694 9337.115143
342 16.020804 4.823133 5.649238 61.177745 23010.592338
342 7.714292 3.346841 6.842165 197.668867 33754.770056
342 9.248477 3.664563 6.714973 27.266322 32511.472899
342 -17.982522 -5.109899 11.129645 84.457083 89312.179067
342 -12.782864 -4.308252 6.158980 279.994292 27350.527728
342 -26.823465 -6.240861 5.033138 177.534391 18265.255213
342 -15.442732 -4.735318 9.466033 284.725349 64607.673967
342 -20.996487 -5.521542 3.612006 308.542363 9406.867404
342 -21.364876 -5.569770 8.882015 232.733521 56881.511189
342 -20.538540 -5.460996 15.468092 45.264103 172512.900821
342 -19.056061 -5.260216 5.447382 352.977712 21395.565069
342 -25.703537 -6.109188 7.436252 51.281796 39870.922531
342 -23.960166 -5.898369 3.309264 280.840683 7896.067242
342 -25.734746 -6.112896 5.543267 263.624437 22155.403445
342 -20.961314 -5.516915 9.908537 12.198171 70789.224452
342 -11.029550 -4.001897 2.910640 53.939774 6108.365038
342 -13.108925 -4.362853 7.724401 100.825961 43020.721186
342 -14.611020 -4.606036 13.800551 146.140598 137322.260231
342 -12.380591 -4.239921 3.393093 90.552837 8301.175524
343 5.275369 2.767665 3.947719 233.672528 11236.743470
343 11.161979 4.025851 2.688796 86.302586 5212.712125
343 12.020328 4.177777 7.830209 323.994947 44207.380683
343 4.273363 2.490990 5.916589 54.959902 25240.089681
343 13.301893 4.394847 23.063919 157.224039 383543.195417
343 19.202927 5.280448 6.454664 256.904445 30039.686533
343 12.015277 4.176899 9.410771 346.351746 63855.521937
343 12.026912 4.178921 2.478909 163.884716 4430.669811
343 11.306295 4.051793 6.563323 268.219548 31059.580739
343 4.772789 2.632529 9.526148 222.016836 65430.869634
343 18.674863 5.207338 2.601221 137.378736 4878.681738
343 15.186489 4.695866 2.953131 329.869511 6288.013782
343 8.998713 3.614742 8.996669 64.978488 58359.504319
343 -10.798806 -3.959815 4.157272 42.404976 12461.344681
343 -13.652058 -4.452317 8.542794 27.404616 52619.646178
343 -21.410316 -5.575690 4.910266 253.463411 17384.333146
343 -21.401966 -5.574602 19.198515 16.356310 265756.172247
343 -30.100706 -6.611125 10.501389 257.880869 79513.623077
343 -8.199912 -3.450576 19.596469 100.214903 276887.738648
343 -12.741169 -4.301220 8.458972 118.272214 51592.102776
343 -15.371686 -4.724412 10.674730 184.093008 82160.273931
343 -14.066901 -4.519457 16.530565 175.569802 197025.977901
343 -17.329760 -5.016298 6.131817 69.263010 27109.805052
343 -16.181404 -4.847247 11.060460 271.482498 88205.246832
343 -25.202733 -6.049380 3.176329 156.731647 7274.433346
343 -6.963122 -3.179721 7.852487 89.366203 44459.287619
343 -26.501396 -6.203281 3.927805 274.278305 11123.664008
343 -28.782083 -6.464697 5.514220 147.214476 21923.821761
343 -21.290930 -5.560122 9.640197 257.549713 67006.952751
344 6.872015 3.158851 2.618207 155.228851 4942.606773
344 5.051869 2.708402 4.210850 167.591042 12784.615352
344 14.664376 4.614438 5.037098 40.956642 18294.007020
344 7.228764 3.239807 6.634944 197.315252 31741.141315
344 12.879846 4.324565 6.719309 228.966493 32553.471466
344 10.569621 3.917570 5.223628 73.007621 19673.992203
344 23.051465 5.785439 8.245771 40.973791 49024.211974
344 8.952384 3.605425 5.077373 219.553978 18587.722398
344 9.043660 3.623758 3.960483 154.645353 11309.523593
344 11.155712 4.024720 2.170188 187.588385 3395.804178
344 11.862745 4.150301 3.531398 116.180234 8991.692050
344 10.183436 3.845335 9.520230 144.956323 65349.604299
344 -20.946506 -5.514966 4.574827 294.768233 15090.287095
344 -11.794735 -4.138387 3.393211 203.231955 8301.750782
344 -25.713136 -6.110329 4.809108 236.945970 16675.436610
344 -18.289269 -5.153298 19.423339 352.539620 272016.885272
344 -13.484543 -4.424917 4.089376 109.221047 12057.633384
344 -26.821545 -6.240637 3.564600 36.934603 9161.567525
344 -21.763157 -5.621445 10.790804 350.811769 83956.765570
344 -7.856353 -3.377517 6.543738 283.452415 30874.497443
344 -13.357396 -4.404007 9.644321 181.639085 67064.292029
344 -24.854219 -6.007408 4.589328 77.191466 15186.097778
344 -7.893245 -3.385438 2.241416 159.062463 3622.372715
344 -7.421699 -3.282757 4.079484 302.805734 11999.373687
344 -11.221946 -4.036650 5.879044 256.938131 24920.775192
344 -24.960275 -6.020211 11.965073 345.221923 103223.546872
344 -18.507244 -5.183916 7.341321 181.605734 38859.440735
344 -11.395922 -4.067821 4.022608 196.556677 11667.113823
344 -28.771073 -6.463460 4.911887 70.436227 17395.819446
345 12.515714 4.262995 8.750185 144.703307 55205.522829
345 0.788183 1.069795 8.293390 284.656452 49592.072657
345 10.529427 3.910114 6.892192 203.920544 34250.172272
345 13.776209 4.472516 9.619195 48.353940 66715.317360
345 1.156582 1.295911 6.549093 246.825023 30925.045373
345 9.347014 3.684033 10.992400 190.252779 87123.062007
345 3.310190 2.192368 3.271060 166.100944 7714.806550
345 12.191057 4.207341 8.483048 159.844166 51886.206407
345 4.901752 2.667858 6.575702 244.710599 31176.855508
345 12.009239 4.175849 8.289507 79.990030 49545.645312
345 5.723491 2.882820 6.149959 27.912757 27270.465827
345 15.017735 4.669703 3.642004 170.981216 9563.764824
345 -14.747869 -4.627556 7.987185 162.004755 45997.635752
345 -8.695639 -3.553348 7.320280 81.716613 38637.001880
345 -27.796871 -6.353090 18.052039 193.787500 234963.609226
345 -15.672778 -4.770458 11.971482 187.989764 103334.158168
345 -20.620291 -5.471853 7.782543 356.668165 43670.793333
345 -15.774466 -4.785908 4.447249 46.965647 14260.373214
345 -19.510413 -5.322557 5.048222 251.537870 18374.900433
345 -19.052293 -5.259696 6.675602 259.909152 32131.348338
345 -16.530587 -4.899268 3.460164 105.130902 8632.597418
345 -11.435189 -4.074823 3.947409 324.736701 11234.982805
345 -23.126595 -5.794859 4.128506 206.402462 12289.490488
345 -18.067026 -5.121892 15.004432 327.836052 162325.661928
345 -10.794183 -3.958968 2.005643 227.784990 2900.382038
345 -4.420021 -2.533373 2.694699 339.090594 5235.626043
345 -15.871946 -4.800673 3.375691 313.549766 8216.245745
345 -11.243911 -4.040599 7.106473 200.079648 36412.990535
345 -12.243750 -4.216424 5.080572 260.340126 18611.157066
346 5.688312 2.873947 3.473606 113.374704 8699.799621
346 20.291933 5.428111 4.503991 293.217430 14626.591895
346 4.529083 2.564438 5.460238 44.939663 21496.671406
346 10.009378 3.812331 5.872239 276.833156 24863.111189
346 5.278008 2.768357 8.890300 143.607091 56987.674780
346 7.912991 3.389670 6.346453 44.341625 29040.906749
346 11.780876 4.135955 4.673986 114.422708 15751.534265
346 15.480459 4.741098 3.499539 35.974944 8830.181945
346 7.915371 3.390179 5.869010 228.514291 24835.775455
346 6.313639 3.027798 2.654855 45.722490 5081.942824
346 10.186325 3.845881 11.459556 349.387084 94685.533281
346 -21.431492 -5.578446 4.315049 245.815818 13425.161658
346 -17.519731 -5.043718 8.856077 199.025362 56549.767085
346 -11.554355 -4.095999 7.732753 94.581668 43113.804650
346 -13.498646 -4.427231 7.330206 266.804540 38741.862061
346 -18.860045 -5.233092 3.722556 12.431419 9991.494355
346 -13.872876 -4.488180 8.986426 252.507218 58226.682228
346 -24.059838 -5.910625 8.234519 27.243484 48890.502908
346 -25.681597 -6.106580 9.273850 171.336299 62010.926540
346 -26.597782 -6.214551 14.068534 55.190321 142707.162991
346 -8.016327 -3.411731 3.289774 124.613688 7803.334663
346 -14.490394 -4.586983 6.056345 325.961557 26446.564280
346 -20.850104 -5.502261 9.333539 74.780809 62811.736444
346 -17.968994 -5.107977 5.154112 50.204575 19153.833888
346 -9.084529 -3.631937 3.024293 236.446827 6594.711640
346 -15.885320 -4.802695 2.198132 251.102118 3483.820527
346 -12.628262 -4.282120 3.778126 269.102827 10292.029043
346 -26.513523 -6.204700 16.698203 48.546537 201042.349121
347 6.255780 3.013893 5.023094 156.588880 18192.431162
347 13.350107 4.402805 9.684272 351.552838 67621.070034
347 10.499019 3.904464 20.128689 191.147276 292131.949403
347 9.020043 3.619023 4.403266 229.916318 13979.700051
347 6.189312 2.997839 3.763854 308.310448 10214.416724
347 11.129279 4.019949 8.977692 344.217069 58113.555877
347 11.731057 4.127201 3.824759 53.071038 10547.661761
347 7.832309 3.372345 11.162303 214.811129 89837.098284
347 14.177604 4.537206 5.238553 348.672431 19786.584425
347 14.399484 4.572572 11.606313 40.172825 97126.247195
347 1.185301 1.311902 3.111487 332.478185 6980.461656
347 -12.648540 -4.285557 3.473505 180.072132 8699.292908
347 -10.097919 -3.829155 5.927209 102.071120 25330.780408
347 -3.011590 -2.091149 4.747148 206.714753 16248.511900
347 -23.207907 -5.805038 3.144948 97.091248 7131.404010
347 -2.449737 -1.886022 6.066016 223.346141 26531.093221
347 -14.958596 -4.660499 5.063324 188.397830 18485.001060
347 -9.684537 -3.749959 4.225561 109.819139 12874.100254
347 -14.009758 -4.510268 7.305470 53.750913 38480.827307
347 -15.729799 -4.779128 8.783510 324.611824 55626.819788
347 -10.257148 -3.859227 6.175862 178.355821 27500.671344
347 -2.266182 -1.813988 1.914185 189.479702 2641.897564
347 -20.946721 -5.514994 10.051689 139.853624 72849.432500
347 -0.793268 -1.073240 9.841774 202.531474 69838.486997
347 -13.855185 -4.485318 19.632969 344.035446 277920.146875
347 -9.776772 -3.767774 5.764683 186.530509 23960.665990
347 -25.357375 -6.067911 7.100615 163.057707 36352.976349
347 -14.258858 -4.550189 9.527591 66.679460 65450.694135
348 9.885147 3.788599 5.823578 323.093749 24452.755555
348 15.279256 4.710187 21.087887 354.162472 320637.409290
348 7.625150 3.327448 4.688329 20.783797 15848.356813
348 15.608038 4.760595 4.583753 94.661139 15149.229854
348 12.240833 4.215922 4.070119 246.726548 11944.345757
348 11.548241 4.094916 11.245122 153.308208 91175.136959
348 7.336886 3.263946 7.726448 259.726448 43043.523313
348 6.174759 2.994312 10.191064 183.709962 74883.664659
348 7.876431 3.381830 7.819105 18.320047 44082.086418
348 5.668996 2.869063 2.304156 344.322390 3828.000407
348 -21.984844 -5.650004 6.522704 171.069807 30676.326607
348 -36.054695 -7.235490 9.268775 36.274407 61943.075211
348 -19.517495 -5.323522 10.113041 202.548072 73741.439856
348 -23.610115 -5.855124 13.278463 196.178225 127128.730556
348 -15.146482 -4.689677 3.888157 280.721199 10900.230482
348 -16.321203 -4.868141 4.465340 58.769876 14376.634384
348 -17.588191 -5.053562 6.504518 344.565895 30505.516115
348 -24.019502 -5.905668 4.621790 105.458387 15401.694769
348 -26.684181 -6.224636 7.059842 42.849980 35936.686932
348 -17.328436 -5.016106 2.944682 169.622059 6252.084431
348 -11.893581 -4.155692 6.220958 130.248745 27903.755027
348 -16.010483 -4.821579 4.537516 89.169276 14845.140664
348 -15.335718 -4.718882 3.948181 126.957150 11239.374161
348 -10.945745 -3.986665 4.097952 150.544184 12108.262532
348 -4.581769 -2.579311 2.954282 212.278950 6292.914522
348 -24.555524 -5.971200 6.503548 227.206422 30496.415205
348 -23.011906 -5.780472 4.006586 319.726293 11574.361857
348 -15.751181 -4.782375 12.863214 185.123221 119301.817279
349 9.048313 3.624690 12.831501 316.777785 118714.294579
349 5.506614 2.827674 12.981384 255.872083 121503.850078
349 14.817681 4.638496 4.297209 297.055086 13314.380783
349 8.625525 3.538994 5.131990 234.491516 18989.771981
349 8.142321 3.438438 7.081126 311.561250 36153.698743
349 2.878348 2.044366 13.773489 56.979418 136784.220925
349 9.052635 3.625555 2.074341 193.294860 3102.474563
349 8.615407 3.536918 2.777503 228.657696 5562.334960
349 14.027629 4.513144 6.323943 308.172199 28835.268245
349 -12.229841 -4.214028 2.961500 176.627792 6323.704780
349 -17.485962 -5.038854 4.694262 94.805421 15888.490772
349 -15.173047 -4.693788 2.160359 63.317949 3365.113585
349 -23.906673 -5.891781 4.294499 268.220484 13297.592816
349 -18.847302 -5.231324 5.354554 287.387693 20672.583078
349 -19.288883 -5.292253 10.596145 306.679513 80955.031931
349 -8.183531 -3.447128 10.157125 89.411514 74385.733069
349 -16.805716 -4.939870 18.176850 261.004447 238223.902842
349 -18.639207 -5.202364 6.297881 283.301319 28598.082908
349 -21.208186 -5.549308 11.076829 99.908728 88466.531412
349 -15.019303 -4.669947 3.731452 74.223186 10039.309375
349 -4.463447 -2.545788 4.435506 313.181927 14185.163404
349 -23.056798 -5.786108 4.310405 346.141438 13396.282563
349 -26.563805 -6.210580 6.577896 220.670625 31197.659736
349 -13.924578 -4.496536 9.149715 18.333568 60361.945290
349 -8.126051 -3.435001 13.277436 226.040786 127109.064504
349 -3.354423 -2.206968 11.488028 250.215691 95156.632459
349 -6.490345 -3.069877 5.590815 144.028296 22537.118016
350 15.374863 4.724901 5.617397 228.005042 22751.935794
350 9.708226 3.754542 7.453087 109.020017 40051.650461
350 2.061210 1.730008 5.786416 223.060289 24141.676570
350 10.335859 3.874006 7.838570 180.197418 44301.838958
350 14.967955 4.661957 6.880848 141.709729 34137.519041
350 8.737969 3.561987 3.225728 190.038338 7502.457935
350 10.709290 3.943369 10.998236 15.102883 87215.597265
350 11.584033 4.101257 8.970532 197.853887 58020.899535
350 12.123099 4.195598 8.651741 250.874699 53970.334197
350 -19.452810 -5.314693 10.225188 283.669877 75386.002438
350 -16.148895 -4.842375 6.742802 81.603452 32781.501720
350 -23.302344 -5.816836 11.296050 324.430276 92002.846977
350 0.186985 -0.521064 8.528252 164.498114 52440.658135
350 -6.587073 -3.092668 7.690777 351.856521 42647.005186
350 -12.004430 -4.175013 9.951757 266.686506 71408.114639
350 -23.481175 -5.839114 6.835050 129.962733 33684.603199
350 -22.410318 -5.704414 6.141430 260.693684 27194.878161
350 -23.208906 -5.805163 7.380633 296.289256 39276.728128
350 -22.846576 -5.759670 12.497012 45.505906 112605.725940
350 -24.546186 -5.970065 4.495830 304.153713 14573.631365
350 -13.326283 -4.398874 3.877826 354.648350 10842.379507
350 -17.336498 -5.017273 11.671601 300.200012 98222.032324
350 -26.703241 -6.226859 7.497077 74.152130 40525.843587
350 -14.635918 -4.609959 4.879857 7.887872 17169.684127
350 -18.030028 -5.116645 9.886434 104.819043 70473.761704
350 -28.605771 -6.444866 6.046757 325.521200 26362.891694
350 -19.403423 -5.307943 7.351641 200.594666 38968.767117
351 6.512751 3.075171 8.867087 283.923926 56690.463892
351 20.291554 5.428061 4.750182 96.411883 16269.289992
351 1.981403 1.696186 5.770034 187.480536 24005.174661
351 10.272257 3.862069 5.735850 226.651405 23721.582768
351 12.431458 4.248622 5.945854 250.907160 25490.394951
351 1.804729 1.618800 4.055822 291.552106 11860.579244
351 15.263295 4.707726 4.428302 174.717664 14139.122009
351 2.401722 1.867448 5.943048 36.385720 25466.343032
351 -15.499733 -4.744049 4.664581 71.715256 15688.210379
351 -23.739884 -5.871193 20.047799 336.923459 289788.722350
351 -21.717877 -5.615594 6.087704 261.759399 26721.150161
351 -12.165475 -4.202924 19.904147 210.238957 285650.662709
351 -14.760309 -4.629507 8.727607 269.410735 54920.999125
351 -18.642864 -5.202875 9.192544 141.477162 60928.366989
351 -29.426675 -6.536686 4.116085 152.656188 12215.654431
351 -9.303420 -3.675432 4.661038 283.425448 15664.383646
351 -5.048236 -2.707428 7.171951 151.325025 37087.086256
351 -14.333329 -4.562056 6.963538 90.132267 34962.939975
351 -5.193457 -2.746094 7.185761 351.703515 37230.044341
351 -25.011556 -6.026392 6.260160 262.076996 28256.534735
351 -16.289333 -4.863386 4.953831 54.773166 17694.180636
351 -15.638992 -4.765313 8.288520 297.279712 49533.842301
351 -16.686529 -4.922322 2.594514 139.137844 4853.557238
351 -18.028173 -5.116381 14.649928 306.090049 154745.866793
351 -14.579234 -4.601023 5.440761 334.478784 21343.581672
351 -12.676680 -4.290321 7.184145 170.792918 37213.301094
352 4.593045 2.582482 6.409860 75.005932 29624.095355
352 10.448911 3.895135 4.910415 293.608144 17385.389573
352 11.138757 4.021661 7.972100 106.532187 45824.055557
352 14.464045 4.582811 14.728722 298.364697 156414.927156
352 20.075336 5.399064 5.262879 73.613051 19970.772201
352 9.970814 3.804980 16.310711 278.734944 191819.977641
352 12.069403 4.186296 5.345170 100.400788 20600.187352
352 -14.012857 -4.510767 9.327613 67.335435 62731.999881
352 -18.023117 -5.115664 15.568412 115.383436 174757.846491
352 -25.127920 -6.040395 2.615454 99.696257 4932.217588
352 -17.331526 -5.016554 5.479319 96.162499 21647.176844
352 -20.357418 -5.436863 5.899643 61.245804 25095.715486
352 -13.684411 -4.457590 15.790831 343.636776 179786.896090
352 -13.477711 -4.423796 2.364772 358.541314 4032.057850
352 3.093326 -2.119336 10.088760 254.107435 73387.765288
352 -10.860753 -3.971157 11.911401 83.824453 102299.560822
352 -17.986060 -5.110402 5.257945 102.272139 19933.345232
352 -20.235361 -5.420540 16.353736 215.110442 192833.307690
352 -23.776335 -5.875699 7.284093 179.906913 38255.958268
352 -4.551614 -2.570809 3.642658 217.329941 9567.201905
352 -19.023911 -5.255777 10.230778 89.775181 75468.448432
352 -2.816705 -2.022357 7.286576 121.973728 38282.038343
352 -14.669066 -4.615176 2.207289 65.485656 3512.904298
352 -10.737352 -3.948532 15.962698 126.202548 183721.781831
352 -7.196799 -3.232635 10.408106 185.862327 78107.272161
353 3.527895 2.263314 1.703172 211.066758 2091.535013
353 5.347462 2.786512 3.682441 73.344293 9777.316053
353 5.770579 2.894655 8.767546 32.971579 55424.803976
353 9.716046 3.756054 8.891455 305.095618 57002.482994
353 6.030518 2.959132 4.897776 65.062345 17296.011819
353 17.288542 5.010329 12.007167 184.525377 103951.120981
353 9.297351 3.674233 6.232933 185.125518 28011.278798
353 -15.317123 -4.716020 2.484313 300.793364 4450.006612
353 -18.912502 -5.240365 10.504075 332.765421 79554.314354
353 -12.018150 -4.177398 8.967777 40.914337 57985.266886
353 -19.313240 -5.295593 7.090732 66.484908 36251.856883
353 -17.495170 -5.040181 2.977575 19.542213 6392.541931
353 -12.871366 -4.323141 6.847227 337.541462 33804.732773
353 -20.264278 -5.424411 4.251387 181.663119 13031.947966
353 -5.730992 -2.884708 6.416709 91.786301 29687.443146
353 -11.562855 -4.097506 8.253951 266.350628 49121.520568
353 -31.489059 -6.761871 13.025709 218.495089 122335.017090
353 -18.946876 -5.245125 13.617978 216.802989 133712.907122
353 -21.764122 -5.621570 5.168069 73.821220 19257.708969
353 -15.247096 -4.705227 6.970326 15.009173 35031.141582
353 -16.076547 -4.831516 3.867948 105.524197 10787.217011
353 -25.303792 -6.061496 3.521156 14.300562 8939.609225
353 -12.807009 -4.312319 5.228633 107.527134 19711.715296
353 -27.093354 -6.272179 7.058546 29.427974 35923.489615
353 -14.040370 -4.515193 8.313672 146.275340 49834.932754
354 10.407489 3.887407 6.571679 344.369920 31138.724198
354 7.412345 3.280688 4.099403 208.117743 12116.838330
354 12.237536 4.215354 8.803226 60.758413 55876.835947
354 7.713276 3.346621 6.362323 196.282778 29186.333363
354 14.180851 4.537725 2.071910 19.750141 3095.208748
354 3.611524 2.289983 16.588043 65.255414 198398.487349
354 -11.565189 -4.097919 3.119600 228.981451 7016.908129
354 -10.524734 -3.909242 2.640753 233.104983 5028.095013
354 -8.847140 -3.584169 6.132838 270.279420 27118.834023
354 -5.903531 -2.927811 4.285508 277.045624 13241.972707
354 -17.620742 -5.058237 32.551344 169.050680 763986.904351
354 -14.953699 -4.659737 5.881294 264.190015 24939.851747
354 -18.401364 -5.169066 13.990628 215.556771 141131.024613
354 -13.756715 -4.469351 10.994616 33.867725 87158.187112
354 -7.351871 -3.267277 9.121071 187.284454 59984.600550
354 -18.680602 -5.208138 9.133996 29.425675 60154.721181
354 -8.340612 -3.480054 16.085757 25.656774 186565.382429
354 -25.693128 -6.107951 3.150001 342.702230 7154.338542
354 -17.802261 -5.084223 4.573752 203.743516 15083.192175
354 -19.495436 -5.320513 3.963409 147.351480 11326.244317
354 -7.578924 -3.317346 4.904768 33.949351 17345.427767
354 -19.896117 -5.374910 4.555244 259.137300 14961.372235
354 -12.454321 -4.252527 3.829890 138.659510 10575.981262
354 -4.501275 -2.556553 2.674049 320.245921 5155.691681
355 3.043521 2.102206 6.245786 108.373718 28126.926116
355 2.666541 1.967710 8.960797 160.342406 57895.034954
355 11.030514 4.002072 4.133492 235.936317 12319.190899
355 5.563102 2.842141 13.290302 0.402214 127355.511377
355 11.082184 4.011435 13.913076 17.822510 139570.742036
355 13.683839 4.457497 3.824503 107.535764 10546.252059
355 -14.984480 -4.664530 9.500690 54.892363 65081.622777
355 -23.501638 -5.841658 5.424672 358.044889 21217.537597
355 -27.052862 -6.267490 27.300057 188.791963 537372.201768
355 -4.830090 -2.648285 13.091143 95.828513 123567.208329
355 -10.554660 -3.914796 2.849469 276.363711 5854.311186
355 -18.344967 -5.161139 5.124894 129.590198 18937.287637
355 -7.245139 -3.243474 5.532030 194.365322 22065.670401
355 -22.129652 -5.668581 6.241656 213.266814 28089.738860
355 -16.411160 -4.881538 5.291084 164.410293 20185.404147
355 -23.178610 -5.801372 6.592270 21.782888 31334.160636
355 -8.135492 -3.436996 7.034504 304.506587 35679.192038
355 -18.456024 -5.176737 0.626170 214.775077 282.704816
355 -15.484778 -4.741760 22.364514 9.718725 360634.284971
355 -1.547754 -1.499126 9.173708 339.843535 60678.930495
355 -6.859533 -3.155981 3.263398 288.966461 7678.707743
355 -7.614960 -3.325224 6.191459 357.537782 27639.747290
355 -22.880328 -5.763923 5.455283 197.896101 21457.673644
355 -17.484226 -5.038604 4.319755 26.045816 13454.459939
356 6.958799 3.178734 5.192936 141.089850 19443.478859
356 7.007368 3.189808 8.392730 102.178813 50787.233573
356 2.529686 1.916551 5.176683 345.714898 19321.960446
356 9.149249 3.644851 4.941979 48.117510 17609.617205
356 1.077059 1.250567 2.894231 324.773032 6039.688015
356 -8.947597 -3.604460 14.329245 244.899845 148045.316176
356 -5.719266 -2.881756 7.197628 267.636465 37353.123002
356 -28.597348 -6.443917 4.132176 297.902426 12311.348906
356 -15.858476 -4.798636 27.137782 163.892704 531002.746041
356 -9.393641 -3.693210 19.773934 268.677084 281925.428741
356 -6.795887 -3.141305 11.787372 127.124833 100180.242352
356 -18.414374 -5.170893 9.930926 135.679292 71109.494719
356 -18.619029 -5.199548 7.646572 41.283116 42158.162994
356 -7.184332 -3.229834 15.669691 23.787799 177038.985223
356 -16.233279 -4.855010 4.545652 271.277796 14898.425092
356 -6.308824 -3.026643 3.455399 259.337969 8608.835937
356 -21.430621 -5.578333 3.382548 288.239495 8249.658197
356 -10.554262 -3.914723 11.686897 160.404219 98479.656531
356 -21.141415 -5.540565 9.479505 308.360735 64791.699587
356 -21.287956 -5.559734 5.177328 341.667443 19326.774195
356 -8.379095 -3.488073 3.705559 357.046768 9900.462329
356 -10.398475 -3.885723 4.435946 56.233993 14187.978591
356 -21.138408 -5.540171 6.992710 40.815130 35256.491652
356 -30.267573 -6.629425 8.904408 260.334323 57168.677971
357 8.439772 3.500680 9.087466 121.421139 59543.408260
357 12.019043 4.177553 5.449700 332.501270 21413.780205
357 5.918203 2.931447 6.836789 306.617222 33701.747529
357 14.525715 4.592570 3.414164 109.325508 8404.593824
357 10.177373 3.844190 4.637465 296.974911 15506.343678
357 -37.647153 -7.393552 29.662139 78.376061 634385.160470
357 -26.337830 -6.184108 2.145994 38.824899 3320.512134
357 -14.063239 -4.518869 6.558020 17.157211 31009.410984
357 -13.520053 -4.430740 7.039404 145.056232 35728.912922
357 -10.517351 -3.907871 11.292184 52.371371 91939.887312
357 -16.970103 -4.963972 12.436564 13.389733 111519.008502
357 -16.477997 -4.891468 8.857934 98.810720 56573.486953
357 -11.425838 -4.073156 2.482529 4.386956 4443.617096
357 -12.159719 -4.201930 4.660618 149.497648 15661.564865
357 -12.161810 -4.202291 8.526743 147.634919 52422.103057
357 -20.805932 -5.496429 11.122527 85.596237 89197.980976
357 -21.464758 -5.582774 4.053759 38.870768 11848.513111
357 -15.354373 -4.721751 16.255880 167.679726 190532.500999
357 -11.486534 -4.083961 6.097306 293.923673 26805.512295
357 -15.695382 -4.773896 16.037620 317.222558 185450.447010
357 2.107859 -1.749475 3.551538 314.123996 9094.543802
357 -19.502669 -5.321500 13.166205 209.659476 124988.276247
357 -17.233070 -5.002284 19.982653 38.103323 287908.407903
357 -11.477484 -4.082351 5.191196 174.535497 19430.453029
358 5.460106 2.815708 12.724196 75.437167 116737.064022
358 5.469154 2.818040 5.646527 93.173544 22988.510510
358 9.522484 3.718452 3.676743 209.475674 9747.081008
358 4.356967 2.515239 18.206971 112.883013 239014.085640
358 -19.363797 -5.302520 2.192017 193.680583 3464.461576
358 -15.609061 -4.760751 3.580928 248.299480 9245.689800
358 -3.961482 -2.398368 9.151405 309.979370 60384.248495
358 -9.695605 -3.752101 8.181168 203.197768 48259.041181
358 -17.558946 -5.049359 8.290058 10.802308 49552.236833
358 -11.349046 -4.059446 6.431348 35.790652 29823.051929
358 -9.998512 -3.810261 4.167716 268.316047 12524.037159
358 -7.485292 -3.296791 22.320898 62.441327 359229.016108
358 -16.133065 -4.840001 6.231008 48.714666 27993.986354
358 -14.759499 -4.629380 3.190199 202.561835 7338.101307
358 -9.814586 -3.775053 14.473283 183.886338 151036.598598
358 -8.296714 -3.470884 5.347002 112.541645 20614.308731
358 -16.782076 -4.936395 3.714521 327.633198 9948.408367
358 -27.568757 -6.326968 8.645917 146.307107 53897.698579
358 -7.015351 -3.191624 4.435562 133.873298 14185.521752
358 -1.567315 -1.508569 7.675869 54.703159 42481.826487
358 -10.221120 -3.852444 3.891068 112.874021 10916.554909
358 -19.011778 -5.254101 12.593345 27.164513 114348.446480
358 -1.722616 -1.581544 7.156622 143.164200 36928.715885
359 5.386345 2.796624 11.841140 76.021130 101096.261647
359 3.907146 2.381863 13.019294 316.529990 122214.555109
359 4.156242 2.456617 8.885696 215.256733 56928.657987
359 10.843989 3.968091 2.609635 105.233118 4910.295289
359 -9.256649 -3.666181 3.583702 162.642026 9260.019160
359 -32.834822 -6.904852 5.506873 252.082074 21865.441107
359 -10.248761 -3.857649 7.585374 35.579197 41486.045817
359 -16.923131 -4.957097 12.893578 86.301582 119865.707792
359 -10.132005 -3.835613 5.379587 332.017761 20866.327220
359 -16.080440 -4.832101 10.183997 350.042514 74779.847729
359 -9.157755 -3.646545 1.594919 114.247873 1834.109538
359 -7.075969 -3.205383 14.986727 200.795096 161942.815126
359 -11.466232 -4.080350 5.897707 265.790894 25079.243496
359 -14.247067 -4.548307 6.385215 336.122161 29396.733439
359 -15.193833 -4.697002 5.221375 299.259200 19657.027183
359 -20.423931 -5.445738 3.334992 256.787414 8019.324330
359 -15.715618 -4.776973 3.630749 307.012226 9504.747596
359 -12.480722 -4.257032 4.473707 276.064442 14430.558056
359 -3.392050 -2.219311 6.273461 81.719705 28376.734380
359 -11.567195 -4.098275 8.961363 57.664157 57902.356895
359 6.020951 -2.956784 6.678689 292.847301 32161.068565
359 -8.467246 -3.506373 4.527847 272.442375 14781.945523
359 -12.202459 -4.209308 7.127844 279.150838 36632.317152
360 6.464801 3.063830 4.686964 328.028985 15839.126846
360 11.870145 4.151596 3.317118 346.398705 7933.594601
360 10.508217 3.906174 4.636269 116.526466 15498.346454
360 -14.919535 -4.654411 4.397804 206.554567 13945.042834
360 -16.441929 -4.886112 6.380317 304.088915 29351.650209
360 -16.122663 -4.838441 12.772647 48.032746 117627.777328
360 -9.568397 -3.727405 1.878279 339.754442 2543.714150
360 -4.354061 -2.514400 4.728896 83.906575 16123.809039
360 -21.544377 -5.593118 4.696621 124.223456 15904.468124
360 -10.750570 -3.950961 7.338344 261.627722 38827.930579
360 -6.222318 -3.005821 7.240536 99.640925 37799.802784
360 -15.053304 -4.675230 10.852087 67.564827 84913.080998
360 -17.631852 -5.059831 14.052266 33.335576 142377.314628
360 -7.834784 -3.372878 6.374729 130.844447 29300.267017
360 -4.374592 -2.520321 11.848337 157.032464 101219.187339
360 -2.410172 -1.870730 5.141860 165.443034 19062.884638
360 -14.538244 -4.594550 4.679800 186.784191 15790.748052
360 -25.061523 -6.032409 16.411301 296.267515 194193.236963
360 -5.582635 -2.847126 5.209574 219.340396 19568.276320
360 -6.076250 -2.970331 7.267038 19.569306 38077.020402
360 -3.062951 -2.108905 6.655829 299.862055 31941.289798
360 -8.813647 -3.577378 5.769106 351.971455 23997.446959
361 6.701701 3.119461 6.694894 46.673723 32317.327355
361 9.269332 3.668692 8.361007 110.790471 50404.030871
361 14.888675 4.649594 5.905571 26.901130 25146.167086
361 -21.018930 -5.524492 3.615884 173.754354 9427.075249
361 -8.219754 -3.454749 4.796422 304.225102 16587.573119
361 -15.953072 -4.812926 4.417350 309.661803 14069.274164
361 -23.752748 -5.872783 3.352916 309.159506 8105.753307
361 -15.572588 -4.755185 4.469618 169.930204 14404.193727
361 -22.180147 -5.675044 7.639129 323.651111 42076.122948
361 -15.698195 -4.774324 6.171292 38.316850 27459.983760
361 -18.211235 -5.142292 4.483217 314.630226 14491.978551
361 -10.338605 -3.874521 6.747012 311.531400 32822.449740
361 -12.115094 -4.194213 3.750682 59.714487 10143.047895
361 -13.134825 -4.367161 24.568417 240.371671 435213.571925
361 -19.763882 -5.357019 17.726143 323.311460 226556.526914
361 -14.267740 -4.551606 14.143695 305.689354 144236.054476
361 -2.111031 -1.750791 7.377043 149.314362 39238.526688
361 -2.067686 -1.732724 29.285074 10.261329 618359.061805
361 -15.850982 -4.797502 5.130351 255.014074 18977.641264
361 -2.289645 -1.823354 7.866916 162.882502 44622.828650
361 -12.832246 -4.316566 4.546673 225.979313 14905.121942
362 9.038856 3.622795 7.499506 288.760104 40552.105823
362 17.951876 5.105543 9.614496 196.189280 66650.153412
362 -19.517183 -5.323480 5.189402 160.064853 19417.029293
362 -7.651543 -3.333201 3.025087 42.368686 6598.175605
362 -13.698881 -4.459946 11.742679 311.616787 99421.984060
362 -4.879019 -2.661664 5.339825 78.829605 20559.008369
362 -13.584359 -4.441264 4.196109 178.259584 12695.259763
362 -14.391832 -4.571356 5.034694 241.211878 18276.550370
362 -21.218093 -5.550604 9.930526 192.225559 71103.767131
362 -28.183730 -6.397146 6.109719 180.435442 26914.761723
362 -2.899283 -2.051787 5.406817 212.619662 21078.098113
362 -12.294207 -4.225103 7.678233 297.210085 42508.002497
362 -9.642961 -3.741901 6.469524 170.971110 30178.161440
362 -12.868789 -4.322708 11.374763 353.336512 93289.500911
362 -19.114141 -5.268226 5.116135 100.541290 18872.613933
362 -17.352654 -5.019610 3.752690 183.852106 10153.913097
362 -25.034927 -6.029207 7.776526 248.303600 43603.299710
362 -9.881713 -3.787941 11.757092 229.916923 99666.194369
362 -12.132321 -4.197193 5.880503 78.793142 24933.142548
362 -18.867472 -5.234123 2.161818 224.180060 3369.663215
363 7.708718 3.345632 7.725981 23.282840 43038.321058
363 7.266645 3.248284 13.577077 306.013820 132910.902198
363 -12.184389 -4.206190 3.048892 321.269461 6702.428303
363 -17.322711 -5.015278 4.140916 279.633209 12363.487028
363 -13.835017 -4.482052 14.094906 326.468681 143242.675377
363 -22.215335 -5.679544 13.780871 99.186293 136930.880448
363 -16.295241 -4.864267 18.940889 191.260788 258671.622891
363 -12.991409 -4.343254 13.538840 233.275862 132163.329817
363 -17.633458 -5.060061 8.069132 350.906870 46946.341240
363 -17.272357 -5.007983 5.156042 319.750586 19168.183612
363 -16.166037 -4.844945 10.893160 190.018974 85557.058355
363 -13.316284 -4.397224 4.686040 106.379433 15832.882963
363 -10.992492 -3.995169 7.934354 346.101472 45391.150259
363 -16.311645 -4.866715 7.302047 56.127040 38444.774834
363 -16.718479 -4.927032 11.093715 5.431227 88736.455104
363 -2.490373 -1.901600 15.542361 17.473116 174173.485673
363 -24.624357 -5.979564 2.387229 158.948763 4109.001839
363 -2.516240 -1.911451 10.314621 245.164990 76710.471139
363 -15.374179 -4.724796 6.578694 347.869921 31205.237910
363 -28.108582 -6.388612 4.513086 16.844615 14685.722015
364 6.722638 3.124330 11.340922 40.410544 92735.234424
364 6.671988 3.112538 10.446681 295.408993 78687.315563
364 -6.832443 -3.149743 5.170586 293.621778 19276.477384
364 -8.411529 -3.494818 17.731304 308.058759 226688.454149
364 -10.094509 -3.828509 5.998790 291.357287 25946.300331
364 -7.943059 -3.396104 9.273651 107.056814 62008.269992
364 -0.921389 -1.156668 2.557184 99.947328 4714.896874
364 -19.864793 -5.370677 1.611418 296.682615 1872.252820
364 -19.450358 -5.314358 6.245520 269.739924 28124.530410
364 -8.099885 -3.429466 2.834251 308.204771 5791.950479
364 -14.196057 -4.540157 3.149364 301.135117 7151.442914
364 -15.252447 -4.706053 6.150449 210.765870 27274.813032
364 -5.148677 -2.734229 8.559028 18.801503 52819.831622
364 -7.825489 -3.370876 4.593630 270.740870 15214.583431
364 -10.558798 -3.915564 5.198541 38.853520 19485.478742
364 -19.643250 -5.340645 2.933285 238.377375 6203.782192
364 -5.933855 -2.935320 4.512468 338.599355 14681.701216
364 -17.247351 -5.004357 10.462001 188.477959 78918.270421
364 -23.646725 -5.859662 5.226361 183.875752 19694.588850
364 -3.994735 -2.408414 14.620898 308.448020 154133.187171
365 3.158601 2.141581 9.480965 48.507728 64811.662337
365 -9.516915 -3.717364 4.329777 81.451007 13516.961493
365 -15.422540 -4.732221 11.821491 150.852395 100761.025800
365 -14.492798 -4.587364 16.002058 5.276517 184628.921327
365 -16.436327 -4.885280 12.164766 76.217341 106697.835178
365 -20.480340 -5.453253 3.635832 291.748686 9531.376051
365 -8.715303 -3.557364 4.121194 268.334610 12245.996949
365 -23.985613 -5.901501 7.114058 245.612332 36490.757064
365 -12.655918 -4.286806 11.961349 276.015990 103159.298320
365 -16.086307 -4.832982 11.280186 27.375944 91744.617342
365 -12.604563 -4.278100 4.175753 137.440068 12572.382653
365 -14.079544 -4.521488 4.720101 43.226823 16063.885835
365 -17.323240 -5.015354 7.784895 239.141544 43697.200212
365 -17.868076 -5.093613 4.034414 11.502730 11735.700174
365 -14.439170 -4.578868 8.732298 215.609343 54980.059704
365 -2.487316 -1.900433 7.850692 334.470252 44438.972133
365 -20.467952 -5.451603 8.992936 99.871533 58311.073274
365 -15.655288 -4.767795 6.386846 17.457588 29411.759928
365 -10.789901 -3.958182 5.867193 135.144078 24820.398855
366 11.538257 4.093145 6.239140 53.568393 28067.103471
366 -10.081476 -3.826037 15.078976 20.899643 163942.591547
366 -15.456712 -4.737460 7.581564 327.292129 41444.384541
366 -21.581700 -5.597961 6.694852 255.429418 32316.925483
366 -10.057868 -3.821554 6.295927 4.539603 28580.343055
366 -11.309774 -4.052416 6.001204 288.308376 25967.181315
366 -8.837469 -3.582210 3.562501 10.051522 9150.777911
366 -9.181800 -3.651329 4.760195 316.780410 16337.947912
366 -11.077149 -4.010523 8.259836 95.783917 49191.592524
366 -11.473212 -4.081592 9.719695 26.536882 68116.665540
366 -10.311739 -3.869484 2.576334 17.744061 4785.775834
366 -23.703842 -5.866734 14.143760 244.115703 144237.389719
366 -17.623544 -5.058639 8.949215 130.713680 57745.480632
366 -19.732905 -5.352819 1.403180 128.767925 1419.627982
366 -24.417853 -5.954438 5.667958 85.854723 23163.347542
366 -4.917469 -2.672132 5.416265 53.834325 21151.824385
366 -5.606123 -2.853109 5.576014 80.090398 22417.946422
366 -17.266467 -5.007129 8.459905 3.733835 51603.489376
366 -13.971177 -4.504054 7.475673 135.171341 40294.772756
367 10.997189 3.996022 2.290568 77.636377 3782.982959
367 -5.992966 -2.949905 11.067945 75.353682 88324.683179
367 -9.682863 -3.749635 7.422787 33.517424 39726.660177
367 -17.568992 -5.050804 9.778001 168.504520 68936.346533
367 -10.743660 -3.949692 6.069515 288.952465 26561.713198
367 -15.730117 -4.779176 5.653426 158.709372 23044.722496
367 -9.448594 -3.703997 4.396378 142.587704 13935.996522
367 -5.837808 -2.911468 7.508889 228.638074 40653.644645
367 -13.200151 -4.378007 14.180301 198.541916 144983.636574
367 -13.514560 -4.429840 4.116446 206.004114 12217.796072
367 -16.174368 -4.846193 6.469440 36.331966 30177.374334
367 -17.122227 -4.986171 17.219805 336.541805 213798.442215
367 -12.160147 -4.202004 8.004087 212.852061 46192.517235
367 -5.861430 -2.917352 10.999036 243.432436 87228.274452
367 -16.536840 -4.900194 16.560966 315.596317 197751.328300
367 8.330141 -3.477869 7.323934 82.342976 38675.590268
367 -7.545693 -3.310066 5.608094 10.653421 22676.637965
367 -21.997593 -5.651642 3.804088 345.951255 10433.960430
367 -19.266198 -5.289140 13.195220 35.413601 125539.776365
368 -3.145742 -2.137217 11.580341 238.597166 96692.044266
368 -25.585293 -6.095120 6.706456 57.608416 32429.052740
368 -13.904132 -4.493234 4.729280 99.449184 16126.425591
368 -7.199470 -3.233235 8.977094 74.171047 58105.821517
368 -13.571545 -4.439169 5.234355 93.349340 19754.879164
368 -18.772511 -5.220934 10.037547 106.131829 72644.584151
368 -21.716122 -5.615367 7.009602 353.513563 35427.034366
368 -16.519849 -4.897676 3.737987 355.066461 10074.504693
368 -26.209561 -6.169030 2.828241 64.870607 5767.412843
368 -17.730523 -5.073969 12.240151 67.638236 108024.332633
368 -5.590301 -2.849080 5.611020 356.679219 22700.306858
368 -10.504247 -3.905436 8.764885 335.486157 55391.168562
368 -11.906267 -4.157908 6.051830 190.059176 26407.145348
368 -11.133329 -4.020680 6.860551 127.694006 33936.418667
368 -8.991937 -3.613380 8.600181 71.564280 53328.978093
368 -20.876018 -5.505679 8.439312 320.134353 51352.572321
368 -18.544014 -5.189063 11.992405 71.174257 103695.677896
368 -25.157026 -6.043892 10.378050 55.339181 77656.811801
369 -24.487516 -5.962926 8.356644 214.689365 50351.441555
369 -9.574250 -3.728545 7.448722 130.319932 40004.759045
369 -14.359358 -4.566196 9.187631 326.288834 60863.249043
369 -9.991945 -3.809009 11.710722 125.772516 98881.584324
369 -14.494087 -4.587568 2.951450 252.051949 6280.858129
369 -9.583604 -3.730366 8.185675 0.117223 48312.228035
369 -20.448376 -5.448996 4.527593 185.752981 14780.285938
369 -4.938005 -2.677706 16.297304 355.879462 191504.772820
369 -27.833251 -6.357246 6.317965 269.386570 28780.779697
369 -12.180439 -4.205508 10.016757 287.191918 72343.965976
369 -5.707285 -2.878736 6.041719 182.430508 26318.985831
369 -14.127601 -4.529198 7.313751 203.896038 38568.113712
369 -7.855757 -3.377389 6.155437 86.033101 27319.062163
369 -18.104698 -5.127229 1.875275 60.017273 2535.584708
369 -20.960899 -5.516860 4.911501 201.417613 17393.083716
369 -4.251926 -2.484734 2.614082 26.016106 4927.045176
369 -5.404375 -2.801301 19.774540 82.158157 281942.706601
370 -12.940259 -4.334695 9.653576 338.010306 67193.071655
370 -12.072233 -4.186787 13.348527 255.182083 128473.862229
370 -13.778206 -4.472840 6.666092 341.403820 32039.866760
370 -8.130956 -3.436037 23.491104 27.995420 397882.579048
370 -17.515387 -5.043092 3.267064 67.421612 7695.970908
370 -12.807964 -4.312480 6.245092 37.626462 28120.671410
370 -6.954056 -3.177651 5.956337 280.219601 25580.352457
370 -13.424523 -4.415059 28.146088 225.019424 571194.697361
370 -18.107165 -5.127578 3.686354 195.908053 9798.105867
370 -4.793997 -2.638371 7.993322 295.669933 46068.355134
370 -10.087120 -3.827107 10.831164 187.227623 84585.970970
370 -13.918647 -4.495578 6.219752 169.260105 27892.936862
370 -19.377316 -5.304371 8.489000 347.728373 51959.048753
370 -10.527682 -3.909790 5.719631 185.805453 23587.622017
370 -19.598178 -5.334515 35.533934 147.052808 910405.060429
370 -17.466930 -5.036111 1.878706 162.826115 2544.871610
370 -15.159955 -4.691762 14.541302 255.534068 152459.558524
371 -4.091932 -2.437537 10.033042 292.141808 72579.387261
371 -7.609342 -3.323997 4.510436 151.080115 14668.478128
371 -17.416349 -5.028814 2.812183 335.209873 5702.104531
371 -15.564757 -4.753990 5.222018 206.433451 19661.866117
371 -14.943446 -4.658139 4.227425 226.134870 12885.461670
371 -14.369903 -4.567872 9.457731 310.259674 64494.400600
371 -11.971486 -4.169280 6.666357 231.137013 32042.407909
371 -15.418869 -4.731658 9.068568 181.169985 59296.017278
371 -8.396930 -3.491784 4.961895 74.503708 17751.835413
371 -13.658155 -4.453311 9.911021 203.136445 70824.726218
371 -16.214256 -4.852165 6.346463 219.880335 29040.996833
371 1.138145 -1.285541 9.079260 14.676844 59435.917810
371 -13.247378 -4.385832 6.562499 33.198511 31051.782183
371 -10.611505 -3.925324 6.386793 309.532049 29411.267336
371 -17.915963 -5.100434 3.839281 288.677084 10627.908871
371 -10.656684 -3.933672 1.911304 229.700021 2633.951061
371 -18.939555 -5.244112 10.527018 202.352742 79902.218510
372 -13.031353 -4.349925 12.591160 167.270714 114308.777654
372 -23.277411 -5.813724 4.434534 101.586085 14178.947878
372 -7.177605 -3.228322 4.071771 36.185101 11954.042140
372 -15.672388 -4.770398 2.122669 95.692162 3248.721748
372 -13.400450 -4.411098 1.944572 245.837279 2726.440327
372 -17.588953 -5.053672 8.836538 156.893514 56300.516606
372 -15.642572 -4.765858 20.791983 287.503087 311702.227305
372 -7.354187 -3.267792 6.482959 49.649550 30303.629489
372 -5.502723 -2.826675 5.351410 171.959277 20648.313679
372 -11.559282 -4.096873 13.429409 247.363894 130035.480072
372 -17.792869 -5.082882 5.805298 111.411011 24299.485641
372 -20.042578 -5.394657 5.629049 10.823187 22846.415066
372 -11.329188 -4.055893 1.953418 271.587540 2751.304538
372 -9.560861 -3.725937 8.805331 107.965667 55903.551696
372 -7.025803 -3.194001 8.263818 339.218778 49239.033798
372 -5.067156 -2.712497 4.046224 198.758232 11804.511374
372 -25.912935 -6.134022 4.244635 138.327533 12990.585256
373 -10.433247 -3.892215 11.800941 199.396088 100411.012656
373 -10.458502 -3.896923 3.801450 38.832200 10419.492115
373 -6.830680 -3.149336 3.129111 336.861357 7059.761138
373 -18.563787 -5.191828 3.827546 157.717719 10563.040616
373 -8.897691 -3.594394 12.456817 307.950703 111882.523544
373 -19.172135 -5.276213 4.651665 221.318144 15601.451695
373 -4.872425 -2.659865 4.410482 28.835832 14025.556863
373 -8.989707 -3.612932 8.109827 65.436450 47421.064710
373 -17.368187 -5.021856 3.797262 59.933100 10396.548162
373 -16.012922 -4.821946 6.136142 221.584614 27148.065245
373 -16.995897 -4.967743 2.008950 313.089239 2909.954168
373 -12.091112 -4.190059 8.191409 296.650217 48379.940872
373 -1.219506 -1.330697 3.463411 6.198520 8648.803944
373 -4.198506 -2.469076 6.110431 336.775012 26921.039893
373 -5.620529 -2.856773 10.379859 204.420338 77683.899133
373 -18.528456 -5.186885 2.600020 221.572405 4874.179977
374 -20.564796 -5.464485 2.019911 49.492517 2941.796600
374 -9.672131 -3.747556 14.372923 45.103981 148949.227681
374 -6.329392 -3.031573 12.837459 129.867565 118824.562378
374 -23.361211 -5.824179 10.239089 119.072846 75591.114513
374 -8.250081 -3.461116 4.375789 53.572797 13805.778762
374 -15.846602 -4.796839 5.375326 70.672108 20833.285506
374 -6.076842 -2.970476 8.922464 91.040509 57400.766878
374 -19.195345 -5.279405 2.173288 340.574705 3405.512883
374 -11.273384 -4.045891 4.529020 338.245381 14789.606121
374 -11.592508 -4.102757 3.763432 43.785293 10212.127897
374 -11.939770 -4.163754 10.123566 19.840920 73895.004750
374 -19.027507 -5.256274 7.069161 93.887343 36031.618921
374 -10.649531 -3.932351 8.063057 45.478057 46875.671480
374 -12.686964 -4.292061 5.451601 153.595151 21428.720760
374 -11.175339 -4.028259 14.799913 343.244942 157930.648444
374 -11.499227 -4.086217 1.861823 313.206653 2499.335875
375 -9.613500 -3.736180 17.061657 27.049583 209889.397314
375 -9.804773 -3.773165 5.667952 291.379891 23163.297717
375 -19.110554 -5.267732 4.251653 101.558471 13033.580286
375 -14.304444 -4.557457 4.773402 189.048918 16428.735646
375 -15.955452 -4.813285 5.462033 3.528154 21510.806244
375 -19.248349 -5.286689 9.345208 110.493597 62968.890439
375 -13.363631 -4.405034 3.049050 1.405420 6703.122589
375 -23.221458 -5.806732 8.576437 231.369671 53034.915600
375 -10.100198 -3.829587 5.686450 306.835260 23314.738857
375 -12.251440 -4.217748 7.373226 269.455023 39197.937357
375 -8.741381 -3.562682 12.754622 200.263779 117296.016781
375 -1.670490 -1.557431 16.756705 198.021471 202453.525468
375 -5.830514 -2.909648 2.452600 21.416715 4337.119347
375 -13.665065 -4.454438 7.448196 234.912732 39999.104419
375 -15.995381 -4.819304 13.448766 229.918504 130410.608665
375 -4.076595 -2.432965 3.917728 217.018627 11066.661743
376 -13.493115 -4.426324 8.627279 132.647741 53665.575128
376 -10.509382 -3.906390 12.247148 7.976639 108147.879963
376 -15.608839 -4.760717 6.278916 72.139021 28426.106867
376 -14.547843 -4.596067 5.061062 78.424144 18468.486418
376 -1.616250 -1.531939 6.182614 93.020471 27560.831901
376 -12.402092 -4.243601 19.290247 317.068770 268301.843714
376 -4.346775 -2.512295 1.959145 181.822353 2767.458274
376 -13.091521 -4.359956 4.032089 112.621975 11722.178902
376 -3.600213 -2.286394 4.145187 41.076436 12388.999450
376 -21.404621 -5.574948 6.458306 286.933823 30073.588176
376 -18.435440 -5.173850 5.700374 335.626752 23429.051143
376 -10.158983 -3.840716 4.669498 261.469319 15721.302414
376 -6.180746 -2.995763 3.151118 183.889000 7159.411146
376 -14.861737 -4.645386 12.416613 189.399864 111161.492979
376 -13.740749 -4.466756 5.580442 104.225168 22453.565228
386 36.736127 -8.364226 14.246400 216.368855 146338.422747
387 12.415338 -4.862486 12.195104 344.602730 107230.694274
388 11.486041 -4.676967 9.384982 302.366252 63506.032247
389 29.363805 -7.477996 5.814742 236.085998 24378.611023
390 19.935609 -6.161605 3.943062 277.834007 11210.252161
391 21.654105 -6.421688 4.459361 255.351902 14338.154165
391 21.378307 -6.380662 7.530737 109.230531 40890.561156
392 22.836782 -6.594723 6.783293 318.246738 33176.396479
392 20.444702 -6.239783 3.465961 204.452521 8661.547608
393 23.684049 -6.715944 11.950584 136.757169 102973.696080
393 18.070365 -5.866277 12.405264 222.290792 110958.372072
394 27.202776 -7.197567 12.419598 36.221558 111214.952669
394 26.754847 -7.138062 5.909583 141.029930 25180.345926
394 16.695861 -5.638758 4.921398 269.918948 17463.251435
395 23.857442 -6.740483 12.167074 249.806363 106738.322658
395 16.917974 -5.676142 4.675574 206.113431 15762.240330
395 22.757816 -6.583311 5.176640 69.300312 19321.641646
396 18.207112 -5.888431 29.349809 14.494572 621095.868049
396 21.326892 -6.372985 5.222029 262.603391 19661.949874
396 18.962150 -6.009286 1.601574 85.267216 1849.448323
397 16.115408 -5.539872 14.750356 175.433920 156874.755300
397 21.782860 -6.440751 7.429126 285.736855 39794.548307
397 21.372083 -6.379733 6.466925 40.917944 30153.918129
397 20.102431 -6.187331 3.282926 75.972609 7770.881726
398 23.295484 -6.660625 9.784699 115.055556 69030.810093
398 15.399643 -5.415448 5.360180 162.703107 20716.044461
398 23.958169 -6.754697 3.584714 117.181690 9265.250092
398 23.612208 -6.705751 5.110044 341.642444 18827.705583
399 19.520181 -6.097068 7.599099 255.786854 41636.310106
399 26.955756 -7.164813 10.920057 354.153760 85980.084977
399 18.675203 -5.963645 3.858196 139.639524 10732.890723
399 27.663189 -7.258221 7.145005 347.119618 36808.924429
400 13.317223 -5.036002 3.212138 35.553271 7439.377056
400 24.455924 -6.824504 6.168457 337.203218 27434.760925
400 24.537186 -6.835833 10.518349 245.198162 79770.668374
400 11.321428 -4.643332 12.151141 1.084852 106458.951917
400 19.162413 -6.040935 5.571330 266.951108 22380.294414
401 15.663735 -5.461686 11.747307 172.752194 99500.378813
401 10.980040 -4.572788 7.305251 290.868551 38478.517395
401 17.486109 -5.770663 11.200208 180.770928 90448.259025
401 22.409233 -6.532698 6.675993 183.347937 32135.116158
401 18.814205 -5.985798 12.960041 220.561483 121104.642975
402 33.045274 -7.932933 4.726823 193.231994 16109.676611
402 12.647487 -4.907736 4.235655 84.367015 12935.681496
402 24.161138 -6.783249 5.334350 274.363951 20516.872088
402 7.231981 -3.711143 2.323290 305.477194 3891.838206
402 8.337458 -3.984703 3.592447 177.768949 9305.264574
402 10.213862 -4.410360 5.828079 285.376820 24490.575231
403 14.082710 -5.178717 13.410553 172.870465 129670.578794
403 30.282089 -7.594025 6.227372 6.235483 27961.322641
403 23.305623 -6.662074 5.989560 180.905771 25866.515019
403 24.028033 -6.764539 8.897449 71.598929 57079.357988
403 30.472247 -7.617831 7.960151 234.239368 45686.792551
403 21.104538 -6.339675 4.043661 150.436981 11789.560361
404 9.089467 -4.160526 6.210464 77.224732 27809.694617
404 29.658617 -7.515442 6.591535 138.635680 31327.173951
404 23.427020 -6.679402 2.357979 104.245543 4008.924161
404 13.953430 -5.154892 4.714319 276.672044 16024.555937
404 13.039640 -4.983241 4.906666 174.627101 17358.854849
404 20.731239 -6.283357 5.215508 124.522315 19612.880141
405 14.746287 -5.299323 4.020754 340.488939 11656.360760
405 18.370017 -5.914716 5.279471 163.085218 20096.892798
405 19.332568 -6.067697 6.250592 342.489685 28170.233350
405 21.553170 -6.406704 5.732847 313.625516 23696.752220
405 29.118318 -7.446672 4.387980 311.216999 13882.807196
405 21.683441 -6.426037 7.462714 124.999387 40155.192538
405 13.269328 -5.026938 10.107758 106.517386 73664.412174
406 27.431883 -7.227813 4.127178 337.607475 12281.584364
406 19.994273 -6.170664 9.297046 342.610463 62321.525390
406 18.524639 -5.939556 6.404540 350.930203 29574.949194
406 19.368591 -6.073347 12.581278 53.674345 114129.414117
406 33.383413 -7.973417 6.474489 196.453648 30224.492562
406 25.809730 -7.010852 2.811732 77.450356 5700.277822
406 11.149067 -4.607850 3.783270 356.947247 10320.071209
407 15.399051 -5.415344 8.714790 159.336914 54759.807803
407 31.333289 -7.724708 12.299348 102.221091 109071.741287
407 19.414280 -6.080506 5.592705 241.183695 22552.357879
407 14.649408 -5.281887 4.256403 238.668604 13062.719079
407 17.922722 -5.842263 10.056839 38.571012 72924.091835
407 28.802395 -7.406165 2.161987 112.019844 3370.189274
407 18.579452 -5.948337 5.258483 297.008602 19937.420719
407 11.259402 -4.630595 1.269162 290.742868 1161.400487
408 25.995785 -7.036077 7.239444 230.431187 37788.397206
408 15.332591 -5.403646 5.374293 347.917534 20825.273010
408 21.288554 -6.367254 4.593919 337.155686 15216.499961
408 18.751624 -5.975834 7.021082 104.184066 35543.170843
408 29.501160 -7.495466 6.814767 161.060874 33484.981029
408 15.926571 -5.507319 18.500907 269.227387 246793.725964
408 31.475769 -7.742251 41.007601 134.092449 1212486.190447
408 18.776338 -5.979771 13.496363 353.744214 131335.323049
409 13.302019 -5.033127 3.598766 28.024902 9338.030816
409 17.399145 -5.756295 2.435863 191.660609 4278.126773
409 17.419899 -5.759727 8.244780 226.493704 49012.424073
409 22.533730 -6.550819 4.763286 202.311258 16359.173612
409 10.001192 -4.364203 6.834097 294.687846 33675.213214
409 19.196482 -6.046303 11.244939 193.657258 91172.164722
409 16.150521 -5.545904 5.088314 261.980194 18667.916288
409 14.408553 -5.238287 23.120366 219.593826 385422.873489
409 23.407210 -6.676578 8.288057 304.452918 49528.314473
410 22.916768 -6.606262 30.009562 258.981699 649332.882809
410 21.976727 -6.469349 8.928564 338.203996 57479.273630
410 12.673419 -4.912765 9.351537 40.121545 63054.201888
410 31.929939 -7.797908 5.514070 131.569105 21922.626663
410 24.250025 -6.795715 1.409130 51.697792 1431.694076
410 21.853897 -6.451245 6.827564 33.424438 33610.857961
410 11.762170 -4.732851 3.573140 61.007408 9205.514731
410 21.042791 -6.330394 4.699469 168.238174 15923.763864
410 23.953206 -6.753998 28.654774 135.589272 592027.728237
411 26.656116 -7.124879 23.749701 282.258488 406690.808727
411 14.394300 -5.235695 13.211398 288.325634 125847.806126
411 13.948160 -5.153919 9.621491 113.186437 66747.168995
411 2.074923 -1.987834 6.539300 132.755101 30832.631009
411 16.695125 -5.638634 11.658011 319.474989 97993.435502
411 10.706726 -4.515516 9.109916 9.739937 59837.964687
411 25.298235 -6.941034 22.492516 309.463930 364774.224134
411 24.441383 -6.822475 8.285209 258.750340 49494.281719
411 31.690104 -7.768567 6.512829 42.338759 30583.521033
412 22.918496 -6.606511 9.789945 266.370134 69104.863674
412 3.372210 -2.534174 14.026924 161.314553 141864.253962
412 23.444721 -6.681925 6.452897 186.244647 30023.243030
412 17.586818 -5.787256 9.416311 5.880247 63930.730495
412 15.987243 -5.517799 7.821749 187.589306 44111.908281
412 16.668475 -5.634132 4.700315 298.941993 15929.497259
412 22.340057 -6.522607 5.057169 9.404503 18440.091728
412 9.976190 -4.358745 5.919771 60.902023 25267.243033
412 19.353457 -6.070974 9.442965 202.944795 64293.164301
412 12.458462 -4.870923 2.765951 176.044463 5516.163654
413 24.023391 -6.763885 16.012160 335.745684 184862.107597
413 18.436813 -5.925459 10.381881 158.962707 77714.168692
413 19.181213 -6.043898 4.782185 260.383089 16489.243779
413 17.660343 -5.799341 11.070285 246.015892 88362.022761
413 15.183236 -5.377263 9.951374 274.796612 71402.626054
413 14.480668 -5.251379 5.293132 176.435152 20201.027616
413 9.473330 -4.247471 8.323916 165.454898 49957.818767
413 29.334476 -7.474261 5.848597 161.920067 24663.319074
413 7.557003 -3.793620 3.415491 66.706824 8411.129962
413 23.424164 -6.678995 6.234437 232.958127 28024.799320
414 14.922519 -5.330895 20.712783 232.691889 309332.101998
414 18.624055 -5.955472 5.557321 91.056138 22267.886907
414 18.879161 -5.996122 3.649714 277.735068 9604.299258
414 10.856542 -4.546999 5.669259 345.601272 23173.981323
414 6.510312 -3.521113 8.307197 156.513504 49757.337363
414 17.031942 -5.695229 5.821613 72.707802 24436.261984
414 16.531082 -5.610864 8.253383 88.923629 49114.766082
414 13.830043 -5.132050 5.326237 201.611166 20454.507580
414 23.002626 -6.618625 7.079691 144.109190 36139.044031
414 25.047321 -6.906527 16.777668 50.883312 202960.388312
414 14.378524 -5.232825 8.724524 346.208689 54882.208617
415 25.294413 -6.940510 16.237156 278.485067 190093.814834
415 18.979046 -6.011963 7.377163 232.709569 39239.800128
415 24.596847 -6.844139 5.184091 266.469383 19377.304218
415 9.527584 -4.259616 5.335222 295.677868 20523.580292
415 8.022013 -3.908596 8.308222 173.348086 49769.607348
415 25.874273 -7.019613 6.312793 315.091904 28733.670614
415 11.999855 -4.780431 3.770272 359.748158 10249.281699
415 22.736731 -6.580261 8.259555 265.494517 49188.248060
415 29.992124 -7.557579 8.314083 176.995826 49839.854320
415 12.355539 -4.850762 15.575535 216.508141 174917.811853
415 13.558295 -5.081379 8.977353 113.155438 58109.174597
416 16.401763 -5.588874 3.494522 347.301526 8804.883461
416 22.048359 -6.479884 1.388724 165.992815 1390.529024
416 10.335789 -4.436606 4.608990 99.042866 15316.505058
416 21.547790 -6.405904 4.941764 139.551741 17608.081623
416 20.437042 -6.238614 4.321446 75.642503 13464.999193
416 15.286374 -5.395495 4.317996 257.994489 13443.505277
416 13.202868 -5.014334 8.863508 231.769754 56644.710302
416 12.546776 -4.888157 17.669629 258.329862 225114.211522
416 20.461967 -6.242417 8.527704 20.229276 52433.922988
416 8.464106 -4.014853 5.762439 39.726482 23942.014791
416 5.484997 -3.231970 3.266598 45.559797 7693.774925
416 21.772529 -6.439224 3.975860 102.440386 11397.514722
417 15.251352 -5.389311 6.949761 20.114531 34824.735631
417 14.320492 -5.222255 9.893861 135.940838 70579.681893
417 33.528927 -7.990775 8.003003 24.101324 46180.005386
417 20.908866 -6.310217 12.277107 24.894053 108677.626619
417 13.962525 -5.156572 4.538395 141.589483 14850.895572
417 23.678103 -6.715101 4.287072 52.997971 13251.639631
417 23.996800 -6.760141 20.003288 214.963436 288503.355918
417 30.939273 -7.675985 5.886831 154.103852 24986.834393
417 26.967595 -7.166386 8.216037 297.119820 48671.286063
417 17.130379 -5.711663 10.566477 344.013960 80502.339281
417 7.779762 -3.849127 7.397151 254.227595 39452.725540
417 14.887176 -5.324579 8.195731 218.941634 48430.997366
418 17.099586 -5.706527 25.602242 279.554410 472611.258821
418 3.380351 -2.537231 3.608646 158.884036 9389.371901
418 19.759630 -6.134349 5.327209 332.164220 20461.972993
418 18.393874 -5.918555 12.724223 82.197861 116737.562799
418 11.681782 -4.716650 4.612348 324.035365 15338.830233
418 14.289292 -5.216563 7.220711 134.416959 37593.085996
418 6.538805 -3.528810 11.315790 167.644480 92324.691947
418 17.555112 -5.782037 17.825743 130.888966 229109.626066
418 18.845609 -5.990791 2.417775 58.419239 4214.826607
418 8.826440 -4.099887 5.066888 74.798178 18511.036781
418 29.617786 -7.510267 7.098395 30.388157 36330.250973
418 9.459236 -4.244310 1.421398 147.491486 1456.731657
419 14.149004 -5.190892 5.929297 310.112581 25348.631970
419 11.351146 -4.649422 5.929377 90.150912 25349.313940
419 12.024071 -4.785253 13.772526 274.426437 136765.093070
419 20.980724 -6.321051 5.277791 344.756168 20084.102849
419 12.089523 -4.798259 6.666287 257.295953 32041.741937
419 23.995141 -6.759907 1.755198 141.922768 2221.263673
419 17.438013 -5.762721 8.519887 132.292224 52337.831340
419 17.242640 -5.730348 2.975375 142.866678 6383.099713
419 17.659156 -5.799146 4.430071 357.932718 14150.423814
419 11.385210 -4.656393 7.632280 78.045727 42000.711602
419 30.245925 -7.589489 4.671557 110.911916 15735.170923
419 32.623963 -7.882200 4.021994 262.792122 11663.554087
419 16.337231 -5.577869 5.096237 105.284632 18726.100736
420 33.313301 -7.965039 9.125939 223.566144 60048.647428
420 14.353173 -5.228210 11.254194 333.563300 91322.297996
420 20.925134 -6.312672 5.364317 231.411662 20748.030326
420 18.863747 -5.993673 22.826261 233.883568 375679.615413
420 16.876463 -5.669174 3.481711 5.832107 8740.443571
420 14.729815 -5.296363 27.609531 80.503806 549624.573955
420 20.574790 -6.259603 8.697525 171.871271 54543.054578
420 19.996163 -6.170956 7.177708 14.498146 37146.647147
420 26.353667 -7.084343 7.386191 307.745148 39335.909264
420 18.514313 -5.937900 2.809283 73.624806 5690.349864
420 18.741585 -5.974234 17.442680 242.974073 219368.615803
420 10.962388 -4.569111 8.740453 313.403477 55082.798904
420 29.626519 -7.511374 8.070012 202.213055 46956.578080
421 29.838694 -7.538223 21.619195 111.103986 336997.829814
421 18.838366 -5.989640 5.885682 119.208923 24977.076070
421 7.727862 -3.836267 6.339286 106.853751 28975.353137
421 13.225452 -5.018620 6.403769 268.519966 29567.825387
421 7.056595 -3.665867 12.204477 294.149077 107395.585293
421 22.655445 -6.568488 5.619653 182.248852 22770.210458
421 19.423647 -6.081973 10.674927 231.664103 82163.304512
421 26.523045 -7.107073 4.199004 309.636283 12712.786468
421 8.982465 -4.135965 3.628071 202.953061 9490.730399
421 13.727257 -5.112943 6.209020 98.894382 27796.762468
421 12.517753 -4.882500 5.502987 290.582547 21834.592571
421 5.901610 -3.352466 5.023762 41.872306 18197.264974
421 25.187766 -6.925863 6.303196 313.019532 28646.373827
421 10.243742 -4.416807 6.153018 359.518461 27297.599885
422 20.931602 -6.313647 8.993726 325.487683 58321.321432
422 17.575097 -5.785328 9.241331 111.165893 61576.803095
422 13.755069 -5.118120 9.219161 331.325001 61281.707792
422 12.530913 -4.885066 2.287132 126.657252 3771.643979
422 23.410543 -6.677053 6.058775 134.628526 26467.788877
422 15.096741 -5.361924 4.886760 282.378108 17218.296242
422 11.275493 -4.633902 3.455110 47.436349 8607.399002
422 18.099716 -5.871039 5.112300 224.151024 18844.328360
422 36.707358 -8.360950 4.584426 230.002509 15153.676480
422 9.505594 -4.254698 12.825241 152.075073 118598.481845
422 26.617716 -7.119746 3.627387 134.621301 9487.153510
422 29.733280 -7.524896 7.688620 215.416123 42623.088404
422 18.817050 -5.986250 6.658204 2.154890 31964.086418
422 14.319011 -5.221985 11.727134 84.483566 99158.931542
423 12.748627 -4.927320 13.881648 8.818404 138940.906929
423 22.572087 -6.556392 12.693475 13.116837 116174.051489
423 19.564156 -6.103931 10.469985 41.511696 79038.771758
423 25.363178 -6.949938 3.880039 42.558029 10854.760712
423 14.296713 -5.217917 5.140869 353.042650 19055.535570
423 29.094079 -7.443572 6.988099 138.102218 35210.010137
423 19.527813 -6.098259 2.352431 358.912312 3990.082242
423 19.531532 -6.098840 5.080455 22.244162 18610.296999
423 15.023355 -5.348876 2.371442 75.465593 4054.832907
423 18.800501 -5.983617 8.615747 350.005874 53522.198756
423 19.863063 -6.150384 15.925495 100.103361 182866.420152
423 13.578759 -5.085213 5.801354 234.324710 24266.478535
423 16.871075 -5.668269 5.613605 75.459373 22721.228212
423 6.008047 -3.382562 12.068675 142.518583 105018.845568
424 16.102352 -5.537628 12.938641 284.405921 120705.041727
424 7.646835 -3.816102 10.108049 142.577475 73668.658283
424 4.975026 -3.078058 8.593876 251.075410 53250.815558
424 11.889998 -4.758499 8.548644 283.860298 52691.742596
424 4.901974 -3.055375 8.720228 75.802457 54828.176040
424 6.623377 -3.551557 6.983779 210.134036 35166.490466
424 24.103442 -6.775145 7.400534 107.654104 39488.820751
424 12.747608 -4.927123 5.268671 201.620158 20014.751370
424 23.655518 -6.711898 19.472259 188.270511 273388.816697
424 6.300667 -3.463956 10.395655 228.836358 77920.504899
424 22.646116 -6.567135 1.986389 258.790248 2844.964234
424 5.796895 -3.322590 2.321937 113.480859 3887.308427
424 0.005535 -0.102672 18.066493 162.076119 235340.012312
424 8.660545 -4.061175 5.351088 167.734253 20645.823774
424 37.318255 -8.430236 2.167409 348.256581 3387.114921
425 17.816325 -5.824896 6.761752 214.502402 32966.019860
425 17.500027 -5.772959 2.725697 111.148655 5356.773756
425 25.299690 -6.941234 5.644596 278.432717 22972.794927
425 12.250614 -4.830121 7.326280 94.470286 38700.366050
425 11.243645 -4.627353 7.153498 35.680410 36896.486525
425 14.248707 -5.209149 7.283882 278.622633 38253.737157
425 7.369559 -3.746276 7.149557 150.357744 36855.846273
425 7.487135 -3.776043 2.435558 312.405059 4277.055266
425 17.136009 -5.712601 5.376966 46.046058 20845.992871
425 7.028757 -3.658629 13.064412 140.714413 123063.096939
425 4.675649 -2.984008 13.100740 336.341496 123748.430700
425 16.846246 -5.664097 7.917591 342.818433 45199.555776
425 22.557185 -6.554228 6.768692 196.615066 33033.727166
425 8.495636 -4.022324 7.087847 81.610950 36222.361515
425 13.876244 -5.140615 25.940336 348.754999 485175.950525
426 17.528017 -5.777573 12.681813 188.637069 115960.680401
426 19.235580 -6.052457 14.843879 221.030951 158870.357422
426 14.225340 -5.204876 15.225426 253.796609 167142.539587
426 10.205765 -4.408612 3.695705 35.577487 9847.878162
426 19.317909 -6.065396 5.620325 253.231702 22775.660606
426 13.977552 -5.159346 3.395132 214.135398 8311.155035
426 15.786907 -5.483118 2.151769 22.312865 3338.406486
426 16.522610 -5.609426 37.259243 340.505742 1000958.602270
426 3.944185 -2.740676 8.641449 325.515829 53842.000951
426 11.802986 -4.741055 10.378627 194.045019 77665.446066
426 4.794000 -3.021538 5.860637 109.618498 24764.967171
426 16.969192 -5.684728 10.319164 64.723719 76778.057156
426 22.831847 -6.594010 4.674524 195.826263 15755.158835
426 16.339641 -5.578280 5.919062 88.808301 25261.196945
426 11.007227 -4.578446 4.606481 203.759286 15299.828904
427 17.726478 -5.810190 3.798258 9.322730 10402.001532
427 19.186217 -6.044686 9.382059 72.077776 63466.470766
427 12.018244 -4.784093 12.121645 81.284505 105942.734697
427 12.652366 -4.908683 8.601370 201.976721 53343.730203
427 8.607721 -4.048771 15.379660 299.316639 170545.996403
427 7.321914 -3.734147 11.756675 320.436545 99659.123627
427 15.563110 -5.444115 16.591798 222.824260 198488.325730
427 24.738533 -6.863823 8.982821 224.089485 58179.983193
427 15.353028 -5.407246 4.688993 68.172769 15852.845025
427 22.656621 -6.568658 5.907653 333.961016 25163.905155
427 -0.598645 -1.067736 6.856097 122.679788 33892.371941
427 24.608492 -6.845759 14.800806 88.896145 157949.692999
427 13.111604 -4.996973 7.206124 315.337896 37441.356699
427 23.812822 -6.734177 5.416449 276.422623 21153.260809
427 15.779166 -5.481774 5.368202 134.930430 20778.097898
428 13.704835 -5.108766 10.560777 68.338283 80415.502738
428 19.733986 -6.130367 5.488855 327.226995 21722.587297
428 6.575110 -3.538593 6.523190 115.010076 30680.905718
428 5.190984 -3.144155 5.620907 40.985490 22780.372756
428 14.969685 -5.339313 8.446795 164.368409 51443.669859
428 22.800838 -6.589531 6.971280 212.643856 35040.730549
428 19.089811 -6.029481 5.864358 269.786983 24796.423055
428 9.062152 -4.154270 2.184614 138.988920 3441.100464
428 13.407352 -5.053015 4.248457 186.610891 13013.988975
428 26.851427 -7.150934 5.127484 63.165556 18956.435610
428 10.505690 -4.472922 6.031341 193.990329 26228.645376
428 3.506596 -2.584175 5.635861 244.422362 22901.749245
428 4.058563 -2.780131 2.355322 244.112561 3999.896727
428 9.754043 -4.309942 3.404954 287.492700 8359.310640
428 22.409237 -6.532699 7.926732 333.571991 45303.991261
428 12.124904 -4.805275 6.278118 110.290899 28418.881776
429 11.205895 -4.619579 16.643959 179.753685 199738.289199
429 0.283607 -0.734915 7.409372 321.125181 39583.199567
429 17.915214 -5.841039 10.290618 213.479143 76353.857446
429 10.557159 -4.483866 5.440615 116.750786 21342.442654
429 4.384411 -2.889580 3.674953 354.459254 9737.594522
429 17.214266 -5.725631 5.487436 57.405644 21711.358906
429 16.394998 -5.587722 6.486043 0.127497 30332.466259
429 13.486049 -5.067823 3.487830 304.549379 8771.194402
429 19.676603 -6.121448 4.174775 52.583635 12566.495634
429 17.075165 -5.702451 12.060134 89.861372 104870.253485
429 12.133005 -4.806880 6.932422 279.428965 34651.179672
429 10.572771 -4.487180 6.569154 198.044270 31114.795890
429 17.501212 -5.773154 6.198016 301.371379 27698.321950
429 15.256961 -5.390302 9.483174 192.014299 64841.868530
429 -2.827084 -2.320323 8.024610 307.331415 46429.701432
429 9.476742 -4.248236 6.715207 251.461088 32513.739056
430 13.036302 -4.982603 3.040293 69.798048 6664.672532
430 21.187393 -6.352108 2.005073 355.470423 2898.734472
430 21.818457 -6.446012 3.352887 196.884666 8105.613012
430 16.999810 -5.689854 7.435067 337.556162 39858.212304
430 19.487877 -6.092020 7.483906 101.315526 40383.574852
430 9.947315 -4.352432 8.670848 212.081441 54208.975993
430 19.104443 -6.031791 3.697296 30.492669 9856.356520
430 5.129400 -3.125449 23.525115 1.913783 399035.544427
430 22.309752 -6.518182 3.420871 128.784890 8437.649844
430 12.647793 -4.907796 5.676284 296.287089 23231.450668
430 12.107687 -4.801862 18.778241 38.631995 254248.197918
430 8.368902 -3.992209 4.653500 277.485756 15613.759092
430 15.034398 -5.350842 12.170870 49.267218 106804.938759
430 18.114513 -5.873438 4.563739 135.892232 15017.224652
430 10.496159 -4.470893 5.192753 43.497863 19442.108864
430 18.196008 -5.886636 7.349428 61.025093 38945.306654
431 20.261303 -6.211733 4.861927 189.120398 17043.741414
431 14.652449 -5.282435 11.839021 156.870555 101060.084857
431 7.012972 -3.654518 5.300640 292.329608 20258.379723
431 21.861263 -6.452332 5.155455 76.378500 19163.817495
431 20.502862 -6.248652 4.786047 184.878395 16515.888377
431 15.785715 -5.482911 12.594865 3.284372 114376.058064
431 15.190373 -5.378526 8.557877 312.039141 52805.618949
431 14.414929 -5.239446 10.205674 201.680283 75098.536527
431 6.203971 -3.437273 39.130811 279.410137 1104042.452272
431 28.670879 -7.389237 11.168669 350.730616 89939.584267
431 11.497523 -4.679304 10.753765 316.283536 83381.397482
431 11.062388 -4.589903 4.461587 143.579910 14352.472320
431 22.754359 -6.582811 3.988570 84.854917 11470.502544
431 22.521005 -6.548970 7.865739 197.202339 44609.480531
431 25.338168 -6.946510 7.147887 26.610420 36838.628142
431 17.043833 -5.697216 9.487709 275.915577 64903.900593
432 18.638770 -5.957825 9.357253 259.421264 63131.309046
432 17.264717 -5.734015 9.783416 289.521558 69012.715085
432 15.305527 -5.398874 6.511519 27.096979 30571.216410
432 10.309745 -4.431013 5.561607 344.895191 22302.245622
432 24.387989 -6.815019 3.664313 339.902854 9681.288227
432 24.148523 -6.781478 4.947632 143.580662 17649.923089
432 11.675597 -4.715401 8.222759 143.085483 48750.966736
432 10.482576 -4.467999 7.360830 206.776935 39066.239566
432 10.810788 -4.537407 2.101666 9.920048 3184.751935
432 16.705540 -5.640393 3.802106 313.389802 10423.088360
432 15.981241 -5.516763 2.686430 120.979373 5203.544002
432 20.070730 -6.182451 7.221226 192.677854 37598.446723
432 10.571452 -4.486900 7.225561 26.870223 37643.608421
432 15.338050 -5.404607 6.384080 291.303612 29386.287821
432 12.237776 -4.827590 2.912761 332.563758 6117.271967
432 17.311263 -5.741739 6.167906 133.534171 27429.856319
432 16.335278 -5.577536 6.817451 345.397163 33511.364179
433 17.993770 -5.853831 2.440439 205.826388 4294.217418
433 12.325306 -4.844823 6.342385 319.757643 29003.687922
433 10.244954 -4.417068 6.837328 349.539186 33707.062198
433 12.301612 -4.840164 3.593646 315.699403 9311.477542
433 18.398724 -5.919335 4.345838 194.959189 13617.432675
433 3.947407 -2.741795 8.668098 257.291976 54174.596005
433 14.683344 -5.288002 15.535553 330.674206 174020.940642
433 22.080476 -6.484602 7.791785 287.247331 43774.581331
433 5.002712 -3.086611 7.174930 335.854754 37117.905823
433 22.921734 -6.606977 1.459434 298.430241 1535.736636
433 8.880687 -4.112467 3.933155 186.745421 11153.985789
433 20.088152 -6.185134 2.386791 342.395413 4107.493504
433 9.906978 -4.343599 8.876542 275.427062 56811.420589
433 32.720240 -7.893822 16.101182 46.248708 186923.358269
433 7.316273 -3.732708 13.199259 77.065799 125616.636988
433 2.834957 -2.323552 6.691002 356.783653 32279.766116
433 9.445235 -4.241168 5.992960 193.887794 25895.886120
434 24.474711 -6.827125 8.873088 46.098127 56767.223554
434 25.614284 -6.984257 15.579944 6.483797 175016.847471
434 26.025614 -7.040112 6.802502 263.146000 33364.560632
434 17.586737 -5.787243 3.195139 24.950982 7360.845596
434 7.571085 -3.797153 3.492791 232.412470 8796.164302
434 19.180804 -6.043833 9.459129 310.851474 64513.470374
434 15.376898 -5.411448 8.472117 239.868172 51752.575368
434 18.227090 -5.891661 3.148533 186.151648 7147.670114
434 15.021975 -5.348631 6.473971 348.333920 30219.664040
434 18.335313 -5.909126 6.748290 134.433311 32834.886055
434 15.514428 -5.435594 4.681204 245.796161 15800.222053
434 23.280308 -6.658455 3.447361 261.017428 8568.832631
434 11.166177 -4.611385 6.425969 1.196838 29773.183982
434 9.053053 -4.152184 4.923548 123.168720 17478.513027
434 19.827302 -6.144844 10.877185 191.519703 85306.293688
434 15.656046 -5.460346 3.466667 272.096521 8665.074111
434 26.311227 -7.078637 7.628105 293.313502 41954.774525
435 14.123007 -5.186121 9.318141 72.564453 62604.654301
435 21.360815 -6.378051 5.609473 233.914075 22687.789911
435 19.000438 -6.015350 3.106304 255.709931 6957.225622
435 13.065553 -4.988190 4.956422 44.938344 17712.694039
435 13.145131 -5.003358 4.515120 41.059232 14698.963361
435 10.810049 -4.537252 6.784957 171.368350 33192.679117
435 8.024962 -3.909314 1.567425 31.488973 1771.419915
435 24.436544 -6.821800 8.727969 44.308519 54925.561986
435 10.510775 -4.474005 13.065801 342.145470 123089.262535
435 19.870348 -6.151511 11.047056 119.667459 87991.601169
435 11.323384 -4.643733 8.322789 39.088633 49944.285176
435 21.526328 -6.402713 14.628047 36.656056 154283.960229
435 24.146650 -6.781215 6.027706 220.536425 26197.040172
435 10.168056 -4.400460 9.275803 45.566339 62037.047363
435 15.103551 -5.363134 18.617390 312.525347 249911.174735
435 12.193971 -4.818942 9.966116 329.507212 71614.334845
435 19.222093 -6.050335 4.504532 124.141915 14630.106066
436 15.207829 -5.381616 4.373242 353.744765 13789.709036
436 18.125898 -5.875284 6.664613 45.171930 32025.649243
436 28.139093 -7.320389 5.191384 241.325868 19431.862481
436 8.967137 -4.132435 8.069947 278.621301 46955.817485
436 5.630887 -3.274670 8.013667 245.960723 46303.161968
436 14.378850 -5.232885 4.608102 22.019718 15310.601696
436 11.942137 -4.768921 5.848861 345.123796 24665.539374
436 4.588491 -2.956065 8.455851 351.470829 51554.046870
436 18.129084 -5.875800 5.643529 94.922092 22964.112459
436 10.540401 -4.480306 2.749291 306.506798 5449.911084
436 9.075821 -4.157402 9.619680 295.504385 66722.036576
436 10.877344 -4.551353 15.034948 341.360942 162986.613984
436 12.229848 -4.826026 3.542876 274.666343 9050.238517
436 20.285335 -6.215416 5.646885 53.074478 22991.424847
436 12.242971 -4.828614 11.012055 9.654273 87434.898568
436 21.830375 -6.447772 10.404540 85.962984 78053.759240
436 12.510794 -4.881143 7.891652 195.570067 44903.889991
436 -18.880916 5.996400 19.197667 150.131371 265732.700235
437 25.267186 -6.936774 9.525577 151.722736 65423.030176
437 17.523272 -5.776791 12.944482 126.432231 120814.050318
437 9.939234 -4.350664 6.624925 2.449296 31645.361954
437 15.894573 -5.501784 15.223942 198.988098 167109.946967
437 16.803101 -5.656839 7.146492 128.944417 36824.246279
437 12.936220 -4.963440 5.149283 346.858074 19117.961556
437 14.404660 -5.237579 3.848228 74.602680 10677.501018
437 14.029779 -5.168976 4.975560 314.684670 17849.742313
437 15.831510 -5.490858 10.481726 32.276658 79216.134802
437 9.649144 -4.286704 16.788401 129.957107 203220.149722
437 19.951449 -6.164052 9.315088 188.582608 62563.641825
437 9.745181 -4.307984 2.972967 14.238503 6372.772197
437 1.138033 -1.472165 11.064078 44.102412 88262.962192
437 8.649873 -4.058672 4.226480 130.417633 12879.696688
437 10.754322 -4.525542 17.928713 97.923957 231764.184527
437 9.951013 -4.353241 5.345614 36.703537 20603.611019
437 24.575975 -6.841234 2.530734 253.103214 4617.862402
437 -25.626110 6.985869 5.839882 336.970510 24589.867944
438 4.984884 -3.081106 5.738073 309.918639 23739.974844
438 27.454193 -7.230751 9.644906 278.206574 67072.438638
438 14.062769 -5.175049 9.034284 10.942941 58848.524280
438 19.671047 -6.120583 3.585983 290.934233 9271.808233
438 12.442867 -4.867874 10.334230 176.874054 77002.416071
438 5.355971 -3.193730 14.315609 78.642521 147763.696372
438 15.682487 -5.464955 13.573172 267.082671 132834.465743
438 5.170721 -3.138012 7.151028 359.238873 36871.014589
438 11.358994 -4.651029 8.223861 249.420879 48764.026697
438 3.332258 -2.519117 9.609163 230.154568 66576.232109
438 11.906889 -4.761878 7.732790 326.762075 43114.215693
438 17.386966 -5.754280 21.948759 98.902324 347350.576454
438 5.643846 -3.278436 14.355635 52.969707 148591.134479
438 19.734609 -6.130464 6.831577 98.865247 33650.379739
438 10.534658 -4.479085 8.474963 76.324496 51787.350652
438 7.902130 -3.879280 9.676579 80.535192 67513.677768
438 8.176245 -3.945990 6.559372 328.438052 31022.202507
438 12.025380 -4.785513 7.647609 292.367457 42169.595018
438 -26.549478 7.110614 3.960958 270.020135 11312.237018
439 11.484544 -4.676662 11.058427 80.562405 88172.827669
439 18.075739 -5.867149 1.823384 250.415236 2397.199299
439 9.073955 -4.156975 14.635319 198.569407 154437.395566
439 5.120769 -3.122818 6.382359 5.145285 29370.444411
439 15.614788 -5.453146 5.105250 256.770925 18792.391801
439 21.263582 -6.363518 6.355157 171.005720 29120.619514
439 20.382867 -6.230340 5.862407 80.461715 24779.924420
439 7.470623 -3.771877 5.580768 245.632833 22456.185045
439 12.851708 -4.947200 6.526787 57.289306 30714.744564
439 11.080282 -4.593614 14.303258 275.657499 147508.829006
439 10.184987 -4.404122 2.915692 116.415838 6129.589297
439 20.306613 -6.218675 9.334733 206.204438 62827.797021
439 14.369921 -5.231260 11.382788 253.015595 93421.188830
439 19.870275 -6.151500 15.009284 290.323910 162430.666151
439 13.851467 -5.136023 9.608435 313.766832 66566.143636
439 13.437694 -5.058730 7.863793 189.069637 44587.404842
439 7.934499 -3.887217 7.601232 111.370084 41659.689872
439 1.170223 -1.492840 6.109205 186.681360 26910.236779
439 -27.811613 7.277667 3.255869 269.987975 7643.319479
440 13.929368 -5.150446 4.733002 288.956247 16151.819283
440 10.712916 -4.516822 9.102469 21.861203 59740.178857
440 27.235344 -7.201874 4.819007 313.596871 16744.153405
440 4.749802 -3.007578 5.865016 332.654179 24801.987013
440 18.601668 -5.951892 7.656969 160.469732 42272.876613
440 11.034821 -4.584181 11.342306 76.537375 92757.880707
440 12.241621 -4.828348 6.007467 23.507791 26021.410861
440 6.890978 -3.622593 15.691908 290.883618 177541.378065
440 12.993452 -4.974408 4.976522 118.226769 17856.647192
440 15.861128 -5.495992 10.499771 84.606082 79489.123101
440 15.352029 -5.407070 11.158712 148.098687 89779.301758
440 8.476954 -4.017899 6.667542 226.977649 32053.808913
440 18.039401 -5.861249 16.323882 344.626980 192129.895116
440 13.262227 -5.025593 1.548295 89.261522 1728.444804
440 7.642182 -3.814941 6.585496 316.889966 31269.795766
440 13.058896 -4.986919 13.114101 243.223942 124000.981857
440 19.537934 -6.099840 13.188366 245.295264 125409.381175
440 22.863416 -6.598567 7.060014 180.103967 35938.436644
440 -14.832235 5.314744 32.791013 119.703197 775278.497303
441 8.887676 -4.114084 7.003744 269.275031 35367.841139
441 30.900508 -7.671175 4.760474 270.221965 16339.868402
441 5.018378 -3.091440 12.666830 350.055629 115686.847452
441 9.229768 -4.192514 9.601522 16.950375 66470.392243
441 7.379444 -3.748788 4.276508 41.456358 13186.414682
441 24.682594 -6.856058 15.242682 52.948763 167521.607590
441 10.170965 -4.401089 8.998603 129.427171 58384.593412
441 15.132210 -5.368220 11.076126 73.253587 88455.294748
441 10.314401 -4.432014 7.964196 356.332805 45733.233698
441 14.429889 -5.242164 7.658631 175.397575 42291.230936
441 5.339682 -3.188870 16.860310 206.345835 204964.745197
441 7.636053 -3.813411 6.659434 279.685544 31975.897233
441 1.766331 -1.834067 2.509483 77.180902 4540.633646
441 11.147084 -4.607440 28.173119 286.132484 572292.349797
441 9.333429 -4.215991 6.794459 337.957154 33285.707367
441 3.924774 -2.733924 3.461329 10.592331 8638.410346
441 17.677250 -5.802116 7.507617 199.512767 40639.870542
441 3.415370 -2.550339 5.624476 125.520649 22809.309511
441 -20.538189 6.254033 9.950246 7.839499 71386.438508
442 5.752286 -3.309782 5.908283 24.122882 25169.274925
442 9.853169 -4.331786 3.067958 247.117176 6786.515963
442 7.340181 -3.738802 11.183572 49.408984 90179.781168
442 6.158240 -3.424581 6.091634 67.264113 26755.662472
442 11.413626 -4.662200 4.409680 177.093684 14020.461375
442 8.293132 -3.974096 4.301667 63.908626 13342.022721
442 18.986845 -6.013198 10.695428 175.736439 82479.198342
442 10.085634 -4.382588 2.813367 236.287862 5706.908412
442 10.146732 -4.395843 8.665892 239.030211 54147.030309
442 7.759542 -3.844122 3.265112 51.689600 7686.774511
442 24.742319 -6.864348 3.166920 88.919498 7231.398286
442 16.085216 -5.534680 9.738690 307.040136 68383.152931
442 13.070972 -4.989224 9.682294 123.097869 67593.443525
442 18.818678 -5.986509 7.450203 77.735042 40020.663247
442 9.157944 -4.176169 4.322689 206.264455 13472.745892
442 13.384860 -5.048775 3.483890 109.000668 8751.386494
442 3.519094 -2.588776 4.935735 317.275405 17565.147122
442 4.662288 -2.979742 14.454122 327.655904 150636.941266
442 -27.759803 7.270885 4.655639 238.694145 15628.114821
442 -22.968839 6.613763 7.552733 101.810646 41129.775032
443 7.720677 -3.834483 8.162153 301.225560 48034.975970
443 17.793243 -5.821121 5.748001 37.660543 23822.196879
443 15.986683 -5.517702 5.590161 140.578203 22531.842839
443 9.579665 -4.271243 6.857553 5.851348 33906.768399
443 17.417188 -5.759279 8.995690 201.613349 58346.805293
443 9.207233 -4.187392 9.662985 69.347010 67324.124218
443 17.835585 -5.828043 6.794843 358.474544 33289.474889
443 18.304621 -5.904178 8.059556 115.332428 46834.971996
443 14.967898 -5.338995 2.592953 120.023688 4847.717475
443 15.663895 -5.461714 10.732735 317.660836 83055.597204
443 8.489387 -4.020844 5.564679 139.095732 22326.890564
443 11.522321 -4.684347 9.660056 38.827537 67283.310918
443 0.351300 -0.817933 4.886770 195.472539 17218.362109
443 5.316560 -3.181958 4.312815 27.895272 13411.267619
443 1.353805 -1.605673 3.334071 81.787363 8014.893481
443 16.915645 -5.675751 5.106491 121.695881 18801.528627
443 15.590995 -5.448990 4.523282 208.642578 14752.149674
443 19.309965 -6.064148 3.927642 319.418050 11122.740650
443 -22.456227 6.539544 8.069880 38.373848 46955.046685
443 -23.582922 6.701591 8.702838 10.526483 54609.715832
444 12.468389 -4.872864 4.433096 10.029154 14169.752043
444 10.844993 -4.544580 22.621560 15.003858 368971.797671
444 15.250466 -5.389155 4.790268 112.513570 16545.034735
444 9.889829 -4.339838 7.579807 98.738999 41425.171690
444 14.168537 -5.194474 6.022814 123.195030 26154.536568
444 13.518081 -5.073838 8.000626 94.400341 46152.586531
444 6.716815 -3.576521 2.682529 48.330602 5188.442359
444 7.795358 -3.852983 6.854200 111.352642 33873.616286
444 6.915432 -3.629015 3.300643 15.270180 7854.981234
444 17.388921 -5.754603 4.202232 178.480060 12732.334575
444 13.466023 -5.064059 7.078785 258.956086 36129.800848
444 10.125333 -4.391205 3.896032 186.244982 10944.429378
444 13.569855 -5.083545 7.238736 291.555239 37781.005360
444 2.322338 -2.103012 9.244121 288.170289 61613.986091
444 13.292776 -5.031378 7.435603 150.997629 39863.963167
444 11.616653 -4.703483 4.036583 243.315629 11748.319599
444 7.637846 -3.813858 4.001429 219.227148 11544.585864
444 18.196459 -5.886708 3.194978 121.257614 7360.103595
444 -27.010411 7.172073 9.868437 24.061258 70217.415253
444 -16.872706 5.668543 6.430881 116.496119 29818.719194
445 6.541135 -3.529439 6.276416 142.123698 28403.481040
445 8.555815 -4.036545 8.030596 300.648006 46499.000707
445 11.218725 -4.622222 5.207384 313.888780 19551.825801
445 5.568529 -3.256487 4.939891 31.899981 17594.738837
445 13.119703 -4.998516 6.305196 33.531048 28664.560380
445 18.569502 -5.946744 2.994419 181.634367 6465.067781
445 14.837927 -5.315764 4.136996 123.369522 12340.090135
445 12.616401 -4.901701 2.601570 258.492384 4879.991493
445 16.433670 -5.594308 19.965511 62.033924 287414.676741
445 15.330149 -5.403215 20.458167 307.437323 301773.801048
445 14.529590 -5.260243 5.828778 232.395492 24496.451084
445 8.072710 -3.920927 6.192373 275.973722 27647.910018
445 12.986944 -4.973162 6.657935 221.254080 31961.499985
445 5.443338 -3.219673 6.911301 324.616040 34440.358329
445 12.856536 -4.948130 4.752695 159.824820 16286.510617
445 6.348898 -3.477189 7.264462 121.699796 38050.024699
445 19.686735 -6.123024 2.911756 89.558648 6113.050561
445 15.364701 -5.409301 2.441347 61.034993 4297.413059
445 -26.909699 7.158689 4.960323 119.523319 17740.583645
445 -18.671798 5.963101 6.439857 311.843927 29902.023271
446 12.187302 -4.817624 12.415884 163.166016 111148.447061
446 14.122787 -5.186081 4.896025 265.500724 17283.645889
446 15.002197 -5.345108 11.364897 359.894342 93127.736992
446 18.723807 -5.971400 7.206685 111.192593 37447.178345
446 2.902335 -2.351001 10.032977 134.150199 72578.457994
446 9.034316 -4.147885 3.114151 32.930089 6992.419277
446 4.037936 -2.773057 15.730381 122.046528 178413.014911
446 10.005238 -4.365086 10.362866 243.115859 77429.753607
446 2.521400 -2.191291 2.108050 299.340540 3204.129444
446 5.247309 -3.161167 5.325443 149.931146 20448.407957
446 13.220195 -5.017623 22.004162 341.360466 349106.335400
446 15.289355 -5.396021 6.497733 60.345965 30441.906909
446 14.204745 -5.201107 4.287139 278.912718 13252.051237
446 20.372288 -6.228723 3.400297 67.097421 8336.460925
446 10.154880 -4.397608 4.606281 247.003460 15298.500821
446 10.280135 -4.424646 9.372528 5.493651 63337.596506
446 16.356656 -5.581184 7.159347 126.882139 36956.846426
446 12.401012 -4.859680 13.085238 44.920697 123455.748340
446 -19.768483 6.135723 7.468089 269.345098 40213.056490
446 -23.792442 6.731295 15.520986 257.314599 173694.744603
446 -15.022796 5.348777 3.936860 353.805600 11175.010962
447 11.191131 -4.616534 4.661823 113.498576 15669.662941
447 14.584913 -5.270247 7.323862 270.649231 38674.827235
447 10.665559 -4.506827 5.978451 270.466650 25770.656802
447 5.985583 -3.376232 10.067859 124.368481 73083.997766
447 8.828274 -4.100313 4.016035 341.087728 11629.017474
447 6.713127 -3.575539 3.624324 84.957851 9471.134513
447 5.356212 -3.193802 6.677476 278.323472 32149.394021
447 13.799629 -5.126404 4.584664 169.536814 15155.246735
447 6.433130 -3.500179 8.252106 197.751721 49099.563144
447 14.774216 -5.304339 5.823570 216.208720 24452.689343
447 21.232935 -6.358931 6.730296 192.043057 32660.012543
447 9.089930 -4.160633 28.837961 294.664260 599621.465011
447 16.000780 -5.520135 6.272679 40.144433 28369.662490
447 0.580336 -1.051281 8.643117 315.660729 53862.787631
447 8.959242 -4.130615 5.549714 117.365506 22206.968121
447 14.124550 -5.186405 22.548177 76.864923 366581.846355
447 12.392882 -4.858087 18.813996 335.952334 255217.326230
447 -12.567463 4.892185 7.628815 42.075891 41962.587616
447 -24.080742 6.771954 6.117136 280.447606 26980.152596
447 -24.117802 6.777163 3.445428 1.615169 8559.225258
448 10.852401 -4.546132 8.040519 68.497553 46613.991367
448 18.141185 -5.877761 3.714786 203.807420 9949.830022
448 16.979435 -5.686443 5.514531 13.066789 21926.295466
448 25.939788 -7.028494 5.534739 184.496171 22087.286566
448 6.784261 -3.594433 10.970836 250.107743 86781.565650
448 18.589871 -5.950004 7.722918 328.290677 43004.205220
448 22.860666 -6.598170 20.864718 1.099121 313886.851336
448 14.255462 -5.210384 12.269890 303.669163 108549.901064
448 5.649284 -3.280015 4.042698 152.858625 11783.941694
448 1.960516 -1.932254 7.336039 84.847508 38803.540583
448 19.655923 -6.118230 2.997014 100.175076 6476.281426
448 17.360528 -5.749903 5.193709 277.116560 19449.273422
448 13.976972 -5.159239 6.597369 344.966712 31382.650412
448 10.626044 -4.498471 8.725490 142.903342 54894.358891
448 10.555044 -4.483417 2.917692 219.814145 6138.002941
448 9.349166 -4.219544 6.750662 330.116970 32857.979492
448 12.058608 -4.792120 4.205540 57.814391 12752.390587
448 -20.932128 6.313727 9.352890 269.895252 63072.458914
448 -18.979901 6.012098 11.626835 223.100395 97470.024306
448 -22.549926 6.553173 10.626078 218.860830 81413.063229
449 15.801520 -5.485655 4.470330 48.905975 14408.780886
449 7.061522 -3.667146 7.884785 310.681777 44825.771573
449 6.410540 -3.494028 12.116088 245.717730 105845.624017
449 17.862737 -5.832478 13.426302 183.307541 129975.313782
449 12.662609 -4.910669 6.447319 7.018453 29971.352615
449 11.514239 -4.682704 7.507876 184.010597 40642.668862
449 18.314516 -5.905774 11.922716 55.125642 102494.005234
449 6.587632 -3.541961 7.908460 276.645367 45095.370070
449 9.299245 -4.208264 3.383268 265.583525 8253.172264
449 15.636355 -5.456911 16.021903 15.802609 185087.150561
449 7.785499 -3.850546 3.070118 232.374803 6796.075759
449 16.899300 -5.673009 1.855410 90.514117 2482.148975
449 18.328075 -5.907960 18.662844 74.248975 251132.963337
449 10.670079 -4.507782 16.174539 252.979146 188630.500827
449 18.202693 -5.887717 9.446332 112.962876 64339.026401
449 8.615987 -4.050714 14.708515 201.299694 155986.041974
449 11.876088 -4.755715 4.123326 13.810880 12258.674488
449 -15.748149 5.476383 4.281654 243.305189 13218.163934
449 -14.623349 5.277187 8.984212 305.622524 58198.002422
449 -25.856085 7.017145 3.045612 55.740366 6688.014788
450 12.652372 -4.908684 7.198842 202.336730 37365.720412
450 5.148645 -3.131306 5.715276 305.065660 23551.712926
450 18.962187 -6.009292 6.399622 359.191072 29529.540033
450 14.055861 -5.173778 3.288001 349.498299 7794.924692
450 7.738411 -3.838884 5.656971 321.905689 23073.635925
450 14.067488 -5.175918 4.539082 212.621081 14855.390081
450 13.043415 -4.983962 3.954835 131.636903 11277.291904
450 21.433986 -6.388966 5.383101 159.207255 20893.595809
450 12.200053 -4.820143 7.844938 27.672726 44373.845092
450 23.459522 -6.684034 4.262352 145.265905 13099.258881
450 7.863070 -3.869681 6.596298 208.427543 31372.458483
450 15.305146 -5.398807 5.312353 15.144750 20348.009479
450 13.276035 -5.028209 7.757268 195.001806 43387.604796
450 9.564631 -4.267890 3.888673 161.688767 10903.125205
450 26.268778 -7.072924 7.554881 112.131191 41153.177104
450 20.985292 -6.321739 3.171272 122.263461 7251.287095
450 4.855728 -3.040929 20.280128 298.534018 296544.214320
450 -19.580105 6.106419 4.610960 219.067403 15329.597706
450 -14.195231 5.199365 3.672412 55.827401 9724.132364
450 -26.793079 7.143160 2.374536 9.586134 4065.421796
450 -16.324269 5.575656 4.809251 230.890809 16676.423162
451 15.920885 -5.506336 8.974953 351.185954 58078.109590
451 15.124198 -5.366798 18.615896 192.013115 249871.064117
451 20.120110 -6.190052 10.537440 23.368221 80060.503647
451 10.580167 -4.488749 4.538441 81.388731 14851.195333
451 12.768833 -4.931223 3.361377 331.310836 8146.712659
451 12.291736 -4.838221 4.817943 247.497486 16736.760548
451 19.268315 -6.057605 5.834459 167.757361 24544.218263
451 9.132991 -4.170476 7.334899 267.669303 38791.480687
451 8.289126 -3.973136 2.460560 188.498348 4365.319649
451 -1.422014 -1.645625 9.011283 78.956747 58549.250112
451 4.040726 -2.774015 21.492659 262.048918 333064.512403
451 6.833666 -3.607497 9.166603 52.162310 60584.966645
451 22.038764 -6.478474 1.766688 124.960761 2250.441962
451 11.781286 -4.736695 8.902640 94.288922 57145.983373
451 9.701559 -4.298331 12.179806 223.338370 106961.822951
451 5.029276 -3.094795 4.429832 78.217134 14148.894914
451 11.014825 -4.580025 6.656231 221.630396 31945.145581
451 -18.616757 5.954305 22.329652 147.149741 359510.819812
451 -19.530692 6.098709 11.529534 91.553735 95845.465364
451 -14.746810 5.299417 7.826920 188.317618 44170.248886
451 -27.058908 7.178509 5.653553 294.274197 23045.754961
452 6.519362 -3.523560 6.003252 112.509093 25984.913222
452 -0.641569 -1.105352 12.490695 284.679330 112491.899277
452 1.727922 -1.814016 3.812044 51.109589 10477.650907
452 14.003473 -5.164128 6.881840 238.243113 34147.366625
452 -0.062629 -0.345357 14.946727 286.505427 161079.511745
452 12.791259 -4.935552 17.225358 279.745442 213936.343479
452 11.340116 -4.647162 13.300065 256.455610 127542.703889
452 20.911550 -6.310622 13.060678 117.239211 122992.760164
452 10.364346 -4.442731 3.017702 144.521272 6565.998767
452 10.523536 -4.476720 10.713916 229.333200 82764.585548
452 15.488189 -5.430995 6.766736 232.043933 33014.634520
452 1.701725 -1.800212 6.841016 126.205389 33743.439005
452 3.722726 -2.662623 3.656650 318.636588 9640.837688
452 14.333140 -5.224560 5.017125 149.732561 18149.220303
452 7.938887 -3.888292 5.451239 26.294988 21425.875852
452 14.847731 -5.317520 6.589324 73.628828 31306.162895
452 4.573174 -2.951127 19.162947 135.151222 264772.377060
452 -20.449368 6.240495 11.834529 105.844357 100983.413144
452 -15.435902 5.421820 14.493842 126.630794 151465.986126
452 -20.541366 6.254517 4.387444 304.022697 13879.419105
452 -18.238139 5.893446 4.247283 350.296149 13006.800371
453 1.982065 -1.942844 5.843656 83.127895 24621.665026
453 6.659114 -3.561126 7.615176 293.805180 41812.674069
453 15.559394 -5.443465 12.960927 263.478890 121121.213556
453 13.489008 -5.068379 3.476057 218.038280 8712.077482
453 8.438645 -4.008810 6.167488 82.879204 27426.138579
453 16.102225 -5.537606 5.981183 317.064415 25794.208707
453 23.611723 -6.705682 4.728313 349.476701 16119.832477
453 3.329961 -2.518249 19.381251 168.807848 270839.299687
453 12.930527 -4.962348 16.622266 196.271455 199217.987774
453 13.170020 -5.008092 2.731970 100.680032 5381.459282
453 15.411223 -5.417484 7.509769 315.259589 40663.169722
453 6.078869 -3.402440 10.063990 108.275526 73027.846982
453 3.339617 -2.521897 3.953110 354.883401 11267.453239
453 10.079436 -4.381242 4.730845 227.104309 16137.101369
453 12.609266 -4.900315 7.701921 229.875990 42770.678339
453 15.815531 -5.488087 14.597812 300.078376 153646.828328
453 -23.077960 6.629454 4.917452 109.108354 17435.254316
453 -10.786225 4.532250 6.562510 136.486051 31051.890655
453 -25.636624 6.987302 10.636443 243.027041 81571.959180
453 -7.115719 3.681192 2.211807 75.001479 3527.302139
453 -25.653539 6.989607 3.055184 66.039170 6730.119463
454 1.276793 -1.559335 12.305370 3.292408 109178.568964
454 5.240215 -3.159029 3.531010 68.844435 8989.713576
454 4.315014 -2.866620 7.932836 15.357798 45373.786726
454 8.176932 -3.946156 9.555642 45.001972 65836.659432
454 6.570277 -3.537292 5.839196 276.377163 24584.095368
454 20.422940 -6.236461 6.354585 169.319173 29115.380981
454 11.676429 -4.715569 3.773217 93.905987 10265.297200
454 9.524864 -4.259008 6.080435 246.546915 26657.375733
454 6.020636 -3.386104 3.930678 131.118436 11139.944257
454 7.791058 -3.851920 13.101553 183.207070 123763.797774
454 16.445621 -5.596342 7.362395 242.556136 39082.857922
454 21.045336 -6.330777 15.452022 188.513775 172154.639460
454 10.081721 -4.381738 8.376124 192.429500 50586.455067
454 5.332211 -3.186638 4.861009 142.914885 17037.303598
454 5.460471 -3.224736 5.416784 127.341437 21155.883766
454 10.773757 -4.529630 9.876511 335.467909 70332.355139
454 -15.707517 5.469314 4.550942 289.332367 14933.126113
454 -23.778996 6.729392 3.781127 92.172759 10308.386019
454 -29.008671 7.432638 2.323229 313.947073 3891.635098
454 -24.042876 6.766628 3.727573 194.145188 10018.446778
454 -23.250046 6.654126 11.750713 336.656990 99558.087515
455 5.227861 -3.155303 6.665405 245.063493 32033.263935
455 5.169220 -3.137557 4.092288 162.275600 12074.812323
455 8.143986 -3.938199 2.644743 81.660092 5043.304098
455 7.658979 -3.819131 4.933643 15.065643 17550.261258
455 3.463735 -2.568334 3.236546 328.138156 7552.862338
455 1.392403 -1.628402 5.473635 342.572232 21602.291154
455 18.298493 -5.903190 12.635166 296.727155 115109.178464
455 18.221123 -5.890697 6.665704 243.941411 32036.139251
455 10.448383 -4.460706 6.117388 149.683792 26982.374592
455 8.424734 -4.005504 5.108843 356.171140 18818.855244
455 3.441697 -2.560150 9.682869 116.898073 67601.477884
455 15.756621 -5.477856 2.667533 356.555300 5130.594635
455 14.188812 -5.198190 2.067011 264.311222 3080.587072
455 9.600148 -4.275807 11.006702 288.709947 87349.920057
455 16.473681 -5.601114 7.498552 69.380968 40541.785819
455 22.197730 -6.501796 1.830297 98.384845 2415.411411
455 -15.224420 5.384551 11.176240 179.163506 90061.563535
455 -30.665206 7.641912 4.387294 83.401931 13878.470930
455 -19.793812 6.139653 9.811762 40.676761 69413.207613
455 -26.859452 7.152003 3.937301 195.663010 11177.517992
455 -13.418289 5.055076 5.634478 211.457008 22890.505415
456 10.670156 -4.507798 3.820932 7.227617 10526.567203
456 13.876778 -5.140714 6.061131 191.015070 26488.377919
456 19.671166 -6.120602 4.708312 215.445041 15983.745292
456 15.014432 -5.347288 7.749907 167.273324 43305.297042
456 12.488150 -4.876724 13.687734 157.834883 135086.261088
456 11.804639 -4.741387 10.496700 149.950920 79442.628719
456 6.923621 -3.631163 3.923215 257.142727 11097.681716
456 6.990742 -3.648722 2.737441 270.875417 5403.032546
456 17.073965 -5.702250 7.593277 193.195712 41572.541376
456 15.286071 -5.395442 3.685321 340.348967 9792.616943
456 16.799909 -5.656302 3.958588 301.036110 11298.703526
456 22.345239 -6.523364 8.588542 240.257388 53184.724989
456 11.854905 -4.751471 6.730396 2.088058 32660.989615
456 14.568103 -5.267209 8.033947 300.523995 46537.815667
456 26.334370 -7.081749 10.338410 151.459328 77064.714960
456 12.068193 -4.794024 6.508867 302.634714 30546.315948
456 -31.904478 7.794799 8.047362 185.245598 46693.363054
456 -19.144955 6.038183 13.155912 154.709826 124792.935891
456 -17.097685 5.706210 6.175747 110.484506 27499.641974
456 -28.795975 7.405340 5.642633 348.323622 22956.819694
456 -24.042542 6.766581 3.451090 356.204237 8587.380385
456 -24.559535 6.838946 7.948628 236.412444 45554.617445
457 10.919774 -4.560221 12.529967 17.755131 113200.390280
457 22.956121 -6.611931 7.367459 134.084783 39136.640777
457 4.625304 -2.967900 4.392572 207.894569 13911.879924
457 3.516357 -2.587769 5.438961 201.544749 21329.461723
457 16.490120 -5.603908 9.029044 178.931242 58780.276617
457 2.758151 -2.291860 3.952509 269.178095 11264.029466
457 4.479690 -2.920808 5.802534 332.761391 24276.355278
457 16.626197 -5.626982 4.176420 17.847462 12576.404596
457 12.841095 -4.945157 4.461688 123.756275 14353.127564
457 8.229042 -3.958710 4.785660 46.315093 16513.217273
457 2.775722 -2.299149 7.358855 298.115222 39045.285403
457 11.234625 -4.625497 7.798607 71.232288 43851.268090
457 12.989134 -4.973581 9.969098 120.209713 71657.189250
457 6.648621 -3.558319 14.623841 189.519019 154195.252863
457 8.733173 -4.078168 5.848098 296.614129 24659.104708
457 -22.383189 6.528901 8.506469 335.554505 52173.109892
457 -17.531707 5.778182 3.008133 301.790053 6524.422054
457 -14.592238 5.271571 15.051587 276.711256 163347.552580
457 -23.564645 6.698993 3.685821 252.762409 9795.271219
457 -18.291057 5.901990 14.868520 116.445919 159398.246580
457 -17.204396 5.723989 4.468873 288.292913 14399.389822
458 3.815710 -2.695670 6.289189 68.240370 28519.200742
458 15.462604 -5.426507 6.017340 320.356217 26107.010807
458 10.704807 -4.515112 7.956437 101.266200 45644.169581
458 11.319521 -4.642940 5.460774 329.683734 21500.889008
458 13.659955 -5.100394 8.702775 136.368534 54608.915300
458 15.261303 -5.391069 5.715740 318.938422 23555.534897
458 7.553952 -3.792855 13.750761 94.249251 136333.165065
458 5.952711 -3.366949 3.549948 258.460688 9086.402923
458 1.841642 -1.872758 4.692079 205.209211 15873.720859
458 18.239951 -5.893739 7.049575 205.926340 35832.235946
458 5.784668 -3.319084 6.344352 138.990262 29021.680203
458 15.805891 -5.486414 4.966378 77.842608 17783.924751
458 8.243961 -3.962297 4.074493 253.099760 11970.026969
458 9.456028 -4.243590 10.820262 318.334344 84415.773347
458 10.155925 -4.397834 2.752527 297.811606 5462.748132
458 -24.731397 6.862833 4.657268 107.577692 15639.058942
458 -24.465845 6.825889 14.278757 187.091142 147003.910711
458 -27.137409 7.188914 4.041652 15.885990 11777.844368
458 -19.108813 6.032481 17.402573 348.961863 218360.964570
458 -15.869940 5.497519 4.205091 263.658095 12749.666786
458 -25.382827 6.952629 3.561960 252.481951 9148.001919
459 5.998662 -3.379919 21.529293 294.280495 334200.902930
459 18.179195 -5.883915 5.336999 240.577224 20537.253477
459 8.109600 -3.929876 9.603105 253.909170 66492.311165
459 7.346722 -3.740468 10.371888 110.311069 77564.623649
459 7.221520 -3.708458 4.247793 269.298782 13009.926501
459 4.178698 -2.820977 9.393969 120.332554 63627.717057
459 18.080643 -5.867945 4.365114 296.754684 13738.495089
459 10.386054 -4.447381 3.643131 80.563846 9569.686307
459 14.467571 -5.249004 2.728231 347.072728 5366.739179
459 21.936613 -6.463442 6.817862 309.424386 33515.409102
459 13.009064 -4.977395 21.501643 183.437755 333343.006101
459 10.553252 -4.483036 12.056564 323.899628 104808.176489
459 10.243315 -4.416715 4.356107 83.231912 13681.860849
459 22.248447 -6.509220 4.565744 233.137914 15030.419832
459 16.910562 -5.674899 1.768037 294.785210 2253.880532
459 -20.784880 6.291480 17.904192 281.728731 231130.641049
459 -23.138403 6.638130 4.196152 80.821955 12695.521361
459 -2.202346 2.047962 13.750309 263.991332 136324.212473
459 -18.500277 5.935649 9.151137 139.566657 60380.708583
459 -22.185998 6.500078 3.490828 90.614398 8786.279043
459 -14.929135 5.332077 2.167063 341.007559 3386.032051
460 8.395037 -3.998438 12.589189 345.166035 114272.992661
460 7.080613 -3.672100 3.736819 120.578626 10068.207813
460 9.206708 -4.187273 8.284009 148.270009 49479.942381
460 9.436398 -4.239183 13.662816 331.209019 134594.878897
460 3.757007 -2.674854 7.681719 261.864229 42546.606339
460 15.170909 -5.375079 11.295252 211.825669 91989.847026
460 13.781116 -5.122964 11.421980 268.999900 94065.614933
460 10.050167 -4.374876 4.653455 52.589427 15613.457778
460 13.034635 -4.982284 2.843592 332.558784 5830.188184
460 17.903402 -5.839113 7.575079 299.471493 41373.518720
460 -1.209642 -1.517775 3.020281 321.090935 6577.228279
460 -1.637907 -1.766134 5.585993 279.547001 22498.259643
460 18.351487 -5.911732 14.915455 303.163250 160406.179356
460 13.153012 -5.004857 3.147051 58.900570 7140.944110
460 7.054921 -3.665432 5.699410 222.784117 23421.134169
460 -0.001353 0.050766 7.277640 104.487362 38188.202164
460 -19.934982 6.161508 5.424486 312.847259 21216.084367
460 -12.397910 4.859072 8.330448 180.175773 50036.248534
460 -17.959588 5.848268 15.278376 164.296721 168307.103668
460 -21.695836 6.427873 3.050116 87.464448 6707.810146
460 -10.934238 4.563240 10.082442 197.732120 73295.879396
460 -22.473809 6.542104 5.936867 299.652153 25413.392309
461 12.435666 -4.866465 10.564623 229.850546 80474.094242
461 6.973787 -3.644294 2.030045 119.667278 2971.387595
461 4.410939 -2.898309 4.366975 52.438131 13750.214328
461 11.435615 -4.666689 5.437992 251.800977 21321.864976
461 16.947681 -5.681123 7.001112 225.749678 35341.262982
461 6.554419 -3.533021 7.532448 267.699810 40909.143802
461 15.048175 -5.353293 4.056005 115.142300 11861.646754
461 19.459798 -6.087630 5.254552 81.830008 19907.624640
461 18.311745 -5.905327 3.594369 11.513796 9315.228021
461 9.273045 -4.202331 5.878628 292.292595 24917.246437
461 12.551305 -4.889039 4.304153 349.982613 13357.447498
461 10.032132 -4.370949 4.150617 159.887657 12421.480833
461 18.415495 -5.922033 3.956415 358.260682 11286.302895
461 14.571514 -5.267826 3.016201 0.320981 6559.467588
461 -19.462835 6.088105 8.902686 115.416627 57146.565922
461 -24.506060 6.831496 11.117378 344.591208 89115.407407
461 -23.556992 6.697905 1.761244 293.662178 2236.593022
461 -20.008270 6.172823 5.912000 114.203458 25200.948669
461 -18.680576 5.964502 11.890765 261.397057 101945.414833
461 -19.776734 6.137003 7.801546 81.248463 43884.322678
461 -32.769555 7.899768 11.472464 107.527578 94898.966474
462 -4.091663 -2.791445 5.699300 107.168690 23420.228668
462 15.711708 -5.470044 4.917798 68.616092 17437.710578
462 12.363828 -4.852388 21.628863 195.807201 337299.303855
462 6.233205 -3.445361 13.872042 266.527406 138748.680419
462 12.087341 -4.797826 2.527061 47.278047 4604.468239
462 12.481825 -4.875489 4.057415 242.219003 11869.898963
462 15.868941 -5.497346 4.702321 313.739448 15943.091471
462 15.404353 -5.416276 10.957739 301.558272 86574.501967
462 12.800426 -4.937320 7.267016 323.895184 38076.783731
462 11.912238 -4.762947 2.916109 275.810384 6131.342605
462 7.768232 -3.846274 5.339120 163.666408 20553.575428
462 23.552926 -6.697327 6.608290 304.043795 31486.633345
462 13.357969 -5.043701 7.812748 239.868638 44010.434803
462 8.397226 -3.998960 8.261187 1.895955 49207.693781
462 -13.533535 5.076738 6.342536 76.008940 29005.074131
462 -14.498287 5.254573 5.486202 62.741742 21701.595438
462 -21.606610 6.414642 5.400991 45.539799 21032.699652
462 -22.741653 6.580973 5.027270 179.327023 18222.689897
462 -36.077423 8.288899 8.000519 321.045930 46151.344316
462 -10.124972 4.391127 4.996856 66.597880 18002.868340
462 -15.272695 5.393081 23.748166 141.036444 406638.263408
463 18.725996 -5.971749 7.452031 302.373028 40040.307076
463 1.390372 -1.627213 5.015593 281.325942 18138.137683
463 12.171416 -4.814483 6.677672 143.241776 32151.281027
463 9.077317 -4.157745 9.085543 111.771127 59518.205069
463 5.263269 -3.165971 3.563532 35.383246 9156.073902
463 24.420211 -6.819520 28.239606 58.311180 574996.680499
463 14.882389 -5.323723 4.026659 105.718537 11690.628302
463 9.773001 -4.314128 20.704383 283.627429 309081.249686
463 11.724933 -4.725353 19.582958 90.813590 276506.050359
463 14.461331 -5.247872 2.938743 195.040605 6226.892596
463 5.379864 -3.200846 6.808044 78.464905 33418.948492
463 9.543004 -4.263062 11.856977 119.289028 101366.875205
463 9.766625 -4.312721 6.969023 109.196926 35018.045399
463 1.693958 -1.796099 4.276933 92.386815 13189.032497
463 -22.728224 6.579030 3.588958 346.870470 9287.200189
463 -34.585775 8.115735 4.062279 102.905880 11898.370354
463 -27.598729 7.249760 5.920162 97.854769 25270.580971
463 -23.876666 6.743198 10.728419 137.125207 82988.813419
463 -19.809339 6.142060 9.388471 8.025666 63553.254476
463 -11.246466 4.627934 3.264195 136.442796 7682.460477
463 -26.942019 7.162987 3.594190 234.697821 9314.299324
463 -16.418095 5.591656 6.035133 169.594331 26261.631124
464 11.933256 -4.767147 3.911722 39.712246 11032.755045
464 14.950352 -5.335865 4.043778 138.031999 11790.240141
464 3.511844 -2.586108 16.965188 14.362845 207522.615839
464 16.712440 -5.641558 4.963258 158.403065 17761.584320
464 13.407570 -5.053056 4.755788 205.119042 16307.714524
464 16.233409 -5.560117 2.315858 186.855475 3866.978410
464 12.492002 -4.877476 7.907099 173.635554 45079.841919
464 7.379504 -3.748804 6.913331 192.641212 34460.597167
464 8.188960 -3.949057 4.351106 238.125798 13650.463680
464 6.712034 -3.575248 2.447180 66.755425 4317.971160
464 12.089338 -4.798222 3.547229 200.940023 9072.492916
464 14.372828 -5.231789 9.387114 188.008144 63534.885007
464 13.468018 -5.064434 11.959096 259.949137 103120.445722
464 -11.051325 4.587608 4.001508 13.059623 11545.043015
464 -22.218665 6.504862 6.554656 56.154818 30977.608206
464 -17.220464 5.726661 5.335893 182.975921 20528.743021
464 -10.308672 4.430783 7.767354 351.452921 43500.506262
464 -25.245702 6.933824 6.510318 192.975423 30559.936986
464 -31.900775 7.794346 15.972622 22.479418 183950.304151
464 -19.191848 6.045573 6.222235 77.963996 27915.205133
464 -18.606525 5.952669 8.032951 301.624466 46526.272446
465 12.020540 -4.784550 2.602087 314.198913 4881.932040
465 10.404973 -4.451430 3.751952 235.309053 10149.922511
465 14.956477 -5.336958 7.102957 103.767562 36376.967994
465 12.395580 -4.858615 2.723483 185.581811 5348.074354
465 6.526364 -3.525451 6.592870 333.914158 31339.864399
465 13.202288 -5.014223 5.994742 98.436015 25911.292736
465 4.731336 -3.001725 7.283956 235.627056 38254.510423
465 9.267432 -4.201059 18.264624 140.509970 240530.152753
465 26.029793 -7.040677 5.518561 242.919507 21958.352319
465 9.554552 -4.265641 4.576144 129.642730 15098.971559
465 4.675832 -2.984067 6.203504 66.205853 27747.395345
465 13.287241 -5.030330 4.346506 243.734519 13621.614613
465 13.831419 -5.132305 6.788270 230.498530 33225.095652
465 -9.987921 4.361307 18.252604 152.863240 240213.678808
465 -15.475422 5.428756 16.100699 238.087253 186912.159213
465 -21.643591 6.420129 10.369213 343.065639 77524.630470
465 -12.566851 4.892066 8.217461 75.169030 48688.162006
465 -11.992536 4.778973 6.706023 230.588881 32424.866493
465 -16.527881 5.610321 7.076575 353.047587 36107.244188
465 -21.297058 6.368526 3.536118 99.428401 9015.745568
465 -21.927965 6.462168 4.431886 126.875432 14162.019823
466 1.255971 -1.546568 8.303116 124.257834 49708.462910
466 5.464387 -3.225892 4.735813 55.849002 16171.013695
466 5.356303 -3.193829 17.936794 206.172022 231973.134668
466 3.631078 -2.629644 3.732077 191.742779 10042.669205
466 11.564883 -4.692991 5.904348 317.235505 25135.754805
466 14.786237 -5.306497 13.879748 251.585629 138902.876018
466 20.444962 -6.239823 8.505776 248.294140 52164.611092
466 13.676768 -5.103532 11.328289 187.322265 92528.750671
466 10.509081 -4.473644 18.994349 257.804473 260133.877102
466 13.001136 -4.975878 8.499163 11.362586 52083.523616
466 2.403064 -2.139251 11.998517 230.554927 103801.402256
466 4.642266 -2.973337 7.703447 299.339653 42787.636997
466 -9.626885 4.281757 4.007132 83.412814 11577.517897
466 -10.376445 4.445324 2.905837 51.289020 6088.225135
466 -16.240154 5.561272 4.039824 229.286024 11767.195876
466 -15.814339 5.487880 2.172688 118.808344 3403.635128
466 -26.553404 7.111139 6.393034 43.665511 29468.772654
466 -15.747555 5.476280 5.089133 275.480668 18673.926391
466 -1.763407 1.832548 4.006317 310.816499 11572.803928
466 -18.573682 5.947413 5.118522 15.852973 18890.229675
466 -25.046205 6.906373 6.146217 203.212333 27237.288520
467 26.683365 -7.128520 3.226014 339.711312 7503.788891
467 8.287303 -3.972699 3.026077 234.673769 6602.493909
467 6.480037 -3.512917 1.011956 340.290299 738.365359
467 8.390054 -3.997251 6.572130 240.218612 31142.993842
467 8.733478 -4.078239 7.454090 95.839199 40062.435504
467 15.277167 -5.393870 6.567637 293.913302 31100.428808
467 13.052893 -4.985773 5.443261 279.277115 21363.202249
467 8.723003 -4.075793 12.412047 6.473629 111079.756589
467 18.518347 -5.938547 6.106250 279.147702 26884.206623
467 2.600912 -2.225573 2.371009 41.082710 4053.355158
467 2.044188 -1.973056 12.380604 303.607876 110517.681384
467 2.903637 -2.351528 6.207522 42.167924 27783.349243
467 -16.464717 5.599590 12.583799 313.090148 114175.155892
467 -21.391156 6.382579 5.676548 26.431624 23233.613813
467 -30.934326 7.675372 4.713980 92.552339 16022.254131
467 -18.145846 5.878516 2.962492 265.066484 6327.942367
467 -22.571663 6.556331 12.986086 188.489101 121591.888843
467 -20.782133 6.291065 7.899556 43.080863 44993.879418
467 -15.393432 5.414356 8.379169 243.620374 50623.248889
467 -10.759774 4.526689 3.603051 239.412760 9360.282192
467 -12.918131 4.959969 10.245366 1.785145 75683.819958
468 5.593089 -3.263660 16.866239 357.304206 205108.920997
468 14.894335 -5.325859 6.744256 201.057992 32795.644442
468 5.463367 -3.225591 23.476405 94.101406 397384.793110
468 14.189131 -5.198248 2.527626 356.123119 4606.527059
468 9.122390 -4.168055 7.885572 184.114095 44834.726700
468 7.193272 -3.701198 9.331514 270.431637 62784.475353
468 8.395003 -3.998430 2.988601 223.405701 6439.969468
468 12.630084 -4.904358 9.607047 129.551004 66546.905820
468 7.101426 -3.677493 1.275865 96.333266 1173.700581
468 8.571323 -4.040201 4.844702 11.290204 16923.191267
468 9.966925 -4.356720 3.296544 282.490441 7835.483207
468 10.501528 -4.472037 9.764297 161.500954 68743.239525
468 -8.400978 3.999853 2.963796 88.788476 6333.512544
468 -12.995133 4.974729 6.562953 319.436984 31056.084035
468 -3.479710 2.574249 4.001242 250.406787 11543.503287
468 -12.276864 4.835293 6.257737 38.374190 28234.668258
468 -22.149876 6.494784 5.253413 62.194015 19898.993697
468 -14.541642 5.262424 12.038203 306.119660 104489.191148
468 -10.029801 4.370441 10.474396 114.759510 79105.378461
468 -15.863078 5.496330 6.741508 251.699417 32768.925754
468 -13.733984 5.114196 3.763299 87.802371 10211.404339
469 11.860859 -4.752664 16.745503 42.555463 202182.921364
469 6.704323 -3.573194 7.749641 307.955755 43302.326515
469 8.209410 -3.953985 6.853960 327.672503 33871.252833
469 12.469253 -4.873032 6.567981 324.890435 31103.684458
469 16.441224 -5.595593 4.886775 148.961868 17218.395682
469 14.216184 -5.203201 5.294205 236.370483 20209.222071
469 15.458436 -5.425776 6.026064 85.190767 26182.771317
469 7.019523 -3.656225 7.094414 178.795865 36289.508463
469 11.833505 -4.747181 4.605237 64.386458 15291.568109
469 13.837114 -5.133362 6.464637 239.761119 30132.578656
469 3.626190 -2.627873 14.007495 343.898866 141471.529350
469 -11.680268 4.716344 5.607864 183.842397 22674.774233
469 -13.060419 4.987210 3.417631 331.478506 8421.675254
469 -13.613681 5.091748 4.366743 51.677574 13748.752643
469 -18.933476 6.004741 6.381271 53.442047 29360.436870
469 -9.059390 4.153637 5.834877 50.519233 24547.742187
469 -12.748398 4.927276 4.350554 95.961150 13647.001974
469 -17.125385 5.710830 4.380178 137.745600 13833.486234
469 -24.046286 6.767108 9.075291 227.931968 59383.963143
469 -13.812799 5.128849 4.668269 203.184146 15713.024386
470 5.201562 -3.147357 22.698266 75.607718 371478.283619
470 11.106601 -4.599066 8.145020 133.980462 47833.524171
470 13.978946 -5.159603 4.525030 40.631718 14763.558746
470 3.674908 -2.645467 3.637570 312.377431 9540.493303
470 10.941176 -4.564688 5.746121 58.004827 23806.608749
470 14.848096 -5.317585 7.235853 182.244912 37750.923897
470 12.040311 -4.788483 3.933425 297.980589 11155.521469
470 17.210674 -5.725033 5.696276 290.610249 23395.382456
470 12.410033 -4.861447 8.741250 168.497049 55092.840914
470 16.778778 -5.652743 6.600437 261.215033 31411.844850
470 9.616856 -4.279526 7.379480 183.211035 39264.453029
470 -21.074198 6.335117 3.567441 81.236239 9176.174821
470 -23.845255 6.738761 5.711981 61.858992 23524.567666
470 -18.037138 5.860881 4.984799 289.904633 17916.097940
470 -28.091357 7.314177 9.331860 80.220934 62789.133745
470 -19.768823 6.135776 5.116036 54.292050 18871.881569
470 -21.263730 6.363541 5.553931 22.965832 22240.727043
470 -18.968903 6.010356 3.260186 193.482824 7663.599539
470 -13.444663 5.060041 7.940551 262.122883 45462.082823
470 -4.348377 2.877681 4.465475 142.282674 14377.499503
470 -17.966518 5.849396 5.171703 250.347434 19284.806355
471 6.729045 -3.579776 6.527466 219.121162 30721.135405
471 12.139409 -4.808148 5.398769 320.315802 21015.394158
471 5.222829 -3.153784 8.623056 203.615577 53613.049349
471 15.891013 -5.501168 8.402930 357.176170 50910.758617
471 14.006625 -5.164709 8.307263 18.091845 49758.127435
471 2.595135 -2.223101 13.880660 348.904346 138921.120617
471 6.601936 -3.545804 12.174606 331.110477 106870.515759
471 6.236821 -3.446361 5.245090 111.963163 19835.990548
471 7.534250 -3.787905 3.615991 90.445182 9427.632440
471 6.964974 -3.641991 7.505610 80.964336 40618.147305
471 -9.852923 4.331733 3.339623 301.683166 8041.611249
471 -7.365010 3.745120 8.972999 203.259342 58052.812896
471 -11.135078 4.604958 5.548753 286.850654 22199.278603
471 -30.603318 7.634197 3.362671 253.149332 8152.986439
471 -14.970436 5.339447 7.192305 174.996743 37297.894164
471 -21.121752 6.342260 3.424095 157.095846 8453.561172
471 -29.107078 7.445235 2.447498 188.865252 4319.094111
471 -19.405103 6.079069 2.981136 293.160763 6407.840061
471 -22.525489 6.549621 18.403792 221.546209 244209.594870
471 -15.830464 5.490677 10.648586 253.289913 81758.325575
472 12.454052 -4.870061 8.124040 316.846436 47587.420535
472 11.940409 -4.768576 7.076613 146.586989 36107.624662
472 10.205538 -4.408563 8.277946 83.579426 49407.538452
472 11.913758 -4.763251 10.559644 84.387090 80398.259424
472 17.885062 -5.836121 6.388160 230.939338 29423.857422
472 4.288150 -2.857683 3.842464 61.599721 10645.541135
472 14.409751 -5.238504 1.540551 302.440066 1711.198097
472 16.236136 -5.560584 6.457282 243.293291 30064.053564
472 6.306686 -3.465610 4.032125 327.150162 11722.387815
472 12.920935 -4.960507 7.057275 218.364561 35910.554123
472 -24.440776 6.822391 5.450660 50.468145 21421.324301
472 -13.101237 4.994997 6.835094 10.640726 33685.034539
472 -5.529014 3.244912 4.155196 310.625158 12448.902900
472 -19.884098 6.153639 6.215814 188.172162 27857.627049
472 -8.760381 4.084516 19.898640 266.386526 285492.613867
472 -23.090925 6.631316 9.471008 133.506191 64675.607788
472 -20.084802 6.184618 3.606398 91.661098 9377.680121
472 -15.270232 5.392646 10.192953 33.512561 74911.434642
472 -21.956931 6.466435 7.918961 304.087676 45215.203573
472 -21.280320 6.366022 5.760079 215.438514 23922.412722
473 8.775478 -4.088034 6.438876 152.484613 29892.910362
473 11.249900 -4.628640 17.086244 267.180234 210494.766978
473 10.344946 -4.438571 14.612801 125.959655 153962.516691
473 2.757780 -2.291706 2.545494 70.056958 4671.887085
473 8.075319 -3.921561 7.897350 263.622927 44968.749029
473 13.262010 -5.025552 10.682285 134.735736 82276.616495
473 8.097349 -3.926906 8.371972 31.003954 50536.322501
473 12.469175 -4.873017 13.616948 193.866798 133692.689273
473 11.206379 -4.619678 7.732434 7.704359 43110.245897
473 -25.176662 6.924336 6.138289 246.493616 27167.069657
473 -13.934881 5.151465 7.137192 132.758757 36728.467860
473 -5.423072 3.213674 9.470670 84.590476 64670.991302
473 -16.614226 5.624956 4.800830 133.076287 16618.078324
473 -6.727972 3.579490 5.834445 5.120572 24544.107412
473 -13.563038 5.082268 4.683085 323.589570 15812.919998
473 -6.031000 3.389017 2.039753 357.444958 2999.876118
473 -21.441341 6.390062 14.215217 340.998022 145698.494436
473 -12.602932 4.899084 4.979634 245.200893 17878.988984
473 -21.322430 6.372318 4.996399 75.432689 17999.576212
474 19.925732 -6.160078 9.445421 73.059736 64326.620443
474 14.969583 -5.339295 5.703318 197.346086 23453.264577
474 4.598560 -2.959307 12.534055 322.419244 113274.265586
474 6.488492 -3.515208 6.384435 33.191758 29389.553729
474 12.173704 -4.814935 2.857012 183.870855 5885.348943
474 16.881132 -5.669958 5.310316 258.982625 20332.406640
474 15.612763 -5.452793 11.347145 280.245229 92837.037440
474 17.283782 -5.737180 9.960315 139.756891 71530.990282
474 15.812288 -5.487524 5.022533 150.608848 18188.364433
474 -18.983919 6.012734 2.416234 345.421587 4209.458505
474 -19.365683 6.072891 9.031807 225.610321 58816.254427
474 -5.476623 3.229502 16.029113 349.336329 185253.769051
474 -12.539382 4.886717 9.444887 41.770359 64319.338252
474 -22.961437 6.612697 21.778255 107.231081 341974.910178
474 -11.297045 4.638329 12.570767 330.296554 113938.793519
474 -22.315137 6.518968 5.382412 134.770101 20888.247563
474 -0.992101 1.374539 3.990583 2.502214 11482.082780
474 -13.345934 5.041428 8.223283 48.305891 48757.172887
474 -11.191359 4.616581 5.721357 51.948553 23601.856461
475 8.304043 -3.976710 6.199318 145.474808 27709.959734
475 8.615843 -4.050680 9.741801 168.715155 68426.848604
475 16.465882 -5.599788 3.151939 230.283649 7163.144475
475 8.154940 -3.940846 3.037905 234.559034 6654.207088
475 12.349535 -4.849583 14.130387 218.588686 143964.760828
475 11.548248 -4.689614 10.874648 247.547561 85266.517753
475 8.434916 -4.007924 10.094855 287.926331 73476.456353
475 3.183534 -2.462259 8.837295 247.671550 56310.167786
475 1.931787 -1.918044 6.102754 243.670517 26853.430530
475 -7.712558 3.832466 7.278753 138.736101 38199.888248
475 -17.812324 5.824242 14.063504 150.106729 142605.142087
475 -16.272218 5.566759 3.299251 282.542390 7848.357419
475 -7.838700 3.863680 3.745098 5.391718 10112.872704
475 -9.222771 4.190924 3.249031 126.615931 7611.248440
475 -2.584210 2.218416 2.344830 285.382574 3964.340315
475 -12.159600 4.812145 10.618524 313.745745 81297.352694
475 -18.022223 5.858457 18.979873 105.227612 259737.523421
475 -26.289419 7.075703 2.345107 238.893225 3965.277485
475 -11.273807 4.633556 8.759821 151.123919 55327.178133
475 -16.861677 5.666690 6.254806 352.994736 28208.226734
476 5.395468 -3.205484 10.298579 76.237183 76472.043319
476 12.617512 -4.901917 1.935930 154.315647 2702.261269
476 9.061004 -4.154007 5.823689 343.367835 24453.689915
476 2.742521 -2.285357 7.368316 196.335494 39145.746049
476 14.297859 -5.218126 4.808710 231.575987 16672.670799
476 13.452023 -5.061426 16.024775 52.081314 185153.505835
476 12.493384 -4.877745 4.712869 188.303593 16014.699733
476 7.036643 -3.660681 15.711989 319.191822 177996.062114
476 -21.977014 6.469391 5.210567 315.324352 19575.731996
476 -14.591720 5.271477 4.941038 285.938789 17602.911394
476 -16.176573 5.550375 3.776928 270.546016 10285.502200
476 -9.338935 4.217235 3.008876 20.663601 6527.646577
476 -17.477266 5.769203 4.820716 81.019179 16756.031258
476 -5.523960 3.243429 8.862770 233.333180 56635.279983
476 -14.509894 5.256676 4.617769 136.852713 15374.908751
476 -12.600306 4.898573 4.721544 19.010295 16073.713836
476 -5.032124 3.095671 5.142085 72.393078 19064.553139
476 -15.575903 5.446352 4.820751 187.235444 16756.277869
476 -17.302561 5.740296 5.904985 32.130102 25141.178982
477 12.346351 -4.848958 9.541374 64.622134 65640.199068
477 7.155926 -3.691578 3.471910 317.077967 8691.307324
477 13.193434 -5.012542 13.078181 91.624672 123322.619301
477 6.053186 -3.395245 5.129725 200.173273 18973.008569
477 5.881766 -3.346825 3.839756 354.410100 10630.541346
477 -1.721825 -1.810813 2.202033 359.745341 3496.195027
477 5.819136 -3.328958 4.502692 152.455464 14618.157960
477 7.390160 -3.751509 11.042821 12.580258 87924.134286
477 -12.635007 4.905314 10.052065 296.937076 72854.878977
477 -13.385117 5.048823 3.239613 343.644559 7567.186152
477 -9.622227 4.280721 7.712089 115.218094 42883.686062
477 -13.984305 5.160592 9.946118 260.143714 71327.224524
477 -20.238572 6.208248 6.076830 204.237896 26625.771260
477 -13.952456 5.154712 23.554436 81.902658 400030.870241
477 -18.275429 5.899468 6.162325 260.111086 27380.244850
477 -15.080278 5.359000 1.905555 166.448174 2618.130255
477 -19.846221 6.147776 2.395975 101.611454 4139.163686
477 0.375768 0.845938 3.181470 85.319974 7297.995973
477 -11.398171 4.659043 4.581346 124.470222 15133.318219
478 9.264744 -4.200450 5.387660 280.041237 20929.001220
478 11.617740 -4.703703 4.956858 22.586647 17715.811495
478 14.870225 -5.321546 8.242751 64.701494 48988.306110
478 10.902625 -4.556639 17.711373 136.428535 226179.136275
478 10.174551 -4.401865 7.059517 310.297271 35933.378795
478 13.765295 -5.120022 5.661120 31.329225 23107.490077
478 2.582842 -2.217829 7.142651 56.227725 36784.675279
478 -22.199084 6.501995 9.332942 126.491081 62803.694093
478 -12.687798 4.915551 3.017680 231.019755 6565.901613
478 -15.900388 5.502790 15.627471 134.825416 176086.258989
478 -13.966485 5.157303 5.362747 162.862595 20735.891449
478 -7.703630 3.830247 29.271247 105.129449 617775.273123
478 -5.697735 3.294050 8.162434 128.770847 48038.274347
478 3.160724 2.453423 5.914135 307.042543 25219.157667
478 -20.932024 6.313711 5.840116 5.143416 24591.835647
478 -18.422595 5.923174 2.268924 156.062998 3711.829230
478 -5.942468 3.364051 3.977632 20.762489 11407.676043
478 -15.296059 5.397204 7.121336 208.486295 36565.457270
479 2.403774 -2.139567 5.780400 235.013035 24091.501211
479 15.151973 -5.371724 7.717661 264.902683 42945.676068
479 12.918037 -4.959951 1.993072 99.855862 2864.139525
479 10.689989 -4.511986 3.453276 61.614665 8598.260413
479 7.510586 -3.781952 6.560366 149.984558 31031.600064
479 12.838701 -4.944696 9.420315 156.914603 63985.107814
479 16.001107 -5.520191 5.842861 357.202614 24614.959311
479 -18.205190 5.888121 3.972868 21.764306 11380.369205
479 -13.919848 5.148685 7.315238 324.606147 38583.801971
479 -11.195977 4.617534 6.591753 96.086465 31329.243319
479 -4.169358 2.817823 2.118548 287.703171 3236.120336
479 -20.448464 6.240357 3.468906 145.717251 8676.270554
479 -21.157007 6.347551 9.097424 109.479010 59673.973855
479 -19.285510 6.060307 11.501628 93.059503 95382.056347
479 -18.229353 5.892027 5.695914 338.697024 23392.407913
479 -23.706195 6.719083 5.198024 298.520859 19481.598180
479 -15.460097 5.426068 8.514923 298.560064 52276.865896
479 -6.836929 3.608358 3.621278 232.804607 9455.223695
480 7.243223 -3.714027 10.872763 95.004605 85236.947782
480 2.774416 -2.298608 9.367052 335.505922 63263.605585
480 10.226180 -4.413019 8.711738 78.408822 54721.459999
480 10.432277 -4.457267 3.852241 271.491985 10699.781787
480 10.476277 -4.466657 6.562426 198.134010 31051.094294
480 -0.131795 -0.500989 7.957776 307.249090 45659.535771
480 -9.596099 4.274905 6.272942 221.147228 28372.045216
480 -14.603629 5.273628 9.737420 356.186455 68365.329680
480 -19.165135 6.041364 4.052995 325.005370 11844.047146
480 -12.257602 4.831498 5.469674 7.930262 21571.035727
480 -17.610423 5.791139 12.584195 344.790716 114182.350251
480 -19.568016 6.104533 12.915360 296.449558 120271.051068
480 -18.555084 5.944434 8.221194 116.459618 48732.412674
480 -8.322282 3.981074 1.558858 114.126590 1752.109325
480 -12.664636 4.911062 4.890438 70.821534 17244.224056
480 -26.386347 7.088735 4.675691 306.737202 15763.030640
480 -14.141902 5.189589 12.057824 88.609686 104830.080662
480 -1.627181 1.760342 6.025263 23.863968 26175.803709
481 9.543321 -4.263133 6.979515 188.073954 35123.564911
481 8.990872 -4.137900 12.001239 217.712958 103848.501207
481 11.792307 -4.738910 5.281449 306.090130 20111.950357
481 10.850798 -4.545796 7.207452 177.181058 37455.149716
481 6.300216 -3.463832 9.380009 272.445614 63438.750110
481 11.355797 -4.650374 23.860493 56.704299 410494.083014
481 -13.194245 5.012696 3.364044 228.041287 8159.649298
481 -13.047657 4.984773 10.806268 287.651348 84197.561708
481 -10.773204 4.529513 7.731747 13.054608 43102.584687
481 -19.943084 6.162760 8.455832 245.179401 51553.811798
481 -15.619394 5.453950 7.454460 283.192786 40066.408403
481 -15.896189 5.502063 5.821596 22.025237 24436.120700
481 -0.656482 1.118125 3.612516 1.508069 9409.524950
481 -12.790230 4.935354 4.738272 184.266671 16187.805172
481 -18.512575 5.937621 5.220774 292.850885 19652.499919
481 -17.610595 5.791167 4.840241 20.208358 16892.035010
481 -13.231500 5.019768 7.431225 115.414878 39817.030785
481 -5.386563 3.202838 13.088387 174.620825 123515.170668
482 5.462005 -3.225189 4.542193 280.479771 14875.762912
482 14.698652 -5.290757 9.875929 72.205467 70324.071516
482 11.721967 -4.724755 4.193332 20.522427 12678.463278
482 8.554277 -4.036182 27.277969 151.686897 536502.985484
482 14.301255 -5.218746 5.796925 216.087189 24229.441464
482 6.766906 -3.589832 7.399936 24.855080 39482.446547
482 -21.126381 6.342955 9.190590 214.903150 60902.463845
482 -15.790299 5.483707 5.345085 264.507423 20599.533452
482 -15.199747 5.380186 7.236844 86.467702 37761.259654
482 -16.844679 5.663833 11.386703 17.222322 93485.451646
482 -13.491037 5.068760 4.472830 32.105818 14424.901406
482 -18.888465 5.997599 4.361915 111.475706 13718.368893
482 -13.519412 5.074088 8.394849 87.598613 50812.882688
482 -11.134760 4.604893 20.466820 246.810204 302029.117327
482 -17.780035 5.818960 3.062354 66.705843 6761.745020
482 -17.396868 5.755918 6.921152 175.670291 34538.605255
482 -12.639793 4.906243 4.170667 227.840000 12541.775952
482 -12.689848 4.915948 12.590913 60.877250 114304.291463
483 15.028461 -5.349785 14.483981 232.701468 151259.964539
483 12.147538 -4.809758 18.236903 98.052300 239800.588316
483 8.919855 -4.121526 6.120858 342.220805 27012.988815
483 5.050125 -3.101203 7.513075 132.455555 40698.984822
483 12.892492 -4.955044 8.785991 104.368928 55658.251050
483 -7.575940 3.798371 4.087396 138.738422 12045.963591
483 -18.615229 5.954061 4.017085 76.183552 11635.099442
483 -16.644809 5.630131 6.008664 284.062937 26031.785882
483 -15.567960 5.444963 2.445544 42.608441 4312.202765
483 -6.795163 3.597320 7.319984 295.957902 38633.877032
483 -28.182253 7.326000 8.822552 238.654902 56122.434596
483 -6.597361 3.544575 4.398075 10.986251 13946.761192
483 -20.084276 6.184537 12.187738 281.051280 107101.183518
483 -29.733201 7.524886 16.966843 217.627509 207563.113859
483 -8.433548 4.007599 1.860420 146.017171 2495.572406
483 -10.777542 4.530425 5.125398 323.805786 18941.012041
483 1.219807 1.524139 14.146699 327.793293 144297.331280
484 16.915580 -5.675740 3.951215 205.131618 11256.658765
484 10.362392 -4.442312 5.291609 218.494076 20189.409328
484 5.699773 -3.294639 9.126559 83.468360 60056.804698
484 5.217047 -3.152038 14.277368 110.461762 146975.304909
484 10.518815 -4.475716 7.414405 129.417225 39636.993057
484 -7.230510 3.710766 11.882363 289.267268 101801.394156
484 -8.149374 3.939501 6.388206 323.317017 29424.280241
484 -21.605231 6.414437 9.157388 299.769162 60463.222705
484 -13.416737 5.054783 13.402746 202.881872 129519.647873
484 -16.962233 5.683562 4.066290 83.882760 11921.879705
484 -20.951419 6.316635 9.406761 18.226174 63801.118285
484 -13.995954 5.162741 7.517453 242.822378 40746.427725
484 -20.555320 6.256641 8.447348 191.683973 51450.414681
484 -20.081267 6.184073 4.792435 65.411512 16560.005297
484 -13.050326 4.985282 10.118466 210.434954 73820.578296
484 -14.523857 5.259205 4.892366 32.922853 17257.818663
484 -26.170938 7.059740 8.345919 244.403623 50222.281587
485 10.695449 -4.513138 11.439159 154.745747 94348.775265
485 8.827331 -4.100094 20.164516 136.551942 293172.789950
485 20.430527 -6.237619 10.246039 244.969790 75693.767146
485 6.072365 -3.400619 14.409847 11.463109 149715.513989
485 -13.653849 5.099254 12.448623 1.275590 111735.371163
485 -26.933228 7.161818 12.158984 5.632457 106596.421616
485 -17.380789 5.753258 4.947730 112.978706 17650.620788
485 -15.808531 5.486872 6.308014 339.621326 28690.185429
485 -18.603254 5.952146 6.353964 113.857055 29109.686651
485 -18.292802 5.902272 8.653614 205.169804 53993.699082
485 -26.252122 7.070682 4.499200 31.827703 14595.487966
485 -11.936006 4.767696 8.321673 195.481737 49930.902193
485 -21.264809 6.363702 9.251477 16.041019 61712.082827
485 -12.969407 4.969803 6.973728 267.597616 35065.346838
485 -15.080480 5.359036 7.895751 207.214855 44950.543589
485 -25.564819 6.977510 6.719480 257.680763 32555.130637
486 10.384352 -4.447017 3.938455 122.465789 11184.069041
486 10.471404 -4.465618 7.061790 248.216680 35956.520206
486 0.934431 -1.333990 11.463043 70.235265 94743.172923
486 1.225844 -1.527906 14.548539 327.916208 152611.347100
486 -11.513082 4.682469 7.377284 37.027150 39241.094962
486 2.556713 2.206582 30.826133 289.701851 685150.816064
486 -15.714743 5.470572 5.706654 281.593481 23480.703212
486 -5.302296 3.177687 5.405447 261.942194 21067.417217
486 -16.775988 5.652273 6.946907 16.204584 34796.136353
486 -16.892585 5.671881 7.886855 5.770488 44849.307008
486 -9.099544 4.162832 9.432353 183.594713 64148.745430
486 -10.285556 4.425812 16.641306 244.789283 199674.625093
486 -12.934224 4.963057 7.737477 92.887189 43166.501893
486 -14.826663 5.313746 8.034305 137.978224 46541.960523
486 -22.733672 6.579818 5.739585 68.194670 23752.487431
486 -4.216319 2.833647 3.631829 196.154424 9510.401712
487 9.356143 -4.221118 8.758573 142.743455 55311.411422
487 10.276137 -4.423785 3.144448 12.699480 7129.136211
487 11.188380 -4.615967 5.104579 235.116016 18787.455924
487 12.367568 -4.853122 5.710104 89.789207 23509.103990
487 -5.999926 3.380275 6.589438 90.911316 31307.243992
487 -9.366005 4.223342 4.704316 165.215996 15956.626190
487 -16.220223 5.557859 8.039512 32.575674 46602.312029
487 -4.519950 2.933904 10.339938 61.590772 77087.491709
487 -6.888927 3.622054 6.097058 275.223181 26803.324584
487 -9.483733 4.249802 5.542167 338.589757 22146.609249
487 -26.382498 7.088218 6.764580 167.578912 32993.601279
487 -14.669343 5.285480 4.956711 90.150824 17714.757178
487 -20.225707 6.206274 4.126692 176.374093 12278.692675
487 -4.138206 2.807276 7.086950 126.560156 36213.188554
487 -26.322505 7.080154 7.172211 31.325491 37089.778839
487 -16.613737 5.624873 4.605659 116.600487 15294.370603
488 16.262547 -5.565105 11.671468 233.240907 98219.801098
488 6.994713 -3.649758 10.692079 117.488561 82427.556198
488 7.767717 -3.846146 20.630524 211.159422 306879.993161
488 -4.535352 2.938899 5.432122 281.192579 21275.861093
488 -11.343490 4.647853 7.830387 83.888432 44209.395172
488 -25.236946 6.932621 9.887685 322.237745 70491.586215
488 -23.126317 6.636397 7.359235 282.934917 39049.315144
488 -14.434889 5.243072 7.714861 224.110046 42914.519193
488 -17.583129 5.786649 10.970170 224.753291 86771.040523
488 -16.492687 5.604344 5.919316 141.939213 25263.363381
488 -8.781957 4.089543 12.452247 134.289450 111800.437369
488 -11.098243 4.597336 13.730145 87.232894 135924.689587
488 -13.217035 5.017023 3.632449 358.787527 9513.650861
488 -14.244735 5.208423 4.687259 81.165620 15841.122747
488 -19.798482 6.140377 5.999095 238.700682 25948.938434
489 -1.162690 -1.488028 7.555413 41.638534 41158.964676
489 6.964416 -3.641845 6.383728 148.166100 29383.048495
489 10.682979 -4.510506 10.850687 185.352217 84891.180108
489 -11.133594 4.604652 4.207506 280.240470 12764.315846
489 -21.813836 6.445329 8.992117 166.641351 58300.455114
489 -18.484138 5.933059 5.013277 301.984546 18121.387481
489 -14.382250 5.233503 12.442749 242.739304 111629.961021
489 -14.421451 5.240631 6.834453 99.520965 33678.717947
489 -0.904235 1.312260 2.410583 151.255187 4189.789708
489 -8.402723 4.000268 6.123103 289.333272 27032.807273
489 -11.890761 4.758652 8.294622 271.803198 49606.804664
489 -8.130380 3.934907 33.079001 211.035992 788956.124873
489 -6.351182 3.477814 5.775256 36.398561 24048.639449
489 -12.304717 4.840775 9.973273 287.284545 71717.231851
489 -16.345422 5.579267 4.330169 295.034408 13519.409489
490 4.659081 -2.978717 21.403094 163.878006 330294.390068
490 7.656808 -3.818589 12.065328 284.247947 104960.614067
490 2.891278 -2.346519 14.288714 195.295150 147208.989195
490 -10.180007 4.403045 3.913471 203.378723 11042.624144
490 -3.013634 2.395655 7.197110 82.409900 37347.746715
490 -15.974761 5.515644 17.984348 319.045813 233204.785313
490 -5.475015 3.229028 11.050203 88.905984 88041.726699
490 -21.651132 6.421247 6.205504 207.965751 27765.290877
490 -12.314745 4.842747 4.268941 59.962197 13139.788212
490 -26.975611 7.167451 11.019482 56.172868 87552.875070
490 -15.915135 5.505341 3.737407 226.198943 10071.379422
490 -22.749380 6.582091 4.118520 233.469804 12230.114792
490 -20.195039 6.201567 14.198336 200.847110 145352.660537
490 -13.154572 5.005154 12.061941 185.881638 104901.695713
490 -13.039488 4.983212 9.657620 270.404293 67249.377769
491 5.889451 -3.349010 11.914363 303.805422 102350.447098
491 3.993996 -2.757928 20.352827 253.008973 298674.079955
491 -12.011505 4.782751 7.596448 145.800294 41607.270167
491 -13.951955 5.154620 13.418122 329.057370 129817.002226
491 -4.780535 3.017292 4.324909 289.878284 13486.582878
491 -7.576511 3.798514 13.872526 122.491550 138758.354719
491 -19.937231 6.161855 9.001936 248.643254 58427.845502
491 -14.610228 5.274819 7.147134 154.296317 36830.862405
491 -22.779826 6.586494 5.323544 257.214039 20433.829544
491 -17.085767 5.704221 2.597403 13.400513 4864.370682
491 -20.297857 6.217334 5.792862 183.621676 24195.487740
491 -13.434747 5.058175 12.418946 82.355607 111203.260920
491 -13.598786 5.088961 3.629322 27.695318 9497.273759
491 -15.300785 5.398038 5.590738 306.088808 22536.493914
492 0.390815 -0.862710 6.236335 35.887592 28041.864174
492 6.553605 -3.532801 7.237496 295.767455 37768.069298
492 -13.147163 5.003744 2.849850 343.241045 5855.880708
492 -21.964430 6.467539 8.468029 173.416591 51702.641316
492 -7.259965 3.718316 10.234416 23.592226 75522.121569
492 -20.735116 6.283944 5.948771 152.394850 25515.409912
492 -4.187995 2.824114 12.363029 150.544687 110204.123014
492 -16.642815 5.629794 4.039003 193.700949 11762.413780
492 -19.208454 6.048188 13.103417 257.728901 123799.017721
492 -18.644452 5.958733 4.264423 182.290509 13111.992484
492 -12.558876 4.890514 2.778609 298.451695 5566.764840
492 -23.729905 6.722442 2.462570 32.303100 4372.454960
492 -19.295248 6.061837 5.224440 327.119491 19680.108345
492 -5.255847 3.163737 7.610677 178.254509 41763.285464
493 10.469142 -4.465135 14.149981 321.367758 144364.287063
493 6.772823 -3.591401 9.827727 22.466464 69639.272516
493 -7.645925 3.815875 8.093033 110.625718 47224.860345
493 -16.099297 5.537102 9.018101 72.500405 58637.882495
493 -11.996074 4.779678 5.728765 114.236218 23663.018353
493 -19.186018 6.044655 4.931242 134.030715 17533.180198
493 -9.910735 4.344422 4.068096 222.542195 11932.475249
493 -3.641668 2.633475 6.707145 219.268832 32435.713389
493 -7.640567 3.814537 1.035903 215.764767 773.724693
493 -19.245952 6.054089 9.031358 252.305751 58810.407622
493 -22.419570 6.534205 2.493989 0.169366 4484.736947
493 -7.387350 3.750796 3.730873 283.611506 10036.193429
493 -16.958960 5.683014 8.345011 135.122468 50211.347812
493 -2.266890 2.077755 2.625168 233.240745 4968.921489
494 17.101580 -5.706860 11.084649 19.057403 88591.488074
494 -17.590650 5.787887 5.086607 346.386728 18655.396446
494 -12.107530 4.801831 3.647305 74.005904 9591.623906
494 -18.906676 6.000489 5.008413 212.245758 18086.240906
494 -11.855388 4.751568 6.226406 220.990091 27952.646010
494 -17.174109 5.718949 11.944209 154.042332 102863.871058
494 -12.707104 4.919289 2.442311 188.144295 4300.808923
494 -8.693499 4.068894 6.958653 123.107669 34913.909634
494 -16.658341 5.632419 11.292814 59.528294 91950.152347
494 -5.158250 3.134226 5.108592 44.754998 18817.007504
494 -4.184619 2.822975 4.972256 53.344310 17826.046444
494 -18.467723 5.930424 2.312424 343.299067 3855.518979
494 -11.049116 4.587149 6.720835 110.941417 32568.259250
495 16.553895 -5.614734 8.837353 334.254696 56310.896448
495 -23.276121 6.657856 9.512162 69.049561 65238.884979
495 -4.449870 2.911071 4.568008 297.251742 15045.329400
495 -11.590333 4.698152 1.574473 308.720170 1787.387267
495 -16.196671 5.553822 3.214295 228.483686 7449.372127
495 -18.642327 5.958393 3.121995 133.385463 7027.689341
495 -8.559809 4.037487 1.844292 297.738178 2452.491344
495 -11.683848 4.717067 3.392915 136.563676 8300.305911
495 -15.782416 5.482338 3.777964 34.384253 10291.143533
495 -20.802194 6.294100 5.072038 159.513251 18548.682698
495 -7.658300 3.818961 22.662014 70.036626 370292.648043
495 -12.915014 4.959370 4.940601 354.334087 17599.795226
495 -8.014163 3.906683 3.404702 323.503380 8358.073828
496 1.075009 -1.430821 5.449866 248.277289 21415.078467
496 -14.362279 5.229868 4.392207 48.055778 13909.570818
496 -11.080369 4.593632 14.592385 209.196028 153532.614376
496 -4.410935 2.898307 2.600695 340.516693 4876.711319
496 -14.339257 5.225675 2.575127 147.698975 4781.293620
496 -20.616347 6.265921 9.208672 284.786465 61142.342480
496 -5.395236 3.205415 15.459492 248.606495 172321.124918
496 -17.012687 5.692009 6.455322 55.826804 30045.807318
496 -13.116373 4.997882 7.321078 302.043740 38645.425353
496 -19.979201 6.168338 3.991540 91.050423 11487.590554
496 -7.483223 3.775056 5.439232 27.021484 21331.590279
496 -11.858268 4.752145 1.099698 353.330494 871.956543
496 -8.883321 4.113076 11.919231 276.308003 102434.098823
497 3.171392 -2.457559 6.506819 246.735804 30527.097432
497 -11.985322 4.777536 7.847515 285.334601 44403.005854
497 -0.973720 1.361746 5.527230 174.161579 22027.395611
497 -16.184652 5.551761 7.190429 203.822806 37278.432819
497 -3.143746 2.446824 12.914276 168.206502 120250.861297
497 -12.937727 4.963729 10.987626 230.149457 87047.398659
497 -9.854620 4.332106 3.815936 311.159512 10499.056222
497 -18.533104 5.940913 5.117423 244.060830 18882.120783
497 -14.648165 5.281663 10.648078 139.877744 81750.525661
497 -15.162672 5.373620 7.075370 267.580616 36094.941337
497 -3.454622 2.564953 3.526133 47.254252 8964.898502
497 -19.890209 6.154585 14.897240 147.323274 160014.624377
497 -13.966367 5.157281 4.860433 55.572194 17033.270700
498 13.637116 -5.096128 4.843182 175.862872 16912.569364
498 -10.321239 4.433483 4.701318 97.073161 15936.290642
498 -13.503317 5.071067 5.086087 310.193086 18651.578688
498 -12.153474 4.810933 14.655158 27.742641 154856.364768
498 -14.896589 5.326262 4.463623 219.285686 14365.576329
498 -3.859229 2.710999 9.505310 162.713087 65144.931072
498 -4.849709 3.039044 7.820312 346.669434 44095.701759
498 -22.972731 6.614323 19.209582 350.544196 266062.633733
498 -11.513320 4.682517 10.826227 10.497164 84508.872191
498 -8.739131 4.079559 21.077287 128.692042 320315.166845
498 -8.758932 4.084178 7.033260 76.461491 35666.575604
498 -2.314632 2.099520 4.038679 57.836108 11760.527554
498 -11.120990 4.602045 6.488230 163.334273 30352.927072
499 -12.079019 4.796174 5.719503 268.161268 23586.566818
499 -11.310418 4.641073 5.005452 68.626299 18064.866640
499 -14.291221 5.216915 6.117001 8.830893 26978.960118
499 -6.631923 3.553848 5.556289 188.483712 22259.621806
499 -18.938722 6.005573 18.268701 312.298640 240637.547887
499 -13.842012 5.134270 3.313219 87.085382 7914.952050
499 -7.109184 3.679501 9.936047 97.990384 71182.841213
499 -6.665105 3.562727 10.305529 282.999762 76575.284384
499 -14.786316 5.306511 8.201003 226.160714 48493.333309
499 -2.697939 2.266706 4.565459 17.179336 15028.546923
499 -10.996290 4.576170 18.011377 57.383770 233906.306177
499 -11.016194 4.580310 2.347357 108.128473 3972.888047
500 -2.811465 2.313904 4.645047 169.709978 15557.087358
500 -17.718238 5.808839 11.438056 333.623865 94330.588807
500 -14.811487 5.311026 9.606950 129.730847 66545.567710
500 -13.086040 4.992099 7.447629 225.087687 39993.009612
500 -19.403239 6.078777 5.645356 174.893944 22978.977833
500 -10.522934 4.476592 1.619368 310.305554 1890.771712
500 -13.580974 5.085628 7.405570 242.145127 39542.583058
500 -17.751487 5.814287 2.959814 181.254338 6316.507072
500 -2.529866 2.194966 20.109426 297.510117 291573.088778
500 -14.308756 5.220114 7.612542 139.377034 41783.760450
500 -18.185263 5.884897 9.979071 130.433965 71800.632795
500 -13.889010 5.142979 7.556628 26.045403 41172.206775
501 -5.352609 3.192727 5.037561 279.658144 18297.369179
501 -6.282211 3.458879 6.475501 338.762289 30233.944807
501 -19.910578 6.157735 4.153403 174.024558 12438.163514
501 -11.992681 4.779002 5.514270 311.560680 21924.220113
501 -20.304880 6.218409 3.218851 76.923071 7470.504816
501 -16.795320 5.655529 3.309488 292.164936 7897.137382
501 -11.660864 4.712425 8.798785 69.117479 55820.471052
501 -6.473690 3.511196 5.930569 352.644551 25359.509892
501 -10.046096 4.373990 4.398453 359.748854 13949.158846
501 -5.929124 3.360271 8.237285 26.978552 48923.362433
501 -13.514244 5.073118 10.996291 169.736367 87184.754266
502 -5.220422 3.153057 4.583251 301.995224 15145.906826
502 -11.118068 4.601440 19.449974 52.953367 272763.407935
502 -7.602690 3.805071 1.686112 307.900873 2049.844290
502 -18.542946 5.942490 4.899220 5.686996 17306.210346
502 -26.639352 7.122639 4.239048 193.471271 12956.411608
502 -18.141729 5.877849 3.462875 162.226931 8646.126660
502 -5.054925 3.102676 7.040450 206.696580 35739.531554
502 -14.658544 5.283534 4.936377 145.979597 17569.711395
502 -15.105343 5.363452 16.260161 14.290595 190632.854270
502 -15.085554 5.359937 6.287722 279.900633 28505.899525
502 -15.031470 5.350321 4.593512 176.169789 15213.801702
503 -7.780593 3.849333 5.316645 101.635383 20380.899030
503 -8.969141 4.132896 4.309936 298.370477 13393.368364
503 -16.958068 5.682864 6.571074 310.074996 31132.990133
503 -13.414909 5.054439 5.475860 47.740968 21619.856408
503 -8.586261 4.043720 7.568688 238.659055 41303.725597
503 -4.034660 2.771932 7.590569 189.091529 41542.898148
503 -12.937452 4.963676 3.902575 190.961456 10981.220842
503 -4.536048 2.939124 3.766364 245.030391 10228.044039
503 -9.205167 4.186922 2.041690 345.369406 3005.576122
503 -4.686004 2.987311 5.016448 136.029637 18144.318611
503 -8.666985 4.062685 6.386854 330.558940 29411.834205
504 -16.261714 5.564963 12.815567 153.156422 118419.628477
504 -17.848534 5.830158 4.907767 92.998947 17366.644587
504 -2.476667 2.171765 3.045681 317.860487 6688.319880
504 -12.532736 4.885421 6.314592 212.641503 28750.050979
504 -5.419351 3.212571 11.238196 279.814021 91062.864356
504 -4.110684 2.797925 7.577719 194.230051 41402.362243
504 0.736741 1.184504 12.626242 201.573798 114946.642960
504 -12.467801 4.872749 13.349870 76.674363 128499.700180
504 -13.029186 4.981243 13.645377 174.561329 134251.500993
504 -4.031547 2.770862 5.851965 137.715281 24691.729502
504 -7.111444 3.680086 9.156188 207.780022 60447.377539
505 -11.342980 4.647749 10.652628 248.665340 81820.397892
505 -9.766664 4.312729 1.372241 349.090875 1357.715669
505 -14.389530 5.234828 11.688054 65.862120 98499.145113
505 -16.064149 5.531055 5.535659 242.371221 22094.631248
505 -9.140871 4.172274 3.480897 293.783523 8736.356479
505 -10.049924 4.374823 9.715342 284.706677 68055.658847
505 -10.304973 4.429988 4.250208 281.978640 13024.719988
505 -4.196643 2.827028 9.509993 158.819141 65209.140308
505 -11.614025 4.702951 3.932821 26.309415 11152.095073
505 -2.590845 2.221262 2.496750 172.718071 4494.673940
505 -15.652156 5.459667 7.221003 103.343825 37596.132778
506 -8.943227 4.126922 8.133105 13.396567 47693.674821
506 -10.815530 4.538402 16.279981 50.387601 191097.876226
506 -8.523083 4.028816 5.291116 312.825660 20185.647707
506 -13.649498 5.098441 2.911633 76.699822 6112.534308
506 -6.077103 3.401946 5.010183 271.548769 18099.027055
506 -8.749394 4.081954 3.684066 26.653793 9785.946459
506 1.058489 1.419784 7.822206 9.480958 44117.062303
506 -11.987892 4.778048 2.790486 224.436531 5614.459057
506 -16.697885 5.639100 7.286197 112.485234 38278.059564
506 -16.682061 5.636428 5.177566 334.572959 19328.556402
507 -5.377878 3.200255 2.693176 330.783101 5229.708697
507 1.078361 1.433050 3.003006 282.309427 6502.203128
507 -16.264274 5.565401 3.845659 163.246432 10663.249459
507 -9.436446 4.239194 4.605246 246.221920 15291.630076
507 -2.673581 2.256450 15.000525 339.274607 162241.138248
507 -7.979946 3.898334 4.974600 259.028870 17842.857853
507 -7.092096 3.675076 12.594005 201.155333 114360.428503
507 -6.839113 3.608934 2.459487 283.907523 4361.513692
507 -10.479702 4.467387 8.018233 277.481252 46355.945249
507 -8.865518 4.108953 7.145380 155.140092 36812.787634
508 -6.159201 3.424848 5.586843 78.969016 22505.101603
508 -16.021764 5.523753 2.987676 152.133196 6435.986755
508 -1.001497 1.381032 9.406450 116.575480 63796.896931
508 -13.574976 5.084504 5.556685 48.315653 22262.795651
508 -8.431263 4.007056 5.410217 355.004965 21104.617309
508 -6.577879 3.539338 6.718974 243.446076 32550.223292
508 -5.451678 3.222138 19.261333 41.803765 267498.119035
508 -14.711899 5.293141 6.018367 256.113311 26115.929052
508 -12.224552 4.824980 6.055814 55.843284 26441.927636
508 -22.455253 6.539402 13.570085 154.868570 132774.053497
