1 24.029391 7.107868 6.937729 263.563999 34704.254697
1 13.411089 5.310067 1.631273 77.646330 1918.673617
1 22.371877 6.858343 6.528749 275.991041 30733.216917
2 17.452187 6.057493 4.581435 267.608693 15133.908020
2 15.304525 5.672545 4.175228 101.732531 12569.224413
2 28.777053 7.778416 6.317864 177.424652 28779.854614
3 32.195085 8.227403 5.971598 353.631038 25711.606995
3 24.016733 7.105996 6.644393 91.911866 31831.615972
3 16.223552 5.840378 6.450980 75.458479 30005.401552
4 14.903700 5.597770 3.337169 234.447547 8029.795689
4 26.132582 7.412405 8.140723 49.015134 47783.064742
4 21.877322 6.782114 7.784958 5.746834 43697.901339
4 24.378656 7.159338 6.898351 128.855638 34311.416509
5 17.733873 6.106183 18.882792 271.319992 257087.223322
5 21.066448 6.655239 23.795978 181.948174 408277.261367
5 12.985170 5.225067 4.036174 118.176837 11745.941212
5 11.210986 4.855007 2.082466 318.688355 3126.828832
6 16.879795 5.957329 7.775259 82.029550 43589.095074
6 16.641633 5.915153 8.390104 317.426366 50755.463750
6 10.219154 4.635275 5.471515 305.360147 21585.554292
6 16.317388 5.857244 24.206733 240.998529 422493.895544
7 22.506257 6.878910 4.446049 224.746134 14252.682133
7 21.958807 6.794733 9.500484 311.684127 65078.799590
7 28.897254 7.794644 7.728713 241.493625 43068.769699
7 23.676572 7.055494 10.017297 253.179926 72351.772829
7 30.629437 8.024861 16.295268 270.683829 191456.935792
8 23.786793 7.071897 6.608297 273.534821 31486.703032
8 29.685718 7.900267 11.550784 37.956224 96199.096160
8 12.985037 5.225040 11.929611 217.328785 102612.587150
8 23.696453 7.058455 8.883562 148.618743 56901.319945
8 23.532295 7.033964 11.543735 280.570217 96081.713787
9 0.149387 0.560434 7.406972 346.684161 39557.555492
9 16.368430 5.866398 5.389389 275.901132 20942.432276
9 22.508041 6.879183 8.881319 297.360939 56872.584980
9 13.993046 5.424056 5.560566 149.808213 22293.899272
9 19.455029 6.395639 4.662598 190.856825 15674.874672
10 26.819468 7.509190 2.157644 355.940967 3356.663068
10 24.785502 7.218831 9.058948 40.631689 59170.282593
10 9.373285 4.439294 5.955345 5.845125 25571.838555
10 25.008567 7.251242 5.939165 44.927790 25433.076830
10 7.234581 3.900091 3.672653 149.279859 9725.409070
10 22.447443 6.869916 8.466519 64.173343 51684.208856
11 11.812093 4.983465 3.898927 47.409767 10960.702178
11 25.927133 7.383211 6.736913 108.611531 32724.271878
11 13.726405 5.372129 5.071184 104.414152 18542.433639
11 16.667869 5.919814 4.246639 351.403069 13002.855891
11 16.051730 5.809369 15.477024 236.092610 172712.186059
11 18.900029 6.303754 3.434337 115.935346 8504.206019
12 28.787222 7.779790 10.748648 49.592564 83302.060717
12 26.671772 7.488485 9.401652 261.074054 63731.834331
12 20.540758 6.571677 15.572641 58.200471 174852.820337
12 17.593236 6.081922 7.282522 28.437033 38239.453588
12 13.818741 5.390167 4.373376 153.397532 13790.555245
12 31.317862 8.114543 11.239725 343.386503 91087.630987
13 5.925897 3.529759 5.831080 118.203350 24515.799419
13 15.185709 5.650483 6.813633 262.482618 33473.841570
13 25.977192 7.390335 11.147782 46.847615 89603.510877
13 22.201389 6.832161 1.978383 78.232442 2822.077313
13 15.290261 5.669901 12.831899 306.255603 118721.658298
13 5.027602 3.251236 4.176636 66.692600 12577.702709
13 25.386348 7.305806 9.963676 59.868074 71579.263692
14 16.780484 5.939778 4.296644 164.245989 13310.880045
14 14.481489 5.517910 3.015366 143.163467 6555.838748
14 15.814052 5.766199 4.790954 135.721251 16549.777015
14 18.752611 6.279121 5.900654 327.018637 25104.312732
14 17.075720 5.991803 8.887947 258.229162 56957.514486
14 20.323426 6.536819 10.301531 84.435860 76515.885071
14 14.241311 5.471961 4.501946 121.234173 14613.311145
15 14.503642 5.522129 5.120255 45.654215 18903.019321
15 19.528645 6.407728 4.029200 13.480023 11705.386855
15 25.893398 7.378406 3.232476 252.392587 7533.882128
15 14.950643 5.606579 18.494634 137.083245 246626.407584
15 14.206419 5.465253 7.397820 335.339428 39459.868336
15 4.986960 3.238068 17.258585 139.933950 214762.506772
15 11.620084 4.942795 3.965522 151.276221 11338.321622
16 14.561010 5.533039 16.486379 44.851820 195974.075929
16 19.469727 6.398054 1.628667 301.451494 1912.549305
16 5.926380 3.529903 4.104645 305.447706 12147.843068
16 5.714578 3.466252 9.471246 353.575567 64678.855182
16 9.107306 4.375856 10.557593 26.961401 80367.025414
16 18.864574 6.297838 3.339179 216.940479 8039.472820
16 21.528373 6.727808 9.750162 160.279659 68544.365239
16 19.398768 6.386385 15.459313 183.023517 172317.130611
17 11.657983 4.950849 6.742125 147.836088 32774.918499
17 16.182684 5.833018 3.985687 66.109814 11453.926569
17 14.356547 5.494055 8.177019 25.279618 48210.110829
17 11.812490 4.983549 10.362149 221.627170 77419.034851
17 19.239586 6.360128 7.419392 326.415800 39690.330321
17 21.124294 6.664370 6.023834 117.590701 26163.393477
17 20.097446 6.500375 3.553868 210.433104 9106.483125
17 11.651069 4.949381 6.933087 328.633552 34657.832739
18 14.610687 5.542470 9.524199 4.881564 65404.099836
18 21.330795 6.696865 6.391483 191.790298 29454.479249
18 20.674800 6.593085 10.041815 110.585768 72706.379347
18 8.899651 4.325681 4.511709 321.758729 14676.763170
18 22.712624 6.910376 2.730132 257.193822 5374.219261
18 18.663474 6.264180 7.321856 331.916374 38653.641054
18 16.343455 5.861921 6.143874 6.878699 27216.521987
18 22.549950 6.885584 4.352849 187.935900 13661.401108
19 22.426695 6.866741 5.186381 201.916429 19394.428625
19 30.513536 8.009664 5.826376 12.733849 24476.265739
19 21.866480 6.780433 7.137451 188.176791 36731.134082
19 17.843014 6.124944 11.225096 227.035585 90850.685165
19 12.998402 5.227728 8.628781 213.215744 53684.256919
19 18.439868 6.226542 9.720670 227.512783 68130.328733
19 17.791731 6.116136 9.444392 359.509577 64312.603513
19 23.838080 7.079517 5.424478 12.270357 21216.019272
19 27.742127 7.637265 7.450367 194.184048 40022.426936
20 20.118507 6.503780 2.578089 105.776287 4792.299017
20 21.661958 6.748649 3.658000 278.526420 9647.959912
20 11.143967 4.840474 5.892621 271.890776 25036.006401
20 11.847325 4.990892 5.316587 100.939265 20380.456171
20 16.247114 5.844618 6.413421 158.492101 29657.021186
20 13.152341 5.258593 3.895807 166.702954 10943.165655
20 16.544779 5.897915 36.574911 134.475142 964527.551527
20 14.047916 5.434680 5.047611 250.756791 18370.448312
20 27.342624 7.582075 10.275412 134.272676 76128.378224
21 9.591990 4.490786 6.690637 251.600416 32276.242862
21 11.824365 4.986053 14.259896 68.015188 146615.799472
21 14.449963 5.511901 6.906645 239.543805 34393.972679
21 21.322583 6.695575 11.983714 350.940360 103545.427839
21 17.616086 6.085871 10.476584 340.116270 79138.441526
21 16.556276 5.899964 4.765635 92.855857 16375.311402
21 11.045451 4.819031 19.340685 51.945731 269706.733461
21 22.401048 6.862813 8.604557 140.267941 53383.260326
21 23.708108 7.060191 11.455590 167.837187 94620.004163
22 20.170249 6.512139 12.048911 328.026290 104675.171644
22 3.036007 2.526501 8.169081 157.143346 48116.555553
22 21.655462 6.747637 9.330946 223.015404 62776.837967
22 24.395023 7.161741 6.664192 37.441226 32021.606220
22 25.570655 7.332278 15.341007 11.086505 169689.834015
22 18.922565 6.307511 5.284341 61.687641 20133.984313
22 21.209609 6.677814 5.049163 292.094443 18381.747783
22 11.175398 4.847296 7.162303 301.232787 36987.372716
22 11.845178 4.990439 6.337196 283.647124 28956.253655
22 10.521248 4.703289 4.362885 221.276021 13724.468978
23 13.254821 5.279040 8.379351 175.436838 50625.445168
23 16.520677 5.893617 7.773900 245.107004 43573.859430
23 21.560852 6.732881 2.714973 89.956121 5314.703823
23 16.119555 5.821629 3.750434 267.519880 10141.706080
23 13.485319 5.324742 3.899660 89.702136 10964.818986
23 14.992390 5.614401 8.493895 210.280401 52018.981345
23 19.772695 6.447642 3.607020 72.094113 9380.912439
23 14.438103 5.509638 9.275423 289.322287 62031.962694
23 15.827159 5.768588 11.193592 59.455743 90341.439977
23 9.966773 4.577678 8.484044 206.685139 51898.396556
24 17.261343 6.024282 11.333614 309.147880 92615.762225
24 21.572179 6.734650 6.693409 54.842585 32302.997634
24 27.635082 7.622517 7.926386 336.503127 45300.034918
24 5.388892 3.366028 11.347502 267.814890 92842.879405
24 13.283327 5.284713 7.957592 338.596407 45657.425964
24 21.299549 6.691958 5.507498 283.902547 21870.401568
24 17.710214 6.102108 9.805324 64.383915 69322.134878
24 24.780750 7.218139 4.555684 156.971286 14964.262107
24 31.845515 8.182615 11.970276 90.559839 103313.348185
24 22.822718 6.927104 5.903880 213.668395 25131.770933
25 18.071212 6.163986 13.851910 40.259137 138346.257347
25 18.345809 6.210641 11.465589 127.114901 94785.267243
25 11.443273 4.905047 15.158425 7.739451 165674.713183
25 0.878906 1.359375 20.074512 242.353409 290561.484983
25 27.211420 7.563862 18.840549 299.438543 255938.248069
25 18.667630 6.264878 4.642533 27.559111 15540.253955
25 17.099470 5.995968 3.669075 275.039919 9706.470865
25 23.333830 7.004240 6.019394 345.992281 26124.835544
25 18.662627 6.264038 11.348617 14.775391 92861.133535
25 26.910561 7.521932 8.996714 295.049563 58360.083527
25 10.539245 4.707309 8.705725 32.973768 54645.953158
26 7.832465 4.058048 7.983017 341.610520 45949.652556
26 32.150174 8.221663 18.927082 107.456280 258294.632723
26 19.272105 6.365501 19.674870 269.991723 279107.698946
26 20.244831 6.524167 7.729019 298.923052 43072.180442
26 11.906963 5.003438 6.671303 18.357883 32089.979851
26 25.667995 7.346221 2.626547 76.415733 4974.145230
26 9.982547 4.581299 9.140738 42.540859 60243.560460
26 14.771574 5.572902 12.583288 280.148554 114165.879997
26 19.945541 6.475763 5.033859 340.161688 18270.487105
26 14.193930 5.462851 15.523493 245.057052 173750.862091
26 14.143676 5.453171 7.159735 208.575929 36960.846805
27 11.695797 4.958872 3.829162 100.584277 10571.963086
27 21.543935 6.730239 6.955556 19.455251 34882.834881
27 9.580229 4.488032 6.618066 263.699113 31579.862120
27 20.649505 6.589050 5.082338 14.342137 18624.093888
27 5.786738 3.488068 6.234206 141.880979 28022.728178
27 16.217121 5.839221 5.929562 80.426716 25350.891776
27 19.528219 6.407658 4.353890 236.036046 13667.939313
27 19.924562 6.472356 6.212287 245.104235 27826.016818
27 9.186844 4.394922 7.260023 271.326714 38003.539869
27 17.922332 6.138543 8.640232 288.386355 53826.841348
27 19.080061 6.333706 6.906705 213.122274 34394.565462
28 9.075428 4.368190 4.197194 55.637627 12701.825160
28 14.672165 5.554118 2.966906 203.827736 6346.813577
28 1.805070 1.948117 6.069462 139.431483 26561.248799
28 21.697231 6.754142 6.068677 108.398409 26554.372965
28 21.254567 6.684888 5.211188 293.806033 19580.399426
28 11.074255 4.825310 4.033003 136.355169 11727.489823
28 15.519555 5.712256 7.834069 193.741333 44250.973360
28 16.479776 5.886317 8.084570 208.873200 47126.149264
28 21.930692 6.790381 3.469062 30.149482 8677.049598
28 9.725802 4.522002 13.565706 243.059907 132688.366214
28 18.266248 6.197159 9.660330 306.736755 67287.123677
28 27.715190 7.633557 11.500036 295.425255 95355.662627
29 14.243295 5.472342 7.542971 193.101913 41023.527415
29 8.232091 4.160285 6.020862 189.509577 26137.580585
29 17.147181 6.004327 11.419832 94.757113 94030.231673
29 12.241153 5.073167 6.985369 92.259093 35182.503003
29 15.078301 5.630464 6.171654 118.005543 27463.207249
29 8.791481 4.299313 8.333314 168.145957 50070.689158
29 16.991802 5.977061 12.119740 204.955413 105909.438692
29 2.003464 2.052385 13.044847 294.875756 122694.762979
29 14.959925 5.608319 11.338024 278.090275 92687.854634
29 19.307373 6.371323 7.013568 231.328540 35467.130746
29 4.464077 3.063612 2.014555 358.680963 2926.215627
29 19.208814 6.355040 3.705178 85.990554 9898.427508
30 17.512750 6.067994 6.727435 165.845580 32632.257006
30 4.239018 2.985387 3.318626 88.179877 7940.807922
30 14.476711 5.517000 13.550888 317.062055 132398.656603
30 21.178220 6.672871 6.854458 163.158499 33876.171128
30 14.877617 5.592869 10.947939 72.640495 86419.715576
30 9.721933 4.521102 6.182767 87.042243 27562.194110
30 5.430611 3.379032 8.003703 301.384133 46188.089807
30 22.248418 6.839393 2.971721 39.962291 6367.431300
30 7.403433 3.945341 4.676334 237.467465 15767.366943
30 20.014163 6.486893 2.223656 244.158239 3565.193749
30 14.120861 5.448771 4.775442 345.553436 16442.779534
30 17.860188 6.127891 7.219226 101.110858 37577.630362
31 27.400416 7.590084 3.648895 313.376804 9599.992847
31 22.030347 6.805792 7.160623 125.745563 36970.015443
31 15.849565 5.772669 11.538762 149.078053 95998.960885
31 9.251690 4.410406 5.419806 270.677522 21179.490261
31 3.017397 2.518745 12.872435 5.075386 119472.931159
31 18.938382 6.310146 4.586086 59.797999 15164.653385
31 16.722825 5.929565 13.652891 40.040380 134399.406377
31 19.933803 6.473857 10.838281 113.971748 84697.172497
31 14.153228 5.455012 1.664730 321.858617 1998.184212
31 9.647982 4.503874 6.848084 117.201218 33813.201369
31 7.516305 3.975303 10.599321 317.246430 81003.563185
31 16.517392 5.893031 6.153786 230.924280 27304.410861
32 14.503482 5.522098 10.619027 209.479367 81305.048600
32 13.112023 5.250526 2.594550 263.363640 4853.690058
32 8.124094 4.132905 3.952171 28.886070 11262.102412
32 22.720276 6.911540 5.794042 293.542637 24205.353041
32 13.185408 5.265199 10.429946 29.809497 78435.412805
32 16.627978 5.912726 8.108208 259.551484 47402.129514
32 14.074808 5.439879 7.083276 178.400562 36175.659170
32 9.056561 4.363647 4.462079 97.281522 14355.643072
32 15.320788 5.675558 5.472129 262.909574 21590.401078
32 11.799171 4.980739 6.401932 117.637802 29550.861934
32 13.890780 5.404199 9.277194 15.114989 62055.650198
32 19.897831 6.468013 3.911864 72.727292 11033.555439
33 7.648848 4.010200 8.719455 259.909344 54818.446950
33 17.612399 6.085234 4.039181 46.166813 11763.447906
33 12.647798 5.156743 3.815090 33.503836 10494.400831
33 15.535137 5.715123 27.908906 201.019405 561608.523157
33 1.580014 1.822630 5.896676 85.229367 25070.475800
33 10.277977 4.648596 23.094373 27.961719 384556.739056
33 11.387952 4.893176 11.296000 279.055558 92002.044292
33 9.923892 4.567820 6.594961 150.755367 31359.746490
33 10.813659 4.768199 6.173786 27.673767 27482.179062
33 4.602962 3.110905 8.428144 254.111058 51216.740860
33 13.103179 5.248755 3.570536 77.255567 9192.101429
33 -1.530764 1.793998 11.801615 11.427742 100422.482640
33 25.324667 7.296925 4.521560 140.535234 14740.921323
34 20.757091 6.606193 5.136120 198.745639 19020.347592
34 -0.504996 1.030415 2.200199 35.264549 3490.374566
34 9.066717 4.366094 1.525401 98.787576 1677.706352
34 5.137169 3.286472 7.670585 108.474893 42423.353305
34 17.862656 6.128314 6.072909 190.971159 26591.428081
34 5.188028 3.302700 11.219560 133.172926 90761.098885
34 15.161406 5.645959 11.568047 157.120483 96486.851834
34 5.349275 3.353632 9.072314 255.582529 59345.012456
34 24.439246 7.168230 6.660991 271.862938 31990.846427
34 15.063662 5.627730 3.876129 203.345035 10832.892969
34 15.272358 5.666580 7.079167 257.616641 36133.695234
34 7.779944 4.044420 2.841888 279.459883 5823.203074
34 19.221941 6.357211 5.608746 144.855166 22681.911863
35 17.399502 6.048343 4.148178 345.051285 12406.888850
35 12.154678 5.055216 7.580468 288.671892 41432.399605
35 4.053005 2.919151 3.899884 55.752627 10966.081165
35 13.935897 5.412968 6.295258 120.773375 28574.271798
35 16.109903 5.819886 5.240745 55.712765 19803.142254
35 14.828072 5.583549 5.787947 52.861830 24154.448930
35 7.285698 3.913845 7.394372 305.447390 39423.092890
35 19.983852 6.481979 7.290670 75.752377 38325.065495
35 16.205018 5.837041 21.252670 137.091502 325667.980300
35 16.324762 5.858567 8.858950 147.915118 56586.466713
35 14.242463 5.472182 4.829506 41.598619 16817.191952
35 14.711913 5.561636 3.180701 72.788946 7294.470693
35 9.187161 4.394998 3.428512 331.754809 8475.386740
36 19.450539 6.394901 8.097680 8.150676 47279.111742
36 12.397064 5.105372 7.899199 318.999896 44989.814884
36 14.039611 5.433073 12.306645 128.438109 109201.205271
36 8.773755 4.294976 10.200983 79.711789 75029.512759
36 21.322994 6.695640 4.691966 82.409449 15872.958211
36 16.847212 5.951577 7.118806 10.819207 36539.486607
36 16.353090 5.863648 3.461298 116.026213 8638.257325
36 22.161180 6.825971 12.115637 73.747354 105837.746243
36 4.359093 3.027374 2.582433 66.809212 4808.460329
36 20.056013 6.493671 4.718251 34.457151 16051.296436
36 5.773203 3.483986 13.335258 183.746926 128218.562379
36 6.737345 3.763678 8.599111 83.518516 53315.709425
36 14.462363 5.514265 4.197583 212.943293 12704.179262
37 22.672611 6.904286 3.256071 75.236628 7644.266680
37 15.538738 5.715785 5.787939 26.088294 24154.382510
37 7.005075 3.837730 3.892123 51.319989 10922.476918
37 7.614561 4.001202 14.267627 84.234940 146774.824613
37 21.788312 6.768303 6.348213 179.808155 29057.014502
37 8.425815 4.208952 7.489863 177.685767 40447.880337
37 7.712840 4.026940 5.924471 106.178336 25307.381662
37 18.389079 6.217961 9.360418 174.412379 63174.030728
37 16.111504 5.820175 9.531886 182.364844 65509.723430
37 11.844518 4.990300 9.161932 185.896560 60523.244038
37 14.221148 5.468086 7.667991 17.889181 42394.664828
37 17.724335 6.104540 4.107292 208.196348 12163.520767
37 15.509115 5.710334 4.624326 74.447559 15418.599174
38 8.438629 4.212151 5.868307 317.664374 24829.825396
38 2.013216 2.057374 2.226602 259.747011 3574.649334
38 22.532885 6.882978 6.142201 2.396350 27201.700423
38 23.023076 6.957443 10.903869 62.221716 85725.356672
38 13.719720 5.370820 9.429407 85.124595 64108.683406
38 11.381270 4.891740 5.024260 179.816622 18200.877301
38 14.386299 5.499745 4.296364 111.010165 13309.144552
38 16.799856 5.943206 14.618197 328.432833 154076.242738
38 28.278765 7.710778 7.899674 25.951022 44995.226841
38 16.536150 5.896376 9.141386 243.524984 60252.095578
38 5.914042 3.526226 3.780645 233.594736 10305.755231
38 16.986757 5.976174 6.935612 230.544253 34683.084363
38 4.625918 3.118652 3.241505 38.240295 7576.026282
38 12.777953 5.183208 12.163850 236.572355 106681.762064
39 13.293063 5.286650 3.714522 36.989160 9948.416787
39 23.559867 7.038084 15.913161 102.152195 182583.273076
39 16.544035 5.897782 8.667982 205.585936 54173.149225
39 21.324223 6.695833 6.633144 17.578245 31723.924513
39 12.877920 5.203444 6.945072 342.559418 34777.755109
39 9.794815 4.538017 17.897554 1.827164 230959.301603
39 3.327861 2.645152 6.798778 218.518637 33328.044602
39 10.514649 4.701813 1.635810 106.581466 1929.362109
39 14.654114 5.550700 6.968688 114.465382 35014.679074
39 13.361161 5.300174 13.161805 152.627528 124904.756311
39 20.690570 6.595599 7.332344 17.992476 38764.462524
39 22.903791 6.939396 12.590365 13.315192 114294.343527
39 1.304526 1.656130 4.689658 5.364982 15857.340948
39 10.912199 4.789875 9.204645 42.989270 61088.883207
40 14.603505 5.541107 14.479396 47.729724 151164.206056
40 16.634434 5.913873 5.304756 289.283833 20289.850951
40 8.051485 4.114395 6.430464 129.067187 29814.858388
40 1.931941 2.015417 3.416706 228.533996 8417.116161
40 14.534490 5.527998 4.498171 169.253855 14588.815357
40 9.929802 4.569180 11.118590 66.926340 89134.840935
40 14.756001 5.569963 7.278664 181.985346 38198.945459
40 12.099763 5.043783 4.550063 229.304792 14927.358472
40 15.153929 5.644567 9.893037 307.803381 70567.918261
40 16.192554 5.834796 10.584477 272.382837 80776.841541
40 23.707479 7.060097 4.726434 156.969532 16107.023281
40 7.707573 4.025565 5.516050 358.639357 21938.378572
40 6.202322 3.611147 16.640266 314.065014 199649.682936
40 19.081651 6.333970 3.292914 67.438725 7818.236920
41 19.258832 6.363308 3.194495 29.631589 7357.875213
41 0.009294 0.139789 10.392864 185.940555 77878.671828
41 11.597243 4.937935 2.772792 333.870980 5543.483135
41 12.110145 5.045947 2.238747 41.388024 3613.749371
41 12.247352 5.074451 6.507070 289.784077 30529.455498
41 19.684578 6.433259 13.840715 270.375908 138122.721925
41 13.401283 5.308126 6.577210 86.761168 31191.153091
41 6.347313 3.653112 2.659360 83.380416 5099.203061
41 14.396300 5.501656 14.886333 281.231191 159780.400427
41 13.168663 5.261855 10.546879 240.488316 80203.995437
41 21.280018 6.688889 10.860833 197.054487 85050.003498
41 12.411976 5.108442 10.488570 157.158568 79319.617087
41 21.337781 6.697961 8.474088 97.220140 51776.654732
41 14.494648 5.520416 12.343754 247.291188 109860.754450
42 15.861448 5.774833 4.529756 40.147226 14794.410876
42 21.078264 6.657105 11.087283 21.249533 88633.588697
42 18.620400 6.256947 3.511317 114.377465 8889.720542
42 10.991426 4.807231 10.027692 79.103065 72502.010775
42 7.278574 3.911931 4.978473 252.558197 17870.652071
42 11.515997 4.920608 11.108088 162.668511 88966.543582
42 8.095411 4.125603 3.104105 333.577366 6947.379082
42 16.844889 5.951166 6.669204 204.419130 32069.789799
42 9.096608 4.373285 8.080342 77.096849 47076.864621
42 19.852883 6.460703 13.991817 154.491734 141155.003167
42 12.077667 5.039176 13.872936 36.852496 138766.567496
42 14.279032 5.479203 8.726026 167.098065 54901.098425
42 3.658047 2.773273 11.610437 136.811990 97195.288036
42 -0.006803 0.119599 9.440011 334.807891 64252.953088
43 14.710180 5.561309 11.534794 141.434499 95932.933135
43 11.202306 4.853128 4.528909 21.134195 14788.881210
43 14.194932 5.463044 18.142386 319.070059 237321.378332
43 5.118316 3.280436 8.753341 219.767640 55245.359896
43 13.527034 5.332972 6.461454 125.662602 30102.921517
43 15.666629 5.739258 5.280115 342.134472 20101.796206
43 4.607507 3.112440 5.313911 21.141106 20359.949846
43 17.201131 6.013766 5.958869 180.532361 25602.109514
43 18.766990 6.281528 3.815413 36.596851 10496.180614
43 7.512261 3.974233 8.443849 1.565694 51407.800412
43 16.657015 5.917886 2.567597 189.655901 4753.373150
43 15.567482 5.721069 5.123139 303.027180 18924.319748
43 19.144425 6.344380 6.200068 236.200547 27716.661346
43 8.311103 4.180203 4.587816 162.047315 15176.096800
44 19.726264 6.440067 2.599418 56.123458 4871.920376
44 9.867381 4.554796 10.756106 50.810126 83417.703133
44 8.487768 4.224397 7.739062 28.022182 43184.181099
44 11.221916 4.857374 15.251406 239.773611 167713.438481
44 14.641586 5.548327 4.543748 165.509710 14885.946681
44 15.750229 5.754551 7.210590 277.602075 37487.778526
44 8.440288 4.212565 6.707185 73.349650 32436.099813
44 8.354857 4.191192 21.266276 32.016910 326085.097616
44 11.062218 4.822687 14.825096 308.882275 158468.551048
44 28.129237 7.690365 5.068251 347.913887 18520.998149
44 11.775501 4.975740 7.727351 249.492951 43053.587627
44 10.604687 4.721901 19.719711 324.098118 280381.388721
44 12.222211 5.069240 4.891409 354.768928 17251.066641
44 3.658361 2.773392 8.509783 347.930835 52213.774241
45 11.500381 4.917271 8.930038 125.017877 57498.258347
45 18.658459 6.263339 5.179483 159.200096 19342.871728
45 11.378754 4.891199 5.646859 139.774652 22991.214064
45 18.096979 6.168379 7.433235 50.061871 39838.572819
45 7.613795 4.001000 4.183527 140.481547 12619.240720
45 22.142643 6.823116 2.622754 141.113479 4959.790697
45 21.667658 6.749537 9.651898 145.206525 67169.718104
45 18.293805 6.201832 7.177173 64.800877 37141.116865
45 17.344605 6.038794 7.207860 294.427345 37459.391910
45 14.511500 5.523625 16.444335 57.414271 194975.789889
45 14.976580 5.611440 12.294176 174.652861 108980.036527
45 23.062955 6.963466 5.749329 239.706657 23833.203078
45 19.774349 6.447912 4.748505 126.130027 16257.805871
45 16.639568 5.914786 11.886407 298.976442 101870.695789
46 8.994168 4.348590 6.800315 244.105189 33343.107861
46 11.941144 5.010614 4.409334 337.560920 14018.255840
46 20.410149 6.550751 6.055898 32.426880 26442.663388
46 11.421806 4.900444 3.620251 104.376528 9449.862075
46 16.237862 5.842954 7.146104 88.856619 36820.254323
46 4.350016 3.024220 6.015886 162.817951 26094.393200
46 3.095772 2.551247 3.985719 54.386545 11454.112407
46 10.561020 4.712170 4.933281 355.625288 17547.685826
46 21.619259 6.741995 10.054594 77.517455 72891.539182
46 22.795365 6.922951 5.641230 130.102103 22945.404446
46 7.576573 3.991208 6.752978 330.084421 32880.523213
46 11.813931 4.983853 2.901319 48.984436 6069.304386
46 14.158253 5.455981 7.416177 357.529812 39655.935343
46 7.843100 4.060802 3.982984 226.348430 11438.394996
47 7.938243 4.085359 3.437741 107.088394 8521.073130
47 12.494115 5.125317 7.518148 223.145801 40753.959626
47 12.195134 5.063622 4.741343 251.342952 16208.800705
47 12.817088 5.191139 3.874185 277.841215 10822.028530
47 3.823733 2.835383 10.842983 239.859197 84770.668222
47 13.884817 5.403039 8.474448 140.915476 51781.057106
47 13.367748 5.301480 3.237986 299.610283 7559.585243
47 7.282694 3.913038 2.447564 88.539853 4319.328457
47 6.053639 3.567601 7.006939 7.256505 35400.121985
47 23.837625 7.079450 5.165713 346.163628 19240.153738
47 12.335237 5.092626 3.248049 4.464828 7606.646120
47 20.551144 6.573339 8.117364 61.616076 47509.241473
47 15.767159 5.757643 8.331371 329.634305 50047.346334
47 6.282026 3.634276 4.221871 91.209242 12851.625060
48 15.423984 5.694640 3.326495 168.777442 7978.511359
48 17.460331 6.058906 6.292673 178.255713 28550.805443
48 6.336225 3.649920 8.903089 196.398975 57151.744120
48 2.622188 2.348010 14.176196 179.836135 144899.710188
48 18.955444 6.312988 19.472879 88.516194 273406.237128
48 10.189613 4.628570 8.759614 298.908991 55324.565720
48 13.235738 5.275238 6.803354 121.983407 33372.923114
48 16.967809 5.972840 6.249468 210.374256 28160.097218
48 0.152112 0.565523 6.408229 318.571321 29609.024008
48 2.008771 2.055101 7.561300 329.137477 41223.138685
48 12.906785 5.209272 4.426546 335.405003 14127.912675
48 19.957616 6.477722 6.037953 118.353716 26286.186955
48 9.155370 4.387387 6.283466 341.995015 28467.318104
48 11.255330 4.864600 6.392809 83.284183 29466.701097
49 19.015966 6.323059 7.970329 328.526177 45803.697151
49 11.968795 5.016412 4.770882 70.562150 16411.395003
49 19.258144 6.363195 7.651321 277.965143 42210.543390
49 4.945962 3.224730 11.479746 54.421273 95019.481416
49 8.420848 4.207711 2.095409 97.335702 3165.816004
49 20.184584 6.514452 15.578814 235.212965 174991.452629
49 0.788875 1.287870 5.533095 51.016539 22074.164272
49 9.550294 4.481015 10.357978 130.574092 77356.721527
49 17.141791 6.003384 19.148332 131.485976 264368.658711
49 6.750672 3.767398 3.281386 214.325006 7763.592688
49 20.268185 6.527929 4.008648 27.757298 11586.275983
49 4.339350 3.020511 3.811376 66.364204 10473.975586
49 6.262759 3.628698 13.091698 8.142708 123577.672078
49 5.104487 3.276001 3.180664 40.584273 7294.300357
50 14.936691 5.603962 4.493534 313.381949 14558.751920
50 10.929170 4.793598 5.151131 264.047459 19131.687969
50 17.405325 6.049355 6.483363 356.200358 30307.409000
50 22.380061 6.859598 10.330984 48.774057 76954.042637
50 13.826884 5.391755 8.990530 292.380608 58279.887799
50 11.228436 4.858784 10.894433 246.485120 85577.047757
50 8.799865 4.301362 5.612151 321.127100 22709.456363
50 15.386489 5.687714 4.584492 285.222402 15154.115599
50 13.612889 5.349869 5.776255 329.092420 24056.959364
50 8.905230 4.327037 11.050752 251.127796 88050.481898
50 3.102217 2.553901 3.364446 332.573694 8161.596672
50 10.354070 4.665773 12.423411 98.751969 111283.250996
50 23.668426 7.054280 4.460501 233.623089 14345.487672
50 11.585669 4.935471 52.158249 91.322562 1961526.053663
51 14.968773 5.609977 11.625423 273.385475 97446.360759
51 15.333202 5.677857 12.576253 186.122344 114038.266090
51 1.198985 1.587723 10.131267 112.049407 74007.477917
51 12.103139 5.044487 14.052207 297.271839 142376.128680
51 19.619148 6.422559 7.753608 74.076147 43346.668003
51 13.799148 5.386345 5.694723 101.441409 23382.622487
51 7.746128 4.035621 2.789244 164.755756 5609.461966
51 14.182929 5.460733 7.157917 15.174192 36942.086960
51 16.951577 5.969982 9.731195 228.525789 68277.936506
51 8.062753 4.117273 14.713338 144.575423 156088.353274
51 2.930119 2.482050 17.629986 198.767266 224105.248719
51 9.742364 4.525850 5.319331 222.968775 20401.497601
51 15.637173 5.733860 9.014518 331.382189 58591.292102
51 27.324832 7.579608 2.210541 15.140004 3523.264670
52 11.687632 4.957141 2.453459 320.556214 4340.158979
52 18.866834 6.298216 6.900445 185.731668 34332.249885
52 11.040659 4.817986 1.962165 49.523118 2775.997626
52 5.845071 3.505604 10.432879 249.242460 78479.539888
52 5.539956 3.412881 7.070986 71.566622 36050.228050
52 7.267214 3.908877 9.716523 322.592559 68072.214859
52 12.662920 5.159825 3.746048 233.305181 10118.003974
52 4.296866 3.005688 23.636027 148.859812 402807.017557
52 16.427502 5.876974 5.829618 157.120765 24503.507202
52 10.535677 4.706513 6.580008 138.441653 31217.703146
52 15.724005 5.749758 1.365314 196.194478 1344.043696
52 6.060294 3.569561 7.505668 55.140788 40618.769458
52 15.950553 5.791031 3.204253 333.554704 7402.898615
52 3.718687 2.796165 3.654669 134.781660 9630.397070
53 6.832277 3.790101 6.231174 220.814234 27995.475082
53 10.444514 4.686106 7.132682 50.119359 36682.070691
53 10.802374 4.765710 6.332652 340.013724 28914.739022
53 17.082984 5.993077 5.325490 258.359661 20448.774246
53 18.632988 6.259062 13.900323 98.999411 139314.986340
53 21.023694 6.648482 3.380958 87.876349 8241.903171
53 8.267182 4.169143 3.070792 316.671224 6799.060738
53 13.727852 5.372412 23.731629 160.341977 406072.114364
53 22.223588 6.835576 5.235656 235.511033 19764.700958
53 9.862944 4.553772 8.002707 130.897306 46176.599774
53 12.997743 5.227595 12.759891 193.116981 117392.947572
53 18.757783 6.279987 5.394708 279.863401 20983.789605
53 14.307349 5.484633 5.180063 165.900905 19347.201437
53 15.829165 5.768953 6.947127 230.483057 34798.340487
54 11.861565 4.993890 2.975180 36.128941 6382.262683
54 3.065490 2.538738 9.885898 13.533173 70466.116825
54 12.770739 5.181745 10.430175 204.223138 78438.859970
54 16.573372 5.903009 16.377019 116.724807 193382.778234
54 13.876321 5.401385 8.058724 344.390518 46825.305217
54 13.906378 5.407232 5.006984 222.709296 18075.923161
54 21.526155 6.727462 2.326439 37.744644 3902.397344
54 6.105383 3.582816 11.807268 0.635468 100518.717253
54 10.976157 4.803891 11.293983 225.650982 91969.178183
54 17.350470 6.039815 2.503141 47.174142 4517.713194
54 8.715313 4.280648 5.941483 359.858084 25452.926850
54 12.665167 5.160282 2.268848 318.961888 3711.580400
54 20.828237 6.617505 7.142437 279.489361 36782.473924
54 -1.375232 1.700419 8.579597 53.368052 53074.004478
54 -26.636337 -7.483508 3.539490 90.969978 9032.948524
55 15.969141 5.794404 4.698823 110.573834 15919.383342
55 17.526203 6.070325 6.367065 203.622404 29229.852685
55 11.388510 4.893296 5.965158 285.065350 25656.175614
55 11.085769 4.827818 8.028948 38.585125 46479.915415
55 8.383425 4.198351 14.533056 287.777411 152286.691613
55 18.221491 6.189563 6.766855 136.829530 33015.797161
55 13.519135 5.331415 7.810494 162.708726 43985.045938
55 25.037737 7.255470 12.999305 322.365055 121839.561797
55 9.189035 4.395446 13.930414 210.652526 139918.819011
55 11.088018 4.828308 6.413889 276.872843 29661.352129
55 9.740353 4.525383 11.910921 102.511861 102291.308855
55 12.140717 5.052312 8.457279 205.299478 51571.451670
55 15.014474 5.618535 6.888338 139.574440 34211.885713
55 -27.919512 -7.661643 4.105402 22.424092 12152.326023
56 8.166450 4.143665 9.088766 23.451461 59560.437850
56 10.001485 4.585643 5.776676 113.917258 24060.468731
56 14.682794 5.556129 3.153657 311.971906 7170.953743
56 21.504179 6.724027 5.819172 293.418749 24415.772982
56 12.762133 5.179999 6.503710 229.277484 30497.932678
56 11.714690 4.962876 4.893156 169.976581 17263.393396
56 23.908683 7.089993 5.344548 102.399233 20595.387293
56 9.981999 4.581174 9.179759 270.732366 60759.002834
56 15.471742 5.703450 8.610385 167.564220 53455.605176
56 4.609154 3.112996 3.268862 125.033400 7704.442350
56 11.216612 4.856225 11.462394 29.955199 94732.436147
56 10.028089 4.591738 15.997740 212.430336 184529.312667
56 8.212620 4.155362 12.880704 212.869633 119626.471253
56 -22.781331 -6.920820 5.776284 282.691929 24057.202321
57 10.209856 4.633165 1.326143 218.251208 1268.028531
57 3.546773 2.730767 3.142005 112.640661 7118.062399
57 13.714630 5.369824 8.020368 198.364952 46380.627251
57 -0.648340 1.167534 8.689820 69.322631 54446.456066
57 17.007287 5.979784 21.314294 115.996201 327559.343501
57 18.942394 6.310815 9.716222 68.454035 68067.988512
57 10.303450 4.654353 11.690989 7.951377 98548.623236
57 6.735257 3.763094 10.811998 103.011729 84286.880367
57 17.280580 6.027638 5.253020 36.895739 19896.021255
57 23.305911 7.000048 10.126294 261.960819 73934.841478
57 9.024948 4.356025 7.411214 159.864339 39602.875715
57 9.677453 4.510748 3.653107 169.047340 9622.164145
57 2.518684 2.301203 5.951004 65.553394 25534.573577
57 -22.431513 -6.867478 5.458735 77.729196 21484.839771
58 13.697276 5.366425 10.631214 144.749654 81491.772660
58 10.974094 4.803440 6.516435 239.147052 30617.396700
58 9.615873 4.496373 16.394324 265.938805 193791.664917
58 14.424589 5.507059 23.585190 97.602623 401076.133984
58 5.332342 3.348320 31.758065 209.023897 727203.786991
58 1.972675 2.036553 8.259446 309.306185 49186.951418
58 3.816425 2.832673 5.982600 313.166007 25806.438612
58 11.807345 4.982464 4.005308 67.910464 11566.978570
58 5.973332 3.543858 2.102061 277.507159 3185.949634
58 8.685507 4.273322 2.457123 207.210396 4353.133705
58 7.037990 3.846736 9.289193 197.742542 62216.280240
58 7.867979 4.067238 5.686806 213.633641 23317.658750
58 11.825936 4.986385 3.013321 261.232424 6546.948151
58 -13.259224 -5.279917 4.542691 255.094563 14879.026897
59 8.521320 4.232739 2.270847 37.676204 3718.122650
59 17.543477 6.073315 5.089369 298.513408 18675.659612
59 14.055494 5.436145 9.845957 249.255250 69897.863131
59 12.257218 5.076495 12.057424 104.506372 104823.134642
59 13.572651 5.341956 4.821948 225.858633 16764.595341
59 12.423710 5.110856 3.305516 160.858011 7878.192708
59 10.379811 4.671568 14.584680 50.225718 153370.524677
59 9.269262 4.414592 2.388321 206.900364 4112.762140
59 13.182725 5.264663 4.293228 272.111040 13289.723731
59 2.956912 2.493373 9.642674 175.085667 67041.396933
59 17.189661 6.011760 3.375837 148.405807 8216.957767
59 8.702150 4.277414 6.134033 175.947256 27129.408107
59 4.261340 2.993237 4.007321 62.616123 11578.605697
59 -32.017698 -8.204707 10.052852 326.586516 72866.288740
60 14.333772 5.489695 11.392036 44.325117 93573.050706
60 7.572336 3.990092 5.523425 9.346526 21997.077725
60 4.586252 3.105253 4.937091 16.525750 17574.798076
60 14.924258 5.601629 19.162275 41.796881 264753.812994
60 18.572567 6.248906 7.912113 267.546291 45137.037712
60 6.804063 3.782267 6.187138 109.784290 27601.179771
60 25.055097 7.257985 3.530027 46.133283 8984.709975
60 14.821144 5.582245 6.583263 168.431462 31248.593298
60 6.586809 3.721393 9.164834 350.954695 60561.595812
60 11.682499 4.956052 9.301950 350.693988 62387.284791
60 11.371549 4.889650 7.147541 150.390939 36835.064172
60 12.499109 5.126341 6.603285 71.675066 31438.963019
60 -14.865096 -5.590516 7.584392 234.588694 41475.302661
60 -21.944389 -6.792502 5.639060 332.463727 22927.751151
61 17.272091 6.026157 10.181931 358.029525 74749.515707
61 8.608405 4.254312 8.328940 152.137479 50018.135596
61 16.334069 5.860237 5.746652 32.939781 23811.010889
61 17.313404 6.033360 7.284786 248.395884 38263.232429
61 7.866025 4.066733 6.495755 118.387220 30423.367408
61 8.657463 4.266417 11.897999 40.750738 102069.484458
61 9.831602 4.546531 8.617411 322.981606 53542.876603
61 28.282035 7.711224 8.138328 308.497947 47754.952734
61 10.035916 4.593529 6.315952 42.929284 28762.442115
61 7.992950 4.099412 43.300431 81.858696 1351862.453649
61 6.565559 3.715385 4.740799 281.934515 16205.076169
61 9.411446 4.448322 4.684803 328.585517 15824.528973
61 -24.826916 -7.224859 7.546341 69.010005 41060.182557
61 -9.949512 -4.573713 7.347472 244.877358 38924.583793
62 7.137494 3.873833 5.035455 111.562098 18282.077827
62 13.553863 5.338258 8.498150 21.914164 52071.108012
62 10.828620 4.771496 4.791425 92.898399 16553.026882
62 8.883059 4.321647 8.202970 269.064310 48516.591644
62 19.288809 6.368259 8.872692 302.412871 56762.155612
62 23.592748 7.042993 3.543355 253.277925 9052.683158
62 8.996763 4.349218 8.284669 64.186957 49487.828002
62 5.550918 3.416256 9.398636 4.417846 63690.946644
62 15.810331 5.765520 3.586338 328.287663 9273.644707
62 14.522222 5.525665 2.418887 308.932364 4218.704584
62 2.590160 2.333626 6.708599 352.389508 32449.774540
62 14.449838 5.511877 2.095146 200.365821 3165.021566
62 -11.991675 -5.021205 4.618453 311.214683 15379.458412
62 -18.135328 -6.174911 11.425020 118.722660 94115.681122
63 6.535702 3.706928 7.991607 133.304365 46048.583352
63 10.139256 4.617119 7.447223 28.112798 39988.650466
63 17.769507 6.112314 7.725966 274.899221 43038.157576
63 11.145279 4.840759 17.395503 41.070204 218183.582266
63 17.410479 6.050251 8.473231 17.086933 51766.188312
63 15.837785 5.770524 9.869152 35.372618 70227.587754
63 8.914965 4.329401 4.035494 129.762758 11741.982347
63 10.624654 4.726345 8.004341 207.330454 46195.448196
63 12.607870 5.148597 8.434215 20.777256 51290.554010
63 15.298550 5.671437 11.673772 148.354277 98258.580567
63 15.026482 5.620781 7.481949 289.712171 40362.457304
63 0.078354 0.405880 23.744117 94.694046 406499.588802
63 -23.498166 -7.028861 5.075760 305.030776 18575.916023
63 -17.005793 -5.979522 1.821680 322.308336 2392.721873
64 13.955782 5.416829 5.187036 264.155734 19399.325621
64 8.273398 4.170710 5.837925 147.257918 24573.388640
64 7.100688 3.863832 5.716561 335.174136 23562.303799
64 3.191326 2.590321 4.590879 231.964478 15196.367824
64 14.806261 5.579441 11.194539 106.809440 90356.735617
64 9.056588 4.363654 5.927434 174.902304 25332.700427
64 7.418316 3.949305 6.945410 344.342263 34781.147201
64 13.774366 5.381506 11.222621 167.321433 90810.630467
64 3.021976 2.520656 11.374449 37.706201 93284.361163
64 17.241936 6.020894 7.563710 244.401131 41249.418083
64 16.215023 5.838843 10.166286 77.162734 74519.975309
64 14.051755 5.435422 3.873935 48.542206 10820.635740
64 -16.231618 -5.841830 9.271405 249.956133 61978.234840
64 -25.712881 -7.352641 7.842096 295.420300 44341.702475
65 12.916551 5.211242 12.532820 242.612001 113251.941221
65 9.925906 4.568284 6.226494 171.685870 27953.439264
65 7.700071 4.023605 6.378640 194.386208 29336.229403
65 7.010995 3.839351 3.429245 238.022538 8479.009933
65 18.354387 6.212093 10.920245 91.349852 85983.053218
65 8.091923 4.124714 4.891898 87.308119 17254.515624
65 5.039784 3.255172 9.401433 151.950567 63728.867169
65 11.318521 4.878236 6.592595 260.154203 31337.247521
65 3.715632 2.795016 12.471192 177.430697 112140.884824
65 6.147609 3.595184 8.324686 5.020864 49967.060447
65 7.100610 3.863811 5.816570 93.818235 24393.945233
65 -16.878456 -5.957093 7.121502 323.808321 36567.164920
65 -2.900544 -2.469493 9.945437 117.615130 71317.447418
65 -21.146381 -6.667853 7.620468 233.186421 41870.806573
66 16.601170 5.907957 2.129998 65.045892 3271.194076
66 15.673263 5.740473 6.713158 87.919483 32493.899560
66 15.790858 5.761968 5.185765 196.948351 19389.820896
66 2.995506 2.509592 5.363265 318.057168 20739.899847
66 14.415688 5.505360 13.600637 157.342630 133372.584947
66 8.851846 4.314048 9.785935 265.126579 69048.264050
66 8.920107 4.330650 4.503824 40.291104 14625.505948
66 19.760236 6.445611 7.953649 304.766161 45612.183950
66 14.494678 5.520422 2.451132 334.277616 4331.931645
66 5.903744 3.523155 9.038689 159.327224 58905.921467
66 5.712198 3.465530 9.830610 21.999107 69680.139677
66 -24.668758 -7.201810 4.700934 187.181571 15933.691363
66 -21.103657 -6.661114 5.014826 196.953635 18132.585461
66 -27.325338 -7.579678 6.049937 357.136861 26390.634835
67 7.678038 4.017845 15.375566 89.848356 170455.222982
67 16.865565 5.954817 4.499586 301.846048 14597.993682
67 14.540662 5.529172 3.129255 296.983542 7060.409561
67 7.835567 4.058852 2.679061 94.151271 5175.033303
67 17.377777 6.044566 4.373236 57.340458 13789.668157
67 7.367473 3.935748 5.072850 322.193403 18554.622885
67 4.199691 2.971506 3.708181 331.438950 9914.479289
67 14.298019 5.482845 7.963093 52.756943 45720.570820
67 16.239877 5.843316 7.573696 14.300691 41358.409847
67 -1.574370 1.819372 3.736044 278.939094 10064.034282
67 2.411291 2.251608 7.762888 354.482150 43450.494260
67 -10.965681 -4.801598 2.287715 274.373424 3773.565518
67 -8.132939 -4.135155 3.846805 244.182169 10669.604908
67 -17.848545 -6.125893 8.514593 344.319677 52272.813483
68 13.820193 5.390450 8.623452 139.902539 53617.967815
68 5.460186 3.388221 11.771233 111.998244 99906.087337
68 7.403866 3.945457 22.709078 185.377179 371832.264119
68 4.939879 3.222746 1.965558 83.245385 2785.606371
68 17.492203 6.064434 5.162184 279.455107 19213.877196
68 6.465207 3.686882 4.934678 355.248206 17557.620007
68 17.333570 6.036873 7.390904 258.606933 39386.114472
68 8.410060 4.205015 7.202345 198.187691 37402.089232
68 7.124370 3.870270 5.726262 84.688927 23642.346180
68 13.836801 5.393688 16.335077 136.951470 192393.512508
68 -20.804782 -6.613778 7.117662 339.200563 36527.739037
68 -19.530817 -6.408084 5.683333 5.710603 23289.183462
68 -17.721892 -6.104120 7.417361 180.764070 39668.599097
69 3.672216 2.778639 4.627309 84.485148 15438.498105
69 7.111035 3.866646 7.369980 90.378248 39163.430214
69 8.835160 4.309980 26.247418 275.468558 496730.997546
69 6.582471 3.720167 2.048392 307.899102 3025.341218
69 5.468026 3.390652 7.791053 330.333609 43766.350611
69 10.365572 4.668363 6.020427 265.876531 26133.803416
69 9.094989 4.372896 8.748991 289.235627 55190.456342
69 17.312255 6.033160 12.975314 93.398102 121390.259532
69 10.510495 4.700885 4.891119 251.046069 17249.021204
69 7.771430 4.042206 3.390773 246.181115 8289.826749
69 -22.139525 -6.822635 11.291268 89.810839 91924.966931
69 -13.062871 -5.240676 5.504996 122.020473 21850.533870
69 -16.491040 -5.888328 7.607788 287.614141 41731.579312
69 -24.453282 -7.170288 8.449313 233.855579 51474.344385
70 15.609933 5.728864 6.990755 132.563191 35236.780727
70 13.080239 5.244159 2.308261 326.202316 3841.650275
70 13.246042 5.277291 14.843968 213.632856 158872.257374
70 13.105689 5.249258 8.048960 137.775879 46711.906272
70 11.594078 4.937261 3.120852 314.194798 7022.542901
70 6.158370 3.598329 7.324825 301.760998 38684.996373
70 9.405482 4.446912 12.732578 89.393918 116890.924154
70 8.927636 4.332477 4.883767 23.110126 17197.208481
70 10.421485 4.680937 4.410728 283.060697 14027.124609
70 8.742326 4.287277 3.950567 99.552714 11252.965425
70 -20.722927 -6.600754 20.774330 355.123619 311173.146376
70 -12.610022 -5.149036 15.616248 299.039281 175833.446361
70 -18.719162 -6.273519 15.559854 145.296436 174565.778339
70 -23.668122 -7.054235 6.351167 22.198485 29084.067898
71 18.550592 6.245208 25.569012 190.012312 471385.218263
71 10.852983 4.776861 10.579050 173.472322 80694.023768
71 9.522399 4.474466 12.143608 208.199897 106327.003285
71 12.332824 5.092127 3.892766 43.202232 10926.088104
71 8.706131 4.278392 12.562466 13.965290 113788.366154
71 6.323581 3.646276 13.087142 95.949982 123491.678743
71 9.163505 4.389336 7.998641 33.854705 46129.681465
71 15.518038 5.711976 7.084918 320.299098 36192.425292
71 10.274510 4.647812 5.377175 120.564878 20847.617197
71 -11.454899 -4.907537 5.150637 48.225235 19128.020441
71 -11.097310 -4.830331 8.300716 268.807986 49679.728530
71 -26.960923 -7.528967 3.765364 242.450144 10222.617365
71 -13.576213 -5.342657 2.027808 300.731701 2964.842634
72 17.791003 6.116010 7.676069 201.952271 42484.044260
72 12.408763 5.107781 6.501916 204.320815 30481.113022
72 10.051562 4.597109 4.932167 172.214356 17539.760265
72 13.400783 5.308027 7.966760 226.084218 45762.687419
72 9.924717 4.568010 10.366241 251.392837 77480.189564
72 6.515090 3.701078 3.398031 88.497973 8325.353144
72 8.978038 4.344689 13.811032 319.179416 137530.916114
72 3.456340 2.695729 8.978034 272.295685 58117.992777
72 1.855504 1.975145 5.103324 355.730157 18778.216144
72 -22.604962 -6.893978 3.967002 352.427725 11346.789529
72 -17.272693 -6.026262 3.191989 284.390252 7346.336582
72 -11.526856 -4.922927 1.742831 224.883183 2190.073827
72 -13.388546 -5.305602 4.137740 89.168211 12344.528621
73 3.567245 2.738637 2.894068 348.485215 6039.008796
73 10.968679 4.802254 5.986766 227.550618 25842.383865
73 10.613376 4.723836 3.761031 274.526997 10199.099045
73 7.186116 3.887005 7.846919 206.215771 44396.262750
73 6.862731 3.798538 6.377018 202.593550 29321.311306
73 17.315675 6.033756 4.558999 282.233213 14986.044764
73 1.173003 1.570426 5.754106 24.544412 23872.825204
73 14.088758 5.442574 10.595350 43.611178 80942.882072
73 8.916664 4.329814 10.671349 90.986082 82108.233171
73 -5.260516 -3.325693 15.184490 100.828669 166244.952699
73 -30.853624 -8.054176 3.484211 341.557005 8753.001133
73 -15.438100 -5.697245 10.625803 3.321446 81408.852246
73 -14.682951 -5.556159 11.407774 194.222363 93831.767107
73 -24.641538 -7.197835 2.407115 287.402943 4177.741649
74 12.345209 5.094684 5.443298 64.168892 21363.493028
74 5.903723 3.523149 15.954700 114.943467 183537.724276
74 8.605439 4.253579 6.623611 231.454522 31632.809185
74 9.032849 4.357931 10.336841 305.317352 77041.323100
74 13.759917 5.378683 3.682322 42.947857 9776.682859
74 13.478074 5.323312 3.739807 78.027937 10084.316413
74 10.505618 4.699794 11.667429 269.661425 98151.831038
74 11.354714 4.886030 7.916031 293.874227 45181.754840
74 -1.964032 -2.032087 5.382214 80.303805 20886.706924
74 -10.820113 -4.769621 4.448520 337.344755 14268.529714
74 -8.593636 -4.250661 3.483353 270.989667 8748.692016
74 -15.005465 -5.616849 4.850069 326.487778 16960.704058
74 -21.863342 -6.779947 3.180858 241.995404 7295.191113
75 10.096564 4.607388 7.573546 63.427503 41356.770564
75 15.097154 5.633983 6.931918 240.836571 34646.148381
75 10.257034 4.643858 10.234727 344.036545 75526.717809
75 5.231730 3.316581 3.620722 239.317952 9452.318539
75 5.414331 3.373964 3.270685 225.275738 7713.039538
75 11.644640 4.948015 10.957536 276.642748 86571.282580
75 9.836290 4.547615 7.736174 149.655716 43151.962638
75 9.931626 4.569600 2.503280 55.261160 4518.214936
75 -9.365731 -4.437505 11.284093 165.517255 91808.174855
75 -19.802794 -6.452548 2.998095 358.051758 6480.951677
75 -13.917393 -5.409373 8.070925 0.943524 46967.201917
75 -4.643499 -3.124573 7.097625 126.919218 36322.373850
75 -17.304861 -6.031871 4.299897 22.109008 13331.041727
76 8.305246 4.178729 5.058699 21.506824 18451.251231
76 0.152971 0.567117 2.764436 146.701806 5510.119369
76 10.448356 4.686968 4.721229 15.497553 16071.567075
76 14.069799 5.438911 7.480938 199.839279 40351.547512
76 0.307957 0.804661 17.085981 175.986497 210488.266672
76 3.082623 2.545823 5.386479 249.449631 20919.822378
76 9.020979 4.355067 8.293446 53.561101 49592.739880
76 7.739920 4.034003 5.189475 294.828500 19417.572758
76 -23.585444 -7.041903 5.888357 48.101081 24999.790057
76 -19.342182 -6.377063 10.667471 229.441259 82048.562425
76 -14.104624 -5.445638 3.421315 126.989896 8439.841450
76 -15.944107 -5.789861 8.132612 356.030011 47687.901912
76 -10.550323 -4.709783 6.694841 206.604981 32316.820517
77 8.627290 4.258976 28.371866 352.244245 580395.275921
77 10.236245 4.639149 7.961137 11.241847 45698.114440
77 12.843685 5.196523 4.127942 73.067214 12286.132278
77 9.481260 4.464790 16.387827 71.125953 193638.107211
77 1.460768 1.752503 7.216579 306.046019 37550.071389
77 3.429882 2.685391 4.718518 101.368914 16053.116649
77 9.216908 4.402107 6.484800 76.801457 30320.844387
77 -17.579983 -6.079631 2.180198 132.198678 3427.204242
77 -16.353500 -5.863722 4.608589 217.012862 15313.837792
77 -15.045520 -5.624341 5.528600 28.775910 22038.316875
77 -15.113720 -5.637073 24.028057 122.358935 416279.842772
77 -16.675502 -5.921169 6.002414 91.256811 25977.655225
77 -10.601914 -4.721284 14.802728 347.513661 157990.732286
78 3.034618 2.525922 14.222949 146.265342 145857.041722
78 13.786627 5.383900 6.296503 117.444220 28585.569426
78 8.918803 4.330333 4.059546 243.699178 11882.365388
78 5.823743 3.499203 9.605575 81.876732 66526.523618
78 -1.760458 1.923893 3.340640 40.370990 8046.509739
78 12.923238 5.212591 10.482313 27.521899 79225.012015
78 10.386221 4.673011 4.362110 100.095017 13719.592945
78 -20.196850 -6.516431 3.409605 304.174761 8382.164730
78 -7.504379 -3.972148 6.892173 151.658040 34249.984145
78 -20.390724 -6.547633 6.623332 121.461298 31630.141280
78 -13.745226 -5.375810 10.423393 106.634066 78336.888985
78 -21.821706 -6.773488 8.936541 250.140761 57582.032979
78 -19.602203 -6.419784 5.428876 143.490209 21250.437314
79 9.455715 4.458771 5.251742 162.340106 19886.336629
79 14.217099 5.467307 1.719383 199.078027 2131.539622
79 0.169490 0.596953 5.429863 128.273994 21258.170772
79 2.488640 2.287436 12.437532 14.217339 111536.361920
79 11.144696 4.840633 5.943741 96.793764 25472.276390
79 5.720991 3.468196 3.529662 26.323045 8982.850964
79 15.694408 5.744344 3.648312 184.896398 9596.924464
79 -19.297403 -6.369677 1.604769 351.250269 1856.835135
79 -11.926010 -5.007438 2.254207 273.040790 3663.833160
79 -18.169100 -6.180658 8.486437 221.742147 51927.670963
79 -2.134993 -2.118684 6.792020 13.005121 33261.814336
79 -18.245085 -6.193569 5.383425 114.234152 20896.107981
79 -22.950521 -6.946472 6.715611 255.745453 32517.653082
80 4.508508 3.078821 4.430250 118.198002 14151.564177
80 11.857919 4.993123 3.057484 127.833357 6740.256884
80 7.616135 4.001615 12.163508 8.135548 106675.763668
80 9.934235 4.570200 4.110799 320.679768 12184.301180
80 15.174067 5.648316 3.667934 88.493474 9700.430825
80 13.519160 5.331420 4.154331 82.714740 12443.718595
80 -26.504614 -7.464982 7.617976 137.459284 41843.426689
80 -21.568280 -6.734041 9.007237 119.063356 58496.691077
80 -12.699941 -5.167362 7.534201 251.267274 40928.188705
80 -23.115228 -6.971353 7.665991 245.652802 42372.562344
80 -16.878800 -5.957153 4.899329 166.134653 17306.976761
80 -24.841891 -7.227038 6.992054 160.311713 35249.881946
81 3.018805 2.519333 7.038644 191.452008 35721.199973
81 8.387291 4.199319 5.904411 40.641709 25136.293491
81 11.527999 4.923172 11.383322 94.020425 93429.946011
81 -2.291222 2.194834 6.633667 86.937494 31728.927670
81 9.757515 4.529368 3.071976 10.499930 6804.302688
81 15.897507 5.781393 6.603363 246.546541 31439.700059
81 -20.522177 -6.568704 10.347619 315.651190 77202.062290
81 -24.991271 -7.248734 3.748624 101.130644 10131.922982
81 -18.236672 -6.192140 6.354394 76.843597 29113.632699
81 -14.221638 -5.468180 6.320659 334.860045 28805.326232
81 -10.497187 -4.697908 2.345963 290.051392 3968.171339
81 -4.601160 -3.110296 10.877856 22.193233 85316.825141
82 13.298490 5.287729 6.569303 203.567041 31116.204874
82 11.778389 4.976350 2.527932 283.132026 4607.642324
82 0.194295 0.639145 3.781742 273.387051 10311.738045
82 11.631256 4.945171 3.125233 187.796095 7042.271944
82 6.389100 3.665117 32.994605 312.138486 784935.431326
82 5.635044 3.442046 6.186507 9.676965 27595.547986
82 -19.406649 -6.387682 5.279067 135.628282 20093.812234
82 -18.650220 -6.261956 15.894015 63.068777 182144.188495
82 -9.429992 -4.452702 6.230803 345.914096 27992.142354
82 -20.056267 -6.493712 5.063994 75.376146 18489.891550
82 -24.922971 -7.238822 4.837538 251.529374 16873.179666
82 -12.601336 -5.147262 12.471744 182.841803 112150.827247
82 -22.959405 -6.947816 2.080027 93.298080 3119.506196
83 5.895753 3.520770 5.471659 268.045188 21586.692726
83 4.876907 3.202139 5.069123 44.075017 18527.368501
83 19.010559 6.322159 16.413158 321.516720 194237.187796
83 7.657300 4.012415 6.678566 177.705044 32159.882521
83 6.551155 3.711308 6.123180 267.713323 27033.494834
83 -11.211138 -4.855040 14.354367 66.969377 148564.881247
83 -19.859842 -6.461835 6.763418 177.068346 32982.265972
83 -4.293850 -3.004633 6.565007 110.873420 31075.519972
83 -14.691485 -5.557774 14.182785 218.432597 145034.422623
83 -15.813732 -5.766140 4.552478 286.292207 14943.204503
83 -14.173674 -5.458951 7.931554 232.502162 45359.124789
83 -19.034649 -6.326164 2.646814 10.681064 5051.202357
84 7.106504 3.865414 7.629366 252.509106 41968.648295
84 14.994482 5.614793 6.805058 255.629561 33389.636512
84 6.989158 3.833367 7.089052 113.553194 36234.681455
84 2.757947 2.408025 10.728330 302.396579 82987.436547
84 12.688624 5.165059 2.806881 174.924014 5680.623252
84 -10.585347 -4.717594 5.893901 117.808578 25046.888167
84 -3.533967 -2.725833 9.901058 58.683382 70682.403613
84 -17.846656 -6.125569 2.393721 318.437706 4131.378911
84 -17.801486 -6.117812 8.810852 31.720043 55973.687872
84 -10.972791 -4.803155 4.701367 113.677074 15936.626028
84 -21.464538 -6.717826 10.030171 270.889790 72537.866461
84 -18.907595 -6.305015 11.896668 133.486810 102046.646917
85 10.117063 4.612063 7.846580 297.434299 44392.429469
85 4.995030 3.240687 9.429157 222.274579 64105.276713
85 6.989155 3.833367 7.783865 103.714615 43685.638958
85 4.745833 3.158815 4.510522 235.219969 14669.039159
85 9.799575 4.539120 6.798192 262.366551 33322.291969
85 -8.036378 -4.110533 14.135730 264.135851 144073.656036
85 -14.314819 -5.486065 5.079748 24.935985 18605.119125
85 -6.294433 -3.637863 9.037851 291.852430 58895.005300
85 -21.218848 -6.679268 4.645114 199.281982 15557.534548
85 -14.212988 -5.466517 7.249440 86.194593 37892.830728
85 -14.698940 -5.559184 5.708281 163.638185 23494.095759
85 -9.781256 -4.534875 6.801700 250.709350 33356.699374
86 5.329676 3.347483 3.938930 42.956384 11186.764747
86 12.157314 5.055764 6.681978 287.072197 32192.756888
86 17.325265 6.035426 7.171415 142.453591 37081.542815
86 -1.787898 1.938828 3.981178 247.093409 11428.028636
86 -23.207718 -6.985286 7.473452 286.389434 40270.831801
86 -15.632432 -5.732991 1.536593 141.282380 1702.417344
86 -10.125071 -4.613888 4.823136 311.071706 16772.858335
86 1.264536 -1.630548 15.504094 218.705901 173316.878088
86 -12.856453 -5.199105 10.412254 59.454978 78169.537457
86 -27.678580 -7.628513 10.615346 139.935333 81248.697480
86 -9.384491 -4.441947 4.038148 301.688264 11757.431438
86 -21.829966 -6.774770 7.615611 117.499891 41817.455197
87 7.250171 3.904290 3.404564 6.510974 8357.396212
87 2.789766 2.421876 9.031225 74.283155 58808.675144
87 11.176452 4.847524 8.017286 347.547526 46344.994916
87 18.418442 6.222923 6.786279 259.514088 33205.613465
87 -19.543045 -6.410090 8.572778 280.848327 52989.669542
87 -20.184907 -6.514504 5.075167 227.400400 18571.577554
87 -25.222522 -7.282194 2.211997 216.271962 3527.908500
87 -17.332095 -6.036616 5.166440 77.349230 19245.576175
87 -21.851662 -6.778135 4.287096 96.649439 13251.790262
87 -24.934513 -7.240498 7.872332 50.876859 44684.289000
87 -32.718526 -8.294016 6.322695 110.426288 28823.890407
87 -3.113087 -2.558371 5.066805 327.422775 18510.426509
88 6.401649 3.668715 6.493553 128.833358 30402.752688
88 4.680072 3.136854 4.530336 143.569209 14798.201193
88 7.887045 4.072163 14.067017 235.587928 142676.390348
88 9.054123 4.363060 4.003643 41.989595 11557.364427
88 -10.615626 -4.724336 13.826466 305.529588 137838.473051
88 -19.444090 -6.393841 11.295753 153.681878 91998.019731
88 -2.868681 -2.455891 7.366898 295.083935 39130.674102
88 -10.242758 -4.640625 9.211985 304.563478 61186.348436
88 -12.708537 -5.169110 2.455886 317.669833 4348.749783
88 -21.090060 -6.658968 14.058273 235.287257 142499.072492
88 -27.422285 -7.593112 11.692851 242.102884 98580.022032
88 -21.896520 -6.785089 12.277092 274.079122 108677.363945
89 4.070528 2.925455 5.513023 13.841384 21914.300528
89 12.292134 5.083720 4.970818 333.346106 17815.735903
89 5.746061 3.475787 10.455874 236.965333 78825.867038
89 -21.421569 -6.711099 4.712878 170.792119 16014.758791
89 -6.416981 -3.673105 8.125402 66.353129 47603.381401
89 -17.780390 -6.114186 6.954743 352.742383 34874.682295
89 -17.172554 -6.008768 6.892914 293.181254 34257.349255
89 -19.815521 -6.454621 4.827959 194.992139 16806.421251
89 -19.603253 -6.419956 4.516615 324.324639 14708.695042
89 -12.594973 -5.145963 5.250143 114.740654 19874.233897
89 -17.926888 -6.139323 5.348960 68.947893 20629.411218
90 9.497618 4.468640 8.093699 183.956048 47232.631319
90 9.116970 4.378177 5.830303 317.216951 24509.263140
90 3.373520 2.663236 4.561985 99.738079 15005.680463
90 -13.179962 -5.264111 6.620342 252.934523 31601.590693
90 -12.227514 -5.070340 8.790554 329.593288 55716.075439
90 0.845190 -1.333046 23.301093 187.199784 391471.965953
90 -12.458941 -5.118098 11.866502 202.041165 101529.800476
90 -25.102805 -7.264891 7.688094 315.752548 42617.252488
90 -17.921155 -6.138341 2.167945 96.834396 3388.788964
90 -11.961387 -5.014860 5.607158 181.808955 22669.069809
90 -12.038540 -5.031007 6.742649 194.912172 32780.014087
91 14.268760 5.477232 17.634603 130.694269 224222.624055
91 11.655199 4.950258 3.408779 261.928002 8378.102020
91 10.239708 4.639934 6.857573 48.342413 33906.972457
91 -19.419870 -6.389857 7.265946 238.977372 38065.576726
91 -17.444213 -6.056109 13.479453 106.600658 131006.426735
91 -16.790318 -5.941519 13.174121 286.689808 125138.613949
91 -11.555588 -4.929059 3.746294 321.156802 10119.332183
91 -14.971539 -5.610496 5.218507 249.641317 19635.439253
91 -17.178622 -6.009830 9.631953 267.768506 66892.400752
91 -3.696574 -2.787839 9.244716 269.828468 61621.918048
91 1.376708 -1.701331 4.939939 219.993863 17595.081211
92 -0.292413 0.784090 20.671977 155.855652 308114.480195
92 10.224797 4.636554 3.875685 314.376062 10830.411778
92 15.573131 5.722107 10.315765 102.486859 76727.488437
92 -14.330109 -5.488994 3.659704 250.070579 9656.947748
92 -18.431512 -6.225131 10.526611 275.886227 79896.040509
92 -12.002486 -5.023468 9.049225 241.338693 59043.329162
92 -23.280441 -6.996222 20.869378 24.670151 314027.063036
92 -9.571530 -4.485994 5.851082 292.051961 24684.279671
92 -17.923672 -6.138772 5.759325 42.313951 23916.146964
92 -8.694591 -4.275556 4.141315 150.982954 12365.869387
92 -14.789788 -5.576337 9.682021 170.536343 67589.641724
92 -17.175375 -6.009262 6.028552 65.796923 26204.395474
93 0.604589 1.127452 5.051207 100.776058 18396.632941
93 8.912015 4.328685 11.890102 347.755135 101934.043074
93 -10.104519 -4.609203 8.067185 282.835868 46923.681051
93 -18.967474 -6.314991 5.470099 96.077747 21574.382699
93 -12.900777 -5.208060 10.183939 323.601040 74778.994687
93 -4.607154 -3.112321 4.718856 183.645285 16055.412242
93 -22.428746 -6.867055 2.274233 244.012236 3729.220865
93 -13.159925 -5.260109 14.254858 212.116107 146512.219561
93 -10.942565 -4.796535 3.805431 26.186663 10441.327477
93 -13.201224 -5.268356 4.130332 220.243517 12300.367923
93 -6.530364 -3.705414 5.698861 127.426214 23416.618759
94 8.107316 4.128635 18.734672 124.674963 253069.764508
94 10.717356 4.746919 6.810849 125.800504 33446.492524
94 -17.358826 -6.041269 6.868836 308.735372 34018.440853
94 -12.603069 -5.147616 5.357759 189.957732 20697.338489
94 -20.403477 -6.549680 4.686176 290.784591 15833.805705
94 -13.608158 -5.348939 10.642141 306.864210 81659.379593
94 -9.398218 -4.445194 6.620613 239.373380 31604.173659
94 -14.013321 -5.427984 7.801906 69.459190 43888.370570
94 -4.505636 -3.077840 6.849804 329.082851 33830.180527
94 -17.923108 -6.138675 15.529037 94.784928 173874.985976
94 -29.969695 -7.937965 7.449079 102.529207 40008.588891
95 14.558707 5.532602 5.349250 356.786102 20631.648695
95 8.875711 4.319859 8.324464 15.542138 49964.398849
95 -10.864017 -4.779288 6.629759 309.372581 31691.553188
95 -23.863934 -7.083355 4.075317 78.865569 11974.870464
95 -4.935829 -3.221425 4.461276 226.276456 14350.473438
95 -8.673548 -4.270379 9.709881 120.339273 67979.172552
95 -10.850019 -4.776208 9.584320 341.598113 66232.423345
95 -15.827119 -5.768580 12.127889 291.707850 106051.913157
95 -2.569305 -2.324212 8.988252 155.029552 58250.345585
95 -12.833425 -5.194447 3.811736 109.211772 10475.958851
95 -15.479725 -5.704921 5.185331 83.781100 19386.571134
96 16.550462 5.898928 5.416094 6.214559 21150.490341
96 10.695890 4.742163 5.659953 283.666304 23097.962617
96 -20.207681 -6.518178 5.675960 126.005097 23228.793575
96 -7.602111 -3.997929 5.803565 196.823262 24284.984944
96 -16.653783 -5.917312 8.241898 220.984120 48978.174757
96 -22.552632 -6.885994 5.516762 48.736421 21944.042408
96 -18.859845 -6.297049 5.883860 158.562685 24961.621639
96 -8.483342 -4.223296 20.498624 272.460857 302968.498361
96 -9.284288 -4.418169 5.137530 62.625396 19030.789210
96 -27.058400 -7.542565 5.606594 233.075577 22664.505887
96 -16.547848 -5.898462 2.064364 173.583562 3072.702409
97 10.802576 4.765754 17.315599 88.500021 216183.783986
97 5.261954 -3.326148 6.246048 8.886376 28129.287943
97 -5.648493 -3.446151 6.440137 149.008883 29904.623670
97 -11.713392 -4.962601 13.736189 213.638164 136044.369864
97 -10.793639 -4.763783 11.473199 177.875899 94911.118274
97 -23.048182 -6.961236 12.160042 32.296991 106614.979223
97 -10.041771 -4.594869 3.070757 274.419036 6798.907137
97 -13.177023 -5.263525 2.299934 275.219219 3813.983399
97 -8.732196 -4.284792 2.334054 111.941940 3927.985191
97 -8.236219 -4.161328 7.490113 280.616790 40450.581919
98 9.597942 4.492179 3.539225 268.327255 9031.593964
98 -12.465505 -5.119446 6.111744 157.277431 26932.603096
98 -23.198443 -6.983891 11.915002 232.048085 102361.423344
98 -9.107036 -4.375791 5.336524 247.731393 20533.595457
98 -8.560435 -4.242442 9.046981 103.512019 59014.053646
98 -20.363047 -6.543188 2.696400 110.088798 5242.238828
98 -23.146123 -6.976011 7.015677 175.666241 35488.466579
98 -11.344467 -4.883825 7.891077 227.117948 44897.340902
98 -18.866068 -6.298088 4.452131 62.207456 14291.699814
98 -16.680734 -5.922098 8.026354 306.739902 46449.889413
99 9.429382 4.452558 2.827683 267.715217 5765.137196
99 -12.622900 -5.151665 5.752533 197.044388 23859.776923
99 -26.042954 -7.399683 11.392215 122.742430 93575.986860
99 -5.592451 -3.429013 2.058800 317.537864 3056.162843
99 -18.736097 -6.276356 11.622524 194.737589 97397.762870
99 -16.473450 -5.885187 11.106682 283.150752 88944.014841
99 -6.090088 -3.578325 10.223103 41.021484 75355.256248
99 -10.522219 -4.703506 7.464145 102.229872 40170.592887
99 -13.365065 -5.300948 9.258195 259.077466 61801.737382
99 -15.793645 -5.762477 5.763709 124.757547 23952.574205
100 -3.904104 2.865027 3.235599 198.179145 7548.444192
100 -21.022644 -6.648316 2.992470 280.579931 6456.655755
100 -5.946132 -3.535780 4.062197 322.279881 11897.891186
100 -14.670238 -5.553753 7.532087 285.707974 40905.220889
100 -21.276565 -6.688346 4.881741 191.960779 17182.944162
100 -4.352671 -3.025143 6.924733 259.792577 34574.361107
100 -17.038805 -5.985323 6.741568 179.140528 32769.511489
100 -7.758160 -4.038754 5.971863 137.464864 25713.888581
100 -21.915981 -6.788104 3.909776 288.014548 11021.783134
100 -6.586560 -3.721323 5.408603 73.740136 21092.025039
101 -5.523671 -3.407861 6.529230 5.154361 30737.742033
101 -12.099213 -5.043669 4.973005 32.855524 17831.414464
101 -19.868782 -6.463290 12.180696 343.340422 106977.467412
101 -10.518683 -4.702715 4.786625 39.926586 16519.882077
101 -10.763686 -4.757168 11.508700 102.548711 95499.394950
101 -1.050637 -1.486258 5.748528 173.411624 23826.562789
101 -6.155339 -3.597443 2.120953 198.327383 3243.470945
101 -15.769083 -5.757994 3.173769 303.629783 7262.707767
101 -6.619412 -3.730592 4.834135 136.288659 16849.449265
101 -25.129168 -7.268705 3.308642 55.628002 7893.099242
102 -17.853312 -6.126711 9.247871 38.680674 61663.984030
102 -21.360910 -6.701590 6.428117 192.605685 29793.099007
102 -17.672291 -6.095571 5.287238 46.658875 20156.063520
102 -25.181982 -7.276340 10.377989 210.581665 77655.902938
102 -4.558526 -3.095852 4.224238 38.128860 12866.038661
102 -26.326389 -7.439841 6.750060 89.147438 32852.111657
102 -15.813676 -5.766130 7.923500 16.179880 45267.050368
102 -16.302638 -5.854596 3.386251 291.216329 8267.730360
102 -15.824086 -5.768027 11.671771 213.662172 98224.904606
102 -16.970804 -5.973367 12.112650 28.121988 105785.570648
103 -7.654459 -4.011671 18.001652 273.042366 233653.770967
103 -10.085640 -4.604895 5.544156 233.357889 22162.512823
103 -13.576915 -5.342796 3.902233 20.948516 10979.293302
103 -18.192976 -6.184718 4.589183 352.343751 15185.141748
103 -1.141975 -1.549517 4.303793 128.527137 13355.214230
103 -10.015041 -4.588750 16.506332 239.669240 196448.735159
103 -21.361894 -6.701745 11.783443 216.927308 100113.457020
103 -15.667683 -5.739452 11.919255 337.298624 102434.513984
103 -16.784566 -5.940501 5.684906 208.835272 23302.080385
103 -20.967836 -6.639644 7.663152 29.578226 42341.179035
104 -7.360347 -3.933844 3.713659 199.935947 9943.793740
104 -18.962389 -6.314145 5.663151 354.189468 23124.072162
104 -15.697075 -5.744832 10.685604 266.376528 82327.752205
104 -2.413700 -2.252733 4.229329 163.143263 12897.065768
104 -8.856750 -4.315242 8.159403 134.424323 48002.613718
104 -14.784692 -5.575376 4.155811 193.418194 12452.586526
104 -17.633576 -6.088891 10.382141 144.207321 77718.047934
104 -13.013504 -5.230764 8.658526 214.763454 54055.020919
104 -9.647469 -4.503754 5.815570 97.372090 24385.555581
104 -24.680948 -7.203589 2.597422 257.238955 4864.444008
105 -10.100498 -4.608286 8.137129 226.432329 47740.883268
105 -3.270963 -2.622441 6.020455 283.148380 26134.047894
105 -14.441671 -5.510319 2.781523 42.268902 5578.448671
105 -16.909732 -5.962609 7.110018 332.597279 36449.321760
105 -7.865807 -4.066677 12.289131 323.216480 108890.614159
105 -14.826389 -5.583232 3.176437 213.748084 7274.925091
105 -10.378492 -4.671272 2.911132 64.652645 6110.432128
105 -15.363528 -5.683469 6.328870 22.981218 28880.217269
105 -16.212000 -5.838299 5.277626 40.880231 20082.849918
105 -12.136248 -5.051382 2.876955 50.711201 5967.797941
106 -10.028334 -4.591794 8.106551 44.688747 47382.757227
106 -14.793658 -5.577066 5.063234 103.467010 18484.344698
106 -20.920605 -6.632162 5.103759 59.233991 18781.415649
106 -2.427789 -2.259298 7.170456 260.297280 37071.622987
106 -17.767275 -6.111931 21.132966 91.162561 322009.734533
106 -19.813755 -6.454333 5.501065 163.960575 21819.339964
106 -15.531166 -5.714392 12.698311 334.835428 116262.581567
106 -4.272731 -2.997235 6.889228 211.780832 34220.725758
106 -18.564393 -6.247530 6.159994 305.085664 27359.528505
106 -13.606657 -5.348644 8.265343 58.095928 49257.215995
107 -12.038091 -5.030913 4.706291 240.548009 15970.022808
107 -10.618236 -4.724917 4.652420 81.205251 15606.516288
107 -7.291738 -3.915467 6.105484 71.519531 26877.460822
107 -19.838147 -6.458305 3.990046 207.768761 11478.993950
107 -20.360749 -6.542819 7.319927 341.432701 38633.279114
107 -12.964707 -5.220948 24.923962 10.195497 447901.213735
107 -2.871579 -2.457132 13.705780 56.238654 135442.697187
107 -19.884746 -6.465886 7.957778 93.798070 45659.554121
107 -12.273458 -5.079857 4.026370 80.906400 11688.949866
107 -14.799666 -5.578198 6.018740 164.344263 26119.158693
108 -19.357197 -6.379538 8.819793 206.149788 56087.345565
108 -19.574578 -6.415259 14.869756 355.511472 159424.747894
108 -13.909597 -5.407858 5.409444 94.321723 21098.584321
108 -17.940566 -6.141664 3.775209 201.549628 10276.142778
108 -16.010949 -5.801984 9.200007 344.822459 61027.337623
108 -9.399355 -4.445463 8.860935 144.969198 56611.824050
108 -10.646326 -4.731163 4.188408 81.456788 12648.707025
108 -19.236712 -6.359653 6.006585 359.174669 26013.771581
108 -16.773432 -5.938530 6.251751 35.516282 28180.674603
108 -11.492004 -4.915479 12.244199 169.520688 108095.809300
109 -9.529670 -4.476174 1.794292 350.867411 2321.316113
109 -10.107475 -4.609877 6.083469 46.092082 26683.985487
109 -11.850660 -4.991594 2.734327 195.624966 5390.747495
109 -6.177470 -3.603905 2.952403 304.183383 6284.912241
109 -11.503271 -4.917888 3.343534 224.350101 8060.453063
109 -5.682269 -3.456439 8.429358 260.436630 51231.499822
109 -25.469482 -7.317758 12.859337 75.138026 119229.921526
109 -23.538673 -7.034917 9.095838 285.684213 59653.167199
109 -9.118870 -4.378633 7.407168 114.598413 39559.648219
109 -13.553099 -5.338107 10.970200 96.018640 86771.515746
110 -6.164006 -3.599976 10.926251 215.255422 86077.660764
110 -8.749712 -4.289087 3.369997 90.582659 8188.552281
110 -16.340702 -5.861427 3.059142 251.958474 6747.570538
110 -9.198169 -4.397630 7.295523 275.833219 38376.111963
110 -2.983100 -2.504390 3.813332 71.690050 10484.733508
110 -12.459925 -5.118300 2.401652 344.121418 4158.801700
110 -16.504240 -5.890685 6.754132 173.371806 32891.766401
110 -9.088816 -4.371411 6.652393 246.720983 31908.315181
110 -13.600423 -5.347419 6.612365 285.215535 31525.483362
110 -31.789900 -8.175467 4.937980 27.527686 17581.128306
111 -15.999568 -5.799922 7.631908 236.708897 41996.618092
111 -22.471296 -6.873565 10.368819 314.464552 77518.733542
111 -14.151170 -5.454616 9.469536 243.616737 64655.500200
111 -14.889800 -5.595159 5.551243 285.651425 22219.209597
111 -10.248635 -4.641956 9.286494 137.813466 62180.127284
111 -13.089222 -5.245959 9.752658 275.407697 68579.463179
111 -9.361810 -4.436576 6.201568 186.321871 27730.077773
111 -14.857156 -5.589022 4.723170 337.579828 16084.787075
111 -17.711680 -6.102361 9.359274 149.138187 63158.583909
111 -5.823985 -3.499275 6.810404 282.173416 33442.117567
112 -13.369992 -5.301925 5.767744 281.240867 23986.119365
112 -13.867666 -5.399701 4.495754 258.018922 14573.140063
112 -14.223646 -5.468566 5.414865 69.261486 21140.896193
112 -10.621443 -4.725631 5.791945 359.244405 24187.832515
112 -4.607219 -3.112343 8.598595 225.664487 53309.305853
112 -8.152342 -4.140085 4.024824 129.621774 11679.972506
112 -14.663405 -5.552460 4.575135 359.199009 15092.317899
112 -11.876228 -4.996976 3.112788 250.590672 6986.299771
112 -22.291155 -6.845959 9.520089 184.188888 65347.668371
122 19.360115 -5.764017 11.537102 174.692270 95971.327417
123 27.691306 -6.893551 7.037885 293.346007 35713.496228
124 26.745160 -6.774760 8.787071 182.233987 55671.942177
125 20.627270 -5.949660 7.883834 7.405888 44814.957640
125 25.994225 -6.678974 4.070944 332.007661 11949.184582
126 25.021624 -6.552832 13.114665 202.488988 124011.652038
126 22.786008 -6.253245 5.026314 146.224173 18215.757527
127 26.286786 -6.716454 7.762822 234.035959 43449.757200
127 21.556129 -6.082144 27.489039 211.651168 544837.730579
128 23.396490 -6.336459 10.848604 201.668165 84858.592338
128 18.120001 -5.576355 4.454132 146.073377 14304.551809
128 26.560759 -6.751364 7.702453 142.825928 42776.597466
129 30.297317 -7.210633 3.713671 92.809644 9943.859846
129 15.853489 -5.215954 8.698643 337.589067 54557.079879
129 19.857519 -5.837593 7.019955 79.791606 35531.758979
130 28.814893 -7.032015 14.165230 172.931926 144675.614441
130 22.160848 -6.166866 9.064997 335.514345 59249.319358
130 26.066812 -6.688293 4.063537 68.694232 11905.742376
131 16.677055 -5.349719 10.579903 184.624302 80707.045722
131 20.370515 -5.912516 14.195058 173.501376 145285.556786
131 20.961577 -5.997680 8.557028 321.384911 52795.148601
131 19.064805 -5.719887 4.280063 275.018647 13208.346426
132 12.742668 -4.676290 3.015314 94.021477 6555.611218
132 12.976101 -4.718929 6.673951 37.597838 32115.460112
132 20.795646 -5.973894 6.667615 199.770391 32054.503828
132 14.697036 -5.022109 23.823376 43.165205 409217.961546
133 17.510911 -5.481831 5.479697 305.080700 21650.160960
133 23.125335 -6.299634 6.041203 326.396787 26314.489612
133 23.856038 -6.398386 4.631395 319.293673 15465.778075
133 25.113889 -6.564903 5.345022 167.644049 20599.044204
133 8.954857 -3.920131 4.865103 268.971057 17066.016081
134 20.976626 -5.999832 7.339299 116.643559 38838.034713
134 15.459369 -5.150711 3.076097 80.671151 6822.573983
134 27.055879 -6.814000 4.351454 83.458599 13652.645515
134 20.030502 -5.862964 7.389973 275.847644 39376.202213
134 18.096971 -5.572810 8.054897 357.480694 46780.842311
135 20.924569 -5.992383 7.692658 316.375608 42667.869141
135 20.063091 -5.867731 9.699174 271.604223 67829.338638
135 20.255314 -5.895773 2.468558 92.084315 4393.743424
135 15.321866 -5.127753 10.657470 151.874653 81894.798244
135 23.275523 -6.320057 7.402250 85.522509 39507.134972
136 20.190413 -5.886320 4.086328 170.844896 12039.668857
136 20.572272 -5.941723 10.570457 332.854430 80563.001697
136 21.223160 -6.034987 3.924683 188.768354 11105.986508
136 17.132496 -5.422276 10.196236 309.956879 74959.697790
136 27.167199 -6.828003 11.927761 254.555969 102580.761210
136 21.302590 -6.046270 13.200942 273.059719 125648.685267
137 17.814982 -5.529222 5.772073 245.896592 24022.137301
137 26.124695 -6.695714 3.447269 20.651899 8568.373297
137 21.903289 -6.130924 7.390410 150.893509 39380.849905
137 13.950903 -4.892969 6.362960 272.541379 29192.173690
137 25.750450 -6.647582 8.332934 171.974826 50066.128269
137 29.575711 -7.124246 5.924814 99.318779 25310.311148
138 13.379032 -4.791634 5.674862 58.943416 23219.813862
138 9.097636 -3.951260 5.623641 108.358660 22802.543937
138 25.795114 -6.653345 2.845082 88.948061 5836.301975
138 20.757728 -5.968445 8.818614 126.303542 56072.349645
138 26.702183 -6.769314 6.659378 291.651673 31975.361102
138 8.144709 -3.738601 8.482138 312.074880 51875.075506
138 25.340220 -6.594418 5.100348 194.073559 18756.325686
139 18.048286 -5.565309 7.051994 13.599102 35856.836467
139 19.853524 -5.837005 8.989553 47.714054 58267.215037
139 16.946892 -5.392825 4.359138 228.320640 13700.904922
139 23.453395 -6.344160 4.708357 23.885010 15984.050999
139 21.503203 -6.074673 9.517717 190.983251 65315.104351
139 17.272964 -5.444459 7.444605 26.222265 39960.542212
139 10.891226 -4.323243 5.696843 127.087193 23400.039888
140 19.969678 -5.854055 9.669016 5.919445 67408.185524
140 14.342667 -4.961195 8.556869 4.960099 52793.178697
140 23.427417 -6.340646 11.866563 28.658447 101530.832137
140 19.038236 -5.715900 8.121182 170.978648 47553.943693
140 18.443035 -5.625842 8.144834 68.096501 47831.343973
140 13.384664 -4.792642 13.526384 308.445310 131920.269077
140 21.737140 -6.107627 5.014301 244.018200 18128.795827
140 21.090421 -6.016084 6.439580 339.920567 29899.442793
141 29.248179 -7.084688 13.826627 36.901031 137841.685415
141 19.403312 -5.770444 8.064570 207.315950 46893.267116
141 41.644755 -8.453790 3.705685 91.514185 9901.134896
141 22.620305 -6.230466 4.410548 28.565238 14025.977101
141 6.737574 -3.400346 12.403878 167.572353 110933.589191
141 21.892330 -6.129390 5.902020 54.002375 25115.942578
141 26.327231 -6.721619 15.521525 164.000433 173706.807076
141 28.129812 -6.947918 12.014436 95.884984 104077.012203
142 13.893545 -4.882900 11.707968 291.074271 98835.086576
142 25.288162 -6.587641 10.538844 270.492073 80081.836555
142 20.215874 -5.890031 6.046551 284.287654 26361.097392
142 34.316072 -7.673970 6.942699 226.055445 34753.996556
142 19.366760 -5.765006 3.656391 139.180950 9639.476476
142 28.171610 -6.953078 5.198110 91.582350 19482.248517
142 27.283586 -6.842614 4.129632 187.337622 12296.196213
142 28.083697 -6.942221 7.209098 161.727801 37472.260345
142 22.523793 -6.217160 5.063583 185.030863 18486.895445
143 10.771072 -4.299330 13.730007 77.878331 135921.939548
143 20.441384 -5.922792 13.930891 103.195894 139928.391816
143 11.640991 -4.469576 4.284778 173.217613 13237.461264
143 27.098872 -6.819412 7.073137 268.923658 36072.167851
143 10.056417 -4.154253 10.443668 165.511288 78641.937264
143 26.457694 -6.738253 4.672070 169.390907 15738.625766
143 23.952202 -6.411269 12.955375 135.550111 121017.472033
143 -1.702891 -1.709483 3.095635 54.482103 6909.516211
143 16.215145 -5.275112 11.747933 103.953764 99510.985462
144 18.908595 -5.696406 6.874071 89.213146 34070.313551
144 17.652090 -5.503885 2.819854 119.804821 5733.254207
144 25.485504 -6.613295 4.763702 272.400171 16362.030265
144 21.788594 -6.114851 14.908107 300.115069 160248.167980
144 28.998857 -7.054427 12.599015 301.572946 114451.442611
144 22.295519 -6.185575 7.433188 49.149323 39838.072534
144 6.957286 -3.455343 2.543862 297.619217 4665.896789
144 24.829264 -6.527595 4.113506 7.174389 12200.348636
144 11.805146 -4.500979 7.636910 308.425160 42051.686242
144 4.776362 -2.862991 7.234511 152.312250 37736.923088
145 23.657939 -6.371765 6.481770 234.351701 30292.515859
145 22.566615 -6.223067 8.225685 64.976074 48785.658852
145 22.123154 -6.161619 17.767459 280.058623 227613.878965
145 22.769087 -6.250922 6.696327 33.236016 32331.171554
145 20.960740 -5.997560 5.113094 126.874889 18850.185911
145 20.922438 -5.992078 5.594392 171.031294 22565.964927
145 25.049320 -6.556458 11.391482 231.157938 93563.949221
145 15.432146 -5.146174 4.144473 14.926176 12384.735501
145 10.513588 -4.247631 10.303670 252.152635 76547.666309
145 15.219538 -5.110602 7.874803 47.367287 44712.345145
146 20.628239 -5.949800 3.904225 296.892493 10990.504833
146 37.420404 -8.013561 7.992925 181.497341 46063.776512
146 16.008770 -5.241436 2.787306 123.175532 5601.666352
146 7.166927 -3.507016 12.722712 106.924290 116709.839229
146 23.293147 -6.322450 4.333392 312.399657 13539.540642
146 19.523947 -5.788354 8.389596 185.689227 50749.315964
146 21.306206 -6.046783 12.063542 182.644775 104929.531019
146 27.767683 -6.903052 5.696694 51.778095 23398.812655
146 22.912109 -6.270524 8.973845 224.869613 58063.764059
146 19.631768 -5.804315 14.130524 321.593121 143967.554377
146 -1.505753 -1.607489 5.653859 165.851623 23048.250350
147 22.023020 -6.147659 6.942645 200.695869 34753.453251
147 14.872955 -5.052077 5.021506 179.781627 18180.928791
147 29.520469 -7.117589 6.221611 304.158560 27909.612265
147 14.414939 -4.973678 2.740711 6.321001 5415.950541
147 17.340330 -5.455066 5.918042 160.991050 25252.486248
147 22.743460 -6.247404 6.558145 306.096920 31010.595866
147 13.542143 -4.820754 4.496417 274.578735 14577.438726
147 20.047311 -5.865423 8.014118 348.628245 46308.372638
147 19.758361 -5.822999 16.069528 334.919302 186189.137742
147 24.785484 -6.521838 7.174768 56.254314 37116.223986
147 10.312854 -4.206886 3.015324 220.327523 6555.653070
148 22.950070 -6.275716 6.568223 199.933334 31105.976077
148 27.950843 -6.925781 6.541691 281.833564 30855.187428
148 27.677971 -6.891891 4.271549 219.359745 13155.847454
148 15.628239 -5.178766 10.414474 282.020549 78202.884665
148 9.861993 -4.113899 5.509193 210.368640 21883.863779
148 18.346724 -5.611133 9.531593 141.686974 65505.698101
148 19.358881 -5.763833 9.934318 258.400575 71158.072102
148 3.442653 -2.430625 7.162083 203.412423 36985.100181
148 16.138166 -5.262576 6.071277 99.205700 26577.135913
148 13.484418 -4.810469 8.145879 150.405330 47843.613642
148 26.301133 -6.718287 7.915238 286.272130 45172.698819
148 23.604380 -6.364548 3.896216 261.915599 10945.460702
149 11.967387 -4.531802 5.759725 110.709234 23919.469578
149 21.433920 -6.064878 6.520034 61.945636 30651.220671
149 24.499914 -6.484158 7.368704 151.327490 39149.872253
149 18.045943 -5.564948 7.692348 279.879810 42664.422625
149 27.846129 -6.912796 11.094821 290.183844 88754.156423
149 21.831349 -6.120848 9.937708 311.191512 71206.654189
149 18.492498 -5.633381 10.910887 124.655078 85835.740724
149 20.962184 -5.997767 5.460730 162.942253 21500.548256
149 18.817171 -5.682618 5.930189 115.955151 25356.253090
149 5.824538 -3.161564 4.709398 86.343454 15991.117502
149 20.818715 -5.977206 4.521868 20.851067 14742.928665
149 21.799664 -6.116405 6.011274 8.530298 26054.406183
150 28.513840 -6.995184 7.614054 298.129944 41800.358353
150 22.981643 -6.280032 11.481680 343.916279 95051.495072
150 27.962479 -6.927222 6.157269 142.462859 27335.331204
150 14.860340 -5.049934 4.689275 192.819344 15854.752229
150 18.675582 -5.661198 11.835736 9.335089 101004.011961
150 11.841280 -4.507862 7.937764 186.618173 45430.183228
150 23.396092 -6.336405 6.851583 72.514497 33847.762900
150 22.109594 -6.159730 8.588448 34.738647 53183.568191
150 34.203815 -7.661408 7.120815 221.950031 36560.104011
150 14.332098 -4.959366 4.120984 353.272936 12244.749825
150 20.801723 -5.974767 5.469036 302.839936 21566.004421
150 11.782597 -4.496678 11.554825 300.672147 96266.414190
150 28.595492 -7.005193 8.772079 122.962270 55482.129606
151 27.093756 -6.818768 2.288566 358.591841 3776.374573
151 14.037339 -4.908103 6.291501 97.726378 28540.174899
151 10.878364 -4.320690 10.983714 120.827091 86985.429395
151 21.153238 -6.025037 5.950241 176.231008 25528.022078
151 2.920574 -2.238749 4.959211 292.478867 17732.630503
151 27.534021 -6.873946 8.867950 185.715036 56701.498018
151 14.644805 -5.013178 3.979279 211.469626 11417.127387
151 17.164821 -5.427389 4.040116 3.668613 11768.897588
151 19.180468 -5.737212 5.000684 269.596616 18030.460139
151 24.933933 -6.541339 8.139092 231.599150 47763.924277
151 6.334867 -3.297160 4.042072 246.362537 11780.293319
151 15.150861 -5.099058 2.083697 208.318620 3130.524332
151 21.347365 -6.052620 4.817479 272.702392 16733.536573
152 10.359133 -4.216315 7.794498 345.229518 43805.069662
152 9.384575 -4.013087 8.456829 12.863920 51565.968408
152 15.713632 -5.192896 30.621511 4.779301 676084.989540
152 7.345376 -3.550408 6.928820 23.576911 34615.187053
152 12.472874 -4.626521 6.721769 32.692523 32577.310046
152 24.507360 -6.485143 8.370340 30.431795 50516.619968
152 16.152694 -5.264944 8.572809 4.654203 52990.050780
152 -1.978927 -1.842834 4.854545 160.927032 16992.022323
152 10.530574 -4.251061 10.111182 57.124670 73714.336008
152 26.455364 -6.737956 5.572235 276.994465 22387.564398
152 17.949155 -5.550004 10.123549 221.528896 73894.754550
152 35.485219 -7.803601 4.936928 72.400170 17573.633918
152 14.836178 -5.045827 3.229474 280.599823 7519.892733
152 7.099138 -3.490391 3.854907 80.314687 10714.600330
153 29.070050 -7.063081 18.881749 50.416049 257058.825693
153 34.506225 -7.695202 10.398705 315.086717 77966.234272
153 11.522760 -4.446820 4.896751 225.570074 17288.769134
153 23.167542 -6.305380 23.088655 181.304043 384366.334193
153 16.759652 -5.362951 6.293891 70.135253 28561.864942
153 10.647067 -4.274509 4.969544 74.492274 17806.602944
153 25.472622 -6.611624 2.564018 223.594768 4740.129166
153 19.412896 -5.771869 3.176229 5.239962 7273.973323
153 23.969431 -6.413575 5.468175 138.652948 21559.210574
153 12.344779 -4.602703 5.108840 221.519750 18818.831295
153 13.674300 -4.844220 4.666010 208.791210 15697.820760
153 20.860933 -5.983264 13.362137 158.248451 128735.980179
153 22.278897 -6.183269 4.658936 258.375462 15650.261309
153 14.048098 -4.909984 14.245833 31.646624 146326.767373
154 7.796757 -3.657870 4.836746 105.233968 16867.655343
154 13.351164 -4.786641 3.589755 316.015528 9291.323338
154 15.224613 -5.111454 13.034566 197.967149 122501.447770
154 17.022859 -5.404899 7.720882 181.513679 42981.529330
154 12.692135 -4.667009 8.522578 81.051618 52370.899370
154 15.299176 -5.123955 5.870832 158.307305 24851.201275
154 17.451523 -5.472528 4.110247 250.637682 12181.025214
154 22.188075 -6.170653 4.495010 192.996991 14568.316053
154 19.131583 -5.729896 8.623794 236.102501 53622.224188
154 -1.734872 -1.725460 9.887309 156.590777 70486.234147
154 27.140736 -6.824677 6.761619 349.464067 32964.724572
154 13.202558 -4.759927 11.912182 128.005813 102312.969308
154 10.600712 -4.265194 5.897735 143.989249 25079.484380
154 21.944681 -6.136715 5.877083 289.817118 24904.147925
154 30.027560 -7.178461 9.390788 215.389646 63584.624719
155 12.055786 -4.548509 16.139383 319.247150 187811.396345
155 21.438989 -6.065596 4.498830 251.516923 14593.086490
155 7.798413 -3.658259 4.088509 114.076720 12052.521588
155 18.730571 -5.669527 5.546815 306.221541 22183.774843
155 9.450265 -4.027108 6.586313 15.651150 31277.557596
155 18.980278 -5.707193 7.033404 104.171124 35668.038896
155 21.388268 -6.058416 7.623933 348.184510 41908.891986
155 14.304740 -4.954631 2.762148 354.121430 5501.005683
155 9.564943 -4.051469 7.382557 63.761367 39297.205018
155 9.207998 -3.975153 5.128590 92.610774 18964.613719
155 16.764615 -5.363744 10.812536 200.781858 84295.273445
155 24.971697 -6.546291 9.350948 340.790976 63046.258667
155 23.942159 -6.409925 2.760495 334.129772 5494.420495
155 19.306646 -5.756052 4.207919 345.862137 12766.823286
155 21.221801 -6.034793 7.149379 347.229860 36854.007901
156 12.615469 -4.652892 3.702228 198.809273 9882.674549
156 17.128294 -5.421611 7.712297 115.610584 42886.000382
156 25.634969 -6.632659 5.129807 51.561811 18973.616570
156 29.044476 -7.059973 23.730588 118.044584 406036.512799
156 17.422085 -5.467910 12.229992 61.364255 107845.100194
156 29.911282 -7.164548 2.706539 294.238270 5281.734864
156 19.322059 -5.758349 10.766818 98.193355 83583.929277
156 14.131416 -4.924523 3.466243 307.477880 8662.957341
156 21.716124 -6.104674 5.049906 215.817965 18387.159173
156 24.479375 -6.481439 2.513095 49.899259 4553.714711
156 11.737144 -4.487996 6.450631 223.387529 30002.156474
156 29.432653 -7.106995 11.737456 331.942529 99333.559595
156 31.759753 -7.382609 2.149051 13.607758 3329.980714
156 25.797155 -6.653608 3.905281 314.771811 10996.453515
156 25.131844 -6.567249 7.308319 164.996623 38510.850689
156 6.746539 -3.402607 8.862775 50.158207 56635.343393
157 16.499507 -5.321166 14.053954 30.801304 142411.522094
157 32.178562 -7.431126 11.344290 317.837481 92790.334429
157 20.403648 -5.917322 11.485322 96.563445 95111.800797
157 10.434356 -4.231595 4.368411 248.415803 13759.258659
157 12.728107 -4.673618 8.279165 225.308499 49422.091298
157 34.697850 -7.716539 5.284723 221.831514 20136.898545
157 17.256327 -5.441836 7.897314 348.483524 44968.347077
157 25.950449 -6.673347 2.571852 49.472334 4769.138596
157 14.086000 -4.916603 2.692050 20.891909 5225.337390
157 14.385466 -4.968591 7.207661 343.296252 37457.322479
157 0.216557 -0.609618 5.844257 265.508877 24626.729621
157 16.003484 -5.240570 4.640619 18.868513 15527.438130
157 16.234553 -5.278268 17.949032 134.353478 232289.795795
157 6.203955 -3.262914 6.492714 96.783561 30394.888584
157 20.678816 -5.957090 13.028315 131.501255 122383.971108
157 18.167452 -5.583651 7.459802 283.939906 40123.858161
158 16.373845 -5.300864 5.827732 5.649690 24487.652164
158 27.607037 -6.883054 6.030817 98.790620 26224.090677
158 12.134728 -4.563377 6.576709 92.733001 31186.405846
158 15.253949 -5.116376 9.447294 351.040485 64352.126321
158 23.827420 -6.394547 4.468494 202.476154 14396.950562
158 17.287502 -5.446750 8.084891 19.595095 47129.889789
158 23.684081 -6.375284 7.643147 331.621892 42120.403671
158 10.177752 -4.179239 4.062107 118.614796 11897.363098
158 30.662700 -7.253982 4.816279 306.500745 16725.198839
158 20.661837 -5.954643 9.529869 143.849002 65482.000777
158 13.673263 -4.844036 9.940210 314.397422 71242.504421
158 11.389649 -4.421061 8.200806 73.378313 48491.003538
158 14.634515 -5.011416 10.053132 166.880490 72870.341114
158 15.398326 -5.140532 4.441897 320.917623 14226.071583
158 19.992362 -5.857379 14.975381 175.292102 161697.695642
158 7.508795 -3.589686 5.051432 168.971670 18398.272238
158 11.168110 -4.377853 4.636195 327.356884 15497.852166
159 12.271570 -4.589035 9.405917 117.240499 63789.673555
159 9.049098 -3.940705 8.186551 304.950030 48322.564491
159 21.543266 -6.080329 12.534317 64.157311 113279.003924
159 16.939214 -5.391603 6.542619 98.114253 30863.939116
159 21.193159 -6.030720 5.940707 173.617699 25446.285922
159 18.231170 -5.593435 3.709099 59.603081 9919.388924
159 20.391381 -5.915543 6.933515 233.477900 34662.114206
159 11.755081 -4.491424 5.819857 217.593727 24421.521493
159 9.220189 -3.977784 6.594213 245.168975 31352.632036
159 12.882071 -4.701800 6.085385 288.056098 26700.793267
159 17.285558 -5.446443 6.411362 94.431717 29637.985692
159 20.069325 -5.868643 3.583125 135.513166 9257.037948
159 12.740948 -4.675975 6.523399 117.628399 30682.866437
159 9.522094 -4.042384 7.865675 132.919166 44608.750341
159 23.362427 -6.331845 3.904073 243.702462 10989.654423
159 11.776283 -4.495473 4.033462 113.082211 11730.161321
159 18.042003 -5.564340 5.213364 142.043315 19596.752331
160 13.699222 -4.848632 13.448505 351.597193 130405.551644
160 9.758182 -4.092190 3.835026 321.341728 10604.363780
160 6.407721 -3.316065 2.101509 113.206213 3184.275270
160 21.658968 -6.096635 7.285285 203.838744 38268.472573
160 12.034073 -4.544411 14.796666 168.597432 157861.356179
160 13.181198 -4.756076 5.250524 111.330554 19877.114838
160 9.764267 -4.093465 4.868128 330.895543 17087.246819
160 23.386496 -6.335106 8.004512 63.673157 46197.432764
160 12.234551 -4.582108 5.800724 267.862368 24261.207296
160 14.204474 -4.937236 5.404889 183.532277 21063.065370
160 19.471004 -5.780501 10.138922 19.715748 74119.363111
160 7.321507 -3.544635 2.258985 136.459690 3679.380770
160 18.696117 -5.664310 6.223005 20.907988 27922.121496
160 5.579648 -3.094387 4.266750 26.868347 13126.302100
160 19.528843 -5.789080 12.388531 76.838477 110659.242735
160 11.700089 -4.480906 8.415659 281.405935 51065.119264
160 17.360284 -5.458203 6.749652 98.320590 32848.145817
160 15.651623 -5.182639 4.496201 339.680643 14576.036029
161 18.964203 -5.704776 8.089356 53.954004 47181.962585
161 21.637688 -6.093639 5.501416 110.926480 21822.125200
161 16.927041 -5.389666 18.596955 149.916948 249362.850722
161 19.458385 -5.778627 8.173206 53.808705 48165.155939
161 23.627903 -6.367719 14.651886 67.806081 154787.239830
161 12.357426 -4.605060 13.467086 346.897067 130766.147632
161 20.714271 -5.962194 8.312833 163.426702 49824.872100
161 22.141028 -6.164107 8.443229 243.745012 51400.244128
161 10.336785 -4.211764 7.788386 310.721265 43736.397830
161 14.116025 -4.921840 11.192899 153.615064 90330.249732
161 26.671375 -6.765408 14.337377 3.898121 148213.398330
161 14.528277 -4.993193 3.035994 250.475404 6645.838428
161 8.200894 -3.751474 5.435884 29.596329 21305.335074
161 19.944873 -5.850418 4.261473 333.984531 13093.857717
161 33.199098 -7.548044 3.391073 333.091293 8291.294626
161 14.309837 -4.955513 5.926803 235.171821 25327.309961
161 18.061207 -5.567301 8.085994 358.036399 47142.749538
161 16.101137 -5.256535 3.980300 143.890545 11422.989846
162 14.872885 -5.052065 2.463498 335.605909 4375.748911
162 23.921267 -6.407128 8.038186 158.203590 46586.944058
162 15.184161 -5.104658 7.867745 203.097859 44632.230945
162 15.606057 -5.175090 8.887801 21.657761 56955.631161
162 27.289354 -6.843337 8.874106 189.408448 56780.244272
162 19.570643 -5.795272 6.593609 26.276163 31346.888837
162 23.961658 -6.412535 5.240521 285.563505 19801.451074
162 12.082059 -4.553463 14.162065 310.247481 144610.972412
162 21.336190 -6.051036 8.223529 240.291460 48760.087952
162 27.285672 -6.842875 5.686031 234.255218 23311.298804
162 27.128643 -6.823157 3.372219 228.151819 8199.354618
162 24.842338 -6.529314 6.300412 45.164030 28621.072921
162 16.427019 -5.309464 2.946766 138.338585 6260.936703
162 13.253614 -4.769122 13.014366 283.413121 122122.057632
162 6.048522 -3.221780 5.118770 336.024188 18892.060046
162 18.683300 -5.662368 31.868833 114.035613 732285.420264
162 7.080185 -3.485729 11.150712 358.764851 89650.619767
162 11.974717 -4.533190 3.225914 2.278185 7503.324729
163 8.591794 -3.839841 8.829357 296.169638 56209.048127
163 13.659445 -4.841588 8.513868 199.698242 52263.910525
163 9.373129 -4.010639 1.760889 82.419629 2235.693070
163 9.518228 -4.041563 12.125424 155.242234 106008.800743
163 15.101425 -5.090732 2.948866 22.230025 6269.865441
163 29.800584 -7.151278 7.113030 327.042882 36480.215774
163 30.916503 -7.283942 2.998727 294.886706 6483.684005
163 25.277886 -6.586302 14.009424 131.441149 141510.480989
163 14.420455 -4.974630 8.525077 303.931540 52401.617087
163 5.119718 -2.964110 2.703645 22.514727 5270.445522
163 24.133883 -6.435539 8.474974 271.957531 51787.483103
163 17.609731 -5.497277 4.264470 4.299945 13112.277950
163 14.161379 -4.929741 5.170906 224.746714 19278.857381
163 11.668906 -4.474931 7.303419 64.335317 38459.223305
163 26.647449 -6.762373 2.928034 310.972790 6181.590519
163 16.891200 -5.383957 17.390181 359.221581 218050.103938
163 9.388324 -4.013889 8.257157 203.893028 49159.694371
163 21.629872 -6.092538 3.390532 83.845847 8288.648361
163 18.355720 -5.612508 5.082549 125.606882 18625.640319
164 16.146048 -5.263861 10.970357 358.399261 86773.997656
164 23.591032 -6.362749 12.757858 103.960532 117355.546012
164 4.721809 -2.846594 9.169168 335.414150 60618.881518
164 12.840473 -4.694202 4.350092 356.577033 13644.102057
164 10.167120 -4.177056 7.296849 237.143312 38390.056303
164 34.471718 -7.691353 10.379869 42.554464 77684.037066
164 11.090766 -4.362667 5.353138 326.877954 20661.646381
164 18.538791 -5.640427 13.500788 294.906359 131421.475993
164 21.503406 -6.074701 6.684449 37.926802 32216.573206
164 5.823342 -3.161240 4.760948 298.293784 16343.117932
164 14.386288 -4.968733 7.216719 84.957815 37551.533418
164 13.962530 -4.895007 16.630851 267.101475 199423.824020
164 21.267069 -6.041226 9.099823 354.969786 59705.452160
164 22.440642 -6.205674 9.119238 127.138924 59960.487683
164 4.828853 -2.878679 7.270558 70.107239 38113.912488
164 9.913691 -4.124668 4.313155 315.286339 13413.379657
164 16.421738 -5.308610 6.927223 85.139677 34599.226465
164 19.067661 -5.720316 7.295592 353.404021 38376.831322
164 15.995015 -5.239184 1.457481 75.497582 1531.629940
165 26.076433 -6.689527 6.281912 288.265243 28453.247093
165 19.345531 -5.761846 4.580873 106.178350 15130.199933
165 20.355208 -5.910294 7.489614 353.318130 40445.191061
165 11.315932 -4.406730 3.735803 186.986466 10062.734571
165 21.599063 -6.088198 17.819646 121.177993 228952.947500
165 29.379607 -7.100587 10.674994 81.450676 82164.333103
165 13.704496 -4.849566 10.183204 4.165770 74768.212640
165 19.679166 -5.811318 15.886574 9.329434 181973.675416
165 23.645620 -6.370106 10.488326 175.583413 79315.934996
165 14.255240 -4.946051 17.870672 140.896789 230266.019593
165 10.568740 -4.258757 4.567344 63.036421 15040.960987
165 22.010971 -6.145976 22.352227 89.881922 360238.115644
165 9.399385 -4.016253 6.010810 55.813920 26050.377633
165 4.584873 -2.805013 8.683954 75.937927 54372.978607
165 10.661649 -4.277436 11.633131 263.535081 97575.624970
165 15.337596 -5.130385 4.832671 203.940953 16839.244208
165 10.602866 -4.265627 4.122540 91.614052 12253.997751
165 15.511591 -5.159403 6.929143 139.186617 34618.410767
165 19.669636 -5.809911 6.470508 229.094389 30187.342944
166 13.260333 -4.770331 11.052438 120.950711 88077.345668
166 17.361193 -5.458346 1.673082 340.643764 2018.284901
166 18.088565 -5.571516 8.305708 194.942504 49739.497896
166 12.126304 -4.561792 2.596714 266.333288 4861.792168
166 13.987101 -4.899313 6.307588 266.446428 28686.309387
166 15.336153 -5.130143 2.860935 126.492326 5901.523877
166 5.348514 -3.029618 12.882894 222.986801 119667.145722
166 17.952762 -5.550562 13.201298 97.862981 125655.457165
166 22.490581 -6.212575 22.782576 92.140115 374243.024191
166 11.136204 -4.371595 12.934222 65.943373 120622.610167
166 10.773659 -4.299846 4.845913 86.014109 16931.647999
166 17.056471 -5.410232 8.678215 166.034773 54301.127486
166 8.575504 -3.836199 4.168746 103.553342 12530.225381
166 20.311108 -5.903888 13.035529 253.287466 122519.542489
166 16.293118 -5.287780 14.022143 337.887481 141767.559784
166 7.597198 -3.610755 9.290909 61.696144 62239.265092
166 13.007461 -4.724627 7.458277 165.659385 40107.456706
166 10.378768 -4.220308 5.020584 217.985016 18174.251236
166 4.892881 -2.897701 7.608610 74.430919 41740.601934
166 24.042722 -6.423373 5.370344 105.808494 20794.684090
167 16.685680 -5.351102 12.356200 148.859765 110082.414199
167 17.837572 -5.532726 1.949439 135.422564 2740.105031
167 8.946259 -3.918249 8.452100 60.878516 51508.317050
167 9.867328 -4.115012 5.800158 52.487643 24256.472863
167 28.737294 -7.022540 14.084783 78.091492 143036.996688
167 17.944168 -5.549233 5.523933 258.588527 22001.122612
167 5.409382 -3.046808 8.540610 180.183056 52592.741946
167 22.218905 -6.174938 4.068569 142.618299 11935.248573
167 15.314262 -5.126481 21.067056 307.425599 320004.283637
167 5.389859 -3.041305 9.779698 99.497284 68960.267833
167 10.915941 -4.328146 8.387173 266.474339 50720.002107
167 1.867458 -1.790180 10.273517 267.169048 76100.291790
167 16.635793 -5.343097 2.616526 207.919083 4936.263409
167 6.454111 -3.328047 7.021460 232.106943 35546.992632
167 15.267790 -5.118697 15.117581 164.112475 164783.108873
167 14.770175 -5.034590 7.161374 110.064675 36977.774230
167 22.763659 -6.250177 2.710310 310.719642 5296.463457
167 14.398351 -4.970816 9.721193 321.919870 68137.659627
167 15.821981 -5.210768 10.755562 296.109739 83409.265569
167 15.367092 -5.135316 3.528966 328.382224 8979.312450
168 15.639383 -5.180612 4.587675 103.457176 15175.162139
168 17.635589 -5.501312 4.224845 331.400080 12869.736648
168 4.219366 -2.690883 5.016468 60.902996 18144.461765
168 18.319507 -5.606969 7.791429 348.357829 43770.584596
168 16.612046 -5.339282 8.752334 265.973882 55232.640679
168 18.249568 -5.596256 3.534245 113.010379 9006.196846
168 20.458748 -5.925306 4.542981 115.986105 14880.923001
168 16.162512 -5.266544 7.616975 248.065546 41832.431785
168 17.022650 -5.404865 8.039926 128.682611 46607.107711
168 -0.546357 -0.968299 6.938661 297.888176 34713.583615
168 1.923210 -1.816706 7.141079 59.139411 36768.485716
168 14.253543 -4.945756 12.417643 283.900842 111179.925993
168 11.252155 -4.394294 6.362742 227.420097 29190.176385
168 8.530340 -3.826084 6.370636 26.419500 29262.647022
168 21.918378 -6.133036 9.208302 114.675780 61137.430375
168 17.209658 -5.434473 9.592663 150.703900 66347.794647
168 17.040897 -5.407761 6.127870 321.569905 27074.918362
168 17.554642 -5.488672 7.935011 151.226170 45398.666633
168 17.662554 -5.505516 5.835877 126.089813 24556.153467
168 10.763736 -4.297865 2.369666 280.867395 4048.762890
169 13.125859 -4.746081 11.064978 186.876382 88277.334074
169 16.830699 -5.374306 5.098915 30.228295 18745.786030
169 15.201617 -5.107592 11.344870 4.795884 92799.815261
169 19.075073 -5.721428 4.527743 244.520005 14781.265061
169 11.686571 -4.478317 13.658741 174.094802 134514.596037
169 14.604568 -5.006286 6.970229 344.468224 35030.164869
169 16.169919 -5.267751 4.529077 350.749909 14789.974503
169 15.332472 -5.129528 8.689259 335.192780 54439.434690
169 18.776836 -5.676524 7.102770 153.142212 36375.049617
169 17.722928 -5.514918 5.260007 44.558959 19948.978762
169 16.163495 -5.266704 4.190139 169.257079 12659.158828
169 15.013780 -5.075938 4.463444 208.590923 14364.422640
169 18.779545 -5.676934 9.179688 312.406368 60758.056082
169 16.337632 -5.294999 8.069296 113.637467 46948.249939
169 28.191220 -6.955498 4.499216 336.954376 14595.591805
169 20.026694 -5.862406 11.576675 294.159646 96630.843417
169 22.613370 -6.229511 7.292514 325.425228 38344.457899
169 12.797015 -4.686252 14.201983 269.962994 145427.333466
169 10.877055 -4.320430 5.899326 204.435680 25093.019808
169 22.651832 -6.234806 8.173714 271.776682 48171.147437
170 13.135450 -4.747815 6.813729 92.709257 33474.784615
170 14.756133 -5.032196 4.774449 88.384159 16435.941749
170 21.454837 -6.067837 4.443947 289.746568 14239.207405
170 10.824175 -4.309915 7.206420 296.887434 37444.432936
170 28.817520 -7.032336 14.819587 230.912095 158350.802438
170 19.603934 -5.800199 4.278538 292.626944 13198.931112
170 15.344654 -5.131565 3.153808 236.707602 7171.639605
170 16.333374 -5.294309 2.338832 72.522041 3944.084290
170 18.082904 -5.570644 3.909979 123.571974 11022.924044
170 28.853506 -7.036725 4.859503 87.411846 17026.747562
170 14.358245 -4.963888 4.294395 268.185708 13296.953539
170 0.981204 -1.297630 24.260645 92.636744 424377.909823
170 26.707405 -6.769976 4.327302 82.290754 13501.514948
170 10.842295 -4.313521 6.183762 122.832134 27571.070882
170 25.863168 -6.662115 2.525134 73.205159 4597.448747
170 16.126282 -5.260638 19.171714 88.857980 265014.689801
170 11.283008 -4.400315 6.013760 225.050843 26075.961359
170 14.677274 -5.018732 7.802418 302.096705 43894.130119
170 18.342976 -5.610560 9.459778 199.207843 64522.317996
170 25.250367 -6.582716 2.121836 250.538806 3246.172243
170 25.170517 -6.572300 5.741367 332.003765 23767.240689
171 17.716547 -5.513925 2.581605 21.832426 4805.379571
171 -1.198637 -1.434218 6.433387 250.633356 29841.966551
171 12.749888 -4.677615 40.724304 123.811217 1195791.374381
171 19.963397 -5.853135 2.727133 345.798670 5362.418471
171 9.826332 -4.106454 5.663689 174.892779 23128.470951
171 16.020192 -5.243305 5.346849 106.536351 20613.131905
171 10.112859 -4.165895 4.218427 232.481636 12830.662441
171 14.145385 -4.926956 11.353198 94.864055 92936.105613
171 27.047607 -6.812958 9.488264 162.854657 64911.494055
171 15.153718 -5.099539 7.414531 257.216448 39638.341446
171 16.197739 -5.272280 4.551379 332.301895 14935.989894
171 16.058644 -5.249594 9.029383 197.366496 58784.688594
171 10.720716 -4.289268 5.504471 180.050524 21846.370286
171 22.167921 -6.167850 8.663824 206.070482 54121.181258
171 11.635728 -4.468565 8.190343 72.113924 48367.342386
171 7.729235 -3.641997 5.088016 157.515425 18665.729256
171 8.658341 -3.854683 4.593644 250.920703 15214.677596
171 7.883582 -3.678181 7.917024 43.648033 45193.082874
171 13.273873 -4.772766 11.016600 325.194108 87507.095403
171 9.014861 -3.933243 1.982684 302.000839 2834.359681
171 17.810915 -5.528590 11.992434 122.638039 103696.180729
172 21.160337 -6.026048 15.307333 148.041218 168945.693865
172 7.346730 -3.550736 2.156964 18.204400 3354.546228
172 15.594837 -5.173229 11.483993 83.927318 95089.789142
172 16.559615 -5.330849 8.622526 18.669058 53606.450622
172 10.742139 -4.293552 9.077921 271.154468 59418.387305
172 18.209630 -5.590129 4.752556 45.777865 16285.551764
172 20.554165 -5.939108 8.624698 58.422244 53633.466145
172 23.627375 -6.367648 3.986532 180.403415 11458.784842
172 18.182849 -5.586017 6.243030 36.723393 28102.111597
172 19.068111 -5.720383 8.671611 201.089989 54218.523585
172 0.186725 -0.566073 6.623129 266.204000 31628.203598
172 10.595951 -4.264236 16.142224 267.204536 187877.511750
172 13.793171 -4.865230 4.335131 10.133520 13550.411270
172 7.071482 -3.483586 10.702056 348.962938 82581.452126
172 15.159526 -5.100516 4.169914 10.478070 12537.247446
172 15.317468 -5.127017 6.191075 295.179463 27636.315920
172 9.139782 -3.960401 5.894521 29.398867 25052.152789
172 10.015633 -4.145821 8.151968 263.242725 47915.162785
172 20.952499 -5.996381 2.979969 96.345096 6402.826134
172 18.288041 -5.602152 4.380144 122.340429 13833.268883
172 13.246359 -4.767817 7.138223 18.199833 36739.081543
173 19.173346 -5.736147 14.219188 73.386190 145779.912467
173 17.566880 -5.490585 10.587562 141.281321 80823.941593
173 24.926787 -6.540402 6.556160 21.829787 30991.827565
173 11.244083 -4.392718 3.121908 176.880022 7027.296738
173 13.032192 -4.729117 24.681348 346.143717 439223.761132
173 15.556561 -5.166877 4.605285 316.807667 15291.885445
173 3.251087 -2.362031 4.841888 96.863087 16903.534093
173 12.616411 -4.653066 5.465239 329.704445 21536.069194
173 8.002517 -3.705822 1.256940 12.159862 1139.140792
173 12.113519 -4.559387 8.256162 12.561996 49147.848092
173 23.357282 -6.331148 13.364076 1.104578 128773.345566
173 10.966240 -4.338106 8.139194 285.681569 47765.116268
173 9.305390 -3.996121 4.037710 242.168678 11754.884493
173 26.505876 -6.744385 5.558492 98.341627 22277.269881
173 -2.788117 -2.187393 2.409551 355.232495 4186.202842
173 18.082563 -5.570591 6.642476 32.544580 31813.248331
173 28.023351 -6.934758 4.416533 298.557338 14064.072179
173 14.118818 -4.922327 6.556303 114.908507 30993.174245
173 20.197394 -5.887338 8.368947 90.207728 50499.807286
173 14.395380 -4.970303 12.570723 345.654250 113937.992903
173 15.390636 -5.139248 5.594013 346.471064 22562.907306
174 8.242169 -3.760902 6.890148 55.519382 34229.860810
174 5.904352 -3.183152 7.091436 206.503923 36259.054376
174 19.172930 -5.736085 2.903136 298.757021 6076.909813
174 22.377432 -6.196928 5.754051 67.303289 23872.369373
174 12.498742 -4.631316 11.166966 121.060725 89912.173905
174 9.501692 -4.038051 7.206565 340.772174 37445.931948
174 6.960516 -3.456146 8.052257 276.432334 46750.183191
174 14.864456 -5.050633 7.738153 359.526515 43174.044305
174 11.153594 -4.375007 9.668135 240.655671 67395.899300
174 18.618285 -5.652507 12.120981 257.058660 105931.137903
174 10.834935 -4.312057 5.806658 285.779066 24310.869873
174 28.825932 -7.033362 3.008551 11.797394 6526.238978
174 9.408057 -4.018105 6.860083 327.078221 33931.795031
174 19.584189 -5.797278 4.826577 186.138281 16796.801258
174 15.748091 -5.198586 8.083200 115.665126 47110.179151
174 9.372805 -4.010570 12.888004 77.783812 119762.096468
174 5.628366 -3.107867 11.377039 310.410506 93326.838168
174 16.984374 -5.398785 2.243302 214.719678 3628.470235
174 8.782709 -3.882268 3.313509 271.210727 7916.337927
174 12.664799 -4.661980 6.146363 291.465289 27238.579241
174 13.954100 -4.893530 6.303818 24.392829 28652.033954
175 6.193173 -3.260077 21.754440 238.290492 341227.401253
175 18.072042 -5.568970 3.033616 346.101980 6635.435179
175 5.283916 -3.011267 4.385835 321.973141 13869.241481
175 13.965893 -4.895597 8.849918 41.561064 56471.145109
175 3.541085 -2.465128 5.693148 10.132900 23369.695663
175 21.167172 -6.027021 3.919758 24.027657 11078.131185
175 18.124797 -5.577093 7.857593 102.249084 44517.128188
175 7.851849 -3.670771 2.132030 15.639674 3277.438407
175 14.657702 -5.015385 4.198500 301.911533 12709.732545
175 15.607802 -5.175379 4.568801 180.473064 15050.558744
175 12.461864 -4.624479 3.464611 33.614666 8654.798330
175 20.966214 -5.998343 2.892368 151.470588 6031.914392
175 13.077788 -4.737382 6.898797 205.040568 34315.851073
175 4.536079 -2.790048 3.513499 294.160349 8900.771351
175 17.199505 -5.432870 6.596805 132.437318 31377.289361
175 18.554673 -5.642843 7.268614 86.094462 38093.532865
175 15.825628 -5.211368 3.314359 41.285952 7920.403147
175 16.398512 -5.304855 5.369822 69.380994 20790.640227
175 19.704395 -5.815042 10.867702 72.931291 85157.626652
175 20.120923 -5.876182 17.278448 215.939727 215257.130266
175 10.169290 -4.177502 6.213950 272.528802 27840.920963
176 16.420008 -5.308331 2.960057 153.065769 6317.544572
176 19.595969 -5.799021 7.658158 144.764208 42286.015380
176 9.014171 -3.933093 9.289023 194.999526 62214.003918
176 10.047597 -4.152431 1.542122 22.019735 1714.690402
176 6.311883 -3.291173 26.313874 40.009354 499249.513520
176 17.763639 -5.521248 4.338754 87.453794 13573.073220
176 12.124835 -4.561516 5.760007 301.429786 23921.816249
176 15.239159 -5.113895 8.631512 175.464842 53718.241737
176 4.327059 -2.725008 5.494661 135.598834 21768.566801
176 14.820656 -5.043186 3.254469 244.162187 7636.746420
176 7.075203 -3.484502 11.850048 62.322625 101248.424552
176 12.006387 -4.539181 4.289582 261.586778 13267.159363
176 23.771156 -6.386993 13.980158 319.489664 140919.869971
176 14.966104 -5.067872 9.614169 155.751828 66645.618547
176 24.774817 -6.520434 13.718772 278.055592 135699.594378
176 19.410329 -5.771487 3.381923 128.180691 8246.608917
176 12.993936 -4.722171 8.845121 325.303219 56409.932693
176 19.842409 -5.835371 4.190176 353.549738 12659.386431
176 5.033259 -2.938975 6.639074 274.131189 31780.668449
176 8.161684 -3.742495 6.389228 51.211635 29433.700253
176 10.969157 -4.338683 4.230501 230.496167 12904.216814
177 -1.111561 -1.381141 2.186666 300.405469 3447.568059
177 4.981190 -2.923734 9.300742 124.128505 62371.083454
177 9.129645 -3.958205 7.825251 40.363469 44151.410816
177 13.797325 -4.865962 12.565350 42.642429 113840.619563
177 9.474684 -4.032308 8.706558 66.072703 54656.406470
177 13.770284 -4.861192 12.617610 339.989496 114789.537407
177 9.078417 -3.947084 8.853578 176.034268 56517.857354
177 7.082126 -3.486207 8.953454 357.734288 57800.191362
177 22.546260 -6.220260 2.764352 359.538523 5509.785475
177 21.240888 -6.037507 7.645171 310.395382 42142.708401
177 7.706638 -3.636669 4.634539 119.699436 15486.780858
177 18.572265 -5.645517 12.461089 213.946651 111959.266762
177 1.493216 -1.600783 8.082697 52.483007 47104.312744
177 10.166786 -4.176987 8.967868 247.237290 57986.451373
177 10.471793 -4.239180 4.982731 256.325001 17901.234296
177 23.352635 -6.330518 4.857609 334.496336 17013.481620
177 24.653083 -6.504395 7.762628 25.122789 43447.585591
177 15.280629 -5.120848 7.260513 64.449402 38008.667103
177 15.891482 -5.222200 4.237081 40.718513 12944.392118
177 7.197566 -3.514505 16.667398 148.697383 200301.262828
177 18.559720 -5.643610 12.625650 75.613478 114935.862465
178 6.687010 -3.387562 2.787971 291.876084 5604.342934
178 14.358450 -4.963924 15.788832 229.539227 179741.385100
178 9.938989 -4.129927 8.467085 79.972594 51691.118324
178 3.442829 -2.430687 6.256817 192.060644 28226.365177
178 19.576252 -5.796103 4.381270 326.791775 13840.380835
178 12.684463 -4.665598 3.568076 282.038598 9179.440507
178 4.308286 -2.719090 7.945638 267.640178 45520.349638
178 -0.297293 -0.714272 5.697849 63.634720 23408.304710
178 7.524069 -3.593335 3.473054 290.785208 8697.034660
178 17.549001 -5.487790 9.564331 304.312768 65956.446856
178 15.061639 -5.084022 12.468771 120.093338 112097.364197
178 11.478605 -4.438292 5.656685 236.044236 23071.303555
178 18.627749 -5.653944 4.818463 123.956466 16740.371225
178 20.593084 -5.944728 3.763893 340.054380 10214.630239
178 15.051224 -5.082264 8.987845 104.083067 58245.082552
178 8.930723 -3.914845 3.985634 89.125544 11453.626207
178 16.994998 -5.400474 7.429972 138.419190 39803.608805
178 13.071052 -4.736162 2.756448 144.349402 5478.322758
178 12.326398 -4.599275 3.488228 273.967931 8773.197398
178 10.359872 -4.216465 5.491893 328.023648 21746.645852
178 14.294638 -4.952881 15.546512 269.680030 174266.537741
179 12.118704 -4.560363 2.523929 5.024082 4593.062438
179 15.892053 -5.222294 7.642545 335.158770 42113.763780
179 9.510401 -4.039901 5.940713 155.127823 25446.334052
179 0.331878 -0.754676 2.138445 337.185457 3297.191609
179 13.672979 -4.843986 9.440730 6.016444 64262.743675
179 14.523575 -4.992385 6.134287 294.703578 27131.656381
179 1.737828 -1.726930 3.537984 108.530228 9025.264078
179 16.412153 -5.307061 4.783590 311.394326 16498.938989
179 6.122611 -3.241452 13.317088 160.090671 127869.392388
179 24.885736 -6.535014 9.437905 100.690388 64224.285846
179 4.687117 -2.836117 8.215765 227.312783 48668.066568
179 14.791438 -5.038213 8.085847 52.783692 47141.035781
179 19.905517 -5.844644 4.998164 189.686305 18012.296582
179 11.269815 -4.397741 5.781780 330.796164 24103.002166
179 20.189412 -5.886175 6.776236 66.940299 33107.404199
179 7.077505 -3.485069 7.187752 52.800074 37250.678833
179 6.528847 -3.347261 13.781475 45.393768 136942.889500
179 6.241958 -3.272892 3.056233 63.970504 6734.741244
179 15.682438 -5.187739 9.598934 161.545958 66434.564539
179 10.826530 -4.310384 2.720942 119.674205 5338.100819
179 3.518078 -2.457107 8.427638 112.660933 51210.600377
180 9.849823 -4.111360 5.244096 334.260486 19828.479163
180 6.260964 -3.277871 3.622244 45.546168 9460.268363
180 19.731530 -5.819044 4.272505 130.196281 13161.736059
180 7.897030 -3.681317 9.401388 160.960708 63728.258756
180 10.887505 -4.322505 3.755036 124.109636 10166.614970
180 15.018568 -5.076747 2.598472 7.615338 4868.378244
180 17.402237 -5.464795 3.552311 190.937685 9098.503379
180 6.678614 -3.385435 5.797800 132.488726 24236.757342
180 10.952684 -4.335424 9.234808 52.428001 61489.901551
180 2.226482 -1.954704 9.248187 106.861233 61668.195241
180 14.964143 -5.067540 4.242513 302.671850 12977.604534
180 7.181025 -3.510464 4.675614 73.228613 15762.507910
180 16.893699 -5.384355 6.782329 160.554328 33166.966860
180 10.324931 -4.209348 5.278850 60.361086 20092.162638
180 15.931439 -5.228761 13.069696 246.634978 123162.648641
180 9.383124 -4.012777 12.785650 231.806669 117867.391392
180 8.476359 -3.813958 6.403767 193.709230 29567.803322
180 9.627648 -4.064727 3.143936 20.036379 7126.813571
180 10.753637 -4.295849 12.530249 143.985220 113205.480266
180 16.218084 -5.275590 2.284001 67.566998 3761.323557
180 15.582576 -5.171195 5.526798 342.468815 22023.955633
181 10.177038 -4.179093 21.186183 237.607420 323633.541060
181 5.420549 -3.049952 3.398896 242.659625 8329.594281
181 16.164112 -5.266805 4.021168 263.812027 11658.761493
181 5.773181 -3.147595 3.939625 336.994618 11190.717627
181 13.015455 -4.726079 7.674198 279.434381 42463.326912
181 1.225055 -1.449937 5.840456 313.197969 24594.704464
181 17.209871 -5.434506 2.766730 140.997479 5519.270722
181 9.633612 -4.065986 6.175524 176.410638 27497.658065
181 19.577497 -5.796287 3.174092 243.841698 7264.188047
181 10.410661 -4.226788 5.834375 13.683937 24543.511521
181 20.465493 -5.926283 8.487722 292.102245 51943.397410
181 22.221580 -6.175310 19.497341 202.660018 274093.576943
181 8.009429 -3.707422 17.324759 119.312736 216412.567891
181 16.363029 -5.299113 17.087282 170.744333 210520.320339
181 15.372527 -5.136224 3.045856 75.484739 6689.088096
181 15.485165 -5.155006 13.916509 250.249181 139639.626154
181 16.845848 -5.376724 5.511998 155.368063 21906.154364
181 13.099157 -4.741251 3.473431 132.874656 8698.921369
181 15.483841 -5.154786 7.159361 307.394840 36956.993353
181 9.281902 -3.991074 8.701707 353.353028 54595.517912
181 9.269979 -3.988510 12.126783 353.607031 106032.577740
182 6.581987 -3.360855 13.520198 316.725980 131799.622121
182 9.394916 -4.015298 12.795960 346.526878 118057.557489
182 11.421902 -4.427316 7.537561 50.243248 40964.694866
182 14.105548 -4.920013 5.175226 141.498892 19311.086631
182 9.921185 -4.126227 6.134761 274.261211 27135.848517
182 11.708688 -4.482553 5.403065 113.510304 21048.851966
182 -1.133233 -1.394540 7.384569 261.048168 39318.628480
182 14.065877 -4.913090 5.246435 231.949492 19846.167818
182 12.809879 -4.688607 13.929528 233.526805 139901.026296
182 18.968179 -5.705374 3.106393 157.868563 6957.621302
182 11.413905 -4.425766 11.416054 359.908235 93968.030475
182 15.701827 -5.190945 8.958192 245.746049 57861.376945
182 5.623120 -3.106419 7.663671 329.109325 42346.919494
182 14.645141 -5.013235 8.039160 219.404486 46598.225778
182 7.167551 -3.507169 6.656690 71.652859 31949.546416
182 16.853010 -5.377867 11.431383 164.290259 94220.552412
182 13.735195 -4.854994 10.515389 357.110520 79725.777386
182 10.749240 -4.294970 8.606774 78.662718 53410.777565
182 14.449668 -4.979666 4.275095 70.068904 13177.701918
182 19.353050 -5.762965 6.362988 309.600970 29192.428491
182 12.960887 -4.716161 7.146258 41.967116 36821.840338
183 9.650285 -4.069503 4.436975 162.525742 14194.562854
183 9.908446 -4.123577 13.885133 326.344494 139010.687460
183 21.592953 -6.087337 5.447642 255.196619 21397.603466
183 15.653576 -5.182963 6.646462 230.426100 31851.439935
183 15.604195 -5.174781 7.532402 208.879129 40908.636621
183 8.645075 -3.851729 6.081621 149.553224 26667.774779
183 12.364453 -4.606369 2.929389 309.120901 6187.316237
183 9.280623 -3.990799 13.683841 53.293247 135009.439660
183 12.528375 -4.636803 15.124790 197.903363 164940.300070
183 12.734579 -4.674806 6.946973 152.220876 34796.803490
183 11.356914 -4.414703 8.649029 319.626868 53936.501201
183 15.496990 -5.156974 14.534720 59.286177 152321.578111
183 15.589962 -5.172420 10.384759 239.028856 77757.260561
183 10.831123 -4.311298 11.091045 117.526526 88693.752946
183 14.024665 -4.905887 6.360814 58.257731 29172.489517
183 8.946115 -3.918217 6.382897 98.515686 29375.397839
183 21.022055 -6.006326 6.774867 101.323877 33094.027928
183 10.779154 -4.300943 8.431142 235.720163 51253.189265
183 21.065550 -6.012536 5.926611 279.015996 25325.666678
183 6.808001 -3.418071 11.182548 95.066046 90163.259541
183 10.028425 -4.148467 5.171428 171.794183 19282.749284
183 -24.319248 6.460206 4.371877 189.885643 13781.103271
184 14.800393 -5.039738 8.639958 186.538965 53823.427555
184 9.953050 -4.132848 6.754009 49.481652 32890.567614
184 18.346924 -5.611164 11.899427 8.339763 102093.996522
184 5.080644 -2.952777 3.291859 149.611039 7813.227927
184 10.362462 -4.216992 9.808345 154.282707 69364.865626
184 8.538762 -3.827972 6.411986 241.166195 29643.757954
184 3.533532 -2.462498 10.933073 64.404271 86185.179499
184 20.332358 -5.906975 4.417903 167.666638 14072.795914
184 12.593393 -4.648819 4.650819 199.678445 15595.775290
184 9.502747 -4.038275 12.855187 39.378787 119152.974057
184 -1.150652 -1.405217 7.588413 174.794917 41519.294726
184 20.951535 -5.996243 4.824681 248.967825 16783.609287
184 21.682035 -6.099880 7.129347 356.092240 36647.772022
184 22.156328 -6.166237 3.641647 337.825703 9561.888402
184 17.340557 -5.455101 14.515684 233.104070 151922.837108
184 18.312670 -5.605923 5.776248 70.256936 24056.908174
184 7.292930 -3.537711 6.991804 298.054034 35247.360250
184 3.791944 -2.550952 5.893933 125.911835 25047.160178
184 10.107835 -4.164860 5.500092 346.408241 21811.624449
184 10.761701 -4.297459 6.469717 352.235433 30179.957810
184 5.469196 -3.063607 14.230786 284.713159 146017.813092
184 -25.841914 6.659378 4.040499 338.916290 11771.130482
185 15.695229 -5.189854 5.938719 118.730284 25429.253199
185 3.971903 -2.610782 6.419608 343.160238 29714.268870
185 8.313897 -3.777232 3.142002 280.418090 7118.050300
185 14.970692 -5.068649 6.510631 135.320981 30562.877621
185 20.012015 -5.860258 8.779429 71.480319 55575.150728
185 8.715085 -3.867293 6.324596 203.957500 28841.219646
185 27.205145 -6.832770 4.314249 287.843301 13420.185412
185 23.378800 -6.334063 4.132540 71.421154 12313.520541
185 7.552910 -3.600215 7.539512 156.171746 40985.908599
185 20.766794 -5.969748 6.420253 25.966534 29720.241689
185 13.488922 -4.811272 14.371373 107.301469 148917.110090
185 14.829644 -5.044715 5.865919 358.117359 24809.627455
185 17.352206 -5.456933 6.744077 76.109630 32793.904759
185 20.783667 -5.972173 3.221156 182.694927 7481.204088
185 10.741793 -4.293482 5.417338 327.482921 21160.208648
185 16.128148 -5.260942 4.394080 149.749714 13921.431734
185 9.623947 -4.063946 12.118020 55.605234 105879.379933
185 17.318385 -5.451613 16.354695 195.010713 192855.915514
185 5.611212 -3.103128 8.873230 2.977061 56769.037658
185 12.574468 -4.645325 6.722759 69.562003 32586.912332
185 20.856186 -5.982583 6.122851 54.424794 27030.581982
185 -15.649337 5.182261 14.516275 217.524790 151935.215715
186 15.579748 -5.170726 4.026587 305.677586 11690.206263
186 14.725543 -5.026978 4.311219 345.200824 13401.340676
186 18.110331 -5.574867 3.637811 187.313868 9541.758599
186 14.051619 -4.910599 12.626080 93.473557 114943.687329
186 19.880033 -5.840901 9.544686 238.593335 65685.787350
186 17.102978 -5.417603 9.209129 242.209808 61148.415563
186 19.448918 -5.777221 6.903240 69.542546 34360.065509
186 18.506452 -5.635506 5.764887 226.747891 23962.366986
186 9.594172 -4.057654 9.833054 111.268368 69714.790496
186 6.839300 -3.425919 6.028619 171.906465 26204.974169
186 19.633913 -5.804633 3.896635 64.013784 10947.819361
186 0.606061 -1.019834 6.926798 175.854014 34594.981837
186 14.848082 -5.047850 4.548191 342.797705 14915.076171
186 15.166689 -5.101721 3.902124 175.920339 10978.682594
186 18.549759 -5.642095 4.729899 357.050365 16130.648321
186 4.708865 -2.842689 12.012571 249.693320 104044.716004
186 7.040083 -3.475843 3.872138 138.505941 10810.598017
186 21.063090 -6.012185 20.255363 94.795210 295820.419800
186 20.662493 -5.954738 6.031411 174.919487 26229.252166
186 7.805275 -3.659868 8.288427 104.773952 49532.729520
186 22.232582 -6.176839 7.673830 78.028185 42459.257371
186 -23.131263 6.300441 9.655777 99.595739 67223.715301
187 16.294586 -5.288018 3.951094 213.080142 11255.963953
187 7.623042 -3.616891 8.660062 218.712912 54074.199257
187 16.536422 -5.327115 9.911831 60.390653 70836.299005
187 2.542595 -2.088862 3.132879 215.985175 7076.774650
187 14.950200 -5.065179 4.323259 125.508123 13476.294418
187 8.978607 -3.925326 6.353122 73.922754 29101.977485
187 10.280063 -4.200192 2.798863 211.925613 5648.215093
187 12.847373 -4.695463 6.432336 54.622686 29832.220173
187 21.174078 -6.028004 13.808772 323.017426 137485.903478
187 20.029785 -5.862859 6.772178 5.566136 33067.764129
187 3.072943 -2.296405 10.094026 53.081858 73464.400956
187 7.000652 -3.466096 6.582240 149.067904 31238.884226
187 13.148672 -4.750204 13.120791 93.820592 124127.537980
187 17.147686 -5.424679 1.945978 269.991656 2730.383910
187 14.679303 -5.019079 7.231900 195.773446 37709.688506
187 16.540087 -5.327705 5.408813 256.769111 21093.666608
187 2.463381 -2.056066 3.151581 182.399001 7161.518027
187 3.671643 -2.510161 6.224123 269.501582 27932.152664
187 -0.640977 -1.048800 13.348062 66.787306 128464.897790
187 6.367833 -3.305728 2.816914 215.328321 5721.305723
187 -26.952826 6.801011 8.302146 89.254078 49696.844481
188 14.264068 -4.947582 4.271885 176.480349 13157.917473
188 17.655817 -5.504466 2.897344 22.907818 6052.687060
188 8.175740 -3.745716 5.784588 91.229923 24126.424721
188 14.538175 -4.994894 13.567984 194.355631 132732.948115
188 0.384066 -0.811847 7.437637 242.794684 39885.778001
188 6.064845 -3.226125 8.738124 244.906252 55053.445730
188 5.912518 -3.185353 7.932404 345.848428 45368.849741
188 5.855096 -3.169847 6.645949 336.162626 31846.528511
188 18.823937 -5.683640 2.668731 225.765162 5135.202543
188 6.746512 -3.402600 2.439037 214.551296 4289.284573
188 13.033186 -4.729297 10.918088 110.317855 85949.077280
188 6.647167 -3.377455 11.537167 1.069205 95972.414390
188 17.093811 -5.416151 10.988078 7.161912 87054.568054
188 14.925054 -5.060917 6.650851 294.502915 31893.526615
188 9.595726 -4.057983 3.352926 26.941953 8105.804692
188 -9.921785 -4.126351 1.411141 25.726534 1435.783820
188 17.482761 -5.477423 10.112853 161.562592 73738.695666
188 7.234716 -3.523563 3.454738 214.912662 8605.544695
188 27.099010 -6.819429 4.308574 256.625447 13384.903766
188 17.281544 -5.445811 4.246912 299.136393 13004.528291
188 -16.740629 5.359906 2.715923 36.363455 5318.422567
188 -14.670093 5.017504 2.687290 89.646295 5206.873446
189 10.448191 -4.234400 3.640613 129.866477 9556.462539
189 19.076113 -5.721583 4.326232 43.432802 13494.839609
189 8.967147 -3.922821 10.615049 202.339979 81244.143829
189 14.116880 -4.921989 4.946290 33.820777 17640.352712
189 6.927779 -3.448008 7.525207 117.358575 40830.526252
189 21.179865 -6.028828 4.922662 231.771451 17472.220851
189 15.038068 -5.080042 4.739043 124.098457 16193.076828
189 10.883764 -4.321762 9.104161 179.509602 59762.382580
189 17.624232 -5.499540 8.584632 132.590844 53136.320274
189 16.592786 -5.336186 9.013425 334.278729 58577.092989
189 18.303781 -5.604562 6.236298 242.290362 28041.540080
189 16.124658 -5.260373 6.283291 32.659109 28465.732661
189 23.789919 -6.389513 6.259750 257.061478 28252.839963
189 12.945282 -4.713321 7.660591 114.908876 42312.884914
189 4.549890 -2.794292 9.817073 276.817209 69488.369660
189 12.546757 -4.640204 7.096515 80.345112 36311.008962
189 7.158531 -3.504961 7.396146 115.562529 39442.003610
189 15.174771 -5.103080 4.618732 13.493719 15381.320143
189 9.410892 -4.018710 13.655914 280.279641 134458.917802
189 9.772299 -4.095149 6.468685 328.237934 30170.331151
189 -23.122500 6.299248 5.694770 180.960155 23383.014343
189 -27.402318 6.857486 5.593362 72.928659 22557.656049
190 11.600285 -4.461754 3.388401 156.131970 8278.233160
190 5.341917 -3.027749 14.015685 159.364871 141636.996744
190 9.426165 -4.021970 9.076804 116.691971 59403.773174
190 9.208556 -3.975274 4.960065 120.669161 17738.742389
190 8.779583 -3.881577 3.931537 235.904754 11144.816097
190 14.175255 -4.932155 5.824454 160.499672 24460.116589
190 7.397453 -3.562972 6.431299 220.544011 29822.595686
190 15.947012 -5.231316 8.191049 301.784608 48375.687126
190 15.445791 -5.148448 17.528368 219.577377 221529.222811
190 21.111009 -6.019020 7.999077 49.011691 46134.711404
190 26.063640 -6.687886 5.624847 252.502646 22812.323999
190 13.103881 -4.742106 7.137934 146.373006 36736.101861
190 4.000907 -2.620297 15.392483 198.907725 170830.502746
190 18.093132 -5.572219 14.161267 49.051165 144594.663646
190 15.717692 -5.193566 8.200527 329.212063 48487.702714
190 15.866859 -5.218153 6.593677 33.742708 31347.535857
190 9.411313 -4.018800 3.359122 148.049920 8135.787824
190 10.031356 -4.149073 6.103499 227.442866 26859.989284
190 -0.041900 -0.268152 11.732418 294.107765 99248.313333
190 5.622593 -3.106273 9.021108 100.671743 58676.991151
190 -17.640210 5.502033 2.145917 258.823698 3320.274849
190 -18.111757 5.575086 10.511985 63.339788 79674.164953
191 14.193070 -4.935254 5.469850 98.074425 21572.425732
191 1.339313 -1.516046 21.042382 259.120913 319255.117834
191 17.540331 -5.486434 2.098753 331.330192 3175.927474
191 5.813574 -3.158587 6.422115 334.817770 29737.488169
191 10.684826 -4.282082 7.769607 41.358889 43525.746897
191 4.318926 -2.722446 16.637496 22.542417 199583.198086
191 17.533593 -5.485380 11.600334 111.010082 97026.211477
191 16.739880 -5.359786 12.377903 103.321490 110469.455912
191 13.002297 -4.723689 3.507535 285.214543 8870.582382
191 3.808485 -2.556510 11.448026 326.754680 94495.100846
191 18.583247 -5.647186 3.914867 279.010953 11050.502785
191 13.317029 -4.780518 12.690972 209.547713 116128.238867
191 6.899930 -3.441071 14.682841 99.853205 155441.967282
191 16.328948 -5.293591 2.202444 283.757905 3497.500814
191 10.244733 -4.192969 4.258414 317.301784 13075.064421
191 10.184557 -4.180636 9.904547 201.226107 70732.229803
191 10.760138 -4.297147 10.722686 315.659424 82900.137692
191 13.532993 -4.819125 9.722273 310.037240 68152.799099
191 13.622515 -4.835039 13.489017 161.622804 131192.395436
191 -15.686694 5.188443 12.949102 50.581684 120900.295733
191 -21.030939 6.007595 2.598054 64.866476 4866.809969
192 11.553345 -4.452718 9.322225 110.935315 62659.546601
192 4.672675 -2.831745 6.695328 84.205100 32321.525472
192 14.631015 -5.010817 6.261145 145.882981 28265.431782
192 19.102819 -5.725587 19.297082 282.311180 268491.991174
192 1.942438 -1.825765 6.758485 27.281641 32934.177088
192 18.059237 -5.566997 5.558837 22.683923 22280.042244
192 4.912445 -2.903489 4.778385 217.973180 16463.053380
192 10.663124 -4.277732 8.769984 37.260830 55455.636384
192 10.708050 -4.286734 10.309129 198.340050 76628.795614
192 16.764244 -5.363685 10.130130 345.964155 73990.869168
192 5.300612 -3.016021 4.525041 105.629467 14763.627748
192 6.379183 -3.308673 8.140501 104.295673 47780.459659
192 16.425891 -5.309282 9.964135 123.255813 71585.861012
192 7.318008 -3.543788 6.898720 340.756918 34315.091354
192 5.185508 -2.983094 4.987632 102.725581 17936.465581
192 6.527748 -3.346979 4.562399 109.900963 15008.404735
192 15.259266 -5.117268 19.799371 30.595974 282651.211272
192 8.730842 -3.870788 7.631969 125.559509 41997.285400
192 4.105098 -2.654197 14.363015 104.723685 148743.951263
192 -17.590563 5.494285 4.801234 76.336299 16620.871740
192 -26.070502 6.688766 13.655352 267.322722 134447.862060
192 -23.203546 6.310278 7.246701 103.538214 37864.202862
193 7.134912 -3.499175 11.973931 151.705876 103376.447986
193 15.168454 -5.102018 5.349954 129.915986 20637.076765
193 14.508074 -4.989720 3.489460 250.256566 8779.395526
193 15.647921 -5.182026 6.071500 215.963468 26579.086851
193 16.115585 -5.258893 4.291601 224.586432 13279.655220
193 9.065662 -3.944310 6.880812 173.055536 34137.162293
193 11.755524 -4.491509 9.165640 140.547790 60572.243569
193 16.640992 -5.343932 1.932985 222.638624 2694.046895
193 15.779230 -5.203723 9.913275 252.650113 70856.938817
193 16.735850 -5.359141 5.587524 214.600215 22510.591754
193 5.743513 -3.139497 2.920598 302.867152 6150.233526
193 7.853142 -3.671073 5.358341 221.224773 20701.829210
193 6.973407 -3.459344 7.172173 266.459646 37089.383676
193 13.445244 -4.803476 7.613673 131.391380 41796.175534
193 19.891994 -5.842658 7.938274 322.861140 45436.013152
193 8.947755 -3.918577 3.034760 258.353452 6640.438644
193 12.264650 -4.587741 12.643365 309.683739 115258.626300
193 5.340033 -3.027215 3.253627 130.908445 7632.795958
193 16.449604 -5.313113 4.873883 19.618330 17127.666028
193 -34.537348 7.698672 1.845635 41.239457 2456.064248
193 -27.335987 6.849182 11.158529 202.290913 89776.353390
193 -14.200104 4.936476 5.736736 16.792112 23728.906794
194 9.848059 -4.110992 3.356759 266.643931 8124.346449
194 15.011565 -5.075564 8.761683 301.044372 55350.708231
194 -3.366820 -2.403705 7.773792 152.933856 43572.639960
194 14.841513 -5.046734 4.714230 148.973569 16023.947625
194 11.781266 -4.496424 4.858828 211.979791 17022.017674
194 16.308345 -5.290251 2.655031 99.475510 5082.614134
194 11.380243 -4.419235 5.559880 224.332665 22288.397999
194 23.096256 -6.295672 19.572609 76.497284 276213.891997
194 15.226084 -5.111701 11.571515 182.414917 96544.717156
194 15.005029 -5.074459 11.341840 221.759241 92750.252701
194 12.272564 -4.589221 4.497752 2.349168 14586.097213
194 12.023572 -4.542428 14.644875 34.828714 154639.136797
194 0.028179 -0.219904 6.599562 81.989983 31403.518502
194 6.993999 -3.464448 7.608690 99.619942 41741.483361
194 7.062295 -3.481322 10.553613 262.059762 80306.446884
194 12.858664 -4.697526 5.368749 91.668758 20782.331923
194 6.635308 -3.374441 14.985378 32.096320 161913.663596
194 11.454455 -4.433620 10.919018 193.156325 85963.722712
194 -28.022739 6.934683 5.698059 247.755649 23410.026396
194 -25.363301 6.597421 4.529730 351.478295 14794.239222
194 -12.742109 4.676188 3.812411 226.014862 10479.668662
195 14.010199 -4.903356 2.899850 156.447911 6063.162073
195 19.106003 -5.726064 5.072823 129.791970 18554.423531
195 7.507826 -3.589454 5.897159 0.188318 25074.584835
195 4.961388 -2.917917 9.328955 269.342256 62750.053054
195 13.592206 -4.829657 9.269932 291.048465 61958.536517
195 7.659945 -3.625635 2.787079 337.400448 5600.757253
195 6.676773 -3.384968 10.574492 204.850141 80624.512091
195 5.566122 -3.090635 5.013780 262.171665 18125.025247
195 7.690640 -3.632892 5.094621 199.742831 18714.222913
195 10.835226 -4.312114 7.200663 86.664559 37384.630822
195 11.449437 -4.432649 10.738995 148.568633 83152.505335
195 -0.982136 -1.298246 7.183167 241.457221 37203.169732
195 13.701612 -4.849055 4.265224 151.393049 13116.915985
195 14.523907 -4.992442 5.241002 49.256749 19805.083320
195 11.888029 -4.516752 19.963224 155.750959 287348.837605
195 6.067529 -3.226838 10.521060 99.869201 79811.788715
195 12.494010 -4.630439 2.226655 143.653055 3574.817602
195 11.444690 -4.431730 6.053790 287.541899 26424.259425
195 -22.572517 6.223881 16.178638 331.243099 188726.099759
195 -18.677848 5.661542 5.861503 16.420559 24772.280728
195 -26.196208 6.704872 10.166658 202.577380 74525.437821
195 -25.566697 6.623821 4.652129 60.424412 15604.560730
196 4.388792 -2.744377 3.576712 178.520170 9223.930411
196 22.249263 -6.179155 6.653394 280.951856 31917.923009
196 10.082240 -4.159583 4.023604 235.796665 11672.893836
196 -3.499673 -2.450671 7.451090 200.912391 40030.194315
196 14.671321 -5.017714 7.253170 47.031745 37931.826743
196 9.367347 -4.009402 4.147142 38.841010 12400.691856
196 17.924048 -5.546121 5.202608 331.447417 19515.977551
196 11.821636 -4.504121 9.303109 85.575896 62402.831392
196 9.490371 -4.035644 3.872431 93.294696 10812.235705
196 8.381755 -3.792615 4.174385 344.497379 12564.149749
196 2.670530 -2.140770 11.285092 276.604173 91824.437607
196 6.926709 -3.447742 12.233434 127.148230 107905.813683
196 4.392690 -2.745596 13.833645 238.741964 137981.653036
196 12.238884 -4.582919 7.808238 275.991521 43959.641649
196 14.275978 -4.949647 7.336004 110.189118 38803.170392
196 21.164753 -6.026677 5.538821 46.770782 22119.875791
196 5.584332 -3.095686 5.292348 146.074808 20195.045650
196 10.507220 -4.246344 7.053239 41.388025 35869.497707
196 -10.293980 4.203035 6.549539 135.603835 30929.263522
196 -27.668531 6.890716 6.062541 48.888973 26500.710542
196 -18.076277 5.569623 7.639626 354.763212 42081.601658
196 -15.390910 5.139294 28.092827 2.714823 569034.983637
197 16.692594 -5.352211 7.432925 20.929550 39835.255337
197 9.650820 -4.069616 4.336479 314.788320 13558.841395
197 13.781526 -4.863176 1.176708 316.801911 998.355770
197 15.306207 -5.125132 17.919304 65.573778 231520.979381
197 10.634992 -4.272085 12.960537 22.815802 121113.928249
197 9.206739 -3.974882 2.724277 249.908258 5351.192277
197 18.069691 -5.568608 7.367314 317.490099 39135.097071
197 10.209391 -4.185730 4.423830 131.602109 14110.581772
197 8.340583 -3.783289 6.567099 26.829355 31095.330895
197 13.072325 -4.736393 5.696231 271.303666 23395.008429
197 12.825859 -4.691530 3.509959 101.259493 8882.844590
197 11.492801 -4.441035 6.192765 46.378249 27651.405781
197 4.856868 -2.887018 6.240996 101.459107 28083.796708
197 25.130577 -6.567083 3.506030 144.440424 8862.971698
197 4.422401 -2.754865 8.374314 13.695114 50564.594007
197 9.894097 -4.120590 10.197348 274.239632 74976.053988
197 14.518965 -4.991593 14.221192 295.441243 145820.993024
197 -15.413503 5.143064 6.283340 20.936473 28466.183561
197 -27.015250 6.808882 37.060291 41.275986 990297.579170
197 -29.689457 7.137932 8.392087 119.276121 50779.449946
197 -27.877246 6.916657 10.733598 185.159903 83068.950360
198 6.937465 -3.450418 25.163192 189.065346 456540.729941
198 -1.434214 -1.568839 4.017082 19.638382 11635.083285
198 13.053882 -4.733051 11.533493 215.550651 95911.295134
198 9.735896 -4.087514 7.366682 358.625168 39128.380264
198 6.657576 -3.380098 5.118597 211.595475 18890.779007
198 5.114166 -2.962502 5.359802 14.246320 20713.121882
198 8.139207 -3.737338 8.176129 36.793340 48199.610264
198 12.272299 -4.589171 5.991619 64.568683 25884.303124
198 14.438838 -4.977800 2.392946 151.144162 4128.704037
198 2.979460 -2.261206 14.385426 157.744652 149208.480764
198 16.868512 -5.380340 7.359443 118.192034 39051.524984
198 -0.766840 -1.147159 8.217878 120.391334 48693.103621
198 5.546389 -3.085151 8.803701 104.615801 55882.860306
198 15.014228 -5.076014 11.813438 233.324646 100623.798960
198 13.941258 -4.891277 17.661616 179.638562 224910.093900
198 5.137886 -2.969365 4.722990 156.421133 16083.558718
198 11.538603 -4.449876 7.479544 207.179408 40336.504802
198 -16.477838 5.317670 3.471676 330.751359 8690.134221
198 -22.662786 6.236314 3.680891 238.951353 9769.086575
198 -17.200672 5.433054 5.251057 96.041013 19881.155347
198 -5.121498 2.964625 3.349912 9.091999 8091.237202
198 -19.499134 5.784675 16.500228 76.270183 196303.471249
199 13.186810 -4.757088 18.021471 318.688481 234168.541089
199 8.244146 -3.761353 4.729837 283.801071 16130.221469
199 10.398048 -4.224227 12.844199 27.422519 118949.358168
199 6.897684 -3.440511 12.120845 312.111532 105928.752031
199 8.889368 -3.905771 3.383716 143.050542 8255.357113
199 13.191829 -4.757993 3.571961 24.499229 9199.439572
199 24.270870 -6.453777 5.711167 215.727480 23517.856599
199 20.091340 -5.871861 5.383257 57.200281 20894.802650
199 4.843640 -2.883084 8.648486 113.777107 53929.729998
199 12.511364 -4.633654 18.994714 106.067726 260143.860880
199 6.943815 -3.451997 3.750900 139.049585 10144.226741
199 18.270417 -5.599452 4.210615 94.614959 12783.189636
199 7.020362 -3.470972 17.808594 86.396936 228669.034037
199 18.125148 -5.577147 5.331206 315.281979 20492.689749
199 9.458059 -4.028768 6.880161 39.220265 34130.705507
199 9.349129 -4.005501 7.360406 334.371428 39061.737951
199 -22.969938 6.278432 11.564902 107.348327 96434.393905
199 -27.959811 6.926892 3.737302 143.297796 10070.808721
199 -26.121374 6.695289 3.704486 107.104694 9894.733420
199 -18.623727 5.653333 6.429948 181.866279 29810.067300
199 -20.723248 5.963486 6.517391 238.162520 30626.374227
200 7.420639 -3.568551 13.948396 57.136568 140280.283210
200 14.258793 -4.946667 3.789184 103.568180 10352.359822
200 3.596192 -2.484235 3.697727 312.200699 9858.657420
200 17.592277 -5.494552 6.730152 202.423273 32658.619149
200 9.952633 -4.132761 2.701882 146.824952 5263.574671
200 5.030180 -2.938076 5.924764 280.441513 25309.885097
200 10.315794 -4.207485 7.441199 223.011295 39923.988223
200 10.298518 -4.203961 5.175352 190.420538 19312.026681
200 7.277165 -3.533885 2.844159 7.959044 5832.514303
200 12.099011 -4.556656 8.639655 102.170273 53819.650759
200 -1.046281 -1.339971 5.445301 18.483585 21379.218351
200 12.195711 -4.574829 3.585766 270.788155 9270.688087
200 5.424056 -3.050938 6.609876 52.263646 31501.752050
200 12.581510 -4.646626 10.528122 296.937852 79918.974914
200 11.816324 -4.503109 3.360928 96.483315 8144.541004
200 16.150307 -5.264555 15.031630 164.286446 162914.684424
200 -16.280730 5.285770 19.367865 12.319643 270465.323896
200 -18.660721 5.658945 1.717739 107.144032 2127.464533
200 -26.465858 6.739292 4.512468 273.640602 14681.700748
200 -20.298434 5.902046 8.200856 292.335103 48491.592143
200 -22.701642 6.241657 8.768367 151.679743 55435.183479
201 13.817255 -4.869475 9.970571 2.322617 71678.366025
201 7.964697 -3.697055 4.069414 216.197397 11940.206476
201 20.995448 -6.002523 9.813612 5.618916 69439.381529
201 13.241847 -4.767005 6.135206 102.119956 27139.786038
201 9.561689 -4.050780 11.934595 266.127279 102698.341856
201 20.191309 -5.886451 9.364607 193.059525 63230.586075
201 8.444248 -3.806728 3.059315 109.334338 6748.334526
201 15.352720 -5.132914 8.524298 121.187534 52392.039121
201 12.654261 -4.660040 2.989268 182.388860 6442.848293
201 10.485550 -4.241963 6.130182 167.089064 27095.353277
201 7.231614 -3.522808 4.018505 356.713523 11643.328059
201 8.008685 -3.707250 3.973211 42.458403 11382.331320
201 15.395036 -5.139983 3.207314 37.716937 7417.048626
201 6.622324 -3.371138 6.718302 237.365694 32543.716362
201 -4.164749 -2.673411 16.385609 351.760496 193585.684688
201 -27.542014 6.874944 6.325751 188.899863 28851.754315
201 -18.944800 5.701857 8.737159 81.319635 55041.286693
201 -9.734078 4.087132 13.132822 185.175001 124355.260567
201 -28.064703 6.939873 5.560391 43.368716 22292.499761
201 -19.073166 5.721142 5.660423 337.563479 23101.803639
201 -27.967605 6.927857 3.912171 96.618619 11035.290274
202 10.296499 -4.203549 7.067048 309.645756 36010.085163
202 12.669450 -4.662836 15.344438 186.553353 169765.748485
202 11.572617 -4.456430 2.797256 155.903172 5641.734198
202 28.292077 -6.967929 2.632810 139.738451 4997.895597
202 16.552897 -5.329768 4.077666 98.490639 11988.682544
202 20.534493 -5.936265 10.090370 15.674132 73411.189087
202 13.685273 -4.846163 5.486910 207.540537 21707.197193
202 9.762349 -4.093063 16.179587 273.371235 188748.249169
202 16.293012 -5.287763 8.323358 3.408224 49951.121031
202 11.287267 -4.401145 4.065171 148.405958 11915.317617
202 17.624730 -5.499618 8.458511 99.827472 51586.487761
202 10.298394 -4.203935 6.561005 242.919514 31037.653180
202 6.280885 -3.283082 4.798520 351.799809 16602.089901
202 11.721715 -4.485046 5.370675 290.874302 20797.244052
202 12.044210 -4.546325 8.950424 114.035879 57761.071816
202 -21.430246 6.064359 9.477250 15.024988 64760.882802
202 -13.751157 4.857814 7.335155 137.544284 38794.192056
202 -17.794089 5.525978 10.643064 324.912467 81673.540663
202 -20.605804 5.946564 7.082364 135.318246 36166.338366
202 -11.183860 4.380938 12.701089 59.180876 116313.458291
202 -8.694559 3.862736 5.613160 24.769542 22717.626341
203 8.804297 -3.887037 7.196682 59.692438 37343.300846
203 12.311286 -4.596455 3.731081 269.392522 10037.314430
203 15.196085 -5.106662 3.019297 85.483240 6572.942546
203 7.191038 -3.512910 2.666852 151.394268 5127.973133
203 10.541689 -4.253304 7.243700 223.942886 37832.848223
203 13.680362 -4.845294 15.927343 303.122134 182908.857144
203 15.127445 -5.095116 3.868391 259.325192 10789.687954
203 19.303708 -5.755614 9.326795 283.457555 62720.999967
203 14.551072 -4.997109 7.073052 102.221646 36071.300457
203 9.533598 -4.044825 6.954974 307.276502 34876.997727
203 8.466072 -3.811644 4.989537 177.649170 17950.167453
203 12.289003 -4.592293 7.630172 74.740786 41977.518127
203 4.363987 -2.736611 6.067978 110.640130 26548.260558
203 9.313766 -3.997919 2.855775 27.449731 5880.252124
203 -28.361528 6.976476 5.077624 123.935543 18589.563492
203 -27.046112 6.812770 9.081601 94.256506 59466.566229
203 -18.605705 5.650597 5.097958 42.394413 18738.745577
203 -24.928612 6.540642 16.788104 1.816711 203212.936278
203 -19.471283 5.780542 8.920028 300.150522 57369.424575
203 -9.210741 3.975746 3.028370 221.205087 6612.502656
204 13.034126 -4.729468 17.591737 329.600149 223133.889725
204 15.453761 -5.149777 6.469474 350.017862 30177.689436
204 11.578088 -4.457483 11.476824 51.203418 94971.107740
204 25.519735 -6.617735 4.673548 215.855348 15748.581975
204 13.982495 -4.898506 6.334760 265.997554 28933.991830
204 11.479140 -4.438395 3.699509 301.475443 9868.159753
204 9.430837 -4.022966 2.960522 214.236645 6319.530262
204 18.339340 -5.610004 12.050070 204.493628 104695.303404
204 9.093738 -3.950413 3.727364 98.945616 10017.320955
204 9.082157 -3.947897 7.832237 91.651125 44230.278591
204 15.109130 -5.092031 5.778638 53.402109 24076.818692
204 8.560933 -3.832938 5.218211 80.796579 19633.211746
204 12.515362 -4.634395 4.388386 156.157212 13885.377286
204 16.374233 -5.300927 7.842415 74.208965 44345.315819
204 -24.464241 6.479436 6.085115 279.349755 26698.424163
204 -20.387652 5.915002 14.242856 297.978825 146265.606555
204 -23.946485 6.410504 3.249504 79.810445 7613.461714
204 -17.401814 5.464728 7.630916 302.705605 41985.704141
204 -21.826234 6.120131 12.802366 305.418404 118175.793747
204 -5.555586 3.087708 5.740867 115.738103 23763.094870
204 -26.837850 6.786489 3.944622 227.512163 11219.119528
205 6.126966 -3.242605 7.119498 225.427547 36546.589006
205 3.497704 -2.449981 6.334451 45.566572 28931.172802
205 12.434535 -4.619405 8.764848 0.535207 55390.701077
205 17.966790 -5.552730 8.020343 209.617608 46380.342278
205 12.099892 -4.556822 5.055567 208.594986 18428.411431
205 13.456020 -4.805401 4.386044 78.551517 13870.559098
205 5.873339 -3.174781 15.952116 122.182045 183478.293690
205 11.147029 -4.373719 7.370101 262.186700 39164.709583
205 15.774992 -5.203024 4.283611 275.841665 13230.250856
205 12.290385 -4.592552 3.617272 258.781511 9434.316484
205 12.270031 -4.588747 5.000737 331.256757 18030.845405
205 13.489263 -4.811333 2.632147 8.106074 4995.377969
205 8.677538 -3.858954 3.998398 157.312980 11527.099822
205 -27.186723 6.830457 3.900361 195.406557 10968.761526
205 -16.861573 5.379233 10.549923 350.849774 80250.302028
205 -23.532323 6.354827 5.633116 213.671723 22879.445041
205 -29.039714 7.059395 16.537965 74.052420 197202.404282
205 -20.807007 5.975525 11.585255 50.346434 96774.134774
205 -22.727039 6.245148 6.485849 19.918585 30330.649521
205 -24.034653 6.422295 3.793032 82.882339 10373.400899
206 11.981999 -4.534568 4.646916 186.822166 15569.609859
206 13.946384 -4.892176 6.813858 163.037955 33476.052154
206 10.730782 -4.291281 18.314355 287.314269 241841.786412
206 12.775837 -4.682373 12.659309 191.813289 115549.496484
206 4.276060 -2.708901 3.460348 302.618773 8633.513308
206 13.412237 -4.797577 15.671329 171.999054 177076.000618
206 5.451544 -3.058659 9.349113 36.499536 63021.516204
206 15.056358 -5.083131 9.413718 209.957064 63895.523043
206 10.792804 -4.303665 2.820328 250.896277 5735.181549
206 20.582053 -5.943136 9.476879 344.741188 64755.813101
206 14.036440 -4.907946 7.113495 98.356919 36484.982401
206 11.814945 -4.502847 7.833175 286.559729 44240.877454
206 1.468391 -1.587421 5.523399 240.518433 21996.871479
206 -13.303984 4.778176 5.255034 135.200136 19911.276881
206 -10.076782 4.158457 8.305222 96.385966 49733.672592
206 -21.770907 6.112369 5.441500 136.528509 21349.385356
206 -12.343039 4.602379 10.933592 141.915701 86193.355513
206 -17.138950 5.423297 10.019399 240.489209 72382.132507
206 -17.933364 5.547562 3.504018 44.691269 8852.799084
206 -23.196486 6.309318 9.663147 280.554002 67326.375503
207 10.458926 -4.236574 10.290568 239.157044 76353.115413
207 2.599082 -2.111939 15.462256 264.965501 172382.738190
207 1.313693 -1.501476 11.871226 292.257536 101610.642058
207 14.742647 -5.029896 2.611568 79.705753 4917.573727
207 16.144017 -5.263530 6.286926 81.464936 28498.683199
207 18.782280 -5.677347 12.050018 184.261235 104694.402466
207 11.038183 -4.352313 5.552724 153.653406 22231.063408
207 20.235324 -5.892863 2.595566 125.295910 4857.493239
207 12.838903 -4.693915 5.501636 336.456355 21823.869775
207 12.408902 -4.614642 11.109965 251.737480 88996.611010
207 14.998854 -5.073414 13.807775 177.058123 137466.048393
207 12.625889 -4.654813 4.643728 212.691623 15548.256970
207 -6.466666 3.331283 6.903854 65.319352 34366.183992
207 -19.495101 5.784077 13.974153 314.293498 140798.831381
207 -2.136214 1.914669 4.737225 327.299106 16180.657914
207 -25.062082 6.558128 4.445832 264.622761 14251.288628
207 -18.112723 5.575235 5.428940 320.473134 21250.941514
207 -11.000033 4.344785 3.934954 235.247116 11164.193979
207 -18.380744 5.616333 14.792213 4.640265 157766.358427
207 -16.376817 5.301345 6.971493 66.497731 35042.868189
208 6.523250 -3.345826 6.802537 287.748495 33364.907423
208 8.615209 -3.845070 4.266010 184.843922 13121.753561
208 14.034487 -4.907605 8.661074 209.032515 54086.829920
208 6.958238 -3.455580 10.745546 47.611363 83253.985824
208 9.552856 -4.048908 17.267372 218.880053 214981.243263
208 15.588231 -5.172133 15.476477 15.803870 172699.970437
208 11.689282 -4.478836 14.259475 129.191583 146607.146088
208 8.985263 -3.926781 19.510984 235.054958 274477.301992
208 16.361826 -5.298918 5.447307 241.511123 21394.974549
208 13.705563 -4.849754 6.965115 286.344197 34978.783199
208 2.906982 -2.233534 5.827582 173.464828 24486.396213
208 15.598375 -5.173816 5.614171 185.744664 22725.806130
208 -10.303901 4.205059 2.158598 155.054388 3359.630585
208 -32.465957 7.464237 4.204964 45.844556 12748.894944
208 -11.657018 4.472651 8.943909 12.100974 57677.023570
208 -24.140233 6.436385 4.236293 219.253852 12939.578453
208 -20.946648 5.995544 5.325884 213.142609 20451.796705
208 -19.772927 5.825145 4.558704 163.732292 14984.107014
208 -21.253483 6.039296 6.639661 74.307907 31786.290614
208 -28.070968 6.940648 6.409343 239.167059 29619.322543
209 5.249935 -3.001569 6.914255 16.361559 34469.809123
209 17.671522 -5.506914 5.692028 301.482269 23360.497655
209 13.283547 -4.774505 7.672554 100.396411 42445.140505
209 4.613117 -2.813640 4.033430 156.462186 11729.975265
209 7.986372 -3.702082 5.194248 6.678188 19453.309952
209 3.730575 -2.530225 11.852973 290.751164 101298.411299
209 11.841172 -4.507842 4.923343 346.378944 17477.057223
209 13.173584 -4.754702 6.574863 167.689010 31168.897948
209 11.410920 -4.425187 31.447594 103.482566 713054.800660
209 14.919664 -5.060004 3.987715 242.602083 11465.587152
209 5.781367 -3.149826 6.901345 53.387666 34341.209149
209 -17.708497 5.512672 5.133310 313.639877 18999.536856
209 -14.618813 5.008727 3.360055 295.449367 8140.309469
209 -22.753992 6.248850 4.730211 47.504701 16132.773452
209 -22.333074 6.190783 2.398508 259.147476 4147.919316
209 -24.302126 6.457931 2.331860 20.891781 3920.602704
209 -17.630303 5.500487 4.866088 338.692243 17072.926350
209 -19.917292 5.846372 10.215022 242.413761 75236.167796
209 -25.132629 6.567351 4.913683 267.965726 17408.542204
209 -24.864773 6.532261 5.046466 264.147669 18362.115126
210 4.809037 -2.872767 12.025276 155.792331 104264.919730
210 16.256979 -5.281913 5.699241 4.295884 23419.740385
210 8.253188 -3.763415 5.123617 114.293568 18927.851640
210 8.216485 -3.755038 1.985412 345.779462 2842.166241
210 6.115460 -3.239559 3.164289 309.902428 7219.388539
210 13.519531 -4.816728 7.473472 330.062302 40271.047933
210 11.340018 -4.411417 3.668485 57.502175 9703.344958
210 11.874816 -4.514241 7.086057 137.436268 36204.069916
210 0.865680 -1.218849 5.017875 280.037288 18154.645330
210 7.120850 -3.495725 6.472865 71.426426 30209.331765
210 8.991085 -3.928053 5.457859 213.948930 21477.940998
210 -11.947511 4.528038 7.477365 20.655955 40313.008245
210 -19.776044 5.825605 4.790679 72.030799 16547.873422
210 -19.779887 5.826171 8.024054 116.846178 46423.274968
210 -17.222511 5.436502 6.111202 352.030892 26927.830321
210 -23.518932 6.353018 1.761498 130.290949 2237.238542
210 -19.344895 5.761751 4.539723 164.028633 14859.590719
210 -12.646664 4.658641 10.581878 59.174348 80737.172535
210 -17.359988 5.458157 3.791040 359.368546 10362.506873
210 -14.658767 5.015567 15.342312 352.692841 169718.701768
211 10.183977 -4.180517 2.402586 183.235913 4162.035490
211 11.013024 -4.347350 6.054256 349.344517 26428.323071
211 5.980867 -3.203711 5.681847 3.758320 23277.009678
211 19.202170 -5.740457 10.933155 353.524128 86186.470848
211 6.460012 -3.329568 2.569317 327.219819 4759.740929
211 14.217669 -4.939529 1.669910 135.776503 2010.639009
211 10.576257 -4.260272 4.388911 202.049958 13888.700987
211 9.975888 -4.137586 9.195760 215.906610 60971.003594
211 6.578711 -3.360019 3.449494 299.717128 8579.439318
211 2.894516 -2.228739 10.115951 196.568339 73783.889065
211 -24.796729 6.523317 4.691349 12.859236 15868.778698
211 -16.105004 5.257166 3.325476 187.863755 7973.625501
211 -15.276640 5.120180 1.647535 302.904258 1957.118510
211 -18.024554 5.561649 11.478087 204.058279 94992.020716
211 -12.027974 4.543259 5.116061 246.179959 18872.070524
211 -16.707738 5.354638 13.059838 5.981529 122976.930222
211 -19.093050 5.724123 6.400778 103.356274 29540.213065
211 -15.986091 5.237722 10.062926 123.625701 73012.402714
211 -7.937543 3.690748 11.553324 178.086950 96241.405081
212 10.737900 -4.292704 3.436657 172.050092 8515.700728
212 4.227505 -2.693477 2.395420 128.049751 4137.247006
212 13.931011 -4.889479 5.461121 178.522592 21503.621412
212 13.476288 -4.809018 19.470745 13.624362 273346.303580
212 11.315430 -4.406632 2.422756 97.978771 4232.211823
212 11.301990 -4.404015 6.758245 65.464898 32931.830889
212 10.872361 -4.319498 10.542298 347.763223 80134.338597
212 14.025973 -4.906116 8.499681 159.864802 52089.875246
212 15.662924 -5.184510 17.635765 306.185418 224252.184224
212 11.451195 -4.432990 8.532881 110.390193 52497.603590
212 -9.039498 3.938614 6.501873 179.467117 30480.702474
212 -13.158980 4.752065 4.806014 144.721992 16653.984233
212 -20.336596 5.907591 6.534029 347.524438 30782.946300
212 -19.679901 5.811427 17.707139 127.045064 226070.999891
212 -19.777472 5.825815 4.801846 141.231309 16625.113407
212 -26.319631 6.720649 6.059646 354.605898 26475.406215
212 -14.603482 5.006100 10.361637 358.223480 77411.385534
212 -13.321624 4.781343 4.381031 114.955407 13838.872475
212 -7.078118 3.485220 8.249256 174.695129 49065.659364
212 -16.178794 5.269196 2.820181 278.045775 5734.587322
213 11.436665 -4.430176 3.587851 311.659067 9281.474095
213 7.581776 -3.607088 16.822364 338.919271 204043.200225
213 11.413755 -4.425737 22.086982 68.925734 351739.252313
213 12.740205 -4.675839 9.639369 87.950800 66995.449099
213 7.986319 -3.702070 4.960657 292.451766 17742.975241
213 6.845667 -3.427513 9.414694 230.035717 63908.772820
213 16.157849 -5.265784 5.438523 194.503487 21326.029033
213 10.247496 -4.193534 8.558277 117.494097 52810.554452
213 15.137195 -5.096758 5.832749 189.012795 24529.839582
213 -14.379433 4.967549 5.414100 69.601008 21134.920985
213 -24.427028 6.474506 2.761477 176.440753 5498.330154
213 -22.106644 6.159319 10.869844 176.177005 85191.195797
213 -21.589637 6.086869 12.961173 310.440705 121125.813274
213 -19.841970 5.835307 4.564662 113.772594 15023.301793
213 -20.591019 5.944430 6.264205 309.093100 28293.062557
213 -20.082464 5.870564 4.463852 315.494984 14367.049989
213 -21.114902 6.019575 7.800244 62.329863 43869.681572
213 -7.884304 3.678349 7.678723 329.807736 42513.428108
213 -20.837535 5.979908 3.438690 13.319100 8525.779361
214 10.955381 -4.335958 11.547626 334.108545 96146.509821
214 9.669975 -4.073653 4.105173 153.933150 12150.969512
214 14.011204 -4.903532 8.833587 54.407949 56262.916619
214 9.340118 -4.003571 10.695016 147.095074 82472.835006
214 10.728685 -4.290862 7.621606 280.336710 41883.318383
214 5.955649 -3.196950 5.788863 60.899904 24162.097913
214 14.264199 -4.947605 7.773150 206.980619 43565.441554
214 13.804258 -4.867185 9.751605 234.620498 68564.645204
214 9.716890 -4.083522 5.952135 95.019776 25544.276081
214 -11.163377 4.376925 3.968647 29.171385 11356.200730
214 -10.838622 4.312790 2.115997 211.602361 3228.333052
214 -19.915424 5.846098 8.397366 33.612773 50843.354624
214 -6.388296 3.311035 6.026211 350.824804 26184.046527
214 -7.436591 3.572385 9.760612 267.777101 68691.367092
214 -15.915279 5.226109 11.205427 292.168278 90532.587190
214 -18.636578 5.655284 11.171229 117.869824 89980.833375
214 -4.688004 2.836386 2.496514 227.993395 4493.823351
214 -28.164963 6.952258 5.405953 294.079447 21071.362652
214 -13.518841 4.816605 12.199941 125.383655 107315.770634
215 11.873248 -4.513943 2.718671 124.013078 5329.190306
215 13.213760 -4.761946 12.904709 200.690979 120072.753952
215 17.168726 -5.428006 2.580525 271.128062 4801.358220
215 2.670633 -2.140811 5.220260 102.175044 19648.634412
215 12.542864 -4.639484 6.524689 209.211464 30695.006117
215 11.669099 -4.474968 7.284184 111.098139 38256.909021
215 14.842759 -5.046946 8.533536 340.797450 52505.656079
215 8.919514 -3.912388 6.844881 170.460487 33781.574825
215 -17.301807 5.449003 4.461924 172.169063 14354.646151
215 -13.208328 4.760968 6.336314 154.597972 28948.196246
215 -12.414668 4.615714 17.631022 123.547599 224131.581483
215 -33.007434 7.526225 2.204124 210.903576 3502.837051
215 -18.252548 5.596713 12.586461 93.024015 114223.469626
215 -27.446579 6.863022 18.181066 272.477466 238334.423941
215 -21.286845 6.044035 10.139642 142.785159 74129.885458
215 -20.140278 5.879008 4.033128 141.231724 11728.217594
215 -22.022665 6.147609 7.024767 189.045300 35580.489058
215 -21.209181 6.032999 3.579211 347.562609 9236.823262
215 -12.629966 4.655565 4.882323 338.869990 17187.042730
216 6.725507 -3.397299 3.052074 311.448487 6716.425795
216 1.373386 -1.535209 5.969625 287.362038 25694.619551
216 16.170583 -5.267859 5.824256 198.377818 24458.449641
216 10.911915 -4.327348 7.579902 109.386469 41426.218539
216 7.006916 -3.467646 6.477281 38.025414 30250.566081
216 8.502356 -3.819803 6.921398 57.072183 34541.066536
216 10.742083 -4.293540 6.214994 134.311096 27850.275096
216 2.302816 -1.987929 3.527090 1.151276 8969.768791
216 -1.614687 1.664622 3.186259 159.611611 7319.983472
216 -5.497133 3.071421 9.957229 138.708773 71486.671214
216 -15.673245 5.186218 3.060128 148.646100 6751.921264
216 -16.008266 5.241353 4.390518 180.695304 13898.873058
216 -8.278202 3.769114 1.967346 322.108039 2790.678259
216 -13.612742 4.833304 4.767881 9.396172 16390.751986
216 -23.541563 6.356074 12.040319 172.508433 104525.935728
216 0.417483 0.846429 2.736733 219.798072 5400.239091
216 -14.366679 4.965346 2.428401 119.785780 4251.958216
216 -16.465754 5.315720 9.088953 253.438539 59562.894900
216 -31.635876 7.368197 3.135820 72.380647 7090.066181
217 5.665775 -3.118178 4.825045 211.203458 16786.135970
217 2.980367 -2.261550 6.962276 285.183370 34950.273036
217 8.213324 -3.754315 2.566705 267.389725 4750.069536
217 6.321639 -3.293716 4.693826 301.265362 15885.541823
217 3.188287 -2.339106 5.152164 225.102249 19139.362267
217 7.482002 -3.583276 13.314883 130.655013 127827.050497
217 5.941863 -3.193248 6.580195 271.508707 31219.475704
217 -25.761794 6.649046 15.265626 210.038765 168026.321201
217 -25.280309 6.586618 4.858045 327.717028 17016.534972
217 -14.627600 5.010232 3.912813 350.476593 11038.910619
217 -21.781299 6.113827 5.225985 287.063716 19691.755454
217 -23.249954 6.316585 15.250961 6.966470 167703.632975
217 -23.650450 6.370756 11.993325 352.508934 103711.578537
217 -21.397427 6.059713 13.727750 34.247795 135877.272734
217 -18.815974 5.682437 5.502579 177.451628 21831.353497
217 -20.375681 5.913265 10.816092 59.687168 84350.719115
217 -1.633776 1.674432 4.945032 169.236550 17631.379939
217 -19.573172 5.795647 9.137464 354.324406 60200.411264
218 6.664450 -3.381843 3.780011 302.477245 10302.302802
218 5.570263 -3.091784 8.703598 5.649789 54619.244297
218 2.645318 -2.130641 7.200881 106.798692 37386.887824
218 11.374214 -4.418064 11.478094 20.357311 94992.131356
218 11.670134 -4.475167 7.202450 207.151186 37403.181755
218 6.497694 -3.339265 5.524828 182.413623 22008.254242
218 8.323160 -3.779335 6.432634 22.209020 29834.980155
218 -18.135324 5.578712 9.143182 150.405487 60275.775156
218 -24.506041 6.484968 4.631093 243.288075 15463.760040
218 -21.914443 6.132485 3.596649 271.038583 9327.047800
218 -14.708440 5.024058 3.965909 5.220386 11340.535198
218 -4.721125 2.846388 4.811572 24.036953 16692.527122
218 -20.334946 5.907351 3.070353 18.472411 6797.117009
218 -22.812216 6.256840 3.860517 167.465252 10745.804185
218 -10.845794 4.314217 5.580472 251.104291 22453.804185
218 -8.254750 3.763772 7.374722 9.575370 39213.838512
218 -15.784360 5.204569 8.031322 88.186278 46507.408605
218 -13.749660 4.857550 11.790631 299.704072 100235.634933
218 -9.335463 4.002573 6.914360 255.803937 34470.849663
219 -0.021501 -0.192088 5.780341 62.526847 24091.012998
219 11.442472 -4.431301 5.489584 88.446229 21728.359238
219 6.953303 -3.454354 6.845025 239.111824 33782.993387
219 10.595663 -4.264178 13.182443 223.443413 125296.777687
219 6.856223 -3.430155 15.227943 89.737736 167197.799728
219 4.322267 -2.723498 6.476968 249.132635 30247.641547
219 -20.119620 5.875992 6.464554 145.455388 30131.806591
219 -15.558671 5.167227 6.594042 291.188387 31351.008118
219 -8.508587 3.821202 4.033491 121.851655 11730.330593
219 -6.811305 3.418901 9.238736 16.886803 61542.228827
219 -28.843504 7.035506 15.492422 15.044317 173056.017842
219 -9.430066 4.022802 3.633895 71.402317 9521.225225
219 -20.892283 5.987758 11.782423 119.077688 100096.124389
219 -27.816037 6.909059 5.957251 185.477057 25588.207806
219 -16.825224 5.373432 2.961687 206.834107 6324.501857
219 -23.848826 6.397419 4.412743 245.632311 14039.943873
219 -16.302571 5.289314 2.458240 205.783509 4357.090347
219 -16.338497 5.295139 4.223588 204.597648 12862.078909
220 3.501695 -2.451379 5.374532 20.861289 20827.126695
220 12.231939 -4.581619 6.146402 272.948809 27238.923159
220 15.724844 -5.194748 3.659738 20.623419 9657.131233
220 11.726996 -4.486056 13.763606 126.702265 136588.003063
220 9.647621 -4.068941 7.923822 70.216138 45270.732463
220 12.793093 -4.685534 3.330931 74.049936 7999.804746
220 -15.809052 5.208638 5.647248 105.837261 22994.383972
220 -16.455727 5.314101 5.507446 275.779398 21869.986837
220 -14.812354 5.041773 3.799874 244.594548 10410.858604
220 -20.251077 5.895157 9.055422 111.987501 59124.221572
220 -9.119655 3.956038 6.736014 251.550082 32715.538631
220 -30.967234 7.289916 5.315131 5.433747 20369.293351
220 -27.104210 6.820083 8.265984 105.833574 49264.855919
220 -22.381367 6.197472 4.059778 82.092987 11883.726342
220 -26.413064 6.732567 7.036071 123.940631 35695.088169
220 -17.433373 5.469681 0.932944 247.772810 627.566340
220 -7.160142 3.505356 4.526995 90.956980 14776.379586
220 3.301500 2.380274 3.505984 225.688244 8862.738236
221 11.251379 -4.394143 5.756826 26.171540 23895.395822
221 5.310761 -3.018907 11.970685 2.462992 103320.405295
221 5.167539 -2.977921 11.269638 203.249362 91573.123230
221 8.304763 -3.775156 8.235621 174.650788 48903.588573
221 16.384830 -5.302642 2.889411 122.216649 6019.586029
221 -19.059342 5.719068 6.644184 98.404629 31829.610490
221 -16.330205 5.293795 5.716116 15.353745 23558.639576
221 -22.335083 6.191061 3.188336 205.514127 7329.532521
221 -12.436276 4.619729 4.730480 260.263597 16134.610587
221 -20.973821 5.999431 2.837169 241.811387 5803.879839
221 -30.248518 7.204823 3.738451 64.723606 10077.004040
221 -27.860188 6.914540 3.561291 83.789426 9144.562880
221 -6.936579 3.450198 17.566250 209.734151 222487.795473
221 -22.465615 6.209126 7.204711 120.186046 37426.666172
221 -27.270873 6.841019 1.753625 7.341258 2217.285857
221 -19.074173 5.721293 7.146123 179.491536 36820.447460
221 -13.188290 4.757355 8.447620 271.880496 51453.726173
222 9.411530 -4.018846 5.716657 253.675961 23563.092130
222 3.308837 -2.382917 15.802567 3.224592 180054.234231
222 7.187264 -3.511989 13.227667 81.038047 126157.941336
222 1.655081 -1.685314 14.341686 204.763890 148302.499953
222 8.579310 -3.837050 3.264048 160.034169 7681.769437
222 -16.484429 5.318734 8.119279 5.713213 47531.657157
222 -1.580747 1.647034 11.130389 276.551620 89324.119610
222 -20.821212 5.977565 6.660409 41.856312 31985.254907
222 -5.415593 3.048557 9.052085 17.467079 59080.653590
222 -16.942796 5.392173 2.628108 74.207856 4980.059190
222 -10.717720 4.288669 5.863424 244.205930 24788.522814
222 -22.043570 6.150526 3.485848 155.511612 8761.229822
222 -31.722637 7.378294 8.998899 317.279082 58388.440278
222 -29.833705 7.155251 6.364146 69.046585 29203.055467
222 -22.462323 6.208671 4.093437 335.861717 12081.594901
222 -7.826239 3.664780 18.054438 253.850941 235026.048652
222 -13.866642 4.878170 7.485559 174.813540 40401.417361
222 -27.729565 6.898312 7.047561 282.001850 35811.764920
223 14.294843 -4.952916 8.022741 29.313158 46408.085423
223 9.394485 -4.015205 5.818264 165.059498 24408.154088
223 -0.174169 -0.546709 13.838248 157.543320 138073.486273
223 12.850661 -4.696064 9.360163 27.397023 63170.582668
223 12.501918 -4.631905 6.370902 234.977625 29265.091289
223 -14.250874 4.945293 7.047951 62.131267 35815.733707
223 -11.172992 4.378809 2.120054 8.629963 3240.722225
223 -15.526714 5.161918 6.167718 106.363294 27428.187200
223 -11.712744 4.483329 12.612482 116.735565 114696.250292
223 -13.339360 4.784525 5.245755 60.210080 19841.025069
223 -24.976882 6.546971 10.034902 158.059733 72606.312456
223 -14.709420 5.024225 3.453292 193.923403 8598.339735
223 -15.716624 5.193390 4.722985 316.239523 16083.526101
223 -21.569431 6.084020 12.472379 279.546048 112162.243775
223 -20.190184 5.886287 6.024440 151.042906 26168.653429
223 -6.841209 3.426397 13.800886 157.727698 137328.916310
223 -6.254667 3.276222 5.574047 147.183906 22402.131140
223 -11.349002 4.413165 2.876354 17.560556 5965.308248
224 7.048262 -3.477862 11.354732 107.914278 92961.231604
224 7.312695 -3.542501 9.123367 218.717726 60014.795570
224 14.249163 -4.944996 4.712846 222.568251 16014.544376
224 14.671444 -5.017735 6.479569 169.511195 30271.944615
224 -7.511067 3.590229 9.441665 97.595620 64275.473886
224 -15.697352 5.190205 11.678049 117.888731 98330.584947
224 -19.763483 5.823754 6.421483 307.820598 29731.630837
224 -4.178280 2.677750 8.171355 258.675226 48143.347074
224 -11.625310 4.466564 12.220110 160.058153 107670.886803
224 -12.440766 4.620562 8.906039 54.013101 57189.622879
224 -14.020504 4.905159 11.556579 163.006814 96295.645327
224 -14.219932 4.939922 5.620485 215.906969 22776.955152
224 -10.868289 4.318689 2.343554 110.288431 3960.025252
224 -14.130032 4.924281 8.500172 140.788397 52095.889277
224 -21.200209 6.031723 4.655674 293.252020 15628.350596
224 -22.777798 6.252118 12.357047 63.354797 110097.496033
224 -13.120162 4.745051 6.924999 210.681697 34577.011891
225 3.540857 -2.465049 9.025035 339.352407 58728.085043
225 5.588648 -3.096882 4.306943 92.091118 13374.771373
225 15.044965 -5.081207 6.130099 38.870238 27094.615436
225 8.128970 -3.734987 7.188456 261.186488 37257.980467
225 -28.168113 6.952647 5.645702 139.171395 22981.799784
225 -19.544604 5.791416 5.840707 7.724387 24596.819660
225 -5.631983 3.108866 9.023623 132.652799 58709.715282
225 -3.459761 2.436657 7.370514 267.884288 39169.099016
225 -15.993425 5.238923 4.718481 327.864308 16052.864596
225 -14.845332 5.047383 8.134603 101.507891 47711.245214
225 -22.160426 6.166807 10.249834 187.360455 75749.840674
225 -19.874175 5.840040 2.727264 9.758170 5362.933821
225 -8.604181 3.842608 8.877947 23.352449 56829.417493
225 -6.227170 3.269013 4.057166 210.513297 11868.440094
225 -20.569909 5.941382 9.882489 295.279212 70417.530551
225 -19.324890 5.758771 2.337616 124.365923 3939.984645
225 -3.406515 2.417834 3.588288 153.734872 9283.732281
226 1.218662 -1.446148 6.794583 254.348446 33286.925564
226 10.113113 -4.165947 19.809193 187.241549 282931.725734
226 9.033151 -3.937231 4.659881 187.689308 15656.608772
226 -24.009649 6.418953 3.581895 340.548118 9250.682555
226 -8.802668 3.886677 4.989717 101.098612 17951.463505
226 -6.948020 3.453042 7.722391 150.473872 42998.330779
226 -17.057717 5.410430 7.997018 11.597478 46110.964706
226 -15.447985 5.148814 13.099971 31.850989 123733.905179
226 -21.498318 6.073983 5.070536 316.078548 18537.702010
226 -25.044632 6.555844 7.007927 351.788608 35410.102772
226 -14.871199 5.051778 7.802835 118.748396 43898.822213
226 -22.890677 6.267591 4.778121 283.085090 16461.235753
226 -21.939401 6.135976 10.270698 11.546158 76058.537402
226 -14.176226 4.932324 4.307323 55.055049 13377.129905
226 -20.994556 6.002396 10.277508 3.834814 76159.430490
226 -8.921132 3.912743 12.134800 74.595947 106172.814674
226 -17.434167 5.469806 4.871982 321.951944 17114.309747
227 7.873188 -3.675756 8.381874 192.142994 50655.932866
227 11.638444 -4.469087 5.761934 61.088155 23937.824572
227 6.001416 -3.209210 2.455450 247.219488 4347.207955
227 -9.663469 4.072282 10.232269 328.437011 75490.439818
227 -25.295293 6.588570 5.668420 22.289180 23167.123708
227 -17.536859 5.485891 11.149681 158.534645 89634.042081
227 -21.631406 6.092754 9.778066 356.555946 68937.259996
227 -25.225457 6.579469 11.425368 128.175672 94121.416353
227 -8.144934 3.738652 7.811461 168.595693 43995.944750
227 -6.012750 3.212239 6.234638 27.491539 28026.607987
227 -20.608616 5.946970 17.845353 339.913170 229613.988413
227 -26.940873 6.799502 16.801978 179.416041 203548.968169
227 -15.564583 5.168209 14.141153 72.567634 144184.210428
227 -22.438868 6.205428 8.038526 252.400669 46590.885054
227 -20.226378 5.891561 5.326630 298.607377 20457.527727
227 -15.282335 5.121134 8.370755 252.732747 50521.625074
227 -26.358640 6.725627 5.737374 29.311381 23734.190628
228 9.486849 -4.034895 6.737182 105.636460 32726.877451
228 7.177824 -3.509681 13.141403 336.683686 124517.819964
228 9.224096 -3.978627 14.856870 161.702121 159148.557168
228 -8.342270 3.783672 7.805866 36.517896 43932.934380
228 -10.736252 4.292375 4.980075 28.952816 17882.152465
228 -22.294631 6.185452 11.242707 62.510804 91135.972050
228 -25.692017 6.640035 4.873951 280.513415 17128.148780
228 -6.982419 3.461579 5.998673 294.745701 25945.287515
228 -22.240503 6.177939 18.394003 341.282200 243949.850683
228 -27.196203 6.831647 3.818158 76.669866 10511.286648
228 -15.786783 5.204969 6.332288 295.826966 28911.413919
228 -21.184091 6.029429 4.853926 301.866863 16987.691333
228 -22.720745 6.244283 6.424643 224.696143 29760.900665
228 -8.304070 3.774999 14.314625 245.753665 147743.373502
228 -15.589856 5.172403 2.822990 35.073233 5746.015214
228 -9.440135 4.024949 8.441332 43.785665 51377.149473
228 -23.297151 6.322993 6.864644 307.491564 33976.923549
229 13.502479 -4.813689 7.825070 326.737017 44149.368585
229 7.368750 -3.556053 8.849586 204.168798 56466.903886
229 -17.440722 5.470834 4.599083 344.934327 15250.726252
229 -6.231913 3.270258 6.113164 118.749013 26945.118871
229 -18.992244 5.708992 5.928556 227.006906 25342.297135
229 -26.136276 6.697198 4.334578 135.324607 13546.957626
229 -7.638720 3.620609 3.312369 179.583446 7910.890836
229 -13.208287 4.760960 8.715392 118.511244 54767.372502
229 -15.231946 5.112684 11.843227 19.887624 101131.895303
229 -22.890072 6.267508 2.834412 212.179213 5792.604494
229 -4.353778 2.733408 8.273005 113.702104 49348.582803
229 -10.350055 4.214467 2.701112 213.931853 5260.576253
229 -21.480467 6.071460 9.890078 213.429799 70525.713203
229 -13.864119 4.877726 3.559695 23.148594 9136.370974
229 -11.086155 4.361760 4.042261 185.257430 11781.395052
229 -13.357559 4.787787 6.020328 59.792477 26132.945746
230 8.261032 -3.765203 5.803123 358.028666 24281.286189
230 4.440510 -2.760500 6.142805 25.851526 27207.057503
230 -12.223587 4.580054 5.207477 32.157098 19552.520339
230 1.740986 1.728498 3.181790 176.005754 7299.465030
230 -14.814865 5.042201 4.769994 83.942847 16405.280210
230 -9.711885 4.082470 5.717027 158.391527 23566.149496
230 -0.231741 0.630627 8.271342 188.213283 49328.744823
230 -3.668368 2.509041 4.528085 57.496713 14783.499339
230 -8.407983 3.798544 4.221025 264.888250 12846.475784
230 -24.187951 6.442743 6.239634 179.962118 28071.545569
230 -18.935179 5.700409 6.846906 307.289943 33801.561129
230 -25.153605 6.570091 3.772316 238.961816 10260.397077
230 -10.723232 4.289771 17.003592 180.757498 208463.206766
230 -15.913857 5.225875 3.505065 38.838696 8858.094870
230 -3.518839 2.457373 6.208173 194.966345 27789.181367
230 -13.956083 4.893877 19.190577 321.819560 265536.453811
231 10.944586 -4.333821 10.932644 337.667562 86178.415744
231 8.131916 -3.735663 7.076932 204.696816 36110.884477
231 -17.891914 5.541147 5.697318 127.910452 23403.941488
231 -20.237327 5.893155 9.704325 42.820267 67901.399808
231 -26.240586 6.710549 3.740836 237.326267 10089.865474
231 -8.114765 3.731722 5.011309 290.067049 18107.161673
231 -13.145213 4.749579 2.777252 61.548200 5561.330925
231 -12.258601 4.586609 2.184132 170.837969 3439.584782
231 -14.967161 5.068051 5.699382 338.049850 23420.904299
231 -15.927127 5.228053 8.766659 50.265075 55413.594153
231 -12.541208 4.639177 4.794249 23.748682 16572.544891
231 -20.367633 5.912097 2.987110 255.119622 6433.548894
231 -15.836334 5.213131 14.428144 11.394638 150095.955198
231 -8.921780 3.912885 7.453615 55.521177 40057.331078
231 -20.228359 5.891849 4.597321 46.704109 15239.042111
231 -21.757659 6.110509 5.364139 314.823366 20746.653214
232 7.032818 -3.474049 4.904227 11.223116 17341.598772
232 -8.130789 3.735405 7.872276 200.259373 44683.654961
232 -12.895815 4.704307 3.924472 12.416433 11104.794655
232 -5.653972 3.114929 5.440557 120.909438 21341.984908
232 -6.533146 3.348362 6.626528 47.231701 31660.671955
232 -15.100978 5.090657 6.983353 235.498141 35162.197623
232 -22.162845 6.167144 2.602504 66.773941 4883.494937
232 -7.704454 3.636154 2.797365 216.961554 5642.173567
232 -6.298884 3.287783 6.361795 10.338716 29181.485359
232 -12.380520 4.609361 18.823507 39.733949 255475.434194
232 -19.797939 5.828829 6.636979 214.881056 31760.621480
232 -14.412356 4.973233 4.688423 303.151888 15848.991093
232 -21.791931 6.115319 4.309171 335.174521 13388.614106
232 -10.765629 4.298243 8.551388 174.305610 52725.568507
232 -7.858522 3.672330 3.108581 292.368826 6967.426529
233 2.781299 -2.184717 5.539149 8.381921 22122.495681
233 -5.814354 3.158799 3.505211 240.887070 8858.832772
233 -12.217040 4.578828 11.994634 337.315584 103734.225586
233 -16.475822 5.317345 18.858037 337.199724 256413.580853
233 -0.386669 0.814593 11.808672 350.272931 100542.619790
233 -11.947682 4.528070 12.172184 85.558161 106827.994365
233 -11.216781 4.387382 5.732234 93.107214 23691.680477
233 -17.011771 5.403138 3.828682 134.847688 10569.310219
233 -3.449150 2.432917 5.834560 73.986886 24545.071904
233 -16.238075 5.278841 7.880572 9.176244 44777.878131
233 -17.304011 5.449350 3.965256 296.864550 11336.799684
233 -11.771409 4.494543 5.831774 321.798002 24521.635967
233 -11.333579 4.410165 8.609349 197.231622 53442.739576
233 -24.519754 6.486783 5.425759 84.937311 21226.041450
233 -26.035307 6.684249 12.772079 202.799902 117617.320436
233 -18.567132 5.644737 5.898191 344.958867 25083.362058
234 11.344491 -4.412287 4.090930 312.118474 12066.799296
234 -22.154194 6.165940 3.838260 332.636964 10622.259651
234 -13.649480 4.839822 5.627317 90.217980 22832.358826
234 -18.447170 5.626472 8.156664 198.434970 47970.386964
234 -16.529616 5.326019 2.213403 12.608008 3532.391897
234 -16.010800 5.241768 9.838437 12.765031 69791.141527
234 -24.938423 6.541928 6.337770 166.121602 28961.497840
234 -26.123373 6.695545 4.705176 313.309917 15962.462607
234 -22.626209 6.231279 4.843289 76.258749 16913.318142
234 -11.748811 4.490227 3.893478 245.167842 10930.083237
234 -11.532928 4.448782 11.341344 126.596839 92742.137424
234 -14.237410 4.942957 3.184895 246.050969 7313.721228
234 -13.585591 4.828481 3.822573 169.834975 10535.610202
234 -5.596981 3.099190 6.902376 35.073594 34351.464535
234 -14.939125 5.063302 7.450931 204.563149 40028.489961
234 -1.786361 1.750878 3.307512 183.108787 7887.710197
235 -17.768162 5.521951 10.198061 283.634985 74986.535742
235 -8.862054 3.899766 9.573325 250.459620 66080.550764
235 -11.911434 4.521196 3.143503 122.048629 7124.851658
235 -19.994629 5.857711 14.368704 290.365381 148861.794595
235 -0.963915 1.286147 11.732365 201.958174 99247.419547
235 -10.244573 4.192936 8.173407 165.879267 48167.525196
235 -25.963176 6.674984 4.196365 123.237223 12696.809947
235 3.510121 2.454327 4.675168 92.749645 15759.502246
235 -21.389223 6.058551 11.835305 218.934160 100996.650442
235 -23.614041 6.365851 8.504563 0.063392 52149.732946
235 -15.183924 5.104619 4.103801 154.325875 12142.852401
235 -23.969506 6.413585 13.077806 28.271818 123315.556120
235 -23.107887 6.297257 8.593489 89.337900 53246.011730
235 -11.420481 4.427041 19.447827 186.623602 272703.206841
235 -15.041571 5.080634 10.253518 119.085859 75804.298840
236 -12.867633 4.699164 16.172685 204.388759 188587.253349
236 -17.474726 5.476164 4.208561 198.250308 12770.717807
236 -7.433122 3.571551 7.593360 205.536718 41573.449376
236 -0.770209 1.149676 9.292840 195.393162 62265.148687
236 -14.023282 4.905645 7.458745 81.141049 40112.490781
236 -16.341749 5.295666 9.140167 82.749262 60236.024661
236 -22.607705 6.228730 5.020291 44.515466 18172.131967
236 -8.194649 3.750045 9.241706 141.378196 61581.793110
236 -21.694273 6.101602 19.051597 277.600157 261704.305895
236 -15.965917 5.234416 11.123032 28.793369 89206.083107
236 -25.782391 6.651704 19.144699 302.859811 264268.358920
236 -3.072541 2.296255 2.991122 358.800982 6450.842256
236 -11.169089 4.378044 8.246485 268.126087 49032.702817
236 -10.287720 4.201756 5.198941 326.857849 19488.477870
236 -11.865799 4.512527 8.609016 43.098678 53438.599929
237 -24.871457 6.533139 8.661541 316.558899 54092.663396
237 -11.666134 4.474400 12.227737 8.957182 107805.326001
237 -12.957514 4.715548 5.680065 350.205865 23262.407196
237 -5.589406 3.097092 4.522621 192.092954 14747.839220
237 -3.646060 2.501400 6.438740 301.345816 29891.646680
237 -12.869466 4.699499 4.743643 86.065508 16224.525141
237 -4.580142 2.803566 11.344337 226.467762 92791.097037
237 -19.039395 5.716074 4.917296 240.510029 17434.152740
237 -13.384200 4.792559 2.857447 129.864611 5887.139114
237 -15.342779 5.131252 5.478662 195.587602 21641.982438
237 -19.875288 5.840204 12.358151 328.940358 110117.179321
237 -10.098989 4.163037 2.802567 9.767611 5663.174923
237 1.360473 1.527975 12.818189 192.867533 118468.089852
237 -13.338112 4.784301 18.047651 67.658956 234849.399663
237 -4.734867 2.850527 3.106405 223.634480 6957.674737
238 -10.761895 4.297498 6.196988 316.237189 27689.133411
238 -14.569692 5.000305 9.814622 3.798782 69453.670092
238 -14.840299 5.046527 11.251458 83.878649 91277.906587
238 -10.094544 4.162121 8.651619 200.771847 53968.808326
238 -8.545316 3.829441 3.422952 195.492212 8447.918785
238 -13.171302 4.754290 15.466411 319.881334 172475.410234
238 -5.964191 3.199242 8.042543 340.411088 46637.451687
238 -14.938417 5.063182 4.751827 344.066605 16280.559768
238 -7.522609 3.592986 6.634874 242.155748 31740.479629
238 -17.443031 5.471196 10.256296 218.667857 75845.393122
238 -13.976382 4.897435 8.324516 17.840224 49965.021852
238 -18.265307 5.598669 5.161566 30.507451 19209.280216
238 -25.966029 6.675350 1.292562 13.147810 1204.621371
238 -20.366503 5.911933 6.685221 198.499799 32224.015837
238 -14.691749 5.021206 16.132227 226.798289 187644.881176
239 -13.255360 4.769436 3.777527 254.617815 10288.767085
239 -15.860172 5.217053 14.296167 53.207619 147362.600374
239 -12.057591 4.548849 9.097075 177.737490 59669.392202
239 -14.209322 4.938078 7.656320 178.807265 42265.713628
239 -15.981758 5.237012 8.336653 119.055200 50110.820639
239 -11.803945 4.500750 5.223169 153.673047 19670.537704
239 -7.427353 3.570165 4.869210 353.776906 17094.840888
239 -6.191736 3.259699 7.164700 193.928600 37012.126310
239 -1.189427 1.428697 15.045572 271.840860 163217.044060
239 -9.213727 3.976390 8.487526 176.132881 51940.998279
239 -1.863166 1.788122 9.637085 260.769359 66963.704710
239 -17.455794 5.473197 21.892211 229.438730 345563.068916
239 -6.355704 3.302578 4.340351 42.330144 13583.065752
239 -27.105322 6.820223 10.658519 87.001760 81910.912968
239 -6.297432 3.287404 17.487466 283.384101 220496.582689
240 -15.336390 5.130183 3.458676 339.814861 8625.174339
240 -19.276387 5.751540 9.405382 218.629343 63782.419895
240 5.530058 3.080606 7.037888 201.787535 35713.527625
240 -18.374511 5.615381 11.268930 337.974879 91561.617546
240 -6.827715 3.423017 9.082824 357.255023 59482.585321
240 -23.437438 6.342002 9.287969 221.495129 62199.885742
240 -8.929989 3.914684 2.297610 122.551457 3806.280144
240 -15.519646 5.160743 9.600155 129.937679 66451.459460
240 -7.574147 3.605273 2.602712 208.045831 4884.277986
240 -17.277413 5.445160 10.619534 182.688327 81312.818165
240 -14.634469 5.011408 3.050256 111.126669 6708.427880
240 -14.551771 4.997229 6.167823 12.459388 27429.116104
240 -16.721148 5.356787 1.222885 112.646112 1078.249466
240 -18.546619 5.641618 7.521873 71.237653 40794.358382
240 -12.083070 4.553653 13.003103 45.612353 121910.768309
241 -13.085505 4.738780 6.719019 194.541524 32550.660022
241 -18.197867 5.588324 5.156922 323.389744 19174.723864
241 -16.418056 5.308015 9.150984 24.425293 60378.683049
241 -10.802263 4.305550 4.261055 298.754608 13091.287539
241 -21.990211 6.143078 5.517172 155.597975 21947.299312
241 -14.976023 5.069552 4.177815 81.817385 12584.804719
241 -11.759701 4.492307 5.460227 301.151549 21496.588053
241 -5.273794 3.008381 5.513193 61.262656 21915.653734
241 -5.517991 3.077243 7.337963 21.578235 38823.895393
241 -11.296926 4.403028 14.500227 228.440074 151599.470786
241 -10.312271 4.206767 8.576312 97.525565 53033.369083
241 -16.227979 5.277200 6.977545 254.497082 35103.735315
241 -24.065803 6.426455 8.810180 159.708646 55965.151109
241 -23.384124 6.334785 3.898814 308.249969 10960.062552
241 3.056748 2.290346 4.224390 139.147883 12866.966486
242 -9.463160 4.029855 5.082204 302.463446 18623.115376
242 -7.477805 3.582270 5.915956 198.787712 25234.688758
242 -17.228954 5.437518 14.738090 118.019658 156613.965200
242 -9.188968 3.971044 2.427247 72.384900 4247.917794
242 -13.393963 4.794307 12.789900 138.413479 117945.779182
242 -7.414769 3.567140 7.011555 244.011298 35446.773644
242 -14.809272 5.041249 4.951924 344.884002 17680.557357
242 -26.001708 6.679935 6.223821 285.314438 27929.444605
242 -20.066656 5.868253 3.266787 253.557234 7694.663936
242 -21.814782 6.118525 6.239098 8.011200 28066.718543
242 -15.491725 5.156098 6.393578 315.969488 29473.794969
242 0.370637 0.797527 4.561835 154.056584 15004.698029
242 -20.538663 5.936868 12.922101 316.591651 120396.639867
242 -13.478274 4.809373 5.472031 152.454014 21589.630541
242 -14.440732 4.978126 11.442332 287.112625 94401.116993
243 -18.134217 5.578542 2.903528 112.431315 6078.552170
243 -13.942040 4.891414 10.363937 78.804697 77445.753565
243 -15.683356 5.187890 15.694701 319.907670 177604.571544
243 -16.997414 5.400858 2.542335 64.364887 4660.296860
243 -15.903152 5.224117 6.778456 309.686383 33129.100941
243 -9.808777 4.102785 2.274964 164.377254 3731.616489
243 -14.747114 5.030658 6.646731 311.688427 31854.022924
243 -14.017780 4.904683 3.985404 180.111657 11452.301362
243 -11.708611 4.482538 6.015517 57.850148 26091.195827
243 -19.832056 5.833849 11.805065 332.438276 100481.204418
243 -7.626240 3.617650 8.973904 11.741445 58064.525977
243 -12.326991 4.599386 3.982757 356.684782 11437.091316
243 -27.503795 6.870172 6.933791 130.780445 34664.864309
243 -8.807696 3.887787 6.525810 180.692221 30705.549353
243 -21.653157 6.095817 7.454538 67.816584 40067.253961
244 -11.075342 4.359632 6.630631 357.543004 31699.891333
244 -29.610972 7.128491 5.456351 112.850492 21466.076361
244 -14.588415 5.003517 9.783190 134.084207 69009.522764
244 -13.012919 4.725619 7.644954 30.512092 42140.317610
244 -16.686684 5.351263 6.825913 186.201726 33594.604143
244 -6.065116 3.226197 3.691238 296.027968 9824.088421
244 -19.603902 5.800195 18.448113 195.805936 245387.236708
244 -7.023419 3.471727 14.342699 14.135865 148323.451571
244 -12.417233 4.616190 3.556953 321.197028 9122.300935
244 -34.547698 7.699825 15.051006 16.363968 163334.944043
244 -13.164619 4.753083 11.300310 22.084134 92072.254703
244 -12.097001 4.556277 4.807902 264.052935 16667.071802
244 -2.196643 1.941561 4.353317 106.958128 13664.342068
244 -10.296105 4.203468 3.778639 9.501259 10294.823875
253 23.862080 5.886284 13.997568 222.824172 141271.082930
254 25.621985 6.099489 3.072517 350.108462 6806.700235
255 30.232738 6.625609 14.486292 62.032331 151308.218467
256 26.673010 6.223333 4.524513 43.851327 14760.184221
256 26.206143 6.168628 5.099514 118.143304 18750.188374
257 29.573794 6.553006 5.025946 74.950863 18213.095746
257 34.566917 7.084633 3.891317 348.084354 10917.952990
258 28.262836 6.406118 6.425756 297.061590 29771.209173
258 31.182727 6.728900 6.471090 35.899973 30192.765757
259 29.224757 6.514221 5.927370 155.098459 25332.155682
259 27.815096 6.355172 6.859359 184.125025 33924.634825
259 23.739068 5.871092 13.762023 295.363496 136556.575857
260 24.664258 5.984406 9.406601 27.893083 63798.942404
260 25.704980 6.109359 11.031275 188.196039 87740.383451
260 24.669749 5.985072 9.671000 87.738133 67435.851028
261 25.396725 6.072617 7.994903 289.345265 46086.573868
261 25.529770 6.088503 15.994431 224.141794 184452.964818
261 30.644611 6.670588 6.329681 214.511511 28887.617364
261 34.239562 7.051007 9.731375 282.785839 68280.469010
262 17.470351 5.036605 7.218235 66.836563 37567.309461
262 16.442650 4.886219 2.992026 185.754308 6454.740262
262 16.221980 4.853321 7.557182 33.018810 41178.240979
262 20.266045 5.424648 7.551529 286.172847 41116.664556
263 39.335311 7.557503 9.673645 114.546861 67472.747241
263 20.972227 5.518351 4.932029 255.230387 17538.780915
263 34.133866 7.040116 12.226980 244.046245 107791.981674
263 24.734588 5.992932 8.241964 186.571196 48978.951167
263 27.453134 6.313686 4.701087 134.974439 15934.728652
264 33.436010 6.967777 10.362556 43.661942 77425.112529
264 25.718554 6.110972 12.948813 92.513267 120894.894292
264 22.630537 5.732373 4.812259 0.059227 16697.295545
264 16.916674 4.956151 6.461174 57.521448 30100.304819
264 25.700818 6.108865 10.346455 130.344212 77184.705773
265 18.537160 5.188104 20.671930 24.837512 308113.069884
265 29.914392 6.590633 6.366815 212.948483 29227.557265
265 11.473569 4.081655 10.506001 70.413636 79583.491589
265 22.626792 5.731899 5.014148 77.716209 18127.682620
265 19.192391 5.278999 7.439794 78.987981 39908.911527
265 24.096356 5.915109 6.773708 31.436148 33082.703355
266 26.988346 6.260012 5.112403 197.291643 18845.089586
266 18.826280 5.228406 8.330122 30.743179 50032.342728
266 26.395471 6.190871 7.568043 250.964910 41296.688731
266 17.488403 5.039206 21.333018 73.831913 328135.086611
266 22.465061 5.711377 6.988741 243.327176 35216.482576
266 29.312438 6.523986 2.952136 237.894742 6283.776878
267 28.875240 6.475150 6.512065 221.786109 30576.344095
267 18.897691 5.238313 11.228530 267.462540 90906.274994
267 29.740263 6.571423 1.012913 303.232842 739.762572
267 24.923124 6.015729 2.250527 229.126182 3651.879283
267 22.714956 5.743055 8.535422 158.940680 52528.865840
267 23.245722 5.809765 12.616746 185.755781 114773.810283
267 7.336648 3.263893 3.646752 92.679708 9588.717306
268 22.620925 5.731156 5.896107 25.173051 25065.639611
268 15.841428 4.796056 7.204726 132.554677 37426.831076
268 26.571957 6.211533 3.501160 116.982328 8838.367048
268 18.722653 5.213997 3.827956 62.395678 10565.303668
268 26.277101 6.176974 3.809284 251.051070 10462.484763
268 18.511690 5.184538 3.953905 291.733210 11271.985951
268 15.176892 4.694382 6.323452 349.601321 28830.785657
269 28.083808 6.385796 5.279413 180.587986 20096.448164
269 34.689913 7.097226 10.880759 278.144790 85362.363607
269 23.095476 5.790959 2.364655 231.874032 4031.658539
269 17.242208 5.003610 10.692886 319.477271 82439.998789
269 23.799503 5.878561 7.672633 358.834128 42446.019386
269 19.806914 5.362848 7.561069 312.338845 41220.621078
269 17.857055 5.092042 18.815010 47.419499 255244.831996
269 5.336665 2.783697 7.850408 89.480307 44435.748419
270 25.418114 6.075174 4.155982 353.917626 12453.614548
270 24.091889 5.914560 8.058396 119.887550 46821.495156
270 20.401917 5.442802 7.135430 12.820872 36710.332405
270 16.355959 4.873321 6.837531 298.321662 33709.060357
270 22.066525 5.660490 7.248269 55.479537 37880.580021
270 19.192309 5.278988 3.993638 325.613473 11499.670748
270 26.826784 6.241247 4.601765 2.375393 15268.522575
270 21.616425 5.602463 9.231969 171.715180 61452.108455
270 26.977177 6.258717 4.606689 66.840807 15301.211219
271 14.826537 4.639882 2.837655 325.770872 5805.867847
271 30.505211 6.655399 4.390022 13.418956 13895.733046
271 14.418762 4.575631 4.315116 261.357230 13425.576158
271 22.751145 5.747628 8.501487 64.479856 52112.016514
271 17.476636 5.037511 8.193089 23.347586 48399.787150
271 27.635040 6.334569 8.263887 31.031570 49239.862201
271 12.389205 4.241396 5.526550 295.660784 22021.979209
271 30.598798 6.665600 3.205927 108.668638 7410.634176
271 23.118912 5.793897 3.436475 116.540683 8514.802116
272 12.271228 4.221153 3.474017 262.708832 8701.858752
272 15.063421 4.676801 8.903176 166.066254 57152.862460
272 13.865069 4.486917 6.447166 20.880251 29969.934566
272 20.617975 5.471546 4.256447 89.245089 13062.990955
272 26.160776 6.163287 16.503910 67.010399 196391.088349
272 25.169445 6.045384 6.492003 323.627980 30388.238001
272 13.097131 4.360890 6.409488 218.600390 29620.661502
272 26.264754 6.175523 3.269604 235.105493 7707.942119
272 16.204050 4.850638 4.994229 236.960996 17983.942723
272 32.735588 6.894410 3.984581 359.653490 11447.571468
273 20.735449 5.487111 6.544701 55.720658 30883.584863
273 19.211504 5.281627 8.823270 120.631096 56131.570762
273 34.219484 7.048939 9.746041 248.641890 68486.431238
273 10.371691 3.880716 9.446648 259.553526 64343.324211
273 28.480202 6.430705 8.456715 119.050931 51564.576941
273 18.066496 5.121816 4.475217 206.524807 14440.301074
273 17.770477 5.079683 4.818595 30.259169 16741.293249
273 20.927133 5.512415 2.951755 172.893757 6282.157654
273 22.003251 5.652369 9.222716 311.329498 61328.981956
273 25.926098 6.135580 6.105377 221.388190 26876.523015
273 31.217548 6.732656 7.485354 315.200270 40399.196128
274 23.482862 5.839324 13.934080 30.356849 139992.468437
274 21.423723 5.577435 5.721049 268.942782 23599.314567
274 16.129396 4.839451 5.770111 156.413196 24005.814720
274 14.595171 4.603537 7.653916 209.009900 42239.181411
274 14.872685 4.647097 7.010053 212.835885 35431.596078
274 9.011302 3.617269 4.529280 128.326630 14791.304979
274 25.454641 6.079537 3.209515 86.256121 7427.231126
274 7.588539 3.319450 6.232249 206.088330 28005.134376
274 24.325299 5.943142 6.794849 67.749216 33289.528186
274 28.899948 6.477920 16.630847 66.373026 199423.719478
274 23.422318 5.831791 8.797541 232.915631 55804.686117
275 17.037883 4.973875 7.390046 275.632923 39376.973730
275 5.552743 2.839493 2.893167 104.082250 6035.246988
275 17.732216 5.074211 3.325501 209.658790 7973.745163
275 12.110917 4.193490 6.566535 134.905694 31089.991099
275 11.058141 4.007081 23.783174 88.046864 407838.020189
275 19.207298 5.281049 9.962641 157.314392 71564.402153
275 18.412514 5.170632 11.865147 29.876829 101506.613538
275 13.009125 4.346214 9.088045 352.821558 59550.991319
275 34.005317 7.026846 5.494851 137.657580 21770.075989
275 21.411598 5.575856 2.681216 156.453097 5183.363471
275 27.642329 6.335405 4.516619 215.986884 14708.726159
275 16.738174 4.929934 3.261925 56.284015 7671.775701
276 28.926719 6.480920 7.038314 24.648261 35717.851448
276 22.434892 5.707541 2.444998 195.996301 4310.274390
276 17.148353 4.989974 6.320925 123.754726 28807.754894
276 24.905632 6.013618 4.640410 114.981572 15526.045014
276 25.847395 6.126260 3.456579 0.852701 8614.719087
276 23.273743 5.813266 8.219383 135.229696 48710.937775
276 17.647182 5.062030 5.670469 284.731105 23183.875581
276 39.657415 7.588383 5.730299 216.807885 23675.691574
276 25.620972 6.099368 6.532442 296.750301 30767.999223
276 22.880053 5.763888 6.550673 136.216884 30939.972227
276 22.983977 5.776964 3.940591 266.734763 11196.201204
276 18.027123 5.116232 5.516963 258.745938 21945.642030
277 11.306427 4.051816 8.627097 18.253834 53663.307103
277 8.186534 3.447760 7.217586 212.728785 37560.555201
277 16.427632 4.883987 11.665434 43.402998 98118.269605
277 15.909333 4.806324 11.090925 219.998450 88691.821938
277 27.655117 6.336870 10.205175 157.412074 75091.187371
277 10.110593 3.831558 14.262639 60.848751 146672.219647
277 26.979677 6.259007 7.406840 19.042122 39556.150865
277 16.209408 4.851440 4.355850 22.617036 13680.243727
277 38.055272 7.433519 8.196224 0.375983 48436.831028
277 11.480153 4.082826 10.548859 241.900574 80234.108112
277 12.609116 4.278873 10.801723 190.431870 84126.756122
277 29.514782 6.546465 6.534885 20.431014 30791.008761
277 30.925484 6.701088 6.274931 189.035038 28390.037229
278 16.190784 4.848652 17.295144 262.176769 215673.338372
278 30.295268 6.632457 7.489787 220.593588 40447.063663
278 22.120548 5.667415 7.137309 38.250986 36729.674858
278 8.620233 3.537908 25.171307 146.881291 456835.261286
278 20.518812 5.458372 11.779006 231.708941 100038.081802
278 16.955787 4.961877 8.592613 125.335835 53235.167024
278 3.355733 2.207398 2.960994 40.048315 6321.543718
278 19.663014 5.343331 10.507542 357.727489 79606.826653
278 18.519204 5.185590 11.644261 248.369188 97762.426200
278 15.046721 4.674207 4.984723 64.255473 17915.549175
278 9.520607 3.718086 6.611672 317.293075 31518.872481
278 18.863871 5.233623 7.069563 199.537877 36035.719899
278 25.135453 6.041300 5.314233 202.224606 20362.415510
278 17.095087 4.982218 8.296528 253.783176 49629.610638
279 27.509580 6.320174 4.351426 141.716952 13652.474537
279 19.694054 5.347547 11.579036 96.560089 96670.250654
279 28.669633 6.452056 8.193644 104.585118 48406.335319
279 17.311096 5.013596 4.072651 247.980680 11959.212071
279 16.116581 4.837528 4.326144 333.700433 13494.290359
279 32.526207 6.872326 15.575923 42.162289 174926.513123
279 19.736219 5.353268 5.755845 325.421466 23887.254986
279 22.533775 5.720105 12.126702 333.879055 106031.151550
279 17.564033 5.050091 3.117431 197.402720 7007.155516
279 6.045295 2.962755 6.453535 327.183325 30029.171904
279 13.887982 4.490623 11.914204 100.993613 102347.713490
279 28.891901 6.477018 4.034723 144.753161 11737.498664
279 10.238736 3.855762 10.012843 318.785187 72287.449091
279 36.724964 7.302436 8.263536 81.688537 49235.682177
280 18.618358 5.199454 3.388290 338.419982 8277.689349
280 21.344781 5.567150 11.745843 202.073618 99475.567347
280 22.144966 5.670542 3.079514 270.111360 6837.736829
280 27.993335 6.375502 4.232647 324.208031 12917.309997
280 25.992071 6.143382 6.413886 309.904262 29661.324914
280 23.033172 5.783143 4.935537 238.442295 17563.739267
280 10.465898 3.898300 3.436807 63.160193 8516.444629
280 12.753501 4.303301 7.925392 256.264143 45288.668881
280 11.082362 4.011467 12.975079 12.053949 121385.866920
280 22.426810 5.706513 3.343304 155.955017 8059.345480
280 22.078010 5.661963 16.645120 56.252234 199766.156289
280 15.032481 4.671995 6.999994 322.422641 35329.982540
280 15.894131 4.804027 2.098828 274.641894 3176.156994
280 2.343054 1.844498 6.863476 350.719822 33965.364894
280 13.468943 4.422357 8.935549 67.292368 57569.247395
281 13.980477 4.505552 3.732271 94.462189 10043.718088
281 21.634161 5.604761 11.990583 2.501947 103664.172351
281 14.298663 4.556535 7.947301 329.114402 45539.413994
281 8.736769 3.561742 8.712648 168.998794 54732.891881
281 17.364650 5.021345 6.339350 275.690637 28975.938959
281 4.508225 2.558526 5.227892 342.089970 19706.129662
281 19.210125 5.281438 6.574937 197.042182 31169.606056
281 30.264484 6.629087 14.165480 168.024962 144680.713708
281 34.629166 7.091009 8.573893 190.318656 53003.461792
281 10.931758 3.984117 8.328011 340.255967 50006.979351
281 21.831457 5.630259 9.486146 2.872045 64882.517717
281 22.223033 5.680528 4.993414 144.961992 17978.073551
281 24.715406 5.990608 9.624102 163.361394 66783.402219
281 14.672865 4.615774 8.236272 173.610206 48911.327025
281 17.050688 4.975744 5.170669 197.300925 19277.093637
281 16.262923 4.859441 9.398349 268.159333 63687.058016
282 18.843536 5.230802 4.426237 329.220905 14125.939918
282 4.504655 2.557513 3.415801 198.212529 8412.657980
282 22.984688 5.777053 6.324105 26.323268 28836.739194
282 11.227117 4.037580 4.573538 245.074213 15081.784213
282 5.386871 2.796761 6.027766 169.696441 26197.562863
282 13.061980 4.355034 10.483893 186.211260 79248.903274
282 20.732327 5.486698 10.816450 165.751090 84356.309395
282 10.557799 3.915378 10.496111 10.710054 79433.720319
282 21.505204 5.588031 6.833368 319.926276 33668.030253
282 15.368530 4.723927 11.255584 55.242074 91344.865317
282 10.194910 3.847501 4.498098 290.053732 14588.337998
282 16.458344 4.888551 4.372998 180.081313 13788.171442
282 31.651872 6.779330 7.677739 322.147146 42502.530798
282 14.532371 4.593622 7.057692 270.197173 35914.800167
282 26.976855 6.258679 4.040004 235.138402 11768.241201
282 17.340891 5.017909 5.512749 241.083122 21912.125570
283 17.566978 5.050514 12.767695 323.009297 117536.579017
283 21.120294 5.537797 4.731626 18.403749 16142.431094
283 22.625469 5.731732 4.295923 235.872275 13306.416850
283 22.700887 5.741277 8.050088 228.171675 46724.999363
283 32.530435 6.872773 6.163843 291.194341 27393.728287
283 27.526488 6.322116 9.499377 204.704958 65063.640229
283 16.742927 4.930634 9.854704 48.463246 70022.119558
283 17.333093 5.016780 7.226483 86.342707 37653.215076
283 10.660834 3.934437 6.101567 330.225359 26842.990476
283 17.498998 5.040732 14.997102 327.124027 162167.099363
283 20.225797 5.419258 5.167695 334.679360 19254.922332
283 14.536315 4.594246 14.031775 71.377197 141962.386857
283 18.180383 5.137935 7.114978 184.075710 36500.200063
283 21.122376 5.538070 5.748277 132.433476 23824.483762
283 22.157525 5.672150 3.041505 216.378719 6669.990053
283 21.055369 5.529279 4.088534 27.471357 12052.671790
283 15.082955 4.679832 3.482978 196.153576 8746.809317
284 11.796265 4.138656 4.547150 9.583457 14908.248445
284 13.288428 4.392622 8.465141 312.710055 51667.385403
284 22.171351 5.673919 6.597826 323.781455 31386.997612
284 13.999585 4.508630 3.851418 314.284847 10695.213108
284 8.103573 3.430246 16.433984 100.241803 194730.418755
284 12.778701 4.307551 1.754587 314.481025 2219.719424
284 18.290775 5.153510 4.149595 301.035313 12415.363917
284 20.965164 5.517422 9.650214 34.195875 67146.287041
284 20.663248 5.477550 7.749332 190.173751 43298.876112
284 4.719437 2.617774 9.052522 115.448209 59086.367518
284 15.909639 4.806370 12.199248 353.778293 107303.567679
284 11.459299 4.079116 12.563494 203.437623 113806.992081
284 20.618554 5.471623 10.485282 61.469401 79269.905161
284 5.960761 2.941968 5.404390 338.221520 21059.178915
284 18.166700 5.136001 3.324073 151.969509 7966.894461
284 11.127066 4.019550 11.194242 206.030337 90351.927987
284 18.847836 5.231398 7.294947 21.743420 38370.046287
284 21.286760 5.559578 8.620367 215.843661 53579.620104
285 20.246354 5.422012 8.420136 139.618822 51119.466188
285 18.824848 5.228207 6.296251 11.687123 28583.281568
285 21.713940 5.615085 9.066437 347.360224 59268.153780
285 18.714463 5.212856 10.425989 104.801184 78375.908680
285 13.616796 4.446564 7.923719 211.541349 45269.550968
285 21.239931 5.553459 6.968900 159.009608 35016.803835
285 26.887715 6.248330 8.508723 184.901245 52200.759309
285 8.261128 3.463432 6.043440 138.820504 26333.983220
285 8.261934 3.463601 6.927464 184.010856 34601.638845
285 36.879947 7.317828 7.040051 281.842343 35735.480972
285 12.520134 4.263748 5.738157 154.084720 23740.664133
285 12.496026 4.259641 2.059144 173.507656 3057.183165
285 6.150654 2.988462 8.707548 113.782131 54668.836826
285 22.166323 5.673276 3.344888 71.719308 8066.984724
285 16.411693 4.881617 11.831210 260.238244 100926.774046
285 24.849846 6.006879 9.865618 152.441629 70177.304649
285 19.503291 5.321585 2.574968 333.046111 4780.702932
285 16.514132 4.896829 4.585717 46.015124 15162.215419
286 13.074595 4.357136 5.983950 280.994970 25818.082216
286 10.630976 3.928924 10.204987 285.233272 75088.425033
286 15.599178 4.759243 6.343129 191.438878 29010.492223
286 17.190682 4.996129 8.575138 285.330484 53018.856127
286 21.752645 5.620088 6.586232 142.125441 31276.781893
286 12.868842 4.322717 5.291255 245.118171 20186.709001
286 22.507680 5.716792 10.971283 321.319869 86788.643549
286 17.789973 5.082468 5.664794 301.372694 23137.494287
286 28.134553 6.391563 15.346865 220.847053 169819.449235
286 9.780796 3.768549 3.569815 43.736841 9188.393844
286 25.901315 6.132647 5.036651 286.046447 18290.758143
286 14.470993 4.583911 8.875204 163.306836 56794.304590
286 16.664336 4.919048 4.592884 299.154807 15209.644162
286 27.607525 6.331415 3.365402 308.221576 8166.238321
286 27.178544 6.282032 8.726475 3.098123 54906.757095
286 17.937558 5.103507 5.449615 332.953582 21413.109414
286 18.538259 5.188257 5.106132 312.654035 18798.888942
286 16.524782 4.898408 15.795532 258.158100 179893.963583
286 17.676543 5.066239 6.817406 18.247160 33510.923163
287 16.469478 4.890204 6.186115 65.245259 27592.057833
287 20.177722 5.412814 7.029794 206.555372 35631.435476
287 12.009469 4.175889 4.067642 176.785474 11929.810357
287 24.427086 5.955564 5.675054 6.611350 23221.380183
287 11.268569 4.045027 4.827619 113.493643 16804.051096
287 4.984583 2.690305 3.627316 134.783358 9486.782299
287 15.283130 4.710784 2.824048 119.821318 5750.321254
287 16.769181 4.934498 6.363017 324.649495 29192.699990
287 16.663131 4.918870 5.077049 118.136588 18585.349587
287 28.962269 6.484901 10.976156 130.129946 86865.753303
287 2.659317 1.965043 11.674313 293.136633 98267.684641
287 21.626169 5.603725 5.452830 19.395305 21438.378576
287 10.803396 3.960657 9.066784 48.547936 59272.686032
287 20.305291 5.429898 13.605602 289.219659 133469.972621
287 29.956146 6.595231 1.979187 299.454845 2824.371245
287 17.827514 5.087828 14.520839 51.345469 152030.766497
287 14.535616 4.594135 14.564028 310.590751 152936.474262
287 17.078562 4.979809 6.081875 1.670712 26669.997967
287 16.322544 4.868341 14.288053 110.909147 147195.373474
288 15.306194 4.714337 2.414595 49.771735 4203.747713
288 17.459306 5.035012 15.180187 46.260876 166150.763886
288 7.233032 3.240763 7.381135 147.390929 39282.066714
288 22.960323 5.773990 13.593902 157.173108 133240.529621
288 34.981840 7.127026 5.019313 248.423040 18165.049305
288 10.954137 3.988193 6.192157 355.826954 27645.978294
288 7.045470 3.198468 13.023417 209.961755 122291.976479
288 6.584600 3.092087 6.206844 129.554030 27777.285322
288 8.493952 3.511899 2.815074 140.588630 5713.833416
288 21.550889 5.593964 12.865541 352.954134 119344.994497
288 30.110781 6.612232 5.377458 84.305401 20849.809377
288 14.197112 4.540326 11.977543 322.458443 103438.811181
288 24.025003 5.906344 2.466472 346.144660 4386.320067
288 12.555266 4.269726 1.521552 331.304052 1669.251391
288 17.189531 4.995961 11.640415 267.013630 97697.847777
288 28.987798 6.487758 4.188283 241.418066 12647.948019
288 6.921883 3.170291 5.966262 42.604555 25665.676160
288 19.703027 5.348765 8.348675 321.246605 50255.448837
288 20.156528 5.409971 6.211752 184.965373 27821.224809
288 15.353579 4.721629 6.765691 13.975371 33004.437867
289 18.484329 5.180705 9.199147 339.926639 61015.923546
289 34.248456 7.051923 13.149650 281.714045 124674.163817
289 20.546824 5.462097 13.004258 79.931850 121932.434483
289 26.416984 6.193393 2.498433 345.372883 4500.735303
289 11.796234 4.138650 7.521740 246.780697 40792.908203
289 17.782134 5.081349 8.522559 321.806473 52370.663065
289 22.972263 5.775491 10.926036 165.640526 86074.272820
289 14.938645 4.657390 13.447625 307.160965 130388.480998
289 18.324998 5.158329 13.703163 232.007659 135390.981952
289 11.611744 4.106159 10.209503 0.630832 75154.899103
289 20.242994 5.421562 3.475342 182.271172 8708.495159
289 23.956142 5.897874 4.938623 66.140112 17585.706358
289 10.281801 3.863862 10.071615 88.100958 73138.542083
289 7.381216 3.273792 9.496167 161.649733 65019.668859
289 31.443503 6.756978 8.713850 302.957922 54747.991778
289 13.928874 4.497229 6.599363 87.127828 31401.626110
289 21.054858 5.529212 3.029591 165.017377 6617.838983
289 14.099472 4.524686 4.161680 196.251708 12487.787266
289 22.523987 5.718863 8.622924 283.739263 53611.403230
289 25.269078 6.057337 12.147424 97.536387 106393.835070
289 -2.376467 1.857603 3.422294 292.789137 8444.670332
290 23.039931 5.783991 6.263787 84.759633 28289.286009
290 13.945370 4.499892 4.121043 136.799053 12245.100643
290 21.711579 5.614780 4.018692 229.605158 11644.409279
290 17.061132 4.977267 2.726531 215.010479 5360.053331
290 20.232511 5.420158 3.109521 331.635435 6971.639572
290 19.229737 5.284133 5.763682 353.042750 23952.351758
290 31.140754 6.724370 4.143381 273.499260 12378.209887
290 8.957737 3.606502 9.323479 39.601185 62676.402699
290 14.435860 4.578344 4.813419 257.687858 16705.346820
290 33.598927 6.984732 10.731106 91.519143 83030.384078
290 4.145053 2.453308 15.173571 172.815235 166005.951888
290 25.413816 6.074660 6.787643 15.592446 33218.964159
290 10.122691 3.833849 5.185197 305.470659 19385.568265
290 23.038741 5.783842 17.898072 62.601445 230972.664735
290 12.318669 4.229304 9.137681 123.109689 60203.268771
290 25.123360 6.039847 2.995780 335.002499 6470.948462
290 10.376019 3.881525 19.917102 122.894670 286022.610648
290 27.346857 6.301454 4.223695 270.071565 12862.731674
290 26.296774 6.179286 4.704761 39.989021 15959.645635
290 31.504395 6.763518 2.644458 209.961035 5042.214167
290 15.259531 4.707146 6.276304 201.276133 28402.460065
291 21.822080 5.629050 1.491800 328.099152 1604.609276
291 17.161289 4.991855 4.238973 174.581782 12955.951993
291 4.577753 2.578180 4.364157 135.223926 13732.477690
291 12.624729 4.281521 8.656127 206.804781 54025.066234
291 5.643023 2.862483 7.075254 31.954523 36093.759360
291 14.849517 4.643476 4.194712 279.956552 12686.806826
291 20.219826 5.418459 18.893689 201.458333 257384.025797
291 22.647345 5.734502 6.316996 90.237866 28771.952142
291 30.320353 6.635202 10.602261 7.769469 81048.513868
291 -0.787085 1.069049 7.126964 265.075880 36623.275671
291 16.759096 4.933014 14.740130 182.121467 156657.315426
291 14.413472 4.574792 7.590255 38.432101 41539.451368
291 21.916264 5.641185 10.732100 265.607637 83045.765577
291 23.008701 5.780070 6.156263 27.791394 27326.402436
291 7.572459 3.315931 10.351164 302.792986 77254.968640
291 30.154857 6.617069 6.818580 6.098201 33522.464636
291 13.206415 4.379046 8.274116 348.479791 49361.829843
291 23.313185 5.818189 3.915979 6.633938 11056.784506
291 23.823194 5.881486 8.917459 10.387925 57336.391645
291 6.422719 3.053842 4.921563 125.774378 17464.419754
291 21.711170 5.614727 6.597817 286.089223 31386.910468
291 18.136116 5.131676 7.382389 170.316973 39295.421854
292 21.421138 5.577099 8.650975 355.620552 53960.778419
292 15.432492 4.733747 2.069174 288.056272 3087.039075
292 12.970234 4.339712 8.857715 282.160980 56570.693763
292 22.726224 5.744480 2.424874 261.279359 4239.613599
292 13.125647 4.365635 14.075593 187.841070 142850.397146
292 14.156246 4.533787 4.466705 297.909086 14385.425028
292 11.259299 4.043363 4.268939 142.114629 13139.774283
292 17.266242 5.007096 9.026368 352.787622 58745.431790
292 23.576746 5.850985 8.468448 247.095398 51707.757648
292 4.210477 2.472593 7.006166 145.268982 35392.312115
292 6.436230 3.057052 18.751544 57.119149 253525.793676
292 22.566827 5.724299 7.286565 125.803066 38281.922725
292 35.579215 7.187622 4.500014 316.119954 14600.772347
292 19.558284 5.329082 6.236842 246.428397 28046.426728
292 31.247422 6.735877 8.571464 5.459374 52973.432423
292 26.394389 6.190744 26.178917 287.154545 494141.612703
292 14.440164 4.579026 8.531933 285.437795 52485.930222
292 18.853461 5.232179 13.574885 2.404771 132868.007322
292 21.211934 5.549798 7.158202 151.080161 36945.029341
292 19.489673 5.319727 10.737066 304.088642 83122.640173
292 14.550023 4.596411 7.894004 139.302494 44930.652717
292 26.907903 6.250676 7.283380 200.306654 38248.465024
293 21.389412 5.572967 9.826642 340.227495 69623.898344
293 14.324565 4.560661 7.144060 64.499603 36799.193120
293 24.393745 5.951498 7.752888 329.684564 43338.625698
293 24.203641 5.928262 10.482638 63.737209 79229.921861
293 22.380374 5.700602 7.956390 323.956120 45643.629541
293 7.837167 3.373390 7.126249 43.368063 36615.926860
293 14.526309 4.592664 6.432278 135.776312 29831.678586
293 17.075885 4.979419 7.754319 217.113511 43354.623332
293 23.677213 5.863438 10.193214 281.145461 74915.273146
293 11.765863 4.133319 5.389728 250.499817 20945.068501
293 19.474164 5.317610 3.836046 275.055155 10610.009547
293 19.604535 5.335380 6.501752 224.590759 30479.575228
293 33.324618 6.956161 40.315952 285.264548 1171930.677961
293 19.330851 5.298007 15.608705 8.561256 175663.615636
293 14.088363 4.522903 6.940055 351.199328 34727.526462
293 13.071288 4.356585 8.432217 59.610637 51266.253952
293 18.868365 5.234247 9.252978 312.902734 61732.108335
293 24.016280 5.905272 10.208092 8.197448 75134.128816
293 17.991605 5.111190 7.041011 85.888640 35745.233883
293 10.946251 3.986757 7.469448 20.325298 40227.688786
293 21.174477 5.544896 7.436600 144.842747 39874.654035
293 18.769181 5.220471 4.026932 301.089599 11692.211901
293 16.536793 4.900187 11.646480 107.849501 97799.682416
294 21.830035 5.630076 2.292352 32.257081 3788.879858
294 7.517360 3.303845 4.899323 223.024988 17306.935230
294 8.205167 3.451682 14.737508 249.674388 156601.589490
294 19.559485 5.329246 3.532371 336.203895 8996.645810
294 4.276882 2.492015 3.759842 21.660179 10192.653361
294 8.769268 3.568360 4.233143 269.970591 12920.338278
294 23.755823 5.873163 2.354724 206.851977 3997.865913
294 8.674555 3.549038 5.824277 175.891701 24458.633333
294 27.879678 6.362546 4.982479 73.224257 17899.420137
294 14.047201 4.516291 12.677927 258.200731 115889.628348
294 20.218693 5.418307 15.146408 167.474813 165412.128000
294 23.694435 5.865570 7.805475 113.845593 43928.542426
294 25.007619 6.025918 28.398459 238.780760 581483.800305
294 14.910129 4.652943 4.484595 308.771673 14500.884022
294 19.832540 5.366316 5.690492 162.306265 23347.896148
294 31.991796 6.815636 13.469720 186.551483 130817.307045
294 11.891506 4.155330 4.305884 152.952276 13368.194821
294 4.026869 2.418081 11.360652 27.616187 93058.187258
294 16.132115 4.839859 7.815219 188.885330 44038.278591
294 13.534698 4.433139 17.517673 77.942441 221258.981683
294 6.994714 3.186926 6.358807 121.468505 29154.081599
294 20.157349 5.410081 3.725609 316.949883 10007.891073
294 7.320191 3.260230 5.977305 146.735924 25760.774934
295 16.965703 4.963328 6.827446 329.053383 33609.699369
295 20.018510 5.391417 2.569914 242.929323 4761.953551
295 20.956313 5.516257 6.390755 245.274557 29447.766003
295 19.447698 5.313995 6.793276 322.575138 33274.123559
295 18.847759 5.231388 4.886332 132.959161 17215.276807
295 22.181735 5.675247 11.048238 237.706794 88010.426946
295 13.090473 4.359781 8.757814 305.823365 55301.829026
295 25.477583 6.082277 9.432282 117.789124 64147.785332
295 21.317126 5.563542 1.468936 192.277197 1555.801230
295 24.338263 5.944726 5.650943 98.966095 23024.482520
295 10.967473 3.990620 4.131779 300.976434 12308.986888
295 13.949266 4.500520 3.968202 220.570147 11353.652117
295 11.526127 4.090993 8.219800 114.519756 48715.877554
295 37.020291 7.331738 5.567761 256.530756 22351.634532
295 16.922250 4.956968 17.963263 256.446228 232658.301596
295 20.874582 5.505489 6.003929 49.885719 25990.770977
295 15.348965 4.720920 2.892262 241.568534 6031.471418
295 17.432327 5.031121 15.995687 189.416576 184481.954324
295 19.257479 5.287943 14.659864 9.945430 154955.853107
295 13.419463 4.414227 11.282745 173.925016 91786.245009
295 2.831634 2.027709 6.424891 130.210585 29763.194721
295 28.157072 6.394120 5.722130 99.708854 23608.236880
295 25.578285 6.094285 8.137800 329.106533 47748.763794
296 22.514381 5.717643 2.708523 341.660279 5289.482215
296 29.536133 6.548832 14.921415 96.838267 160534.402391
296 24.181716 5.925576 8.407731 65.981078 50968.944850
296 20.176852 5.412697 4.518509 139.961714 14721.033556
296 14.362272 4.566659 4.504382 244.294301 14629.128927
296 6.824112 3.147822 14.980455 176.406101 161807.295022
296 15.029021 4.671457 4.752623 9.737464 16286.010928
296 11.890850 4.155215 9.515318 37.826247 65282.182966
296 16.916891 4.956183 9.289310 113.364931 62217.854547
296 19.978373 5.386009 11.952762 7.117897 103011.235277
296 3.732672 2.328075 7.666089 70.827717 42373.640968
296 14.194245 4.539868 4.217480 247.210979 12824.905995
296 12.551820 4.269140 10.919146 114.922796 85965.746540
296 19.997874 5.388637 4.731400 146.919751 16140.886682
296 13.429270 4.415839 10.196702 75.542681 74966.546471
296 6.703991 3.119994 7.717551 28.207737 42944.458873
296 22.233710 5.681892 7.687191 267.388654 42607.240854
296 6.911668 3.167951 2.711970 184.982437 5302.952272
296 20.510426 5.457257 13.478875 287.095948 130995.193225
296 5.015776 2.698709 11.192659 310.293347 90326.384091
296 17.562658 5.049893 5.378142 321.595201 20855.114209
296 13.009558 4.346286 8.583087 0.053820 53117.191195
296 26.551518 6.209144 10.137672 260.533081 74101.074120
296 21.604044 5.600858 7.048076 97.459203 35817.005178
297 19.245895 5.286352 3.767207 208.378894 10232.623468
297 19.584693 5.332679 4.585688 236.901035 15162.023740
297 17.395775 5.025843 12.907157 267.254260 120118.319176
297 25.279091 6.058537 7.326851 22.345912 38706.397309
297 19.977224 5.385855 1.917868 280.252129 2652.072604
297 25.306027 6.061764 16.134133 246.583022 187689.230678
297 16.827468 4.943066 4.780563 218.310090 16478.065707
297 38.588569 7.485424 6.639907 241.696559 31788.645486
297 5.583251 2.847283 4.037375 204.575280 11752.934316
297 15.995023 4.819250 3.581918 259.754911 9250.803042
297 12.529624 4.265364 3.780575 239.668114 10305.372913
297 15.792112 4.788584 11.689335 332.466926 98520.746116
297 22.153614 5.671649 2.803636 343.961261 5667.495789
297 17.794335 5.083092 6.884091 316.516206 34169.706040
297 11.638991 4.110974 6.123868 149.040866 27039.569206
297 11.325358 4.055207 16.777893 62.474706 202965.829791
297 21.873167 5.635635 5.918052 247.439950 25252.575683
297 14.353311 4.565235 24.925991 342.417246 447974.149552
297 9.014864 3.617984 10.157133 250.465048 74385.853560
297 22.531659 5.719837 6.313083 210.237202 28736.312265
297 19.605767 5.335547 8.214176 260.060641 48649.247373
297 11.815410 4.142013 12.695480 342.835297 116210.763976
297 15.132832 4.687563 14.924963 151.817419 160610.750358
297 20.975215 5.518744 15.202925 207.355532 166648.867368
298 22.911872 5.767895 8.356521 102.847817 50349.955645
298 32.361897 6.854946 5.182177 126.968612 19362.993221
298 19.326431 5.297401 7.779847 247.474598 43640.548582
298 18.171170 5.136633 5.839104 176.269189 24583.319424
298 16.310274 4.866511 14.982715 315.965831 161856.106171
298 22.108554 5.665878 9.274939 7.894915 62025.489839
298 24.776737 5.998037 8.342938 289.663974 50186.409751
298 12.638207 4.283806 13.193272 211.654232 125502.719047
298 5.675421 2.870689 10.305944 114.769244 76581.464464
298 22.123958 5.667851 13.759114 47.989859 136498.851336
298 21.727305 5.616813 7.937118 23.441494 45422.779586
298 16.757661 4.932803 3.051905 12.466660 6715.680033
298 33.762751 7.001740 10.249346 309.005318 75742.635952
298 10.693976 3.940548 3.559197 181.009505 9133.810868
298 19.905514 5.376179 3.331337 151.419859 8001.753466
298 2.493128 1.902652 5.983514 41.565413 25814.318322
298 13.681625 4.457136 16.666807 286.622578 200287.063804
298 9.305692 3.675880 5.400323 321.793697 21027.491874
298 13.151719 4.369968 7.494345 298.357743 40496.313884
298 24.240590 5.932785 6.882506 110.244239 34153.975051
298 21.766759 5.621911 9.327592 196.437116 62731.716815
298 19.862596 5.370380 6.956661 273.668280 34893.918557
298 9.985137 3.807712 7.294492 125.491234 38365.260535
298 23.042300 5.784289 2.730387 56.155230 5375.223903
298 24.602744 5.976939 6.369775 38.449292 29254.739371
299 12.205045 4.209754 10.046375 250.095159 72772.423165
299 25.633239 6.100828 9.349411 3.381507 63025.539263
299 12.180263 4.205478 6.481756 136.747510 30292.382131
299 8.632969 3.540521 11.280822 357.162570 91754.969987
299 14.114468 4.527092 6.285386 36.487623 28484.720435
299 14.038446 4.514884 8.062031 231.514530 46863.742733
299 8.809135 3.576463 8.755709 58.183228 55275.254240
299 8.848091 3.584362 7.396600 238.667080 39446.845834
299 16.046188 4.826952 6.096114 72.462347 26795.029189
299 14.857985 4.644800 4.954311 237.112138 17697.606290
299 18.122616 5.129765 8.847095 109.566591 56435.119162
299 13.478992 4.424006 7.040650 66.458593 35741.569588
299 12.937407 4.334217 7.435119 238.784674 39858.770693
299 20.456896 5.450131 3.857951 326.288115 10731.527424
299 27.505830 6.319743 12.095532 354.166013 105486.778693
299 17.800316 5.083946 4.920673 47.283797 17458.104458
299 14.561629 4.598244 20.430716 177.688151 300964.473072
299 -0.762640 1.052318 5.239161 110.404803 19791.173796
299 18.356468 5.162756 5.139445 343.167251 19044.976707
299 12.553550 4.269434 4.825158 326.671750 16786.928129
299 20.761843 5.490602 5.905317 320.715513 25144.004925
299 15.038151 4.672876 9.893040 272.783958 70567.961950
299 16.066707 4.830037 5.268869 154.658967 20016.257313
299 18.971085 5.248475 4.011061 226.693438 11600.232760
299 17.570135 5.050968 9.308198 47.391350 62471.121330
300 15.352639 4.721485 2.243176 168.708915 3628.062370
300 10.116863 3.832746 6.048479 38.529481 26377.912148
300 28.025625 6.379178 13.515244 193.791997 131703.064926
300 3.092312 2.118989 18.575029 248.791978 248775.193259
300 6.721259 3.124010 23.185680 222.100128 387603.540370
300 14.918171 4.654198 3.349068 351.553243 8087.160740
300 14.921146 4.654662 2.298929 334.014055 3810.650081
300 7.812941 3.368172 11.571658 291.616418 96547.104660
300 11.517722 4.089501 11.156812 291.021771 89748.721009
300 24.127263 5.918901 7.978899 254.042981 45902.259095
300 11.706085 4.122806 2.740118 85.759132 5413.606980
300 15.332865 4.718443 2.128366 315.340610 3266.185836
300 18.175880 5.137298 7.320532 333.474278 38639.667063
300 13.534612 4.433125 3.176349 116.797586 7274.520787
300 16.915642 4.956000 10.878290 181.994757 85323.632780
300 14.847357 4.643138 8.154049 55.845629 47939.638080
300 1.982180 1.696518 8.131598 267.638000 47676.010884
300 11.228023 4.037743 11.861959 237.008013 101452.077726
300 9.943385 3.799743 2.266441 317.230346 3703.709358
300 16.868379 4.949071 4.663902 4.051770 15683.639348
300 5.565261 2.842692 4.066923 208.554494 11925.593911
300 12.534240 4.266149 4.735432 72.647954 16168.406766
300 24.035918 5.907686 11.676568 68.766780 98305.657701
300 17.079345 4.979923 5.193454 144.841561 19447.359036
300 18.871975 5.234747 8.858898 53.847777 56585.802378
301 17.122020 4.986141 10.732903 310.536679 83058.199483
301 20.044656 5.394937 4.233442 192.022083 12922.167095
301 23.705633 5.866956 4.755312 178.571723 16304.445747
301 10.474351 3.899874 10.494749 214.992563 79413.108307
301 18.396122 5.168329 7.906732 129.112826 45075.662717
301 18.099887 5.126547 9.949497 7.083608 71375.688424
301 17.787281 5.082084 12.437169 146.448547 111529.859586
301 6.695924 3.118116 7.193890 178.302277 37314.332524
301 2.263000 1.812714 11.917263 96.386276 102400.268239
301 20.240098 5.421174 4.429657 357.992870 14147.777942
301 16.908647 4.954975 22.755758 324.960815 373362.489674
301 5.215867 2.752012 11.207349 97.871454 90563.643650
301 16.946374 4.960500 7.759178 152.056935 43408.972150
301 3.771527 2.340161 16.927714 250.437105 206606.846276
301 20.007854 5.389982 3.562394 293.198187 9150.230742
301 13.250388 4.386330 7.850491 246.380507 44436.696485
301 11.274225 4.046042 11.154668 81.701899 89714.240261
301 26.367142 6.187548 4.153233 86.833330 12437.146400
301 12.167304 4.203240 6.997313 195.893484 35302.920593
301 19.021232 5.255407 4.849843 93.287548 16959.127862
301 8.394452 3.491268 13.246826 112.476772 126523.655643
301 2.389921 1.862854 4.493519 158.833215 14558.656189
301 20.544601 5.461801 7.045978 80.850872 35795.685798
301 17.398489 5.026235 7.754459 91.567863 43356.183122
301 15.666301 4.769472 12.943577 291.671337 120797.149354
301 7.466557 3.292663 8.846064 201.629888 56421.962662
302 21.707885 5.614302 4.121726 93.613542 12249.159231
302 10.299648 3.867214 4.192898 287.170130 12675.840283
302 19.671966 5.344547 4.435593 14.385428 14185.724398
302 15.920827 4.808060 8.505360 63.720807 52159.509907
302 23.306410 5.817344 7.930230 144.624717 45343.978523
302 6.947227 3.176090 9.808664 256.009025 69369.375244
302 13.512224 4.429457 2.866781 48.716054 5925.664303
302 14.026859 4.513020 9.117794 109.961661 59941.496579
302 21.823807 5.629273 7.255972 283.452849 37961.147226
302 19.343012 5.299673 17.927725 107.376532 231738.620969
302 21.041941 5.527515 19.797321 306.951923 282592.689250
302 10.661154 3.934496 4.048759 207.547426 11819.305786
302 22.444097 5.708712 10.567280 69.036783 80514.581195
302 25.626796 6.100061 3.467146 61.478744 8667.467634
302 16.523183 4.898171 6.343362 174.382562 29012.631184
302 18.285613 5.152783 10.547778 135.733988 80217.661495
302 13.215593 4.380568 5.057652 10.022762 18443.610722
302 27.827742 6.356617 7.854404 321.116319 44481.004120
302 15.630323 4.763992 8.365374 213.433464 50456.696050
302 19.820207 5.364647 4.256912 163.398901 13065.841808
302 13.196440 4.377392 4.386289 256.940746 13872.114140
302 15.918324 4.807682 5.109805 280.492687 18825.943430
302 13.825210 4.480463 7.334225 142.907171 38784.352220
302 5.856778 2.916194 2.718819 92.718401 5329.772575
302 11.070370 4.009296 8.911236 92.506469 57256.389238
302 12.166249 4.203058 6.099597 108.482565 26825.654929
303 5.578512 2.846074 4.385744 77.177027 13868.660933
303 17.292299 5.010873 3.207995 358.632618 7420.197249
303 7.392695 3.276336 5.609641 28.731698 22689.151395
303 28.507078 6.433738 7.575032 340.990555 41373.005540
303 3.654293 2.303503 7.590066 220.656931 41537.389527
303 9.597115 3.732995 5.563515 184.492515 22317.557118
303 14.873683 4.647253 6.610165 302.596846 31504.510633
303 14.963739 4.661301 2.615142 141.193510 4931.041131
303 6.742659 3.128979 17.211785 320.939999 213599.346136
303 10.414982 3.888806 3.189471 91.401029 7334.750801
303 22.658623 5.735930 6.890635 195.132349 34234.701925
303 18.047270 5.119090 4.651738 235.154732 15601.936568
303 29.964838 6.596188 8.389196 40.908703 50744.471403
303 10.205782 3.849552 8.431499 269.978736 51257.523070
303 10.219322 3.852105 11.760379 168.714812 99721.936667
303 9.726093 3.757995 8.836985 45.722160 56306.215696
303 12.395423 4.242460 1.994106 293.797499 2867.112574
303 16.344525 4.871618 4.045116 253.963285 11798.045481
303 15.413196 4.730787 4.861335 13.560058 17039.589327
303 18.980918 5.249835 9.096575 305.466649 59662.835721
303 4.272229 2.490659 5.408084 41.977961 21087.981167
303 2.665195 1.967214 3.386155 124.996394 8267.260365
303 34.735908 7.101930 16.183618 315.009612 188842.311197
303 25.534911 6.089116 2.978477 235.799294 6396.412579
303 25.979875 6.141940 11.807809 165.727002 100527.928546
303 19.471012 5.317179 5.744070 215.199433 23789.620099
304 20.665527 5.477852 2.467726 339.741171 4390.781789
304 13.339533 4.401061 8.658079 188.854782 54049.438971
304 19.808255 5.363029 6.037988 19.466311 26286.486665
304 17.480535 5.038072 9.250969 166.788782 61705.313878
304 7.747630 3.354065 7.166493 300.038248 37030.655947
304 23.604874 5.854474 11.345790 160.999422 92814.876765
304 24.312137 5.941534 23.179714 290.717099 387404.095079
304 20.404763 5.443182 8.199002 5.516199 48469.671682
304 20.473762 5.452377 3.847787 230.025990 10675.056986
304 27.249404 6.290216 8.736924 223.721494 55038.321222
304 11.717457 4.124808 5.307247 0.061289 20308.910530
304 8.907455 3.596366 5.775174 51.795853 24047.961030
304 8.847304 3.584202 3.194484 340.898782 7357.824169
304 12.029062 4.179294 3.350672 236.639325 8094.905788
304 17.562429 5.049860 5.053957 246.495995 18416.672742
304 6.789509 3.139831 5.064004 107.576778 18489.969791
304 6.833611 3.150012 6.486191 111.344929 30333.845959
304 3.239748 2.168916 7.985425 161.508836 45977.371154
304 12.760504 4.304483 8.716912 67.082925 54786.475495
304 15.723353 4.778148 4.591757 23.971322 15202.179260
304 1.291040 1.369168 8.191609 272.436807 48382.295827
304 13.654068 4.452645 8.619731 51.565140 53571.704337
304 24.793876 6.000111 5.613338 266.014132 22719.067545
304 15.048559 4.674493 2.852080 214.231420 5865.045561
304 7.361656 3.269451 4.772348 327.579735 16421.478411
304 34.378636 7.065312 15.645384 304.654261 176490.166539
305 9.410176 3.696459 5.320524 14.226953 20410.648658
305 27.375672 6.304773 8.790225 236.438237 55711.907617
305 18.631419 5.201277 7.883823 256.364448 44814.838321
305 6.279847 3.019684 3.282739 126.222572 7769.995733
305 10.758171 3.952358 6.941253 124.606175 34739.518421
305 20.101771 5.402617 7.806775 272.578621 43943.175244
305 16.676045 4.920776 8.445857 75.222525 51432.249739
305 9.621446 3.737724 13.863572 120.349989 138579.301614
305 23.011563 5.780430 4.297503 300.335988 13316.202726
305 28.774962 6.463897 7.608180 95.793868 41735.890302
305 9.308371 3.676410 4.931220 147.300042 17533.026109
305 8.477819 3.508562 7.016227 240.784386 35494.027323
305 11.268652 4.045042 6.375942 185.595818 29311.418339
305 7.762489 3.357280 6.451068 265.913646 30006.219856
305 22.689234 5.739803 10.564442 169.195838 80471.335315
305 8.131160 3.436080 6.058085 337.104361 26461.767839
305 23.800121 5.878637 3.166731 168.378739 7230.533123
305 5.117183 2.725853 7.582376 359.933623 41453.260155
305 28.870967 6.474671 13.676847 51.212898 134871.451817
305 9.415578 3.697520 62.465975 15.151738 2813423.598619
305 15.985385 4.817798 9.744195 19.121851 68460.487425
305 19.618416 5.337268 4.677334 164.877904 15774.108903
305 12.152312 4.200650 11.851659 68.756832 101275.959077
305 7.221313 3.238136 3.251870 352.486061 7624.555343
305 19.738284 5.353549 8.974447 338.484694 58071.558850
305 23.442055 5.834248 9.482393 159.626575 64831.183444
306 21.970548 5.648167 8.357435 283.746429 50360.967880
306 20.793744 5.494819 12.284146 55.292501 108802.284552
306 32.341706 6.852807 8.538322 257.201040 52564.567173
306 19.109271 5.267555 5.823578 84.342924 24452.758068
306 11.479972 4.082794 4.724614 114.772886 16094.622468
306 15.530858 4.748810 6.820935 258.034618 33545.623167
306 23.265896 5.812285 4.481962 66.121319 14483.864253
306 11.290007 4.048873 13.187142 158.532118 125386.115824
306 24.131141 5.919377 4.370582 272.462391 13772.936727
306 14.467044 4.583286 17.210437 352.336462 213565.886119
306 22.795092 5.753177 6.671804 96.330672 32094.794331
306 17.384774 5.024254 9.832893 144.776965 69712.513544
306 4.847697 2.653107 1.822045 139.332273 2393.679973
306 13.676648 4.456325 16.387493 326.079251 193630.198008
306 18.308482 5.156004 3.916074 82.554862 11057.321524
306 13.137935 4.367678 11.170493 81.156191 89968.978606
306 11.027151 4.001462 2.382158 343.867579 4091.562327
306 20.411071 5.444023 6.576765 110.286576 31186.936877
306 12.971396 4.339907 4.626948 178.010210 15436.087603
306 13.221180 4.381493 4.959262 144.046488 17732.999103
306 14.470013 4.583756 3.042693 168.583137 6675.203039
306 9.930188 3.797220 13.235141 354.831075 126300.544805
306 12.932381 4.333375 8.340688 264.639846 50159.340330
306 22.054045 5.658889 6.153332 277.517452 27300.388578
306 23.124348 5.794578 9.668954 214.184149 67407.315555
306 14.312159 4.558685 3.398490 225.247598 8327.604360
306 23.136231 5.796066 2.946950 225.997985 6261.721251
307 21.783140 5.624026 2.810016 272.906120 5693.320635
307 12.366064 4.237432 7.291319 64.761621 38331.892978
307 10.752519 3.951320 12.433575 15.910992 111465.415752
307 15.210921 4.699642 7.648910 51.405206 42183.948131
307 15.313555 4.715471 12.610100 353.690077 114652.919663
307 11.867722 4.151172 32.688098 191.465974 770419.678329
307 16.854804 4.947080 13.997891 184.428788 141277.601310
307 18.559277 5.191198 4.481493 114.583046 14480.832157
307 22.743679 5.746685 12.503333 329.370211 112719.658310
307 2.312700 1.832511 8.953598 75.091811 57802.055566
307 9.500887 3.714233 3.948956 123.518169 11243.789187
307 17.451181 5.033841 5.926524 143.642656 25324.921731
307 10.908392 3.979857 7.831342 307.266596 44220.172731
307 16.763632 4.933681 5.954157 145.204829 25561.633267
307 27.668309 6.338381 5.803222 103.671698 24282.115134
307 18.924682 5.242052 8.895325 156.435214 57052.107604
307 9.760989 3.764731 8.337909 72.642814 50125.921419
307 7.029153 3.194762 14.067307 297.321490 142682.260897
307 18.645719 5.203273 13.170778 244.939758 125075.128447
307 8.138744 3.437682 6.783327 264.535401 33176.729793
307 19.849266 5.368578 6.000226 344.105187 25958.723463
307 -0.432529 0.792492 9.365393 293.673072 63241.194046
307 21.974599 5.648687 4.716218 288.984341 16037.469202
307 22.008377 5.653027 4.179173 332.664965 12592.987036
307 30.009220 6.601071 4.376918 304.742605 13812.899483
307 15.159028 4.691619 4.277004 4.973925 13189.468333
307 16.328219 4.869187 5.446494 330.347503 21388.589246
308 2.000996 1.704552 3.840514 122.889552 10634.738267
308 16.203735 4.850590 6.266146 34.831226 28310.603428
308 26.552010 6.209201 3.302435 101.396420 7863.515166
308 19.913305 5.377231 3.857180 168.039560 10727.235834
308 19.742138 5.354071 2.750173 159.251563 5453.407891
308 15.166934 4.692842 4.165247 121.531577 12509.200019
308 5.499857 2.825939 6.704190 239.077857 32407.139490
308 16.525760 4.898553 3.479772 197.265722 8730.709888
308 2.130737 1.758944 9.550729 291.428424 65768.981843
308 22.941345 5.771603 14.607762 324.419462 153856.357364
308 20.994986 5.521344 7.510673 322.122030 40672.961739
308 13.191246 4.376530 12.397243 190.807753 110814.936864
308 14.133433 4.530132 2.911438 222.462820 6111.713922
308 16.600292 4.909586 5.487831 189.483256 21714.486639
308 15.269843 4.708736 7.608285 314.320505 41737.033254
308 9.483018 3.710738 2.639523 320.543883 5023.415085
308 22.860850 5.761469 5.273806 55.876176 20053.788864
308 20.669843 5.478424 2.988765 55.844106 6440.676337
308 9.404993 3.695441 3.009150 259.961485 6528.837624
308 13.364529 4.405182 7.159187 324.694721 36955.194853
308 7.608042 3.323713 12.223519 106.809975 107730.978045
308 -1.622483 1.534890 7.445931 287.877989 39974.785131
308 4.013014 2.413917 11.530716 114.118683 95865.125620
308 10.153595 3.839697 5.014989 184.285682 18133.768885
308 18.007250 5.113411 8.971215 142.979268 58029.735433
308 17.386460 5.024497 11.202406 249.579077 90483.764885
308 23.886150 5.889252 5.668947 157.353068 23171.435403
309 16.573412 4.905610 27.179827 127.030642 532649.409266
309 11.395989 4.067832 8.889333 212.756818 56975.274712
309 9.706130 3.754137 4.395542 148.978560 13930.700657
309 21.227413 5.551823 2.156170 165.145480 3352.077459
309 16.850133 4.946394 7.424370 230.209522 39743.603256
309 28.249835 6.404644 29.264729 259.746616 617500.176654
309 11.146689 4.023092 8.765715 101.178960 55401.662587
309 22.859976 5.761359 7.548657 104.496114 41085.394870
309 2.759765 2.001811 3.825796 57.225553 10553.381077
309 24.533610 5.968535 26.531121 326.437472 507527.161735
309 13.388493 4.409130 2.785956 350.823973 5596.244418
309 19.124161 5.269607 12.153759 189.925722 106504.829787
309 16.128134 4.839262 5.077195 79.509564 18586.420632
309 30.021611 6.602434 7.819754 267.074839 44089.402361
309 8.705507 3.555364 5.997785 229.786588 25937.608094
309 10.538112 3.911726 11.439878 307.644068 94360.640478
309 14.732421 4.625132 4.249117 250.426628 13018.036825
309 12.038325 4.180903 5.778127 1.749308 24072.555869
309 30.223803 6.624630 7.447373 243.810531 39990.260774
309 9.497867 3.713642 5.444098 269.581312 21369.772331
309 10.924029 3.982708 4.711580 31.693056 16005.940862
309 21.287286 5.559647 2.338054 75.644680 3941.459778
309 13.422317 4.414696 15.325175 21.937806 169339.769813
309 11.492365 4.084997 5.642630 9.688114 22956.796329
309 16.239389 4.855924 3.402428 353.942512 8346.915322
309 5.229118 2.755505 15.800593 184.279301 180009.257296
309 19.314945 5.295827 7.409165 212.106342 39580.988618
310 12.107844 4.192958 10.850416 210.618715 84886.937071
310 18.260203 5.149201 8.400537 192.908499 50881.761489
310 15.480154 4.741052 6.417339 116.667221 29693.270237
310 16.290590 4.863573 5.626759 110.921735 22827.831784
310 10.091743 3.827984 5.353962 317.916054 20668.006763
310 11.536253 4.092790 11.862068 23.989607 101453.932301
310 18.441764 5.174737 3.505310 142.688153 8859.330780
310 12.235300 4.214969 6.239617 197.010484 28071.391815
310 1.740072 1.589537 8.741468 60.837770 55095.584696
310 21.046265 5.528083 12.363111 145.760403 110205.591647
310 3.845771 2.363082 6.496278 71.268500 30428.266918
310 10.859959 3.971011 7.912365 242.977501 45139.912858
310 16.103220 4.835522 4.824442 136.286845 16781.943607
310 10.772359 3.954963 8.033332 247.024851 46530.690876
310 2.210257 1.791466 2.921312 140.783523 6153.243099
310 22.195728 5.677037 4.795409 70.314557 16580.567464
310 11.572465 4.099208 14.798130 144.241663 157892.594827
310 13.799125 4.476234 4.275972 272.224875 13183.109595
310 22.482733 5.713623 8.747002 201.746342 55165.366098
310 26.234520 6.171967 4.824370 266.577380 16781.440455
310 11.548712 4.094999 6.965979 103.484263 34987.460699
310 23.352282 5.823066 1.908397 286.349706 2625.945182
310 11.763540 4.132911 7.885793 55.544076 44837.230115
310 7.056430 3.200955 20.610072 14.193828 306271.845414
310 10.410512 3.887972 4.147416 311.192146 12402.332262
310 13.256577 4.387355 8.617724 241.806115 53546.763038
310 20.223051 5.418891 15.671421 167.389526 177078.093343
311 14.879855 4.648217 8.408796 359.390873 50981.867871
311 11.671662 4.116740 5.941004 263.370152 25448.822657
311 21.823792 5.629271 18.516164 193.748879 247200.935810
311 4.608939 2.586947 16.883483 351.371265 205528.551645
311 13.912610 4.494603 2.421298 214.161745 4227.120783
311 11.050518 4.005699 11.688280 334.817342 98502.965072
311 11.887263 4.154588 4.393729 20.917378 13919.212539
311 11.310997 4.052635 3.919843 308.459295 11078.611472
311 24.715419 5.990610 7.708036 10.151031 42838.622898
311 9.493654 3.712819 10.499776 7.092841 79489.197432
311 18.197547 5.140359 2.960726 63.898627 6320.400104
311 7.647155 3.332246 9.749139 340.433965 68529.982388
311 26.567732 6.211039 12.066908 119.154808 104988.094861
311 15.898499 4.804687 9.476385 250.892017 64749.058429
311 24.201218 5.927965 1.753378 76.549730 2216.661745
311 9.641433 3.741604 5.165557 333.105161 19238.993931
311 12.338535 4.232713 7.442155 229.999366 39934.244140
311 13.051337 4.353259 4.537275 243.227396 14843.566886
311 12.261361 4.219455 12.553373 344.790670 113623.702010
311 7.616809 3.325627 8.625240 102.322225 53640.205764
311 12.534968 4.266273 14.050112 99.185398 142333.662791
311 12.900319 4.328000 3.981367 182.817927 11429.115090
311 12.809376 4.312718 5.039513 179.653702 18311.551240
311 17.554735 5.048754 7.371373 122.238063 39178.235458
311 14.136108 4.530561 18.475865 300.665108 246126.091918
311 16.769337 4.934521 4.619957 96.750970 15389.482321
311 10.083002 3.826326 12.475836 33.452264 112224.423958
312 4.139653 2.451710 3.827958 56.097140 10565.311185
312 24.990428 6.023847 6.399832 357.763143 29531.481498
312 11.629313 4.109264 3.628149 343.878120 9491.139701
312 6.884350 3.161684 7.574591 151.320482 41368.187097
312 8.821804 3.579033 8.172736 204.236120 48159.616232
312 19.604731 5.335406 9.983247 17.233226 71860.744860
312 17.442138 5.032536 8.669485 329.947262 54191.942526
312 0.439501 0.798853 15.331376 301.284217 169476.838379
312 20.269344 5.425089 6.863016 108.949418 33960.817851
312 5.552478 2.839426 3.249157 344.402422 7611.836120
312 6.532553 3.079843 4.928369 121.366154 17512.759517
312 18.747053 5.217393 6.523602 140.537768 30684.775822
312 20.104542 5.402990 5.263887 33.825949 19978.424288
312 20.177657 5.412805 6.188390 87.872797 27612.357436
312 9.302958 3.675341 2.764330 277.251245 5509.698583
312 20.767279 5.491321 2.966880 345.818473 6346.699610
312 13.765799 4.470826 5.501909 20.480202 21826.038336
312 23.641470 5.859011 8.667158 232.858695 54162.843494
312 10.792259 3.958615 3.339706 84.701988 8042.009682
312 10.580988 3.919676 8.060178 38.140850 46842.209156
312 7.752239 3.355062 16.319738 204.405559 192032.378411
312 0.588551 0.924441 2.235879 302.980509 3604.497109
312 23.650591 5.860141 4.149211 44.610984 12413.069766
312 6.070306 2.968878 5.988306 10.651116 25855.683308
312 16.997354 4.967956 11.173539 358.507681 90018.050079
312 12.398892 4.243053 3.900844 80.256087 10971.481573
312 12.962064 4.338345 5.396341 245.343220 20996.495748
313 18.199663 5.140658 8.400362 294.467001 50879.646210
313 3.728243 2.326693 14.313427 147.695574 147718.640567
313 19.232805 5.284554 1.156191 158.125643 963.845460
313 21.740435 5.618510 7.913259 172.940078 45150.108670
313 14.257874 4.550032 3.106016 217.268724 6955.934298
313 8.594105 3.532542 6.286679 64.227823 28496.438427
313 12.481225 4.257118 16.016125 215.104032 184953.689229
313 10.634289 3.929536 21.247574 78.967172 325511.817538
313 3.694490 2.316137 8.738763 271.824286 55061.500585
313 11.048937 4.005413 3.257605 346.712626 7651.470001
313 4.714942 2.616527 6.433085 262.195151 29839.167121
313 18.224322 5.144139 2.426552 227.384220 4245.483911
313 6.930613 3.172290 10.428423 235.311300 78412.516102
313 0.612896 0.943366 4.341028 99.313066 13587.299560
313 23.552601 5.847988 5.933328 321.918106 25383.109966
313 15.714713 4.776835 3.955834 260.897817 11282.989416
313 4.910471 2.670230 9.086799 61.716316 59534.669732
313 11.187686 4.030484 7.196641 247.816529 37342.875995
313 27.621088 6.332970 4.501025 113.906131 14607.330233
313 17.338571 5.017573 4.553741 295.832545 14951.498807
313 7.085243 3.207483 20.348346 171.271679 298542.602579
313 14.176526 4.537033 8.154725 255.686095 47947.587526
313 8.343435 3.480643 16.166482 300.736351 188442.611702
313 8.974706 3.609917 4.596688 113.613194 15234.844799
313 11.245851 4.040948 10.739850 82.370415 83165.742370
313 14.726842 4.624256 8.970301 188.708628 58017.919534
313 20.251690 5.422726 7.645634 45.037997 42147.816730
314 21.613854 5.602130 8.854899 191.454394 56534.723584
314 22.970828 5.775311 5.596126 10.423646 22579.952692
314 22.288716 5.688917 4.862124 120.749494 17045.124349
314 17.015196 4.970562 6.375236 15.407531 29304.922631
314 14.142782 4.531630 7.447624 265.885610 39992.959090
314 13.957617 4.501867 5.453167 153.760277 21441.028300
314 14.689742 4.618427 9.643794 100.087679 67056.969451
314 14.866691 4.646160 13.821407 264.214903 137737.622994
314 15.405210 4.729561 9.620370 95.687218 66731.608916
314 15.093594 4.681482 8.323358 160.282083 49951.117098
314 4.371972 2.519566 6.163960 95.101867 27394.773772
314 4.907621 2.669455 8.951483 114.233106 57774.748880
314 5.783621 2.897924 3.192427 134.909235 7348.351870
314 16.879165 4.950653 8.894849 279.650213 57046.001010
314 17.729512 5.073824 8.865550 280.607288 56670.817524
314 14.024958 4.512714 3.319547 180.178710 7945.215256
314 14.714856 4.622374 9.727539 46.698342 68226.642505
314 16.579890 4.906568 5.233287 121.538002 19746.817304
314 15.602277 4.759716 10.949857 238.907945 86449.986522
314 13.832426 4.481632 13.027481 223.285127 122368.312223
314 15.635467 4.764776 12.776871 115.927510 117705.582928
314 13.875337 4.488578 10.604029 303.837016 81075.542064
314 19.750008 5.355138 8.202281 147.415029 48508.444578
314 9.363214 3.687224 4.588241 82.332586 15178.909139
314 9.733261 3.759380 4.156180 300.016081 12454.800418
314 21.832320 5.630371 13.913246 6.748221 139574.151741
314 5.424101 2.806409 5.121177 286.406854 18909.827603
314 -18.702006 -5.211121 3.116956 205.768336 7005.019515
315 19.404132 5.308040 1.409353 113.248406 1432.147903
315 25.490156 6.083777 9.779670 104.975621 68959.881236
315 9.766624 3.765818 4.198848 302.908938 12711.836579
315 22.313439 5.692071 6.927686 305.048558 34603.857586
315 24.570428 5.973012 4.273664 293.116779 13168.878726
315 10.855020 3.970108 5.591998 336.850889 22546.651174
315 11.640775 4.111289 6.359154 322.658797 29157.261822
315 14.550387 4.596469 5.306597 275.392420 20303.940354
315 14.400898 4.572796 9.381387 160.888868 63457.383367
315 16.798389 4.938793 6.346633 152.508140 29042.561104
315 26.953336 6.255951 8.642784 190.325161 53858.641283
315 25.691575 6.107766 7.570981 30.207590 41328.759098
315 16.911843 4.955443 10.194277 82.301261 74930.898604
315 11.064731 4.008275 14.805048 289.129517 158040.259572
315 10.140490 3.837218 3.584811 100.176425 9265.749467
315 7.866938 3.379791 4.138532 171.257538 12349.253780
315 7.882377 3.383106 8.526518 178.875586 52419.333598
315 11.312658 4.052933 7.006056 308.340011 35391.198798
315 -0.569022 0.908974 8.846440 258.238198 56426.760484
315 8.651228 3.544263 8.665351 48.805005 54140.262705
315 22.942401 5.771736 6.596839 261.974746 31377.606396
315 16.212982 4.851974 16.036448 42.149574 185423.365587
315 12.856190 4.320591 7.945671 337.535998 45520.728380
315 16.246942 4.857053 4.699894 243.031087 15926.640496
315 21.641807 5.605751 9.207401 13.074463 61125.470042
315 16.504196 4.895355 8.413117 218.602251 51034.269263
315 -29.494003 -6.544160 15.571070 59.710311 174817.526399
316 11.488819 4.084367 6.619250 196.712784 31591.160964
316 8.611519 3.536119 10.694727 74.055109 82468.383108
316 9.033370 3.621696 2.185389 219.052062 3443.543313
316 8.001414 3.408556 5.003133 350.073051 18048.127382
316 9.167715 3.648527 6.853302 310.784415 33864.748162
316 11.207864 4.034117 7.256402 70.599456 37965.636482
316 17.452439 5.034022 5.370361 235.498574 20794.810169
316 13.440791 4.417733 5.507621 184.628469 21871.377757
316 13.582822 4.441013 8.166056 293.042072 48080.916929
316 5.812309 2.905102 7.881122 83.264213 44784.134574
316 6.459934 3.062676 15.052416 230.125686 163365.565526
316 8.286437 3.468734 4.800798 123.226705 16617.853879
316 10.043845 3.818889 6.242413 288.524746 28096.556963
316 16.568072 4.904820 3.568030 267.014468 9179.204224
316 15.583305 4.756821 11.257969 185.270909 91383.576051
316 13.214282 4.380350 3.940391 260.800069 11195.065200
316 20.368678 5.438366 5.931100 345.165250 25364.051529
316 20.683960 5.480294 9.988045 254.436072 71929.839752
316 23.279079 5.813932 4.912508 132.958703 17400.212194
316 14.058839 4.518162 3.087781 37.973389 6874.500597
316 13.353266 4.403326 5.416453 274.098234 21153.296246
316 12.831343 4.316414 9.856304 354.800811 70044.850506
316 13.352560 4.403209 3.582208 141.995056 9252.296753
316 13.114438 4.363770 6.924944 131.372388 34576.469487
316 7.226263 3.239246 5.753273 299.828825 23865.910917
316 -0.691325 1.001909 2.795864 294.073378 5636.120489
316 -30.485708 -6.653271 3.791670 106.164921 10365.949735
317 -7.495214 3.298975 6.165151 342.254317 27405.357798
317 7.301222 3.256003 4.231262 34.329793 12908.862856
317 14.570476 4.599641 4.975096 333.565238 17846.414975
317 11.823748 4.143474 8.008720 239.770000 46246.016884
317 20.459945 5.450537 4.960854 230.696741 17744.383389
317 9.054129 3.625855 4.381045 203.310325 13838.961862
317 19.826561 5.365507 8.150850 26.566350 47902.022620
317 2.337777 1.842420 15.569836 41.702880 174789.815868
317 17.442834 5.032637 15.443907 314.653313 171973.858922
317 15.182088 4.695186 11.326340 245.263720 92496.922386
317 14.694156 4.619121 24.374128 5.211767 428357.368717
317 14.274459 4.552677 8.637455 307.986094 53792.245413
317 12.392775 4.242006 10.100491 194.128716 73558.526138
317 13.875734 4.488643 10.836388 65.130168 84667.588069
317 17.123413 4.986344 10.229211 128.330930 75445.324869
317 9.741554 3.760981 24.315551 61.832594 426300.937831
317 11.700600 4.121840 4.368981 16.547758 13762.848963
317 7.110933 3.213293 8.101580 30.657345 47324.659427
317 11.406206 4.069656 3.812035 322.483102 10477.599788
317 3.823256 2.356154 9.280586 242.358073 62101.037877
317 25.776015 6.117795 2.786701 236.635086 5599.235355
317 15.681521 4.771788 12.473381 108.684135 112180.263075
317 23.236627 5.808628 22.414551 183.240272 362249.794854
317 12.508379 4.261746 4.000587 116.487246 11539.728517
317 10.270653 3.861767 6.412361 18.816760 29647.225481
317 21.738287 5.618232 7.738372 262.826504 43176.487489
317 -32.956896 -6.917676 5.142898 9.015556 19070.581645
318 11.605390 4.105035 10.425894 64.409198 78374.481463
318 9.878322 3.787291 13.451249 298.835227 130458.767940
318 10.076614 3.825114 5.866657 218.166049 24815.864108
318 9.078359 3.630703 3.888957 358.140937 10904.713588
318 10.194928 3.847504 5.118768 291.827224 18892.046932
318 24.381276 5.949977 2.526266 146.382502 4601.573458
318 4.095553 2.438615 11.928590 209.633057 102595.023060
318 18.315317 5.156966 11.350570 240.224410 92893.091538
318 5.392626 2.798255 7.035859 137.335698 35692.944436
318 20.763483 5.490819 8.231576 102.117115 48855.571506
318 12.313910 4.228487 9.041059 200.017657 58936.822098
318 19.347509 5.300289 7.334425 237.812628 38786.462853
318 22.172340 5.674045 9.097423 38.297629 59673.952781
318 15.689514 4.773004 6.851144 313.791229 33843.417004
318 12.859544 4.321155 7.048004 212.969431 35816.274766
318 15.339380 4.719445 4.443912 228.346085 14238.980460
318 9.688771 3.750778 1.320258 313.285295 1256.797857
318 6.900042 3.165286 12.111613 169.299634 105767.459303
318 8.774870 3.569500 4.751746 64.693664 16280.005252
318 13.981163 4.505663 3.032991 161.988971 6632.701463
318 17.810640 5.085420 4.089585 240.999183 12058.866182
318 14.907726 4.652568 8.347907 179.906476 50246.212117
318 17.102898 4.983356 14.064468 342.702977 142624.682677
318 19.730409 5.352480 6.177090 107.423349 27511.603442
318 12.813710 4.313447 13.995361 179.045893 141226.528478
318 18.815672 5.226933 21.670331 357.554357 338593.911216
318 -26.645517 -6.220125 5.706172 180.643203 23476.742910
318 -17.610843 -5.056816 5.382928 101.082911 20892.247600
319 20.839418 5.500850 7.158319 251.894239 36946.234026
319 20.045686 5.395075 8.234055 269.553698 48884.992529
319 17.286694 5.010061 6.583107 320.699492 31247.113956
319 2.625884 1.952652 11.341616 112.749450 92746.594339
319 21.571061 5.596581 10.451495 225.748741 78759.847585
319 4.590095 2.581653 3.470452 46.179727 8684.006249
319 9.357314 3.686062 9.380699 173.344957 63448.072232
319 6.440890 3.058158 2.807199 153.045962 5681.913547
319 22.388662 5.701657 10.856882 305.329296 84988.140065
319 15.283100 4.710779 14.198927 3.878653 145364.760293
319 12.352414 4.235093 5.158781 53.438764 19188.552935
319 1.201823 1.321014 6.197477 76.093681 27693.509042
319 10.191173 3.846796 6.535499 163.687490 30796.796086
319 11.271993 4.045642 6.494804 285.118501 30414.466962
319 9.900106 3.791464 4.439784 115.852455 14212.540214
319 17.190871 4.996156 6.933548 142.544028 34662.437158
319 11.289059 4.048703 2.765186 243.162456 5513.110439
319 13.499966 4.427447 4.778554 190.745734 16464.214604
319 18.334404 5.159652 12.708250 324.577091 116444.656302
319 21.626328 5.603746 13.507366 13.154543 131549.566667
319 6.452337 3.060875 9.209490 164.261733 61153.209310
319 9.239493 3.662782 5.232619 272.454269 19741.781682
319 25.753726 6.115150 6.217553 145.056308 27873.215529
319 16.633066 4.914431 4.449866 206.141181 14277.166370
319 10.248711 3.857640 7.652870 161.117851 42227.633270
319 12.842900 4.318357 9.923188 358.796049 70998.719607
319 -22.433424 -5.707354 3.950533 85.702238 11252.772544
319 -19.250539 -5.286990 7.573152 341.228196 41352.463341
320 20.977718 5.519073 13.158401 73.094773 124840.152046
320 11.255766 4.042729 6.696953 133.615627 32337.216005
320 17.690187 5.068194 6.529596 88.469691 30741.189010
320 13.816026 4.478975 9.640694 77.261683 67013.866279
320 7.857897 3.377849 8.297941 268.013764 49646.511205
320 8.902486 3.595363 11.262966 127.792057 91464.718332
320 18.348668 5.161659 2.577392 333.894838 4789.709070
320 20.301637 5.429409 3.764850 13.411312 10219.823134
320 20.085065 5.400372 19.681333 271.792910 279291.110143
320 15.545173 4.750998 10.106427 92.161352 73645.009890
320 12.969819 4.339643 8.331590 282.871632 50049.974712
320 3.577277 2.279100 3.615817 323.423516 9426.726803
320 1.793547 1.613776 5.855579 136.750697 24722.240592
320 17.421570 5.029568 7.311695 161.048071 38546.430022
320 8.874957 3.589799 5.123033 356.479492 18923.539941
320 15.079275 4.679261 4.642584 96.749997 15540.595186
320 16.958757 4.962312 14.284572 125.207909 147123.664574
320 9.894574 3.790405 4.696133 188.898315 15901.164623
320 17.242343 5.003630 1.751266 181.415162 2211.323021
320 15.122346 4.685939 4.532140 232.741221 14809.989308
320 22.999936 5.778969 4.022164 118.461898 11664.540825
320 13.468018 4.422205 7.280198 139.771010 38215.051643
320 18.312503 5.156570 11.350148 164.176533 92886.182314
320 23.250176 5.810322 5.035363 77.944369 18281.409796
320 18.408080 5.170009 8.232998 136.197629 48872.451970
320 -19.857487 -5.369690 8.106094 244.113246 47377.418311
320 -21.844672 -5.631963 10.686099 135.592688 82335.369779
321 11.019309 4.000039 10.394898 54.387022 77909.169801
321 3.010702 2.090841 9.198765 256.531887 61010.854099
321 15.946469 4.811930 7.675070 113.868522 42472.984455
321 5.106788 2.723084 1.930957 257.914612 2688.394883
321 21.087050 5.533437 7.845833 243.300591 44383.980352
321 16.098540 4.834820 3.329481 99.764192 7992.843058
321 17.003745 4.968890 6.448242 197.959403 29979.941792
321 13.854192 4.485157 5.024574 311.788699 18203.149476
321 7.084061 3.207216 4.007674 151.217328 11580.644992
321 0.800465 1.078098 8.900858 321.888938 57123.108994
321 1.056855 1.238781 9.657647 254.773965 67249.761763
321 7.927241 3.392721 11.162535 198.712125 89840.828128
321 14.481963 4.585648 2.836754 224.346622 5802.181059
321 15.653428 4.767512 7.872798 140.169566 44689.582078
321 18.712249 5.212548 9.592490 17.924174 66345.398556
321 17.077879 4.979710 7.755455 70.440862 43367.324018
321 -1.536783 1.493803 2.312435 140.722324 3855.557377
321 17.008922 4.969646 2.348386 198.645158 3976.372822
321 -3.078263 2.114170 11.864859 89.507661 101501.679860
321 10.546712 3.913322 18.364339 46.867936 243163.664922
321 13.533399 4.432926 13.431337 55.185947 130072.828324
321 12.259540 4.219142 13.270071 298.497004 126968.076361
321 12.573348 4.272799 4.209766 126.673071 12778.031212
321 24.430858 5.956024 6.960989 116.749133 34937.346346
321 4.224499 2.476707 8.694555 272.065222 54505.813289
321 -24.114738 -5.917365 13.863741 228.520903 138582.668858
321 -32.249025 -6.842981 5.390244 229.347799 20949.074857
322 9.249126 3.664691 5.093725 132.041123 18707.642946
322 3.609824 2.289444 5.441790 218.134033 21351.663112
322 15.898179 4.804639 4.691826 188.958808 15872.004839
322 19.366330 5.302867 2.982300 35.044764 6412.845684
322 10.878999 3.974491 4.195994 8.280395 12694.561241
322 6.314323 3.027962 12.382563 15.725471 110552.645726
322 10.371727 3.880722 5.624766 291.615503 22811.663389
322 20.467537 5.451548 5.020378 182.742924 18172.760224
322 21.464016 5.582677 10.147731 259.988374 74248.201094
322 9.759298 3.764405 8.062405 318.835402 46868.095252
322 15.086396 4.680366 8.565010 320.108031 52893.689787
322 11.936453 4.163175 6.894352 179.034565 34271.644119
322 7.559496 3.313092 8.773968 277.361232 55506.032556
322 16.370124 4.875431 13.059091 85.320144 122962.859770
322 7.157088 3.223704 5.097558 138.412208 18735.805049
322 14.389249 4.570946 8.572607 336.531938 52987.562046
322 9.825019 3.777059 14.982035 112.742239 161841.416101
322 14.500679 4.588611 7.455436 19.137058 40076.899273
322 10.153783 3.839733 19.646699 221.978285 278309.010554
322 2.043495 1.722558 1.693636 185.198544 2068.178367
322 16.254467 4.858178 6.033468 177.338796 26247.143250
322 7.792234 3.363706 15.544659 334.993302 174225.000042
322 8.797680 3.574136 10.483891 9.264694 79248.875291
322 15.736985 4.780219 11.718282 164.987010 99009.301139
322 13.348888 4.402604 9.832744 50.329077 69710.397914
322 -21.684459 -5.611272 9.187278 302.935571 60858.582244
322 -25.399915 -6.072999 5.336006 300.712718 20529.610890
322 -28.273394 -6.407314 6.713000 19.092087 32492.366429
323 14.684451 4.617596 2.615143 276.690866 4931.043346
323 1.945471 1.680736 2.973340 204.367491 6374.370819
323 16.460082 4.888809 6.748690 55.362877 32838.779160
323 22.154232 5.671728 6.121941 220.828862 27022.548655
323 17.808552 5.085122 8.733852 225.998646 54999.627985
323 13.270004 4.389576 7.924712 169.282827 45280.895029
323 10.047792 3.819639 6.939806 294.576433 34725.040626
323 20.898909 5.508697 12.999612 148.108606 121845.314398
323 24.210699 5.929126 4.182121 293.333086 12610.761774
323 10.874657 3.973698 3.414005 347.853666 8403.813887
323 13.634285 4.449418 3.456421 181.490251 8613.929150
323 31.455959 6.758316 8.738997 110.355884 55064.440590
323 14.544584 4.595552 7.414343 187.867347 39636.323703
323 15.732363 4.779517 9.532472 172.417265 65517.772027
323 12.850557 4.319645 5.935268 170.994642 25399.709181
323 6.237694 3.009533 5.506164 98.663139 21859.812326
323 14.656123 4.613140 4.488033 134.443321 14523.129298
323 8.872655 3.589334 2.036692 194.882560 2990.877431
323 11.401419 4.068801 4.315236 274.593300 13426.324763
323 20.870505 5.504952 5.897641 218.278922 25078.687699
323 10.730413 3.947256 7.904488 75.997788 45050.081409
323 10.160514 3.841005 9.508234 162.925138 65185.014707
323 12.882811 4.325062 4.248647 78.865595 13015.155463
323 12.418783 4.246455 4.398255 347.860693 13947.901497
323 -24.449468 -5.958292 5.806472 242.598368 24309.319430
323 -16.990943 -4.967019 8.382023 17.979479 50657.732720
323 -19.546316 -5.327451 11.767321 20.050939 99839.706448
324 17.593574 5.054336 7.238998 212.436732 37783.747350
324 17.253707 5.005279 13.113215 340.665022 123984.234764
324 5.338744 2.784240 5.778712 22.861410 24077.428396
324 5.195860 2.746729 5.346554 124.199317 20610.856636
324 10.394195 3.884924 3.697855 352.956940 9859.337992
324 16.392453 4.878755 8.863465 10.873843 56644.163057
324 3.278823 2.181956 17.636524 12.618549 224271.473913
324 14.806169 4.636694 5.994308 205.819003 25907.543574
324 10.586514 3.920699 9.775368 125.102898 68899.215602
324 11.657319 4.114209 3.997337 28.310714 11520.986453
324 9.327104 3.680107 7.056998 154.640660 35907.744030
324 22.197011 5.677201 9.720785 326.311763 68131.938669
324 18.543140 5.188940 10.983438 88.426027 86981.051465
324 15.763104 4.784185 4.284367 356.577479 13234.922002
324 2.875636 2.043403 6.906994 214.818963 34397.446372
324 25.778404 6.118079 3.444972 345.873189 8556.959653
324 -0.728639 1.028592 5.905727 298.109694 25147.499688
324 5.796109 2.901051 7.930448 250.888396 45346.469264
324 10.867551 3.972399 7.392081 256.464063 39398.661515
324 -2.683412 1.973925 5.057858 234.028274 18445.116782
324 21.075829 5.531964 11.671477 36.969430 98219.952340
324 11.118135 4.017936 10.297862 313.328122 76461.398277
324 22.265312 5.685929 14.182843 198.851053 145035.622833
324 12.684890 4.291710 3.397399 282.053134 8322.256831
324 -22.476728 -5.712860 5.157201 327.011164 19176.805306
324 -34.695405 -7.097788 16.359302 310.756794 192964.588196
324 -19.533165 -5.325659 7.305246 270.616859 38478.470272
324 -25.516978 -6.086977 13.424022 107.415147 129931.188273
325 15.318033 4.716160 4.518569 256.141052 14721.428993
325 10.348919 3.876453 6.814062 16.986845 33478.056913
325 14.352621 4.565125 6.674919 114.031796 32124.777023
325 2.709807 1.983610 5.681339 324.689218 23272.841460
325 12.705908 4.295264 9.339960 318.165701 62898.189179
325 21.104084 5.535671 12.901390 314.690540 120011.016394
325 23.093902 5.790762 4.206546 258.856432 12758.489438
325 4.946956 2.680131 2.732654 359.465842 5384.152359
325 8.171675 3.444630 5.384876 4.935851 20907.373424
325 9.589236 3.731462 3.857859 250.229630 10731.015627
325 23.979753 5.900780 4.877211 293.835425 17151.067587
325 16.909523 4.955103 8.685926 284.956150 54397.677456
325 9.674058 3.747929 5.395771 199.558526 20992.058401
325 10.755977 3.951955 15.304257 21.103871 168877.796064
325 19.917415 5.377786 9.146868 356.901039 60324.390264
325 21.455506 5.581571 12.875258 201.750263 119525.337093
325 4.505807 2.557840 2.047114 289.442642 3021.567515
325 0.064411 0.305820 7.091563 190.447026 36260.350919
325 13.416068 4.413668 10.248953 359.549672 75736.826997
325 9.402735 3.694997 16.245048 2.796663 190278.661710
325 11.266196 4.044601 11.006598 133.378528 87348.260441
325 0.176406 0.506108 5.444455 266.484025 21372.573479
325 7.492143 3.298299 10.780902 76.850186 83802.753405
325 -17.741020 -5.075471 3.783430 307.329357 10320.943297
325 -20.322310 -5.432173 10.244527 81.260816 75671.418332
325 -19.171285 -5.276096 8.535955 187.077495 52535.427830
325 -30.659367 -6.672194 9.622206 203.507475 66757.085863
326 10.569533 3.917554 1.549507 324.884366 1731.152481
326 19.959526 5.383468 15.421845 129.055697 171482.878394
326 23.977340 5.900483 5.641351 7.310126 22946.389473
326 15.704675 4.775309 9.447218 92.591079 64351.092474
326 14.769097 4.630885 14.814727 60.865769 158246.969404
326 12.970690 4.339789 2.628597 244.091148 4981.912042
326 21.450839 5.580964 3.835214 59.399978 10605.405381
326 12.559856 4.270506 11.985495 200.820420 103576.215511
326 4.668666 2.603655 10.842612 318.747927 84764.877648
326 11.963811 4.167944 7.768379 229.648045 43511.980972
326 16.046866 4.827054 7.331794 150.970886 38758.646797
326 10.422143 3.890143 13.434560 352.861852 130135.261672
326 18.535071 5.187811 4.749577 349.274101 16265.148408
326 11.579475 4.100450 4.730156 23.494058 16132.403495
326 10.047332 3.819552 15.767858 17.708353 179264.155590
326 17.819082 5.086625 8.022956 35.586900 46410.567329
326 10.352603 3.877143 14.839986 166.638842 158787.050559
326 13.044522 4.352123 5.381247 119.337302 20879.204770
326 16.138254 4.840780 5.113876 317.187399 18855.950236
326 18.780069 5.221985 6.773595 337.960382 33081.600242
326 15.126052 4.686513 5.247777 122.224280 19856.322904
326 16.215647 4.852373 3.496708 287.767962 8815.903466
326 12.609860 4.278999 5.489437 338.514676 21727.195605
326 -30.239848 -6.626388 3.911442 135.305989 11031.175155
326 -18.012565 -5.114166 4.228284 143.519846 12890.693559
326 -22.698890 -5.741024 15.525781 227.807778 173802.097282
326 -11.465431 -4.080207 6.956909 167.977327 34896.406047
327 7.199611 3.233267 4.742642 91.025771 16217.683711
327 2.269392 1.815272 5.254912 80.006490 19910.353522
327 19.450399 5.314364 19.030649 30.655489 261129.096275
327 2.398997 1.866388 3.402432 244.084335 8346.931745
327 15.204422 4.698638 13.972147 260.521427 140758.408263
327 16.466293 4.889731 8.926867 121.791494 57457.427342
327 11.815664 4.142057 6.344318 255.706189 29021.368943
327 4.469275 2.547449 8.455231 114.269209 51546.480840
327 2.921510 2.059637 9.029975 322.305494 58792.396832
327 11.949316 4.165418 4.593194 241.908135 15211.697380
327 15.569633 4.754734 45.237192 180.685629 1475500.473673
327 6.612725 3.098684 3.681506 314.371873 9772.352638
327 7.563240 3.313912 6.828224 190.416252 33617.363701
327 19.874244 5.371955 7.436906 342.832001 39877.935199
327 21.746808 5.619333 5.494631 158.742800 21768.334604
327 19.522235 5.324169 5.280616 242.541050 20105.612189
327 9.057198 3.626469 13.253441 336.952676 126650.051792
327 16.620894 4.912632 11.310596 37.499491 92239.956607
327 14.962613 4.661125 3.580670 160.833454 9244.354236
327 -2.001145 1.704615 7.336081 152.056699 38803.983897
327 4.087932 2.436346 7.536465 320.491604 40952.786387
327 21.879947 5.636509 6.504003 316.254529 30500.678369
327 8.859213 3.586614 5.589280 331.238270 22524.741341
327 -14.243965 -4.547812 5.251722 132.762224 19886.188831
327 -20.292411 -5.428175 5.237605 131.930111 19779.420755
327 -20.181397 -5.413307 6.111131 227.329367 26927.202316
327 -23.850214 -5.884820 17.788548 5.141406 228154.519011
327 -20.775251 -5.492375 4.828290 58.375139 16808.723135
328 17.871613 5.094117 12.238959 150.726526 108003.298748
328 4.232689 2.479107 12.314241 310.954540 109336.048255
328 10.376198 3.881559 6.323115 201.793394 28827.711828
328 17.039766 4.974150 2.888948 149.044551 6017.657735
328 7.796591 3.364646 5.177361 281.655626 19327.023199
328 11.673011 4.116977 4.182100 354.535483 12610.632200
328 12.139777 4.198483 3.537582 30.265264 9023.212450
328 16.659844 4.918385 13.686801 227.098008 135067.847063
328 19.806136 5.362742 13.047613 57.812099 122746.803531
328 10.131309 3.835481 16.429795 226.914617 194631.160009
328 16.011933 4.821797 9.959385 4.605506 71517.631306
328 19.701392 5.348543 8.014583 153.512407 46313.750405
328 28.567199 6.440519 7.252832 76.841221 37928.292449
328 4.698997 2.612099 2.603112 308.669502 4885.778655
328 15.396097 4.728162 4.664661 178.053337 15688.745739
328 19.944187 5.381399 2.886855 264.504549 6008.942864
328 13.948530 4.500402 4.050094 102.135206 11827.101423
328 -1.389459 1.420398 7.575065 117.533734 41373.355982
328 10.145079 3.838087 11.464761 146.760188 94771.573548
328 8.276607 3.466676 3.507971 64.470801 8872.785855
328 16.803156 4.939494 4.218446 133.719519 12830.781651
328 4.919251 2.672616 4.576297 92.138059 15099.983698
328 -12.418043 -4.246329 12.278294 46.267683 108698.639095
328 -19.897414 -5.375085 6.743984 232.812558 32792.995119
328 -28.924233 -6.480641 6.200480 175.156048 27720.352985
328 -30.248680 -6.627355 7.759484 305.211572 43412.398541
328 -27.013635 -6.262944 5.112094 75.743191 18842.812714
329 15.696099 4.774006 1.881652 63.939482 2552.859261
329 25.234771 6.053224 4.616475 131.942118 15366.294116
329 5.401051 2.800439 1.623385 58.182977 1900.163577
329 24.164488 5.923465 20.184134 101.971726 293743.547020
329 14.788960 4.633998 5.983782 118.743424 25816.634335
329 12.301169 4.226299 10.361100 221.076925 77403.352459
329 13.228848 4.382764 9.356006 148.125304 63114.492310
329 11.355199 4.060546 9.113448 235.417183 59884.375923
329 10.243918 3.856738 6.245877 118.842525 28127.747032
329 9.466491 3.707503 10.401737 93.022900 78011.718991
329 4.327664 2.506766 4.195929 39.286002 12694.170981
329 14.684101 4.617541 6.234756 26.558747 28027.673915
329 13.615698 4.446384 6.046837 152.302302 26363.590852
329 15.998963 4.819844 3.990851 153.387177 11483.628092
329 11.991501 4.172764 2.959232 298.026797 6314.020231
329 18.342818 5.160836 16.374060 268.372766 193312.890545
329 8.088797 3.427118 7.746268 280.717180 43264.644514
329 14.484658 4.586075 11.403476 339.374062 93761.075145
329 12.911742 4.329916 6.114812 25.911652 26959.652893
329 14.343203 4.563627 6.594811 83.578400 31358.318839
329 9.877388 3.787112 3.821936 64.096067 10532.099824
329 13.633808 4.449340 7.650563 278.454888 42202.174477
329 -28.263974 -6.406247 4.367345 327.163366 13752.542359
329 -31.500846 -6.763137 5.434809 136.108786 21296.909355
329 -22.531286 -5.719789 7.355471 68.802889 39009.379084
329 -19.387749 -5.305798 6.040048 310.985709 26304.429864
329 -20.894586 -5.508127 13.669362 246.438502 134723.880750
330 6.767203 3.134669 7.150367 53.529003 36864.190244
330 13.151545 4.369940 10.771574 358.690081 83657.791045
330 11.411003 4.070511 11.361031 148.605572 93064.394840
330 17.425813 5.030181 19.145517 342.188783 264290.928000
330 11.074373 4.010021 5.471166 343.466652 21582.806063
330 12.055003 4.183798 9.838612 40.926961 69793.622222
330 14.921786 4.654762 12.253860 6.663678 108266.448459
330 5.807589 2.903922 5.104964 161.904832 18790.291446
330 12.855327 4.320446 12.986426 217.987370 121598.263261
330 4.599924 2.584416 8.975179 321.125982 58081.027088
330 17.147019 4.989780 9.474840 173.811681 64727.953953
330 11.020345 4.000227 7.122510 164.876887 36577.519751
330 3.665496 2.307031 7.958626 113.740342 45669.294143
330 19.760165 5.356515 12.880879 353.060740 119629.710230
330 -0.420937 0.781800 5.103190 331.839014 18777.233082
330 13.792579 4.475173 2.845854 282.473391 5839.467802
330 10.456652 3.896578 3.955547 192.411118 11281.350159
330 11.696119 4.121050 11.822638 1.659821 100780.576566
330 8.386146 3.489541 7.804963 338.795204 43922.774019
330 16.948989 4.960883 8.983900 290.383718 58193.960991
330 5.138960 2.731647 5.507098 220.318110 21867.223729
330 -17.840311 -5.089654 5.273249 299.856504 20049.548857
330 -32.401280 -6.859116 13.209599 109.218318 125813.534307
330 -20.983921 -5.519889 6.651937 302.588470 31903.940407
330 -17.024654 -4.971944 5.899721 100.318970 25096.378964
330 -21.727861 -5.616885 9.652292 129.545407 67175.194896
330 -20.208599 -5.416954 6.540205 64.592660 30841.164576
331 8.137583 3.437437 9.937928 262.315224 71209.806538
331 -0.159886 0.481829 6.260570 321.433613 28260.242289
331 18.391327 5.167656 5.929347 261.897795 25349.055930
331 4.337357 2.509572 7.413189 41.092692 39623.994995
331 10.044710 3.819054 5.714470 131.342540 23545.071633
331 5.408647 2.802408 6.382550 45.131381 29372.204866
331 10.602874 3.923728 5.998903 284.707494 25947.274477
331 7.537673 3.308306 12.013209 142.052526 104055.759037
331 10.177102 3.844139 11.929419 205.141234 102609.284417
331 15.780633 4.786844 1.510703 140.272305 1645.531512
331 11.790795 4.137696 7.235125 299.890714 37743.320608
331 10.906038 3.979427 37.313686 324.610680 1003885.969981
331 12.625458 4.281645 5.923766 286.230742 25301.363998
331 6.932060 3.172621 3.933122 6.936063 11153.800437
331 18.640209 5.202504 24.546480 313.456227 434436.706024
331 12.335121 4.232128 8.776311 182.241738 55535.684803
331 5.036241 2.704209 11.604952 31.602093 97103.476861
331 13.088413 4.359438 5.640505 332.839551 22939.508677
331 10.883917 3.975389 4.461478 312.100944 14351.772555
331 20.530938 5.459985 21.156506 269.514074 322727.495668
331 9.936735 3.798472 6.103999 80.064178 26864.391262
331 -15.846637 -4.796844 4.351126 315.365796 13650.591991
331 -7.104649 -3.211873 3.712542 219.876809 9937.814152
331 -21.692684 -5.612336 11.338753 23.131785 92699.767863
331 -18.598385 -5.196664 10.001621 39.265118 72125.503855
331 -22.352057 -5.696994 6.539495 296.638021 30834.471285
331 -25.667985 -6.104962 20.440393 319.209725 301249.658544
332 6.909748 3.167511 6.832151 54.161274 33656.039434
332 8.818029 3.578268 5.881926 88.580999 24945.211051
332 18.310598 5.156302 6.397457 42.389468 29509.563867
332 7.360765 3.269253 11.937214 179.063699 102743.424559
332 -0.154429 0.473535 9.075215 284.007050 59382.966153
332 0.741549 1.037664 15.836319 188.385860 180824.209735
332 10.087884 3.827252 7.561706 254.080345 41227.566993
332 9.136945 3.642399 2.213501 260.754187 3532.705038
332 12.074933 4.187255 3.114711 217.740626 6994.935648
332 12.346978 4.234161 6.173401 320.658127 27478.754100
332 12.259888 4.219202 11.173994 56.996823 90025.379787
332 18.548117 5.189637 7.030939 204.099257 35643.039890
332 8.141902 3.438349 4.388052 240.050984 13883.262698
332 5.752246 2.890053 6.261098 356.672213 28265.007044
332 16.254243 4.858144 8.819553 241.660042 56084.291058
332 16.034816 4.825241 4.917449 163.208054 17435.232256
332 5.583773 2.847416 6.478605 352.778764 30262.936208
332 21.700364 5.613330 4.151701 249.458436 12427.968511
332 6.985702 3.184873 10.339666 222.579741 77083.447605
332 11.907931 4.158198 3.702716 61.043433 9885.279256
332 -16.367094 -4.874980 5.357750 267.180463 20697.263028
332 -10.488255 -3.902462 10.425620 135.741879 78370.368942
332 -26.928415 -6.253058 8.758676 80.611692 55312.713220
332 -24.899823 -6.012917 7.204190 121.663476 37421.261896
332 -26.098373 -6.155931 6.285310 1.936675 28484.031208
332 -8.292879 -3.470082 11.058293 8.068525 88170.696352
332 -7.624370 -3.327277 6.657727 43.179797 31959.506492
333 24.805460 6.001512 7.681637 316.639676 42545.698964
333 12.833466 4.316771 7.984816 30.357557 45970.353886
333 8.396666 3.491729 12.253229 321.860887 108255.298785
333 12.832085 4.316539 7.596088 59.143776 41603.325529
333 18.428355 5.172855 7.680077 14.096044 42528.414755
333 7.327110 3.261771 11.607057 297.910419 97138.700970
333 3.076735 2.113645 10.664264 97.699795 81999.242978
333 18.993041 5.251511 9.246863 320.521068 61650.546389
333 10.591626 3.921646 5.651723 213.001996 23030.840734
333 16.471818 4.890551 10.116507 311.850831 73791.994318
333 18.062311 5.121223 15.039758 220.853715 163090.908202
333 11.932649 4.162512 12.642172 256.317379 115236.865970
333 14.688914 4.618297 2.319878 76.975154 3880.415501
333 11.084639 4.011879 4.517675 260.993933 14715.600998
333 19.167045 5.275512 4.503379 91.266807 14622.614283
333 5.685617 2.873266 5.603535 125.076945 22639.781646
333 11.574766 4.099616 4.849877 262.101347 16959.364069
333 9.041318 3.623288 3.364733 289.130040 8162.988078
333 20.446184 5.448704 4.149450 69.100633 12414.494876
333 -27.765435 -6.349496 8.017583 285.287921 46348.428421
333 -25.533430 -6.088939 15.594919 36.650674 175353.463133
333 -27.439377 -6.312104 12.370925 18.327906 110344.938220
333 -7.770718 -3.359059 8.074539 156.636248 47009.273185
333 -28.374762 -6.418790 22.684893 132.057518 371040.684179
333 -16.752709 -4.932074 3.966653 332.820484 11344.788106
333 -34.090580 -7.035650 3.093712 206.804129 6900.934314
334 2.867735 2.040594 15.600316 253.655583 175474.837359
334 11.826003 4.143869 2.382607 284.981882 4093.105675
334 9.573845 3.728467 16.332131 113.753661 192324.125563
334 16.465713 4.889645 10.364243 107.375064 77450.325696
334 2.077185 1.736699 5.921983 276.891826 25286.134058
334 5.085566 2.717420 5.943248 156.233499 25468.055668
334 9.771672 3.766791 5.099795 275.813235 18752.255037
334 8.181439 3.446687 3.493533 162.490874 8799.902574
334 18.147973 5.133353 10.518760 73.352124 79776.906160
334 11.580662 4.100660 11.610033 7.916628 97188.518625
334 -0.234050 0.582964 6.744096 236.498474 32794.090742
334 8.711279 3.556542 6.344356 8.818974 29021.717237
334 11.870475 4.151653 20.604985 193.149754 306120.674478
334 12.164352 4.202730 9.428974 12.030037 64102.797884
334 11.916344 4.159667 5.588701 300.816556 22520.074591
334 9.449385 3.704152 2.559829 234.227542 4724.653996
334 15.660134 4.768533 9.095106 106.513334 59643.559993
334 7.492603 3.298401 7.382386 11.226220 39295.386186
334 14.123375 4.528520 12.792265 60.150485 117989.392794
334 -13.990250 -4.507127 5.486659 67.927894 21705.207730
334 -31.909734 -6.806889 4.494456 84.424269 14564.725629
334 -12.181558 -4.205702 5.933617 195.055634 25385.579214
334 -30.199808 -6.621999 8.604780 276.578502 53386.029064
334 -18.994818 -5.251757 12.081554 152.224238 105243.115708
334 -7.490441 -3.297925 1.312370 238.146887 1241.826148
334 -31.218523 -6.732761 8.232135 298.977776 48862.205182
334 -11.740062 -4.128785 3.964593 48.349818 11333.010639
335 13.407012 4.412178 10.500038 270.311573 79493.176349
335 14.093719 4.523763 5.107432 206.866478 18808.460831
335 0.046193 0.258985 6.379419 151.973279 29343.395996
335 3.032567 2.098419 5.306019 295.434000 20299.514829
335 15.166856 4.692830 4.441655 232.917470 14224.522590
335 18.885283 5.236593 12.246473 220.528218 108135.966549
335 5.399056 2.799922 2.453558 325.182461 4340.510275
335 4.278928 2.492611 8.426300 270.726294 51194.334894
335 -0.463804 0.820643 10.272825 300.615172 76090.040016
335 6.022618 2.957193 6.589786 189.055522 31310.551395
335 11.147160 4.023177 10.970382 148.056215 86774.388147
335 22.412721 5.704720 8.784823 166.850994 55643.461088
335 13.433830 4.416589 3.475025 8.151917 8706.907731
335 8.962243 3.607409 4.828766 245.675777 16812.036942
335 4.571557 2.576434 6.472405 120.336087 30205.044953
335 21.494683 5.586664 7.528816 328.794112 40869.697449
335 14.908346 4.652665 6.950629 40.673190 34833.432876
335 3.226924 2.164619 5.325420 242.711614 20448.234144
335 -20.350028 -5.435876 13.373572 185.356030 128956.405140
335 -13.722756 -4.463831 23.437228 251.602175 396059.617854
335 -18.306567 -5.155734 7.447795 84.751734 39994.802073
335 -21.718168 -5.615632 7.470442 209.527608 40238.392474
335 -30.021420 -6.602413 4.227856 166.474743 12888.083705
335 -22.090504 -5.663565 4.523867 62.857076 14755.969290
335 -15.519766 -4.747114 5.047373 271.292660 18368.718108
335 -24.299685 -5.940013 10.518026 21.734259 79765.761720
336 14.463413 4.582711 2.346525 20.804682 3970.072430
336 -1.385786 1.418519 13.951330 331.500799 140339.295022
336 22.681884 5.738873 23.815757 326.768656 408956.251472
336 11.165687 4.026519 13.645505 315.682394 134254.020943
336 19.481078 5.318554 5.772077 138.577299 24022.177711
336 9.792057 3.770718 5.278837 226.773921 20092.067559
336 10.161895 3.841266 8.892015 6.582180 57009.654639
336 13.839462 4.482772 3.899319 290.863343 10962.904717
336 8.560425 3.525614 9.883945 255.658788 70438.275789
336 17.994490 5.111599 6.422107 197.856662 29737.406025
336 15.438159 4.734616 2.625575 145.365036 4970.463390
336 6.470736 3.065236 3.519300 319.693459 8930.187930
336 11.363513 4.062032 5.852797 282.912221 24698.747916
336 0.433984 0.793823 6.253805 170.221697 28199.193671
336 5.835392 2.910865 16.664116 234.698543 200222.397555
336 5.878663 2.921637 9.435242 40.110336 64188.044943
336 24.684140 5.986818 6.081447 136.014694 26666.250491
336 21.615542 5.602348 4.058351 292.883143 11875.374176
336 -17.233053 -5.002282 12.296680 77.941184 109024.422781
336 -11.207448 -4.034042 5.896928 308.947697 25072.622121
336 -20.470069 -5.451885 8.325012 60.597191 49970.975544
336 -19.986519 -5.387107 5.083441 309.396456 18632.181576
336 -12.556496 -4.269935 7.763997 2.405239 43462.906683
336 -12.404113 -4.243947 5.339317 33.040253 20555.092977
336 -22.253693 -5.684445 5.153997 214.597414 19152.984352
336 -13.194139 -4.377010 4.230213 142.101112 12902.458729
336 -14.774260 -4.631695 12.244911 338.269034 108108.375145
337 12.740815 4.301160 6.557572 305.410746 31005.177415
337 3.733627 2.328373 3.635973 209.724230 9532.118351
337 19.736723 5.353337 9.073082 299.673016 59355.055281
337 18.670428 5.206719 5.045457 53.672792 18354.772523
337 14.489982 4.586918 4.366068 57.221457 13744.505653
337 7.355935 3.268180 13.270755 82.668006 126981.165499
337 11.424911 4.072991 9.830214 182.006869 69674.531577
337 14.752321 4.628254 3.658923 181.374664 9652.831071
337 3.674733 2.309936 6.905931 177.789699 34386.860881
337 8.576935 3.529012 4.255090 297.658557 13054.658356
337 16.099481 4.834961 15.266837 101.590758 168052.987528
337 16.347423 4.872050 8.235033 351.590324 48896.606972
337 3.348421 2.204992 3.792432 359.661406 10370.120216
337 17.832437 5.088531 6.291015 340.862409 28535.761218
337 6.078082 2.970779 10.099211 234.198705 73539.885286
337 17.346267 5.018686 7.828434 25.110842 44187.344175
337 13.339979 4.401134 11.909257 191.808394 102262.733857
337 -28.276799 -6.407700 3.007227 47.397165 6520.493394
337 -16.495533 -4.894071 13.227575 39.107982 126156.188090
337 -18.122762 -5.129786 7.646943 275.447476 42162.246104
337 -21.984700 -5.649985 14.177575 252.008658 144927.889962
337 -9.025407 -3.620099 17.015280 150.168448 208749.905143
337 -24.425840 -5.955412 3.689477 292.123316 9814.714362
337 -14.822570 -4.639261 10.790450 288.372407 83951.256322
337 -14.187691 -4.538819 21.653602 150.132795 338071.360350
337 -31.509208 -6.764034 9.149911 203.772646 60364.530670
338 11.741502 4.129038 9.599280 324.929675 66439.350644
338 11.614063 4.106569 3.266737 54.912794 7694.431248
338 8.762984 3.567082 1.571488 210.233169 1780.615872
338 13.209514 4.379560 20.159422 201.490929 293024.711368
338 18.628847 5.200918 4.056651 353.551230 11865.426934
338 19.353211 5.301070 10.921344 73.774067 86000.356890
338 2.995554 2.085574 3.122488 169.707025 7029.909599
338 9.300457 3.674846 11.043685 344.533870 87937.894139
338 12.277454 4.222223 7.897173 306.963924 44966.741398
338 10.110337 3.831509 3.711298 73.720817 9931.153257
338 3.471105 2.245024 14.092987 84.197366 143203.687604
338 18.652191 5.204176 6.665959 63.893831 32038.582393
338 5.128757 2.728935 6.073243 187.114501 26594.352386
338 2.547687 1.923358 7.658393 72.993414 42288.608796
338 16.216268 4.852466 10.936167 45.477455 86233.964133
338 22.950935 5.772810 14.590271 226.009822 153488.121769
338 -16.243866 -4.856593 3.018731 146.737298 6570.478508
338 -22.846804 -5.759699 3.004607 272.565555 6509.135491
338 -15.277761 -4.709957 16.243653 155.840954 190245.981389
338 -20.196879 -5.415383 3.564989 281.657271 9163.563770
338 -14.019007 -4.511757 4.476117 124.994382 14446.113619
338 -14.533221 -4.593757 5.629168 63.868774 22847.382787
338 -15.463778 -4.738543 1.256152 32.261086 1137.711942
338 -18.661486 -5.205473 6.086839 258.869937 26713.559854
338 -26.739813 -6.231122 8.748302 257.359457 55181.770607
339 15.378955 4.725529 10.864566 313.072537 85108.473871
339 -5.570564 2.844046 4.409578 202.304882 14019.808442
339 12.526200 4.264781 3.284917 351.234859 7780.309824
339 25.024453 6.027946 6.995785 304.871779 35287.506145
339 -2.657171 1.964250 3.009407 206.235659 6529.949182
339 6.418865 3.052925 11.617362 284.915141 97311.271226
339 18.111689 5.128218 4.104420 200.731993 12146.511740
339 19.524594 5.324490 10.008837 287.457597 72229.610482
339 9.889560 3.789444 7.930208 37.766997 45343.733755
339 14.507003 4.589611 7.997136 249.786643 46112.322866
339 21.586453 5.598577 3.833741 24.936695 10597.263239
339 2.219838 1.795344 35.321961 126.394084 899575.660509
339 7.036374 3.196403 3.127280 192.815181 7051.501018
339 23.619820 5.856327 4.627272 278.951297 15438.253067
339 10.641308 3.930833 10.211927 318.867622 75190.580717
339 17.579121 5.052259 8.413040 42.062124 51033.339560
339 -8.665757 -3.547238 6.598359 199.238891 31392.069325
339 -4.716820 -2.617048 4.047831 134.878271 11813.885820
339 -25.108698 -6.038084 10.434920 236.809467 78510.246243
339 -35.874242 -7.217361 10.174862 356.780713 74645.760395
339 -27.646869 -6.335925 6.212508 318.204630 27828.001860
339 -27.722957 -6.344638 5.612045 356.714939 22708.597342
339 -27.662288 -6.337691 3.829208 5.767116 10572.213986
339 -16.054165 -4.828152 6.681663 15.960029 32189.716634
339 -23.481109 -5.839106 16.558272 270.298385 197686.986370
339 -4.824933 -2.646871 6.741898 123.853551 32772.719201
340 11.811783 4.141377 2.628065 102.080491 4979.895940
340 3.877374 2.372772 4.001921 43.971699 11547.425076
340 13.542216 4.434370 31.551984 246.500550 717796.651978
340 15.983103 4.817454 7.466375 0.746570 40194.600293
340 8.956981 3.606350 7.360361 98.240544 39061.269306
340 3.882868 2.374452 5.023585 348.696961 18195.988008
340 8.238931 3.458776 5.208965 78.401562 19563.701413
340 7.964965 3.400783 5.980581 136.153695 25789.023284
340 18.178355 5.137648 5.392242 272.592554 20964.610709
340 11.428557 4.073641 5.701429 109.389040 23437.729452
340 12.935070 4.333826 4.161155 312.961572 12484.636386
340 13.281601 4.391494 4.327086 92.646591 13500.165781
340 18.102791 5.126959 4.327902 23.063204 13505.256580
340 17.405832 5.027296 13.263531 107.084355 126842.956715
340 6.788021 3.139487 8.052753 309.498101 46755.947098
340 -28.175088 -6.396165 4.904496 58.521299 17343.500991
340 -23.366196 -5.824801 8.796905 25.054362 55796.620159
340 -26.296634 -6.179269 8.602585 38.633194 53358.795961
340 -25.657177 -6.103676 7.960401 144.414866 45689.665731
340 -20.076288 -5.399192 3.662372 91.579678 9671.037916
340 -12.270959 -4.221106 10.649066 150.694688 81765.689211
340 -28.019809 -6.378516 8.640994 331.447395 53836.336524
340 -24.587182 -5.975048 3.342620 334.231980 8056.047950
340 -24.584113 -5.974675 4.053525 122.731781 11847.148334
340 -15.385790 -4.726579 3.349541 8.974642 8089.444520
341 7.041090 3.197474 7.181978 286.341178 37190.859604
341 23.038796 5.783849 13.022497 163.322853 122274.704324
341 7.693010 3.342221 9.909579 95.471468 70804.113719
341 8.242536 3.459533 12.641819 149.487148 115230.431666
341 13.278906 4.391048 19.171222 158.335176 265001.099764
341 14.388616 4.570846 4.436111 91.929085 14189.035247
341 7.501238 3.300301 4.063037 154.364227 11902.815507
341 14.410106 4.574258 8.712277 235.615761 54728.237664
341 10.822929 3.964236 12.426976 118.801597 111347.112236
341 9.312534 3.677231 5.787813 109.580814 24153.332110
341 16.492579 4.893632 6.185095 353.449041 27582.961352
341 10.510549 3.906607 6.481066 251.713728 30285.932387
341 12.530310 4.265481 7.156856 40.345790 36931.134793
341 -1.112060 1.270724 4.993831 55.550231 17981.075939
341 -11.030745 -4.002114 8.807293 288.475273 55928.472511
341 -17.719210 -5.072350 6.698398 174.089704 32351.172793
341 -25.658034 -6.103778 7.549545 222.692715 41095.061212
341 -29.157189 -6.506686 3.508901 275.154429 8877.490305
341 -20.824340 -5.498860 24.020206 158.065097 416007.869297
341 -16.352933 -4.872871 6.556611 190.365809 30996.085649
341 -23.875719 -5.887966 10.153309 300.916928 74329.860021
341 -17.785741 -5.081864 5.656150 185.547028 23066.939256
341 -18.648760 -5.203697 3.794489 308.441234 10381.367446
341 -26.817272 -6.240140 4.212432 237.193468 12794.222772
341 -20.307063 -5.430135 6.608584 103.243085 31489.439607
342 19.109024 5.267521 6.595580 222.023896 31365.631094
342 10.884620 3.975518 6.210494 115.305075 27809.960160
342 6.443656 3.058815 6.908152 172.025780 34408.985328
342 17.786829 5.082019 3.220552 73.418574 7478.399677
342 11.397796 4.068155 7.343635 1.875852 38883.934549
342 12.571091 4.272416 7.861938 241.125689 44566.376486
342 20.814260 5.497529 10.812054 140.198395 84287.755443
342 11.529266 4.091550 6.450382 22.236733 29999.836814
342 12.769715 4.306036 7.250402 220.279663 37902.886919
342 2.639927 1.957866 9.538088 23.509112 65594.999382
342 13.688239 4.458213 3.606813 40.212335 9379.835700
342 20.158976 5.410299 7.906928 273.837202 45077.891330
342 10.669005 3.935945 4.111723 294.619771 12189.778564
342 13.478538 4.423932 15.417690 37.351093 171390.477876
342 -16.942897 -4.959991 8.819453 249.427543 56083.022108
342 -31.880467 -6.803766 4.944023 265.860368 17624.185523
342 -24.190813 -5.926691 4.772421 323.952585 16421.980560
342 -12.115257 -4.194241 3.655277 124.640047 9633.600125
342 -29.776705 -6.575448 7.167102 164.364042 37036.956657
342 -26.459489 -6.198374 3.564140 286.645433 9159.200201
342 -18.205573 -5.141493 5.096067 69.304045 18724.845966
342 -8.620399 -3.537942 3.975549 35.418632 11395.731529
342 -17.417731 -5.029014 5.653460 282.233800 23044.998299
342 -16.049719 -4.827483 11.053917 324.400566 88100.932589
342 -18.152061 -5.133931 5.856805 155.525254 24732.587190
343 8.598688 3.533484 2.418134 219.680135 4216.078038
343 12.456218 4.252851 6.953878 52.770513 34866.003915
343 12.962412 4.338404 4.889760 262.353522 17239.438531
343 16.503342 4.895229 13.778632 155.966704 136886.386504
343 7.439256 3.286637 2.939020 320.991709 6228.064958
343 7.393682 3.276555 6.165077 282.735998 27404.698886
343 5.437059 2.809759 5.626543 249.006711 22826.084388
343 10.917923 3.981595 3.816845 3.870513 10504.056191
343 5.722288 2.882517 3.430334 32.996594 8484.393273
343 12.080118 4.188154 2.299673 20.568606 3813.117962
343 21.812836 5.627858 12.451156 163.998039 111780.857149
343 7.123168 3.216056 20.264821 194.809376 296096.730877
343 6.789191 3.139757 6.853352 276.580544 33865.235860
343 -12.766460 -4.305487 4.394235 278.334198 13922.418659
343 -26.879854 -6.247417 4.719901 7.865712 16062.528737
343 -21.676281 -5.610214 3.276861 342.279051 7742.196696
343 -18.893797 -5.237773 8.348716 301.365390 50255.943610
343 -13.865529 -4.486992 4.531605 64.236473 14806.490657
343 -14.685031 -4.617687 5.203898 129.350276 19525.659189
343 -8.543542 -3.522135 5.935576 315.722041 25402.342480
343 -15.763473 -4.784240 7.067751 250.439327 36017.249259
343 -7.660140 -3.335073 7.756990 93.444479 43384.494362
343 -22.465503 -5.711433 9.166112 303.860739 60578.481994
343 -13.584122 -4.441226 4.462651 127.544579 14359.322876
343 -3.354481 -2.206987 10.220344 82.360678 75314.592978
344 -0.185741 0.519327 6.044046 215.918362 26339.262856
344 17.902578 5.098528 3.443038 349.032251 8547.352299
344 15.669875 4.770016 12.470537 96.321787 112129.105835
344 10.108035 3.831073 9.573205 54.946043 66078.897104
344 3.455833 2.240079 11.162943 192.619416 89847.399548
344 10.333300 3.873527 7.594008 170.942891 41580.548986
344 1.586507 1.517777 2.874371 204.594131 5957.084673
344 9.757446 3.764048 3.912308 295.150728 11036.063702
344 6.470539 3.065189 7.547903 73.383734 41077.190572
344 8.422900 3.497179 9.566365 44.420212 65984.502180
344 12.621824 4.281028 21.923231 207.028147 346543.044484
344 10.810958 3.962043 4.432618 234.577388 14166.701542
344 -24.156767 -5.922519 5.337649 137.270282 20542.251567
344 -6.454411 -3.061367 6.550751 304.805935 30940.708329
344 -26.214086 -6.169563 5.859170 241.037119 24752.564686
344 -22.699006 -5.741039 7.436447 231.677669 39873.008022
344 -14.786980 -4.633688 5.245641 207.386306 19840.158177
344 -23.908035 -5.891949 4.720773 1.086300 16068.464869
344 -14.599915 -4.604285 3.947726 273.618232 11236.787946
344 -28.024446 -6.379043 2.863699 255.837053 5912.932168
344 -20.543552 -5.461662 5.393025 194.400983 20970.702718
344 -10.719149 -3.945183 7.240536 143.866297 37799.798576
344 -22.184910 -5.675654 10.001970 281.691427 72130.544656
344 -18.413775 -5.170809 5.415367 240.763974 21144.815962
345 10.241257 3.856237 12.386220 182.467709 110617.958865
345 17.298731 5.011805 8.621106 121.565854 53588.802727
345 12.092642 4.190324 9.454273 148.889298 64447.250698
345 11.498697 4.086122 6.418499 318.460210 29704.008231
345 6.890692 3.163140 2.341059 84.129885 3951.599450
345 3.607604 2.288740 5.841258 241.370767 24601.456650
345 8.345060 3.480982 4.861855 206.689530 17043.234143
345 1.380660 1.415893 15.306316 200.058812 168923.239466
345 2.689424 1.976135 2.218359 291.791151 3548.229716
345 9.631796 3.739734 6.102075 122.066738 26847.453438
345 9.044837 3.623994 21.739731 161.785583 340766.120256
345 10.470567 3.899170 4.802940 306.206927 16632.688572
345 -16.030248 -4.824554 6.851394 177.909535 33845.887107
345 -33.963398 -7.022514 6.868723 284.297127 34017.319157
345 -18.716695 -5.213167 4.369796 230.558465 13767.986877
345 -23.561083 -5.849041 2.103888 26.943479 3191.488211
345 -23.650861 -5.860174 9.915675 341.520261 70891.257828
345 -14.420551 -4.575915 5.795150 240.048234 24214.610812
345 -17.720271 -5.072502 8.573866 249.740620 53003.118514
345 -21.461186 -5.582309 5.991828 308.314332 25886.108688
345 -27.664364 -6.337929 7.701010 267.665997 42760.566762
345 -36.186411 -7.248695 2.867305 190.100058 5927.830821
345 -16.651626 -4.917172 18.037212 136.901593 234577.803486
345 -18.626296 -5.200562 2.281771 34.612621 3753.982281
345 -16.372088 -4.875724 4.326621 309.624991 13497.266327
346 9.130998 3.641214 2.661804 32.105092 5108.581481
346 9.759797 3.764501 8.622953 33.041294 53611.769044
346 21.605780 5.601083 4.223006 341.368223 12858.537010
346 11.242073 4.040269 6.254708 127.815882 28207.344491
346 2.857591 2.036982 9.519794 52.479857 65343.617685
346 5.134568 2.730480 2.748250 179.340128 5445.784580
346 9.112225 3.637469 15.233611 276.154906 167322.297762
346 13.417466 4.413898 5.397792 228.735274 21007.789108
346 19.464143 5.316241 11.561968 66.083246 96385.470775
346 12.007240 4.175502 3.565525 269.088997 9166.322978
346 2.649780 1.961517 4.359753 99.363026 13704.774483
346 -14.663973 -4.614375 4.850534 333.161351 16963.957886
346 -24.933492 -6.016980 10.956285 198.062278 86551.517561
346 -11.123964 -4.018989 11.969058 219.758719 103292.320667
346 -17.055562 -4.976455 4.416644 318.959997 14064.779812
346 -23.507092 -5.842336 4.172823 148.689293 12554.747369
346 -18.742123 -5.216707 7.241972 325.343616 37814.791119
346 -10.422720 -3.890251 11.211057 203.526220 90623.582179
346 -19.691885 -5.347253 4.720115 191.146947 16063.986188
346 -6.743430 -3.129158 10.279129 206.344602 76183.466537
346 -18.242374 -5.146687 5.987455 218.462701 25848.332568
346 -20.754226 -5.489595 5.301904 51.827635 20268.044436
346 -25.228494 -6.052471 19.206126 30.704918 265966.908362
346 -18.488403 -5.181276 8.779659 151.573283 55578.063339
347 16.387844 4.878069 6.870742 5.947896 34037.323247
347 9.307178 3.676174 6.413846 32.774819 29660.951775
347 6.343038 3.034839 9.345133 8.938036 62967.878157
347 2.766246 2.004160 3.663544 313.550063 9677.223801
347 7.833135 3.372522 6.505928 92.852227 30518.737900
347 11.380303 4.065032 5.250887 211.422201 19879.866747
347 13.506712 4.428553 4.497962 217.150084 14587.457366
347 12.517997 4.263384 12.578914 175.440900 114086.522379
347 9.954179 3.801804 5.273379 78.618544 20050.541961
347 6.730447 3.126144 7.382127 284.423409 39292.626182
347 7.973707 3.402649 6.076425 168.933765 26622.227305
347 -17.856825 -5.092009 12.596623 225.128059 114407.975995
347 -17.897271 -5.097772 4.669627 287.969360 15722.171505
347 -18.739101 -5.216286 7.874189 179.152792 44705.373509
347 -5.666446 -2.868418 11.094804 140.703726 88753.878921
347 -8.032368 -3.415143 10.666507 95.628561 82033.735304
347 -19.488527 -5.319570 2.959597 243.692719 6315.579929
347 -12.428347 -4.248090 2.625423 304.254908 4969.886691
347 -22.619620 -5.730991 4.893137 207.391014 17263.258250
347 -17.319790 -5.014855 7.845429 209.818971 44379.405625
347 -42.786121 -7.882038 9.170924 187.866827 60642.102586
347 -31.342878 -6.746158 4.706966 319.480709 15974.609590
347 -17.908495 -5.099371 4.835965 123.078983 16862.206531
347 -25.541032 -6.089845 6.368382 36.634487 29241.943432
348 18.260416 5.149231 2.999102 338.700503 6485.308859
348 0.020738 0.173527 13.543443 107.501477 132253.213154
348 10.008566 3.812176 10.424808 327.732842 78358.158213
348 20.558308 5.463623 12.996975 269.696738 121795.889714
348 10.223531 3.852898 3.639302 8.492755 9549.581302
348 2.242677 1.804556 7.094759 242.749601 36293.040304
348 16.654055 4.917530 4.068633 99.887029 11935.622966
348 9.606521 3.734824 5.561172 20.829323 22298.764452
348 7.947194 3.396988 5.817464 93.967920 24401.438193
348 0.978813 1.192166 3.377141 289.185512 8223.307756
348 -1.796209 -1.614974 12.858914 288.122261 119222.074421
348 -15.672277 -4.770381 8.204096 298.428373 48529.916092
348 -10.985556 -3.993908 14.249118 305.396316 146394.261657
348 -10.357825 -3.878121 19.321272 335.948343 269165.575694
348 -19.756279 -5.355988 4.379539 195.792172 13829.449949
348 -15.965258 -4.814764 4.319147 266.329683 13450.672886
348 -17.287249 -5.010142 13.716895 140.769270 135662.472067
348 -16.219430 -4.852939 8.210890 229.636752 48610.327697
348 -13.284567 -4.391984 6.611590 165.956705 31518.090740
348 -8.336978 -3.479296 4.630940 229.467837 15462.739111
348 -26.225575 -6.170915 5.705002 184.219968 23467.114579
348 -16.768328 -4.934372 9.885051 225.217576 70454.042318
348 -7.361608 -3.269440 10.693518 328.218396 82449.742555
348 -13.553484 -4.436214 3.571976 180.362333 9199.519837
349 8.715400 3.557384 2.512802 312.746056 4552.654747
349 6.572619 3.089273 13.360736 303.324732 128708.975037
349 11.651998 4.113270 5.754727 120.427437 23877.980865
349 13.207464 4.379220 2.701805 313.754842 5263.273547
349 11.051730 4.005919 4.812971 71.390372 16702.236789
349 15.546395 4.751184 13.593825 298.376968 133239.021614
349 12.905608 4.328887 3.506549 347.734600 8865.594747
349 10.695663 3.940859 5.313226 260.965443 20354.698414
349 8.114320 3.432520 2.835613 114.424943 5797.516097
349 -23.049696 -5.785217 10.424909 227.403963 78359.671726
349 -21.840578 -5.631435 6.649550 107.587531 31881.048223
349 -16.589815 -4.908037 6.579514 19.379254 31213.013912
349 -8.039157 -3.416586 5.930269 282.055594 25356.938321
349 -16.729009 -4.928584 10.066692 297.036379 73067.057095
349 -20.224175 -5.419041 6.273247 253.435473 28374.802324
349 -13.447943 -4.418908 8.897188 198.314477 57076.006177
349 -21.758937 -5.620900 8.938618 95.944981 57608.806086
349 -7.033885 -3.195838 15.517356 180.906610 173613.505266
349 -9.808202 -3.773825 3.201659 275.408472 7390.915289
349 -22.488072 -5.714302 15.455531 192.148876 172232.824092
349 -8.427085 -3.498048 8.347915 102.147059 50246.308222
349 -9.755348 -3.763643 6.227808 103.226814 27965.236045
349 -31.347564 -6.746662 11.019716 272.136373 87556.599072
350 6.597023 3.095003 10.660656 222.587147 81943.761009
350 15.352799 4.721509 7.639969 296.201523 42085.381208
350 7.414656 3.281199 17.221533 336.033093 213841.362151
350 11.893076 4.155604 2.978135 143.210591 6394.944323
350 2.847965 2.033548 4.438241 125.046102 14202.664497
350 10.207029 3.849787 5.301495 221.806818 20264.914118
350 12.561376 4.270765 12.559947 199.867057 113742.739669
350 10.320230 3.871076 2.668589 254.404599 5134.656684
350 13.569730 4.438872 3.518082 20.801007 8924.010256
350 -6.012116 -2.954614 6.260054 169.019307 28255.578297
350 -26.192799 -6.167058 2.993024 311.689844 6459.047525
350 -13.089801 -4.359670 4.656776 140.694539 15635.751177
350 -16.358713 -4.873732 6.985376 79.204060 35182.572401
350 -20.214059 -5.417686 7.306324 50.361621 38489.829374
350 -14.970412 -4.662340 15.497168 17.861472 173162.060311
350 -6.627821 -3.102219 4.678605 312.710826 15782.685502
350 -21.567793 -5.596157 9.003493 129.970773 58448.067994
350 -12.358409 -4.236121 6.680126 221.386910 32174.917606
350 -12.146778 -4.199693 7.336759 60.383624 38811.154530
350 -17.350618 -5.019316 15.966159 37.655651 183801.468618
350 -10.623445 -3.927532 2.828508 125.437412 5768.497996
350 -17.526836 -5.044740 4.049134 189.040388 11821.492529
350 -22.526786 -5.719218 4.748220 87.241653 16255.854146
350 -21.393530 -5.573503 9.998546 342.640540 72081.154340
351 3.587002 2.282196 10.837687 261.355780 84687.879332
351 5.262361 2.764250 7.613875 190.316024 41798.392619
351 15.791427 4.788481 12.737569 56.373961 116982.580733
351 9.888977 3.789333 9.586127 117.807316 66257.406435
351 13.572584 4.439339 7.392734 325.044028 39405.628795
351 8.256444 3.462450 13.676335 48.490660 134861.363149
351 10.865358 3.971998 8.102605 62.898706 47336.632383
351 13.647869 4.451634 7.610896 197.926537 41765.685618
351 -14.809242 -4.637175 9.564251 145.510796 65955.345482
351 -14.451918 -4.580889 4.194736 342.758580 12686.953553
351 -20.889740 -5.507488 3.846801 190.668285 10669.587420
351 -15.803380 -4.790293 10.015493 126.943397 72325.717639
351 -14.668629 -4.615107 5.175880 126.100014 19315.969315
351 -15.553172 -4.752220 8.619303 90.251272 53566.384282
351 -12.520097 -4.263742 10.096097 308.354297 73494.540466
351 -11.496332 -4.085702 12.817978 279.407868 118464.197321
351 -16.190704 -4.848640 4.906012 200.935965 17354.224193
351 -23.548969 -5.847537 11.054017 263.243191 88102.523871
351 -18.652693 -5.204246 6.925586 164.855844 34582.874468
351 -22.333854 -5.694674 2.408790 304.678074 4183.559308
351 -17.656626 -5.063384 4.070302 149.059483 11945.414799
351 -15.208209 -4.699223 5.205008 32.021433 19533.989200
351 -28.009208 -6.377309 2.329212 270.807606 3911.705918
352 13.553971 4.436294 10.850814 344.003642 84893.160130
352 -0.274063 0.630830 4.288721 143.025812 13261.834323
352 11.576689 4.099956 5.680519 186.372296 23266.124077
352 4.683811 2.607875 3.497477 223.722732 8819.780393
352 10.444202 3.894258 6.092427 131.425971 26762.623093
352 6.386389 3.045192 9.227168 70.006390 61388.202350
352 17.420299 5.029385 4.452928 318.201804 14296.821454
352 -23.858165 -5.885801 5.859538 196.072625 24755.675060
352 -15.879467 -4.801810 14.184666 38.104908 145072.893668
352 -8.764383 -3.567366 16.542716 168.144557 197315.731990
352 -16.867385 -4.948926 4.260467 282.999617 13087.672017
352 -8.014076 -3.411252 2.989998 4.929845 6445.994286
352 -9.039333 -3.622891 4.237707 134.657086 12948.213207
352 -30.230541 -6.625368 7.798187 352.172192 43846.544101
352 -19.151273 -5.273341 8.354359 197.697527 50323.902684
352 -7.406667 -3.279431 13.109153 72.983230 123907.434370
352 -24.449099 -5.958247 6.623915 306.635040 31635.711426
352 -24.334719 -5.944293 4.979465 49.457928 17877.770690
352 -14.674946 -4.616101 7.774298 312.705107 43578.317683
352 -19.667700 -5.343968 5.472189 250.508571 21590.879054
352 -19.665978 -5.343734 6.137672 10.928493 27161.604218
352 -29.741477 -6.571558 28.189939 95.379227 572975.873732
353 9.133076 3.641628 6.718594 188.218414 32546.545217
353 10.763170 3.953276 4.965238 189.647539 17775.763255
353 5.714563 2.880571 9.582802 108.403107 66211.456143
353 13.079834 4.358009 6.782610 52.078216 33169.717599
353 9.259279 3.666702 14.296629 156.661209 147372.134172
353 14.499385 4.588406 9.002778 229.377986 58438.787790
353 9.132343 3.641482 5.298278 133.052534 20240.331360
353 -15.230377 -4.702647 8.285909 113.745487 49502.638143
353 -22.744142 -5.746744 6.122383 46.740853 27026.454774
353 -24.645171 -5.982090 6.557268 202.950422 31002.299652
353 -20.520040 -5.458536 11.208637 41.953744 90584.458700
353 -18.929066 -5.242659 10.388877 197.361068 77818.931690
353 -11.491656 -4.084871 10.831035 228.146082 84583.951730
353 -7.177707 -3.228345 5.430193 230.180115 21260.753490
353 -20.958636 -5.516563 9.568214 122.144528 66010.012041
353 -7.107891 -3.212606 2.764245 354.659072 5509.360963
353 -5.080917 -2.716177 3.187497 302.071351 7325.672743
353 -27.782388 -6.351435 8.286669 327.465375 49511.727941
353 -9.468143 -3.707827 3.276205 48.513182 7739.094000
353 -7.208501 -3.235263 9.725327 179.567935 68195.621059
353 -14.439400 -4.578905 6.885807 293.386926 34186.749122
353 -24.407915 -5.953226 8.561939 2.109241 52855.759697
353 -26.072837 -6.152919 11.153621 56.656190 89697.402051
354 15.437377 4.734497 16.327463 222.451012 192214.218403
354 12.397244 4.242771 2.880274 315.744900 5981.575109
354 8.880107 3.590841 10.114945 168.305393 73769.203525
354 12.222388 4.212744 11.945620 269.373184 102888.183191
354 8.746938 3.563814 3.464161 73.690254 8652.552012
354 10.243976 3.856749 0.910036 135.999464 597.124578
354 -19.722668 -5.351430 2.386667 97.402213 4107.065378
354 -23.945548 -5.896570 2.876589 349.574569 5966.280471
354 -21.305920 -5.562079 6.797430 124.306069 33314.830376
354 -36.820798 -7.311957 9.370611 137.840160 63311.692082
354 -16.352800 -4.872851 5.316153 64.026070 20377.129680
354 -29.263652 -6.518555 11.821293 110.300221 100757.658829
354 -20.456805 -5.450119 22.620325 18.250974 368931.523009
354 -20.981046 -5.519511 6.313298 285.543461 28738.275329
354 -20.435459 -5.447274 2.423980 56.743116 4236.491107
354 -28.558460 -6.439534 25.863958 185.210018 482323.067974
354 -22.767743 -5.749725 1.938423 265.820526 2709.224480
354 -20.025400 -5.392345 9.375518 279.491345 63378.006846
354 -28.896851 -6.477573 3.154860 133.362496 7176.425433
354 -18.956651 -5.246478 4.723790 248.540687 16089.006870
354 -12.946270 -4.335702 4.669175 262.341136 15719.126417
354 -29.384155 -6.531962 11.151480 347.347638 89662.959742
355 4.969287 2.686174 9.117110 358.301382 59932.508552
355 19.500688 5.321230 6.274243 104.945094 28383.816009
355 8.848760 3.584497 6.671167 59.586948 32088.668539
355 13.561821 4.437579 6.166870 310.560137 27420.646039
355 9.784044 3.769175 5.602537 261.072532 22631.715757
355 7.844285 3.374922 8.404759 186.821998 50932.922395
355 -13.315389 -4.397076 3.970258 358.038026 11365.423068
355 -14.560562 -4.598076 6.122744 258.921713 27029.641162
355 -19.270137 -5.289681 7.118547 211.202113 36536.821736
355 -24.440583 -5.957209 11.776601 250.165504 99997.242318
355 -25.524652 -6.087892 9.225513 99.247689 61366.180392
355 -11.481627 -4.083088 5.644446 308.249880 22971.572844
355 -1.022330 -1.218380 1.876558 175.533597 2539.055413
355 -13.301214 -4.394735 19.573334 270.982902 276234.366375
355 -10.903776 -3.979014 8.072656 118.778555 46987.350062
355 -11.671060 -4.116633 12.554686 117.847254 113647.476977
355 -20.646285 -5.475301 14.112490 141.769078 143600.310822
355 -15.342504 -4.719926 8.422344 335.732688 51146.277009
355 -4.199620 -2.469403 8.226333 243.811772 48793.354153
355 -12.424485 -4.247430 6.175484 10.207738 27497.297480
355 -14.945756 -4.658499 5.067352 355.472057 18514.427577
355 -3.457823 -2.240724 3.301643 32.324321 7859.740162
356 9.531434 3.720199 15.257840 241.334384 167854.958793
356 9.744187 3.761490 2.738913 147.465843 5408.844605
356 11.807837 4.140685 3.368613 252.386783 8181.828617
356 2.173562 1.776532 4.457458 20.286985 14325.925041
356 7.957575 3.399205 6.089284 291.401096 26735.023112
356 -25.309071 -6.062129 8.952157 171.184907 57783.449385
356 -19.594473 -5.334010 9.927712 254.327205 71063.470933
356 -22.960842 -5.774056 2.449697 337.854903 4326.860468
356 -18.131639 -5.131042 8.093320 251.234938 47228.214342
356 -19.492709 -5.320141 12.539239 212.314602 113367.988088
356 -18.295233 -5.154138 5.516966 225.409001 21945.660872
356 -22.564937 -5.724059 17.170107 29.996426 212566.129339
356 -25.256836 -6.055870 11.003421 43.552149 87297.844698
356 -24.816490 -6.002846 5.514001 189.546786 21922.076826
356 -22.540585 -5.720970 4.840794 68.720219 16895.895783
356 -33.689562 -6.994147 14.962316 324.136436 161415.675966
356 -23.732696 -5.870304 5.540056 239.757912 22129.747049
356 -28.418374 -6.423721 12.115608 61.847579 105837.238408
356 -22.438691 -5.708024 9.493172 52.822470 64978.659155
356 -9.269765 -3.668778 14.935790 249.541265 160843.851194
356 -21.162873 -5.543376 7.637542 178.026627 42058.648441
356 -14.224226 -4.544660 4.878194 46.931382 17157.984947
357 10.224845 3.853146 7.082672 172.973576 36169.489870
357 11.144501 4.022697 4.667399 4.014942 15707.168660
357 14.254376 4.549474 2.677341 134.750611 5168.390857
357 9.974704 3.805722 3.959545 144.667957 11304.171317
357 11.923246 4.160871 14.110385 212.308430 143557.479833
357 -21.022600 -5.524974 8.229749 55.355701 48833.880440
357 -25.076319 -6.034189 17.972268 173.483967 232891.607948
357 -17.589702 -5.053779 3.333892 60.271857 8014.032365
357 -13.838086 -4.482549 4.718233 141.689247 16051.172934
357 -18.038314 -5.117820 4.167486 152.163255 12522.653987
357 -26.715262 -6.228260 12.651732 237.277816 115411.230532
357 -12.146453 -4.199637 11.440878 259.098030 94377.131349
357 -21.179310 -5.545529 8.084913 252.812186 47130.146321
357 -16.523637 -4.898238 18.900770 283.461829 257577.003260
357 -25.231359 -6.052815 13.341326 157.161025 128335.273868
357 -18.864457 -5.233705 3.347857 201.036992 8081.313696
357 -26.814335 -6.239798 12.039876 28.245099 104518.249644
357 -16.126046 -4.838948 10.913789 4.736946 85881.411134
357 -22.912575 -5.767983 3.440562 121.232901 8535.064276
357 -7.563459 -3.313960 8.790190 248.184773 55711.473782
357 -24.786492 -5.999217 8.953958 292.156512 57806.693959
357 -24.236298 -5.932260 9.662861 162.688708 67322.385800
358 10.117303 3.832829 12.688543 343.240883 116083.783124
358 6.117223 2.980329 2.902274 317.116141 6073.301945
358 9.302860 3.675321 7.700693 7.031575 42757.050146
358 7.391206 3.276006 12.566643 13.495601 113864.053647
358 -27.895562 -6.364358 3.487592 152.890032 8769.996244
358 -4.484546 -2.551798 14.611347 28.473117 153931.876656
358 -22.581885 -5.726208 5.456222 256.728155 21465.061923
358 -28.785100 -6.465036 4.764326 163.616503 16366.318572
358 -10.109752 -3.831398 8.500681 245.074780 52102.127925
358 -2.939640 -2.066018 27.906037 187.612828 561493.076212
358 -14.060580 -4.518441 6.105149 246.950670 26874.511571
358 -32.213144 -6.839173 5.017121 351.568970 18149.185459
358 -18.864737 -5.233743 2.970692 69.926058 6363.020899
358 -2.660098 -1.965332 4.234907 79.588050 12931.109797
358 -34.595192 -7.087530 3.621052 284.614231 9454.043769
358 -29.118065 -6.502319 3.886635 59.229256 10891.700721
358 -14.906628 -4.652397 2.257724 348.408934 3675.275436
358 -8.808488 -3.576331 3.992835 115.489264 11495.046716
358 -24.027544 -5.906657 33.066328 298.014618 788351.728138
358 3.478192 -2.247314 6.845447 150.761412 33787.155900
358 -11.655030 -4.113805 7.186470 274.579354 37237.396158
359 10.302358 3.867723 5.298062 164.082230 20238.679451
359 6.451410 3.060655 4.423294 305.885148 14107.160595
359 18.832795 5.229311 4.872324 213.180031 17116.710824
359 13.754995 4.469071 9.518475 284.910179 65325.517400
359 -11.898250 -4.156508 6.162935 9.406708 27385.659633
359 -25.404438 -6.073539 5.413226 257.536248 21128.100927
359 -10.645804 -3.931663 5.747568 251.325029 23818.600748
359 -13.725603 -4.464294 12.723964 200.411226 116732.809000
359 -20.901813 -5.509079 5.408068 349.951158 21087.854131
359 -25.979503 -6.141896 8.067120 54.198799 46922.926896
359 -0.208988 -0.550868 5.328586 183.930664 20472.555720
359 -16.944435 -4.960216 5.879857 234.387143 24927.668902
359 -21.614493 -5.602212 9.420185 325.772583 63983.344519
359 -12.611981 -4.279359 5.247554 310.669486 19854.636830
359 -14.077100 -4.521095 3.443800 314.021675 8551.138421
359 -17.928257 -5.102184 5.231430 70.691980 19732.810281
359 -3.333334 -2.200019 8.624675 154.270677 53633.179883
359 -26.671213 -6.223124 4.027835 342.493548 11697.456001
359 -16.209496 -4.851453 9.570800 182.024617 66045.700719
359 -25.184525 -6.047194 6.027309 193.082823 26193.583964
359 -19.135572 -5.271179 12.457271 282.348289 111890.680571
360 11.248293 4.041386 7.975090 99.734410 45858.440668
360 6.246473 3.011650 8.933700 190.934081 57545.426795
360 8.203056 3.451238 3.049420 24.289289 6704.749687
360 -18.846609 -5.231228 6.668079 181.086641 32058.971013
360 -20.947471 -5.515093 6.554509 49.849990 30976.222473
360 -16.534427 -4.899837 10.855771 262.930115 84970.744511
360 -16.781081 -4.936249 3.109400 273.431672 6971.099656
360 -24.907072 -6.013792 19.608963 317.988585 277240.914998
360 -7.300906 -3.255933 7.757897 172.707629 43394.638066
360 -18.695935 -5.210275 16.020492 113.827512 185054.543900
360 -21.796170 -5.625707 5.707999 281.599626 23491.774845
360 -17.338445 -5.017555 4.837013 182.731167 16869.515393
360 -7.298520 -3.255401 7.055320 101.261926 35890.663905
360 -28.694750 -6.454881 7.202294 339.609144 37401.566174
360 -20.095074 -5.401717 5.769147 352.566200 23997.792510
360 -13.820116 -4.479638 8.114268 67.175759 47473.006756
360 -23.091838 -5.790503 15.131541 260.124776 165087.572489
360 -9.193952 -3.653744 6.317778 115.020553 28779.074222
360 -11.624491 -4.108412 5.260059 204.249812 19949.376283
360 -18.360401 -5.163309 5.407017 9.048541 21079.654284
360 -7.873383 -3.381176 5.478583 267.324101 21641.361117
361 -4.597503 2.583735 4.835991 207.252911 16862.385203
361 9.650265 3.743317 9.312941 329.646479 62534.800329
361 6.031255 2.959313 9.012229 15.498175 58561.543980
361 -17.947740 -5.104955 5.211092 24.503375 19579.680171
361 -13.303257 -4.395072 5.822565 128.655728 24444.250248
361 -15.408193 -4.730019 8.538793 10.588980 52570.368284
361 -29.090835 -6.499278 3.739369 234.872195 10081.956679
361 -9.601662 -3.733879 1.999000 21.537524 2881.202043
361 -6.817544 -3.146306 5.032356 258.770879 18259.583382
361 -14.948456 -4.658920 4.078064 331.714899 11991.022243
361 -2.263838 -1.813050 16.248773 63.310670 190365.922314
361 -14.748981 -4.627730 4.233002 134.577174 12919.476753
361 -30.359630 -6.639499 15.073375 212.746113 163820.808249
361 -3.062959 -2.108908 5.295213 178.328958 20216.919406
361 -24.618463 -5.978848 3.764717 261.634230 10219.103885
361 -17.322445 -5.015239 4.163561 8.027193 12499.077805
361 -19.438698 -5.312765 8.823185 75.376858 56130.496117
361 -20.160480 -5.410501 4.380328 2.359696 13834.431572
361 -5.521106 -2.831393 5.203848 235.254049 19525.282247
361 -7.457081 -3.290573 5.199970 204.199898 19496.188811
361 -9.885565 -3.788679 10.906698 179.858243 85769.842996
362 5.285101 2.770216 10.578070 194.302964 80679.080234
362 10.191725 3.846900 5.394002 129.105353 20978.301371
362 -10.684569 -3.938815 8.876197 357.275225 56807.005295
362 -13.714837 -4.462543 5.077484 160.355556 18588.539609
362 -7.087696 -3.208039 4.600868 330.181905 15262.568337
362 -23.424813 -5.832102 11.493226 65.401002 95242.750889
362 -15.545917 -4.751111 8.871471 278.036126 56746.538883
362 -12.337760 -4.232580 7.201069 314.685747 37388.845732
362 -13.866039 -4.487074 7.265599 255.749369 38061.944294
362 -28.457094 -6.428095 8.719421 337.458830 54818.017416
362 -20.584243 -5.467068 8.241505 246.788803 48973.499182
362 -0.371736 -0.734691 7.715915 279.656465 42926.254236
362 -24.694780 -5.988108 20.698666 131.034201 308910.581457
362 -26.448496 -6.197086 13.103479 315.915097 123800.191839
362 -30.678601 -6.674286 5.839715 4.154316 24588.458918
362 -10.416114 -3.889018 9.326622 227.440832 62718.664394
362 -19.077500 -5.263175 3.565583 357.689781 9166.617058
362 -12.922893 -4.331785 8.139868 133.618466 47773.027955
362 -17.462630 -5.035492 6.618785 141.665466 31586.723239
362 -23.120118 -5.794048 6.308114 302.465758 28691.096624
363 4.906872 2.669251 9.199559 67.952474 61021.386676
363 13.490330 4.425867 1.784740 287.919024 2296.666850
363 -8.816052 -3.577866 6.532801 343.474272 30771.380333
363 -8.809428 -3.576522 3.737901 40.633200 10074.037383
363 -14.442090 -4.579331 3.673883 348.879713 9731.923374
363 -11.170099 -4.027315 15.076511 176.427182 163888.979731
363 -13.789025 -4.474596 23.854555 215.793737 410289.787667
363 -19.852850 -5.369063 6.305963 284.820477 28671.535256
363 -28.561606 -6.439889 6.760555 99.874754 32954.353178
363 -12.261997 -4.219565 19.760401 162.822719 281539.647372
363 -15.024059 -4.670686 4.703888 64.094241 15953.725306
363 -4.424774 -2.534735 6.577589 326.033113 31194.750481
363 -12.186644 -4.206580 8.357249 273.766254 50358.734475
363 -1.535434 -1.493147 10.315796 269.767097 76727.940540
363 -28.999182 -6.489032 7.842429 73.738032 44345.469906
363 -17.568877 -5.050787 4.488280 41.998811 14524.729181
363 -15.250959 -4.705823 9.488619 230.089452 64916.354999
363 -10.773422 -3.955158 5.022732 250.289416 18189.809602
363 -21.470978 -5.583583 9.298741 221.832801 62344.246350
363 -12.804944 -4.311972 8.371851 216.367506 50534.853375
364 9.643388 3.741983 2.529581 285.953603 4613.656264
364 10.177891 3.844288 15.813096 114.106800 180294.258732
364 -18.902122 -5.238927 11.970331 221.370861 103314.282280
364 -27.414919 -6.309291 6.859255 319.807321 33923.601944
364 -12.200563 -4.208981 24.855558 218.241438 445446.029061
364 -8.402074 -3.492853 6.192227 277.372565 27646.606945
364 -12.469043 -4.255040 5.393907 232.846025 20977.557869
364 -20.592782 -5.468202 6.593418 96.474214 31345.069987
364 0.463514 -0.820387 7.619963 353.003577 41865.261365
364 -6.606526 -3.097231 4.403886 74.727005 13983.636399
364 -19.948909 -5.382036 7.392910 217.475098 39407.498267
364 -18.856702 -5.232629 11.673556 138.470234 98254.947839
364 -15.093434 -4.681457 4.915529 31.361479 17421.625826
364 -11.282444 -4.047517 7.086091 282.982227 36204.412799
364 -14.037018 -4.514654 14.076727 357.664312 142873.425420
364 -7.496202 -3.299193 6.150240 204.440959 27272.958565
364 -9.236479 -3.662185 5.324348 80.527475 20440.006108
364 -8.585396 -3.530752 6.164510 137.794843 27399.663668
364 -21.644226 -5.606064 5.188703 124.557562 19411.791938
364 -4.949006 -2.680687 4.896939 86.621297 17290.096272
365 11.447236 4.076969 10.021715 266.869403 72415.601100
365 -9.155828 -3.646161 15.595349 358.548472 175363.119864
365 -16.943616 -4.960096 7.341578 189.390877 38862.152919
365 -17.258785 -5.006015 3.702764 199.165905 9885.533209
365 -18.414744 -5.170945 9.121207 137.457717 59986.383585
365 -9.472440 -3.708668 2.986199 279.491249 6429.625708
365 -10.289963 -3.865396 9.652873 339.103732 67183.283919
365 -8.132429 -3.436348 6.114123 165.797439 26953.577961
365 -14.881926 -4.648541 11.541317 81.903953 96041.472168
365 -17.660537 -5.063945 13.574285 41.260523 132856.244929
365 -22.332637 -5.694519 8.498406 238.627546 52074.248126
365 -15.511942 -4.745917 6.043320 85.432188 26332.931732
365 -15.195419 -4.697247 4.397661 148.379673 13944.137775
365 -10.222348 -3.852675 7.147749 219.442999 36837.204976
365 -15.120395 -4.685637 9.054958 103.342371 59118.169378
365 -15.662679 -4.768920 1.280730 234.717967 1182.669643
365 -14.698528 -4.619808 3.455359 180.789011 8608.638870
365 -14.475457 -4.584618 9.706081 37.745400 67925.983536
365 -4.646913 -2.597582 5.403848 339.726885 21054.954374
366 8.433701 3.499421 9.381961 174.664105 63465.156470
366 -22.113064 -5.666456 5.400148 65.864919 21026.129712
366 -16.994948 -4.967604 5.568777 295.647172 22359.787594
366 -8.149746 -3.440005 4.678492 12.522452 15781.921539
366 -19.220042 -5.282801 2.727722 320.708214 5364.735775
366 -17.948210 -5.105022 3.732958 47.742908 10047.411968
366 -21.426378 -5.577781 16.523136 40.381313 196848.911396
366 -0.448321 -0.806829 4.629653 22.653057 15454.145384
366 -7.330568 -3.262540 12.737343 244.995482 116978.423098
366 -13.172512 -4.373422 2.713931 70.499370 5310.626747
366 -18.069300 -5.122214 5.722150 351.755362 23608.396129
366 -22.684488 -5.739202 10.043662 291.707285 72733.120568
366 -18.425322 -5.172430 8.051146 148.172614 46737.288266
366 -17.034312 -4.973354 5.882315 183.024213 24948.507783
366 -13.374803 -4.406875 4.089363 264.708298 12057.556179
366 -17.983982 -5.110107 3.847648 12.281171 10674.281270
366 -11.134382 -4.020871 8.872285 170.083724 56756.942616
366 -27.327357 -6.299207 5.690418 197.605687 23347.287764
366 -17.438912 -5.032071 6.852510 173.089237 33856.917870
367 7.969558 3.401764 14.786398 50.227159 157642.334139
367 -18.414610 -5.170926 6.726303 51.214286 32621.270747
367 -15.971392 -4.815689 4.269368 85.851220 13142.414482
367 -11.917881 -4.159935 4.270487 265.469619 13149.309375
367 -21.133696 -5.539554 8.661154 293.608555 54087.833803
367 -5.291395 -2.771865 5.849000 186.756269 24666.718479
367 -25.148445 -6.042861 6.364162 110.218956 29203.207477
367 -21.056513 -5.529429 16.980567 212.778359 207899.026499
367 -10.209975 -3.850343 12.052754 103.950041 104741.957756
367 -12.342881 -4.233459 3.611431 64.067082 9403.874675
367 -15.141457 -4.688899 6.473905 336.444683 30219.039286
367 -10.569908 -3.917623 8.662394 162.438645 54103.321590
367 -11.535714 -4.092694 5.003971 14.087220 18054.171527
367 -19.232816 -5.284556 7.419121 115.463457 39687.430246
367 -11.282564 -4.047538 4.696634 107.513713 15904.555071
367 -15.400955 -4.728908 4.362661 185.300041 13723.059776
367 -14.985062 -4.664621 11.613443 261.207134 97245.623066
367 -12.229541 -4.213977 14.959423 34.549872 161353.266203
367 -8.853649 -3.585487 5.044083 296.334101 18344.782093
368 -14.090393 -4.523229 5.932319 105.908881 25374.479008
368 -19.381628 -5.304961 29.158610 59.350467 613029.989725
368 -12.247790 -4.217120 5.922058 178.382197 25286.769362
368 -15.519091 -4.747010 5.392887 232.619153 20969.627267
368 -16.638349 -4.915211 13.666165 225.689945 134660.864902
368 -18.183014 -5.138306 3.641750 102.955865 9562.430353
368 -24.766844 -5.996839 5.064001 4.716852 18489.944891
368 -12.445050 -4.250944 8.189110 65.189568 48352.784629
368 -11.015989 -3.999436 1.514657 324.589305 1654.157065
368 -16.792615 -4.937945 3.314776 89.609108 7922.396131
368 -17.458249 -5.034860 6.063527 27.044438 26509.326115
368 -17.084830 -4.980723 2.990449 176.613046 6447.937352
368 -25.004900 -6.025590 14.156888 42.778645 144505.264415
368 -14.190782 -4.539314 8.883533 150.830357 56900.953393
368 -11.611331 -4.106086 5.822619 315.906866 24444.708150
368 -15.004028 -4.667571 6.692662 1.387287 32295.784350
368 -15.090941 -4.681071 6.552020 106.551249 30952.698665
368 -21.765743 -5.621779 5.397020 298.757871 21001.779433
368 -11.334130 -4.056777 2.435150 258.122515 4275.624418
369 -13.946583 -4.500087 13.662438 288.986867 134587.431910
369 -11.212615 -4.034972 12.374399 60.921150 110406.923841
369 -14.452639 -4.581003 4.004167 182.677642 11560.387524
369 -23.376106 -5.826036 10.410488 321.876266 78143.033889
369 -5.772974 -2.895255 5.021454 67.888458 18180.551606
369 -23.548964 -5.847537 2.981010 125.501358 6407.296454
369 -6.143336 -2.986683 6.129979 141.841730 27093.556887
369 -29.358123 -6.529068 3.878049 326.524041 10843.627789
369 -14.479331 -4.585232 7.172020 60.876940 37087.793976
369 -10.880869 -3.974833 4.201042 222.452174 12725.128477
369 -8.968051 -3.608578 11.264096 258.901488 91483.071497
369 -16.625597 -4.913327 8.324532 193.309389 49965.216963
369 -16.825988 -4.942849 2.381337 107.845038 4088.744047
369 -11.108009 -4.016106 8.969472 151.320119 58007.185164
369 -14.683380 -4.617427 3.124029 206.186873 7036.849326
369 -10.080271 -3.825808 11.311189 3.410763 92249.628141
369 -16.056849 -4.828555 5.412905 51.135396 21125.592697
369 -9.551956 -3.724202 8.701609 57.764044 54594.284276
369 -22.604974 -5.729135 12.127280 224.926536 106041.265372
370 -2.713837 -1.985084 4.841060 243.130334 16897.754963
370 -11.809693 -4.141011 3.027485 211.696355 6608.640922
370 3.565192 -2.275247 6.435516 29.478921 29861.720875
370 -10.051745 -3.820391 3.891031 252.686425 10916.348606
370 -10.514065 -3.907261 9.961761 100.070074 71551.760295
370 0.030414 -0.210148 6.875459 224.436087 34084.067497
370 -14.836519 -4.641443 4.273193 326.132088 13165.979522
370 -22.931282 -5.770338 2.692414 294.195269 5226.749764
370 -5.783058 -2.897783 11.350308 243.261865 92888.808498
370 -23.245495 -5.809737 4.380126 57.321172 13833.157628
370 -4.103058 -2.440849 11.865002 218.450668 101504.121123
370 -20.133760 -5.406914 11.689960 195.383897 98531.285709
370 -13.933738 -4.498015 6.188416 50.738018 27612.589511
370 -14.448561 -4.580357 11.051558 289.794016 88063.333894
370 -15.381121 -4.725862 8.077238 190.654188 47040.702288
370 -11.949610 -4.165469 4.053140 68.087873 11844.895365
370 -18.392203 -5.167779 7.158299 139.206042 36946.029921
370 -15.508812 -4.745438 15.399443 221.987487 170985.038189
370 -11.547141 -4.094721 7.420308 32.774561 39700.128622
371 -17.734240 -5.074501 11.493107 164.600125 95240.782272
371 -14.861228 -4.645307 2.865628 273.452936 5920.900671
371 -13.006542 -4.345782 8.834484 33.306799 56274.346562
371 -22.787545 -5.752224 4.605576 286.431135 15293.818518
371 -16.595351 -4.908856 13.036743 224.581158 122542.367331
371 -18.920959 -5.241537 2.485532 131.025124 4454.374973
371 -1.353084 -1.401682 9.018582 0.695417 58644.132469
371 -21.968712 -5.647931 4.843985 308.427480 16918.179417
371 -18.367132 -5.164255 8.173236 349.926719 48165.505849
371 -13.719962 -4.463376 5.543126 58.813110 22154.276060
371 -6.528240 -3.078826 7.441785 259.951219 39930.281211
371 -10.016828 -3.813749 6.069968 236.122531 26565.679490
371 -10.790430 -3.958279 5.675764 105.135446 23227.191747
371 -16.608934 -4.910864 5.323918 326.976008 20436.701148
371 -14.012771 -4.510753 6.942980 109.442615 34756.807293
371 -14.024795 -4.512688 11.012904 107.717975 87448.387979
371 -8.647029 -3.543403 4.958732 136.062793 17729.211182
371 -12.050123 -4.182951 9.588379 143.741387 66288.537549
371 -8.660907 -3.546245 6.440179 218.166841 29905.009276
372 -18.675953 -5.207490 8.122649 214.029431 47571.132474
372 -12.220906 -4.212489 8.920463 78.136361 57375.017535
372 -20.288461 -5.427647 3.761759 216.179783 10203.050002
372 -9.465842 -3.707376 2.053325 293.101820 3039.929226
372 -8.866303 -3.588049 6.086277 35.423089 26708.623437
372 2.318404 -1.834770 7.271396 334.803016 38122.703506
372 -26.237679 -6.172339 4.807501 321.957747 16664.288600
372 -3.141094 -2.135637 4.180843 132.293496 12603.056290
372 -8.845749 -3.583887 9.398048 114.452808 63682.978740
372 -20.902850 -5.509216 7.763004 201.897292 43451.793700
372 -7.573412 -3.316140 7.430004 327.949324 39803.946487
372 -22.568402 -5.724499 2.888086 224.124174 6014.066129
372 -20.447633 -5.448897 9.023172 72.220353 58703.838275
372 -15.317138 -4.716022 14.541619 31.371240 152466.199630
372 -25.062727 -6.032554 8.329290 355.181917 50022.342975
372 -9.913175 -3.793966 14.148538 8.793420 144334.854774
372 -17.374648 -5.022790 5.012153 119.877083 18113.265135
372 -30.596222 -6.665319 10.893177 126.404388 85557.328181
372 -11.383636 -4.065627 5.859594 96.723690 24756.147920
373 -2.020366 -1.712782 3.962171 100.027560 11319.166983
373 -12.996339 -4.344077 3.415811 347.271821 8412.705137
373 -0.455546 -0.813305 3.672678 323.031219 9725.539229
373 -14.671670 -4.615586 6.001491 241.656048 25969.666023
373 -16.781968 -4.936379 2.989809 216.095467 6445.177294
373 -4.595310 -2.583119 16.310225 358.910060 191808.567072
373 -17.164850 -4.992373 6.501434 0.538612 30476.588782
373 -19.400477 -5.307540 3.541499 66.886251 9043.204729
373 -16.144367 -4.841696 8.596928 290.607553 53288.647445
373 -17.313217 -5.013903 7.384419 10.520096 39317.037454
373 -22.881718 -5.764098 2.526935 139.889926 4604.010026
373 -2.025963 -1.715153 10.934116 325.139873 86201.622152
373 -6.343026 -3.034836 4.457010 309.329721 14323.043551
373 -14.773959 -4.631647 10.203868 99.666814 75071.957003
373 -13.062170 -4.355066 13.366843 111.269994 128826.661983
373 -7.751457 -3.354893 2.410989 265.672122 4191.200884
373 -25.221786 -6.051666 2.898309 51.090043 6056.720044
373 -1.922237 -1.670669 13.725471 283.359130 135832.153154
374 -13.702406 -4.460520 13.301835 9.850273 127576.655062
374 -7.769815 -3.358864 1.796075 40.568194 2325.932404
374 -16.494536 -4.893923 10.993099 294.096948 87134.137390
374 -8.710305 -3.556344 3.931846 184.971629 11146.564123
374 -19.928026 -5.379219 7.721931 183.695525 42993.211308
374 -13.675058 -4.456066 17.580292 207.987233 222843.630422
374 -17.618149 -5.057864 3.190456 357.499854 7339.281083
374 -8.754048 -3.565262 17.788342 33.443512 228149.244733
374 -11.189753 -4.030856 2.004498 185.326642 2897.071938
374 -7.070542 -3.204154 4.974434 345.186901 17841.665055
374 -24.643898 -5.981936 4.404135 247.354198 13985.220762
374 -11.072766 -4.009730 6.741508 283.384870 32768.923260
374 -13.941947 -4.499339 11.500720 13.407943 95366.995285
374 -13.088155 -4.359395 7.849935 276.941596 44430.400043
374 -6.811822 -3.144986 9.414034 143.913729 63899.811062
374 -10.915382 -3.981131 3.927475 23.797140 11121.795920
374 -10.909536 -3.980065 4.122934 337.014522 12256.338161
374 -18.521041 -5.185847 19.301671 178.594583 268619.710118
375 -11.976353 -4.170128 4.851981 236.519109 16974.082266
375 -21.830257 -5.630105 4.627544 281.571620 15440.067392
375 -14.144331 -4.531878 6.405604 244.764512 29584.776650
375 -17.412564 -5.028268 7.815467 220.887552 44041.079059
375 -13.066790 -4.355836 5.448508 170.060276 21404.413044
375 -5.568211 -2.843445 4.115290 73.977708 12210.935767
375 -13.627671 -4.448339 37.954486 131.277151 1038662.162030
375 -10.747984 -3.950486 3.056983 137.287475 6738.046534
375 -15.102976 -4.682937 2.409100 318.030798 4184.637631
375 -16.983942 -4.965995 3.877616 194.498861 10841.208023
375 -22.849734 -5.760068 26.930642 27.630997 522927.508311
375 -24.058423 -5.910451 7.970901 227.876896 45810.280341
375 -22.299400 -5.690280 6.925031 268.555101 34577.336443
375 -28.709814 -6.456576 13.625036 134.306562 133851.537042
375 -7.488907 -3.297587 3.152425 125.130731 7165.351108
375 -19.817491 -5.364279 13.413051 324.738585 129718.881237
375 -2.573016 -1.932895 7.103355 313.966010 36381.043506
375 -21.843304 -5.631787 3.852856 352.397898 10703.201153
376 -5.513829 -2.829526 1.650802 133.453273 1964.888211
376 -6.694019 -3.117673 9.073157 320.740858 59356.042548
376 -12.519781 -4.263688 9.237111 249.162133 61520.580915
376 -6.222906 -3.005963 4.687696 156.962685 15844.077347
376 -13.833724 -4.481843 3.265999 309.020161 7690.951544
376 -17.424255 -5.029956 8.242117 119.202242 48980.776347
376 -1.841034 -1.635001 2.387198 15.176040 4108.894550
376 -9.823202 -3.776709 11.577654 128.715289 96647.183158
376 -20.380450 -5.439938 3.933545 350.775064 11156.202517
376 -15.549790 -4.751703 5.589111 11.136811 22523.381981
376 -16.884818 -4.951482 3.579114 101.475046 9236.321690
376 -11.490990 -4.084753 6.871202 77.215032 34041.877679
376 -13.783872 -4.473760 8.763454 250.085557 55373.087813
376 -12.674177 -4.289898 9.263039 135.551186 61866.427922
376 -15.602020 -4.759677 4.672201 3.299622 15739.505986
376 -13.991036 -4.507253 5.861479 330.727686 24772.077446
376 -15.035579 -4.672477 6.650475 233.344971 31889.919528
376 -11.492248 -4.084976 3.489395 168.535173 8779.066835
386 18.800351 -5.983593 8.245545 341.200113 49021.523871
387 21.532684 -6.403659 8.903510 338.031876 57157.149757
388 30.458104 -7.616063 7.204058 233.749702 37419.884324
389 29.435818 -7.487160 4.654255 339.749316 15618.824984
390 25.998145 -7.036396 6.638467 179.462459 31774.865635
391 16.617032 -5.625431 6.278138 100.509381 28419.062600
391 15.926504 -5.507307 1.688379 111.562489 2055.360183
392 22.339543 -6.522532 4.811167 240.969440 16689.714329
392 15.037271 -5.351353 2.325164 182.125586 3898.120480
393 26.018471 -7.039146 4.210003 164.464879 12779.469464
393 22.092914 -6.486428 13.898253 206.955598 139273.501955
394 21.322232 -6.372288 10.339569 200.886918 77081.995821
394 27.281030 -7.207912 4.761369 267.246921 16346.012667
394 11.602417 -4.700600 7.673246 100.495417 42452.796755
395 21.959607 -6.466829 8.064682 344.758161 46894.574803
395 30.596355 -7.633328 13.123364 257.265613 124176.209426
395 27.474589 -7.233437 10.245941 11.321955 75692.319510
396 27.053763 -7.177826 6.412685 195.730836 29650.217152
396 12.070373 -4.794457 5.009565 271.527139 18094.563095
396 13.615226 -5.092037 5.179683 342.769050 19344.360228
397 15.766281 -5.479535 5.839800 177.422183 24589.175747
397 27.556319 -7.244188 3.375793 159.916417 8216.743264
397 25.178249 -6.924555 6.524320 331.085471 30691.533538
397 16.794971 -5.655470 3.487581 38.043608 8769.941041
398 12.965067 -4.968971 8.178192 183.516036 48223.933431
398 27.486239 -7.234970 2.740150 133.060069 5413.733481
398 23.850563 -6.739511 8.600787 301.755207 53336.495678
398 25.109038 -6.915031 5.609736 17.785395 22689.914661
399 14.520885 -5.258666 10.053825 345.496472 72880.389436
399 11.198406 -4.618035 4.131741 141.758662 12308.756558
399 17.299692 -5.739820 10.714474 245.865997 82773.210007
399 24.301365 -6.802905 4.168371 316.943033 12527.970531
400 25.865736 -7.018455 8.014248 208.451336 46309.881789
400 17.405430 -5.757335 5.953182 323.246187 25553.265410
400 29.628546 -7.511631 9.850870 124.199506 69967.643554
400 18.828596 -5.988086 2.286078 108.680555 3768.166591
400 20.631749 -6.268262 6.432069 33.343878 29829.740442
401 12.788761 -4.935070 3.596428 322.399389 9325.903403
401 22.999116 -6.618120 17.386441 287.276989 217956.325492
401 20.370130 -6.228393 10.020527 128.670284 72398.435928
401 14.720850 -5.294751 3.977790 115.992371 11408.587462
401 12.305023 -4.840835 2.684966 60.084614 5197.872865
402 20.016820 -6.174142 2.689450 193.530265 5215.246988
402 16.462325 -5.599183 4.674633 335.597900 15755.895052
402 19.024386 -6.019140 7.881733 343.634530 44791.080741
402 15.666770 -5.462215 7.759435 88.747782 43411.847339
402 16.047083 -5.528116 25.285827 244.768498 461001.559947
402 13.512736 -5.072835 6.805126 311.837700 33390.308353
403 36.678088 -8.357616 12.927193 172.873459 120491.539814
403 15.863265 -5.496363 4.465911 287.258983 14380.308904
403 24.949190 -6.892985 6.366086 245.780330 29220.862995
403 12.721527 -4.922081 6.526209 78.884416 30709.306116
403 19.528069 -6.098299 7.262450 154.564296 38028.949873
403 32.181251 -7.828536 5.462348 301.356484 21513.286790
404 18.523475 -5.939369 5.328227 280.111644 20469.795521
404 20.276275 -6.214027 7.378574 169.377512 39254.811385
404 14.291459 -5.216958 14.848825 343.887378 158976.242878
404 26.134849 -7.054871 5.690349 254.024155 23346.719344
404 21.889410 -6.456484 3.894264 298.299491 10934.496181
404 21.381949 -6.381206 17.240370 224.003898 214309.399777
405 20.667734 -6.273726 2.589539 326.827550 4834.960025
405 17.333793 -5.745474 12.681045 333.607218 115946.639616
405 23.527600 -6.693726 6.764846 42.648316 32996.198489
405 8.924883 -4.122687 7.413784 205.376420 39630.347859
405 9.167148 -4.178267 6.145332 342.834840 27229.440785
405 25.646011 -6.988581 15.480308 252.527744 172785.494179
405 24.702809 -6.858865 10.256287 154.371229 75845.255915
406 23.062489 -6.627232 5.310373 291.735115 20332.842121
406 18.140838 -5.877705 20.971013 116.138670 317093.161425
406 27.876371 -7.286135 9.549525 224.067287 65752.399433
406 14.636863 -5.279625 9.936895 210.397733 71195.001511
406 18.939430 -6.005685 9.452746 355.507903 64426.423697
406 11.630617 -4.706309 3.800806 120.760451 10415.964877
406 24.121546 -6.777689 11.556796 229.143116 96299.258711
407 18.460448 -5.929256 12.120964 242.203372 105930.842935
407 37.192623 -8.416034 7.515651 10.738420 40726.894959
407 13.874871 -5.140360 6.912053 23.627682 34447.852191
407 19.907293 -6.157227 9.612584 32.630271 66623.643354
407 22.605636 -6.561263 14.041048 42.682878 142150.076582
407 16.670870 -5.634537 7.516261 105.050798 40733.508072
407 26.586799 -7.115610 3.419196 263.454809 8429.390090
407 18.334646 -5.909018 2.478322 69.990686 4428.570983
408 26.221363 -7.066538 9.854430 115.307500 70018.222271
408 19.803513 -6.141157 14.173109 150.370532 144836.593841
408 24.985581 -6.898010 4.449235 243.551894 14273.112862
408 23.087438 -6.630816 3.803290 191.124764 10429.582405
408 19.966507 -6.166378 3.690655 211.849616 9820.981542
408 30.900154 -7.671131 4.552506 246.341384 14943.390636
408 22.557189 -6.554228 13.468635 340.107058 130796.231518
408 10.266903 -4.421797 1.386468 290.410864 1386.013676
409 18.861018 -5.993240 8.503301 95.312044 52134.251211
409 16.887828 -5.671083 6.380153 174.180701 29350.144986
409 21.561852 -6.407994 7.586752 2.835749 41501.125605
409 25.239158 -6.932925 8.027849 74.308465 46467.196105
409 13.899322 -5.144888 9.335015 260.454578 62831.603971
409 4.687954 -2.987932 11.565333 151.376400 96441.588183
409 15.134707 -5.368662 20.503829 241.985079 303122.375166
409 15.413178 -5.417828 8.222488 132.406861 48747.754221
409 12.213645 -4.822827 4.544367 142.591631 14890.004445
410 16.438751 -5.595173 6.335499 304.889486 28940.748173
410 14.559379 -5.265632 15.855647 73.709317 181265.853963
410 15.763301 -5.479017 7.366750 142.064918 39129.109855
410 20.456409 -6.241569 7.072212 16.242418 36062.726232
410 20.800367 -6.293824 2.894419 187.400407 6040.473291
410 23.558549 -6.698127 4.281893 138.078826 13219.643391
410 16.265438 -5.565600 29.357160 200.949932 621407.015044
410 24.397337 -6.816325 2.307773 1.865240 3840.025318
410 28.064959 -7.310739 5.542625 140.860179 22150.272055
411 13.040157 -4.983340 5.291344 20.030223 20187.386930
411 23.865101 -6.741565 16.945183 246.564356 207033.492000
411 13.045414 -4.984344 8.659275 338.979900 54064.372119
411 9.038346 -4.148810 7.727654 198.809343 43056.967947
411 17.809558 -5.823789 16.402294 131.158903 193980.142609
411 18.407525 -5.920751 3.016974 221.769981 6562.829742
411 17.960316 -5.848387 6.114190 205.304423 26954.167918
411 5.734357 -3.304619 7.268010 64.774504 38087.210294
411 14.311970 -5.220701 6.713558 252.529977 32497.771920
412 25.825009 -7.012927 9.255463 302.363292 61765.274936
412 17.272326 -5.735278 1.065172 51.811124 818.064418
412 36.175850 -8.300198 6.023474 230.640853 26160.267752
412 26.149155 -7.056802 9.090685 273.368412 59585.592542
412 20.194334 -6.201459 16.823310 36.586211 204066.139902
412 22.003461 -6.473283 5.866829 36.264564 24817.325414
412 5.879125 -3.346073 8.479851 112.625702 51847.103907
412 9.414488 -4.234259 3.554646 96.032852 9110.470849
412 24.069626 -6.770391 5.918289 41.175505 25254.593637
412 11.637442 -4.707690 12.590317 189.871099 114293.473021
413 9.393634 -4.229567 11.841016 72.906063 101094.145803
413 21.070229 -6.334520 4.244915 1.509572 12992.302035
413 21.130429 -6.343563 8.433705 262.361328 51284.350407
413 8.661861 -4.061483 5.851221 295.636654 24685.449092
413 12.836524 -4.944277 4.915847 203.992668 17423.873802
413 16.403413 -5.589156 5.823129 154.759297 24448.991855
413 24.478695 -6.827681 11.715356 102.319581 98959.863899
413 18.859132 -5.992940 7.982699 136.793664 45945.984934
413 7.604422 -3.805504 18.592040 269.321530 249231.050047
413 28.420729 -7.356931 6.966581 330.441682 34993.509435
414 19.441654 -6.084791 7.295782 310.417119 38378.828678
414 27.251837 -7.204054 4.357153 145.452935 13688.432201
414 23.079630 -6.629694 22.123253 305.572104 352895.454006
414 -0.021061 -0.200269 10.936814 22.366696 86244.169068
414 17.356494 -5.749235 11.207263 222.737033 90562.256569
414 21.187308 -6.352095 8.963355 58.531131 57928.097251
414 21.909757 -6.459485 13.648051 95.116300 134304.120143
414 26.898271 -7.157169 12.257049 299.608723 108322.818760
414 18.498670 -5.935391 10.488913 93.334431 79324.814308
414 15.555308 -5.442750 9.828020 23.151087 69643.425465
414 9.784564 -4.316680 2.271322 175.852355 3719.678813
415 8.721467 -4.075434 7.021102 320.323528 35543.368040
415 21.479150 -6.395693 11.604316 272.389641 97092.838384
415 12.326560 -4.845070 5.398892 203.285224 21016.349399
415 23.398177 -6.675289 9.247649 55.918195 61661.021425
415 34.429272 -8.097352 7.990868 287.997766 46040.075094
415 21.390553 -6.382489 6.631112 46.366303 31704.491896
415 27.272063 -7.206727 20.604248 192.995329 306098.780019
415 22.434183 -6.536334 10.613189 296.287836 81215.679556
415 16.941949 -5.680163 6.040357 187.561251 26307.120814
415 15.709930 -5.469734 4.946304 343.383229 17640.449682
415 11.209951 -4.620415 3.814605 84.931630 10491.733495
416 15.086933 -5.360182 11.356663 46.325181 92992.841784
416 9.424040 -4.236407 12.520873 275.838505 113036.133744
416 16.605732 -5.623518 5.140384 357.575034 19051.938358
416 13.508159 -5.071976 11.415051 19.310295 93951.518989
416 12.867310 -4.950203 10.805092 344.001324 84179.247305
416 15.247213 -5.388580 3.341164 264.964546 8049.031782
416 25.283678 -6.939037 3.119850 314.250885 7018.036768
416 26.621137 -7.120203 7.927410 291.159383 45311.733918
416 5.562587 -3.254749 5.116741 119.358330 18877.082525
416 7.959463 -3.893328 3.270871 137.042922 7713.915924
416 18.080194 -5.867872 5.759402 224.882275 23916.791080
416 13.115406 -4.997697 9.343252 334.049323 62942.533045
417 17.631583 -5.794617 9.909756 313.858449 70806.636742
417 29.638772 -7.512927 10.348042 122.834022 77208.387082
417 14.320367 -5.222232 11.170195 73.621202 89964.172932
417 2.639626 -2.242076 2.590502 162.702538 4838.556684
417 19.444316 -6.085208 9.491661 122.711062 64957.982835
417 13.361676 -5.044400 4.837938 163.625111 16875.970506
417 18.231966 -5.892449 4.439975 81.934827 14213.761926
417 18.361067 -5.913275 8.960753 305.598730 57894.470887
417 5.790172 -3.320663 12.612760 11.563284 114701.295228
417 15.762673 -5.478908 8.933883 57.908089 57547.786223
417 15.026351 -5.349410 6.253920 210.396221 28200.235362
417 17.540051 -5.779557 6.279071 306.195458 28427.510318
418 15.219492 -5.383679 5.513171 84.954859 21915.484437
418 12.090126 -4.798378 2.561450 174.751829 4730.638483
418 19.730580 -6.129838 5.645368 282.250910 22979.074737
418 19.340454 -6.068934 9.184608 65.057682 60823.213965
418 17.761053 -5.815853 5.231415 287.051522 19732.694206
418 20.123960 -6.190644 4.339301 244.417786 13576.494351
418 13.062709 -4.987647 2.351796 63.907256 3987.929998
418 24.437932 -6.821994 11.431249 310.111757 94218.337064
418 17.166835 -5.717737 4.917348 287.976717 17434.520062
418 22.220419 -6.505118 6.854369 241.527637 33875.289628
418 15.324947 -5.402299 7.673108 64.622713 42451.265346
418 7.469243 -3.771528 6.037301 235.718335 26280.507655
419 27.085817 -7.182077 8.790514 171.064680 55715.570409
419 8.181655 -3.947296 6.486396 247.178552 30335.763338
419 23.415225 -6.677721 4.732378 6.092230 16147.561482
419 7.798361 -3.853725 11.643365 286.582361 97747.369510
419 28.794108 -7.405100 4.145118 127.855363 12388.592346
419 15.723142 -5.472034 5.422902 102.951929 21203.697780
419 27.241075 -7.202632 4.963250 297.692674 17761.529674
419 20.682400 -6.275951 8.408350 279.084693 50976.456934
419 22.583404 -6.558036 6.857945 246.468795 33910.641692
419 16.272991 -5.566892 4.862811 245.758818 17049.943231
419 11.652549 -4.710745 7.570822 195.321496 41327.020502
419 0.484849 -0.960909 6.079074 88.227931 26645.446077
419 22.908244 -6.605033 3.607343 116.384810 9382.595237
420 23.723605 -6.721550 15.184546 97.204554 166246.192728
420 16.519092 -5.608829 4.389139 70.714930 13890.142662
420 6.460446 -3.507602 7.047960 300.420285 35815.819710
420 31.579688 -7.755022 3.914510 138.646311 11048.489929
420 18.061951 -5.864911 14.442298 80.342135 150390.597268
420 16.815155 -5.658867 2.632310 156.710001 4995.995132
420 6.194225 -3.434572 3.300940 117.650694 7856.396827
420 14.941267 -5.334243 5.733206 9.857992 23699.720176
420 30.127184 -7.574577 5.755312 287.651888 23882.834943
420 21.621098 -6.416792 11.254938 202.531954 91334.380963
420 7.072512 -3.669999 6.683415 153.061573 32206.603407
420 18.341391 -5.910105 6.475737 44.203359 30236.150146
420 18.779750 -5.980314 2.645370 238.755666 5045.694150
421 17.429783 -5.761361 2.512792 53.001602 4552.617096
421 11.083022 -4.594182 4.601084 100.168529 15263.998686
421 19.578691 -6.106198 7.702739 359.512928 42779.774008
421 12.403425 -4.860153 3.576453 234.366091 9222.592336
421 16.772916 -5.651756 7.831028 126.276903 44216.632761
421 15.766089 -5.479502 6.320794 229.433904 28806.553269
421 11.548349 -4.689635 31.425448 256.333874 712050.881360
421 14.906828 -5.328092 4.556583 93.306864 14970.167125
421 5.577368 -3.259070 12.068679 214.460073 105018.916581
421 21.886611 -6.456072 21.094607 98.311198 320841.807701
421 15.079542 -5.358869 3.468759 83.422975 8675.535260
421 21.361588 -6.378167 11.537090 13.212027 95971.136145
421 16.042282 -5.527289 2.581726 261.030940 4805.829210
421 22.448531 -6.538424 5.202767 141.654697 19517.172523
422 13.863934 -5.138334 7.229519 317.085958 37684.858974
422 20.816539 -6.296270 7.072159 109.326689 36062.192599
422 3.020967 -2.398568 8.494237 3.429301 52023.169307
422 22.780236 -6.586553 12.896734 146.622915 119924.394518
422 26.692014 -7.129675 6.152982 86.433791 27297.279323
422 9.829044 -4.326480 4.990807 95.244015 17959.307824
422 18.306837 -5.904536 9.013889 352.151459 58583.111879
422 14.335446 -5.224981 6.901743 240.250805 34345.168096
422 21.303325 -6.369463 22.117728 202.612498 352719.209142
422 18.556032 -5.944586 7.748498 296.075146 43289.554724
422 20.315839 -6.220087 10.333361 300.464804 76989.466584
422 13.182563 -5.010476 7.608190 212.542195 41736.000067
422 16.520985 -5.609150 2.422872 83.920378 4232.617816
422 16.414024 -5.590963 10.752851 134.401924 83367.222247
423 14.103137 -5.182472 4.262238 18.425379 13098.557756
423 5.390615 -3.204042 7.617958 268.066263 41843.236119
423 25.162552 -6.922396 17.792889 222.446435 228265.878172
423 20.820972 -6.296940 4.936890 63.178828 17573.366696
423 3.256422 -2.490287 3.509138 313.162686 8878.691025
423 21.212544 -6.355877 7.303095 338.280440 38455.809441
423 16.013519 -5.522332 5.694678 81.219123 23382.257354
423 22.069688 -6.483017 3.432446 319.685868 8494.843408
423 10.959970 -4.568607 3.899947 111.659856 10966.438124
423 14.047387 -5.172218 7.761952 68.459462 43440.014920
423 5.077970 -3.109741 5.858649 19.337840 24748.164670
423 25.036520 -6.905038 7.537640 316.969048 40965.559393
423 21.883633 -6.455632 6.756744 1.132358 32917.207067
423 15.657147 -5.460538 4.435988 38.158111 14188.245970
424 15.204547 -5.381035 11.967063 9.701146 103257.889329
424 9.456240 -4.243638 21.628602 185.997023 337291.170035
424 6.169288 -3.427651 6.374196 308.356615 29295.363834
424 24.520768 -6.833546 4.980966 145.075254 17888.552520
424 17.521383 -5.776480 22.529581 143.974927 365977.438864
424 16.736520 -5.645620 2.239802 23.394378 3617.157220
424 11.467046 -4.673098 5.166235 25.263768 19244.044826
424 9.558559 -4.266535 14.161683 139.136851 144603.176993
424 23.490663 -6.688469 3.778076 325.415025 10291.757023
424 19.264543 -6.057012 9.150248 244.188569 60368.973560
424 18.393066 -5.918425 15.691558 322.407688 177533.447767
424 10.461365 -4.463477 9.203363 324.490799 61071.869295
424 17.557418 -5.782417 10.505889 359.257524 79581.782082
424 23.645706 -6.710505 3.119218 204.421806 7015.192280
424 15.002528 -5.345167 5.469168 36.991068 21567.041189
425 1.497920 -1.688976 15.358357 245.954215 170073.875292
425 15.712815 -5.470236 3.795127 267.919593 10384.863277
425 19.253887 -6.055337 2.921820 349.868162 6155.380030
425 14.258527 -5.210944 17.677126 36.281796 225305.285208
425 17.369027 -5.751311 4.319874 276.800119 13455.203815
425 15.034663 -5.350889 8.400355 351.584972 50879.561746
425 13.507983 -5.071943 2.732118 331.716665 5382.041902
425 12.227117 -4.825487 6.649741 103.243666 31882.879376
425 5.006867 -3.087892 3.030922 209.392767 6623.654190
425 18.298805 -5.903240 8.542410 0.200523 52614.922558
425 17.888976 -5.836760 9.676783 70.840643 67516.524441
425 11.842862 -4.749057 8.786512 183.928084 55664.854767
425 6.407505 -3.493201 4.580963 40.352176 15130.790514
425 16.820357 -5.659743 9.217440 264.350040 61258.832060
425 18.486694 -5.933469 7.257920 143.004540 37981.529361
426 18.892799 -5.998287 7.475887 301.858086 40297.079262
426 18.661218 -5.961411 4.184958 243.426063 12627.877655
426 19.105314 -6.031928 5.691815 290.106027 23358.749273
426 17.054450 -5.698991 8.449979 294.323032 51482.470222
426 16.472181 -5.600859 6.005822 36.727631 26007.159176
426 14.571792 -5.267876 10.392671 164.747872 77875.784557
426 7.875094 -3.872638 5.816243 134.686165 24391.198151
426 7.687003 -3.826111 5.162233 237.407395 19214.239350
426 19.517535 -6.096654 6.784360 293.276298 33186.834077
426 20.850340 -6.301380 9.935084 225.189643 71169.053626
426 35.179023 -8.185043 4.641352 349.953846 15532.348432
426 26.525788 -7.107440 7.067572 51.210321 36015.427429
426 17.186356 -5.720987 8.276269 266.229236 49387.522225
426 19.003073 -6.015767 4.414118 215.196939 14048.696031
426 8.708073 -4.072303 3.822329 346.368613 10534.262374
427 27.009741 -7.171984 7.000428 80.029193 35334.363025
427 17.403136 -5.756955 7.448090 189.859157 39997.963801
427 -1.093797 -1.443270 8.297930 104.785892 49646.376984
427 17.421748 -5.760033 5.376147 324.536991 20839.649297
427 9.758135 -4.310846 3.452115 16.955067 8592.478821
427 13.767294 -5.120394 1.994722 290.705677 2868.883581
427 18.010569 -5.856563 4.002173 19.390586 11548.876322
427 18.160298 -5.880856 4.473251 68.292814 14427.616713
427 15.528081 -5.437985 9.660756 130.188745 67293.063232
427 2.659371 -2.250446 5.656867 52.024203 23072.786299
427 8.372584 -3.993088 11.383648 314.552527 93435.299644
427 2.934966 -2.364180 5.968310 62.871461 25683.301885
427 19.126217 -6.035227 3.837424 306.393532 10617.628823
427 15.242818 -5.387803 3.499783 36.990451 8831.416299
427 19.538706 -6.099960 4.818381 1.361240 16739.800624
428 8.098018 -3.927068 7.982643 294.797306 45945.343131
428 10.637864 -4.500972 4.897013 322.702246 17290.622035
428 11.763720 -4.733163 22.080866 224.319217 351544.491471
428 1.176213 -1.496656 4.622054 102.809362 15403.455759
428 4.163562 -2.815863 14.140488 334.565273 144170.646154
428 5.420275 -3.212845 8.045960 147.598321 46677.092216
428 13.190698 -5.012022 3.415320 184.900532 8410.286171
428 18.277364 -5.899781 6.302217 33.565029 28637.478107
428 12.869177 -4.950562 6.402513 290.778045 29556.231154
428 19.636668 -6.115233 4.794600 349.114890 16574.970624
428 18.403347 -5.920079 4.389582 243.918310 13892.947226
428 31.277941 -7.717883 3.360170 33.192540 8140.863430
428 20.245372 -6.209290 6.914363 203.691075 34470.886096
428 7.034787 -3.660198 7.340070 251.986343 38846.191318
428 22.081170 -6.484703 14.388680 222.908842 149276.007414
428 15.834643 -5.491402 3.656449 184.168043 9639.777706
429 35.025136 -8.167121 2.983839 59.125239 6419.464650
429 23.354845 -6.669105 17.050996 7.484501 209627.167007
429 19.497990 -6.093601 17.107483 99.585901 211018.382362
429 28.542809 -7.372715 6.443961 11.325767 29940.139062
429 5.371884 -3.198471 5.099344 97.147299 18748.940339
429 11.158242 -4.609746 9.487026 141.829072 64894.553741
429 14.760831 -5.301936 14.195866 160.778210 145302.094007
429 18.041800 -5.861638 3.346753 23.969863 8075.985084
429 11.922680 -4.765034 1.826994 278.228249 2406.703043
429 9.771820 -4.313868 4.359233 330.490580 13701.506739
429 13.840515 -5.133992 6.157586 230.886857 27338.142320
429 11.625550 -4.705284 3.391738 327.892895 8294.549339
429 10.116754 -4.389345 6.263381 338.393425 28285.626227
429 5.706816 -3.296674 6.926962 147.952059 34596.625872
429 14.319315 -5.222040 5.265123 161.758360 19987.804469
429 14.471632 -5.249741 6.282341 6.587419 28457.130326
430 11.577041 -4.695457 8.301571 28.844341 49689.965785
430 15.573180 -5.445876 16.253686 44.062254 190481.069817
430 13.945380 -5.153405 5.547622 348.339732 22190.230890
430 14.827761 -5.313943 12.206228 96.135785 107426.403438
430 23.462214 -6.684418 9.515270 58.553023 65281.526853
430 9.475518 -4.247961 5.730933 184.867273 23680.927493
430 27.664763 -7.258428 29.599826 66.537200 631722.577273
430 2.516302 -2.189074 2.967758 288.404513 6350.456245
430 11.282210 -4.635282 5.980157 156.741148 25785.358639
430 8.555187 -4.036397 9.451267 213.159094 64406.270925
430 7.619486 -3.809271 11.469130 274.601391 94843.814405
430 6.811640 -3.601678 1.926810 3.359805 2676.860716
430 7.205469 -3.704335 3.151453 37.626142 7160.933400
430 19.692417 -6.123907 11.222953 349.550991 90816.004282
430 13.834678 -5.132910 13.109759 89.887648 123918.879193
430 20.741834 -6.284962 8.590124 108.398349 53204.322730
431 22.582370 -6.557886 14.170198 150.822593 144777.105247
431 22.342921 -6.523025 10.313024 294.418620 76686.708400
431 1.821405 -1.862440 4.686508 120.761503 15836.050837
431 25.523423 -6.971858 2.511553 145.991382 4548.128328
431 9.287842 -4.205683 3.846345 260.203233 10667.055469
431 19.078604 -6.027711 7.435737 274.891543 39865.399326
431 14.914475 -5.329458 8.632366 350.245467 53728.872755
431 17.819866 -5.825474 5.514250 117.129014 21924.057743
431 6.772119 -3.591215 4.355760 219.153503 13679.680724
431 9.190619 -4.183613 13.129317 46.365123 124288.893250
431 7.151096 -3.690332 6.996813 240.723874 35297.879435
431 18.172078 -5.882763 4.627093 13.606269 15437.056585
431 5.178993 -3.140521 5.875296 181.104988 24889.009571
431 16.908426 -5.674540 3.002789 292.786798 6501.263345
431 24.342373 -6.808643 3.308904 248.813422 7894.349601
431 20.189666 -6.200742 12.420430 94.630824 111229.843443
432 16.182089 -5.551322 8.082114 102.451840 47097.512308
432 10.097756 -4.385221 8.140892 304.099172 47785.051640
432 25.001659 -6.900229 2.776226 119.387443 5557.222773
432 11.869289 -4.754353 5.129860 4.736128 18974.011229
432 14.349954 -5.227624 14.545905 178.853215 152556.092596
432 24.463452 -6.825555 11.541562 180.859277 96045.542685
432 7.920527 -3.883794 2.730356 249.217958 5375.101412
432 14.117621 -5.185132 10.553327 161.052798 80302.099288
432 14.765753 -5.302820 4.706428 88.073307 15970.956745
432 12.336983 -4.847118 5.078197 322.541969 18593.760664
432 0.524026 -0.998977 22.891811 226.192343 377840.387198
432 14.601457 -5.273236 7.755597 101.462945 43368.916017
432 5.958058 -3.368460 16.694492 341.813801 200952.989643
432 8.859326 -4.107518 12.191850 24.143737 107173.465050
432 6.314828 -3.467846 3.413083 271.988227 8399.273505
432 23.465308 -6.684858 13.584793 104.228181 133062.032499
432 15.729863 -5.473203 7.715858 42.277519 42925.615682
433 4.628065 -2.968785 7.647523 208.991414 42168.648977
433 10.114239 -4.388799 6.306990 60.970526 28680.872860
433 11.750008 -4.730403 8.010400 223.024408 46265.421811
433 8.410954 -4.002227 10.901258 325.755185 85684.306098
433 22.798301 -6.589164 5.377783 238.154726 20852.332288
433 6.502573 -3.519020 10.138588 303.843972 74114.478284
433 9.686216 -4.294931 5.592287 142.973148 22548.982735
433 15.935572 -5.508875 14.103081 52.146495 143408.881342
433 7.695804 -3.828301 5.368302 148.046564 20778.874176
433 19.803488 -6.141153 12.393543 130.518430 110748.805335
433 13.154985 -5.005233 1.969703 242.143875 2797.367944
433 18.244022 -5.894397 16.743614 14.350750 202137.310475
433 10.880899 -4.552097 5.192200 17.285201 19437.967012
433 19.820373 -6.143771 21.278338 97.823301 326455.106641
433 13.077346 -4.990441 6.954401 47.023656 34871.252397
433 3.928129 -2.735092 4.311264 78.633751 13401.618311
433 20.908146 -6.310109 8.742088 103.574661 55103.408558
434 2.782093 -2.301786 6.525395 278.736980 30701.646858
434 16.274385 -5.567130 9.899679 319.330789 70662.716617
434 10.714690 -4.517196 4.157752 282.557276 12464.224247
434 -2.706326 -2.270226 8.546112 329.387295 52660.525160
434 17.009052 -5.691400 10.386482 76.669744 77783.052908
434 22.706671 -6.575909 3.372451 11.809496 8200.482736
434 22.469633 -6.541496 2.664955 19.995798 5120.680402
434 15.050096 -5.353634 2.896436 139.061822 6048.895540
434 14.158690 -5.192669 6.321446 194.427288 28812.500287
434 20.190692 -6.200899 6.169260 38.483766 27441.898601
434 4.878860 -3.048164 16.481165 290.751661 195850.146674
434 17.707901 -5.807144 7.279448 334.274505 38207.177070
434 4.778009 -3.016495 7.032538 302.193686 35659.258362
434 16.148820 -5.545612 3.407677 232.967932 8372.685935
434 10.533989 -4.478943 5.052048 162.914138 18402.765572
434 21.674954 -6.424779 6.031109 112.623551 26226.625590
434 1.862216 -1.883190 9.148352 266.933824 60343.959663
435 0.910678 -1.316927 6.709539 14.487358 32458.875160
435 23.587823 -6.702287 6.716616 5.102714 32527.380601
435 10.895553 -4.555161 6.381017 282.533186 29358.099184
435 19.102018 -6.031408 8.124750 359.978455 47595.744773
435 20.930066 -6.313416 8.891426 174.953987 57002.110866
435 11.371555 -4.653600 7.347831 114.231477 38928.382513
435 12.377218 -4.855015 15.132735 304.465586 165113.636506
435 21.306886 -6.369995 2.400395 63.376917 4154.450436
435 14.290933 -5.216862 32.254186 47.755592 750101.880148
435 13.410680 -5.053642 31.654919 180.478993 722487.767856
435 3.750633 -2.672584 7.799687 69.278061 43863.416242
435 11.763462 -4.733111 4.098884 345.861072 12113.770605
435 27.483106 -7.234558 7.540482 300.453925 40996.450395
435 20.246734 -6.209499 9.815848 51.045644 69471.025142
435 16.766374 -5.650653 8.147211 251.935802 47859.265288
435 14.971303 -5.339602 2.888000 28.500766 6013.709145
435 12.050950 -4.790598 9.881331 81.746402 70401.027508
436 18.962661 -6.009367 6.355341 122.626370 29122.310272
436 24.027087 -6.764406 3.310996 312.745563 7904.336157
436 12.839254 -4.944803 8.754274 283.487596 55257.128907
436 14.519752 -5.258461 3.690057 269.673698 9817.802369
436 16.935071 -5.679010 5.883575 226.728031 24959.198966
436 19.359508 -6.071923 3.786693 134.302003 10338.758151
436 15.970781 -5.514957 9.240494 107.117556 61565.652923
436 16.701750 -5.639753 11.708483 326.632740 98843.777783
436 10.680404 -4.509963 3.291395 264.121711 7811.027242
436 13.685814 -5.105219 9.789537 191.315492 69099.102015
436 16.587437 -5.620420 7.710425 107.309437 42865.183793
436 20.474372 -6.244309 7.099203 306.323508 36338.524129
436 7.818354 -3.858662 9.420739 143.214495 63990.864415
436 14.648791 -5.281776 2.979805 42.006604 6402.118093
436 6.636193 -3.554992 13.024719 94.996032 122316.422639
436 16.256166 -5.564013 4.329931 213.374469 13517.922467
436 18.461415 -5.929411 5.077164 65.780681 18586.190203
437 13.188447 -5.011594 9.310159 321.187053 62497.448917
437 26.028992 -7.040569 5.434764 155.909824 21296.562877
437 17.323781 -5.743815 9.996002 266.029779 72044.483518
437 20.719696 -6.281607 3.481692 222.805506 8740.348882
437 10.271462 -4.422779 15.889674 234.026750 182044.713512
437 17.832908 -5.827606 8.783846 347.083109 55631.079682
437 9.653726 -4.287722 4.434488 55.178320 14178.655651
437 11.639672 -4.708141 6.396859 24.819894 29504.048227
437 16.854323 -5.665454 4.088024 2.660398 12049.666444
437 20.210715 -6.203973 4.186369 272.224067 12636.393894
437 16.380220 -5.585203 5.881579 137.236202 24942.266145
437 19.711133 -6.126817 6.705885 272.786111 32423.523928
437 11.964306 -4.773345 18.522852 34.723842 247379.553116
437 27.859018 -7.283867 6.689280 355.985797 32263.158038
437 4.311309 -2.865389 4.212168 134.048930 12792.620870
437 -1.109196 -1.453393 9.009117 41.449258 58521.106512
437 5.968189 -3.371323 5.312195 273.126503 20346.800613
438 9.346102 -4.218853 10.448933 272.172650 78721.241352
438 19.388442 -6.076459 26.281737 66.002704 498030.817142
438 7.230707 -3.710817 7.170208 354.308858 37069.059385
438 19.090248 -6.029550 4.830435 246.818569 16823.661897
438 4.159845 -2.814606 6.208561 24.772252 27792.652438
438 18.791012 -5.982107 8.717777 336.093276 54797.355684
438 19.920228 -6.159227 5.235318 64.387028 19762.147948
438 23.049127 -6.625312 6.395495 30.880080 29491.465554
438 16.258399 -5.564395 2.046450 197.643871 3019.605771
438 16.789013 -5.654467 4.629768 259.375503 15454.908784
438 13.653683 -5.099223 2.485348 120.199287 4453.714767
438 16.519633 -5.608920 6.650386 288.427167 31889.063895
438 13.134349 -5.001305 9.436143 62.839093 64200.312111
438 2.615283 -2.231713 4.519973 233.646254 14730.579224
438 16.552753 -5.614540 10.073192 173.532795 73161.442355
438 3.915515 -2.730697 1.713295 79.437004 2116.470547
438 17.164687 -5.717380 4.786292 29.438861 16517.580502
438 7.736516 -3.838414 2.569674 153.638808 4761.065096
439 7.759384 -3.844083 7.324730 160.437025 38683.991142
439 14.439933 -5.243988 5.849636 225.156810 24672.077544
439 15.804628 -5.486195 4.658520 7.218537 15647.466457
439 19.233265 -6.052093 6.890003 8.759150 34228.425084
439 24.576392 -6.841292 2.439080 1.915443 4289.436696
439 6.097500 -3.407650 6.711789 82.470465 32480.649321
439 13.143595 -5.003065 3.529805 320.792636 8983.579901
439 5.157883 -3.134114 11.137565 124.564691 89439.335200
439 19.812990 -6.142626 6.090950 327.401275 26749.653526
439 12.903330 -4.957126 5.240897 63.247364 19804.290553
439 19.020620 -6.018544 8.241351 54.278673 48971.670426
439 10.236695 -4.415287 6.448941 134.986099 29986.441469
439 18.858483 -5.992837 3.001273 256.147408 6494.697857
439 26.166248 -7.059108 5.998339 156.991980 25942.399361
439 23.284483 -6.659052 8.142053 158.208452 47798.679610
439 16.658628 -5.632468 4.975323 139.818491 17848.040865
439 10.863250 -4.548403 3.348513 181.094549 8084.481366
439 10.224636 -4.412686 6.502705 284.665510 30488.506553
440 3.372287 -2.534203 8.491898 192.685238 51994.527414
440 15.369277 -5.410106 6.785820 346.791031 33201.116306
440 10.739117 -4.522342 5.263251 341.085327 19973.595654
440 8.415791 -4.003378 13.651485 105.208522 134371.712594
440 12.671081 -4.912312 6.387461 318.170733 29417.422013
440 8.181979 -3.947374 6.159253 218.213355 27352.946810
440 8.135681 -3.936190 5.731824 111.718143 23688.291027
440 8.150837 -3.939855 11.154634 16.687110 89713.687643
440 21.968646 -6.468160 18.492741 142.009303 246575.912627
440 10.047088 -4.374206 12.179054 311.471466 106948.620176
440 13.510788 -5.072469 5.288324 251.015852 20164.350043
440 20.273238 -6.213562 6.883135 112.784947 34160.219492
440 12.479232 -4.874982 5.257081 342.872033 19926.792815
440 2.216713 -2.054631 17.429774 194.944221 219044.107001
440 22.624111 -6.563944 2.262092 304.091262 3689.510633
440 24.255501 -6.796483 7.881205 118.619914 44785.074404
440 5.163677 -3.135874 3.417657 60.388106 8421.800835
440 17.798495 -5.821980 4.736169 137.980799 16173.438713
441 7.344973 -3.740022 7.150597 275.392570 36866.566390
441 18.873944 -5.995293 5.905422 237.602998 25144.905487
441 5.213532 -3.150976 8.409092 88.987346 50985.448874
441 23.168682 -6.642472 11.274401 74.979986 91650.534115
441 9.669294 -4.291177 12.664660 318.256633 115647.199353
441 25.665079 -6.991178 10.031564 104.066301 72558.014878
441 17.327776 -5.744477 16.810903 109.630912 203765.258212
441 2.581594 -2.217293 18.846876 70.950036 256110.162510
441 7.638038 -3.813906 6.495748 350.506386 30423.303750
441 0.265793 -0.711461 6.376213 184.643793 29313.903876
441 16.633499 -5.628218 5.335321 325.884097 20524.339725
441 15.747012 -5.476186 13.425689 164.282947 129963.458546
441 13.904097 -5.145771 5.007867 315.993917 18082.296513
441 6.510404 -3.521138 21.543816 244.318873 334651.916685
441 12.281066 -4.836121 4.539195 174.819103 14856.133463
441 3.509857 -2.585376 16.189772 82.158993 188985.961150
441 20.170977 -6.197871 15.830268 335.465416 180686.042257
441 15.967899 -5.514460 5.451335 350.813810 21426.628306
442 -4.226763 -2.837155 4.448833 221.072329 14270.534008
442 14.898548 -5.326612 5.572675 273.132164 22391.107482
442 17.390816 -5.754917 9.863507 91.246795 70147.275778
442 22.138467 -6.493112 5.008192 169.730191 18084.645021
442 19.694757 -6.124271 6.637531 33.488014 31765.903153
442 9.417901 -4.235027 16.531728 192.634021 197053.690949
442 14.614255 -5.275546 7.054649 293.754700 35883.838150
442 8.829349 -4.100562 8.748433 40.778613 55183.423671
442 12.931832 -4.962598 8.885489 222.751237 56926.006129
442 18.993788 -6.014297 3.954849 44.740223 11277.369020
442 22.565332 -6.555411 5.085257 223.935099 18645.492113
442 18.385891 -5.917271 6.454150 202.747795 30034.902791
442 16.281458 -5.568340 7.443556 107.608412 39949.278465
442 14.476591 -5.250640 9.373395 91.327299 63349.315043
442 6.360700 -3.480419 8.506153 216.225421 52169.234731
442 9.900725 -4.342228 7.717808 303.713939 42947.313821
442 25.102444 -6.914123 10.177726 229.922624 74687.784661
442 14.510563 -5.256797 7.357515 254.065378 39031.059439
443 1.817838 -1.860616 2.030026 55.839605 2971.332394
443 15.628809 -5.455594 9.896813 293.822566 70621.800137
443 19.122855 -6.034697 9.540288 168.847970 65625.264572
443 11.417556 -4.663003 6.659575 192.675741 31977.247985
443 0.983517 -1.368579 10.292090 304.099764 76375.708020
443 13.814755 -5.129212 5.276258 91.662168 20072.439348
443 17.861969 -5.832352 8.799395 81.651643 55828.214136
443 15.147020 -5.370846 5.073284 136.809208 18557.799949
443 20.971202 -6.319617 10.319837 76.790417 76788.072836
443 19.612878 -6.111527 9.154460 246.231378 60424.571804
443 10.120980 -4.390261 5.502111 150.371369 21827.635911
443 13.375292 -5.046970 3.710556 311.361976 9927.181245
443 16.663505 -5.633292 4.891182 259.919639 17249.466417
443 17.073658 -5.702199 11.786005 241.236432 100156.997270
443 9.152328 -4.174888 8.046022 207.787992 46677.818338
443 16.487154 -5.603404 3.795877 224.584603 10388.964768
443 24.382705 -6.814281 9.294726 190.972904 62290.419870
443 1.023153 -1.395884 8.903379 197.951577 57155.474761
444 18.573929 -5.947452 3.731504 290.079207 10039.587493
444 9.370845 -4.224433 14.250238 174.681658 146417.267422
444 23.621132 -6.707018 20.463887 94.612588 301942.550357
444 14.814558 -5.311576 13.869878 315.261173 138705.391324
444 20.688750 -6.276915 3.542138 235.176666 9046.465801
444 19.021321 -6.018655 15.420440 197.321947 171451.617979
444 14.493123 -5.253637 3.619098 247.479007 9443.841771
444 10.005264 -4.365092 11.635758 288.496226 97619.696897
444 19.995359 -6.170831 2.267806 169.589353 3708.171041
444 4.140922 -2.808197 19.186709 90.397965 265429.423081
444 1.532008 -1.708086 3.106316 186.378679 6957.278099
444 10.104498 -4.386685 6.806416 261.174902 33402.971946
444 19.074995 -6.027140 10.741229 250.414857 83187.109505
444 13.360429 -5.044165 2.135093 86.626956 3286.864630
444 14.885256 -5.324235 3.554003 272.587547 9107.176457
444 6.253412 -3.450942 9.921967 174.588865 70981.247267
444 15.274534 -5.393405 11.305216 260.211692 92152.217889
444 12.507086 -4.880420 3.694989 117.255677 9844.061435
445 13.306441 -5.033963 7.153596 228.456014 36897.495258
445 10.851327 -4.545907 17.201381 168.980580 213341.188938
445 25.931032 -7.027308 12.950257 316.037681 120921.872782
445 5.098394 -3.115988 10.825801 243.276279 84502.227002
445 13.557842 -5.081295 4.852141 21.201358 16975.197317
445 14.869127 -5.321350 8.352512 36.314522 50301.655457
445 16.243333 -5.561817 10.892949 6.922898 85553.740475
445 7.688489 -3.826481 6.702686 32.757902 32392.601217
445 7.046303 -3.663192 3.272601 52.636551 7722.080226
445 10.838748 -4.543271 12.192253 56.856800 107180.561449
445 12.967173 -4.969375 1.923021 83.662598 2666.344731
445 19.939579 -6.162218 8.761912 121.390884 55353.591484
445 4.564136 -2.948210 11.116679 97.769623 89104.212092
445 3.760854 -2.676223 4.834483 285.721808 16851.874520
445 7.510002 -3.781805 9.723730 157.027746 68173.231391
445 11.699523 -4.720230 3.216165 334.529060 7458.041135
445 25.162694 -6.922415 11.055126 27.387847 88120.201498
445 10.835991 -4.542693 7.612203 262.435918 41780.034989
446 15.955021 -5.512236 3.352637 10.133995 8104.407050
446 16.952498 -5.681931 5.725864 124.765734 23639.059733
446 1.383835 -1.623384 2.748486 110.362491 5446.721574
446 12.711627 -4.920165 7.146886 287.174397 36828.305677
446 21.541178 -6.404921 3.098646 233.284497 6922.964423
446 10.361214 -4.442060 4.665190 327.028219 15692.302890
446 3.160541 -2.453352 2.776491 172.327856 5558.283422
446 18.173571 -5.883005 6.502750 289.166640 30488.929936
446 6.876444 -3.618770 4.166648 69.838146 12517.620223
446 14.946517 -5.335180 8.356001 320.108431 50343.689170
446 17.107726 -5.707885 21.012100 40.477426 318336.919159
446 18.303777 -5.904042 3.557358 33.363784 9124.377433
446 15.474480 -5.428591 6.877731 183.076569 34106.603018
446 13.102848 -4.995304 7.333733 57.249620 38779.143135
446 17.343308 -5.747051 4.912479 8.371033 17400.006211
446 15.108657 -5.364040 1.532260 193.650790 1692.829272
446 18.219998 -5.890515 10.499304 238.139951 79482.063674
446 11.340868 -4.647316 5.593625 176.104187 22559.773982
447 13.655615 -5.099584 6.644002 256.873649 31827.866785
447 14.159116 -5.192747 5.813250 123.650048 24366.104942
447 11.457405 -4.671133 6.050913 324.239601 26399.147890
447 11.516575 -4.683179 5.366332 4.523518 20763.626035
447 7.532223 -3.787396 5.287826 8.922148 20160.552819
447 16.962212 -5.683558 6.601783 298.329763 31424.653734
447 4.535965 -2.939097 6.383025 103.938335 29376.579160
447 10.674006 -4.508611 19.317998 25.976249 269074.345106
447 -0.098315 -0.432701 4.649754 22.129365 15588.630825
447 13.844855 -5.134797 3.718282 195.143391 9968.568220
447 9.139700 -4.172007 10.799124 174.390755 84086.280732
447 9.641576 -4.285022 3.798017 135.318409 10400.683016
447 15.942842 -5.510131 9.773988 5.049821 68879.764403
447 7.648267 -3.816459 4.092208 51.917367 12074.340451
447 15.341576 -5.405229 2.634508 94.178046 5004.344525
447 5.419525 -3.212622 5.735126 302.153573 23715.596146
447 8.692713 -4.068710 5.539070 338.406418 22121.868945
448 16.855328 -5.665623 25.429653 272.161619 466260.832942
448 21.001740 -6.324216 7.155963 131.191517 36921.919963
448 4.892404 -3.052392 6.152560 33.368611 27293.535709
448 22.497600 -6.545566 1.642112 355.089644 1944.256957
448 12.487139 -4.876526 6.407614 145.754478 29603.346037
448 3.804775 -2.691805 5.815681 182.419385 24386.489983
448 5.377641 -3.200184 7.235399 278.065364 37746.181198
448 10.001282 -4.364223 2.957253 267.895355 6305.581320
448 2.934069 -2.363819 3.763681 115.126918 10213.478626
448 -1.347703 -1.602050 8.543210 187.111624 52624.769361
448 14.981593 -5.341437 6.694877 66.201225 32317.166342
448 8.996294 -4.139147 7.390079 150.330833 39377.322059
448 21.164436 -6.348665 5.605300 329.225133 22654.044552
448 9.038705 -4.148892 5.998579 209.129221 25944.471048
448 9.203904 -4.186635 5.724652 350.807345 23629.052827
448 18.225534 -5.891410 5.001760 6.848117 18038.224317
448 17.741211 -5.812604 4.963523 131.278495 17763.480750
448 -26.102874 7.050554 2.928824 280.634395 6184.929038
449 10.041617 -4.373014 3.981636 77.461208 11430.654105
449 16.628848 -5.627431 1.325321 108.003999 1266.456324
449 20.605441 -6.264264 6.897005 241.319937 34298.028312
449 -0.378110 -0.848571 7.850165 151.850447 44433.005008
449 12.631509 -4.904635 14.578938 96.060227 153249.782276
449 8.574921 -4.041049 3.982418 230.661622 11435.148008
449 18.576941 -5.947935 8.362969 2.206979 50427.692661
449 12.280202 -4.835950 4.809190 333.709076 16676.003984
449 4.628747 -2.969004 4.837836 122.879281 16875.256718
449 4.803559 -3.024549 3.197059 276.190357 7369.690777
449 11.992173 -4.778901 4.254762 225.924518 13052.645602
449 8.016813 -3.907329 9.967221 158.443123 71630.208425
449 16.280376 -5.568155 7.823996 347.526236 44137.249274
449 15.587386 -5.448359 12.728561 315.286935 116817.176351
449 15.983337 -5.517125 2.202186 326.917814 3496.682027
449 11.958023 -4.772092 6.741576 230.393574 32769.589029
449 16.850016 -5.664730 7.967549 169.840847 45771.754561
449 -21.896090 6.457470 9.920954 319.781226 70966.757723
450 18.166466 -5.881855 2.011137 313.847946 2916.293528
450 10.548886 -4.482109 6.015279 235.213084 26089.128850
450 18.404449 -5.920256 2.741677 17.260640 5419.766521
450 21.587344 -6.411781 3.449379 2.324878 8578.867751
450 10.106549 -4.387130 6.373352 277.927189 29287.602650
450 15.226958 -5.384999 10.358028 2.820455 77357.471294
450 1.552751 -1.719610 4.702204 357.627625 15942.304457
450 0.983944 -1.368876 1.107264 334.411783 883.995718
450 12.906142 -4.957667 15.872248 252.875326 181645.636546
450 10.712251 -4.516681 8.385575 66.163080 50700.677577
450 10.040731 -4.372821 8.642739 7.239279 53858.077835
450 15.905180 -5.503619 4.681632 127.832873 15803.112929
450 13.766006 -5.120154 3.619535 172.827919 9446.125376
450 11.855377 -4.751566 7.676713 6.352065 42491.167763
450 11.988938 -4.778256 4.284769 337.442717 13237.409013
450 3.529979 -2.592777 3.040879 119.341586 6667.244729
450 -5.640138 -3.277359 5.054139 178.041874 18417.998438
450 -27.633547 7.254332 13.149230 186.774819 124666.191194
451 5.195754 -3.145599 6.850083 29.761474 33832.944986
451 6.278817 -3.457944 5.624720 54.807948 22811.291108
451 17.895338 -5.837798 8.996846 273.464577 58361.794876
451 11.073807 -4.592271 10.460407 220.685105 78894.235890
451 12.806958 -4.938580 5.434840 253.353248 21297.157953
451 9.099803 -4.162891 8.024535 95.462947 46428.838294
451 20.969336 -6.319336 5.709549 38.587988 23504.536552
451 19.196108 -6.046244 7.946250 251.330810 45527.370154
451 10.849883 -4.545604 4.834271 269.356088 16850.392548
451 10.764814 -4.527749 6.397194 280.386546 29507.142112
451 2.331197 -2.107020 12.326833 8.037450 109559.765861
451 14.287822 -5.216294 4.725667 10.732780 16101.795031
451 12.803492 -4.937912 6.239481 204.878293 28070.163764
451 10.510670 -4.473983 4.977820 298.481851 17865.960541
451 11.753243 -4.731054 8.651914 44.850591 53972.496583
451 9.838294 -4.328515 8.960968 70.215783 57897.242426
451 9.687485 -4.295212 4.550189 267.053639 14928.182438
451 -23.014988 6.620404 4.006772 41.704446 11575.436772
452 18.963264 -6.009463 4.638994 352.337812 15516.568102
452 6.503527 -3.519278 8.403068 140.416457 50912.426177
452 8.315984 -3.979568 9.539307 127.983756 65611.767672
452 19.360836 -6.072131 2.679956 117.361005 5178.492634
452 16.488196 -5.603581 15.841997 228.771727 180953.899820
452 19.211916 -6.048733 5.123950 279.269582 18930.313562
452 15.955240 -5.512274 9.423719 176.928447 64031.359415
452 9.328859 -4.214959 6.588990 125.130366 31302.983927
452 6.290220 -3.461083 12.330796 104.777566 109630.230755
452 13.911743 -5.147186 1.839575 214.705887 2439.961919
452 14.749323 -5.299869 5.504152 250.553146 21843.837606
452 12.032646 -4.786958 9.634544 39.995415 66928.394241
452 7.581122 -3.799669 15.234519 219.603685 167342.231736
452 13.035223 -4.982397 14.345963 69.776014 148390.974771
452 15.902905 -5.503226 6.787828 316.477295 33220.776782
452 17.679429 -5.802474 6.520301 113.961309 30653.736439
452 15.529388 -5.438213 20.432806 157.893299 301026.056121
452 -11.189013 4.616097 7.506241 301.996105 40624.977577
453 15.071245 -5.357395 3.139523 67.596082 7106.822707
453 2.037018 -1.969593 4.963247 251.200918 17761.506124
453 10.837671 -4.543045 6.648206 208.499527 31868.164133
453 10.062700 -4.377603 7.462307 136.485600 40150.806449
453 11.949104 -4.770312 4.264259 42.981328 13110.980979
453 4.077988 -2.786776 6.047535 116.314862 26369.678874
453 16.018730 -5.523230 1.648771 234.648438 1960.057772
453 16.155613 -5.546778 12.709481 65.894788 116467.227858
453 8.238242 -3.960923 5.381975 284.457799 20884.854060
453 11.352031 -4.649603 2.245964 199.548186 3637.087540
453 15.024832 -5.349139 9.626820 214.673515 66821.117737
453 12.330201 -4.845785 4.690967 330.271244 15866.193829
453 15.403491 -5.416125 13.650563 113.714192 134353.572307
453 13.656258 -5.099704 9.873553 271.825488 70290.240071
453 11.517330 -4.683333 6.724208 149.863515 32600.956930
453 8.221933 -3.957000 2.861518 110.717086 5903.928021
453 -19.535192 6.099411 9.048426 143.898840 59032.903849
454 20.118847 -6.189857 5.401566 88.281063 21037.175913
454 10.757431 -4.526196 9.636586 259.896878 66956.769855
454 3.201497 -2.469197 10.601544 336.741677 81037.553298
454 19.832442 -6.145641 11.154321 200.465701 89708.649944
454 14.723554 -5.295237 9.171606 91.333949 60651.119812
454 15.552332 -5.442229 20.583484 3.898954 305482.168209
454 17.027477 -5.694482 1.959543 305.214543 2768.584008
454 12.227812 -4.825624 3.624265 240.603031 9470.826738
454 4.391440 -2.891895 6.366090 122.124223 29220.898863
454 22.130068 -6.491880 25.414359 174.978206 465700.152096
454 11.173509 -4.612898 6.806287 205.356610 33401.702429
454 6.366548 -3.482019 7.900815 221.242386 45008.221069
454 11.011953 -4.579428 13.835029 70.322253 138009.250902
454 11.325901 -4.644249 12.198470 110.155483 107289.891299
454 4.766284 -3.012791 10.868341 224.393390 85167.640030
454 15.711224 -5.469959 3.895567 187.146388 10941.813795
454 -33.773075 8.019816 2.961195 155.795988 6322.401210
454 -27.498932 7.236641 10.625150 201.056245 81398.842137
455 10.776589 -4.530225 5.591409 12.166491 22541.902564
455 13.486820 -5.067968 12.892048 66.128874 119837.274489
455 16.858211 -5.666108 8.307108 298.124756 49756.261403
455 21.261429 -6.363196 5.923707 254.236034 25300.851614
455 6.666324 -3.563053 29.239324 295.354965 616428.528577
455 6.991624 -3.648952 5.512243 283.368081 21908.102149
455 11.330662 -4.645225 4.876069 262.778762 17143.039287
455 20.699697 -6.278575 12.502105 307.183133 112697.521384
455 9.924257 -4.347385 9.266227 100.191648 61909.024760
455 3.883106 -2.719373 9.188374 4.795152 60873.095635
455 15.052018 -5.353976 7.483452 67.371124 40378.666791
455 14.443159 -5.244574 5.222884 352.552306 19668.391694
455 12.719507 -4.921690 11.572535 306.754118 96561.739817
455 10.463819 -4.464000 4.616436 227.282796 15366.030307
455 7.330520 -3.736341 11.516827 273.273296 95634.313956
455 20.062467 -6.181178 7.085053 211.131462 36193.805795
455 -18.592680 5.950454 9.595894 200.233651 66392.494467
455 -24.263028 6.797537 9.211401 84.697421 61178.582288
456 12.932389 -4.962705 8.936724 177.599590 57584.391871
456 22.094661 -6.486684 2.162126 148.044405 3370.621625
456 7.283823 -3.724421 5.115808 299.395795 18870.202453
456 16.861054 -5.666586 9.341394 207.424506 62917.504121
456 15.533837 -5.438992 5.159537 39.491070 19194.180745
456 17.062299 -5.700302 5.588719 47.850745 22520.218521
456 11.999948 -4.780450 13.567716 155.858017 132727.705008
456 4.369802 -2.884762 4.871942 186.426640 17114.028117
456 8.365603 -3.991423 5.020720 199.291802 18175.239203
456 7.857366 -3.868277 7.766119 163.681877 43486.673995
456 20.184295 -6.199917 5.018357 65.688959 18158.133849
456 26.063278 -7.045204 4.316136 28.954765 13431.925960
456 19.592646 -6.108374 3.407562 23.151949 8372.124057
456 20.199998 -6.202328 8.330420 295.979881 50035.914647
456 18.583126 -5.948925 7.849579 339.776288 44426.366761
456 8.807392 -4.095461 11.099045 262.778545 88821.743446
456 -30.495184 7.620697 11.188494 3.310546 90259.177754
456 -18.352901 5.911959 4.665525 335.317404 15694.557407
457 8.367608 -3.991901 3.836174 358.210749 10610.717670
457 18.950724 -6.007475 5.728807 350.453829 23663.362223
457 6.738366 -3.582254 4.513898 231.585792 14691.003706
457 13.038184 -4.982963 8.139694 270.102496 47770.986342
457 13.879110 -5.141146 4.869886 133.971869 17099.585962
457 12.413729 -4.862171 11.717387 101.847697 98994.165038
457 15.484775 -5.430397 5.430198 278.822115 21260.789340
457 14.202797 -5.200751 12.439905 109.879110 111578.923242
457 10.709222 -4.516043 17.702566 286.776958 225954.256047
457 12.305427 -4.840915 5.037951 321.891090 18300.203204
457 0.040981 -0.279363 4.882179 31.964873 17186.028823
457 18.498218 -5.935319 7.277929 254.277362 38191.236597
457 13.270397 -5.027141 9.559705 252.346018 65892.667192
457 17.249430 -5.731476 4.287764 53.074510 13255.919400
457 8.613330 -4.050090 3.043913 332.354128 6680.556170
457 -12.285738 4.837040 1.538874 253.179406 1707.475383
457 -19.972188 6.167255 6.281976 0.561309 28453.822638
458 13.472243 -5.065229 7.362519 326.755019 39084.168044
458 10.234912 -4.414903 5.242773 298.756672 19818.471375
458 11.033201 -4.583844 16.375334 45.169425 193342.976283
458 10.431515 -4.457104 8.602748 256.017454 53360.822411
458 13.471666 -5.065120 7.544223 149.943841 41037.139590
458 11.366734 -4.652613 5.140866 306.451107 19055.512861
458 8.191260 -3.949612 4.364338 162.254249 13733.615147
458 18.909964 -6.001011 5.276789 300.018055 20076.480193
458 14.060556 -5.174642 19.996119 267.422016 288296.584340
458 13.594196 -5.088102 3.866608 55.883519 10779.741130
458 9.042709 -4.149811 6.916801 168.789758 34495.198508
458 13.464902 -5.063848 17.455426 267.361574 219689.342569
458 16.154506 -5.546588 10.814355 12.664031 84323.639840
458 15.424320 -5.419786 7.929391 7.860846 45334.381732
458 16.655073 -5.631867 9.113295 127.689713 59882.367170
458 -17.392545 5.755203 11.525516 335.250880 95778.680088
458 -12.969825 4.969883 6.413939 5.950833 29661.818015
458 -15.791399 5.483898 19.482988 176.541739 273690.165745
459 8.242851 -3.962031 7.374783 121.568032 39214.489615
459 4.878203 -3.047958 6.720130 187.807694 32561.423383
459 18.090569 -5.869555 3.294308 60.320196 7824.859371
459 13.366912 -5.045389 6.557279 8.848613 31002.402224
459 7.928737 -3.885806 7.105991 155.960233 36408.049330
459 11.940701 -4.768634 2.867875 332.022120 5930.189034
459 11.466941 -4.673076 5.196563 102.577714 19470.654105
459 11.775996 -4.735632 7.672373 230.445230 42443.136479
459 8.539512 -4.032697 5.313053 84.975904 20353.368418
459 9.360832 -4.222176 3.535373 210.829111 9011.946472
459 4.233487 -2.839411 4.453652 242.118589 14301.467444
459 17.894994 -5.837742 6.452384 235.135479 30018.461081
459 18.746928 -5.975086 12.235065 188.995474 107934.581176
459 12.121256 -4.804552 4.035888 112.380575 11744.279255
459 1.077543 -1.432506 11.645243 226.944873 97778.900911
459 -17.284583 5.737313 5.511289 189.422350 21900.521396
459 -23.625025 6.707570 8.515604 349.941273 52285.221413
459 -16.082246 5.534169 14.009239 102.204398 141506.748661
460 12.049070 -4.790224 12.102571 259.809220 105609.594746
460 6.783183 -3.594147 6.772578 158.990676 33071.664356
460 9.337937 -4.217009 8.325178 27.620861 49972.971945
460 16.484730 -5.602992 17.570183 293.002054 222587.433841
460 4.026459 -2.769113 9.080443 64.090525 59451.402959
460 12.028136 -4.786061 13.248317 209.005152 126552.149537
460 11.103832 -4.598493 12.531641 129.987250 113230.639406
460 15.474275 -5.428555 4.334584 185.092641 13546.993554
460 17.157297 -5.716149 4.322230 132.223485 13469.882194
460 13.966198 -5.157250 10.498639 323.862931 79471.985614
460 14.228441 -5.205444 6.919265 76.365984 34519.777417
460 7.734591 -3.837936 2.009537 85.836630 2911.654777
460 17.279730 -5.736507 3.573869 257.716353 9209.272322
460 10.261903 -4.420720 10.155000 213.044155 74354.615050
460 11.120395 -4.601921 5.343934 271.178582 20590.661006
460 -19.159307 6.040446 6.230934 167.303870 27993.314096
460 -21.817417 6.445858 4.102803 244.070580 12136.945608
460 -23.803127 6.732806 9.788637 136.539052 69086.394337
461 10.693983 -4.512829 7.193470 301.166320 37309.975448
461 -0.028735 -0.233929 4.687230 204.428345 15840.925047
461 6.149956 -3.422276 14.759615 335.226896 157071.769122
461 12.443698 -4.868036 3.701491 167.065340 9878.736939
461 10.899456 -4.555977 7.146645 8.195863 36825.823648
461 19.456067 -6.087046 3.706531 10.069049 9905.659585
461 7.859936 -3.868910 3.436203 122.376103 8513.452721
461 9.937400 -4.350263 7.521423 228.627270 40789.474998
461 4.076672 -2.786326 12.968465 60.885614 121262.136073
461 4.018539 -2.766389 3.375346 30.816752 8214.568939
461 15.341632 -5.405239 3.132465 261.233180 7074.901413
461 6.658069 -3.560846 5.023442 148.922988 18194.951169
461 11.893562 -4.759212 15.030744 126.157184 162895.484488
461 9.943037 -4.351496 5.819761 29.085414 24420.712111
461 -20.329378 6.222159 6.228986 257.611882 27975.819515
461 -22.070354 6.483115 3.862608 66.132863 10757.452444
461 -24.715325 6.860602 3.141627 254.602389 7116.351702
462 1.507068 -1.694125 5.642602 212.951321 22956.563903
462 9.613143 -4.278700 10.140808 289.610836 74146.936072
462 13.187271 -5.011371 11.771094 50.342523 99903.744042
462 18.672385 -5.963195 3.828993 291.863313 10571.028695
462 11.621519 -4.704468 2.178450 193.647565 3421.709416
462 -0.743296 -1.189762 3.636492 5.337155 9534.837144
462 -0.592714 -1.062433 8.170140 86.221011 48129.022007
462 13.184238 -5.010795 1.684882 160.282614 2046.854752
462 2.918844 -2.357678 3.776335 17.800105 10282.271089
462 1.221675 -1.525306 4.281181 230.902081 13215.247704
462 3.973710 -2.750915 14.109636 80.840062 143542.231313
462 12.323705 -4.844509 11.006305 273.872683 87343.609901
462 13.417153 -5.054862 9.885747 212.966680 70463.957001
462 10.765042 -4.527797 13.607179 295.345950 133500.930645
462 -19.330040 6.067300 10.148391 11.497517 74257.867404
462 -13.601190 5.089411 19.830862 251.911414 283551.036341
462 -18.973376 6.011065 8.336391 242.242941 50107.670368
462 -20.508249 6.249473 11.613995 222.824957 97254.872208
463 3.134447 -2.443203 2.407833 111.268147 4180.236794
463 4.954343 -3.071653 8.536210 197.163767 52538.572414
463 18.599834 -5.951598 8.285650 110.690787 49499.551876
463 10.170731 -4.401038 9.332505 18.953356 62797.812084
463 14.469656 -5.249382 10.202098 215.720679 75045.918456
463 13.923813 -5.149418 9.384051 3.071922 63493.435070
463 3.702323 -2.655316 10.901986 147.632810 85695.759982
463 9.272593 -4.202229 11.083582 22.066987 88574.424345
463 15.384799 -5.412838 6.092054 90.686292 26759.352113
463 9.991972 -4.362191 12.352541 330.859985 110017.225710
463 9.293048 -4.206861 5.279775 45.821227 20099.206513
463 7.258359 -3.717905 6.343413 42.092947 29013.091826
463 6.985603 -3.647380 8.007744 288.760775 46234.738053
463 10.210380 -4.409609 6.342681 157.759091 29006.395758
463 -17.184073 5.720607 15.172236 208.710140 165976.759302
463 -20.407656 6.234127 4.466536 338.253823 14384.330871
463 -19.288999 6.060856 12.591771 348.556786 114319.872347
463 -26.752510 7.137750 4.366756 18.485470 13748.834245
464 17.439589 -5.762981 11.829349 71.178940 100895.030282
464 15.171036 -5.375102 3.356009 80.347868 8120.717114
464 4.206393 -2.830310 13.753718 179.584677 136391.813676
464 7.200469 -3.703049 8.580333 74.203428 53083.107638
464 7.061532 -3.667149 2.327518 185.988359 3906.017776
464 15.554793 -5.442660 8.617268 262.144214 53541.096901
464 13.117033 -4.998007 11.228109 33.084408 90899.467907
464 12.197147 -4.819569 7.387846 89.531734 39353.536348
464 7.136569 -3.686581 3.566245 5.674738 9170.024539
464 10.828693 -4.541163 3.029131 187.209381 6615.826146
464 13.529555 -5.075991 3.521667 25.109981 8942.204835
464 18.865656 -5.993977 4.699972 98.285708 15927.170349
464 6.538980 -3.528857 4.543141 111.367181 14881.975503
464 -11.992223 4.778911 5.416511 260.096647 21153.749751
464 -6.224167 3.442863 8.173520 153.266632 48168.853044
464 -16.533728 5.611313 1.599864 255.543550 1845.501805
464 -4.493919 2.925444 11.088583 246.688818 88654.381125
465 5.241340 -3.159368 8.129927 51.560102 47656.414602
465 7.794374 -3.852740 12.158801 303.279063 106593.212474
465 9.909833 -4.344224 15.914726 170.096106 182619.197270
465 7.580577 -3.799533 10.830192 30.856846 84570.790675
465 2.931153 -2.362644 7.704167 235.197497 42795.635644
465 17.206520 -5.724342 5.990888 167.323212 25877.983002
465 10.452531 -4.461592 6.850590 211.698065 33837.949009
465 14.324075 -5.222908 10.439846 211.150003 78584.388078
465 24.409389 -6.818009 14.819076 129.726881 158339.890345
465 17.359907 -5.749801 12.735769 259.496679 116949.511025
465 11.556049 -4.691198 9.235967 249.793282 61505.339194
465 18.438251 -5.925690 4.347529 272.957650 13628.031835
465 11.032416 -4.583681 3.908301 350.196195 11013.465860
465 -18.313256 5.905571 6.030662 338.191868 26222.735022
465 -26.679949 7.128064 6.380960 140.743993 29357.569911
465 -10.815658 4.538429 4.936801 245.447461 17572.735451
465 -28.058612 7.309912 6.871203 121.610607 34041.884467
465 -20.863864 6.303423 7.388454 52.338001 39360.015209
466 12.064733 -4.793337 4.763783 48.501874 16362.591858
466 18.667649 -5.962438 4.281725 136.266815 13218.602691
466 11.337478 -4.646622 7.440186 322.163935 39913.114644
466 8.514879 -4.026877 12.363470 145.721446 110211.981509
466 12.047495 -4.789911 3.874159 60.700983 10821.888443
466 7.077161 -3.671205 3.817347 297.968596 10506.822492
466 15.114882 -5.365145 4.727178 180.648866 16112.092698
466 15.909485 -5.504364 9.684038 135.344842 67617.801701
466 7.852306 -3.867031 9.660730 31.202116 67292.696590
466 11.710263 -4.722396 5.112747 132.961124 18847.626875
466 15.141059 -5.369789 3.675703 28.241248 9741.571092
466 20.130094 -6.191587 3.741241 146.460184 10092.052061
466 -18.447283 5.927141 5.618096 315.745233 22757.597953
466 -24.768303 6.867951 4.612499 177.404185 15339.834926
466 -16.517121 5.608494 2.767741 285.863358 5523.305762
466 -22.428157 6.535456 6.349251 148.159551 29066.517387
466 -24.907487 6.887221 5.154035 138.968332 19153.266020
467 1.606350 -1.749038 3.786181 353.904430 10335.958278
467 15.402769 -5.415998 6.546138 202.744773 30897.149730
467 14.860756 -5.319852 10.131646 79.186272 74013.013934
467 10.909867 -4.558152 7.484748 62.812788 40392.658502
467 10.822412 -4.539846 5.471375 153.049797 21584.452109
467 11.778658 -4.736167 9.911417 24.829007 70830.373757
467 12.092649 -4.798879 10.320664 62.113356 76800.384447
467 7.570580 -3.797027 3.214641 250.991190 7450.972716
467 16.628123 -5.627308 5.171928 303.784151 19286.484035
467 12.332435 -4.846224 10.955190 36.995995 86534.227200
467 15.796877 -5.484849 7.025785 319.092712 35590.802840
467 16.961941 -5.683513 4.021045 167.146886 11658.048199
467 -20.120722 6.190146 13.267031 131.991300 126909.918515
467 -31.244665 7.713776 3.938929 114.269119 11186.761659
467 -25.158996 6.921907 22.673179 272.621569 370657.585590
467 -14.660008 5.283798 2.957960 27.314280 6308.596605
467 -15.554433 5.442597 11.251670 172.496072 91281.342197
468 14.132650 -5.187892 2.799261 283.817108 5649.822614
468 10.074082 -4.380078 2.393393 249.105079 4130.247287
468 17.614121 -5.791747 6.966564 40.602282 34993.331526
468 8.963512 -4.131599 4.929511 8.825504 17520.874473
468 11.313526 -4.641711 10.712213 160.401564 82738.280094
468 9.539352 -4.262246 7.861183 207.633171 44557.813273
468 13.279302 -5.028827 3.204310 311.716475 7403.158177
468 4.798132 -3.022840 19.346555 187.462316 269870.463373
468 11.182837 -4.614823 1.879088 295.236033 2545.906182
468 11.643146 -4.708843 1.647696 125.337098 1957.503023
468 14.275150 -5.213981 4.679266 324.809886 15787.144079
468 3.991215 -2.756968 8.794450 330.138146 55765.473272
468 -18.454574 5.928313 8.558468 264.551373 52812.910233
468 -19.222098 6.050336 4.505753 280.142963 14638.036183
468 -24.927646 6.890008 4.430462 210.816656 14152.920584
468 -27.913882 7.291035 8.062648 194.712990 46870.915049
468 -12.542461 4.887316 7.694690 273.188264 42690.406546
468 -1.787817 1.845188 3.286973 277.650887 7790.050807
469 5.498752 -3.236020 4.348979 4.775390 13637.123789
469 2.176157 -2.035749 7.376312 271.337762 39230.749569
469 9.506626 -4.254929 13.507285 20.026522 131547.985682
469 11.281293 -4.635094 1.821781 5.129304 2392.986193
469 14.369971 -5.231269 7.326036 272.735608 38697.787526
469 8.995313 -4.138922 6.201349 261.257510 27728.120086
469 13.428473 -5.056994 20.891478 91.280102 314692.494552
469 13.238248 -5.021048 11.274464 246.093525 91651.558989
469 17.667461 -5.800510 16.663471 99.049097 200206.879805
469 6.631691 -3.553786 6.990420 300.029346 35233.409670
469 11.848043 -4.750096 9.168471 88.272046 60609.670935
469 -28.765464 7.401415 3.122076 43.316375 7028.053460
469 -23.600271 6.704055 8.997773 36.077854 58373.828128
469 -18.747827 5.975229 3.523917 42.288029 8953.634258
469 -21.155816 6.347372 9.333702 304.851140 62813.919041
469 -24.578736 6.841619 3.696634 73.683086 9852.831398
469 -10.808392 4.536904 3.824873 254.805890 10548.292316
470 9.700891 -4.298183 3.245088 26.137474 7592.785185
470 15.659029 -5.460866 15.108885 15.131322 164593.578415
470 4.020913 -2.767206 6.772442 198.198773 33070.343010
470 12.847693 -4.946428 7.870337 10.104738 44661.652265
470 20.420803 -6.236135 4.748279 265.025503 16256.257609
470 0.500664 -0.976455 9.200042 309.892456 61027.800023
470 19.386179 -6.076104 4.701824 328.660745 15939.725636
470 8.013800 -3.906594 5.342733 161.319105 20581.407149
470 9.780228 -4.315723 8.178844 166.996637 48231.632353
470 9.284019 -4.204817 3.313234 189.954150 7915.026517
470 4.275601 -2.853499 17.604995 66.286743 223470.341252
470 -25.496737 6.968213 3.497198 233.326968 8818.375254
470 -26.781244 7.141583 17.322144 341.874982 216347.240948
470 -15.087982 5.360369 11.238377 9.033968 91065.798247
470 -24.025996 6.764252 9.142559 203.017488 60267.559118
470 -20.842573 6.300206 4.260534 66.563726 13088.087555
470 -14.867448 5.321050 9.999335 302.895221 72092.543911
471 6.651458 -3.559078 6.611188 333.777890 31514.258720
471 11.828299 -4.746137 14.708953 76.873105 155995.333848
471 13.057795 -4.986709 10.442862 123.371257 78629.793882
471 11.841449 -4.748774 6.350003 96.070736 29073.407846
471 14.264233 -5.211987 10.397049 174.679124 77941.414226
471 14.569267 -5.267420 4.021367 98.709105 11659.917982
471 10.584540 -4.489677 9.883257 231.894860 70428.464772
471 6.289365 -3.460848 4.749266 178.266089 16263.017369
471 17.330128 -5.744867 9.591231 86.090264 66327.986441
471 5.651469 -3.280649 7.352403 40.313241 38976.839754
471 -17.838996 5.828601 4.218329 183.856638 12830.070296
471 -27.609708 7.251202 10.131278 118.706557 74007.641881
471 -12.392501 4.858012 6.744409 286.238504 32797.131076
471 -11.406135 4.660670 8.071328 50.624418 46971.897038
471 -12.250080 4.830016 10.160561 230.131220 74436.074081
471 -9.993562 4.362538 6.000704 229.761639 25962.860946
472 9.227668 -4.192037 4.934436 168.340073 17555.903466
472 9.196885 -4.185039 7.945951 211.802818 45523.935592
472 8.156599 -3.941247 4.261266 20.666402 13092.581588
472 -2.079512 -1.990031 8.526395 311.794240 52417.820277
472 7.137490 -3.686819 9.192836 41.101455 60932.239809
472 11.467232 -4.673136 5.269302 265.481898 20019.548186
472 13.341885 -5.040663 3.009647 73.296739 6530.992246
472 6.626401 -3.552368 6.998002 170.500688 35309.875839
472 7.184871 -3.699036 4.868136 300.864885 17087.303160
472 -3.215007 -2.474401 11.222828 148.227278 90813.981435
472 -23.406965 6.676543 8.977366 95.547034 58109.337664
472 -20.555766 6.256708 7.861533 237.111191 44561.779018
472 -17.869730 5.833619 9.874247 138.677445 70300.116409
472 -6.976012 3.644875 12.075276 202.308344 105133.757885
472 -0.891619 1.303073 10.249899 160.558917 75750.808676
472 -7.315680 3.732557 14.795797 190.737106 157842.814110
472 -14.371855 5.231612 10.760668 38.546418 83488.473683
473 18.875607 -5.995557 9.545827 248.407722 65701.480399
473 9.517906 -4.257452 6.285626 158.978941 28486.892770
473 10.598571 -4.492652 4.875095 157.629043 17136.189908
473 5.827588 -3.331375 10.112640 240.185412 73735.586481
473 8.282622 -3.971577 9.376882 128.608157 63396.449429
473 10.818602 -4.539047 9.922509 218.561775 70989.009318
473 21.573364 -6.409705 3.650546 117.753934 9608.681251
473 9.595706 -4.274817 6.199674 12.862170 27713.145675
473 16.081257 -5.533999 8.329570 266.920477 50025.702653
473 -23.623557 6.707362 6.383780 95.709472 29383.526805
473 -15.131251 5.368049 10.205023 286.888443 75088.953360
473 -10.325205 4.434334 6.986924 276.420080 35198.171258
473 -15.910733 5.504580 5.898100 343.497629 25082.584077
473 -29.067441 7.440164 3.126612 122.344811 7048.490286
473 -15.687522 5.465832 6.512669 155.675783 30582.011188
473 -10.415243 4.453627 3.087407 16.533082 6872.832096
474 18.586390 -5.949447 5.625174 108.037544 22814.975367
474 10.692740 -4.512566 3.678339 43.855835 9755.548041
474 7.463902 -3.770180 2.660125 79.065725 5102.138324
474 10.634996 -4.500365 9.228826 189.283523 61410.260904
474 -1.102395 -1.448931 5.208667 103.410295 19561.459391
474 13.356685 -5.043458 7.469517 255.478490 40228.434492
474 10.359357 -4.441662 3.873196 181.117736 10816.508375
474 3.084188 -2.423536 9.763939 31.933413 68738.208498
474 11.869620 -4.754419 3.333238 267.357371 8010.887379
474 -18.104966 5.871890 3.893551 116.794015 10930.493569
474 -19.766496 6.135415 5.255348 278.492620 19913.654680
474 -16.069196 5.531923 6.378291 76.047375 29333.015378
474 -14.838145 5.315803 13.219013 262.866372 125992.922300
474 -5.216282 3.151807 7.494742 48.090219 40500.598165
474 -13.093825 4.993584 10.222333 275.334725 75343.899498
474 -10.602615 4.493509 8.122406 317.737655 47568.285729
475 16.239009 -5.561076 2.671156 240.413613 5144.541633
475 9.114375 -4.166223 9.316123 147.586492 62577.546035
475 9.917269 -4.345854 9.660952 6.175083 67295.794676
475 1.309942 -1.579448 11.713481 122.251887 98928.179069
475 8.063501 -3.918690 1.697517 161.618650 2077.669109
475 6.636468 -3.555065 7.860463 199.918471 44549.648598
475 11.973011 -4.775081 5.364083 74.478607 20746.220027
475 22.940845 -6.609731 5.253170 51.531796 19897.151368
475 12.987826 -4.973330 5.071438 356.167232 18544.292520
475 -17.176988 5.719428 12.828925 204.071568 118666.626414
475 -21.449714 6.391309 10.117664 344.977989 73808.872599
475 -12.574204 4.893497 10.273134 105.315538 76094.628396
475 -20.032052 6.176491 9.924665 180.686674 71019.859707
475 -13.681132 5.104346 5.749632 312.055278 23835.710790
475 -21.310074 6.370471 7.533602 276.793493 40921.681875
475 -14.888132 5.324750 3.597146 73.951343 9329.625245
475 -19.063449 6.025316 2.632656 342.763898 4997.310177
476 4.130632 -2.804706 4.875819 232.779030 17141.280435
476 6.813174 -3.602084 3.739679 330.115850 10083.624523
476 9.163355 -4.177403 6.037301 315.466285 26280.504699
476 14.047449 -5.172230 10.239166 0.133821 75592.245423
476 10.299816 -4.428879 10.482454 179.005592 79227.141895
476 11.067944 -4.591056 6.254797 228.710948 28208.140745
476 12.423843 -4.864151 9.175785 319.095401 60706.411622
476 4.132239 -2.805251 7.536826 36.070626 40956.704819
476 -10.379742 4.446030 8.018135 258.319601 46354.805423
476 -19.932669 6.161150 6.666092 152.711120 32039.860768
476 -26.327059 7.080766 6.489069 199.112778 30360.777316
476 -21.197630 6.353642 7.512656 298.036033 40694.444628
476 -4.119785 2.801021 11.145381 187.786571 89564.908957
476 -0.309793 0.768095 10.715648 313.123256 82791.342979
476 -21.923617 6.461527 4.192730 209.407034 12674.821930
476 -18.770115 5.978780 5.059213 258.800195 18454.997616
477 7.326394 -3.735289 2.083009 69.895408 3128.458207
477 8.432362 -4.007317 10.866569 288.901344 85139.860815
477 5.514103 -3.240534 8.127644 131.172945 47629.655270
477 13.243196 -5.021986 5.514806 335.042565 21928.483839
477 3.417630 -2.551183 6.876553 71.775198 34094.918960
477 16.561490 -5.616022 11.609694 121.100629 97182.842214
477 18.498537 -5.935370 10.158292 180.680316 74402.825036
477 8.234858 -3.960109 4.980743 241.447251 17886.951706
477 -17.449950 5.764693 3.015928 196.483104 6558.282490
477 -8.731569 4.077793 10.609546 24.383904 81159.928993
477 -19.443349 6.085057 6.761857 87.305079 32967.048189
477 -11.375874 4.654483 6.816130 142.444457 33498.380655
477 -6.823146 3.604719 4.789867 133.108502 16542.264674
477 -8.952935 4.129161 5.980423 339.999544 25787.654530
477 -15.858460 5.495530 10.441024 247.168275 78602.113781
477 -10.387691 4.447732 4.656699 288.763605 15635.236384
478 15.090467 -5.360810 11.298628 145.309649 92044.857016
478 10.598479 -4.492632 10.335741 195.713736 77024.932461
478 14.278533 -5.214599 1.372086 357.472962 1357.409714
478 11.129144 -4.603731 19.435830 257.754927 272366.854939
478 5.003794 -3.086944 6.815704 273.581099 33494.194301
478 6.425303 -3.498049 3.983883 54.473100 11443.563269
478 9.609503 -4.277889 5.507039 120.178591 21866.754683
478 -15.589973 5.448811 1.716794 328.890415 2125.125104
478 -24.169370 6.784405 3.025491 317.402771 6599.939108
478 -14.448012 5.245455 18.077235 284.981880 235619.959052
478 -12.854797 4.947795 10.706766 121.304010 82654.163446
478 -20.335420 6.223084 8.827344 216.578300 56183.417627
478 -19.944632 6.162999 14.309532 318.025547 147638.274319
478 -25.210235 6.928952 6.734403 81.692802 32699.889110
478 -21.564510 6.408389 12.314687 91.752637 109343.972972
478 -11.113866 4.600570 5.752601 43.594697 23860.341190
479 10.572749 -4.487175 2.678178 11.580736 5171.622481
479 11.758940 -4.732201 4.754470 148.984778 16298.677432
479 12.782203 -4.933805 12.753110 101.617010 117268.197725
479 13.791521 -5.124897 9.115343 90.389003 59909.277635
479 6.297547 -3.463098 10.047842 210.615379 72793.672035
479 5.780319 -3.317837 3.525822 21.274346 8963.320898
479 16.539933 -5.612366 3.977304 26.814939 11405.797296
479 -8.660875 4.061252 6.809067 233.066479 33428.996922
479 -13.602747 5.089702 4.969282 206.194129 17804.729966
479 -5.791679 3.321095 8.732104 267.664599 54977.613676
479 -29.549154 7.501560 13.257208 251.999558 126722.066162
479 -14.256726 5.210615 3.317402 88.746249 7934.953534
479 -29.519227 7.497761 10.484168 156.166429 79253.052521
479 -18.281035 5.900373 2.626225 132.011172 4972.927128
479 -18.160613 5.880907 8.320662 245.826134 49918.770078
479 -21.164204 6.348631 4.958897 197.105500 17730.389347
480 8.584022 -4.043193 7.615482 71.554915 41816.034890
480 10.033565 -4.371261 14.508367 207.559216 151769.722560
480 6.789507 -3.595822 5.478832 234.270641 21643.331805
480 11.427397 -4.665012 8.743012 119.348518 55115.050326
480 7.800186 -3.854176 4.695845 69.454238 15899.212002
480 12.670443 -4.912188 4.900239 142.777145 17313.408992
480 -7.517128 3.783599 4.625237 249.979091 15424.676559
480 -26.326117 7.080640 8.279112 31.702960 49421.467560
480 -9.639173 4.284488 9.056962 239.556287 59144.342803
480 -14.004885 5.164388 2.976268 347.201188 6386.929790
480 -11.717301 4.723815 24.512101 86.779166 433220.641172
480 -14.593874 5.271866 5.180373 49.465781 19349.514748
480 -21.549320 6.406132 10.702442 21.420124 82587.413159
480 -22.332333 6.521479 12.406740 71.837977 110984.774956
480 -13.622630 5.093421 14.223186 159.601668 145861.905336
481 9.304954 -4.209555 10.562688 187.982168 80444.619610
481 9.165459 -4.177882 6.978616 22.277702 35114.514351
481 8.726737 -4.076665 5.329613 55.534717 20480.447421
481 3.374852 -2.535166 2.767449 176.856304 5522.138731
481 12.353654 -4.850392 8.496010 89.016167 52044.892657
481 8.684608 -4.066813 5.847063 128.431505 24650.381380
481 -27.471012 7.232966 3.218619 212.750604 7469.424308
481 -11.733930 4.727166 5.688983 201.485432 23335.513923
481 -14.410381 5.238619 6.543323 318.988808 30870.583439
481 -27.794510 7.275429 3.976577 255.309756 11401.627307
481 -17.224862 5.727393 5.105402 180.505493 18793.509545
481 -9.723381 4.303162 6.838790 91.622382 33721.478453
481 -10.368386 4.443597 10.734004 262.460466 83075.235293
481 -14.431302 5.242420 4.207932 133.051575 12766.902733
481 -12.059821 4.792361 5.875804 257.850039 24893.309027
482 6.005050 -3.381718 5.816920 207.781803 24396.877689
482 15.514222 -5.435557 5.788744 291.504220 24161.105407
482 10.741154 -4.522771 8.808482 8.752991 55943.570952
482 6.786464 -3.595016 4.700898 207.660227 15933.449166
482 8.380800 -3.995046 26.661675 115.951222 512534.291563
482 9.096982 -4.162246 8.546634 9.738531 52666.966108
482 -22.548932 6.553029 5.722729 288.606465 23613.180370
482 -21.976217 6.469274 13.825905 186.930474 137827.292789
482 -15.684302 5.465271 9.549895 237.206293 65757.497708
482 -21.379600 6.380855 14.343272 9.625519 148335.313580
482 -21.585130 6.411452 4.924863 71.561133 17487.844910
482 -19.992559 6.170399 10.591114 191.459029 80878.172657
482 -12.553747 4.889515 10.440795 276.797037 78598.667993
482 -6.102582 3.409070 5.055449 242.582890 18427.548685
482 -4.082412 2.788287 8.700996 299.674382 54586.589804
482 4.998332 3.085259 8.751715 287.019390 55224.834721
483 13.848186 -5.135415 14.100633 191.219479 143359.105063
483 6.442403 -3.502701 6.119464 25.734351 27000.691658
483 6.641048 -3.556292 8.547744 240.176302 52680.647350
483 16.563117 -5.616298 5.939520 233.680133 25436.110691
483 13.751556 -5.117467 4.876475 301.206015 17145.892639
483 -23.995380 6.759941 19.727367 256.662111 280599.138843
483 -24.200147 6.788723 3.336268 11.636349 8025.461841
483 -24.545835 6.837038 8.975717 243.651539 58087.995292
483 -20.583422 6.260916 9.877428 55.119393 70345.415693
483 -2.724439 2.277811 4.530674 29.824630 14800.407065
483 -18.845136 5.990716 6.194430 244.746200 27666.279130
483 -16.293235 5.570353 5.712547 279.741789 23529.228231
483 -0.685856 1.142866 3.407703 303.416558 8372.818228
483 -13.395407 5.050764 4.574178 58.207077 15086.001907
483 -17.835055 5.827957 9.380573 130.898377 63446.369723
484 7.578725 -3.799069 9.864801 178.037413 70165.679108
484 9.834854 -4.327759 3.027899 205.859411 6610.445330
484 6.662576 -3.562051 8.509551 310.256163 52210.923557
484 12.622480 -4.902882 4.820800 351.531242 16756.618253
484 12.483603 -4.875836 9.161271 189.734534 60514.518051
484 -22.610817 6.562015 15.476689 247.569864 172704.704021
484 -18.724156 5.971456 6.151801 149.529131 27286.799907
484 -15.733466 5.473830 2.121322 22.886508 3244.601403
484 -22.914278 6.605903 4.544018 135.201117 14887.719457
484 -13.118423 4.998272 9.787564 57.511247 69071.251892
484 -22.834678 6.594419 8.377880 300.975395 50607.668001
484 -23.745676 6.724676 9.383789 247.606272 63489.884478
484 -25.530717 6.972854 7.619232 11.782682 41857.229435
484 -15.592864 5.449317 5.399414 15.622308 21020.419115
484 -6.804162 3.599701 8.437319 0.902485 51328.316913
485 13.098372 -4.994451 12.237958 323.316439 107985.638408
485 7.688856 -3.826572 4.405079 245.996685 13991.219177
485 -0.899528 -1.308839 14.020074 18.997893 141725.720152
485 12.585229 -4.895642 13.352342 201.762216 128547.312310
485 -20.661422 6.272767 2.589000 185.861857 4832.947373
485 -25.533070 6.973176 4.512406 175.101889 14681.294601
485 -11.304507 4.639860 3.218002 77.368595 7466.560795
485 -11.480987 4.675938 8.294460 247.216953 49604.868660
485 -9.443242 4.240721 10.380412 8.377830 77692.168283
485 -14.432770 5.242687 19.844026 123.999753 283927.628909
485 -32.530806 7.870938 3.702438 261.638761 9883.795227
485 -17.889992 5.836926 9.086265 43.164766 59527.668686
485 -11.562825 4.692573 9.589252 243.594471 66300.610788
485 -23.189323 6.645430 8.188993 4.101152 48351.407465
486 11.702570 -4.720845 16.587781 198.485107 198392.219550
486 8.556572 -4.036723 8.932841 222.503336 57534.357851
486 20.704493 -6.279302 6.074178 111.868836 26602.538520
486 9.889127 -4.339684 3.883137 11.943086 10872.101726
486 -23.338387 6.666755 9.503344 86.186640 65117.992017
486 -11.895850 4.759670 9.205494 34.580070 61100.152665
486 -5.670705 3.286227 6.491843 177.041620 30386.738553
486 -22.874548 6.600173 14.750689 173.331682 156881.845783
486 -5.648403 3.279759 4.830243 220.852151 16822.325058
486 -24.741738 6.864267 5.689548 350.431314 23340.144515
486 -11.205300 4.619456 3.124209 349.470755 7037.659982
486 -14.816344 5.311897 4.027444 352.669144 11695.182949
486 -25.319720 6.943981 8.891561 349.868536 57003.836103
486 -18.015661 5.857391 10.077610 147.009717 73225.637844
487 7.194981 -3.701638 6.020806 104.288224 26137.099727
487 6.689582 -3.569263 6.465927 267.246643 30144.610074
487 8.422134 -4.004886 3.901881 331.225851 10977.314734
487 4.401048 -2.895057 2.246656 201.938414 3639.328122
487 -3.934555 2.737328 15.085536 297.799830 164085.250052
487 -8.767329 4.086135 1.265087 275.594063 1153.955164
487 1.734039 1.817224 5.400516 118.430811 21028.996304
487 -19.876632 6.152484 3.187026 257.528110 7323.510099
487 -24.820888 6.875238 5.208339 110.679146 19558.992662
487 -11.903115 4.761123 12.486787 167.568354 112421.532516
487 -19.841153 6.146990 5.280531 195.825894 20104.963320
487 -19.743632 6.131865 6.474193 287.290038 30221.733568
487 -20.895999 6.308276 10.828754 221.829253 84548.335587
487 -14.694290 5.289972 5.523060 56.330777 21994.173358
487 -10.609129 4.494889 7.032444 92.323956 35658.295838
488 15.559976 -5.443567 3.905182 291.183895 10995.894587
488 7.177693 -3.697188 8.037649 23.831707 46580.715944
488 6.960077 -3.640710 6.104279 124.760451 26866.855005
488 -24.276815 6.799468 10.006796 75.777543 72200.162396
488 -18.957319 6.008520 8.376179 277.025616 50587.118633
488 -13.140660 5.002507 4.248823 319.171719 13016.237029
488 -12.314678 4.842734 3.975778 24.377302 11397.045868
488 -12.235409 4.827123 2.485884 277.157494 4455.637924
488 -22.277144 6.513416 8.058408 164.872050 46821.635685
488 -13.471509 5.065091 14.386810 79.236547 149237.194357
488 -9.840075 4.328907 4.100962 296.925618 12126.053047
488 -17.362368 5.750208 5.974983 237.303732 25740.763538
488 -17.545464 5.780448 6.644689 273.359691 31834.457269
488 -16.832380 5.661765 6.019710 215.793210 26127.577769
489 9.805971 -4.321399 6.833155 116.027491 33665.933212
489 12.554548 -4.889671 3.238078 0.168643 7560.017636
489 4.178290 -2.820839 3.435939 162.683609 8512.143702
489 -24.362206 6.811416 4.927971 122.964955 17509.926415
489 -17.038996 5.696408 4.346193 304.643221 13619.655666
489 -15.594361 5.449578 11.247980 267.024332 91221.487764
489 -5.071561 3.107778 8.120106 235.253856 47541.340335
489 -17.727394 5.810340 7.622866 175.238498 41897.164275
489 -29.180525 7.454622 4.291178 208.287306 13277.036012
489 -14.521502 5.258778 2.836110 112.838484 5799.550731
489 -12.338045 4.847326 6.860572 127.298233 33936.631814
489 -7.696175 3.828393 7.713251 209.828401 42896.618319
489 -10.757000 4.526106 4.252779 53.845268 13040.482848
489 -13.980453 5.159881 12.935710 227.100589 120650.356410
490 9.074422 -4.157082 6.967957 262.128320 35007.331282
490 3.685346 -2.649221 13.808456 144.292476 137479.620718
490 6.863153 -3.615272 6.902570 14.288310 34353.396200
490 -13.498627 5.070186 9.005014 318.473489 58467.814795
490 -7.862906 3.869641 13.088945 323.737289 123525.713686
490 -9.215469 4.189265 4.568047 197.773493 15045.589524
490 -18.568395 5.946566 13.490924 207.565243 131229.502100
490 -8.655945 4.060096 3.889495 281.954815 10907.734064
490 -16.393179 5.587412 2.915265 318.478953 6127.794836
490 -8.118936 3.932137 11.487608 229.405483 95149.676894
490 -16.146824 5.545269 4.627701 261.459269 15441.114970
490 -20.544647 6.255016 2.741286 270.194379 5418.221859
490 -19.309583 6.064088 7.426298 299.807950 39764.250746
490 -10.813867 4.538053 13.876113 68.836208 138830.123159
491 9.607987 -4.277552 5.612207 104.428469 22709.907830
491 -1.343448 -1.599519 10.492402 141.752358 79377.588560
491 -18.271196 5.898785 9.685925 3.470787 67644.158619
491 -26.347216 7.083476 5.620127 172.800804 22774.053253
491 -15.151268 5.371599 3.169561 129.662560 7243.462448
491 -10.202289 4.407861 8.601669 137.866783 53347.430338
491 -13.523436 5.074843 6.929130 34.581498 34618.278314
491 -19.019514 6.018369 4.186596 338.936201 12637.760102
491 -8.320824 3.980726 17.700842 263.850097 225910.238463
491 -17.109946 5.708255 3.627485 4.733113 9487.663598
491 -27.957328 7.296707 3.251794 51.466887 7624.197811
491 -10.445329 4.460054 3.447419 89.988223 8569.117944
491 -18.457339 5.928757 7.637295 237.569497 42055.923867
492 3.124127 -2.439178 4.715687 43.014724 16033.860094
492 8.712150 -4.073256 8.818892 340.744624 56075.877904
492 -22.208560 6.503382 6.742162 239.798662 32775.285549
492 -18.612512 5.953626 6.268135 91.495063 28328.576884
492 -10.034518 4.371468 8.146526 123.718977 47851.217474
492 -12.439186 4.867154 2.657357 95.068550 5091.526732
492 -12.413290 4.862085 2.971363 123.415147 6365.894906
492 -30.871733 7.667603 18.553184 154.148960 248190.387955
492 -15.222008 5.384124 7.693143 177.409038 42673.242712
492 -7.900531 3.878888 18.084588 299.829457 235811.690129
492 -23.551122 6.697071 3.295052 96.452504 7828.392673
492 -17.110841 5.708405 3.688764 317.556487 9810.921161
492 -17.291161 5.738405 3.255883 193.468797 7643.384597
492 -5.077088 3.109471 6.804063 257.010302 33379.874305
493 5.704636 -3.296044 3.869455 293.907660 10795.620057
493 6.207277 -3.438188 9.645419 229.103265 67079.576874
493 -10.948365 4.566187 3.319969 8.249154 7947.238031
493 -12.402965 4.860062 7.500371 326.135787 40561.454238
493 -25.234553 6.932293 11.083332 105.748737 88570.425936
493 -9.291846 4.206589 8.230818 149.019985 48846.570561
493 -7.186459 3.699445 3.543898 128.874027 9055.461365
493 -11.902446 4.760989 5.109026 179.829711 18820.204752
493 -26.430999 7.094730 18.469826 268.081925 245965.204292
493 -9.086638 4.159879 3.015797 126.699383 6557.709799
493 -17.879506 5.835215 3.221532 68.277682 7482.951286
493 -21.577939 6.410384 4.400650 138.038793 13963.098459
493 -22.148376 6.494564 8.089190 33.987936 47180.017868
493 -4.088550 2.790382 6.629926 195.620365 31693.152282
494 10.322787 -4.433815 4.602252 26.516940 15271.755333
494 -16.730117 5.644540 2.692289 198.721385 5226.264246
494 -11.351303 4.649454 4.460246 5.806740 14343.851407
494 -12.295691 4.838999 4.960867 41.923667 17744.476463
494 -10.258441 4.419974 6.530094 113.203671 30745.877075
494 -9.622006 4.280672 2.092969 185.685040 3158.446223
494 -17.093283 5.705475 5.693571 327.013961 23373.165336
494 -9.883422 4.338432 5.688266 185.995865 23329.632328
494 -23.991730 6.759427 10.114507 167.849050 73762.815503
494 2.360541 2.120239 3.943882 55.238144 11214.910877
494 -11.591692 4.698427 2.691453 54.167075 5223.020096
494 -9.871848 4.335891 21.702472 238.289360 339599.049008
494 -11.578492 4.695751 8.283258 193.265914 49470.976612
495 10.799755 -4.535091 5.719925 232.228073 23590.044761
495 -12.067301 4.793847 4.184915 42.807533 12627.614736
495 -3.221629 2.476948 11.058889 337.483109 88180.204588
495 -23.463771 6.684640 7.756414 184.935893 43378.047226
495 -16.499198 5.605450 6.797160 189.986491 33312.180894
495 -13.211022 5.015882 22.657100 5.539943 370132.082871
495 -8.453167 4.012258 7.244122 344.471692 37837.253239
495 -12.949602 4.966007 10.719085 1.673700 82844.470132
495 -25.085489 6.911787 3.300008 218.161269 7851.960849
495 -15.778907 5.481729 6.703746 46.818213 32402.847919
495 -5.832237 3.332703 16.582617 173.845455 198268.736899
495 -10.397200 4.449767 6.850278 192.532218 33834.868175
495 -10.038850 4.372412 5.404610 1.056803 21060.896613
496 14.993301 -5.343523 4.444602 144.629140 14243.404015
496 -12.654546 4.909106 14.879254 40.195835 159628.483626
496 -11.702263 4.720783 4.301558 282.382576 13341.345654
496 -18.413404 5.921696 3.704057 19.759778 9892.441766
496 -10.653906 4.504364 9.201587 50.030438 61048.297204
496 -14.841968 5.316488 7.044462 4.235650 35780.276336
496 -15.586965 5.448286 3.239368 91.815341 7566.039704
496 -24.584118 6.842368 12.674205 203.782484 115821.586180
496 -11.907867 4.762073 6.178384 326.448762 27523.133248
496 -10.886244 4.553215 5.426327 329.133091 21230.488405
496 -16.018015 5.523107 6.492360 157.050886 30391.578340
496 0.974225 1.362099 11.903324 276.724550 102160.867809
496 -19.911931 6.157945 7.492894 196.260076 40480.633677
497 5.791350 -3.321001 4.764433 214.109556 16367.052212
497 -4.931346 3.064516 10.579194 358.705482 80696.223068
497 -17.675993 5.801910 9.766719 174.143598 68777.359687
497 -15.823444 5.489460 2.546467 287.832555 4675.456907
497 -10.047456 4.374286 6.776011 36.601676 33105.206865
497 -6.779759 3.593240 8.218187 286.986507 48696.770223
497 -17.586193 5.787153 3.595478 87.694976 9320.972601
497 -11.598516 4.699810 5.026634 350.115903 18218.077086
497 -6.245722 3.448819 2.825111 44.103316 5754.650726
497 -9.076674 4.157598 4.426062 334.836314 14124.826038
497 -12.055377 4.791478 14.210295 244.365506 145597.622164
497 -17.805608 5.823143 12.051322 181.989215 104717.058430
497 -9.718992 4.302191 5.667748 14.405478 23161.630599
498 4.759271 -3.010574 9.672733 74.401943 67460.028070
498 -14.161795 5.193238 5.518265 277.303933 21955.998600
498 -17.417617 5.759350 16.001543 55.823812 184617.057424
498 -13.328557 5.038145 2.347958 88.759502 3974.924252
498 -7.423716 3.760017 11.170096 215.892722 89962.583588
498 -26.260754 7.071844 5.226659 282.621742 19696.831084
498 -17.099134 5.706452 7.681675 214.052584 42546.119534
498 -16.110011 5.538944 5.852582 277.569169 24696.940580
498 -17.380564 5.753220 11.343040 354.286042 92769.881415
498 -24.465380 6.825824 13.899396 273.379939 139296.408941
498 -14.681528 5.287675 3.865074 65.889481 10771.191090
498 -5.791642 3.321085 9.023398 249.967150 58706.788439
498 -3.018154 2.397451 4.854269 239.646315 16990.094920
499 -17.264838 5.734035 5.055000 33.759313 18424.276200
499 -19.350559 6.070519 5.872041 66.999890 24861.435240
499 -5.265655 3.166688 27.837740 292.863197 558748.069159
499 -11.031402 4.583471 3.646813 323.082042 9589.037990
499 -26.915934 7.159518 2.826111 140.338581 5758.728488
499 -9.889190 4.339697 6.061197 333.401893 26488.961190
499 -10.278656 4.424327 5.189309 45.513611 19416.328207
499 -23.866218 6.741723 9.522467 53.338101 65380.318832
499 -14.599004 5.272793 9.976540 345.231103 71764.220633
499 -12.095427 4.799430 4.911167 19.408207 17390.716367
499 -14.049647 5.172634 2.335071 13.528549 3931.407592
499 -13.425825 5.056495 5.068754 47.988882 18524.669600
500 -12.585036 4.895604 4.975733 262.926738 17850.984838
500 -12.062218 4.792837 13.553937 85.434636 132458.243859
500 -15.708402 5.469468 3.039814 30.316228 6662.576342
500 -16.203787 5.555042 3.571285 242.823249 9195.958664
500 -12.267141 4.833378 3.790641 58.639480 10360.325886
500 -13.493010 5.069131 5.577849 226.716165 22432.703789
500 -10.973602 4.571447 10.547125 89.083890 80207.735279
500 -16.855193 5.665601 7.365127 201.235200 39111.870181
500 -20.111316 6.188699 5.122937 332.671340 18922.833251
500 -6.715219 3.576096 25.156272 43.947553 456289.673751
500 -17.242498 5.730324 5.851234 198.252972 24685.559600
500 -18.397643 5.919161 6.793453 15.835674 33275.852571
501 -10.966214 4.569908 5.707243 195.817003 23485.552234
501 -7.408313 3.756114 2.944866 131.684974 6252.866598
501 -20.453303 6.241095 14.149517 197.442039 144354.823019
501 2.940607 2.366451 7.443992 156.261590 39953.968289
501 -7.770127 3.846743 2.642992 140.562157 5036.628302
501 -12.889231 4.954417 5.829846 238.039300 24505.421998
501 -11.529279 4.685761 6.800779 20.074755 33347.667318
501 -8.199764 3.951662 7.667360 310.659394 42387.698653
501 1.477642 1.677505 9.933928 24.367824 71152.489562
501 -10.289753 4.426715 13.900916 242.954360 139326.877210
501 -20.287229 6.215706 3.896742 73.020680 10948.417216
501 -2.209589 2.051327 4.625656 264.666517 15427.471165
502 -7.758436 3.843848 6.059994 290.462906 26478.446047
502 -19.254126 6.055374 11.251862 217.661111 91284.468234
502 -17.649806 5.797611 7.910929 169.029886 45123.524817
502 -22.147599 6.494451 11.187367 34.334030 90240.984396
502 -8.467933 4.015760 4.737342 119.851658 16181.451953
502 -14.887452 5.324628 4.107040 69.597900 12162.027638
502 -15.523089 5.437111 8.223131 138.028833 48755.373750
502 -16.881559 5.670030 4.709989 160.490649 15995.133647
502 1.692862 1.795519 8.038678 144.112804 46592.646202
502 -21.186427 6.351963 7.850570 215.438197 44437.580074
502 -16.661553 5.632962 8.318273 272.608763 49890.110122
502 -6.424726 3.497892 13.254079 80.617266 126662.252036
503 -20.792141 6.292579 5.219479 267.783713 19642.751277
503 -19.753102 6.133336 7.562564 299.785162 41236.923298
503 -18.471379 5.931011 6.621586 247.713316 31613.462366
503 -25.181206 6.924961 3.507895 345.960131 8872.400358
503 -12.939939 4.964154 8.934224 356.965589 57552.181032
503 -5.184649 3.142236 3.975069 314.132234 11392.981389
503 -4.073510 2.785246 12.641307 71.656375 115221.106991
503 -14.952743 5.336291 6.703823 318.192155 32403.593424
503 -8.384470 3.995921 3.611015 258.296381 9401.704878
503 -16.799951 5.656309 3.096162 282.347653 6911.865829
503 -16.001988 5.520343 4.572953 327.282026 15077.920697
503 -14.324064 5.222906 5.729729 292.245756 23670.976360
504 -10.139874 4.394357 19.468018 17.455326 273269.749942
504 -10.872198 4.550276 12.853363 43.119117 119119.153518
504 -18.576302 5.947832 12.043075 303.396539 104573.783622
504 -18.443551 5.926542 5.559694 280.768112 22286.907801
504 -15.457944 5.425690 7.473256 190.605522 40268.716021
504 -4.375935 2.886786 9.233404 344.682204 61471.202000
504 -12.167049 4.813619 4.040670 2.439341 11772.127086
504 -15.352302 5.407118 11.634227 254.392992 97593.998244
504 -21.143616 6.345542 8.367621 150.707703 50483.807799
504 -12.387332 4.856998 4.569472 260.634383 15054.977696
504 -16.761083 5.649762 4.868350 316.297040 17088.805898
504 -9.748816 4.308787 8.374540 222.477080 50567.321466
505 -14.921426 5.330700 15.421846 156.202269 171482.884071
505 -14.550880 5.264095 4.644880 201.080317 15555.966888
505 -11.981200 4.776714 13.138033 191.205355 124453.975006
505 -4.081674 2.788035 5.860888 210.760138 24767.090010
505 -2.885636 2.344228 12.741492 29.689229 117054.641374
505 -18.047758 5.862606 12.904762 47.210688 120073.749168
505 -10.614703 4.496069 5.926467 186.428568 25324.440420
505 -16.983403 5.687108 7.289402 106.495114 38311.742080
505 -8.004198 3.904254 12.398411 42.294703 110835.823387
505 -17.025791 5.694200 3.914635 153.412735 11049.191955
505 -12.314188 4.842638 2.595502 284.753719 4857.252875
505 -8.987908 4.137218 6.709188 126.232835 32455.477502
506 -3.219357 2.476074 10.656801 205.604067 81884.521895
506 -24.730075 6.862649 11.384805 154.278903 93454.289762
506 -3.323225 2.515701 10.698956 156.132499 82533.613502
506 -12.637472 4.905793 3.434067 344.444915 8502.872889
506 -19.357044 6.071536 6.913303 3.091301 34460.317828
506 -15.608834 5.452106 19.684617 323.896371 279384.310142
506 -9.151266 4.174646 11.369360 186.923833 93200.902398
506 -15.442457 5.422971 1.480575 245.607870 1580.551538
506 -15.943797 5.510297 2.489042 345.464605 4466.964322
506 -7.714568 3.832965 3.854599 342.878950 10712.886373
506 -15.563767 5.444230 7.271857 51.693957 38127.532494
506 -10.663549 4.506402 7.755204 251.367145 43364.514113
507 -12.416461 4.862706 3.208354 171.290143 7421.857876
507 -26.898186 7.157158 2.855053 302.155829 5877.279529
507 -15.186193 5.377786 10.190906 226.966627 74881.342776
507 1.542390 1.713863 5.958771 130.564177 25601.269659
507 -7.061190 3.667060 5.648986 283.328591 23008.544363
507 -12.863498 4.949469 6.591585 284.449420 31327.645106
507 -13.917053 5.148168 18.573317 343.665302 248729.325762
507 -25.292395 6.940233 3.178025 324.510508 7282.202178
507 -11.147151 4.607454 6.106574 307.730411 26887.057920
507 -12.101214 4.800578 4.020557 91.360913 11655.222481
507 -10.034006 4.371357 5.657214 1.065767 23075.616957
507 -23.691504 6.717001 6.883659 255.597690 34165.416549
508 -4.190915 2.825098 6.446450 1.467584 29963.273533
508 0.643358 1.106893 6.780343 162.379215 33147.544321
508 -17.491792 5.771600 7.869595 355.586689 44653.229219
508 -11.914816 4.763463 9.738702 130.476634 68383.324091
508 -0.982588 1.367933 8.189492 138.412283 48357.298439
508 -10.156315 4.397918 5.492487 266.759494 21751.343870
508 -8.064040 3.918821 3.856393 181.342882 10722.859495
508 -20.266260 6.212493 8.182970 200.509444 48280.303829
508 -15.681988 5.464868 7.981884 189.686174 45936.606119
508 -21.860268 6.452185 5.451008 87.061972 21424.055380
508 -19.816296 6.143139 6.287085 6.915571 28500.123070
508 -20.212641 6.204269 3.620734 238.854229 9452.382302
