1 22.313346 8.567347 2.769576 13.629580 5530.630072
1 1.379562 6.176307 9.685468 117.951772 67637.776327
1 26.263545 4.235766 4.823543 167.192882 16775.689812
2 18.866630 3.028723 8.247441 32.934632 49044.075943
2 10.518318 2.133926 7.488842 251.783957 40436.858387
2 15.436661 13.332238 3.409374 122.270553 8381.030954
3 19.891930 11.615458 4.423481 303.230859 14108.354176
3 -3.049408 5.527379 10.241382 17.619058 75624.969954
3 18.181057 1.243033 4.313892 197.887445 13417.963826
4 20.083308 5.276007 4.670737 12.059782 15729.641716
4 8.908125 9.190604 4.589277 270.604447 15185.761411
4 12.786888 14.038941 1.998210 47.388815 2878.925343
4 26.483080 0.783874 4.483083 318.158248 14491.108581
5 29.877481 3.916878 9.707488 288.677847 67945.675549
5 25.126903 -4.342859 9.491597 242.299382 64957.106762
5 18.388827 5.681608 4.234014 96.321250 12925.658541
5 18.595351 0.943245 2.680743 241.277907 5181.535168
6 15.053353 3.999518 4.850210 186.465475 16961.694606
6 23.744608 14.422471 7.683760 196.128175 42569.219548
6 17.672693 3.089824 4.367253 333.058198 13751.965764
6 22.918315 2.252542 11.572488 281.883312 96560.960746
7 14.510030 -4.821042 7.023644 324.756927 35569.118412
7 18.153846 2.606425 5.019243 6.298264 18164.541296
7 18.412248 7.676858 4.063539 55.158357 11905.757809
7 20.711468 -0.651262 2.273391 123.919942 3726.459926
7 -2.688354 9.613280 3.139894 188.975397 7108.499796
8 31.180847 12.629334 8.443681 35.539570 51405.756354
8 22.803895 -1.977212 11.103292 209.655333 88889.728766
8 14.998357 9.899048 8.478767 238.186333 51833.847854
8 10.283754 4.868671 5.517738 211.601712 21951.805083
8 22.475534 1.920114 6.979086 332.569475 35119.247166
9 11.371646 3.194520 6.492142 193.732711 30389.536570
9 18.602351 0.252587 12.000199 63.663295 103830.512760
9 26.347496 7.767664 5.907149 216.392894 25159.610151
9 12.084482 -10.462241 6.530293 188.878319 30747.751693
9 15.986826 4.392244 2.810615 193.045416 5695.750152
10 17.002565 5.564381 11.983474 133.498797 103541.278786
10 -11.498132 1.166223 14.033301 293.395924 141993.265053
10 11.100064 1.640038 5.247818 4.246977 19856.633592
10 -0.253262 -1.652369 7.636772 265.551055 42050.170239
10 12.135190 15.507013 1.355832 157.681111 1325.439184
10 14.481748 10.861509 7.061515 245.613739 35953.725955
11 21.036600 18.086640 16.342467 185.594829 192567.634774
11 24.192822 6.963146 4.552929 182.895139 14946.163727
11 18.163418 9.341583 10.239305 237.279525 75594.291226
11 26.853162 -0.553237 14.156572 65.141198 144498.815290
11 6.152808 8.635237 5.043304 271.209918 18339.113831
11 18.907412 18.613821 6.479738 167.801481 30273.524036
12 10.665206 2.622453 5.237727 13.106408 19780.340787
12 5.860748 4.572417 8.293834 312.118572 49597.385316
12 29.873603 12.262943 4.722186 309.658677 16078.082936
12 16.702334 -3.146318 3.213412 103.459290 7445.278055
12 17.595688 5.620066 7.160369 73.132787 36967.395694
12 19.971936 0.431608 10.389527 214.208901 77828.676483
13 13.751087 3.091419 5.230495 95.781809 19725.757608
13 16.871214 5.733972 2.367408 260.420426 4041.050773
13 23.116737 4.911592 21.608615 22.070318 336668.080755
13 21.995271 4.857997 4.589603 262.469287 15187.918511
13 14.430289 6.294137 6.167607 37.304991 27427.195108
13 20.413617 10.577268 4.856778 286.995270 17007.660999
13 23.321423 -6.390455 6.737767 85.171035 32732.564444
14 14.437012 1.744011 8.645234 94.077798 53889.182931
14 12.337059 8.783823 5.218334 28.185074 19634.134869
14 20.240369 1.130253 6.036693 32.440811 26275.215014
14 1.537253 -6.058011 4.604787 173.281353 15288.580631
14 23.839172 23.818230 11.241118 231.725520 91110.217774
14 11.741863 -8.754005 8.476981 164.856094 51812.020027
14 18.683657 5.353116 6.167395 95.429308 27425.315152
15 -10.415623 13.195859 8.065128 244.506340 46899.760110
15 14.092594 -1.291870 8.455256 192.900341 51546.780967
15 9.531786 5.288238 7.313027 203.285190 38560.482523
15 3.240789 -4.082341 5.163645 289.028023 19224.752297
15 21.678236 -1.216852 2.559302 358.976534 4722.709444
15 14.631584 9.057017 4.901986 66.278658 17325.754599
15 -12.677061 4.780265 5.931805 254.446846 25370.081261
16 16.286602 14.008879 9.461091 114.324556 64540.234252
16 9.311708 14.839791 2.391050 3.172992 4122.166102
16 14.068206 7.686299 3.611346 31.657645 9403.428226
16 21.394349 4.957237 16.823069 244.620089 204060.297112
16 20.036280 2.287951 2.683277 102.747998 5191.336707
16 18.556966 6.377402 15.881667 216.167322 181861.290655
16 -6.961216 10.845087 3.516557 317.795013 8916.272040
16 10.420103 -15.581607 4.801634 229.408696 16623.644812
17 11.896328 -9.066680 17.356646 184.338073 217209.930762
17 13.344438 5.829761 3.428844 261.533488 8477.024550
17 5.501845 -6.561380 23.633104 314.887237 402707.394243
17 24.640501 -2.855469 12.803457 163.574890 118195.938121
17 17.501170 13.446506 6.721198 346.031685 32571.776345
17 21.659890 7.813271 7.349422 150.129519 38945.242255
17 -3.733154 -1.817129 9.410918 99.482458 63857.525636
17 8.367601 6.837607 7.604342 46.483855 41693.783490
18 20.702272 22.134428 6.014381 254.695849 26081.345833
18 17.867107 -5.922998 10.929992 213.779221 86136.615059
18 17.258431 -6.044928 4.312493 239.904458 13409.263113
18 19.875922 -4.354854 3.456078 115.926054 8612.222210
18 28.630686 -1.440459 26.699959 316.693008 514007.267672
18 17.635697 -5.742096 6.726488 186.855669 32623.070231
18 14.896670 18.440933 12.970869 252.028375 121307.106411
18 3.797662 2.373339 26.766501 177.508712 516572.479970
19 15.863027 6.832566 4.169613 72.828961 12535.439813
19 13.892669 10.514543 10.589577 127.085998 80854.706270
19 14.655324 15.178823 5.370120 257.722092 20792.946164
19 11.518899 -0.106753 13.089334 344.838797 123533.050570
19 19.610515 11.121527 2.812330 142.302181 5702.701734
19 15.432522 19.760156 5.336752 358.078368 20535.353531
19 11.041364 -11.422449 3.087708 229.932066 6874.173488
19 7.335874 1.243406 5.895271 125.058890 25058.527942
19 12.479530 -8.472252 7.191874 75.606631 37293.419781
20 17.890076 20.996671 5.685054 18.163134 23303.294824
20 17.004357 2.582326 11.494672 302.959000 95266.733843
20 27.345785 12.807636 5.767104 354.027018 23980.794516
20 15.749231 8.466902 3.776141 2.317096 10281.215739
20 20.980558 -3.334110 3.936527 288.743258 11173.121317
20 23.808641 29.198790 5.381347 233.448964 20879.979419
20 25.333961 3.391241 4.381227 167.824129 13840.113679
20 16.311339 10.928056 3.675792 172.317096 9742.038530
20 16.002427 -2.108634 9.251316 208.818299 61709.930750
21 22.943011 -2.867157 11.287706 301.837631 91866.986961
21 16.018669 7.020455 9.869250 107.779051 70228.983608
21 10.694091 2.009883 5.212829 328.676733 19592.730989
21 21.468540 4.104210 22.515257 24.522923 365512.210186
21 2.970681 8.871984 2.362096 234.510203 4022.934801
21 29.673712 10.488749 3.669252 68.539020 9707.403793
21 20.625462 18.012829 5.394354 316.355126 20981.036508
21 -1.889234 11.479910 5.405754 155.064619 21069.813863
21 16.326839 5.633753 6.676533 158.077102 32140.315161
22 11.377854 11.593322 7.755437 196.734445 43367.121027
22 14.431636 3.490678 7.603895 15.646962 41688.881979
22 14.969075 -14.386741 9.832228 278.848345 69703.078336
22 0.634410 -13.836056 10.479349 229.642864 79180.217774
22 18.964584 -5.436411 2.008379 225.007189 2908.302509
22 11.246006 9.419540 7.219179 3.705743 37577.136290
22 17.494169 12.244330 5.614559 218.779690 22728.952467
22 12.878042 13.907095 2.086801 161.604775 3139.860356
22 25.886047 15.241233 2.175218 211.689863 3411.566066
22 17.717909 11.213918 9.744386 264.861679 68463.173427
23 19.069027 9.370949 8.356756 166.499739 50352.791326
23 14.878977 11.210909 10.109506 128.653643 73689.895559
23 6.978643 -13.462092 9.139402 35.855661 60225.940790
23 9.326433 12.525654 4.975054 138.196375 17846.111767
23 1.612437 2.041304 9.555670 321.179443 65837.051801
23 1.841139 8.362309 9.221889 333.049200 61317.986209
23 23.507310 8.266846 6.842156 220.826063 33754.677334
23 17.765705 27.808267 4.545921 173.646712 14900.194388
23 24.817340 31.364951 12.908894 252.591365 120150.661125
23 20.505220 11.620736 7.490409 60.990687 40453.787210
24 14.375160 17.249351 4.216148 128.884039 12816.804012
24 -0.823724 3.157105 8.035093 157.414912 46551.099222
24 0.504166 -10.835721 3.720242 83.272135 9979.081104
24 22.137026 13.434834 12.979792 65.496864 121474.051401
24 6.698560 17.892368 6.092178 206.125848 26760.435412
24 15.133566 -0.554475 2.734868 163.007517 5392.881559
24 15.283120 15.465868 3.542976 231.902161 9050.747386
24 12.496038 9.185361 18.056449 160.148437 235078.419702
24 21.083226 16.075046 7.494624 28.969201 40499.321899
24 22.281093 1.385612 6.160554 26.654558 27364.504144
25 15.253760 11.125916 4.439718 182.715749 14212.118282
25 22.730916 12.317379 13.108575 324.156665 123896.496633
25 5.068138 5.204753 7.862015 239.561061 44567.245207
25 13.064871 9.706653 7.178976 335.559122 37159.770843
25 18.840209 -3.957237 3.060711 324.076109 6754.493112
25 15.590046 -5.693674 4.221577 252.119968 12849.830922
25 16.061532 11.353534 4.679108 287.278740 15786.077929
25 13.206021 12.279130 7.168535 279.505119 37051.762255
25 11.026865 16.468647 10.402513 86.038735 78023.346105
25 11.163459 7.446313 3.270355 209.358200 7711.483930
25 22.657700 12.223670 17.651007 220.799141 224639.969712
26 7.847465 3.928640 3.880602 30.530934 10857.912422
26 6.962788 -2.619313 6.974322 333.779018 35071.317978
26 -9.884017 2.468663 4.765083 350.485619 16371.523443
26 7.998500 -8.062907 6.492595 249.774933 30393.781852
26 11.807154 5.072107 8.119084 47.369153 47529.377343
26 9.225155 0.448908 8.227707 43.239139 48809.655350
26 11.293540 0.576294 6.975363 184.229189 35081.787507
26 23.871044 2.740955 8.715313 241.864224 54766.381103
26 2.081400 1.757977 3.858855 286.455165 10736.557953
26 9.474441 15.699033 4.620784 48.520349 15394.992384
26 17.363526 5.262527 5.199993 145.825391 19496.363867
27 22.289051 3.236113 16.449135 195.521571 195089.645405
27 26.607671 21.498191 4.243140 194.197287 12981.440266
27 21.418365 14.402289 6.178233 180.994160 27521.784292
27 10.361039 0.573319 9.202999 226.541718 61067.033998
27 3.149985 18.361508 7.992471 314.604656 46058.550124
27 -0.648983 -9.178272 5.752739 339.426826 23861.480164
27 12.888717 2.366935 10.479336 202.484453 79180.017227
27 19.561073 18.244392 9.838725 97.586100 69795.222198
27 15.535626 -2.472714 30.394693 285.425530 666106.388180
27 9.121574 12.421212 3.233876 253.454738 7540.406631
27 -0.883352 16.867816 7.680802 315.238611 42536.445734
28 -19.507026 13.521059 3.942981 44.847763 11209.791828
28 12.124385 7.071353 9.802202 21.822637 69278.009679
28 7.408764 -10.522081 4.893809 88.860644 17268.001230
28 19.147008 1.866829 4.510212 269.054913 14667.021877
28 15.232454 11.839266 7.918053 218.323955 45204.835303
28 12.720114 7.443928 5.960770 19.174249 25618.444560
28 8.626911 6.438562 7.527814 75.722278 40858.819694
28 11.085605 7.823539 10.365464 105.663692 77468.580910
28 23.475855 7.709950 7.752566 66.954995 43335.017500
28 14.615948 2.949303 3.037572 270.878202 6652.749392
28 21.665732 12.608130 11.389943 225.108022 93538.658520
28 10.051927 -9.338583 18.787690 31.464577 254504.127308
29 9.493196 -5.583333 6.856295 317.882859 33894.331190
29 5.064420 2.818380 2.217271 317.347210 3544.748591
29 24.988718 6.610528 12.957975 244.173859 121066.040553
29 7.612478 9.061118 3.041296 49.245268 6669.074454
29 15.789790 16.819052 5.061320 4.038773 18470.370582
29 35.427854 3.106555 11.671005 237.479518 98212.010728
29 -1.568691 -10.432254 8.264263 68.830278 49244.345307
29 17.260626 7.554147 5.342894 281.527131 20582.645742
29 5.317339 -0.160941 4.547040 230.350275 14907.528010
29 8.936946 3.126963 6.259859 206.342397 28253.823602
29 21.431637 3.104650 2.368387 182.097744 4044.392742
29 23.649694 7.976263 5.926393 264.866116 25323.802969
30 0.479653 1.747129 10.386760 359.199367 77787.226046
30 19.312743 2.524711 8.359378 106.652776 50384.388073
30 7.301375 -11.523902 3.487216 352.418944 8768.105443
30 8.451464 18.397748 3.843509 265.248563 10651.330934
30 22.863857 14.161484 7.901508 35.093129 45016.117962
30 25.182443 16.269237 5.438775 234.389531 21328.009141
30 14.340987 5.112855 14.099511 208.358208 143336.294767
30 10.148677 6.580518 3.857173 143.484809 10727.200639
30 15.757392 7.170023 6.915723 30.638441 34484.441640
30 23.256795 14.408072 4.749743 81.455689 16266.284537
30 16.586020 16.032406 4.197028 339.656571 12700.821779
30 15.952988 10.241681 7.443410 211.465580 39947.717834
31 18.020959 -9.643136 9.405022 114.020850 63777.526157
31 13.611211 13.895986 6.511715 11.336318 30573.057866
31 11.528519 8.711591 6.560912 192.150999 31036.771544
31 -0.750605 0.839090 5.428263 69.797259 21245.643932
31 2.799290 6.620766 4.840987 310.233876 16897.242079
31 7.177799 4.945411 9.854473 175.212438 70018.840509
31 8.839058 5.563191 7.937746 238.013918 45429.977071
31 8.317930 2.918875 3.028134 160.546580 6611.471700
31 11.523338 9.978384 5.781349 27.735156 24099.410510
31 8.520163 4.194655 4.855931 232.307024 17001.726993
31 21.051466 4.944993 2.124415 302.749310 3254.070328
31 18.052694 -3.266174 2.428401 308.543870 4251.958082
31 -21.029517 16.075681 21.710215 296.642123 339841.415785
32 18.528363 8.740164 2.463535 343.641727 4375.880519
32 21.690883 8.632819 6.661155 142.938072 31992.423950
32 -3.860506 -3.878787 3.266712 48.315244 7694.312653
32 5.155095 -1.222056 4.566269 25.292505 15033.876324
32 22.721500 9.452214 15.496272 285.004730 173142.051168
32 2.973165 8.452429 13.172866 228.374510 125114.788253
32 17.100029 5.333115 11.610789 306.980138 97201.187078
32 14.891627 0.122166 3.688323 52.514460 9808.575181
32 5.280932 6.893309 7.726373 21.007458 43042.692812
32 16.738066 6.354250 3.981980 306.682297 11432.632601
32 13.420133 15.073159 13.147190 219.883315 124627.516462
32 8.882789 10.403219 3.152381 28.585909 7165.152375
32 -19.843931 -13.879388 6.671009 212.992606 32087.151360
33 8.368752 3.469541 7.834416 299.105780 44254.900586
33 8.090474 8.420930 4.337174 113.815157 13563.184466
33 -9.025244 7.627403 10.153946 271.778163 74339.173950
33 -6.365147 -1.862231 3.775948 113.227113 10280.163300
33 10.872157 -1.004383 4.279711 186.047300 13206.172857
33 13.660849 -2.952678 3.113809 237.092499 6990.881809
33 15.052326 24.343396 6.634368 225.287881 31735.637752
33 7.373518 12.264334 14.405659 45.393029 149628.510015
33 17.788391 13.410807 9.847332 102.704957 69917.393687
33 20.494059 15.549035 15.066111 81.710247 163662.953625
33 12.280055 -3.837841 2.487015 1.866517 4459.693654
33 7.238980 -6.766408 9.551608 296.629821 65781.086021
33 17.799299 3.265307 6.187331 8.329023 27602.903371
33 -15.537241 -15.977523 13.950298 140.858794 140318.545212
34 9.305843 -11.205657 5.766521 185.721913 23975.949745
34 16.031512 -11.483360 8.946538 99.818891 57710.932219
34 15.083266 -0.243645 10.425364 208.422928 78366.512863
34 8.588856 8.840259 3.061013 238.313286 6755.826927
34 16.162787 -0.827997 8.541272 215.546118 52600.903145
34 0.618198 -4.195501 9.745690 102.316916 68481.499149
34 22.933058 0.528295 12.558553 280.289950 113717.489014
34 -17.442956 4.027726 6.098314 321.664432 26814.372789
34 -9.231157 13.712757 4.267397 80.172386 13130.285552
34 14.796147 3.726269 5.202662 118.372486 19516.379062
34 0.549362 4.709173 7.234359 319.399342 37735.332500
34 12.514063 13.371501 4.600295 156.678188 15258.769075
34 10.189748 14.418741 13.200064 254.063220 125631.966961
34 -23.392974 -2.037975 5.840987 340.746669 24599.176217
35 15.130592 -1.723560 15.528340 131.603741 173859.373103
35 6.111698 10.686985 11.438191 11.674088 94332.804973
35 17.429150 -3.486389 5.299002 136.494703 20245.863768
35 24.115549 2.434696 2.629064 170.815607 4983.681351
35 11.507785 -8.323135 6.657031 143.678279 31952.823716
35 9.785000 5.083840 6.558375 107.324202 31012.767048
35 7.614282 8.939315 6.240147 87.966597 28076.157965
35 2.865212 5.531157 6.712096 263.145865 32483.621970
35 14.242677 -2.386041 11.714740 262.193705 98949.444576
35 12.651146 8.115847 5.015086 205.120631 18134.466484
35 10.236183 6.085615 2.438022 335.994200 4285.716165
35 16.750649 -4.456450 2.678961 138.370389 5174.649844
35 18.271681 -2.114906 1.988490 141.635644 2850.985669
35 -25.072669 -7.140524 3.981453 130.036377 11429.606799
36 9.297189 -2.125707 9.006702 12.981833 58489.741695
36 16.056487 15.678812 2.811622 307.034289 5699.832081
36 7.280373 2.553769 4.720168 199.132352 16064.344537
36 7.195944 -3.048387 3.716182 212.346037 9957.307427
36 14.704501 9.237334 8.608906 220.984950 53437.243065
36 5.686910 11.332813 4.587926 18.774606 15176.825821
36 10.973573 -0.382141 13.676352 245.434957 134861.687749
36 9.292628 15.653748 6.931092 106.966707 34637.887015
36 22.295902 6.155933 7.396034 84.111090 39440.811785
36 6.724494 14.215471 4.760264 172.869286 16338.421987
36 17.275898 9.313443 2.978090 113.705355 6394.752393
36 11.836925 -10.303886 10.439112 144.623169 78573.328856
36 9.103234 3.260110 9.269886 94.615626 61957.925849
36 -7.168969 5.251058 3.334196 312.018899 8015.493928
37 -5.465551 6.032562 2.978654 60.314239 6397.173131
37 16.411812 4.346383 2.906906 55.490215 6092.703377
37 7.342347 1.448659 7.156184 25.224849 36924.200263
37 19.205254 -0.527305 10.030497 95.819549 72542.579286
37 12.630967 3.689668 2.991598 228.915538 6452.895049
37 7.824193 -8.027180 7.504468 282.175740 40605.787835
37 9.468834 14.762591 17.187658 184.180599 213000.931910
37 11.331212 4.965357 2.262892 210.333016 3692.119347
37 8.496052 4.689069 4.108133 226.361216 12168.501706
37 25.890683 4.402168 4.223479 177.993429 12861.417855
37 19.268902 16.224628 4.676206 90.499985 15766.498972
37 0.680154 6.415779 15.554356 1.869070 174442.435126
37 13.228645 2.825226 4.731180 251.083197 16139.383524
37 -19.929218 -15.072784 3.644210 133.008705 9575.352887
37 -6.379920 8.243824 8.445469 51.990178 51427.527578
38 15.404226 5.976209 4.149849 115.180715 12416.883928
38 20.331690 17.194553 7.735294 197.040992 43142.142358
38 11.434082 5.164334 9.047815 43.763938 59024.932421
38 14.285918 -12.819862 7.966730 332.290624 45762.342812
38 19.915047 15.995658 9.101744 132.982171 59730.653621
38 -7.096025 -13.484891 11.755048 199.438649 99631.547999
38 1.339294 1.762951 1.887253 14.290302 2568.079992
38 26.467772 13.483983 4.054830 249.554498 11854.776034
38 2.094804 9.037777 8.930668 6.778701 57506.365127
38 5.649652 8.576374 5.301494 250.338401 20264.905550
38 8.926228 3.755429 6.702538 288.140522 32391.166932
38 13.119079 11.198997 3.976957 242.142066 11403.806425
38 20.753276 10.908370 2.854934 324.731745 5876.788656
38 5.518551 8.494879 2.817416 56.112048 5723.345874
38 -8.236803 -16.587114 13.561078 217.026269 132597.848391
38 -26.517494 -14.819580 7.272369 82.637219 38132.906824
39 33.685771 12.240765 6.335374 266.154411 28939.600285
39 18.563787 9.701031 4.577816 290.176400 15110.010240
39 6.351515 17.171061 6.271062 225.415921 28355.043865
39 -8.159143 15.833650 7.549354 104.302495 41092.977967
39 17.452158 -10.047079 3.608750 226.621748 9389.915566
39 11.314824 10.766037 2.630466 110.801688 4988.999244
39 17.039692 11.276794 15.753811 144.403718 178944.903083
39 20.253297 7.136211 9.047762 189.226361 59024.236133
39 13.441026 6.490356 14.832981 321.537052 158637.178621
39 11.204273 10.542937 1.295361 163.348433 1209.844644
39 19.184605 15.025848 4.731394 69.684519 16140.848555
39 18.761730 4.820404 7.416696 116.202296 39661.490153
39 9.234433 12.390098 5.673888 284.215562 23211.837841
39 20.964326 3.165236 2.798895 149.156836 5648.347648
39 -21.194614 -23.860480 3.682431 31.717466 9777.261446
39 -18.656199 -13.903318 6.595875 247.386887 31368.442315
40 14.988027 13.004220 7.714690 263.313151 42912.617114
40 15.662151 -6.588112 22.242790 169.216952 356719.284733
40 9.031158 -1.285864 2.502158 322.840848 4514.166190
40 20.719910 14.229455 5.828585 5.247973 24494.828980
40 15.414415 -3.406948 10.799701 294.027412 84095.257628
40 -0.070437 11.716988 3.044675 47.812176 6683.901776
40 17.116320 4.113891 30.482183 301.963143 669946.646814
40 -5.149937 1.043707 4.795892 106.453923 16583.908525
40 16.294841 20.119815 9.648855 38.479697 67127.365898
40 4.710253 -2.240525 12.219409 137.030401 107658.543538
40 2.851479 9.576765 9.485939 193.194914 64879.678547
40 4.242822 8.941865 12.324206 290.373736 109513.066142
40 5.600738 0.708157 9.932142 350.639636 71126.901404
40 8.622895 14.605247 15.714805 119.838040 178059.871369
40 -23.306631 3.121267 8.959423 194.670156 57877.280551
40 -18.381809 -9.794181 4.071684 63.584503 11953.529703
41 9.702846 -5.939520 4.158332 86.960338 12467.698610
41 1.732162 11.209919 5.019403 308.175197 18165.700809
41 23.406513 6.445722 5.263621 98.085041 19976.406174
41 10.325204 -4.517771 7.337491 283.296108 38818.902429
41 13.642699 -6.177649 3.359959 331.294661 8139.842695
41 13.604399 5.474592 7.154568 193.749776 36907.518356
41 22.628285 16.306222 3.498424 235.793095 8824.559215
41 8.652998 3.102336 3.090591 258.757576 6887.015563
41 19.492603 14.470372 5.145980 56.510183 19093.444713
41 19.779745 -2.556800 13.627939 184.127409 133908.582013
41 12.544219 -6.284398 4.608484 209.173834 15313.137292
41 21.946885 5.120837 9.227846 186.690332 61397.220844
41 12.194177 4.963652 7.257154 23.989680 37973.513063
41 19.246362 23.692884 3.581154 303.554428 9246.855754
41 -24.350518 -9.396160 5.219856 349.526742 19645.593173
41 -35.617048 -13.092372 9.480408 58.298157 64804.041175
42 19.298861 -5.697325 9.844588 322.737362 69878.435918
42 5.797167 4.804461 12.696387 339.179700 116227.355262
42 9.138061 9.711227 4.692761 256.984663 15878.331350
42 1.583305 -22.512146 4.002704 190.673300 11551.940131
42 15.906943 -1.318531 8.524685 143.351747 52396.795009
42 12.045814 -2.044251 3.875432 146.391290 10828.999674
42 15.387592 -1.681276 5.219665 105.762372 19644.154744
42 16.815016 17.544885 26.187656 299.090852 494471.566774
42 13.236909 -10.216633 5.434716 117.022687 21296.184008
42 10.358366 -2.665591 5.530280 120.049054 22051.710058
42 17.022846 14.070609 11.709068 262.240727 98853.659084
42 -14.553189 7.267986 4.567877 61.753605 15044.468514
42 16.068627 -3.723667 3.276932 286.783778 7742.532869
42 16.275315 3.316103 7.260798 104.494857 38011.650394
42 6.814602 1.441751 2.232370 351.686205 3593.192518
42 -20.400520 -7.725952 8.302940 256.030434 49706.345667
43 27.349521 10.614889 7.149388 233.823746 36854.104476
43 7.128014 1.659914 12.549523 221.102883 113554.022088
43 7.930151 -3.611968 11.231353 159.988964 90951.988801
43 16.695354 1.899697 8.754145 95.651291 55255.505047
43 15.593199 1.494020 3.321217 120.028541 7953.214255
43 19.150059 5.201860 8.204180 162.318162 48530.908198
43 1.775102 6.057219 4.632586 54.797302 15473.732074
43 26.756720 5.011888 4.686998 359.961413 15839.362266
43 13.205008 10.496983 5.803133 8.448254 24281.370047
43 15.667415 5.887072 5.473489 257.763646 21601.134095
43 5.233815 23.264617 11.724431 270.734602 99113.225349
43 0.769172 8.506068 10.628279 294.592379 81446.784190
43 17.281256 10.123983 11.148311 181.049667 89612.015506
43 4.709802 11.680140 5.034036 97.428623 18271.776060
43 -25.893845 -2.764728 8.312139 171.350769 49816.556815
43 -20.476275 -12.015164 4.281862 99.611087 13219.451986
43 -20.830865 0.583702 5.398482 268.913930 21013.162605
44 9.366813 6.883233 10.164348 22.390150 74491.576061
44 12.821072 0.418429 6.656310 70.908357 31945.902834
44 21.673873 -8.384515 12.451954 208.366749 111795.179195
44 12.712063 7.622994 15.141468 325.420659 165304.262777
44 15.740654 13.197954 3.445657 84.175597 8560.364751
44 17.649230 4.688864 3.369158 118.346276 8184.473260
44 -1.669749 6.218391 6.823227 228.038463 33568.176370
44 8.502911 6.804257 7.467201 36.893471 40203.493711
44 16.467028 2.275750 12.963598 28.893401 121171.137760
44 12.407715 4.745344 6.859358 200.487296 33924.619010
44 19.025909 -3.088270 4.931534 89.651984 17535.257747
44 -5.734878 0.283304 15.273630 37.481404 168202.561159
44 17.839629 1.649592 7.320117 355.092155 38635.281086
44 12.609089 4.278091 13.858831 319.612309 138484.531033
44 -14.043983 -0.653442 11.019300 291.567797 87549.985236
44 1.136575 -3.667705 7.206547 92.357034 37445.744686
44 -18.540470 0.883700 11.102567 306.392704 88878.116479
45 15.848407 11.857877 9.794678 170.795473 69171.685141
45 4.835760 -13.207604 17.405491 127.110627 218434.207149
45 10.662826 -7.743220 10.815880 198.465658 84347.413947
45 16.698704 4.626626 2.762566 56.114202 5502.669291
45 12.413893 6.889568 4.944997 254.381345 17631.131092
45 15.805632 8.706095 8.575808 210.953490 53027.136749
45 16.345640 16.836287 3.646942 307.338778 9589.715869
45 9.902572 -3.310031 14.666324 21.347123 155092.436620
45 -3.760989 -0.176688 3.368067 184.394337 8179.173407
45 2.814837 17.520949 4.510880 245.860177 14671.366818
45 10.644159 4.789791 7.270967 61.825527 38118.199664
45 15.806251 15.486499 3.047694 246.461475 6697.160914
45 10.095980 -6.335498 2.138996 299.549568 3298.892738
45 11.197870 8.777735 6.908344 291.557212 34410.896661
45 -23.996052 3.375332 4.540415 146.315700 14864.117797
45 -29.522690 -9.749585 4.281330 7.103117 13216.164078
45 -25.060125 -0.902270 5.642864 39.951671 22958.697425
46 13.721402 -0.809277 4.820457 125.299797 16754.233660
46 22.789251 19.915175 3.737210 126.987867 10070.317938
46 21.789640 10.962694 11.723386 251.455552 99095.553637
46 3.899934 -5.275188 9.447853 224.049710 64359.747143
46 6.628245 3.683724 5.949634 330.487454 25522.818641
46 9.201261 5.875776 9.306740 116.256768 62451.550282
46 24.334295 -0.856934 8.971109 312.048827 58028.362754
46 5.378899 9.927210 7.606518 26.495891 41717.648221
46 5.064834 3.181539 11.366939 204.957154 93161.214058
46 11.505968 6.851095 6.909772 196.743833 34425.127985
46 13.742598 10.601203 17.337954 219.423379 216742.344326
46 10.437251 -22.090910 16.741545 263.375953 202087.368267
46 18.056037 32.798820 12.661355 32.284454 115586.855080
46 11.687616 -4.138965 6.747449 253.621054 32826.705184
46 -21.558154 -12.785498 4.378953 304.433911 13825.746108
46 -23.764554 -7.899406 5.153569 311.710092 19149.797441
46 -26.848234 23.563070 6.902514 34.891801 34352.837182
47 9.793900 -0.559175 7.717621 83.017041 42945.228506
47 18.682355 8.346397 2.940010 0.152856 6232.262170
47 2.275343 4.633499 9.361698 140.227423 63191.299027
47 4.822925 4.881797 4.947617 277.439818 17649.818116
47 -4.961881 13.686634 6.229881 351.239245 27983.860289
47 6.114813 10.055521 8.154205 143.536578 47941.462947
47 15.902604 1.448727 3.260483 78.922616 7664.998571
47 17.364251 -1.978089 7.279728 275.436846 38210.113996
47 14.949930 5.370149 7.801627 187.419514 43885.239478
47 1.238079 -16.652902 6.929205 0.803881 34619.026981
47 15.339697 13.807045 4.551388 203.572997 14936.054196
47 16.036997 7.616845 4.458625 80.636195 14333.426168
47 16.109908 2.370243 3.557123 269.259546 9123.169010
47 16.269096 -3.538971 5.935935 195.051597 25405.421448
47 -16.035570 0.036371 8.074784 290.833849 47012.130283
47 1.663403 -5.730613 3.119741 14.185281 7017.541941
47 3.452847 10.706443 6.174415 101.524313 27487.785264
48 -0.026386 -5.394873 6.151039 298.844598 27280.042384
48 3.701735 0.735816 14.063141 221.248835 142597.764113
48 10.830403 -6.346003 11.698914 290.401724 98682.279634
48 9.698644 4.053876 3.879719 154.020755 10852.970526
48 6.876992 6.609476 3.904474 186.261553 10991.908025
48 13.304638 4.015242 16.234458 148.500078 190030.646493
48 3.768810 -14.670066 4.595266 263.102826 15225.423148
48 7.601818 2.143387 5.786371 230.329337 24141.295715
48 21.472760 10.020119 10.764242 217.334497 83543.950433
48 18.215609 3.718368 7.763388 126.604167 43456.089782
48 13.594979 -6.479012 4.464131 79.603088 14368.845907
48 5.515774 -3.831479 7.795879 189.226930 43820.590922
48 3.675912 4.763740 5.004543 152.407993 18058.303736
48 7.989451 -2.500168 3.463156 40.956368 8647.530880
48 -22.313632 -5.861384 10.655009 25.398887 81856.974309
48 -9.142217 -10.057194 7.627145 189.676699 41944.210792
48 -35.695589 -0.487393 4.779136 179.425975 16468.226964
48 -10.537568 3.183806 3.019926 66.114887 6575.681458
49 14.033952 2.765849 11.498716 91.862818 95333.762262
49 11.542401 3.208721 3.081035 265.804172 6844.495073
49 12.186577 4.938317 4.932854 113.287082 17544.645566
49 14.316242 15.507200 4.621459 330.174931 15399.487844
49 13.406363 -2.229344 4.188030 8.779091 12646.422945
49 0.587932 -8.771705 5.354770 170.032082 20674.250863
49 10.025177 0.525037 5.204728 82.261214 19531.880914
49 8.120575 7.741943 3.181611 136.947936 7298.642722
49 9.266664 9.249264 4.725478 37.025950 16100.505169
49 20.172940 9.279245 11.297931 299.823265 92033.499728
49 16.355011 0.092728 3.626880 61.742195 9484.502739
49 0.429034 -4.326622 9.163233 342.116590 60540.437978
49 11.472407 14.514610 9.990826 267.838761 71969.900421
49 15.582792 -7.733795 6.175609 238.275240 27498.415614
49 -18.597088 -14.036749 9.489137 182.469692 64923.432224
49 -33.986027 -10.998518 3.964773 112.914769 11334.039946
49 -12.007079 0.268362 4.500754 50.987011 14605.576662
49 -28.031550 5.423484 8.407901 207.874839 50971.008825
50 10.532047 10.541854 9.242919 346.967212 61597.968251
50 12.152488 0.692570 7.857620 139.916329 44517.429761
50 17.145992 6.620546 7.783085 146.762585 43676.878885
50 0.979232 15.009838 7.928282 0.592218 45321.708879
50 1.161162 7.480046 12.001548 76.332564 103853.857063
50 1.802815 -1.210509 8.641258 60.588123 53839.623896
50 4.996400 0.277518 12.568076 18.516341 113890.019344
50 7.706060 3.252000 4.742753 165.079559 16218.440210
50 20.749481 16.817544 13.513304 154.457418 131665.240363
50 8.191279 -5.880691 5.001154 188.824972 18033.854905
50 8.160283 12.327879 3.989284 34.523352 11474.610486
50 14.903482 10.522552 8.784063 279.346798 55633.823879
50 8.551978 -10.815534 4.348762 209.652199 13635.757968
50 4.994649 5.975656 22.544521 134.838826 366462.969310
50 -10.031574 -8.243058 3.337086 54.520518 8029.396242
50 -7.324162 -9.595571 8.044955 199.830970 46665.431563
50 -16.623724 9.363859 12.538038 303.734244 113346.267026
50 -23.465305 0.665478 3.565132 268.712569 9164.298160
51 16.591153 8.996650 9.434753 341.735664 64181.392022
51 12.324745 -5.062494 7.325611 77.389692 38693.302008
51 13.036106 2.778529 1.611795 329.659309 1873.128529
51 22.770157 5.402794 4.335312 64.609155 13551.541222
51 -4.716315 0.691922 5.673027 254.346144 23204.800985
51 9.461156 29.134198 4.719680 178.524611 16061.022851
51 18.995679 -1.607922 3.595412 228.717418 9320.633259
51 -0.163171 -5.169556 8.477173 301.629371 51814.357316
51 5.862991 4.970871 4.236631 135.431816 12941.640214
51 19.350612 8.603264 2.376261 189.228091 4071.331425
51 6.715635 1.987508 7.063802 70.193819 35977.015243
51 -1.476959 9.734677 3.353953 100.400632 8110.768756
51 14.848640 1.930545 6.176981 16.140035 27510.636708
51 9.099347 -2.609128 3.408275 120.138171 8375.626588
51 -21.868725 1.936829 4.798468 217.484393 16601.728351
51 -14.923489 6.481775 15.886161 74.276775 181964.228117
51 -2.728592 3.108145 15.338268 43.462074 169629.239241
51 -0.053232 17.140754 4.261454 284.319494 13093.739361
52 0.313464 -0.918801 5.064849 83.980172 18496.136609
52 1.759400 6.526521 11.915207 61.891377 102364.950749
52 2.172528 15.281207 7.990895 173.095726 46040.386371
52 11.248612 1.976480 5.739086 153.405005 23748.358274
52 16.228124 -9.432277 5.066441 9.899825 18507.769072
52 6.913733 3.822462 6.183663 289.609526 27570.188690
52 -2.603977 1.441222 6.931094 66.810386 34637.903176
52 20.129916 32.250935 5.093832 79.734991 18708.431327
52 -1.680374 2.932679 3.101848 137.091071 6937.277965
52 -5.916514 11.447496 4.877396 171.007750 17152.372160
52 15.239750 5.782266 1.854030 180.856812 2478.459012
52 7.616991 -5.395050 4.174793 205.571625 12566.604751
52 6.188127 -1.435012 6.282194 44.271935 28455.797417
52 6.563830 5.519026 16.856506 7.558146 204872.266959
52 -18.603114 -13.022090 5.074793 99.893863 18568.840665
52 -14.852324 -0.189604 4.772279 180.163213 16421.001802
52 -22.883088 -11.282981 15.138551 95.501440 165240.563367
52 -22.831918 13.227519 7.089171 146.206112 36235.891689
53 7.329846 7.205721 5.979120 339.578920 25776.419544
53 8.900854 -3.390113 4.329081 355.540050 13512.618434
53 9.254219 20.605800 18.373835 302.840378 243415.214401
53 7.437555 0.010910 16.681003 10.022335 200628.401843
53 2.186123 -8.690249 2.927980 298.230447 6181.361742
53 -2.459027 -6.274697 4.798690 228.929661 16603.266831
53 11.822826 14.403374 4.910827 79.421139 17388.307388
53 4.768281 -12.396611 9.009994 301.189286 58532.494176
53 11.481656 2.419741 7.916735 230.512862 45189.787020
53 -4.859585 7.155792 8.512822 8.655402 52251.065420
53 13.386860 -2.579801 9.071282 142.035977 59331.509932
53 7.056922 7.967088 5.804297 204.894119 24291.110428
53 18.012589 8.437029 7.464809 340.487240 40177.741316
53 13.296306 5.584862 6.867033 351.137787 34000.584209
53 -25.640252 -11.959411 4.514197 239.159777 14692.956213
53 -20.079117 -1.321641 7.109151 26.514992 36440.433108
53 -16.676120 2.339572 9.046635 289.259790 59009.537469
53 -28.706981 7.809182 9.054595 13.339669 59113.425228
53 -26.885149 14.759643 5.075309 245.122665 18572.616295
54 14.020981 2.990946 7.543906 136.917371 41033.692095
54 13.053721 5.855939 4.809871 325.390291 16680.728469
54 6.590784 -4.246449 4.191710 96.919283 12668.658569
54 1.147429 3.884865 7.708563 106.329099 42844.483818
54 14.125952 4.024998 4.912764 295.137046 17402.029059
54 -0.723410 -3.239188 7.896031 58.917537 44953.731117
54 9.557530 15.553966 5.363249 258.422568 20739.772847
54 7.859357 11.739359 6.501739 110.977540 30479.448287
54 16.395198 5.101346 6.935472 318.857274 34681.677031
54 14.155371 5.426757 6.648570 342.586785 31871.655190
54 14.756949 -4.923392 6.412785 38.957958 29651.146912
54 20.969710 -10.249886 7.126468 256.120165 36618.182539
54 11.211002 0.241843 13.698655 120.230261 135301.901704
54 6.015767 6.053115 3.501176 286.253514 8838.445693
54 -20.353718 -6.865986 12.930263 318.289963 120548.776237
54 -5.200567 -7.138461 7.271103 1.390496 38119.634282
54 -29.700807 -6.516363 4.194712 86.017564 12686.808952
54 -4.458940 -7.303177 5.309122 187.746498 20323.262212
54 -22.311641 -15.627257 6.651627 311.699514 31900.966060
55 17.644343 18.188754 9.112842 105.613167 59876.415277
55 11.550419 4.837591 4.127949 114.287107 12286.174817
55 2.542869 5.374676 2.439916 63.196814 4292.376338
55 12.764663 5.132763 11.942717 182.844897 102838.178078
55 13.826734 17.359147 7.589199 67.874330 41527.900149
55 7.360233 11.681170 9.289111 225.005601 62215.184368
55 5.696177 -10.843251 6.384337 50.799571 29388.650185
55 15.468206 -3.703492 6.331512 238.273150 28904.331624
55 15.014449 17.935541 6.224865 127.615261 27938.812156
55 4.302853 -6.224281 8.463396 214.311342 51646.082681
55 5.578424 -3.786306 2.544534 24.125345 4668.362933
55 13.882140 4.420595 7.975715 310.659552 45865.631382
55 2.936977 12.976390 6.891162 68.675426 34239.939317
55 -14.681735 -2.320452 5.206109 39.293125 19542.247948
55 -25.496961 -10.146993 8.039104 87.137469 46597.581123
55 -22.293445 -12.680097 6.527247 309.724761 30719.074016
55 -24.523711 -5.276227 12.640246 267.260638 115201.762208
55 -41.030385 1.035594 7.809696 60.165541 43976.062274
56 14.995174 6.194920 10.441920 56.637179 78615.614458
56 8.887148 3.375737 6.023359 148.883503 26159.268852
56 -17.496343 10.044358 12.937864 68.349183 120690.547899
56 3.463076 18.981057 7.257624 234.642536 37978.433159
56 16.097044 6.148280 6.495348 55.411299 30419.563413
56 8.207107 6.703730 7.613755 53.887672 41797.074540
56 16.577690 13.204328 4.337922 294.678375 13567.864270
56 15.678141 12.867498 15.010353 190.469209 162453.812354
56 -1.789584 11.752647 9.314367 342.860228 62553.950337
56 12.061531 21.549652 14.352236 15.590222 148520.784117
56 19.068854 -9.666869 5.790936 65.576358 24179.406184
56 6.138184 -0.606301 3.176115 78.353390 7273.451823
56 11.898402 3.564971 6.768967 355.740382 33036.413172
56 -15.238687 8.043902 11.107464 316.967339 88956.546169
56 -11.668728 -5.473079 4.209373 195.731481 12775.645709
56 -14.021146 2.864653 1.887849 79.752813 2569.700134
56 -17.292016 -8.679445 4.296578 169.519449 13310.473518
56 -15.032905 1.691830 3.513545 28.022856 8901.007379
57 10.519144 12.188562 7.742131 236.261001 43218.445143
57 2.672451 1.978026 8.086771 204.354762 47151.813182
57 7.882226 10.949213 4.999236 282.796074 18020.024579
57 5.901617 -1.342233 2.921467 175.830096 6153.894024
57 10.278417 1.309419 2.361998 330.903758 4022.601481
57 9.803373 11.919701 5.830206 202.513726 24508.455095
57 6.211207 -20.933074 25.313643 261.828240 462016.376755
57 9.606008 6.547661 5.258650 274.775867 19938.688860
57 21.821075 9.385012 12.495249 116.411144 112573.955526
57 9.852401 -1.571308 7.140164 272.307657 36759.066580
57 18.003695 -0.908154 6.145157 5.577957 27227.893086
57 11.840827 14.779376 5.685508 139.722407 23307.014342
57 5.474438 11.371881 1.719589 267.596820 2132.050190
57 2.051457 3.676351 6.958918 245.417597 34916.563867
57 -20.636992 -20.910142 3.735813 186.116689 10062.788195
57 -8.110811 2.354648 7.268730 1.636637 38094.751153
57 -15.080605 -13.192283 4.736435 66.808812 16175.261950
57 -18.925858 -23.169494 11.386722 15.246700 93485.767849
58 12.497490 15.937694 11.232002 242.794635 90962.512040
58 15.873167 11.400206 4.808639 4.466585 16672.177931
58 18.482165 11.491548 6.936384 56.299127 34690.803533
58 13.498683 1.147528 7.024731 21.197018 35580.123453
58 11.504982 13.003899 9.379501 270.128677 63431.868020
58 13.271598 -0.731677 4.966473 31.181916 17784.605839
58 3.863019 -2.876838 3.437713 60.884364 8520.937624
58 7.000578 13.902880 26.997705 87.811354 525535.159597
58 11.389216 5.070403 8.587797 171.479306 53175.506199
58 7.184342 8.355023 2.388473 69.414562 4113.282830
58 15.831597 9.157787 4.144803 353.458618 12386.704437
58 8.114877 0.157900 2.715787 291.402513 5317.890871
58 8.126060 -4.146381 7.175981 117.131318 37128.780393
58 -26.160477 -7.604816 5.050446 90.247068 18391.091834
58 8.872543 -10.966325 11.573021 30.291535 96569.857432
58 8.939183 0.852966 5.583333 278.837153 22476.833564
58 -34.252133 -11.754793 4.314022 347.055193 13418.770015
58 -18.103851 11.533923 7.810737 145.697154 43987.781378
58 -16.926124 -2.914870 4.103318 341.832318 12139.991192
59 7.555350 -0.530872 3.683512 313.687939 9783.003732
59 9.741610 6.610358 9.534377 242.981872 65543.970753
59 17.299465 -4.413547 16.641963 196.016847 199690.387001
59 5.295733 3.456142 3.329665 116.162953 7993.725387
59 11.084061 9.992157 7.337011 280.281314 38813.826275
59 -0.051140 -10.738483 12.089312 71.634094 105378.321356
59 4.535038 10.645221 9.739715 229.890023 68397.549113
59 13.305681 0.995180 11.743958 314.277891 99443.656424
59 15.095169 -5.868108 4.938503 150.230193 17584.849211
59 11.203774 4.153189 18.261435 15.800462 240446.166036
59 1.310935 1.402482 5.328634 246.476972 20472.921243
59 12.754778 5.329614 4.990595 5.983846 17957.785179
59 17.221059 -0.324425 11.268221 322.296233 91550.086838
59 -15.136273 -1.275226 4.088288 24.997730 12051.221206
59 1.647130 -1.370670 1.460099 143.131877 1537.136576
59 -9.280408 11.241960 9.993643 30.058852 72010.479861
59 -10.216972 -1.279372 3.654274 298.993012 9628.317385
59 -14.337650 8.818246 4.976326 134.053001 17855.238695
59 -23.747102 10.140711 4.222570 302.294225 12855.881787
60 -2.752839 -7.231677 6.320133 59.924151 28800.530676
60 -0.222594 -5.561815 11.265949 331.379913 91513.185558
60 3.471698 0.413479 4.784297 326.752055 16503.812030
60 16.719745 9.632611 3.844781 202.187348 10658.382475
60 15.008397 14.221956 4.466183 70.270166 14382.059209
60 17.639573 17.984584 2.169709 341.397660 3394.307961
60 -10.001405 6.063965 2.999520 139.451718 6487.115682
60 6.192986 3.641186 4.289233 129.614241 13265.005302
60 12.175999 -11.818048 3.761436 245.032887 10201.297760
60 6.174121 -1.816075 12.894202 209.479317 119877.317951
60 6.725875 -4.191907 6.687318 76.373184 32244.227198
60 4.586144 5.507741 3.299295 239.079927 7848.566095
60 -2.368733 0.480334 8.090627 72.373742 47196.790931
60 -24.760376 -10.661465 3.626718 156.096794 9483.651102
60 -23.763392 -15.327425 6.824373 160.964277 33579.455369
60 6.727972 -4.482712 7.831617 108.485785 44223.275180
60 -0.213622 -9.327635 5.918898 21.450321 25259.793932
60 -16.433044 5.189270 11.302578 108.370956 92109.213314
61 4.165125 14.132965 7.155137 185.362326 36913.395670
61 8.924563 5.899907 12.139575 15.326582 106256.388303
61 8.803297 -5.271173 3.552006 275.252231 9096.940208
61 5.323225 15.253014 7.563999 146.138824 41252.568669
61 9.370756 7.132377 9.146639 187.884704 60321.369579
61 6.146853 -14.783595 10.633320 155.105914 81524.064537
61 6.225992 7.387708 6.593465 228.562554 31345.519132
61 20.061574 11.697583 7.253135 277.171312 37931.459956
61 6.809252 3.384413 2.974992 140.963200 6381.455166
61 9.692257 8.476376 18.613295 315.613852 249801.249368
61 19.821199 0.141987 6.352816 274.775387 29099.168080
61 2.246602 -5.290860 8.406281 221.620498 50951.373625
61 -13.279265 -16.909215 3.094631 226.887602 6905.035433
61 9.313100 8.416592 10.567869 221.619941 80523.551304
61 -0.916327 -10.226875 4.732058 63.592658 16145.377072
61 -28.081577 -24.187929 4.377463 91.617649 13816.339279
61 -12.614181 -10.226144 4.464683 15.164826 14372.400514
61 6.084658 4.517774 6.177663 193.758768 27516.706860
62 16.955887 23.553787 3.924615 95.166757 11105.606831
62 13.108231 1.310070 10.962810 201.125397 86654.642701
62 2.953217 3.959136 3.727678 223.616805 10019.008841
62 9.050271 -0.081505 18.539946 41.245244 247836.339078
62 2.863414 17.296670 2.947646 19.952132 6264.675948
62 3.334995 -0.406478 5.999941 104.364902 25956.251041
62 16.333065 17.517762 7.354023 292.042941 38994.025741
62 13.710936 -4.517370 5.310797 110.130477 20336.091789
62 13.330051 15.344162 4.808157 76.625562 16668.836371
62 10.539344 5.420552 5.379366 66.730770 20864.608577
62 14.745593 5.429524 6.701819 21.356693 32384.223815
62 -15.329882 10.086505 3.115178 57.379881 6997.032238
62 -33.484838 -11.281744 3.275135 85.175948 7734.041247
62 -1.706333 -21.565145 6.155280 293.329248 27317.672681
62 -25.287186 -7.306946 1.714696 68.111762 2119.933647
62 -13.107115 3.695212 2.231391 27.531630 3590.041499
62 -15.013442 -8.796381 5.545808 22.819764 22175.718752
62 -19.374490 -17.664702 4.831781 174.796884 16833.040812
63 11.587373 9.264440 6.207585 34.112525 27783.912091
63 8.976166 10.909937 17.505659 217.864836 220955.584834
63 6.716325 10.754278 3.725829 190.097000 10009.074504
63 12.454993 2.402213 11.872211 242.288236 101627.510428
63 7.006713 -0.087217 3.602322 128.563798 9356.495751
63 6.152994 14.104138 18.935206 139.022464 258516.425554
63 14.491536 12.201283 3.200143 336.143201 7383.915615
63 7.817363 -6.637658 15.064006 117.151813 163617.227077
63 -2.207341 -4.266065 3.946717 1.646041 11231.042338
63 13.569030 4.618371 5.990231 50.177219 25872.310119
63 4.520364 10.552898 9.887989 246.416955 70495.928779
63 6.176527 6.372403 6.691371 49.168742 32283.323308
63 -16.422739 -5.973701 7.418174 282.614826 39677.300915
63 -5.966686 3.250176 7.148969 248.466257 36849.779180
63 -4.918485 -3.591497 3.167142 270.710860 7232.409930
63 -8.076472 -5.210672 4.532519 37.650297 14812.462803
63 -5.560292 5.800083 9.676231 207.231073 67508.822247
63 -26.854555 4.291389 14.028015 347.010891 141886.320277
63 -6.221798 0.444498 3.467776 44.105628 8670.618742
64 13.982530 0.345196 4.833205 220.616818 16842.963261
64 6.049978 4.359630 13.884875 162.816355 139005.519257
64 5.224446 -5.030815 8.808214 322.001727 55940.166032
64 12.184127 9.032485 3.475828 359.806135 8710.929700
64 11.038330 -3.568415 11.854355 220.905735 101322.040629
64 6.848202 12.673165 5.294149 167.424023 20208.792522
64 5.948397 7.004632 7.263134 49.016254 38036.119405
64 4.418265 -17.250594 4.866108 5.762865 17073.068881
64 14.551322 9.658510 4.585428 173.810814 15160.299304
64 20.037438 3.356170 12.575582 318.046314 114026.089634
64 6.591435 8.299106 9.427758 301.690526 64086.257792
64 16.350095 4.672527 17.063899 309.113782 209944.551596
64 -23.407444 7.752680 7.127700 95.389390 36630.845720
64 1.740572 -8.668868 2.300023 347.541124 3814.278606
64 -0.825676 -7.204869 13.988135 54.335538 141080.723297
64 -15.666193 3.622707 19.934477 219.634994 286521.853755
64 -12.626097 -5.178795 7.479310 242.739681 40333.981358
64 -18.823692 -3.173175 3.110429 320.398469 6975.713664
64 -23.267168 -9.635531 5.896901 127.148001 25072.389697
65 15.453878 14.664767 1.901833 287.102536 2607.912340
65 7.784804 10.872947 2.892443 226.457739 6032.228847
65 4.425094 2.745983 6.736674 10.768613 32721.942751
65 12.631961 -2.374677 2.294576 111.417517 3796.233146
65 6.998107 -8.086375 7.311332 93.375734 38542.611771
65 12.009615 5.065604 7.931101 100.833453 45353.938955
65 12.114857 -8.716143 3.094063 166.495218 6902.500764
65 9.780940 -3.269789 6.427795 104.830169 29790.106280
65 -9.639342 -15.910365 5.504419 335.530198 21845.956710
65 8.176047 -2.839145 7.299100 40.510710 38413.751117
65 -5.454571 4.556496 8.418555 342.931213 51100.273382
65 -25.539284 -10.332003 14.682913 68.794140 155443.489341
65 -16.368884 -5.614320 9.224267 306.744487 61349.614045
65 -15.789361 -18.011128 7.176016 34.596893 37129.136220
65 -15.978602 14.668625 3.573701 17.570361 9208.407829
65 0.942075 7.603660 5.246257 104.055099 19844.820447
65 -19.425404 -8.793903 4.093165 243.929766 12079.992475
65 -16.363801 -1.533811 7.178391 302.601244 37153.714772
66 24.678928 8.637121 9.552119 216.618215 65788.122128
66 6.545178 12.455125 2.737910 177.505464 5404.884536
66 14.285169 -3.478552 3.722921 98.882182 9993.457314
66 3.026588 5.610933 4.096435 229.209736 12099.301941
66 11.563021 -6.432051 8.507694 335.268782 52188.141668
66 20.908776 10.169600 8.171290 298.723012 48142.575280
66 5.235187 -2.062653 7.967421 149.637958 45770.288853
66 -2.761870 1.395636 18.199899 16.792341 238828.430626
66 10.785266 4.082722 11.953682 24.728415 103027.101955
66 8.149427 10.286911 4.847322 253.779553 16941.495940
66 10.123437 -8.909552 7.337269 117.683898 38816.548512
66 -17.488723 -2.649016 13.693022 132.330135 135190.660331
66 -22.089797 -8.923500 14.909180 19.014798 160271.233019
66 -5.470058 2.557781 6.314871 320.696552 28752.594315
66 -12.492941 0.924151 8.870612 7.889831 56735.550206
66 -17.023481 2.820439 6.728488 323.861498 32642.475696
66 -17.992174 -0.619414 3.411095 126.453802 8389.490827
66 -3.293685 5.371537 14.478829 246.386688 151152.374471
67 6.046471 7.237514 9.077460 87.273754 59412.360172
67 13.378111 5.497619 3.500671 307.280803 8835.899440
67 17.059515 7.091723 3.831369 271.281918 10584.153649
67 8.259493 6.019522 4.206010 250.369108 12755.243457
67 14.265393 10.905095 15.940468 41.742961 183210.431724
67 11.115547 2.872351 12.795366 175.984528 118046.605522
67 13.539877 23.300843 20.322643 214.546323 297788.872978
67 11.068682 12.379124 6.970581 322.120242 35033.702014
67 1.610470 -3.428851 2.606762 39.068247 4899.488412
67 13.191866 8.558123 9.528162 329.771913 65458.536738
67 9.962967 11.425707 8.361243 179.793705 50406.876695
67 -17.265986 -14.041008 5.631672 261.807803 22867.713570
67 -18.620408 0.156015 6.316331 191.575256 28765.892922
67 -12.791939 -31.798571 10.845180 267.662625 84805.025210
67 16.173464 11.731774 12.067017 329.906115 104990.004715
67 -13.654151 -5.086372 3.065016 28.252415 6773.508039
67 -0.718018 7.828079 3.534723 45.567355 9008.633172
67 -0.088209 -4.115375 12.328009 315.015393 109580.670151
68 14.729629 21.460794 10.465250 169.860970 78967.303353
68 7.543606 15.110750 9.660535 325.990370 67289.985518
68 4.347967 -8.663947 10.102810 52.656592 73592.315371
68 2.306761 -6.521625 8.057294 10.020214 46808.696528
68 3.912143 2.339442 4.427512 113.321204 14134.081609
68 11.425611 5.454685 5.432625 11.593194 21279.799614
68 4.988328 9.380028 6.336332 325.612391 28948.359240
68 16.470360 -8.171007 14.735043 239.711519 156549.216823
68 2.047816 7.116354 6.525133 36.946550 30699.186400
68 2.027091 -2.997547 11.835997 82.314319 101008.462151
68 -17.991512 -1.163140 16.262463 171.254091 190686.826742
68 19.052744 9.479516 4.790502 287.637289 16546.654791
68 -22.851373 -9.396461 6.935759 314.327031 34684.548862
68 1.030529 17.527623 6.936418 284.196853 34691.144757
68 -16.554367 -8.105552 10.707522 357.380001 82665.821233
68 -17.120952 2.292811 4.894112 311.232542 17270.140220
68 -26.178500 3.494002 5.689181 269.040245 23337.139954
69 7.874170 -6.040165 8.032951 32.199505 46526.279912
69 12.509483 4.966978 21.674792 110.482642 338733.339884
69 8.580267 7.653608 5.713080 285.873447 23533.619221
69 1.271214 -8.736773 6.692968 143.965999 32298.734956
69 4.468265 -3.450423 30.768689 325.005300 682599.664400
69 14.036401 2.294612 12.902306 104.373591 120028.041687
69 6.991164 1.245581 6.805231 134.305397 33391.338986
69 17.581443 21.314889 10.462247 179.430739 78921.990283
69 7.471515 3.526951 2.768815 357.685704 5527.591691
69 -2.944582 7.091232 6.580320 225.824056 31220.660448
69 -15.025919 -18.587867 2.609093 302.772116 4908.255945
69 -9.910909 -0.216563 4.417005 89.476588 14067.079001
69 -8.585513 -25.643295 5.855870 245.848106 24724.692855
69 -5.532188 -10.060905 4.462432 181.721663 14357.911397
69 -7.827603 6.723315 4.382281 208.867094 13846.772214
69 -15.934102 6.423532 4.287246 255.557924 13252.715074
69 -10.588127 -8.229280 5.214974 149.197049 19608.863500
70 7.012742 7.669039 6.086721 348.802416 26712.519893
70 -1.920678 16.095021 1.975750 245.984083 2814.571397
70 15.219300 11.291023 14.261925 318.854133 146657.538722
70 5.768049 -6.675843 5.206222 268.593427 19543.100969
70 15.784427 1.571013 18.775870 209.719057 254183.999298
70 15.222150 -0.020994 8.557421 278.580668 52799.995022
70 5.759986 4.514073 2.005795 1.776272 2900.823861
70 5.034019 2.561981 7.567584 300.105185 41291.677727
70 8.942513 -5.676669 8.232802 115.271117 48870.121370
70 9.099107 -5.535488 6.354208 168.513486 29111.924626
70 -25.551019 -9.537168 5.200229 40.425345 19498.132942
70 -6.559145 0.360114 6.387593 197.838540 29418.632859
70 -8.973091 2.309210 3.162926 296.066340 7213.167392
70 -13.199983 8.330698 4.492460 174.843393 14551.789916
70 -11.080124 15.110177 19.006955 315.379626 260479.273721
70 -20.573187 -24.963319 4.173975 83.684381 12561.683377
70 6.445033 -16.412573 35.558845 93.320476 911681.977281
70 -21.302500 0.099186 3.859652 306.992301 10740.989032
71 8.167077 -5.903951 3.860443 339.468876 10745.394410
71 9.712225 13.982913 5.948556 356.799036 25513.568141
71 14.261001 -3.703262 6.773457 40.055121 33080.257700
71 11.390300 -4.813771 8.839319 90.349804 56335.957665
71 -1.136756 14.360287 3.783699 231.443907 10322.414236
71 2.547417 2.821787 14.345314 296.829745 148377.552883
71 12.479226 24.882504 15.683389 340.290723 177348.664256
71 13.658301 -12.658309 10.013350 54.450754 72294.769675
71 7.387716 16.091801 7.996058 160.351708 46099.892492
71 -11.209900 -10.301795 3.764638 36.039539 10218.672656
71 14.255354 4.457239 9.685493 254.922623 67638.126773
71 -16.890870 -20.073926 7.010481 94.917264 35435.921369
71 -23.121197 -8.252634 5.228647 32.005303 19711.822250
71 -1.028278 -11.495135 9.159384 14.196018 60489.585271
71 -25.480853 -22.236924 3.750547 207.058744 10142.318689
71 -15.405617 -16.750380 2.725248 252.441693 5355.009527
71 -24.808085 -7.568592 6.523188 200.924027 30680.887099
72 -5.403420 -10.439605 6.590108 269.526565 31313.608401
72 4.868514 -1.943123 6.521262 163.245323 30662.767004
72 -1.906755 -15.630024 3.165267 127.056580 7223.852295
72 -0.288997 -10.116939 6.623660 318.733176 31633.273818
72 -0.178741 10.432914 5.916086 157.043799 25235.793240
72 0.275996 -4.520867 8.211405 320.921506 48616.419219
72 14.210988 6.249874 4.685352 210.655134 15828.232957
72 19.034553 15.640492 9.274330 231.149790 62017.343140
72 12.942805 -7.788015 8.348808 224.624170 50257.059205
72 -21.446831 -7.247253 3.774890 187.881613 10274.403940
72 -8.987700 13.112438 8.585906 259.520860 53152.087092
72 -26.120800 -17.506811 8.711706 179.367018 54721.058780
72 -12.060846 -12.475766 11.192905 289.918117 90330.357816
72 -18.403127 -6.594071 2.322248 46.362227 3888.347631
72 -9.020903 6.003419 5.011856 212.543222 18111.117012
72 -9.680294 4.705689 4.007089 349.179403 11577.265259
72 -5.113177 -5.512086 6.725581 261.413106 32614.269520
73 5.523290 -2.579322 5.615271 156.725949 22734.711593
73 2.340861 -10.593083 2.832246 304.798487 5783.758577
73 4.168866 -5.365187 3.935696 328.648998 11168.404722
73 12.239786 9.757063 8.667345 358.881096 54165.189070
73 10.855675 4.663725 3.235010 322.407281 7545.697400
73 11.312095 7.230377 7.157187 216.665012 36934.545233
73 17.568102 -3.047336 4.228490 244.440704 12891.950098
73 17.569172 10.159988 8.290875 115.836799 49561.994170
73 -4.785268 14.242059 3.202277 354.344519 7393.768987
73 -17.449037 -4.334902 9.438754 64.596098 64235.842679
73 -11.098616 -7.661111 9.220064 299.966992 61293.721454
73 -27.758273 -14.128051 6.239960 216.883226 28074.479002
73 -19.110866 -6.997123 12.961761 82.295527 121136.806920
73 -15.928308 7.228116 6.985975 255.138081 35188.613404
73 -11.692591 0.978760 11.576089 291.344129 96621.053029
73 -3.041352 -8.985896 8.641969 266.509716 53848.479639
73 -24.061281 2.786287 12.234580 336.381592 107926.031664
74 12.316166 6.407817 17.713914 259.812599 226244.039262
74 14.316453 5.149659 7.322250 94.189241 38657.804753
74 -5.492661 -1.050893 8.395011 7.351015 50814.851626
74 -3.321822 -4.911049 11.148115 215.318951 89608.863497
74 10.764725 8.376480 5.883254 6.653667 24956.475639
74 5.113527 20.299676 9.126987 236.810118 60062.440588
74 5.463253 -3.771128 7.062031 202.306038 35958.976224
74 8.071778 1.836232 5.873085 275.325766 24870.276603
74 -5.729977 9.284604 12.211937 100.147402 107526.912920
74 -3.929378 15.049649 7.705721 230.789389 42812.897076
74 10.215356 19.536795 18.932289 194.045356 258436.789789
74 -14.776792 -15.189746 8.105447 84.439421 47369.852392
74 -3.809479 -10.581595 6.438344 280.195747 29887.974813
74 -10.804002 4.342999 7.773297 247.317136 43567.092556
74 19.121923 -7.547812 7.676809 24.462258 42492.229960
74 -7.612406 -18.952081 11.352491 300.627584 92924.537341
75 9.188136 -2.906595 6.598135 266.250520 31389.935067
75 6.467989 -4.253758 5.880556 250.145631 24933.589117
75 -0.257143 7.101723 6.357849 31.254346 29145.293286
75 8.749029 20.126342 12.505964 330.146292 112767.111063
75 8.542556 -4.186286 16.447894 141.949246 195060.194761
75 8.465128 6.750397 13.322259 336.338692 127968.713543
75 3.500575 1.591073 3.892307 32.367121 10923.509846
75 6.654807 16.618661 4.656344 110.293274 15632.849195
75 -8.614728 -6.004927 10.052899 71.691965 72866.965600
75 -10.180550 6.283622 4.714429 321.754443 16025.302023
75 -21.124321 8.486931 4.086095 107.978673 12038.296609
75 -16.702387 -12.448072 11.672732 65.999773 98241.079826
75 -13.085983 6.204299 7.394264 159.772520 39421.935180
75 -17.616489 -13.723447 5.306796 216.724763 20305.464612
75 1.281576 -6.821315 2.926641 324.809291 6175.710467
75 -10.603489 5.224480 6.397012 31.462641 29505.460289
76 10.288975 9.924465 10.803959 282.370542 84161.590536
76 4.112487 -5.895636 5.931798 225.895806 25370.017978
76 11.429395 3.713674 11.944131 54.467562 102862.532158
76 13.661704 -4.211515 5.667438 247.852363 23159.093472
76 6.038026 5.000663 7.662854 298.859831 42337.889987
76 8.577953 11.811680 4.016904 309.418845 11634.048996
76 5.341608 16.818358 11.385759 176.391061 93469.952584
76 9.513126 -1.644363 5.855818 223.381305 24724.251093
76 -7.522678 20.848400 14.887254 86.346278 159800.188531
76 -13.622680 -7.346115 5.224271 262.735874 19678.835866
76 -17.308988 -8.082041 17.209121 191.540416 213533.222123
76 -5.947679 -8.926494 4.260864 283.158827 13090.115063
76 -18.350152 -3.887559 6.903217 200.895990 34359.838398
76 -2.702184 -7.895322 6.937381 38.590020 34700.776609
76 -12.381022 8.702351 3.239762 319.090910 7567.881615
76 -16.885472 -5.520831 18.277967 257.346548 240881.729128
77 -1.307125 8.406008 7.908071 206.270478 45090.935707
77 -1.003748 -1.752282 12.258051 277.594814 108340.514030
77 11.656612 -4.317492 4.698549 234.630339 15917.524440
77 -1.824858 -1.519633 5.194409 195.118957 19454.512708
77 9.925090 2.119935 3.076203 117.482066 6823.042274
77 5.863979 8.674140 12.569270 161.269042 113911.655127
77 0.759331 4.800839 8.691811 329.827012 54471.409898
77 -8.438078 3.772639 2.171087 55.620448 3398.617991
77 -12.216162 -13.241484 4.566298 307.190530 15034.070225
77 -5.581543 -15.517827 7.148919 16.748547 36849.260874
77 -5.222623 -3.294959 8.104147 273.721348 47354.652265
77 -22.045311 -9.019216 5.843688 281.118126 24621.929081
77 -27.053305 -25.662060 1.638716 171.994071 1936.224062
77 -6.549839 10.263944 6.378351 22.554227 29333.570778
77 -7.839686 20.808949 2.500415 273.630672 4507.880648
78 7.402222 22.964966 19.274410 285.951530 267861.488261
78 9.393231 9.663109 5.847311 19.809916 24652.474812
78 2.193329 5.450797 6.328777 73.813283 28879.364182
78 3.837699 6.572955 5.042556 29.980237 18333.671595
78 -2.911718 3.717922 6.285873 332.050753 28489.137483
78 11.770702 9.645602 9.317191 94.340187 62591.894841
78 7.828764 16.346286 3.654890 225.132260 9631.559947
78 -13.977382 -3.951850 7.505771 36.839462 40619.886496
78 -17.703735 21.382529 5.315857 85.769489 20374.864316
78 -18.179395 3.594312 3.517732 330.147012 8922.233550
78 -8.219619 9.323371 8.446821 62.139410 51443.988824
78 -24.761466 5.121663 4.796972 191.473141 16591.376256
78 -21.738901 1.535775 4.319145 211.554071 13450.659195
78 -18.876633 -10.107682 8.974914 230.023055 58077.605027
78 -3.421509 -12.218832 2.790075 90.469091 5612.804082
79 12.035292 8.895486 7.241040 355.633249 37805.060514
79 10.313280 -5.367018 10.144897 23.758129 74206.738821
79 6.813880 -1.227195 6.411057 265.902547 29635.168155
79 13.575849 12.699703 1.998004 115.572732 2878.332725
79 5.436847 7.264632 3.460276 208.849150 8633.157103
79 10.650940 13.228140 6.760438 338.832488 32953.212527
79 9.557521 -6.340397 8.245535 225.859483 49021.408229
79 -8.036798 -14.744426 4.161127 157.998011 12484.467517
79 -5.819525 2.296887 20.481059 98.537037 302449.507341
79 -4.868882 15.132552 3.420932 241.033707 8437.951816
79 -26.092046 -7.106403 5.749756 252.464372 23836.739866
79 14.507535 12.851419 2.918995 182.345264 6143.483424
79 0.167210 -27.040084 5.548931 209.571711 22200.702810
79 -13.844885 -7.977270 10.238832 296.292262 75587.307666
79 -5.977275 1.454787 17.314045 297.907999 216144.972393
80 15.144273 -4.477121 13.260537 21.861929 126785.705476
80 8.697668 3.803121 9.398731 170.543818 63692.243777
80 0.004123 -5.274211 4.054805 111.029849 11854.627717
80 7.347784 6.547123 1.127841 165.767812 917.157550
80 7.715284 4.735643 8.515603 212.944198 52285.219571
80 11.294011 7.174587 16.326151 165.317085 192183.331276
80 -10.462372 8.193498 14.034263 51.530600 142012.728713
80 3.150997 0.441546 4.934913 149.710963 17559.296698
80 -10.121246 -12.245286 6.627859 126.280200 31673.392490
80 -14.028243 6.561754 2.213894 278.031754 3533.960158
80 -14.724084 -5.452561 8.692759 186.379347 54483.296103
80 -3.376894 -6.573550 5.567106 143.200924 22346.372490
80 -2.203369 -6.240443 3.020192 232.569735 6576.838805
80 -8.461205 0.314259 18.580096 150.203124 248910.928536
81 3.892286 -8.064438 6.680451 96.935456 32178.045500
81 9.091169 -0.795026 6.590402 78.068177 31316.407283
81 3.294918 -0.211379 1.826515 208.573379 2405.439397
81 12.271119 9.629709 6.608926 25.427210 31492.698651
81 5.374634 27.266281 5.045351 235.136425 18354.003088
81 12.681905 11.521404 6.403942 184.699013 29569.425295
81 -9.565288 -3.276196 8.847197 181.981950 56436.425934
81 -16.803809 6.758714 2.559272 61.151588 4722.596067
81 -13.504283 -9.711531 4.033187 245.696199 11728.563861
81 -0.685686 -6.500952 13.396219 239.804214 129393.522210
81 -13.997737 -0.075548 2.021780 50.849783 2947.241428
81 -28.308224 -36.656415 6.894456 11.195930 34272.685399
81 -11.558517 6.423148 7.683563 88.969071 42567.031820
81 1.986190 9.767084 6.011825 224.475867 26059.179426
82 10.178629 22.240108 12.424457 46.501974 111301.991301
82 11.741621 5.465715 12.723588 351.847425 116725.912128
82 9.865537 10.453756 15.606873 315.283378 175622.389486
82 10.354601 7.202027 9.751752 342.119242 68566.715751
82 2.873500 10.772248 4.642682 346.352536 15541.248587
82 8.574410 -8.500528 4.170986 70.536049 12543.698449
82 -1.852035 0.356714 3.623844 249.934786 9468.626429
82 -10.732759 -3.053487 14.736462 318.870850 156579.372205
82 -11.907586 -5.823604 13.847080 205.592914 138249.798328
82 -7.244241 -8.479971 9.721897 173.156258 68147.522058
82 -6.291125 -1.130045 4.357381 269.428563 13689.865564
82 -14.007985 15.951171 3.756739 325.407874 10175.836501
82 -11.290605 -16.673114 6.250177 57.797816 28166.491832
82 12.473107 -8.788806 2.565537 155.316082 4745.748240
83 10.768572 -1.148197 4.371096 106.947078 13776.177498
83 -1.455837 -1.633675 11.318636 343.832954 92371.134955
83 12.188090 16.936411 5.492974 127.768881 21755.206518
83 12.330563 7.111914 6.395418 92.193753 29490.757634
83 11.489733 2.387505 11.366262 231.217481 93150.112967
83 -20.701228 -13.542684 1.958867 263.959992 2766.674158
83 -3.715367 -0.048881 8.063567 74.136852 46881.601687
83 -14.165880 -5.938894 7.353016 11.513927 38983.345333
83 -5.446576 -2.385871 7.868393 153.620287 44639.583606
83 -10.224144 11.795356 16.498187 28.479721 196254.894285
83 -20.779185 -12.834809 7.361843 36.545997 39076.998695
83 -9.602937 -3.047335 3.765691 63.030439 10224.391779
83 6.334758 5.062927 8.681630 140.504090 54343.870898
84 10.049933 -2.169832 6.323894 165.326193 28834.820231
84 5.954156 3.036397 7.349416 353.168556 38945.185325
84 13.805044 1.875413 13.434862 59.316667 130141.101462
84 1.182732 6.557417 3.789427 73.829007 10353.690535
84 9.068502 12.760672 3.540850 221.639864 9039.889127
84 -27.379241 14.515490 10.817673 28.172912 84375.378744
84 -23.237424 -16.794005 3.588541 87.321947 9285.043886
84 -14.888732 1.149345 5.917279 250.954190 25245.975376
84 -13.758282 -6.945302 3.397959 344.989730 8325.001719
84 -12.060892 -10.236894 4.758503 186.464479 16326.336021
84 -6.698147 4.535702 5.710436 209.909699 23511.837427
84 -18.650211 -12.223262 5.798759 13.381428 24244.780897
84 -17.788576 -10.489205 11.699501 159.124276 98692.174417
85 7.981495 3.706951 8.871586 187.236761 56748.000551
85 2.157856 -2.074125 9.436391 67.427328 64203.682627
85 11.160493 0.176337 35.770530 83.648948 922568.916135
85 9.514182 9.579735 12.730367 341.037834 116850.320886
85 8.002162 16.735402 2.681498 232.051400 5184.452556
85 -10.595984 9.551357 2.113145 100.368374 3219.635673
85 -12.456954 -5.504952 2.103452 158.501718 3190.167189
85 -13.793318 -12.601242 1.453293 159.148238 1522.841074
85 4.128530 3.270835 3.836082 72.561774 10610.206397
85 -11.317840 0.937060 11.828949 64.990382 100888.210060
85 -8.797322 -19.135966 9.104376 256.469483 59765.214862
85 -22.505980 -3.756121 2.423181 266.055209 4233.697941
85 -8.427550 -4.039750 9.586093 117.272251 66256.934428
86 14.050830 11.434311 2.673145 50.384480 5152.203733
86 -4.691557 12.856506 7.562618 51.880681 41237.509412
86 9.687263 2.569836 10.470110 250.267966 79040.662588
86 12.949921 3.767672 11.416897 281.964002 93981.896756
86 -13.139048 6.914820 3.044059 118.093555 6681.194899
86 -12.482237 -12.110763 21.898409 90.942656 345758.758128
86 -10.086122 15.539087 14.087834 318.940828 143098.969145
86 0.319080 3.721252 6.724437 99.206089 32603.173513
86 -9.853617 -15.259928 13.757409 133.846624 136465.025388
86 -5.547868 -8.832331 6.883061 135.911929 34159.484755
86 -13.562182 1.548459 3.612154 113.966889 9407.637494
86 -15.580642 -4.758458 3.356817 215.731610 8124.624913
87 7.893358 16.168933 2.476475 152.298300 4421.971223
87 10.859183 8.294529 7.638821 341.139307 42072.735497
87 6.622241 -10.780194 9.546968 185.663301 65717.194172
87 3.379991 14.552212 2.671621 323.499924 5146.332873
87 4.140650 1.354507 22.966145 1.756833 380298.213338
87 -18.504487 -13.823372 4.363527 168.406707 13728.508022
87 2.861315 -8.281263 25.148482 296.208342 456007.134995
87 -17.277475 -7.257501 10.088039 44.418370 73377.278889
87 -8.614177 6.951648 8.250885 79.526955 49085.039643
87 5.752467 14.812506 5.263080 131.402498 19972.293311
87 -13.511707 -1.324008 2.695783 317.990467 5239.838231
87 -9.759481 -12.488868 6.455997 214.147289 30052.088620
88 3.628617 6.940316 4.172173 163.748369 12550.838932
88 6.697061 0.046044 16.596704 38.098080 198605.734453
88 12.596975 9.273322 11.363796 303.720296 93109.702004
88 0.646017 5.417597 4.741344 142.418614 16208.807530
88 -10.884558 9.858909 10.439393 190.365611 78577.570005
88 -6.231814 -13.886339 9.079711 18.937018 59441.818945
88 -20.416656 9.799892 7.901160 128.690500 45012.150586
88 -16.595868 -4.026025 12.639709 43.773306 115191.977733
88 -13.986700 -21.390441 7.399019 304.811049 39472.656060
88 -1.957899 -3.938525 8.683859 221.845588 54371.789752
88 0.252516 5.554646 3.872903 314.843720 10814.871311
88 0.160996 -16.156743 6.158314 85.778113 27344.607992
89 11.992229 11.073079 7.783747 49.476131 43684.306483
89 14.062233 14.832336 4.384601 68.664742 13861.435108
89 3.974297 2.589322 18.557175 47.458266 248297.189370
89 -9.020237 -0.606786 2.329246 264.530653 3911.819274
89 -21.781277 -12.613826 6.259507 184.942155 28250.641114
89 -21.771611 -4.851693 7.682250 19.876630 42552.491228
89 -4.518455 11.316493 11.259537 62.707731 91409.041846
89 -12.437288 -18.630359 8.105794 176.290245 47373.901246
89 -6.436590 -5.757892 14.113494 231.668063 143620.737637
89 -22.557294 -0.499418 12.197479 190.245178 107272.456542
89 -5.352390 -9.365348 6.719738 181.932220 32557.627481
90 10.320582 4.190369 18.314545 277.507326 241846.806876
90 13.140207 6.134411 9.311275 306.146574 62512.431835
90 6.341628 7.596863 5.194040 150.626242 19451.751522
90 -19.657361 -10.157511 11.742596 37.799184 99420.579710
90 -14.372006 -14.251366 8.529918 196.853425 52461.147977
90 -19.218511 -1.954786 8.537128 61.337483 52549.875317
90 -2.440707 9.549791 12.001368 160.355067 103850.728879
90 -14.776013 1.675525 15.678289 20.104974 177233.328267
90 -8.635659 -3.091579 9.857450 304.629671 70061.148510
90 -19.859821 -8.318009 5.563039 102.681339 22313.736576
90 -22.267152 2.390899 5.534573 162.970982 22085.961161
91 -1.799494 2.639696 20.334085 84.277576 298124.273339
91 10.524337 15.002989 12.001093 229.622571 103845.976752
91 11.818396 10.741676 3.580735 256.670123 9244.689216
91 7.019829 -25.123676 12.282295 237.280832 108769.491762
91 -9.415609 16.794558 6.629510 57.745387 31689.175366
91 -13.209506 8.988913 10.835966 138.768479 84660.995478
91 -15.342456 16.304410 8.485397 9.360532 51914.950213
91 -3.299325 -8.295581 16.372647 322.844088 193279.530730
91 -4.988114 -3.930640 10.435386 184.441912 78517.254907
91 -1.126426 -6.164381 8.233271 324.405564 48875.686942
91 -23.997742 -9.949529 6.891944 359.293895 34247.710535
92 7.225906 14.024580 6.186846 187.747267 27598.576201
92 -0.154889 -0.920356 11.862055 189.068253 101453.718163
92 7.678675 1.275233 7.843048 42.044137 44352.468447
92 -10.087288 -4.341413 6.876598 298.998027 34095.369700
92 -12.278270 1.058342 6.226386 182.627917 27952.471670
92 -11.449524 -12.755091 4.337596 329.146860 13565.823944
92 -1.837695 8.744124 9.784459 78.273603 69027.436955
92 -12.755459 -9.472953 14.410468 182.652144 149728.412460
92 -20.193931 24.769969 2.666996 160.737959 5128.527265
92 -8.827037 -6.445236 21.030665 270.921879 318899.685441
92 -14.338112 1.552539 8.361889 286.571997 50414.657707
93 11.724701 0.722069 5.230285 35.563632 19724.171494
93 16.253969 3.115457 7.009579 251.749223 35426.806453
93 -24.561732 4.469419 6.252189 128.434014 28184.622766
93 -2.679860 4.559961 7.568969 253.410476 41306.800180
93 1.021158 6.377098 11.733878 231.348817 99273.008355
93 -11.841100 -2.253502 5.236344 223.021892 19769.894998
93 -5.857613 5.296445 6.477302 334.788241 30250.764624
93 -5.150767 5.423578 5.841083 172.113986 24599.987957
93 13.043526 3.680580 7.255655 289.437124 37957.825751
93 -9.815769 -25.553455 5.584294 202.665924 22484.570347
94 12.194353 -1.882373 5.177357 232.125943 19326.990730
94 -0.733916 12.041105 4.526914 40.145451 14775.853658
94 -13.553450 -17.650770 13.587330 164.002710 133111.733412
94 2.674694 6.649973 3.320760 158.968995 7951.021691
94 -19.832129 7.147248 12.361102 283.644586 110169.767736
94 -6.421895 3.380412 5.208847 48.624297 19562.812838
94 -16.581177 -21.327559 14.600569 121.918484 153704.874043
94 -7.742437 4.589097 23.951230 107.191801 413622.066425
94 -24.945014 -22.702842 4.869581 346.482912 17097.444364
94 -4.314209 8.504150 9.376068 212.083667 63385.453306
95 8.688621 12.148998 3.798099 83.353460 10401.133119
95 8.300017 -1.986544 9.601091 151.552895 66464.422301
95 -14.723449 7.405458 3.704960 203.436596 9897.260686
95 -10.340111 -2.383120 11.586684 170.566638 96798.010282
95 -10.823345 -17.950065 3.004257 298.125307 6507.621432
95 -11.195115 -11.479590 1.433436 24.396737 1481.511310
95 -9.987672 -2.553176 8.812429 228.725978 55993.720606
95 -5.280404 -4.776258 2.162955 253.185848 3373.206993
95 23.745116 -17.036599 5.246055 240.844372 19843.295577
96 11.647041 20.844235 15.005860 336.359438 162356.575327
96 -1.843660 9.349645 14.922615 86.374743 160560.207565
96 -14.455165 5.631462 6.627787 4.758291 31672.708330
96 -14.196229 -13.055215 20.205124 11.999563 294354.804784
96 -15.339644 20.093110 2.224732 271.205286 3568.644847
96 -9.986424 -6.039584 3.172562 229.582668 7257.187097
96 -2.743061 2.533463 6.641121 175.510286 31800.276869
96 -20.832318 -1.461210 8.942733 156.427553 57661.855208
96 -15.793603 -11.016089 15.414748 201.308407 171325.065105
97 16.137377 7.241175 6.309329 229.625294 28702.152417
97 20.755733 -5.831841 8.832260 215.312456 56246.016816
97 -8.621438 -8.048866 5.298698 56.839042 20243.535990
97 7.683211 3.104359 4.935667 151.168429 17564.661244
97 4.475869 -7.888892 3.910676 277.265151 11026.859353
97 -4.491364 7.333528 5.050888 220.465592 18394.315208
97 -7.393780 3.180940 5.768858 247.874842 23995.389476
97 -15.547155 12.708443 8.533564 117.130650 52506.001566
98 8.879273 7.172254 6.735481 147.599406 32710.357810
98 -4.442794 -5.954973 4.524419 281.988472 14759.572407
98 -3.495900 -5.902077 5.631057 190.858332 22862.721842
98 -9.331277 -5.902007 7.610553 125.818187 41761.919725
98 -6.745476 -12.699650 11.858455 23.718642 101392.147194
98 -4.696561 2.398617 4.231894 258.116352 12912.714348
98 -16.925128 -14.343679 5.930264 84.791471 25356.894769
98 -13.154800 -23.247691 4.941915 193.384784 17609.159300
99 -15.376257 2.797776 2.834439 311.646047 5792.715846
99 -6.280900 -3.066029 8.046103 195.006382 46678.749872
99 -6.481136 -10.318451 5.757904 239.281334 23904.351430
99 -7.854042 -5.763479 1.841192 69.095830 2444.252922
99 -11.446735 0.706495 4.637640 189.880767 15507.509642
99 -3.008902 -14.908363 6.089519 174.588706 26737.085066
99 -12.500153 -10.162864 7.972707 309.343684 45831.031484
99 -23.312897 -8.557493 7.312070 192.397444 38550.387061
100 6.965138 4.848183 5.248704 3.955514 19863.341337
100 -19.700064 0.344988 5.505616 240.318982 21855.458149
100 -11.816129 -4.565520 4.721489 313.010292 16073.337828
100 -2.830599 -6.610920 8.750525 129.782287 55209.813924
100 -16.285497 -7.024287 8.025312 248.891228 46437.831460
100 8.079141 -6.702101 5.426980 89.130013 21235.597436
100 -14.394894 1.011932 11.808312 151.266992 100536.490792
100 -8.744405 -19.927728 11.043010 202.528423 87927.159027
101 -16.796462 0.791848 11.199348 38.897860 90434.376932
101 -10.734355 -0.427964 4.446259 131.565857 14254.029266
101 6.625202 -2.150585 3.374393 259.747340 8209.930921
101 -12.796758 -1.638636 3.677062 241.803183 9748.773326
101 -8.864021 -8.255120 5.621309 294.871126 22783.632345
101 -3.636224 2.754116 4.304193 310.311508 13357.694797
101 -7.244355 -13.060814 4.662256 190.152566 15672.572345
102 -15.808454 2.949387 2.474711 273.933650 4415.675950
102 -11.513626 10.027600 6.708613 27.327660 32449.910684
102 -17.185281 -7.714278 6.400297 255.765916 29535.773218
102 -6.918684 -3.121133 5.124257 30.164274 18932.584585
102 -2.663963 0.627871 8.049557 118.837966 46718.833611
102 11.097446 -7.642692 6.646732 199.061628 31854.035182
103 -14.866196 4.048257 11.797054 269.044954 100344.881021
103 7.639390 -9.544085 8.793183 244.799979 55749.418252
103 -15.643481 -5.945830 6.123620 244.129495 27037.377737
103 20.847601 -8.934897 7.887424 288.358671 44855.787075
103 1.757825 -17.490470 4.571646 0.344186 15069.308195
103 -19.542322 10.535448 3.503989 166.466619 8852.653519
104 -19.706662 5.729674 4.730681 119.064027 16135.983171
104 -14.347325 -10.412861 5.898061 58.801077 25082.255260
104 -13.835593 3.962646 3.634193 160.212282 9522.788743
104 0.500528 1.673725 6.383130 334.047058 29377.540547
104 -6.474256 -8.302755 9.147443 66.430193 60331.963037
104 -5.323693 -3.095203 3.054999 123.121978 6729.305170
105 -22.156432 2.289058 4.195471 348.470927 12691.399018
105 -12.587846 -14.472642 3.408389 7.452194 8376.188982
105 -0.701317 4.247713 2.110819 248.681995 3212.550675
105 -17.120271 22.657211 10.799228 23.058310 84087.890433
105 -3.196499 0.132412 6.465990 242.952298 30145.194505
105 -13.475222 7.251395 9.904736 357.895007 70734.926138
106 -5.674291 2.494552 2.593507 250.807173 4849.791123
106 -7.939083 -6.894147 6.258057 136.424445 28237.552910
106 -15.806062 1.948182 8.293334 105.610799 49591.402301
106 -3.591431 -6.001318 12.189043 3.239408 107124.120709
106 -16.399850 3.989549 9.559779 51.831426 65893.685527
106 -10.930434 5.485071 6.008812 181.351527 26033.067722
107 -8.819129 -13.995016 3.756858 328.059482 10176.481028
107 -10.725538 -14.299877 5.340990 189.575099 20567.974954
107 -14.216457 -1.934705 8.529726 198.550932 52458.782497
107 -10.778593 14.110328 3.085959 305.710211 6866.386833
107 -5.175078 2.654596 2.132745 288.935758 3279.639163
108 -13.125849 -14.247717 2.841218 284.288549 5820.460259
108 -16.767992 -6.496105 4.764463 94.860784 16367.263498
108 -12.495134 -9.360092 10.914281 42.571336 85889.156431
108 -14.064348 -8.777151 7.895780 350.589553 44950.872531
108 -10.710445 -4.711754 18.125621 176.779153 236882.991887
109 -24.009683 -14.663985 13.623230 102.097375 133816.062581
109 -14.235057 16.830019 5.801002 194.153641 24263.533795
109 -17.776787 1.216742 33.106728 130.989959 790279.271080
109 -6.174873 1.906649 5.714494 262.568966 23545.268639
109 -12.433509 5.794539 6.669092 43.519628 32068.711839
110 -16.289131 -16.027844 3.161894 254.006694 7208.462749
110 -20.885758 -12.695129 16.184352 5.370106 188859.438123
110 -17.344364 2.607374 10.228064 219.268632 75428.404191
110 -11.838190 -18.704644 5.397872 244.850204 21008.410617
110 -12.110860 -15.000888 1.699368 276.956354 2082.203002
111 -0.836961 9.215740 4.297034 72.122666 13313.299933
111 -19.901472 4.493109 21.966711 336.596803 347919.001247
111 -10.995327 1.416023 5.424118 226.593260 21213.209880
111 -13.165042 -14.668589 8.819846 248.502788 56088.010373
111 -11.464811 17.625142 4.218958 355.171426 12833.894225
112 0.710276 14.314202 16.863345 219.638176 205038.540925
112 -8.232815 -4.177797 4.401398 119.953808 13967.843352
112 -5.870950 -14.292527 10.481284 39.040557 79209.467221
112 0.952538 1.055398 4.095938 181.564766 12096.362833
122 24.791854 -6.262437 7.841602 259.660522 44336.116906
123 27.012026 -18.015872 18.736986 35.975668 253132.285575
124 29.888010 -18.820125 17.380696 2.071384 217812.304274
125 26.666181 -7.869869 17.598805 274.485423 223313.209862
125 24.783226 -4.802477 11.185723 159.995803 90214.463390
126 21.303948 -15.302446 4.434688 93.311848 14179.935788
126 24.030133 -16.236548 6.735055 92.242164 32706.222355
127 20.222902 -6.284953 14.047789 340.629610 142286.615772
127 28.372860 -2.499008 7.676867 54.294569 42492.870058
128 16.990602 1.620587 10.142356 255.989019 74169.576423
128 -1.231360 1.739732 2.102656 259.443815 3187.751141
128 28.988882 -18.254072 7.237897 146.643942 37772.248099
129 30.178635 -6.573740 2.666270 30.352390 5125.735642
129 22.821651 -17.075198 3.798995 36.151888 10406.043157
129 3.597187 -20.208127 6.099772 282.691742 26827.192546
130 14.776567 -7.511922 10.307619 303.543582 76606.354414
130 -2.563142 7.436133 7.641573 73.461376 42103.049856
130 27.183004 7.650886 8.913298 175.028178 57282.887118
131 17.367522 -11.942249 7.748475 178.471905 43289.295533
131 32.634579 -9.563366 7.159856 246.897414 36962.102128
131 23.229967 -3.842173 10.480434 330.437848 79196.612533
131 29.885839 -14.491678 7.892114 357.360052 44909.145016
132 29.148642 -2.796044 7.969402 24.709439 45793.042810
132 33.438065 6.848174 23.881159 298.973804 411205.461955
132 26.840115 -12.053486 15.308610 59.119680 168973.877264
132 30.282083 -7.124894 4.795494 339.932766 16581.152399
133 29.801851 -23.531643 27.505822 110.261505 545503.219688
133 32.811222 -11.141483 5.997256 313.137504 25933.029515
133 17.062776 -8.966963 6.345040 33.177139 29027.976551
133 23.975514 -30.172104 7.304112 332.256643 38466.525210
133 18.346365 -8.607896 7.258942 12.201391 37992.220162
134 24.579369 -15.007768 13.865692 174.764573 138621.685964
134 29.611788 4.288794 5.645905 350.397450 22983.452233
134 22.504597 -13.987324 4.877988 324.929771 17156.535865
134 12.790251 -18.558229 7.193211 154.438096 37307.286901
134 27.676547 -10.565237 12.358086 304.682894 110116.014808
135 23.470099 -10.111878 14.249066 105.204741 146393.197618
135 21.247454 -9.574427 12.854995 231.000019 119149.407366
135 16.911235 -1.824717 8.897077 43.640206 57074.584255
135 14.399919 -3.852657 6.242448 44.243912 28096.871733
135 14.081752 -7.499562 5.278735 141.859528 20091.288457
136 15.748759 -6.934496 14.794076 282.972214 157806.089119
136 16.535739 -2.895270 12.902369 96.065801 120029.219914
136 15.016326 7.203339 7.887340 116.583031 44854.833622
136 21.029957 -4.471413 1.947193 110.145509 2733.796825
136 24.277796 -15.778278 12.716963 205.553278 116604.395450
136 24.405089 -1.576352 5.004816 23.683199 18060.273563
137 21.665570 -0.794768 3.987885 354.944838 11466.562523
137 22.749054 -13.928101 4.265841 109.217197 13120.713753
137 31.851996 -6.868130 12.108718 4.388474 105716.889970
137 33.546450 -11.073909 4.695517 354.833513 15896.991035
137 22.490745 -9.782559 4.009374 197.458208 11590.473580
137 -5.619239 6.659790 7.937383 209.522681 45425.820652
138 16.601567 6.965638 14.493627 111.542917 151461.491243
138 12.038682 -7.563642 8.373277 66.392937 50552.081230
138 25.653179 -13.154749 15.705243 164.393981 177843.254009
138 31.956243 -6.640391 8.714268 22.134220 54753.253592
138 19.437058 -7.136750 2.270039 156.030811 3715.478450
138 14.380976 -13.285860 3.096116 122.276890 6911.661869
138 23.011733 -7.517207 7.174564 300.815950 37114.109174
139 24.475610 -8.271359 5.549141 176.998486 22202.380700
139 2.857815 2.705110 4.847791 203.418661 16944.778351
139 20.102637 17.195397 6.668306 133.987841 32061.154662
139 20.144506 -20.017377 18.524016 57.712522 247410.626638
139 24.451250 -1.982337 7.547557 305.004642 41073.423141
139 16.144353 -4.314232 5.309935 90.839933 20329.490343
139 28.002882 -0.201013 6.196066 180.544950 27680.894029
140 32.782180 -10.855615 11.707737 338.008223 98831.185930
140 4.725769 11.020544 5.351824 166.235742 20651.506891
140 14.581411 -3.500128 7.365658 26.207377 39117.510447
140 17.465762 -12.886125 6.242243 78.631567 28095.021807
140 -3.643046 -10.306576 3.584769 167.870857 9265.535425
140 12.752188 -12.660646 6.999608 171.256304 35326.086879
140 17.701300 -15.118586 6.282522 10.734781 28458.772346
140 12.479803 2.594891 13.454522 185.614612 130522.269088
141 21.338598 2.278915 4.980946 219.423375 17888.411737
141 27.213319 -4.173599 8.642930 223.792529 53860.466621
141 13.881036 2.414458 2.365615 281.149517 4034.930481
141 19.565465 -16.217211 5.619255 31.138190 22766.986916
141 12.496765 -8.116859 8.945415 347.383002 57696.440022
141 24.025216 5.914100 12.550633 74.018831 113574.115105
141 10.512979 2.333080 7.355470 218.616107 39009.371566
141 17.428233 -0.857235 9.846447 41.547068 69904.831006
142 29.292409 -13.714911 4.197268 19.454000 12702.273374
142 26.564341 -2.402347 6.787506 348.235583 33217.623468
142 11.681330 -6.103266 4.586863 238.512599 15169.788700
142 24.811139 -10.404086 11.092972 77.345417 88724.570182
142 11.678288 -0.564982 5.662760 43.881152 23120.878822
142 15.208378 3.047795 9.487111 187.506785 64895.717195
142 24.318529 3.459541 3.198921 358.885826 7378.278949
142 11.477055 -2.858092 3.646684 45.673932 9588.359259
142 24.170252 3.989059 15.005456 158.167234 162347.814895
143 11.107748 -12.386844 8.809519 19.606966 55956.742316
143 -0.438214 -8.510271 2.603697 244.689796 4887.975658
143 16.888341 6.749909 10.706331 91.385591 82647.436290
143 19.985294 1.868897 3.202740 359.629586 7395.908160
143 6.027556 -17.524067 10.230845 158.742788 75469.434151
143 13.256245 2.266564 11.678812 218.269230 98343.438279
143 5.840891 -12.600299 12.083922 169.427204 105284.363600
143 17.659269 -4.325492 3.876052 315.323862 10832.465479
143 2.593514 8.015550 3.075129 37.912519 6818.279848
144 27.027250 -8.037045 11.096944 338.452487 88788.120437
144 20.486300 -13.749214 3.927949 49.231377 11124.479191
144 18.694237 -4.261783 17.526692 37.678513 221486.868021
144 37.158568 -2.706563 4.110689 102.366236 12183.648914
144 20.584018 -10.863995 6.261108 228.643338 28265.091951
144 15.712356 0.524616 7.748966 275.383568 43294.784535
144 24.576202 -0.170339 11.194145 134.938430 90350.364862
144 24.301647 -9.091253 7.938241 65.100790 45435.639446
144 22.078414 12.249872 13.026800 338.876681 122355.521672
144 20.457155 -17.218975 4.684729 336.209034 15824.029629
145 9.762494 4.390948 11.418787 282.276469 94013.018206
145 29.745911 5.990630 12.908395 16.057345 120141.370756
145 34.477601 -4.507675 12.666813 298.763517 115686.526549
145 23.001789 12.331154 10.503524 219.627957 79545.962680
145 21.158003 -14.341789 8.413613 45.024997 51040.289388
145 10.605906 -6.701263 1.253908 9.369504 1133.651877
145 21.947213 -16.174540 4.081780 220.321221 12012.886035
145 -10.456747 -6.613000 3.474322 265.951834 8703.384118
145 20.555145 -8.010195 7.331400 207.219996 38754.476706
145 13.161626 -11.596376 4.141251 115.667294 12365.484549
146 27.641376 -10.625883 9.151140 236.006754 60380.739845
146 2.926106 2.405612 7.633045 335.066158 42009.138449
146 17.633652 -7.060411 4.758440 184.649942 16325.902932
146 -3.618937 -4.912557 13.263856 289.516196 126849.184445
146 19.877394 -12.080283 10.412399 241.953808 78171.727259
146 10.935570 -2.458630 7.227220 14.027864 37660.892598
146 22.236844 -16.020840 9.062449 54.039629 59216.019882
146 25.206987 3.120706 8.137062 236.590931 47740.096104
146 12.815494 -11.526414 4.868911 162.419294 17092.745568
146 15.292876 4.109363 5.850371 165.434300 24678.284073
146 18.531239 -9.531344 5.709512 125.145786 23504.233964
147 22.343350 1.457897 5.506750 149.265212 21864.462368
147 17.046085 -9.271138 8.242861 151.321336 48989.620744
147 10.345548 -14.407065 3.468661 204.182352 8675.046375
147 13.730073 0.206822 9.893335 93.681816 70572.177680
147 22.897777 -6.742858 5.642275 33.554442 22953.907203
147 25.153911 6.042757 2.743763 323.733654 5428.018877
147 15.595611 -14.221466 15.645504 67.398281 176492.879396
147 35.127210 -7.387302 5.609817 271.951812 22690.573246
147 22.913291 -6.358800 4.832598 159.355846 16838.730081
147 15.123320 -5.345212 7.544840 80.314707 41043.852359
147 0.116205 -3.960636 4.068954 124.421708 11937.504626
148 18.631343 2.979201 18.988826 46.003284 259982.601709
148 17.269482 4.109967 8.212639 68.575533 48631.040338
148 15.615065 7.137177 9.033171 320.817210 58834.018130
148 21.986488 -1.037994 7.879885 57.953776 44770.080471
148 28.228465 -10.841184 5.195654 281.874348 19463.836298
148 25.163591 -15.980868 10.866095 284.804426 85132.433083
148 36.723078 -10.582262 10.487561 230.541824 79304.356663
148 12.279848 -8.191225 5.360289 220.163904 20716.888289
148 15.339421 -4.944786 8.292811 273.168762 49585.145801
148 28.417493 0.749906 2.893665 290.779332 6037.327157
148 19.366001 -4.485744 21.549768 317.360104 334836.856425
148 26.644594 -0.565949 7.579802 302.990516 41425.117775
149 12.588370 -7.624301 2.848223 186.410714 5849.194838
149 17.906640 -2.117556 2.963423 68.570897 6331.918778
149 23.088728 -1.690308 14.701948 98.226149 155846.782015
149 12.168038 -4.692822 3.594184 243.674914 9314.267450
149 19.831212 -12.478662 1.796476 318.429907 2326.971616
149 21.635762 -19.313238 6.311030 333.918993 28717.632303
149 19.126030 -15.383956 3.772735 105.581784 10262.679286
149 21.105300 -5.902761 13.457438 285.766642 130578.850459
149 16.530635 0.279909 2.690890 228.130909 5220.833394
149 17.434548 -2.765093 6.142222 200.495220 27201.887121
149 20.679443 0.803524 2.234872 119.909521 3601.250284
149 29.634646 -29.982025 4.284169 168.402951 13233.697819
150 1.316672 1.676683 9.298431 240.405140 62340.092818
150 21.052143 -11.073740 5.225124 86.609583 19685.265327
150 19.951370 0.817924 4.219834 278.740169 12839.223994
150 11.667660 4.178996 4.983016 125.414871 17903.282390
150 -0.589439 7.883945 3.285472 329.283797 7782.938818
150 8.586064 -13.530464 3.475633 73.409483 8709.956375
150 8.010731 -10.395671 7.082781 293.916223 36170.596872
150 31.605243 -11.037421 5.795105 355.952975 24214.227911
150 26.295129 13.482472 10.628239 184.899403 81446.177263
150 17.761491 7.953464 8.076185 32.461976 47028.442151
150 23.580904 -1.426250 6.809490 285.607519 33433.141780
150 23.276839 5.834362 7.566010 59.117395 41274.506987
150 20.185222 -15.200931 9.508684 45.638230 65191.195130
151 22.439125 -6.250622 5.032787 273.579755 18262.709104
151 -8.013843 2.842860 8.115068 313.065379 47482.371600
151 9.810010 -1.895297 8.877174 123.409848 56819.513571
151 20.688567 -4.450109 7.447098 245.639459 39987.306873
151 -1.146749 -1.795679 17.174407 337.635379 212672.619807
151 25.622321 -5.645539 7.178596 203.301564 37155.838752
151 19.568546 -6.992929 8.351768 158.108018 50292.696000
151 18.853669 -12.964331 2.956560 318.612667 6302.626132
151 31.885242 -27.350589 4.885664 163.060651 17210.573746
151 -4.757978 13.168534 6.264396 92.803247 28294.791783
151 14.126220 2.153908 4.538240 14.264481 14849.880164
151 7.873550 -3.538215 6.418351 20.739311 29702.639598
151 23.205013 -12.676768 10.354434 116.855868 77303.797531
152 26.160439 -0.581229 7.360080 320.178680 39058.287597
152 9.462467 -8.679706 7.023629 347.344710 35568.965962
152 14.652638 -4.530706 6.181544 96.560119 27551.291411
152 -14.704510 -4.366577 2.517756 346.631891 4570.622324
152 6.686915 5.721486 10.416457 214.270044 78232.658745
152 39.267003 -4.577300 5.549006 85.255296 22201.306664
152 2.562863 -4.315532 1.751583 117.515221 2212.123622
152 17.754607 -12.642429 4.496704 4.214222 14579.296879
152 19.941571 -10.673149 5.282126 33.535668 20117.112595
152 3.236163 -3.597247 5.585421 182.729274 22493.649687
152 10.180486 1.115077 7.541620 53.101615 41008.830462
152 11.559299 2.563604 3.051932 96.321869 6715.800110
152 14.468830 6.524617 4.339520 128.338292 13577.861249
152 -8.441032 8.847369 5.875384 47.164213 24889.750281
153 16.419573 -19.113151 3.420067 19.606953 8433.683035
153 18.084368 -6.250857 21.396922 219.296744 330103.907615
153 -6.177336 -1.026769 5.516755 345.076352 21943.986127
153 14.128422 0.996114 19.718910 278.243807 280358.595420
153 13.318691 -13.277497 4.454996 136.815126 14310.102011
153 17.056905 -3.417005 4.273163 232.659027 13165.790415
153 28.713464 -18.506581 7.477483 220.595872 40314.282288
153 14.908253 -14.588911 9.414498 22.971484 63906.118820
153 25.866304 -2.675318 4.490519 216.180563 14539.223620
153 5.610825 -19.025240 11.149001 172.434336 89623.109933
153 17.886021 -4.472080 5.095616 272.498102 18721.537156
153 -7.117768 9.191234 5.225755 247.891908 19690.017927
153 17.084734 -13.779833 11.752911 20.142749 99595.332774
153 15.647764 -11.369710 3.473046 141.150600 8696.991135
154 -7.255624 -2.044398 8.187379 211.974985 48332.343579
154 12.443398 -9.705402 8.825087 40.249578 56154.697430
154 9.908410 -5.788580 5.248540 303.454042 19862.098893
154 15.808770 -0.486870 2.617331 5.548285 4939.298932
154 15.624644 -8.270754 6.881586 331.546385 34144.844759
154 34.676363 -1.957724 8.428190 164.928384 51217.305323
154 6.221361 -15.148849 6.678686 308.026837 32161.040181
154 27.434091 -7.338492 2.020504 90.285760 2943.523293
154 -17.590851 -7.768967 11.577482 2.448742 96644.317813
154 9.818094 -16.055523 9.756550 137.479439 68634.211043
154 14.684655 -20.896398 8.231159 259.936431 48850.618022
154 11.873056 5.382811 6.826535 275.753649 33600.728964
154 20.781403 -7.369378 16.307009 154.179030 191732.920574
154 16.278227 7.467457 8.869605 209.995128 56722.666119
154 15.774598 -9.521555 6.785108 259.737125 33194.152822
155 1.728618 8.068500 5.786217 264.069147 24140.014137
155 23.958762 -6.625999 16.124448 237.327344 187463.970261
155 19.626904 -2.321573 4.323654 354.876374 13478.758588
155 12.684740 1.969302 10.109231 80.073813 73685.882203
155 22.325028 -3.073435 17.226216 301.189055 213957.669768
155 20.791758 2.844548 5.068982 345.365395 18526.336698
155 23.467388 -14.308144 19.381148 253.120147 270836.418391
155 19.245053 3.204754 3.922043 232.008658 11091.053121
155 21.692522 0.376936 13.082036 342.970939 123395.343516
155 8.134388 -17.920657 4.351020 310.711765 13649.922262
155 10.604233 -8.129151 14.600472 235.812786 153702.835764
155 14.237922 -12.990205 14.773307 65.452641 157363.330053
155 -11.102801 -2.721417 8.357275 346.851582 50359.038074
155 12.298429 -6.213636 5.526617 249.859861 22022.507391
155 -6.689183 2.647658 5.240775 219.230100 19803.372295
156 8.434694 -2.921776 8.825524 277.118084 56160.252544
156 15.144178 -6.623336 9.512006 32.084723 65236.752725
156 13.826963 -6.614974 3.193048 158.747921 7351.211162
156 22.739198 -14.476753 14.382605 120.585372 149149.963951
156 18.995614 -0.426124 7.663678 312.943212 42346.989238
156 20.216425 1.190176 3.250503 274.567871 7618.142408
156 22.774178 -13.755429 5.121901 124.025532 18915.181445
156 12.525731 -5.726583 2.808330 213.410765 5686.491814
156 17.005754 -5.499332 12.252532 164.732123 108242.978839
156 5.795250 -8.847950 8.093350 340.448979 47228.566074
156 7.778377 -6.327206 2.451095 210.388286 4331.801083
156 20.092196 -7.114506 7.076930 129.695670 36110.865032
156 15.829666 -7.902506 12.507123 44.620485 112788.001514
156 20.306862 -5.807585 11.390540 159.301419 93548.476606
156 27.195149 -7.742700 3.410016 194.325363 8384.188152
156 12.553270 -9.605023 5.241020 355.189636 19805.222744
157 16.684963 0.328994 7.737965 46.439601 43171.939387
157 21.067461 -3.595189 4.819365 249.889155 16746.639083
157 20.711122 -11.946345 9.008089 342.134557 58507.751887
157 7.888985 -0.868694 3.843142 190.803215 10649.299039
157 9.930857 -12.222309 4.853069 72.945044 16981.691895
157 22.945926 1.482447 6.746874 170.054675 32821.109218
157 17.783761 -0.632442 3.067968 97.010807 6786.558972
157 17.001750 -8.750699 4.949730 227.608224 17664.893618
157 9.359481 -2.491455 12.747303 194.414734 117161.440494
157 22.355556 -22.965299 6.865858 110.204971 33988.941905
157 17.540662 0.591296 6.798739 200.047203 33327.663905
157 30.466275 -6.680383 2.204729 195.884341 3504.760488
157 3.180206 -4.449117 3.714453 298.005761 9948.047832
157 31.085589 -7.033007 24.385400 253.891040 428753.669815
157 17.203999 -10.461705 9.569009 85.544211 66020.981676
157 20.765478 -10.826681 7.611828 117.861841 41775.921977
158 5.883883 9.558622 7.458007 292.376781 40104.549246
158 22.386536 0.601435 1.856506 320.542068 2485.082094
158 21.309845 -13.325308 6.569307 323.163737 31116.249112
158 17.808811 -13.679196 6.459177 291.131460 30081.701523
158 20.984907 9.100946 2.139956 36.179662 3301.852345
158 6.381398 -0.020997 9.363035 310.771441 63209.351612
158 9.671751 2.507352 36.086984 55.900959 938964.653648
158 3.675233 -11.370165 12.070964 219.306856 105058.698119
158 13.180471 12.584420 9.463614 70.473490 64574.652462
158 16.453242 -2.801124 16.344470 237.259215 192614.857000
158 18.599687 -1.677036 18.970965 142.616677 259493.750653
158 21.332338 2.938633 6.555012 79.323086 30980.976966
158 18.031536 -1.261962 5.962041 261.809732 25629.375015
158 4.342545 -3.349787 9.358912 4.122703 63153.705649
158 16.618711 -3.197357 7.479653 345.706346 40337.683112
158 24.105021 1.500578 8.220425 49.369322 48723.289314
158 6.185856 12.962333 5.309749 38.560070 20328.069309
159 11.126183 -11.153527 11.190054 118.153978 90284.347395
159 11.305470 -9.925368 3.277789 20.956121 7746.580211
159 23.851759 -1.716031 4.703127 98.451752 15948.558488
159 13.762924 -6.739709 14.309566 110.890830 147638.965084
159 9.335800 -6.775632 6.366822 285.157679 29227.626619
159 16.616752 -16.653837 14.600769 261.960758 153709.091979
159 14.296027 -10.340472 10.331282 59.990182 76958.483053
159 5.598273 -13.400953 3.543126 255.528438 9051.512671
159 6.365718 -4.044648 6.012855 264.295414 26068.106138
159 24.385366 -17.089656 4.856052 310.322683 17002.576475
159 19.816174 3.677459 17.306557 309.243702 215958.070490
159 17.849310 -2.192662 6.381942 177.994015 29366.607762
159 13.966349 -14.373548 3.173902 33.415106 7263.319254
159 22.266221 -8.927701 6.803565 200.204296 33374.993828
159 17.286409 -4.306652 9.240998 110.684542 61572.359258
159 8.873693 1.103126 4.537411 333.324462 14844.455540
159 22.423392 -3.519261 3.601064 349.656884 9349.961164
160 9.107885 -8.535615 2.564827 99.889635 4743.120850
160 14.158055 5.169460 12.238171 233.076007 107989.401274
160 19.744929 10.390539 12.075178 135.163524 105132.048051
160 8.453090 -2.995471 4.638014 300.539542 15510.015805
160 14.376784 -10.134960 4.180189 117.204909 12599.111597
160 18.603078 1.827258 5.177616 179.912884 19328.930591
160 18.273497 -3.934320 6.788824 112.602537 33230.524028
160 21.208115 -0.798179 12.238432 75.360302 107994.004119
160 12.954581 6.554689 8.326897 333.438836 49993.605589
160 20.140046 -11.414541 4.376744 316.378620 13811.799733
160 25.546788 -12.663719 3.363474 99.450361 8156.881485
160 18.261044 8.733787 5.617115 67.466727 22749.651039
160 20.726652 -15.105674 6.033687 85.010301 26249.055972
160 15.108132 -11.560080 1.876504 91.156886 2538.909841
160 20.864480 2.913408 16.978512 250.018913 207848.700892
160 23.803061 -10.035046 3.752666 59.957712 10153.780996
160 18.921676 -11.474784 9.043226 337.496037 58965.077808
160 13.071147 0.753348 9.854766 325.244374 70023.001164
160 -40.013816 7.082486 3.054547 52.140952 6727.315121
161 26.223943 4.523796 2.513230 311.446793 4554.204040
161 23.908137 -2.499906 10.215287 189.069303 75240.074372
161 21.360601 6.109710 5.033326 143.844264 18266.623339
161 27.544341 -22.983069 18.269412 54.177680 240656.297875
161 22.820539 -3.977445 9.174913 141.567303 60694.875091
161 22.316558 -0.246413 14.905116 104.057262 160183.873318
161 25.332179 -2.698304 2.862963 160.235499 5909.890679
161 26.513471 -15.963788 10.076090 207.599593 73203.554232
161 14.348484 3.021104 5.068515 282.632075 18522.924403
161 18.342389 -0.655823 4.342876 92.797778 13598.875975
161 13.352777 -8.215974 7.199595 3.297009 37373.533351
161 4.678516 -6.567767 4.663265 154.299240 15679.358056
161 11.751627 -0.454081 9.358389 198.103491 63146.638885
161 15.821327 -5.388309 5.934378 16.997908 25392.091789
161 25.532812 -6.351972 3.984699 280.620689 11448.250333
161 21.069630 -11.824412 4.768545 235.953969 16395.317125
161 7.743711 3.076498 12.173574 155.795232 106852.397272
161 35.656468 -3.178588 10.153417 125.063670 74331.434667
161 -11.233710 14.642911 12.905084 104.466128 120079.738649
162 21.519760 -12.559553 7.919377 98.644805 45219.953962
162 12.348913 -1.981830 4.662257 273.068621 15672.578321
162 12.391097 -6.946822 6.241272 358.780468 28086.288434
162 -3.163910 -5.440431 6.443415 45.013001 29935.071965
162 13.848067 4.367025 6.532978 15.077312 30773.043818
162 9.816658 2.904834 6.036552 190.056942 26273.981923
162 5.228802 -21.698120 11.258505 6.750506 91392.276045
162 13.915647 -12.867241 17.984663 82.117351 233212.961957
162 4.876622 -12.614034 10.345101 276.014239 77164.501265
162 4.750180 4.040568 6.978510 342.468331 35113.444675
162 1.626044 -2.663215 4.785075 130.653753 16509.183318
162 7.513780 -1.156454 4.685856 273.353490 15831.641061
162 8.488890 -15.442250 34.151275 106.384454 840933.995020
162 4.899005 -5.597627 16.687683 239.025128 200789.108609
162 8.765877 8.100997 6.287063 85.299947 28499.921906
162 22.966871 -4.540839 10.148359 168.127239 74257.393090
162 18.781475 1.943566 7.960802 23.780736 45694.269591
162 24.283716 -14.445133 3.512029 171.664042 8893.326925
162 9.585449 -10.446175 7.199647 201.812807 37374.077889
163 27.295799 -0.871668 3.416865 117.304651 8417.898965
163 19.071407 -1.314458 7.000981 280.059539 35339.943265
163 17.010453 -11.151227 20.223855 343.029984 294900.807410
163 9.553224 -9.538343 8.196209 166.943856 48436.654939
163 3.835553 2.023533 2.230002 21.029228 3585.573916
163 1.920226 -1.308387 5.092640 178.268970 18699.670674
163 8.425958 -5.850408 4.095345 80.285385 12092.861530
163 8.523813 3.143409 11.604518 312.843327 97096.214798
163 23.771554 -8.384474 3.857462 277.491929 10728.803076
163 12.862495 -9.017931 2.994198 277.141908 6464.117300
163 -9.929805 6.302123 6.215482 5.873167 27854.646606
163 21.918136 -26.644623 15.883333 297.654882 181899.432389
163 17.107804 -18.506069 7.653151 219.386498 42230.734378
163 15.314601 -9.899702 10.218883 313.579209 75293.051101
163 8.666803 -11.067357 3.233362 125.951517 7538.008625
163 22.062135 -11.582737 3.432351 216.444682 8494.375230
163 26.074247 -3.067309 7.436443 284.864915 39872.968941
163 9.969913 -0.845024 5.070289 198.783769 18535.890324
163 -3.373737 -7.259807 12.660260 17.075642 115566.853682
163 -31.306252 7.752641 0.971665 348.216470 680.740209
164 14.028336 -2.563816 11.326786 269.224805 92504.195456
164 19.892025 -8.666475 2.950268 77.363476 6275.826683
164 6.258741 -6.644957 8.529625 345.141258 52457.543661
164 17.626231 -13.830772 14.377569 284.126112 149045.547367
164 -6.819391 -3.339986 9.083909 314.124849 59496.803139
164 2.166963 -0.450755 20.942955 236.655592 316245.244885
164 16.850083 -12.455503 4.638265 237.249294 15511.692237
164 13.333778 5.639107 2.828186 81.734272 5767.188664
164 9.876826 7.353134 5.626657 92.590943 22827.004738
164 28.300209 -6.953515 5.994759 272.679562 25911.443059
164 17.771385 -1.466078 4.963253 323.900929 17761.551438
164 8.827262 -7.431935 5.833210 107.082776 24533.712602
164 21.177454 -1.551842 7.086332 137.371420 36206.875774
164 8.623112 -0.442001 17.364492 280.894529 217406.363382
164 10.427169 -14.519368 4.452928 313.157268 14296.818467
164 25.741201 -5.642306 4.862155 97.211034 17045.343053
164 19.276598 -1.787632 11.372106 302.174299 93245.923619
164 12.567432 -12.650469 7.365205 2.831220 39112.701157
164 11.272887 -12.750693 5.193099 81.056833 19444.700262
164 13.886954 -1.198295 6.491049 84.114368 30379.303091
165 11.280864 -3.881978 6.845748 205.316739 33790.135071
165 33.922717 -12.173809 3.613273 50.931494 9413.465703
165 0.185993 -4.548888 1.465831 257.940060 1549.229181
165 25.275748 -15.244167 3.325688 13.194602 7974.640356
165 25.945562 8.977467 8.415616 84.497266 51064.592088
165 14.697078 3.776673 6.860817 101.324635 33939.058357
165 16.473785 7.713616 3.066322 118.001022 6779.280217
165 4.797427 5.315073 4.578503 124.236053 15114.545565
165 11.359391 -4.655234 18.282711 46.407530 241006.769732
165 16.532001 -11.790916 20.748599 329.939243 310402.808683
165 14.433796 1.260008 4.857682 91.312209 17013.994054
165 19.999527 -3.173451 28.785610 19.710271 597446.404743
165 1.797060 3.059859 7.341172 222.225292 38857.860790
165 24.457920 -8.744397 6.445795 44.801887 29957.186230
165 3.552285 -14.376423 7.479685 129.760217 40338.033550
165 14.635973 -6.050444 10.315608 349.405502 76725.146936
165 8.217575 -8.005734 9.049207 205.555308 59043.097151
165 16.466369 -6.374936 6.085044 117.473322 26697.804447
165 5.411797 -11.137762 6.197238 294.431708 27691.365313
165 -6.076699 5.617956 2.660470 61.972523 5103.460412
165 -19.934866 7.818286 7.341096 47.062841 38857.054056
166 21.557920 -16.270366 20.937995 200.493943 316095.466812
166 14.234593 -17.730193 10.095074 242.157598 73479.647904
166 20.499398 -1.573074 9.790703 308.415416 69115.559604
166 13.626959 -5.672768 9.246600 147.736774 61647.038888
166 23.214061 -13.800310 8.588335 213.539845 53182.165040
166 11.242678 -13.350789 8.858470 20.876111 56580.330171
166 13.277856 -21.956108 4.308959 288.766251 13387.296567
166 18.610391 3.856730 2.518059 187.669521 4571.723756
166 16.708360 -10.754394 15.159873 162.661903 165706.367598
166 4.330524 2.962704 20.328557 96.857152 297962.200421
166 23.121615 -9.694239 3.974639 161.044861 11390.515186
166 22.735168 0.387728 9.089668 329.142418 59572.271414
166 34.402458 -13.039556 9.522735 276.509837 65383.992569
166 19.498133 -12.426994 5.081968 358.828684 18621.380483
166 23.105300 12.236621 7.012654 261.242633 35457.885692
166 19.003161 -1.426682 6.245095 336.724674 28120.702198
166 9.339278 -18.407783 9.570556 237.955464 66042.339765
166 22.268568 -4.939096 4.399538 32.445335 13956.041972
166 20.565863 -12.674837 7.874068 234.953442 44703.998497
166 11.590463 0.398414 9.217328 307.220772 61257.346032
166 -20.075708 -3.714866 7.087306 104.519785 36216.828214
166 -28.699437 8.568637 6.498702 170.917319 30450.985995
167 4.100611 -0.248745 2.352914 59.086502 3991.721200
167 12.431691 -13.813818 4.100862 208.836794 12125.466029
167 30.930792 -3.526949 6.636548 138.413043 31756.491326
167 4.336013 -5.086445 7.253062 299.287684 37930.699372
167 7.958845 -2.408229 9.061172 170.575495 59199.335203
167 11.413702 -4.862525 10.180832 337.084596 74733.374588
167 19.785917 -11.268588 5.273142 347.142982 20048.739823
167 12.131001 -9.231290 6.717703 80.641536 32537.907682
167 7.143309 -0.252845 2.659323 146.313205 5099.062867
167 -9.644915 -6.471245 4.152886 80.310274 12435.063900
167 16.767344 -5.018669 5.241110 15.590808 19805.903185
167 17.359366 3.961900 8.574335 215.515331 53008.919523
167 21.012333 -1.572519 6.667767 8.249239 32055.965259
167 23.101706 -18.276143 12.545018 337.026244 113472.501696
167 22.472213 -4.440600 15.558989 76.225377 174546.362074
167 -2.421697 1.495309 20.431928 319.317416 301000.191189
167 19.103524 -2.980357 4.162842 115.990160 12494.758261
167 9.856354 -5.521616 8.258041 260.431780 49170.219423
167 14.117685 3.645262 4.418049 314.235002 14073.726953
167 16.495895 -15.553136 3.479228 194.007358 8727.984366
167 -19.053486 -10.701827 5.646738 31.434243 22990.231780
167 -17.191936 23.204974 4.601488 341.286970 15266.679954
168 20.689091 1.349076 4.940907 214.305392 17601.975505
168 18.682065 -20.738269 13.909651 211.151598 139502.024915
168 14.677270 -13.362930 4.025068 36.196920 11681.387490
168 13.272909 -1.490408 33.700050 345.900038 818859.065227
168 18.477208 -16.400675 3.166872 132.530501 7231.179095
168 29.117505 -14.121541 8.057930 72.352967 46816.083040
168 11.846530 -15.457399 7.767035 202.805463 43496.927480
168 -1.368971 -4.812567 1.989472 0.644283 2853.800237
168 9.517048 -6.883034 3.109414 230.039637 6971.163228
168 13.209147 16.439499 9.879277 75.754183 70371.761935
168 17.885188 2.388382 9.101232 109.335416 59723.934558
168 21.572925 -8.413635 6.477709 140.401381 30254.569253
168 11.027537 -8.490587 11.212368 212.175097 90644.764931
168 16.242646 -2.739705 14.354565 332.597021 148568.975467
168 11.983338 4.617955 5.134930 295.915535 19011.535663
168 2.598589 8.872869 4.422668 163.187621 14103.171297
168 24.271271 -3.149771 6.936036 335.801468 34687.316843
168 18.581989 10.730598 5.731916 189.979878 23689.049703
168 12.365933 3.799266 7.265252 123.651759 38058.303339
168 20.045744 -5.535924 6.906205 21.581158 34389.585658
168 -14.378691 -11.439741 3.519898 350.197014 8933.226289
168 -12.981027 14.048186 1.694235 253.481042 2069.642032
169 9.006441 -0.141427 2.141120 58.568191 3305.446945
169 15.465460 -16.094807 7.908743 315.761233 45098.589118
169 22.335920 -6.142716 14.069078 69.186930 142718.186566
169 10.616641 -15.419692 4.207403 318.605489 12763.688450
169 7.048758 -8.227982 9.860784 123.751022 70108.544041
169 -9.374481 4.237905 12.162040 21.027195 106650.011848
169 15.019285 7.619912 4.045156 208.285997 11798.277767
169 11.227606 -13.895255 4.564264 34.234239 15020.680757
169 24.873044 -8.000391 6.415142 45.929339 29672.943819
169 20.550183 -13.639757 5.534971 246.842782 22089.134892
169 13.795027 -5.072315 4.208375 139.019798 12769.590100
169 24.629900 -22.937903 6.800323 166.218690 33343.195291
169 15.835727 -2.056566 5.065752 124.364701 18502.736399
169 15.144911 0.608854 6.217999 282.466886 27877.212902
169 8.863424 3.493386 3.986028 66.272930 11455.885359
169 12.831309 2.044747 16.830909 279.295290 204250.538467
169 17.558640 3.661124 1.776284 56.364230 2274.955553
169 19.821560 -7.564672 7.029142 295.554495 35624.821161
169 11.218949 -5.803255 25.872934 5.046279 482657.914398
169 22.236651 -12.719402 5.072802 204.031588 18554.269718
169 -22.982575 17.336512 7.501350 95.749418 40572.050562
169 -13.039945 9.448098 8.670988 156.159671 54210.722540
169 -22.341871 -12.681814 2.826671 255.831172 5761.009551
170 4.897690 -5.689229 16.080273 209.617135 186438.210196
170 15.654795 -12.727409 3.061823 63.230679 6759.402620
170 7.150514 7.484988 6.681229 270.608015 32185.538299
170 19.021498 -8.428049 10.457768 226.833873 78854.421334
170 23.752675 -13.863941 11.332937 55.554236 92604.702578
170 16.668183 4.287119 10.746763 217.279922 83272.840765
170 17.084933 -12.541331 5.603625 324.089517 22640.511553
170 6.812010 2.879762 8.487163 260.149222 51936.562600
170 16.220491 -0.494903 7.640357 271.662557 42089.660284
170 13.672573 -9.681995 3.143857 331.135123 7126.455877
170 11.202145 5.069952 5.619508 186.533888 22769.038559
170 9.870660 -14.686735 4.281455 228.411765 13216.938781
170 19.315944 -7.734412 2.201811 134.426660 3495.492152
170 -17.912759 -3.266706 6.837112 124.973286 33704.937178
170 16.950681 -6.377069 7.635786 134.285874 42039.309751
170 1.451779 7.711772 2.531264 148.748514 4619.798433
170 14.487675 -1.021472 15.370425 350.814385 170341.251593
170 25.959289 3.557454 5.492977 61.802621 21755.229550
170 4.223542 -8.138490 6.794876 346.775433 33289.793120
170 17.119234 6.478469 10.982320 176.690140 86963.344034
170 25.284233 -7.926039 5.822045 6.314965 24439.887660
170 -2.289463 -10.341446 5.402170 120.226286 21041.882993
170 -14.510371 16.336600 7.174770 253.944588 37116.248720
170 -10.759384 2.153587 3.357542 226.276783 8128.138379
171 22.074321 -14.191674 13.403501 230.175538 129534.240403
171 16.378635 -15.431872 5.337316 359.950878 20539.689961
171 21.185334 11.868626 9.323956 316.186618 62682.820351
171 10.442929 -9.405845 4.877560 281.313098 17153.525542
171 12.622882 -4.965859 5.491819 332.085655 21746.054039
171 27.395872 -9.708066 3.661755 159.525264 9667.777952
171 19.443134 3.416220 7.282353 190.931730 38237.681471
171 17.600059 -6.480505 8.002406 275.158640 46173.122450
171 6.585954 7.441489 2.965517 244.595626 6340.869205
171 5.605489 -9.990650 13.123666 104.535768 124181.931618
171 25.866929 -8.148278 9.223576 325.781419 61340.419825
171 17.418961 -8.649061 8.218192 67.852490 48696.824190
171 18.278361 -4.228226 9.599691 282.136414 66445.039506
171 21.791181 -3.333511 12.627980 314.957919 114978.281041
171 2.612961 -11.603245 12.782542 138.760733 117810.108162
171 19.620849 -3.521919 12.567123 84.785300 113872.741792
171 10.779981 -8.375237 12.635259 103.546342 115110.872794
171 12.089286 1.905951 12.009323 102.217251 103988.446708
171 13.878470 -5.186750 2.383503 188.571891 4096.185053
171 -4.662041 -14.458084 5.790598 246.265229 24176.581604
171 22.340551 0.474596 7.067011 132.152875 36009.710742
171 -37.799416 8.195006 3.733737 126.525986 10051.609715
171 -14.941605 -5.459511 9.095079 150.722853 59643.214787
171 -21.660929 12.606077 16.981874 132.208006 207931.032096
172 10.871221 -7.405229 4.718747 172.810894 16054.674597
172 2.896066 -9.339473 12.845840 318.403353 118979.762448
172 13.766168 -9.707828 3.868053 18.331270 10787.802600
172 19.417509 -12.356706 9.760030 169.494704 68683.182818
172 10.448645 -3.676383 4.533339 264.732293 14817.824331
172 9.121458 -2.060309 5.054008 253.784760 18417.041233
172 10.638185 -1.472634 4.643310 106.638121 15545.451665
172 13.851837 -11.107256 7.894439 132.632144 44935.606593
172 18.364590 3.822968 7.803681 274.744061 43908.341861
172 12.355705 -8.321611 2.822361 176.118296 5743.455511
172 3.623467 -0.841840 6.107008 262.861546 26890.885123
172 -11.215896 -4.135666 4.997253 98.510600 18005.730161
172 2.318262 -3.037847 17.343848 182.858846 216889.736135
172 13.382962 -8.678567 16.081301 146.100171 186462.050249
172 21.124200 -4.912923 6.103813 12.235525 26862.751079
172 17.687318 -7.878831 13.204559 320.164913 125717.542683
172 11.808695 -0.751216 7.123928 190.368343 36592.083840
172 10.141860 -3.195205 10.929088 325.984802 86122.366307
172 12.670241 2.031903 2.862999 312.040209 5910.040608
172 22.715381 -0.429088 5.942241 159.826507 25459.423159
172 23.455925 -3.353066 3.775097 173.345666 10275.533313
172 -9.061449 3.282121 7.723863 236.242687 43014.731206
172 -31.296917 5.729593 11.503350 187.368308 95410.629138
172 -17.625981 5.762030 6.619659 273.774456 31595.069841
173 22.740672 -14.876802 3.961245 131.548389 11313.878175
173 7.983248 4.968503 2.986399 290.802765 6430.486999
173 9.940793 -10.635505 3.424245 132.418336 8454.301470
173 13.273575 -20.640722 10.315139 225.588481 76718.168885
173 15.632146 -9.488631 3.789797 285.853844 10355.710465
173 16.636789 -6.686266 16.852919 270.083729 204785.089038
173 18.929928 -3.813422 3.869581 105.848219 10796.327374
173 2.317318 -3.114589 6.010719 271.075035 26049.589651
173 22.852292 -14.336146 3.921184 208.169110 11086.197672
173 17.797447 -13.445504 13.465895 286.370442 130743.031263
173 19.659175 -3.825680 9.445917 65.333741 64333.374861
173 22.924160 -7.283673 17.557106 168.482493 222256.224274
173 8.010399 -11.694405 3.459847 327.029404 8631.014340
173 3.013630 3.513358 2.009448 149.824368 2911.398123
173 11.038390 8.915257 4.339561 166.945172 13578.123461
173 21.436223 -13.055565 3.679830 259.034519 9763.458165
173 2.318099 -0.426316 2.489791 336.396584 4469.654135
173 18.502981 -11.058488 6.201896 304.993262 27733.013625
173 14.907122 -5.176413 5.655820 83.337575 23064.247705
173 6.755522 -0.141946 8.734147 9.238350 55003.334476
173 23.266534 -2.252989 4.087523 13.469804 12046.711512
173 -21.561204 2.012843 7.813699 134.302467 44021.152345
173 -6.791185 -14.346676 5.378940 220.786077 20861.302557
173 0.794186 -4.782263 5.733161 3.645423 23699.344174
173 -18.636680 11.920086 9.142439 325.214254 60265.982753
174 12.060555 -4.317650 9.220809 64.546474 61303.621898
174 24.660291 1.567965 8.538258 186.388193 52563.781000
174 4.889467 -11.133157 13.595294 337.327429 133267.808187
174 15.856421 -8.803349 16.042034 20.918571 185552.564648
174 19.392770 -8.139131 7.117584 170.679765 36526.935882
174 14.904358 1.815649 11.250599 268.864375 91263.968164
174 17.134520 -5.571186 7.319945 93.909038 38633.465462
174 17.738786 11.662632 4.083916 83.816950 12025.461109
174 14.815336 10.257853 3.730953 75.704367 10036.623805
174 15.285861 -3.014360 2.588186 100.342370 4829.908170
174 20.541038 -14.672277 3.499120 199.862014 8828.068238
174 22.524577 -5.025398 6.553334 155.011972 30965.111525
174 2.246216 -8.773897 4.541970 281.573614 14874.304442
174 8.032888 15.097346 18.867359 103.959365 256667.150401
174 19.723584 -6.687471 8.353560 25.718313 50314.275356
174 12.431363 2.461534 6.101779 102.733411 26844.852357
174 19.930291 7.826958 3.781968 358.704065 10312.972448
174 24.203964 -12.085119 2.996847 50.771504 6475.559096
174 14.227642 -9.957085 4.892819 75.079643 17261.014423
174 4.535548 3.217251 3.235569 208.323336 7548.305578
174 5.594725 3.419014 12.034327 167.600309 104421.931303
174 -22.341257 3.006094 7.405417 11.450834 39540.952342
174 -24.218198 -7.839141 8.236317 227.702434 48911.859453
174 5.038245 -2.908702 5.720319 268.830252 23593.295721
174 -24.310056 -1.975690 6.422105 334.247907 29737.390249
175 12.925832 -1.540602 9.136131 191.023530 60182.844769
175 21.027643 -7.925754 3.366853 187.434413 8173.281831
175 19.945439 5.227755 3.552375 51.978153 9098.833883
175 16.768443 -15.726210 25.161021 269.679109 456461.952330
175 7.554097 -5.859414 2.985235 202.675029 6425.473262
175 13.647489 -23.065955 6.483123 132.331583 30305.162242
175 8.307696 -2.046275 3.602568 98.193129 9357.771013
175 14.347901 9.474402 7.050232 356.608134 35838.915950
175 6.115326 -4.925689 15.109239 209.667075 164601.304793
175 15.167655 -3.904620 12.500424 72.640610 112667.223555
175 14.647564 -3.081936 9.761330 342.638993 68701.475782
175 21.846593 -9.440240 9.017381 282.790610 58628.514674
175 16.005342 -5.806332 9.627697 107.036014 66833.302151
175 -0.277995 -3.480459 6.228147 149.188575 27968.281030
175 4.053741 4.047009 2.272290 165.973647 3722.851049
175 15.070888 -2.670322 4.712255 161.949173 16010.528925
175 11.139177 -19.883610 12.538618 352.751812 113356.765324
175 11.978786 -17.406833 4.300073 257.892241 13332.132961
175 11.332407 1.417671 9.459621 275.765369 64520.181569
175 16.394713 -15.318703 9.491271 43.884921 64952.648203
175 13.592449 -3.897660 4.068330 185.301113 11933.843831
175 -11.933108 11.818352 13.255548 62.283405 126690.328215
175 -12.330489 4.688169 10.567466 278.593588 80517.402679
175 -17.634537 9.877592 13.381391 94.075137 129107.232964
175 -18.511561 12.643694 13.846743 306.089547 138243.061605
176 15.187372 -10.457132 6.135016 211.777502 27138.100551
176 6.239335 -9.020135 4.211100 123.068403 12786.129918
176 22.469487 -11.982493 12.653999 310.148885 115452.595076
176 12.731487 -8.594665 6.826937 322.414888 33604.686831
176 12.816815 -6.165377 13.017306 160.137828 122177.228236
176 3.690071 -1.556152 2.372943 7.123468 4059.970203
176 2.343520 -1.240837 7.908489 158.632886 45095.693307
176 9.056113 -3.018073 8.880056 326.936643 56856.419333
176 14.614768 -13.226167 10.354694 269.055050 77307.680885
176 13.170038 2.532900 4.065699 253.230776 11918.415669
176 22.407721 -1.547018 10.228354 294.112926 75432.680328
176 14.253313 -22.516903 13.369625 155.266514 128880.303500
176 12.569217 18.244254 4.913616 26.382781 17408.068200
176 13.524506 -15.074368 24.449590 109.612952 431013.851816
176 19.964356 6.774941 19.303371 121.605584 268667.031285
176 10.287552 -4.047335 10.010170 349.007876 72248.849795
176 13.231028 5.583758 6.463282 68.267341 30119.954918
176 5.832744 1.065020 8.531148 68.879831 52476.284120
176 12.751000 3.555136 3.329867 16.931899 7994.694819
176 16.616058 -17.585417 5.684720 89.902251 23300.549160
176 19.738788 -7.260648 7.095510 161.557435 36300.724408
176 -16.379435 5.179581 12.299068 84.241641 109066.771513
176 -13.357301 3.430465 11.859889 137.799431 101416.658442
176 -20.672259 -13.612309 7.020999 138.129285 35542.328396
176 -28.173032 3.248084 22.853986 329.154258 376592.789270
176 -24.177824 4.184252 4.413424 131.125458 14044.278091
177 25.861058 -8.546759 4.881712 78.566269 17182.742043
177 16.213637 8.107566 3.955964 35.165678 11283.731451
177 24.073187 -12.248798 3.119794 352.219170 7017.782638
177 10.528275 -7.793756 6.224742 225.693236 27937.712016
177 15.276155 -6.269848 3.954060 11.964512 11272.871369
177 16.982861 7.538624 16.834699 193.096897 204342.536235
177 11.996301 4.015531 5.903703 324.685332 25130.269584
177 15.461040 1.693082 6.341194 123.046657 28992.803265
177 26.506712 -8.335396 20.114695 50.371060 291725.905971
177 20.282976 -13.196967 9.697347 176.747205 67803.779907
177 14.848761 -5.108305 8.073362 200.490930 46995.575366
177 13.256465 -13.835116 5.033422 136.094305 18267.316558
177 16.710955 -4.732431 12.903026 210.761694 120041.438627
177 25.204775 -25.744372 12.970138 266.994905 121293.417836
177 21.260311 -10.494679 11.958277 260.305509 103106.326126
177 9.921600 6.213683 4.081516 185.310523 12011.327713
177 16.277015 -5.250677 5.178260 214.408765 19333.732696
177 14.643356 -1.517531 4.675172 332.502738 15759.530128
177 6.457424 7.609788 9.994298 278.993875 72019.928065
177 3.394942 -0.040435 5.199236 266.136852 19490.683718
177 9.490650 -1.512724 8.392321 89.504356 50782.286004
177 7.800522 13.967046 9.821421 10.757371 69549.934130
177 -27.672165 13.142874 11.167192 166.268777 89915.809264
177 -20.343373 20.691517 4.735034 304.445897 16165.692826
177 -10.098489 -6.190051 8.554391 200.877376 52762.605944
177 -31.016123 -24.082830 6.487884 222.746273 30349.685976
178 25.244896 2.183327 4.749930 117.857860 16267.561285
178 15.997699 -7.933642 6.794071 10.235676 33281.905275
178 20.559008 8.455330 13.141164 305.205142 124513.295168
178 13.368063 -8.954748 4.987951 319.892273 17938.757159
178 -7.054761 -15.439630 5.634685 355.749033 22892.191732
178 9.297093 -18.995507 10.765520 24.471318 83563.778659
178 6.561183 -9.152652 12.481897 338.574685 112333.499043
178 4.229579 -1.491261 4.423732 12.093131 14109.958228
178 17.509578 5.432299 5.873775 47.511256 24876.122403
178 26.182196 -10.954534 13.914294 157.441127 139595.177177
178 11.884090 -0.444511 3.133799 335.484176 7080.928558
178 -0.071660 9.520199 8.067323 302.383144 46925.288605
178 6.199995 -9.961782 4.797261 227.930543 16593.376381
178 20.545601 -10.318718 3.613007 323.543619 9412.081199
178 12.637947 3.037076 23.776853 42.821140 407621.264915
178 23.274634 -3.977978 1.764520 48.718040 2244.922644
178 18.131012 -6.768987 26.266358 157.043171 497448.136341
178 23.960323 7.042327 7.785646 33.525996 43705.625169
178 19.179714 3.647836 9.135936 241.033535 60180.273268
178 19.059945 -2.219299 4.907233 228.871196 17362.866347
178 6.605925 -5.790177 7.265398 23.014553 38059.837245
178 -2.613818 -0.696226 3.287080 177.870453 7790.561290
178 -15.045316 20.031510 4.430536 144.303302 14153.396469
178 -7.825012 -2.435871 2.255686 299.204487 3668.641048
178 -17.685660 -3.421628 8.829047 328.072576 56205.103851
178 -27.084770 8.064018 1.776261 6.458412 2274.895832
179 17.371853 -10.711492 3.196870 31.208494 7368.820326
179 22.275483 -4.662742 4.950846 185.236972 17672.864848
179 7.712281 -7.357328 7.459491 73.491304 40120.508552
179 9.488478 -12.264082 3.287529 20.409797 7792.686277
179 15.195753 -16.593169 8.511704 91.244322 52237.342332
179 9.010704 9.893584 3.412674 322.918730 8397.263532
179 21.589921 -24.588844 4.920281 285.680615 17455.320140
179 6.160796 -10.958538 5.196669 78.579016 19471.447561
179 18.914952 -22.774224 26.651422 198.721862 512140.168808
179 16.713114 -0.624496 4.119957 57.076671 12238.649074
179 4.753495 -7.055003 9.340114 38.964320 62900.257933
179 20.803857 -1.482683 2.613020 339.861188 4923.040852
179 24.310951 -18.128826 5.649233 258.215755 23010.550402
179 16.219419 3.012015 5.058112 2.899967 18446.965941
179 20.479593 -10.330521 8.340053 2.138187 50151.704823
179 19.417388 8.226411 9.808437 89.691564 69366.161108
179 -1.206468 -1.404136 4.843970 229.884333 16918.073711
179 12.090052 -10.610331 5.584396 196.342398 22485.394148
179 5.138971 -1.926073 12.413073 10.825228 111098.107029
179 -0.354250 -13.648189 22.621959 13.805971 368984.802593
179 10.816492 -0.648750 6.716169 298.438165 32523.054260
179 -21.250160 -18.054189 5.930825 209.860769 25361.695046
179 -23.312460 -7.190388 4.254227 198.226396 13049.363635
179 -8.968638 6.597644 5.846413 221.505145 24644.903627
179 0.913324 12.670086 7.921604 126.852707 45245.391728
179 -15.879363 -3.660568 5.513701 183.536082 21919.693573
180 11.573652 -7.412123 3.823540 309.740365 10540.940031
180 18.753408 -1.994005 4.629896 45.992571 15455.769287
180 19.614910 -7.018504 5.937769 31.697052 25421.118532
180 11.206551 13.133190 7.779951 312.034206 43641.709618
180 9.043231 -20.857111 4.278138 87.256619 13196.469205
180 6.992550 -4.769205 4.906048 143.441759 17354.482863
180 18.152844 5.988546 7.661021 141.525099 42317.631562
180 16.251905 9.787615 2.432133 230.069159 4265.037262
180 22.046500 -9.188087 3.102862 99.784264 6941.812379
180 9.758956 -8.219283 9.941655 224.398665 71263.224133
180 2.986032 12.006132 7.342490 165.064406 38871.809590
180 29.825330 -5.515277 2.359223 196.775507 4013.154922
180 18.855530 -1.605744 4.808883 312.713648 16673.871452
180 15.404819 8.844535 8.048203 53.149026 46703.124759
180 1.058599 -6.448877 2.153315 98.306150 3343.206752
180 14.268236 -25.799726 4.537466 55.504230 14844.815124
180 9.534133 -6.221181 6.247020 289.469794 28138.037708
180 3.408884 5.994237 8.475205 91.816322 51790.309310
180 -8.470069 1.063491 3.370430 280.271148 8190.654653
180 8.603167 -11.125417 15.367238 317.622000 170270.606716
180 17.412633 0.922285 3.823514 79.107817 10540.797086
180 -14.720996 -12.940406 4.895620 280.859849 17280.784421
180 11.075623 -3.196188 7.518407 338.131504 40756.773196
180 -4.896078 9.984688 7.903306 81.091917 45036.602442
180 -15.566730 -15.083842 6.741853 52.007721 32772.276572
180 -19.272794 19.485788 3.526086 262.744209 8964.663155
180 -31.116585 15.895770 9.426757 33.208789 64072.650694
181 20.406545 -19.602948 3.308433 311.588849 7892.102427
181 13.423004 10.076730 8.634981 176.788131 53761.433650
181 11.890391 -11.954126 11.110729 33.162319 89008.841582
181 3.364692 -4.625990 9.110048 227.480734 59839.693705
181 11.968978 -4.964415 10.461606 169.704666 78912.310197
181 16.263924 -8.621149 6.391127 229.536421 29451.198711
181 15.391438 0.807751 4.124445 273.078847 12265.326984
181 8.060629 -5.115429 10.978971 347.754991 86910.325656
181 4.133659 -12.385754 4.908175 107.642086 17369.535236
181 13.909183 -4.588624 11.192988 226.459026 90331.694309
181 23.337995 -0.778053 9.420882 265.783900 63992.816978
181 5.378567 -8.449630 4.217769 68.863172 12826.662061
181 21.044110 -8.108046 8.766102 44.320963 55406.556126
181 14.165850 -12.901194 6.810278 286.749574 33440.889260
181 16.328730 5.142725 5.760362 114.795544 23924.766124
181 12.259739 -4.230233 5.033814 239.281111 18270.163309
181 24.637197 -4.953058 7.286358 244.383051 38279.746424
181 1.724224 4.656047 5.745577 233.788503 23802.102010
181 11.089010 -4.637857 4.805045 188.057642 16647.268554
181 16.663454 -6.758633 4.812008 202.733607 16695.550735
181 17.803449 -1.742221 8.348269 344.584151 50250.564658
181 -18.794853 23.845043 4.778723 162.478371 16465.378330
181 -33.424661 15.112411 21.578138 137.698657 335719.050240
181 -28.210920 9.262224 12.101268 54.681835 105586.852041
181 -19.902175 19.849268 7.941145 163.611594 45468.885075
181 -18.356992 8.462697 8.970174 207.850003 58016.276034
181 -7.347550 5.114479 9.913542 215.281217 70860.752310
182 10.897656 -1.474649 10.863731 161.110010 85095.398049
182 8.863151 -8.873433 8.487747 217.358459 51943.704668
182 19.562675 -2.748490 8.041504 304.519007 46625.406530
182 16.838787 2.130630 4.015466 52.716638 11625.722977
182 5.826978 -9.033923 4.022731 189.562096 11667.831034
182 4.755237 8.605101 3.491853 8.255958 8791.437606
182 15.405989 -0.799205 5.357042 255.434321 20691.795191
182 10.563726 -9.637256 11.082966 129.660554 88564.584870
182 16.739323 -15.526452 7.922863 217.012916 45259.769695
182 11.826622 -7.459369 9.804732 23.701922 69313.765197
182 14.914608 -9.495444 3.476524 344.948976 8714.421056
182 12.710403 -2.048280 17.343402 329.418357 216878.571853
182 25.616337 -15.513222 10.046931 304.260540 72780.481512
182 10.528291 0.959667 3.682158 349.149079 9775.812372
182 15.233719 11.563898 4.704363 150.131990 15956.941757
182 5.936370 -16.618993 4.186343 230.643769 12636.237251
182 18.882466 -5.492983 7.277945 285.433162 38191.406680
182 14.965517 -14.994104 10.838896 274.530023 84706.777277
182 13.249656 1.954176 9.162000 118.510310 60524.139871
182 5.154330 1.353632 2.980206 3.035071 6403.843278
182 8.981106 -3.876585 6.372228 216.606151 29277.279184
182 -21.475675 9.181755 2.143093 212.577653 3311.540231
182 -5.039387 -0.877113 12.564530 211.715664 113825.768928
182 -9.982797 6.319300 7.355531 169.401853 39010.021552
182 -10.647436 -1.577250 8.225699 118.315844 48785.827955
182 -24.540962 2.060824 7.763660 273.048198 43459.138821
182 -12.219935 -5.421948 45.729937 284.983333 1507819.230758
183 14.297748 11.796806 9.354431 51.450291 63093.244365
183 3.082573 -3.192221 6.210565 125.670103 27810.596307
183 20.187082 -7.937335 8.367765 115.035776 50485.542306
183 10.419732 -11.591044 3.850168 163.867310 10688.269979
183 17.388336 -13.512766 6.962561 59.745269 34953.130491
183 11.896745 -1.763420 4.051619 199.242397 11836.010959
183 15.787905 -9.008036 6.014942 116.117493 26086.206517
183 9.029410 1.891956 6.283545 261.060840 28468.040282
183 2.241017 -6.083406 3.303866 227.530917 7870.329159
183 11.100210 -6.780471 5.412508 23.860662 21122.489258
183 9.863067 -2.385156 10.531268 116.017626 79966.738860
183 15.417696 -10.596754 10.648133 335.624847 81751.369248
183 7.875296 -9.672667 3.755187 113.629365 10167.431029
183 12.439053 -19.029048 3.018016 124.141409 6567.363138
183 16.454859 -6.310750 4.498663 33.038166 14592.002992
183 8.625281 -11.254473 7.530557 174.404674 40888.606804
183 20.989672 -7.969916 2.166078 259.828023 3382.956283
183 14.697140 -3.525796 2.464855 271.211358 4380.572322
183 9.903865 -5.758731 16.471429 275.704737 195618.824271
183 5.407298 3.887595 13.572800 339.807041 132827.192558
183 16.317569 -9.831756 3.713648 227.635989 9943.735911
183 -15.380641 -0.461328 7.292277 99.599229 38341.962606
183 -15.472051 14.694200 2.958145 67.558061 6309.383375
183 -41.543079 19.255389 5.289658 17.095909 20174.523520
183 -25.166688 -1.313356 14.194807 112.179307 145280.408817
183 -14.200979 -7.405922 5.845202 71.662729 24634.689717
183 -21.153742 -1.528696 7.472470 353.478443 40260.251610
183 -18.881446 5.169070 3.236383 20.683243 7552.102433
184 8.408946 -0.362371 5.781425 62.487727 24100.044560
184 12.463191 -13.013422 5.749830 256.510051 23837.352218
184 27.276197 -6.294290 2.455301 204.563053 4346.678107
184 19.123693 -20.633055 6.537163 186.529353 30812.487143
184 18.944471 3.884600 13.224588 244.561865 126099.218383
184 21.118238 -9.586523 6.866839 181.734488 33998.659384
184 5.086640 -1.339742 5.947310 189.030114 25502.877153
184 21.067292 -10.731833 2.226114 109.563264 3573.081157
184 13.961049 -13.827383 5.720943 200.947784 23598.442864
184 16.543820 -33.400250 6.459150 279.450574 30081.455307
184 0.041851 7.785271 19.596086 215.952376 276876.922158
184 15.518385 -2.597350 11.758943 246.093408 99697.588258
184 10.437985 -6.413185 7.592109 54.516660 41559.746579
184 6.369916 4.513352 9.829840 176.077883 69669.218722
184 17.457058 3.407566 13.405905 109.216130 129580.704538
184 10.007328 -6.397764 5.414041 350.032047 21134.460405
184 8.822924 -12.139826 8.523604 133.796305 52383.516715
184 18.928019 0.962865 5.152133 154.555364 19139.133723
184 12.556002 6.405583 5.988656 354.030888 25858.705028
184 10.234304 -21.593562 11.025286 33.449048 87645.128387
184 19.667134 -1.549146 22.792642 233.460508 374573.798256
184 -0.868746 -8.219773 12.868187 302.138283 119394.072848
184 -30.658950 -1.966426 5.738133 62.148694 23740.471970
184 -22.625219 7.151182 7.026138 321.423499 35594.374389
184 -6.273718 -3.406119 8.219623 294.978498 48713.781434
184 -4.392015 -3.806194 2.984784 213.838536 6423.530535
184 -9.341942 26.809705 20.088069 5.630666 290954.078251
184 -24.711152 10.670002 6.032173 17.006363 26235.878595
185 15.576562 4.337228 5.208551 322.856185 19560.589289
185 18.068082 1.173417 3.979639 194.755574 11419.193886
185 9.894751 2.317701 6.145884 122.903402 27234.336068
185 5.716525 6.167531 14.938330 11.404358 160898.570934
185 10.000274 2.911222 5.882277 31.206703 24948.186303
185 34.427364 2.481118 7.059510 236.970542 35933.309875
185 12.829731 4.304656 3.790936 67.222419 10361.938413
185 20.660124 -5.148741 8.152508 157.382039 47921.516557
185 12.194648 -14.273107 5.299642 257.418438 20250.752365
185 14.670774 -11.199775 13.085545 225.087304 123461.539800
185 10.739833 -18.317715 4.554768 282.567907 14958.245242
185 9.760636 -11.327230 17.185760 277.293950 212953.884523
185 9.287522 -4.880786 7.503152 355.470634 40591.545701
185 6.551193 -9.491990 3.162661 329.808752 7211.958771
185 1.564363 19.769479 18.158188 232.561591 237734.992661
185 18.083572 -9.691387 13.817399 240.732566 137657.750867
185 12.512897 -15.467802 5.124603 104.271076 18935.142131
185 19.124764 -6.772772 4.837009 9.618633 16869.487726
185 5.718278 -5.503228 3.260244 347.312704 7663.871445
185 8.095073 -1.054102 7.217881 203.403558 37563.626159
185 7.749046 -10.392486 5.516936 231.054988 21945.423396
185 -30.375197 15.140554 5.795159 314.634299 24214.682066
185 -18.856490 12.372220 5.312693 216.391678 20350.611855
185 -3.092038 -17.714952 11.709131 352.653405 98854.712810
185 8.207685 -7.389475 2.023246 131.940210 2951.518409
185 -6.568079 15.236453 6.063979 336.200751 26513.283647
185 -24.794430 -5.529923 8.816976 207.284033 56051.516527
185 -24.606692 0.775403 8.747409 246.287321 55170.501196
186 14.503062 -11.054515 10.065045 345.551310 73043.148024
186 12.827471 4.115226 7.460386 40.744158 40130.144386
186 16.689446 -7.316237 3.288515 262.826110 7797.361884
186 10.796302 3.842598 8.478846 87.147387 51834.814163
186 10.853370 4.777930 9.367466 97.697069 63269.195513
186 10.367784 7.425667 10.282261 262.906557 76229.898526
186 5.921072 -4.465225 10.367214 304.413493 77494.740168
186 11.217674 -1.051846 14.561889 224.526502 152891.554552
186 23.391443 -14.278918 2.988166 122.513835 6438.095434
186 10.317689 -14.490021 3.540586 340.279202 9038.540520
186 6.296123 -4.154567 8.057978 59.421975 46816.641787
186 3.359167 -2.320969 7.694342 350.656334 42686.544794
186 3.085031 -7.720885 4.841155 284.409849 16898.418375
186 14.534020 -12.699308 10.107760 10.175957 73664.441806
186 12.754462 2.007675 2.250073 21.067382 3650.406515
186 6.414013 12.641518 7.627448 144.428023 41947.550278
186 -1.753881 -16.248171 6.375417 303.670626 29306.591390
186 23.615822 6.699810 3.916311 142.740442 11058.655568
186 14.700414 -12.057164 1.889116 255.317834 2573.151085
186 -3.791222 -1.424149 11.507526 197.729672 95479.918550
186 6.861432 0.748011 10.592314 49.279155 80896.510217
186 -5.951219 22.934948 5.559542 206.042972 22285.689729
186 -22.047653 11.735462 5.622527 307.322304 22793.509881
186 -21.946096 -4.248230 7.476368 326.849338 40302.265082
186 0.086764 -5.597951 16.748103 17.987856 202245.719658
186 -29.517139 -0.822906 8.431698 165.872886 51259.951504
186 -25.753077 1.435993 6.067640 224.369016 26545.306387
186 -19.600999 10.321883 5.526902 285.356200 22024.783954
186 -19.200510 2.570906 7.966407 46.687921 45758.628904
187 8.027241 -15.591172 6.420201 59.661912 29719.763835
187 11.496478 -6.044528 15.168943 240.049925 165904.706897
187 3.820313 -5.774170 5.046845 239.449021 18364.875963
187 4.659290 -11.353665 5.440409 87.830593 21340.819807
187 7.078770 -15.452811 6.612792 70.640392 31529.555973
187 8.551564 -11.606162 6.736280 208.489586 32718.116464
187 6.829757 8.332000 9.778514 262.441729 68943.578390
187 13.746635 -4.737067 4.943101 285.858200 17617.610236
187 11.909967 30.106289 27.718840 118.777006 553985.231834
187 4.806821 1.545056 5.921710 3.628412 25283.795932
187 9.976274 -13.843057 8.196981 263.444843 48445.776764
187 8.962813 -15.414143 4.212797 21.335463 12796.441522
187 11.006576 4.671200 9.358464 251.866344 63147.659523
187 15.632387 4.651879 3.525937 30.974359 8963.902853
187 8.491745 -14.273149 2.982141 151.566018 6412.162772
187 12.967407 -4.289104 8.742055 356.037051 55102.988369
187 16.843116 -5.198834 3.799874 335.792857 10410.854404
187 8.686423 4.332605 12.923382 118.376254 120420.500434
187 0.069654 6.971995 13.289083 40.446990 127332.158347
187 18.044921 -0.928650 3.602131 190.130872 9355.502006
187 -22.040748 17.371650 7.357435 301.706839 39030.216458
187 -19.621013 -5.317224 5.998224 218.961965 25941.397690
187 -4.233944 -5.552528 7.625614 322.136893 41927.383008
187 -13.528612 -8.695816 7.579481 257.247765 41421.610604
187 -17.195728 -7.295381 7.921891 326.373080 45248.671340
187 -20.606726 12.492868 5.884493 51.287906 24966.988597
187 -17.010977 -2.147313 4.990278 5.121910 17955.501723
187 -15.035605 -2.290737 2.390693 126.012215 4120.935514
188 11.109151 -11.515764 4.623162 94.689116 15410.840014
188 22.892800 -3.918384 2.601553 343.471325 4879.926560
188 13.808765 -16.726526 19.778685 305.353189 282060.898312
188 16.267487 -2.474931 1.692241 32.342881 2064.772981
188 17.305640 -1.011779 11.410379 99.737130 93874.619496
188 10.631863 -16.242607 7.726664 210.422302 43045.936086
188 2.349168 5.418473 13.122074 30.890716 124151.813265
188 9.609481 -2.798809 6.161433 320.142585 27372.319524
188 12.957796 -14.309438 8.299561 65.842879 49665.905798
188 17.328129 -5.346093 4.520487 310.514539 14733.926024
188 13.697953 -19.719279 9.157992 272.576348 60471.197271
188 7.981975 -5.355006 4.338068 196.254234 13568.778383
188 13.582682 -0.408609 8.634556 193.677136 53756.139469
188 21.893626 -20.997634 7.295927 5.540683 38380.360475
188 10.597185 -2.430574 3.376378 309.321635 8219.591841
188 1.738902 -1.571468 8.435017 330.436209 51300.313191
188 15.258949 -11.699754 4.421429 322.146990 14095.266473
188 6.680154 -3.876964 11.598263 103.148490 96991.568937
188 10.767213 3.830355 5.230197 293.365992 19723.511591
188 20.832986 -6.725490 12.522078 127.458575 113057.893780
188 -14.374324 4.744733 11.352895 10.474547 92931.145809
188 -29.145133 -2.781577 11.028634 337.804168 87698.376002
188 -2.463422 1.770419 12.764514 167.080822 117478.028739
188 -5.294017 -12.341059 3.600572 60.660815 9347.406608
188 -22.565664 0.766225 9.389371 196.936791 63565.447584
188 -19.033509 -4.261649 7.561624 237.174093 41226.662107
188 -18.251486 -9.900258 9.377476 123.824649 63404.487554
188 -17.657162 -2.528994 8.491320 353.465536 51987.450277
189 9.771321 -16.170313 6.888416 259.006995 34212.657992
189 9.840113 -16.536607 19.574150 305.015759 276257.376681
189 8.252930 -3.444783 16.642135 303.172291 199694.517101
189 6.602524 -9.749390 8.682543 353.558004 54355.309455
189 18.678829 -12.542047 8.204920 16.830180 48539.660614
189 12.924110 -10.788194 12.278017 299.209710 108693.741932
189 14.052315 -1.735928 6.045918 182.034809 26355.579054
189 13.254314 -18.429759 13.367477 205.033582 128838.883474
189 5.503228 -2.077228 8.000168 181.701279 46147.296880
189 11.430962 -5.180757 8.832705 6.583296 56251.679316
189 13.606763 11.516462 18.510196 359.520531 247041.618271
189 6.474262 2.437994 7.666218 202.118620 42375.071687
189 15.661197 -5.626832 5.910429 198.969496 25187.558765
189 15.378549 -17.264758 5.559976 247.647256 22289.172955
189 4.083852 0.690707 12.176828 171.649410 106909.526299
189 -8.434253 -8.580680 5.220734 190.807580 19652.200400
189 11.426866 -9.538083 1.424723 225.491294 1463.553790
189 15.633535 -14.612252 3.723163 215.666575 9994.757055
189 12.925926 2.828084 3.809558 5.918629 10463.986981
189 -5.876430 -11.231830 11.533357 63.787857 95909.037276
189 -14.932203 9.830392 7.189610 67.364333 37269.945714
189 -16.707176 -3.247464 2.488172 192.597875 4463.841542
189 -23.688622 15.875375 4.488687 323.755864 14527.359632
189 -11.188036 -3.003164 4.122314 246.781298 12252.654572
189 -23.457159 14.657148 5.200382 194.023277 19499.279092
189 -18.970747 3.317866 14.555673 226.595719 152761.057890
189 1.409464 -0.538372 3.319851 341.028178 7946.670965
189 -9.712656 4.500742 7.201286 39.393265 37391.098366
190 4.891819 0.811294 7.681012 164.239531 42538.772287
190 14.213317 -12.399329 12.399448 278.249901 110854.350804
190 14.869927 -8.979241 14.747617 339.384261 156816.504103
190 12.547027 -12.475931 10.230547 225.069897 75465.034412
190 9.216296 -19.715828 7.015895 51.665674 35490.668240
190 4.009015 -1.199231 7.463423 302.584414 40162.814675
190 19.519024 -8.646916 11.698388 230.280607 98673.407249
190 10.943484 -0.092623 11.030046 63.325573 87720.826222
190 12.413834 2.693415 2.547853 262.331306 4680.549879
190 13.257539 -2.103342 4.827232 357.043310 16801.356083
190 1.642967 2.199102 7.786966 117.122766 43720.455907
190 13.656353 -6.790216 6.830347 331.428878 33638.262853
190 8.803843 -13.697312 11.122799 272.835355 89202.347020
190 7.603534 -6.261386 6.461388 211.488056 30102.304480
190 19.372117 3.225803 7.194527 19.965336 37320.937989
190 13.258198 -18.806498 7.959433 141.230310 45678.558355
190 3.958781 -5.191917 4.227150 329.013398 12883.780393
190 22.590583 -7.564664 6.657720 48.986108 31959.434332
190 14.040323 -3.795784 7.309505 133.814843 38523.341841
190 1.559831 12.180592 7.391622 21.214461 39393.776766
190 -10.308067 9.787007 12.784011 229.814324 117837.172664
190 -23.785200 7.697215 5.825347 233.498503 24467.613662
190 -9.249330 14.411235 10.500048 227.840726 79493.323445
190 10.651802 -11.835680 8.804763 61.675129 55896.349374
190 -6.876930 -1.085776 6.553334 187.082072 30965.112560
190 -35.516719 -0.064814 10.202860 82.193997 75057.121712
190 -12.359823 -4.613028 5.300941 171.430708 20260.677914
190 -15.757236 11.167487 2.759587 131.911162 5490.809452
190 -10.085724 5.204553 9.683487 154.448190 67610.103931
191 9.006444 -10.960818 8.377310 209.129181 50600.781114
191 11.647219 -3.277397 8.598691 121.994130 53310.500323
191 8.958738 2.679190 4.257328 282.649357 13068.394814
191 11.406574 -10.136108 4.455724 315.061012 14314.781480
191 12.748353 -5.315924 5.469241 223.510476 21567.618291
191 -0.982844 2.358359 10.372967 112.675167 77580.773523
191 7.974237 -7.993969 3.279076 230.421565 7752.664293
191 20.117432 -1.451902 7.805327 6.998125 43926.866792
191 20.488661 3.182282 31.242483 148.812678 703783.640241
191 17.684752 0.138425 4.151601 331.173939 12427.374120
191 6.782609 3.576734 13.765169 303.897276 136619.026999
191 9.049634 -11.000055 9.986857 115.592105 71912.721591
191 11.873321 -1.848742 3.302121 185.893249 7862.018369
191 13.647935 -9.545380 8.636824 24.297966 53784.388772
191 12.083655 4.776320 11.655572 2.351415 97952.440910
191 -8.777769 -5.938977 5.418249 35.645755 21167.326862
191 27.606565 -3.438123 3.791963 110.796478 10367.553574
191 -1.620233 12.454196 7.930459 344.362746 45346.599351
191 15.142917 -2.342261 12.475850 126.136151 112224.679455
191 -20.734707 16.914489 4.408057 34.394570 14010.137687
191 -21.283217 -9.188750 5.017591 304.074471 18152.588706
191 -24.187812 -3.322917 10.140205 134.261544 74138.121244
191 -11.938039 2.742615 8.496515 220.563330 52051.074088
191 -17.408303 -1.018396 10.009252 157.062972 72235.601817
191 -6.112353 23.292544 5.921137 59.819519 25278.904102
191 -19.631529 -2.868866 2.891579 65.783739 6028.625408
191 -8.716196 11.089056 8.841265 126.229327 56360.764994
191 -35.798980 -14.166293 7.718944 187.643033 42959.962145
192 13.388416 -8.803173 8.117305 10.291632 47508.554330
192 -8.174299 -10.897048 5.453160 61.125366 21440.976627
192 18.755142 -1.395599 9.375610 128.112255 63379.255648
192 12.486480 -1.123568 12.735488 258.903997 116944.349688
192 14.920407 -4.717281 8.197073 142.473473 48446.864198
192 6.917435 -2.496295 4.975302 36.541946 17847.895706
192 21.180619 -10.669673 4.242362 260.178241 12976.675276
192 4.080916 -3.996180 11.407798 200.915367 93832.155101
192 12.065357 -2.658802 8.495889 6.444332 52043.409886
192 6.997679 -5.824706 5.945032 133.842608 25483.350125
192 15.597986 1.949979 5.922807 331.409604 25293.166695
192 -15.753456 -7.436549 3.620817 10.340034 9452.815196
192 9.398782 -1.318664 3.512365 108.519801 8895.029414
192 8.293492 -7.515434 3.505139 133.815046 8858.467565
192 11.476904 -16.236659 7.469591 112.232376 40229.228372
192 15.616815 -12.067358 5.416363 89.761297 21152.595563
192 4.346371 -2.668555 19.201076 178.939074 265827.067977
192 1.661646 -2.703794 3.082986 100.781133 6853.164594
192 14.619687 12.642279 5.619409 313.111501 22768.238312
192 -5.856540 -11.985472 8.616183 331.272611 53527.619819
192 -27.094549 -11.616347 3.566650 10.685736 9172.106489
192 -8.649710 0.887369 3.103452 352.721180 6944.453728
192 -26.005889 3.813110 3.908534 191.704114 11014.779867
192 -6.736761 1.430101 4.095018 131.576407 12090.930232
192 -21.523343 -1.437597 11.423356 276.608683 94088.275145
192 -29.883233 11.047001 2.145363 105.586897 3318.560420
192 -22.721593 -6.899080 10.334523 244.600230 77006.777007
192 -21.388610 12.658305 11.199988 71.960473 90444.716492
193 4.510843 -0.417151 3.349538 295.194070 8089.431014
193 14.645060 -2.213706 3.068179 85.146804 6787.493338
193 12.292223 -12.507486 10.728430 352.010798 82988.971602
193 20.683395 -21.543804 3.708034 253.030694 9913.693079
193 3.145007 -4.712668 13.778997 30.082862 136893.636020
193 18.814205 0.405084 13.445216 177.192236 130341.775645
193 17.736482 9.545173 8.326382 299.455435 49987.425192
193 4.430442 11.280072 14.386537 348.833092 149231.530432
193 18.537493 -7.303544 5.180020 222.470474 19346.878362
193 12.604185 -5.450263 5.340991 12.982942 20567.985922
193 24.351991 -17.465775 1.560828 113.279614 1756.539958
193 2.772598 -6.604982 4.931822 348.185730 17537.304372
193 -11.540011 -3.379553 14.685440 289.654059 155497.005147
193 12.170584 -10.319950 8.983371 103.618197 58187.108034
193 -0.921358 -7.020450 15.539624 276.188020 174112.142784
193 17.429038 -2.902276 4.381045 304.261488 13838.964224
193 16.870161 6.266276 10.904203 125.691584 85730.607257
193 22.150018 -5.671194 5.890659 39.234705 25019.337549
193 16.975501 -7.962098 6.618828 236.756188 31587.136124
193 -25.439615 2.591017 4.668775 354.952950 15716.432395
193 -16.460091 -7.370526 7.690711 62.771544 42646.269457
193 -24.280515 -5.249227 8.637985 0.322257 53798.840474
193 -19.107264 -0.048774 11.595617 270.494362 96947.310447
193 -14.547316 7.704851 5.158691 158.494532 19187.886382
193 -15.002392 2.349033 3.760844 37.049183 10198.086218
193 -7.054630 12.583562 7.359504 114.920469 39052.164917
193 -23.555888 -1.112533 6.864546 161.102669 33975.959083
193 -30.161833 10.785269 8.702984 127.591447 54611.544711
193 -11.219890 12.621860 7.921556 290.953560 45244.838880
194 15.404592 -8.985623 2.626084 88.536595 4972.390092
194 18.927310 -9.508900 10.038868 192.063680 72663.705576
194 12.404919 -0.078104 5.649966 171.006902 23016.524063
194 14.364647 -9.040809 6.693418 179.355054 32303.078656
194 10.315124 10.724494 7.506256 322.602350 40625.138777
194 8.694344 -9.971753 5.356391 118.645431 20686.766273
194 9.228717 -9.722239 5.619679 326.943529 22770.424739
194 14.345414 5.523973 10.639407 211.605320 81617.425373
194 17.178276 -2.689213 8.569137 318.512470 52944.667353
194 17.704140 -5.274767 17.918057 144.580125 231488.766920
194 17.818530 -5.614821 4.252546 137.269756 13039.055303
194 -2.323154 -8.337717 3.335859 189.757454 8023.492807
194 4.626910 -7.999400 6.596511 202.464245 31374.492380
194 7.113602 -7.260581 4.535002 9.931380 14828.697568
194 9.635785 -8.689899 10.390193 319.333522 77838.647935
194 7.048504 3.679787 3.870191 309.154913 10799.730580
194 13.158405 -6.388134 6.848272 190.564281 33815.049319
194 10.185285 -0.521957 3.248670 127.801190 7609.557447
194 -22.618899 4.208907 5.952069 271.019311 25543.710873
194 -20.575635 10.790766 8.583040 278.172195 53116.612478
194 -15.082269 5.668231 5.405021 322.471638 21064.095979
194 -13.976942 -2.881960 4.469796 196.089933 14405.339687
194 -17.213437 -0.786910 3.516546 217.849958 8916.218260
194 -20.171686 -16.252407 3.339972 58.568791 8043.288337
194 -3.845748 -4.934508 5.273064 157.900353 20048.143215
194 -7.984629 -6.068481 4.083694 250.132094 12024.152341
194 -29.257001 10.147577 10.830047 280.101793 84568.522733
194 -26.870598 22.716414 6.536563 352.488568 30806.826319
195 15.073290 -5.656315 4.429358 59.927669 14145.870118
195 13.052827 -11.046886 7.475254 209.925808 40290.253784
195 4.250843 11.944434 2.417939 242.405468 4215.398841
195 9.420736 -5.934727 5.444739 331.476761 21374.808136
195 -2.498538 8.001171 18.689450 265.669048 251849.503212
195 17.157139 0.742420 15.408311 44.397375 171182.015699
195 13.286298 -6.303175 3.541632 28.785971 9043.885136
195 -2.159226 2.231246 7.344646 261.255960 38894.644207
195 4.205541 -6.765812 6.063857 216.508104 26512.212968
195 6.340684 1.634389 1.995462 187.991825 2871.010590
195 15.810891 -15.260878 3.706932 138.616186 9907.800265
195 15.774371 -7.855811 4.731247 315.894555 16139.843836
195 15.842976 -12.599030 6.316457 301.408433 28767.037708
195 18.616097 -15.588221 7.640917 140.702124 42095.830974
195 16.673193 1.742588 4.330272 147.946502 13520.056476
195 14.532715 -24.918054 5.100458 37.770842 18757.135180
195 16.599810 -6.848936 11.989090 151.649296 103638.360622
195 4.097903 -3.926031 7.776217 350.275840 43599.829067
195 -4.415539 -11.386030 9.918072 297.126279 70925.536448
195 -14.786492 -3.134159 5.081453 99.179648 18617.607097
195 -8.158595 -7.397907 8.424528 70.200443 51172.804073
195 -7.058715 7.254420 2.555366 237.514486 4708.195010
195 -37.684187 9.957910 7.292797 195.463182 38347.433996
195 -16.138167 11.125929 6.006277 157.854766 26011.106014
195 -27.886661 2.505654 9.288610 323.579095 62208.474797
195 -6.528007 14.276023 6.560114 179.109474 31029.219953
195 -10.314858 -6.918941 5.567199 9.100548 22347.116272
195 -12.374254 9.497544 5.569423 16.437077 22364.976024
196 13.915150 -16.892604 5.699639 338.369991 23423.009852
196 8.663991 -8.487399 2.659083 174.877476 5098.139728
196 11.276429 -2.057109 5.902824 35.489274 25122.781514
196 10.361815 -7.886166 1.466895 63.633383 1551.479174
196 12.917252 -12.600559 10.821848 206.750799 84440.524592
196 5.568622 -8.721419 5.144284 206.262527 19080.857186
196 15.710771 7.110787 3.538095 357.949672 9025.826630
196 7.119491 -0.204871 8.385959 337.609236 50705.325878
196 12.244114 -3.590731 6.123955 228.177397 27040.338513
196 8.988341 0.628264 8.134725 280.763041 47712.679242
196 8.671630 -5.148844 2.784045 215.692093 5588.570042
196 13.432723 -6.854815 5.424600 101.511834 21216.974230
196 1.731873 -3.442350 3.144171 207.416797 7127.879736
196 11.281261 -27.764232 16.049868 202.368682 185733.831778
196 24.533247 -16.391915 8.984797 39.747764 58205.576590
196 5.366544 -6.840882 5.761357 194.072579 23933.029296
196 20.451932 -3.250532 5.141034 50.543221 19056.755691
196 2.984969 -6.068809 3.774119 94.350756 10270.209540
196 10.521153 11.447601 3.910466 220.463608 11025.674489
196 -8.306986 8.768350 3.528747 31.175482 8978.196053
196 -33.297370 -9.518418 3.389750 0.882678 8284.825580
196 -30.962929 -14.423172 5.274554 129.848839 20059.474947
196 -23.123023 5.468417 4.600447 290.659784 15259.777335
196 -35.911982 -2.704340 8.973975 317.586417 58065.451668
196 -7.001557 -9.615773 9.948136 49.544375 71356.169558
196 -19.214984 1.211593 12.931251 77.295910 120567.193754
196 -7.628490 9.232983 5.111518 272.707327 18838.566945
196 -13.500701 1.876253 2.494734 332.215792 4487.420008
197 8.656465 -9.686208 11.726560 316.388918 99149.223252
197 25.248407 2.333629 4.978468 35.320014 17870.617683
197 17.506497 1.903528 7.861589 307.055057 44562.415622
197 4.590081 -7.866039 5.590488 306.016248 22534.477264
197 1.735845 2.233344 7.351913 314.612210 38971.651256
197 11.219655 7.853206 4.407800 26.382951 14008.507873
197 14.457493 -5.300033 24.205208 129.799116 422440.652404
197 17.445366 -3.778495 15.341272 273.265451 169695.690712
197 9.065059 3.069757 8.239444 99.520474 48949.011613
197 -2.401829 1.555910 9.434688 138.385820 64180.506235
197 5.400372 -19.506450 9.789980 3.080759 69105.346694
197 -1.854324 0.602205 8.447019 199.290006 51446.405153
197 15.252946 -21.151141 1.662085 287.136332 1991.840087
197 16.819856 -14.055025 4.859272 291.095616 17025.129639
197 11.835425 -8.029014 9.295625 206.811238 62302.465892
197 8.156850 -3.418948 4.149580 75.778304 12415.277713
197 11.635232 -7.193740 3.109195 179.065707 6970.179852
197 4.296612 -15.295945 5.940579 17.440986 25445.185340
197 -7.754523 11.813544 9.118649 29.315043 59952.742040
197 -24.365030 8.091295 5.189449 52.843369 19417.374172
197 -5.213678 -1.151903 3.038829 122.789257 6658.257540
197 -3.197208 13.576948 7.688028 278.313841 42616.521163
197 -1.520665 -9.826834 11.116471 159.499132 89100.866290
197 -8.990801 -8.063128 7.811907 215.195944 44000.968386
197 -35.860809 10.159482 7.708852 323.872834 42847.697260
197 -17.305777 -4.152795 8.198534 236.627689 48464.134091
197 -25.029964 6.266557 8.773592 115.246115 55501.274154
197 -14.451973 1.041948 3.189205 120.823935 7333.526353
198 20.335003 0.297880 5.205892 59.090888 19540.618589
198 6.618002 19.845663 20.478216 34.194971 302365.540284
198 5.456796 -16.422486 5.975532 284.511857 25745.497061
198 8.631841 3.302592 15.299092 9.378121 168763.841498
198 11.552333 -21.135322 5.595744 104.231408 22576.871252
198 7.797945 -1.691258 6.641838 9.005027 31807.145046
198 15.194486 7.218091 10.146098 16.378882 74224.305162
198 22.455955 -10.373765 6.687538 97.237755 32246.354590
198 8.238042 2.125604 8.508806 230.381269 52201.775708
198 3.502458 2.402076 3.417060 74.923415 8418.857726
198 -2.644390 2.157605 3.487947 8.303912 8771.782008
198 5.480280 7.581763 9.289225 140.881469 62216.711924
198 1.087601 8.969438 5.009058 67.682853 18090.904164
198 14.016915 -1.252022 8.364901 262.771416 50450.994853
198 13.549255 -7.578577 8.024895 308.695139 46433.006141
198 7.166437 -2.755677 5.489409 325.986831 21726.976389
198 5.123356 -14.126185 3.570864 126.099869 9193.791631
198 -12.928867 18.185558 7.606402 16.803533 41716.383395
198 -19.660254 -8.234154 6.121530 249.298663 27018.920242
198 7.196266 24.796695 3.961926 263.297843 11317.770713
198 -25.441159 3.321415 3.376798 189.031198 8221.633687
198 -10.758533 5.632330 17.646478 148.746219 224524.713747
198 -10.397997 9.581462 6.990645 58.338561 35235.672144
198 -12.418852 0.741385 16.242184 358.737259 190211.557091
198 -0.089754 -5.100099 5.245169 7.276114 19836.589737
198 -16.320593 11.917204 5.832558 76.242255 24528.231245
198 -18.900745 3.695611 19.025784 173.820904 260995.610197
198 16.076099 11.143916 14.508316 294.379234 151768.664081
199 7.505571 -3.433619 7.254713 30.663847 37947.969696
199 11.738171 -7.225067 10.952120 235.231808 86485.734883
199 -4.598967 -7.906848 9.075209 86.954729 59382.892978
199 12.420434 -11.793063 3.563273 50.868954 9154.745487
199 16.824934 6.474128 3.048869 338.790668 6702.328359
199 21.334373 -25.427933 4.367237 187.248429 13751.864973
199 13.653855 -2.515307 18.215124 149.667024 239228.193436
199 11.326285 -5.680081 11.150104 108.580297 89640.833684
199 -2.033686 -4.399538 3.590603 146.542534 9295.718324
199 11.388100 -22.521787 3.725905 208.416033 10009.481006
199 9.444836 2.139902 10.521383 86.610348 79816.691710
199 19.020413 -23.107703 10.244628 96.944603 75672.913491
199 8.436921 -14.153224 8.706670 255.163226 54657.812628
199 22.285976 -15.745872 7.510361 228.297348 40669.585845
199 12.022984 -7.668122 4.274794 258.624658 13175.844282
199 -4.493873 5.137650 6.497215 14.899172 30437.048509
199 -20.420401 -9.471592 9.510201 299.597127 65211.987914
199 -13.402874 20.780034 12.936565 73.675559 120666.310216
199 -23.794350 7.337802 6.149775 96.258575 27268.832130
199 -6.499631 -7.731147 5.517099 298.055564 21946.716522
199 5.528670 -10.181090 4.272560 213.315508 13162.075271
199 -29.450180 8.386643 5.734322 115.331562 23708.942146
199 -25.638971 6.687005 9.958885 265.472250 71510.442518
199 -11.226574 2.621633 9.074470 212.980678 59373.221525
199 -13.115736 -5.312007 3.211049 157.971140 7434.330808
199 -18.591719 -7.527423 11.673527 0.402080 98254.449579
199 -23.642499 -9.010895 4.177935 354.172805 12585.527579
200 13.529262 -1.868483 2.801694 341.162057 5659.646892
200 4.006356 -15.015351 7.171429 180.423764 37081.683560
200 8.051669 -2.877650 17.430891 236.437888 219072.183896
200 12.741789 -1.180844 16.035109 84.048905 185392.398826
200 13.153857 -9.044913 10.622072 345.157380 81351.689191
200 9.309324 -12.818614 6.316391 221.365190 28766.440700
200 9.710940 3.085615 6.980995 74.574015 35138.461028
200 15.842186 9.366327 12.778867 150.353529 117742.367728
200 15.707968 -11.041220 12.150557 111.999025 106448.713970
200 11.810777 -9.226610 7.822031 99.512383 44115.086905
200 13.600697 -7.555022 4.264413 114.384412 13111.926143
200 16.296004 -20.221374 8.565055 153.103977 52894.241869
200 9.668532 -0.220267 4.193350 97.242382 12678.571265
200 -0.306150 4.278771 20.267388 141.703107 296171.763210
200 -9.002000 -18.528257 7.572414 220.021726 41344.411351
200 9.152509 -8.964312 5.840847 332.085503 24597.999768
200 -12.846394 21.331648 6.840787 346.131725 33741.173328
200 -8.687928 7.212851 10.212814 325.228445 75203.644972
200 -29.807331 -0.806358 13.565991 23.350625 132693.958645
200 -14.908027 12.574888 4.675194 216.755515 15759.677823
200 -10.799928 -10.893853 4.185454 339.905441 12630.866515
200 -16.696469 -1.202499 9.405876 118.807217 63789.116311
200 -16.648145 -9.995249 5.596474 343.840488 22582.765565
200 2.107709 -12.799393 5.746688 7.721370 23811.309059
200 -9.573826 1.727478 9.072063 119.636370 59341.730210
200 -24.529400 -9.203195 9.718293 297.200630 68097.014061
200 -15.096786 -2.472183 3.256911 319.402975 7648.209911
201 4.625099 1.052914 8.539315 353.129428 52576.793218
201 7.265284 -18.711461 3.186041 290.804463 7318.985295
201 4.588556 3.591394 6.836786 110.071691 33701.722067
201 7.050142 15.856404 8.431529 151.794484 51257.893613
201 15.993353 -16.019442 4.441930 24.780578 14226.281508
201 17.286805 -7.106990 4.201931 113.834303 12730.510592
201 5.077804 -6.431766 3.106951 339.694131 6960.120891
201 8.206284 13.082334 5.229208 152.554666 19716.050003
201 15.294293 -7.904366 11.075950 12.103501 88452.481842
201 14.026414 -9.699928 14.963847 111.995409 161448.716959
201 4.690137 -12.658927 4.593461 62.261524 15213.462344
201 9.464216 -10.364349 13.469439 206.111137 130811.860037
201 0.438825 1.674799 4.063891 308.765225 11907.819826
201 13.417910 -3.648254 12.377405 231.575643 110460.575778
201 10.029790 4.000139 5.389509 87.705451 20943.364098
201 11.220831 4.571174 4.855054 255.792162 16995.591487
201 -16.411321 16.657551 3.537052 112.975074 9020.509365
201 -23.368635 -9.704550 5.463751 325.225320 21524.344852
201 -8.040794 1.320306 6.646643 139.822546 31853.179636
201 -17.143721 13.569560 3.877965 146.657655 10843.160941
201 -12.178722 9.182477 12.527415 22.284936 113154.287318
201 -20.140475 14.797787 9.333232 309.729401 62807.603072
201 -6.203232 34.717924 7.189854 163.894953 37272.470321
201 -33.060161 25.485127 5.269173 257.670476 20018.567929
201 -1.336965 -4.200300 4.628071 30.951531 15443.582912
201 -16.073431 10.744925 6.528765 112.750668 30733.362953
202 14.090878 0.734409 7.646453 290.229185 42156.842067
202 5.568447 5.142524 4.719685 63.716966 16061.054710
202 -3.665773 -0.297610 6.746216 149.289266 32814.706787
202 -6.869847 -1.680552 3.404765 336.145976 8358.387051
202 -1.572836 -15.371864 10.099051 166.540268 73537.562435
202 8.741301 0.298493 1.897525 286.034446 2596.110716
202 -2.250115 6.582194 6.101653 328.806491 26843.742388
202 5.252319 -6.750490 11.608834 108.896634 97168.450876
202 3.312331 -4.032381 7.407228 187.721716 39560.288456
202 11.698791 8.482358 6.807725 119.904363 33415.816936
202 0.386503 2.120852 2.357089 15.264496 4005.900734
202 20.266882 -0.085771 4.064469 162.890492 11911.206701
202 9.333590 -2.290651 1.650099 264.418670 1963.216306
202 11.419337 -8.925362 8.029245 131.502156 46483.354767
202 10.751104 -4.174584 10.301807 86.161928 76519.994221
202 -18.341103 5.246983 3.924259 256.199819 11103.590480
202 -13.637545 17.525773 1.831632 240.352697 2418.936296
202 -15.157465 2.355316 5.992535 358.496919 25892.216285
202 -14.617544 4.705516 12.717957 226.741049 116622.616607
202 -21.125999 13.640453 8.578204 293.949117 53056.765776
202 -13.710443 7.146804 30.713125 64.369954 680136.508596
202 -16.143224 2.791089 7.677227 224.487196 42496.856628
202 -15.752501 29.693385 18.972314 78.123139 259530.668718
202 8.041442 1.223330 8.148386 95.392252 47873.066004
202 -25.470563 -3.497121 11.243367 182.090740 91146.676680
202 -28.209160 -3.595492 2.616792 188.789589 4937.264522
202 -35.459667 -2.677921 2.648733 217.158035 5058.531731
203 13.798041 -9.592032 13.902999 7.233406 139368.640132
203 15.970018 -2.649206 3.538794 206.065926 9029.393278
203 9.191553 -10.549063 13.599800 300.384893 133356.169037
203 17.459748 -1.663776 6.489464 313.459293 30364.475851
203 13.646850 -11.569813 8.517510 259.205827 52308.635356
203 6.628834 0.143184 9.632759 42.341902 66903.602654
203 5.540599 4.156862 8.525412 241.799656 52405.732228
203 11.987223 -12.339232 4.144324 244.227091 12383.841151
203 12.287429 -4.812128 18.713612 123.855845 252501.121110
203 18.060504 -6.990841 5.358110 219.649416 20700.050224
203 11.596793 -11.278692 10.169158 33.010082 74562.089976
203 13.748731 -2.833406 12.319382 251.650053 109427.366326
203 3.868412 15.067940 5.117705 302.658980 18884.202125
203 14.586532 10.655959 9.100981 60.495980 59720.650761
203 -8.212274 5.188739 6.735013 70.974809 32705.811822
203 -14.752033 -8.306511 22.677599 319.451718 370802.136342
203 -2.941084 -8.443715 8.475170 65.727336 51789.877829
203 -17.207535 -8.890359 16.502654 317.247711 196361.204596
203 7.059110 8.468702 4.196207 231.952548 12695.850627
203 13.229080 11.294351 9.958525 169.552234 71505.285342
203 -10.338627 7.275314 3.316082 41.964148 7928.638521
203 -14.073793 11.502407 6.181945 209.983824 27554.872270
203 -21.624195 21.712591 9.424627 108.138254 64043.696225
203 -12.648615 16.894978 3.893245 312.452940 10928.778439
203 4.313852 -11.806977 9.953226 18.885256 71429.204740
203 -0.425499 4.999051 6.727425 174.332472 32632.159784
204 9.301236 -6.296693 5.398939 262.924707 21016.718209
204 16.003429 -9.161996 11.248062 253.618646 91222.824261
204 16.656243 7.649065 6.421432 158.433323 29731.156053
204 13.603760 2.112688 5.413439 236.290279 21129.759274
204 6.210351 -5.867710 3.387129 121.197407 8272.017432
204 7.791978 -0.618993 2.084648 45.398292 3133.384449
204 13.641002 -10.152436 6.534041 205.560219 30783.057991
204 12.017467 3.686290 2.697699 0.909206 5247.291069
204 8.928078 -15.995099 6.827973 16.395892 33614.889503
204 10.737880 4.461407 7.455579 195.768376 40078.439531
204 11.034081 -8.684818 4.593782 327.540932 15215.588930
204 4.065965 0.311184 10.824868 170.065565 84487.655553
204 11.356734 -9.766919 5.924833 162.493122 25310.471056
204 4.865105 -6.709784 11.706857 212.982254 98816.327182
204 -14.147311 24.963896 3.400994 199.510917 8339.881253
204 3.212877 2.928897 2.279575 98.513900 3746.760882
204 -4.485690 -3.401886 5.590965 49.304613 22538.320572
204 -10.164300 2.979060 4.475763 230.782286 14443.825983
204 -23.989603 11.329497 7.633910 272.506641 42018.650266
204 -11.720119 -14.097055 5.090572 299.843380 18684.490965
204 -9.312065 -8.009174 4.934655 180.687849 17557.459852
204 -12.722344 8.969081 3.560083 334.310262 9138.360798
204 -15.505341 -0.742727 17.895337 207.094192 230902.070144
204 28.269486 4.972008 6.002768 152.246290 25980.719664
204 -14.061117 -9.617718 5.172237 138.051253 19288.788801
204 -12.249029 2.768295 12.639439 25.150854 115187.046186
205 19.088366 -14.816741 10.395794 128.737992 77922.597668
205 1.498026 -11.359375 6.313203 337.221789 28737.403953
205 5.680996 -19.227614 6.086903 209.479218 26714.119429
205 3.026153 3.180746 6.430918 121.737301 29819.063296
205 9.064316 -5.629488 6.688175 358.948767 32252.494307
205 12.610059 -12.110680 16.824714 240.575547 204100.208404
205 15.973779 -18.587994 11.741622 317.233335 99404.094475
205 8.563882 -8.344213 14.732712 208.059411 156499.690221
205 0.088114 -10.942121 3.437805 2.640667 8521.391284
205 1.724265 -6.020190 4.467934 177.024598 14393.341896
205 13.800805 -9.739712 9.985121 294.002628 71887.731004
205 13.971129 -15.655251 5.834562 248.014343 24545.087247
205 11.784581 0.249876 22.701808 38.831210 371594.247711
205 -16.344609 -5.843838 8.737731 94.406289 55048.487902
205 -18.566167 2.149331 5.581572 251.016930 22462.660520
205 -12.600650 0.476516 8.146111 242.826665 47846.335462
205 -9.834125 -1.262233 4.988844 32.292004 17945.185369
205 -16.485319 6.971290 10.334301 336.495725 77003.472679
205 -4.165391 2.347782 8.643479 30.889908 53867.300381
205 -15.705452 1.595056 6.702370 152.649992 32389.544506
205 -5.516673 -0.828633 6.388985 13.897072 29431.458339
205 -4.327923 0.297753 5.383825 152.637302 20899.215616
205 -0.087940 13.422366 4.506163 262.025086 14640.700712
205 -15.166550 25.132333 6.165828 36.948812 27411.381352
205 -5.569243 2.514333 6.270487 72.381216 28349.841808
206 10.565422 12.218506 5.859043 267.693907 24751.495943
206 16.094061 -1.430973 10.535553 43.900853 80031.831874
206 15.326081 -17.052630 7.031917 73.973966 35652.957803
206 10.132061 10.595001 21.567625 339.476389 335392.031005
206 7.879248 10.652960 12.425805 164.200285 111326.136932
206 16.028438 -20.187262 8.812894 170.427670 55999.626776
206 -1.180838 -8.716860 4.381914 167.720159 13844.450112
206 5.634111 4.527731 5.120240 133.231583 18902.908411
206 13.590317 4.075290 5.973611 350.212404 25728.940905
206 12.832793 -25.335317 4.653192 190.729524 15611.690538
206 13.153738 -7.503057 30.504957 303.272997 670948.054099
206 4.135626 -3.831413 3.569900 233.446947 9188.828789
206 8.051188 -1.787768 10.813891 272.164777 84316.394301
206 -18.132945 6.719740 7.871118 189.325090 44670.506527
206 -8.010364 14.483462 7.397688 247.952204 39458.461577
206 -13.488571 9.247482 5.315283 121.101772 20370.460261
206 -2.274608 -13.537634 6.440246 73.085993 29905.633004
206 -15.018817 -5.575213 7.935375 185.562669 45402.834508
206 -20.742598 14.029605 8.562877 232.978383 52867.338352
206 -5.517057 3.028748 17.987432 139.573318 233284.783360
206 -17.062252 -0.411938 11.790588 30.714185 100234.916566
206 -31.874131 11.700402 11.953744 252.393022 103028.164242
206 -17.232275 3.612662 5.597643 32.123982 22592.196515
206 -11.879580 13.715172 5.085907 279.307061 18650.262887
206 -18.666660 -10.601837 9.160488 337.494505 60504.163682
207 -0.040988 7.714866 3.430695 216.188243 8486.179068
207 5.778895 -4.806388 8.120095 187.854392 47541.217458
207 4.405635 -0.822377 2.740509 219.305226 5415.149034
207 7.207585 -7.224759 10.954806 354.128072 86528.151961
207 6.553200 12.298154 2.131213 138.495505 3274.928279
207 3.980183 9.210935 2.613891 101.751401 4926.324114
207 18.514174 -10.091982 6.485088 25.124767 30323.529830
207 9.456738 -8.938151 10.976023 240.124889 86863.653454
207 -1.364231 7.449971 6.811302 12.370419 33450.936861
207 12.982521 -11.369817 16.112802 76.508968 187193.261080
207 10.030049 -4.280983 4.097776 201.174421 12107.223530
207 3.912421 -0.995740 5.189685 291.654823 19419.141638
207 -14.191561 8.040698 14.169890 253.556116 144770.821575
207 -13.595724 -1.195155 4.962858 28.857888 17758.727579
207 -23.630925 12.194626 4.626872 7.171813 15435.584729
207 -28.431694 17.678035 5.233866 241.545409 19751.188135
207 -20.794991 2.149342 4.847805 108.274258 16944.873955
207 -5.490454 17.671466 6.600512 355.532669 31412.556461
207 -3.391619 9.215969 5.388168 143.738380 20932.945629
207 -13.985472 9.680445 9.428485 256.501786 64096.145381
207 9.393560 -8.246195 2.235922 163.910458 3604.634181
207 -18.417273 -0.251492 3.017112 265.240791 6563.433357
207 1.378888 -23.508201 8.338908 24.448322 50137.937755
207 7.444107 -7.121898 7.134399 83.968990 36699.729029
208 6.470714 6.303170 5.520756 258.181816 21975.823691
208 4.511055 3.519352 10.431249 215.474520 78455.019888
208 23.603559 -17.337164 14.550275 46.062684 152647.768547
208 12.332192 -17.790019 6.743950 223.789825 32792.671276
208 4.313970 -2.163087 3.878200 112.759926 10844.472730
208 18.563878 3.877048 10.606463 78.159454 81112.770121
208 9.980001 -6.893955 1.052972 256.646025 799.432734
208 16.035429 -1.302625 7.087501 209.048385 36218.826298
208 3.356547 9.493020 4.002869 60.260101 11552.894926
208 10.351674 -2.188085 6.629137 173.545895 31685.606276
208 5.373999 -24.843553 3.327825 275.356556 7984.893121
208 -2.338850 -5.223125 10.308614 272.699442 76621.141384
208 24.876293 -4.408801 3.948813 142.339729 11242.976138
208 -33.887769 -1.517414 11.224178 149.058230 90835.828575
208 -29.561686 4.250701 1.713144 66.357934 2116.098787
208 -10.188954 9.270312 9.737139 127.693159 68361.383555
208 -4.449269 2.819788 5.723614 322.011863 23620.485459
208 -2.337559 6.937220 6.028230 211.698153 26201.594039
208 -16.144948 -8.212763 2.435216 81.327605 4275.854390
208 -7.991293 17.228719 1.550710 279.426516 1733.840656
208 -17.513654 10.814254 6.389510 76.415034 29436.299228
208 -16.367825 -12.978099 3.918292 158.551502 11069.847899
208 12.652743 0.675300 5.713057 187.581365 23533.426138
208 -3.660650 -9.890543 4.119012 283.855007 12233.034529
209 -3.525072 -3.146818 5.557343 121.141504 22268.065059
209 20.452592 3.521446 6.022614 264.375673 26152.795062
209 14.011954 -8.505927 6.684708 240.639916 32219.068970
209 10.348343 -22.631197 3.707369 53.878938 9910.136004
209 0.640815 9.335838 13.965693 294.899944 140628.409682
209 4.994578 -12.976752 2.984332 276.879115 6421.587511
209 11.702198 -2.540536 3.977239 191.771065 11405.422692
209 4.835485 -8.404706 2.703923 251.680458 5271.531510
209 8.471797 -5.683412 7.338765 166.381288 38832.381554
209 9.488227 17.605820 5.803407 119.526287 24283.659967
209 12.743183 4.997085 4.609414 324.982678 15319.319470
209 -10.831204 17.748835 4.354452 14.023505 13671.464113
209 0.197857 -5.124241 3.020432 196.376470 6577.882287
209 0.125297 3.443914 4.609954 197.823131 15322.906941
209 -13.574416 -9.593959 6.536825 237.682406 30809.301229
209 -12.207262 10.494338 7.729379 9.909203 43076.192448
209 -15.238565 -2.441066 2.148298 174.651835 3327.645789
209 -5.134568 10.236919 9.414331 150.923177 63903.852476
209 -21.654760 6.516785 4.384317 280.447981 13859.637549
209 -6.993432 -19.394013 3.090758 285.650143 6887.761005
209 6.136175 13.143826 4.871769 277.974295 17112.814114
209 9.507907 25.641079 15.340029 43.347245 169668.187712
209 -16.332758 -3.325009 11.000809 213.005752 87256.401541
210 6.741522 -11.559891 8.895709 13.719465 57057.032910
210 6.536090 -3.677612 10.480861 196.945182 79203.059283
210 10.325845 -7.385099 2.288053 275.660749 3774.679673
210 13.885679 -7.757114 2.834079 47.125663 5791.245974
210 7.676235 -11.073607 5.891913 320.784802 25029.995245
210 4.257228 11.469217 3.567874 179.618091 9178.402708
210 4.426720 -4.116654 3.664735 52.228494 9683.518724
210 18.676216 -18.070123 3.098609 305.838082 6922.799649
210 13.704727 13.141846 5.402934 67.326437 21047.833692
210 9.504697 -16.675087 7.328433 301.421540 38723.117528
210 8.904577 -11.481166 12.186349 81.784464 107076.779676
210 -7.470026 -2.238000 14.086706 262.201173 143076.053104
210 -39.747998 1.568079 9.850575 191.709605 69963.448364
210 -31.017410 -5.525956 5.378010 259.048024 20854.094692
210 -21.003700 -2.759859 7.486418 192.255327 40410.688154
210 -3.848654 5.354102 9.290813 223.133828 62237.977172
210 -18.747142 3.615146 2.231390 304.537054 3590.038000
210 11.767684 5.114714 7.446565 145.932329 39981.585303
210 -12.738032 5.608100 12.770390 25.921013 117586.212158
210 -18.955616 10.135325 4.655426 158.225439 15626.684349
210 -5.119163 8.477286 9.585665 193.184040 66251.018389
210 10.526423 8.326019 9.070660 14.817107 59323.372895
210 -13.829645 20.591669 3.684783 135.414515 9789.754284
211 -14.698634 -0.089751 12.381345 104.387526 110530.907584
211 11.386427 7.328418 11.185333 42.566208 90208.177711
211 11.499257 1.957094 5.470928 190.184986 21580.925858
211 5.960207 -2.260954 6.884359 18.930801 34172.374348
211 11.731651 -7.418844 10.207136 31.404275 75120.052412
211 5.926503 -7.149060 8.357612 230.998208 50363.103805
211 9.213913 0.831183 11.843409 216.606166 101135.010778
211 16.676423 -6.305530 9.049186 354.915263 59042.823278
211 11.274546 14.921409 4.869611 134.262602 17097.655319
211 14.914668 -5.821539 3.095498 93.451510 6908.902202
211 -13.876965 -1.635625 7.699859 341.484213 42747.788397
211 -8.711073 -0.862785 12.579434 126.796028 114095.969953
211 -4.294391 21.376358 3.520352 267.655662 8935.530377
211 -26.770529 36.739331 5.699502 336.381946 23421.887309
211 -0.138023 2.278043 2.136134 224.040815 3290.068865
211 1.622942 0.548113 8.951646 60.287701 57776.854324
211 -6.893582 -1.714069 6.518525 265.200731 30637.034342
211 -7.076960 5.561747 5.333164 299.547961 20507.743769
211 -17.518917 4.244072 3.804780 117.310184 10437.756440
211 -13.039653 2.965899 5.039053 349.919926 18308.209402
211 -6.388637 -14.961837 10.637376 145.617150 81586.270206
211 -6.486367 21.346118 2.803713 4.168487 5667.806997
211 -5.098136 -4.489414 2.612096 278.001494 4919.561819
212 8.140624 0.780875 7.483168 110.665940 40375.603083
212 8.865306 5.501983 8.494894 88.833196 52031.214248
212 11.770908 2.731919 27.748072 339.743505 555154.304057
212 7.669866 -4.644966 17.976767 216.495146 233008.225333
212 2.814706 -3.002814 4.995826 68.941163 17995.447235
212 7.421818 -12.275898 6.956199 243.080842 34889.286631
212 11.626009 -9.798303 18.474451 87.440121 246088.417823
212 8.115370 7.108219 9.692289 334.430068 67733.075457
212 2.362927 12.566871 9.220179 217.585111 61295.250595
212 14.858988 -1.728049 5.638567 14.470862 22923.744771
212 -19.785018 -2.167970 5.602147 245.577942 22628.564357
212 -10.792217 -5.798364 6.713835 223.276560 32500.452395
212 -13.716252 -4.294307 12.086930 69.320211 105336.798796
212 -14.694374 -3.574194 5.761163 64.750779 23931.415582
212 -3.927202 9.901578 16.392223 185.336954 193742.003966
212 -6.366609 31.453184 10.227017 215.395795 75412.965859
212 -19.912747 5.470067 4.278354 59.603916 13197.800021
212 4.177587 16.075801 13.373416 175.607134 128953.401797
212 -20.409830 1.961363 6.113666 269.717613 26949.550783
212 -7.145804 -13.426941 4.321654 192.897308 13466.291687
212 -25.468445 12.773682 8.852595 98.189810 56505.312410
212 -6.946154 -3.433126 11.386378 92.333227 93480.127010
212 -2.126653 -1.556453 8.914200 155.095821 57294.487630
213 8.299500 1.424320 8.119096 132.547497 47529.519362
213 11.130354 2.836945 10.148439 338.917747 74258.566633
213 -4.822582 1.317768 5.781526 119.851435 24100.888365
213 8.688442 3.992717 14.344777 268.821524 148366.449940
213 4.243750 -13.680365 5.552796 268.046338 22231.641047
213 11.937399 -15.210037 7.658493 205.410968 42289.709092
213 18.183629 1.745740 10.527074 123.523177 79903.059240
213 3.672904 -3.889905 6.174914 116.936522 27492.223047
213 -3.199305 1.375974 11.549877 58.452425 96183.997275
213 -6.578655 5.937909 5.642899 328.045508 22958.984315
213 -19.346508 14.511121 6.316836 330.655374 28770.488082
213 6.591978 -3.387831 3.299914 214.280647 7851.510215
213 -17.201450 2.754894 15.403719 78.926858 171080.012468
213 -1.998272 -9.837503 5.422501 150.924320 21200.563384
213 -8.484110 1.665738 2.856370 76.111911 5882.702748
213 6.931404 -8.697718 10.892332 130.209966 85544.058862
213 -16.263982 5.154729 5.199319 55.890848 19491.308044
213 -33.332162 4.694578 13.018835 323.408055 122205.934590
213 -15.854443 -4.259190 11.795967 47.272402 100326.383562
213 -9.094776 15.369700 4.287104 73.208752 13251.835889
213 -14.448495 -3.742710 8.185466 180.123231 48309.759621
213 -10.806927 -10.109925 14.104922 203.999623 143446.343190
214 11.962637 -7.574805 4.915562 182.355492 17421.858631
214 12.557785 8.735946 5.484568 252.065097 21688.668388
214 3.786772 -7.049699 11.881483 160.784220 101786.317759
214 11.481516 -22.632939 3.255747 356.546932 7642.743665
214 14.271127 10.376512 6.288443 212.845496 28512.435510
214 16.696366 -13.395454 5.743601 50.598685 23785.734920
214 0.672825 4.070604 9.867176 97.044088 70199.470037
214 16.666879 -10.305274 3.868635 105.905431 10791.047879
214 5.312888 -18.544819 11.708821 277.772779 98849.487856
214 -20.396764 -2.467683 8.050456 30.758420 46729.276852
214 1.443989 10.253345 6.925435 70.343102 34581.366633
214 -4.463178 -10.336724 9.675949 143.028875 67504.886982
214 -11.848994 5.014883 8.302113 238.861016 49696.444464
214 8.944943 9.905070 3.591373 13.467219 9299.701918
214 -8.594568 1.976039 11.939828 155.142893 102788.418795
214 -8.447803 8.951007 10.124447 315.882926 73907.866353
214 -19.171832 12.570937 12.788530 94.831579 117920.502676
214 -21.913690 -13.473908 6.216636 182.454248 27864.994140
214 -12.523179 10.433152 8.056940 199.808664 46804.583548
214 4.479054 -2.037611 4.405685 323.860639 13995.066815
214 -5.005435 13.388457 5.606674 157.798083 22665.154155
214 -18.372091 4.728311 6.750425 126.312294 32855.665542
215 -3.136722 -16.098291 3.417328 27.720296 8420.179030
215 6.789433 -20.873189 11.473910 28.412328 94922.892075
215 8.591916 4.305966 9.668010 159.608463 67394.159562
215 4.956062 -7.457702 5.705564 145.355184 23471.737300
215 12.648010 -20.696871 3.426219 17.789321 8464.050546
215 15.517248 -12.483802 9.390796 43.839198 63584.737990
215 -0.969269 -11.364361 3.311718 272.844307 7907.781971
215 19.861214 -11.651331 5.174970 151.481301 19309.179660
215 -3.550570 8.496757 5.147077 138.780304 19101.586704
215 -11.789626 -2.596752 15.333561 338.521125 169525.136889
215 -15.224464 6.562447 2.821847 358.836114 5741.363101
215 -12.847229 15.837770 3.760641 359.812259 10196.986185
215 -10.218771 -9.644405 4.052926 69.145579 11843.646121
215 -8.319648 1.679169 4.511291 357.810628 14674.041379
215 -20.348121 -8.669844 4.483366 299.160972 14492.938283
215 -18.699045 18.301162 3.381610 23.824884 8245.083803
215 -9.375423 -15.890309 6.775484 69.827214 33100.055820
215 -21.340221 4.770161 6.654628 113.317759 31929.759472
215 -11.371748 -4.281516 2.479378 328.967727 4432.344743
215 -18.974677 -3.945510 10.115738 221.677654 73780.771961
215 -17.893046 24.495256 7.703780 354.793115 42791.330522
216 19.334280 3.131469 2.695615 110.301634 5239.185444
216 9.857111 -5.764534 10.649881 34.920541 81778.209488
216 0.382606 -9.496954 22.060677 338.278434 350901.923141
216 8.603471 3.379912 3.058819 126.832133 6746.146584
216 11.266142 -13.179347 4.055692 352.121519 11859.817333
216 16.518796 -13.260408 8.624034 294.452673 53625.213579
216 9.330727 -6.567495 19.743610 77.662490 281061.399725
216 8.761301 -7.867032 22.058189 88.980418 350822.761508
216 -10.448626 3.195460 7.907814 207.223578 45087.997432
216 -10.079034 17.062243 7.400685 308.724774 39490.434663
216 -8.702644 8.882427 8.637637 105.815390 53794.509157
216 -3.998245 5.097878 2.615668 102.485166 4933.026590
216 8.080266 10.403903 2.438267 101.230318 4286.575011
216 -11.341984 15.117563 6.077447 151.488027 26631.183920
216 -4.285343 -7.803550 4.972848 246.022943 17830.290759
216 -14.685298 -16.306420 3.183694 331.209410 7308.206697
216 -9.896652 10.687945 5.271454 288.441996 20035.899589
216 -8.469801 8.956767 5.113026 329.236952 18849.681763
216 -1.695623 6.442633 24.765852 151.878847 442236.548083
216 -11.186892 17.810177 7.593578 102.465758 41575.838033
216 -19.906371 -0.695669 3.220047 238.201628 7476.055912
217 15.504942 -15.571214 19.124193 176.471068 263702.525031
217 -7.944512 -7.878861 6.090414 166.192128 26744.946200
217 4.912150 -11.273735 16.187659 71.675279 188936.638368
217 17.965571 -3.966952 2.036687 12.998420 2990.865399
217 9.376335 3.214028 5.031970 94.431250 18256.781933
217 12.877105 -0.932883 7.337465 214.960794 38818.630995
217 7.615923 -21.414858 4.707854 199.604075 15980.637804
217 -3.479088 3.684613 15.511163 0.858086 173474.953233
217 -4.532628 -4.749895 3.710938 70.210608 9929.225515
217 -12.924124 16.492878 9.134638 286.621469 60163.170393
217 -1.938255 5.549625 5.680361 118.422538 23264.830023
217 -6.726353 5.882035 5.205281 264.099923 19536.037058
217 -15.175444 20.013831 10.588251 333.378252 80834.460006
217 1.404373 11.400427 6.774639 240.149412 33091.800481
217 -14.060432 6.848689 6.727908 227.639596 32636.840151
217 -26.015918 -5.699483 6.038220 195.493877 26288.503859
217 -24.384226 10.767078 3.540234 43.119644 9036.746859
217 -11.736955 -12.160218 6.047943 355.803987 26373.235848
217 -23.607844 17.736092 6.116669 90.943055 26976.027944
217 -11.655263 -0.641240 4.913718 275.851372 17408.791102
218 7.220749 0.690724 10.427468 42.969805 78398.146152
218 7.330741 -4.348412 6.732202 66.429576 32678.518186
218 0.588737 -1.428558 10.352554 237.406824 77275.716751
218 12.296949 -16.140019 4.898016 301.771348 17297.702608
218 3.982162 -10.926512 1.772022 182.473826 2264.052705
218 11.920425 -15.093652 6.745798 279.890243 32810.639012
218 1.970286 5.155890 6.596684 315.573500 31376.134497
218 -7.370544 4.091068 5.213623 255.139178 19598.701824
218 -20.826429 5.560079 8.842736 265.809551 56379.524498
218 -12.147147 8.396360 12.997684 310.232023 121809.181447
218 1.729882 -0.528824 4.939943 170.783093 17595.105761
218 -26.770613 18.799285 1.211869 48.057334 1058.910447
218 -5.644716 -5.222886 3.484065 298.110703 8752.267787
218 -8.046416 5.274280 21.959194 260.291519 347680.916443
218 -6.415776 14.372339 1.172228 305.373960 990.769155
218 -1.064919 5.736889 6.247875 349.272154 28145.746827
218 -10.055027 -1.861073 6.827821 37.982179 33613.392674
218 -16.255524 -11.254571 5.377177 224.138301 20847.630261
218 -6.231627 -9.414096 11.734322 294.123436 99280.535566
219 12.168995 -16.672461 4.450616 54.612259 14281.979452
219 10.064078 -2.592423 8.242032 322.496930 48979.765774
219 5.121964 2.479436 6.174462 10.010158 27488.202725
219 12.400241 -0.513278 4.023189 350.404131 11670.488075
219 10.605231 -4.591403 8.178858 298.126734 48231.796551
219 10.513817 -2.780565 3.165606 163.555243 7225.396110
219 -11.651999 19.583592 2.723126 118.929301 5346.672820
219 -13.166104 -11.674520 2.290670 198.824807 3783.320633
219 -22.890516 3.644735 2.602247 319.034081 4882.533933
219 -13.627512 18.515108 19.751984 10.334394 281299.855835
219 -19.313310 -8.402274 3.311885 131.040257 7908.582586
219 -10.037186 5.698846 7.112397 65.658853 36473.717018
219 5.250290 -3.039988 2.607375 145.291589 4901.795062
219 -4.190176 2.753734 8.638921 212.141813 53810.501908
219 4.113430 -2.309549 12.670341 206.070985 115750.982184
219 -4.035972 -5.404062 4.460183 167.231310 14343.441342
219 -9.681304 11.285061 3.636187 159.348558 9533.238072
219 -31.825214 7.615808 2.599908 33.811171 4873.758654
220 4.304963 5.288633 3.381005 180.693467 8242.133234
220 8.412337 -10.694081 1.574564 79.045840 1787.594256
220 12.529071 -15.088247 7.479357 271.674697 40334.492137
220 16.167096 6.399445 5.574264 283.936676 22403.873578
220 -0.506315 -8.638491 13.170411 282.037557 125068.148905
220 6.697142 -6.369451 2.959719 322.622495 6316.101338
220 3.970049 28.138128 24.115767 293.299315 419324.511193
220 -18.912381 1.675946 8.918849 206.387583 57354.259821
220 -9.026530 11.752157 5.644714 249.783860 22973.751500
220 -23.855243 0.287720 3.736026 176.210868 10063.936371
220 -11.043902 -4.167070 7.279395 236.614157 38206.617306
220 -21.368721 6.095914 10.873135 194.916167 85242.787307
220 -22.233165 8.055172 1.612154 286.401937 1873.963587
220 -9.518815 5.803787 8.968553 224.465448 57995.303965
220 -17.597579 -2.771033 2.977816 235.388021 6393.573962
220 -5.969543 14.159012 11.151730 163.684799 89666.982414
220 -14.505350 23.822075 5.214741 305.913951 19607.106177
220 6.047555 -8.315785 6.722989 2.490954 32589.140334
221 2.397407 -4.150330 6.633093 37.371443 31723.437677
221 14.746951 6.341602 14.925608 145.821088 160624.623573
221 5.206037 0.368216 8.525018 112.168352 52400.888325
221 3.111474 12.062028 7.119887 285.933280 36550.577445
221 8.807048 9.296007 3.766403 195.599866 10228.256713
221 -3.818147 3.317035 5.748603 316.661169 23827.184302
221 -5.988214 -7.392192 3.004839 254.878631 6510.140992
221 -20.180932 9.636426 10.837366 139.980643 84682.863341
221 -5.956717 -5.353567 7.351819 170.675017 38970.657439
221 -12.259750 -7.074007 5.919277 4.904496 25263.028568
221 -27.229167 -2.054047 3.273049 309.470311 7724.191379
221 -7.179808 28.935192 10.391766 28.665919 77862.215179
221 -8.460173 25.969000 19.563955 219.517494 275969.694471
221 -14.079090 0.202797 3.564287 33.954147 9159.957640
221 -7.539685 5.807769 4.848330 265.641109 16948.543337
221 -16.124866 4.700377 6.234332 209.134027 28023.856840
221 6.244595 -6.050821 4.201327 270.382877 12726.855816
222 9.659862 -9.053573 7.991678 35.539805 46049.403563
222 11.255057 -9.816533 5.719220 201.931241 23584.228436
222 11.182002 -17.614270 5.006484 177.738609 18072.310282
222 5.789141 2.517356 19.559076 272.854553 275832.066061
222 11.957406 -11.503103 6.952896 138.418362 34856.163325
222 7.117564 -5.027981 10.595006 152.391877 80937.632880
222 -14.812850 -13.616345 5.611578 208.914902 22704.820149
222 -13.074984 -5.540647 5.470632 37.097173 21578.589463
222 11.246939 11.117475 13.234699 114.377994 126292.102839
222 -15.042743 2.022757 4.967838 193.371525 17794.385135
222 -29.865151 13.933458 8.098940 77.451105 47293.827148
222 -9.733918 -15.805652 5.766863 63.649003 23978.792519
222 -16.542235 -14.551057 3.949877 194.876492 11249.033576
222 -0.722450 -1.498576 6.134176 171.585108 27130.675488
222 17.505225 1.335720 3.022917 4.601416 6588.713101
222 -14.199252 -2.487101 7.925627 241.529657 45291.358774
222 -9.575027 -8.219642 9.969839 49.970032 71667.849376
223 6.579628 -1.739800 3.959927 76.972257 11306.347963
223 4.962318 -0.410834 2.230529 207.210922 3587.267979
223 7.668821 -10.828229 4.994190 245.867017 17983.667233
223 8.062429 -11.219075 9.637845 185.099043 66974.257563
223 13.626111 3.576002 6.422062 175.044808 29736.996379
223 -21.558952 10.051532 5.521476 37.065828 21981.559924
223 -14.499339 -16.232310 6.531014 346.361902 30754.548341
223 -17.650592 3.794617 1.824119 152.015123 2399.133134
223 -14.459150 2.936591 4.089026 310.517924 12055.570399
223 -5.506878 -5.324664 2.746071 357.356203 5437.155420
223 3.115125 -2.522398 16.420293 160.244374 194406.084415
223 -4.576966 -12.231721 18.601280 1.040353 249478.860592
223 -28.669819 8.880295 4.583231 125.427591 15145.777397
223 -8.063936 -0.072888 13.627375 233.898737 133897.508746
223 0.355713 1.747242 7.021351 288.899310 35545.892661
223 -7.687678 -16.402764 10.597059 6.733866 80969.001882
223 -12.776075 11.084398 12.878405 211.703422 119583.767153
224 4.020941 -3.563237 8.332984 156.605854 50066.727807
224 7.720216 -4.042741 14.997457 141.505415 162174.784975
224 10.671661 7.444613 6.788717 80.613601 33229.472141
224 9.193468 -0.058773 12.595720 225.735090 114391.583624
224 8.379108 4.666017 3.049337 31.893563 6704.385203
224 -10.489226 8.464607 5.629566 102.985975 22850.615862
224 5.913960 9.960189 3.770048 33.147532 10248.062860
224 16.282649 2.079147 11.646041 74.587875 97792.310900
224 -25.208935 -6.685589 7.740307 180.871229 43198.081331
224 11.169065 -1.890644 3.990065 37.111035 11479.106741
224 -13.943741 1.009256 16.863386 270.835057 205039.550862
224 -8.669889 19.289200 4.241743 259.428245 12972.889977
224 -8.416693 7.077946 9.200325 308.860408 61031.553235
224 -2.963428 -6.120145 3.753137 297.970486 10156.329853
224 -23.700675 22.888556 3.232966 26.320852 7536.166184
224 -10.720279 1.180953 6.157489 208.576646 27337.284736
225 18.204889 -1.186917 15.345636 108.302884 169792.245128
225 9.897667 -0.846429 2.151230 192.730066 3336.734764
225 -4.358204 -1.188044 6.125920 137.199292 27057.691302
225 3.762477 10.041754 2.377352 22.966696 4075.068971
225 -15.799365 6.981526 3.702835 118.796797 9885.911410
225 -19.693095 19.325475 8.175049 267.849618 48186.882892
225 -2.182673 7.170261 5.857767 10.686393 24740.713690
225 -7.695659 22.162981 2.815833 117.117257 5716.916884
225 -14.912286 -7.133316 3.503732 25.271189 8851.357958
225 -20.480420 14.639205 13.547672 221.513155 132335.813153
225 -1.747298 12.574901 19.980235 147.112391 287838.734346
225 -18.499784 4.046011 19.596726 151.274331 276895.001140
225 -12.024564 19.849463 6.085586 286.456583 26702.563284
225 -2.917613 5.641858 5.564451 68.991741 22325.064590
225 -26.939012 4.488977 7.421186 85.416959 39709.530310
225 -7.825978 -2.699773 5.935711 275.380058 25403.502354
226 9.042065 6.965036 8.070225 350.016677 46959.054626
226 10.344082 1.928938 10.330810 282.324991 76951.446948
226 10.433884 -6.143191 9.865796 300.456757 70179.838193
226 -2.506878 -1.394017 11.623431 6.605230 97412.956706
226 13.775636 -7.202582 2.849391 324.050515 5853.992148
226 -18.731876 20.065007 5.994985 192.184418 25913.389902
226 -18.722771 6.364128 16.105603 223.431218 187026.036273
226 -21.538497 16.330115 8.771249 103.745340 55471.627137
226 5.576303 16.347860 5.859008 46.622921 24751.196055
226 -14.272345 4.765361 8.939280 178.506657 57617.337364
226 -8.195524 6.661593 8.263912 280.550727 49240.164318
226 -4.482735 12.983174 13.674782 65.452752 134830.742344
226 0.045401 9.043971 7.424925 324.998885 39749.554721
226 -13.650731 3.995601 3.962098 225.290132 11318.748810
226 1.416599 -7.743911 2.862254 182.967113 5906.964440
227 2.730239 -3.153037 5.573250 238.788826 22395.723331
227 11.712263 -21.077965 8.395901 318.171663 50825.617200
227 7.633454 -2.396045 7.266889 356.230657 38075.453003
227 -8.308592 10.184697 9.357412 10.931603 63133.451253
227 -1.971851 -1.305080 11.177683 258.296507 90084.832079
227 14.273661 -9.839762 3.152939 25.211998 7167.690070
227 -4.079760 -20.462218 2.124071 158.126751 3253.015865
227 -2.541789 -11.886380 16.428799 154.720863 194607.562137
227 -8.565607 6.727829 14.298434 52.642509 147409.341344
227 -11.811984 12.631415 7.169365 113.290282 37060.346212
227 -12.553825 -13.413867 7.764257 174.063572 43465.821259
227 -13.657175 -18.169750 10.738826 215.953354 83149.895666
227 -18.177444 6.419268 5.923104 325.227204 25295.708217
227 -21.146209 18.771019 6.211758 241.123166 27821.285516
228 10.207409 -1.594249 4.182030 257.834198 12610.209682
228 11.616644 3.013592 9.618059 125.844312 66699.553180
228 5.139382 4.618474 12.016380 339.156608 104110.705582
228 -15.106337 -3.360785 11.736302 163.109539 99314.041833
228 -19.918845 29.727993 8.154903 38.542254 47949.673050
228 -21.931798 -4.465516 5.223243 165.220666 19671.091314
228 2.115363 14.412867 7.611840 240.938295 41776.052252
228 1.691927 -7.872072 6.813569 67.048157 33473.210804
228 -19.044987 2.820619 5.735628 246.357204 23719.741729
228 -27.283099 9.957605 8.122189 56.699447 47565.741112
228 -9.684741 11.018447 9.604306 320.240713 66508.942196
228 -2.762819 -2.405441 3.221583 15.541458 7483.189351
228 -3.006910 14.697563 3.028140 30.662304 6611.499005
228 -13.413971 -21.068032 17.682840 238.096165 225450.970397
229 10.735702 -10.117145 9.445341 330.653080 64325.530839
229 8.944679 -0.374635 8.834831 31.831057 56278.768208
229 -12.413225 22.041518 7.185000 338.348033 37222.159514
229 -6.532050 12.124063 3.816580 252.912301 10502.600256
229 -2.037554 -4.688153 9.493485 220.712197 64982.952853
229 -1.086495 14.488706 6.685395 61.093379 32225.687789
229 -25.752601 -2.046983 6.495683 238.173188 30422.695088
229 -25.906858 -7.798890 3.522797 161.844813 8947.945995
229 -1.083678 0.894613 7.492642 337.012245 40477.901912
229 -11.739266 14.297143 3.850475 317.523350 10689.977294
229 -12.775201 2.513545 5.336382 303.972818 20532.503075
229 -15.536890 -13.219573 4.475060 308.490188 14439.290026
229 -0.839577 -0.007595 16.796483 92.422053 203415.842997
230 -2.848377 -1.492678 16.608689 49.650250 198892.660592
230 14.382475 -1.038080 6.577284 263.732637 31191.857985
230 -12.802696 4.040494 2.339876 208.707482 3947.606631
230 -10.770673 -4.480793 3.080799 229.915252 6843.445501
230 -8.783316 -9.133527 4.264652 311.701640 13113.397596
230 13.614384 -1.241244 6.331351 145.989713 28902.864276
230 -13.630791 -3.711206 4.645266 214.548882 15558.555176
230 -6.714849 13.084092 5.200480 40.034875 19500.014229
230 -8.183481 -9.092016 9.279821 191.203025 62090.807854
230 -7.656413 2.850873 7.542552 135.915815 41018.968865
230 -12.335578 -0.334276 6.386600 82.858980 29409.493061
230 -8.421805 0.921336 3.972954 238.387570 11380.861241
230 -12.183058 1.001521 6.899492 334.669140 34322.771663
231 6.923470 12.842585 6.836815 31.613498 33702.005512
231 4.511544 -9.107091 1.315249 205.153414 1247.280198
231 -15.521504 2.977810 5.421242 107.147801 21190.718660
231 -9.353525 17.100180 11.242229 33.073476 91128.230768
231 -6.387023 -2.667473 10.664435 83.894193 82001.880210
231 -21.652753 16.236185 11.464684 121.440256 94770.302924
231 -16.831702 4.580840 5.899582 221.804037 25095.193257
231 -17.093261 2.545436 6.661378 23.389022 31994.566076
231 -0.466455 -11.622920 7.534771 336.159275 40934.373542
231 -15.959295 -13.222620 6.362322 234.647368 29186.324853
231 -20.338606 -24.997537 5.650346 34.341622 23019.617596
231 -10.652852 -3.064690 5.292030 171.359909 20192.620566
231 -6.968253 3.973515 7.245699 186.055864 37853.730552
232 20.175615 -10.663222 1.877846 105.351628 2542.541377
232 -9.981460 -1.960226 2.212992 65.138917 3531.081303
232 -19.626766 -8.318092 12.761663 233.450104 117425.552156
232 -2.598153 -6.665075 3.479062 81.213107 8727.148625
232 -10.452487 9.159938 5.986904 116.565642 25843.577019
232 -9.879392 10.119128 9.008114 312.419126 58508.082095
232 -14.788499 13.988760 2.802674 230.424542 5663.609573
232 -9.132568 7.006405 7.570972 136.731657 41328.660725
232 -4.313231 -3.706040 7.455547 114.240151 40078.100203
232 -16.301481 -7.103250 6.935285 310.388691 34679.811421
232 -16.434428 0.156938 4.495836 9.630198 14573.674290
233 4.062276 -4.591852 2.231833 23.493358 3591.464364
233 -5.512120 24.072176 7.456418 311.735714 40087.465616
233 -11.234467 9.244832 14.810438 355.020085 158155.340313
233 -5.639468 5.434883 4.481309 291.482648 14479.644956
233 1.059008 -14.859275 5.510676 50.188465 21895.652728
233 -1.953747 16.191241 17.070469 87.888426 210106.251047
233 -12.139094 -9.462383 7.165184 34.965914 37017.131214
233 -16.655035 7.357475 7.757828 136.201559 43393.870518
233 -5.888643 19.845031 3.765498 190.322073 10223.342928
233 1.908099 -10.521097 4.538588 287.092998 14852.157662
233 -10.387402 21.139926 16.944580 120.412605 207018.753112
234 12.532780 -19.992550 9.655603 339.353608 67221.294008
234 -16.899004 13.300552 2.766854 143.277742 5519.763955
234 -7.679532 -4.544358 8.527684 285.477806 52433.671958
234 14.279645 20.372526 8.329498 220.057438 50024.848401
234 -13.330821 2.398059 7.607502 176.441162 41728.452139
234 0.893725 6.754883 8.556012 52.451557 52782.612658
234 -14.237305 12.426180 6.285458 157.515386 28485.371512
234 -1.523958 -6.828905 8.400919 217.146922 50886.398385
234 -16.967893 5.021075 5.414879 289.461549 21141.004848
234 -14.924735 8.693043 4.136128 122.504785 12334.911989
234 -17.530978 -9.239259 12.226268 182.910064 107779.433530
235 0.813564 -3.532675 10.611461 300.409304 81189.238559
235 -17.458253 6.303846 4.381537 332.181394 13842.069153
235 -13.689182 -7.228584 7.794690 123.504991 43807.229477
235 -10.230080 10.049100 4.473756 44.581782 14430.876652
235 -2.967361 14.311742 14.854862 10.702390 159105.549573
235 -9.738949 6.814525 5.976340 250.859500 25752.454304
235 -7.305845 15.203040 7.427578 72.144760 39777.962593
235 -1.419264 6.526457 6.716764 60.997073 32528.814278
235 -6.519481 -1.840713 2.324862 335.643042 3897.107834
235 -14.368175 3.895191 11.948182 290.569157 102932.305006
236 -6.369532 13.160416 5.772115 232.209004 24022.493763
236 -14.737120 8.031022 2.893074 141.570795 6034.861159
236 0.928585 -2.714238 11.809670 47.197235 100559.609914
236 -16.626963 -22.777487 8.129438 122.870038 47650.677030
236 -26.668336 6.550521 2.502643 250.700378 4515.917318
236 -16.850013 -5.495962 6.825006 308.574707 33585.679738
236 6.349486 -2.522727 8.734358 195.590670 55005.996260
236 -4.626219 11.376352 4.647104 338.913179 15570.867131
236 -2.758195 4.318437 4.983079 124.929704 17903.732616
237 -7.212195 -4.504230 4.839680 182.748121 16888.124551
237 -9.658510 4.739977 9.011512 282.450239 58552.220088
237 -4.342896 -40.846195 5.667316 191.449195 23158.097927
237 -10.139103 1.880286 3.604118 323.414518 9365.825137
237 -5.745289 -8.892635 6.792361 296.508387 33265.157899
237 -12.999816 -4.853446 12.431977 119.480500 111436.757562
237 -17.715310 4.248038 5.182547 147.595961 19365.758602
237 -10.872333 6.179848 8.705298 331.884923 54640.581091
237 -14.544781 -6.673591 13.225850 240.409426 126123.289899
238 -14.826386 1.838151 7.183388 295.335348 37205.459588
238 -6.358654 -4.252061 5.639279 145.819236 22929.533352
238 0.985414 -19.222463 3.734716 140.721327 10056.880505
238 -13.948553 11.765074 2.576511 6.132408 4786.433903
238 -9.046697 -2.133375 7.750665 24.346406 43313.769137
238 -10.508047 12.151879 4.186671 312.034916 12638.216508
238 6.656395 -10.669204 2.448617 182.532230 4323.045434
238 -8.967551 -9.192985 4.574849 80.256032 15090.426475
238 -15.359743 12.386554 4.963344 156.904935 17762.204318
239 -4.585770 -1.529502 9.079024 40.722623 59432.824962
239 -11.326391 -5.582320 12.395076 113.845353 110776.204932
239 -15.703763 -0.205732 5.177240 84.339616 19326.123001
239 -2.834094 -5.476208 7.663686 83.388254 42347.075836
239 -11.462519 -11.156485 6.562824 359.501822 31054.856702
239 -9.819679 16.423022 3.979993 313.917418 11421.222362
239 -2.366108 4.379028 3.332803 210.293910 8008.798706
239 -3.120120 6.375173 12.646539 254.695802 115316.491997
240 -2.390646 9.584194 4.356164 295.142142 13682.215201
240 -9.497911 12.338196 9.645215 188.672259 67076.730965
240 -8.546614 24.674963 5.153740 98.137354 19151.072608
240 -10.220448 2.302112 4.661588 20.125110 15668.080288
240 -17.342090 -5.998775 7.640349 350.639193 42089.571836
240 -15.514835 -12.604433 5.691719 195.201358 23357.961935
240 -10.743523 -1.099265 7.866397 338.302665 44616.940021
240 -8.569310 -10.260002 9.294687 99.102933 62289.893993
241 -9.116565 27.902342 4.420877 275.838041 14091.750072
241 -9.756922 -3.011065 3.546222 2.854938 9067.342093
241 -17.735950 5.485401 8.209829 161.590447 48597.763055
241 -11.464981 5.796735 8.496849 138.599408 52055.167033
241 -1.532169 4.109643 12.514695 71.484547 112924.605179
241 3.392360 -4.029448 2.934803 129.017168 6210.206455
241 -7.269454 -2.656836 6.715596 86.851699 32517.503955
241 -10.908236 -4.773953 3.874100 194.206860 10821.554095
242 -9.069599 1.354619 6.221137 157.014107 27905.353877
242 -22.889858 6.095465 2.681131 17.013867 5183.033717
242 -18.257811 -4.249976 6.519552 58.380354 30646.694404
242 -5.365374 4.289247 3.176256 5.280313 7274.094854
242 -8.558911 12.172431 6.020797 278.949578 26137.022327
242 -7.147319 -8.179215 7.893147 24.294954 44920.905686
242 0.929914 15.130430 8.980943 334.293410 58155.660075
242 -4.269532 -5.465723 12.538631 159.026897 113356.987845
243 -10.702546 8.626352 3.548879 90.670007 9080.933040
243 -14.172748 13.655801 3.644567 175.263114 9577.231810
243 5.748871 19.123380 10.414165 274.012555 78198.244516
243 0.609562 -14.501311 6.240696 78.009400 28081.098247
243 -9.184641 23.622374 9.208762 114.555575 61143.539386
243 2.489741 -5.145899 10.286611 356.078890 76294.409309
243 -5.324887 -1.330775 9.027153 166.011995 58755.650712
244 9.373549 13.411132 3.008163 242.886473 6524.553259
244 -14.438325 0.386836 9.290344 86.746097 62231.696756
244 -5.124022 -6.245363 4.835683 322.227876 16860.239588
244 -16.132270 14.433034 9.275177 38.726127 62028.670465
244 -8.983805 -6.740105 11.231824 29.830695 90959.619471
244 -25.777291 16.636078 2.907301 132.133223 6094.359571
244 -2.314922 0.661198 5.514556 11.320620 21926.489360
253 29.421184 19.013876 2.887533 215.519510 6011.762820
254 28.056550 25.316659 4.325282 54.340702 13488.911626
255 25.937111 29.404299 7.516532 23.024001 40736.443562
256 -1.229826 11.089303 17.875197 133.633099 230382.639229
256 31.286571 -10.162786 6.270839 153.366544 28353.025112
257 13.263131 12.188972 3.824985 132.177772 10548.907419
257 24.567253 22.590616 2.594820 150.558518 4854.700896
258 29.394551 11.677631 10.193156 165.836708 74914.423710
258 13.724447 -9.904590 5.956662 9.203537 25583.145227
259 23.513609 28.449081 10.334198 107.495550 77001.928911
259 -10.862405 4.673823 10.494074 358.220216 79402.892025
259 30.308264 -4.852716 10.199902 355.258870 75013.607586
260 25.678449 3.276193 8.280807 281.612041 49441.704723
260 -1.982633 20.642343 5.186067 183.637707 19392.077565
260 34.091329 11.774684 4.926221 319.118244 17497.494490
261 27.146274 15.999669 9.474544 27.342419 64723.905666
261 20.125396 2.222832 19.614030 3.128909 277384.214324
261 27.647595 8.893300 18.020194 323.280793 234135.349199
261 11.267917 17.543837 15.582437 47.166268 175072.868190
262 20.361532 1.527505 9.919025 250.999829 70939.160586
262 25.247273 4.435674 6.206357 211.705298 27772.925280
262 24.634242 10.978251 18.383619 4.323255 243674.493459
262 22.368390 1.585283 6.999933 1.860806 35329.367641
263 33.520097 12.253731 7.853903 164.108254 44475.327227
263 26.474969 12.373955 9.321054 197.263126 62643.807534
263 21.733930 8.839913 7.169457 213.544906 37061.291889
263 15.690912 2.123045 17.266999 208.013778 214971.961720
263 33.451542 -0.792942 6.310078 106.407044 28708.963998
264 11.941202 0.369352 8.657834 342.361123 54046.378330
264 32.418382 14.183696 6.762291 12.855402 32971.279716
264 20.565797 -2.774706 6.530665 11.242445 30751.255455
264 22.277454 1.067447 7.443064 187.858134 39944.000148
264 25.836492 12.249939 3.961188 357.064597 11313.552036
265 27.696547 7.713052 3.568181 66.198124 9179.984464
265 34.482979 1.101982 8.778638 332.461716 55565.136991
265 24.934275 10.376113 8.306182 122.329418 49745.175999
265 1.759965 6.130275 4.036456 140.945275 11747.583958
265 25.229741 3.719758 41.479229 28.774598 1240536.140716
265 22.738597 3.693856 12.263994 328.102258 108445.596605
266 15.048655 20.234391 5.414618 263.647424 21138.965381
266 26.520027 3.249996 8.320239 325.633535 49913.692679
266 30.142044 6.850603 3.683666 186.449821 9783.823316
266 22.485142 6.380024 2.859931 23.983020 5897.381585
266 29.058802 11.892397 6.929059 160.609364 34617.570461
266 -6.473414 1.386557 5.309811 300.572862 20328.541058
267 25.121193 11.754455 7.633386 181.076904 42012.888647
267 14.605176 14.596646 8.417711 349.907504 51090.024805
267 23.028486 8.995038 18.056116 132.182154 235069.745667
267 28.993931 -2.762915 3.466214 25.553394 8662.812046
267 16.473866 -1.520513 5.238280 193.451103 19784.516676
267 7.913070 -5.728277 2.426367 176.425955 4244.837238
267 21.855770 0.364731 4.662930 294.468732 15677.105835
268 16.788269 4.624349 4.088037 105.045342 12049.737995
268 24.022208 7.089791 2.960050 336.312400 6317.511317
268 20.067382 4.387489 12.629237 37.414607 115001.172791
268 23.290058 -5.284344 9.715007 304.375425 68050.971711
268 16.448146 2.732469 3.891315 223.008422 10917.942710
268 17.622842 9.659193 2.835071 248.316623 5795.300237
268 20.168812 10.290016 6.181304 1.598564 27549.157980
269 17.626594 5.884680 4.071863 24.689541 11954.581994
269 28.232950 -0.597681 3.199046 259.112840 7378.856434
269 1.515465 -0.124913 4.112864 34.482926 12196.543134
269 20.605060 6.614580 4.138125 319.382262 12346.822429
269 6.396827 -7.655839 3.295804 265.201869 7831.967578
269 23.472374 25.234397 1.806796 8.593720 2353.782911
269 26.383574 13.151621 13.829266 71.263758 137894.297009
269 20.676766 11.093069 5.038884 57.398532 18306.981901
270 11.615934 -5.663999 5.018461 300.363058 18158.884618
270 24.881855 9.721913 5.951494 282.153796 25538.771523
270 23.211802 26.943420 18.971962 63.981852 259521.047325
270 0.951807 -8.208827 8.428942 350.736925 51226.441302
270 35.297538 -0.401518 3.946079 245.782180 11227.409873
270 12.564262 -0.825091 4.984531 94.063383 17914.170303
270 18.698696 3.759103 18.767365 138.461058 253953.782945
270 22.756510 1.654619 8.755213 89.381156 55268.990900
270 15.149749 -5.624184 4.958089 278.627712 17724.607432
271 27.190016 13.490357 5.991078 75.339216 25879.630349
271 26.377668 7.228682 5.411332 85.557357 21113.312498
271 27.250925 3.488346 8.699018 65.461400 54561.780254
271 31.890602 13.736592 1.643470 136.390895 1947.472968
271 18.799035 4.449377 6.221653 315.544624 27909.983823
271 28.102021 11.928425 7.998920 271.024978 46132.903428
271 18.824306 0.131474 7.608108 37.136344 41735.090790
271 8.360166 -2.944047 18.619439 354.359386 249966.191463
271 26.660570 -1.745776 7.920206 254.980044 45229.417798
272 25.563835 10.636057 5.195316 225.430084 19461.308120
272 18.787410 1.911303 23.629726 106.426951 402592.265927
272 26.022263 3.087349 10.366299 141.790427 77481.054664
272 22.713012 24.237569 5.942875 333.604739 25464.854630
272 18.900641 -15.727309 16.491894 31.147080 196105.212213
272 18.398224 4.579794 5.134458 299.108131 19008.038146
272 17.009499 -1.600986 10.743228 181.612903 83218.072065
272 11.477669 4.659016 4.175503 295.567481 12570.879396
272 24.278281 4.240505 8.027948 168.555702 46468.339992
272 8.454335 -2.627135 11.647126 313.125808 97810.523661
273 23.310055 10.382803 4.706287 300.523438 15969.996525
273 20.728317 10.372455 9.039683 143.243967 58918.872956
273 20.483759 3.730008 7.674584 333.993807 42467.602417
273 23.417465 -10.011982 6.650761 104.730046 31892.659905
273 17.455333 17.413613 9.058784 328.651941 59168.136616
273 28.438004 8.326533 3.124154 178.218931 7037.409274
273 25.591800 -3.174448 16.151280 3.758645 188088.386203
273 24.656342 5.884144 5.445824 61.262046 21383.323855
273 13.320371 2.107636 8.143291 141.722102 47813.218417
273 30.458755 7.156278 15.182880 340.541793 166209.713712
273 21.731931 2.047948 13.012067 53.852568 122078.918156
274 30.025922 9.955813 6.617391 332.225323 31573.425812
274 -5.899470 -4.222976 6.845330 162.577473 33786.004505
274 19.545617 9.497258 4.811092 160.836825 16689.193215
274 15.596458 -7.586912 12.308864 36.103045 109240.594284
274 4.244373 11.348563 10.364143 166.098755 77448.829387
274 -4.259038 -0.149786 6.513599 322.106029 30590.751977
274 18.360752 2.061185 13.694479 1.797236 135219.432059
274 26.445673 -2.051912 8.737325 271.562321 55043.377894
274 18.220720 -1.317993 3.992889 184.911491 11495.361296
274 26.222307 -6.507113 6.098362 123.069741 26814.795978
274 24.656055 1.196941 2.596909 6.609526 4862.520239
275 41.475105 7.439773 2.520524 346.402158 4580.677955
275 16.225177 8.454260 17.162337 26.965757 212373.786469
275 6.762933 -3.501333 7.076602 277.204678 36107.514965
275 15.101537 3.988438 3.083663 45.796942 6856.176988
275 19.593317 -1.910167 3.714252 315.338312 9946.968031
275 12.979732 12.095146 1.844804 19.649027 2453.853851
275 27.321775 8.719021 28.802528 343.315978 598148.876942
275 32.688448 13.064344 7.192632 205.155757 37301.278324
275 26.090915 2.405673 6.729705 281.659630 32654.277431
275 28.736834 3.793290 4.551216 319.683799 14934.923969
275 19.655692 11.789595 9.576979 99.991678 66131.001715
275 -2.012682 14.080989 7.222470 119.945841 37611.406972
276 17.511329 -2.748595 3.673194 299.213615 9728.271861
276 13.703397 -4.532141 7.099150 234.099127 36337.979185
276 36.089673 -0.992585 5.131768 271.409447 18988.124936
276 21.907114 -3.818011 2.144799 204.911539 3316.814275
276 25.068331 1.033455 6.818953 335.705336 33526.131089
276 18.167982 2.578100 5.213771 28.453193 19599.818207
276 10.629487 3.820616 10.064503 63.105664 73035.290284
276 18.333657 -8.125032 9.906155 234.330312 70755.192183
276 5.308098 10.818812 3.735818 244.668502 10062.814552
276 18.671187 -0.857568 1.861336 273.433612 2498.031153
276 13.380534 -1.641913 2.196393 133.690733 3478.308300
276 2.564352 -0.206698 4.525587 289.764726 14767.191130
277 -12.128737 -4.421840 4.292689 172.446554 13286.385045
277 11.859882 -4.402851 6.825702 13.586859 33592.534099
277 17.427647 -10.663523 9.394758 133.447861 63638.395897
277 19.775821 16.475396 18.544242 67.714345 247951.212739
277 21.200185 15.229902 6.643979 291.219802 31827.647614
277 14.877840 6.519152 3.441288 326.453321 8538.669242
277 28.943496 4.484670 4.405471 191.366404 13993.706085
277 25.400087 2.644915 8.313383 131.199102 49831.460496
277 27.100048 -0.149106 5.452047 58.422706 21432.221863
277 31.544774 3.744600 13.641727 171.521626 134179.698751
277 21.594260 -3.086840 4.869687 150.109406 17098.194055
277 20.500120 2.823594 6.350623 94.593216 29079.087629
277 24.295620 -7.240213 14.800015 291.718765 157932.814192
278 16.563583 6.078580 4.089471 43.508600 12058.197182
278 18.963291 14.038070 8.309065 303.612406 49779.715804
278 3.524295 -1.408779 9.327881 315.741272 62735.601014
278 22.059833 22.712229 4.016834 92.319023 11633.645724
278 19.297952 1.737992 2.470862 50.407877 4401.949124
278 14.110028 -1.962419 9.390140 92.502354 63575.849056
278 -3.656555 4.866207 4.925051 138.538344 17489.186072
278 29.852171 10.264294 33.510087 359.853498 809653.468798
278 27.594949 15.501048 13.314897 117.858441 127827.315566
278 -8.298333 5.759524 4.209969 272.652514 12779.266773
278 27.158766 6.413123 6.860992 164.497127 33940.785245
278 -6.395823 10.569097 4.883422 173.192947 17194.777434
278 19.840164 12.717666 9.954270 238.991661 71444.186887
278 2.504652 -13.962457 5.492478 194.531818 21751.277419
279 25.994487 16.736393 1.934701 133.769331 2698.832859
279 24.127041 16.228045 3.573840 171.045033 9209.123636
279 -11.656525 6.401481 3.366124 41.217491 8169.742856
279 23.810705 -0.833020 9.485630 300.825063 64875.456354
279 17.792487 14.863505 7.842330 318.931128 44344.347268
279 24.776544 7.939585 8.656093 218.283650 54024.644197
279 14.299745 3.853328 18.935908 299.683999 258535.585042
279 9.676583 -2.571329 1.576049 251.806915 1790.967358
279 22.730754 28.847802 8.074489 219.242407 47008.697152
279 0.181676 1.919950 3.876775 7.318628 10836.503318
279 26.085629 3.572097 5.157113 3.781958 19176.147044
279 22.498090 8.300905 3.455738 77.130287 8610.527516
279 23.091807 6.154160 6.512697 260.154453 30582.277685
279 17.475636 -4.644966 3.983432 99.919359 11440.972179
280 1.464673 8.315898 9.977568 192.088456 71779.016583
280 15.727289 13.494272 4.494579 153.128730 14565.524550
280 -16.943982 8.847565 7.673217 330.780721 42452.477116
280 20.145347 11.932613 9.728727 273.167015 68243.315278
280 34.087868 2.476927 11.698601 128.033768 98676.993668
280 14.873372 14.684363 8.643246 150.591281 53864.404515
280 32.828297 5.496748 3.502788 7.693897 8846.589464
280 11.383558 7.089466 8.908950 285.709991 57227.018251
280 18.690050 5.924536 5.792842 205.997710 24195.320394
280 17.844861 9.925578 15.485536 177.198350 172902.215227
280 8.272891 9.391343 7.949510 77.461534 45564.727907
280 17.246363 -0.780801 6.209565 180.817018 27801.644637
280 10.304921 2.200547 5.350376 83.531885 20640.330541
280 25.813455 9.694658 4.185533 291.297480 12631.343086
280 10.615364 -0.707576 5.908922 67.773620 25174.713157
281 20.900948 2.362364 15.601533 246.684968 175502.222227
281 32.843457 7.143316 5.682671 246.326548 23283.762569
281 28.427076 7.085075 8.279134 178.860684 49421.720114
281 19.828436 1.436976 5.206562 206.774032 19545.653937
281 21.953774 12.910717 11.493718 124.075280 95250.916842
281 14.978068 13.101479 3.661526 206.763500 9666.568013
281 17.257796 12.692512 7.693006 243.516627 42671.726454
281 20.243021 23.586657 2.966630 319.152199 6345.632543
281 12.797931 17.151038 13.929743 290.934446 139905.332237
281 21.786754 8.656361 4.746190 225.247816 16241.954675
281 25.742949 16.640149 9.808520 134.406361 69367.337998
281 15.345621 15.118887 10.438938 272.255341 78570.713374
281 10.736597 6.000071 8.964662 244.409695 57944.994645
281 21.815607 5.266780 7.835133 152.556801 44263.001669
281 18.360092 5.959467 10.260895 35.892014 75913.424424
281 25.213207 -0.271055 10.310552 205.684140 76649.956546
282 9.676181 17.200858 4.132775 134.401948 12314.922651
282 25.544167 -7.889358 9.511359 323.189367 65227.868441
282 9.216028 -2.070300 5.405199 195.715891 21065.482299
282 21.692744 2.576995 4.998306 335.128674 18013.321193
282 -1.899793 2.665315 5.063210 145.810234 18484.167645
282 16.104977 3.343206 12.540011 309.717433 113381.943034
282 26.888390 0.509067 3.314306 130.442420 7920.145915
282 -20.542349 -4.733826 5.229919 210.124839 19721.415001
282 0.281847 9.450888 14.091346 70.554358 143170.336303
282 9.545305 4.387417 6.526694 317.872147 30713.876969
282 16.155684 6.539676 2.650574 39.691660 5065.567374
282 34.220419 -7.222930 5.729677 97.730792 23670.551064
282 30.391322 -0.178724 27.005595 118.052873 525842.356230
282 31.417951 -5.540967 6.231685 6.356273 28000.065978
282 16.598591 11.803705 5.109841 277.808864 18826.208889
282 17.800504 11.615476 3.718435 95.545055 9969.386957
283 20.655008 -2.140132 6.980973 357.377930 35138.236771
283 2.890516 4.348304 14.050392 262.360535 142339.334935
283 25.591261 11.581757 31.419334 27.055220 711773.821578
283 18.142505 2.912819 6.711328 186.388371 32476.182612
283 19.951848 -4.793122 4.870231 132.141674 17102.009633
283 16.826870 0.408564 12.183096 30.593983 107019.624957
283 10.846788 9.815894 2.313377 23.437394 3858.700300
283 -1.187956 -5.121647 3.380501 165.705966 8239.675983
283 21.062858 7.645249 4.403155 218.609617 13978.999327
283 15.407605 3.543394 7.407853 51.234340 39566.971312
283 9.281442 -6.917877 7.066386 262.291154 36003.341909
283 32.800192 2.742036 4.278947 224.807693 13201.459832
283 17.036603 9.238226 9.507112 249.413316 65169.642017
283 29.962535 4.724448 7.669516 168.466158 42411.537726
283 20.659662 0.814023 9.455520 238.108882 64464.244315
283 -8.355933 7.391915 11.257214 227.673213 91371.324922
283 18.695288 2.907603 11.684745 236.760171 98443.389987
284 24.502167 -4.889855 2.590326 215.321763 4837.901307
284 12.282894 7.957965 11.686572 337.583796 98474.173252
284 3.139998 13.606804 7.631933 320.472945 41996.894539
284 13.365857 8.682155 6.129039 338.992052 27085.250920
284 26.486931 16.073347 15.498948 124.707863 173201.846286
284 20.300795 20.324604 2.806623 312.081167 5679.579524
284 14.712546 12.156514 9.335371 151.319750 62836.385518
284 11.030018 11.513979 7.124415 39.231373 36597.084647
284 5.088633 0.986075 5.923677 285.468673 25300.601847
284 -1.068643 -5.542201 4.577895 109.458455 15110.529839
284 23.867718 5.684124 3.819817 53.559302 10520.422867
284 27.369726 10.942300 5.779323 57.339886 24082.520852
284 23.633567 1.653756 11.691990 354.346810 98565.497947
284 17.432768 26.425675 5.279183 358.552764 20094.697872
284 12.176349 -1.163182 3.284040 37.835817 7776.154720
284 17.759317 4.756817 5.313504 343.034762 20356.824634
284 0.675637 3.782917 3.700874 133.383166 9875.446584
284 4.159694 -1.138099 3.189797 50.180690 7336.252936
285 -6.725629 5.535121 11.473130 351.750265 94909.989696
285 5.821236 -1.029298 2.928449 239.825186 6183.343594
285 16.172084 6.714137 9.118588 321.671240 59951.944895
285 26.445588 -3.989739 5.065467 33.110616 18500.656169
285 15.757257 -1.814837 11.441950 192.182485 94394.828373
285 15.242760 8.032707 7.714123 257.084177 42906.310476
285 13.277247 2.855004 9.526706 218.450259 65438.535272
285 30.398928 -1.087189 4.493953 240.122073 14561.469709
285 18.215990 2.371367 9.727088 241.427509 68220.325887
285 20.521064 6.629333 11.565239 136.836196 96440.028796
285 15.353212 14.457715 3.770544 148.037933 10250.761082
285 17.737335 13.974494 8.106561 1.974717 47382.873849
285 12.807610 -3.222739 10.971587 18.187424 86793.459212
285 26.001834 -2.655074 6.811119 159.516405 33449.146476
285 7.758037 -3.932848 5.561557 24.997381 22301.848676
285 26.147031 4.565967 4.416982 24.397470 14066.931309
285 14.503942 6.388390 4.669054 5.010847 15718.310039
285 28.711521 -2.207711 3.791617 218.461222 10365.660551
286 17.477862 2.596304 6.358048 228.487024 29147.125982
286 21.464701 8.672860 10.206283 48.408100 75107.494262
286 22.036673 5.728371 5.930050 288.504545 25355.066112
286 18.419523 14.244834 8.657416 166.802956 54041.155378
286 27.436408 15.113929 16.383372 231.045042 193532.845431
286 26.948926 17.850166 8.021292 199.148417 46391.317613
286 7.792562 2.638720 4.896380 111.820672 17286.152922
286 25.734552 3.685999 3.983594 131.364149 11441.900622
286 -15.763423 20.465706 7.118648 321.091091 36537.860872
286 14.660825 -1.982170 5.214258 90.956948 19603.475421
286 18.527519 -4.785011 3.729863 241.813702 10030.761320
286 8.915237 4.820821 7.173177 199.292978 37099.770489
286 16.290320 3.742404 9.309577 181.853372 62489.635891
286 18.764909 6.352402 4.084111 196.608945 12026.606631
286 34.000537 14.835492 7.213660 212.567512 37519.705733
286 22.720689 -3.997548 4.927903 93.530193 17509.444169
286 -11.579397 7.929591 13.862150 340.430641 138550.868043
286 13.757394 7.922193 7.267122 78.042150 38077.898678
286 10.350344 19.179712 6.527656 218.850330 30722.928863
287 -4.231350 10.880369 4.387024 109.419657 13876.759398
287 -0.851494 4.387484 4.631476 277.267476 15466.315777
287 24.720358 7.776157 15.457494 194.444103 172276.576368
287 21.307791 -9.562239 7.446278 347.771658 39978.508694
287 8.334195 17.473072 7.450661 151.029904 40025.584070
287 16.365760 -6.668406 8.379966 59.653763 50632.880323
287 2.498261 -4.310037 3.609464 105.917640 9393.628877
287 17.440178 2.255171 7.341207 222.999997 38858.230153
287 28.496105 10.234303 5.069676 306.913584 18531.407964
287 -16.745498 10.993737 2.187171 286.347204 3449.163004
287 17.499370 6.883715 7.564488 177.360869 41257.898558
287 21.130083 11.027117 3.104627 160.487213 6949.715832
287 11.168309 5.435792 9.579723 335.120835 66168.916271
287 24.572378 5.180313 3.780870 260.980495 10306.982493
287 16.498684 -1.526173 7.462787 169.867867 40155.971366
287 14.340280 -0.220331 6.841398 319.675491 33747.207444
287 23.012228 10.144236 11.050426 266.014830 88045.289550
287 14.372047 -7.030901 5.629758 224.594215 22852.175684
287 16.683359 4.702803 22.449095 83.832296 363367.213177
288 32.354170 8.874240 15.224964 91.502318 167132.383888
288 5.099404 7.253332 5.689386 31.262614 23338.819477
288 17.534399 5.379959 4.821894 24.635513 16764.223238
288 18.487205 6.751160 6.297020 142.537710 28590.264779
288 22.283747 16.125998 13.563141 216.190270 132638.199659
288 26.365147 -6.856677 3.178467 132.244354 7284.224987
288 13.769563 -0.546348 4.654878 18.164790 15623.007950
288 13.909604 4.071844 7.444950 229.470262 39964.247463
288 -11.791305 4.252728 5.553500 59.664556 22237.280741
288 10.661754 6.444538 6.266585 208.457577 28314.564385
288 21.632668 13.891165 3.295315 164.549678 7829.643185
288 31.551335 1.008927 6.445031 221.925600 29950.083276
288 18.754584 5.192698 4.761620 332.442676 16347.736351
288 24.194280 7.372569 4.782310 159.897660 16490.105781
288 5.080346 -1.355745 2.836409 4.665339 5800.770945
288 31.925390 4.276343 5.660353 67.686949 23101.233869
288 18.702138 6.007731 5.723482 61.223184 23619.395430
288 12.770154 -5.686063 4.202557 139.913823 12734.305244
288 29.578364 10.112437 7.573655 290.831635 41357.957741
288 15.867551 1.382938 10.200298 26.593893 75019.428803
289 12.451322 -7.283519 11.830319 133.613182 100911.581448
289 26.564409 7.432058 6.880537 294.077376 34134.436775
289 9.914312 6.190581 5.356025 179.387890 20683.939481
289 37.645652 0.237035 3.458892 187.352739 8626.252000
289 13.630761 -1.302885 5.997169 268.347409 25932.278071
289 11.140938 0.669660 12.544851 12.306385 113469.489029
289 18.760270 7.013445 8.820196 112.184276 56092.463627
289 16.520351 18.536400 5.547449 48.576782 22188.847358
289 17.822789 14.239246 19.336899 69.481610 269601.153405
289 13.565945 -3.427500 3.527441 163.189452 8971.550662
289 27.176553 16.196725 5.099903 172.440927 18753.046139
289 31.246996 -4.319370 3.789858 91.836366 10356.043722
289 10.932182 1.302699 10.222190 147.631189 75341.796925
289 19.531089 1.797784 2.868955 279.128507 5934.657229
289 37.201457 6.051797 4.235642 88.962247 12935.597908
289 8.084236 13.511476 7.381542 100.659057 39286.399290
289 17.325192 22.869324 5.866977 358.251387 24818.578589
289 2.637863 -9.373803 3.328481 189.261819 7988.039824
289 -6.034311 10.835048 14.888470 199.410497 159826.280408
289 16.598074 11.748874 12.735808 324.161917 116950.230360
289 11.834304 5.045971 4.746013 138.983354 16240.746173
290 15.894642 3.721083 5.963334 115.867668 25640.487686
290 4.469384 -6.171966 5.238643 64.395067 19787.262380
290 21.713647 3.547705 8.688367 291.824041 54428.258293
290 18.620410 6.064460 6.629679 165.928315 31690.787390
290 19.257748 24.173922 3.510400 25.216792 8885.077073
290 27.166053 2.229991 4.353680 22.536271 13666.619705
290 22.624392 1.606530 7.913134 169.290482 45148.686040
290 10.919988 2.493118 6.528096 203.098181 30727.069056
290 5.514526 -6.883858 10.640030 222.426214 81626.982434
290 6.813316 -3.109812 5.282071 8.140629 20116.691968
290 25.468529 8.131573 6.657639 359.173035 31958.661233
290 15.048198 -3.335311 4.809205 118.432946 16676.104826
290 3.483602 0.978586 5.593127 64.570173 22555.762058
290 2.812752 8.356110 5.012798 20.877861 18117.926951
290 24.832108 9.567886 7.486227 169.350587 40408.623973
290 31.565378 3.366192 4.581590 218.081455 15134.934167
290 0.636198 2.192668 4.462916 0.568461 14361.028945
290 20.974696 5.207042 3.552764 287.125435 9100.825126
290 23.908275 7.833153 3.972049 157.180494 11375.676603
290 13.428423 8.968090 12.495335 329.929074 112575.490521
290 8.629339 11.676640 7.479525 74.232590 40336.305819
291 17.559687 2.879152 12.234203 82.013873 107919.376787
291 25.523358 8.127463 3.139797 124.330501 7108.061311
291 12.801970 2.514050 7.664200 323.010697 42352.759881
291 5.232328 4.741502 5.506337 348.617325 21861.185447
291 -0.671386 -12.126101 7.174785 232.226994 37116.405410
291 -1.356683 -3.165986 4.009986 104.500426 11594.014331
291 7.699710 -0.163358 7.765810 285.333408 43483.210071
291 -5.211536 5.893471 8.301578 281.593883 49690.042766
291 7.431527 -10.574873 6.750525 12.130031 32856.645038
291 12.221868 11.380624 5.030595 193.385568 18246.802457
291 13.733413 -6.466602 12.348922 184.827628 109952.775236
291 21.088458 18.359149 19.848494 62.460738 284055.505621
291 23.601855 -2.820135 6.851700 246.625728 33848.910745
291 20.534750 10.547920 5.587706 302.796389 22512.055754
291 21.076341 7.345863 1.184681 123.885156 1011.931755
291 0.531236 1.603147 11.487322 3.863117 95144.940333
291 13.489374 13.230666 5.474313 16.297176 21607.642787
291 7.343470 4.276922 20.935975 288.845764 316034.457126
291 12.318456 2.981755 13.109011 22.759529 123904.750377
291 6.968626 -4.869682 11.545231 188.768759 96106.628344
291 11.603484 -11.067952 8.648209 282.383228 53926.275578
291 15.565901 2.012229 9.671411 45.329072 67441.586752
291 -27.785879 -7.210834 7.202279 195.228523 37401.403876
292 10.052938 -0.118670 7.559092 311.042185 41199.062617
292 17.577954 -3.733269 4.098049 235.273783 12108.836897
292 16.759750 15.155155 14.295759 134.012038 147354.200510
292 8.524811 -2.693355 18.287361 201.892845 241129.383089
292 13.029943 2.783172 14.796482 301.788713 157857.432629
292 21.383997 5.075724 5.472944 259.057444 21596.834108
292 19.178501 2.452411 13.855611 35.991126 138420.180604
292 20.087667 -4.204524 3.920298 27.645393 11081.187356
292 28.209918 18.221133 5.854256 355.813471 24711.070803
292 5.688542 11.203798 6.245556 291.618359 28124.855726
292 21.980241 10.003078 8.194744 281.615116 48419.340731
292 10.266260 -1.451743 5.303744 53.962580 20282.114657
292 25.379230 -6.917880 11.501173 34.715608 95374.507638
292 32.465748 -4.339843 12.213179 287.414320 107548.787810
292 5.641387 13.380918 5.487021 60.379126 21708.076735
292 20.943276 -3.565624 13.590838 355.822276 133180.469373
292 14.249392 -6.117235 4.409878 186.098163 14021.717009
292 6.976701 0.895712 6.736914 236.823583 32724.283344
292 10.991563 3.836835 5.632512 333.546324 22874.534947
292 19.163048 5.217886 11.201745 354.298822 90473.086272
292 19.840332 8.159383 6.915927 12.543584 34486.477683
292 26.370274 5.313750 11.381839 176.099696 93405.613428
292 -23.264050 -11.970683 7.944099 3.822951 45502.723619
293 -4.470860 6.941840 10.754549 55.207820 83393.556702
293 16.467352 11.773024 5.022910 198.640794 18191.094747
293 17.528971 7.489234 7.327430 206.323994 38712.522884
293 32.667025 0.616276 10.193077 316.615825 74913.260019
293 18.118722 -3.991630 9.688625 320.882795 67681.872092
293 17.219439 3.592578 4.485475 35.064018 14506.574418
293 -0.726208 -8.627673 9.777646 269.323809 68931.342134
293 23.179075 5.249709 8.353804 45.504730 50317.216053
293 19.859148 -4.954462 8.499002 117.833439 52081.552223
293 14.210338 12.467787 7.201196 230.226200 37390.162666
293 26.881858 4.929626 6.247366 288.577384 28141.159974
293 8.001205 4.639834 18.416073 356.754139 244535.627259
293 10.948146 -19.117753 3.155465 162.473472 7179.180104
293 5.748658 10.874549 5.151628 47.278046 19135.377146
293 19.464397 11.045645 8.126146 257.353145 47612.097838
293 20.702714 0.598703 9.295582 178.475070 62301.899924
293 12.007019 -5.602234 10.105634 110.855494 73633.460667
293 16.676816 10.645773 8.711916 84.345861 54723.700147
293 5.549294 4.933172 5.529876 75.399754 22048.488457
293 12.916848 10.692873 8.129240 16.306448 47648.357481
293 14.005423 2.808587 4.598004 256.694788 15243.570755
293 10.724106 -11.559443 7.287853 38.099658 38295.460494
293 20.603827 0.717885 17.411925 109.204351 218595.706443
293 -29.321887 -7.426903 7.588544 248.198534 41520.728182
294 7.123538 2.882440 7.719558 355.743925 42966.798101
294 13.403855 0.421054 4.983112 30.305974 17903.972041
294 22.087352 8.058571 15.732842 67.678041 178468.846743
294 18.128214 13.522677 9.256077 43.248682 61773.470863
294 10.172341 13.587338 5.958118 354.531881 25595.654341
294 25.528115 3.255016 4.122346 333.512530 12252.842751
294 14.648814 9.703458 2.659659 277.145029 5100.349036
294 16.638040 3.249899 5.747299 47.527085 23816.376500
294 31.750935 7.219805 17.329101 263.098879 216521.053666
294 18.226779 2.658887 12.658090 30.104380 115527.250817
294 23.705999 12.079166 4.351188 207.903819 13650.978269
294 16.344967 13.189669 14.429264 96.729749 150119.263743
294 15.533224 3.354873 6.594317 106.682062 31353.623477
294 3.871637 1.625478 8.260460 55.831274 49199.031577
294 13.592165 8.352143 2.063263 229.819868 3069.425332
294 11.598351 10.678850 3.080698 214.151963 6842.995732
294 -2.477345 -0.323761 6.148471 66.253403 27257.268309
294 2.734632 12.595513 12.207113 276.411423 107441.988092
294 11.829500 12.665708 4.890297 46.564295 17243.228889
294 9.596625 6.136169 3.975549 50.340878 11395.734508
294 12.275191 -2.139232 4.233964 15.165211 12925.353723
294 0.978611 16.326361 16.305059 167.060578 191687.078751
294 6.836286 -6.996773 6.524472 68.368434 30692.964954
294 -24.466805 -0.921816 6.475748 316.596781 30236.256106
295 12.418198 -1.645581 8.823491 289.874755 56134.386214
295 20.108729 2.984540 7.602275 136.816205 41671.124379
295 23.572487 22.485483 6.271049 189.718371 28354.925788
295 9.007889 10.999460 4.897323 350.647091 17292.812661
295 16.693881 -6.724762 14.709194 7.314697 156000.430466
295 12.251906 9.080122 25.416868 274.871920 465792.141409
295 21.471827 3.886338 5.534750 32.322955 22087.372058
295 31.567049 6.610779 16.931990 180.156693 206711.240074
295 21.576766 8.853024 3.832507 218.485536 10590.438742
295 -4.367920 10.032306 15.365426 208.485775 170230.471939
295 24.373316 4.370965 9.117562 357.205023 59938.456845
295 14.986108 5.907032 6.926866 19.608879 34595.658502
295 7.380546 8.317189 5.349584 199.123205 20634.224538
295 13.120988 -1.047277 2.393380 337.065353 4130.201590
295 -1.273581 -4.971534 7.753227 234.802971 43342.413075
295 12.833346 3.691528 4.009405 253.828928 11590.653693
295 15.187899 13.504724 4.494196 292.429976 14563.040231
295 20.498145 13.736008 7.000196 161.979443 35332.016292
295 12.343243 9.804998 5.375195 255.940806 20832.263858
295 17.954717 16.001451 2.345573 236.261339 3966.851757
295 15.547354 12.697973 9.215700 132.363103 61235.701511
295 18.084117 11.227104 11.749324 269.209116 99534.545572
295 22.966915 11.658959 6.640739 82.871985 31796.613520
295 -25.966747 -9.748574 9.674254 216.023290 67481.238230
296 18.192333 3.850508 3.597978 54.407406 9333.943656
296 25.058964 14.707183 4.923295 283.066264 17476.713723
296 14.081088 -1.418135 4.000485 281.212552 11539.136950
296 14.218112 14.069225 3.816446 330.211249 10501.864846
296 4.258082 3.464235 4.973824 171.205885 17837.288851
296 30.447300 10.322634 10.111194 66.990568 73714.510275
296 13.971846 -10.478494 13.149566 315.960492 124672.569082
296 10.478446 11.607438 6.608703 244.887267 31490.572428
296 16.750620 -1.391904 4.094107 323.422943 12085.550154
296 20.680065 1.059818 5.318062 273.182646 20391.765832
296 25.637784 10.345964 4.927090 269.651797 17503.665113
296 13.131115 12.198571 4.537627 212.250342 14845.871401
296 25.019051 1.040827 9.998613 222.888910 72082.130863
296 17.237655 13.697495 8.996869 69.598179 58362.090310
296 20.754890 14.233666 5.973524 293.671974 25728.190097
296 10.241725 -2.641282 2.556848 334.967152 4713.656368
296 7.565388 9.692289 6.657656 135.121239 31958.822297
296 18.471314 13.310703 7.975252 218.124526 45860.300723
296 9.345068 6.257793 5.704615 203.950963 23463.932790
296 3.448330 13.040982 7.015932 114.070503 35491.048544
296 12.111328 13.257746 8.869398 161.632129 56720.012918
296 28.550614 7.759219 6.770162 264.205214 33048.081390
296 13.585913 6.771787 7.600202 198.119208 41648.407275
296 12.214384 -0.454145 7.050818 86.883838 35844.874639
296 -32.856274 -5.690708 4.893258 193.518007 17264.115985
296 -19.718146 -5.718316 4.433563 125.619936 14172.741615
297 11.976445 -2.584474 5.910312 129.821214 25186.562219
297 9.459016 -2.174054 9.887795 160.096649 70493.166936
297 31.485056 -1.112231 7.191683 34.525999 37291.440755
297 23.398997 0.905826 2.728141 279.623338 5366.384872
297 19.314429 4.593099 4.804148 117.502936 16641.053466
297 1.902941 -11.714729 4.973694 257.644903 17836.356557
297 23.121626 29.935530 5.906178 110.889284 25151.336404
297 19.380909 14.392633 9.283286 14.701981 62137.176630
297 11.146542 11.780961 3.709391 121.413143 9920.951810
297 -1.423267 2.076370 3.024180 196.377265 6594.216689
297 25.624039 -0.419502 8.407763 327.924091 50969.343899
297 14.280292 -3.554651 8.275726 332.436025 49381.042008
297 4.125182 11.658606 13.683819 7.376021 135008.990290
297 31.222437 -4.763692 4.649797 219.678145 15588.919049
297 18.094005 4.417521 10.537229 63.476750 80057.287400
297 -1.289721 13.919200 2.077758 107.225194 3112.703842
297 -9.598347 8.581261 24.732565 223.020273 441048.548718
297 26.681748 0.670392 6.150588 78.447636 27276.043372
297 15.657748 4.945066 4.356120 266.086492 13681.943235
297 13.542679 -9.946560 4.037381 304.974198 11752.968531
297 9.906447 7.681912 4.010812 181.857034 11598.790763
297 24.708011 -1.568741 6.306986 222.208170 28680.834050
297 21.122097 -6.192803 28.552796 51.811197 587821.335371
297 1.491848 -2.345271 7.515265 78.078901 40722.713963
297 -27.958976 -16.157365 5.387172 34.220694 20925.206833
297 -31.199208 -10.890608 7.086598 224.946121 36209.595383
298 19.466453 13.336425 5.496751 301.929968 21785.130502
298 13.403934 15.820604 6.655485 172.839581 31937.984634
298 25.805710 8.304237 7.621682 162.380212 41884.154512
298 12.321397 14.442459 4.736839 51.365003 16178.021201
298 10.161882 -5.701942 5.146422 308.194808 19096.722926
298 19.200430 11.481869 4.577659 294.199766 15108.974533
298 6.661238 9.525045 3.754092 138.080090 10161.504254
298 10.014079 11.285670 3.843611 209.554957 10651.893759
298 10.735089 -7.597207 3.485401 340.084141 8758.982352
298 28.015608 -0.343779 7.952561 339.679897 45599.716070
298 10.644294 26.219651 9.319440 206.426243 62622.107496
298 23.698242 0.033544 19.203300 61.082747 265888.665319
298 20.294713 6.123111 4.886923 224.088333 17219.443324
298 24.406735 9.212075 5.275500 232.504985 20066.670112
298 18.290753 -1.353540 5.738870 164.139689 23746.568928
298 7.724743 -1.426229 10.201686 57.464281 75039.850428
298 14.728808 6.216035 4.955599 114.084958 17706.810198
298 17.021729 -1.195590 14.680506 333.608321 155392.517154
298 10.894159 8.904803 5.398161 346.518139 21010.659589
298 20.036931 11.094599 3.947699 199.021894 11236.629112
298 20.558456 10.435110 4.330995 99.934755 13524.571119
298 35.724389 3.119666 10.223012 327.195510 75353.919084
298 9.152142 -1.368030 12.753191 256.983197 117269.690546
298 20.940701 6.679223 4.062829 79.775967 11901.596307
298 29.408991 12.587610 13.455819 44.712512 130547.442277
298 -27.929256 -11.083258 7.500000 340.013754 40557.449766
298 -30.015686 1.405085 10.462787 276.875861 78930.140474
299 15.692720 -4.674331 4.845020 130.096906 16925.413743
299 8.212304 3.378167 3.523348 119.575273 8950.742049
299 21.243380 6.949182 6.470645 260.710957 30188.613481
299 5.340290 12.948757 2.050463 91.368887 3031.462076
299 9.989751 -4.842211 9.775235 7.246728 68897.343225
299 24.196475 10.440923 5.733954 100.524803 23705.903013
299 14.315507 -0.526924 34.167317 139.640771 841724.209606
299 12.506626 3.867137 12.206916 307.741633 107438.514745
299 28.520319 6.036001 10.227474 282.296462 75419.711759
299 3.469399 0.697704 13.806692 60.332178 137444.499006
299 15.692310 7.995971 3.843325 345.703974 10650.308361
299 17.057275 5.680250 8.417612 33.038374 51088.820747
299 24.667137 -11.226532 4.544199 147.452276 14888.907570
299 20.140656 -1.445107 3.039438 180.337582 6660.927106
299 18.284520 11.453613 2.854743 44.636580 5876.003806
299 0.011714 -3.251549 11.903686 17.161624 102167.091249
299 13.160809 13.203679 8.550616 298.199692 52716.055120
299 -5.232569 -2.485822 7.285813 340.771562 38274.021546
299 4.041918 7.979138 4.435407 102.701835 14184.535230
299 5.226427 -2.767425 6.707670 145.027516 32440.793495
299 11.053071 -4.335231 15.451864 161.055211 172151.115982
299 6.982641 -12.470865 2.601916 143.011495 4881.291888
299 0.671911 14.011114 6.818223 190.633017 33518.953781
299 11.167189 -5.118627 9.234029 269.190258 61479.523821
299 16.537374 -3.787533 4.768854 75.582336 16397.444560
299 3.457488 -17.457642 5.844528 220.121587 24629.008950
299 -5.930423 -5.906729 6.019095 70.985161 26122.242158
299 -7.100474 -4.467131 4.441075 342.325490 14220.808226
300 12.049442 -4.826839 14.614509 129.801025 153998.511319
300 19.337781 5.757626 7.867457 58.676618 44628.965647
300 22.374954 11.817668 5.428617 293.338124 21248.415136
300 17.672993 1.648697 1.355783 25.341677 1325.342639
300 24.545259 3.882253 5.197486 267.900591 19477.569026
300 7.244032 6.441439 13.789642 93.886586 137105.235120
300 -11.407927 14.714837 8.205638 198.326181 48548.156895
300 4.714925 -4.614027 8.350825 280.460920 50281.341696
300 26.545197 0.862173 3.355052 8.196313 8116.084304
300 11.028732 -0.413434 3.936076 344.015295 11170.559301
300 25.969970 14.646701 8.260804 274.241277 49203.123914
300 18.048352 9.947510 10.113322 251.891626 73745.539416
300 18.697726 4.723041 2.766445 34.722425 5518.132799
300 32.556508 7.185124 8.506991 222.270673 52179.513824
300 16.181640 -13.718052 17.332124 250.521740 216596.605089
300 15.533791 -2.374468 8.620373 91.898732 53579.683467
300 15.398883 6.828669 4.681593 74.477189 15802.845579
300 15.640253 9.767400 8.250664 121.767947 49082.412687
300 15.433081 6.679937 6.558687 155.698597 31015.725628
300 36.359791 0.535372 5.418535 125.481594 21169.563454
300 18.647775 -6.321650 6.407119 153.330312 29598.765786
300 14.747247 3.659086 5.243970 141.156478 19827.522306
300 13.302551 5.952637 16.452714 338.330330 195174.531236
300 17.363308 -8.190554 14.091133 219.111927 143166.002873
300 15.609595 9.903888 10.075130 62.732234 73189.604399
300 -35.194405 -1.883440 4.397144 114.219961 13940.853258
300 -18.104029 8.775406 5.926488 140.926318 25324.613398
300 -19.460442 12.521500 4.595074 303.552894 15224.153558
301 -8.561911 -12.172833 3.905019 93.171104 10994.978603
301 17.680146 -1.667171 28.942498 233.604882 603976.561646
301 23.033238 7.800069 4.888735 103.545929 17232.210345
301 22.377955 0.174032 9.471391 70.463095 64680.829121
301 10.460698 1.252675 8.167640 96.816960 48099.573108
301 24.196215 8.322336 4.684805 342.225953 15824.537843
301 18.635756 8.722950 20.318077 176.206515 297655.075998
301 18.519092 17.052285 14.058142 278.693099 142496.402506
301 6.468148 5.091479 2.998101 320.068430 6480.980736
301 26.361641 2.795075 5.060492 64.340903 18464.330346
301 -0.880600 -8.130707 4.188095 291.789669 12646.813613
301 -6.776551 10.074952 10.954904 86.477737 86529.711359
301 22.394433 0.074744 3.207052 263.202633 7415.836761
301 16.891783 1.920340 2.952697 126.170434 6286.166646
301 12.609146 10.686946 2.191392 222.710592 3462.486961
301 17.732816 17.700651 6.433309 306.197694 29841.237868
301 26.469081 3.394491 3.958430 148.553769 11297.800551
301 17.382988 0.817836 5.414827 125.202656 21140.596253
301 14.565799 10.247456 2.115328 313.616721 3226.291543
301 19.028121 12.284609 3.929251 326.624977 11131.856597
301 20.230333 2.573194 6.868614 205.320057 34016.234836
301 16.034868 9.427330 3.543417 199.177289 9053.001442
301 22.606073 7.621762 6.254506 150.704892 28205.521037
301 20.890952 8.633554 4.461935 336.327841 14354.715237
301 12.364367 0.675784 10.735453 188.986956 83097.660487
301 24.068488 8.452912 3.185038 212.720929 7314.374679
301 -25.643064 -0.676359 4.354494 346.341116 13671.729798
301 -29.841286 5.412001 3.553779 119.317794 9106.024876
301 -4.553513 -15.661096 7.020898 93.466761 35541.303065
302 6.590848 -0.384706 9.238524 108.835064 61539.398522
302 8.741321 10.285087 5.953808 328.590825 25558.640102
302 15.920245 4.097739 4.759471 152.100732 16332.978626
302 16.586279 10.397361 9.026692 68.815399 58749.657312
302 16.434251 14.183083 5.387687 233.650049 20929.207196
302 18.886675 15.735069 8.264909 301.476448 49252.044289
302 8.245284 18.625827 8.876764 120.044842 56814.268166
302 19.318425 7.119464 8.201824 178.899933 48503.041933
302 25.023314 13.194642 15.164127 164.024318 165799.382853
302 2.926069 1.661856 8.648980 238.784070 53935.891764
302 18.368033 12.203362 12.353381 255.158220 110032.188821
302 12.812520 15.564716 7.700123 11.470683 42750.717379
302 21.473122 0.162395 17.628927 117.382411 224078.319109
302 15.768281 -4.433994 2.807422 244.393327 5682.813384
302 18.524528 5.222870 4.224361 146.269897 12866.786849
302 19.288679 0.767076 4.115582 107.308879 12212.667271
302 12.648946 15.274875 15.088451 19.948713 164148.673111
302 3.604821 4.940701 2.969206 185.681594 6356.657340
302 8.896854 -1.194606 7.442294 143.185486 39935.734410
302 18.267952 7.145319 7.737824 38.057507 43170.370198
302 8.335648 10.863106 3.833167 190.328258 10594.088293
302 6.773604 -5.488271 2.898083 225.562530 6055.775058
302 20.257176 -8.415008 13.769583 118.819227 136706.647088
302 13.171813 13.746433 8.656378 49.447145 54028.206078
302 13.544357 8.229022 4.994587 277.272103 17986.525130
302 6.540589 6.930830 8.128442 234.921004 47639.006271
302 -20.759857 -11.020634 6.487158 105.916979 30342.895278
302 -21.510193 -7.412785 5.792149 273.060097 24189.531485
302 4.539511 -12.922270 8.057726 217.424941 46813.705590
302 -31.737955 -15.924291 3.579610 192.054807 9238.883119
303 -7.863229 -5.149307 4.021722 322.647627 11661.975195
303 12.553041 1.593455 2.878167 312.380494 5972.830459
303 9.852341 10.854123 5.880857 242.286664 24936.142059
303 -1.684423 4.876450 10.908881 5.479293 85804.186288
303 19.496546 0.693765 5.615716 11.475343 22738.317770
303 9.394775 -1.007899 4.383474 299.117320 13854.311042
303 7.192508 -5.616820 7.156559 37.648352 36928.064228
303 17.409776 0.406477 12.743511 55.948564 117091.734870
303 11.475504 1.659996 8.856671 41.505693 56557.351859
303 13.676685 14.115229 4.336010 117.993352 13555.907238
303 7.431108 0.756675 2.731884 332.368242 5381.117521
303 20.763041 -0.962655 12.699514 103.689388 116284.624666
303 17.464114 10.105389 10.173461 57.276715 74625.196131
303 15.530733 2.583286 14.510738 93.882378 151819.327487
303 8.387150 0.402203 14.865949 244.891690 159343.130917
303 14.975017 7.281335 8.188449 277.330005 48344.976640
303 12.030803 5.786600 7.251921 297.161210 37918.767896
303 24.767225 15.338858 7.768002 228.703731 43507.756359
303 9.681171 4.901045 3.857975 156.863137 10731.658346
303 19.982889 -8.502027 13.769944 331.919414 136713.816700
303 21.298255 13.940807 4.563621 0.154236 15016.450565
303 3.445043 0.114238 8.632969 41.914266 53736.387940
303 6.587822 -5.885639 3.364690 303.276620 8162.782861
303 21.239737 23.000263 3.894170 19.450249 10933.972449
303 16.101253 0.086130 9.442133 169.200477 64281.838981
303 18.247056 -10.127540 10.280174 313.653398 76198.949719
303 -9.004612 7.783922 45.570139 131.132618 1497299.845444
303 -21.090748 -3.828183 19.052080 1.940079 261717.557582
303 -22.740289 9.280881 8.601708 30.285023 53347.918081
303 2.779843 12.123023 6.534937 47.305078 30791.503709
304 -2.137431 3.549687 12.095661 151.486534 105489.035642
304 7.109206 14.194879 5.673335 78.979163 23207.313910
304 18.844372 11.190423 9.841254 64.718340 69831.113067
304 20.165258 2.530545 6.418541 37.934300 29704.393235
304 13.159702 6.590270 6.788752 35.247620 33229.817389
304 16.032542 28.590837 6.029082 260.413616 26209.004191
304 18.837457 12.349832 8.251463 329.025858 49091.913809
304 10.324490 -4.514231 2.372443 310.665088 4058.256324
304 8.605235 -12.171234 3.600199 264.195116 9345.469133
304 1.313387 -11.685041 3.358761 5.869445 8134.038173
304 14.868297 5.143594 5.672088 41.471089 23197.117547
304 22.508013 -5.702547 4.624141 177.677386 15417.366227
304 7.446182 5.698808 14.421115 151.156337 149949.753524
304 19.921285 14.426700 23.076608 193.619864 383965.341211
304 16.408926 -7.473347 16.939196 284.479494 206887.216261
304 6.498743 5.613262 12.243999 327.157194 108092.269371
304 9.023277 12.029603 4.737834 5.115850 16184.817474
304 11.341488 3.681020 12.297252 11.721473 109034.579109
304 6.641360 -12.130173 7.471366 172.621742 40248.356737
304 24.561823 7.594835 11.669867 31.606613 98192.854100
304 -3.587656 -7.646461 4.898436 245.586977 17300.668602
304 17.246447 -1.566093 7.848137 121.363065 44410.045123
304 24.277391 9.367323 6.516688 38.340176 30619.766150
304 11.207539 8.613738 9.457493 145.885895 64491.150635
304 10.607797 10.711180 5.585192 4.151265 22491.799890
304 8.586631 -8.384157 5.670706 52.660451 23185.810194
304 -14.649622 3.315633 6.353170 41.437374 29102.413193
304 -33.534591 4.610597 6.115465 105.427886 26965.412323
304 -13.708467 -0.397842 9.674440 296.629023 67483.838380
304 -32.902970 6.143443 1.393592 39.988070 1400.294302
305 6.590600 2.442759 2.563663 204.547668 4738.817049
305 26.684248 15.449686 4.258921 36.081676 13078.180395
305 2.621926 10.102375 7.623536 278.046429 41904.535962
305 18.857949 6.346155 10.370937 164.422614 77550.399646
305 10.205242 0.554799 5.154874 143.056385 19159.500098
305 31.834957 11.680990 3.929925 8.723319 11135.675050
305 12.319014 5.909164 5.566962 89.877895 22345.213749
305 27.857298 -7.581889 2.484519 223.202019 4450.743629
305 21.930407 -6.672053 4.340676 230.669109 13585.097250
305 14.772736 2.363419 7.418171 307.944219 39677.271229
305 9.526964 -0.425593 6.451164 152.389297 30007.115705
305 13.780697 9.954289 1.304055 41.361101 1226.140029
305 -16.986347 5.333632 6.818987 106.098520 33526.472409
305 17.876930 15.079458 8.792743 332.382970 55743.831615
305 11.636946 2.762543 2.656507 317.693537 5088.269190
305 10.407673 9.958946 14.582450 67.778323 153323.616975
305 18.211109 4.485318 6.774110 176.046510 33086.629549
305 6.902706 8.686473 4.159002 22.139209 12471.719205
305 4.261880 3.383756 21.048450 294.599030 319439.289158
305 18.648942 -1.801060 16.674408 138.202669 200469.786322
305 11.050802 7.112371 9.765118 20.630649 68754.807546
305 15.852536 3.162872 3.272042 194.068359 7719.441593
305 8.611712 1.897370 5.763333 311.535140 23949.450005
305 9.930637 14.153388 20.705830 11.613639 309124.446877
305 2.128131 -2.624671 2.284454 35.217335 3762.815806
305 11.720982 9.696831 16.363913 228.784722 193073.378720
305 -29.331388 -0.819160 4.235860 315.428463 12936.928542
305 -33.171110 -0.265478 7.035865 309.610352 35693.001982
305 -16.332446 -16.787744 4.583421 56.882596 15147.030759
305 -26.844437 0.449103 2.743029 282.173603 5425.113731
305 -15.703370 -10.941763 5.051712 116.066917 18400.317229
306 13.483031 2.080892 5.122472 219.863555 18919.392791
306 13.212785 7.729500 11.174687 192.155859 90036.539569
306 1.076210 -5.466126 23.625246 262.351019 402439.639911
306 5.526613 6.010575 10.155555 225.173751 74362.741496
306 33.370280 13.588020 11.951041 170.475320 102981.582666
306 -5.717725 -9.843765 7.559841 37.676451 41207.226110
306 19.272827 2.844272 6.845463 75.219574 33787.315163
306 19.846426 10.454990 5.852685 149.680733 24697.809480
306 11.866006 -3.542758 13.620584 286.699496 133764.082856
306 20.712148 -5.942962 3.583159 90.419347 9257.211633
306 28.236089 9.968914 2.941292 311.181782 6237.699652
306 0.135373 -8.625202 3.167227 10.288950 7232.801839
306 19.045995 2.936247 11.200335 152.374608 90450.321332
306 16.601113 7.319362 6.163773 124.547182 27393.108369
306 10.569349 5.184032 5.558413 7.328002 22276.642549
306 15.319763 0.430474 20.541502 263.554244 304237.298247
306 18.097941 26.425991 8.869388 94.079519 56719.895128
306 11.287549 -3.014938 5.042591 230.570280 18333.930251
306 20.232830 -6.370069 7.588457 30.775830 41519.782910
306 2.428434 -7.613300 10.251943 260.426693 75781.022839
306 12.435921 -3.536704 5.309312 319.104150 20324.717759
306 16.913298 11.695395 6.878230 135.615092 34111.549601
306 25.020058 -6.340150 6.886528 113.566759 34193.906527
306 14.671205 0.609390 10.085456 142.188274 73339.700255
306 15.002838 14.666434 4.612583 92.710925 15340.394779
306 19.318863 13.725025 6.771953 204.597369 33065.567226
306 10.535113 -4.052233 8.907954 83.807013 57214.218600
306 -14.005079 -5.939677 6.472272 352.737442 30203.802338
306 2.950698 15.425293 9.830164 282.238502 69673.817152
306 -3.790621 -13.506789 4.160149 166.093107 12478.602104
306 -14.100718 -15.619123 7.011170 220.683401 35442.887742
306 -27.837375 -15.888575 8.534210 188.299874 52513.951027
307 8.285145 0.901701 22.500193 97.692702 365023.268049
307 19.778426 5.553066 11.489151 323.705077 95175.239602
307 4.915583 -0.584194 15.077108 154.994098 163901.956322
307 24.638361 4.580896 4.190356 207.696907 12660.470308
307 23.529529 5.345360 3.264812 8.386782 7685.364843
307 14.532484 -0.272550 11.524455 125.556633 95761.035890
307 5.661724 2.978866 9.549927 5.172072 65757.939874
307 9.061345 7.091654 7.255344 52.745223 37954.572974
307 12.965855 10.777336 4.943676 102.120885 17621.712785
307 7.618090 -12.689403 7.864267 107.384062 44592.788100
307 4.397958 12.565789 4.565401 259.985468 15028.165218
307 7.994453 2.336183 18.675620 172.381346 251476.920999
307 29.732366 3.642625 4.821070 95.247900 16758.491474
307 15.205151 6.360730 9.426909 97.157024 64074.715537
307 11.470050 -7.272028 2.558784 351.678695 4720.796054
307 12.824069 -2.463466 5.605233 151.296859 22653.504096
307 24.962687 -11.376201 7.097322 160.753914 36319.268004
307 8.672814 15.977174 3.228464 261.627894 7515.189381
307 11.664389 3.307248 6.540613 317.405020 30845.013648
307 8.686457 -9.763169 7.012571 181.131096 35457.048382
307 22.897133 6.078468 5.627308 29.286798 22832.292076
307 10.283939 -4.675622 10.860038 291.141896 85037.547215
307 20.708944 -0.138908 10.656911 110.351804 81886.202793
307 -3.028028 6.208950 9.467550 287.598238 64628.380905
307 16.431930 7.221263 12.963817 317.387490 121175.223635
307 13.742065 -0.055270 1.990967 106.004834 2858.092270
307 18.891069 11.247028 7.984871 15.835984 45970.992456
307 -2.853737 -1.291951 11.818633 299.735049 100712.303807
307 -16.340146 -0.215695 9.541679 147.771153 65644.402383
307 -30.888766 -13.085491 5.227558 212.907392 19703.608833
307 14.148148 -7.851812 6.015041 96.770654 26087.063532
307 -28.518057 -15.022093 8.223317 215.889300 48757.581742
308 8.820157 -0.561429 4.670265 118.436448 15726.462856
308 17.768009 3.612130 2.893487 238.258153 6036.582327
308 0.398714 11.089167 4.766771 75.578645 16383.119542
308 12.054152 -0.665133 3.285273 123.387809 7781.996853
308 14.281234 3.108047 5.083783 3.498328 18634.686667
308 -0.200261 13.238755 6.036789 342.244663 26276.044969
308 18.463966 -1.979092 7.513642 239.429472 40705.120050
308 6.009662 -1.565000 2.560467 294.220042 4727.009649
308 0.821403 0.186276 3.085830 345.908283 6865.813968
308 13.581162 1.125194 4.298875 302.887518 13324.710758
308 20.059190 18.415431 5.603857 134.544868 22642.387489
308 -7.970656 5.327925 8.799909 135.417435 55834.727890
308 15.334365 0.456040 8.290621 51.098054 49558.956718
308 21.039769 6.703375 6.772980 243.171733 33075.590260
308 19.169137 -3.411766 9.845474 121.844250 69891.018284
308 -14.116231 9.742951 9.274272 196.421233 62016.571231
308 13.123276 3.277175 4.856570 209.592857 17006.204082
308 14.501998 10.946156 9.282632 1.765628 62128.426991
308 14.304617 -0.303675 9.382988 39.193581 63479.041783
308 4.438853 -7.356455 6.803178 20.791115 33371.189155
308 20.169037 2.571241 5.045026 128.512785 18351.643281
308 -4.802892 5.859775 14.684484 196.974300 155476.756645
308 27.974530 13.674245 8.387555 108.980295 50724.621828
308 18.881422 7.954735 4.920896 341.801267 17459.687356
308 12.904994 5.494147 12.633779 107.639700 115083.911480
308 8.464579 2.017450 6.099819 81.808892 26827.610540
308 12.378654 3.896720 4.144241 69.540737 12383.348192
308 -15.135893 -7.627733 4.187465 297.308062 12643.007013
308 -26.016902 -14.970597 10.897329 103.169592 85622.562279
308 -30.564338 -0.266024 9.088872 188.063646 59561.834247
308 -18.648315 -12.682104 7.235646 70.739327 37748.759396
308 -17.878833 14.020302 18.919612 209.123666 258090.792050
308 -7.516350 -15.953293 9.996889 4.342903 72057.270674
309 10.896115 12.534306 7.172412 175.954515 37091.853231
309 11.699687 -4.937738 9.130432 150.912215 60107.780944
309 26.075815 9.032300 5.413333 278.580865 21128.933112
309 9.953555 14.877736 3.128153 211.287109 7055.439204
309 29.312445 19.624442 5.510999 69.896019 21898.214589
309 -7.037709 -8.632171 6.016097 283.976835 26096.229216
309 19.780256 13.284681 14.267905 279.103451 146780.548312
309 15.694985 -1.353286 9.899915 29.964160 70666.086123
309 15.450520 -1.391723 14.054530 90.957172 142423.198485
309 15.673690 -2.922327 9.040508 309.165173 58929.632412
309 25.158478 0.839451 4.675443 51.829720 15761.358347
309 25.517504 -4.020992 8.465553 352.034274 51672.417908
309 18.125833 6.032826 1.703189 239.187884 2091.577475
309 20.833011 7.782672 13.944136 162.058769 140194.600584
309 20.752586 1.057169 12.233686 349.083736 107910.259131
309 0.048061 4.205790 11.407510 241.482490 93827.415453
309 21.417364 11.033657 12.266288 15.210916 108486.175935
309 17.233542 11.268812 13.350773 267.451913 128517.094742
309 -5.342632 -1.248305 5.723126 69.512444 23616.451816
309 15.897447 -3.021757 3.101574 66.144309 6936.054068
309 14.780803 1.677027 6.072655 16.155893 26589.202755
309 3.433473 -7.484061 12.852702 208.374977 119106.913113
309 21.360835 11.224244 4.097075 119.916841 12103.078710
309 21.715762 3.328476 4.433964 139.130937 14175.306324
309 22.574402 -0.869473 6.924252 193.633225 34569.561109
309 14.609455 4.140111 3.732691 101.046417 10045.973774
309 13.477033 -8.893410 6.006255 337.515275 26010.915016
309 5.079162 3.179666 12.293058 339.903268 108960.213659
309 -21.450198 -9.225990 9.853944 209.948593 70011.318947
309 -27.205278 -4.585316 8.620915 107.583891 53586.423685
309 -12.557270 8.110723 11.438716 185.703728 94341.468801
309 -22.518748 -7.914916 8.526752 164.565491 52422.210222
309 -1.647599 -9.333972 6.235658 110.891788 28035.781852
310 6.619045 9.114041 18.218215 111.542091 239309.387627
310 2.908480 -12.526740 7.249389 108.990810 37892.288575
310 22.390970 17.709594 9.277315 272.046682 62057.276927
310 4.933460 1.414236 5.868372 43.833595 24830.379271
310 14.816843 -0.800346 4.646705 174.853220 15568.198801
310 0.377177 12.538757 9.665641 277.675647 67361.131365
310 13.417947 5.664065 3.140650 29.442400 7111.923546
310 27.516554 -0.296425 2.498738 203.882047 4501.833917
310 12.601515 4.918059 4.111137 278.234238 12186.304685
310 25.519081 7.410683 5.729163 292.116403 23666.305999
310 7.463768 3.164896 5.410622 20.015701 21107.773611
310 17.903738 -5.646471 15.220921 152.759872 167043.633105
310 22.614405 12.710364 3.598832 305.591729 9338.370985
310 8.542179 -0.325611 3.309774 358.650206 7898.501567
310 -2.821406 3.392823 5.615831 255.004019 22739.252633
310 -8.806982 1.560963 6.136825 331.887372 27154.109501
310 9.238986 10.018494 6.396163 345.681561 29497.633269
310 11.709279 11.150890 6.871203 341.329058 34041.888649
310 7.750866 -0.243995 6.473956 157.164355 30219.519573
310 25.777581 4.110012 7.098983 22.786555 36336.271113
310 13.566085 -8.255927 3.991891 106.328659 11489.612217
310 22.541663 0.595215 4.452778 108.647009 14295.856661
310 15.065817 4.057410 3.349011 163.481247 8086.885451
310 16.499408 4.640448 8.052188 277.343647 46749.378752
310 -0.086046 1.583560 12.217063 271.754847 107617.205752
310 9.690041 -5.781096 6.321975 138.945364 28817.322538
310 23.280794 4.326284 8.912255 252.484486 57269.490823
310 -16.051695 -9.313731 7.452373 14.917519 40043.980983
310 -36.770983 14.234485 6.826358 308.620320 33598.984101
310 0.072942 -6.507187 8.661837 226.023856 54096.364462
310 -35.603939 -2.279396 4.921339 38.538833 17462.833683
310 -20.038018 2.914119 7.296195 117.086777 38383.182462
310 -11.571459 -5.618664 11.276987 281.651670 91692.583044
310 16.098454 -18.672917 2.346728 7.143772 3970.758953
311 14.404610 10.978006 6.077089 128.774205 26628.040928
311 11.929142 2.107848 2.491925 307.711134 4477.320439
311 15.021205 -3.964476 3.774441 146.808223 10271.961809
311 13.647799 -19.313211 8.482822 97.126597 51883.438963
311 13.797511 -12.388273 41.946569 320.489975 1268647.501340
311 23.879385 -6.818782 10.922637 300.001457 86020.719788
311 17.162635 -2.532000 10.568223 64.307401 80528.940336
311 25.786229 4.624310 6.338273 288.256380 28966.095801
311 13.019683 3.145371 7.597088 52.623801 41614.283876
311 13.888822 9.818657 24.015786 83.146149 415854.783492
311 17.074904 -5.406285 3.376728 170.285925 8221.293489
311 13.982474 -5.253693 4.875514 321.054921 17139.136031
311 20.663595 6.855423 2.744004 57.728396 5428.970331
311 2.805439 8.666402 4.441869 31.236275 14225.892003
311 8.503864 -2.672453 6.378797 306.038578 29337.673472
311 12.438959 2.346694 8.437073 294.831317 51325.326460
311 15.218346 7.184544 7.918667 228.064188 45211.841835
311 10.532217 12.685815 9.720741 206.912090 68131.316791
311 13.856286 19.105345 4.976135 124.566843 17853.870493
311 17.507394 -1.031925 6.986225 350.593468 35191.128376
311 12.195129 5.214213 4.308113 208.213883 13382.037906
311 1.808697 5.971509 4.549844 83.402159 14925.922271
311 24.079020 12.397548 3.086930 227.115249 6870.709318
311 7.797250 3.307282 14.173440 77.174813 144843.371583
311 9.286939 16.602311 2.228410 118.947545 3580.456780
311 11.783824 6.374590 4.797606 238.666454 16595.765525
311 1.703758 -6.817049 9.901243 147.741016 70685.036550
311 -22.971278 -27.217165 3.571453 187.996409 9196.825750
311 -23.762354 10.165853 4.239913 167.451982 12961.702464
311 -16.372788 3.252209 4.707352 73.416965 15977.226210
311 -12.453573 -11.927419 4.924904 333.120346 17488.137587
311 -11.170858 -18.175299 3.449639 305.126296 8580.159247
311 -19.263556 2.491454 10.601310 294.728839 81033.981377
311 -9.327608 -2.309149 16.233820 17.553696 190015.718888
312 9.610865 12.451448 2.384211 278.214436 4098.618900
312 24.516457 4.506980 3.367873 352.521984 8178.234893
312 20.301362 3.517437 12.917076 2.204317 120303.014620
312 23.699662 9.664909 7.492794 42.956251 40479.550334
312 11.963369 12.640253 6.340337 30.062586 28984.963267
312 6.624234 3.766528 21.365428 68.435224 329132.868157
312 8.444424 6.740011 10.079282 147.477158 73249.944209
312 13.583917 4.043971 9.359734 161.922755 63164.798844
312 23.367148 19.669945 16.996961 130.985047 208300.645667
312 19.221610 26.748270 3.229856 128.959003 7521.672540
312 20.124062 -4.854611 4.337909 139.898706 13567.786693
312 16.566124 4.476812 5.585092 81.298691 22491.000473
312 18.120143 19.508512 10.894983 63.851135 85585.692607
312 10.069061 10.175819 23.426385 175.201232 395693.234686
312 2.856957 17.602304 6.029025 90.853396 26208.501347
312 18.706914 6.445067 10.215343 278.509312 75240.899580
312 18.779965 7.642183 10.460561 88.406867 78896.544974
312 13.340892 -3.628805 5.810924 246.158937 24346.610647
312 28.809457 8.672177 15.859690 181.087185 181358.315490
312 7.495994 -0.513479 4.461944 290.386792 14354.772304
312 8.882365 2.718547 3.816775 86.817441 10503.673400
312 15.799028 13.906920 15.926877 255.684219 182898.149305
312 21.342208 13.717119 3.487674 285.196484 8770.406523
312 7.416748 3.618877 4.506565 69.093448 14643.316473
312 12.760091 -8.639590 10.228530 309.797718 75435.283859
312 13.194920 3.913429 4.345288 99.977704 13613.979946
312 21.564334 13.593893 7.886286 346.348681 44842.842625
312 -25.385812 -9.396907 3.546765 37.005509 9070.118175
312 -17.385293 0.103691 6.043215 234.045327 26332.017941
312 -24.946104 -6.905347 4.025811 353.479507 11685.705160
312 -26.169153 -10.943388 4.117267 299.494590 12222.669901
312 -19.199057 -14.483717 12.432369 208.226259 111443.793305
312 -20.072345 11.133600 6.036191 99.306783 26270.846306
312 -25.642628 -2.173279 9.870523 227.929729 70247.104631
313 1.424345 -4.102117 7.737516 163.288556 43166.928461
313 16.920136 15.498617 11.065362 45.676988 88283.452911
313 10.628974 10.427426 3.141263 115.564057 7114.699746
313 17.174269 13.549028 8.803933 210.438511 55885.813870
313 13.162013 6.308113 10.012287 183.005977 72279.413842
313 22.659717 -6.642130 8.930592 110.766541 57505.390570
313 11.364355 0.559930 4.117127 313.943644 12221.842626
313 14.694465 3.653235 9.266712 245.166723 61915.498671
313 18.105302 12.688919 19.989125 335.764384 288094.959124
313 -6.036828 -0.562802 8.570329 205.115862 52959.400984
313 4.222573 5.979924 4.622631 53.772823 15407.297133
313 21.902787 9.346216 11.892416 156.099841 101973.724510
313 15.442378 7.173520 11.415414 212.920632 93957.494420
313 10.469285 7.620830 3.191443 71.825517 7343.825968
313 12.575915 1.672541 2.321344 204.300241 3885.321629
313 15.732030 8.651015 2.417759 114.544730 4214.771183
313 14.328567 7.511376 6.664609 146.654790 32025.612473
313 17.426881 4.105199 15.483971 240.066656 172867.277139
313 7.687018 4.334932 13.649507 145.848459 134332.789488
313 24.029236 -6.873993 7.979045 166.716087 45903.936441
313 -5.044591 -3.947808 18.606282 293.370961 249613.051120
313 17.635961 7.050433 10.764770 129.663594 83552.148535
313 22.815468 9.438313 7.227168 291.338627 37660.350119
313 7.635435 3.099265 9.353031 355.968190 63074.357115
313 16.529318 -2.881880 8.354379 195.415198 50324.148851
313 11.865922 1.204413 3.786672 195.890074 10338.642823
313 21.511132 -4.294311 4.838510 187.073557 16879.959263
313 -12.726163 -6.173044 6.733079 354.163420 32687.031044
313 12.956099 6.821048 1.645591 341.528211 1952.502965
313 -16.077079 -9.066455 12.811227 349.405740 118339.448181
313 -17.869915 -14.312538 3.495560 216.488512 8810.115799
313 -26.316571 -11.475494 6.445222 312.434422 29951.865963
313 -12.933098 -10.043582 6.001129 235.167584 25966.530909
313 -17.500113 -0.672658 7.013818 184.205446 35469.667040
313 -12.903225 -0.008806 2.506892 114.104519 4531.265258
314 15.020745 7.212474 9.666571 323.199271 67374.097758
314 19.587777 -3.811869 4.458737 5.396997 14334.141896
314 10.407545 9.931819 3.434503 284.913099 8505.028838
314 13.426601 -0.200561 13.832485 305.094210 137958.500290
314 18.637559 13.797176 12.456650 2.143395 111879.526128
314 10.670951 -2.517564 6.616611 19.645408 31565.981463
314 3.578359 0.569041 13.530531 321.063678 132001.170230
314 19.223389 6.906918 5.087592 348.473967 18662.619212
314 10.029967 -4.038717 19.337155 347.271310 269608.283490
314 0.047502 -5.371339 5.041341 62.450097 18324.841429
314 7.267517 -8.333008 2.810806 129.856480 5696.522701
314 8.440517 -15.642684 5.699689 63.568114 23423.422047
314 13.258044 5.244323 16.647887 161.133966 199832.586724
314 -5.988735 4.568557 8.355496 207.391825 50337.605374
314 14.400096 25.633047 11.855093 134.916548 101334.661691
314 12.721950 -1.881379 12.035028 177.302758 104434.094054
314 20.527941 -3.855237 4.534378 126.524421 14824.619871
314 19.456834 3.771226 9.831375 141.251717 69690.978540
314 9.869664 6.067189 4.768295 179.998663 16393.599372
314 18.886075 3.282387 3.827405 271.468963 10562.259371
314 21.755664 9.688619 10.908398 320.724024 85796.588882
314 6.712051 9.017409 3.853507 271.258975 10706.814386
314 7.559349 -2.351815 5.453492 42.314942 21443.588730
314 18.444081 10.508493 2.757210 45.484476 5481.352360
314 14.134298 25.875395 10.046455 306.505406 72773.582041
314 14.031858 7.315225 12.864012 253.294681 119316.617883
314 8.014373 6.723934 7.202672 295.436458 37405.489192
314 -19.444207 20.038902 6.163061 310.891735 27386.778842
314 -18.802848 2.314871 8.664276 95.283645 54126.830132
314 0.926225 -21.109785 12.299383 236.175607 109072.361599
314 -9.081777 4.802843 7.916944 307.231738 45192.175275
314 -15.846252 5.931474 3.729328 352.085779 10027.883800
314 -19.179486 -2.768620 7.674647 77.652982 42468.306855
314 -29.550301 0.116709 1.813214 152.347019 2370.534061
314 -14.754121 -16.717248 13.494436 131.123134 131297.836713
315 10.365255 2.199725 14.183995 299.371762 145059.183488
315 15.522291 7.737880 2.076918 97.437589 3110.189382
315 3.786183 -4.050031 7.848331 240.562137 44412.244948
315 9.709796 -2.342709 2.966608 319.443216 6345.538550
315 18.586216 -3.777109 4.537677 88.767359 14846.196310
315 30.921536 8.675605 7.897187 341.419412 44966.893900
315 10.608168 5.819988 11.749381 165.038499 99535.502805
315 9.865428 7.861152 3.484832 110.837700 8756.119729
315 3.584155 -2.384464 3.069040 8.190871 6791.301822
315 20.376268 -1.618410 20.993249 339.856811 317765.959835
315 9.290487 13.994036 5.852429 72.961547 24695.644053
315 8.584277 14.273631 5.133629 321.073815 19001.902631
315 7.708682 9.507884 8.882829 139.105357 56891.936242
315 10.479569 6.055887 2.862397 39.540152 5907.554165
315 18.538988 -6.065831 3.990582 245.839380 11482.080652
315 11.950708 18.465984 3.264164 134.427557 7682.311535
315 -2.374581 5.713853 8.374877 120.352794 50571.399808
315 -3.245767 -3.320298 16.387763 307.047131 193636.580928
315 8.803508 1.656290 13.723825 351.979689 135799.567095
315 11.784322 0.364247 6.607492 112.701372 31479.035219
315 21.526976 -3.774705 7.998743 328.414371 46130.861394
315 8.539654 4.766055 5.007369 349.378322 18078.702993
315 25.966432 1.871836 9.350890 250.655218 63045.483773
315 19.729169 5.274015 9.994122 349.075465 72017.386770
315 25.809220 -2.298739 5.484161 299.542471 21685.449172
315 4.358904 4.521591 2.895439 318.194836 6044.730896
315 -24.918870 -0.642921 12.153185 316.301533 106494.776756
315 -24.967321 -8.530179 6.679936 73.491921 32173.080831
315 -30.600713 9.194339 11.864906 60.123212 101502.483998
315 -13.728267 -10.243195 12.887267 118.422323 119748.410378
315 -23.158295 -11.231221 2.696805 255.323078 5243.811345
315 -7.862234 -9.504290 7.176678 169.590412 37135.984087
315 -21.965337 -10.732877 2.778508 338.836519 5566.359363
315 -4.562536 4.147066 4.174713 62.044375 12566.123853
316 10.997065 -3.032447 7.289447 269.912977 38312.211096
316 2.555478 -7.176011 2.719715 209.151392 5333.286076
316 12.820047 3.912912 5.987077 59.380178 25845.074353
316 8.533948 -1.357743 3.529372 332.459777 8981.378527
316 10.818404 3.087659 5.043719 51.546900 18342.129586
316 15.061650 1.700599 10.389575 118.831613 77829.398998
316 14.560311 4.174007 3.858558 24.311424 10734.905970
316 12.264530 7.820341 12.154620 105.237269 106519.917470
316 1.054244 8.328662 9.204268 35.311265 61083.877871
316 18.048120 -2.904138 6.434355 55.909163 29850.944946
316 10.878751 6.096967 2.883974 354.253090 5996.954184
316 10.123657 17.684551 4.832965 50.117144 16841.290096
316 10.519716 -16.501623 6.067976 90.680021 26548.243118
316 8.559588 -1.771555 4.847490 315.568246 16942.669289
316 16.759106 -0.636827 5.198040 319.862804 19481.718065
316 14.498718 6.524932 17.228068 318.276480 214003.665574
316 9.289220 0.177522 3.779036 188.836025 10296.987294
316 15.555960 7.125034 8.456891 219.498692 51566.723384
316 20.793895 10.137364 14.634984 313.322152 154430.324999
316 6.852892 -1.762083 6.158742 113.626125 27348.414849
316 12.636354 10.210094 7.645789 94.837547 42149.525801
316 18.211234 12.417585 7.983036 156.665627 45949.864882
316 17.474352 0.340112 14.865065 334.607190 159324.180737
316 20.027889 3.514821 4.240866 254.821854 12967.524454
316 12.053441 6.952402 17.559636 170.037626 222320.297259
316 22.759507 3.085897 6.576511 279.403482 31184.525073
316 -4.740491 -8.263058 8.847974 126.124263 56446.341207
316 4.753031 24.357177 5.749359 33.302325 23833.448856
316 -19.124969 -13.975769 4.643251 105.521325 15545.058126
316 -20.724042 -10.294663 7.617918 55.889071 41842.797883
316 -24.734152 1.859623 3.979272 193.566803 11417.084546
316 -15.884643 -14.012574 3.817969 151.974299 10510.243127
316 -29.850067 -12.283216 2.766705 68.129686 5519.171720
316 -13.938222 -1.476836 5.554296 325.265990 22243.654464
316 -11.506432 -20.075604 1.804830 172.882082 2348.663525
317 5.314179 18.635868 3.727247 146.964603 10016.691917
317 15.557458 2.289706 3.767669 33.083397 10235.133418
317 23.254445 10.179743 2.988740 324.866022 6440.570435
317 13.166959 -7.383621 8.158693 193.357745 47994.255581
317 15.623845 19.506334 7.733293 69.437965 43119.823693
317 15.689976 3.088549 5.924638 346.159388 25308.806444
317 12.349187 8.299939 3.047119 99.357684 6694.633219
317 13.838300 14.061392 4.067721 277.600549 11930.272052
317 -8.817217 -6.677290 23.052259 146.353205 383155.484942
317 17.453882 8.579199 5.746102 228.214075 23806.455666
317 8.674660 10.430436 8.361044 347.512654 50404.478440
317 6.974865 -8.245526 13.703367 359.516199 135395.002180
317 15.718996 -8.986633 13.690253 67.198979 135135.989575
317 11.264732 5.363398 4.231172 320.648598 12908.312099
317 13.769847 -1.924723 5.658548 110.154797 23086.495548
317 20.675410 -7.055422 4.147117 241.987034 12400.538916
317 18.135596 9.408348 2.749493 110.241367 5450.714307
317 22.333850 21.654775 5.969476 22.895923 25693.335766
317 28.897517 18.954667 6.642132 176.988557 31809.960958
317 19.035225 -9.653452 10.302682 127.528088 76532.980322
317 3.745579 0.082334 5.227267 279.720441 19701.412318
317 4.504351 -5.228385 11.307716 258.629527 92192.987792
317 13.502649 4.926039 9.780101 108.330734 68965.956418
317 17.087838 4.488111 4.843814 70.992806 16916.986445
317 6.728073 4.212269 17.833219 14.679226 229301.844509
317 14.846205 3.635599 11.674358 71.651719 98268.442358
317 -16.924083 -1.181370 12.804587 67.604515 118216.803883
317 -9.218605 19.172645 8.654708 317.384357 54007.358113
317 -26.449019 -5.529942 5.145019 122.074403 19086.314760
317 -33.407750 -4.109405 4.358338 31.397065 13695.879677
317 -16.039708 -8.110806 15.870252 102.396905 181599.947918
317 -25.253461 3.754416 10.656912 104.344158 81886.223463
317 -18.885340 15.023923 11.646730 113.934489 97803.882893
317 -24.817536 -22.758012 5.006402 171.330581 18071.720978
317 4.052521 -10.712681 4.933351 354.415214 17548.183816
318 14.854062 11.341351 4.779097 31.382053 16467.956895
318 9.976283 7.350052 7.996152 20.756465 46100.981826
318 11.405056 9.688980 9.889638 88.585829 70519.445708
318 14.434033 0.982413 5.649857 265.919916 23015.636397
318 10.162736 -3.066608 5.986271 268.802413 25838.118654
318 6.038403 11.841812 7.626662 274.484529 41938.899551
318 -0.879105 -0.534999 5.825893 56.528257 24472.204866
318 16.680396 13.980902 7.383242 70.119865 39304.497507
318 -5.300648 -4.187787 2.194442 36.132140 3472.133012
318 -3.651290 14.672967 14.678461 117.525439 155349.232047
318 8.397487 -0.310563 8.258596 160.428797 49176.831171
318 17.949417 3.409451 12.906030 201.717988 120097.347746
318 23.074865 20.829832 10.760117 307.288037 83479.919973
318 9.185773 3.316489 7.263697 72.763750 38042.014533
318 14.659446 7.001292 4.433228 287.872388 14170.596477
318 5.712092 9.223740 10.878460 245.816298 85326.301682
318 21.945293 3.772756 3.238603 46.537598 7562.466615
318 7.566258 -3.055936 9.679604 81.200907 67555.891630
318 6.955202 -2.939506 11.505863 126.204193 95452.318826
318 7.876464 -7.955017 2.031092 309.434698 2974.455469
318 21.013073 -5.817239 16.847769 87.791900 204659.947657
318 9.348935 7.608301 7.332444 24.174694 38765.520748
318 11.376193 13.703171 12.851403 241.747837 119082.841886
318 9.191226 10.705223 6.174475 348.786394 27488.320977
318 0.616679 7.276233 12.649172 2.912685 115364.516778
318 22.038594 14.367966 6.736506 86.427469 32720.314153
318 19.507987 6.885053 7.750212 27.084526 43308.711361
318 -27.302844 8.171663 4.759466 82.524857 16332.948132
318 -19.804532 8.261188 9.859927 254.489471 70096.360461
318 -15.391273 4.806898 16.601018 35.427874 198708.997258
318 -37.873696 10.637750 7.051407 130.142015 35850.865949
318 2.031209 -6.516752 3.671032 11.631316 9716.823091
318 -15.631600 9.437637 6.027791 105.807062 26197.776429
318 -12.893886 4.250933 4.757701 60.642399 16320.835745
318 -2.773701 5.929459 11.414806 170.317940 93947.476537
318 -12.073826 -2.108905 17.690321 257.207862 225641.759536
319 11.669307 -7.423063 4.889770 141.076413 17239.511131
319 17.071908 5.372316 3.553157 149.540339 9102.837044
319 4.678339 12.229828 5.139895 103.528671 19048.318720
319 -1.770496 3.867347 4.939847 128.244788 17594.421843
319 7.735794 3.995337 4.538504 99.379045 14851.609739
319 13.733202 7.978663 7.543097 296.779915 41024.894111
319 21.287406 20.264321 10.357466 277.342514 77349.073834
319 18.065505 17.173153 3.124410 339.866723 7038.565124
319 20.971391 12.297666 3.659108 262.860915 9653.806716
319 27.490898 12.569214 6.868254 351.640408 34012.678066
319 5.909918 3.535674 5.666506 41.386415 23151.484665
319 5.239913 14.413532 3.250682 47.470597 7618.982388
319 11.579994 -0.058384 4.595002 86.647206 15223.675520
319 11.151720 -2.582421 2.377899 125.010662 4076.944044
319 19.674410 12.522020 8.898238 293.565729 57089.485699
319 20.720979 -7.327650 4.636901 348.950476 15502.570277
319 8.394380 5.698700 4.842098 63.560926 16905.000153
319 12.173566 -2.134330 6.398025 219.772147 29514.803481
319 14.043334 2.151767 5.284895 272.403641 20138.209428
319 27.173870 -0.390333 6.399532 112.628923 29528.711034
319 7.231863 -15.365766 7.802011 127.142256 43889.560669
319 21.235906 2.088922 5.529321 242.485393 22044.063515
319 10.698365 5.673814 5.971298 153.016147 25709.023037
319 16.906831 3.582751 10.013398 70.676005 72295.460434
319 14.245114 -3.224288 12.910471 78.570410 120180.004186
319 23.872372 -10.490860 7.951482 86.312819 45587.341283
319 -17.497774 -24.344103 10.027273 49.998711 72495.946574
319 0.526816 -13.465637 7.376106 172.602077 39228.557491
319 -10.669585 11.081327 8.027718 140.854140 46465.674886
319 -25.374592 -3.875934 9.433761 325.615600 64167.895106
319 -21.439068 -1.187442 10.362663 130.961746 77426.711987
319 -23.280061 -3.565427 3.752077 302.238206 10150.593721
319 -18.784563 -0.124010 15.591779 265.178256 175282.849962
319 -24.707962 3.549097 14.798823 153.009907 157907.370365
319 -25.024527 -16.407080 9.331379 297.561670 62782.657888
319 -0.278703 14.822734 10.333772 53.032229 76995.591479
320 6.937047 -10.676313 4.789068 60.953893 16536.745613
320 17.748785 2.432105 26.292890 12.791459 498453.595100
320 3.634861 6.008764 2.731248 278.841828 5378.613204
320 13.775931 -7.112150 2.500937 71.554542 4509.760032
320 -2.123596 2.397441 11.948182 167.350398 102932.312635
320 12.205041 -5.337511 6.040658 356.252246 26309.743711
320 2.409639 -4.401221 11.067828 337.300657 88322.814693
320 2.099896 7.541971 6.116731 109.968912 26976.575125
320 9.817638 9.551017 6.176934 208.389269 27510.211919
320 -2.415494 -3.025830 2.853836 116.765462 5872.272879
320 -5.189487 9.699248 7.929141 278.259181 45331.531253
320 18.638052 6.805006 3.242931 123.869802 7582.691799
320 4.722836 13.055375 12.214214 163.526262 107567.014747
320 15.184125 15.563146 3.968928 130.541112 11357.808623
320 17.243340 32.618375 7.898828 328.866471 44985.592037
320 12.187669 5.392130 2.830000 358.821230 5774.586820
320 16.655489 -1.708462 5.812952 14.495181 24363.607186
320 10.293215 -0.710264 3.894636 296.448102 10936.584877
320 1.885947 -1.962823 6.541567 56.685885 30854.013822
320 14.385654 6.934586 11.148900 351.218438 89621.479322
320 21.179454 3.278801 5.288466 18.390017 20165.431012
320 5.591912 13.992848 3.975829 193.938861 11397.339899
320 3.355230 3.832433 23.881221 58.480496 411207.584064
320 7.599461 6.553330 6.884871 112.191260 34177.456869
320 7.104520 2.897775 2.426080 122.229222 4243.834519
320 0.713086 -1.216923 12.714330 39.333547 116556.100326
320 -28.320305 -1.429585 10.430358 332.748161 78441.618069
320 -0.291075 -3.751737 10.862156 312.727383 85070.732373
320 -29.843343 -7.227770 8.087011 78.416071 47154.604546
320 -23.338542 5.095861 1.501791 57.396941 1626.174788
320 -18.185191 11.633219 4.170450 321.972095 12540.473374
320 -13.512753 5.368173 4.612141 204.597370 15337.455283
320 -9.484303 4.810335 7.187808 223.091255 37251.265546
320 -13.145151 -3.362580 7.555170 307.327171 41156.318807
320 -15.475760 -6.808988 2.492679 39.324648 4480.029603
321 11.885005 12.012979 8.721252 251.195169 54841.049069
321 11.128255 0.755952 5.434155 224.031572 21291.789097
321 13.443530 3.623191 5.594082 339.245211 22563.464174
321 8.941123 -4.528657 9.096865 301.141734 59666.640639
321 11.950275 -11.657758 5.798166 122.108189 24239.817941
321 7.669839 -6.720433 7.818782 185.471399 44078.446260
321 0.340278 -4.573433 9.700680 285.822555 67850.398523
321 13.145356 7.586816 10.840255 309.390229 84728.019117
321 2.280614 2.136872 9.912691 307.268691 70848.595676
321 9.084212 7.723324 4.583668 23.364006 15148.668719
321 -18.745257 2.258988 9.110266 295.570863 59842.559957
321 13.672512 8.478062 7.926857 218.320432 45305.411577
321 14.063872 9.324976 11.870459 76.268840 101597.525820
321 0.259524 7.835401 4.234187 63.876098 12926.715299
321 4.078259 1.745587 7.428443 258.288236 39787.230538
321 0.721514 7.464558 7.077198 342.103621 36113.600208
321 8.790346 9.040331 13.767493 67.412118 136665.156224
321 4.378519 -5.989771 5.292181 158.890673 20193.772875
321 6.850627 13.680910 4.960628 85.352323 17742.767499
321 19.800108 9.777195 2.716971 322.889805 5322.530940
321 8.943073 11.043991 4.453129 20.824750 14298.110874
321 16.226627 6.280257 3.535088 84.733181 9010.492004
321 24.302403 0.271888 7.807593 334.255063 43952.378941
321 12.102356 3.859283 11.304974 198.200172 92148.280449
321 16.592819 4.622125 9.284652 297.173728 62155.466612
321 -24.981678 -12.667883 5.767206 330.562962 23981.648087
321 -14.662482 -3.446092 7.801719 327.722340 43886.272975
321 -22.544125 2.227338 16.391827 259.300781 193732.631655
321 -19.053551 15.114571 3.291757 305.690406 7812.746343
321 -33.136314 11.993497 9.391314 325.784892 63591.752947
321 -15.716437 -4.319070 1.952422 249.901893 2748.497153
321 -9.810721 -9.132453 6.056799 73.633458 26450.528595
321 -5.779559 -7.769422 5.701447 6.504605 23437.873818
321 -17.017467 1.229708 7.261533 269.466844 38019.350973
321 -19.450284 8.388160 9.324236 132.353917 62686.585652
321 1.841276 -6.895542 5.791339 352.714837 24182.772245
322 -4.773635 10.620279 7.511477 257.137800 40681.670780
322 -9.331516 8.452744 5.588318 232.225032 22516.989341
322 14.859679 5.570573 14.806244 102.924321 158065.791311
322 18.337643 -3.515321 6.322066 247.080836 28818.151397
322 11.484306 17.161807 5.420156 30.924241 21182.226678
322 18.295000 -3.433623 11.800426 348.042688 100402.249820
322 8.709751 -6.184899 8.518848 266.990298 52325.068407
322 11.749476 -0.041490 2.993950 36.276887 6463.044901
322 14.582788 13.668859 4.856727 38.015809 17007.303541
322 14.534006 5.512934 5.094625 86.014207 18714.251839
322 8.195441 -11.512621 9.829704 290.393704 69667.298298
322 11.509223 0.056199 8.015789 204.640721 46327.686013
322 17.463483 -4.110716 4.642998 343.072267 15543.365985
322 16.653623 2.355232 8.988282 330.525777 58250.734455
322 7.469411 12.000980 4.038394 13.309837 11758.868194
322 14.694558 5.129637 15.172999 337.413602 165993.431663
322 10.814800 13.319118 8.093708 182.993653 47232.734457
322 15.291801 9.794731 8.719128 119.242227 54814.335407
322 13.833772 2.414315 6.134422 167.616500 27132.848054
322 7.211165 2.115736 5.655690 144.149050 23063.187818
322 16.738826 16.316398 26.069083 231.535502 490003.950476
322 25.954906 -10.040779 21.310875 78.345112 327454.242381
322 10.939288 8.544748 6.082004 198.547014 26671.137965
322 19.726257 4.073236 4.247788 135.320446 13009.891244
322 12.531418 7.738283 7.106635 245.497099 36414.645912
322 -29.754008 15.937066 2.307134 48.433181 3837.901220
322 11.394167 -1.922273 7.209161 150.410731 37472.917282
322 5.275340 9.187004 1.594310 46.624519 1832.710554
322 -12.304413 -10.747019 2.960560 164.466699 6319.689341
322 -24.299674 10.588666 11.719398 303.963772 99028.147456
322 -9.016720 -10.909362 10.706764 324.137842 82654.128916
322 -15.649251 16.196151 14.733433 210.863783 156515.009740
322 -9.049707 3.090824 2.979055 98.890764 6398.898777
322 -10.802645 21.157951 6.134748 219.904890 27135.729197
322 -16.533921 -18.755284 4.968856 89.429069 17801.677904
322 -26.927611 6.355819 11.987441 22.869940 103609.850289
323 1.289995 -3.705562 5.440730 296.638037 21343.341838
323 11.234532 -3.294292 5.800296 70.187491 24257.633034
323 15.059220 21.176371 8.777540 63.060458 55551.231072
323 0.210467 6.641556 4.675439 326.363533 15761.330655
323 15.237838 6.166553 12.009592 117.342586 103993.106039
323 20.482544 -1.278123 8.503946 137.827989 52142.161990
323 19.212076 3.999187 9.115717 206.285226 59914.197157
323 -2.587706 -4.373148 12.296143 132.556629 109014.910016
323 13.577063 10.297556 7.594225 326.968979 41582.918589
323 0.811455 -1.391613 9.591782 58.233067 66335.603064
323 8.443117 -9.516035 5.833833 27.828678 24538.953937
323 17.427312 0.448898 12.045745 218.523752 104620.157315
323 5.003647 -1.254288 7.929375 275.780403 45334.198516
323 8.307679 -4.422799 3.812955 221.644909 10482.660691
323 25.198351 15.337507 8.046350 266.900295 46681.616491
323 12.939947 -4.282135 6.758639 323.728234 32935.671345
323 12.778056 -2.226228 22.586042 106.013525 367814.063746
323 -0.804424 -3.855501 5.042485 101.109216 18333.156381
323 7.278030 13.574326 1.605958 145.243844 1859.587636
323 -0.217105 -3.036636 8.508131 348.112235 52193.497805
323 -6.537781 24.332787 9.686544 348.044425 67652.794532
323 14.069810 -3.836017 2.721231 306.738510 5339.234400
323 18.341037 -1.967569 6.097355 233.609716 26805.942601
323 13.018464 4.191503 6.591987 61.366462 31331.471027
323 -28.891572 -20.790309 4.057226 287.466461 11868.788770
323 -30.261444 -5.154939 3.708353 150.024044 9915.401182
323 -19.772423 8.542977 2.353686 259.420779 3994.340627
323 -13.088622 -2.585606 8.889627 31.799849 56979.047733
323 -7.983374 -20.606468 1.782464 74.085385 2290.811796
323 -15.321677 -5.996778 5.085197 30.584901 18645.050008
323 -30.809729 1.969227 6.343095 37.243028 29010.188836
323 -18.413808 -0.609711 3.404590 86.099801 8357.527899
323 -23.769157 4.927943 10.226879 216.503286 75410.928255
323 -6.142203 -6.579529 5.199655 97.412424 19493.829013
323 -36.286555 4.655552 4.402925 196.839859 13977.537815
324 7.316581 0.413479 7.610619 142.183576 41762.653116
324 15.382081 -0.344032 2.323299 236.907304 3891.869017
324 12.991815 8.580026 9.400447 284.140392 63715.503549
324 0.288473 7.918777 5.060071 22.287553 18461.257500
324 -4.877907 -1.149047 9.549727 271.149367 65755.187795
324 16.327296 9.032521 1.850477 199.150577 2468.967907
324 12.214546 -10.760416 5.089895 335.185254 18679.518333
324 8.036087 7.117173 6.689408 50.221842 32264.387141
324 18.690870 0.997322 16.045668 174.425375 185636.641208
324 2.782125 0.774305 3.134907 53.829671 7085.937247
324 5.742435 2.469389 19.277048 140.429543 267934.799762
324 14.136954 9.252893 2.307583 205.353598 3839.394930
324 9.815740 -2.709822 2.974803 182.255975 6380.644298
324 7.826466 8.023659 2.768096 67.318329 5524.722958
324 5.354951 -5.999334 7.311935 195.465821 38548.969307
324 11.759804 2.717699 15.667609 43.998356 176991.955368
324 7.067821 8.427045 1.655857 146.341836 1976.940179
324 11.789191 8.331528 6.949168 143.172827 34818.789901
324 4.037966 -7.681569 20.342484 355.139511 298370.598401
324 19.005227 -2.712403 3.847374 131.042600 10672.764075
324 13.578760 6.149584 8.268253 62.423063 49291.903034
324 -10.414617 -11.347228 3.808362 292.283892 10457.417683
324 12.761678 1.029264 11.899423 270.684300 102093.917896
324 21.273762 7.777080 7.154793 233.984576 36909.845876
324 -20.448515 3.626205 3.769966 284.571313 10247.617869
324 -22.437073 4.062292 5.165412 77.045034 19237.914623
324 -10.253475 -7.439430 8.072855 291.718255 46989.673218
324 -22.518492 -10.503928 3.834418 242.467523 10601.003564
324 -22.553538 -8.718368 5.554508 151.920201 22245.352744
324 -11.367559 -1.814046 7.695233 309.874268 42696.437902
324 -21.407495 -3.858504 7.525865 84.193573 40837.668029
324 -2.973943 -7.294416 4.816843 145.693369 16729.115360
324 -21.073969 -7.184486 9.668688 326.391388 67403.612326
324 -14.208531 3.767238 4.062530 257.772996 11899.841403
324 -9.890432 -8.116005 6.202195 338.054011 27735.683500
324 -16.925880 -19.904974 10.892389 305.150937 85544.949872
325 8.572210 11.459223 6.665847 43.045962 32037.514429
325 13.726312 7.360323 7.553535 102.194770 41138.507106
325 9.557360 10.347259 16.160799 281.497047 188310.143271
325 4.689168 2.247921 6.741723 255.590065 32771.017095
325 -6.012314 -5.613790 6.181748 216.415399 27553.110750
325 9.754328 9.398820 4.151231 337.567071 12425.159210
325 9.391422 -3.608021 6.111751 240.744174 26932.664220
325 4.074058 9.809105 3.754907 30.605494 10165.916925
325 20.494000 4.704998 7.457861 194.816441 40102.980802
325 6.358687 -11.910534 7.841769 239.828783 44338.003972
325 -0.807646 -1.032368 8.716426 285.773473 54780.373136
325 12.739773 8.095010 7.761646 3.792407 43436.594833
325 11.710736 7.710113 9.248138 193.024700 61667.541080
325 17.611048 13.547860 7.549420 101.872601 41093.703796
325 11.222782 11.213542 14.282745 115.162998 147086.041001
325 7.645507 -5.876950 4.679703 194.149734 15790.092547
325 7.460689 1.096319 10.967434 338.940167 86727.755717
325 1.039152 13.484279 17.844539 41.298864 229593.056421
325 -8.230694 -1.097789 7.514842 45.927503 40718.124344
325 12.673316 -0.005405 6.065791 298.763059 26529.125293
325 11.290200 -1.617619 11.641602 137.130406 97717.776886
325 20.770527 9.948008 4.541360 104.141930 14870.305640
325 14.727676 -0.967426 6.750513 182.797765 32856.523757
325 -0.551894 -6.092938 3.444733 82.570297 8555.773368
325 -16.367841 11.493163 5.887421 170.824860 24991.840315
325 -16.387869 -30.311659 4.933243 286.100783 17547.409557
325 -9.317061 -12.794665 7.043519 145.815087 35770.699625
325 -15.024868 3.451111 16.420319 300.727406 194406.709078
325 -15.991296 -30.674086 9.856129 308.118382 70042.375837
325 -23.444236 3.263076 3.686818 181.162543 9800.575325
325 -19.948270 -9.252291 2.211610 300.904391 3526.671701
325 7.353224 11.016860 8.633531 213.929601 53743.377631
325 -13.725994 5.174678 9.424420 164.054778 64040.885091
325 -19.642354 2.786738 8.611261 238.974444 53466.482967
325 8.517191 1.923219 4.831721 242.488013 16832.621940
326 -4.053489 14.139500 2.220748 246.738449 3555.875592
326 12.602376 7.242336 7.036630 146.974073 35700.767927
326 13.858980 -8.084895 6.988177 55.899894 35210.799959
326 7.686280 4.998662 4.076217 271.325427 11980.159183
326 6.475782 -4.756197 5.649161 29.991061 23009.962716
326 9.812609 4.847563 3.765235 313.773898 10221.915105
326 15.944514 12.046545 3.801110 339.836528 10417.630561
326 9.379387 10.996226 4.824534 185.774469 16782.580402
326 16.374589 6.652453 9.655363 32.287201 67217.947022
326 1.266374 7.759190 22.977027 265.918797 380658.668176
326 18.879831 11.246622 7.311492 322.196862 38544.291424
326 -14.471939 1.482607 5.255562 86.153637 19915.278630
326 -7.429381 10.892854 14.597554 134.911408 153641.393307
326 17.983035 5.009133 4.018270 196.693119 11641.964748
326 -14.048320 3.557705 10.570978 263.158835 80570.932811
326 20.100786 14.897002 5.970071 247.567820 25698.455908
326 1.088805 0.888591 3.205372 154.197530 7408.065632
326 7.413677 -0.453510 13.285918 160.025180 127271.508298
326 12.605002 9.330953 14.080392 55.558877 142947.832071
326 -0.824332 3.079608 17.890879 145.650064 230787.052022
326 -2.774952 17.488824 15.126529 65.434794 164978.220899
326 20.111212 4.817786 3.815851 304.410136 10498.586491
326 15.350298 3.877845 2.099702 206.466578 3178.800598
326 -9.476578 -1.440476 11.205228 52.496957 90529.359386
326 -29.395316 -4.610391 9.123123 258.596757 60011.596125
326 -18.603357 10.001733 21.609751 111.081773 336703.477770
326 -9.298321 -10.145249 16.098552 235.981666 186862.294385
326 -12.324208 -7.330685 7.307069 343.986470 38497.676585
326 -8.831991 -13.113059 19.464692 192.387233 273176.372190
326 -16.214202 -10.555520 19.183291 26.522067 265334.867819
326 -29.727932 15.910127 3.816238 53.969685 10500.714924
326 -6.985407 7.957041 6.297108 70.280580 28591.062357
326 -22.194371 -3.184005 12.507352 290.306140 112792.138579
326 -25.752170 0.831326 5.883245 210.107587 24956.398551
326 -9.518758 -6.440393 1.621421 108.952301 1895.570077
327 12.353142 11.464915 6.407466 26.376538 29601.978700
327 5.979194 -1.114378 2.546110 275.077774 4674.145955
327 16.769353 -6.152780 2.552072 343.911121 4696.062007
327 -1.167372 -0.723632 5.022106 47.705323 18185.274672
327 16.100077 14.277317 13.057034 70.776287 122924.136790
327 11.070811 16.359754 6.717731 138.947518 32538.181045
327 -3.149289 -3.730714 6.657459 98.799656 31956.929800
327 18.858698 18.430725 9.570742 326.133383 66044.904283
327 2.094321 -6.976899 11.615396 344.207974 97278.330580
327 6.654977 3.559872 15.254693 341.250019 167785.736958
327 14.034436 0.372485 7.200045 70.134711 37378.205934
327 22.596864 1.746429 6.524030 330.735572 30688.802456
327 17.286304 13.172986 4.018347 350.510431 11642.414139
327 -6.683043 9.154930 9.879191 174.682927 70370.531411
327 15.399264 11.334770 3.472893 357.457801 8696.227350
327 10.727489 5.317838 2.284045 86.649134 3761.467738
327 12.508103 11.954545 10.444445 359.663265 78653.630045
327 13.274647 7.041698 7.509238 198.487578 40657.419696
327 0.834798 5.526617 4.374931 183.662333 13800.361935
327 9.268326 5.560383 2.626202 248.490519 4972.838735
327 9.070976 -1.743132 10.756572 251.963467 83424.926688
327 10.379972 1.135131 4.813499 178.069001 16705.902184
327 7.389216 15.408968 11.336310 144.395087 92659.824780
327 -10.474593 9.954917 6.013877 329.135449 26076.975289
327 -7.948015 -3.116456 12.083387 12.730163 105275.046383
327 -7.811160 -30.550049 3.399981 191.384267 8334.910251
327 -16.128524 -25.568023 3.006769 273.610921 6518.507102
327 -9.650546 -6.335273 5.644289 42.944472 22970.292661
327 -16.282009 1.702941 2.962270 1.490666 6326.993386
327 -10.211808 8.137825 7.168612 170.906899 37052.557676
327 -0.490629 9.247240 9.310766 276.836373 62505.595277
327 -9.308246 -23.235133 3.323907 70.970741 7966.102700
327 -12.895803 10.679791 6.504127 312.387238 30501.845994
327 -34.054905 -19.008247 32.665792 3.825158 769368.590627
327 -19.119787 10.849029 2.737183 31.914847 5402.015733
327 -25.186569 -9.786951 10.166969 80.402061 74529.989444
328 -0.638672 -5.304901 8.427656 237.407482 51210.813550
328 -5.705238 -8.949379 3.436016 86.276743 8512.525386
328 15.330877 8.181997 3.396173 136.431554 8316.254394
328 8.838082 6.485422 4.903988 67.814926 17339.912507
328 16.405222 -0.325051 4.329450 140.037062 13514.920148
328 11.201665 1.999424 7.504503 342.256953 40606.158379
328 11.676708 5.285199 5.359884 75.033567 20713.756920
328 3.841969 -27.346046 14.653289 340.257115 154816.882595
328 1.125295 -2.468640 5.717035 323.871756 23566.215012
328 16.527742 -0.707077 3.751033 94.669247 10144.946208
328 7.234620 0.391510 4.934177 266.737077 17554.055244
328 17.580976 10.377882 10.511725 135.520052 79670.230649
328 9.120062 -7.864214 3.824582 211.964960 10546.688447
328 1.911152 11.287906 6.175967 330.393248 27501.602689
328 5.640386 8.761565 4.196009 88.245561 12694.655011
328 14.792142 3.896408 7.786852 96.113873 43719.167482
328 -2.374424 5.213942 6.229359 202.687164 27979.170039
328 17.662031 7.859738 10.959826 333.498844 86607.481410
328 3.661539 13.659634 5.442107 111.513571 21354.144627
328 8.945397 5.396355 4.265147 128.176069 13116.443951
328 3.869030 6.215204 4.212270 23.587767 12793.239139
328 6.359034 -7.378962 4.491249 276.016268 14543.950163
328 3.298683 -1.252407 6.243980 211.513357 28110.664957
328 -13.469797 -13.391319 2.290117 306.282477 3781.493381
328 -14.807321 -6.744653 12.338796 20.378513 109772.519513
328 -25.342738 -4.903421 11.128598 109.840652 89295.385793
328 -12.724661 -2.343285 24.347532 217.961174 427423.081243
328 -32.876625 -9.319516 8.473499 38.408497 51769.463648
328 -25.437722 0.287228 5.774835 190.062396 24045.135347
328 -9.452587 3.153540 8.234224 40.029042 48887.000897
328 -13.990510 5.615381 6.937997 321.859552 34706.935880
328 -12.803850 3.536674 5.598359 194.260437 22597.975015
328 13.846470 0.098313 11.763902 254.218213 99781.693419
328 -24.047235 -0.320929 16.736343 241.699429 201961.786941
328 -21.892975 3.660221 3.871729 25.169563 10808.315401
329 15.554459 7.419891 9.893060 56.441390 70568.248654
329 13.119342 7.558351 3.449640 27.527021 8580.164220
329 22.277540 15.102623 9.797825 356.004392 69216.149391
329 5.076948 -6.061864 6.430572 225.979895 29815.852308
329 1.535957 -2.265885 3.875589 321.455948 10829.876630
329 8.602147 6.563388 5.781579 16.839925 24101.326070
329 17.373092 2.623398 5.781854 270.424627 24103.623973
329 31.346932 7.030304 4.160073 92.263201 12478.142484
329 12.880555 3.942051 6.316220 172.897773 28764.881701
329 20.635757 13.176290 4.483150 58.795614 14491.540071
329 8.342524 5.316076 6.224524 149.979803 27935.753149
329 14.732869 -1.698177 13.169214 46.888557 125045.419388
329 1.801361 -3.568196 8.887709 356.789547 56954.455948
329 10.989472 -4.946205 2.696473 89.756100 5242.522595
329 -2.499571 -7.132437 3.907748 66.626928 11010.352520
329 19.287859 0.802612 17.360036 232.328101 217294.786740
329 -4.085511 -5.348841 4.889114 302.170043 17234.888160
329 9.075259 1.405571 7.641020 35.659257 42096.960906
329 17.405362 14.289130 30.899944 60.432180 688435.833430
329 1.538052 8.183735 11.079226 288.612822 88504.818270
329 -5.263885 -7.321280 19.174402 21.878330 265089.015909
329 9.130280 4.847463 5.040762 271.657503 18320.633775
329 10.847314 4.410415 13.329925 189.594304 128116.033542
329 -10.838180 8.793334 7.690811 42.682539 42647.384330
329 -11.570061 -8.344321 4.083379 243.752337 12022.294889
329 -14.210084 2.875471 6.736565 318.836396 32720.885546
329 -12.993162 -23.936214 7.194467 162.746355 37320.317340
329 -43.165645 -10.406782 4.554960 334.457241 14959.503914
329 -32.169224 -10.518351 2.235702 306.887540 3603.926898
329 -16.442842 -11.976959 9.327636 272.523000 62732.312726
329 -25.354601 -18.055969 4.456207 264.991225 14317.882348
329 -4.461998 6.180833 6.556063 47.269207 30990.908838
329 -20.897733 0.144635 7.033520 227.182282 35669.217348
329 -23.054891 6.847733 2.765933 104.951407 5516.089132
329 -25.747007 3.846813 7.764676 84.939455 43470.511724
330 10.700228 1.720550 6.782853 1.586550 33172.093297
330 12.902988 5.149532 8.456814 311.146731 51565.783426
330 16.218043 18.584794 20.872462 215.679103 314119.893621
330 21.253831 -5.358090 4.131984 155.086688 12310.205437
330 16.005802 7.356822 13.667402 74.010302 134685.242635
330 11.297169 -5.925784 6.407209 151.595363 29599.601158
330 19.543486 4.833474 8.933720 318.810434 57545.681511
330 8.496190 0.351895 4.171029 0.611482 12543.952398
330 11.055264 5.892575 5.886700 267.837049 24985.722317
330 7.835058 1.665922 7.198949 145.395823 37366.827704
330 14.914705 -5.896514 2.539105 273.588033 4648.464745
330 10.233477 4.048812 4.429461 4.993400 14146.527117
330 10.918213 7.478582 6.541233 327.073365 30850.866525
330 3.711886 6.648146 6.076760 277.284221 26625.157137
330 15.707468 14.129633 14.787247 122.591828 157660.443598
330 14.316507 0.417579 15.854883 232.862253 181248.387810
330 12.622933 7.740063 8.668767 310.758894 54182.954816
330 17.193483 -2.734991 4.662276 252.148235 15672.707239
330 -0.977587 6.523066 8.417801 40.508679 51091.118265
330 19.213376 9.808768 5.979956 91.321383 25783.629881
330 12.590342 11.019178 10.032634 247.004712 72573.488051
330 -26.358310 -15.586334 12.380988 323.683399 110524.532322
330 -19.551569 -8.109547 8.467349 231.916454 51694.340772
330 5.819429 -5.315792 11.541110 61.258052 96038.029446
330 -14.798236 -25.223214 9.314147 304.872455 62550.999728
330 -19.326399 -20.353987 6.617139 222.487769 31571.016391
330 -4.305615 -10.064717 10.581024 187.919719 80724.146378
330 -17.104222 -15.920410 5.080102 95.306303 18607.708411
330 -30.121202 -0.185862 10.445029 270.131214 78662.426207
330 3.895975 9.402660 4.857600 181.421781 17013.416171
330 -9.275705 0.423807 3.426053 51.228955 8463.232914
330 -24.194474 -19.871689 4.692306 16.745810 15875.254410
330 -5.073382 -16.629504 7.684329 253.923135 42575.518960
330 5.008047 -3.692378 15.839407 27.450929 180894.728213
330 -11.252354 -2.913723 7.826701 85.723008 44167.779143
331 17.289956 -11.116181 15.992569 254.534778 184410.037048
331 5.987558 5.573557 7.203453 261.054457 37413.606175
331 11.662945 -3.815160 22.248990 276.920593 356918.175529
331 21.246301 4.269587 5.448117 138.892269 21401.334294
331 7.084113 4.846438 7.076186 7.276148 36103.267521
331 0.601300 10.362497 6.441008 131.474425 29912.707952
331 22.618292 3.461407 11.098979 145.560651 88820.684189
331 11.267815 10.371808 10.573180 4.883289 80604.510248
331 -3.335702 -9.099929 14.937752 25.632328 160886.107933
331 13.429926 14.611056 3.002074 78.707146 6498.164923
331 18.650142 1.293281 7.752964 208.511878 43339.473292
331 15.465759 -1.984873 3.439492 349.659172 8529.758474
331 12.870048 10.234613 6.905120 195.550186 34378.783104
331 13.760065 6.054211 13.181858 62.553614 125285.647149
331 18.580610 -5.745700 4.061455 96.342457 11893.545044
331 14.571910 19.770248 5.585813 22.940349 22496.804572
331 2.092231 0.862778 6.800689 296.792819 33346.778126
331 7.792098 -10.357998 2.870785 161.332503 5942.230370
331 5.848290 -0.569359 8.526556 67.431398 52419.798228
331 21.646569 -2.717627 11.530017 85.188666 95853.495168
331 21.406940 8.957651 10.902944 11.794114 85710.817239
331 -9.495943 -14.094234 7.711215 295.399550 42873.971461
331 0.362793 6.695893 6.957626 171.550357 34903.598319
331 -7.971696 7.024268 4.699971 101.859848 15927.165137
331 -32.481050 -27.697898 6.763326 155.879558 32981.375887
331 -3.983316 -6.821154 8.451962 204.584589 51506.630502
331 -19.123891 2.741140 12.015021 222.217289 104087.162497
331 -3.147108 -5.651339 15.394621 226.742716 170877.971973
331 -15.443032 -19.944603 5.323301 170.858564 20431.963646
331 -16.746376 -4.799211 6.761328 74.479440 32961.884936
331 -15.712716 5.138215 16.348948 254.148549 192720.401387
331 1.976893 -10.301122 8.603307 110.042903 53367.757813
331 -6.153651 -19.463041 9.935404 25.786166 71173.635541
331 -8.049821 2.779430 2.992606 242.490953 6457.243317
331 -11.184170 0.730320 8.132897 220.246964 47691.244473
332 17.136819 -7.114404 8.797117 297.226899 55799.308639
332 9.048370 12.274591 8.278852 318.760872 49418.356743
332 4.607846 0.635115 8.207345 39.802720 48568.363514
332 7.719687 8.283978 10.066146 248.602108 73059.132626
332 7.643384 -9.828426 14.780743 319.896118 157521.786035
332 8.836693 -0.093233 2.356241 277.020729 4003.016354
332 4.552785 0.941224 4.519432 19.461190 14727.050691
332 19.618844 4.300681 6.993663 25.581053 35266.101768
332 6.381940 3.899874 4.548052 85.747174 14914.161414
332 20.512358 6.047801 6.895312 98.141933 34281.193472
332 16.396772 11.905844 7.362278 255.757985 39081.616187
332 11.156607 6.368826 12.486187 122.300057 112410.721784
332 5.678336 -2.487091 5.586440 120.676797 22501.853831
332 5.145000 7.084980 8.011805 265.806406 46281.643604
332 6.531712 8.622854 9.496447 255.775416 65023.503271
332 10.426799 -0.156536 16.415681 23.068316 194296.892999
332 2.250020 -6.505166 4.404790 187.460809 13989.378393
332 15.972994 2.615297 5.444222 351.048061 21370.750015
332 6.014011 4.196629 3.069517 341.041285 6793.414419
332 14.872199 11.472853 7.256216 19.853666 37963.696356
332 17.911607 -0.689068 6.078083 247.083271 26636.752644
332 -18.024356 -16.911101 4.753189 128.247604 16289.890615
332 -13.202428 -4.719459 6.854794 270.718179 33879.492631
332 -11.500774 8.698857 2.224907 174.800115 3569.208384
332 -9.046627 4.109447 5.273776 270.715500 20053.554471
332 -28.196749 -14.512123 21.445039 15.637292 331590.256387
332 -24.992421 -18.281697 3.732277 317.715922 10043.748147
332 -18.635918 -1.735144 7.699366 203.179673 42742.312674
332 -22.434880 1.635357 6.143193 327.578325 27210.496313
332 -25.856475 -10.646873 4.331319 187.158403 13526.595181
332 -11.438356 -2.361905 1.873497 230.439073 2530.777432
332 -27.313651 -17.908192 4.466799 19.162792 14386.027005
332 -10.416974 -1.657201 12.026596 267.794273 104287.794780
332 -4.283546 4.139145 3.861218 27.020328 10749.710679
333 8.385153 -3.506972 4.505064 14.851570 14633.559797
333 9.431513 -8.838693 6.771823 343.899409 33064.295414
333 14.007109 15.711937 5.760680 331.715504 23927.407715
333 12.500806 8.865524 7.839761 245.549603 44315.304952
333 18.426339 3.406176 1.954575 279.490583 2754.564614
333 11.291447 -3.298536 3.997758 352.180472 11523.409420
333 7.442192 -4.909371 13.073218 326.023747 123229.040180
333 16.680976 4.970545 5.005415 177.916533 18064.597585
333 14.531546 9.282199 6.595893 66.789101 31368.611877
333 12.422005 8.734646 4.138070 124.081920 12346.494967
333 9.993924 -0.103574 4.435168 9.089534 14183.003019
333 12.317727 14.166320 25.492204 215.247355 468557.430306
333 10.764642 5.699451 4.404073 259.503598 13984.826141
333 15.165342 5.552024 19.079352 70.966290 262467.377415
333 6.726644 -7.985597 9.509151 273.121071 65197.592997
333 11.633159 -8.802821 5.119188 198.189118 18895.147725
333 10.454481 1.309653 1.989605 50.624124 2854.183229
333 -1.110888 -2.836207 3.224472 120.047538 7496.614611
333 14.970860 -5.664502 9.072816 150.435277 59351.582954
333 -10.816281 -5.376846 4.420373 136.159656 14088.536289
333 -22.799036 -16.211952 7.372443 99.095366 39189.602893
333 -16.809025 -9.995770 11.520205 115.523337 95690.426158
333 -15.191567 -1.737715 2.430764 180.600135 4260.235273
333 -12.528816 20.750306 15.671388 45.485680 177077.333003
333 -23.362876 0.632738 8.153621 166.710421 47934.596033
333 13.195391 -1.417358 7.053046 199.548559 35867.532391
333 -8.099641 3.032079 4.407376 132.045009 14005.809242
333 -6.691772 -7.684560 7.693819 28.000141 42680.744606
333 -0.823085 3.688727 2.211963 178.836318 3527.798865
333 -9.716166 12.021751 6.052832 349.023339 26415.898176
333 -0.672738 -2.427881 2.543247 105.511629 4663.641744
333 -12.792023 3.584533 12.420678 323.752023 111234.292312
333 -27.177701 -1.398123 4.565443 110.139230 15028.440845
334 13.380907 1.402819 4.356160 243.378242 13682.193956
334 10.761692 18.260911 6.991346 154.664527 35242.739569
334 12.391966 4.331211 7.532179 225.164387 40906.222062
334 19.333263 -5.486506 3.437524 15.709864 8519.998613
334 7.223755 2.370294 7.844077 337.169173 44364.109218
334 15.285975 7.633505 2.791068 125.600419 5616.798645
334 -0.777737 1.054309 12.831925 289.566570 118722.141052
334 15.512287 6.028813 3.967178 112.292595 11347.792548
334 6.772979 10.142025 3.128561 137.155706 7057.277924
334 13.811331 2.397081 4.063384 107.151990 11904.845879
334 9.721004 0.576524 6.226126 288.030020 27950.129642
334 6.111552 -2.474131 6.176416 33.961821 27505.597850
334 9.987339 1.801825 22.803464 132.986140 374929.604885
334 -1.461900 -0.156241 6.701710 54.477883 32383.169701
334 13.305441 4.224737 4.144002 359.560136 12381.921020
334 -0.813015 5.890839 2.090940 20.479106 3152.326761
334 2.733624 1.992889 4.237898 81.518633 12949.380051
334 12.869702 10.745384 16.165108 325.889659 188410.580382
334 -5.922110 -11.684453 14.961556 121.707961 161399.291646
334 -17.609413 -7.173399 23.880193 355.216589 411172.185096
334 -24.507652 11.804265 5.937645 208.104325 25420.054430
334 -28.189044 12.034373 9.530496 154.150332 65490.611226
334 -22.739997 -13.012039 6.512295 138.162659 30578.502164
334 -23.645595 -5.761066 9.472153 283.742093 64691.241437
334 -8.169061 -2.221461 9.252677 181.095624 61728.088806
334 -7.642568 1.709278 5.152012 320.774440 19138.228056
334 -10.266166 6.482564 7.569469 191.864512 41312.257747
334 -8.283238 -1.729068 5.320515 69.796033 20410.585254
334 -22.384754 4.776788 11.799580 254.290671 100387.857020
334 -22.199658 -11.792277 11.186035 294.688367 90219.495567
334 -12.419544 4.928208 7.875950 234.796386 44725.377413
334 -12.503975 -2.927189 3.999773 146.485486 11535.028555
334 -30.626151 2.984544 11.950238 1.011710 102967.743026
334 -17.388880 3.107704 5.594939 234.353079 22570.372961
335 3.969033 6.159886 4.386519 135.432306 13873.564882
335 19.191825 6.219406 5.293111 236.044987 20200.870463
335 17.276553 -5.447125 2.155360 259.183858 3349.560253
335 5.063053 -4.119668 2.908551 208.682420 6099.602411
335 0.888451 3.761816 3.108065 157.114983 6965.114476
335 3.022291 0.366441 10.222151 354.735828 75341.222789
335 9.624182 -8.439028 15.174969 193.331131 166036.540339
335 9.859630 -10.509465 10.749949 229.864831 83322.236799
335 22.825640 -7.044998 4.525369 358.084095 14765.770992
335 -1.197853 -0.374988 10.726362 101.166094 82956.984883
335 14.317637 6.184436 9.999350 234.647308 72092.750970
335 -0.100852 -3.494791 11.155631 250.159785 89729.735053
335 12.102276 -7.752714 5.317631 281.253937 20388.465372
335 -0.151587 -10.995062 10.405006 0.771263 78060.751599
335 4.774119 8.813126 7.580737 313.640995 41435.344801
335 13.928846 17.791144 11.631367 44.564643 97546.024496
335 10.113253 17.048465 4.610752 166.217540 15328.213457
335 9.779442 2.953832 12.790247 66.027946 117952.178005
335 7.948962 3.256644 3.249163 92.040126 7611.863029
335 -19.735171 -3.856803 6.123527 126.108426 27036.552793
335 -23.799714 -0.909290 7.749289 292.283967 43298.389123
335 8.456177 1.744221 12.082306 298.979281 105256.212002
335 -3.440757 -5.497372 8.124382 41.762933 47591.433807
335 -10.266481 0.956005 4.296923 272.364332 13312.607358
335 -8.769145 -4.487396 5.730279 311.276027 23675.523609
335 -11.225463 9.561246 9.908075 10.719884 70782.615123
335 -16.629051 -16.115118 9.986080 25.525664 71901.529110
335 -26.610100 20.927377 4.971044 296.609603 17817.359457
335 -10.708649 -0.337509 8.383707 74.694383 50678.096822
335 -17.214273 -28.097482 6.712408 56.413024 32486.640186
335 5.634563 15.927927 5.281953 34.326208 20115.788380
335 -20.883122 5.448184 3.523122 30.920610 8949.597609
335 -17.330341 7.408523 2.987119 37.567060 6433.585698
336 1.917685 13.867020 6.600833 61.774172 31415.617740
336 9.484057 -8.013481 4.641108 217.675226 15530.711157
336 8.521783 -2.297136 25.311405 95.052001 461934.705336
336 17.656731 17.090499 2.700328 175.925495 5257.521975
336 12.799749 14.290926 8.919371 19.702619 57360.978372
336 14.604323 4.792169 7.074067 35.755816 36081.652841
336 14.961513 -14.684501 7.449713 240.755844 40015.400124
336 16.125876 -3.445173 11.032286 174.799850 87756.458731
336 14.954879 9.495562 16.537956 164.100158 197202.201294
336 19.712117 9.830143 3.660905 342.674777 9663.290664
336 9.849333 0.188788 3.418655 180.131412 8426.722292
336 -6.880493 9.813030 8.841752 153.946655 56366.970337
336 8.568463 -6.357584 6.166872 104.265377 27420.658789
336 11.797158 27.021592 5.552545 341.501901 22229.632411
336 5.933752 2.343149 6.491568 236.542392 30384.163306
336 14.660663 5.553016 3.221411 121.744162 7482.389833
336 -2.201392 24.636562 9.478720 183.486533 64780.975280
336 -10.859164 21.129843 18.310293 276.563639 241734.509517
336 -7.056195 3.574964 8.058411 37.799004 46821.673939
336 -21.905418 3.284072 11.528157 181.295016 95822.572162
336 -11.745331 1.623356 8.860405 266.488927 56605.053446
336 -13.193236 -7.853925 25.997350 262.783256 487311.010180
336 -21.162168 -0.322385 4.422539 7.587256 14102.350617
336 -4.687684 -8.081668 8.306696 325.960598 49751.334475
336 -12.817563 -8.767187 5.635071 325.474882 22895.326633
336 -13.235443 -5.568252 5.104048 324.172295 18783.542739
336 -2.083529 -0.200312 5.689965 302.932361 23343.567590
336 -16.300758 -7.135036 5.780432 140.925316 24091.767742
336 -11.826120 -9.498622 5.051810 317.618631 18401.025376
336 -4.714725 13.216028 9.737667 277.290043 68368.789946
336 -7.438598 -6.140401 7.435369 51.023290 39861.452775
336 2.604741 -1.371875 2.856246 355.899326 5882.193450
336 -8.897323 -7.878557 11.419290 197.553601 94021.297687
337 4.689369 12.132932 6.750332 127.065634 32854.763880
337 13.666472 4.220021 6.603855 30.776151 31444.383978
337 14.956204 17.601530 6.230384 308.188698 27988.377836
337 13.413200 4.398301 4.363646 0.656080 13729.259793
337 5.757286 -4.039294 14.957222 345.200606 161305.789290
337 11.306876 3.795328 13.277697 299.159797 127114.056823
337 5.112477 20.037518 20.287785 338.333489 296768.173473
337 7.839747 7.766312 4.039192 330.124571 11763.511123
337 14.187214 13.050528 3.405693 135.742599 8362.943509
337 15.865302 17.340223 3.381698 303.708420 8245.512902
337 11.569295 -1.951127 2.943167 243.458724 6245.651853
337 4.623927 -1.047375 5.000129 263.446707 18026.464480
337 -3.412203 0.637408 4.795641 310.225604 16582.169958
337 8.409330 -2.309122 6.470655 324.343622 30188.710488
337 16.573906 12.850787 6.570079 202.232960 31123.563680
337 11.676242 0.501739 10.780198 53.870414 83791.803185
337 17.530293 -2.929507 8.247632 61.617008 49046.338888
337 -17.813859 5.602381 8.452051 228.776104 51507.715446
337 -18.712213 -22.064313 6.868632 13.668649 34016.415282
337 0.036347 -10.134525 11.890143 93.103136 101934.737215
337 -27.156156 -12.403351 6.164899 240.269454 27403.115351
337 -11.003847 -2.771038 7.678134 264.962496 42506.904304
337 -17.800799 -1.514020 2.880794 200.512525 5983.735011
337 -4.699483 2.383748 4.385833 14.266295 13869.225803
337 -3.383794 2.055071 7.169697 231.072223 37063.774400
337 -23.574421 -15.764288 3.388497 94.195702 8278.704410
337 -19.552933 0.559748 13.183985 114.537074 125326.090512
337 -13.321277 -1.661321 7.469681 346.164141 40230.201027
337 -12.427559 4.533668 3.657413 177.765521 9644.861995
337 -17.937321 -21.728115 14.798863 253.349536 157908.234805
337 -7.613660 12.204432 20.476466 232.960897 302313.867309
337 -34.528119 -26.182175 23.288280 288.728986 391041.547861
338 17.857007 12.650828 6.629601 233.436045 31690.041316
338 4.036744 1.777821 7.343888 49.186644 38886.617458
338 9.655694 1.343418 16.379406 58.828172 193439.136272
338 8.936110 -7.691039 11.943175 280.678578 102846.053632
338 15.246545 20.783255 11.109747 39.597456 88993.115205
338 15.805572 13.617519 2.279249 239.217721 3745.688172
338 10.899758 -0.441150 5.419942 220.592965 21180.554504
338 6.696886 5.145650 7.479410 168.966474 40335.059636
338 13.355435 0.510104 10.693741 257.766904 82453.180397
338 9.199148 8.877224 14.250020 243.027806 146412.787679
338 5.369530 -5.485965 4.846431 150.566089 16935.271022
338 20.692585 2.016867 7.665220 212.200787 42364.029819
338 1.861405 3.225696 4.510730 8.023799 14670.391542
338 2.235696 -8.130704 12.857608 201.871523 119197.852300
338 13.439054 -2.113071 6.389643 339.122331 29437.522154
338 16.706805 14.065530 15.835170 233.744470 180797.967008
338 -16.954729 7.162527 3.233595 293.371987 7539.097104
338 -13.070939 3.379515 7.438694 50.320825 39897.110800
338 7.643869 0.521054 5.610733 45.884001 22697.984531
338 -13.636253 -14.678922 4.175452 88.895431 12570.575121
338 -19.651503 5.460502 10.849123 268.475889 84866.700488
338 -14.983369 -4.569687 7.454906 163.926667 40071.209315
338 -12.488880 4.000774 5.524872 151.207149 22008.601529
338 -3.201983 -27.705290 29.600638 56.652376 631757.241198
338 -17.358623 9.419451 7.237327 160.153561 37766.299668
338 -19.893533 -8.841669 6.071666 211.831659 26580.543278
338 -18.631126 -0.771053 12.111263 357.290396 105761.335688
338 -8.528686 -2.087148 23.532352 27.992663 399281.089775
338 -14.126144 14.484233 3.526105 121.531197 8964.757252
338 -13.594250 -3.483361 5.660432 55.207822 23101.878597
338 -13.949714 -8.341591 4.316617 306.141912 13434.917771
339 16.778384 -6.260581 3.410865 103.556701 8388.361842
339 10.765922 6.994453 9.126560 248.293724 60056.821499
339 2.681049 5.660274 3.575425 49.034414 9217.291063
339 14.036428 5.449092 6.299175 214.852001 28609.840540
339 3.505085 10.786183 6.101697 64.746375 26844.131843
339 10.907505 -1.285942 3.757687 58.535084 10180.974403
339 8.878899 -0.970828 5.457667 332.221413 21476.436100
339 16.676519 6.669068 7.744919 116.419465 43249.571222
339 5.412962 10.697060 9.844292 318.360365 69874.232771
339 10.924340 14.096949 2.086406 138.861916 3138.669486
339 20.779582 -3.244726 11.575303 12.494969 96607.930229
339 12.759913 -1.425701 6.708842 279.507846 32452.130167
339 15.844959 -1.267472 2.072961 249.402027 3098.348023
339 13.646280 6.996772 9.240400 269.762857 61564.395134
339 13.975986 -8.295581 6.726061 214.188986 32618.930306
339 13.012467 7.977841 6.261341 253.607115 28267.199077
339 -25.119019 -2.601600 7.056335 65.986108 35900.992746
339 -15.406598 4.978645 3.283383 162.844385 7773.045942
339 -4.956577 -11.555619 6.405679 306.701560 29585.466273
339 -20.337190 8.521094 3.268564 164.526113 7703.036398
339 -3.735869 -2.728039 4.684538 260.153946 15822.739221
339 9.393224 -3.012095 16.783982 239.176986 203113.174202
339 -25.296157 -23.013304 3.651844 298.581459 9615.516308
339 -14.060913 -7.380254 8.996946 61.631147 58363.092406
339 -22.887633 12.438173 7.054083 180.033064 35878.083221
339 -18.849127 8.060987 6.627633 342.507608 31671.232660
339 -33.635972 -11.581377 8.166732 275.266344 48088.884292
339 -14.836198 9.471956 5.345815 224.348656 20605.156904
339 -22.077994 -4.287784 4.661813 125.921266 15669.594076
339 -0.367222 22.558623 8.655329 75.329581 54015.100108
339 -20.632703 8.861814 10.465804 326.896544 78975.656145
340 15.266855 13.193288 10.364824 249.260731 77459.004582
340 12.115966 -1.610582 3.782409 46.860198 10315.374854
340 13.584465 7.185680 3.026198 39.842842 6603.020817
340 4.832736 -8.805981 2.292762 48.264501 3790.232758
340 7.729898 -1.555601 2.690722 61.432240 5220.184287
340 9.969899 -1.255842 4.469574 148.195246 14403.911034
340 5.585100 13.466789 6.401915 230.363358 29550.709301
340 13.534073 -6.400175 13.324814 173.685813 128017.809924
340 12.613196 -2.817544 9.591019 274.773586 66325.052746
340 12.669897 12.939684 8.321814 353.219005 49932.584905
340 0.990652 9.033867 13.128992 19.289970 124282.743283
340 -12.217997 4.350499 4.127124 201.544531 12281.263394
340 8.454126 -9.408088 7.025527 334.909810 35588.193178
340 5.215545 3.048889 5.748744 332.610185 23828.356106
340 9.020631 8.394354 12.426244 112.460954 111334.009325
340 -13.356096 -6.339490 9.202127 102.005450 61055.467088
340 -7.276875 -13.149906 4.348227 118.324891 13632.402745
340 -15.059900 4.117283 5.053782 205.745663 18415.393377
340 -7.396328 -11.938194 4.456223 335.946483 14317.981897
340 -13.350312 -15.234728 7.037535 274.573648 35709.950699
340 -12.385874 -11.997263 3.821218 21.960511 10528.142917
340 -2.830889 -9.695359 2.188167 84.274361 3452.303349
340 -1.374885 -11.921095 4.622289 315.647751 15405.022550
340 -18.093551 3.090307 9.490877 224.781354 64947.246032
340 -14.699787 -0.065942 9.252861 101.048293 61730.550244
340 -8.335069 -3.135778 4.059216 85.415062 11880.436575
340 -34.913851 -12.646446 6.055172 354.296415 26436.322724
340 -20.266840 -7.929384 4.317801 61.820107 13442.288994
340 -21.228970 -11.824445 5.283077 237.782985 20124.350500
340 -15.910503 11.604630 2.810210 222.762708 5694.107027
340 -13.328488 -4.345128 4.415567 160.542117 14057.920332
341 18.227058 9.053150 8.666567 338.046123 54155.462875
341 14.138066 5.314573 9.822252 63.976431 69561.708946
341 14.330145 -0.338213 32.018697 49.480475 739188.813024
341 8.056352 -6.484683 8.031586 57.361883 46510.468196
341 17.040851 3.619776 7.891215 277.742215 44898.913546
341 11.730912 10.444228 6.203194 257.326723 27744.620517
341 9.991983 0.153901 3.972523 198.332731 11378.390859
341 10.756845 7.340279 7.341883 244.107156 38865.381825
341 12.511740 4.179649 5.496995 70.856541 21787.066460
341 18.566540 -0.758114 3.230980 214.755153 7526.908848
341 9.243209 6.035177 8.809332 324.482605 55954.368475
341 11.945837 10.667586 6.482263 45.373086 30297.126032
341 7.761555 27.008316 7.822223 222.244324 44117.247971
341 9.663343 -0.659029 6.153094 201.680621 27298.273509
341 -1.230414 9.320446 13.907960 324.872217 139468.121710
341 -10.975280 -0.825590 4.373668 108.631498 13792.394421
341 -15.348728 -13.448101 11.116222 334.586304 89096.877957
341 -6.053077 0.592850 2.259685 352.885084 3681.661588
341 -5.058241 6.542995 6.202072 115.849019 27734.581988
341 2.088454 0.607193 10.256278 213.299101 75845.115410
341 -10.868374 -17.633931 3.447131 238.817616 8567.688927
341 -32.641487 -11.636509 5.271033 224.418732 20032.701897
341 -21.730324 -14.080580 18.104172 14.047605 236322.673826
341 -18.484835 4.696732 3.799725 122.601185 10410.042063
341 -18.804021 -16.891045 15.248850 353.962485 167657.216640
341 -4.870492 0.305513 4.170524 2.716777 12540.918346
341 -11.252567 11.173333 5.673661 339.659099 23209.979972
341 -5.667649 3.203375 6.517690 269.187761 30629.183087
341 -19.609710 6.301148 5.734911 13.884854 23713.811807
341 -0.499671 3.763182 7.075416 49.590786 36095.419448
342 18.862405 -2.819436 21.220675 354.732232 324688.159038
342 10.294901 -2.465847 6.006013 166.249146 26008.821699
342 13.100163 -2.365222 17.824980 227.300041 229090.028709
342 8.868949 -12.265809 5.048308 38.375814 18375.522034
342 9.380337 8.986470 4.472869 125.877648 14425.154413
342 15.003264 5.197337 3.313754 101.172826 7917.507840
342 14.898636 7.805004 8.393227 97.424172 50793.256814
342 4.885533 5.396941 9.559351 290.817797 65887.785039
342 12.416435 4.051376 8.864630 266.402055 56659.048826
342 2.002060 -5.427437 12.485103 93.863251 112391.200084
342 9.690595 0.669116 11.443661 283.988964 94423.048294
342 17.151171 2.882887 12.838040 86.803439 118835.320201
342 7.928833 11.687282 16.136846 287.462321 187752.347249
342 13.898570 3.665914 11.210591 148.453816 90616.044597
342 -17.414420 -13.061428 6.227712 211.595700 27964.378595
342 -19.967386 -6.957031 10.074404 71.228431 73179.049901
342 3.812107 0.332899 5.060689 175.508206 18465.768080
342 -5.977964 -6.351407 15.262481 190.154371 167957.097646
342 -12.421031 -15.449007 18.818134 29.882010 255329.604774
342 -9.056204 5.072048 5.751341 252.572174 23849.883872
342 4.017784 -0.715076 11.808699 330.304951 100543.079495
342 -13.705028 13.302127 14.868023 211.877339 159387.603523
342 -10.114346 -3.523530 10.774440 252.903861 83702.320679
342 -4.598383 -4.481671 12.554922 335.174405 113651.747879
342 -11.128714 9.644366 4.077967 275.358602 11990.448702
342 -9.824082 -2.265035 13.277812 7.769337 127116.250681
342 -11.124393 -3.808711 9.012762 251.120748 58568.467564
342 -6.460447 11.376628 3.927469 328.869311 11121.762648
342 -15.186789 -0.356808 9.970504 293.132433 71677.414844
342 -8.124532 -7.784552 15.987993 125.438852 184304.525118
343 5.714619 7.179929 3.887576 84.179925 10896.973053
343 9.699263 -1.622665 7.729969 238.873263 43082.771255
343 9.647058 2.985879 4.940780 126.820265 17601.073988
343 19.411446 1.030935 16.212374 219.489653 189513.993893
343 -1.125272 14.027102 9.686400 216.954939 67650.791277
343 20.306385 -6.356778 5.758000 57.779605 23905.144950
343 6.602558 9.565036 5.414018 86.680029 21134.281184
343 1.547085 7.017040 9.289559 339.029230 62221.189623
343 4.363070 17.660467 7.176548 13.110252 37134.648011
343 12.224357 -5.660712 5.029709 351.471431 18240.376095
343 5.404722 5.703670 5.901560 64.465990 25112.025868
343 13.523869 7.112524 10.772909 159.819163 83678.536659
343 12.808316 16.040030 7.247221 340.203570 37869.629436
343 -6.615855 1.301042 2.663687 17.697729 5115.811999
343 -15.736767 -4.998482 3.229189 127.811460 7518.566693
343 -26.871266 -25.613595 4.870628 322.540358 17104.800435
343 -0.366905 23.498815 7.430946 202.377195 39814.045419
343 -12.496601 2.742044 12.352241 117.561809 110011.872844
343 -26.879665 -9.130526 6.430401 37.672613 29814.271954
343 -2.635805 10.085811 7.693766 259.971100 42680.153038
343 -13.298970 -1.343631 4.718666 0.684193 16054.119887
343 -4.574598 9.056168 9.184232 281.052509 60818.232940
343 -8.951834 7.918830 3.021818 257.199971 6583.924236
343 -6.031298 0.656356 9.987308 5.308872 71919.217163
343 -13.564976 6.861668 18.327765 213.325025 242196.070661
343 1.415242 -10.156504 2.952001 302.445464 6283.203137
343 -17.807698 -3.446097 6.417020 92.449436 29690.322248
343 -13.040825 -18.554951 5.331506 3.473985 20494.995587
343 -7.596405 -0.047047 4.866301 355.108610 17074.420432
344 10.989752 5.969590 4.221100 284.642267 12846.928135
344 10.505546 -7.546353 4.471642 268.379262 14417.243015
344 13.317054 0.488644 6.915841 116.087074 34485.624874
344 15.223932 5.241265 9.634668 230.948357 66930.120267
344 11.996794 -7.491441 5.109185 227.904778 18821.373537
344 6.375227 -14.196944 3.905018 8.976922 10994.970551
344 13.693298 -5.369387 5.258237 3.681866 19935.556093
344 9.696830 9.444746 6.723910 125.229186 32598.067596
344 2.425437 -0.929737 10.876584 307.797213 85296.876569
344 11.270026 9.098604 14.860890 179.002692 159234.704326
344 7.931834 3.692647 9.946477 256.165447 71332.368524
344 19.184637 12.053148 12.999958 264.377308 121851.801714
344 -15.723206 4.200282 23.172597 45.673019 387166.261915
344 -7.028771 -23.234561 7.188752 238.748529 37261.047271
344 -16.209402 -0.365864 3.214203 50.387450 7448.944158
344 -12.351111 1.353936 9.576631 245.180085 66126.208323
344 -23.957911 4.452527 3.380049 280.050845 8237.476460
344 -20.070063 9.813687 5.566076 164.022933 22338.104884
344 -18.006444 -13.313393 4.918935 318.076629 17445.773647
344 -13.492501 0.466610 7.485382 236.497614 40399.503248
344 -11.649929 -11.212873 5.167989 95.826489 19257.114201
344 -11.551773 8.788795 13.467088 277.592833 130766.197057
344 -6.253534 -6.995924 13.337450 117.955632 128260.729799
344 -11.078624 8.015257 5.015842 253.919345 18139.936074
344 -15.292235 -4.608950 15.409184 188.819826 171201.426106
344 -15.166887 -6.021103 2.456338 46.665845 4350.352460
344 -12.120411 -20.543442 5.776581 266.854448 24059.679007
344 8.800309 10.683949 10.046467 162.001082 72773.750862
345 14.621473 6.822271 2.093625 52.068586 3160.426974
345 3.377098 -1.227358 11.545129 133.789414 96104.933855
345 11.443758 -7.887477 4.061506 345.248302 11893.843107
345 15.082650 3.064683 10.524363 131.898277 79861.908770
345 10.466075 -1.711549 2.835213 204.809816 5795.881597
345 6.028255 -4.489798 3.969979 268.565416 11363.824095
345 11.330314 7.755865 10.027403 317.526465 72497.830965
345 8.091428 5.175798 6.119297 128.760231 26999.216188
345 11.829659 8.540402 8.768439 62.181349 55436.093655
345 8.312302 6.890131 11.963688 152.593703 103199.650034
345 14.097985 14.186755 5.778990 97.040628 24079.746623
345 15.502284 -2.489655 8.443465 150.061490 51403.123821
345 -15.331861 -2.554390 14.718701 331.325480 156202.154521
345 -15.965999 3.755573 8.537648 201.616118 52556.277321
345 -16.669432 -6.103728 6.942170 341.499273 34748.698848
345 -3.563927 -3.000884 7.007168 125.387850 35402.435522
345 -6.023929 0.489916 4.717381 191.226212 16045.379222
345 -15.637358 -5.097514 5.239516 202.261572 19793.852708
345 -4.328237 9.926677 6.445926 204.175427 29958.406992
345 -14.276259 -3.183068 5.845037 266.036035 24633.297514
345 -9.787084 7.243674 3.449798 255.825325 8580.952642
345 2.485464 -3.869726 11.701381 270.113182 98723.904303
345 -12.179522 5.344139 6.030964 64.592658 26225.365029
345 -13.377571 -15.358636 14.011574 150.726180 141553.924568
345 -23.188234 12.297744 5.683638 265.249820 23291.686042
345 -23.971024 -0.485226 14.056576 354.102371 142464.658366
345 0.454691 4.451274 11.511141 315.982515 95539.910026
345 -27.743626 -15.977638 10.360230 176.872225 77390.363351
346 8.610769 -1.551666 2.768201 185.927113 5525.139200
346 4.430128 4.820893 5.725543 176.172544 23636.409259
346 8.885411 0.859432 9.994850 290.894079 72027.878123
346 6.589231 10.573247 3.633899 213.766552 9521.244692
346 11.895481 6.647299 41.004038 283.716924 1212275.518594
346 -11.213838 6.943374 6.652248 347.746796 31906.921532
346 9.263908 -4.400564 3.471481 320.822743 8689.159131
346 16.220330 17.037004 8.389674 121.428340 50750.261187
346 12.303629 9.061903 2.155660 165.573325 3350.491969
346 5.030739 7.491176 3.931515 343.221729 11144.686906
346 15.027138 5.932192 10.653943 103.526690 81840.596975
346 -4.024735 7.391051 3.951831 258.632714 11260.163907
346 -8.745956 -19.411428 4.903887 325.866850 17339.197293
346 -18.419801 -6.283354 8.748580 50.581765 55185.280729
346 -19.447620 -6.947398 3.697625 282.673834 9858.111324
346 -18.813248 -7.691074 8.512433 197.962284 52246.292684
346 -15.850666 -8.383990 4.548966 27.949780 14920.160392
346 4.099651 11.326298 10.470999 98.518536 79054.087017
346 -16.384892 -17.507288 2.547794 207.783353 4680.332387
346 -20.880148 -13.729239 4.582857 109.546414 15143.303802
346 -21.237784 -12.847490 2.444609 348.400324 4308.905041
346 -23.540374 -20.109827 7.695579 253.811918 42700.276601
346 -16.558166 -7.821664 5.584170 278.052638 22483.575689
346 -14.927418 -5.603134 17.202987 347.426633 213381.025690
346 -11.601665 -14.330207 6.275933 180.935402 28399.103318
346 -9.653209 -4.357880 2.348853 134.578470 3977.955606
346 -11.508834 12.150557 4.552603 323.262654 14944.026835
347 3.552792 8.241327 1.558048 232.856494 1750.289852
347 4.967919 12.207298 3.474887 124.890048 8706.214432
347 6.268264 -9.732159 9.190243 212.076871 60897.866482
347 -1.226026 3.863474 4.970390 216.966334 17812.669841
347 2.336853 14.977337 15.147421 33.510252 165434.262215
347 12.711908 -1.877870 14.419567 186.197390 149917.559270
347 22.377548 -1.135221 3.315452 177.372882 7925.623564
347 22.889251 19.534945 16.150630 135.214917 188073.233367
347 14.556949 1.970606 15.355379 325.217203 170007.923420
347 13.832579 5.470291 12.378645 48.763291 110482.697957
347 8.557862 6.960479 6.712754 77.918465 32489.987976
347 -2.318239 15.687234 3.923259 273.764141 11097.930038
347 -14.164741 -9.219742 17.104152 83.139208 210936.221211
347 -15.873885 10.636290 5.589856 144.550966 22529.385331
347 -17.783147 -16.866972 10.067359 162.796453 73076.750387
347 -27.093690 -5.512425 7.868136 49.083134 44636.667301
347 -9.085722 0.335809 9.623683 16.604104 66777.584742
347 -13.522593 -13.692483 4.501881 45.198602 14612.888392
347 -27.208271 -1.147003 13.042111 79.670240 122643.304816
347 -15.307655 1.922762 12.371400 166.389786 110353.409268
347 -12.998432 -8.179646 10.172205 51.441765 74606.773529
347 0.496284 -0.237659 10.563045 150.777221 80450.057135
347 -16.646898 -16.012332 3.312775 9.647577 7912.834047
347 -12.424729 5.248256 8.636848 110.236722 53784.679714
347 -16.693727 -8.151543 7.596353 55.176884 41606.233888
347 15.802063 -10.730220 10.125780 306.649124 73927.333243
347 -3.439475 -12.084606 5.364250 240.735329 20747.513902
348 9.373487 -5.231805 3.327640 309.064854 7984.001783
348 7.019288 7.966150 4.014118 214.055529 11617.921228
348 15.524452 4.756368 9.538606 178.566618 65602.128642
348 7.148126 14.164967 2.601911 162.735227 4881.272827
348 4.362113 6.902365 7.844925 160.812924 44373.696840
348 6.608065 -0.975163 6.804212 253.917050 33381.339744
348 0.232501 -5.432320 6.845281 43.684188 33785.524687
348 4.494336 -7.549923 38.064369 137.684008 1044684.963195
348 12.021677 10.886920 6.570291 247.766926 31125.563633
348 4.176004 1.685051 8.818275 88.319779 56068.034789
348 -13.688951 1.973192 3.199752 76.262329 7382.114967
348 2.942285 28.150700 11.346386 259.148504 92824.619927
348 12.462112 22.226372 3.659764 250.608622 9657.267888
348 -18.346934 10.486272 5.734523 41.722316 23710.604818
348 -12.554996 -5.411626 7.618980 70.733001 41854.461115
348 -9.941810 10.912679 7.877852 149.878363 44746.974447
348 10.777093 7.681716 4.475704 190.911959 14443.443316
348 -7.263139 -4.071555 7.659540 117.461294 42301.273827
348 -20.957482 -9.462136 8.226556 259.539227 48795.993256
348 -14.051531 0.056093 17.767982 271.039593 227627.260346
348 6.738430 6.076079 15.228756 35.540155 167215.663926
348 -8.991353 -25.454345 7.271062 138.818094 38119.197009
348 -5.734947 12.506146 7.947837 62.485475 45545.553043
348 -20.788494 -3.049406 7.818710 236.288869 44077.632044
348 -16.835995 -3.377566 4.990342 18.551286 17955.962181
348 -7.871656 -5.322340 4.446401 312.225344 14254.938440
349 20.073595 -3.318814 11.035833 17.056047 87812.901914
349 15.300553 -0.448599 3.692481 74.800491 9830.706363
349 14.543213 10.558812 12.901224 34.216113 120007.926842
349 15.553018 4.699282 7.097965 184.668131 36325.848812
349 10.900834 10.589415 14.825204 257.554642 158470.869787
349 8.965506 3.906158 7.465745 101.377021 40187.811858
349 4.941761 -0.413885 5.296072 67.156812 20223.476931
349 -0.171485 -0.454872 4.572248 220.118873 15073.272092
349 5.314230 12.230964 10.649789 165.436807 81776.792381
349 -14.099343 19.597208 3.912079 158.193870 11034.773052
349 -9.378660 6.335653 10.824020 26.636746 84474.427984
349 -2.948843 -6.052294 5.616038 210.791676 22740.925077
349 -8.117139 7.734779 21.634156 8.056086 337464.428092
349 -23.579162 -4.761078 6.165979 106.550511 27412.720201
349 -26.994190 5.060851 1.489469 245.151045 1599.599233
349 -8.846816 4.342901 9.302893 311.093491 62399.932187
349 -0.465118 2.456430 9.881890 105.055078 70408.994979
349 -4.052958 -16.055886 10.277420 210.088520 76158.136715
349 -17.430156 9.494508 3.377018 144.811771 8222.709540
349 -3.185358 -3.350689 9.905191 255.831774 70741.422842
349 -8.281505 3.662613 11.440432 88.532755 94369.775547
349 -19.279965 -4.288746 8.380896 107.787016 50644.108692
349 4.400346 6.309060 3.947582 309.630983 11235.967551
349 -0.515926 -15.410150 2.642291 212.023285 5033.956076
349 -26.027442 -10.990605 6.596146 232.720004 31371.018667
350 4.248192 -1.476105 13.539567 259.456726 132177.520580
350 11.242715 12.862433 6.501173 292.976789 30474.147607
350 6.862605 11.136825 4.286057 35.274224 13245.363937
350 14.529968 -0.661982 4.093941 346.446527 12084.573448
350 13.853995 7.552698 15.083691 328.433339 164045.124661
350 11.902996 4.081228 8.363212 26.473449 50430.616493
350 2.918365 5.922916 5.243395 353.268776 19823.177525
350 14.660955 11.671793 11.018997 140.136602 87545.178047
350 11.941344 16.240896 2.619902 56.415927 4949.009325
350 -8.947674 -21.545550 3.636261 140.573143 9533.625584
350 -13.158767 -11.644337 8.050969 219.185619 46735.233876
350 -28.359135 6.247230 4.662145 15.631089 15671.827011
350 -13.633867 0.082588 5.502825 342.593561 21833.304376
350 -9.533326 -11.244872 2.673930 140.944319 5155.230534
350 -20.171057 0.999519 5.385704 186.989959 20913.801012
350 -17.359550 -5.466355 19.047244 220.330672 261584.715399
350 -14.516174 -5.756384 5.108081 18.505155 18813.241483
350 -0.484979 -13.059560 20.803143 56.481424 312036.931093
350 -5.609318 -8.827094 4.201778 6.364746 12729.585317
350 -9.148578 -16.743366 5.452061 74.126149 21432.333220
350 -5.311830 -2.666880 14.833036 147.032905 158638.338666
350 -19.518228 -20.605165 7.226432 216.831237 37652.685708
350 -15.027873 2.975512 9.362405 175.981178 63200.855880
350 -4.219931 -16.804992 26.268843 348.780570 497542.251684
350 -11.006182 -4.453481 23.258020 213.092121 390025.980473
351 15.167844 12.247339 16.749266 237.251944 202273.809965
351 2.538979 6.883454 8.320505 187.460187 49916.881223
351 9.167996 14.815901 7.754248 143.583941 43353.829403
351 12.535246 9.098177 8.285332 178.719880 49495.749577
351 8.124402 -8.615675 4.890842 324.086967 17247.073484
351 11.813919 8.849665 7.297793 350.245387 38399.991495
351 -0.069723 -2.877140 5.497099 206.168855 21787.888693
351 19.153862 10.882554 8.314372 102.858224 49843.324131
351 -21.459790 -20.747765 5.478507 148.214486 21640.757736
351 -16.725120 2.007799 9.877079 170.905036 70340.447894
351 -22.081429 2.810625 25.545335 39.701019 470512.606256
351 -5.792333 -3.131408 3.245924 163.120573 7596.694303
351 -22.602400 7.753051 7.977181 333.624780 45882.488538
351 -33.657761 -6.569790 10.755033 238.557325 83401.064351
351 -19.832118 -16.324693 12.418233 146.733301 111190.507405
351 -21.019383 1.524578 8.886463 70.413664 56938.490421
351 -15.769005 1.602837 6.225398 349.665762 27943.596301
351 -21.719679 -10.602896 10.320937 153.317444 76804.435389
351 -15.981763 0.717234 5.223561 160.043401 19673.490577
351 7.826947 -12.514970 11.172561 12.597661 90002.289580
351 -20.820794 -0.525172 2.598642 205.899074 4869.014432
351 -24.758252 -17.691676 5.759340 148.578206 23916.275252
351 -17.580090 -13.924139 7.924251 224.182994 45275.627100
351 -11.924509 2.664072 4.252702 168.152775 13040.011850
352 6.850270 14.738075 5.557600 235.049563 22270.122254
352 9.572346 10.788860 7.931985 257.550931 45364.052521
352 11.265524 19.529251 7.471239 119.125797 40246.979930
352 12.790747 -0.017236 15.128709 58.000724 165025.796423
352 6.682641 -8.129549 6.518565 280.208954 30637.416078
352 10.794264 2.708163 10.910170 284.492790 85824.458125
352 12.933107 10.837947 8.891183 251.237885 56998.988356
352 -27.595327 -28.755523 3.759069 339.521354 10188.461096
352 -12.139933 3.442639 8.622396 93.270771 53604.836501
352 -6.136111 17.070808 6.616118 218.677324 31561.276196
352 -30.693699 -9.003620 8.733822 358.699922 54999.249650
352 -16.762673 0.685542 4.653928 178.095162 15616.632350
352 -25.543840 6.014095 20.846865 42.244209 313349.909487
352 -2.406640 2.016002 5.640739 253.409507 22941.406844
352 -14.038301 18.288216 14.184204 86.630146 145063.444832
352 -12.475697 2.301582 8.011558 149.207321 46278.792912
352 -2.007497 -3.253195 14.752213 358.883197 156914.267825
352 0.381742 10.763062 5.246387 148.101559 19845.805853
352 -3.965908 9.753515 8.884930 128.862678 56918.849148
352 -21.015696 4.114641 14.371732 286.054640 148924.550850
352 -5.435367 -5.883483 5.881441 299.258396 24941.099781
352 -19.908376 -16.833580 8.540653 205.251199 52593.275683
352 -11.402539 -0.555993 10.764420 102.733195 83546.706045
353 2.975571 -1.821085 2.928336 332.200117 6182.866217
353 10.363847 -2.734709 9.173043 63.433218 60670.133113
353 8.121912 0.784270 3.520587 228.582499 8936.723982
353 6.623232 10.955910 3.407112 203.645169 8369.911224
353 9.687257 -1.258415 10.461998 234.826008 78918.235033
353 9.408969 3.662895 7.322143 181.466245 38656.675490
353 -0.202743 -18.232386 8.121993 357.128366 47563.441738
353 -14.661551 -3.320111 5.131366 75.309309 18985.148487
353 -5.015682 15.513531 9.557201 336.220794 65858.149819
353 -21.120526 -10.248689 13.111853 314.838426 123958.479917
353 -12.767243 2.413366 14.362567 300.302329 148734.669419
353 -17.076575 10.574820 4.104358 194.588452 12146.149106
353 -19.304764 4.991830 2.185930 182.927623 3445.247405
353 -31.161011 7.090086 6.732760 257.458894 32683.933860
353 -7.556207 -8.232470 6.925812 296.025782 34585.133169
353 -13.466081 -23.946744 7.961572 110.151755 45703.111900
353 -13.656832 -5.260816 15.095760 175.977492 164307.752179
353 -20.301137 -9.489999 11.517278 228.476275 95641.810821
353 -12.321776 -6.776134 9.636963 326.773819 66962.008739
353 -8.625040 -0.123960 4.338227 266.389141 13569.775855
353 -18.987096 -4.965832 5.650566 263.232893 23021.412022
353 -26.929944 -6.793113 8.344683 309.442199 50207.399919
354 4.693592 -15.849998 5.530553 25.493011 22053.887312
354 10.239819 11.355025 14.747282 34.075698 156809.388956
354 6.747265 -4.104486 12.495729 243.777507 112582.597089
354 9.324822 0.760081 3.695792 77.661327 9848.339907
354 15.712700 5.008656 10.024052 251.311041 72449.390347
354 4.619189 7.928437 4.472973 313.059624 14425.821556
354 -4.294529 2.849785 7.161435 195.994990 36978.402962
354 -16.106915 -14.783149 3.538256 305.041420 9026.647173
354 -18.162075 -5.468128 4.615914 305.892023 15362.558890
354 -19.042845 0.480695 12.102211 100.653427 105603.309849
354 -7.789039 -5.433233 4.244533 106.287769 12989.962338
354 -11.081826 5.475453 8.098728 305.968365 47291.345304
354 8.397520 -3.204162 16.667651 202.171583 200307.338568
354 -4.876622 2.311302 4.047942 175.199618 11814.534309
354 -13.027173 -10.464227 9.389746 288.374591 63570.515506
354 -22.592968 14.396728 7.445871 236.475429 39974.140255
354 -13.694055 -9.858212 7.422499 352.206811 39723.575434
354 11.670859 -3.361195 10.355006 86.224826 77312.339987
354 5.086979 1.276821 11.690943 36.536893 98547.857341
354 -2.606123 -0.098460 5.671565 176.289860 23192.840420
354 -4.113629 -7.128592 7.032990 14.793438 35663.837926
355 19.246207 13.098345 8.553249 125.688652 52748.525149
355 17.079158 7.624437 6.224349 175.775548 27934.179306
355 17.256835 14.054041 18.585028 107.478318 249043.111141
355 3.797780 3.422730 5.232470 312.173977 19740.654771
355 12.042617 6.628706 28.789071 255.901702 597590.076831
355 7.978884 -0.322699 1.676970 2.285405 2027.675861
355 -15.650903 13.018464 3.980751 250.865890 11425.578005
355 -15.181239 -3.760316 7.264287 199.948289 38048.200471
355 -25.739742 -4.826738 11.510905 170.521812 95535.985029
355 -23.017441 2.182732 3.302130 333.510032 7862.059041
355 -26.793073 -2.464742 6.066176 100.720187 26532.497109
355 -20.634868 -15.645841 6.891387 107.864138 34242.177027
355 -7.655632 -5.133527 6.687857 222.494967 32249.430948
355 -14.100162 5.178200 6.463565 48.093618 30122.590793
355 1.626019 -1.282300 5.652292 264.251263 23035.480994
355 2.600800 -8.157009 1.902627 34.859980 2610.089853
355 -2.364853 -14.503041 17.366427 82.627680 217454.810035
355 -21.329997 4.507080 5.506753 281.129252 21864.483712
355 -3.478610 10.003735 8.291448 69.422710 49568.846017
355 -25.484247 -2.004110 15.574422 321.507602 174892.810730
355 -21.794996 -20.333106 5.313753 291.806620 20358.735052
356 6.164535 16.008247 9.654111 137.151311 67200.524574
356 5.576185 1.128476 2.262170 1.958255 3689.762212
356 3.914444 9.029391 4.362622 115.882563 13722.819054
356 12.702513 2.420804 6.568792 325.774768 31111.365089
356 14.033670 9.039743 9.311329 250.808358 62513.158042
356 3.953679 -8.627020 12.908478 147.850631 120142.911437
356 -10.800714 -4.301176 5.465164 168.022981 21535.474038
356 -3.579304 9.641276 1.873083 270.733916 2529.660465
356 -17.457775 -6.148531 5.474814 59.803450 21611.592341
356 -13.924742 -4.125520 9.935949 273.553100 71181.435599
356 -10.788019 0.216750 10.925472 273.824098 86065.385639
356 -6.738751 -19.540175 2.179823 78.095157 3426.024729
356 -11.191320 -2.902639 9.823314 209.273719 69576.745531
356 -4.126704 -1.640821 6.492245 89.229478 30390.504475
356 -17.940627 -15.351256 5.048556 217.091864 18377.333282
356 -19.442821 4.373284 5.602383 177.072067 22630.471640
356 -9.494329 -14.939095 9.827992 16.478558 69643.029955
356 7.965298 -2.431780 2.344991 220.927773 3964.883453
356 -9.636086 -5.059110 9.192414 258.056546 60926.642061
356 -16.521846 0.570929 3.891682 202.660833 10920.001485
357 8.052945 9.630599 29.136394 149.572913 612096.173893
357 13.318137 16.864202 14.882126 256.819117 159690.118710
357 11.965822 7.421848 13.016268 128.909375 122157.756188
357 7.581245 1.667987 6.604172 213.592981 31447.407134
357 10.465672 8.452971 8.483368 109.329414 51890.127088
357 -20.798236 -1.283170 5.303982 129.313358 20283.932512
357 2.533462 25.478661 13.385157 254.120455 129179.919732
357 -10.507027 -0.074476 8.087981 110.363076 47165.917387
357 -9.835831 -6.653603 5.783132 228.056030 24114.276106
357 -12.945208 -6.248789 3.070666 43.276387 6798.501981
357 -16.269963 -3.299402 22.633684 29.482470 369367.405917
357 -25.156473 -6.546645 7.327606 98.814964 38714.375699
357 -15.783389 -4.037365 3.075033 202.043535 6817.854116
357 -16.715537 -3.215095 17.514413 348.172098 221176.623805
357 -5.083048 -16.795897 4.880478 277.970797 17174.050535
357 -11.450384 -11.006762 5.387989 207.361944 20931.554402
357 -4.330507 -1.836369 6.971425 138.843069 35042.187506
357 -12.103407 3.375638 2.910990 140.548173 6109.835134
357 -6.686409 -7.694202 9.876053 153.128873 70325.840776
357 -9.654929 -3.247096 30.636574 61.994165 676750.304284
358 -0.906644 6.786203 4.749605 142.771102 16265.338289
358 15.150008 10.636871 7.029260 53.399341 35626.023202
358 2.721305 -4.586028 9.790359 170.999929 69110.699508
358 14.461932 11.073213 12.151796 202.358137 106470.440066
358 1.456063 13.112169 6.757217 335.000555 32921.820076
358 2.112270 -7.340783 6.294398 21.485060 28566.466874
358 -15.209372 -4.503955 3.215621 256.110361 7455.517430
358 2.373045 -1.006467 4.384909 97.763287 13863.385879
358 -22.523105 -19.401292 13.611381 106.519245 133583.391649
358 -13.652104 6.926548 11.379378 53.472034 93365.219413
358 -10.383554 -0.165897 4.499422 264.755557 14596.930765
358 -15.470454 -0.210832 5.461517 185.178981 21506.746112
358 -14.780541 -3.122103 5.164262 117.697026 19229.353158
358 -28.197031 1.609120 8.629127 272.417288 53688.567588
358 -4.777164 -2.812771 4.654527 157.397433 15620.652762
358 -13.883588 5.860405 8.440916 279.136214 51372.085502
358 -3.675809 4.080746 1.847839 321.864995 2461.933617
358 1.548594 -10.735265 8.485564 36.560230 51916.988776
358 4.147489 0.734793 14.209836 114.826792 145588.217260
359 11.758831 -5.964176 25.005506 33.824139 450836.820674
359 5.398872 1.064044 6.481716 48.703922 30292.010386
359 10.426384 5.023494 12.994387 34.875936 121747.393143
359 16.003751 4.105750 7.062082 151.212195 35959.494327
359 -11.004342 -26.749604 31.025106 65.724594 694024.197245
359 -2.157256 2.601767 6.022508 33.439660 26151.877695
359 -6.345319 6.958388 10.898550 41.058991 85641.753021
359 -13.772183 -9.015662 11.765023 60.875993 99800.710382
359 -24.903546 -7.797502 4.778041 91.991170 16460.682796
359 1.269556 3.581326 4.582558 166.022375 15141.328593
359 -6.283676 -4.303766 13.645069 350.044058 134245.445442
359 2.685054 -5.566654 27.976104 300.783088 564316.233821
359 -8.132952 -2.145459 11.908390 132.684147 102247.844640
359 -21.943385 4.399169 7.572831 107.352189 41348.965001
359 -19.931325 -13.237508 6.284395 81.961926 28475.743554
359 -0.852220 -6.769441 4.110403 298.097290 12181.951972
359 -10.491958 -15.321617 2.013105 32.581704 2922.005602
359 -5.904310 -13.455231 7.667137 164.479177 42385.229688
360 8.155402 -2.432436 7.029611 118.479379 35629.578449
360 9.511036 9.853956 13.196712 99.917819 125568.172426
360 11.124374 -5.560296 7.399854 198.574831 39481.567101
360 -5.603466 7.357085 5.361503 102.962103 20726.269071
360 -3.912912 8.905011 4.448017 211.807718 14265.304231
360 6.623839 4.474659 4.436848 115.129918 14193.751752
360 0.070699 5.362647 6.152321 329.167726 27291.410722
360 -14.697329 5.724569 5.094233 316.866607 18711.376189
360 -13.302374 7.853268 4.766241 146.995865 16379.475327
360 -15.318083 -4.608430 7.072738 279.179183 36068.097293
360 -9.509608 6.899179 14.146880 328.263205 144301.027862
360 -14.840941 -16.228636 5.900587 14.831004 25103.748240
360 -1.971576 -13.556194 4.780886 302.841750 16480.289478
360 -23.276675 5.467746 3.432496 100.224190 8495.094500
360 -15.693034 0.479753 8.815842 43.522906 56037.108054
360 -9.655779 -2.758537 2.481094 223.925326 4438.483279
360 -8.229251 -0.535441 8.420548 172.451387 51124.462493
361 3.171021 5.782618 17.303030 286.485338 215870.050061
361 8.607391 -10.608461 17.735880 176.241555 226805.476588
361 3.095736 9.295894 3.266607 168.984568 7693.817998
361 6.167376 -12.212705 3.615455 91.026531 9424.838423
361 -17.550946 2.922844 2.643805 276.080024 5039.727225
361 -13.197481 -4.543631 5.481906 174.567441 21667.624482
361 -10.931936 2.827458 7.566140 296.388195 41275.920645
361 0.739666 9.007557 11.425610 235.338806 94125.409629
361 -8.833430 3.974355 28.041309 282.254477 566949.848597
361 -4.185783 -5.880121 4.428358 318.793930 14139.484969
361 -15.099414 1.378691 11.161051 151.735115 89816.940282
361 -15.235408 -4.920800 8.134664 108.411858 47711.962200
361 8.166426 8.764257 5.940887 61.493845 25447.825549
361 -25.329342 7.325168 8.775604 308.408923 55526.736533
361 -2.977396 -2.021986 6.247545 348.682783 28142.774050
361 -11.581459 10.969803 2.667279 322.440297 5129.617935
361 -10.453261 -2.097416 8.688523 245.864061 54430.206191
362 6.821539 23.909662 2.794988 84.541953 5632.587208
362 9.507923 -0.156682 7.033502 215.828212 35669.027217
362 -18.155779 11.126097 6.602461 31.970322 31431.111279
362 -9.302785 -0.207156 1.607199 330.649871 1862.462395
362 -2.277583 -6.773158 13.873545 85.733071 138778.748552
362 -19.694251 2.690393 9.822965 103.008337 69571.804947
362 -7.282747 -9.191580 2.712144 18.653562 5303.634276
362 -5.063893 3.284702 3.313301 175.990242 7915.345440
362 2.658079 -1.329118 12.737900 353.322579 116988.657091
362 -4.205089 -2.573385 18.995347 162.496441 260161.194617
362 -20.421091 -7.647891 4.189893 304.326438 12657.672215
362 -12.914041 6.516421 3.671172 72.634564 9717.565485
362 -20.267119 -17.978722 7.263179 309.200907 38036.584977
362 -20.755266 -14.450393 6.605423 197.577919 31459.318912
362 -7.548383 -8.117548 6.228574 100.688827 27972.117603
362 -2.225593 -4.385979 2.688697 354.742243 5212.329530
363 10.703950 0.660718 7.892910 226.553374 44918.208534
363 3.157762 0.493716 10.462373 57.377113 78923.882672
363 -10.736853 0.946480 3.695902 105.765259 9848.926461
363 -18.326940 -2.171005 7.830101 317.929822 44206.159946
363 -20.018765 -15.402869 9.474778 307.309847 64727.105916
363 -14.699892 -13.006572 7.058803 90.713693 35926.114150
363 -7.242321 5.141933 6.149589 107.189439 27267.183882
363 -17.147435 -7.349746 8.951143 158.680818 57770.355071
363 -6.203588 1.387274 10.281075 210.032996 76212.314868
363 -22.771427 -11.471577 6.137497 52.417793 27160.055369
363 -7.484798 -3.532805 4.198660 244.393145 12710.700269
363 -2.054251 -7.543554 9.333935 305.678352 62817.067929
363 -17.297927 -12.013564 4.447382 52.705411 14261.228619
363 -14.091775 21.178218 12.368575 300.983529 110303.014061
363 -11.418111 6.894220 7.348050 340.240661 38930.706820
364 14.843644 17.738372 11.661756 256.331766 98056.403500
364 6.457519 16.514830 8.339521 92.731565 50145.306937
364 -7.051619 6.330275 11.380541 325.860790 93384.311327
364 -20.166991 -11.786424 10.417991 313.612951 78255.711633
364 3.844334 -2.007528 6.377236 175.835749 29323.312781
364 -7.831428 5.130669 17.873128 90.451113 230329.302938
364 -8.394761 -4.904822 12.816416 1.133416 118435.328273
364 5.317849 12.378779 11.373384 2.883825 93266.878648
364 -5.626665 -18.128497 5.672463 320.099967 23200.183576
364 -24.024555 -11.466298 9.064184 307.177991 59238.699658
364 -16.866725 2.544160 6.978813 9.416157 35116.501531
364 -14.122840 -13.116805 5.397159 128.947419 21002.863007
364 -11.072041 21.519846 6.597908 1.271749 31387.779879
364 -20.366080 -4.287532 10.518230 351.178996 79768.864067
364 -15.771359 -3.135437 11.052508 118.449350 88078.467617
365 6.707625 2.754407 6.069823 243.532595 26564.411166
365 -11.860343 -2.743020 7.641391 226.818440 42101.046844
365 -17.922443 -16.137549 9.749910 68.103988 68540.823920
365 -9.180267 -0.759055 2.474189 9.717987 4413.811161
365 -5.012952 4.257350 2.952016 200.959018 6283.268298
365 -26.875687 -1.376582 3.234604 254.315711 7543.803723
365 -12.396590 -7.941181 2.691455 101.627987 5223.025646
365 -10.384568 6.059160 5.484006 0.100496 21684.227274
365 -24.184723 -6.071818 9.971754 41.638827 71695.382167
365 0.711156 8.239331 5.329961 166.235583 20483.118462
365 -11.535351 -0.998052 4.792635 16.792152 16561.390602
365 -14.709209 -8.330511 3.455281 266.323893 8608.246918
365 -12.422144 -8.329291 5.683944 359.929192 23294.189120
365 -18.256775 -12.419554 19.272184 326.345817 267799.601577
366 16.078674 -6.381335 7.177542 80.880673 37144.933117
366 -9.440113 -6.349093 6.342567 196.619957 29005.352737
366 -8.446422 -23.205062 11.817082 105.623985 100685.877750
366 -20.455580 -10.685009 10.430414 157.881487 78442.453693
366 -15.439449 -2.481743 3.803347 131.165795 10429.893491
366 -9.888964 -18.435611 7.496747 340.893339 40522.271101
366 -1.751481 -11.309995 6.505470 200.968152 30514.446367
366 -27.195889 -1.469114 4.174839 194.373528 12566.883446
366 -17.706663 -26.081349 12.946055 93.696059 120843.406582
366 -12.918222 -9.986917 6.018165 43.756611 26114.173519
366 -18.593602 -3.221775 3.737339 90.435646 10071.013121
366 -9.418103 -25.913040 1.572819 237.437707 1783.633367
366 -22.533618 -5.067579 5.801877 49.792420 24270.857402
367 17.174781 10.952893 7.708577 356.664806 42844.639331
367 -10.697453 -15.143275 3.628445 304.127004 9492.686410
367 -11.818475 -4.278246 9.573133 105.830149 66077.901763
367 -14.229388 -5.814418 6.183744 231.028858 27570.910621
367 -8.534101 -24.672977 14.557635 55.255273 152802.234423
367 1.247518 3.486491 8.519734 79.013987 52335.957075
367 -17.816513 17.427822 1.301712 102.944928 1221.737247
367 -2.336205 -6.422971 5.298080 23.539786 20238.812961
367 2.935630 -14.356449 7.676847 347.746493 42492.653810
367 -22.734000 -5.970158 8.663686 229.039300 54119.466622
367 7.069578 13.013802 6.547971 59.302149 30914.449273
367 -2.025281 9.520181 12.604423 328.744863 114549.707703
367 -8.194700 1.754073 15.345071 235.826269 169779.736965
368 -25.595130 -7.328522 3.055945 357.967153 6733.473038
368 -13.491247 1.022856 6.185897 238.325801 27590.114270
368 -7.269843 -17.384499 4.149800 83.092330 12416.592880
368 -10.655844 -6.392102 7.682258 10.513390 42552.570628
368 -26.393243 -1.202418 9.325052 244.255832 62697.557881
368 -10.302277 -4.975530 3.235829 358.024447 7549.515312
368 -18.563028 -1.144477 3.399187 273.677883 8331.018927
368 -14.122592 13.355053 3.153975 240.332207 7172.401153
368 -10.624032 18.941914 11.561082 67.165487 96370.709683
368 -3.490232 1.606303 7.497174 280.528275 40526.882735
368 -17.729307 -1.181125 3.970386 73.881249 11366.156710
368 -14.991170 0.454489 2.533685 213.284947 4628.640601
369 -6.685601 4.807155 4.505255 55.402512 14634.803975
369 -10.995362 -12.331377 10.699601 64.355248 82543.567872
369 -0.958518 13.978757 3.600429 248.395751 9346.665353
369 -6.031811 -8.037360 5.444239 188.478052 21370.877906
369 -7.600555 17.158487 5.691962 338.536166 23359.959431
369 11.429034 7.906387 6.694058 105.495018 32309.255850
369 -24.363619 3.066775 11.129505 332.921503 89309.934897
369 10.281623 -5.155334 3.215181 128.739851 7453.478882
369 -11.831626 -5.731726 1.969834 331.699064 2797.739450
369 -16.161688 -10.524790 10.221271 168.029937 75328.253674
369 -6.147680 12.039507 8.550023 112.325430 52708.743044
370 -8.589282 -11.743786 6.935888 340.427288 34685.835773
370 -15.319457 16.400456 15.764623 66.692115 179190.604785
370 -4.809626 9.906807 5.914177 306.919268 25219.510805
370 -5.460904 -18.632292 3.567609 48.349084 9177.038594
370 -9.237360 -7.090719 5.771798 256.036433 24019.855350
370 -7.415021 1.020533 11.135944 325.497131 89413.308086
370 -10.847618 7.640718 11.306844 307.769895 92178.756951
370 -12.973798 0.570815 15.738084 163.120917 178587.810187
370 -13.797618 -3.954225 10.525867 22.906371 79884.735809
370 -10.962280 -5.735764 6.886736 248.462731 34195.975112
370 -9.297116 10.641808 12.604175 230.759973 114545.211305
371 -2.124986 24.047069 6.684424 19.144077 32216.326981
371 -4.248014 -9.888528 4.795065 267.941820 16578.190680
371 4.891390 -1.484138 34.641615 125.475731 865255.441453
371 -8.878633 -15.312949 17.164248 50.170180 212421.090991
371 -6.664333 1.757238 5.635126 93.639438 22895.773377
371 -3.247191 -0.286282 14.006911 309.532401 141459.718423
371 -1.874785 0.599761 4.918902 176.866224 17445.541207
371 -20.622970 6.441674 2.862759 247.993617 5909.051647
371 -17.894416 -14.632538 15.277917 159.942667 168297.001084
371 -15.944077 -2.488549 5.016968 97.114977 18148.079722
371 -4.582336 -1.036255 6.624687 166.123195 31643.087725
372 -23.184366 -15.470241 3.813652 103.242602 10486.489459
372 -11.753669 -5.211252 10.636994 240.925490 81580.416927
372 -8.653716 1.441000 8.642091 63.780726 53850.000301
372 -12.160441 0.063761 14.078773 298.705141 142914.967097
372 -5.321329 -7.469096 14.830585 239.696118 158585.931065
372 -5.729909 -6.596438 6.685159 356.647326 32223.418000
372 -12.242538 3.971595 2.874248 87.311030 5956.575738
372 -12.911804 2.117347 19.004555 234.354308 260413.484844
372 -9.910477 5.503509 8.275005 281.673294 49372.435976
372 -5.438765 5.761271 3.347583 34.370376 8079.988686
373 -1.886005 -30.152673 18.641552 181.652621 250560.272641
373 -17.637395 6.321247 6.615474 73.949868 31555.128176
373 2.896489 -4.936498 8.041568 12.089435 46626.146579
373 -10.901662 2.840958 4.218684 252.493006 12832.230674
373 -3.694609 2.783928 37.688569 18.731665 1024158.959288
373 -11.628988 -12.754584 3.724702 187.659672 10003.018016
373 -5.798496 8.642593 8.546594 197.350571 52666.470220
373 -21.784410 2.707906 4.859404 341.699895 17026.054122
373 -10.246363 -9.834010 8.318156 104.947671 49888.702439
373 -9.604294 -12.763603 5.722230 145.142388 23609.060199
374 -13.306228 -10.254730 2.736529 282.647406 5399.434874
374 -8.904332 -8.759431 9.165127 304.551539 60565.467813
374 -16.059880 -9.136325 9.112402 261.579217 59870.628959
374 -6.140271 6.520423 14.231809 137.295968 146038.816288
374 -9.507111 13.474784 4.309028 353.358052 13387.720740
374 6.324538 3.795526 10.588741 151.918580 80841.934365
374 -13.862263 2.488189 5.620552 159.918837 22777.497034
374 -12.615631 -11.688443 1.856549 215.498073 2485.198648
374 -11.431481 -4.953170 4.652727 292.201252 15608.576230
374 -11.960324 8.256494 7.261157 32.050318 38015.416652
375 -8.465282 -8.892601 6.822073 319.851629 33556.818417
375 -14.906115 9.083098 9.685301 23.054949 67635.445966
375 -5.819656 -1.235781 4.533710 221.204145 14820.251700
375 -19.470874 -2.207128 5.058966 338.314239 18453.195378
375 10.886657 -5.986737 11.061156 116.313800 88216.360891
375 -1.936074 13.824896 3.231764 184.105447 7530.562145
375 -12.728081 -2.153255 12.521087 229.603746 113039.999624
375 -7.639255 -10.081667 7.485089 337.692263 40396.335809
375 -4.194672 3.011548 12.698621 288.474346 116268.265123
376 -3.579797 2.383285 2.120494 67.933558 3242.069770
376 -9.243403 -2.767482 11.064745 89.256182 88273.603543
376 -19.156341 -18.113056 4.182273 180.504718 12611.676071
376 -13.427049 -12.233303 13.076030 281.778121 123282.070386
376 -4.047291 -7.725788 4.072154 37.266598 11956.288447
376 0.329729 3.975562 19.764952 223.864468 281669.351320
376 -8.478459 5.747054 8.176600 116.477871 48205.160634
376 -15.830250 -11.313993 2.903546 278.893174 6078.626030
376 -19.162010 1.605656 2.258509 250.077705 3677.831897
386 27.656464 -2.569337 11.165145 283.276690 89882.836568
387 24.775927 -4.303796 4.106736 208.948547 12160.228225
388 24.867201 -17.803977 4.910912 312.912352 17388.913557
389 21.246076 -18.058363 8.646180 218.249010 53900.979266
390 18.357260 -4.470150 3.361836 62.915120 8148.938674
391 28.063879 -15.566723 6.426394 86.593165 29777.121517
391 26.851556 -7.311122 3.202199 183.105686 7393.407664
392 29.775113 -7.078509 4.947715 195.567233 17650.518441
392 26.064683 -15.598706 18.108857 59.343542 236445.009655
393 19.594125 -16.927800 12.196738 156.096631 107259.418722
393 16.495049 -0.849645 3.171590 193.476468 7252.741628
394 19.841619 -8.942843 4.903104 263.530133 17333.660212
394 27.125585 2.294042 2.679522 52.995196 5176.816413
394 28.858637 -14.650299 5.465307 359.851300 21536.604898
395 23.780459 -0.944005 8.376008 280.043483 50585.061978
395 25.297819 -26.554104 7.757144 28.031612 43386.218314
395 24.154008 -3.400682 7.104251 174.986104 36390.220088
396 22.743974 9.044045 9.016728 348.383126 58620.030437
396 25.035467 -13.755508 4.041924 304.835498 11779.431207
396 18.760946 6.209210 11.928203 83.330713 102588.360861
397 23.723287 -10.941616 7.505514 97.098576 40617.102339
397 29.245867 -14.721673 5.418524 167.306977 21169.474357
397 16.416646 -13.366998 3.616731 311.819015 9431.493993
397 17.919138 -25.286771 9.119714 118.292247 59966.749239
398 6.824042 -3.021991 4.116686 60.347954 12219.222207
398 23.920538 -4.567648 14.004964 217.266785 141420.398794
398 13.391537 -4.687776 3.208646 25.057359 7423.210263
398 27.220406 -17.194995 8.688466 83.080661 54429.494117
399 13.302402 -10.257439 4.085956 265.416583 12037.476828
399 10.902463 -4.956811 5.896639 102.826892 25070.159700
399 20.479333 -3.432655 7.786674 33.197040 43717.169848
399 26.456486 -9.342935 8.346755 265.386875 50232.336954
400 14.055651 -4.066192 6.187971 83.122807 27608.618073
400 23.413894 -11.286718 7.037462 297.506041 35709.207221
400 34.582014 -7.742664 13.164757 46.488113 124960.785674
400 38.527420 -9.225514 5.081206 59.461520 18615.798723
400 14.180397 -10.742855 3.675211 174.875708 9738.962011
401 21.130519 -4.511686 8.104194 264.653161 47355.201364
401 23.391959 -3.550970 7.168442 13.017165 37050.802758
401 28.352622 -1.320750 4.330551 249.865686 13521.796221
401 35.288682 -19.050526 13.747014 62.768579 136258.891026
401 23.859807 4.731162 13.235298 38.666110 126303.530260
402 3.132001 3.281232 8.738543 206.620775 55058.719080
402 23.678819 -4.579902 5.602042 218.027329 22627.720705
402 30.511139 -6.647668 6.764093 179.969306 32988.850728
402 31.290098 5.404695 7.186235 138.856668 37234.964539
402 15.771298 -10.838470 12.974928 245.256726 121383.025302
402 24.430187 -12.654570 6.940476 201.776920 34731.748039
403 15.789182 -19.092004 4.645694 187.704588 15561.420130
403 11.438855 3.045328 11.980123 329.850278 103483.381875
403 32.057457 -3.329559 20.230882 226.468659 295105.774481
403 22.688085 2.336488 9.814178 114.942005 69447.393022
403 6.441919 -3.458762 3.759060 337.591900 10188.413248
403 20.789616 11.668184 15.821249 10.434317 180480.214406
404 15.756223 -6.698709 17.679939 137.994625 225377.002153
404 4.481599 -1.395439 3.993099 64.678972 11496.569091
404 22.273907 -12.978140 5.974035 215.051677 25732.596524
404 22.199527 5.835051 10.598932 127.841441 80997.622948
404 16.484376 -6.384497 4.138613 0.422119 12349.739313
404 -4.696392 -9.229339 8.471255 142.647499 51742.038756
405 13.953113 6.472987 8.130905 127.307418 47667.876536
405 10.641643 -5.952696 3.128435 289.884893 7056.711716
405 6.253840 -7.401451 2.417707 332.712138 4214.590711
405 19.527755 -19.341612 5.845024 183.652891 24633.186769
405 40.342007 -20.693326 12.719521 232.532775 116651.294194
405 29.396603 0.490061 7.759653 45.934500 43414.283047
405 17.236027 -11.185308 1.776683 328.541675 2275.978607
406 12.550828 -9.281489 19.039023 183.963997 261358.964334
406 29.758830 -13.053538 5.162920 208.462720 19219.358129
406 22.665724 -11.167514 5.417673 310.980343 21162.828137
406 4.260481 -1.675372 10.155510 188.721936 74362.084255
406 23.678751 -4.749355 4.503437 328.510404 14622.993348
406 25.833849 6.783221 4.336081 346.472006 13556.355275
406 13.857861 -1.987009 5.941951 311.756641 25456.937955
407 13.893557 -5.201357 4.219414 348.051030 12836.670569
407 12.236757 -4.756178 18.712647 103.847994 252475.096265
407 23.492116 -8.839478 3.962955 265.250933 11323.648118
407 14.113402 -1.837321 5.913661 53.859325 25215.115957
407 22.642578 -16.167442 27.808309 275.396300 557567.232686
407 9.419198 -16.884678 4.722333 158.872316 16079.082805
407 9.988200 1.581837 8.091638 71.252794 47208.577425
407 33.461846 -10.021734 5.411732 220.706870 21116.433163
408 28.320559 -6.319219 3.902473 128.433952 10980.645756
408 16.794647 -3.213618 5.577119 221.152294 22426.831939
408 19.376136 -11.907948 6.645781 298.044566 31844.916915
408 10.156148 -1.899667 2.457682 12.372632 4355.114748
408 16.058763 -24.586840 2.783037 122.256051 5584.522994
408 15.358703 -2.570465 9.560201 86.596933 65899.494087
408 15.930851 -8.115688 5.753321 143.172371 23866.311513
408 25.362933 -9.296705 12.589362 106.459675 114276.131647
409 16.432357 5.682885 2.731415 65.893340 5379.271832
409 20.813131 1.672191 7.869579 218.926417 44653.044243
409 17.054291 2.688544 7.126668 340.139741 36620.236707
409 5.280021 -7.239323 7.049932 116.790300 35835.871015
409 23.981186 -3.034297 3.143173 309.281419 7123.355086
409 32.616484 -7.785477 3.728803 331.329816 10025.059641
409 8.406471 -8.859291 2.623281 23.993672 4961.783309
409 28.994805 -7.155488 7.897362 263.307318 44968.890915
409 8.005451 -11.282257 11.015993 350.716405 87497.441320
410 11.108330 -13.449790 13.193711 3.288117 125511.064519
410 10.559008 -19.696498 12.249744 244.666272 108193.724161
410 26.447533 -6.816833 8.933523 119.458501 57543.145625
410 16.808549 0.519337 15.225949 289.347233 167154.014352
410 -6.310726 5.042950 7.144009 176.337072 36798.666661
410 19.941422 16.732054 4.022777 100.353672 11668.094420
410 19.953631 -6.883702 3.488334 119.309338 8773.727225
410 14.993131 -1.302392 3.593273 33.281070 9309.546140
410 11.536898 -5.207408 7.663872 212.215958 42349.131169
411 24.053591 -6.912703 9.207275 289.403995 61123.798311
411 4.841637 9.849462 9.736714 170.448494 68355.411103
411 13.888250 -0.415718 11.319627 238.686465 92387.302404
411 14.598699 -0.696439 2.130830 201.313242 3273.750377
411 11.556868 -3.322684 6.041874 222.350888 26320.333870
411 22.149651 -8.642105 12.441610 104.083420 111609.511317
411 12.340351 -17.436266 8.274660 131.103483 49368.320571
411 17.590890 8.010511 10.541500 219.246165 80122.200395
411 14.493117 -3.836995 7.278193 53.045525 38194.002463
412 22.861362 5.408057 5.419582 261.572623 21177.744924
412 13.875765 -5.867936 7.232608 296.440142 37717.063185
412 20.835614 -14.064551 12.910250 112.247942 120175.901110
412 18.800219 -2.333690 4.638549 78.239314 15513.590476
412 17.317493 0.378862 4.274312 77.470828 13172.871934
412 24.856675 -12.718707 6.892912 304.579563 34257.336892
412 -17.393290 -19.700347 3.875339 124.501016 10828.478995
412 4.810531 -1.061563 10.291065 57.455215 76360.497527
412 16.867031 -8.825409 18.728043 110.434003 252890.695044
412 27.471711 -1.533714 6.968431 285.845669 35012.098282
413 26.445896 -2.223106 4.367759 236.849030 13755.149353
413 16.818070 -2.806466 6.201515 322.385161 27729.602717
413 15.476812 -32.062915 4.502742 359.151673 14618.481464
413 28.392991 -1.946183 9.632569 7.881673 66900.963595
413 13.572297 6.042972 6.735755 133.429847 32713.017932
413 16.537921 -2.044796 6.754606 334.681169 32896.376827
413 10.212485 5.060901 2.269294 241.249874 3713.040344
413 25.554648 -6.767510 11.066289 112.019425 88298.245661
413 12.990062 -10.508143 10.820322 21.866490 84416.706730
413 21.727712 -13.945295 8.515267 302.593474 52281.092330
414 15.936595 -11.133984 5.586263 289.940808 22500.428519
414 16.632715 -6.693733 2.723971 93.733564 5349.991589
414 -2.821203 -21.170487 13.105937 199.725724 123846.639407
414 23.285371 2.390802 9.190993 23.410053 60907.801032
414 14.009056 -18.478085 8.565248 338.655758 52896.620188
414 15.465065 0.035664 5.837982 15.164430 24573.868431
414 24.244492 -11.656786 2.741958 27.409591 5420.878442
414 5.181216 -13.713794 4.306346 247.193023 13371.061007
414 15.300042 -13.591144 8.222272 209.583374 48745.188901
414 19.895504 -15.749538 8.310370 337.461255 49795.350568
414 16.266732 -1.401172 18.591618 127.170291 249219.740076
415 5.619269 -11.141699 15.140853 357.481064 165290.825747
415 7.533357 -16.235537 12.017533 186.975524 104130.684587
415 31.918952 -15.707978 7.421965 265.039327 39717.863218
415 24.052337 -9.491802 11.648003 93.809620 97825.255641
415 21.533111 -1.667287 19.860511 213.411496 284399.557505
415 10.972055 -2.022399 3.642811 327.586052 9568.006475
415 -3.671476 -11.740797 12.942992 39.451507 120786.230401
415 32.654535 0.432533 6.652473 251.514313 31909.078303
415 7.962448 -6.801636 6.746401 183.766152 32816.506628
415 -3.680733 -7.573299 13.707029 224.588589 135467.373505
415 5.484711 -8.244691 4.109564 202.742887 12176.982268
416 13.975935 3.042041 5.990786 100.202303 25877.105153
416 14.568802 -19.051596 6.649001 303.913069 31875.782253
416 20.260371 -8.486139 7.853653 148.171435 44472.493012
416 -0.831946 -0.859091 7.376719 96.775413 39235.081162
416 15.342353 -14.152241 9.242755 24.963587 61595.783888
416 21.440896 -11.326698 8.294293 274.443309 49602.874730
416 23.930549 0.464580 4.753129 222.387582 16289.483734
416 29.560904 -17.707269 5.364722 308.371423 20751.163152
416 18.892587 -28.782316 4.552446 45.386532 14942.998738
416 26.767799 0.268058 5.928486 15.144666 25341.697342
416 20.487320 -2.537183 5.417649 275.541495 21162.635850
416 -2.450236 5.800277 9.444305 354.996671 64311.422364
417 14.625818 -13.598263 9.066032 337.700122 59262.853406
417 17.799572 -0.362009 4.320327 17.717510 13458.024347
417 9.636995 -5.080267 7.886597 7.454788 44846.372617
417 9.454842 5.154809 10.263865 162.842226 75957.379002
417 23.957162 3.210146 3.355164 289.452080 8116.625623
417 8.597345 -0.235645 5.450594 73.773122 21420.802445
417 14.734340 0.731026 2.305023 10.229016 3830.880283
417 20.924600 -2.196077 5.635833 144.481211 22901.519967
417 0.335137 -15.093689 4.650378 121.514898 15592.818602
417 9.717784 -4.859696 11.681543 184.472552 98389.443952
417 20.600333 8.825374 3.632229 155.848133 9512.496751
417 16.603619 2.211811 4.916553 163.472248 17428.880252
418 23.661807 -3.151368 5.637201 146.229261 22912.635331
418 23.568721 -12.201624 13.502994 330.480533 131464.420694
418 0.541633 -1.173190 2.658580 315.364873 5096.211896
418 18.037953 -5.831516 11.411551 356.964845 93893.910084
418 7.623639 9.643539 8.927545 173.247731 57466.161842
418 0.061340 -2.411821 5.144559 303.951841 19082.902536
418 11.238609 -14.863343 8.354846 319.585176 50329.777724
418 20.238769 -3.040514 11.987705 200.295160 103614.410710
418 14.889778 -3.792327 4.686912 147.504907 15838.774785
418 10.119657 -18.120907 5.413723 73.344574 21131.976962
418 -17.195776 -7.366895 11.927150 252.376480 102570.251654
418 17.914663 1.522709 8.514515 93.779384 52271.849640
419 21.290806 -9.531643 4.406898 253.418448 14002.773473
419 5.281064 -21.008223 9.122930 186.205152 60009.052474
419 20.503286 -2.195726 9.872961 13.378477 70281.806253
419 15.275557 1.729447 6.100598 16.261431 26834.465634
419 26.596785 -11.598702 5.163141 189.882306 19221.002778
419 14.003722 -2.708865 7.822899 109.414436 44124.881019
419 18.801233 6.886520 5.481989 173.155902 21668.279245
419 16.760082 -0.618777 18.817252 351.477902 255305.678300
419 13.847673 -3.960434 6.297898 75.063167 28598.239621
419 15.156079 0.984988 14.425511 198.151570 150041.189256
419 22.139266 1.456023 8.245466 203.267732 49020.582953
419 19.969690 -15.052574 8.040729 287.275574 46616.415809
419 27.807329 -11.062828 8.187027 114.017127 48328.194127
420 1.467325 -7.928059 4.648424 190.981254 15579.715445
420 9.404249 -13.162432 1.842960 72.355488 2448.949296
420 13.731444 5.000108 14.446658 115.169432 150481.416921
420 20.552673 -2.392253 6.252642 265.230772 28188.711109
420 8.918910 -12.030869 6.954972 178.897055 34876.979378
420 19.617515 2.935449 7.874051 3.496706 44703.803603
420 16.021232 -1.045181 6.647686 240.763457 31863.176983
420 12.211612 -1.912013 8.562162 59.229724 52858.517508
420 23.302358 -5.698074 4.495814 15.420239 14573.528750
420 16.612671 -5.694529 4.243517 229.333477 12983.743358
420 18.975730 -14.092663 9.889799 104.335522 70521.733879
420 16.966860 -17.133686 6.792520 267.221694 33266.712926
420 5.795215 -17.182001 3.246798 16.132125 7600.790142
421 11.645859 -4.077575 5.691380 58.882805 23355.178609
421 17.569867 -12.733459 8.098398 213.674432 47287.499334
421 32.022320 -1.657135 6.801297 18.990389 33352.741484
421 20.585784 -4.073146 4.648443 151.392599 15579.846696
421 18.662013 -28.147628 18.495070 337.088238 246638.031780
421 4.701867 1.247831 13.098773 189.980497 123711.275157
421 -15.181333 -3.745058 11.097925 324.494243 88803.815360
421 24.333400 -1.980397 4.967209 342.379261 17789.880111
421 8.120807 -8.703052 6.504913 281.370017 30509.214702
421 11.973701 4.785034 11.741415 186.412720 99400.583875
421 20.228448 -20.570206 3.206318 23.953862 7412.439606
421 11.700710 2.380883 6.571371 259.224149 31135.800343
421 15.963382 -13.622955 14.491413 358.770772 151415.224922
421 23.430805 -10.546380 2.985399 316.805708 6426.177491
422 18.243333 -2.747671 8.987640 219.016941 58242.415956
422 13.542369 10.344564 34.758755 171.923775 871116.996204
422 9.673091 -5.765706 10.347463 30.263859 77199.742435
422 12.396420 -8.815518 3.104152 107.244438 6947.587956
422 4.981322 8.123477 5.597498 94.600601 22591.030458
422 11.036095 4.856197 7.790689 230.381555 43762.271358
422 13.513323 -8.217168 3.931843 124.177172 11146.547312
422 14.766983 -8.981786 6.610299 54.873112 31505.785379
422 0.425173 -0.526614 7.029797 90.204938 35631.464643
422 18.801997 5.609045 3.298469 299.240858 7844.636573
422 19.708679 -15.537892 4.344349 108.396022 13608.101887
422 18.434243 0.300492 14.382694 219.857980 149151.814477
422 23.576095 7.426082 8.563802 86.813677 52878.765462
422 12.288890 -7.758669 5.180594 254.419407 19351.165791
423 18.965945 -4.691230 7.218203 210.890926 37566.982361
423 25.830757 -3.561549 4.220838 54.574816 12845.335369
423 9.887537 -15.104538 5.467819 100.102990 21556.405052
423 8.006884 -7.940822 2.831932 92.650934 5782.473748
423 7.410916 -16.765301 3.675288 304.248819 9739.368354
423 20.366719 -4.375982 6.863061 135.390086 33961.256210
423 9.280976 -8.822733 2.536208 219.934635 4637.862256
423 7.036867 -1.886377 5.848625 327.984006 24663.555257
423 -3.190137 -0.195940 4.773483 318.900047 16429.293197
423 2.774635 -4.135391 3.021424 269.009848 6582.204302
423 8.616842 -12.440060 9.735056 294.371948 68332.132152
423 15.847359 -15.528078 16.796167 356.707331 203408.181827
423 23.929992 -12.708377 4.066310 272.446981 11921.996569
423 10.598244 -0.960156 16.880562 257.738557 205457.443710
424 8.350533 -11.084395 3.101068 256.439719 6933.787473
424 27.902869 -6.120807 4.309264 269.847448 13389.191731
424 15.138264 2.784423 11.800447 281.434254 100402.614635
424 -9.490433 6.868896 3.946792 19.767111 11231.467604
424 2.205000 -18.046322 3.129159 38.992089 7059.977120
424 16.849659 -3.451266 12.922305 65.748469 120400.435139
424 20.825759 -11.509820 3.685968 215.935683 9796.056860
424 2.905551 8.571953 13.061886 187.338000 123015.499817
424 15.524692 -16.771242 3.723158 24.856368 9994.728220
424 18.046118 -6.141059 18.884176 103.689828 257124.919994
424 13.022962 -14.454501 6.642627 223.057632 31814.701548
424 15.777400 -8.171770 12.805683 319.332071 118237.052530
424 13.299640 -3.448426 29.436875 318.606724 624786.289334
424 13.708606 -12.995545 13.144353 293.546521 124573.739229
424 -7.282805 -4.935129 3.430943 32.082508 8487.405790
425 18.155668 2.608915 8.507735 231.085653 52188.634810
425 3.308860 7.670532 6.927530 291.837242 34602.298096
425 20.034625 -8.728767 14.671508 134.271085 155202.099964
425 19.825263 -9.379422 13.119615 142.789494 124105.277986
425 9.446547 -3.331155 11.157528 237.263913 89760.252660
425 14.879905 3.670406 13.305528 240.343904 127647.496182
425 19.280960 -5.372574 12.039305 147.242125 104508.322449
425 2.869590 -12.782627 4.276301 327.606657 13185.132998
425 19.497675 -1.516295 4.670570 276.535230 15728.521610
425 18.728993 -9.387943 7.687338 308.890385 42608.866311
425 28.727903 -3.605731 4.777720 223.645437 16458.471160
425 24.611392 1.443963 10.225836 192.869277 75395.545242
425 16.261414 -19.517808 9.237717 141.207846 61528.655633
425 26.625347 -3.781718 7.461782 162.592508 40145.154397
425 17.824262 3.826153 5.569687 181.325462 22367.097201
425 -17.135061 9.363716 9.147526 16.391811 60333.066452
426 -9.010088 -0.943276 5.679697 276.909813 23259.391073
426 4.784588 -3.389358 9.348329 315.808800 63010.950417
426 19.111759 -16.715423 8.264957 18.032210 49252.608977
426 7.687871 -1.205495 7.277869 55.673927 38190.608523
426 15.631779 -2.887837 12.542117 234.890337 113420.030688
426 14.424110 -16.665853 9.373681 250.153171 63353.173436
426 20.133031 -4.721881 2.570645 282.697788 4764.663029
426 7.843467 -2.176953 6.223514 161.360350 27926.686364
426 17.611344 -21.974749 3.803798 159.830615 10432.368630
426 14.243768 -5.662592 10.314599 177.401680 76710.143297
426 17.503955 -8.543013 4.330967 97.256484 13524.391696
426 16.490803 -4.971268 1.511055 106.141962 1646.298381
426 16.041078 -7.191542 5.813087 310.282382 24364.738459
426 12.388385 -0.342628 16.395994 186.789245 193831.152982
426 10.609784 6.710118 3.839259 280.859988 10627.788487
426 -15.018765 11.227645 2.701252 199.574301 5261.120667
427 12.573826 -3.161528 7.364603 108.493787 39106.297506
427 13.738151 -6.443849 4.008249 209.938981 11583.971915
427 17.035431 -9.833534 2.678225 65.166523 5171.806134
427 2.028449 -1.846949 6.147156 39.216635 27245.610286
427 2.448897 2.099947 6.444576 314.498877 29945.858132
427 7.664364 2.007622 8.435091 131.743194 51301.210313
427 10.851046 -9.650591 8.711362 194.352887 54716.734233
427 13.811128 -3.940360 4.128160 184.083458 12287.429375
427 16.702282 4.808661 11.138810 32.379955 89459.329333
427 18.048068 -7.850605 3.210958 46.917281 7433.909544
427 13.625809 -8.490478 14.097490 302.218132 143295.197048
427 7.103107 15.056716 7.195129 37.448385 37327.185257
427 16.870085 -11.019650 4.303616 258.289582 13354.114763
427 2.294714 11.989290 10.463125 225.037317 78935.232501
427 11.872540 -8.549669 4.939989 29.127595 17595.439521
427 -24.713880 -9.123245 6.441732 249.735113 29919.437613
428 -3.030848 -4.880929 3.018287 269.354217 6568.545063
428 21.478775 -4.612849 9.726464 98.729782 68211.575029
428 7.457158 -2.458763 9.594471 286.146538 66372.793977
428 -4.854785 -13.754038 4.908044 224.180737 17368.607848
428 14.597986 -11.734094 3.524367 23.936061 8955.923459
428 6.370084 -4.394909 6.740821 49.064921 32762.249816
428 13.827461 -8.471118 11.019277 13.642323 87549.614588
428 15.206357 -15.344658 3.757923 218.817802 10182.250416
428 19.919038 -8.584915 5.843784 268.672436 24622.739897
428 15.117838 -6.015078 6.023819 310.462201 26163.259103
428 -12.584352 8.443543 5.713539 151.983346 23537.397373
428 12.878542 -12.956175 3.799637 277.989310 10409.560392
428 14.287148 0.666209 5.625436 127.476009 22817.102297
428 12.380277 -8.982472 8.967447 127.536054 57980.999583
428 15.511553 -2.421850 7.663975 168.686224 42350.275723
428 12.608467 2.438381 4.795123 298.163773 16578.586322
428 -22.921620 -12.863873 2.821716 341.549588 5740.827954
429 15.136964 -22.339727 8.556348 172.776359 52786.754385
429 7.253477 -0.361058 4.514532 121.358540 14695.133862
429 -13.583476 -8.361594 5.491381 33.510153 21742.587879
429 9.526409 -5.437964 5.560503 200.763609 22293.398882
429 23.976368 -8.024128 3.593254 214.573240 9309.448315
429 8.138593 0.076185 9.583866 286.937353 66226.153061
429 11.783577 -9.358846 6.443002 135.545145 29931.237415
429 15.909334 -15.256317 7.262994 22.432401 38034.647576
429 12.005229 -14.741657 2.506810 291.770753 4530.967909
429 29.409736 -4.307549 3.893108 330.385673 10928.008069
429 16.480411 -6.028776 6.405447 341.804501 29583.323620
429 7.847883 -7.361988 11.662593 203.549959 98070.476631
429 14.955177 -2.170147 12.386209 253.729369 110617.757691
429 18.838165 -3.619140 17.806891 274.045421 228625.302649
429 23.505884 -13.103472 4.864074 346.513271 17058.795262
429 20.723909 -6.845196 7.250647 55.717357 37905.441582
429 6.963392 9.859472 5.301467 309.216232 20264.704272
430 18.974869 -19.081016 6.607197 181.106307 31476.223449
430 2.639309 11.924378 13.851750 275.400133 138343.058095
430 17.197782 -16.722805 6.754358 2.244616 32893.962065
430 21.556327 -11.880811 6.074822 162.039881 26608.177609
430 20.369566 1.120472 7.157841 244.760410 36941.302588
430 24.875400 -11.309714 8.730282 79.112927 54954.667734
430 18.277364 -13.376035 13.716439 242.348299 135653.444467
430 17.911377 3.111290 20.246361 277.227862 295557.513902
430 8.281079 -7.745970 3.249699 111.542371 7614.376704
430 26.473502 -12.388744 23.913201 259.178664 412309.648879
430 16.650163 2.508651 6.359522 189.011408 29160.636197
430 8.927379 -7.561189 7.837336 139.133433 44287.888412
430 4.535272 -1.628522 7.966509 68.293426 45759.811652
430 7.681150 -0.341195 7.374630 157.776505 39212.863031
430 18.951495 -4.477592 8.920623 131.192736 57377.080293
430 7.977244 -2.726494 3.615128 61.801221 9423.136177
430 -16.951857 13.373092 5.063390 197.375498 18485.482987
431 14.449602 -13.243875 7.195217 246.780405 37328.096462
431 34.669772 -7.702430 5.710208 87.799506 23509.965122
431 12.075630 -11.098933 11.078524 111.098243 88493.605760
431 29.725807 -6.613073 2.845807 112.826658 5839.274849
431 10.313660 -3.684178 6.447522 175.666850 29973.243475
431 19.029059 -1.671536 4.106181 97.858071 12156.941801
431 4.521892 10.309629 5.000497 166.670303 18029.114131
431 30.803915 -7.504110 10.333903 56.942419 76997.541825
431 5.072549 4.704381 5.340259 267.256227 20562.351090
431 16.021270 -0.731130 3.913209 89.135632 11041.148075
431 16.806522 0.872470 7.199451 322.914659 37372.044328
431 22.990117 -13.085271 7.824600 103.500433 44144.063716
431 6.518722 -12.777051 3.580520 9.471577 9243.582443
431 12.203053 3.585755 3.689823 206.851577 9816.555953
431 10.076676 0.527461 3.697413 340.180695 9856.980655
431 20.023383 -7.874257 4.970975 83.689647 17816.864604
431 -24.841485 20.596851 10.866151 322.970760 85133.320138
431 -24.152682 6.867375 3.934691 21.215341 11162.704336
432 8.339628 -1.809334 8.509349 341.589109 52208.440928
432 14.315822 0.966352 7.472749 270.247225 40263.256733
432 23.129180 -8.945171 9.555480 272.148287 65834.429322
432 21.664123 -15.155876 16.657900 332.616034 200073.030683
432 12.725073 -1.752684 4.600851 49.544027 15262.453357
432 23.454557 -0.626702 4.643362 161.912750 15545.803672
432 18.133012 -8.106288 8.204128 276.076852 48530.297981
432 -10.917754 -2.306314 9.459060 344.030538 64512.517305
432 26.399582 -8.660198 4.698200 19.157245 15915.162732
432 16.786439 -12.088785 9.694439 348.892376 67763.123531
432 18.249913 -21.027593 18.952107 29.234824 258978.116297
432 15.827546 -20.261742 8.382782 288.535987 50666.913548
432 21.628865 -11.256272 7.875185 208.869558 44716.686151
432 10.881124 -7.577795 12.883030 209.515283 119669.681859
432 17.313699 -16.937150 13.026601 323.868610 122351.774347
432 22.249220 -6.935387 4.716437 134.092252 16038.956907
432 15.745991 1.260996 13.501935 58.063587 131443.802825
432 -8.397446 0.400440 5.056974 159.304885 18438.667082
432 -8.319781 15.630316 6.572133 169.781700 31143.024781
433 15.733892 2.217947 4.794883 54.010746 16576.926995
433 7.116980 -5.425647 5.349137 25.311284 20630.770048
433 20.575607 15.519813 10.612100 224.732485 81199.006091
433 -0.475885 1.411306 10.426958 200.017858 78390.481382
433 9.427206 -5.322791 7.224451 63.819085 37632.045022
433 21.416633 2.365813 6.213152 118.907347 27833.773041
433 9.397289 -13.784581 3.277517 355.521146 7745.297422
433 10.546014 -3.138319 11.156649 17.990584 89746.112351
433 9.511220 7.734465 6.374970 14.736127 29302.478191
433 23.586604 4.618299 4.591784 42.664870 15202.357236
433 9.642326 -6.557448 8.136006 202.307762 47727.705982
433 12.386529 -20.236052 2.481370 113.908765 4439.468424
433 3.921969 -4.538560 7.310239 38.036049 38531.080656
433 14.615807 -2.594907 8.224336 354.256914 48769.658924
433 10.394496 3.881569 7.922517 14.881252 45255.820710
433 12.014490 2.691508 6.308223 68.208948 28692.087882
433 16.288310 2.011543 9.912312 292.251157 70843.171628
433 -14.817524 -5.547963 12.496286 200.596761 112592.633007
433 -21.927560 5.720143 3.231580 313.887215 7529.704625
434 2.518691 -12.519469 8.952808 87.969828 57791.849768
434 9.105333 -2.876295 6.325833 191.584802 28852.508354
434 19.576545 -7.156981 4.576271 6.801129 15099.815021
434 18.920852 2.231201 12.431008 270.634013 111419.386069
434 19.416539 -14.062782 7.265767 32.061779 38063.702309
434 22.005719 -8.439884 12.379477 14.855040 110497.555325
434 10.675870 -4.674147 7.204533 251.268855 37424.822363
434 19.702791 -14.715126 8.152109 247.836355 47916.827768
434 10.895408 -12.798219 13.922100 173.302465 139751.854258
434 18.904036 -9.296453 6.919961 187.559048 34526.726808
434 23.192659 -6.140764 6.281016 291.965054 28445.127795
434 19.302842 -9.288103 2.488254 261.781018 4464.135753
434 14.761255 -3.389125 8.501595 168.874596 52113.341931
434 24.329442 -1.031689 2.873286 214.227513 5952.586111
434 28.965687 7.408376 10.314762 264.399778 76712.564992
434 7.467089 2.156006 8.449663 43.344270 51478.619213
434 11.969865 -19.859283 5.500220 5.750871 21812.639314
434 -17.996156 7.112973 6.054582 300.050550 26431.172014
434 -17.069283 -2.282393 8.126984 285.049135 47621.917959
435 5.885019 -5.657400 6.061572 58.576860 26492.235175
435 11.395624 10.350091 12.169064 3.048750 106773.245712
435 23.701792 -11.193414 11.249752 52.630835 91250.232107
435 14.681658 -7.063879 8.439023 197.407284 51349.053485
435 18.684581 -15.755640 6.312783 313.788552 28733.587902
435 -2.677747 -13.390525 15.276166 108.411423 168258.421889
435 19.364400 4.626534 15.320363 283.201358 169233.440165
435 20.608647 -22.369853 7.312749 137.160792 38557.547500
435 7.420939 -11.143738 4.456093 154.204910 14317.148356
435 14.208046 -13.185059 3.527352 187.321158 8971.098719
435 16.731807 -2.172061 2.476710 10.951678 4422.812202
435 16.434720 -7.409092 5.030591 252.186367 18246.776233
435 15.604173 -5.639727 22.618724 251.422722 368879.285842
435 5.207022 -17.964851 5.668234 62.581797 23165.605413
435 18.098035 -17.406788 7.334039 171.663156 38782.381899
435 24.099073 -13.770563 12.352364 51.034078 110014.069363
435 -5.521394 -4.632879 11.056924 119.080596 88148.864620
435 -10.023504 -12.016424 3.270891 218.873608 7714.010178
435 -25.120886 6.631166 12.878554 199.061879 119586.534157
436 10.684202 -13.671710 2.217734 239.796834 3546.230511
436 15.201592 -14.826865 3.561923 181.504390 9147.809139
436 15.718131 -13.930902 2.194384 86.664501 3471.950424
436 6.591504 -3.923246 14.599975 105.900847 153692.357424
436 6.580594 5.864958 7.411630 40.480412 39607.329076
436 -7.508778 -9.932886 3.934086 329.012171 11159.271855
436 10.019333 -5.885523 8.747804 97.433615 55175.483944
436 15.838579 -1.096852 11.730088 313.488885 99208.897628
436 16.839729 -7.012471 12.868188 48.062912 119394.104101
436 21.271565 -12.539821 8.513254 152.609669 52256.371006
436 20.715856 -16.082546 9.261246 193.181511 61842.481472
436 10.299099 -9.486665 2.405743 316.173748 4172.983396
436 16.682221 -8.625797 8.444503 53.461959 51415.754397
436 17.500168 -11.529258 14.525347 233.626010 152125.172710
436 8.557187 4.919541 7.068753 339.683178 36027.462290
436 9.750721 -7.529393 9.283282 234.680446 62137.128839
436 19.331350 0.027256 6.181678 15.020550 27552.486577
436 -12.200609 18.559762 4.938691 103.125520 17586.189562
436 -24.252528 10.408821 10.408850 298.054323 78118.444748
436 -22.700523 9.138291 6.933446 29.516109 34661.424717
437 15.452546 -11.557445 3.297599 107.425905 7840.501493
437 13.591066 -21.242997 13.771128 192.256327 136737.325354
437 14.427469 -1.796838 9.344912 153.813788 62964.904028
437 24.328344 4.030411 14.568848 42.756107 153037.733532
437 19.109663 -21.239262 4.384127 276.131197 13858.441578
437 23.877425 -3.161262 9.939506 41.114868 71232.422623
437 11.297001 -1.307223 7.176857 115.599954 37137.842484
437 2.104899 16.340389 11.175537 346.846160 90050.234998
437 7.530387 -10.085786 4.867876 107.209491 17085.476774
437 9.728409 -9.395637 8.586139 278.263223 53154.967627
437 15.140099 -3.190017 10.920421 194.886324 85985.818785
437 14.425756 2.065495 7.760129 158.678095 43419.617427
437 8.729124 -6.547807 10.516242 55.568321 79738.716875
437 9.750276 -0.887573 5.379052 137.777176 20862.173779
437 1.551403 -3.751505 10.491604 254.496986 79365.522588
437 7.799334 -0.224436 7.182536 108.796727 37196.643296
437 17.006722 9.194410 17.893324 324.920472 230850.134480
437 -22.063340 21.241385 12.205772 118.603519 107418.381454
437 -25.254730 20.226767 7.683128 180.311983 42562.208988
437 4.654931 10.642190 10.102584 212.560294 73589.025549
438 18.365857 -12.575638 5.197663 116.582155 19478.892394
438 22.994384 -5.711985 3.499484 180.317666 8829.904138
438 13.755514 -0.047314 12.573643 28.914589 113990.943819
438 9.697394 -12.658272 11.827926 152.929090 100870.758438
438 4.947997 -10.520714 5.515791 149.784472 21936.317592
438 21.643119 -18.366143 4.175473 162.140912 12570.698995
438 13.220034 7.841429 5.161038 25.045246 19205.351855
438 18.795331 -2.418735 8.306822 87.275836 49752.843108
438 12.214586 -3.878351 11.259150 256.056083 91402.752651
438 22.895302 -1.386339 12.409405 349.211403 111032.466354
438 16.863015 -11.130980 14.492312 171.343899 151434.016948
438 15.146602 -12.109435 6.210800 1.384822 27812.700802
438 17.342482 0.782023 3.770054 214.651936 10248.094110
438 19.906418 3.862901 4.379437 63.595320 13828.805274
438 17.616295 -16.049508 14.293963 167.864753 147317.180078
438 -12.474055 -9.964135 5.671644 144.705727 23193.484196
438 10.142393 -3.616892 6.373175 206.175314 29285.982726
438 8.341541 7.991965 30.738424 329.517348 681257.470654
438 -18.685536 4.215091 6.746903 258.642621 32821.390732
438 -27.729548 -14.404123 6.653814 39.486158 31921.952553
438 -23.705399 2.951564 4.340701 156.770054 13585.253521
439 5.675550 -1.004060 3.702656 149.293286 9884.958723
439 12.752609 -6.926997 13.522124 173.704203 131837.170578
439 16.652757 -7.212882 5.975389 222.833306 25744.260617
439 20.516431 -2.376489 4.660022 127.850242 15657.559678
439 13.466775 0.904458 3.652151 170.835845 9617.129354
439 28.920572 1.376304 8.066021 339.427458 46910.147234
439 18.918309 -8.663800 2.339620 294.205714 3946.740887
439 24.466338 -6.972310 7.185779 124.647224 37230.238289
439 15.944322 -3.496223 7.491604 12.736613 40466.694722
439 11.623195 4.676037 5.475107 179.741121 21613.911146
439 23.334809 0.230050 9.063265 82.875666 59226.681612
439 10.823530 -5.713438 8.549806 92.959345 52706.064773
439 18.385943 -19.000895 13.698554 13.912756 135299.906968
439 8.374206 -11.344068 6.635500 58.759026 31746.466943
439 15.444776 -20.826603 5.312995 242.904624 20352.923868
439 13.520439 1.611079 11.859532 97.718621 101410.553400
439 10.956927 1.067210 4.534411 238.651673 14824.837141
439 11.913105 -11.924113 6.569725 235.474387 31120.203273
439 -22.202638 -3.140593 10.303498 49.358872 76545.104718
439 -20.186703 -10.588890 7.086872 161.578640 36212.399332
439 -6.457242 -19.308493 9.017331 308.397538 58627.867185
440 2.721089 -3.293021 6.346701 304.470352 29043.177799
440 13.663167 -15.429571 3.120362 284.606897 7020.338496
440 1.209891 14.983874 12.399490 280.132230 110855.106034
440 7.117035 -3.974962 13.075793 23.469006 123277.602593
440 9.716027 3.990935 6.583957 20.472115 31255.182798
440 20.488609 1.195107 8.417404 166.542009 51086.292424
440 8.969711 -26.096423 6.762602 112.436898 32974.313799
440 29.283518 -19.262822 9.017866 140.729555 58634.825051
440 6.797480 -17.246503 4.821767 142.353977 16763.336861
440 7.926114 -12.083520 9.271091 4.065934 61974.039596
440 23.077951 -26.136463 12.102814 39.381572 105613.835036
440 5.986915 3.913869 6.096361 94.961181 26797.198149
440 23.864013 -23.301301 6.700397 54.315994 32370.484712
440 -3.772619 -0.073536 8.918384 80.525843 57348.287698
440 7.622247 -11.503831 7.368339 169.750952 39145.993202
440 10.154530 10.172649 10.943126 86.370573 86343.741727
440 16.211683 1.197912 7.537962 322.266518 40969.052738
440 2.281843 -4.798617 10.596364 227.196975 80958.383945
440 -33.960553 18.956899 7.964435 117.532955 45735.986741
440 -8.628269 -0.485216 11.518022 94.871114 95654.159215
440 -21.354677 -13.160526 12.229836 246.317367 107842.350700
440 -21.798242 3.466262 5.959586 80.234532 25608.271586
441 8.034326 2.086511 4.294777 91.309958 13299.317709
441 5.514333 0.175600 16.483407 259.979518 195903.436751
441 2.872695 -2.032186 1.418854 128.759387 1451.521151
441 8.372493 -15.546114 6.287500 230.435458 28503.882199
441 23.501133 -8.632340 5.333303 108.141936 20508.814366
441 11.698661 -2.225166 3.123283 308.609505 7033.489910
441 17.617024 -3.068518 3.441840 228.180639 8541.409293
441 15.121223 -1.108292 5.849797 158.893325 24673.434030
441 12.207595 -8.746961 3.250194 313.892791 7616.697739
441 9.953114 -3.145567 4.781624 180.763293 16485.375913
441 3.540468 -4.745639 4.940149 249.241245 17596.578340
441 -12.090083 -9.760299 6.632539 186.764303 31718.143402
441 17.913809 -1.093607 7.290892 39.213493 38327.408382
441 12.819508 -7.189006 3.103783 188.347661 6945.936249
441 7.886399 1.863873 16.229019 352.261124 189903.333356
441 21.811521 -8.431422 3.863384 1.852537 10761.770829
441 17.820714 -2.439217 7.368052 206.765095 39142.944483
441 7.374525 -5.434520 7.180120 125.677099 37171.622616
441 -8.271818 -9.874058 14.845608 346.379075 158907.365310
441 -12.243226 14.821935 12.223210 74.534235 107725.520422
441 -28.692499 5.637391 12.990446 246.907760 121673.549149
441 -31.060048 4.579800 9.629406 124.912018 66857.032530
442 23.462934 -4.280437 14.117325 111.853471 143698.729622
442 13.230850 -0.967434 15.241944 346.680735 167505.388846
442 11.715352 -6.238847 2.342583 207.170419 3956.743222
442 10.180632 -0.439776 7.948960 46.472200 45558.429579
442 8.329498 -20.255219 6.021173 132.962265 26140.279454
442 8.610198 -9.752590 4.000688 296.497705 11540.307728
442 10.943548 -10.552842 5.543641 66.043269 22158.397335
442 3.351381 -5.676566 2.203560 245.557309 3501.045877
442 12.219968 2.521579 20.233091 49.753967 295170.221838
442 11.292702 -6.277131 4.382639 140.342604 13849.032425
442 12.090625 -1.478576 7.867476 285.230005 44629.184908
442 8.580405 -4.975119 10.607898 130.694344 81134.719780
442 4.720358 -13.035673 4.652107 131.730934 15604.416791
442 11.702457 -14.607159 11.314941 307.458658 92310.832512
442 5.070718 -10.733393 4.182080 171.247341 12610.515553
442 5.462056 -0.289975 17.833784 215.410661 229316.372715
442 6.083513 -0.557339 4.499104 124.976813 14594.869601
442 16.983530 -8.092708 4.564894 359.703674 15024.826126
442 -17.107793 4.379373 5.290983 44.002333 20184.632673
442 -6.883731 -10.297213 10.078091 188.251983 73232.621863
442 -23.206455 12.197318 4.629162 248.840708 15450.864716
442 -23.631622 6.693359 5.976919 49.484846 25757.442920
443 7.749065 7.150946 13.400170 123.471487 129469.864750
443 -4.817837 -6.060366 8.892361 170.103888 57014.094534
443 13.462050 1.345664 4.671149 11.012815 15732.422651
443 6.298579 2.934554 7.562040 35.560108 41231.198585
443 14.873915 10.277946 11.491615 325.211985 95216.063903
443 17.050779 -2.138509 5.980628 247.033827 25789.422857
443 12.153037 -2.615652 4.981788 212.072448 17894.458011
443 2.970783 4.863498 3.704221 226.738823 9893.313543
443 18.797658 -9.917601 11.623160 152.977099 97408.417937
443 12.021777 -2.578534 7.397068 315.558360 39451.845499
443 10.219240 -0.546670 2.155167 24.191967 3348.959465
443 9.640462 0.569917 6.863179 238.794370 33962.430292
443 23.454280 -0.323132 3.467727 31.484106 8670.375685
443 20.851241 -12.403167 9.339074 130.550600 62886.253003
443 23.489946 -22.098792 6.689441 139.040646 32264.710332
443 10.998645 -0.142859 24.836120 269.406633 444749.602258
443 11.372408 -4.437380 6.858758 279.854039 33918.682127
443 17.999594 -11.714676 24.345370 65.778224 427347.183227
443 -15.781901 9.245115 2.443883 127.080343 4306.346587
443 -17.527374 -1.080009 5.923819 281.443997 25301.813475
443 -16.081377 10.850664 2.769549 9.053264 5530.524490
443 -18.798262 9.773023 4.163297 95.627939 12497.489383
444 17.199432 -15.291033 3.187607 86.763240 7326.180407
444 11.665956 -8.197772 4.925618 3.552991 17493.210851
444 -2.809817 -3.912829 8.323013 346.199234 49946.978002
444 12.273322 1.539212 16.393862 66.433494 193780.749852
444 12.235274 10.868995 3.608530 353.146001 9388.770885
444 7.415225 -5.483138 6.364171 252.947421 29203.289167
444 9.673858 13.040759 6.647520 321.058532 31861.586103
444 1.367162 -1.573515 5.550673 282.266357 22214.646689
444 3.375210 2.695037 5.068674 130.799746 18524.083257
444 11.179295 -7.586137 6.479196 20.264160 30268.462150
444 9.590740 -2.399348 4.599977 347.382207 15256.659052
444 -8.963150 -4.791980 12.027050 342.775675 104295.684501
444 16.722962 8.111290 5.103540 244.125155 18779.806477
444 12.735217 -4.657455 2.910836 234.497246 6109.187678
444 11.569034 -20.397872 7.606067 9.013613 41712.708423
444 10.907036 -13.029492 28.166821 298.798662 572036.516277
444 13.018653 -1.792438 4.176225 5.915691 12575.226792
444 16.970889 9.919217 4.044140 172.084971 11792.352689
444 -21.638088 -8.954709 8.184282 253.591482 48295.790535
444 -11.741127 8.398606 11.690907 252.153344 98547.245447
444 -19.513190 0.366279 6.606905 185.916290 31473.441736
444 -25.497324 -7.003277 6.082500 102.085421 26675.484637
444 -20.760426 16.365239 7.289017 96.237236 38307.688385
445 7.084828 7.621500 4.893989 11.116419 17269.276016
445 12.932256 1.752105 9.401296 110.747109 63727.004127
445 8.747360 -6.103543 6.202901 300.144028 27742.000783
445 10.612799 -6.203397 4.563842 99.174922 15017.904645
445 18.603116 -22.847805 2.798306 173.528222 5645.969722
445 8.343345 -6.547062 4.007408 27.298577 11579.110911
445 7.787848 8.378390 4.143456 216.553505 12378.659371
445 4.024076 -17.712273 19.384362 257.648149 270926.270330
445 16.508768 2.951065 12.225084 231.555530 107758.566506
445 16.193184 6.208631 14.142412 219.163135 144209.891620
445 7.646098 -18.207032 23.708964 97.876643 405296.861791
445 23.073777 -6.749809 6.041468 236.279360 26316.793952
445 2.053342 -9.369002 8.174888 321.557824 48184.979471
445 19.979207 -6.236962 1.227736 332.825222 1086.821785
445 14.148129 -10.426940 8.567038 90.409554 52918.734197
445 6.896782 -5.126170 4.790977 93.111990 16549.930592
445 17.957889 -0.881036 5.497548 151.529860 21791.448503
445 2.389002 -15.838586 7.347449 41.734191 38924.336446
445 -11.694519 -12.812624 13.655456 202.489005 134449.900997
445 -9.316036 16.474270 4.994023 236.042664 17982.459206
445 -28.336539 14.327019 13.233440 115.035332 126268.076945
445 -18.619065 8.828515 14.022432 150.478702 141773.394050
445 -7.440082 6.680789 5.798788 229.831336 24245.017221
446 3.978722 -2.185315 15.265354 249.471700 168020.324721
446 16.376691 -17.486623 7.955583 337.462736 45634.369872
446 13.083486 -5.481404 4.948142 175.308965 17653.563605
446 11.969370 -3.391346 10.473184 334.565298 79087.072849
446 12.273844 -3.609979 5.461826 124.271182 21509.173322
446 11.343553 6.168646 19.744115 105.947609 281075.762409
446 15.794224 -11.754001 8.707373 274.265976 54666.643612
446 14.277276 -5.285853 10.601541 236.608737 81037.513231
446 21.181704 8.755503 11.017235 190.501203 87517.184545
446 15.694493 1.911782 6.650560 342.495584 31890.730531
446 17.017147 -14.060650 6.025736 355.297818 26179.917286
446 15.426502 -3.907106 9.086295 270.658528 59528.059482
446 17.039558 6.736595 11.404825 148.103370 93783.253984
446 9.110390 -12.814347 3.192643 52.628219 7349.345990
446 6.337967 -2.674085 3.164880 264.548285 7222.084605
446 16.093027 -4.207842 7.084592 157.162741 36189.100615
446 10.226825 -9.377728 7.519512 278.701233 40768.754076
446 17.536997 -8.719834 6.600197 91.280341 31409.562235
446 1.794994 13.823809 1.885302 32.370530 2562.771196
446 -17.480374 15.195649 11.610261 114.651150 97192.344145
446 -13.463146 -7.058279 8.069996 307.975434 46956.390568
446 -24.222563 13.785930 3.044911 292.738979 6684.934333
446 3.049268 6.372757 7.497306 264.419501 40528.320039
447 -3.848849 9.992131 8.171580 196.475528 48145.991142
447 31.275863 -17.408488 11.413809 158.741899 93931.065364
447 15.155823 -8.665170 12.649703 321.874473 115374.211361
447 14.442815 -7.934917 12.332815 50.257026 109666.136096
447 28.844044 1.143675 8.852120 186.762008 56499.250777
447 11.097725 -16.167626 19.624298 93.209462 277674.715902
447 8.218663 8.053176 13.213675 49.013788 125891.176244
447 -1.448180 10.108071 4.575910 202.224981 15097.427091
447 1.946555 -1.218305 2.820316 199.465890 5735.134072
447 8.404140 -5.106763 16.648879 318.612587 199856.401357
447 10.456978 -7.443395 5.487845 196.492317 21714.599234
447 14.807811 -0.736221 11.939174 46.824844 102777.163109
447 -7.903899 -6.941036 7.212519 192.527509 37507.833589
447 8.319313 -11.037376 6.795421 126.558146 33295.133425
447 8.791345 -2.708055 4.133929 289.071859 12321.800765
447 7.318784 -2.694786 15.160538 330.588095 165720.898993
447 -5.289726 1.255130 12.293162 157.227391 108962.055353
447 -24.981003 -19.379198 5.776541 295.220045 24059.342148
447 0.917310 11.906905 9.400152 174.932689 63711.493486
447 -8.744964 -11.481474 12.014221 108.720555 104073.300642
447 -13.318498 -12.360436 6.667316 352.428729 32051.636603
447 -17.179080 10.366805 5.338223 154.695702 20546.668931
448 7.748942 -6.959775 3.068448 186.309438 6788.683418
448 8.055042 -6.155589 1.821742 169.023231 2392.884385
448 16.728304 -2.750134 6.016140 121.893682 26096.599744
448 10.155576 -9.770729 4.987358 187.759564 17934.497644
448 10.960597 -2.918659 4.590772 239.728698 15195.659760
448 15.152343 -11.616858 7.741437 116.861590 43210.688823
448 4.770174 -9.801656 5.930320 120.263318 25357.380803
448 9.939944 -7.769141 2.308945 264.495109 3843.928964
448 11.614518 -15.513094 5.810727 352.424246 24344.957121
448 10.348151 4.873411 5.802587 333.636111 24276.795275
448 13.059447 -12.781196 8.767117 162.877714 55419.383067
448 5.062112 -17.770230 2.748040 224.956397 5444.953064
448 14.342149 -3.265025 6.780839 229.289032 33152.399993
448 8.930169 10.612293 6.437573 176.507161 29880.813522
448 6.791504 -6.263990 8.670959 291.942212 54210.363184
448 9.728676 2.759604 11.327409 94.000044 92514.371080
448 14.483635 -11.144415 3.841366 167.151217 10639.454470
448 -19.995727 -1.030794 12.533861 352.934102 113270.754268
448 -11.444287 -2.541889 7.757343 119.540918 43388.441725
448 -9.586326 0.719404 3.573559 22.839649 9207.676663
448 -22.369720 1.199017 44.886386 312.918765 1452704.744185
448 -15.810172 14.231106 14.208110 331.485578 145552.846812
448 -20.202139 2.754673 7.975729 17.571981 45865.784523
449 4.243013 0.523323 3.651695 200.366363 9614.729012
449 18.244936 -10.102788 3.809569 133.186649 10464.050351
449 13.274602 7.284638 6.709324 14.057689 32456.793467
449 11.527731 -25.852985 9.042404 345.213015 58954.351375
449 -14.704081 -8.698227 7.474045 303.110947 40277.217403
449 4.242533 -11.599047 9.100913 142.129337 59719.750029
449 4.338263 -1.765696 5.392735 223.856424 20968.442003
449 10.474584 -12.421574 7.256790 121.994479 37969.701662
449 7.349210 1.373118 9.766294 284.414326 68771.371421
449 7.680179 1.905150 17.679189 160.113222 225357.893607
449 14.136929 -18.754579 12.412911 113.691679 111095.220315
449 16.139715 -0.028011 3.391443 72.565709 8293.102545
449 -2.109744 1.867486 3.752835 71.621907 10154.698579
449 22.031672 5.817661 4.897828 262.405949 17296.375941
449 27.133554 -7.907201 13.078608 9.608189 123330.669495
449 14.872756 -11.964189 6.731920 43.454296 32675.784060
449 11.392631 -5.720581 2.192338 331.963122 3465.478858
449 -21.949853 14.012944 6.678892 220.139087 32163.031144
449 -11.073354 6.275826 2.381805 121.803613 4090.350381
449 -11.371468 3.697837 4.153939 106.643353 12441.375116
449 -26.506791 20.366298 6.252295 188.532256 28185.584294
449 -28.517138 1.700684 2.147544 259.442560 3325.309841
449 -0.507395 11.394413 36.431288 16.239976 956967.342137
450 9.177501 -9.119812 8.756882 155.251384 55290.061461
450 10.729753 -8.178467 12.904732 4.113249 120073.185706
450 12.436517 -23.473391 4.323308 262.184652 13476.602616
450 11.106581 -1.690544 4.151849 348.985971 12428.856150
450 9.193656 -1.247017 11.797144 311.464683 100346.408699
450 4.788200 -3.150788 4.324251 253.528390 13482.479485
450 12.229526 -11.645345 7.119645 254.590773 36548.094291
450 3.199006 2.641789 7.243525 293.463616 37831.010382
450 3.192635 -4.885565 9.300529 195.190071 62368.221355
450 18.646821 -25.629850 6.561328 349.484683 31040.700946
450 16.137021 -5.096617 7.715381 155.559404 42920.307081
450 10.755187 -6.814229 4.791808 105.464880 16555.675715
450 8.017007 -12.741674 2.879390 103.745325 5977.904351
450 18.229038 -10.992815 9.084603 324.912793 59505.886962
450 18.762701 -4.827215 4.444700 20.957156 14244.031648
450 12.000385 -10.389893 10.059763 60.358966 72966.516799
450 17.167368 -1.670131 3.215266 128.241056 7453.869033
450 -0.210593 9.451072 7.912105 315.306037 45136.946893
450 -26.425729 2.090568 9.351686 16.736989 63056.214841
450 -23.284340 9.627126 7.469943 24.737068 40233.019781
450 -25.265703 2.216382 8.569102 64.741290 52944.241036
450 -15.396688 -17.370459 10.657182 320.781324 81890.365078
450 1.948318 11.017946 11.190319 93.879074 90288.612357
451 1.763601 -22.823321 11.648825 238.327822 97839.067201
451 7.579283 2.616547 7.991929 352.304418 46052.293873
451 5.451770 -24.775149 4.144694 92.977389 12386.054177
451 12.653901 -3.566470 17.905861 103.404392 231173.733981
451 17.437493 -11.668588 10.473942 261.478034 79098.529462
451 16.737137 -16.294468 4.697050 259.494894 15907.373740
451 9.364550 -2.575705 5.195735 317.821340 19464.448596
451 16.610484 -1.569530 5.973767 359.165135 25730.288887
451 17.068601 -6.083055 6.373454 322.826039 29288.539692
451 7.599387 0.121920 6.488669 198.156432 30357.031037
451 9.494973 -19.049683 4.878657 291.088707 17161.239379
451 11.292624 -2.131445 3.494976 183.730270 8807.173263
451 9.956943 14.616982 11.354072 169.858597 92950.423913
451 12.749596 -8.687178 9.583481 273.625690 66220.834492
451 8.424438 -7.754413 9.760103 16.809552 68684.210041
451 -1.410916 7.698845 4.208492 199.544278 12770.296653
451 20.516504 -5.638513 6.157776 237.629036 27339.829879
451 -8.685327 2.548173 8.308395 278.304304 49771.690622
451 -27.842643 5.156368 4.903473 1.548009 17336.269800
451 -32.245982 9.922600 18.390531 176.882638 243857.788326
451 -17.008480 3.496719 8.517646 297.202899 52310.304610
451 11.412059 6.214943 2.547835 185.660643 4680.482226
451 -13.835094 -6.103670 7.210165 263.126325 37483.357438
452 18.409465 4.555614 9.945378 144.328377 71316.606185
452 -3.919942 -6.702057 7.031812 130.257376 35651.896148
452 8.487823 -6.485390 13.961434 175.392374 140542.656599
452 19.081369 -6.717763 8.018058 289.559544 46353.918261
452 13.231768 0.698447 5.111191 55.372340 18836.154806
452 2.404558 5.460258 6.184109 143.166640 27574.167372
452 13.153026 4.231380 12.200168 158.205364 107319.758895
452 6.343598 -2.053458 5.431011 200.069949 21267.154933
452 6.351724 -5.768079 12.817524 9.404280 118455.814880
452 9.836097 -0.489894 3.781171 322.766389 10308.626626
452 9.162051 -10.974622 3.318851 248.937483 7941.884588
452 9.270960 -4.534552 3.294011 253.911000 7823.445312
452 9.720592 -6.401859 4.516389 261.164419 14707.228108
452 13.025670 -5.546199 12.013556 98.758487 104061.777589
452 -6.641580 -18.912422 12.632122 341.425532 115053.736505
452 11.650695 -0.290053 6.635358 125.466875 31745.110088
452 22.000178 -4.672175 6.112350 73.925107 26937.949663
452 -26.552898 21.602040 5.686313 336.433124 23313.610424
452 -5.844524 15.584782 3.918283 206.703674 11069.797023
452 -23.043946 -17.176588 5.260508 193.411220 19952.784641
452 -23.739559 20.759849 8.532362 53.408110 52491.210598
452 -29.701334 5.490111 2.014423 214.001835 2925.832282
452 -9.231512 1.624483 3.115029 79.027710 6996.361684
452 -17.679463 4.560350 6.918675 263.473392 34513.896391
453 11.000989 -9.630868 11.706562 297.543943 98811.349725
453 0.778473 -7.178157 17.850514 245.777619 229746.816418
453 10.720576 -2.879927 5.135663 65.805394 19016.962268
453 20.330020 -4.225708 5.202442 349.187577 19514.731750
453 14.693597 9.741961 5.499095 262.102393 21803.715196
453 -20.756831 -24.328399 1.969693 41.334782 2797.339490
453 20.941945 -9.090257 3.914326 12.425431 11047.448297
453 7.407576 0.681467 11.754650 336.094699 99624.801294
453 10.410888 3.548903 8.514211 272.051726 52268.118300
453 4.551706 0.072145 13.563004 283.520019 132635.520990
453 5.983969 -3.893113 5.659147 27.260326 23091.386651
453 2.329212 -2.295494 6.921873 285.749812 34545.807743
453 7.533145 3.175873 4.670339 34.863171 15726.963226
453 19.778230 -2.703066 11.054417 19.735484 88108.890016
453 9.148192 -10.608734 4.300505 270.378984 13334.812463
453 16.415938 -15.732770 6.862273 42.370395 33953.464485
453 -10.176436 -2.297408 3.459982 191.476282 8631.687547
453 -4.352859 2.252943 4.500662 184.770279 14604.978699
453 -11.485791 -17.815031 4.371850 55.174177 13780.933930
453 -14.532879 -16.229144 4.776569 67.311052 16450.540483
453 -3.659134 5.827937 2.724582 205.553462 5352.391633
453 -13.579502 -7.695110 4.770223 63.715984 16406.861630
453 10.336549 0.476470 10.925878 74.545489 86071.769593
454 8.890880 -3.142215 7.325394 50.541330 38691.004276
454 8.110968 -8.243315 6.078042 28.073220 26636.400594
454 4.576207 -3.142273 5.153665 167.725984 19150.513233
454 12.076745 -16.148325 2.495429 208.959516 4489.919397
454 5.771473 -7.842708 4.136995 63.030997 12340.081239
454 -11.429180 -17.222118 12.216063 359.147638 107599.582943
454 2.986645 7.882089 24.962232 341.700566 449277.754571
454 10.741170 -6.356893 6.657110 244.377416 31953.579396
454 -4.885505 7.618285 9.113455 315.820190 59884.460738
454 12.325732 -13.006002 2.527031 111.395016 4604.359056
454 24.589317 -7.557786 4.078004 173.595443 11990.666185
454 9.803701 11.446237 6.740699 22.448535 32761.056207
454 17.906707 -3.061913 5.837006 96.359734 24565.656640
454 9.629988 7.861115 11.669056 225.242036 98179.201276
454 14.505172 -2.195126 14.275783 301.575513 146942.680048
454 15.786846 -3.710371 11.504497 29.186842 95429.651244
454 -22.125678 16.505771 11.432335 41.139929 94236.246426
454 -13.441709 1.331031 2.475987 193.056338 4420.228829
454 -14.475510 -0.415057 5.513926 205.017533 21921.484384
454 -2.740166 -14.986540 6.374519 168.802677 29298.330542
454 -17.014405 4.111686 2.593125 237.352880 4848.359924
454 -17.597070 3.915705 10.897813 177.595861 85630.159193
454 -28.678813 1.979024 7.187456 262.958319 37247.614253
455 10.403161 -4.225044 10.071682 325.926967 73139.512394
455 5.666819 1.217239 3.082090 320.093023 6849.182785
455 2.686468 -12.856289 10.062719 93.547513 73009.394009
455 6.603542 -3.188924 4.410330 265.227996 14024.591327
455 15.614806 -9.822488 7.463549 187.906593 40164.170004
455 17.131232 -15.957119 3.005416 92.994377 6512.643295
455 10.606983 -7.864804 3.625855 246.882171 9479.137700
455 8.523011 -7.557043 10.477799 52.249635 79156.795730
455 8.973726 -17.303978 3.937972 252.751987 11181.326523
455 18.884739 -3.275708 4.888813 252.447726 17232.766796
455 3.230572 2.042688 8.358759 266.626841 50376.929243
455 8.293125 -12.248576 4.659322 141.238557 15652.852616
455 18.214514 6.929884 6.339067 263.180938 28973.350922
455 0.743144 8.940346 6.092135 354.432333 26760.057722
455 7.541972 -5.718977 4.942438 287.566853 17612.883049
455 10.301344 -9.856002 2.312003 338.306324 3854.116525
455 -26.708638 -11.016681 6.502772 69.151154 30489.132693
455 -10.703122 -4.086974 7.600320 26.217585 41649.696740
455 -18.743637 7.330756 10.964100 279.684535 86675.042801
455 -27.710962 -8.942269 5.949694 46.941657 25523.327060
455 -12.293530 -7.478897 2.484149 74.173154 4449.419328
455 12.218406 -4.079981 8.567701 263.546275 52926.929975
455 -17.208616 10.275139 4.000381 218.296215 11538.535947
456 7.443486 8.110002 5.941224 343.352774 25450.712299
456 3.881502 -7.037653 9.840490 255.593675 69820.272742
456 12.109474 -7.471733 1.542404 332.065051 1715.316530
456 17.286150 -7.807693 8.188103 237.267145 48340.896370
456 13.814157 -7.642453 25.183228 226.699582 457268.050212
456 19.017889 3.342517 16.327809 158.317539 192222.367098
456 4.499518 -11.872040 8.531154 207.563531 52476.349297
456 7.956454 -22.699240 6.640851 12.660563 31797.689742
456 8.994388 0.106550 11.186486 132.404044 90226.779350
456 20.199186 -11.802734 20.015164 66.626823 288846.018724
456 6.857762 10.603313 7.461162 329.015967 40138.487607
456 5.924247 -6.767884 1.099485 67.880334 871.619717
456 6.166528 4.145987 11.395688 48.458811 93633.044353
456 13.853980 -14.148020 6.462758 54.627036 30115.067220
456 9.125999 -7.147757 6.441951 67.621852 29921.464508
456 1.234434 0.591912 3.158749 75.376041 7194.130401
456 -7.487290 1.012586 7.078705 352.640871 36128.978006
456 -11.948174 3.484470 11.752705 323.090798 99591.835437
456 -11.088556 -2.050127 4.510610 229.270527 14669.614568
456 -2.881917 6.354588 5.280702 159.544647 20106.265125
456 0.925663 -25.046538 5.482473 112.457949 21672.107667
456 -0.644186 -4.225859 17.518531 261.391885 221280.662913
456 24.514411 -10.289020 8.726258 222.322258 54904.027547
456 -21.680335 0.525821 9.811808 152.282644 69413.856742
457 13.926498 4.561807 11.001502 207.759794 87267.398356
457 16.400651 -21.152462 16.565414 183.706240 197857.568517
457 15.709012 -1.247237 12.716269 279.036250 116591.666439
457 12.718694 5.070455 8.317813 204.531429 49884.591278
457 10.888928 -6.882936 6.386552 147.125081 29409.049319
457 10.720350 0.735620 5.604529 76.780834 22647.812393
457 11.661997 6.016561 5.167998 214.703659 19257.184717
457 3.644501 -14.627300 4.004436 29.167920 11561.944578
457 9.439395 -2.350464 9.777074 58.228097 68923.269197
457 4.814287 1.153151 12.508358 298.116510 112810.275063
457 11.006531 4.764446 9.841708 179.685691 69837.548131
457 1.925555 -5.609590 3.129952 50.269150 7063.556964
457 18.246300 -5.699751 1.968536 184.027652 2794.054443
457 6.581767 4.917854 1.293659 203.708623 1206.667772
457 9.419214 2.190377 6.546609 318.709765 30901.596650
457 2.661408 13.441176 9.594218 164.039014 66369.295219
457 -18.271059 6.155587 7.554238 155.358033 41146.173785
457 -7.424410 11.877705 5.424343 202.179316 21214.970657
457 -15.449255 -5.309186 4.523613 333.382137 14754.310667
457 10.513188 5.992640 7.239103 0.723556 37784.839783
457 9.714271 7.932216 5.363755 186.746487 20743.683121
457 -24.876127 0.589513 6.287304 325.285446 28502.106715
457 -4.036540 3.702831 4.188268 185.623699 12647.857175
458 8.078952 -3.863929 6.722344 288.409841 32582.889816
458 15.839437 2.935694 1.936280 299.918219 2703.237931
458 12.858113 -11.414549 4.225394 97.706074 12873.083093
458 16.404798 -5.600495 2.607675 233.434609 4902.923142
458 11.649847 2.351829 7.111317 256.984768 36462.643748
458 1.258873 -8.372777 5.303046 186.287048 20276.773261
458 14.673692 4.758041 2.571928 64.427961 4769.422668
458 12.563033 0.962022 4.495250 218.074493 14569.871974
458 7.859135 -8.880136 17.112437 122.855854 211140.612394
458 12.316149 -7.211779 13.343555 346.237464 128378.176364
458 4.056088 18.967250 9.160424 349.333421 60503.317782
458 8.276490 1.863287 4.663379 216.835794 15680.122277
458 15.009148 -9.714937 7.963214 24.933106 45721.966067
458 3.416012 5.768475 5.096656 353.250275 18729.174594
458 7.321793 -11.296552 5.355202 89.784256 20677.585816
458 -9.886221 20.338334 6.329985 121.864485 28890.390956
458 3.884313 14.167976 14.579313 147.461733 153257.655420
458 -15.151845 26.042060 11.375970 349.554111 93309.298349
458 -16.559766 10.788689 5.277563 347.857489 20082.367420
458 -16.627222 5.609322 6.516273 35.730018 30615.872230
458 -5.576822 5.855344 3.125147 213.723982 7041.887779
458 -13.997281 3.755422 2.780593 244.519900 5574.719623
458 -15.307511 9.606953 13.342039 43.027973 128348.990813
459 16.905550 -6.458954 10.490184 99.500931 79344.036298
459 14.238984 4.821197 16.765981 318.997675 202677.727127
459 9.123776 -18.765551 6.003712 317.204654 25988.890246
459 2.536077 -1.604488 7.294578 217.520861 38366.163789
459 11.670929 -3.882191 6.470543 231.867995 30187.666741
459 19.310256 -0.606798 6.834985 345.351424 33683.967546
459 19.970113 -8.904710 13.104740 355.153604 123824.019810
459 6.043463 -5.941547 9.153593 48.742990 60413.120024
459 4.815978 -5.788241 6.753884 291.702065 32889.346232
459 18.558262 0.838206 10.986022 205.630143 87021.986629
459 12.423297 0.973493 5.154866 78.354800 19159.441865
459 2.121505 -4.052258 16.899081 278.603748 205908.489656
459 12.093446 10.181816 3.085879 239.160083 6866.033786
459 6.217079 1.302133 8.187221 244.903591 48330.478947
459 13.324513 3.118473 8.639305 171.200652 53815.286583
459 -5.139757 0.692052 3.092463 306.982048 6895.363670
459 -9.933180 0.254417 7.199875 170.498725 37376.447254
459 -23.939108 5.349277 3.699103 122.266309 9865.994142
459 -20.177895 -5.083995 15.460452 282.408816 172342.527713
459 -6.556111 21.795739 5.086988 344.231561 18658.187586
459 -9.874958 20.928991 4.172776 167.655602 12554.467470
459 -19.672849 1.785980 8.698381 269.477395 54553.784820
459 -17.150630 -7.662844 6.846423 74.146696 33796.797591
460 14.702161 0.225225 14.897083 8.148345 160011.251772
460 13.500840 10.909352 4.127324 358.611732 12282.458367
460 14.391770 -14.437719 6.979976 274.031338 35128.205163
460 17.537931 -18.218119 6.287646 65.464713 28505.207831
460 24.426049 -22.091771 4.001871 113.319862 11547.135344
460 16.946931 -8.261375 3.062580 177.831495 6762.743145
460 13.530076 -10.603367 12.459595 198.919653 111932.419751
460 7.025175 -16.211987 3.282878 297.038962 7770.652294
460 10.927478 -2.770929 5.867990 171.826611 24827.145818
460 8.583414 9.823057 9.846675 249.552696 69908.069445
460 3.642381 -7.323993 7.340304 352.365565 38848.666801
460 14.937301 4.952628 20.001751 124.560964 288459.019607
460 15.711722 -18.405912 3.766743 216.426623 10230.105374
460 14.536564 9.719017 4.665441 204.701196 15693.996405
460 4.209726 -7.683001 22.210883 120.729247 355696.609665
460 -13.753176 -7.195528 5.747687 26.430892 23819.592033
460 -14.949135 -14.858080 9.934644 248.177602 71162.739223
460 -17.657422 15.705377 4.370479 89.007191 13772.289008
460 -17.034949 9.319335 6.586187 43.123431 31276.361802
460 -15.836781 -3.543004 12.713790 0.032771 116546.201860
460 -13.681050 10.473898 8.555970 281.480706 52782.086796
460 -17.591350 20.779386 9.101083 132.512382 59721.978415
460 -21.542047 -9.163006 9.266698 27.592627 61915.316343
460 -23.403529 7.121166 8.592317 90.765110 53231.489494
461 21.904481 -5.133037 3.068230 12.621325 6787.717757
461 14.173517 -9.530946 7.247707 96.845429 37874.708153
461 -0.384080 -12.485768 9.958486 110.599888 71504.723828
461 19.849497 -12.574036 5.775554 92.338404 24051.127481
461 8.824242 -6.459638 5.172255 278.660675 19288.919862
461 21.986486 -7.713525 7.590325 181.807232 41540.220018
461 15.310936 -14.799235 3.662026 36.404869 9669.208150
461 5.837514 -7.262200 6.478851 57.218741 30265.234594
461 15.681317 -13.894758 4.107948 303.135215 12167.403553
461 8.355434 2.846156 16.996449 170.960610 208288.093827
461 23.424797 -10.008288 5.068142 111.770496 18520.197301
461 -4.714461 -3.354938 12.318764 29.541720 109416.379263
461 17.996938 -14.169991 5.472040 318.136863 21589.700023
461 19.499563 -9.652181 7.397748 346.408755 39459.091555
461 0.220733 -7.631110 11.438608 94.947190 94339.681127
461 -18.542346 -0.103810 1.635306 317.577605 1928.174605
461 -10.627238 17.643901 11.770280 339.392495 99889.911308
461 -17.839753 6.598222 4.962953 294.171420 17759.402406
461 -22.038821 1.771783 2.893677 179.172526 6037.375147
461 -23.303975 -3.216134 4.334425 239.043667 13546.000912
461 -0.165915 3.727185 3.930976 29.551087 11141.634962
461 1.837865 -1.906345 3.286768 177.078794 7789.080213
461 -29.809869 19.555359 5.318085 214.743477 20391.945717
462 9.560058 -7.063028 5.463690 62.210352 21523.862902
462 8.003578 -6.057065 3.318738 200.761612 7941.345547
462 4.639043 4.626395 15.630294 3.275244 176149.876253
462 4.270628 5.056244 6.094308 45.578021 26779.150994
462 11.767222 0.916743 8.145924 40.747724 47844.137654
462 10.490980 -8.888969 6.548729 343.508142 30921.615192
462 8.716348 -5.799711 3.816069 107.331441 10499.789452
462 18.105315 -16.079782 4.429099 344.542359 14144.213493
462 5.003299 6.821056 4.637446 27.625992 15506.217975
462 0.766267 8.440760 22.197225 125.086895 355259.299312
462 16.958140 -0.199090 11.432859 334.302431 94244.876792
462 10.159482 -21.897832 5.879416 113.502566 24923.924857
462 14.668152 -0.171574 5.802166 17.347226 24273.275557
462 -3.649352 -16.639546 5.290974 249.342025 20184.560263
462 -11.077424 4.529654 5.084329 204.598997 18638.688786
462 -21.029863 7.656966 10.934061 135.008976 86200.756708
462 -1.539264 7.800424 7.315863 49.691268 38590.396528
462 -19.349033 -5.809719 4.123416 120.079460 12259.209009
462 -2.475176 5.741953 8.083404 175.622284 47112.555540
462 -18.474039 -0.951971 7.915840 39.500153 45179.570447
462 -9.534790 7.342294 3.208515 92.481906 7422.602188
462 -21.332698 -2.328586 8.965325 239.384124 57953.561975
462 -14.880992 -1.458431 10.217614 194.888038 75274.356546
463 10.309229 -6.685573 4.838673 115.697836 16881.092113
463 18.930922 -31.820462 5.370712 334.009878 20797.530913
463 11.625070 -9.778519 5.077421 230.039934 18588.077388
463 10.794586 -0.154458 10.655302 352.097793 81861.482939
463 23.349418 -7.057523 5.106425 139.398334 18801.048066
463 3.426296 -19.240911 9.959894 240.285941 71524.943767
463 12.230800 -10.303530 12.650808 201.236581 115394.372375
463 7.177137 -13.580699 14.618850 173.811944 154090.010064
463 15.250206 -4.201745 20.145722 147.598515 292626.557863
463 12.018538 -4.246239 6.367905 96.226829 29237.563804
463 -3.570425 2.682147 3.471707 157.727449 8690.286740
463 5.063691 -10.904736 5.387540 146.310810 20928.068987
463 18.586532 -14.285554 3.112831 353.423956 6986.493326
463 -3.841704 -15.790588 7.092172 33.511949 36266.576433
463 -27.293152 -14.495685 7.262619 64.056437 38030.724306
463 -7.060223 4.741284 7.325897 63.480684 38696.320774
463 -22.429871 21.763196 11.885473 293.147672 101854.678647
463 -25.658971 -8.569618 7.432035 264.512860 39825.716958
463 -22.132696 3.973223 6.051538 97.560677 26404.599628
463 -18.535903 -16.503820 9.313464 353.288821 62541.824280
463 -21.037145 1.985816 8.216337 165.741477 48674.848605
463 -13.570202 -15.463918 8.351257 131.136149 50286.542358
463 -4.111995 23.714301 3.470229 158.782704 8682.888966
464 16.140574 4.595828 5.380423 306.327226 20872.811515
464 7.005945 -7.119260 4.318878 359.789877 13448.995538
464 9.600893 3.485281 10.532204 15.005778 79980.963705
464 17.873516 12.670382 5.174693 262.690509 19307.110534
464 8.526764 -4.954320 6.986125 314.516456 35190.118173
464 11.202704 -17.416443 4.927678 254.498200 17507.848047
464 18.903045 -13.894652 3.387611 216.385570 8274.375244
464 9.374527 -3.082027 4.480529 126.529741 14474.605063
464 6.558333 -12.215029 7.005997 253.581967 35390.607728
464 14.198403 8.640421 4.653705 97.903731 15615.135880
464 10.099354 -15.424232 6.655176 226.616093 31935.021654
464 17.654770 -3.887646 8.058783 171.686535 46825.992506
464 7.331019 13.864196 8.905321 138.618523 57180.406737
464 -24.590167 8.043092 6.270552 144.472429 28350.423647
464 7.293085 3.366921 17.697052 340.879057 225813.525727
464 12.281881 7.680931 20.220770 105.847791 294810.830684
464 -14.567093 -2.790947 5.788150 207.763309 24156.144689
464 -19.529851 15.038403 7.179371 163.769303 37163.863446
464 -20.634561 6.266708 9.822988 349.003846 69572.130082
464 -8.419691 9.720602 4.681144 120.340449 15799.820936
464 -37.698787 13.285489 8.903260 226.206925 57153.940124
464 -4.217213 -0.965687 10.049633 310.518824 72819.628089
465 7.630880 -3.591664 9.489687 226.296389 64930.966896
465 9.724205 -13.047010 10.909599 151.915547 85815.480268
465 12.210811 12.259944 8.829107 146.774231 56205.862857
465 6.099457 -3.326268 6.630179 6.009405 31695.570865
465 5.478632 -3.714782 6.116914 176.532493 26978.188028
465 12.261534 -1.875186 14.947032 46.969710 161086.071963
465 9.501175 -1.858544 7.379289 294.768970 39262.419130
465 16.620491 -7.455046 18.005370 121.030337 233750.303472
465 14.342316 6.477227 9.908891 294.238576 70794.286649
465 16.933430 5.802042 11.235843 111.737170 91024.723705
465 20.148652 -7.154711 7.361731 104.795536 39075.804109
465 9.823849 -7.915383 9.753151 253.045572 68586.394644
465 1.539819 -11.839918 16.099204 161.486073 186877.439542
465 -15.703172 5.143810 7.003482 96.680332 35365.196912
465 -19.005349 5.504641 11.581097 103.524528 96704.669832
465 -13.983005 1.908657 9.575435 175.590349 66109.690398
465 -13.778389 6.818194 11.826686 348.058636 100849.599321
465 -21.218410 6.634965 5.496519 303.628513 21783.289558
465 -9.275790 -0.085259 3.123213 311.018279 7033.173425
465 -17.201856 -1.206411 4.324634 316.847919 13484.869693
465 -5.556027 -18.790036 8.574917 3.320091 53016.120059
465 4.799304 13.631978 5.811074 153.164752 24347.866172
466 5.574253 -17.021603 9.682532 322.488259 67596.774322
466 8.591508 -2.742447 2.706782 177.335724 5282.684101
466 10.461640 9.079713 9.151454 346.090808 60384.891461
466 9.757351 -12.139451 8.771834 342.581361 55479.032375
466 11.365712 6.332530 5.249761 23.346754 19871.336292
466 17.532467 -1.195911 21.319529 189.252272 327720.263303
466 9.041096 13.189602 16.614383 115.866597 199029.074130
466 6.469011 -15.083180 7.442861 120.170877 39941.826726
466 10.997939 10.214418 11.205053 18.278349 90526.541794
466 21.164425 7.642113 3.216804 58.838395 7461.004718
466 14.747166 1.186589 3.175782 9.532357 7271.927337
466 7.594742 -7.161534 7.689457 162.550177 42632.369525
466 -5.169236 11.932380 10.859868 327.360812 85034.889479
466 -16.375947 22.152221 6.134172 21.404467 27130.639884
466 13.494585 -2.051524 8.422532 290.452370 51148.555413
466 -15.800041 5.595388 4.125994 64.820973 12274.540528
466 -8.766148 4.419024 6.925706 168.613734 34584.073522
466 -27.830140 21.561028 5.399124 208.502977 21018.160109
466 -2.931020 1.033746 5.072945 325.397784 18555.315425
466 -11.392224 5.495247 23.207255 335.810641 388325.250702
466 -20.444234 -0.391042 7.518325 105.541477 40755.883853
466 -16.585555 -1.375167 6.071389 15.491890 26578.114315
467 14.870423 5.188665 8.571111 68.145135 52969.068136
467 1.950825 4.595748 6.594410 3.254104 31354.509170
467 11.366343 3.641069 7.115483 317.687953 36505.373575
467 15.692545 -8.401284 7.244198 226.107891 37838.046877
467 6.627096 -4.828398 11.189285 260.689322 90271.933447
467 6.202368 -10.617418 13.773507 80.447812 136784.576253
467 10.276390 -14.848046 8.271129 68.433087 49326.198637
467 18.554747 -13.993057 8.283452 253.213560 49473.285542
467 12.898449 -5.804480 4.987986 12.162080 17939.012591
467 12.291352 -0.009535 2.131403 306.405807 3275.511100
467 8.407219 2.639583 22.279140 221.935655 357886.183043
467 10.505774 -4.480472 4.038534 2.125260 11759.682464
467 -28.123805 -4.034908 5.786424 258.273934 24141.737178
467 -20.542071 10.225086 7.443643 24.634151 39950.216180
467 -2.681408 -26.786724 11.231336 288.813437 90951.718132
467 -15.590542 4.853485 7.291416 305.293193 38332.914664
467 -20.423368 12.261768 4.628745 99.426219 15448.084033
467 -19.648030 -10.010424 6.879659 258.971529 34125.728307
467 -19.580752 -5.094194 4.235723 304.604171 12936.091628
467 -17.633172 -10.437671 9.463224 295.568537 64569.331185
467 -22.106261 1.137019 1.625095 312.864080 1904.170085
467 -18.171835 3.130893 3.605346 40.917597 9372.208867
468 15.334942 -23.309697 23.684102 8.132079 404447.288913
468 10.644909 7.535293 3.172519 16.934743 7256.988397
468 10.451280 -2.911852 11.039957 66.932445 87878.537593
468 -5.295514 -2.584338 3.267583 52.690871 7698.416986
468 13.985287 -4.762866 4.252906 306.281696 13041.262253
468 15.092219 -5.316056 7.182050 119.078101 37191.602278
468 -0.729821 -18.255831 9.121717 287.830972 59993.092784
468 6.960545 -13.851702 9.207359 160.976887 61124.910800
468 13.624226 -7.160490 8.436331 176.522619 51316.298150
468 9.297285 4.876163 4.397204 9.831368 13941.236611
468 12.056862 -10.693867 9.666173 213.025443 67368.554050
468 20.614562 -16.172211 5.747274 107.129858 23816.169832
468 -6.511259 6.785221 8.866444 110.067518 56682.246734
468 -6.355006 -3.658524 7.500366 123.433530 40561.399264
468 -11.248599 -1.274144 7.452555 134.590985 40045.936884
468 -17.465474 17.069039 4.557198 335.837372 14974.210906
468 -7.148994 -5.049515 8.650216 164.796928 53951.307447
468 4.002897 -0.139262 20.817678 165.284426 312473.102489
468 -18.900416 3.369746 5.815377 58.059605 24383.938323
468 -0.684375 9.798717 11.915343 69.814892 102367.287352
468 -12.596391 -1.000970 11.271096 72.144873 91596.812006
468 6.531497 3.851599 4.354950 341.013027 13674.591429
469 -12.657971 -21.393052 12.588679 185.313676 114263.725036
469 7.105779 -3.534919 6.184672 269.031448 27579.182192
469 6.786477 1.321345 3.503986 191.934911 8852.637971
469 12.362852 -20.568172 9.175253 139.465937 60699.371793
469 10.890132 -6.732173 8.200223 21.576273 48484.107364
469 4.724606 2.273072 10.304554 312.416651 76560.794436
469 11.622185 0.186268 16.656675 178.417361 200043.623967
469 12.348733 -7.302290 10.768984 227.686469 83617.563555
469 0.691051 -9.276447 7.237781 285.267023 37771.037658
469 2.838899 9.483893 12.690958 217.573275 116127.991201
469 7.470628 -5.468480 12.085081 176.068092 105304.567786
469 -16.593784 12.649172 13.047091 137.349940 122736.984579
469 -8.879597 -3.015895 8.918822 68.996031 57353.917662
469 3.317234 4.217389 3.476775 165.882060 8715.680853
469 -7.368517 5.978823 4.821658 152.116914 16762.580319
469 -5.047924 8.803896 6.007737 221.507318 26023.750314
469 -18.023182 -7.700882 6.912782 106.995119 34455.121921
469 -13.841616 -14.721717 5.591432 351.318311 22542.091283
469 -10.943686 -11.314223 7.265529 149.472803 38061.205051
469 -19.289345 11.183286 17.563529 35.705285 222418.861475
469 -33.112542 -1.935302 14.153301 191.685853 144432.044776
470 10.464984 -3.691033 6.177508 209.609952 27515.330130
470 12.252713 -13.492743 10.119856 153.656700 73840.851649
470 7.817841 -0.729533 2.592841 102.894422 4847.298455
470 2.758015 1.511058 3.417548 299.800585 8421.263003
470 8.508344 -2.855270 4.234385 163.806143 12927.925596
470 8.816407 11.902015 3.843169 15.611933 10649.448525
470 14.528219 -6.486385 4.707620 267.514166 15979.047180
470 17.832660 -6.676662 6.746943 209.884520 32821.778374
470 12.410422 -3.994720 7.088592 257.622115 36229.978902
470 10.506087 -19.470991 6.481529 201.591876 30290.264215
470 11.862710 -10.878487 7.090071 16.404662 36245.099240
470 -20.851973 17.219576 18.209425 41.265152 239078.510687
470 -11.663832 -7.722553 10.531775 77.967602 79974.447728
470 -24.398553 5.320694 2.575193 14.840374 4781.537218
470 -18.618317 15.823809 4.946905 136.653571 17644.736434
470 -10.953714 3.214837 2.919636 100.099680 6146.183296
470 -2.083783 12.906247 9.790975 181.196458 69119.401900
470 21.227837 4.005506 8.090899 84.830704 47199.958334
470 -2.047637 1.009218 4.371710 39.362034 13780.047630
470 -23.599039 9.011971 8.851443 148.431147 56490.605521
470 -9.528262 5.643656 2.578780 293.825557 4794.869237
471 7.057356 16.397712 6.889588 25.726378 34224.303439
471 12.791917 0.992970 9.403174 292.363068 63752.464588
471 10.939769 12.576644 8.363923 95.531667 50439.187321
471 9.134522 9.118548 5.765198 100.262158 23964.952457
471 5.521848 2.351715 7.017260 107.550479 35504.486151
471 4.899087 -11.006784 13.329397 262.702386 128105.885064
471 6.167168 -9.923361 24.056858 353.738310 417278.366392
471 12.195346 -18.977628 5.412260 320.530465 21120.560285
471 12.940416 -18.363904 10.188797 359.807325 74850.363997
471 -0.992856 4.885819 6.835623 170.949933 33690.254743
471 1.237750 12.102672 8.764136 301.486307 55381.696998
471 -16.167399 -0.943987 5.004597 250.746422 18058.694292
471 -2.484195 5.518543 8.038077 45.781093 46585.676345
471 -13.146621 -4.161702 3.895359 256.288137 10940.649120
471 -20.322846 -8.021955 8.385700 170.500963 50702.190648
471 -9.961883 -12.424533 20.768670 3.992549 311003.616569
471 -2.333308 -1.275712 4.417934 259.727435 14072.992556
471 -18.421010 8.864858 6.257644 146.801382 28233.827815
471 -14.965227 14.473276 8.437241 292.378765 51327.364303
471 -16.794137 -2.810770 6.461114 251.059821 30099.753397
472 9.789057 -10.452396 3.606289 41.931695 9377.112770
472 6.111049 18.738761 6.662469 15.912638 32005.052242
472 11.247423 -10.717263 13.001476 281.678661 121880.258896
472 14.840702 -2.282176 4.399317 176.278321 13954.637332
472 10.997813 12.149362 5.839537 260.731082 24586.967397
472 0.612264 2.571860 4.586586 234.549710 15167.956803
472 9.730814 -1.626597 7.883368 246.521210 44809.663130
472 9.267230 7.592648 11.863103 278.632357 101471.644658
472 10.970489 -12.139937 7.573531 49.132491 41356.609025
472 -6.058711 -2.817507 5.436151 191.341191 21307.431634
472 -16.296256 1.180354 4.833023 67.947276 16841.694944
472 -12.033591 22.207217 7.630098 100.372517 41976.705094
472 -15.907954 2.735222 2.335831 207.861021 3933.969535
472 -22.565303 -6.469047 3.866248 127.101904 10777.736439
472 -10.497911 2.433933 11.492621 143.784369 95232.723919
472 -2.439348 9.531544 4.923555 63.233643 17478.563746
472 -27.862776 14.320225 7.432777 121.170249 39833.663079
472 -14.689587 -7.768060 2.251121 317.427710 3653.809456
472 -8.488441 14.593720 24.738066 85.421388 441244.743594
472 -13.655783 -4.312082 13.815781 138.140798 137625.506348
473 4.363331 -10.203260 4.519675 257.115313 14728.631389
473 10.862342 -2.610391 5.012705 172.272468 18117.252524
473 5.649019 -7.666111 13.721105 320.184015 135745.762050
473 6.797689 -9.862801 12.079626 239.963251 105209.523755
473 10.101216 -2.320952 3.066500 18.472947 6780.065920
473 0.206865 -2.202373 13.015330 263.012781 122140.145514
473 8.616750 -1.647110 6.316529 121.279150 28767.691158
473 8.668391 -0.335981 8.282798 271.377523 49465.478734
473 15.916203 -9.421029 9.163275 235.346340 60540.983879
473 15.902765 11.917373 7.034020 256.631173 35674.282349
473 -10.601801 -7.114151 7.424667 123.596725 39746.789783
473 -10.098817 2.547206 9.308204 201.479374 62471.196062
473 -9.703123 11.049790 1.911768 22.286484 2635.230126
473 -15.145588 -2.199958 13.397478 93.989664 129417.841133
473 -2.576344 -3.780067 10.518695 236.411706 79775.923053
473 -15.298459 2.486952 5.061902 220.284901 18474.619335
473 -22.051817 5.979928 5.118093 200.801159 18887.061398
473 -5.393996 -12.186898 9.958344 271.871035 71502.673623
473 1.354424 -5.707410 12.948159 182.951263 120882.693545
474 -11.543514 -1.165417 2.512586 40.495424 4551.872474
474 17.918505 -12.214304 4.186078 346.911698 12634.634588
474 11.030173 -5.132432 10.411603 207.324710 78159.763041
474 10.822096 -2.909592 7.578544 143.372702 41411.375956
474 5.111735 0.099559 10.920580 305.302494 85988.323037
474 7.587448 -12.650358 4.058930 348.630694 11878.761581
474 6.229679 6.302999 3.692051 156.710850 9828.413814
474 6.533253 13.588643 8.708727 40.494166 54683.646579
474 -2.412576 -19.422039 17.040824 351.978630 209377.128072
474 -23.254838 6.742312 4.381827 257.286003 13843.900817
474 -8.995066 7.947364 7.642248 252.201466 42110.494001
474 -9.560500 -1.697604 6.714166 213.213344 32503.659475
474 -19.692095 3.213631 6.821206 132.376537 33548.293388
474 -6.392726 5.316048 13.757903 298.933022 136474.834497
474 -23.288679 -6.165296 6.510023 125.464364 30557.164946
474 -21.394546 -11.639976 2.126476 197.275233 3260.387142
474 9.369399 23.127667 7.481928 124.883197 40362.222643
474 -0.106061 3.696907 10.666318 117.273292 82030.840164
474 -1.088179 6.090407 7.290691 202.683141 38325.290468
475 14.930998 -8.872490 6.349571 273.096429 29069.450184
475 4.874396 -18.596901 12.706211 27.623714 116407.291509
475 18.545046 -7.879027 10.307406 311.583309 76603.179746
475 -0.966888 -10.610910 8.128435 78.437973 47638.929267
475 7.032717 6.492136 17.746221 156.331532 227070.038055
475 15.134897 -4.121423 8.053053 89.335215 46759.424137
475 3.317261 -3.580090 7.427846 279.165660 39780.834978
475 -2.535552 -8.379484 6.728452 237.402756 32642.127144
475 -12.100669 -19.031093 20.792985 272.369212 311732.262012
475 -17.494063 2.256026 7.769764 202.562902 43527.497512
475 -4.207636 11.288340 16.181492 282.525696 188792.694703
475 -15.484429 -5.898487 13.305513 148.250006 127647.205682
475 -16.754314 -4.166141 10.118376 85.399591 73819.255297
475 11.570237 5.137512 6.445768 96.346744 29956.936728
475 3.126778 10.339079 5.195480 128.821244 19462.539115
475 -18.096684 -15.893230 6.893156 184.069769 34259.757527
475 -13.010235 8.439413 4.440704 345.730093 14218.430864
475 -6.073238 20.100509 12.763960 157.835847 117467.832657
475 -26.547172 17.527224 5.506731 76.610201 21864.312899
476 6.932088 1.795789 8.272634 213.798397 49344.153667
476 18.097772 6.035754 6.201311 258.306092 27727.779176
476 10.293252 -1.145917 6.950907 184.672543 34836.219149
476 9.039545 -4.056258 4.690555 134.638427 15863.412479
476 7.179890 -6.087849 11.985166 6.956980 103570.531550
476 7.308419 -5.529271 3.555823 330.451827 9116.506085
476 9.057918 -2.595554 9.779917 310.216251 68963.363380
476 16.404209 1.520795 17.434160 203.393343 219154.366729
476 -7.746271 -12.766266 4.590280 263.440501 15192.398955
476 -15.818608 1.445807 6.815936 75.962595 33496.468472
476 8.405889 10.219994 25.987250 84.872931 486932.436408
476 -16.441449 -3.500918 6.576769 243.891211 31186.972403
476 -7.573171 1.641898 4.479635 162.735185 14468.829079
476 -18.915617 5.227760 7.619810 345.110284 41863.583633
476 -16.396085 0.059218 8.046579 181.645767 46684.279189
476 -7.871367 -1.336226 3.509305 25.229764 8879.535845
476 12.477325 9.691364 3.901004 150.850855 10972.382616
476 -1.828067 -5.774030 3.220834 195.416324 7479.711012
477 6.349101 -12.080768 7.011610 193.250425 35447.335410
477 13.862284 2.347481 4.872628 321.960529 17118.847119
477 10.627096 -3.266708 16.261664 74.319589 190668.097124
477 14.456629 -2.098034 5.223402 196.928525 19672.291314
477 8.591887 -4.785280 9.149872 88.799947 60364.012518
477 6.363043 -3.334931 14.565605 77.501850 152969.598071
477 11.477747 4.042532 10.924738 351.236306 86053.813922
477 17.158800 2.344188 5.575451 301.775929 22413.421290
477 -8.309515 -0.779239 6.693009 7.007446 32299.135373
477 -18.008728 20.201339 7.064778 170.819231 35986.953179
477 -7.373741 1.406375 13.882014 150.185749 138948.237471
477 5.049654 -8.716092 11.226146 179.836177 90867.682402
477 -6.929281 10.669598 4.693081 3.968323 15880.498362
477 -5.727439 2.426087 8.094814 329.090449 47245.644721
477 -5.105367 -3.038641 3.883316 255.034161 10873.105866
477 -10.491740 11.341686 5.869158 226.350900 24837.034664
477 5.502071 -2.622951 7.287903 238.545399 38295.979874
477 -21.854915 11.215671 5.015519 18.484281 18137.602006
478 6.051690 5.039095 15.698300 240.233938 177686.045826
478 17.642582 -10.893722 10.118961 29.581057 73827.795035
478 7.399064 -2.515080 8.127077 64.975953 47623.012293
478 9.323814 -2.125541 6.658497 353.721558 31966.899830
478 -5.475573 -12.690973 6.995819 247.076870 35287.845402
478 4.689190 -12.954931 3.355716 148.893994 8119.299742
478 10.851051 12.808432 10.229112 26.466139 75443.874182
478 -15.983565 8.927712 3.414896 291.207164 8408.200345
478 -20.849346 -1.702607 4.629515 74.626521 15453.221005
478 -0.480759 2.037748 12.747851 132.444739 117171.512837
478 -8.692368 -0.028800 3.254673 299.003860 7637.705252
478 -9.372605 13.390366 17.173671 73.084407 212654.393642
478 -13.768302 -2.942521 13.686434 167.559037 135060.598390
478 -18.308512 8.038515 6.364356 286.421075 29204.983626
478 -23.691562 7.332403 9.147495 291.365084 60332.648187
478 17.605326 7.913659 12.064409 164.490421 104944.611942
478 5.315345 -3.134255 10.400638 169.995080 77995.227543
479 17.339674 -3.170236 6.043785 153.221119 26336.984458
479 8.287594 -3.455880 5.739326 301.003336 23750.341302
479 13.545499 -8.204753 6.662811 309.611272 32008.330970
479 9.006072 -33.000480 13.550460 152.212727 132390.288643
479 5.492581 17.002833 6.182540 94.538232 27560.172150
479 6.420687 4.959598 10.480282 100.542988 79194.315076
479 4.901750 7.903900 10.000855 224.763091 72114.458459
479 -10.056229 6.655942 3.174800 18.458066 7267.427115
479 -11.310846 3.262633 4.948995 230.117364 17659.649966
479 -7.220591 13.451845 6.762875 261.600945 32976.977192
479 -12.976987 -13.588927 8.971335 132.187136 58031.292639
479 -6.390831 -10.048853 5.143976 59.720189 19078.572950
479 -13.796874 6.036142 3.998265 219.513403 11526.334358
479 -17.008386 13.451107 8.570461 222.302500 52961.035601
479 -23.115993 7.873958 9.924713 151.812373 71020.548402
479 -14.534993 11.139776 4.800320 37.121768 16614.545290
479 -3.076978 -4.152986 3.551379 131.459722 9093.730114
480 9.513358 -0.577993 9.277638 205.108518 62061.587191
480 5.188836 -6.019970 8.636888 120.647758 53785.178210
480 15.160037 5.530670 12.023713 242.726200 104237.810207
480 5.278783 2.969719 3.604311 93.821447 9366.829147
480 6.259836 -2.128574 4.190969 185.083478 12664.174189
480 13.638525 -26.216819 4.437493 40.034850 14197.878546
480 -14.121735 6.973577 4.787333 2.406191 16524.768795
480 -3.430835 24.525971 2.094774 100.398622 3163.899012
480 -17.113508 9.273869 11.151673 80.482963 89666.075131
480 -24.500000 15.510762 5.788907 234.870515 24162.461218
480 1.399981 6.433142 6.227481 338.036364 27962.298813
480 -0.051393 2.972697 7.032205 256.966988 35655.879698
480 -21.915704 22.634942 5.898049 239.439310 25082.156480
480 -16.980471 -4.376912 5.275551 172.996355 20067.056756
480 6.186453 -7.272653 5.413839 346.390548 21132.886379
480 -10.988911 -19.972668 3.533588 134.688143 9002.846066
481 5.169116 -9.314473 32.627806 288.361368 767580.281453
481 5.330870 11.310001 19.432739 68.920754 272280.221949
481 9.972446 -16.962926 5.772980 118.172330 24029.687933
481 11.164863 -3.208396 4.852916 213.543402 16980.621869
481 10.996341 -8.118527 8.234385 73.041121 48888.914735
481 1.788545 5.722543 4.586249 305.327846 15165.729953
481 7.558079 11.393706 5.570014 133.150427 22369.726718
481 9.924826 11.335692 7.150931 241.132249 36870.012740
481 -22.701304 -3.635024 10.769384 108.453208 83623.783272
481 26.877341 -1.465559 5.849325 346.843296 24669.457427
481 -12.504441 5.142515 7.127290 182.165278 36626.628237
481 -19.900391 5.788118 8.131752 280.649169 47677.818147
481 -9.482558 6.549696 7.278167 321.618606 38193.731994
481 -27.793588 3.394486 3.567931 301.647072 9178.696514
481 -11.764993 3.458750 4.646775 143.870184 15568.666742
481 -19.381896 -9.276215 3.327675 119.143229 7984.172457
482 -4.101457 -13.018762 10.730050 56.019963 83014.049236
482 13.840185 -2.346564 14.954111 242.635617 161238.691072
482 6.305001 -1.503128 9.379888 2.102086 63437.113758
482 17.752180 -13.247477 4.334370 74.701923 13545.653526
482 0.189558 2.045908 1.718784 10.670478 2130.055539
482 9.781823 -11.385208 24.867565 126.985541 445876.531376
482 -17.335281 -3.212237 5.893924 345.994072 25047.085038
482 -5.341418 1.541910 6.118119 137.327050 26988.819311
482 -25.273027 15.345830 7.182318 276.589602 37194.382687
482 -14.384698 -17.058614 4.565465 296.752960 15028.588205
482 -21.579358 22.311032 4.951254 277.112334 17675.774676
482 -24.093486 0.061995 6.184771 351.796906 27580.065837
482 -10.830928 1.230319 4.055026 250.105207 11855.923642
482 -23.072582 -4.269721 3.524318 96.757172 8955.671547
482 -12.149525 -8.652397 10.774808 205.175757 83708.038562
482 -18.854256 4.044911 4.750057 332.781407 16268.434648
483 0.781050 -8.957524 3.836014 271.848632 10609.828026
483 -10.631395 10.871667 9.513779 53.679224 65261.072249
483 10.920178 -6.030227 12.143950 94.295452 106332.983999
483 7.044200 -4.972717 2.973823 0.065593 6376.440994
483 8.338149 -2.132625 7.490145 278.015500 40450.936588
483 -10.482301 24.782121 6.910330 176.932184 34430.685698
483 -12.740903 13.588189 6.663069 167.870727 32010.808719
483 -15.109823 17.203832 8.664679 183.944974 54131.865820
483 -16.985024 16.264215 8.251307 287.749252 49090.064877
483 -9.721053 -3.538079 7.269983 195.039898 38107.885929
483 -22.991471 -5.725166 7.922405 38.385569 45254.535146
483 -19.715814 -5.830166 10.111529 262.361445 73719.385491
483 -15.196960 1.211070 9.373297 336.958673 63347.988003
483 -7.409610 -4.239220 4.872959 196.186701 17121.174084
483 2.305348 -5.567398 14.917800 129.325879 160456.613865
484 10.580067 -2.307020 5.267560 222.349206 20006.311544
484 7.547793 -3.721074 6.026885 277.666309 26189.905737
484 6.355582 6.266975 6.073396 196.526081 26595.688858
484 5.056058 14.681509 4.191169 251.388591 12665.386018
484 9.844442 -10.432808 5.884042 339.131825 24963.158783
484 -12.984202 20.758119 10.169808 161.482764 74571.616654
484 -2.303950 15.557569 10.729887 40.347124 83011.515171
484 -9.330874 -0.369453 10.469177 132.878250 79026.575337
484 -16.756573 -7.373560 3.355961 68.137848 8120.484337
484 -19.564893 5.546867 13.249743 204.064822 126579.385807
484 -16.073479 10.666144 5.349667 274.042850 20634.859650
484 -15.758741 -3.834658 5.245621 248.799520 19840.009869
484 -15.334047 7.715466 7.315754 273.309464 38589.239218
484 -28.750483 5.115782 1.934047 189.602149 2697.007340
484 -12.528261 13.336650 3.714137 227.461075 9946.354635
485 10.524424 -8.558803 8.556586 37.428692 52789.684041
485 11.093913 1.288112 4.802337 292.220354 16628.512619
485 9.142955 14.084782 11.458402 212.740048 94666.475168
485 8.483157 -2.310258 4.813757 259.320257 16707.689282
485 -6.999045 -4.065590 9.095487 284.127400 59648.565963
485 -14.452485 8.678155 10.073483 320.729889 73165.673250
485 -15.475595 -8.631476 12.454006 280.010510 111832.035075
485 -15.633122 6.800552 6.323339 32.224424 28829.757777
485 -10.601125 10.595976 5.113934 80.422613 18856.378873
485 -0.896557 -8.908623 2.656015 243.779202 5086.384783
485 -11.239371 7.418006 6.795023 13.643047 33291.237095
485 -12.730708 12.140918 8.511139 69.865199 52230.410486
485 8.798614 7.812006 12.628441 350.424497 114986.680033
485 5.040457 2.365470 11.177542 104.320029 90082.557470
486 11.823910 -14.495580 6.809426 231.238874 33432.518863
486 13.285769 -14.723305 3.099044 254.610808 6924.743269
486 -7.741565 -6.471003 14.274166 102.363660 146909.390266
486 -0.563561 -18.261957 16.729916 322.496490 201806.707549
486 -11.568233 0.275667 11.847613 155.823788 101206.820594
486 -26.223894 4.129758 6.841347 208.888972 33746.699774
486 -3.165159 -5.860644 4.616427 30.210276 15365.972614
486 -18.344363 -7.414980 7.999665 7.978622 46141.497366
486 -8.479980 4.538645 2.979492 145.274629 6400.775734
486 10.914235 -1.539110 5.364640 41.155833 20750.528681
486 -0.011966 5.058435 3.526449 230.979107 8966.506674
486 -7.893163 22.115611 4.610350 232.170170 15325.542447
486 -19.496203 1.963378 8.617120 52.903583 53539.253224
486 -24.219699 5.068033 5.880078 139.666858 24929.543197
487 4.297094 -10.113247 10.230928 284.230556 75470.651787
487 11.603042 -14.811225 2.741058 276.846695 5417.320299
487 16.859078 -6.127028 8.705802 152.465377 54646.913313
487 8.862374 -3.361428 12.324773 313.352017 109523.147138
487 -15.637223 18.476323 5.539169 327.859098 22122.659630
487 -16.024677 16.513364 18.762334 8.995368 253817.643224
487 -20.811093 -7.805188 24.554373 223.959975 434716.132093
487 -10.969345 -9.467252 3.515954 209.972002 8913.218616
487 -13.825226 -8.599504 14.929395 120.534881 160706.154530
487 -1.488784 -2.854269 3.873978 304.275168 10820.874414
487 -14.335008 -4.535984 2.606129 349.264321 4897.109389
487 -6.064713 -8.827837 1.698739 314.727991 2080.662312
487 -3.365991 7.615495 3.861662 300.837451 10752.181133
487 1.813002 -4.635602 12.661464 188.138110 115588.840010
488 4.518018 -1.262369 4.205370 84.314041 12751.359444
488 16.728437 -2.512187 3.938248 50.000945 11182.892499
488 15.970471 -10.863318 7.793652 55.486265 43795.557195
488 2.629869 -3.208557 4.507820 357.659387 14651.468711
488 -2.235306 1.407376 2.543125 304.085645 4663.193387
488 -14.828666 9.810555 7.801052 323.386565 43878.769362
488 -16.687130 -8.979570 5.881278 144.128565 24939.714489
488 5.928660 6.373691 8.032566 44.339236 46521.819957
488 -5.208366 -10.779315 5.010266 14.768276 18099.626299
488 -1.723778 9.260090 5.480730 178.666766 21658.325705
488 -19.654093 -0.647172 13.532348 241.228735 132036.608359
488 -20.780652 37.893840 2.315256 337.809622 3864.971138
488 -14.161260 9.831429 15.347601 217.584927 169835.740996
489 3.471648 -10.009627 3.718421 254.127426 9969.312924
489 13.320663 -3.808285 7.379649 120.771400 39266.253862
489 21.391769 2.573671 7.194392 324.986943 37319.536748
489 1.530631 -11.234194 8.514406 132.167773 52270.512299
489 -14.731479 0.415651 5.696010 24.757700 23393.198598
489 -8.390875 -6.576911 6.013661 2.657227 26075.097177
489 -12.026418 8.174977 6.248940 163.173022 28155.340473
489 -5.740967 20.919017 5.933911 19.410587 25388.091956
489 -11.028669 -6.518929 6.343716 56.348256 29015.865253
489 -12.343725 -9.992974 4.283024 169.131627 13226.629246
489 -3.878718 -2.151031 8.428772 293.467763 51224.374517
489 -14.107582 11.640312 3.276596 222.611785 7740.941767
489 0.127146 -6.425237 5.316054 74.840948 20376.368882
490 20.994186 1.858987 9.090656 288.581707 59585.216824
490 -1.113610 -0.292617 5.293775 225.716565 20205.934944
490 4.535648 -6.837082 8.398644 191.388704 50858.830823
490 -5.826074 3.603309 7.845130 186.859462 44376.016078
490 -6.293046 -4.944177 1.881017 203.778923 2551.134788
490 -18.062538 12.869903 10.133244 82.694832 74036.356686
490 3.435803 15.345180 11.072102 336.208943 88391.044347
490 -17.460013 14.739463 9.034475 257.494804 58851.006037
490 -11.485686 3.310835 11.491092 147.528277 95207.391552
490 -8.604240 -5.030996 9.452516 310.065684 64423.292582
490 -12.117460 1.229618 1.651072 10.190355 1965.530999
490 9.410675 -5.888677 8.394978 239.625474 50814.452141
490 -21.594381 -9.539706 8.314766 95.609888 49848.046890
491 9.274875 -7.439742 9.833103 152.079467 69715.484647
491 14.122828 -14.938663 5.562291 337.175292 22307.735304
491 5.844540 16.182773 4.435979 160.018495 14188.188538
491 2.961414 2.381022 6.001475 303.768815 25969.532210
491 -3.363293 10.165910 7.253841 178.870539 37938.844772
491 -11.782360 8.527264 4.086286 42.246368 12039.420270
491 -16.305243 -1.714995 11.708174 159.067339 98838.558930
491 7.259069 3.510980 3.058918 105.019883 6746.581465
491 -7.179168 -0.959846 2.384546 260.311320 4099.770851
491 -11.249220 -2.078107 5.514688 145.825328 21927.546615
491 -6.339936 1.098082 6.361503 325.939539 29178.805135
492 16.373095 -3.470104 12.516949 355.312410 112965.293821
492 -8.750256 -6.319267 1.897362 159.496087 2595.663293
492 -16.538523 9.935309 7.999008 341.148152 46133.912926
492 -0.115445 7.330638 3.091671 253.484300 6891.832024
492 -8.250402 -19.099637 15.108204 205.046370 164578.754035
492 -17.043286 -0.253754 2.198209 36.846347 3484.064287
492 -22.552566 2.552380 12.804114 342.572074 118208.071889
492 -13.445392 3.548327 13.606196 174.756379 133481.627504
492 -21.746016 -1.536590 5.495241 354.803255 21773.167596
492 -5.626353 17.711829 3.919513 258.892409 11076.747830
492 -3.543652 3.428010 5.879076 39.337452 24921.040517
493 1.367632 7.771200 11.475497 244.757294 94949.155409
493 6.052065 -16.838982 3.266450 305.022519 7693.078005
493 2.508928 -8.903970 4.828123 18.214316 16807.561012
493 -8.450200 -14.174960 8.997992 204.308251 58376.670189
493 -7.695284 0.635660 7.411704 25.167822 39608.112710
493 -0.883589 9.000533 9.245259 213.314040 61629.157799
493 -11.674568 -10.834096 11.940051 264.041912 102792.259128
493 -11.700726 -12.041526 5.319778 325.145260 20404.928018
493 -11.303923 -10.429749 3.897819 7.659538 10954.473665
493 -14.857687 0.899105 2.503034 311.278190 4517.327896
493 -8.739386 5.455955 14.772283 302.115186 157341.506398
494 6.599140 0.930656 5.275486 298.947773 20066.561304
494 -18.234307 15.970339 5.794997 354.422150 24213.332115
494 -5.824881 3.423632 3.733762 30.131253 10051.741636
494 -12.513184 13.711899 4.273353 296.367395 13166.961341
494 -16.551734 14.482078 7.357656 275.778276 39032.563381
494 -18.577169 10.790178 4.894163 239.040414 17270.498540
494 -9.766702 16.157779 7.361119 233.734968 39069.314290
494 -10.851795 -0.580853 13.669140 295.461238 134719.494680
494 -10.950653 0.809552 9.112163 74.072225 59867.488993
494 -17.896701 8.243289 4.397738 273.679935 13944.623664
495 8.124732 0.255776 2.890986 250.592830 6026.151399
495 -20.874411 -0.270968 2.854981 94.510756 5876.982174
495 -15.558709 5.799796 7.089316 21.960556 36237.371846
495 -14.869041 -9.592503 11.989361 337.408968 103643.048810
495 -5.807704 -15.045535 5.390355 80.124067 20949.944265
495 -12.163751 5.076354 4.105513 6.986924 12152.985891
495 -14.741721 12.435721 2.161935 55.975198 3370.026133
495 -16.491008 6.465324 4.008961 34.234232 11588.089333
495 -1.385317 -11.319103 6.601766 114.802252 31424.497979
495 -5.979917 -7.022094 4.237215 282.268314 12945.210526
496 10.258769 -11.439762 5.091398 43.900042 18690.556056
496 -17.253960 -3.751378 6.242791 143.064374 28099.953339
496 -8.488392 -12.896861 5.331363 187.851731 20493.902091
496 -18.519838 -2.840063 7.003133 223.975104 35361.673523
496 -8.797710 -5.227276 6.982246 208.415187 35151.052795
496 -22.056894 2.767114 9.156379 247.019330 60449.904234
496 -22.730520 9.842394 8.721324 352.102375 54841.950139
496 -6.887520 12.798012 11.109015 316.379613 88981.382391
496 -19.015277 1.519980 4.178405 90.682832 12588.356666
496 -13.908409 -0.932057 8.259649 347.623826 49189.367409
497 -2.180127 -2.856159 3.513025 167.631692 8898.373759
497 -4.167364 -13.662697 5.689228 241.576938 23337.526034
497 -10.685695 28.325427 4.702432 104.844623 15943.849350
497 -8.553180 5.914998 5.307854 250.518973 20313.558562
497 2.118983 0.717054 32.829950 261.524165 777120.772797
497 -13.743923 -1.016726 5.863447 73.039958 24788.718995
497 -12.176794 4.464350 4.051753 191.353467 11836.789604
497 -3.499801 -11.953756 10.032555 11.480419 72572.341921
497 -7.905946 -18.117839 30.089001 85.966942 652775.152755
498 7.068940 5.062831 5.497193 270.274822 21788.639780
498 -18.272963 8.238455 2.506122 307.071289 4528.478657
498 -13.411124 21.692361 3.484710 351.712714 8755.508817
498 -8.604444 15.893161 3.717505 92.786638 9964.399615
498 -13.206711 7.796191 7.586161 352.099668 41494.659033
498 -5.430122 2.699843 5.766754 137.550323 23977.891218
498 -17.615838 9.159775 4.020258 261.476747 11653.487536
498 -11.421843 8.272021 2.510950 91.580049 4545.943990
498 -10.072240 21.326342 9.589786 180.765391 66307.998911
499 5.364108 -7.285648 7.403565 218.547724 39521.173634
499 -22.037414 14.086446 4.085049 201.502030 12032.131653
499 -10.101744 23.250201 7.395078 54.357554 39430.620313
499 8.272439 5.452528 3.368347 133.694939 8180.534077
499 -9.635733 2.923935 12.079069 135.741382 105199.823980
499 -15.388134 5.176310 35.996946 173.172274 934285.002597
499 -10.325229 -0.612945 6.070980 182.622442 26574.531364
499 -4.825604 14.355529 3.083359 110.324881 6854.823388
500 -16.907549 -3.094169 7.146095 47.997970 36820.153933
500 -16.154341 -1.284127 4.805952 200.858056 16653.554036
500 6.992368 -0.372525 3.046891 333.141678 6693.634762
500 -4.765885 20.467198 6.180041 329.531940 27537.894771
500 -22.180888 6.968836 9.479701 341.080975 64794.383667
500 -9.141829 10.138093 10.259156 228.717296 75887.695480
500 2.937544 17.643737 14.341780 115.595039 148304.451874
500 -13.653315 -11.283170 3.280998 128.743471 7761.756332
501 -8.979217 29.917055 6.848215 319.005542 33814.487369
501 -11.481741 0.414562 6.771063 294.287067 33056.874463
501 -0.909226 9.569114 6.292736 149.753806 28551.382019
501 -16.120461 -8.462291 5.946222 151.606288 25493.550000
501 12.754995 11.781184 4.899675 111.810466 17309.423594
501 -11.153934 6.562938 5.115463 127.061995 18867.655816
501 -7.898456 7.798243 11.507656 288.762341 95482.073216
502 -8.027863 -16.886652 9.752247 271.192184 68573.678249
502 -6.937379 6.340658 11.521654 276.553401 95714.506870
502 -14.048562 5.888185 8.116723 285.359727 47501.740126
502 -11.065684 2.718647 4.541021 319.322891 14868.086103
502 -14.186622 7.929539 1.243389 108.151533 1114.710084
502 -18.114293 -12.265509 6.753897 316.057472 32889.473413
502 -8.408108 7.642337 11.958182 109.047759 103104.676077
503 0.440406 3.487190 12.462394 151.614132 111982.731772
503 -8.356877 13.624390 14.905455 66.337757 160191.168743
503 -14.679036 11.189457 8.564358 331.704080 52885.630650
503 -16.680715 5.758489 2.575478 161.137478 4782.598152
503 -14.456279 12.765127 5.909819 296.956320 25182.360302
503 -15.126857 17.674866 6.220938 62.079510 27903.577211
503 -7.129634 2.297954 7.479558 110.411758 40336.657456
504 -16.521981 -3.722491 5.357655 287.647406 20696.533466
504 6.884768 -11.308372 12.889385 31.001457 119787.773438
504 -10.340225 16.528922 8.321832 17.408058 49932.809763
504 -4.869124 8.102999 9.415650 234.899028 63921.755159
504 -7.483711 22.817524 4.074143 222.255087 11967.970556
504 0.155170 -4.075569 5.716870 182.553956 23564.849416
504 -7.582726 18.990593 6.529763 318.556079 30742.763294
505 20.825878 18.199078 6.499685 22.341262 30460.196214
505 -10.739163 5.027775 10.008946 66.733152 72231.183699
505 -17.486606 0.502606 10.991048 183.651626 87101.630265
505 -12.610244 0.159680 7.343752 2.242544 38885.178849
505 -6.839331 -4.882354 13.732578 126.368903 135972.852421
505 -12.163340 5.150801 8.871156 123.873181 56742.498938
506 0.570014 -7.677107 15.809158 89.732756 180204.460329
506 -12.970795 -14.518214 3.721877 285.641915 9987.854685
506 -14.460600 -4.015950 5.802001 233.867713 24271.893086
506 -2.040122 4.457011 8.818953 294.514322 56076.658363
506 -6.785763 19.248032 13.813353 180.510158 137577.143435
506 -15.438801 -13.566407 17.632769 292.744377 224175.997396
507 1.503444 -3.284248 7.868143 204.695261 44636.752659
507 -3.162853 0.723494 11.906484 234.471473 102215.118365
507 -0.976876 4.724935 7.730824 263.892519 43092.295946
507 1.818999 -17.342485 4.435331 225.271026 14184.044205
507 -19.476871 8.173049 9.735921 160.350558 68344.280685
507 4.029086 1.796512 5.751466 237.986183 23850.922127
508 3.311059 -5.670436 3.481716 189.021119 8740.468664
508 -5.197476 14.925580 13.380077 225.848398 129081.888830
508 -22.497014 6.673994 3.667227 75.509733 9696.692194
508 -11.911604 -4.910717 3.259806 125.000440 7661.815784
508 -1.954961 -3.730259 2.936626 246.681721 6217.921829
508 -3.972999 3.490643 3.720258 122.409853 9979.162141
