1 18.703975 6.270973 12.846055 66.888246 118983.743236
1 -18.703975 -6.270973 12.846055 66.888246 118983.743236
1 20.505364 6.566013 6.641852 23.278797 31807.278399
1 -20.505364 -6.566013 6.641852 23.278797 31807.278399
1 10.163628 4.622665 15.088173 352.716218 164142.628670
1 -10.163628 -4.622665 15.088173 352.716218 164142.628670
2 26.213078 7.423813 1.866528 65.633050 2511.985005
2 -26.213078 -7.423813 1.866528 65.633050 2511.985005
2 23.365876 7.009048 5.855116 62.327913 24718.328995
2 -23.365876 -7.009048 5.855116 62.327913 24718.328995
2 19.268181 6.364853 9.623672 114.087509 66777.427440
2 -19.268181 -6.364853 9.623672 114.087509 66777.427440
3 10.841866 4.774413 8.576727 105.088055 53038.503060
3 -10.841866 -4.774413 8.576727 105.088055 53038.503060
3 21.983084 6.798488 5.130769 91.303640 18980.732375
3 -21.983084 -6.798488 5.130769 91.303640 18980.732375
3 18.137164 6.175224 11.815200 351.085440 100653.820547
3 -18.137164 -6.175224 11.815200 351.085440 100653.820547
4 20.419647 6.552275 14.437257 241.921381 150285.628830
4 -20.419647 -6.552275 14.437257 241.921381 150285.628830
4 26.688295 7.490804 12.016736 127.766306 104116.868111
4 -26.688295 -7.490804 12.016736 127.766306 104116.868111
4 16.334292 5.860277 3.981013 243.498706 11427.077630
4 -16.334292 -5.860277 3.981013 243.498706 11427.077630
4 18.411795 6.221800 10.230984 143.320967 75471.482492
4 -18.411795 -6.221800 10.230984 143.320967 75471.482492
5 12.576021 5.142089 4.223976 279.684720 12864.441763
5 -12.576021 -5.142089 4.223976 279.684720 12864.441763
5 12.479769 5.122374 2.470276 261.215065 4399.860489
5 -12.479769 -5.122374 2.470276 261.215065 4399.860489
5 24.584034 7.189432 10.909993 160.311084 85821.687154
5 -24.584034 -7.189432 10.909993 160.311084 85821.687154
5 19.558862 6.412683 10.579047 309.486746 80693.984686
5 -19.558862 -6.412683 10.579047 309.486746 80693.984686
6 13.342337 5.296439 5.338404 294.902298 20548.068161
6 -13.342337 -5.296439 5.338404 294.902298 20548.068161
6 27.676939 7.628287 1.666955 124.304453 2003.529837
6 -27.676939 -7.628287 1.666955 124.304453 2003.529837
6 18.890747 6.302206 9.742032 249.814525 68430.099962
6 -18.890747 -6.302206 9.742032 249.814525 68430.099962
6 10.237912 4.639527 2.565867 142.904442 4746.969323
6 -10.237912 -4.639527 2.565867 142.904442 4746.969323
7 4.678507 3.136329 7.257206 330.280987 37974.055071
7 -4.678507 -3.136329 7.257206 330.280987 37974.055071
7 19.547979 6.410899 6.124287 255.394084 27043.263082
7 -19.547979 -6.410899 6.124287 255.394084 27043.263082
7 27.578951 7.614771 2.469701 247.321496 4397.815173
7 -27.578951 -7.614771 2.469701 247.321496 4397.815173
7 25.972702 7.389696 4.588748 158.717488 15182.263012
7 -25.972702 -7.389696 4.588748 158.717488 15182.263012
7 12.370732 5.099948 11.029064 127.125918 87705.211952
7 -12.370732 -5.099948 11.029064 127.125918 87705.211952
8 10.280017 4.649057 9.894450 63.801379 70588.078401
8 -10.280017 -4.649057 9.894450 63.801379 70588.078401
8 10.125029 4.613878 7.792090 262.596915 43778.010350
8 -10.125029 -4.613878 7.792090 262.596915 43778.010350
8 20.466689 6.559818 13.033881 168.087681 122488.565472
8 -20.466689 -6.559818 13.033881 168.087681 122488.565472
8 19.930726 6.473357 5.640702 227.188210 22941.105903
8 -19.930726 -6.473357 5.640702 227.188210 22941.105903
8 28.812503 7.783205 6.590374 234.538204 31316.134314
8 -28.812503 -7.783205 6.590374 234.538204 31316.134314
9 14.362083 5.495114 4.187430 230.710249 12642.796674
9 -14.362083 -5.495114 4.187430 230.710249 12642.796674
9 15.454870 5.700339 9.915858 86.402976 70893.863567
9 -15.454870 -5.700339 9.915858 86.402976 70893.863567
9 17.404750 6.049255 9.221974 333.909013 61319.109663
9 -17.404750 -6.049255 9.221974 333.909013 61319.109663
9 26.579743 7.475554 4.488317 80.310407 14524.964207
9 -26.579743 -7.475554 4.488317 80.310407 14524.964207
9 25.051219 7.257423 4.305348 242.161223 13364.862878
9 -25.051219 -7.257423 4.305348 242.161223 13364.862878
10 24.371979 7.158358 6.580570 16.550210 31223.034515
10 -24.371979 -7.158358 6.580570 16.550210 31223.034515
10 20.874922 6.624917 5.383134 39.699361 20893.848308
10 -20.874922 -6.624917 5.383134 39.699361 20893.848308
10 4.926535 3.218391 16.800246 82.978947 203506.997311
10 -4.926535 -3.218391 16.800246 82.978947 203506.997311
10 12.596996 5.146376 6.618939 62.639095 31588.198227
10 -12.596996 -5.146376 6.618939 62.639095 31588.198227
10 6.675629 3.746400 8.814789 292.496424 56023.712432
10 -6.675629 -3.746400 8.814789 292.496424 56023.712432
10 18.473369 6.232195 3.370404 344.296706 8190.528704
10 -18.473369 -6.232195 3.370404 344.296706 8190.528704
11 25.452942 7.315382 5.377553 35.126487 20850.544337
11 -25.452942 -7.315382 5.377553 35.126487 20850.544337
11 13.027704 5.233617 8.361105 129.841188 50405.208793
11 -13.027704 -5.233617 8.361105 129.841188 50405.208793
11 21.108245 6.661838 3.678028 30.161866 9753.896398
11 -21.108245 -6.661838 3.678028 30.161866 9753.896398
11 21.835694 6.775658 4.817748 44.356399 16735.408632
11 -21.835694 -6.775658 4.817748 44.356399 16735.408632
11 18.417128 6.222701 3.722550 356.070533 9991.465252
11 -18.417128 -6.222701 3.722550 356.070533 9991.465252
11 11.785967 4.977951 8.442440 236.537792 51390.643645
11 -11.785967 -4.977951 8.442440 236.537792 51390.643645
12 13.004226 5.228899 2.104916 268.209607 3194.608600
12 -13.004226 -5.228899 2.104916 268.209607 3194.608600
12 26.007616 7.394661 15.315689 102.080332 169130.195500
12 -26.007616 -7.394661 15.315689 102.080332 169130.195500
12 11.851531 4.991778 5.298603 109.257922 20242.813801
12 -11.851531 -4.991778 5.298603 109.257922 20242.813801
12 14.408895 5.504062 6.076475 201.604698 26622.663014
12 -14.408895 -5.504062 6.076475 201.604698 26622.663014
12 21.989230 6.799438 6.770879 6.168851 33055.075155
12 -21.989230 -6.799438 6.770879 6.168851 33055.075155
12 18.471996 6.231964 13.609883 20.098994 133553.982938
12 -18.471996 -6.231964 13.609883 20.098994 133553.982938
13 22.953100 6.946862 9.589771 24.633832 66307.789933
13 -22.953100 -6.946862 9.589771 24.633832 66307.789933
13 21.913442 6.787710 10.729622 8.983431 83007.413132
13 -21.913442 -6.787710 10.729622 8.983431 83007.413132
13 15.541243 5.716246 3.394360 90.728283 8307.375974
13 -15.541243 -5.716246 3.394360 90.728283 8307.375974
13 24.408910 7.163779 4.547471 243.941052 14910.351656
13 -24.408910 -7.163779 4.547471 243.941052 14910.351656
13 15.823143 5.767856 10.014441 237.684386 72310.515437
13 -15.823143 -5.767856 10.014441 237.684386 72310.515437
13 13.508651 5.329347 14.709433 176.172124 156005.505962
13 -13.508651 -5.329347 14.709433 176.172124 156005.505962
13 15.219974 5.656854 10.195383 133.915708 74947.160269
13 -15.219974 -5.656854 10.195383 133.915708 74947.160269
14 25.145448 7.271059 6.981913 133.707457 35147.705736
14 -25.145448 -7.271059 6.981913 133.707457 35147.705736
14 24.077411 7.114967 9.091837 229.671360 59600.695631
14 -24.077411 -7.114967 9.091837 229.671360 59600.695631
14 22.711745 6.910242 5.913465 276.433069 25213.440006
14 -22.711745 -6.910242 5.913465 276.433069 25213.440006
14 21.305458 6.692886 2.532612 175.812232 4624.719738
14 -21.305458 -6.692886 2.532612 175.812232 4624.719738
14 19.604286 6.420125 2.716094 237.430669 5319.094215
14 -19.604286 -6.420125 2.716094 237.430669 5319.094215
14 16.575401 5.903370 5.798246 331.172091 24240.483713
14 -16.575401 -5.903370 5.798246 331.172091 24240.483713
14 20.203430 6.517493 14.734494 172.667120 156537.539526
14 -20.203430 -6.517493 14.734494 172.667120 156537.539526
15 15.317632 5.674973 5.634240 84.278606 22888.572188
15 -15.317632 -5.674973 5.634240 84.278606 22888.572188
15 23.619263 7.046950 6.143655 43.105944 27214.581023
15 -23.619263 -7.046950 6.143655 43.105944 27214.581023
15 16.138541 5.825057 3.312886 241.100866 7913.364024
15 -16.138541 -5.825057 3.312886 241.100866 7913.364024
15 18.981647 6.317350 20.839476 119.769122 313127.824543
15 -18.981647 -6.317350 20.839476 119.769122 313127.824543
15 16.519291 5.893370 10.710934 2.118478 82718.526130
15 -16.519291 -5.893370 10.710934 2.118478 82718.526130
15 15.867464 5.775928 4.891274 68.989978 17250.118886
15 -15.867464 -5.775928 4.891274 68.989978 17250.118886
15 15.369297 5.684536 4.852205 194.037587 16975.644672
15 -15.369297 -5.684536 4.852205 194.037587 16975.644672
16 29.206538 7.836246 4.207333 199.465836 12763.269799
16 -29.206538 -7.836246 4.207333 199.465836 12763.269799
16 7.558048 3.986326 10.911206 323.850057 85840.763734
16 -7.558048 -3.986326 10.911206 323.850057 85840.763734
16 21.918984 6.788569 6.717552 274.231234 32536.448499
16 -21.918984 -6.788569 6.717552 274.231234 32536.448499
16 25.469700 7.317790 8.342363 287.454455 50179.488781
16 -25.469700 -7.317790 8.342363 287.454455 50179.488781
16 29.097650 7.821624 5.586147 70.986490 22499.495079
16 -29.097650 -7.821624 5.586147 70.986490 22499.495079
16 17.408101 6.049837 4.386071 92.800488 13870.730353
16 -17.408101 -6.049837 4.386071 92.800488 13870.730353
16 17.538217 6.072405 6.921764 203.755666 34544.718818
16 -17.538217 -6.072405 6.921764 203.755666 34544.718818
16 25.544080 7.328467 3.341311 125.991928 8049.738825
16 -25.544080 -7.328467 3.341311 125.991928 8049.738825
17 33.272309 8.363912 10.365663 283.788051 77471.556811
17 -33.272309 -8.363912 10.365663 283.788051 77471.556811
17 13.574311 5.342283 8.509457 106.848633 52209.765939
17 -13.574311 -5.342283 8.509457 106.848633 52209.765939
17 22.052480 6.809210 4.432403 57.151443 14165.324168
17 -22.052480 -6.809210 4.432403 57.151443 14165.324168
17 10.841473 4.774327 24.268848 310.906554 424664.936174
17 -10.841473 -4.774327 24.268848 310.906554 424664.936174
17 17.126118 6.000639 7.245400 155.351780 37850.598284
17 -17.126118 -6.000639 7.245400 155.351780 37850.598284
17 31.651577 8.157661 3.222929 266.158212 7489.441700
17 -31.651577 -8.157661 3.222929 266.158212 7489.441700
17 12.100469 5.043931 1.594176 331.692220 1832.402408
17 -12.100469 -5.043931 1.594176 331.692220 1832.402408
17 16.955689 5.970706 8.938224 135.472633 57603.718006
17 -16.955689 -5.970706 8.938224 135.472633 57603.718006
18 23.730701 7.063554 4.454585 126.889577 14307.464032
18 -23.730701 -7.063554 4.454585 126.889577 14307.464032
18 19.768546 6.446966 4.826015 214.779762 16792.892099
18 -19.768546 -6.446966 4.826015 214.779762 16792.892099
18 17.413589 6.050791 10.752146 62.105949 83356.288796
18 -17.413589 -6.050791 10.752146 62.105949 83356.288796
18 21.293181 6.690958 7.694567 233.858778 42689.045815
18 -21.293181 -6.690958 7.694567 233.858778 42689.045815
18 16.444133 5.879948 12.270404 175.608512 108558.999516
18 -16.444133 -5.879948 12.270404 175.608512 108558.999516
18 12.481697 5.122770 5.235665 284.772406 19764.767969
18 -12.481697 -5.122770 5.235665 284.772406 19764.767969
18 13.929323 5.411691 2.585523 167.162377 4819.976009
18 -13.929323 -5.411691 2.585523 167.162377 4819.976009
18 16.393642 5.870914 7.595232 121.084123 41593.952158
18 -16.393642 -5.870914 7.595232 121.084123 41593.952158
19 9.655048 4.505523 8.174520 34.275298 48180.638177
19 -9.655048 -4.505523 8.174520 34.275298 48180.638177
19 16.330767 5.859645 6.020682 348.381455 26136.021769
19 -16.330767 -5.859645 6.020682 348.381455 26136.021769
19 21.155337 6.669265 4.253316 88.060302 13043.776775
19 -21.155337 -6.669265 4.253316 88.060302 13043.776775
19 16.432596 5.877885 4.660916 287.531514 15663.564162
19 -16.432596 -5.877885 4.660916 287.531514 15663.564162
19 5.244686 3.320685 7.428387 348.756865 39786.628384
19 -5.244686 -3.320685 7.428387 348.756865 39786.628384
19 22.759441 6.917494 16.745390 214.003528 202180.183811
19 -22.759441 -6.917494 16.745390 214.003528 202180.183811
19 26.904112 7.521030 8.479836 218.740210 51846.920900
19 -26.904112 -7.521030 8.479836 218.740210 51846.920900
19 19.759530 6.445495 4.322790 290.410466 13473.375061
19 -19.759530 -6.445495 4.322790 290.410466 13473.375061
19 11.598192 4.938137 2.014791 188.515750 2926.900705
19 -11.598192 -4.938137 2.014791 188.515750 2926.900705
20 24.036168 7.108871 1.617331 26.683355 1886.017296
20 -24.036168 -7.108871 1.617331 26.683355 1886.017296
20 14.809792 5.580106 5.304385 253.320721 20287.016428
20 -14.809792 -5.580106 5.304385 253.320721 20287.016428
20 18.977092 6.316592 12.503495 207.565528 112722.581400
20 -18.977092 -6.316592 12.503495 207.565528 112722.581400
20 18.622291 6.257265 2.165732 320.898328 3381.874753
20 -18.622291 -6.257265 2.165732 320.898328 3381.874753
20 14.033252 5.431842 7.816965 169.974251 44057.967581
20 -14.033252 -5.431842 7.816965 169.974251 44057.967581
20 28.288577 7.712116 8.732100 54.633439 54977.562380
20 -28.288577 -7.712116 8.732100 54.633439 54977.562380
20 14.356717 5.494088 7.136229 40.346604 36718.558689
20 -14.356717 -5.494088 7.136229 40.346604 36718.558689
20 12.346365 5.094922 19.060350 272.206754 261944.812030
20 -12.346365 -5.094922 19.060350 272.206754 261944.812030
20 19.912082 6.470329 3.224135 159.944420 7495.048312
20 -19.912082 -6.470329 3.224135 159.944420 7495.048312
21 21.174560 6.672294 6.014246 22.977276 26080.171581
21 -21.174560 -6.672294 6.014246 22.977276 26080.171581
21 20.484494 6.562671 17.554533 115.957825 222191.089490
21 -20.484494 -6.562671 17.554533 115.957825 222191.089490
21 23.179262 6.981003 27.865730 315.385250 559872.239052
21 -23.179262 -6.981003 27.865730 315.385250 559872.239052
21 9.512939 4.472243 4.604773 23.937926 15288.488832
21 -9.512939 -4.472243 4.604773 23.937926 15288.488832
21 17.555050 6.075318 2.443324 210.596755 4304.375724
21 -17.555050 -6.075318 2.443324 210.596755 4304.375724
21 17.675278 6.096087 9.207141 77.788175 61122.017151
21 -17.675278 -6.096087 9.207141 77.788175 61122.017151
21 33.892940 8.441558 10.212142 292.904917 75193.755840
21 -33.892940 -8.441558 10.212142 292.904917 75193.755840
21 15.697035 5.744825 11.869369 234.291419 101578.861743
21 -15.697035 -5.744825 11.869369 234.291419 101578.861743
21 23.449002 7.021505 10.130432 94.975726 73995.279605
21 -23.449002 -7.021505 10.130432 94.975726 73995.279605
22 21.170519 6.671658 6.583538 156.303799 31251.202118
22 -21.170519 -6.671658 6.583538 156.303799 31251.202118
22 29.163126 7.830420 5.134241 334.007767 19006.429940
22 -29.163126 -7.830420 5.134241 334.007767 19006.429940
22 22.649214 6.900723 4.807137 227.638145 16661.764464
22 -22.649214 -6.900723 4.807137 227.638145 16661.764464
22 17.733115 6.106052 14.546151 353.980172 152561.250909
22 -17.733115 -6.106052 14.546151 353.980172 152561.250909
22 25.413815 7.309757 1.788027 283.755659 2305.133546
22 -25.413815 -7.309757 1.788027 283.755659 2305.133546
22 11.148708 4.841504 5.272235 328.390164 20041.837969
22 -11.148708 -4.841504 5.272235 328.390164 20041.837969
22 12.278685 5.080938 11.883107 66.171864 101814.144625
22 -12.278685 -5.080938 11.883107 66.171864 101814.144625
22 22.963462 6.948430 6.820106 3.131950 33537.474410
22 -22.963462 -6.948430 6.820106 3.131950 33537.474410
22 17.239976 6.020552 10.326557 213.526754 76888.111796
22 -17.239976 -6.020552 10.326557 213.526754 76888.111796
22 20.265487 6.527495 13.808327 212.501150 137477.052936
22 -20.265487 -6.527495 13.808327 212.501150 137477.052936
23 15.610678 5.729001 11.557729 37.797214 96314.815779
23 -15.610678 -5.729001 11.557729 37.797214 96314.815779
23 8.934500 4.334142 19.130933 278.752184 263888.453165
23 -8.934500 -4.334142 19.130933 278.752184 263888.453165
23 13.653200 5.357784 4.674487 257.198350 15754.912597
23 -13.653200 -5.357784 4.674487 257.198350 15754.912597
23 13.574003 5.342223 7.934148 297.863332 45388.791275
23 -13.574003 -5.342223 7.934148 297.863332 45388.791275
23 13.112948 5.250712 4.024475 177.560012 11677.949857
23 -13.112948 -5.250712 4.024475 177.560012 11677.949857
23 8.859204 4.315840 11.361167 261.306752 93066.631238
23 -8.859204 -4.315840 11.361167 261.306752 93066.631238
23 12.190280 5.062614 4.146489 156.019560 12396.783242
23 -12.190280 -5.062614 4.146489 156.019560 12396.783242
23 10.166278 4.623267 8.035562 200.264312 46556.532841
23 -10.166278 -4.623267 8.035562 200.264312 46556.532841
23 20.777165 6.609386 4.312770 241.494825 13410.983274
23 -20.777165 -6.609386 4.312770 241.494825 13410.983274
23 15.478386 5.704674 8.627105 109.574287 53663.408057
23 -15.478386 -5.704674 8.627105 109.574287 53663.408057
24 18.110130 6.170620 4.118169 85.017142 12228.029301
24 -18.110130 -6.170620 4.118169 85.017142 12228.029301
24 10.481844 4.694473 9.247921 215.758420 61664.649287
24 -10.481844 -4.694473 9.247921 215.758420 61664.649287
24 20.857312 6.622122 2.677922 316.093488 5170.634019
24 -20.857312 -6.622122 2.677922 316.093488 5170.634019
24 11.451995 4.906915 7.880392 305.169928 44775.832889
24 -11.451995 -4.906915 7.880392 305.169928 44775.832889
24 30.142093 7.960763 10.401998 132.621989 78015.632653
24 -30.142093 -7.960763 10.401998 132.621989 78015.632653
24 18.219762 6.189269 5.091459 107.612032 18691.000203
24 -18.219762 -6.189269 5.091459 107.612032 18691.000203
24 18.557496 6.246370 15.967019 258.565839 183821.277545
24 -18.557496 -6.246370 15.967019 258.565839 183821.277545
24 10.642073 4.730218 7.488954 169.768454 40438.072385
24 -10.642073 -4.730218 7.488954 169.768454 40438.072385
24 19.479211 6.399613 8.630330 206.161720 53703.535013
24 -19.479211 -6.399613 8.630330 206.161720 53703.535013
24 19.584489 6.416883 13.632245 221.353386 133993.216143
24 -19.584489 -6.416883 13.632245 221.353386 133993.216143
25 10.801600 4.765539 4.885383 7.036959 17208.588479
25 -10.801600 -4.765539 4.885383 7.036959 17208.588479
25 26.400391 7.450290 6.842154 282.192886 33754.666282
25 -26.400391 -7.450290 6.842154 282.192886 33754.666282
25 12.887824 5.205444 17.928280 31.236258 231752.980925
25 -12.887824 -5.205444 17.928280 31.236258 231752.980925
25 14.579463 5.536544 5.744942 93.329587 23796.840778
25 -14.579463 -5.536544 5.744942 93.329587 23796.840778
25 24.491505 7.175889 5.712595 261.298249 23529.620611
25 -24.491505 -7.175889 5.712595 261.298249 23529.620611
25 24.068823 7.113698 8.291388 141.386271 49568.129036
25 -24.068823 -7.113698 8.291388 141.386271 49568.129036
25 13.781792 5.382956 8.544350 53.794062 52638.821949
25 -13.781792 -5.382956 8.544350 53.794062 52638.821949
25 7.446876 3.956900 9.914973 42.488038 70881.211172
25 -7.446876 -3.956900 9.914973 42.488038 70881.211172
25 8.806358 4.302949 4.650023 51.072093 15590.437314
25 -8.806358 -4.302949 4.650023 51.072093 15590.437314
25 19.603114 6.419934 9.521647 42.742744 65369.057477
25 -19.603114 -6.419934 9.521647 42.742744 65369.057477
25 15.385892 5.687604 10.659833 218.042201 81931.112177
25 -15.385892 -5.687604 10.659833 218.042201 81931.112177
26 5.810266 3.495151 13.195290 132.942038 125541.101494
26 -5.810266 -3.495151 13.195290 132.942038 125541.101494
26 10.105351 4.609393 5.889586 249.000534 25010.227474
26 -10.105351 -4.609393 5.889586 249.000534 25010.227474
26 9.513420 4.472356 3.959515 162.725495 11304.000261
26 -9.513420 -4.472356 3.959515 162.725495 11304.000261
26 22.212682 6.833898 10.612036 213.075414 81198.029526
26 -22.212682 -6.833898 10.612036 213.075414 81198.029526
26 26.042371 7.399600 4.071718 105.787962 11953.731339
26 -26.042371 -7.399600 4.071718 105.787962 11953.731339
26 0.622490 1.144021 8.592422 150.700260 53232.789220
26 -0.622490 -1.144021 8.592422 150.700260 53232.789220
26 11.296105 4.873403 7.039650 249.431759 35731.418654
26 -11.296105 -4.873403 7.039650 249.431759 35731.418654
26 8.175937 4.146071 3.360370 337.027285 8141.835824
26 -8.175937 -4.146071 3.360370 337.027285 8141.835824
26 19.611831 6.421361 11.577221 44.654437 96639.951937
26 -19.611831 -6.421361 11.577221 44.654437 96639.951937
26 24.746395 7.213134 8.267614 239.828971 49284.282921
26 -24.746395 -7.213134 8.267614 239.828971 49284.282921
26 10.621356 4.725611 4.332972 164.300874 13536.919213
26 -10.621356 -4.725611 4.332972 164.300874 13536.919213
27 20.070057 6.495944 5.018984 352.116594 18162.667586
27 -20.070057 -6.495944 5.018984 352.116594 18162.667586
27 9.588409 4.489948 20.443479 106.368535 301340.618223
27 -9.588409 -4.489948 20.443479 106.368535 301340.618223
27 16.898413 5.960614 4.321791 328.587401 13467.147494
27 -16.898413 -5.960614 4.321791 328.587401 13467.147494
27 25.055268 7.258009 22.789732 94.512628 374478.171984
27 -25.055268 -7.258009 22.789732 94.512628 374478.171984
27 25.755689 7.358759 7.287530 234.554562 38292.060106
27 -25.755689 -7.358759 7.287530 234.554562 38292.060106
27 16.548156 5.898517 10.016225 192.244249 72336.290327
27 -16.548156 -5.898517 10.016225 192.244249 72336.290327
27 17.619537 6.086467 5.436054 215.096458 21306.673572
27 -17.619537 -6.086467 5.436054 215.096458 21306.673572
27 21.644985 6.746005 23.415594 23.061951 395328.776522
27 -21.644985 -6.746005 23.415594 23.061951 395328.776522
27 18.323832 6.206920 22.283363 54.760355 358021.855763
27 -18.323832 -6.206920 22.283363 54.760355 358021.855763
27 9.253617 4.410865 9.791524 115.777817 69127.149960
27 -9.253617 -4.410865 9.791524 115.777817 69127.149960
27 15.520125 5.712360 9.575796 277.405250 66114.677205
27 -15.520125 -5.712360 9.575796 277.405250 66114.677205
28 8.823835 4.307216 5.170373 328.999600 19274.884918
28 -8.823835 -4.307216 5.170373 328.999600 19274.884918
28 8.899947 4.325753 3.093058 61.418150 6898.014927
28 -8.899947 -4.325753 3.093058 61.418150 6898.014927
28 20.690874 6.595647 9.455910 49.684591 64469.563965
28 -20.690874 -6.595647 9.455910 49.684591 64469.563965
28 17.103416 5.996660 3.906567 319.119558 11003.696803
28 -17.103416 -5.996660 3.906567 319.119558 11003.696803
28 20.779466 6.609752 7.863176 270.495223 44580.407238
28 -20.779466 -6.609752 7.863176 270.495223 44580.407238
28 12.056035 5.034661 10.609046 138.917657 81152.279552
28 -12.056035 -5.034661 10.609046 138.917657 81152.279552
28 11.327072 4.880079 5.364349 121.583740 20748.279786
28 -11.327072 -4.880079 5.364349 121.583740 20748.279786
28 15.039099 5.623140 6.951272 240.840581 34839.878715
28 -15.039099 -5.623140 6.951272 240.840581 34839.878715
28 11.541442 4.926041 25.422760 141.956681 466008.098984
28 -11.541442 -4.926041 25.422760 141.956681 466008.098984
28 15.046113 5.624451 6.590511 237.583919 31317.440665
28 -15.046113 -5.624451 6.590511 237.583919 31317.440665
28 9.605883 4.494037 6.350914 31.977552 29081.747626
28 -9.605883 -4.494037 6.350914 31.977552 29081.747626
28 8.787682 4.298384 3.562945 221.750078 9153.060417
28 -8.787682 -4.298384 3.562945 221.750078 9153.060417
29 10.352116 4.665332 5.090074 127.813226 18680.832234
29 -10.352116 -4.665332 5.090074 127.813226 18680.832234
29 13.583406 5.344072 12.846189 119.806946 118986.232162
29 -13.583406 -5.344072 12.846189 119.806946 118986.232162
29 14.826215 5.583200 4.791907 166.155950 16556.360233
29 -14.826215 -5.583200 4.791907 166.155950 16556.360233
29 20.305141 6.533878 4.689379 119.314041 15855.452877
29 -20.305141 -6.533878 4.689379 119.314041 15855.452877
29 14.529024 5.526959 4.085101 145.050101 12032.441251
29 -14.529024 -5.526959 4.085101 145.050101 12032.441251
29 16.850678 5.952189 6.538106 240.284102 30821.377655
29 -16.850678 -5.952189 6.538106 240.284102 30821.377655
29 18.611838 6.255509 10.224512 126.889590 75376.025773
29 -18.611838 -6.255509 10.224512 126.889590 75376.025773
29 14.569843 5.534717 4.650508 53.690256 15593.689628
29 -14.569843 -5.534717 4.650508 53.690256 15593.689628
29 7.301911 3.918197 5.803689 188.199739 24286.022438
29 -7.301911 -3.918197 5.803689 188.199739 24286.022438
29 11.083504 4.827325 6.093809 255.901741 26774.773425
29 -11.083504 -4.827325 6.093809 255.901741 26774.773425
29 26.392072 7.449116 19.605345 74.174011 277138.624191
29 -26.392072 -7.449116 19.605345 74.174011 277138.624191
29 12.089634 5.041672 2.114003 265.604198 3222.249527
29 -12.089634 -5.041672 2.114003 265.604198 3222.249527
30 7.951500 4.088769 5.655494 329.988528 23061.584843
30 -7.951500 -4.088769 5.655494 329.988528 23061.584843
30 18.139533 6.175627 2.740832 39.681076 5416.425281
30 -18.139533 -6.175627 2.740832 39.681076 5416.425281
30 0.527452 1.053076 3.290399 290.318375 7806.298188
30 -0.527452 -1.053076 3.290399 290.318375 7806.298188
30 18.887964 6.301741 7.131544 219.729493 36670.363698
30 -18.887964 -6.301741 7.131544 219.729493 36670.363698
30 25.063040 7.259135 10.837526 172.121817 84685.361891
30 -25.063040 -7.259135 10.837526 172.121817 84685.361891
30 7.618927 4.002349 7.471185 61.205856 40246.405121
30 -7.618927 -4.002349 7.471185 61.205856 40246.405121
30 7.808446 4.051822 4.947685 253.717128 17650.305782
30 -7.808446 -4.051822 4.947685 253.717128 17650.305782
30 16.530957 5.895451 9.124821 184.168670 60033.931283
30 -16.530957 -5.895451 9.124821 184.168670 60033.931283
30 5.794442 3.490389 7.306508 242.456613 38491.760779
30 -5.794442 -3.490389 7.306508 242.456613 38491.760779
30 25.048317 7.257003 8.450019 17.116922 51482.952448
30 -25.048317 -7.257003 8.450019 17.116922 51482.952448
30 0.730259 1.239100 5.773537 294.124535 24034.330588
30 -0.730259 -1.239100 5.773537 294.124535 24034.330588
30 15.700946 5.745541 6.637293 60.714998 31763.624733
30 -15.700946 -5.745541 6.637293 60.714998 31763.624733
31 6.010711 3.554929 6.002526 146.157531 25978.627101
31 -6.010711 -3.554929 6.002526 146.157531 25978.627101
31 9.590348 4.490402 14.510384 171.194542 151811.913912
31 -9.590348 -4.490402 14.510384 171.194542 151811.913912
31 27.167475 7.557752 8.278676 1.798187 49416.251693
31 -27.167475 -7.557752 8.278676 1.798187 49416.251693
31 18.676715 6.266402 8.055337 88.180993 46785.959529
31 -18.676715 -6.266402 8.055337 88.180993 46785.959529
31 29.549559 7.882128 2.950657 91.108840 6277.483152
31 -29.549559 -7.882128 2.950657 91.108840 6277.483152
31 5.895477 3.520687 4.356483 161.544979 13684.222723
31 -5.895477 -3.520687 4.356483 161.544979 13684.222723
31 6.085453 3.576963 10.010741 305.844772 72257.097846
31 -6.085453 -3.576963 10.010741 305.844772 72257.097846
31 16.891295 5.959358 7.115782 91.673266 36508.447060
31 -16.891295 -5.959358 7.115782 91.673266 36508.447060
31 21.036940 6.650576 2.431416 345.146765 4262.521237
31 -21.036940 -6.650576 2.431416 345.146765 4262.521237
31 12.415669 5.109202 8.636602 132.572169 53781.623010
31 -12.415669 -5.109202 8.636602 132.572169 53781.623010
31 11.645864 4.948275 5.551233 262.027410 22219.128848
31 -11.645864 -4.948275 5.551233 262.027410 22219.128848
31 16.283040 5.851076 18.010716 287.480900 233889.133208
31 -16.283040 -5.851076 18.010716 287.480900 233889.133208
32 9.160861 4.388702 8.760452 327.417910 55335.155463
32 -9.160861 -4.388702 8.760452 327.417910 55335.155463
32 14.227139 5.469238 3.247007 14.317243 7601.768063
32 -14.227139 -5.469238 3.247007 14.317243 7601.768063
32 8.609515 4.254586 8.038669 88.459124 46592.533929
32 -8.609515 -4.254586 8.038669 88.459124 46592.533929
32 23.698817 7.058807 5.869037 165.361952 24836.008853
32 -23.698817 -7.058807 5.869037 165.361952 24836.008853
32 20.394733 6.548277 4.888553 111.206539 17230.928775
32 -20.394733 -6.548277 4.888553 111.206539 17230.928775
32 19.128460 6.341734 5.546444 255.932688 22180.808146
32 -19.128460 -6.341734 5.546444 255.932688 22180.808146
32 11.882365 4.998267 8.129370 141.172981 47649.881653
32 -11.882365 -4.998267 8.129370 141.172981 47649.881653
32 10.100331 4.608248 9.552726 240.121800 65796.487386
32 -10.100331 -4.608248 9.552726 240.121800 65796.487386
32 11.072913 4.825018 17.156556 126.940346 212230.753470
32 -11.072913 -4.825018 17.156556 126.940346 212230.753470
32 13.642064 5.355599 11.206609 250.721463 90551.683847
32 -13.642064 -5.355599 11.206609 250.721463 90551.683847
32 26.422822 7.453454 3.820034 340.257807 10521.618117
32 -26.422822 -7.453454 3.820034 340.257807 10521.618117
32 7.118422 3.868654 9.756939 93.520771 68639.674430
32 -7.118422 -3.868654 9.756939 93.520771 68639.674430
33 3.455769 2.695506 8.781671 341.594189 55603.537247
33 -3.455769 -2.695506 8.781671 341.594189 55603.537247
33 10.011897 4.588029 1.285240 330.675078 1191.012779
33 -10.011897 -4.588029 1.285240 330.675078 1191.012779
33 9.643587 4.502848 14.440548 154.954903 150354.152558
33 -9.643587 -4.502848 14.440548 154.954903 150354.152558
33 12.204335 5.065532 6.421330 281.383508 29730.212431
33 -12.204335 -5.065532 6.421330 281.383508 29730.212431
33 16.988084 5.976408 3.964895 354.425952 11334.735852
33 -16.988084 -5.976408 3.964895 354.425952 11334.735852
33 21.114787 6.662870 8.553120 296.846424 52746.928814
33 -21.114787 -6.662870 8.553120 296.846424 52746.928814
33 8.965628 4.341685 2.317779 165.076852 3873.399440
33 -8.965628 -4.341685 2.317779 165.076852 3873.399440
33 20.350612 6.541190 7.538714 176.275067 40977.229057
33 -20.350612 -6.541190 7.538714 176.275067 40977.229057
33 11.677016 4.954889 9.910247 55.789770 70813.655220
33 -11.677016 -4.954889 9.910247 55.789770 70813.655220
33 18.425995 6.224199 14.028259 15.360300 141891.248183
33 -18.425995 -6.224199 14.028259 15.360300 141891.248183
33 12.411259 5.108295 3.818745 238.627711 10514.519048
33 -12.411259 -5.108295 3.818745 238.627711 10514.519048
33 19.061741 6.330664 6.132014 163.994490 27111.546897
33 -19.061741 -6.330664 6.132014 163.994490 27111.546897
33 10.085620 4.604890 11.526166 109.862863 95789.476506
33 -10.085620 -4.604890 11.526166 109.862863 95789.476506
34 10.959687 4.800286 3.301050 297.440135 7856.917197
34 -10.959687 -4.800286 3.301050 297.440135 7856.917197
34 20.136634 6.506710 16.031404 129.034434 185306.734949
34 -20.136634 -6.506710 16.031404 129.034434 185306.734949
34 19.985573 6.482258 6.358350 168.933942 29149.889759
34 -19.985573 -6.482258 6.358350 168.933942 29149.889759
34 8.514103 4.230946 21.374178 307.381850 329402.523266
34 -8.514103 -4.230946 21.374178 307.381850 329402.523266
34 6.844290 3.793431 6.053409 320.481619 26420.926453
34 -6.844290 -3.793431 6.053409 320.481619 26420.926453
34 13.001823 5.228416 8.487857 114.312953 51945.056198
34 -13.001823 -5.228416 8.487857 114.312953 51945.056198
34 10.388309 4.673480 11.132897 94.948611 89364.382516
34 -10.388309 -4.673480 11.132897 94.948611 89364.382516
34 17.014983 5.981137 5.978621 168.006478 25772.120683
34 -17.014983 -5.981137 5.978621 168.006478 25772.120683
34 15.302718 5.672210 3.854977 233.958017 10714.988891
34 -15.302718 -5.672210 3.854977 233.958017 10714.988891
34 8.993444 4.348415 24.378873 82.439267 428524.160959
34 -8.993444 -4.348415 24.378873 82.439267 428524.160959
34 15.697711 5.744949 7.945978 268.028926 45524.243792
34 -15.697711 -5.744949 7.945978 268.028926 45524.243792
34 11.992865 5.021454 5.461032 14.650897 21502.923825
34 -11.992865 -5.021454 5.461032 14.650897 21502.923825
34 10.104675 4.609239 9.315652 269.557834 62571.211079
34 -10.104675 -4.609239 9.315652 269.557834 62571.211079
35 6.664406 3.743249 7.007914 5.564361 35409.976641
35 -6.664406 -3.743249 7.007914 5.564361 35409.976641
35 3.174838 2.583621 10.836073 176.512592 84662.664861
35 -3.174838 -2.583621 10.836073 176.512592 84662.664861
35 23.027186 6.958064 6.482772 335.920538 30301.875123
35 -23.027186 -6.958064 6.482772 335.920538 30301.875123
35 18.984209 6.317776 5.313241 350.909993 20354.809328
35 -18.984209 -6.317776 5.313241 350.909993 20354.809328
35 10.830564 4.771924 2.794381 62.475613 5630.141182
35 -10.830564 -4.771924 2.794381 62.475613 5630.141182
35 22.642905 6.899761 4.134600 160.798076 12325.797561
35 -22.642905 -6.899761 4.134600 160.798076 12325.797561
35 15.894581 5.780861 6.167493 156.972014 27426.183362
35 -15.894581 -5.780861 6.167493 156.972014 27426.183362
35 12.791428 5.185940 5.384481 319.637633 20904.304136
35 -12.791428 -5.185940 5.384481 319.637633 20904.304136
35 19.668670 6.430659 4.136180 171.889594 12335.222390
35 -19.668670 -6.430659 4.136180 171.889594 12335.222390
35 18.709388 6.271881 3.686278 104.649923 9797.704469
35 -18.709388 -6.271881 3.686278 104.649923 9797.704469
35 17.194323 6.012575 8.038242 11.905323 46587.584731
35 -17.194323 -6.012575 8.038242 11.905323 46587.584731
35 10.407061 4.677697 8.122980 167.979448 47575.000112
35 -10.407061 -4.677697 8.122980 167.979448 47575.000112
35 19.148780 6.345101 26.411658 14.142605 502966.903311
35 -19.148780 -6.345101 26.411658 14.142605 502966.903311
36 14.489607 5.519456 2.875767 135.470070 5962.870175
36 -14.489607 -5.519456 2.875767 135.470070 5962.870175
36 23.177471 6.980733 7.466919 224.606787 40200.456830
36 -23.177471 -6.980733 7.466919 224.606787 40200.456830
36 11.698755 4.959499 6.467459 341.754969 30158.900769
36 -11.698755 -4.959499 6.467459 341.754969 30158.900769
36 6.446842 3.681642 3.345705 330.788508 8070.925662
36 -6.446842 -3.681642 3.345705 330.788508 8070.925662
36 23.105467 6.969881 3.436657 238.647946 8515.703259
36 -23.105467 -6.969881 3.436657 238.647946 8515.703259
36 14.928750 5.602472 6.281596 330.573032 28450.384486
36 -14.928750 -5.602472 6.281596 330.573032 28450.384486
36 20.495857 6.564491 2.782719 271.542563 5583.246768
36 -20.495857 -6.564491 2.782719 271.542563 5583.246768
36 26.018191 7.396164 16.575900 147.639499 198108.133074
36 -26.018191 -7.396164 16.575900 147.639499 198108.133074
36 -0.987601 1.440983 14.116438 96.488659 143680.656241
36 0.987601 -1.440983 14.116438 96.488659 143680.656241
36 12.230409 5.070940 2.171042 1.116554 3398.478565
36 -12.230409 -5.070940 2.171042 1.116554 3398.478565
36 22.640548 6.899402 3.899225 226.790789 10962.377439
36 -22.640548 -6.899402 3.899225 226.790789 10962.377439
36 4.037932 2.913718 10.486732 141.223931 79291.826697
36 -4.037932 -2.913718 10.486732 141.223931 79291.826697
36 17.772977 6.112911 8.515924 244.981482 52289.153788
36 -17.772977 -6.112911 8.515924 244.981482 52289.153788
37 5.487795 3.396776 6.227266 127.649274 27960.367198
37 -5.487795 -3.396776 6.227266 127.649274 27960.367198
37 19.491898 6.401696 2.094881 65.689547 3164.221841
37 -19.491898 -6.401696 2.094881 65.689547 3164.221841
37 21.812787 6.772103 8.716387 127.787099 54779.883855
37 -21.812787 -6.772103 8.716387 127.787099 54779.883855
37 8.510779 4.230120 6.004252 79.909722 25993.571517
37 -8.510779 -4.230120 6.004252 79.909722 25993.571517
37 9.823211 4.544590 7.089911 154.040707 36243.461419
37 -9.823211 -4.544590 7.089911 154.040707 36243.461419
37 19.452457 6.395216 5.995752 191.377649 25920.025808
37 -19.452457 -6.395216 5.995752 191.377649 25920.025808
37 8.954999 4.339111 10.387517 82.547961 77798.559139
37 -8.954999 -4.339111 10.387517 82.547961 77798.559139
37 19.215376 6.356125 11.594566 149.356383 96929.751488
37 -19.215376 -6.356125 11.594566 149.356383 96929.751488
37 19.970247 6.479772 2.098561 102.770915 3175.349006
37 -19.970247 -6.479772 2.098561 102.770915 3175.349006
37 16.340379 5.861369 2.831985 185.340488 5782.689469
37 -16.340379 -5.861369 2.831985 185.340488 5782.689469
37 10.036025 4.593554 7.958220 80.998389 45664.633070
37 -10.036025 -4.593554 7.958220 80.998389 45664.633070
37 11.304906 4.875301 3.601045 304.400902 9349.862556
37 -11.304906 -4.875301 3.601045 304.400902 9349.862556
37 9.989413 4.582875 9.499133 329.768534 65060.297986
37 -9.989413 -4.582875 9.499133 329.768534 65060.297986
38 -1.675213 1.876735 13.622669 249.595936 133805.049685
38 1.675213 -1.876735 13.622669 249.595936 133805.049685
38 6.277662 3.633013 5.126794 276.266919 18951.336931
38 -6.277662 -3.633013 5.126794 276.266919 18951.336931
38 15.765611 5.757360 8.831489 113.773059 56236.195337
38 -15.765611 -5.757360 8.831489 113.773059 56236.195337
38 16.757066 5.935632 2.119232 98.569632 3238.211999
38 -16.757066 -5.935632 2.119232 98.569632 3238.211999
38 5.329914 3.347558 14.131822 282.198132 143993.997665
38 -5.329914 -3.347558 14.131822 282.198132 143993.997665
38 15.201994 5.653512 4.089838 145.973291 12060.359270
38 -15.201994 -5.653512 4.089838 145.973291 12060.359270
38 13.616574 5.350593 10.312634 246.307609 76680.908447
38 -13.616574 -5.350593 10.312634 246.307609 76680.908447
38 5.601679 3.431840 3.732993 347.587092 10047.604583
38 -5.601679 -3.431840 3.732993 347.587092 10047.604583
38 15.184204 5.650203 5.314400 110.171757 20363.693173
38 -15.184204 -5.650203 5.314400 110.171757 20363.693173
38 8.066012 4.118105 5.148591 311.802130 19112.827482
38 -8.066012 -4.118105 5.148591 311.802130 19112.827482
38 17.179277 6.009944 4.543325 122.387067 14883.180388
38 -17.179277 -6.009944 4.543325 122.387067 14883.180388
38 4.336866 3.019646 7.145053 300.214618 36809.417335
38 -4.336866 -3.019646 7.145053 300.214618 36809.417335
38 12.936037 5.215172 3.235977 262.594927 7550.209150
38 -12.936037 -5.215172 3.235977 262.594927 7550.209150
38 11.850793 4.991622 5.809129 359.489893 24331.572429
38 -11.850793 -4.991622 5.809129 359.489893 24331.572429
39 11.311722 4.876771 17.883196 268.456370 230588.881784
39 -11.311722 -4.876771 17.883196 268.456370 230588.881784
39 18.879951 6.300405 2.180866 6.334978 3429.305297
39 -18.879951 -6.300405 2.180866 6.334978 3429.305297
39 16.326533 5.858885 3.591106 4.680919 9298.320552
39 -16.326533 -5.858885 3.591106 4.680919 9298.320552
39 20.643863 6.588150 4.174017 206.917978 12561.932457
39 -20.643863 -6.588150 4.174017 206.917978 12561.932457
39 15.521406 5.712596 14.441308 254.870773 150369.987281
39 -15.521406 -5.712596 14.441308 254.870773 150369.987281
39 19.506809 6.404144 3.988530 352.177255 11470.274859
39 -19.506809 -6.404144 3.988530 352.177255 11470.274859
39 2.913152 2.474854 6.242732 180.769753 28099.422357
39 -2.913152 -2.474854 6.242732 180.769753 28099.422357
39 27.707169 7.632452 4.008646 85.609062 11586.266440
39 -27.707169 -7.632452 4.008646 85.609062 11586.266440
39 9.968164 4.577998 4.709808 158.966183 15993.903449
39 -9.968164 -4.577998 4.709808 158.966183 15993.903449
39 11.481410 4.913213 5.291938 305.336882 20191.920866
39 -11.481410 -4.913213 5.291938 305.336882 20191.920866
39 8.916715 4.329826 8.405455 115.219160 50941.359570
39 -8.916715 -4.329826 8.405455 115.219160 50941.359570
39 9.167396 4.390268 10.086104 188.992421 73349.135276
39 -9.167396 -4.390268 10.086104 188.992421 73349.135276
39 19.836234 6.457994 42.628775 128.527241 1310248.839817
39 -19.836234 -6.457994 42.628775 128.527241 1310248.839817
39 5.580771 3.425430 9.378944 2.661310 63424.335771
39 -5.580771 -3.425430 9.378944 2.661310 63424.335771
40 11.540301 4.925798 3.343452 349.736623 8060.058740
40 -11.540301 -4.925798 3.343452 349.736623 8060.058740
40 13.542834 5.336086 6.909733 305.315911 34424.732156
40 -13.542834 -5.336086 6.909733 305.315911 34424.732156
40 18.857326 6.296628 3.310618 226.928333 7902.531572
40 -18.857326 -6.296628 3.310618 226.928333 7902.531572
40 12.108478 5.045599 8.544281 154.218018 52637.968918
40 -12.108478 -5.045599 8.544281 154.218018 52637.968918
40 8.610111 4.254734 10.452083 95.267800 78768.716574
40 -8.610111 -4.254734 10.452083 95.267800 78768.716574
40 17.311550 6.033037 7.389572 253.839547 39371.929761
40 -17.311550 -6.033037 7.389572 253.839547 39371.929761
40 23.390002 7.012666 5.093769 274.660141 18707.962970
40 -23.390002 -7.012666 5.093769 274.660141 18707.962970
40 17.455787 6.058118 2.786221 346.662794 5597.309384
40 -17.455787 -6.058118 2.786221 346.662794 5597.309384
40 23.061074 6.963182 12.461064 228.893464 111958.826296
40 -23.061074 -6.963182 12.461064 228.893464 111958.826296
40 20.549831 6.573129 2.859696 22.131425 5896.413858
40 -20.549831 -6.573129 2.859696 22.131425 5896.413858
40 14.034657 5.432114 9.100144 107.727308 59709.666611
40 -14.034657 -5.432114 9.100144 107.727308 59709.666611
40 12.448008 5.115851 6.203813 350.275291 27750.162948
40 -12.448008 -5.115851 6.203813 350.275291 27750.162948
40 10.726900 4.749032 12.612118 43.027562 114689.625366
40 -10.726900 -4.749032 12.612118 43.027562 114689.625366
40 12.255309 5.076100 4.004972 286.844468 11565.038412
40 -12.255309 -5.076100 4.004972 286.844468 11565.038412
41 12.497617 5.126036 4.885721 339.709916 17210.972780
41 -12.497617 -5.126036 4.885721 339.709916 17210.972780
41 10.945037 4.797076 2.893603 275.769314 6037.067004
41 -10.945037 -4.797076 2.893603 275.769314 6037.067004
41 9.956737 4.575373 5.501459 252.863479 21822.465955
41 -9.956737 -4.575373 5.501459 252.863479 21822.465955
41 20.384592 6.546648 16.622805 106.886618 199230.896147
41 -20.384592 -6.546648 16.622805 106.886618 199230.896147
41 4.181661 2.965121 11.930159 34.654712 102622.015395
41 -4.181661 -2.965121 11.930159 34.654712 102622.015395
41 17.915392 6.137354 6.230287 37.270317 27987.506314
41 -17.915392 -6.137354 6.230287 37.270317 27987.506314
41 13.417431 5.311323 10.366879 289.695855 77489.726871
41 -13.417431 -5.311323 10.366879 289.695855 77489.726871
41 6.671321 3.745191 15.379741 71.614739 170547.792861
41 -6.671321 -3.745191 15.379741 71.614739 170547.792861
41 8.837795 4.310622 7.441920 144.062406 39931.725459
41 -8.837795 -4.310622 7.441920 144.062406 39931.725459
41 9.764916 4.531085 2.819143 332.522293 5730.365571
41 -9.764916 -4.531085 2.819143 332.522293 5730.365571
41 9.695018 4.514839 4.091419 236.228210 12069.689192
41 -9.695018 -4.514839 4.091419 236.228210 12069.689192
41 18.882806 6.300881 3.975543 35.145079 11395.697508
41 -18.882806 -6.300881 3.975543 35.145079 11395.697508
41 29.008223 7.809596 6.383270 142.088004 29378.829421
41 -29.008223 -7.809596 6.383270 142.088004 29378.829421
41 24.390258 7.161042 17.823213 224.022346 229044.616013
41 -24.390258 -7.161042 17.823213 224.022346 229044.616013
42 17.365578 6.042444 15.225191 338.338403 167137.382585
42 -17.365578 -6.042444 15.225191 338.338403 167137.382585
42 11.737827 4.967774 13.840146 291.979914 138111.368072
42 -11.737827 -4.967774 13.840146 291.979914 138111.368072
42 18.899836 6.303722 2.423960 46.449940 4236.421171
42 -18.899836 -6.303722 2.423960 46.449940 4236.421171
42 20.357785 6.542342 4.784371 228.971146 16504.323780
42 -20.357785 -6.542342 4.784371 228.971146 16504.323780
42 13.758309 5.378368 4.632892 234.318461 15475.773380
42 -13.758309 -5.378368 4.632892 234.318461 15475.773380
42 16.544555 5.897875 7.592484 339.391753 41563.857791
42 -16.544555 -5.897875 7.592484 339.391753 41563.857791
42 20.554650 6.573899 6.437851 172.926212 29883.391137
42 -20.554650 -6.573899 6.437851 172.926212 29883.391137
42 19.003284 6.320950 8.606802 93.091201 53411.122759
42 -19.003284 -6.320950 8.606802 93.091201 53411.122759
42 8.414324 4.206081 4.639163 146.174044 15517.701344
42 -8.414324 -4.206081 4.639163 146.174044 15517.701344
42 7.245606 3.903061 7.632942 279.553740 42007.998627
42 -7.245606 -3.903061 7.632942 279.553740 42007.998627
42 12.237628 5.072437 10.821253 308.701175 84431.243228
42 -12.237628 -5.072437 10.821253 308.701175 84431.243228
42 19.364335 6.380714 5.800649 321.889117 24260.582312
42 -19.364335 -6.380714 5.800649 321.889117 24260.582312
42 3.836890 2.840257 5.143615 327.531243 19075.899984
42 -3.836890 -2.840257 5.143615 327.531243 19075.899984
42 -5.415987 3.374479 11.585776 300.015088 96782.827157
42 5.415987 -3.374479 11.585776 300.015088 96782.827157
43 1.834818 1.964104 10.000514 165.489129 72109.535700
43 -1.834818 -1.964104 10.000514 165.489129 72109.535700
43 4.636029 3.122059 1.696037 260.539184 2074.048054
43 -4.636029 -3.122059 1.696037 260.539184 2074.048054
43 8.216367 4.156310 35.028486 309.213990 884689.380069
43 -8.216367 -4.156310 35.028486 309.213990 884689.380069
43 6.132977 3.590903 4.822457 208.840628 16768.138457
43 -6.132977 -3.590903 4.822457 208.840628 16768.138457
43 13.230422 5.274179 4.736236 269.838502 16173.901977
43 -13.230422 -5.274179 4.736236 269.838502 16173.901977
43 16.412198 5.874236 11.145753 323.495130 89570.900004
43 -16.412198 -5.874236 11.145753 323.495130 89570.900004
43 8.874879 4.319657 9.637098 61.409032 66963.876124
43 -8.874879 -4.319657 9.637098 61.409032 66963.876124
43 4.674724 3.135061 1.835375 36.908721 2428.834320
43 -4.674724 -3.135061 1.835375 36.908721 2428.834320
43 21.743141 6.761283 2.931693 81.683772 6197.051914
43 -21.743141 -6.761283 2.931693 81.683772 6197.051914
43 8.733436 4.285096 7.926300 35.416472 45299.050906
43 -8.733436 -4.285096 7.926300 35.416472 45299.050906
43 3.388372 2.669092 7.400863 274.073309 39492.334074
43 -3.388372 -2.669092 7.400863 274.073309 39492.334074
43 22.590141 6.891718 5.964006 198.479337 25646.269394
43 -22.590141 -6.891718 5.964006 198.479337 25646.269394
43 9.208111 4.400006 8.022470 234.039033 46404.948106
43 -9.208111 -4.400006 8.022470 234.039033 46404.948106
43 13.661515 5.359416 3.072621 26.014780 6807.162986
43 -13.661515 -5.359416 3.072621 26.014780 6807.162986
44 -2.310803 2.204192 11.018086 288.810699 87530.698284
44 2.310803 -2.204192 11.018086 288.810699 87530.698284
44 20.846887 6.620467 5.214463 79.003459 19605.017034
44 -20.846887 -6.620467 5.214463 79.003459 19605.017034
44 9.128025 4.380830 16.266712 272.330426 190786.503809
44 -9.128025 -4.380830 16.266712 272.330426 190786.503809
44 14.871850 5.591785 5.718488 100.753374 23578.188518
44 -14.871850 -5.591785 5.718488 100.753374 23578.188518
44 6.518112 3.701936 3.054703 230.966755 6728.001411
44 -6.518112 -3.701936 3.054703 230.966755 6728.001411
44 21.349382 6.699782 4.709051 68.013462 15988.764857
44 -21.349382 -6.699782 4.709051 68.013462 15988.764857
44 10.918546 4.791267 10.355885 24.124786 77325.453871
44 -10.918546 -4.791267 10.355885 24.124786 77325.453871
44 5.719918 3.467871 6.360442 260.829980 29169.074462
44 -5.719918 -3.467871 6.360442 260.829980 29169.074462
44 13.976972 5.420939 6.108789 174.838963 26906.568751
44 -13.976972 -5.420939 6.108789 174.838963 26906.568751
44 5.761960 3.480592 7.518931 174.243520 40762.448767
44 -5.761960 -3.480592 7.518931 174.243520 40762.448767
44 9.361380 4.436474 7.101756 47.279706 36364.665188
44 -9.361380 -4.436474 7.101756 47.279706 36364.665188
44 18.171493 6.181065 2.502724 170.937864 4516.207017
44 -18.171493 -6.181065 2.502724 170.937864 4516.207017
44 16.628145 5.912755 4.469400 289.070012 14402.785040
44 -16.628145 -5.912755 4.469400 289.070012 14402.785040
44 3.100918 2.553366 3.889843 349.019043 10909.685480
44 -3.100918 -2.553366 3.889843 349.019043 10909.685480
45 11.347031 4.884376 4.509690 212.626740 14663.631712
45 -11.347031 -4.884376 4.509690 212.626740 14663.631712
45 12.860338 5.199890 8.079289 224.197196 47064.592953
45 -12.860338 -5.199890 8.079289 224.197196 47064.592953
45 0.401211 0.918447 1.560266 348.145123 1755.275269
45 -0.401211 -0.918447 1.560266 348.145123 1755.275269
45 4.237094 2.984709 18.126934 188.909852 236917.312019
45 -4.237094 -2.984709 18.126934 188.909852 236917.312019
45 10.573334 4.714916 5.144229 268.084206 19080.449758
45 -10.573334 -4.714916 5.144229 268.084206 19080.449758
45 15.738760 5.752455 3.658945 351.973135 9652.942471
45 -15.738760 -5.752455 3.658945 351.973135 9652.942471
45 9.030242 4.357302 6.544247 280.071140 30879.302134
45 -9.030242 -4.357302 6.544247 280.071140 30879.302134
45 25.408429 7.308982 3.149053 10.953888 7150.034526
45 -25.408429 -7.308982 3.149053 10.953888 7150.034526
45 13.913503 5.408617 7.330727 162.990134 38747.369002
45 -13.913503 -5.408617 7.330727 162.990134 38747.369002
45 5.215308 3.311372 7.673443 41.766713 42454.980029
45 -5.215308 -3.311372 7.673443 41.766713 42454.980029
45 14.809724 5.580094 9.210187 193.004381 61162.465306
45 -14.809724 -5.580094 9.210187 193.004381 61162.465306
45 10.368652 4.669057 11.268651 287.443529 91557.080354
45 -10.368652 -4.669057 11.268651 287.443529 91557.080354
45 10.437789 4.684597 10.012615 77.805964 72284.155182
45 -10.437789 -4.684597 10.012615 77.805964 72284.155182
45 10.999711 4.809043 8.146538 26.816424 47851.359509
45 -10.999711 -4.809043 8.146538 26.816424 47851.359509
46 21.737365 6.760385 7.229901 313.881043 37688.838273
46 -21.737365 -6.760385 7.229901 313.881043 37688.838273
46 14.856851 5.588965 2.005314 63.922535 2899.431369
46 -14.856851 -5.588965 2.005314 63.922535 2899.431369
46 13.156343 5.259393 8.786953 293.983055 55670.447768
46 -13.156343 -5.259393 8.786953 293.983055 55670.447768
46 9.136689 4.382909 2.121727 327.193413 3245.840035
46 -9.136689 -4.382909 2.121727 327.193413 3245.840035
46 21.686313 6.752442 3.719935 278.136482 9977.434475
46 -21.686313 -6.752442 3.719935 278.136482 9977.434475
46 3.961916 2.886161 6.029559 153.155689 26213.143733
46 -3.961916 -2.886161 6.029559 153.155689 26213.143733
46 13.185583 5.265234 6.095879 308.382972 26792.966597
46 -13.185583 -5.265234 6.095879 308.382972 26792.966597
46 -0.846885 1.334382 16.490417 5.753028 196070.099915
46 0.846885 -1.334382 16.490417 5.753028 196070.099915
46 9.988925 4.582763 4.794933 182.730562 16577.276774
46 -9.988925 -4.582763 4.794933 182.730562 16577.276774
46 15.613409 5.729502 4.347443 55.646804 13627.487914
46 -15.613409 -5.729502 4.347443 55.646804 13627.487914
46 22.570630 6.888741 11.090249 303.737049 88681.022576
46 -22.570630 -6.888741 11.090249 303.737049 88681.022576
46 19.187470 6.351508 6.810905 179.017786 33447.044094
46 -19.187470 -6.351508 6.810905 179.017786 33447.044094
46 7.393077 3.942581 8.377005 348.200223 50597.097228
46 -7.393077 -3.942581 8.377005 348.200223 50597.097228
46 13.898809 5.405760 8.693638 145.170766 54494.313048
46 -13.898809 -5.405760 8.693638 145.170766 54494.313048
47 8.016115 4.105348 3.299247 141.382678 7848.338804
47 -8.016115 -4.105348 3.299247 141.382678 7848.338804
47 15.274235 5.666928 11.867257 201.766525 101542.719410
47 -15.274235 -5.666928 11.867257 201.766525 101542.719410
47 12.766969 5.180980 8.389384 143.292191 50746.745078
47 -12.766969 -5.180980 8.389384 143.292191 50746.745078
47 5.865862 3.511834 8.862333 28.442607 56629.697854
47 -5.865862 -3.511834 8.862333 28.442607 56629.697854
47 10.148990 4.619335 32.572232 225.905121 764967.707290
47 -10.148990 -4.619335 32.572232 225.905121 764967.707290
47 17.116597 5.998970 2.171489 280.521537 3399.877819
47 -17.116597 -5.998970 2.171489 280.521537 3399.877819
47 15.928143 5.786961 4.516844 299.961112 14710.187925
47 -15.928143 -5.786961 4.516844 299.961112 14710.187925
47 24.438466 7.168115 2.802902 180.987720 5664.529143
47 -24.438466 -7.168115 2.802902 180.987720 5664.529143
47 10.749050 4.753933 6.152249 2.977428 27290.772746
47 -10.749050 -4.753933 6.152249 2.977428 27290.772746
47 22.310890 6.848989 8.100876 148.182050 47316.435664
47 -22.310890 -6.848989 8.100876 148.182050 47316.435664
47 18.754780 6.279484 6.245741 344.539311 28126.517229
47 -18.754780 -6.279484 6.245741 344.539311 28126.517229
47 1.119425 1.534142 3.962834 117.260775 11322.957659
47 -1.119425 -1.534142 3.962834 117.260775 11322.957659
47 7.561217 3.987162 10.618311 317.355359 81294.083759
47 -7.561217 -3.987162 10.618311 317.355359 81294.083759
47 9.955694 4.575133 11.994005 299.877834 103723.346643
47 -9.955694 -4.575133 11.994005 299.877834 103723.346643
48 13.781741 5.382946 3.797813 229.836347 10399.564292
48 -13.781741 -5.382946 3.797813 229.836347 10399.564292
48 8.405312 4.203828 7.464892 111.290883 40178.626733
48 -8.405312 -4.203828 7.464892 111.290883 40178.626733
48 6.525869 3.704138 14.189441 96.390488 145170.597449
48 -6.525869 -3.704138 14.189441 96.390488 145170.597449
48 8.571365 4.245149 9.099010 263.483344 59694.783808
48 -8.571365 -4.245149 9.099010 263.483344 59694.783808
48 10.554491 4.710713 6.206892 290.572946 27777.707495
48 -10.554491 -4.710713 6.206892 290.572946 27777.707495
48 14.744284 5.567752 17.223988 228.663591 213902.311197
48 -14.744284 -5.567752 17.223988 228.663591 213902.311197
48 5.722682 3.468708 7.197036 21.532104 37346.976660
48 -5.722682 -3.468708 7.197036 21.532104 37346.976660
48 25.483435 7.319762 6.465918 252.833363 30144.523908
48 -25.483435 -7.319762 6.465918 252.833363 30144.523908
48 6.559479 3.713665 6.795353 23.142950 33294.475498
48 -6.559479 -3.713665 6.795353 23.142950 33294.475498
48 14.532912 5.527698 9.819116 21.972309 69517.288042
48 -14.532912 -5.527698 9.819116 21.972309 69517.288042
48 9.168599 4.390556 6.723396 72.317146 32593.079676
48 -9.168599 -4.390556 6.723396 72.317146 32593.079676
48 14.826377 5.583230 8.578571 318.604362 53061.311530
48 -14.826377 -5.583230 8.578571 318.604362 53061.311530
48 22.614496 6.895432 3.245862 245.027070 7596.404767
48 -22.614496 -6.895432 3.245862 245.027070 7596.404767
48 1.287393 1.645219 8.919173 21.929434 57358.429374
48 -1.287393 -1.645219 8.919173 21.929434 57358.429374
49 6.827994 3.788912 7.892058 99.175972 44908.507666
49 -6.827994 -3.788912 7.892058 99.175972 44908.507666
49 4.987871 3.238364 9.453561 152.021766 64437.542942
49 -4.987871 -3.238364 9.453561 152.021766 64437.542942
49 6.361590 3.657218 7.759000 54.005621 43406.981709
49 -6.361590 -3.657218 7.759000 54.005621 43406.981709
49 16.649405 5.916534 12.706943 160.402595 116420.703569
49 -16.649405 -5.916534 12.706943 160.402595 116420.703569
49 8.302350 4.178001 6.701149 69.575258 32377.744288
49 -8.302350 -4.178001 6.701149 69.575258 32377.744288
49 2.268440 2.183894 6.004914 231.155697 25999.297744
49 -2.268440 -2.183894 6.004914 231.155697 25999.297744
49 16.101330 5.818337 5.382075 171.859145 20885.627511
49 -16.101330 -5.818337 5.382075 171.859145 20885.627511
49 1.762895 1.925224 14.151149 128.474259 144388.120359
49 -1.762895 -1.925224 14.151149 128.474259 144388.120359
49 7.071035 3.855756 11.534149 227.241186 95922.206116
49 -7.071035 -3.855756 11.534149 227.241186 95922.206116
49 14.374649 5.497518 14.233861 166.457749 146080.925991
49 -14.374649 -5.497518 14.233861 166.457749 146080.925991
49 8.708312 4.278928 4.412200 47.744433 14036.489988
49 -8.708312 -4.278928 4.412200 47.744433 14036.489988
49 19.716738 6.438512 8.451369 94.552188 51499.400568
49 -19.716738 -6.438512 8.451369 94.552188 51499.400568
49 10.986277 4.806105 7.551887 278.692758 41120.556547
49 -10.986277 -4.806105 7.551887 278.692758 41120.556547
49 2.272122 2.185666 10.073777 345.446606 73169.947019
49 -2.272122 -2.185666 10.073777 345.446606 73169.947019
50 13.377753 5.303464 7.977117 219.806743 45881.751697
50 -13.377753 -5.303464 7.977117 219.806743 45881.751697
50 8.571289 4.245131 14.375374 100.481815 149000.028549
50 -8.571289 -4.245131 14.375374 100.481815 149000.028549
50 3.324168 2.643684 4.058824 304.983646 11878.142864
50 -3.324168 -2.643684 4.058824 304.983646 11878.142864
50 13.774926 5.381615 5.101919 291.184860 18767.879910
50 -13.774926 -5.381615 5.101919 291.184860 18767.879910
50 16.266941 5.848183 6.157637 121.301043 27338.594760
50 -16.266941 -5.848183 6.157637 121.301043 27338.594760
50 10.928575 4.793467 4.525054 3.695688 14763.710150
50 -10.928575 -4.793467 4.525054 3.695688 14763.710150
50 13.701909 5.367333 6.274554 12.281351 28386.628945
50 -13.701909 -5.367333 6.274554 12.281351 28386.628945
50 11.398128 4.895361 10.810948 131.674466 84270.513936
50 -11.398128 -4.895361 10.810948 131.674466 84270.513936
50 -0.027557 0.240704 11.116034 352.434496 89093.870177
50 0.027557 -0.240704 11.116034 352.434496 89093.870177
50 14.187243 5.461564 4.112249 45.896301 12192.896978
50 -14.187243 -5.461564 4.112249 45.896301 12192.896978
50 6.952445 3.823286 6.554731 187.823770 30978.318934
50 -6.952445 -3.823286 6.554731 187.823770 30978.318934
50 15.421039 5.694096 3.153629 251.686874 7170.826430
50 -15.421039 -5.694096 3.153629 251.686874 7170.826430
50 12.343695 5.094371 7.029519 217.236395 35628.638981
50 -12.343695 -5.094371 7.029519 217.236395 35628.638981
50 11.447168 4.905881 3.846150 14.172717 10665.972683
50 -11.447168 -4.905881 3.846150 14.172717 10665.972683
51 2.760276 2.409041 6.577606 223.551341 31194.909389
51 -2.760276 -2.409041 6.577606 223.551341 31194.909389
51 19.645716 6.426906 8.187470 351.968700 48333.421317
51 -19.645716 -6.426906 8.187470 351.968700 48333.421317
51 16.463661 5.883438 6.804972 340.688725 33388.796077
51 -16.463661 -5.883438 6.804972 340.688725 33388.796077
51 8.874665 4.319604 4.249018 272.481505 13017.431790
51 -8.874665 -4.319604 4.249018 272.481505 13017.431790
51 12.909401 5.209800 7.893198 327.181828 44921.486871
51 -12.909401 -5.209800 7.893198 327.181828 44921.486871
51 5.674250 3.453999 9.743495 76.709076 68450.650651
51 -5.674250 -3.453999 9.743495 76.709076 68450.650651
51 5.814147 3.496319 3.004286 222.125649 6507.744703
51 -5.814147 -3.496319 3.004286 222.125649 6507.744703
51 12.480382 5.122500 9.895323 178.483999 70600.538389
51 -12.480382 -5.122500 9.895323 178.483999 70600.538389
51 1.504851 1.778749 6.053757 159.987914 26423.972476
51 -1.504851 -1.778749 6.053757 159.987914 26423.972476
51 1.611597 1.840756 6.353116 252.300938 29101.922347
51 -1.611597 -1.840756 6.353116 252.300938 29101.922347
51 2.027040 2.064425 18.190749 146.522322 238588.341027
51 -2.027040 -2.064425 18.190749 146.522322 238588.341027
51 12.059256 5.035334 10.495530 250.078336 79424.923580
51 -12.059256 -5.035334 10.495530 250.078336 79424.923580
51 14.071272 5.439196 12.972188 133.585864 121331.769202
51 -14.071272 -5.439196 12.972188 133.585864 121331.769202
51 11.924564 5.007135 4.004613 60.345941 11562.964675
51 -11.924564 -5.007135 4.004613 60.345941 11562.964675
52 9.375764 4.439881 4.138057 191.065766 12346.416667
52 -9.375764 -4.439881 4.138057 191.065766 12346.416667
52 17.874919 6.130417 8.798555 163.075582 55817.557316
52 -17.874919 -6.130417 8.798555 163.075582 55817.557316
52 4.623636 3.117883 3.851189 158.145936 10693.941325
52 -4.623636 -3.117883 3.851189 158.145936 10693.941325
52 12.412258 5.108500 4.919645 203.578444 17450.810406
52 -12.412258 -5.108500 4.919645 203.578444 17450.810406
52 14.828852 5.583696 5.133041 213.877468 18997.546590
52 -14.828852 -5.583696 5.133041 213.877468 18997.546590
52 10.803208 4.765894 12.945447 169.807797 120832.065319
52 -10.803208 -4.765894 12.945447 169.807797 120832.065319
52 9.359610 4.436055 10.261302 102.232120 75919.446662
52 -9.359610 -4.436055 10.261302 102.232120 75919.446662
52 14.183270 5.460799 6.583578 121.795993 31251.584485
52 -14.183270 -5.460799 6.583578 121.795993 31251.584485
52 8.090553 4.124365 10.642083 252.854934 81658.485471
52 -8.090553 -4.124365 10.642083 252.854934 81658.485471
52 10.506971 4.700096 8.813758 47.746017 56010.606813
52 -10.506971 -4.700096 8.813758 47.746017 56010.606813
52 3.389221 2.669426 10.093218 17.981159 73452.631867
52 -3.389221 -2.669426 10.093218 17.981159 73452.631867
52 13.824694 5.391328 9.316416 208.298806 62581.484196
52 -13.824694 -5.391328 9.316416 208.298806 62581.484196
52 9.747994 4.527158 14.011988 253.008071 141562.300989
52 -9.747994 -4.527158 14.011988 253.008071 141562.300989
52 18.233830 6.191658 9.069139 7.825912 59303.484252
52 -18.233830 -6.191658 9.069139 7.825912 59303.484252
53 8.336980 4.186705 7.453588 85.362161 40057.037416
53 -8.336980 -4.186705 7.453588 85.362161 40057.037416
53 7.288786 3.914674 5.215440 356.130079 19612.364914
53 -7.288786 -3.914674 5.215440 356.130079 19612.364914
53 10.104429 4.609182 5.316189 153.057098 20377.409331
53 -10.104429 -4.609182 5.316189 153.057098 20377.409331
53 11.781634 4.977036 3.635811 244.101978 9531.268393
53 -11.781634 -4.977036 3.635811 244.101978 9531.268393
53 20.989702 6.643105 5.094626 176.567767 18714.264932
53 -20.989702 -6.643105 5.094626 176.567767 18714.264932
53 11.867090 4.995053 5.111011 326.121590 18834.826987
53 -11.867090 -4.995053 5.111011 326.121590 18834.826987
53 7.680398 4.018462 5.378147 31.941206 20855.151976
53 -7.680398 -4.018462 5.378147 31.941206 20855.151976
53 13.325217 5.293040 4.941459 95.833657 17605.910842
53 -13.325217 -5.293040 4.941459 95.833657 17605.910842
53 11.720209 4.964045 3.195262 357.910478 7361.408515
53 -11.720209 -4.964045 3.195262 357.910478 7361.408515
53 5.198162 3.305924 5.733289 18.315589 23700.404771
53 -5.198162 -3.305924 5.733289 18.315589 23700.404771
53 8.922858 4.331317 4.127154 247.848063 12281.440787
53 -8.922858 -4.331317 4.127154 247.848063 12281.440787
53 9.526889 4.475521 6.401002 78.475294 29542.282511
53 -9.526889 -4.475521 6.401002 78.475294 29542.282511
53 8.000930 4.101458 8.850732 242.619777 56481.524261
53 -8.000930 -4.101458 8.850732 242.619777 56481.524261
53 11.315111 4.877501 8.786226 128.360613 55661.229032
53 -11.315111 -4.877501 8.786226 128.360613 55661.229032
54 9.578174 4.487551 4.701390 103.173958 15936.784464
54 -9.578174 -4.487551 4.701390 103.173958 15936.784464
54 20.933494 6.634205 4.783666 300.342588 16499.462096
54 -20.933494 -6.634205 4.783666 300.342588 16499.462096
54 10.536955 4.706798 9.942127 34.697798 71269.986906
54 -10.536955 -4.706798 9.942127 34.697798 71269.986906
54 20.225351 6.521028 4.863521 250.940349 17054.922430
54 -20.225351 -6.521028 4.863521 250.940349 17054.922430
54 6.446350 3.681501 3.110243 216.454338 6974.879951
54 -6.446350 -3.681501 3.110243 216.454338 6974.879951
54 16.450516 5.881089 4.331192 359.356357 13525.797294
54 -16.450516 -5.881089 4.331192 359.356357 13525.797294
54 14.665789 5.552911 5.628932 146.091407 22845.467591
54 -14.665789 -5.552911 5.628932 146.091407 22845.467591
54 16.357781 5.864489 5.543833 191.025218 22159.930391
54 -16.357781 -5.864489 5.543833 191.025218 22159.930391
54 9.598930 4.492410 8.652397 3.617306 53978.514839
54 -9.598930 -4.492410 8.652397 3.617306 53978.514839
54 14.948708 5.606216 7.910360 136.808761 45117.040743
54 -14.948708 -5.606216 7.910360 136.808761 45117.040743
54 5.470982 3.391569 6.459839 77.160220 30087.873852
54 -5.470982 -3.391569 6.459839 77.160220 30087.873852
54 7.808172 4.051750 12.636049 14.999921 115125.276685
54 -7.808172 -4.051750 12.636049 14.999921 115125.276685
54 13.970621 5.419708 11.122082 289.769548 89190.836708
54 -13.970621 -5.419708 11.122082 289.769548 89190.836708
54 10.164567 4.622878 8.569170 356.166824 52945.080628
54 -10.164567 -4.622878 8.569170 356.166824 52945.080628
55 15.441116 5.697802 2.282195 123.663193 3755.377182
55 -15.441116 -5.697802 2.282195 123.663193 3755.377182
55 9.891956 4.560465 7.789371 227.091515 43747.465448
55 -9.891956 -4.560465 7.789371 227.091515 43747.465448
55 10.908928 4.789157 4.424916 332.726490 14117.511409
55 -10.908928 -4.789157 4.424916 332.726490 14117.511409
55 6.423538 3.674982 8.051805 256.573016 46744.934266
55 -6.423538 -3.674982 8.051805 256.573016 46744.934266
55 9.064902 4.365656 7.447732 134.492116 39994.116430
55 -9.064902 -4.365656 7.447732 134.492116 39994.116430
55 6.692073 3.751011 12.342686 68.553414 109841.741898
55 -6.692073 -3.751011 12.342686 68.553414 109841.741898
55 14.975878 5.611309 10.321601 202.782550 76814.316449
55 -14.975878 -5.611309 10.321601 202.782550 76814.316449
55 7.388497 3.941360 5.249692 221.048697 19870.815719
55 -7.388497 -3.941360 5.249692 221.048697 19870.815719
55 20.679885 6.593895 4.261565 238.623674 13094.420159
55 -20.679885 -6.593895 4.261565 238.623674 13094.420159
55 12.471058 5.120586 11.828735 92.970669 100884.547391
55 -12.471058 -5.120586 11.828735 92.970669 100884.547391
55 8.067552 4.118498 5.320834 123.568142 20413.027688
55 -8.067552 -4.118498 5.320834 123.568142 20413.027688
55 6.912775 3.812363 17.082915 133.114926 210412.737294
55 -6.912775 -3.812363 17.082915 133.114926 210412.737294
55 11.354459 4.885975 8.092594 27.431250 47219.737479
55 -11.354459 -4.885975 8.092594 27.431250 47219.737479
56 1.394297 1.712165 16.112685 270.092911 187190.553319
56 -1.394297 -1.712165 16.112685 270.092911 187190.553319
56 16.226096 5.840836 8.631936 350.518074 53723.526093
56 -16.226096 -5.840836 8.631936 350.518074 53723.526093
56 19.426018 6.390869 13.079828 297.088345 123353.682114
56 -19.426018 -6.390869 13.079828 297.088345 123353.682114
56 26.470553 7.460183 6.624149 72.592372 31637.942099
56 -26.470553 -7.460183 6.624149 72.592372 31637.942099
56 12.312931 5.088019 16.599760 199.662227 198678.886137
56 -12.312931 -5.088019 16.599760 199.662227 198678.886137
56 14.942676 5.605085 9.532419 238.973773 65517.049215
56 -14.942676 -5.605085 9.532419 238.973773 65517.049215
56 14.069783 5.438908 9.335930 188.719921 62843.914029
56 -14.069783 -5.438908 9.335930 188.719921 62843.914029
56 0.133864 0.530517 3.189816 23.358912 7336.340278
56 -0.133864 -0.530517 3.189816 23.358912 7336.340278
56 7.388829 3.941448 2.712164 86.862599 5303.711154
56 -7.388829 -3.941448 2.712164 86.862599 5303.711154
56 19.651097 6.427786 13.592934 116.535465 133221.544113
56 -19.651097 -6.427786 13.592934 116.535465 133221.544113
56 9.230200 4.405280 5.254752 326.845993 19909.139718
56 -9.230200 -4.405280 5.254752 326.845993 19909.139718
56 3.169410 2.581411 2.529217 147.786938 4612.328835
56 -3.169410 -2.581411 2.529217 147.786938 4612.328835
56 2.756599 2.407436 6.981330 278.946409 35141.830724
56 -2.756599 -2.407436 6.981330 278.946409 35141.830724
57 5.453665 3.386197 3.401916 316.001364 8344.401882
57 -5.453665 -3.386197 3.401916 316.001364 8344.401882
57 7.090485 3.861055 19.931524 199.336008 286436.986119
57 -7.090485 -3.861055 19.931524 199.336008 286436.986119
57 12.068447 5.037252 5.701204 54.281040 23435.876883
57 -12.068447 -5.037252 5.701204 54.281040 23435.876883
57 4.583267 3.104242 3.262556 192.674124 7674.745607
57 -4.583267 -3.104242 3.262556 192.674124 7674.745607
57 15.790165 5.761842 5.198734 285.096372 19486.923670
57 -15.790165 -5.761842 5.198734 285.096372 19486.923670
57 17.543084 6.073247 10.352906 48.682731 77280.971645
57 -17.543084 -6.073247 10.352906 48.682731 77280.971645
57 12.014047 5.025886 5.130143 341.178486 18976.100003
57 -12.014047 -5.025886 5.130143 341.178486 18976.100003
57 8.121419 4.132225 6.165097 173.512729 27404.876926
57 -8.121419 -4.132225 6.165097 173.512729 27404.876926
57 12.949495 5.217884 9.414706 2.700153 63908.940941
57 -12.949495 -5.217884 9.414706 2.700153 63908.940941
57 11.656118 4.950453 7.259731 169.910799 38000.482440
57 -11.656118 -4.950453 7.259731 169.910799 38000.482440
57 13.346068 5.297179 7.253425 286.247691 37934.498409
57 -13.346068 -5.297179 7.253425 286.247691 37934.498409
57 13.280017 5.284055 3.655403 240.855953 9634.263238
57 -13.280017 -5.284055 3.655403 240.855953 9634.263238
57 13.584835 5.344354 11.732877 179.145955 99256.081911
57 -13.584835 -5.344354 11.732877 179.145955 99256.081911
58 20.223404 6.520714 9.653696 239.845317 67194.751894
58 -20.223404 -6.520714 9.653696 239.845317 67194.751894
58 13.059118 5.239923 4.730609 142.945201 16135.492815
58 -13.059118 -5.239923 4.730609 142.945201 16135.492815
58 13.608784 5.349062 2.492643 25.999965 4479.898605
58 -13.608784 -5.349062 2.492643 25.999965 4479.898605
58 4.728862 3.153162 12.450171 329.909013 111763.161563
58 -4.728862 -3.153162 12.450171 329.909013 111763.161563
58 15.914931 5.784561 24.065681 129.892046 417584.496982
58 -15.914931 -5.784561 24.065681 129.892046 417584.496982
58 4.346546 3.023014 8.550529 322.442809 52714.984312
58 -4.346546 -3.023014 8.550529 322.442809 52714.984312
58 6.618349 3.730292 8.816363 214.399961 56043.722855
58 -6.618349 -3.730292 8.816363 214.399961 56043.722855
58 12.765552 5.180692 3.463159 322.461319 8647.549071
58 -12.765552 -5.180692 3.463159 322.461319 8647.549071
58 20.053689 6.493295 8.040080 65.085486 46608.890553
58 -20.053689 -6.493295 8.040080 65.085486 46608.890553
58 11.222922 4.857591 4.360544 146.816197 13709.749114
58 -11.222922 -4.857591 4.360544 146.816197 13709.749114
58 12.009766 5.024991 6.630475 102.849295 31698.399171
58 -12.009766 -5.024991 6.630475 102.849295 31698.399171
58 14.305659 5.484309 7.130332 242.114427 36657.902477
58 -14.305659 -5.484309 7.130332 242.114427 36657.902477
58 13.948196 5.415356 5.853114 206.778124 24701.430452
58 -13.948196 -5.415356 5.853114 206.778124 24701.430452
59 12.974365 5.222892 8.733219 308.494135 54991.651952
59 -12.974365 -5.222892 8.733219 308.494135 54991.651952
59 11.601259 4.938790 4.854557 136.890160 16992.110747
59 -11.601259 -4.938790 4.854557 136.890160 16992.110747
59 10.516800 4.702294 3.459769 37.623469 8630.625630
59 -10.516800 -4.702294 3.459769 37.623469 8630.625630
59 6.587589 3.721613 15.402568 307.228177 171054.434321
59 -6.587589 -3.721613 15.402568 307.228177 171054.434321
59 18.268495 6.197541 21.398227 178.631348 330144.192593
59 -18.268495 -6.197541 21.398227 178.631348 330144.192593
59 14.265755 5.476655 4.092180 119.377390 12074.179211
59 -14.265755 -5.476655 4.092180 119.377390 12074.179211
59 11.176337 4.847499 3.775413 13.844570 10277.254194
59 -11.176337 -4.847499 3.775413 13.844570 10277.254194
59 5.628090 3.439921 9.091579 334.409131 59597.323001
59 -5.628090 -3.439921 9.091579 334.409131 59597.323001
59 14.723128 5.563756 3.308733 107.213791 7893.532802
59 -14.723128 -5.563756 3.308733 107.213791 7893.532802
59 9.615290 4.496237 3.977193 107.780293 11405.160383
59 -9.615290 -4.496237 3.977193 107.780293 11405.160383
59 8.879359 4.320747 3.535499 19.875488 9012.589230
59 -8.879359 -4.320747 3.535499 19.875488 9012.589230
59 7.364208 3.934876 3.471153 43.611291 8687.513637
59 -7.364208 -3.934876 3.471153 43.611291 8687.513637
59 10.988125 4.806510 10.070088 332.713475 73116.360133
59 -10.988125 -4.806510 10.070088 332.713475 73116.360133
60 18.644586 6.261010 14.412179 319.777220 149763.975098
60 -18.644586 -6.261010 14.412179 319.777220 149763.975098
60 12.574777 5.141835 7.479789 174.049478 40339.154636
60 -12.574777 -5.141835 7.479789 174.049478 40339.154636
60 8.686361 4.273532 8.718792 278.308472 54810.113288
60 -8.686361 -4.273532 8.718792 278.308472 54810.113288
60 10.755941 4.755456 6.166793 226.798848 27419.962549
60 -10.755941 -4.755456 6.166793 226.798848 27419.962549
60 9.208549 4.400111 3.993361 1.534696 11498.077450
60 -9.208549 -4.400111 3.993361 1.534696 11498.077450
60 7.373713 3.937414 9.243189 194.022094 61601.570083
60 -7.373713 -3.937414 9.243189 194.022094 61601.570083
60 13.714510 5.369800 3.793519 20.726859 10376.064591
60 -13.714510 -5.369800 3.793519 20.726859 10376.064591
60 22.733203 6.913506 3.580946 91.305349 9245.782627
60 -22.733203 -6.913506 3.580946 91.305349 9245.782627
60 9.950778 4.574004 13.800864 293.780191 137328.475268
60 -9.950778 -4.574004 13.800864 293.780191 137328.475268
60 4.756872 3.162487 14.378980 354.924384 149074.791494
60 -4.756872 -3.162487 14.378980 354.924384 149074.791494
60 10.266422 4.645982 5.630985 187.580267 22862.139242
60 -10.266422 -4.645982 5.630985 187.580267 22862.139242
60 12.220100 5.068803 4.005002 268.306908 11565.208337
60 -12.220100 -5.068803 4.005002 268.306908 11565.208337
61 3.851308 2.845589 14.430227 172.018434 150139.301482
61 -3.851308 -2.845589 14.430227 172.018434 150139.301482
61 6.535120 3.706763 10.813201 59.873543 84305.635412
61 -6.535120 -3.706763 10.813201 59.873543 84305.635412
61 14.323734 5.487773 1.449090 301.219363 1514.045573
61 -14.323734 -5.487773 1.449090 301.219363 1514.045573
61 16.019732 5.803575 3.516601 49.917562 8916.497416
61 -16.019732 -5.803575 3.516601 49.917562 8916.497416
61 16.216387 5.839088 11.996776 159.256522 103771.271861
61 -16.216387 -5.839088 11.996776 159.256522 103771.271861
61 17.745156 6.108125 8.060892 123.882175 46850.509419
61 -17.745156 -6.108125 8.060892 123.882175 46850.509419
61 11.546506 4.927122 7.569455 330.218306 41312.107422
61 -11.546506 -4.927122 7.569455 330.218306 41312.107422
61 7.254004 3.905322 6.655226 126.304193 31935.495092
61 -7.254004 -3.905322 6.655226 126.304193 31935.495092
61 15.827077 5.768573 8.825714 6.614753 56162.668513
61 -15.827077 -5.768573 8.825714 6.614753 56162.668513
61 8.979045 4.344933 16.710738 213.696780 201344.290395
61 -8.979045 -4.344933 16.710738 213.696780 201344.290395
61 10.353780 4.665707 8.294095 226.566073 49600.503061
61 -10.353780 -4.665707 8.294095 226.566073 49600.503061
61 7.015700 3.840639 6.905286 113.733963 34380.437095
61 -7.015700 -3.840639 6.905286 113.733963 34380.437095
62 2.772892 2.414541 2.708773 0.275973 5290.458056
62 -2.772892 -2.414541 2.708773 0.275973 5290.458056
62 8.735281 4.285549 9.363116 27.978101 63210.444792
62 -8.735281 -4.285549 9.363116 27.978101 63210.444792
62 13.766279 5.379926 7.136147 347.317051 36717.714584
62 -13.766279 -5.379926 7.136147 347.317051 36717.714584
62 -2.369703 2.232107 11.718209 62.537583 99008.066819
62 2.369703 -2.232107 11.718209 62.537583 99008.066819
62 10.774310 4.759515 9.224049 292.793459 61346.706106
62 -10.774310 -4.759515 9.224049 292.793459 61346.706106
62 17.390962 6.046859 15.415043 186.950636 171331.642419
62 -17.390962 -6.046859 15.415043 186.950636 171331.642419
62 4.890369 3.206556 2.902483 122.444876 6074.177193
62 -4.890369 -3.206556 2.902483 122.444876 6074.177193
62 7.829702 4.057333 6.897478 80.434995 34302.731013
62 -7.829702 -4.057333 6.897478 80.434995 34302.731013
62 5.189900 3.303296 14.175322 73.426288 144881.843508
62 -5.189900 -3.303296 14.175322 73.426288 144881.843508
62 2.404110 2.248253 11.732897 126.750821 99256.420005
62 -2.404110 -2.248253 11.732897 126.750821 99256.420005
62 15.499114 5.708493 8.648351 301.191321 53928.045180
62 -15.499114 -5.708493 8.648351 301.191321 53928.045180
62 4.833539 3.187870 3.973102 147.219142 11381.708295
62 -4.833539 -3.187870 3.973102 147.219142 11381.708295
63 -1.397354 1.714041 16.651863 334.040259 199928.060501
63 1.397354 -1.714041 16.651863 334.040259 199928.060501
63 10.164713 4.622911 2.533682 223.780807 4628.629024
63 -10.164713 -4.622911 2.533682 223.780807 4628.629024
63 17.145698 6.004068 5.318928 132.682991 20398.411557
63 -17.145698 -6.004068 5.318928 132.682991 20398.411557
63 11.256424 4.864836 9.474569 286.426962 64724.248445
63 -11.256424 -4.864836 9.474569 286.426962 64724.248445
63 15.451092 5.699642 3.706625 175.213715 9906.158728
63 -15.451092 -5.699642 3.706625 175.213715 9906.158728
63 20.573117 6.576852 3.160219 185.319778 7200.830095
63 -20.573117 -6.576852 3.160219 185.319778 7200.830095
63 5.380541 3.363419 7.909805 320.375932 45110.711950
63 -5.380541 -3.363419 7.909805 320.375932 45110.711950
63 25.491098 7.320863 8.758853 137.055456 55314.959328
63 -25.491098 -7.320863 8.758853 137.055456 55314.959328
63 7.173779 3.883667 5.222146 155.672051 19662.832250
63 -7.173779 -3.883667 5.222146 155.672051 19662.832250
63 7.569917 3.989455 6.013116 73.640067 26070.373572
63 -7.569917 -3.989455 6.013116 73.640067 26070.373572
63 14.736773 5.566333 6.957151 231.546146 34898.832454
63 -14.736773 -5.566333 6.957151 231.546146 34898.832454
63 11.542128 4.926188 15.202841 217.500187 166647.041476
63 -11.542128 -4.926188 15.202841 217.500187 166647.041476
64 9.836969 4.547772 2.571661 225.402903 4768.429666
64 -9.836969 -4.547772 2.571661 225.402903 4768.429666
64 15.304252 5.672494 5.869838 85.455335 24842.787292
64 -15.304252 -5.672494 5.869838 85.455335 24842.787292
64 10.781071 4.761009 10.622957 242.158675 81365.239820
64 -10.781071 -4.761009 10.622957 242.158675 81365.239820
64 9.733301 4.523745 5.703690 130.159890 23456.321494
64 -9.733301 -4.523745 5.703690 130.159890 23456.321494
64 11.111388 4.833394 18.519864 26.714162 247299.729227
64 -11.111388 -4.833394 18.519864 26.714162 247299.729227
64 4.926914 3.218515 11.872167 331.814408 101626.761470
64 -4.926914 -3.218515 11.872167 331.814408 101626.761470
64 12.626383 5.152375 8.168604 290.685777 48110.925716
64 -12.626383 -5.152375 8.168604 290.685777 48110.925716
64 1.232227 1.609583 6.423005 103.848263 29745.723060
64 -1.232227 -1.609583 6.423005 103.848263 29745.723060
64 3.290034 2.630075 7.827829 160.217525 44180.508613
64 -3.290034 -2.630075 7.827829 160.217525 44180.508613
64 14.521503 5.525528 3.817741 313.081645 10508.991437
64 -14.521503 -5.525528 3.817741 313.081645 10508.991437
64 9.431111 4.452967 3.447225 358.721688 8568.153355
64 -9.431111 -4.452967 3.447225 358.721688 8568.153355
64 5.474391 3.392625 11.973184 279.433998 103363.548604
64 -5.474391 -3.392625 11.973184 279.433998 103363.548604
65 13.959779 5.417604 11.111348 76.102015 89018.771250
65 -13.959779 -5.417604 11.111348 76.102015 89018.771250
65 10.847139 4.775574 9.431352 335.433435 64135.128241
65 -10.847139 -4.775574 9.431352 335.433435 64135.128241
65 21.249963 6.684164 4.205811 144.205231 12754.037041
65 -21.249963 -6.684164 4.205811 144.205231 12754.037041
65 10.946870 4.797478 10.667135 350.443288 82043.404553
65 -10.946870 -4.797478 10.667135 350.443288 82043.404553
65 8.785719 4.297904 5.738180 342.761076 23740.857901
65 -8.785719 -4.297904 5.738180 342.761076 23740.857901
65 8.520912 4.232637 25.265500 308.001745 460260.671916
65 -8.520912 -4.232637 25.265500 308.001745 460260.671916
65 17.488992 6.063877 3.050620 28.750185 6710.029503
65 -17.488992 -6.063877 3.050620 28.750185 6710.029503
65 14.965487 5.609362 5.932785 330.309154 25378.461033
65 -14.965487 -5.609362 5.932785 330.309154 25378.461033
65 11.616382 4.942008 10.825123 8.810723 84491.647329
65 -11.616382 -4.942008 10.825123 8.810723 84491.647329
65 8.357713 4.191908 6.106841 42.350536 26889.408344
65 -8.357713 -4.191908 6.106841 42.350536 26889.408344
65 10.925652 4.792826 7.026323 274.824428 35596.252313
65 -10.925652 -4.792826 7.026323 274.824428 35596.252313
66 13.462369 5.320210 5.894312 187.638971 25050.383521
66 -13.462369 -5.320210 5.894312 187.638971 25050.383521
66 11.070675 4.824531 8.141562 129.518905 47792.919522
66 -11.070675 -4.824531 8.141562 129.518905 47792.919522
66 6.418475 3.673533 6.128724 335.213057 27082.463984
66 -6.418475 -3.673533 6.128724 335.213057 27082.463984
66 5.273342 3.329745 11.819557 134.694023 100728.056373
66 -5.273342 -3.329745 11.819557 134.694023 100728.056373
66 6.107761 3.583513 8.633673 150.130136 53745.153281
66 -6.107761 -3.583513 8.633673 150.130136 53745.153281
66 12.400157 5.106009 10.726964 5.534834 82966.294208
66 -12.400157 -5.106009 10.726964 5.534834 82966.294208
66 15.647096 5.735680 4.469481 187.020443 14403.306530
66 -15.647096 -5.735680 4.469481 187.020443 14403.306530
66 15.534696 5.715041 3.187634 285.886773 7326.306927
66 -15.534696 -5.715041 3.187634 285.886773 7326.306927
66 10.936691 4.795247 6.547810 292.848807 30912.933893
66 -10.936691 -4.795247 6.547810 292.848807 30912.933893
66 9.619697 4.497267 5.847887 348.817656 24657.324967
66 -9.619697 -4.497267 5.847887 348.817656 24657.324967
66 22.487873 6.876100 16.412425 125.764607 194219.833063
66 -22.487873 -6.876100 16.412425 125.764607 194219.833063
67 6.781062 3.775869 3.569854 10.667226 9188.592172
67 -6.781062 -3.775869 3.569854 10.667226 9188.592172
67 10.232541 4.638310 7.121728 185.712584 36569.483473
67 -10.232541 -4.638310 7.121728 185.712584 36569.483473
67 5.169825 3.296901 9.196580 34.923861 60981.877974
67 -5.169825 -3.296901 9.196580 34.923861 60981.877974
67 4.321970 3.014455 4.027405 73.158491 11694.959394
67 -4.321970 -3.014455 4.027405 73.158491 11694.959394
67 11.183642 4.849083 15.123490 111.724298 164911.951729
67 -11.183642 -4.849083 15.123490 111.724298 164911.951729
67 6.350101 3.653914 9.312968 208.448642 62535.168797
67 -6.350101 -3.653914 9.312968 208.448642 62535.168797
67 13.109284 5.249978 2.834139 223.149301 5791.491351
67 -13.109284 -5.249978 2.834139 223.149301 5791.491351
67 11.345381 4.884021 9.257964 200.906802 61798.658636
67 -11.345381 -4.884021 9.257964 200.906802 61798.658636
67 2.262235 2.180905 4.884090 121.368034 17199.480390
67 -2.262235 -2.180905 4.884090 121.368034 17199.480390
67 17.332106 6.036618 3.802053 342.941539 10422.797564
67 -17.332106 -6.036618 3.802053 342.941539 10422.797564
67 13.727216 5.372287 6.539168 50.666385 30831.388298
67 -13.727216 -5.372287 6.539168 50.666385 30831.388298
68 4.901826 3.210310 4.690343 333.896891 15861.973389
68 -4.901826 -3.210310 4.690343 333.896891 15861.973389
68 7.049793 3.849960 6.470956 104.392479 30191.518736
68 -7.049793 -3.849960 6.470956 104.392479 30191.518736
68 3.059046 2.536069 7.978630 13.814962 45899.161093
68 -3.059046 -2.536069 7.978630 13.814962 45899.161093
68 21.221109 6.679624 4.093762 239.094960 12083.512165
68 -21.221109 -6.679624 4.093762 239.094960 12083.512165
68 14.942315 5.605017 8.784283 257.162348 55636.611705
68 -14.942315 -5.605017 8.784283 257.162348 55636.611705
68 8.508603 4.229579 4.128916 127.770374 12291.932523
68 -8.508603 -4.229579 4.128916 127.770374 12291.932523
68 2.119598 2.111032 2.213916 212.570064 3534.030890
68 -2.119598 -2.111032 2.213916 212.570064 3534.030890
68 7.177903 3.884783 2.277036 218.737977 3738.417445
68 -7.177903 -3.884783 2.277036 218.737977 3738.417445
68 10.356118 4.666234 9.279621 122.704937 62088.128051
68 -10.356118 -4.666234 9.279621 122.704937 62088.128051
68 9.719182 4.520462 5.656133 325.593358 23066.797894
68 -9.719182 -4.520462 5.656133 325.593358 23066.797894
69 8.724602 4.282929 6.751996 235.992988 32870.962257
69 -8.724602 -4.282929 6.751996 235.992988 32870.962257
69 7.946590 4.087506 5.688362 351.004207 23330.421074
69 -7.946590 -4.087506 5.688362 351.004207 23330.421074
69 12.778768 5.183373 4.325381 82.585855 13489.526890
69 -12.778768 -5.183373 4.325381 82.585855 13489.526890
69 8.506491 4.229054 6.541364 206.466106 30852.095920
69 -8.506491 -4.229054 6.541364 206.466106 30852.095920
69 7.799062 4.049386 4.304960 7.345046 13362.454895
69 -7.799062 -4.049386 4.304960 7.345046 13362.454895
69 9.836025 4.547554 10.101056 289.493465 73566.758586
69 -9.836025 -4.547554 10.101056 289.493465 73566.758586
69 8.836843 4.310390 5.393377 122.070662 20973.436493
69 -8.836843 -4.310390 5.393377 122.070662 20973.436493
69 17.188745 6.011600 4.916803 62.239731 17430.652368
69 -17.188745 -6.011600 4.916803 62.239731 17430.652368
69 8.741847 4.287159 12.234766 347.134932 107929.313614
69 -8.741847 -4.287159 12.234766 347.134932 107929.313614
69 2.174597 2.138245 0.936792 32.456796 632.753003
69 -2.174597 -2.138245 0.936792 32.456796 632.753003
70 9.659095 4.506467 4.156028 106.554282 12453.891980
70 -9.659095 -4.506467 4.156028 106.554282 12453.891980
70 10.282684 4.649660 6.119956 50.758357 27005.031656
70 -10.282684 -4.649660 6.119956 50.758357 27005.031656
70 6.632924 3.734397 5.575027 62.871122 22410.006477
70 -6.632924 -3.734397 5.575027 62.871122 22410.006477
70 11.624415 4.943716 9.634309 349.763847 66925.126810
70 -11.624415 -4.943716 9.634309 349.763847 66925.126810
70 4.317971 3.013060 10.000867 135.489154 72114.623705
70 -4.317971 -3.013060 10.000867 135.489154 72114.623705
70 8.275289 4.171186 13.232973 246.191188 126259.163198
70 -8.275289 -4.171186 13.232973 246.191188 126259.163198
70 15.331442 5.677531 3.578788 96.728092 9234.639029
70 -15.331442 -5.677531 3.578788 96.728092 9234.639029
70 9.985167 4.581901 11.800802 169.570255 100408.650557
70 -9.985167 -4.581901 11.800802 169.570255 100408.650557
70 4.002856 2.901035 7.477559 241.392159 40315.099137
70 -4.002856 -2.901035 7.477559 241.392159 40315.099137
70 5.195034 3.304930 4.244700 305.254708 12990.987154
70 -5.195034 -3.304930 4.244700 305.254708 12990.987154
71 7.323982 3.924114 2.587910 143.037352 4828.879563
71 -7.323982 -3.924114 2.587910 143.037352 4828.879563
71 8.936121 4.334535 4.337628 203.266407 13566.025887
71 -8.936121 -4.334535 4.337628 203.266407 13566.025887
71 12.278641 5.080929 5.196012 95.294758 19466.521568
71 -12.278641 -5.080929 5.196012 95.294758 19466.521568
71 5.540256 3.412973 7.920543 70.176434 45233.269743
71 -5.540256 -3.412973 7.920543 70.176434 45233.269743
71 9.890851 4.560210 9.174118 61.246090 60684.350848
71 -9.890851 -4.560210 9.174118 61.246090 60684.350848
71 7.130312 3.871883 10.073339 133.334622 73163.588290
71 -7.130312 -3.871883 10.073339 133.334622 73163.588290
71 12.619678 5.151007 6.259025 79.230913 28246.294615
71 -12.619678 -5.151007 6.259025 79.230913 28246.294615
71 10.158446 4.621486 5.806879 165.870856 24312.727302
71 -10.158446 -4.621486 5.806879 165.870856 24312.727302
71 3.489896 2.708783 16.086090 171.595319 186573.108298
71 -3.489896 -2.708783 16.086090 171.595319 186573.108298
72 12.868191 5.201478 10.505420 356.048366 79574.682894
72 -12.868191 -5.201478 10.505420 356.048366 79574.682894
72 -0.816060 1.309873 8.645360 354.613785 53890.753348
72 0.816060 -1.309873 8.645360 354.613785 53890.753348
72 11.589209 4.936225 8.281914 278.015866 49454.920468
72 -11.589209 -4.936225 8.281914 278.015866 49454.920468
72 14.252907 5.474188 4.575703 301.562128 15096.061640
72 -14.252907 -5.474188 4.575703 301.562128 15096.061640
72 22.379673 6.859538 8.355315 317.900587 50335.420134
72 -22.379673 -6.859538 8.355315 317.900587 50335.420134
72 9.630075 4.499693 1.233429 8.199463 1096.923401
72 -9.630075 -4.499693 1.233429 8.199463 1096.923401
72 9.360950 4.436372 6.818005 295.968461 33516.813405
72 -9.360950 -4.436372 6.818005 295.968461 33516.813405
72 10.910037 4.789400 7.952511 181.714638 45599.138535
72 -10.910037 -4.789400 7.952511 181.714638 45599.138535
72 11.684613 4.956501 3.592944 215.359862 9307.839283
72 -11.684613 -4.956501 3.592944 215.359862 9307.839283
73 18.863677 6.297689 3.470976 237.106386 8686.630310
73 -18.863677 -6.297689 3.470976 237.106386 8686.630310
73 6.209550 3.613250 9.275423 326.862461 62031.968507
73 -6.209550 -3.613250 9.275423 326.862461 62031.968507
73 3.405362 2.675775 5.494386 217.224267 21766.391105
73 -3.405362 -2.675775 5.494386 217.224267 21766.391105
73 -0.130782 0.524375 15.606980 11.035816 175624.790440
73 0.130782 -0.524375 15.606980 11.035816 175624.790440
73 0.782536 1.282685 2.668120 141.844543 5132.852020
73 -0.782536 -1.282685 2.668120 141.844543 5132.852020
73 11.507684 4.918832 3.764960 201.196587 10220.423535
73 -11.507684 -4.918832 3.764960 201.196587 10220.423535
73 6.650500 3.739342 4.801629 241.837699 16623.610170
73 -6.650500 -3.739342 4.801629 241.837699 16623.610170
73 10.718171 4.747100 4.799143 99.487593 16606.398022
73 -10.718171 -4.747100 4.799143 99.487593 16606.398022
73 7.324587 3.924276 6.254112 179.950496 28201.965537
73 -7.324587 -3.924276 6.254112 179.950496 28201.965537
74 13.487560 5.325185 0.979249 248.354614 691.408583
74 -13.487560 -5.325185 0.979249 248.354614 691.408583
74 2.452310 2.270679 6.375740 251.758157 29309.557000
74 -2.452310 -2.270679 6.375740 251.758157 29309.557000
74 5.847706 3.506394 10.032228 70.122503 72567.613522
74 -5.847706 -3.506394 10.032228 70.122503 72567.613522
74 14.274028 5.478243 11.376308 259.220130 93314.840621
74 -14.274028 -5.478243 11.376308 259.220130 93314.840621
74 3.916650 2.869626 6.620899 283.441537 31606.902604
74 -3.916650 -2.869626 6.620899 283.441537 31606.902604
74 10.036267 4.593610 6.137175 324.641308 27157.202935
74 -10.036267 -4.593610 6.137175 324.641308 27157.202935
74 6.405126 3.669711 8.803308 270.139893 55877.871365
74 -6.405126 -3.669711 8.803308 270.139893 55877.871365
74 4.029691 2.910743 4.572429 69.604256 15074.467045
74 -4.029691 -2.910743 4.572429 69.604256 15074.467045
75 13.765806 5.379833 14.775289 125.122986 157405.554502
75 -13.765806 -5.379833 14.775289 125.122986 157405.554502
75 10.804600 4.766201 3.885880 162.610300 10887.468624
75 -10.804600 -4.766201 3.885880 162.610300 10887.468624
75 0.859395 1.344202 4.643030 163.529248 15543.577446
75 -0.859395 -1.344202 4.643030 163.529248 15543.577446
75 13.269512 5.281965 13.782727 103.890143 136967.777688
75 -13.269512 -5.281965 13.782727 103.890143 136967.777688
75 11.772450 4.975096 11.796919 76.627800 100342.588512
75 -11.772450 -4.975096 11.796919 76.627800 100342.588512
75 19.854344 6.460941 7.663524 168.836049 42345.286036
75 -19.854344 -6.460941 7.663524 168.836049 42345.286036
75 1.712686 1.897610 16.329688 325.785221 192266.601955
75 -1.712686 -1.897610 16.329688 325.785221 192266.601955
75 6.278414 3.633231 8.643814 177.733743 53871.475913
75 -6.278414 -3.633231 8.643814 177.733743 53871.475913
76 7.804043 4.050679 4.660976 156.481390 15663.970569
76 -7.804043 -4.050679 4.660976 156.481390 15663.970569
76 10.302796 4.654206 7.097685 5.932031 36322.981802
76 -10.302796 -4.654206 7.097685 5.932031 36322.981802
76 9.955642 4.575122 2.008830 320.543857 2909.607194
76 -9.955642 -4.575122 2.008830 320.543857 2909.607194
76 19.302580 6.370532 6.338703 61.907665 28970.023864
76 -19.302580 -6.370532 6.338703 61.907665 28970.023864
76 20.904838 6.629662 4.237034 336.679637 12944.102081
76 -20.904838 -6.629662 4.237034 336.679637 12944.102081
76 7.175676 3.884181 18.691472 77.853924 251904.006575
76 -7.175676 -3.884181 18.691472 77.853924 251904.006575
76 6.687176 3.749638 5.445946 281.797817 21384.283510
76 -6.687176 -3.749638 5.445946 281.797817 21384.283510
76 7.417319 3.949040 9.917544 168.559457 70917.974119
76 -7.417319 -3.949040 9.917544 168.559457 70917.974119
77 3.193601 2.591244 10.670949 19.619588 82102.085053
77 -3.193601 -2.591244 10.670949 19.619588 82102.085053
77 8.602066 4.252745 16.805707 295.432661 203639.330397
77 -8.602066 -4.252745 16.805707 295.432661 203639.330397
77 6.730027 3.761633 10.336057 347.745628 77029.639890
77 -6.730027 -3.761633 10.336057 347.745628 77029.639890
77 2.689695 2.378042 2.629524 85.411531 4985.428160
77 -2.689695 -2.378042 2.629524 85.411531 4985.428160
77 11.621813 4.943163 3.712318 57.297066 9936.612463
77 -11.621813 -4.943163 3.712318 57.297066 9936.612463
77 13.123857 5.252895 7.104315 295.040688 36390.873023
77 -13.123857 -5.252895 7.104315 295.040688 36390.873023
77 7.086958 3.860095 17.924401 13.855087 231652.708342
77 -7.086958 -3.860095 17.924401 13.855087 231652.708342
78 10.883201 4.783506 6.900331 66.872116 34331.114200
78 -10.883201 -4.783506 6.900331 66.872116 34331.114200
78 8.393719 4.200928 7.406222 359.069667 39549.547058
78 -8.393719 -4.200928 7.406222 359.069667 39549.547058
78 6.787591 3.777686 8.644890 183.054153 53884.888520
78 -6.787591 -3.777686 8.644890 183.054153 53884.888520
78 4.107537 2.938724 3.166125 183.705183 7227.768023
78 -4.107537 -2.938724 3.166125 183.705183 7227.768023
78 13.976675 5.420882 5.425177 43.218595 21221.494177
78 -13.976675 -5.420882 5.425177 43.218595 21221.494177
78 7.875951 4.069298 25.253138 252.035009 459810.399645
78 -7.875951 -4.069298 25.253138 252.035009 459810.399645
78 8.748644 4.288825 9.497516 332.593791 65038.144219
78 -8.748644 -4.288825 9.497516 332.593791 65038.144219
79 4.426843 3.050809 3.812627 34.698399 10480.855755
79 -4.426843 -3.050809 3.812627 34.698399 10480.855755
79 10.864776 4.779455 16.479589 58.695493 195812.683481
79 -10.864776 -4.779455 16.479589 58.695493 195812.683481
79 1.391117 1.710212 3.394270 244.784376 8306.936603
79 -1.391117 -1.710212 3.394270 244.784376 8306.936603
79 14.770124 5.572628 5.665413 75.621713 23142.553063
79 -14.770124 -5.572628 5.665413 75.621713 23142.553063
79 11.950812 5.012642 2.315098 173.555201 3864.443457
79 -11.950812 -5.012642 2.315098 173.555201 3864.443457
79 5.955986 3.538709 15.578974 139.712211 174995.049564
79 -5.955986 -3.538709 15.578974 139.712211 174995.049564
79 5.905385 3.523645 6.040307 257.012409 26306.679700
79 -5.905385 -3.523645 6.040307 257.012409 26306.679700
80 14.408617 5.504009 11.288472 5.926363 91879.444503
80 -14.408617 -5.504009 11.288472 5.926363 91879.444503
80 0.481968 1.006647 10.642830 11.732155 81669.953535
80 -0.481968 -1.006647 10.642830 11.732155 81669.953535
80 14.441647 5.510314 14.924088 308.908205 160591.906586
80 -14.441647 -5.510314 14.924088 308.908205 160591.906586
80 10.985015 4.805829 20.536220 117.863669 304080.872185
80 -10.985015 -4.805829 20.536220 117.863669 304080.872185
80 14.358377 5.494405 11.795791 203.688165 100323.391037
80 -14.358377 -5.494405 11.795791 203.688165 100323.391037
80 12.372354 5.100282 9.315753 134.796872 62572.576698
80 -12.372354 -5.100282 9.315753 134.796872 62572.576698
81 10.106275 4.609603 16.020017 299.459892 185043.569752
81 -10.106275 -4.609603 16.020017 299.459892 185043.569752
81 12.143682 5.052929 3.049541 140.918762 6705.282661
81 -12.143682 -5.052929 3.049541 140.918762 6705.282661
81 5.266694 3.327645 9.998475 0.132073 72080.133466
81 -5.266694 -3.327645 9.998475 0.132073 72080.133466
81 14.278606 5.479121 6.161404 98.675534 27372.053538
81 -14.278606 -5.479121 6.161404 98.675534 27372.053538
81 10.497265 4.697925 4.824802 244.368580 16784.446362
81 -10.497265 -4.697925 4.824802 244.368580 16784.446362
81 3.794857 2.824657 2.466497 3.545536 4386.410043
81 -3.794857 -2.824657 2.466497 3.545536 4386.410043
82 10.355869 4.666178 3.633382 154.486732 9518.538240
82 -10.355869 -4.666178 3.633382 154.486732 9518.538240
82 5.214266 3.311041 4.221383 298.504404 12848.652386
82 -5.214266 -3.311041 4.221383 298.504404 12848.652386
82 6.626328 3.732540 5.627446 153.271432 22833.411428
82 -6.626328 -3.732540 5.627446 153.271432 22833.411428
82 8.449335 4.214822 9.607111 126.868725 66547.801949
82 -8.449335 -4.214822 9.607111 126.868725 66547.801949
82 6.573713 3.717692 6.807549 285.306743 33414.092679
82 -6.573713 -3.717692 6.807549 285.306743 33414.092679
82 5.416889 3.374760 10.388981 264.330008 77820.496206
82 -5.416889 -3.374760 10.388981 264.330008 77820.496206
83 5.932125 3.531613 6.150967 52.529592 27279.399947
83 -5.932125 -3.531613 6.150967 52.529592 27279.399947
83 8.610981 4.254949 11.081006 14.161355 88533.259120
83 -8.610981 -4.254949 11.081006 14.161355 88533.259120
83 3.125857 2.563613 6.062697 221.030222 26502.066618
83 -3.125857 -2.563613 6.062697 221.030222 26502.066618
83 9.515364 4.472813 4.024725 287.639516 11679.401576
83 -9.515364 -4.472813 4.024725 287.639516 11679.401576
83 8.100581 4.126920 6.035176 292.669853 26262.012447
83 -8.100581 -4.126920 6.035176 292.669853 26262.012447
84 9.344522 4.432478 6.042184 167.147074 26323.039462
84 -9.344522 -4.432478 6.042184 167.147074 26323.039462
84 10.909351 4.789249 4.497961 331.777452 14587.453788
84 -10.909351 -4.789249 4.497961 331.777452 14587.453788
84 17.214651 6.016129 2.707621 293.001669 5285.960446
84 -17.214651 -6.016129 2.707621 293.001669 5285.960446
84 5.786660 3.488044 12.962944 37.295872 121158.911091
84 -5.786660 -3.488044 12.962944 37.295872 121158.911091
84 0.627437 1.148558 10.615486 138.686677 81250.830723
84 -0.627437 -1.148558 10.615486 138.686677 81250.830723
85 9.344599 4.432496 4.711493 104.379749 16005.349806
85 -9.344599 -4.432496 4.711493 104.379749 16005.349806
85 15.993895 5.798893 2.470578 60.580952 4400.938108
85 -15.993895 -5.798893 2.470578 60.580952 4400.938108
85 7.249497 3.904109 5.099690 260.514546 18751.480964
85 -7.249497 -3.904109 5.099690 260.514546 18751.480964
85 6.209680 3.613288 6.717311 104.389677 32534.111495
85 -6.209680 -3.613288 6.717311 104.389677 32534.111495
85 9.832345 4.546703 7.051078 52.630723 35847.517924
85 -9.832345 -4.546703 7.051078 52.630723 35847.517924
86 3.793026 2.823975 4.092966 185.038991 12078.815201
86 -3.793026 -2.823975 4.092966 185.038991 12078.815201
86 3.929901 2.874477 1.894692 80.747860 2588.364001
86 -3.929901 -2.874477 1.894692 80.747860 2588.364001
86 10.343375 4.663362 5.345617 192.960920 20603.626664
86 -10.343375 -4.663362 5.345617 192.960920 20603.626664
86 14.804367 5.579084 4.449407 13.892229 14274.218664
86 -14.804367 -5.579084 4.449407 13.892229 14274.218664
87 10.547004 4.709042 16.630357 61.241372 199411.962640
87 -10.547004 -4.709042 16.630357 61.241372 199411.962640
87 8.599289 4.252059 14.622141 5.885368 154159.393499
87 -8.599289 -4.252059 14.622141 5.885368 154159.393499
87 9.916084 4.566023 6.692766 171.545042 32296.788879
87 -9.916084 -4.566023 6.692766 171.545042 32296.788879
87 15.133657 5.640790 5.166481 116.436422 19245.882477
87 -15.133657 -5.640790 5.166481 116.436422 19245.882477
88 7.020398 3.841925 7.527160 208.034775 40851.726466
88 -7.020398 -3.841925 7.527160 208.034775 40851.726466
88 2.474140 2.280763 6.195581 213.446078 27676.564020
88 -2.474140 -2.280763 6.195581 213.446078 27676.564020
88 11.676437 4.954766 11.671169 301.480870 98214.772566
88 -11.676437 -4.954766 11.671169 301.480870 98214.772566
88 13.072531 5.242613 6.747036 9.354450 32822.689716
88 -13.072531 -5.242613 6.747036 9.354450 32822.689716
89 17.301099 6.031216 13.730738 63.839190 135936.419053
89 -17.301099 -6.031216 13.730738 63.839190 135936.419053
89 12.518726 5.130363 7.195218 256.962768 37328.104375
89 -12.518726 -5.130363 7.195218 256.962768 37328.104375
89 8.486678 4.224126 4.424180 154.084813 14112.817597
89 -8.486678 -4.224126 4.424180 154.084813 14112.817597
90 0.975323 1.431997 3.753945 106.468216 10160.705036
90 -0.975323 -1.431997 3.753945 106.468216 10160.705036
90 15.538589 5.715758 4.255752 0.079584 13058.723485
90 -15.538589 -5.715758 4.255752 0.079584 13058.723485
90 10.760558 4.756477 7.874065 353.659377 44703.965127
90 -10.760558 -4.756477 7.874065 353.659377 44703.965127
91 9.793598 4.537735 6.999932 170.595382 35329.353490
91 -9.793598 -4.537735 6.999932 170.595382 35329.353490
91 6.471769 3.688752 6.012574 139.006261 26065.674974
91 -6.471769 -3.688752 6.012574 139.006261 26065.674974
91 12.844179 5.196623 5.105139 124.864694 18791.579753
91 -12.844179 -5.196623 5.105139 124.864694 18791.579753
92 5.649829 3.446558 2.672564 339.971678 5149.965913
92 -5.649829 -3.446558 2.672564 339.971678 5149.965913
92 10.001444 4.585634 7.467010 107.947797 40201.436307
92 -10.001444 -4.585634 7.467010 107.947797 40201.436307
92 10.141266 4.617576 2.581270 100.509403 4804.132073
92 -10.141266 -4.617576 2.581270 100.509403 4804.132073
93 2.147868 2.125063 7.884794 70.363296 44825.869447
93 -2.147868 -2.125063 7.884794 70.363296 44825.869447
93 14.429288 5.507956 6.622467 29.845656 31621.875370
93 -14.429288 -5.507956 6.622467 29.845656 31621.875370
94 11.609881 4.940625 3.971421 202.291567 11372.079050
94 -11.609881 -4.940625 3.971421 202.291567 11372.079050
94 13.726825 5.372211 11.018533 107.927399 87537.799001
94 -13.726825 -5.372211 11.018533 107.927399 87537.799001
95 8.131741 4.134850 4.652602 255.437259 15607.733149
95 -8.131741 -4.134850 4.652602 255.437259 15607.733149
95 7.882040 4.070871 7.831969 331.386686 44227.250641
95 -7.882040 -4.070871 7.831969 331.386686 44227.250641
96 12.230534 5.070966 9.755704 248.806910 68622.298771
96 -12.230534 -5.070966 9.755704 248.806910 68622.298771
96 7.220095 3.896184 9.879934 181.791158 70381.117106
96 -7.220095 -3.896184 9.879934 181.791158 70381.117106
97 13.439116 5.315613 16.210861 109.822795 189478.619268
97 -13.439116 -5.315613 16.210861 109.822795 189478.619268
98 3.010517 2.515872 8.363147 307.182741 50429.839088
98 -3.010517 -2.515872 8.363147 307.182741 50429.839088
99 8.477307 4.221793 11.409785 319.664007 93864.853296
99 -8.477307 -4.221793 11.409785 319.664007 93864.853296
100 11.419314 4.899909 9.889103 145.857854 70511.815878
100 -11.419314 -4.899909 9.889103 145.857854 70511.815878
122 22.278098 -6.183158 12.536708 258.652039 113322.220884
122 -22.278098 6.183158 12.536708 258.652039 113322.220884
123 28.219502 -6.958986 5.688852 300.034731 23334.441364
123 -28.219502 6.958986 5.688852 300.034731 23334.441364
124 23.884168 -6.402158 11.749614 273.017338 99539.459776
124 -23.884168 6.402158 11.749614 273.017338 99539.459776
125 9.254859 -3.985256 10.616248 84.738299 81262.503089
125 -9.254859 3.985256 10.616248 84.738299 81262.503089
125 34.728688 -7.719968 9.197860 149.903041 60998.854265
125 -34.728688 7.719968 9.197860 149.903041 60998.854265
126 21.897805 -6.130157 5.987443 356.285120 25848.234767
126 -21.897805 6.130157 5.987443 356.285120 25848.234767
126 30.523419 -7.237489 7.488061 245.454956 40428.426714
126 -30.523419 7.237489 7.488061 245.454956 40428.426714
127 19.181860 -5.737420 10.282346 210.509299 76231.155026
127 -19.181860 5.737420 10.282346 210.509299 76231.155026
127 20.694458 -5.959342 2.045733 52.460680 3017.491891
127 -20.694458 5.959342 2.045733 52.460680 3017.491891
128 20.150944 -5.880564 4.808819 206.674444 16673.429751
128 -20.150944 5.880564 4.808819 206.674444 16673.429751
128 31.634473 -7.368034 3.252187 206.816592 7626.039682
128 -31.634473 7.368034 3.252187 206.816592 7626.039682
128 19.397430 -5.769569 12.672503 292.539250 115790.492101
128 -19.397430 5.769569 12.672503 292.539250 115790.492101
129 16.122391 -5.260003 3.356130 50.082039 8121.300747
129 -16.122391 5.260003 3.356130 50.082039 8121.300747
129 30.487474 -7.233226 3.311235 1.054543 7905.474874
129 -30.487474 7.233226 3.311235 1.054543 7905.474874
129 30.647196 -7.252148 1.866772 263.356045 2512.641220
129 -30.647196 7.252148 1.866772 263.356045 2512.641220
130 33.572811 -7.590409 13.247481 270.326679 126536.164002
130 -33.572811 7.590409 13.247481 270.326679 126536.164002
130 24.528586 -6.487951 5.127092 41.161417 18953.538176
130 -24.528586 6.487951 5.127092 41.161417 18953.538176
130 29.864830 -7.158983 16.434971 117.481725 194753.807060
130 -29.864830 7.158983 16.434971 117.481725 194753.807060
131 26.663454 -6.764403 6.530756 193.344979 30752.115914
131 -26.663454 6.764403 6.530756 193.344979 30752.115914
131 10.088968 -4.160971 12.697106 319.116596 116240.533595
131 -10.088968 4.160971 12.697106 319.116596 116240.533595
131 19.270859 -5.750715 4.200128 128.974334 12719.591558
131 -19.270859 5.750715 4.200128 128.974334 12719.591558
131 27.865578 -6.915209 16.867124 210.993260 205130.445842
131 -27.865578 6.915209 16.867124 210.993260 205130.445842
132 21.529637 -6.078405 1.121336 266.348846 906.608495
132 -21.529637 6.078405 1.121336 266.348846 906.608495
132 30.306600 -7.211737 14.056093 285.280140 142454.868680
132 -30.306600 7.211737 14.056093 285.280140 142454.868680
132 22.659823 -6.235906 6.476087 89.231605 30239.419195
132 -22.659823 6.235906 6.476087 89.231605 30239.419195
132 31.437970 -7.345114 5.118961 82.216668 18893.470852
132 -31.437970 7.345114 5.118961 82.216668 18893.470852
133 19.638433 -5.805301 5.626688 252.916980 22827.257647
133 -19.638433 5.805301 5.626688 252.916980 22827.257647
133 31.810059 -7.388453 4.120852 308.058195 12243.968098
133 -31.810059 7.388453 4.120852 308.058195 12243.968098
133 18.587225 -5.647790 4.198963 55.300303 12712.533933
133 -18.587225 5.647790 4.198963 55.300303 12712.533933
133 9.673316 -4.074356 15.703330 303.735010 177799.925573
133 -9.673316 4.074356 15.703330 303.735010 177799.925573
133 24.405623 -6.471668 5.987839 339.646746 25851.653848
133 -24.405623 6.471668 5.987839 339.646746 25851.653848
134 31.662492 -7.371296 4.735286 288.886814 16167.412092
134 -31.662492 7.371296 4.735286 288.886814 16167.412092
134 30.689277 -7.257125 10.619972 255.011936 81319.529022
134 -30.689277 7.257125 10.619972 255.011936 81319.529022
134 11.504180 -4.443233 7.150160 123.005956 36862.061440
134 -11.504180 4.443233 7.150160 123.005956 36862.061440
134 14.135543 -4.925242 8.509687 283.310086 52212.586900
134 -14.135543 4.925242 8.509687 283.310086 52212.586900
134 25.568793 -6.624093 14.919443 214.024554 160491.956516
134 -25.568793 6.624093 14.919443 214.024554 160491.956516
135 27.816711 -6.909143 7.383871 337.905585 39311.194090
135 -27.816711 6.909143 7.383871 337.905585 39311.194090
135 20.794213 -5.973688 6.768586 283.861914 33032.695481
135 -20.794213 5.973688 6.768586 283.861914 33032.695481
135 26.898165 -6.794111 10.402994 36.985396 78030.562156
135 -26.898165 6.794111 10.402994 36.985396 78030.562156
135 29.579694 -7.124726 10.634465 106.430262 81541.630980
135 -29.579694 7.124726 10.634465 106.430262 81541.630980
135 8.132492 -3.735796 2.750868 315.226429 5456.166563
135 -8.132492 3.735796 2.750868 315.226429 5456.166563
136 7.808380 -3.660596 3.295050 164.749594 7828.383178
136 -7.808380 3.660596 3.295050 164.749594 7828.383178
136 14.979460 -5.070133 9.360182 77.430011 63170.837998
136 -14.979460 5.070133 9.360182 77.430011 63170.837998
136 23.342443 -6.329136 13.013185 273.480605 122099.898526
136 -23.342443 6.329136 13.013185 273.480605 122099.898526
136 12.540293 -4.639008 7.670622 67.599147 42423.764960
136 -12.540293 4.639008 7.670622 67.599147 42423.764960
136 21.475730 -6.070791 4.409764 297.983310 14020.993955
136 -21.475730 6.070791 4.409764 297.983310 14020.993955
136 23.962239 -6.412612 10.301831 19.026078 76520.339250
136 -23.962239 6.412612 10.301831 19.026078 76520.339250
137 6.336964 -3.297706 8.686326 111.640266 54402.687232
137 -6.336964 3.297706 8.686326 111.640266 54402.687232
137 29.452415 -7.109380 6.429955 181.727255 29810.137069
137 -29.452415 7.109380 6.429955 181.727255 29810.137069
137 27.211745 -6.833599 3.604639 118.894355 9368.533118
137 -27.211745 6.833599 3.604639 118.894355 9368.533118
137 17.907371 -5.543540 5.167283 52.417956 19251.850686
137 -17.907371 5.543540 5.167283 52.417956 19251.850686
137 23.184539 -6.307693 5.254064 339.119980 19903.924307
137 -23.184539 6.307693 5.254064 339.119980 19903.924307
137 17.922855 -5.545936 10.430988 35.104551 78451.079890
137 -17.922855 5.545936 10.430988 35.104551 78451.079890
138 22.073131 -6.154649 3.349518 292.614481 8089.333502
138 -22.073131 6.154649 3.349518 292.614481 8089.333502
138 5.104635 -2.959741 2.886965 183.859049 6009.399034
138 -5.104635 2.959741 2.886965 183.859049 6009.399034
138 25.189617 -6.574793 3.079808 170.787774 6839.044028
138 -25.189617 6.574793 3.079808 170.787774 6839.044028
138 21.221717 -6.034782 4.792411 73.101321 16559.838965
138 -21.221717 6.034782 4.792411 73.101321 16559.838965
138 14.193245 -4.935284 6.868300 340.045796 34013.129318
138 -14.193245 4.935284 6.868300 340.045796 34013.129318
138 22.468931 -6.209584 16.572403 288.358243 198024.549129
138 -22.468931 6.209584 16.572403 288.358243 198024.549129
138 14.969325 -5.068418 4.721924 313.274806 16076.298294
138 -14.969325 5.068418 4.721924 313.274806 16076.298294
139 18.570721 -5.645282 13.124109 179.910851 124190.319628
139 -18.570721 5.645282 13.124109 179.910851 124190.319628
139 17.697224 -5.510917 4.312147 82.957587 13407.112930
139 -17.697224 5.510917 4.312147 82.957587 13407.112930
139 17.156441 -5.426064 7.171814 275.017023 37085.665517
139 -17.156441 5.426064 7.171814 275.017023 37085.665517
139 19.755939 -5.822643 12.356235 176.896837 110083.031149
139 -19.755939 5.822643 12.356235 176.896837 110083.031149
139 13.412443 -4.797613 5.072907 118.066449 18555.036320
139 -13.412443 4.797613 5.072907 118.066449 18555.036320
139 35.015952 -7.751830 3.891012 300.271190 10916.242641
139 -35.015952 7.751830 3.891012 300.271190 10916.242641
139 9.680549 -4.075879 11.424766 202.569687 94111.501413
139 -9.680549 4.075879 11.424766 202.569687 94111.501413
140 15.858508 -5.216779 3.892215 338.213572 10922.992013
140 -15.858508 5.216779 3.892215 338.213572 10922.992013
140 24.731538 -6.514736 12.766593 256.962646 117516.290518
140 -24.731538 6.514736 12.766593 256.962646 117516.290518
140 20.332101 -5.906938 10.210759 257.828123 75173.383849
140 -20.332101 5.906938 10.210759 257.828123 75173.383849
140 36.909630 -7.958682 8.348227 44.596882 50250.064500
140 -36.909630 7.958682 8.348227 44.596882 50250.064500
140 8.659331 -3.854903 4.791293 220.135191 16552.119606
140 -8.659331 3.854903 4.791293 220.135191 16552.119606
140 19.205963 -5.741024 3.810911 94.503906 10471.422806
140 -19.205963 5.741024 3.810911 94.503906 10471.422806
140 26.549408 -6.749921 10.379735 225.820139 77682.042448
140 -26.549408 6.749921 10.379735 225.820139 77682.042448
140 30.277339 -7.208255 13.874853 245.745284 138804.926940
140 -30.277339 7.208255 13.874853 245.745284 138804.926940
141 11.157130 -4.375700 7.404010 66.531062 39525.926910
141 -11.157130 4.375700 7.404010 66.531062 39525.926910
141 19.183283 -5.737633 10.014344 253.456449 72309.122905
141 -19.183283 5.737633 10.014344 253.456449 72309.122905
141 18.401562 -5.619512 7.859726 131.015314 44541.298254
141 -18.401562 5.619512 7.859726 131.015314 44541.298254
141 33.953690 -7.633343 8.089926 147.606217 47188.606703
141 -33.953690 7.633343 8.089926 147.606217 47188.606703
141 21.114923 -6.019578 7.166821 235.039130 37034.043235
141 -21.114923 6.019578 7.166821 235.039130 37034.043235
141 14.881639 -5.053551 15.172085 186.769142 165973.446978
141 -14.881639 5.053551 15.172085 186.769142 165973.446978
141 21.603133 -6.088771 4.033399 35.205640 11729.793905
141 -21.603133 6.088771 4.033399 35.205640 11729.793905
141 18.859240 -5.688967 6.216371 303.248104 27862.614713
141 -18.859240 5.688967 6.216371 303.248104 27862.614713
142 25.544660 -6.620966 8.974320 223.090104 58069.908859
142 -25.544660 6.620966 8.974320 223.090104 58069.908859
142 24.913805 -6.538699 3.989230 80.777402 11474.303108
142 -24.913805 6.538699 3.989230 80.777402 11474.303108
142 15.454540 -5.149906 10.170072 178.046762 74575.492367
142 -15.454540 5.149906 10.170072 178.046762 74575.492367
142 31.766122 -7.383349 9.039032 12.318212 58910.399466
142 -31.766122 7.383349 9.039032 12.318212 58910.399466
142 16.418679 -5.308116 7.357301 284.903164 39028.793738
142 -16.418679 5.308116 7.357301 284.903164 39028.793738
142 20.776171 -5.971096 7.599265 124.854543 41638.137695
142 -20.776171 5.971096 7.599265 124.854543 41638.137695
142 16.662440 -5.347374 4.680547 330.019404 15795.790990
142 -16.662440 5.347374 4.680547 330.019404 15795.790990
142 17.931182 -5.547225 7.322268 272.365348 38657.992564
142 -17.931182 5.547225 7.322268 272.365348 38657.992564
142 18.249794 -5.596291 4.243135 22.054569 12981.409504
142 -18.249794 5.596291 4.243135 22.054569 12981.409504
143 19.156677 -5.733653 8.086599 74.420555 47149.801517
143 -19.156677 5.733653 8.086599 74.420555 47149.801517
143 18.081901 -5.570489 4.693582 249.038974 15883.891806
143 -18.081901 5.570489 4.693582 249.038974 15883.891806
143 34.351888 -7.677973 2.636525 167.436132 5012.009417
143 -34.351888 7.677973 2.636525 167.436132 5012.009417
143 9.722947 -4.084795 4.435328 346.830686 14184.024193
143 -9.722947 4.084795 4.435328 346.830686 14184.024193
143 7.850146 -3.670373 8.533158 20.967714 52501.011782
143 -7.850146 3.670373 8.533158 20.967714 52501.011782
143 12.238174 -4.582786 5.542067 191.935838 22145.811160
143 -12.238174 4.582786 5.542067 191.935838 22145.811160
143 18.733837 -5.670021 8.167928 126.019233 48102.973565
143 -18.733837 5.670021 8.167928 126.019233 48102.973565
143 20.548891 -5.938346 3.899147 345.926895 10961.933932
143 -20.548891 5.938346 3.899147 345.926895 10961.933932
143 23.999513 -6.417598 3.983699 149.485795 11442.506085
143 -23.999513 6.417598 3.983699 149.485795 11442.506085
144 29.366993 -7.099063 13.554032 2.878773 132460.099965
144 -29.366993 7.099063 13.554032 2.878773 132460.099965
144 28.113180 -6.945864 9.289033 149.077025 62214.142089
144 -28.113180 6.945864 9.289033 149.077025 62214.142089
144 8.488441 -3.816676 18.882007 260.278118 257065.857599
144 -8.488441 3.816676 18.882007 260.278118 257065.857599
144 31.444338 -7.345858 5.610573 329.705144 22696.689194
144 -31.444338 7.345858 5.610573 329.705144 22696.689194
144 24.634884 -6.501994 3.485312 270.265022 8758.535260
144 -24.634884 6.501994 3.485312 270.265022 8758.535260
144 15.620311 -5.177453 6.642143 200.789924 31810.062150
144 -15.620311 5.177453 6.642143 200.789924 31810.062150
144 30.576539 -7.243783 5.213278 265.312012 19596.110711
144 -30.576539 7.243783 5.213278 265.312012 19596.110711
144 15.555524 -5.166704 3.855042 37.357788 10715.349810
144 -15.555524 5.166704 3.855042 37.357788 10715.349810
144 25.920001 -6.669431 4.631138 306.505375 15464.061257
144 -25.920001 6.669431 4.631138 306.505375 15464.061257
144 10.669874 -4.279085 10.560814 34.581125 80416.070079
144 -10.669874 4.279085 10.560814 34.581125 80416.070079
145 21.855742 -6.124266 7.764868 102.706463 43472.662240
145 -21.855742 6.124266 7.764868 102.706463 43472.662240
145 14.251813 -4.945456 10.904061 331.299196 85728.375736
145 -14.251813 4.945456 10.904061 331.299196 85728.375736
145 20.642214 -5.951815 8.077281 247.510262 47041.206632
145 -20.642214 5.951815 8.077281 247.510262 47041.206632
145 17.794136 -5.525986 3.324022 202.542702 7966.652776
145 -17.794136 5.525986 3.324022 202.542702 7966.652776
145 10.027157 -4.148205 5.925948 215.723155 25320.002848
145 -10.027157 4.148205 5.925948 215.723155 25320.002848
145 17.318351 -5.451607 2.428418 340.300497 4252.017519
145 -17.318351 5.451607 2.428418 340.300497 4252.017519
145 13.945030 -4.891939 5.980150 50.590451 25785.302755
145 -13.945030 4.891939 5.980150 50.590451 25785.302755
145 22.149012 -6.165219 3.355317 15.321294 8117.368178
145 -22.149012 6.165219 3.355317 15.321294 8117.368178
145 27.572618 -6.878762 7.807716 183.111409 43953.767305
145 -27.572618 6.878762 7.807716 183.111409 43953.767305
145 22.066537 -6.153729 5.075767 54.729294 18575.966815
145 -22.066537 6.153729 5.075767 54.729294 18575.966815
146 24.300705 -6.457743 5.486628 338.101362 21704.967430
146 -24.300705 6.457743 5.486628 338.101362 21704.967430
146 17.904372 -5.543076 6.705983 0.239374 32424.477364
146 -17.904372 5.543076 6.705983 0.239374 32424.477364
146 16.154524 -5.265243 5.875450 17.122362 24890.310365
146 -16.154524 5.265243 5.875450 17.122362 24890.310365
146 21.800694 -6.116549 3.753120 51.361736 10156.238519
146 -21.800694 6.116549 3.753120 51.361736 10156.238519
146 22.632722 -6.232176 4.309132 12.628134 13388.369157
146 -22.632722 6.232176 4.309132 12.628134 13388.369157
146 33.548892 -7.587704 4.989564 278.761186 17950.361766
146 -33.548892 7.587704 4.989564 278.761186 17950.361766
146 21.542493 -6.080220 6.608543 99.764556 31489.045720
146 -21.542493 6.080220 6.608543 99.764556 31489.045720
146 16.303688 -5.289495 6.569223 150.682765 31115.452471
146 -16.303688 5.289495 6.569223 150.682765 31115.452471
146 21.654139 -6.095955 5.200277 20.498058 19498.491855
146 -21.654139 6.095955 5.200277 20.498058 19498.491855
146 12.934780 -4.711409 12.157477 135.359329 106570.002921
146 -12.934780 4.711409 12.157477 135.359329 106570.002921
146 5.971834 -3.201291 4.543080 7.687235 14881.576321
146 -5.971834 3.201291 4.543080 7.687235 14881.576321
147 25.995054 -6.679080 22.156134 232.513878 353945.218774
147 -25.995054 6.679080 22.156134 232.513878 353945.218774
147 20.520408 -5.934229 9.452842 183.960501 64427.739373
147 -20.520408 5.934229 9.452842 183.960501 64427.739373
147 11.825413 -4.504841 11.323755 134.466309 92454.707027
147 -11.825413 4.504841 11.323755 134.466309 92454.707027
147 26.275886 -6.715061 6.076364 188.101916 26621.687770
147 -26.275886 6.715061 6.076364 188.101916 26621.687770
147 6.189648 -3.259149 6.465054 249.734504 30136.472814
147 -6.189648 3.259149 6.465054 249.734504 30136.472814
147 13.225502 -4.764062 25.961702 2.221096 485975.518335
147 -13.225502 4.764062 25.961702 2.221096 485975.518335
147 24.637406 -6.502327 3.754102 167.684816 10161.555103
147 -24.637406 6.502327 3.754102 167.684816 10161.555103
147 24.789212 -6.522328 4.268677 178.056493 13138.165001
147 -24.789212 6.522328 4.268677 178.056493 13138.165001
147 16.067212 -5.250994 7.708227 217.665477 42840.746552
147 -16.067212 5.250994 7.708227 217.665477 42840.746552
147 13.569112 -4.825552 3.445196 254.563724 8558.073907
147 -13.569112 4.825552 3.445196 254.563724 8558.073907
147 19.192507 -5.739012 4.443509 88.998484 14236.400726
147 -19.192507 5.739012 4.443509 88.998484 14236.400726
148 20.253713 -5.895540 17.073919 271.593539 210191.180795
148 -20.253713 5.895540 17.073919 271.593539 210191.180795
148 26.760304 -6.776678 7.908251 74.591821 45092.978658
148 -26.760304 6.776678 7.908251 74.591821 45092.978658
148 16.338605 -5.295156 8.507717 0.208410 52188.415028
148 -16.338605 5.295156 8.507717 0.208410 52188.415028
148 39.100237 -8.191454 3.590620 129.985832 9295.803058
148 -39.100237 8.191454 3.590620 129.985832 9295.803058
148 17.557911 -5.489183 8.011408 253.902998 46277.055986
148 -17.557911 5.489183 8.011408 253.902998 46277.055986
148 21.289062 -6.044349 6.345201 299.553126 29029.456522
148 -21.289062 6.044349 6.345201 299.553126 29029.456522
148 31.072255 -7.302267 7.830970 138.223006 44215.978628
148 -31.072255 7.302267 7.830970 138.223006 44215.978628
148 4.582157 -2.804182 5.259711 226.289697 19946.736852
148 -4.582157 2.804182 5.259711 226.289697 19946.736852
148 24.148544 -6.437493 5.614408 178.017325 22727.724174
148 -24.148544 6.437493 5.614408 178.017325 22727.724174
148 13.641559 -4.838417 8.609838 150.385213 53448.812990
148 -13.641559 4.838417 8.609838 150.385213 53448.812990
148 25.657339 -6.635553 5.357492 134.042229 20695.275534
148 -25.657339 6.635553 5.357492 134.042229 20695.275534
148 20.899626 -5.988810 14.122573 119.403060 143805.573590
148 -20.899626 5.988810 14.122573 119.403060 143805.573590
149 23.260139 -6.317968 12.622962 257.161498 114886.936325
149 -23.260139 6.317968 12.622962 257.161498 114886.936325
149 32.623051 -7.482274 11.604202 177.409370 97090.930142
149 -32.623051 7.482274 11.604202 177.409370 97090.930142
149 33.531034 -7.585684 5.648053 14.667413 23000.938684
149 -33.531034 7.585684 5.648053 14.667413 23000.938684
149 10.759068 -4.296933 10.769167 321.616659 83620.405348
149 -10.759068 4.296933 10.769167 321.616659 83620.405348
149 36.057819 -7.866309 4.210776 289.911905 12784.162386
149 -36.057819 7.866309 4.210776 289.911905 12784.162386
149 29.319512 -7.093322 1.394378 37.185404 1401.873933
149 -29.319512 7.093322 1.394378 37.185404 1401.873933
149 23.622425 -6.366981 19.269181 323.307416 267716.162383
149 -23.622425 6.366981 19.269181 323.307416 267716.162383
149 7.842211 -3.668517 3.706167 146.959463 9903.712474
149 -7.842211 3.668517 3.706167 146.959463 9903.712474
149 7.086243 -3.487220 7.277298 287.151637 38184.614764
149 -7.086243 3.487220 7.277298 287.151637 38184.614764
149 20.032450 -5.863249 9.785183 27.059166 69037.648207
149 -20.032450 5.863249 9.785183 27.059166 69037.648207
149 27.998379 -6.931668 3.702348 146.489458 9883.314911
149 -27.998379 6.931668 3.702348 146.489458 9883.314911
149 31.633774 -7.367952 4.459397 188.174037 14338.386473
149 -31.633774 7.367952 4.459397 188.174037 14338.386473
150 15.409772 -5.142442 8.309575 135.529800 49785.828209
150 -15.409772 5.142442 8.309575 135.529800 49785.828209
150 22.696084 -6.240893 2.947187 24.658593 6262.727216
150 -22.696084 6.240893 2.947187 24.658593 6262.727216
150 14.371944 -4.966255 4.786720 218.728594 16520.536408
150 -14.371944 4.966255 4.786720 218.728594 16520.536408
150 23.070347 -6.292140 4.365178 83.998702 13738.898829
150 -23.070347 6.292140 4.365178 83.998702 13738.898829
150 24.752444 -6.517489 6.873983 22.637814 34069.434711
150 -24.752444 6.517489 6.873983 22.637814 34069.434711
150 13.791115 -4.864867 5.264955 60.244561 19986.529765
150 -13.791115 4.864867 5.264955 60.244561 19986.529765
150 9.222076 -3.978191 1.616561 242.763584 1884.223577
150 -9.222076 3.978191 1.616561 242.763584 1884.223577
150 3.679880 -2.512975 15.312367 344.614852 169056.828209
150 -3.679880 2.512975 15.312367 344.614852 169056.828209
150 23.499460 -6.350388 6.717946 175.473682 32540.266997
150 -23.499460 6.350388 6.717946 175.473682 32540.266997
150 28.725677 -7.021121 5.030504 145.035120 18246.142466
150 -28.725677 7.021121 5.030504 145.035120 18246.142466
150 24.802753 -6.524110 3.036532 26.363052 6648.197859
150 -24.802753 6.524110 3.036532 26.363052 6648.197859
150 18.770199 -5.675521 9.208373 97.483581 61138.368645
150 -18.770199 5.675521 9.208373 97.483581 61138.368645
150 16.568138 -5.332221 4.619147 306.815287 15384.082997
150 -16.568138 5.332221 4.619147 306.815287 15384.082997
151 17.980449 -5.554840 1.516955 139.472360 1659.180520
151 -17.980449 5.554840 1.516955 139.472360 1659.180520
151 5.627191 -3.107543 4.269655 133.456086 13144.187416
151 -5.627191 3.107543 4.269655 133.456086 13144.187416
151 12.924243 -4.709490 5.038529 338.633778 18304.400952
151 -12.924243 4.709490 5.038529 338.633778 18304.400952
151 12.884987 -4.702332 7.832592 130.326562 44234.289512
151 -12.884987 4.702332 7.832592 130.326562 44234.289512
151 14.848039 -5.047843 15.858768 156.923346 181337.219943
151 -14.848039 5.047843 15.858768 156.923346 181337.219943
151 31.506068 -7.353065 10.704921 88.591547 82625.669954
151 -31.506068 7.353065 10.704921 88.591547 82625.669954
151 22.748373 -6.248078 6.216748 22.043475 27865.997475
151 -22.748373 6.248078 6.216748 22.043475 27865.997475
151 29.711359 -7.140565 12.748073 188.025335 117175.583851
151 -29.711359 7.140565 12.748073 188.025335 117175.583851
151 13.285272 -4.774815 6.066625 86.315989 26536.419184
151 -13.285272 4.774815 6.066625 86.315989 26536.419184
151 15.655577 -5.183294 10.417496 110.922315 78248.274144
151 -15.655577 5.183294 10.417496 110.922315 78248.274144
151 19.675299 -5.810747 5.477475 309.335004 21632.608751
151 -19.675299 5.810747 5.477475 309.335004 21632.608751
151 23.486667 -6.348659 7.987757 97.636996 46004.232604
151 -23.486667 6.348659 7.987757 97.636996 46004.232604
151 24.277735 -6.454690 7.949923 208.216081 45569.462447
151 -24.277735 6.454690 7.949923 208.216081 45569.462447
152 29.419136 -7.105363 6.944314 147.065713 34770.168335
152 -29.419136 7.105363 6.944314 147.065713 34770.168335
152 9.845582 -4.110475 19.035752 268.802803 261269.172336
152 -9.845582 4.110475 19.035752 268.802803 261269.172336
152 25.107012 -6.564004 12.255798 193.950471 108300.702250
152 -25.107012 6.564004 12.255798 193.950471 108300.702250
152 18.185879 -5.586483 7.863304 157.978769 44581.859323
152 -18.185879 5.586483 7.863304 157.978769 44581.859323
152 19.328466 -5.759304 4.443050 272.265101 14233.459952
152 -19.328466 5.759304 4.443050 272.265101 14233.459952
152 7.149507 -3.502752 12.903909 4.209239 120057.873130
152 -7.149507 3.502752 12.903909 4.209239 120057.873130
152 20.566230 -5.940851 7.306746 281.628327 38494.270297
152 -20.566230 5.940851 7.306746 281.628327 38494.270297
152 18.125964 -5.577272 2.931043 61.031280 6194.302739
152 -18.125964 5.577272 2.931043 61.031280 6194.302739
152 20.741706 -5.966141 1.712540 302.122016 2114.606373
152 -20.741706 5.966141 1.712540 302.122016 2114.606373
152 8.337395 -3.782566 5.575345 336.037208 22412.568182
152 -8.337395 3.782566 5.575345 336.037208 22412.568182
152 31.850104 -7.393102 2.751278 343.154246 5457.792585
152 -31.850104 7.393102 2.751278 343.154246 5457.792585
152 7.716054 -3.638890 2.794553 137.054778 5630.836602
152 -7.716054 3.638890 2.794553 137.054778 5630.836602
152 19.131397 -5.729868 5.913814 56.145167 25216.414980
152 -19.131397 5.729868 5.913814 56.145167 25216.414980
152 14.803311 -5.040234 2.965533 135.739635 6340.940118
152 -14.803311 5.040234 2.965533 135.739635 6340.940118
153 13.997749 -4.901177 10.468144 174.680522 79010.984034
153 -13.997749 4.901177 10.468144 174.680522 79010.984034
153 9.825183 -4.106214 9.558761 303.451278 65879.650215
153 -9.825183 4.106214 9.558761 303.451278 65879.650215
153 21.885726 -6.128466 6.843404 316.307206 33767.000291
153 -21.885726 6.128466 6.843404 316.307206 33767.000291
153 21.677783 -6.099282 3.267759 286.684279 7699.246432
153 -21.677783 6.099282 3.267759 286.684279 7699.246432
153 24.097076 -6.430629 5.844798 306.330466 24631.283558
153 -24.097076 6.430629 5.844798 306.330466 24631.283558
153 26.960901 -6.802029 2.400525 153.449126 4154.900495
153 -26.960901 6.802029 2.400525 153.449126 4154.900495
153 21.081654 -6.014834 9.103226 342.125540 59750.110141
153 -21.081654 6.014834 9.103226 342.125540 59750.110141
153 25.933912 -6.671221 4.477991 2.667033 14458.206393
153 -25.933912 6.671221 4.477991 2.667033 14458.206393
153 22.707497 -6.242462 8.382791 113.450521 50667.017507
153 -22.707497 6.242462 8.382791 113.450521 50667.017507
153 12.727741 -4.673551 8.854980 147.242819 56535.764721
153 -12.727741 4.673551 8.854980 147.242819 56535.764721
153 5.295467 -3.014557 9.633627 41.142240 66915.649184
153 -5.295467 3.014557 9.633627 41.142240 66915.649184
153 19.599823 -5.799591 2.695356 64.964934 5238.177313
153 -19.599823 5.799591 2.695356 64.964934 5238.177313
153 18.699343 -5.664799 35.810980 89.499007 924656.624212
153 -18.699343 5.664799 35.810980 89.499007 924656.624212
153 17.728303 -5.515754 12.847605 114.499602 119012.450608
153 -17.728303 5.515754 12.847605 114.499602 119012.450608
154 14.186612 -4.934131 3.825386 151.015471 10551.118787
154 -14.186612 4.934131 3.825386 151.015471 10551.118787
154 20.860478 -5.983199 12.288519 252.570627 108879.769571
154 -20.860478 5.983199 12.288519 252.570627 108879.769571
154 15.668062 -5.185360 11.701755 7.743456 98730.208520
154 -15.668062 5.185360 11.701755 7.743456 98730.208520
154 21.369210 -6.055716 4.333446 251.814739 13539.882265
154 -21.369210 6.055716 4.333446 251.814739 13539.882265
154 20.597635 -5.945385 5.634254 61.931417 22888.689571
154 -20.597635 5.945385 5.634254 61.931417 22888.689571
154 7.018798 -3.470585 5.273025 31.021321 20047.850147
154 -7.018798 3.470585 5.273025 31.021321 20047.850147
154 15.970847 -5.235224 7.722453 296.026421 42999.023276
154 -15.970847 5.235224 7.722453 296.026421 42999.023276
154 19.118098 -5.727876 11.579710 131.506382 96681.509490
154 -19.118098 5.727876 11.579710 131.506382 96681.509490
154 7.281878 -3.535029 4.484352 89.268078 14499.314059
154 -7.281878 3.535029 4.484352 89.268078 14499.314059
154 7.391680 -3.561581 7.759290 149.711125 43410.225173
154 -7.391680 3.561581 7.759290 149.711125 43410.225173
154 26.908024 -6.795356 8.943213 121.138096 57668.042857
154 -26.908024 6.795356 8.943213 121.138096 57668.042857
154 25.905192 -6.667526 3.640790 228.614722 9557.392000
154 -25.905192 6.667526 3.640790 228.614722 9557.392000
154 17.189086 -5.431224 5.744486 306.285506 23793.064650
154 -17.189086 5.431224 5.744486 306.285506 23793.064650
154 8.599627 -3.841591 4.631692 226.126093 15467.760012
154 -8.599627 3.841591 4.631692 226.126093 15467.760012
154 19.134166 -5.730283 23.759433 208.736106 407024.173038
154 -19.134166 5.730283 23.759433 208.736106 407024.173038
155 12.567744 -4.644083 6.477714 272.378362 30254.612578
155 -12.567744 4.644083 6.477714 272.378362 30254.612578
155 22.272304 -6.182354 9.918691 165.168689 70934.381181
155 -22.272304 6.182354 9.918691 165.168689 70934.381181
155 20.986039 -6.001178 12.298888 29.534622 109063.586991
155 -20.986039 6.001178 12.298888 29.534622 109063.586991
155 19.046328 -5.717115 5.638554 29.562488 22923.637553
155 -19.046328 5.717115 5.638554 29.562488 22923.637553
155 24.775080 -6.520469 6.796937 326.460641 33309.994396
155 -24.775080 6.520469 6.796937 326.460641 33309.994396
155 16.875266 -5.381417 4.967016 140.772056 17788.496275
155 -16.875266 5.381417 4.967016 140.772056 17788.496275
155 30.379290 -7.220381 2.661100 310.790833 5105.878622
155 -30.379290 7.220381 2.661100 310.790833 5105.878622
155 17.220961 -5.436257 9.080514 289.002065 59452.336512
155 -17.220961 5.436257 9.080514 289.002065 59452.336512
155 15.779586 -5.203782 8.480987 204.041589 51860.992459
155 -15.779586 5.203782 8.480987 204.041589 51860.992459
155 18.034560 -5.563192 17.212195 32.340681 213609.503696
155 -18.034560 5.563192 17.212195 32.340681 213609.503696
155 12.572992 -4.645052 11.321863 256.024935 92423.806417
155 -12.572992 4.645052 11.321863 256.024935 92423.806417
155 7.397997 -3.563103 15.956155 105.633230 183571.198618
155 -7.397997 3.563103 15.956155 105.633230 183571.198618
155 21.612169 -6.090045 2.981124 327.681916 6407.786321
155 -21.612169 6.090045 2.981124 327.681916 6407.786321
155 24.273594 -6.454139 3.639057 128.073592 9548.292997
155 -24.273594 6.454139 3.639057 128.073592 9548.292997
155 24.435662 -6.475650 5.541882 135.267375 22144.336257
155 -24.435662 6.475650 5.541882 135.267375 22144.336257
156 26.561319 -6.751435 8.056569 123.039443 46800.261994
156 -26.561319 6.751435 8.056569 123.039443 46800.261994
156 13.425914 -4.800022 6.033099 315.528840 26243.939274
156 -13.425914 4.800022 6.033099 315.528840 26243.939274
156 23.363294 -6.331962 22.328027 132.053168 359458.497837
156 -23.363294 6.331962 22.328027 132.053168 359458.497837
156 5.028545 -2.937599 5.789704 139.195511 24169.120302
156 -5.028545 2.937599 5.789704 139.195511 24169.120302
156 16.562663 -5.331340 2.834041 303.189954 5791.090015
156 -16.562663 5.331340 2.834041 303.189954 5791.090015
156 12.687685 -4.666191 4.381208 41.145731 13839.990859
156 -12.687685 4.666191 4.381208 41.145731 13839.990859
156 28.463060 -6.988952 16.933708 221.612563 206753.189181
156 -28.463060 6.988952 16.933708 221.612563 206753.189181
156 11.857891 -4.511023 14.114423 139.817281 143639.655313
156 -11.857891 4.511023 14.114423 139.817281 143639.655313
156 23.039641 -6.287951 3.345240 239.601015 8068.681123
156 -23.039641 6.287951 3.345240 239.601015 8068.681123
156 23.509408 -6.351732 10.836412 105.988732 84667.960249
156 -23.509408 6.351732 10.836412 105.988732 84667.960249
156 16.393287 -5.304010 11.159170 172.012299 89786.663595
156 -16.393287 5.304010 11.159170 172.012299 89786.663595
156 23.748948 -6.384009 37.659408 149.652567 1022574.715774
156 -23.748948 6.384009 37.659408 149.652567 1022574.715774
156 21.192224 -6.030587 11.513624 311.740702 95581.132838
156 -21.192224 6.030587 11.513624 311.740702 95581.132838
156 18.049924 -5.565561 5.282742 313.392945 20121.800169
156 -18.049924 5.565561 5.282742 313.392945 20121.800169
156 10.196669 -4.183121 4.807119 350.754526 16661.645421
156 -10.196669 4.183121 4.807119 350.754526 16661.645421
156 13.682505 -4.845673 7.061231 347.249904 35950.828035
156 -13.682505 4.845673 7.061231 347.249904 35950.828035
157 23.946014 -6.410441 5.653971 197.207282 23049.166462
157 -23.946014 6.410441 5.653971 197.207282 23049.166462
157 16.551654 -5.329568 4.762326 248.331505 16352.583645
157 -16.551654 5.329568 4.762326 248.331505 16352.583645
157 26.840936 -6.786879 10.782072 331.217087 83820.936078
157 -26.840936 6.786879 10.782072 331.217087 83820.936078
157 13.426742 -4.800170 4.778753 176.112421 16465.588197
157 -13.426742 4.800170 4.778753 176.112421 16465.588197
157 9.852279 -4.111873 13.338817 223.976804 128287.009928
157 -9.852279 4.111873 13.338817 223.976804 128287.009928
157 26.084009 -6.690498 2.069467 142.156294 3087.914605
157 -26.084009 6.690498 2.069467 142.156294 3087.914605
157 16.089874 -5.254696 20.804706 139.030121 312083.823911
157 -16.089874 5.254696 20.804706 139.030121 312083.823911
157 9.207748 -3.975100 4.246002 145.738706 12998.953651
157 -9.207748 3.975100 4.246002 145.738706 12998.953651
157 15.669246 -5.185556 13.457884 285.339289 130587.499513
157 -15.669246 5.185556 13.457884 285.339289 130587.499513
157 14.464918 -4.982293 7.658455 280.835701 42289.293571
157 -14.464918 4.982293 7.658455 280.835701 42289.293571
157 10.712270 -4.287578 7.283772 109.122072 38252.581282
157 -10.712270 4.287578 7.283772 109.122072 38252.581282
157 10.823208 -4.309722 1.652117 18.274690 1968.020911
157 -10.823208 4.309722 1.652117 18.274690 1968.020911
157 16.426378 -5.309360 16.011776 13.886859 184853.249443
157 -16.426378 5.309360 16.011776 13.886859 184853.249443
157 20.891592 -5.987659 14.426864 238.207667 150069.342231
157 -20.891592 5.987659 14.426864 238.207667 150069.342231
157 18.348020 -5.611331 4.136568 228.616799 12337.532692
157 -18.348020 5.611331 4.136568 228.616799 12337.532692
157 28.257531 -6.963674 2.074279 306.159460 3102.291617
157 -28.257531 6.963674 2.074279 306.159460 3102.291617
158 25.343603 -6.594858 7.664507 86.332158 42356.154412
158 -25.343603 6.594858 7.664507 86.332158 42356.154412
158 10.144844 -4.172477 3.880661 185.537386 10858.243678
158 -10.144844 4.172477 3.880661 185.537386 10858.243678
158 5.979858 -3.203441 6.108738 149.327542 26906.123973
158 -5.979858 3.203441 6.108738 149.327542 26906.123973
158 12.253635 -4.585680 5.573555 186.474856 22398.178574
158 -12.253635 4.585680 5.573555 186.474856 22398.178574
158 12.365802 -4.606621 5.414867 222.781349 21140.906972
158 -12.365802 4.606621 5.414867 222.781349 21140.906972
158 29.969186 -7.171480 10.740060 133.334839 83168.996194
158 -29.969186 7.171480 10.740060 133.334839 83168.996194
158 9.878697 -4.117382 7.515945 177.153569 40730.083669
158 -9.878697 4.117382 7.515945 177.153569 40730.083669
158 12.230115 -4.581277 5.808430 92.008046 24325.715152
158 -12.230115 4.581277 5.808430 92.008046 24325.715152
158 17.507574 -5.481309 11.517756 124.041496 95649.744778
158 -17.507574 5.481309 11.517756 124.041496 95649.744778
158 13.405308 -4.796337 15.165471 341.112824 165828.759902
158 -13.405308 4.796337 15.165471 341.112824 165828.759902
158 19.646588 -5.806506 6.661299 77.410194 31993.803838
158 -19.646588 5.806506 6.661299 77.410194 31993.803838
158 18.840659 -5.686163 18.315918 129.316125 241883.059185
158 -18.840659 5.686163 18.315918 129.316125 241883.059185
158 23.006179 -6.283383 5.438452 261.396311 21325.469645
158 -23.006179 6.283383 5.438452 261.396311 21325.469645
158 13.521510 -4.817080 6.114685 122.759490 26958.535972
158 -13.521510 4.817080 6.114685 122.759490 26958.535972
158 14.760693 -5.032974 12.252408 244.467426 108240.789129
158 -14.760693 5.032974 12.252408 244.467426 108240.789129
158 34.765819 -7.724094 5.245151 248.406324 19836.456974
158 -34.765819 7.724094 5.245151 248.406324 19836.456974
158 22.636844 -6.232743 9.637702 96.384243 66972.272897
158 -22.636844 6.232743 9.637702 96.384243 66972.272897
159 11.004169 -4.345602 1.800309 243.976140 2336.911770
159 -11.004169 4.345602 1.800309 243.976140 2336.911770
159 13.766417 -4.860509 10.119021 156.653327 73828.675954
159 -13.766417 4.860509 10.119021 156.653327 73828.675954
159 14.398994 -4.970927 7.037008 23.034453 35704.598821
159 -14.398994 4.970927 7.037008 23.034453 35704.598821
159 15.584147 -5.171456 8.163856 254.474632 48055.014876
159 -15.584147 5.171456 8.163856 254.474632 48055.014876
159 2.995557 -2.267306 2.204056 10.407093 3502.621075
159 -2.995557 2.267306 2.204056 10.407093 3502.621075
159 18.082398 -5.570566 4.555352 166.660095 14962.076914
159 -18.082398 5.570566 4.555352 166.660095 14962.076914
159 12.205755 -4.576712 4.066706 52.617871 11924.320740
159 -12.205755 4.576712 4.066706 52.617871 11924.320740
159 14.054514 -4.911105 10.673604 305.610151 82142.934510
159 -14.054514 4.911105 10.673604 305.610151 82142.934510
159 22.562219 -6.222461 8.571637 107.382002 52975.564945
159 -22.562219 6.222461 8.571637 107.382002 52975.564945
159 16.597559 -5.336953 7.419331 159.909557 39689.679616
159 -16.597559 5.336953 7.419331 159.909557 39689.679616
159 12.896970 -4.704518 5.429111 235.926350 21252.277414
159 -12.896970 4.704518 5.429111 235.926350 21252.277414
159 6.943282 -3.451864 3.496730 271.360862 8816.011755
159 -6.943282 3.451864 3.496730 271.360862 8816.011755
159 16.265428 -5.283285 20.408501 336.387400 300310.342076
159 -16.265428 5.283285 20.408501 336.387400 300310.342076
159 6.241575 -3.272792 4.889462 96.428963 17237.338681
159 -6.241575 3.272792 4.889462 96.428963 17237.338681
159 13.707581 -4.850111 7.957515 255.456506 45656.541595
159 -13.707581 4.850111 7.957515 255.456506 45656.541595
159 -0.188684 -0.569035 11.325536 100.342975 92483.789583
159 0.188684 0.569035 11.325536 100.342975 92483.789583
159 15.881737 -5.220598 9.155545 208.188457 60438.888799
159 -15.881737 5.220598 9.155545 208.188457 60438.888799
160 15.329598 -5.129047 8.400566 304.624111 50882.119883
160 -15.329598 5.129047 8.400566 304.624111 50882.119883
160 20.534605 -5.936281 10.685532 52.415438 82326.631257
160 -20.534605 5.936281 10.685532 52.415438 82326.631257
160 28.985577 -7.052811 19.103790 227.211220 263140.166351
160 -28.985577 7.052811 19.103790 227.211220 263140.166351
160 9.533936 -4.044897 10.200717 45.610917 75025.601625
160 -9.533936 4.044897 10.200717 45.610917 75025.601625
160 24.462059 -6.479147 2.045476 219.511280 3016.733637
160 -24.462059 6.479147 2.045476 219.511280 3016.733637
160 11.930732 -4.524857 16.948454 176.193522 207113.419426
160 -11.930732 4.524857 16.948454 176.193522 207113.419426
160 20.916274 -5.991195 6.499420 13.870145 30457.711971
160 -20.916274 5.991195 6.499420 13.870145 30457.711971
160 15.592033 -5.172764 3.978254 122.885846 11411.247134
160 -15.592033 5.172764 3.978254 122.885846 11411.247134
160 27.165494 -6.827789 6.073783 322.919849 26599.080928
160 -27.165494 6.827789 6.073783 322.919849 26599.080928
160 12.272841 -4.589273 10.006403 256.081209 72194.487818
160 -12.272841 4.589273 10.006403 256.081209 72194.487818
160 14.149361 -4.927648 7.059421 160.476189 35932.405317
160 -14.149361 4.927648 7.059421 160.476189 35932.405317
160 21.701124 -6.102565 3.808240 25.229454 10456.748645
160 -21.701124 6.102565 3.808240 25.229454 10456.748645
160 10.150540 -4.173649 2.990036 281.263663 6446.158195
160 -10.150540 4.173649 2.990036 281.263663 6446.158195
160 29.956910 -7.170011 10.658414 129.079217 81909.303585
160 -29.956910 7.170011 10.658414 129.079217 81909.303585
160 13.584285 -4.828249 11.398848 303.695313 93684.989515
160 -13.584285 4.828249 11.398848 303.695313 93684.989515
160 19.263887 -5.749674 3.585828 247.882320 9271.006104
160 -19.263887 5.749674 3.585828 247.882320 9271.006104
160 24.741499 -6.516048 3.774372 316.856412 10271.584170
160 -24.741499 6.516048 3.774372 316.856412 10271.584170
160 6.144535 -3.247251 3.685447 255.972724 9793.287118
160 -6.144535 3.247251 3.685447 255.972724 9793.287118
161 6.989081 -3.463230 4.011556 12.338721 11603.093132
161 -6.989081 3.463230 4.011556 12.338721 11603.093132
161 9.995604 -4.141673 2.377491 93.811100 4075.545791
161 -9.995604 4.141673 2.377491 93.811100 4075.545791
161 14.373140 -4.966462 3.364667 157.659131 8162.671820
161 -14.373140 4.966462 3.364667 157.659131 8162.671820
161 8.794242 -3.884816 4.272411 12.916427 13161.159907
161 -8.794242 3.884816 4.272411 12.916427 13161.159907
161 17.674734 -5.507414 5.476799 84.700732 21627.266271
161 -17.674734 5.507414 5.476799 84.700732 21627.266271
161 19.798946 -5.828977 4.898665 356.163400 17302.289250
161 -19.798946 5.828977 4.898665 356.163400 17302.289250
161 21.148958 -6.024428 12.503842 296.947122 112728.829576
161 -21.148958 6.024428 12.503842 296.947122 112728.829576
161 9.542170 -4.046643 8.438937 285.816152 51348.006515
161 -9.542170 4.046643 8.438937 285.816152 51348.006515
161 21.483793 -6.071930 4.255154 239.447065 13055.052932
161 -21.483793 6.071930 4.255154 239.447065 13055.052932
161 4.036771 -2.632015 10.575362 250.573590 80637.774050
161 -4.036771 2.632015 10.575362 250.573590 80637.774050
161 16.000638 -5.240104 1.929087 152.972064 2683.192660
161 -16.000638 5.240104 1.929087 152.972064 2683.192660
161 25.074469 -6.559748 5.676451 242.621306 23232.812991
161 -25.074469 6.559748 5.676451 242.621306 23232.812991
161 18.374927 -5.615444 14.955031 23.764566 161258.538037
161 -18.374927 5.615444 14.955031 23.764566 161258.538037
161 13.878377 -4.880234 2.695314 56.051055 5238.015853
161 -13.878377 4.880234 2.695314 56.051055 5238.015853
161 13.553848 -4.822837 2.409514 15.932019 4186.074211
161 -13.553848 4.822837 2.409514 15.932019 4186.074211
161 17.136435 -5.422899 8.384067 113.727719 50682.449150
161 -17.136435 5.422899 8.384067 113.727719 50682.449150
161 12.567175 -4.643978 6.392659 133.124954 29465.323621
161 -12.567175 4.643978 6.392659 133.124954 29465.323621
161 18.672139 -5.660676 3.022756 228.101856 6588.009821
161 -18.672139 5.660676 3.022756 228.101856 6588.009821
162 15.827740 -5.211716 9.087011 105.455203 59537.442347
162 -15.827740 5.211716 9.087011 105.455203 59537.442347
162 9.541850 -4.046575 12.962429 164.043824 121149.293951
162 -9.541850 4.046575 12.962429 164.043824 121149.293951
162 26.813867 -6.783456 6.152012 47.287354 27288.668990
162 -26.813867 6.783456 6.152012 47.287354 27288.668990
162 18.987518 -5.708282 7.252099 198.519223 37920.631363
162 -18.987518 5.708282 7.252099 198.519223 37920.631363
162 21.030161 -6.007484 6.645301 303.174570 31840.316516
162 -21.030161 6.007484 6.645301 303.174570 31840.316516
162 16.180346 -5.269449 2.240437 118.312763 3619.209486
162 -16.180346 5.269449 2.240437 118.312763 3619.209486
162 26.424967 -6.734084 2.366405 291.346929 4037.627509
162 -26.424967 6.734084 2.366405 291.346929 4037.627509
162 14.282591 -4.950793 4.385871 214.762814 13869.470437
162 -14.282591 4.950793 4.385871 214.762814 13869.470437
162 12.173133 -4.570592 5.918024 249.433272 25252.333844
162 -12.173133 4.570592 5.918024 249.433272 25252.333844
162 13.992425 -4.900245 5.616655 88.118460 22745.923552
162 -13.992425 4.900245 5.616655 88.118460 22745.923552
162 13.714665 -4.851364 8.327208 33.967034 49997.345439
162 -13.714665 4.851364 8.327208 33.967034 49997.345439
162 19.388979 -5.768312 5.545996 198.810361 22177.227283
162 -19.388979 5.768312 5.545996 198.810361 22177.227283
162 9.275996 -3.989804 5.049000 75.684131 18380.563776
162 -9.275996 3.989804 5.049000 75.684131 18380.563776
162 9.744317 -4.089281 15.137945 101.482039 165227.352610
162 -9.744317 4.089281 15.137945 101.482039 165227.352610
162 7.862392 -3.673234 4.724047 24.507280 16090.758960
162 -7.862392 3.673234 4.724047 24.507280 16090.758960
162 3.669926 -2.509574 7.022502 130.677930 35557.552259
162 -3.669926 2.509574 7.022502 130.677930 35557.552259
162 14.939745 -5.063408 13.916383 130.194469 139637.096794
162 -14.939745 5.063408 13.916383 130.194469 139637.096794
162 17.438475 -5.470481 11.801880 255.845668 100426.998983
162 -17.438475 5.470481 11.801880 255.845668 100426.998983
163 9.821276 -4.105398 8.107684 348.222095 47396.004065
163 -9.821276 4.105398 8.107684 348.222095 47396.004065
163 18.408592 -5.620586 6.406803 172.094866 29595.848513
163 -18.408592 5.620586 6.406803 172.094866 29595.848513
163 19.920480 -5.846840 9.463435 345.348905 64572.216763
163 -19.920480 5.846840 9.463435 345.348905 64572.216763
163 7.848135 -3.669902 5.317420 323.136806 20386.847645
163 -7.848135 3.669902 5.317420 323.136806 20386.847645
163 23.116889 -6.298483 6.196623 106.392223 27685.876532
163 -23.116889 6.298483 6.196623 106.392223 27685.876532
163 13.840720 -4.873609 10.874494 254.730627 85264.100791
163 -13.840720 4.873609 10.874494 254.730627 85264.100791
163 25.702262 -6.641359 4.495912 90.109175 14574.165954
163 -25.702262 6.641359 4.495912 90.109175 14574.165954
163 12.838299 -4.693805 5.651211 3.596393 23026.671059
163 -12.838299 4.693805 5.651211 3.596393 23026.671059
163 17.526834 -5.484323 3.452818 173.121194 8595.979502
163 -17.526834 5.484323 3.452818 173.121194 8595.979502
163 11.342066 -4.411816 6.498637 301.839733 30450.372329
163 -11.342066 4.411816 6.498637 301.839733 30450.372329
163 24.941884 -6.542382 14.398627 76.159149 149482.469992
163 -24.941884 6.542382 14.398627 76.159149 149482.469992
163 24.679060 -6.507821 11.245747 215.043454 91185.267628
163 -24.679060 6.507821 11.245747 215.043454 91185.267628
163 7.420663 -3.568557 18.754183 270.597132 253597.164627
163 -7.420663 3.568557 18.754183 270.597132 253597.164627
163 17.118041 -5.419988 10.066908 325.729757 73070.197130
163 -17.118041 5.419988 10.066908 325.729757 73070.197130
163 12.948492 -4.713906 5.791665 264.149130 24185.496041
163 -12.948492 4.713906 5.791665 264.149130 24185.496041
163 8.929219 -3.914516 12.193908 325.007099 107209.656714
163 -8.929219 3.914516 12.193908 325.007099 107209.656714
163 18.970949 -5.705790 3.836095 50.120854 10610.279424
163 -18.970949 5.705790 3.836095 50.120854 10610.279424
163 21.416046 -6.062349 11.409973 249.227237 93867.940841
163 -21.416046 6.062349 11.409973 249.227237 93867.940841
163 9.053158 -3.941589 7.190932 76.094253 37283.649940
163 -9.053158 3.941589 7.190932 76.094253 37283.649940
164 21.242830 -6.037783 4.289820 353.432321 13268.632983
164 -21.242830 6.037783 4.289820 353.432321 13268.632983
164 6.785149 -3.412330 6.064278 9.135429 26515.895672
164 -6.785149 3.412330 6.064278 9.135429 26515.895672
164 22.114984 -6.160481 4.104225 269.980080 12145.359234
164 -22.114984 6.160481 4.104225 269.980080 12145.359234
164 2.996428 -2.267635 5.822246 309.338612 24441.572028
164 -2.996428 2.267635 5.822246 309.338612 24441.572028
164 9.453103 -4.027713 19.456568 5.836724 272948.392147
164 -9.453103 4.027713 19.456568 5.836724 272948.392147
164 17.555291 -5.488774 5.156453 24.653306 19171.237861
164 -17.555291 5.488774 5.156453 24.653306 19171.237861
164 19.104571 -5.725850 9.068607 312.652993 59296.526932
164 -19.104571 5.725850 9.068607 312.652993 59296.526932
164 21.326131 -6.049609 5.958150 237.357034 25595.928162
164 -21.326131 6.049609 5.958150 237.357034 25595.928162
164 11.128359 -4.370055 11.267698 350.565398 91541.590973
164 -11.128359 4.370055 11.267698 350.565398 91541.590973
164 17.854015 -5.535275 9.931845 28.824153 71122.655391
164 -17.854015 5.535275 9.931845 28.824153 71122.655391
164 19.516317 -5.787223 11.637497 358.686848 97648.868207
164 -19.516317 5.787223 11.637497 358.686848 97648.868207
164 15.194727 -5.106434 2.622900 246.747864 4960.340072
164 -15.194727 5.106434 2.622900 246.747864 4960.340072
164 13.900124 -4.884056 7.080544 77.426699 36147.753098
164 -13.900124 4.884056 7.080544 77.426699 36147.753098
164 10.213271 -4.186525 7.639747 238.149595 42082.931828
164 -10.213271 4.186525 7.639747 238.149595 42082.931828
164 12.568080 -4.644145 5.950752 238.938175 25532.405301
164 -12.568080 4.644145 5.950752 238.938175 25532.405301
164 29.728370 -7.142608 5.369327 85.517016 20786.804656
164 -29.728370 7.142608 5.369327 85.517016 20786.804656
164 9.396235 -4.015579 7.212263 187.215079 37505.176474
164 -9.396235 4.015579 7.212263 187.215079 37505.176474
164 24.111771 -6.432590 8.889290 124.105011 56974.729166
164 -24.111771 6.432590 8.889290 124.105011 56974.729166
164 15.206873 -5.108475 7.304006 262.099801 38465.404904
164 -15.206873 5.108475 7.304006 262.099801 38465.404904
165 16.954732 -5.394072 9.922395 47.986669 70987.373832
165 -16.954732 5.394072 9.922395 47.986669 70987.373832
165 19.146542 -5.732136 2.973905 162.095531 6376.790291
165 -19.146542 5.732136 2.973905 162.095531 6376.790291
165 7.087380 -3.487500 4.854967 292.125734 16994.978291
165 -7.087380 3.487500 4.854967 292.125734 16994.978291
165 24.009318 -6.418909 5.700148 32.887779 23427.198949
165 -24.009318 6.418909 5.700148 32.887779 23427.198949
165 11.609289 -4.463485 4.659607 274.516886 15654.770213
165 -11.609289 4.463485 4.659607 274.516886 15654.770213
165 12.096642 -4.556210 6.510592 343.378368 30562.507876
165 -12.096642 4.556210 6.510592 343.378368 30562.507876
165 16.975844 -5.397429 7.799249 106.963868 43858.492218
165 -16.975844 5.397429 7.799249 106.963868 43858.492218
165 8.681637 -3.859865 15.895201 258.797766 182171.368049
165 -8.681637 3.859865 15.895201 258.797766 182171.368049
165 18.098120 -5.572987 4.342297 188.901402 13595.248562
165 -18.098120 5.572987 4.342297 188.901402 13595.248562
165 8.746189 -3.874188 2.220541 279.193720 3555.214056
165 -8.746189 3.874188 2.220541 279.193720 3555.214056
165 9.368293 -4.009604 2.432067 278.913567 4264.805913
165 -9.368293 4.009604 2.432067 278.913567 4264.805913
165 26.535253 -6.748122 6.520595 298.945480 30656.495937
165 -26.535253 6.748122 6.520595 298.945480 30656.495937
165 20.837151 -5.979852 7.103351 266.889762 36381.002504
165 -20.837151 5.979852 7.103351 266.889762 36381.002504
165 20.241002 -5.893690 6.091662 261.953075 26755.909593
165 -20.241002 5.893690 6.091662 261.953075 26755.909593
165 21.145288 -6.023905 4.920353 3.291483 17455.832681
165 -21.145288 6.023905 4.920353 3.291483 17455.832681
165 10.921355 -4.329219 4.880002 199.129016 17170.701476
165 -10.921355 4.329219 4.880002 199.129016 17170.701476
165 15.496307 -5.156861 6.944925 311.736015 34776.286818
165 -15.496307 5.156861 6.944925 311.736015 34776.286818
165 24.353023 -6.464691 3.205693 310.794612 7409.550123
165 -24.353023 6.464691 3.205693 310.794612 7409.550123
165 12.197015 -4.575074 3.113989 191.294842 6991.691741
165 -12.197015 4.575074 3.113989 191.294842 6991.691741
166 25.437365 -6.607046 9.645357 43.659429 67078.711164
166 -25.437365 6.607046 9.645357 43.659429 67078.711164
166 27.870559 -6.915827 19.377216 5.726880 270726.552473
166 -27.870559 6.915827 19.377216 5.726880 270726.552473
166 19.638730 -5.805344 4.526203 318.243612 14771.213610
166 -19.638730 5.805344 4.526203 318.243612 14771.213610
166 8.934499 -3.915673 14.712215 18.069176 156064.516299
166 -8.934499 3.915673 14.712215 18.069176 156064.516299
166 17.675242 -5.507493 13.163755 110.786942 124941.770779
166 -17.675242 5.507493 13.163755 110.786942 124941.770779
166 -0.108760 -0.432022 3.588133 298.716090 9282.931833
166 0.108760 0.432022 3.588133 298.716090 9282.931833
166 15.594064 -5.173101 7.175485 58.397201 37123.644077
166 -15.594064 5.173101 7.175485 58.397201 37123.644077
166 13.299841 -4.777432 5.458054 255.592563 21479.481188
166 -13.299841 4.777432 5.458054 255.592563 21479.481188
166 21.037318 -6.008506 11.781250 17.107347 100076.205791
166 -21.037318 6.008506 11.781250 17.107347 100076.205791
166 6.240397 -3.272483 5.450068 305.959323 21416.668089
166 -6.240397 3.272483 5.450068 305.959323 21416.668089
166 17.975159 -5.554023 3.639255 11.548837 9549.332580
166 -17.975159 5.554023 3.639255 11.548837 9549.332580
166 12.566342 -4.643824 4.504102 73.572568 14627.311981
166 -12.566342 4.643824 4.504102 73.572568 14627.311981
166 14.690296 -5.020958 5.816454 228.350578 24392.969369
166 -14.690296 5.020958 5.816454 228.350578 24392.969369
166 9.949998 -4.132214 2.697918 133.482133 5248.140285
166 -9.949998 4.132214 2.697918 133.482133 5248.140285
166 12.085482 -4.554108 3.784614 355.461939 10327.403954
166 -12.085482 4.554108 3.784614 355.461939 10327.403954
166 3.911569 -2.590877 6.042004 203.915976 26321.467190
166 -3.911569 2.590877 6.042004 203.915976 26321.467190
166 19.576156 -5.796088 7.029635 289.294488 35629.820926
166 -19.576156 5.796088 7.029635 289.294488 35629.820926
166 10.752614 -4.295645 5.721323 178.620052 23601.572470
166 -10.752614 4.295645 5.721323 178.620052 23601.572470
166 10.015055 -4.145701 11.821101 146.866629 100754.385573
166 -10.015055 4.145701 11.821101 146.866629 100754.385573
166 10.102775 -4.163817 8.563279 204.994648 52872.302146
166 -10.102775 4.163817 8.563279 204.994648 52872.302146
167 15.512565 -5.159565 11.011085 316.530073 87419.491689
167 -15.512565 5.159565 11.011085 316.530073 87419.491689
167 18.202886 -5.589094 7.506155 150.077203 40624.045985
167 -18.202886 5.589094 7.506155 150.077203 40624.045985
167 0.940417 -1.270374 6.053327 346.334531 26420.210542
167 -0.940417 1.270374 6.053327 346.334531 26420.210542
167 11.783095 -4.496773 6.862368 281.133355 33954.400273
167 -11.783095 4.496773 6.862368 281.133355 33954.400273
167 10.382039 -4.220974 10.646353 244.905889 81724.034616
167 -10.382039 4.220974 10.646353 244.905889 81724.034616
167 17.695325 -5.510621 3.865140 105.278947 10771.555736
167 -17.695325 5.510621 3.865140 105.278947 10771.555736
167 13.881788 -4.880834 7.129263 85.114118 36646.905903
167 -13.881788 4.880834 7.129263 85.114118 36646.905903
167 14.237314 -4.942940 5.416478 89.327801 21153.489592
167 -14.237314 4.942940 5.416478 89.327801 21153.489592
167 14.650750 -5.014195 3.652542 247.369796 9619.189527
167 -14.650750 5.014195 3.652542 247.369796 9619.189527
167 25.039524 -6.555176 12.028142 60.507833 104314.616922
167 -25.039524 6.555176 12.028142 60.507833 104314.616922
167 16.690329 -5.351848 6.803008 288.279051 33369.522637
167 -16.690329 5.351848 6.803008 288.279051 33369.522637
167 21.768943 -6.112093 3.180890 221.353308 7295.337858
167 -21.768943 6.112093 3.180890 221.353308 7295.337858
167 13.334969 -4.783737 13.806524 15.803929 137441.145912
167 -13.334969 4.783737 13.806524 15.803929 137441.145912
167 17.674391 -5.507361 3.977458 183.682304 11406.678476
167 -17.674391 5.507361 3.977458 183.682304 11406.678476
167 6.936219 -3.450108 8.830140 58.947712 56219.011869
167 -6.936219 3.450108 8.830140 58.947712 56219.011869
167 22.122446 -6.161520 5.642756 144.398358 22957.819297
167 -22.122446 6.161520 5.642756 144.398358 22957.819297
167 0.585891 -1.002720 8.037378 238.073674 46577.579265
167 -0.585891 1.002720 8.037378 238.073674 46577.579265
167 0.684346 -1.083700 4.711883 142.332224 16007.999336
167 -0.684346 1.083700 4.711883 142.332224 16007.999336
167 10.281566 -4.200499 7.344235 100.182454 38890.289427
167 -10.281566 4.200499 7.344235 100.182454 38890.289427
167 7.696731 -3.634331 5.900388 128.948460 25102.052585
167 -7.696731 3.634331 5.900388 128.948460 25102.052585
168 14.941783 -5.063753 10.360968 245.494077 77401.392592
168 -14.941783 5.063753 10.360968 245.494077 77401.392592
168 16.903083 -5.385850 5.561104 293.613294 22298.214346
168 -16.903083 5.385850 5.561104 293.613294 22298.214346
168 20.193772 -5.886810 2.763249 295.686313 5505.389650
168 -20.193772 5.886810 2.763249 295.686313 5505.389650
168 17.915672 -5.544825 10.679332 221.706568 82231.124591
168 -17.915672 5.544825 10.679332 221.706568 82231.124591
168 16.789301 -5.367692 13.124774 189.408621 124202.897306
168 -16.789301 5.367692 13.124774 189.408621 124202.897306
168 19.186909 -5.738175 9.265147 150.585579 61894.587106
168 -19.186909 5.738175 9.265147 150.585579 61894.587106
168 14.810205 -5.041408 3.839873 310.963064 10631.189611
168 -14.810205 5.041408 3.839873 310.963064 10631.189611
168 17.431521 -5.469391 15.177191 261.732255 166085.176699
168 -17.431521 5.469391 15.177191 261.732255 166085.176699
168 13.154102 -4.751185 7.321260 48.320185 38647.354071
168 -13.154102 4.751185 7.321260 48.320185 38647.354071
168 20.038720 -5.864166 2.979181 158.594632 6399.440308
168 -20.038720 5.864166 2.979181 158.594632 6399.440308
168 1.452485 -1.578800 8.886809 124.915923 56942.919879
168 -1.452485 1.578800 8.886809 124.915923 56942.919879
168 22.119483 -6.161107 3.931130 52.600194 11142.508649
168 -22.119483 6.161107 3.931130 52.600194 11142.508649
168 11.744979 -4.489494 6.058339 130.801721 26463.980151
168 -11.744979 4.489494 6.058339 130.801721 26463.980151
168 24.865585 -6.532368 4.637795 208.614727 15508.549458
168 -24.865585 6.532368 4.637795 208.614727 15508.549458
168 20.640215 -5.951527 4.947143 6.494525 17646.434350
168 -20.640215 5.951527 4.947143 6.494525 17646.434350
168 19.826186 -5.832985 4.969758 190.313646 17808.136301
168 -19.826186 5.832985 4.969758 190.313646 17808.136301
168 12.611747 -4.652206 6.865684 104.550375 33987.219958
168 -12.611747 4.652206 6.865684 104.550375 33987.219958
168 12.903377 -4.705686 4.329562 342.233710 13515.618081
168 -12.903377 4.705686 4.329562 342.233710 13515.618081
168 20.970621 -5.998973 6.256051 139.053544 28219.459795
168 -20.970621 5.998973 6.256051 139.053544 28219.459795
168 19.589335 -5.798039 11.791301 242.819765 100247.038153
168 -19.589335 5.798039 11.791301 242.819765 100247.038153
169 25.922157 -6.669709 3.427038 26.478106 8468.097415
169 -25.922157 6.669709 3.427038 26.478106 8468.097415
169 8.550579 -3.830620 5.019017 244.837744 18162.910728
169 -8.550579 3.830620 5.019017 244.837744 18162.910728
169 13.202465 -4.759911 11.084783 285.473324 88593.617649
169 -13.202465 4.759911 11.084783 285.473324 88593.617649
169 11.024209 -4.349557 5.589463 269.705140 22526.215553
169 -11.024209 4.349557 5.589463 269.705140 22526.215553
169 10.156269 -4.174826 6.932622 282.696019 34653.179641
169 -10.156269 4.174826 6.932622 282.696019 34653.179641
169 6.414461 -3.317809 8.109730 14.073475 47419.922400
169 -6.414461 3.317809 8.109730 14.073475 47419.922400
169 14.685321 -5.020107 4.867777 209.690765 17084.779246
169 -14.685321 5.020107 4.867777 209.690765 17084.779246
169 33.843247 -7.620918 5.252982 242.168756 19895.728502
169 -33.843247 7.620918 5.252982 242.168756 19895.728502
169 14.701470 -5.022867 6.587605 257.705477 31289.830680
169 -14.701470 5.022867 6.587605 257.705477 31289.830680
169 18.494192 -5.633639 4.918874 260.231936 17445.340760
169 -18.494192 5.633639 4.918874 260.231936 17445.340760
169 10.249158 -4.193874 3.489521 85.323334 8779.701316
169 -10.249158 4.193874 3.489521 85.323334 8779.701316
169 22.831582 -6.259495 6.764692 353.888526 32994.698132
169 -22.831582 6.259495 6.764692 353.888526 32994.698132
169 22.568541 -6.223333 2.307955 95.371375 3840.633738
169 -22.568541 6.223333 2.307955 95.371375 3840.633738
169 15.038304 -5.080082 4.425341 42.707485 14120.220632
169 -15.038304 5.080082 4.425341 42.707485 14120.220632
169 28.321798 -6.971588 6.416971 284.731809 29689.862617
169 -28.321798 6.971588 6.416971 284.731809 29689.862617
169 4.903233 -2.900765 5.751550 13.570181 23851.619082
169 -4.903233 2.900765 5.751550 13.570181 23851.619082
169 10.191027 -4.181964 9.567970 6.800086 66006.650477
169 -10.191027 4.181964 9.567970 6.800086 66006.650477
169 19.306240 -5.755991 5.755298 145.746649 23882.717693
169 -19.306240 5.755991 5.755298 145.746649 23882.717693
169 7.740925 -3.644750 4.846920 355.461286 16938.685005
169 -7.740925 3.644750 4.846920 355.461286 16938.685005
169 16.432761 -5.310392 10.599269 15.049654 81002.773384
169 -16.432761 5.310392 10.599269 15.049654 81002.773384
170 13.943959 -4.891751 7.735730 97.696997 43147.011353
170 -13.943959 4.891751 7.735730 97.696997 43147.011353
170 1.144583 -1.401506 5.360672 24.360431 20719.845681
170 -1.144583 1.401506 5.360672 24.360431 20719.845681
170 18.558520 -5.643428 3.927582 217.613310 11122.403210
170 -18.558520 5.643428 3.927582 217.613310 11122.403210
170 8.514643 -3.822562 9.043716 329.268111 58971.458726
170 -8.514643 3.822562 9.043716 329.268111 58971.458726
170 -4.083524 -2.647213 3.672294 229.175820 9723.507934
170 4.083524 2.647213 3.672294 229.175820 9723.507934
170 20.457609 -5.925142 9.488398 124.523010 64913.319315
170 -20.457609 5.925142 9.488398 124.523010 64913.319315
170 14.300095 -4.953826 12.574453 292.254263 114005.630210
170 -14.300095 4.953826 12.574453 292.254263 114005.630210
170 8.064687 -3.720189 2.307931 246.961734 3840.551146
170 -8.064687 3.720189 2.307931 246.961734 3840.551146
170 15.455674 -5.150095 8.150193 303.372760 47894.300762
170 -15.455674 5.150095 8.150193 303.372760 47894.300762
170 24.556879 -6.491692 3.745077 89.160506 10112.759025
170 -24.556879 6.491692 3.745077 89.160506 10112.759025
170 6.239256 -3.272184 12.236051 106.348916 107951.982311
170 -6.239256 3.272184 12.236051 106.348916 107951.982311
170 11.692119 -4.479380 3.190659 271.198475 7340.215464
170 -11.692119 4.479380 3.190659 271.198475 7340.215464
170 15.025778 -5.077966 9.459398 35.252472 64517.136661
170 -15.025778 5.077966 9.459398 35.252472 64517.136661
170 12.772654 -4.681789 3.046668 161.746325 6692.651653
170 -12.772654 4.681789 3.046668 161.746325 6692.651653
170 10.893859 -4.323766 10.961305 90.238931 86630.857476
170 -10.893859 4.323766 10.961305 90.238931 86630.857476
170 0.169731 -0.539700 10.494394 175.013888 79407.731319
170 -0.169731 0.539700 10.494394 175.013888 79407.731319
170 15.884222 -5.221007 6.510117 276.917167 30558.053350
170 -15.884222 5.221007 6.510117 276.917167 30558.053350
170 21.785722 -6.114448 5.333454 335.030581 20509.976141
170 -21.785722 6.114448 5.333454 335.030581 20509.976141
170 15.557740 -5.167072 4.305300 73.680696 13364.567953
170 -15.557740 5.167072 4.305300 73.680696 13364.567953
170 20.544303 -5.937683 3.171151 34.811124 7250.731464
170 -20.544303 5.937683 3.171151 34.811124 7250.731464
170 11.998321 -4.537656 4.930067 59.581455 17524.827876
170 -11.998321 4.537656 4.930067 59.581455 17524.827876
171 11.582640 -4.458359 2.081356 104.927486 3123.496005
171 -11.582640 4.458359 2.081356 104.927486 3123.496005
171 6.736986 -3.400197 16.088811 190.539059 186636.242641
171 -6.736986 3.400197 16.088811 190.539059 186636.242641
171 13.359828 -4.788194 22.570145 53.698811 367296.475509
171 -13.359828 4.788194 22.570145 53.698811 367296.475509
171 2.130930 -1.912300 6.035004 295.455793 26260.508690
171 -2.130930 1.912300 6.035004 295.455793 26260.508690
171 19.074536 -5.721347 8.376267 16.619023 50588.185304
171 -19.074536 5.721347 8.376267 16.619023 50588.185304
171 12.869777 -4.699556 7.026134 168.511605 35594.334915
171 -12.869777 4.699556 7.026134 168.511605 35594.334915
171 22.034685 -6.149286 7.264285 2.814841 38048.176317
171 -22.034685 6.149286 7.264285 2.814841 38048.176317
171 12.388282 -4.610806 10.751197 99.338763 83341.574741
171 -12.388282 4.610806 10.751197 99.338763 83341.574741
171 12.042875 -4.546073 6.702713 191.358814 32392.864356
171 -12.042875 4.546073 6.702713 191.358814 32392.864356
171 10.604156 -4.265887 6.634497 235.039508 31736.871954
171 -10.604156 4.265887 6.634497 235.039508 31736.871954
171 18.887337 -5.693203 10.075136 256.756221 73189.696136
171 -18.887337 5.693203 10.075136 256.756221 73189.696136
171 4.515413 -2.783685 9.552868 103.677101 65798.443153
171 -4.515413 2.783685 9.552868 103.677101 65798.443153
171 12.814369 -4.689428 3.941875 302.038028 11203.498584
171 -12.814369 4.689428 3.941875 302.038028 11203.498584
171 26.892077 -6.793342 6.970506 320.789851 35032.949014
171 -26.892077 6.793342 6.970506 320.789851 35032.949014
171 17.034684 -5.406776 10.892419 350.162075 85545.423485
171 -17.034684 5.406776 10.892419 350.162075 85545.423485
171 19.292288 -5.753911 6.084724 327.073014 26694.997412
171 -19.292288 5.753911 6.084724 327.073014 26694.997412
171 7.234023 -3.523394 7.467672 254.008037 40208.561718
171 -7.234023 3.523394 7.467672 254.008037 40208.561718
171 19.889051 -5.842226 2.774956 67.134316 5552.139106
171 -19.889051 5.842226 2.774956 67.134316 5552.139106
171 22.392528 -6.199017 6.011265 255.651722 26054.323732
171 -22.392528 6.199017 6.011265 255.651722 26054.323732
171 13.152243 -4.750849 6.247574 256.299051 28143.031679
171 -13.152243 4.750849 6.247574 256.299051 28143.031679
171 15.475111 -5.153333 5.006130 190.466276 18069.759430
171 -15.475111 5.153333 5.006130 190.466276 18069.759430
172 4.167481 -2.674288 4.033250 252.748301 11728.926801
172 -4.167481 2.674288 4.033250 252.748301 11728.926801
172 13.503966 -4.813954 4.773135 338.593772 16426.898075
172 -13.503966 4.813954 4.773135 338.593772 16426.898075
172 14.170548 -4.931336 6.654477 75.912755 31928.309315
172 -14.170548 4.931336 6.654477 75.912755 31928.309315
172 6.612856 -3.368727 7.410264 109.683366 39592.728712
172 -6.612856 3.368727 7.410264 109.683366 39592.728712
172 5.247003 -3.000730 3.632754 225.571702 9515.245171
172 -5.247003 3.000730 3.632754 225.571702 9515.245171
172 8.671590 -3.857631 4.666832 75.623217 15703.351886
172 -8.671590 3.857631 4.666832 75.623217 15703.351886
172 25.641899 -6.633556 8.154068 315.571705 47939.858397
172 -25.641899 6.633556 8.154068 315.571705 47939.858397
172 12.808734 -4.688397 29.102963 143.304584 610692.351782
172 -12.808734 4.688397 29.102963 143.304584 610692.351782
172 20.269145 -5.897786 9.776152 287.973896 68910.273814
172 -20.269145 5.897786 9.776152 287.973896 68910.273814
172 13.368949 -4.789828 13.934250 133.500138 139995.893343
172 -13.368949 4.789828 13.934250 133.500138 139995.893343
172 13.583272 -4.828069 4.753849 83.434264 16294.416962
172 -13.583272 4.828069 4.753849 83.434264 16294.416962
172 14.597691 -5.005107 3.602763 147.897041 9358.784402
172 -14.597691 5.005107 3.602763 147.897041 9358.784402
172 6.532046 -3.348081 5.756565 199.634298 23893.234649
172 -6.532046 3.348081 5.756565 199.634298 23893.234649
172 13.320289 -4.781103 4.334628 197.766678 13547.268476
172 -13.320289 4.781103 4.334628 197.766678 13547.268476
172 16.997501 -5.400871 4.736567 37.028736 16176.163736
172 -16.997501 5.400871 4.736567 37.028736 16176.163736
172 15.458577 -5.150579 6.298404 336.648889 28602.834609
172 -15.458577 5.150579 6.298404 336.648889 28602.834609
172 14.795378 -5.038884 15.444351 336.240922 171983.743538
172 -14.795378 5.038884 15.444351 336.240922 171983.743538
172 8.751503 -3.875365 6.588402 278.968219 31297.395482
172 -8.751503 3.875365 6.588402 278.968219 31297.395482
172 15.333125 -5.129637 6.277681 132.571330 28414.931611
172 -15.333125 5.129637 6.277681 132.571330 28414.931611
172 28.638454 -7.010453 10.850835 141.160408 84893.483307
172 -28.638454 7.010453 10.850835 141.160408 84893.483307
172 13.355568 -4.787430 4.586242 233.710305 15165.687244
172 -13.355568 4.787430 4.586242 233.710305 15165.687244
173 19.705928 -5.815268 12.235807 336.947311 107947.670590
173 -19.705928 5.815268 12.235807 336.947311 107947.670590
173 4.320182 -2.722841 12.445250 349.622988 111674.836543
173 -4.320182 2.722841 12.445250 349.622988 111674.836543
173 22.578339 -6.224684 9.744617 222.602116 68466.417121
173 -22.578339 6.224684 9.744617 222.602116 68466.417121
173 12.214633 -4.578376 2.666145 47.858924 5125.256522
173 -12.214633 4.578376 2.666145 47.858924 5125.256522
173 15.037919 -5.080017 3.334431 218.501226 8016.625646
173 -15.037919 5.080017 3.334431 218.501226 8016.625646
173 13.736920 -4.855299 8.958211 47.882629 57861.628097
173 -13.736920 4.855299 8.958211 47.882629 57861.628097
173 10.512175 -4.247345 5.669466 47.228812 23175.670742
173 -10.512175 4.247345 5.669466 47.228812 23175.670742
173 13.881436 -4.880772 5.382225 232.835100 20886.793474
173 -13.881436 4.880772 5.382225 232.835100 20886.793474
173 16.215783 -5.275216 22.271244 294.586811 357632.546947
173 -16.215783 5.275216 22.271244 294.586811 357632.546947
173 11.264799 -4.396763 3.927452 148.121474 11121.667819
173 -11.264799 4.396763 3.927452 148.121474 11121.667819
173 18.918613 -5.697915 4.592077 157.066572 15204.299877
173 -18.918613 5.697915 4.592077 157.066572 15204.299877
173 12.112010 -4.559103 3.406454 228.647559 8366.680602
173 -12.112010 4.559103 3.406454 228.647559 8366.680602
173 6.638193 -3.375174 9.415540 270.917076 63920.262490
173 -6.638193 3.375174 9.415540 270.917076 63920.262490
173 24.068942 -6.426874 2.985330 306.819771 6425.883147
173 -24.068942 6.426874 2.985330 306.819771 6425.883147
173 -0.344914 -0.769355 4.858874 102.837682 17022.342227
173 0.344914 0.769355 4.858874 102.837682 17022.342227
173 6.483705 -3.335669 2.447530 335.147754 4319.209194
173 -6.483705 3.335669 2.447530 335.147754 4319.209194
173 20.331859 -5.906903 8.507628 243.457368 52187.324266
173 -20.331859 5.906903 8.507628 243.457368 52187.324266
173 5.885670 -3.178112 11.097551 207.580590 88797.840506
173 -5.885670 3.178112 11.097551 207.580590 88797.840506
173 20.991149 -6.001909 14.340008 11.087553 148267.801911
173 -20.991149 6.001909 14.340008 11.087553 148267.801911
173 19.526469 -5.788728 5.734163 150.085073 23707.630546
173 -19.526469 5.788728 5.734163 150.085073 23707.630546
173 13.553879 -4.822843 10.514185 345.576692 79707.514475
173 -13.553879 4.822843 10.514185 345.576692 79707.514475
174 21.837197 -6.121668 4.723789 206.905717 16088.998244
174 -21.837197 6.121668 4.723789 206.905717 16088.998244
174 21.230038 -6.035965 15.146889 3.439047 165422.637549
174 -21.230038 6.035965 15.146889 3.439047 165422.637549
174 12.931141 -4.710746 9.330794 167.781488 62774.796344
174 -12.931141 4.710746 9.330794 167.781488 62774.796344
174 13.727215 -4.853584 10.247862 109.101769 75720.702847
174 -13.727215 4.853584 10.247862 109.101769 75720.702847
174 5.314851 -3.020069 10.578748 13.946783 80689.420772
174 -5.314851 3.020069 10.578748 13.946783 80689.420772
174 12.403541 -4.613645 2.932061 355.820825 6198.605467
174 -12.403541 4.613645 2.932061 355.820825 6198.605467
174 4.505219 -2.780541 6.179119 102.956856 27529.683425
174 -4.505219 2.780541 6.179119 102.956856 27529.683425
174 18.215655 -5.591054 14.800036 200.760213 157933.262170
174 -18.215655 5.591054 14.800036 200.760213 157933.262170
174 6.691325 -3.388655 2.291513 245.398197 3786.104560
174 -6.691325 3.388655 2.291513 245.398197 3786.104560
174 15.183479 -5.104544 12.327444 177.229115 109570.624691
174 -15.183479 5.104544 12.327444 177.229115 109570.624691
174 20.790251 -5.973119 3.893414 169.545851 10929.725164
174 -20.790251 5.973119 3.893414 169.545851 10929.725164
174 4.357320 -2.734520 9.010618 57.483135 58540.609082
174 -4.357320 2.734520 9.010618 57.483135 58540.609082
174 1.271973 -1.477441 2.462338 123.871171 4371.631488
174 -1.271973 1.477441 2.462338 123.871171 4371.631488
174 23.427632 -6.340675 13.878315 31.472835 138874.187684
174 -23.427632 6.340675 13.878315 31.472835 138874.187684
174 16.248274 -5.280498 7.426531 168.568828 39766.747807
174 -16.248274 5.280498 7.426531 168.568828 39766.747807
174 18.884816 -5.692823 5.454802 110.227205 21453.893162
174 -18.884816 5.692823 5.454802 110.227205 21453.893162
174 21.462318 -6.068895 7.148739 146.666619 36847.411925
174 -21.462318 6.068895 7.148739 146.666619 36847.411925
174 9.370327 -4.010040 4.356295 90.160771 13683.044223
174 -9.370327 4.010040 4.356295 90.160771 13683.044223
174 13.986236 -4.899161 3.119486 304.951375 7016.396000
174 -13.986236 4.899161 3.119486 304.951375 7016.396000
174 14.605970 -5.006526 9.113691 100.031025 59887.567024
174 -14.605970 5.006526 9.113691 100.031025 59887.567024
174 17.693751 -5.510376 5.459909 30.654487 21494.084706
174 -17.693751 5.510376 5.459909 30.654487 21494.084706
175 16.667926 -5.348255 9.433615 38.675058 64165.907801
175 -16.667926 5.348255 9.433615 38.675058 64165.907801
175 4.560946 -2.797685 6.954265 206.435692 34869.891470
175 -4.560946 2.797685 6.954265 206.435692 34869.891470
175 13.106256 -4.742536 9.964153 296.700028 71586.126662
175 -13.106256 4.742536 9.964153 296.700028 71586.126662
175 26.501143 -6.743783 8.319850 355.363204 49909.027596
175 -26.501143 6.743783 8.319850 355.363204 49909.027596
175 17.304596 -5.449442 1.264290 134.938973 1152.501726
175 -17.304596 5.449442 1.264290 134.938973 1152.501726
175 20.013987 -5.860546 3.882538 247.833090 10868.748950
175 -20.013987 5.860546 3.882538 247.833090 10868.748950
175 14.340487 -4.960817 9.179971 122.899006 60761.809971
175 -14.340487 4.960817 9.179971 122.899006 60761.809971
175 11.366057 -4.416479 22.852945 210.260317 376558.467870
175 -11.366057 4.416479 22.852945 210.260317 376558.467870
175 10.345542 -4.213548 5.311229 103.764599 20339.401522
175 -10.345542 4.213548 5.311229 103.764599 20339.401522
175 5.535241 -3.082049 7.868670 3.014935 44642.728331
175 -5.535241 3.082049 7.868670 3.014935 44642.728331
175 24.632321 -6.501656 8.044069 300.153023 46655.161225
175 -24.632321 6.501656 8.044069 300.153023 46655.161225
175 8.456745 -3.809543 15.528734 4.795609 173868.208223
175 -8.456745 3.809543 15.528734 4.795609 173868.208223
175 6.584711 -3.361550 9.228992 57.299985 61412.473858
175 -6.584711 3.361550 9.228992 57.299985 61412.473858
175 11.093366 -4.363178 6.803281 180.705775 33372.200538
175 -11.093366 4.363178 6.803281 180.705775 33372.200538
175 13.862672 -4.877472 1.438118 129.970682 1491.205001
175 -13.862672 4.877472 1.438118 129.970682 1491.205001
175 14.340604 -4.960838 9.437535 43.493361 64219.253365
175 -14.340604 4.960838 9.437535 43.493361 64219.253365
175 14.467430 -4.982726 3.955946 236.209011 11283.631257
175 -14.467430 4.982726 3.955946 236.209011 11283.631257
175 15.959046 -5.233289 8.191512 291.293063 48381.148334
175 -15.959046 5.233289 8.191512 291.293063 48381.148334
175 24.148986 -6.437552 7.187587 116.014038 37248.968835
175 -24.148986 6.437552 7.187587 116.014038 37248.968835
175 5.810058 -3.157632 8.045294 45.263478 46669.365744
175 -5.810058 3.157632 8.045294 45.263478 46669.365744
175 14.327595 -4.958587 7.348981 97.862397 38940.575644
175 -14.327595 4.958587 7.348981 97.862397 38940.575644
176 3.490910 -2.447601 12.735925 165.407132 116952.374223
176 -3.490910 2.447601 12.735925 165.407132 116952.374223
176 6.252296 -3.275601 3.617870 165.021539 9437.437693
176 -6.252296 3.275601 3.617870 165.021539 9437.437693
176 14.553912 -4.997596 7.491581 65.555176 40466.438648
176 -14.553912 4.997596 7.491581 65.555176 40466.438648
176 5.809520 -3.157486 2.744564 25.524610 5431.188411
176 -5.809520 3.157486 2.744564 25.524610 5431.188411
176 12.783180 -4.683718 7.942039 1.846735 45479.120112
176 -12.783180 4.683718 7.942039 1.846735 45479.120112
176 12.575681 -4.645549 10.359947 321.854840 77386.130909
176 -12.575681 4.645549 10.359947 321.854840 77386.130909
176 6.027536 -3.216186 3.840568 114.897871 10635.036384
176 -6.027536 3.216186 3.840568 114.897871 10635.036384
176 10.503111 -4.245514 5.825888 164.120253 24472.161768
176 -10.503111 4.245514 5.825888 164.120253 24472.161768
176 5.884275 -3.177736 6.568068 91.562403 31104.508148
176 -5.884275 3.177736 6.568068 91.562403 31104.508148
176 30.116311 -7.189061 19.603271 236.179022 277079.984500
176 -30.116311 7.189061 19.603271 236.179022 277079.984500
176 8.541277 -3.828536 5.031887 302.115833 18256.173898
176 -8.541277 3.828536 5.031887 302.115833 18256.173898
176 4.224868 -2.692637 8.240644 138.622968 48963.267453
176 -4.224868 2.692637 8.240644 138.622968 48963.267453
176 9.812660 -4.103597 7.570616 322.095244 41324.773068
176 -9.812660 4.103597 7.570616 322.095244 41324.773068
176 23.133111 -6.300693 9.526509 176.231561 65435.829787
176 -23.133111 6.300693 9.526509 176.231561 65435.829787
176 18.936916 -5.700670 10.659259 322.112779 81922.290855
176 -18.936916 5.700670 10.659259 322.112779 81922.290855
176 4.850550 -2.885139 2.572519 138.536418 4771.611743
176 -4.850550 2.885139 2.572519 138.536418 4771.611743
176 6.017782 -3.213583 8.315879 94.216165 49861.395922
176 -6.017782 3.213583 8.315879 94.216165 49861.395922
176 15.156079 -5.099936 13.771456 100.410773 136743.839286
176 -15.156079 5.099936 13.771456 100.410773 136743.839286
176 13.414319 -4.797949 2.510874 193.736046 4545.668874
176 -13.414319 4.797949 2.510874 193.736046 4545.668874
176 11.855576 -4.510583 9.308462 221.584214 62474.661409
176 -11.855576 4.510583 9.308462 221.584214 62474.661409
176 16.283784 -5.286265 3.348328 160.235226 8083.587875
176 -16.283784 5.286265 3.348328 160.235226 8083.587875
177 11.689850 -4.478945 20.817509 214.781829 312468.027452
177 -11.689850 4.478945 20.817509 214.781829 312468.027452
177 7.481350 -3.583119 16.793014 248.398521 203331.832962
177 -7.481350 3.583119 16.793014 248.398521 203331.832962
177 0.517305 -0.942203 5.851475 262.475274 24687.591665
177 -0.517305 0.942203 5.851475 262.475274 24687.591665
177 10.648021 -4.274701 12.668829 22.919588 115723.359729
177 -10.648021 4.274701 12.668829 22.919588 115723.359729
177 10.134789 -4.170409 10.399949 303.887356 77984.899740
177 -10.134789 4.170409 10.399949 303.887356 77984.899740
177 24.421415 -6.473762 5.656762 104.841345 23071.930554
177 -24.421415 6.473762 5.656762 104.841345 23071.930554
177 9.216737 -3.977039 4.134985 251.770574 12328.094778
177 -9.216737 3.977039 4.134985 251.770574 12328.094778
177 15.571309 -5.169325 4.028981 358.658461 11704.111870
177 -15.571309 5.169325 4.028981 358.658461 11704.111870
177 20.431524 -5.921363 21.183699 219.817567 323557.642755
177 -20.431524 5.921363 21.183699 219.817567 323557.642755
177 18.232056 -5.593571 4.506086 311.072565 14640.198510
177 -18.232056 5.593571 4.506086 311.072565 14640.198510
177 22.156181 -6.166216 3.840608 151.980476 10635.259717
177 -22.156181 6.166216 3.840608 151.980476 10635.259717
177 10.430497 -4.230813 5.313108 184.802092 20353.791522
177 -10.430497 4.230813 5.313108 184.802092 20353.791522
177 18.328711 -5.608378 17.419976 6.238364 218797.920616
177 -18.328711 5.608378 17.419976 6.238364 218797.920616
177 16.510546 -5.322945 6.456208 85.811823 30054.058123
177 -16.510546 5.322945 6.456208 85.811823 30054.058123
177 10.492787 -4.243427 4.651115 87.072980 15597.760342
177 -10.492787 4.243427 4.651115 87.072980 15597.760342
177 13.180177 -4.755891 6.555716 264.356113 30987.625918
177 -13.180177 4.755891 6.555716 264.356113 30987.625918
177 11.824058 -4.504583 6.458380 86.926698 30074.282627
177 -11.824058 4.504583 6.458380 86.926698 30074.282627
177 16.579521 -5.334053 9.725688 317.005762 68200.690616
177 -16.579521 5.334053 9.725688 317.005762 68200.690616
177 23.259034 -6.317818 9.565652 8.718516 65974.666403
177 -23.259034 6.317818 9.565652 8.718516 65974.666403
177 15.353844 -5.133101 4.058272 343.436587 11874.909094
177 -15.353844 5.133101 4.058272 343.436587 11874.909094
177 20.540948 -5.937198 19.436919 184.712094 272397.371740
177 -20.540948 5.937198 19.436919 184.712094 272397.371740
178 12.262173 -4.587277 8.915458 60.104606 57310.663270
178 -12.262173 4.587277 8.915458 60.104606 57310.663270
178 16.313322 -5.291058 5.625336 301.466948 22816.288263
178 -16.313322 5.291058 5.625336 301.466948 22816.288263
178 18.973429 -5.706163 3.378624 225.170234 8230.530715
178 -18.973429 5.706163 3.378624 225.170234 8230.530715
178 3.472025 -2.440972 5.476364 103.590697 21623.835130
178 -3.472025 2.440972 5.476364 103.590697 21623.835130
178 6.337399 -3.297819 13.384659 172.757426 129170.317414
178 -6.337399 3.297819 13.384659 172.757426 129170.317414
178 21.303776 -6.046438 6.620942 328.887390 31607.315065
178 -21.303776 6.046438 6.620942 328.887390 31607.315065
178 11.436386 -4.430122 4.324685 163.600447 13485.188708
178 -11.436386 4.430122 4.324685 163.600447 13485.188708
178 18.666776 -5.659863 3.525639 13.603044 8962.388232
178 -18.666776 5.659863 3.525639 13.603044 8962.388232
178 12.109283 -4.558590 7.808542 153.409995 43963.063983
178 -12.109283 4.558590 7.808542 153.409995 43963.063983
178 16.147495 -5.264097 13.483615 35.363593 131087.349975
178 -16.147495 5.264097 13.483615 35.363593 131087.349975
178 20.853952 -5.982263 3.073790 74.823562 6812.344241
178 -20.853952 5.982263 3.073790 74.823562 6812.344241
178 14.713661 -5.024949 10.838573 290.936494 84701.726055
178 -14.713661 5.024949 10.838573 290.936494 84701.726055
178 22.363319 -6.194973 4.747432 120.490765 16250.457817
178 -22.363319 6.194973 4.747432 120.490765 16250.457817
178 13.655360 -4.840864 1.398076 179.240609 1409.319103
178 -13.655360 4.840864 1.398076 179.240609 1409.319103
178 7.718229 -3.639403 8.971010 291.763818 58027.088053
178 -7.718229 3.639403 8.971010 291.763818 58027.088053
178 27.373251 -6.853848 4.669141 220.718163 15718.897701
178 -27.373251 6.853848 4.669141 220.718163 15718.897701
178 14.274342 -4.949363 4.983872 195.984123 17909.433339
178 -14.274342 4.949363 4.983872 195.984123 17909.433339
178 6.190169 -3.259287 12.586263 54.837546 114219.878942
178 -6.190169 3.259287 12.586263 54.837546 114219.878942
178 7.157140 -3.504621 3.510695 279.024018 8886.569739
178 -7.157140 3.504621 3.510695 279.024018 8886.569739
178 24.494406 -6.483429 5.512349 76.021135 21908.946599
178 -24.494406 6.483429 5.512349 76.021135 21908.946599
178 18.481023 -5.631632 4.508371 323.279170 14655.052182
178 -18.481023 5.631632 4.508371 323.279170 14655.052182
179 8.966930 -3.922773 7.699569 222.191416 42744.565226
179 -8.966930 3.922773 7.699569 222.191416 42744.565226
179 5.864256 -3.172325 7.092168 253.080385 36266.533543
179 -5.864256 3.172325 7.092168 253.080385 36266.533543
179 15.678147 -5.187029 7.424687 39.677030 39746.999866
179 -15.678147 5.187029 7.424687 39.677030 39746.999866
179 -0.367396 -0.794032 9.927071 317.364490 71054.288183
179 0.367396 0.794032 9.927071 317.364490 71054.288183
179 17.158828 -5.426441 14.120095 55.521719 143755.108538
179 -17.158828 5.426441 14.120095 55.521719 143755.108538
179 9.920331 -4.126049 3.003667 276.530198 6505.063937
179 -9.920331 4.126049 3.003667 276.530198 6505.063937
179 16.620103 -5.340577 7.252723 87.677561 37927.149042
179 -16.620103 5.340577 7.252723 87.677561 37927.149042
179 19.769844 -5.824691 3.526913 38.250615 8968.867611
179 -19.769844 5.824691 3.526913 38.250615 8968.867611
179 3.214050 -2.348538 1.334671 343.194123 1284.388887
179 -3.214050 2.348538 1.334671 343.194123 1284.388887
179 0.509400 -0.934977 18.515266 242.820217 247176.951900
179 -0.509400 0.934977 18.515266 242.820217 247176.951900
179 11.195579 -4.383233 8.824483 195.417710 56147.001229
179 -11.195579 4.383233 8.824483 195.417710 56147.001229
179 24.742193 -6.516140 2.556591 290.148073 4712.708333
179 -24.742193 6.516140 2.556591 290.148073 4712.708333
179 13.505310 -4.814194 9.849409 13.306059 69946.889135
179 -13.505310 4.814194 9.849409 13.306059 69946.889135
179 6.876789 -3.435296 4.437889 124.442085 14200.413299
179 -6.876789 3.435296 4.437889 124.442085 14200.413299
179 -0.186722 -0.566069 21.308447 45.388040 327379.640768
179 0.186722 0.566069 21.308447 45.388040 327379.640768
179 15.961203 -5.233643 5.745009 129.162285 23797.397005
179 -15.961203 5.233643 5.745009 129.162285 23797.397005
179 20.132523 -5.877876 6.620511 319.498721 31603.199508
179 -20.132523 5.877876 6.620511 319.498721 31603.199508
179 1.147095 -1.403043 6.473234 325.938085 30212.775566
179 -1.147095 1.403043 6.473234 325.938085 30212.775566
179 17.516625 -5.482726 3.214650 86.746142 7451.013891
179 -17.516625 5.482726 3.214650 86.746142 7451.013891
179 13.686249 -4.846336 13.651868 316.539573 134379.265945
179 -13.686249 4.846336 13.651868 316.539573 134379.265945
179 13.202532 -4.759923 10.847615 286.397712 84843.116326
179 -13.202532 4.759923 10.847615 286.397712 84843.116326
180 8.069137 -3.721216 3.044935 88.397363 6685.043501
180 -8.069137 3.721216 3.044935 88.397363 6685.043501
180 16.610616 -5.339052 6.515903 185.215515 30612.394076
180 -16.610616 5.339052 6.515903 185.215515 30612.394076
180 22.581897 -6.225174 15.629343 251.927371 176128.461807
180 -22.581897 6.225174 15.629343 251.927371 176128.461807
180 19.686150 -5.812349 11.938104 199.098044 102758.738417
180 -19.686150 5.812349 11.938104 199.098044 102758.738417
180 13.353631 -4.787083 6.873517 265.826059 34064.816909
180 -13.353631 4.787083 6.873517 265.826059 34064.816909
180 14.063178 -4.912618 9.493910 351.935150 64988.772487
180 -14.063178 4.912618 9.493910 351.935150 64988.772487
180 23.049339 -6.289274 2.308670 312.660384 3843.013806
180 -23.049339 6.289274 2.308670 312.660384 3843.013806
180 11.661401 -4.473492 15.597663 136.712288 175415.173655
180 -11.661401 4.473492 15.597663 136.712288 175415.173655
180 5.470822 -3.064062 24.043253 328.805291 416806.549031
180 -5.470822 3.064062 24.043253 328.805291 416806.549031
180 3.656579 -2.505006 19.109969 112.022818 263310.414384
180 -3.656579 2.505006 19.109969 112.022818 263310.414384
180 18.154972 -5.581733 3.857122 17.396299 10726.913359
180 -18.154972 5.581733 3.857122 17.396299 10726.913359
180 17.478377 -5.476737 7.297293 244.880305 38394.733882
180 -17.478377 5.476737 7.297293 244.880305 38394.733882
180 11.432966 -4.429460 18.757465 352.461421 253685.931666
180 -11.432966 4.429460 18.757465 352.461421 253685.931666
180 18.466065 -5.629353 2.974091 256.390436 6377.589893
180 -18.466065 5.629353 2.974091 256.390436 6377.589893
180 17.519738 -5.483213 3.799423 195.366046 10408.384227
180 -17.519738 5.483213 3.799423 195.366046 10408.384227
180 7.934718 -3.690091 17.953330 207.043859 232401.052467
180 -7.934718 3.690091 17.953330 207.043859 232401.052467
180 6.138034 -3.245532 8.829726 165.315865 56213.747575
180 -6.138034 3.245532 8.829726 165.315865 56213.747575
180 22.222973 -6.175504 16.412915 185.445894 194231.444476
180 -22.222973 6.175504 16.412915 185.445894 194231.444476
180 22.252668 -6.179628 21.920476 10.343278 346455.944425
180 -22.252668 6.179628 21.920476 10.343278 346455.944425
180 19.366347 -5.764945 13.386395 180.833938 129203.826547
180 -19.366347 5.764945 13.386395 180.833938 129203.826547
180 3.480021 -2.443781 7.457198 194.039924 40095.844488
180 -3.480021 2.443781 7.457198 194.039924 40095.844488
181 11.913087 -4.521510 5.714394 62.099523 23544.441182
181 -11.913087 4.521510 5.714394 62.099523 23544.441182
181 10.125355 -4.168468 7.085151 103.948698 36194.812158
181 -10.125355 4.168468 7.085151 103.948698 36194.812158
181 4.504794 -2.780409 3.890103 248.281355 10911.143674
181 -4.504794 2.780409 3.890103 248.281355 10911.143674
181 24.102842 -6.431399 10.264681 352.464457 75969.447456
181 -24.102842 6.431399 10.264681 352.464457 75969.447456
181 22.060587 -6.152900 12.783885 36.818595 117834.865250
181 -22.060587 6.152900 12.783885 36.818595 117834.865250
181 10.155109 -4.174588 2.713379 17.782794 5308.466389
181 -10.155109 4.174588 2.713379 17.782794 5308.466389
181 7.384401 -3.559827 8.382933 215.947750 50668.737778
181 -7.384401 3.559827 8.382933 215.947750 50668.737778
181 16.467314 -5.315972 6.415871 141.570496 29679.691666
181 -16.467314 5.315972 6.415871 141.570496 29679.691666
181 21.972919 -6.140662 10.265219 94.596882 75977.412501
181 -21.972919 6.140662 10.265219 94.596882 75977.412501
181 11.198761 -4.383856 6.251709 210.851173 28180.296611
181 -11.198761 4.383856 6.251709 210.851173 28180.296611
181 13.315678 -4.780276 2.493490 14.773411 4482.942891
181 -13.315678 4.780276 2.493490 14.773411 4482.942891
181 11.306599 -4.404913 16.864023 38.013337 205055.026804
181 -11.306599 4.404913 16.864023 38.013337 205055.026804
181 12.638635 -4.657162 11.336792 346.734715 92667.711242
181 -12.638635 4.657162 11.336792 346.734715 92667.711242
181 4.886246 -2.895736 5.809148 324.923881 24331.732007
181 -4.886246 2.895736 5.809148 324.923881 24331.732007
181 19.033447 -5.715181 5.590335 225.572899 22533.243423
181 -19.033447 5.715181 5.590335 225.572899 22533.243423
181 15.339310 -5.130671 4.849354 327.014642 16955.706851
181 -15.339310 5.130671 4.849354 327.014642 16955.706851
181 6.807524 -3.417951 13.536336 93.726225 132114.449479
181 -6.807524 3.417951 13.536336 93.726225 132114.449479
181 8.750395 -3.875120 4.916473 2.868900 17428.314059
181 -8.750395 3.875120 4.916473 2.868900 17428.314059
181 13.332177 -4.783236 3.534280 261.691014 9006.373188
181 -13.332177 4.783236 3.534280 261.691014 9006.373188
181 10.813355 -4.307760 3.097154 87.588821 6916.296690
181 -10.813355 4.307760 3.097154 87.588821 6916.296690
181 4.020266 -2.626629 6.128899 347.687930 27084.010265
181 -4.020266 2.626629 6.128899 347.687930 27084.010265
182 12.344693 -4.602687 8.447534 318.534991 51452.679697
182 -12.344693 4.602687 8.447534 318.534991 51452.679697
182 11.758564 -4.492090 6.189631 33.968763 27623.431946
182 -11.758564 4.492090 6.189631 33.968763 27623.431946
182 14.067849 -4.913434 4.967211 12.156857 17789.887928
182 -14.067849 4.913434 4.967211 12.156857 17789.887928
182 -0.407217 -0.835957 4.460361 236.619219 14344.585832
182 0.407217 0.835957 4.460361 236.619219 14344.585832
182 7.448035 -3.575133 6.645480 87.381769 31842.036153
182 -7.448035 3.575133 6.645480 87.381769 31842.036153
182 11.166829 -4.377602 3.839317 143.080714 10628.109369
182 -11.166829 4.377602 3.839317 143.080714 10628.109369
182 11.531832 -4.448570 9.968266 310.072360 71645.234225
182 -11.531832 4.448570 9.968266 310.072360 71645.234225
182 14.033390 -4.907413 11.241986 312.410202 91124.295470
182 -14.033390 4.907413 11.241986 312.410202 91124.295470
182 16.705030 -5.354204 19.049860 307.503642 261656.581202
182 -16.705030 5.354204 19.049860 307.503642 261656.581202
182 17.163914 -5.427245 6.998291 99.610856 35312.793184
182 -17.163914 5.427245 6.998291 99.610856 35312.793184
182 22.583563 -6.225404 15.124802 237.970236 164940.560633
182 -22.583563 6.225404 15.124802 237.970236 164940.560633
182 7.976692 -3.699838 2.667908 154.921351 5132.037245
182 -7.976692 3.699838 2.667908 154.921351 5132.037245
182 16.869546 -5.380505 21.327123 146.705313 327953.773622
182 -16.869546 5.380505 21.327123 146.705313 327953.773622
182 16.710783 -5.355126 8.830890 60.505693 56228.571227
182 -16.710783 5.355126 8.830890 60.505693 56228.571227
182 14.720431 -5.026105 6.993869 284.842176 35268.181659
182 -14.720431 5.026105 6.993869 284.842176 35268.181659
182 15.725681 -5.194886 3.737522 206.169549 10071.995879
182 -15.725681 5.194886 3.737522 206.169549 10071.995879
182 12.294227 -4.593269 9.253941 178.473801 61744.964494
182 -12.294227 4.593269 9.253941 178.473801 61744.964494
182 3.614880 -2.490682 7.253313 304.777815 37933.324848
182 -3.614880 2.490682 7.253313 304.777815 37933.324848
182 11.048975 -4.354440 4.331173 235.153807 13525.678205
182 -11.048975 4.354440 4.331173 235.153807 13525.678205
182 6.796535 -3.415192 11.787505 217.407905 100182.502644
182 -6.796535 3.415192 11.787505 217.407905 100182.502644
182 18.001431 -5.558080 8.981989 237.559410 58169.204169
182 -18.001431 5.558080 8.981989 237.559410 58169.204169
183 4.989512 -2.926175 2.123473 106.438104 3251.184069
183 -4.989512 2.926175 2.123473 106.438104 3251.184069
183 8.323142 -3.779331 16.501195 9.010090 196326.478359
183 -8.323142 3.779331 16.501195 9.010090 196326.478359
183 10.642062 -4.273505 3.929657 137.865708 11134.157158
183 -10.642062 4.273505 3.929657 137.865708 11134.157158
183 14.274418 -4.949377 4.344983 301.187270 13612.069734
183 -14.274418 4.949377 4.344983 301.187270 13612.069734
183 10.458299 -4.236447 9.869230 143.606283 70228.703781
183 -10.458299 4.236447 9.869230 143.606283 70228.703781
183 7.069214 -3.483027 9.640328 110.939884 67008.770667
183 -7.069214 3.483027 9.640328 110.939884 67008.770667
183 8.491919 -3.817458 3.239735 269.434806 7567.752945
183 -8.491919 3.817458 3.239735 269.434806 7567.752945
183 14.422546 -4.974991 7.013663 197.471660 35468.097669
183 -14.422546 4.974991 7.013663 197.471660 35468.097669
183 16.945473 -5.392599 5.105365 40.005718 18793.240376
183 -16.945473 5.392599 5.105365 40.005718 18793.240376
183 6.691935 -3.388809 10.533874 317.834762 80006.327948
183 -6.691935 3.388809 10.533874 317.834762 80006.327948
183 2.284723 -1.980104 13.866204 255.462913 138631.924703
183 -2.284723 1.980104 13.866204 255.462913 138631.924703
183 13.170569 -4.754157 7.316204 18.795180 38593.992966
183 -13.170569 4.754157 7.316204 18.795180 38593.992966
183 8.961778 -3.921646 2.680156 158.423847 5179.266939
183 -8.961778 3.921646 2.680156 158.423847 5179.266939
183 17.323370 -5.452397 5.318885 8.065880 20398.078635
183 -17.323370 5.452397 5.318885 8.065880 20398.078635
183 8.899798 -3.908061 3.346901 300.247168 8076.696024
183 -8.899798 3.908061 3.346901 300.247168 8076.696024
183 6.644953 -3.376893 8.791088 344.543093 55722.855071
183 -6.644953 3.376893 8.791088 344.543093 55722.855071
183 16.091608 -5.254979 10.039601 331.988837 72674.317543
183 -16.091608 5.254979 10.039601 331.988837 72674.317543
183 18.260855 -5.597986 5.141148 118.195493 19057.601518
183 -18.260855 5.597986 5.141148 118.195493 19057.601518
183 4.700052 -2.840028 6.200381 306.733385 27719.464385
183 -4.700052 2.840028 6.200381 306.733385 27719.464385
183 2.070094 -1.884805 6.536961 173.565182 30810.576075
183 -2.070094 1.884805 6.536961 173.565182 30810.576075
183 12.259285 -4.586737 3.486334 315.338917 8763.670400
183 -12.259285 4.586737 3.486334 315.338917 8763.670400
184 15.073881 -5.086088 2.870118 80.970272 5939.468760
184 -15.073881 5.086088 2.870118 80.970272 5939.468760
184 20.596912 -5.945281 11.228785 239.855361 90910.412693
184 -20.596912 5.945281 11.228785 239.855361 90910.412693
184 10.289337 -4.202086 14.123466 324.780629 143823.773505
184 -10.289337 4.202086 14.123466 324.780629 143823.773505
184 11.202182 -4.384525 9.707428 197.914789 67944.833273
184 -11.202182 4.384525 9.707428 197.914789 67944.833273
184 2.994596 -2.266942 4.729424 217.859465 16127.409498
184 -2.994596 2.266942 4.729424 217.859465 16127.409498
184 5.168766 -2.978275 12.075430 329.495178 105136.440128
184 -5.168766 2.978275 12.075430 329.495178 105136.440128
184 6.736050 -3.399961 6.699115 139.032533 32358.095757
184 -6.736050 3.399961 6.699115 139.032533 32358.095757
184 6.877134 -3.435382 8.660658 171.871406 54081.639433
184 -6.877134 3.435382 8.660658 171.871406 54081.639433
184 19.235310 -5.745408 23.598173 245.339984 401517.828264
184 -19.235310 5.745408 23.598173 245.339984 401517.828264
184 9.326341 -4.000617 4.689204 185.773672 15854.272779
184 -9.326341 4.000617 4.689204 185.773672 15854.272779
184 13.470261 -4.807943 6.207724 344.362350 27785.156472
184 -13.470261 4.807943 6.207724 344.362350 27785.156472
184 17.464316 -5.474533 4.869669 297.655780 17098.061922
184 -17.464316 5.474533 4.869669 297.655780 17098.061922
184 18.776977 -5.676546 7.580367 208.914319 41431.296218
184 -18.776977 5.676546 7.580367 208.914319 41431.296218
184 11.798715 -4.499753 8.102839 273.176362 47339.369122
184 -11.798715 4.499753 8.102839 273.176362 47339.369122
184 6.483650 -3.335655 6.603184 113.052752 31438.000989
184 -6.483650 3.335655 6.603184 113.052752 31438.000989
184 19.793293 -5.828145 7.897800 207.225943 44973.876145
184 -19.793293 5.828145 7.897800 207.225943 44973.876145
184 16.578270 -5.333851 5.644115 167.878000 22968.881396
184 -16.578270 5.333851 5.644115 167.878000 22968.881396
184 13.377780 -4.791410 17.452237 338.081712 219609.061417
184 -13.377780 4.791410 17.452237 338.081712 219609.061417
184 20.247793 -5.894679 5.145173 185.051395 19087.457986
184 -20.247793 5.894679 5.145173 185.051395 19087.457986
184 23.813224 -6.392642 6.515213 322.385251 30605.913186
184 -23.813224 6.392642 6.515213 322.385251 30605.913186
184 22.073863 -6.154751 7.086012 102.637307 36203.603431
184 -22.073863 6.154751 7.086012 102.637307 36203.603431
185 6.655832 -3.379656 5.983381 77.276937 25813.169437
185 -6.655832 3.379656 5.983381 77.276937 25813.169437
185 18.516644 -5.637057 4.458490 208.803691 14332.555529
185 -18.516644 5.637057 4.458490 208.803691 14332.555529
185 22.415079 -6.202138 12.833305 255.637546 118747.675101
185 -22.415079 6.202138 12.833305 255.637546 118747.675101
185 1.875837 -1.794192 8.137935 174.116194 47750.343699
185 -1.875837 1.794192 8.137935 174.116194 47750.343699
185 11.614634 -4.464513 7.670724 107.772091 42424.895590
185 -11.614634 4.464513 7.670724 107.772091 42424.895590
185 11.080951 -4.360736 8.092756 173.644668 47221.627653
185 -11.080951 4.360736 8.092756 173.644668 47221.627653
185 7.132146 -3.498496 5.613535 53.187395 22720.661025
185 -7.132146 3.498496 5.613535 53.187395 22720.661025
185 3.640625 -2.499535 11.810314 44.039774 100570.574195
185 -3.640625 2.499535 11.810314 44.039774 100570.574195
185 0.282646 -0.696455 11.015229 207.836767 87485.312316
185 -0.282646 0.696455 11.015229 207.836767 87485.312316
185 4.869267 -2.890701 4.024635 76.822294 11678.877208
185 -4.869267 2.890701 4.024635 76.822294 11678.877208
185 17.874868 -5.538507 9.714182 131.964411 68039.405895
185 -17.874868 5.538507 9.714182 131.964411 68039.405895
185 10.344553 -4.213346 11.209732 175.684781 90602.163076
185 -10.344553 4.213346 11.209732 175.684781 90602.163076
185 17.843865 -5.533702 7.446135 44.058043 39976.971442
185 -17.843865 5.533702 7.446135 44.058043 39976.971442
185 12.710132 -4.670317 5.767119 184.358665 23980.923527
185 -12.710132 4.670317 5.767119 184.358665 23980.923527
185 6.257960 -3.277085 28.456655 137.507023 583869.455206
185 -6.257960 3.277085 28.456655 137.507023 583869.455206
185 12.387440 -4.610649 7.929191 20.159612 45332.099036
185 -12.387440 4.610649 7.929191 20.159612 45332.099036
185 7.979044 -3.700383 9.744084 272.026051 68458.924208
185 -7.979044 3.700383 9.744084 272.026051 68458.924208
185 20.164626 -5.882560 7.528156 32.702481 40862.534686
185 -20.164626 5.882560 7.528156 32.702481 40862.534686
185 11.498922 -4.442218 13.040680 350.393936 122616.403006
185 -11.498922 4.442218 13.040680 350.393936 122616.403006
185 5.232132 -2.996475 6.124671 240.565228 27046.653309
185 -5.232132 2.996475 6.124671 240.565228 27046.653309
185 20.988667 -6.001554 11.719887 229.780994 99036.415908
185 -20.988667 6.001554 11.719887 229.780994 99036.415908
186 20.129740 -5.877469 6.528218 209.032146 30728.213105
186 -20.129740 5.877469 6.528218 209.032146 30728.213105
186 21.440459 -6.065803 8.899552 86.856106 57106.340220
186 -21.440459 6.065803 8.899552 86.856106 57106.340220
186 27.289715 -6.843382 8.768604 136.631127 55438.186155
186 -27.289715 6.843382 8.768604 136.631127 55438.186155
186 14.173259 -4.931808 5.181266 240.272230 19356.189520
186 -14.173259 4.931808 5.181266 240.272230 19356.189520
186 20.637749 -5.951171 8.111383 25.448252 47439.263793
186 -20.637749 5.951171 8.111383 25.448252 47439.263793
186 17.065579 -5.411676 6.234735 172.086950 28027.484216
186 -17.065579 5.411676 6.234735 172.086950 28027.484216
186 9.279802 -3.990623 3.256525 203.507467 7646.397892
186 -9.279802 3.990623 3.256525 203.507467 7646.397892
186 12.012671 -4.540368 12.319060 49.199124 109421.630572
186 -12.012671 4.540368 12.319060 49.199124 109421.630572
186 15.883225 -5.220843 8.995558 291.200369 58345.089314
186 -15.883225 5.220843 8.995558 291.200369 58345.089314
186 1.892516 -1.802151 5.066800 286.618218 18510.390696
186 -1.892516 1.802151 5.066800 286.618218 18510.390696
186 15.785358 -5.204734 10.085892 83.302305 73346.048308
186 -15.785358 5.204734 10.085892 83.302305 73346.048308
186 4.673550 -2.832010 11.649231 189.921433 97845.894854
186 -4.673550 2.832010 11.649231 189.921433 97845.894854
186 25.932596 -6.671051 9.422783 108.822599 64018.643295
186 -25.932596 6.671051 9.422783 108.822599 64018.643295
186 18.760896 -5.674114 8.128000 199.948197 47633.825800
186 -18.760896 5.674114 8.128000 199.948197 47633.825800
186 -0.675861 -1.076961 6.225526 301.600819 27944.744290
186 0.675861 1.076961 6.225526 301.600819 27944.744290
186 7.884923 -3.678494 5.061795 107.008087 18473.839565
186 -7.884923 3.678494 5.061795 107.008087 18473.839565
186 7.012779 -3.469097 5.558006 140.251377 22273.381663
186 -7.012779 3.469097 5.558006 140.251377 22273.381663
186 18.098982 -5.573120 7.004825 131.288891 35378.759078
186 -18.098982 5.573120 7.004825 131.288891 35378.759078
186 15.507617 -5.158742 10.354444 192.806743 77303.942017
186 -15.507617 5.158742 10.354444 192.806743 77303.942017
186 8.048611 -3.716480 5.576312 168.064792 22420.337313
186 -8.048611 3.716480 5.576312 168.064792 22420.337313
186 13.014709 -4.725943 6.898138 311.321628 34309.293503
186 -13.014709 4.725943 6.898138 311.321628 34309.293503
187 3.545891 -2.466800 7.520052 209.051312 40774.605953
187 -3.545891 2.466800 7.520052 209.051312 40774.605953
187 7.893353 -3.680460 7.563413 207.989343 41246.181999
187 -7.893353 3.680460 7.563413 207.989343 41246.181999
187 19.615042 -5.801842 5.101912 159.663283 18767.828877
187 -19.615042 5.801842 5.101912 159.663283 18767.828877
187 0.120697 -0.455113 6.481964 129.985437 30294.330288
187 -0.120697 0.455113 6.481964 129.985437 30294.330288
187 4.718749 -2.845671 1.873739 218.913267 2531.432974
187 -4.718749 2.845671 1.873739 218.913267 2531.432974
187 12.996900 -4.722709 12.865186 132.428551 119338.403210
187 -12.996900 4.722709 12.865186 132.428551 119338.403210
187 13.800022 -4.866438 5.924381 350.674124 25306.610782
187 -13.800022 4.866438 5.924381 350.674124 25306.610782
187 19.907221 -5.844894 6.134508 307.420132 27133.610868
187 -19.907221 5.844894 6.134508 307.420132 27133.610868
187 7.955008 -3.694806 7.487273 125.747156 40419.916979
187 -7.955008 3.694806 7.487273 125.747156 40419.916979
187 3.161553 -2.329279 12.126849 213.105628 106033.719596
187 -3.161553 2.329279 12.126849 213.105628 106033.719596
187 5.556201 -3.087879 3.778599 121.393461 10294.602926
187 -5.556201 3.087879 3.778599 121.393461 10294.602926
187 17.942985 -5.549050 4.232722 272.028059 12917.768989
187 -17.942985 5.549050 4.232722 272.028059 12917.768989
187 18.422143 -5.622654 12.369988 60.586188 110328.226686
187 -18.422143 5.622654 12.369988 60.586188 110328.226686
187 6.468143 -3.331663 6.127278 252.290583 27069.691577
187 -6.468143 3.331663 6.127278 252.290583 27069.691577
187 14.619707 -5.008880 14.259989 219.722479 146617.723883
187 -14.619707 5.008880 14.259989 219.722479 146617.723883
187 17.033920 -5.406654 7.933295 299.955714 45379.037435
187 -17.033920 5.406654 7.933295 299.955714 45379.037435
187 7.076997 -3.484944 7.308505 136.283853 38512.803306
187 -7.076997 3.484944 7.308505 136.283853 38512.803306
187 12.592101 -4.648581 8.845137 290.092085 56410.145610
187 -12.592101 4.648581 8.845137 290.092085 56410.145610
187 18.164186 -5.583150 8.602855 298.998764 53362.142515
187 -18.164186 5.583150 8.602855 298.998764 53362.142515
187 18.970675 -5.705749 7.684353 171.341705 42575.787386
187 -18.970675 5.705749 7.684353 171.341705 42575.787386
188 16.740759 -5.359927 2.181435 63.264461 3431.094768
188 -16.740759 5.359927 2.181435 63.264461 3431.094768
188 8.253441 -3.763473 6.085213 155.252914 26699.282117
188 -8.253441 3.763473 6.085213 155.252914 26699.282117
188 12.905315 -4.706040 5.034345 345.850752 18274.018589
188 -12.905315 4.706040 5.034345 345.850752 18274.018589
188 17.678830 -5.508052 9.705753 349.367642 67921.385631
188 -17.678830 5.508052 9.705753 349.367642 67921.385631
188 7.655842 -3.624664 5.505650 336.862575 21855.723947
188 -7.655842 3.624664 5.505650 336.862575 21855.723947
188 17.740449 -5.517643 6.472874 310.998207 30209.418325
188 -17.740449 5.517643 6.472874 310.998207 30209.418325
188 19.686718 -5.812433 3.764159 288.791834 10216.070501
188 -19.686718 5.812433 3.764159 288.791834 10216.070501
188 6.249954 -3.274988 5.913812 213.728345 25216.403608
188 -6.249954 3.274988 5.913812 213.728345 25216.403608
188 3.611144 -2.489394 6.371567 351.727676 29271.200190
188 -3.611144 2.489394 6.371567 351.727676 29271.200190
188 6.555756 -3.354152 9.191636 228.950661 60916.333301
188 -6.555756 3.354152 9.191636 228.950661 60916.333301
188 12.394629 -4.611987 4.768914 203.651302 16397.855289
188 -12.394629 4.611987 4.768914 203.651302 16397.855289
188 12.520819 -4.635405 7.403557 356.374665 39521.092562
188 -12.520819 4.635405 7.403557 356.374665 39521.092562
188 12.992762 -4.721957 12.471796 80.519011 112151.752719
188 -12.992762 4.721957 12.471796 80.519011 112151.752719
188 10.319349 -4.208210 7.565654 303.497339 41270.618582
188 -10.319349 4.208210 7.565654 303.497339 41270.618582
188 5.783792 -3.150486 4.869889 223.683636 17099.607339
188 -5.783792 3.150486 4.869889 223.683636 17099.607339
188 14.517783 -4.991389 11.193195 328.410005 90335.026506
188 -14.517783 4.991389 11.193195 328.410005 90335.026506
188 14.763929 -5.033525 4.649460 281.181119 15586.662410
188 -14.763929 5.033525 4.649460 281.181119 15586.662410
188 17.117028 -5.419828 5.996163 103.448412 25923.573289
188 -17.117028 5.419828 5.996163 103.448412 25923.573289
188 16.576137 -5.333508 23.102292 269.667271 384820.521211
188 -16.576137 5.333508 23.102292 269.667271 384820.521211
188 11.985746 -4.535277 5.312577 256.565981 20349.728081
188 -11.985746 4.535277 5.312577 256.565981 20349.728081
189 16.784662 -5.366951 7.665644 124.013710 42368.721872
189 -16.784662 5.366951 7.665644 124.013710 42368.721872
189 12.340476 -4.601901 11.672210 165.732467 98232.294802
189 -12.340476 4.601901 11.672210 165.732467 98232.294802
189 10.554460 -4.255879 11.223581 133.496136 90826.166816
189 -10.554460 4.255879 11.223581 133.496136 90826.166816
189 3.821307 -2.560809 19.565892 249.296954 276024.332752
189 -3.821307 2.560809 19.565892 249.296954 276024.332752
189 -1.407522 -1.554171 10.796471 287.575087 84044.972325
189 1.407522 1.554171 10.796471 287.575087 84044.972325
189 14.914928 -5.059200 9.516143 138.690194 65293.512115
189 -14.914928 5.059200 9.516143 138.690194 65293.512115
189 10.293416 -4.202919 6.323060 311.449251 28827.217376
189 -10.293416 4.202919 6.323060 311.449251 28827.217376
189 20.932124 -5.993465 5.570674 93.298678 22375.026582
189 -20.932124 5.993465 5.570674 93.298678 22375.026582
189 8.585287 -3.838386 4.077792 266.883691 11989.421563
189 -8.585287 3.838386 4.077792 266.883691 11989.421563
189 21.035334 -6.008222 4.464373 82.972736 14370.404495
189 -21.035334 6.008222 4.464373 82.972736 14370.404495
189 13.006657 -4.724481 12.668094 40.461296 115709.924402
189 -13.006657 4.724481 12.668094 40.461296 115709.924402
189 10.962661 -4.337398 5.051238 270.341646 18396.861331
189 -10.962661 4.337398 5.051238 270.341646 18396.861331
189 3.810065 -2.557040 4.269277 229.645394 13141.856224
189 -3.810065 2.557040 4.269277 229.645394 13141.856224
189 9.432788 -4.023383 3.552594 340.140183 9099.953401
189 -9.432788 4.023383 3.552594 340.140183 9099.953401
189 -0.781104 -1.157779 2.295660 87.168341 3799.822213
189 0.781104 1.157779 2.295660 87.168341 3799.822213
189 8.497880 -3.818797 8.070841 100.956821 46966.220936
189 -8.497880 3.818797 8.070841 100.956821 46966.220936
189 20.936911 -5.994150 4.025657 186.656865 11684.810256
189 -20.936911 5.994150 4.025657 186.656865 11684.810256
189 17.524881 -5.484018 4.921103 21.269307 17461.157362
189 -17.524881 5.484018 4.921103 21.269307 17461.157362
189 13.447385 -4.803859 3.860090 71.893380 10743.427539
189 -13.447385 4.803859 3.860090 71.893380 10743.427539
189 -2.735066 -2.166483 3.428302 63.192383 8474.346754
189 2.735066 2.166483 3.428302 63.192383 8474.346754
190 21.830364 -6.120710 3.479615 87.268750 8729.925968
190 -21.830364 6.120710 3.479615 87.268750 8729.925968
190 14.719575 -5.025959 4.842751 328.101336 16909.564065
190 -14.719575 5.025959 4.842751 328.101336 16909.564065
190 13.789569 -4.864594 3.752452 253.867943 10152.627269
190 -13.789569 4.864594 3.752452 253.867943 10152.627269
190 20.264664 -5.897134 12.231817 276.015214 107877.280591
190 -20.264664 5.897134 12.231817 276.015214 107877.280591
190 12.361042 -4.605734 6.422888 250.848448 29744.640412
190 -12.361042 4.605734 6.422888 250.848448 29744.640412
190 12.074100 -4.551963 7.541425 108.138581 41006.704723
190 -12.074100 4.551963 7.541425 108.138581 41006.704723
190 9.512618 -4.040372 5.782833 93.766459 24111.783952
190 -9.512618 4.040372 5.782833 93.766459 24111.783952
190 16.904727 -5.386112 15.901895 324.969444 182324.841189
190 -16.904727 5.386112 15.901895 324.969444 182324.841189
190 8.182120 -3.747177 6.592523 280.179983 31336.568876
190 -8.182120 3.747177 6.592523 280.179983 31336.568876
190 13.594233 -4.830017 5.277523 118.329868 20082.066336
190 -13.594233 4.830017 5.277523 118.329868 20082.066336
190 15.508200 -5.158839 14.926686 290.132728 160647.841981
190 -15.508200 5.158839 14.926686 290.132728 160647.841981
190 12.927900 -4.710156 5.832777 95.750853 24530.068835
190 -12.927900 4.710156 5.832777 95.750853 24530.068835
190 5.797066 -3.154100 7.370097 134.076696 39164.674834
190 -5.797066 3.154100 7.370097 134.076696 39164.674834
190 19.104084 -5.725777 7.293297 272.239543 38352.696587
190 -19.104084 5.725777 7.293297 272.239543 38352.696587
190 7.965282 -3.697191 9.807249 297.788728 69349.361297
190 -7.965282 3.697191 9.807249 297.788728 69349.361297
190 26.791976 -6.780687 8.110986 137.355560 47434.609044
190 -26.791976 6.780687 8.110986 137.355560 47434.609044
190 16.756951 -5.362518 8.619676 55.314174 53571.019374
190 -16.756951 5.362518 8.619676 55.314174 53571.019374
190 12.343823 -4.602525 11.719812 194.254021 99035.148919
190 -12.343823 4.602525 11.719812 194.254021 99035.148919
190 5.990989 -3.206421 8.189143 144.501034 48353.176679
190 -5.990989 3.206421 8.189143 144.501034 48353.176679
190 12.657229 -4.660587 3.552063 1.780200 9097.233140
190 -12.657229 4.660587 3.552063 1.780200 9097.233140
191 14.004410 -4.902343 6.195488 286.946207 27675.728465
191 -14.004410 4.902343 6.195488 286.946207 27675.728465
191 11.810432 -4.501987 3.772808 130.399232 10263.072150
191 -11.810432 4.501987 3.772808 130.399232 10263.072150
191 9.291752 -3.993191 9.018716 296.078031 58645.877044
191 -9.291752 3.993191 9.018716 296.078031 58645.877044
191 19.963097 -5.853091 5.019321 191.506476 18165.111038
191 -19.963097 5.853091 5.019321 191.506476 18165.111038
191 8.191386 -3.749298 3.381706 332.016279 8245.553343
191 -8.191386 3.749298 3.381706 332.016279 8245.553343
191 14.612128 -5.007582 1.725609 284.222167 2147.003211
191 -14.612128 5.007582 1.725609 284.222167 2147.003211
191 17.260026 -5.442419 4.276405 114.306950 13185.779412
191 -17.260026 5.442419 4.276405 114.306950 13185.779412
191 6.618741 -3.370226 9.285692 40.795442 62169.395622
191 -6.618741 3.370226 9.285692 40.795442 62169.395622
191 5.110116 -2.961329 5.695199 237.007612 23386.533184
191 -5.110116 2.961329 5.695199 237.007612 23386.533184
191 16.337324 -5.294949 29.124697 199.037762 611604.837217
191 -16.337324 5.294949 29.124697 199.037762 611604.837217
191 6.776124 -3.410060 12.196191 157.637101 107249.798741
191 -6.776124 3.410060 12.196191 157.637101 107249.798741
191 15.535305 -5.163346 8.392287 287.886610 50781.873234
191 -15.535305 5.163346 8.392287 287.886610 50781.873234
191 16.047310 -5.247741 4.628808 306.752115 15448.500599
191 -16.047310 5.247741 4.628808 306.752115 15448.500599
191 13.951953 -4.893153 2.940421 274.529558 6234.002877
191 -13.951953 4.893153 2.940421 274.529558 6234.002877
191 6.982677 -3.461643 6.465260 257.929411 30138.393698
191 -6.982677 3.461643 6.465260 257.929411 30138.393698
191 11.630873 -4.467633 6.040247 352.565017 26306.160583
191 -11.630873 4.467633 6.040247 352.565017 26306.160583
191 21.547412 -6.080914 8.074850 91.871146 47012.897037
191 -21.547412 6.080914 8.074850 91.871146 47012.897037
191 13.877553 -4.880089 2.489522 253.624853 4468.688680
191 -13.877553 4.880089 2.489522 253.624853 4468.688680
191 7.012768 -3.469094 8.484431 2.217206 51903.121300
191 -7.012768 3.469094 8.484431 2.217206 51903.121300
192 9.831362 -4.107505 7.214982 285.691738 37533.461081
192 -9.831362 4.107505 7.214982 285.691738 37533.461081
192 9.541730 -4.046550 19.582968 175.270444 276506.352427
192 -9.541730 4.046550 19.582968 175.270444 276506.352427
192 15.964010 -5.234103 39.705989 67.347222 1136737.278994
192 -15.964010 5.234103 39.705989 67.347222 1136737.278994
192 9.495460 -4.036726 12.116774 154.907569 105857.605192
192 -9.495460 4.036726 12.116774 154.907569 105857.605192
192 5.486186 -3.068362 4.789558 210.271761 16540.132836
192 -5.486186 3.068362 4.789558 210.271761 16540.132836
192 -0.467037 -0.895255 5.780238 103.368847 24090.149495
192 0.467037 0.895255 5.780238 103.368847 24090.149495
192 4.835319 -2.880606 5.850692 118.589479 24680.986540
192 -4.835319 2.880606 5.850692 118.589479 24680.986540
192 7.167494 -3.507155 8.017018 212.624177 46341.895966
192 -7.167494 3.507155 8.017018 212.624177 46341.895966
192 15.988242 -5.238074 14.041289 26.320795 142154.962461
192 -15.988242 5.238074 14.041289 26.320795 142154.962461
192 12.806774 -4.688038 16.424682 46.009872 194510.041168
192 -12.806774 4.688038 16.424682 46.009872 194510.041168
192 7.123454 -3.496364 10.538354 53.910512 80074.394612
192 -7.123454 3.496364 10.538354 53.910512 80074.394612
192 11.591759 -4.460114 14.379494 197.055266 149085.461747
192 -11.591759 4.460114 14.379494 197.055266 149085.461747
192 13.771062 -4.861329 22.948748 37.491194 379722.279634
192 -13.771062 4.861329 22.948748 37.491194 379722.279634
192 17.057996 -5.410474 5.113159 278.604025 18850.666463
192 -17.057996 5.410474 5.113159 278.604025 18850.666463
192 5.198013 -2.986689 5.781518 217.517106 24100.822842
192 -5.198013 2.986689 5.781518 217.517106 24100.822842
192 3.030020 -2.280311 8.566983 266.776360 52918.061060
192 -3.030020 2.280311 8.566983 266.776360 52918.061060
192 13.593371 -4.829864 10.394772 347.428265 77907.280569
192 -13.593371 4.829864 10.394772 347.428265 77907.280569
192 9.038632 -3.938426 4.249817 351.382551 13022.327913
192 -9.038632 3.938426 4.249817 351.382551 13022.327913
192 10.447593 -4.234279 6.484314 22.205286 30316.292152
192 -10.447593 4.234279 6.484314 22.205286 30316.292152
193 3.905301 -2.588800 2.210015 111.056192 3521.586771
193 -3.905301 2.588800 2.210015 111.056192 3521.586771
193 9.528629 -4.043770 31.867695 94.316836 732233.154607
193 -9.528629 4.043770 31.867695 94.316836 732233.154607
193 18.115902 -5.575724 2.201596 249.214949 3494.808190
193 -18.115902 5.575724 2.201596 249.214949 3494.808190
193 10.784694 -4.302048 7.953060 79.413481 45605.430274
193 -10.784694 4.302048 7.953060 79.413481 45605.430274
193 15.110003 -5.092178 5.023752 243.148750 18197.195894
193 -15.110003 5.092178 5.023752 243.148750 18197.195894
193 8.824086 -3.891403 4.360531 191.431787 13709.662225
193 -8.824086 3.891403 4.360531 191.431787 13709.662225
193 11.668070 -4.474771 4.120548 246.632675 12242.158970
193 -11.668070 4.474771 4.120548 246.632675 12242.158970
193 5.450261 -3.058299 4.317336 102.186025 13439.395089
193 -5.450261 3.058299 4.317336 102.186025 13439.395089
193 21.032425 -6.007807 5.202131 309.796151 19512.394619
193 -21.032425 6.007807 5.202131 309.796151 19512.394619
193 9.630200 -4.065266 9.288871 158.827479 62211.968534
193 -9.630200 4.065266 9.288871 158.827479 62211.968534
193 9.008417 -3.931837 7.146676 63.860033 36826.148955
193 -9.008417 3.931837 7.146676 63.860033 36826.148955
193 6.714942 -3.394630 15.923344 224.219595 182817.017157
193 -6.714942 3.394630 15.923344 224.219595 182817.017157
193 -0.335931 -0.759270 3.461988 65.140681 8641.701881
193 0.335931 0.759270 3.461988 65.140681 8641.701881
193 16.339571 -5.295313 6.833922 336.172933 33673.484836
193 -16.339571 5.295313 6.833922 336.172933 33673.484836
193 5.345865 -3.028867 4.907284 126.117387 17363.228478
193 -5.345865 3.028867 4.907284 126.117387 17363.228478
193 -2.944725 -2.247986 15.241664 43.421716 167499.240110
193 2.944725 2.247986 15.241664 43.421716 167499.240110
193 21.991045 -6.143194 6.463685 344.108542 30123.706226
193 -21.991045 6.143194 6.463685 344.108542 30123.706226
193 16.520685 -5.324580 10.512939 188.634557 79688.632944
193 -16.520685 5.324580 10.512939 188.634557 79688.632944
193 21.348560 -6.052790 4.563033 157.188827 15012.577482
193 -21.348560 6.052790 4.563033 157.188827 15012.577482
194 17.164942 -5.427408 8.337199 264.046327 50117.387821
194 -17.164942 5.427408 8.337199 264.046327 50117.387821
194 12.966917 -4.717258 4.803013 136.192070 16633.189351
194 -12.966917 4.717258 4.803013 136.192070 16633.189351
194 18.292298 -5.602804 6.793763 102.904215 33278.895854
194 -18.292298 5.602804 6.793763 102.904215 33278.895854
194 10.436431 -4.232016 10.957684 284.686821 86573.624592
194 -10.436431 4.232016 10.957684 284.686821 86573.624592
194 19.401201 -5.770130 5.926691 210.951795 25326.349292
194 -19.401201 5.770130 5.926691 210.951795 25326.349292
194 17.919784 -5.545461 14.659396 244.024330 154945.939339
194 -17.919784 5.545461 14.659396 244.024330 154945.939339
194 -2.710656 -2.156793 5.792470 259.140767 24192.219615
194 2.710656 2.156793 5.792470 259.140767 24192.219615
194 22.192637 -6.171287 6.991735 151.238381 35246.657964
194 -22.192637 6.171287 6.991735 151.238381 35246.657964
194 9.116041 -3.955254 4.053109 334.680657 11844.718573
194 -9.116041 3.955254 4.053109 334.680657 11844.718573
194 15.327227 -5.128650 4.511571 205.567276 14675.863501
194 -15.327227 5.128650 4.511571 205.567276 14675.863501
194 8.884787 -3.904764 9.081294 52.404761 59462.550193
194 -8.884787 3.904764 9.081294 52.404761 59462.550193
194 7.591476 -3.609395 7.896238 46.844252 44956.093258
194 -7.591476 3.609395 7.896238 46.844252 44956.093258
194 12.804798 -4.687677 10.389821 34.153566 77833.072987
194 -12.804798 4.687677 10.389821 34.153566 77833.072987
194 14.382388 -4.968060 13.056495 269.708478 122913.984548
194 -14.382388 4.968060 13.056495 269.708478 122913.984548
194 7.142043 -3.500923 7.253560 136.135389 37935.903996
194 -7.142043 3.500923 7.253560 136.135389 37935.903996
194 10.356631 -4.215805 9.427069 111.966973 64076.892623
194 -10.356631 4.215805 9.427069 111.966973 64076.892623
194 16.732537 -5.358611 4.528655 151.235676 14787.217953
194 -16.732537 5.358611 4.528655 151.235676 14787.217953
194 13.898485 -4.883768 3.858940 36.804199 10737.030234
194 -13.898485 4.883768 3.858940 36.804199 10737.030234
195 6.001779 -3.209307 7.255130 115.670205 37952.327897
195 -6.001779 3.209307 7.255130 115.670205 37952.327897
195 9.744331 -4.089284 6.672116 352.049076 32097.794757
195 -9.744331 4.089284 6.672116 352.049076 32097.794757
195 15.727096 -5.195120 9.382623 298.646770 63474.104613
195 -15.727096 5.195120 9.382623 298.646770 63474.104613
195 6.481857 -3.335193 4.777734 255.552668 16458.569660
195 -6.481857 3.335193 4.777734 255.552668 16458.569660
195 10.086471 -4.160456 12.162603 156.148243 106659.890722
195 -10.086471 4.160456 12.162603 156.148243 106659.890722
195 14.118931 -4.922347 4.897480 123.294468 17293.917761
195 -14.118931 4.922347 4.897480 123.294468 17293.917761
195 10.282101 -4.200609 3.062634 23.455446 6762.981948
195 -10.282101 4.200609 3.062634 23.455446 6762.981948
195 21.165968 -6.026850 7.708180 194.677909 42840.223239
195 -21.165968 6.026850 7.708180 194.677909 42840.223239
195 7.783952 -3.654865 6.391352 203.264714 29453.272409
195 -7.783952 3.654865 6.391352 203.264714 29453.272409
195 16.302011 -5.289223 7.553599 201.283833 41139.203957
195 -16.302011 5.289223 7.553599 201.283833 41139.203957
195 13.006774 -4.724503 5.963924 263.727654 25645.561126
195 -13.006774 4.724503 5.963924 263.727654 25645.561126
195 14.094324 -4.918055 7.194658 88.400756 37322.295172
195 -14.094324 4.918055 7.194658 88.400756 37322.295172
195 -2.421174 -2.038376 19.937708 237.595948 286614.759497
195 2.421174 2.038376 19.937708 237.595948 286614.759497
195 13.676070 -4.844533 2.461836 268.322352 4369.848963
195 -13.676070 4.844533 2.461836 268.322352 4369.848963
195 -1.195128 -1.432117 7.450890 227.456673 40028.044922
195 1.195128 1.432117 7.450890 227.456673 40028.044922
195 8.119080 -3.732714 6.753179 338.220009 32882.484989
195 -8.119080 3.732714 6.753179 338.220009 32882.484989
195 3.255731 -2.363717 4.286972 289.759653 13251.020125
195 -3.255731 2.363717 4.286972 289.759653 13251.020125
195 6.894333 -3.439675 6.832133 30.937755 33655.859046
195 -6.894333 3.439675 6.832133 30.937755 33655.859046
196 12.913364 -4.707507 7.830625 233.646205 44212.082578
196 -12.913364 4.707507 7.830625 233.646205 44212.082578
196 10.769857 -4.299087 3.061420 354.468028 6757.622299
196 -10.769857 4.299087 3.061420 354.468028 6757.622299
196 5.934806 -3.191351 3.564792 344.222284 9162.552058
196 -5.934806 3.191351 3.564792 344.222284 9162.552058
196 16.021107 -5.243455 4.764482 164.010021 16367.388626
196 -16.021107 5.243455 4.764482 164.010021 16367.388626
196 6.686613 -3.387462 5.285357 196.449167 20141.727330
196 -6.686613 3.387462 5.285357 196.449167 20141.727330
196 20.186413 -5.885737 5.189906 216.133908 19420.798376
196 -20.186413 5.885737 5.189906 216.133908 19420.798376
196 12.032290 -4.544074 5.096728 171.578506 18729.710688
196 -12.032290 4.544074 5.096728 171.578506 18729.710688
196 5.825911 -3.161937 5.072203 115.972113 18549.892409
196 -5.825911 3.161937 5.072203 115.972113 18549.892409
196 7.546389 -3.598661 9.518580 253.562867 65326.956089
196 -7.546389 3.598661 9.518580 253.562867 65326.956089
196 12.889101 -4.703083 13.620046 298.649574 133753.513253
196 -12.889101 4.703083 13.620046 298.649574 133753.513253
196 14.191341 -4.934953 3.529872 23.495149 8983.919958
196 -14.191341 4.934953 3.529872 23.495149 8983.919958
196 14.200468 -4.936540 3.747246 226.110437 10124.473662
196 -14.200468 4.936540 3.747246 226.110437 10124.473662
196 13.346690 -4.785839 6.079437 138.226887 26648.621672
196 -13.346690 4.785839 6.079437 138.226887 26648.621672
196 8.057290 -3.718483 4.447641 9.211899 14262.890182
196 -8.057290 3.718483 4.447641 9.211899 14262.890182
196 13.745334 -4.856786 3.460346 160.940767 8633.505488
196 -13.745334 4.856786 3.460346 160.940767 8633.505488
196 7.532037 -3.595237 9.090103 163.034195 59577.965745
196 -7.532037 3.595237 9.090103 163.034195 59577.965745
196 10.187060 -4.181150 5.763519 31.382774 23950.995022
196 -10.187060 4.181150 5.763519 31.382774 23950.995022
196 11.318839 -4.407296 7.603325 154.207618 41682.632513
196 -11.318839 4.407296 7.603325 154.207618 41682.632513
197 6.012654 -3.212213 6.247685 230.716275 28144.031279
197 -6.012654 3.212213 6.247685 230.716275 28144.031279
197 11.030594 -4.350816 4.515219 23.283674 14699.604775
197 -11.030594 4.350816 4.515219 23.283674 14699.604775
197 21.333263 -6.050621 6.906690 88.815906 34394.418502
197 -21.333263 6.050621 6.906690 88.815906 34394.418502
197 -0.256955 -0.664048 3.504341 255.336549 8854.434667
197 0.256955 0.664048 3.504341 255.336549 8854.434667
197 1.238863 -1.458085 10.736571 300.135576 83114.981210
197 -1.238863 1.458085 10.736571 300.135576 83114.981210
197 17.435785 -5.470059 7.373851 307.440354 39204.580647
197 -17.435785 5.470059 7.373851 307.440354 39204.580647
197 9.760327 -4.092639 3.101840 208.171044 6937.242289
197 -9.760327 4.092639 3.101840 208.171044 6937.242289
197 8.806034 -3.887420 6.442233 63.964132 29924.091617
197 -8.806034 3.887420 6.442233 63.964132 29924.091617
197 9.672816 -4.074251 2.341553 115.871804 3953.266103
197 -9.672816 4.074251 2.341553 115.871804 3953.266103
197 5.232167 -2.996485 6.639022 15.942506 31780.178505
197 -5.232167 2.996485 6.639022 15.942506 31780.178505
197 13.915658 -4.886784 3.970070 175.799338 11364.347237
197 -13.915658 4.886784 3.970070 175.799338 11364.347237
197 -1.955124 -1.831717 10.286080 303.015151 76286.534658
197 1.955124 1.831717 10.286080 303.015151 76286.534658
197 14.351834 -4.962780 12.428643 63.205284 111376.988329
197 -14.351834 4.962780 12.428643 63.205284 111376.988329
197 6.371671 -3.306724 9.461240 282.275882 64542.267227
197 -6.371671 3.306724 9.461240 282.275882 64542.267227
197 10.532681 -4.251486 5.983609 287.876166 25815.136847
197 -10.532681 4.251486 5.983609 287.876166 25815.136847
197 13.310634 -4.779370 6.891327 113.818016 34241.583992
197 -13.310634 4.779370 6.891327 113.818016 34241.583992
197 12.860794 -4.697915 5.694527 263.758363 23381.012392
197 -12.860794 4.697915 5.694527 263.758363 23381.012392
198 11.992757 -4.536603 8.361138 269.144930 50405.603067
198 -11.992757 4.536603 8.361138 269.144930 50405.603067
198 15.635662 -5.179996 4.781572 114.525775 16485.021242
198 -15.635662 5.179996 4.781572 114.525775 16485.021242
198 13.933274 -4.889876 4.190182 242.723351 12659.422536
198 -13.933274 4.889876 4.190182 242.723351 12659.422536
198 6.078203 -3.229676 8.519204 350.698734 52329.447937
198 -6.078203 3.229676 8.519204 350.698734 52329.447937
198 5.214454 -2.991409 15.282702 346.663029 168402.431467
198 -5.214454 2.991409 15.282702 346.663029 168402.431467
198 7.767532 -3.651008 11.559064 254.533666 96337.069097
198 -7.767532 3.651008 11.559064 254.533666 96337.069097
198 9.587784 -4.056303 6.705496 99.319788 32419.763537
198 -9.587784 4.056303 6.705496 99.319788 32419.763537
198 16.848027 -5.377072 7.799561 159.206471 43861.997509
198 -16.848027 5.377072 7.799561 159.206471 43861.997509
198 17.266775 -5.443483 10.353333 97.119730 77287.348721
198 -17.266775 5.443483 10.353333 97.119730 77287.348721
198 3.189626 -2.339598 5.828183 121.510046 24491.446470
198 -3.189626 2.339598 5.828183 121.510046 24491.446470
198 18.878109 -5.691812 8.401808 197.581962 50897.163150
198 -18.878109 5.691812 8.401808 197.581962 50897.163150
198 11.569007 -4.455735 3.996415 250.023595 11515.670859
198 -11.569007 4.455735 3.996415 250.023595 11515.670859
198 10.245038 -4.193031 2.134953 98.976596 3286.433275
198 -10.245038 4.193031 2.134953 98.976596 3286.433275
198 17.472166 -5.475763 9.821971 170.043347 69557.720210
198 -17.472166 5.475763 9.821971 170.043347 69557.720210
198 10.840727 -4.313209 14.600325 21.030846 153699.729587
198 -10.840727 4.313209 14.600325 21.030846 153699.729587
198 13.153026 -4.750990 6.727692 172.886761 32634.750048
198 -13.153026 4.750990 6.727692 172.886761 32634.750048
198 3.787711 -2.549528 22.348764 252.007323 360126.503627
198 -3.787711 2.549528 22.348764 252.007323 360126.503627
199 4.753458 -2.856118 6.118198 41.987813 26989.513809
199 -4.753458 2.856118 6.118198 41.987813 26989.513809
199 14.108125 -4.920463 8.146533 300.431236 47851.297299
199 -14.108125 4.920463 8.146533 300.431236 47851.297299
199 16.231982 -5.277850 14.650565 89.495800 154759.319668
199 -16.231982 5.277850 14.650565 89.495800 154759.319668
199 12.265972 -4.587988 6.704195 215.452197 32407.185294
199 -12.265972 4.587988 6.704195 215.452197 32407.185294
199 8.109349 -3.730476 6.918400 65.502356 34511.145534
199 -8.109349 3.730476 6.918400 65.502356 34511.145534
199 8.291775 -3.772203 10.989548 297.228169 87077.852126
199 -8.291775 3.772203 10.989548 297.228169 87077.852126
199 7.602146 -3.611931 6.366905 77.499247 29228.384149
199 -7.602146 3.611931 6.366905 77.499247 29228.384149
199 12.933481 -4.711173 2.504914 149.040230 4524.115345
199 -12.933481 4.711173 2.504914 149.040230 4524.115345
199 21.123191 -6.020756 3.751546 70.297232 10147.725038
199 -21.123191 6.020756 3.751546 70.297232 10147.725038
199 3.633932 -2.497236 12.826838 181.566386 118628.024271
199 -3.633932 2.497236 12.826838 181.566386 118628.024271
199 18.183358 -5.586095 5.986759 173.591989 25842.325327
199 -18.183358 5.586095 5.986759 173.591989 25842.325327
199 19.513644 -5.786827 4.676445 282.108756 15768.112968
199 -19.513644 5.786827 4.676445 282.108756 15768.112968
199 13.024885 -4.727791 6.882309 95.257038 34152.016820
199 -13.024885 4.727791 6.882309 95.257038 34152.016820
199 9.008509 -3.931857 10.027544 80.339147 72499.864646
199 -9.008509 3.931857 10.027544 80.339147 72499.864646
199 7.912041 -3.684814 11.834763 311.328640 100987.409421
199 -7.912041 3.684814 11.834763 311.328640 100987.409421
199 15.012530 -5.075727 5.767642 114.532511 23985.273659
199 -15.012530 5.075727 5.767642 114.532511 23985.273659
200 2.133959 -1.913658 10.406213 143.671329 78078.871639
200 -2.133959 1.913658 10.406213 143.671329 78078.871639
200 15.643536 -5.181300 2.493915 217.396884 4484.473508
200 -15.643536 5.181300 2.493915 217.396884 4484.473508
200 13.119899 -4.745004 4.645499 126.146560 15560.114481
200 -13.119899 4.745004 4.645499 126.146560 15560.114481
200 15.183440 -5.104537 10.092335 340.151269 73439.789744
200 -15.183440 5.104537 10.092335 340.151269 73439.789744
200 12.551351 -4.641053 6.235357 317.216358 28033.073398
200 -12.551351 4.641053 6.235357 317.216358 28033.073398
200 11.377815 -4.418763 2.631448 301.993381 4992.723666
200 -11.377815 4.418763 2.631448 301.993381 4992.723666
200 4.109953 -2.655765 15.029340 223.221499 162865.044892
200 -4.109953 2.655765 15.029340 223.221499 162865.044892
200 13.824549 -4.870761 12.752620 355.700759 117259.198408
200 -13.824549 4.870761 12.752620 355.700759 117259.198408
200 0.469321 -0.897442 4.148320 151.510985 12407.737557
200 -0.469321 0.897442 4.148320 151.510985 12407.737557
200 16.765016 -5.363809 6.495170 67.219009 30417.896584
200 -16.765016 5.363809 6.495170 67.219009 30417.896584
200 14.519068 -4.991610 8.462382 248.606081 51633.703944
200 -14.519068 4.991610 8.462382 248.606081 51633.703944
200 5.878234 -3.176104 5.109031 108.005714 18820.238834
200 -5.878234 3.176104 5.109031 108.005714 18820.238834
200 10.507410 -4.246383 6.227682 343.700201 27964.109195
200 -10.507410 4.246383 6.227682 343.700201 27964.109195
200 10.858889 -4.316821 10.141815 97.226707 74161.662627
200 -10.858889 4.316821 10.141815 97.226707 74161.662627
200 12.598914 -4.649838 4.869740 37.903368 17098.565379
200 -12.598914 4.649838 4.869740 37.903368 17098.565379
200 2.754238 -2.174063 5.447575 244.859459 21397.081603
200 -2.754238 2.174063 5.447575 244.859459 21397.081603
201 9.060950 -3.943285 8.768402 126.481092 55435.628035
201 -9.060950 3.943285 8.768402 126.481092 55435.628035
201 25.830607 -6.657920 4.336120 289.179887 13556.597931
201 -25.830607 6.657920 4.336120 289.179887 13556.597931
201 9.179479 -3.968993 4.422091 313.167473 14099.491389
201 -9.179479 3.968993 4.422091 313.167473 14099.491389
201 10.860304 -4.317102 26.886264 15.798082 521205.502891
201 -10.860304 4.317102 26.886264 15.798082 521205.502891
201 12.581753 -4.646671 9.948059 101.251300 71355.062591
201 -12.581753 4.646671 9.948059 101.251300 71355.062591
201 7.659273 -3.625476 4.907421 75.214577 17364.199639
201 -7.659273 3.625476 4.907421 75.214577 17364.199639
201 12.783093 -4.683702 7.847449 24.167615 44402.258353
201 -12.783093 4.683702 7.847449 24.167615 44402.258353
201 7.232449 -3.523011 6.948926 175.797960 34816.364333
201 -7.232449 3.523011 6.948926 175.797960 34816.364333
201 -2.844267 -2.209309 6.247052 216.657494 28138.330735
201 2.844267 2.209309 6.247052 216.657494 28138.330735
201 11.997389 -4.537479 8.569723 76.062394 52951.911287
201 -11.997389 4.537479 8.569723 76.062394 52951.911287
201 6.860450 -3.431212 21.055511 94.772643 319653.637637
201 -6.860450 3.431212 21.055511 94.772643 319653.637637
201 14.126870 -4.923730 5.216366 281.869452 19619.328680
201 -14.126870 4.923730 5.216366 281.869452 19619.328680
201 7.950851 -3.693840 11.140506 152.794343 89486.581324
201 -7.950851 3.693840 11.140506 152.794343 89486.581324
201 10.134110 -4.170269 10.923503 245.227100 86034.355085
201 -10.134110 4.170269 10.923503 245.227100 86034.355085
201 6.956189 -3.455071 4.193688 280.617692 12680.616002
201 -6.956189 3.455071 4.193688 280.617692 12680.616002
202 14.570825 -5.000499 9.115766 339.085379 59914.842934
202 -14.570825 5.000499 9.115766 339.085379 59914.842934
202 9.242630 -3.982622 4.293041 117.400075 13288.568896
202 -9.242630 3.982622 4.293041 117.400075 13288.568896
202 6.509951 -3.342413 10.321923 106.818253 76819.112192
202 -6.509951 3.342413 10.321923 106.818253 76819.112192
202 -0.895206 -1.239461 2.405618 75.176835 4172.550182
202 0.895206 1.239461 2.405618 75.176835 4172.550182
202 21.751081 -6.109585 14.119622 206.986740 143745.479978
202 -21.751081 6.109585 14.119622 206.986740 143745.479978
202 11.299886 -4.403605 8.261302 57.615569 49209.063835
202 -11.299886 4.403605 8.261302 57.615569 49209.063835
202 16.127579 -5.260850 2.892749 173.902338 6033.501950
202 -16.127579 5.260850 2.892749 173.902338 6033.501950
202 13.306838 -4.778689 13.757544 204.478144 136467.703379
202 -13.306838 4.778689 13.757544 204.478144 136467.703379
202 14.317752 -4.956884 7.931112 304.174961 45354.061546
202 -14.317752 4.956884 7.931112 304.174961 45354.061546
202 11.794966 -4.499038 3.235843 335.303002 7549.583658
202 -11.794966 4.499038 3.235843 335.303002 7549.583658
202 13.061005 -4.734342 8.928869 254.528557 57483.199523
202 -13.061005 4.734342 8.928869 254.528557 57483.199523
202 16.406829 -5.306200 5.406400 193.786571 21074.849581
202 -16.406829 5.306200 5.406400 193.786571 21074.849581
202 8.920361 -3.912573 5.826462 226.432656 24476.983166
202 -8.920361 3.912573 5.826462 226.432656 24476.983166
202 8.966550 -3.922690 10.583863 150.631075 80767.467175
202 -8.966550 3.922690 10.583863 150.631075 80767.467175
202 11.312560 -4.406074 4.427707 188.310928 14135.326385
202 -11.312560 4.406074 4.427707 188.310928 14135.326385
203 12.807479 -4.688167 6.360745 164.032752 29171.857479
203 -12.807479 4.688167 6.360745 164.032752 29171.857479
203 15.570720 -5.169227 4.389744 14.181715 13893.973657
203 -15.570720 5.169227 4.389744 14.181715 13893.973657
203 13.418658 -4.798725 5.376979 214.523390 20846.099776
203 -13.418658 4.798725 5.376979 214.523390 20846.099776
203 15.493288 -5.156358 5.685369 281.738654 23305.870380
203 -15.493288 5.156358 5.685369 281.738654 23305.870380
203 16.453135 -5.313683 14.421700 143.691539 149961.920765
203 -16.453135 5.313683 14.421700 143.691539 149961.920765
203 10.671987 -4.279509 3.548987 18.781726 9081.486121
203 -10.671987 4.279509 3.548987 18.781726 9081.486121
203 5.626191 -3.107267 6.442847 78.930948 29929.788237
203 -5.626191 3.107267 6.442847 78.930948 29929.788237
203 -1.767042 -1.741385 7.544334 23.858232 41038.348389
203 1.767042 1.741385 7.544334 23.858232 41038.348389
203 -0.204075 -0.591788 9.271968 49.156899 61985.760328
203 0.204075 0.591788 9.271968 49.156899 61985.760328
203 11.072232 -4.359020 7.738574 118.837685 43178.739561
203 -11.072232 4.359020 7.738574 118.837685 43178.739561
203 6.227698 -3.269152 6.277914 324.145060 28417.041780
203 -6.227698 3.269152 6.277914 324.145060 28417.041780
203 13.056734 -4.733567 8.841223 217.079571 56360.232529
203 -13.056734 4.733567 8.841223 217.079571 56360.232529
203 10.903244 -4.325628 5.136111 102.534932 19020.280244
203 -10.903244 4.325628 5.136111 102.534932 19020.280244
203 16.708301 -5.354728 16.452543 317.433448 195170.483949
203 -16.708301 5.354728 16.452543 317.433448 195170.483949
204 10.646626 -4.274421 13.018751 347.378101 122204.373117
204 -10.646626 4.274421 13.018751 347.378101 122204.373117
204 1.271144 -1.476960 3.794796 72.553900 10383.052143
204 -1.271144 1.476960 3.794796 72.553900 10383.052143
204 3.169619 -2.332249 8.515561 168.700657 52284.701107
204 -3.169619 2.332249 8.515561 168.700657 52284.701107
204 4.465252 -2.768180 6.401603 66.954981 29547.829376
204 -4.465252 2.768180 6.401603 66.954981 29547.829376
204 12.851509 -4.696219 6.817633 248.042018 33513.158353
204 -12.851509 4.696219 6.817633 248.042018 33513.158353
204 15.122161 -5.094226 9.023642 130.543506 58709.961157
204 -15.122161 5.094226 9.023642 130.543506 58709.961157
204 12.390832 -4.611280 3.691333 25.873649 9824.590773
204 -12.390832 4.611280 3.691333 25.873649 9824.590773
204 12.005465 -4.539006 2.910685 336.583772 6108.554062
204 -12.005465 4.539006 2.910685 336.583772 6108.554062
204 11.045120 -4.353680 13.028192 58.902107 122381.662100
204 -11.045120 4.353680 13.028192 58.902107 122381.662100
204 13.137041 -4.748102 8.887684 301.931803 56954.141587
204 -13.137041 4.748102 8.887684 301.931803 56954.141587
204 4.752109 -2.855712 2.529555 226.390021 4613.563100
204 -4.752109 2.855712 2.529555 226.390021 4613.563100
204 13.569072 -4.825545 3.032365 215.698715 6629.959629
204 -13.569072 4.825545 3.032365 215.698715 6629.959629
204 6.529096 -3.347325 8.225839 262.328022 48787.485395
204 -6.529096 3.347325 8.225839 262.328022 48787.485395
204 6.896937 -3.440325 12.951177 346.893625 120939.042777
204 -6.896937 3.440325 12.951177 346.893625 120939.042777
205 7.063440 -3.481605 7.087776 120.191251 36221.630827
205 -7.063440 3.481605 7.087776 120.191251 36221.630827
205 4.087355 -2.648454 24.808698 217.088032 443768.034157
205 -4.087355 2.648454 24.808698 217.088032 443768.034157
205 3.548472 -2.467698 6.663581 161.336188 32015.736392
205 -3.548472 2.467698 6.663581 161.336188 32015.736392
205 13.034095 -4.729462 11.013878 69.572983 87463.851719
205 -13.034095 4.729462 11.013878 69.572983 87463.851719
205 11.770487 -4.494367 3.459186 329.414740 8627.717720
205 -11.770487 4.494367 3.459186 329.414740 8627.717720
205 9.631454 -4.065530 9.373957 175.379680 63356.909492
205 -9.631454 4.065530 9.373957 175.379680 63356.909492
205 8.309499 -3.776232 10.941922 359.356060 86324.745376
205 -8.309499 3.776232 10.941922 359.356060 86324.745376
205 14.383805 -4.968304 4.733053 79.006173 16152.167250
205 -14.383805 4.968304 4.733053 79.006173 16152.167250
205 5.687486 -3.124147 7.887096 21.315252 44852.057935
205 -5.687486 3.124147 7.887096 21.315252 44852.057935
205 9.364073 -4.008701 4.321598 166.087012 13465.941765
205 -9.364073 4.008701 4.321598 166.087012 13465.941765
205 13.827884 -4.871348 11.432249 274.263472 94234.819940
205 -13.827884 4.871348 11.432249 274.263472 94234.819940
205 9.891198 -4.119986 4.533575 359.760799 14819.365116
205 -9.891198 4.119986 4.533575 359.760799 14819.365116
205 17.156154 -5.426018 3.699137 227.805979 9866.178441
205 -17.156154 5.426018 3.699137 227.805979 9866.178441
206 13.912285 -4.886192 9.490837 177.124812 64946.703257
206 -13.912285 4.886192 9.490837 177.124812 64946.703257
206 15.803940 -5.207796 11.997593 245.409518 103785.421902
206 -15.803940 5.207796 11.997593 245.409518 103785.421902
206 19.729033 -5.818676 3.785865 257.344689 10334.236827
206 -19.729033 5.818676 3.785865 257.344689 10334.236827
206 11.660841 -4.473385 7.012712 231.299031 35458.475087
206 -11.660841 4.473385 7.012712 231.299031 35458.475087
206 10.074653 -4.158018 1.117363 26.533588 900.195444
206 -10.074653 4.158018 1.117363 26.533588 900.195444
206 13.476533 -4.809062 9.190817 110.724511 60905.478158
206 -13.476533 4.809062 9.190817 110.724511 60905.478158
206 6.362561 -3.304359 3.507869 6.506789 8872.271210
206 -6.362561 3.304359 3.507869 6.506789 8872.271210
206 9.419365 -4.020519 4.925142 119.799772 17489.831435
206 -9.419365 4.020519 4.925142 119.799772 17489.831435
206 7.058425 -3.480368 4.623467 105.108932 15412.870224
206 -7.058425 3.480368 4.623467 105.108932 15412.870224
206 9.048516 -3.940579 2.919428 52.576523 6145.306929
206 -9.048516 3.940579 2.919428 52.576523 6145.306929
206 -4.470371 -2.769766 8.006327 21.055621 46218.380802
206 4.470371 2.769766 8.006327 21.055621 46218.380802
206 7.702783 -3.635759 14.603726 204.300971 153771.356399
206 -7.702783 3.635759 14.603726 204.300971 153771.356399
206 -0.175277 -0.548446 11.004731 200.601622 87318.635253
206 0.175277 0.548446 11.004731 200.601622 87318.635253
207 2.885756 -2.225364 2.410686 156.216669 4190.149328
207 -2.885756 2.225364 2.410686 156.216669 4190.149328
207 16.520955 -5.324623 15.412109 313.334748 171266.412967
207 -16.520955 5.324623 15.412109 313.334748 171266.412967
207 6.836995 -3.425342 6.458037 135.412355 30071.089966
207 -6.836995 3.425342 6.458037 135.412355 30071.089966
207 0.598344 -1.013321 4.161378 278.722576 12485.975760
207 -0.598344 1.013321 4.161378 278.722576 12485.975760
207 16.992138 -5.400019 6.518663 326.117828 30638.332147
207 -16.992138 5.400019 6.518663 326.117828 30638.332147
207 13.670425 -4.843533 5.173643 329.874427 19299.271939
207 -13.670425 4.843533 5.173643 329.874427 19299.271939
207 7.405779 -3.564976 5.838521 157.917292 24578.407623
207 -7.405779 3.564976 5.838521 157.917292 24578.407623
207 18.376583 -5.615697 5.629719 127.640274 22851.854693
207 -18.376583 5.615697 5.629719 127.640274 22851.854693
207 8.496462 -3.818478 10.783102 319.071007 83836.949988
207 -8.496462 3.818478 10.783102 319.071007 83836.949988
207 11.519329 -4.446158 7.445709 102.614244 39972.397690
207 -11.519329 4.446158 7.445709 102.614244 39972.397690
207 15.425431 -5.145054 7.866838 355.647925 44621.949374
207 -15.425431 5.145054 7.866838 355.647925 44621.949374
207 5.788999 -3.151904 4.539398 197.030330 14857.460548
207 -5.788999 3.151904 4.539398 197.030330 14857.460548
208 11.483686 -4.439274 13.968602 355.795270 140686.989695
208 -11.483686 4.439274 13.968602 355.795270 140686.989695
208 16.079263 -5.252963 6.115576 180.431539 26966.390077
208 -16.079263 5.252963 6.115576 180.431539 26966.390077
208 10.255694 -4.195211 6.597482 27.851932 31383.721433
208 -10.255694 4.195211 6.597482 27.851932 31383.721433
208 9.552930 -4.048924 7.536631 205.121933 40954.584347
208 -9.552930 4.048924 7.536631 205.121933 40954.584347
208 8.694423 -3.862706 11.080931 277.574035 88532.060387
208 -8.694423 3.862706 11.080931 277.574035 88532.060387
208 14.744772 -5.030259 8.129521 52.632540 47651.649752
208 -14.744772 5.030259 8.129521 52.632540 47651.649752
208 19.069289 -5.720560 10.824520 61.765431 84482.230725
208 -19.069289 5.720560 10.824520 61.765431 84482.230725
208 9.855014 -4.112443 3.839366 219.652815 10628.379563
208 -9.855014 4.112443 3.839366 219.652815 10628.379563
208 22.426569 -6.203727 4.993496 207.729221 17978.670339
208 -22.426569 6.203727 4.993496 207.729221 17978.670339
208 14.315206 -4.956443 5.623441 264.832597 22800.918869
208 -14.315206 4.956443 5.623441 264.832597 22800.918869
208 6.122807 -3.241504 20.279136 168.260229 296515.205455
208 -6.122807 3.241504 20.279136 168.260229 296515.205455
208 13.371865 -4.790350 6.340673 68.750800 28988.034674
208 -13.371865 4.790350 6.340673 68.750800 28988.034674
209 16.231868 -5.277832 10.296901 45.966156 76447.117583
209 -16.231868 5.277832 10.296901 45.966156 76447.117583
209 13.149510 -4.750355 5.133352 132.452338 18999.850013
209 -13.149510 4.750355 5.133352 132.452338 18999.850013
209 9.098034 -3.951346 6.102998 48.244186 26855.577091
209 -9.098034 3.951346 6.102998 48.244186 26855.577091
209 8.378828 -3.791953 11.462987 317.386947 94742.243510
209 -8.378828 3.791953 11.462987 317.386947 94742.243510
209 9.163019 -3.965433 4.270575 101.193645 13149.847577
209 -9.163019 3.965433 4.270575 101.193645 13149.847577
209 12.129715 -4.562434 7.399240 95.378047 39475.009930
209 -12.129715 4.562434 7.399240 95.378047 39475.009930
209 8.833616 -3.893503 9.231634 3.648373 61447.641195
209 -8.833616 3.893503 9.231634 3.648373 61447.641195
209 19.231452 -5.744832 4.243323 19.043732 12982.554561
209 -19.231452 5.744832 4.243323 19.043732 12982.554561
209 -0.528353 -0.952212 5.604986 122.399938 22651.506723
209 0.528353 0.952212 5.604986 122.399938 22651.506723
209 5.904142 -3.183096 5.050287 322.362442 18389.938267
209 -5.904142 3.183096 5.050287 322.362442 18389.938267
209 12.696863 -4.667878 9.407451 352.926674 63810.479679
209 -12.696863 4.667878 9.407451 352.926674 63810.479679
210 5.171585 -2.979087 10.223933 52.610648 75367.497073
210 -5.171585 2.979087 10.223933 52.610648 75367.497073
210 -0.571949 -0.990718 9.957461 331.955669 71489.998650
210 0.571949 0.990718 9.957461 331.955669 71489.998650
210 0.368148 -0.794845 7.179002 263.244102 37160.045385
210 -0.368148 0.794845 7.179002 263.244102 37160.045385
210 15.164208 -5.101303 2.942609 203.737154 6243.283994
210 -15.164208 5.101303 2.942609 203.737154 6243.283994
210 14.744483 -5.030210 4.361140 37.435661 13713.493624
210 -14.744483 5.030210 4.361140 37.435661 13713.493624
210 7.842677 -3.668626 7.178013 29.039265 37149.809022
210 -7.842677 3.668626 7.178013 29.039265 37149.809022
210 16.534573 -5.326817 4.251772 97.199467 13034.307635
210 -16.534573 5.326817 4.251772 97.199467 13034.307635
210 3.091132 -2.303192 7.755872 61.582771 43371.992881
210 -3.091132 2.303192 7.755872 61.582771 43371.992881
210 16.393742 -5.304083 3.000793 271.817943 6492.623406
210 -16.393742 5.304083 3.000793 271.817943 6492.623406
210 3.156850 -2.327546 13.833957 240.824750 137987.875231
210 -3.156850 2.327546 13.833957 240.824750 137987.875231
210 8.463001 -3.810952 5.946287 213.664781 25494.103327
210 -8.463001 3.810952 5.946287 213.664781 25494.103327
211 6.319738 -3.293221 10.982883 243.682681 86972.262137
211 -6.319738 3.293221 10.982883 243.682681 86972.262137
211 11.307182 -4.405026 7.254515 312.461688 37945.898137
211 -11.307182 4.405026 7.254515 312.461688 37945.898137
211 10.592133 -4.263468 4.653830 331.386175 15615.974830
211 -10.592133 4.263468 4.653830 331.386175 15615.974830
211 10.803180 -4.305733 5.986398 262.372803 25839.206671
211 -10.803180 4.305733 5.986398 262.372803 25839.206671
211 12.970279 -4.717870 5.096556 193.455020 18728.446371
211 -12.970279 4.717870 5.096556 193.455020 18728.446371
211 11.065427 -4.357680 8.169334 175.392844 48119.526637
211 -11.065427 4.357680 8.169334 175.392844 48119.526637
211 15.281418 -5.120981 2.909335 232.440305 6102.890087
211 -15.281418 5.120981 2.909335 232.440305 6102.890087
211 17.822357 -5.530366 4.714909 195.006283 16028.569386
211 -17.822357 5.530366 4.714909 195.006283 16028.569386
211 4.314185 -2.720951 3.906089 235.239932 11001.002405
211 -4.314185 2.720951 3.906089 235.239932 11001.002405
211 11.460638 -4.434817 9.043599 170.442048 58969.935893
211 -11.460638 4.434817 9.043599 170.442048 58969.935893
212 10.985160 -4.341847 7.661504 107.225139 42322.969870
212 -10.985160 4.341847 7.661504 107.225139 42322.969870
212 10.923326 -4.329610 2.922268 214.836831 6157.267528
212 -10.923326 4.329610 2.922268 214.836831 6157.267528
212 19.177872 -5.736824 11.070067 304.561757 88358.548668
212 -19.177872 5.736824 11.070067 304.561757 88358.548668
212 10.390041 -4.222600 4.703073 181.270501 15948.194722
212 -10.390041 4.222600 4.703073 181.270501 15948.194722
212 17.244115 -5.439910 7.841078 292.427494 44330.197686
212 -17.244115 5.439910 7.841078 292.427494 44330.197686
212 0.887983 -1.234450 15.424997 160.343719 171552.963913
212 -0.887983 1.234450 15.424997 160.343719 171552.963913
212 11.693549 -4.479654 4.744816 357.278616 16232.553345
212 -11.693549 4.479654 4.744816 357.278616 16232.553345
212 2.654881 -2.134488 6.682356 200.253402 32196.399005
212 -2.654881 2.134488 6.682356 200.253402 32196.399005
212 19.647636 -5.806661 7.416245 194.248511 39656.666302
212 -19.647636 5.806661 7.416245 194.248511 39656.666302
212 11.903396 -4.519670 4.676679 183.033442 15769.694127
212 -11.903396 4.519670 4.676679 183.033442 15769.694127
213 7.385732 -3.560148 4.191176 163.093932 12665.428319
213 -7.385732 3.560148 4.191176 163.093932 12665.428319
213 6.859223 -3.430905 5.375649 338.914892 20835.782937
213 -6.859223 3.430905 5.375649 338.914892 20835.782937
213 6.904718 -3.442265 5.974210 154.983499 25734.100740
213 -6.904718 3.442265 5.974210 154.983499 25734.100740
213 13.113761 -4.743894 4.469102 146.523741 14400.864759
213 -13.113761 4.743894 4.469102 146.523741 14400.864759
213 3.134008 -2.319110 3.875039 91.195850 10826.800310
213 -3.134008 2.319110 3.875039 91.195850 10826.800310
213 10.211009 -4.186062 5.398420 119.611882 21012.677080
213 -10.211009 4.186062 5.398420 119.611882 21012.677080
213 4.884257 -2.895146 2.868468 40.865017 5932.643119
213 -4.884257 2.895146 2.868468 40.865017 5932.643119
213 9.019099 -3.934168 5.299828 4.773319 20252.169088
213 -9.019099 3.934168 5.299828 4.773319 20252.169088
213 3.884513 -2.581901 3.990776 143.119569 11483.196490
213 -3.884513 2.581901 3.990776 143.119569 11483.196490
214 7.769295 -3.651423 2.867574 113.416822 5928.942536
214 -7.769295 3.651423 2.867574 113.416822 5928.942536
214 -2.181555 -1.934882 4.481075 137.025967 14478.133122
214 2.181555 1.934882 4.481075 137.025967 14478.133122
214 2.003115 -1.854062 9.022807 126.410205 58699.096964
214 -2.003115 1.854062 9.022807 126.410205 58699.096964
214 9.973284 -4.137046 6.618876 267.425716 31587.592828
214 -9.973284 4.137046 6.618876 267.425716 31587.592828
214 12.822169 -4.690855 7.905077 195.588490 45056.793352
214 -12.822169 4.690855 7.905077 195.588490 45056.793352
214 6.139741 -3.245984 4.365377 282.237388 13740.154989
214 -6.139741 3.245984 4.365377 282.237388 13740.154989
214 9.116920 -3.955445 2.880235 306.758493 5981.414935
214 -9.116920 3.955445 2.880235 306.758493 5981.414935
214 10.860679 -4.317176 5.039337 36.887428 18310.277855
214 -10.860679 4.317176 5.039337 36.887428 18310.277855
214 5.720470 -3.133193 5.749912 214.818850 23838.037406
214 -5.720470 3.133193 5.749912 214.818850 23838.037406
215 9.959793 -4.134247 13.769363 235.577008 136702.291324
215 -9.959793 4.134247 13.769363 235.577008 136702.291324
215 3.884276 -2.581822 13.357400 222.002287 128644.706177
215 -3.884276 2.581822 13.357400 222.002287 128644.706177
215 14.026618 -4.906229 4.225448 358.489865 12873.412658
215 -14.026618 4.906229 4.225448 358.489865 12873.412658
215 12.497538 -4.631093 6.848290 293.780695 33815.230823
215 -12.497538 4.631093 6.848290 293.780695 33815.230823
215 10.551303 -4.255243 6.282341 10.448328 28457.124641
215 -10.551303 4.255243 6.282341 10.448328 28457.124641
215 14.388579 -4.969129 10.585326 244.316658 80789.796205
215 -14.388579 4.969129 10.585326 244.316658 80789.796205
215 8.844603 -3.895924 12.468855 29.212304 112098.863988
215 -8.844603 3.895924 12.468855 29.212304 112098.863988
215 9.132703 -3.958867 8.698185 171.932804 54551.333020
215 -9.132703 3.958867 8.698185 171.932804 54551.333020
216 15.815756 -5.209743 1.779691 207.053372 2283.689433
216 -15.815756 5.209743 1.779691 207.053372 2283.689433
216 7.984049 -3.701544 8.614440 195.258254 53505.966997
216 -7.984049 3.701544 8.614440 195.258254 53505.966997
216 9.931259 -4.128321 4.095459 230.343500 12093.535324
216 -9.931259 4.128321 4.095459 230.343500 12093.535324
216 2.770738 -2.180565 7.748369 109.562698 43288.117828
216 -2.770738 2.180565 7.748369 109.562698 43288.117828
216 9.261853 -3.986761 3.090257 243.292064 6885.527256
216 -9.261853 3.986761 3.090257 243.292064 6885.527256
216 9.112539 -3.954495 4.751154 16.915425 16275.948553
216 -9.112539 3.954495 4.751154 16.915425 16275.948553
216 19.424353 -5.773572 5.356495 261.137308 20687.573654
216 -19.424353 5.773572 5.356495 261.137308 20687.573654
216 5.265867 -3.006120 1.721801 206.827589 2137.539709
216 -5.265867 3.006120 1.721801 206.827589 2137.539709
217 7.500035 -3.587591 7.065663 255.725579 35995.968395
217 -7.500035 3.587591 7.065663 255.725579 35995.968395
217 11.808762 -4.501668 2.573247 203.169043 4774.314365
217 -11.808762 4.501668 2.573247 203.169043 4774.314365
217 8.926112 -3.913834 4.709719 99.135367 15993.300687
217 -8.926112 3.913834 4.709719 99.135367 15993.300687
217 8.189712 -3.748915 6.485809 214.317851 30330.274613
217 -8.189712 3.748915 6.485809 214.317851 30330.274613
217 8.210154 -3.753591 15.920961 98.591070 182762.298001
217 -8.210154 3.753591 15.920961 98.591070 182762.298001
217 8.025207 -3.711072 17.199554 90.725852 213295.875586
217 -8.025207 3.711072 17.199554 90.725852 213295.875586
217 5.848966 -3.168187 3.536036 208.974153 9015.324292
217 -5.848966 3.168187 3.536036 208.974153 9015.324292
218 8.176528 -3.745896 18.641349 149.127189 250554.802127
218 -8.176528 3.745896 18.641349 149.127189 250554.802127
218 5.913578 -3.185638 3.928053 309.300555 11125.070443
218 -5.913578 3.185638 3.928053 309.300555 11125.070443
218 4.599036 -2.809343 3.402286 152.234797 8346.216679
218 -4.599036 2.809343 3.402286 152.234797 8346.216679
218 10.982316 -4.341285 3.602104 77.214869 9355.363358
218 -10.982316 4.341285 3.602104 77.214869 9355.363358
218 3.917687 -2.592902 5.749591 305.343416 23835.370332
218 -3.917687 2.592902 5.749591 305.343416 23835.370332
218 8.547848 -3.830008 4.021463 106.269795 11660.475692
218 -8.547848 3.830008 4.021463 106.269795 11660.475692
218 6.681687 -3.386214 6.667136 151.460521 32049.899351
218 -6.681687 3.386214 6.667136 151.460521 32049.899351
219 6.111602 -3.238537 6.326456 343.665641 28858.187477
219 -6.111602 3.238537 6.326456 343.665641 28858.187477
219 14.236639 -4.942823 18.972757 54.938295 259542.772616
219 -14.236639 4.942823 18.972757 54.938295 259542.772616
219 13.613471 -4.833433 8.081669 218.696358 47092.332571
219 -13.613471 4.833433 8.081669 218.696358 47092.332571
219 2.141506 -1.917039 6.283640 233.524664 28468.896770
219 -2.141506 1.917039 6.283640 233.524664 28468.896770
219 8.740507 -3.872930 8.222193 73.982199 48744.248120
219 -8.740507 3.872930 8.222193 73.982199 48744.248120
219 8.638835 -3.850338 5.985146 237.078513 25828.399736
219 -8.638835 3.850338 5.985146 237.078513 25828.399736
220 13.329526 -4.782761 4.349318 61.146049 13639.249686
220 -13.329526 4.782761 4.349318 61.146049 13639.249686
220 11.676784 -4.476441 4.004314 314.417968 11561.236457
220 -11.676784 4.476441 4.004314 314.417968 11561.236457
220 10.334004 -4.211197 16.359361 130.098762 192965.967944
220 -10.334004 4.211197 16.359361 130.098762 192965.967944
220 10.803560 -4.305809 11.391652 340.610261 93566.744067
220 -10.803560 4.305809 11.391652 340.610261 93566.744067
220 10.021521 -4.147039 6.371681 209.494062 29272.254199
220 -10.021521 4.147039 6.371681 209.494062 29272.254199
220 7.245850 -3.526273 5.533281 226.150549 22075.650231
220 -7.245850 3.526273 5.533281 226.150549 22075.650231
221 11.515052 -4.445332 3.769434 289.579538 10244.724012
221 -11.515052 4.445332 3.769434 289.579538 10244.724012
221 12.869866 -4.699572 6.674374 333.667691 32119.525107
221 -12.869866 4.699572 6.674374 333.667691 32119.525107
221 3.560400 -2.471842 11.758742 140.609002 99694.180390
221 -3.560400 2.471842 11.758742 140.609002 99694.180390
221 6.507550 -3.341797 5.540254 332.878300 22131.328219
221 -6.507550 3.341797 5.540254 332.878300 22131.328219
221 8.745460 -3.874027 9.363223 45.577742 63211.890476
221 -8.745460 3.874027 9.363223 45.577742 63211.890476
222 5.305103 -3.017298 14.356085 62.283393 148600.450150
222 -5.305103 3.017298 14.356085 62.283393 148600.450150
222 11.062155 -4.357036 9.272452 112.992660 61992.230594
222 -11.062155 4.357036 9.272452 112.992660 61992.230594
222 7.120516 -3.495643 4.532777 119.207192 14814.148874
222 -7.120516 3.495643 4.532777 119.207192 14814.148874
222 10.603770 -4.265809 19.544434 35.199989 275419.247371
222 -10.603770 4.265809 19.544434 35.199989 275419.247371
222 8.792259 -3.884378 6.429185 343.528513 29802.997067
222 -8.792259 3.884378 6.429185 343.528513 29802.997067
223 8.623381 -3.846893 6.000522 359.823817 25961.280596
223 -8.623381 3.846893 6.000522 359.823817 25961.280596
223 17.028096 -5.405730 19.512933 179.734252 274532.118153
223 -17.028096 5.405730 19.512933 179.734252 274532.118153
223 7.603451 -3.612241 3.101842 137.708315 6937.253289
223 -7.603451 3.612241 3.101842 137.708315 6937.253289
223 8.838928 -3.894674 4.800711 287.610690 16617.248994
223 -8.838928 3.894674 4.800711 287.610690 16617.248994
223 18.088890 -5.571566 5.044079 210.338026 18344.749595
223 -18.088890 5.571566 5.044079 210.338026 18344.749595
224 15.034453 -5.079432 7.490482 171.840919 40454.567625
224 -15.034453 5.079432 7.490482 171.840919 40454.567625
224 7.993243 -3.703675 5.202743 154.047433 19516.989354
224 -7.993243 3.703675 5.202743 154.047433 19516.989354
224 11.270642 -4.397903 9.105937 57.179573 59785.702414
224 -11.270642 4.397903 9.105937 57.179573 59785.702414
224 5.655612 -3.115381 6.081168 61.694843 26663.805139
224 -5.655612 3.115381 6.081168 61.694843 26663.805139
225 8.956353 -3.920459 5.627526 231.695988 22834.060087
225 -8.956353 3.920459 5.627526 231.695988 22834.060087
225 11.120964 -4.368602 4.547357 185.105366 14909.608406
225 -11.120964 4.368602 4.547357 185.105366 14909.608406
225 11.323167 -4.408139 5.949644 357.646495 25522.899933
225 -11.323167 4.408139 5.949644 357.646495 25522.899933
225 10.102118 -4.163682 16.850120 203.477880 204717.066327
225 -10.102118 4.163682 16.850120 203.477880 204717.066327
226 9.507419 -4.039268 6.047666 333.909971 26370.822248
226 -9.507419 4.039268 6.047666 333.909971 26370.822248
226 11.401817 -4.423421 5.925663 274.747744 25317.570447
226 -11.401817 4.423421 5.925663 274.747744 25317.570447
226 6.838178 -3.425638 17.760152 196.976613 227426.699088
226 -6.838178 3.425638 17.760152 196.976613 227426.699088
227 0.530503 -0.954146 1.860133 69.412132 2494.800909
227 -0.530503 0.954146 1.860133 69.412132 2494.800909
227 13.625673 -4.835599 6.872489 66.095101 34054.629725
227 -13.625673 4.835599 6.872489 66.095101 34054.629725
227 1.727566 -1.721824 18.328569 162.439860 242217.319985
227 -1.727566 1.721824 18.328569 162.439860 242217.319985
228 11.072354 -4.359044 9.954068 72.613236 71441.286790
228 -11.072354 4.359044 9.954068 72.613236 71441.286790
228 10.054649 -4.153888 4.079372 209.964810 11998.714733
228 -10.054649 4.153888 4.079372 209.964810 11998.714733
228 11.226333 -4.389249 5.876810 356.755807 24901.837042
228 -11.226333 4.389249 5.876810 356.755807 24901.837042
229 9.064254 -3.944004 2.229551 53.868073 3584.122031
229 -9.064254 3.944004 2.229551 53.868073 3584.122031
229 8.811430 -3.888611 3.667045 9.109623 9695.731174
229 -8.811430 3.888611 3.667045 9.109623 9695.731174
230 13.251164 -4.768681 5.711141 296.830625 23517.648615
230 -13.251164 4.768681 5.711141 296.830625 23517.648615
230 18.272040 -5.599701 14.026555 178.607263 141856.786014
230 -18.272040 5.599701 14.026555 178.607263 141856.786014
231 9.966095 -4.135555 12.599588 10.594987 114461.858885
231 -9.966095 4.135555 12.599588 10.594987 114461.858885
231 17.871099 -5.537923 5.882161 305.761822 24947.207492
231 -17.871099 5.537923 5.882161 305.761822 24947.207492
232 6.515651 -3.343876 2.045519 74.486008 3016.860763
232 -6.515651 3.343876 2.045519 74.486008 3016.860763
233 5.837488 -3.165077 6.189761 311.422220 27624.586490
233 -5.837488 3.165077 6.189761 311.422220 27624.586490
234 10.602959 -4.265646 7.878791 248.048642 44757.644142
234 -10.602959 4.265646 7.878791 248.048642 44757.644142
253 16.131297 4.839736 8.516096 204.391190 52291.264777
253 -16.131297 -4.839736 8.516096 204.391190 52291.264777
254 19.737172 5.353398 9.153961 89.979767 60417.972479
254 -19.737172 -5.353398 9.153961 89.979767 60417.972479
255 23.283065 5.814430 5.515495 61.211495 21933.961798
255 -23.283065 -5.814430 5.515495 61.211495 21933.961798
256 19.602450 5.335096 3.595634 72.581570 9321.781638
256 -19.602450 -5.335096 3.595634 72.581570 9321.781638
256 17.117381 4.985465 7.542214 19.083331 41015.292128
256 -17.117381 -4.985465 7.542214 19.083331 41015.292128
257 26.056718 6.151017 3.259164 42.262251 7658.796725
257 -26.056718 -6.151017 3.259164 42.262251 7658.796725
257 23.731279 5.870129 8.519900 297.597985 52337.994542
257 -23.731279 -5.870129 8.519900 297.597985 52337.994542
258 22.690124 5.739915 2.357271 25.256457 4006.518494
258 -22.690124 -5.739915 2.357271 25.256457 4006.518494
258 30.176050 6.619394 4.150585 307.349126 12421.288299
258 -30.176050 -6.619394 4.150585 307.349126 12421.288299
259 35.405198 7.170023 4.403657 13.696948 13982.186975
259 -35.405198 -7.170023 4.403657 13.696948 13982.186975
259 26.171538 6.164554 12.501023 119.049570 112678.020894
259 -26.171538 -6.164554 12.501023 119.049570 112678.020894
259 17.830830 5.088301 1.592557 194.432455 1828.680351
259 -17.830830 -5.088301 1.592557 194.432455 1828.680351
260 24.157145 5.922565 2.755972 243.415175 5476.430031
260 -24.157145 -5.922565 2.755972 243.415175 5476.430031
260 27.255377 6.290905 6.488718 222.403475 30357.490782
260 -27.255377 -6.290905 6.488718 222.403475 30357.490782
260 30.979049 6.706888 9.314017 327.608834 62549.255752
260 -30.979049 -6.706888 9.314017 327.608834 62549.255752
261 13.655609 4.452896 7.548201 358.233718 41080.435073
261 -13.655609 -4.452896 7.548201 358.233718 41080.435073
261 25.837128 6.125043 6.193378 325.459659 27656.885733
261 -25.837128 -6.125043 6.193378 325.459659 27656.885733
261 24.195328 5.927244 2.483987 146.430583 4448.840375
261 -24.195328 -5.927244 2.483987 146.430583 4448.840375
261 30.146911 6.616197 7.627361 58.642758 41946.589394
261 -30.146911 -6.616197 7.627361 58.642758 41946.589394
262 27.052304 6.267425 7.337875 203.788066 38822.964851
262 -27.052304 -6.267425 7.337875 203.788066 38822.964851
262 31.178198 6.728412 5.635187 87.116029 22896.267870
262 -31.178198 -6.728412 5.635187 87.116029 22896.267870
262 17.802717 5.084288 5.985509 136.346073 25831.540544
262 -17.802717 -5.084288 5.985509 136.346073 25831.540544
262 30.617924 6.667683 2.914605 63.316093 6125.018305
262 -30.617924 -6.667683 2.914605 63.316093 6125.018305
263 20.459438 5.450469 4.201580 347.426537 12728.384700
263 -20.459438 -5.450469 4.201580 347.426537 12728.384700
263 25.096917 6.036667 2.843285 53.095823 5828.931384
263 -25.096917 -6.036667 2.843285 53.095823 5828.931384
263 14.362331 4.566669 3.601505 277.951466 9352.247867
263 -14.362331 -4.566669 3.601505 277.951466 9352.247867
263 19.142151 5.272085 12.790997 227.659277 117966.005117
263 -19.142151 -5.272085 12.790997 227.659277 117966.005117
263 18.067688 5.121985 4.181160 204.013636 12604.965453
263 -18.067688 -5.121985 4.181160 204.013636 12604.965453
264 25.977760 6.141690 8.918135 289.456488 57345.074459
264 -25.977760 -6.141690 8.918135 289.456488 57345.074459
264 8.075284 3.424254 2.898910 67.144647 6059.233339
264 -8.075284 -3.424254 2.898910 67.144647 6059.233339
264 22.703044 5.741549 5.944878 302.083017 25482.025795
264 -22.703044 -5.741549 5.944878 302.083017 25482.025795
264 19.839897 5.367311 23.108909 315.697892 385040.971101
264 -19.839897 -5.367311 23.108909 315.697892 385040.971101
264 28.283891 6.408503 5.560340 86.993641 22292.088756
264 -28.283891 -6.408503 5.560340 86.993641 22292.088756
265 34.133206 7.040047 6.793431 11.994979 33275.639266
265 -34.133206 -7.040047 6.793431 11.994979 33275.639266
265 24.325503 5.943167 5.698020 262.493323 23409.708358
265 -24.325503 -5.943167 5.698020 262.493323 23409.708358
265 18.118717 5.129213 3.158370 72.712316 7192.403103
265 -18.118717 -5.129213 3.158370 72.712316 7192.403103
265 18.384183 5.166652 3.908846 244.513518 11016.537366
265 -18.384183 -5.166652 3.908846 244.513518 11016.537366
265 15.978924 4.816824 3.539061 255.386410 9030.755392
265 -15.978924 -4.816824 3.539061 255.386410 9030.755392
265 26.037953 6.148801 11.838510 74.562919 101051.365207
265 -26.037953 -6.148801 11.838510 74.562919 101051.365207
266 33.925126 7.018556 6.620979 235.984001 31607.668010
266 -33.925126 -7.018556 6.620979 235.984001 31607.668010
266 24.205467 5.928486 2.171086 330.787020 3398.616474
266 -24.205467 -5.928486 2.171086 330.787020 3398.616474
266 18.972725 5.248702 4.026983 76.706838 11692.504979
266 -18.972725 -5.248702 4.026983 76.706838 11692.504979
266 25.831064 6.124325 9.538129 248.222679 65595.555344
266 -25.831064 -6.124325 9.538129 248.222679 65595.555344
266 19.214715 5.282068 4.871514 342.013591 17111.024882
266 -19.214715 -5.282068 4.871514 342.013591 17111.024882
266 21.506183 5.588159 10.744581 357.797758 83239.035526
266 -21.506183 -5.588159 10.744581 357.797758 83239.035526
267 12.233625 4.214680 5.127578 137.616357 18957.128749
267 -12.233625 -4.214680 5.127578 137.616357 18957.128749
267 34.973703 7.126198 3.048006 220.043036 6698.533596
267 -34.973703 -7.126198 3.048006 220.043036 6698.533596
267 22.789303 5.752446 10.805069 5.245516 84178.879038
267 -22.789303 -5.752446 10.805069 5.245516 84178.879038
267 23.184948 5.802165 6.585471 265.389869 31269.555890
267 -23.184948 -5.802165 6.585471 265.389869 31269.555890
267 11.236527 4.039272 18.699821 286.334152 252129.108953
267 -11.236527 -4.039272 18.699821 286.334152 252129.108953
267 26.719970 6.228809 14.176578 350.395511 144907.512106
267 -26.719970 -6.228809 14.176578 350.395511 144907.512106
267 25.996741 6.143933 5.439495 319.694697 21333.655135
267 -25.996741 -6.143933 5.439495 319.694697 21333.655135
268 32.257776 6.843910 5.414252 4.855059 21136.110494
268 -32.257776 -6.843910 5.414252 4.855059 21136.110494
268 33.356487 6.959487 4.221667 201.079034 12850.380543
268 -33.356487 -6.959487 4.221667 201.079034 12850.380543
268 9.930459 3.797272 4.398352 212.323776 13948.515543
268 -9.930459 -3.797272 4.398352 212.323776 13948.515543
268 23.824028 5.881589 8.171330 115.437159 48143.045486
268 -23.824028 -5.881589 8.171330 115.437159 48143.045486
268 21.479506 5.584691 4.842315 221.350564 16906.520115
268 -21.479506 -5.584691 4.842315 221.350564 16906.520115
268 30.144678 6.615952 2.765213 268.078273 5513.219442
268 -30.144678 -6.615952 2.765213 268.078273 5513.219442
268 27.572637 6.327413 4.980151 151.811326 17882.700855
268 -27.572637 -6.327413 4.980151 151.811326 17882.700855
269 24.634602 5.980808 6.085384 5.086713 26700.789001
269 -24.634602 -5.980808 6.085384 5.086713 26700.789001
269 19.822512 5.364959 6.567737 278.453389 31101.374000
269 -19.822512 -5.364959 6.567737 278.453389 31101.374000
269 26.878992 6.247317 16.407860 230.292030 194111.816377
269 -26.878992 -6.247317 16.407860 230.292030 194111.816377
269 28.280464 6.408115 8.544526 85.842192 52640.991664
269 -28.280464 -6.408115 8.544526 85.842192 52640.991664
269 27.091053 6.271913 4.298394 332.425172 13321.728056
269 -27.091053 -6.271913 4.298394 332.425172 13321.728056
269 18.706624 5.211764 9.603085 32.453081 66492.035361
269 -18.706624 -5.211764 9.603085 32.453081 66492.035361
269 28.301078 6.410450 5.761084 299.821266 23930.760920
269 -28.301078 -6.410450 5.761084 299.821266 23930.760920
269 36.162623 7.246312 17.374096 324.547783 217646.912595
269 -36.162623 -7.246312 17.374096 324.547783 217646.912595
270 19.382456 5.305074 11.253430 349.915941 91309.903552
270 -19.382456 -5.305074 11.253430 349.915941 91309.903552
270 7.407944 3.279713 7.255968 338.216072 37961.096435
270 -7.407944 -3.279713 7.255968 338.216072 37961.096435
270 18.815607 5.226924 14.417322 173.159327 149870.885147
270 -18.815607 -5.226924 14.417322 173.159327 149870.885147
270 23.833374 5.882742 19.886348 166.506645 285139.996724
270 -23.833374 -5.882742 19.886348 166.506645 285139.996724
270 22.463234 5.711145 10.194464 278.191850 74933.652489
270 -22.463234 -5.711145 10.194464 278.191850 74933.652489
270 27.488174 6.317714 6.124168 346.674898 27042.216040
270 -27.488174 -6.317714 6.124168 346.674898 27042.216040
270 15.644004 4.766076 5.717791 156.569014 23572.448464
270 -15.644004 -4.766076 5.717791 156.569014 23572.448464
270 16.055199 4.828307 6.997381 211.344751 35303.609599
270 -16.055199 -4.828307 6.997381 211.344751 35303.609599
270 20.105026 5.403055 8.611823 201.334583 53473.458855
270 -20.105026 -5.403055 8.611823 201.334583 53473.458855
271 14.410376 4.574301 11.658000 215.966917 97993.246722
271 -14.410376 -4.574301 11.658000 215.966917 97993.246722
271 21.603445 5.600781 7.627131 37.299523 41944.066772
271 -21.603445 -5.600781 7.627131 37.299523 41944.066772
271 37.092175 7.338853 6.818926 58.107567 33525.865781
271 -37.092175 -7.338853 6.818926 58.107567 33525.865781
271 25.482826 6.082902 14.744579 58.364285 156751.906625
271 -25.482826 -6.082902 14.744579 58.364285 156751.906625
271 24.845218 6.006320 1.293549 315.571471 1206.462282
271 -24.845218 -6.006320 1.293549 315.571471 1206.462282
271 11.717257 4.124773 13.058945 119.252019 122960.116125
271 -11.717257 -4.124773 13.058945 119.252019 122960.116125
271 21.966570 5.647655 13.844468 35.779747 138197.632481
271 -21.966570 -5.647655 13.844468 35.779747 138197.632481
271 24.106129 5.916308 6.581965 130.427297 31236.273705
271 -24.106129 -5.916308 6.581965 130.427297 31236.273705
271 22.407477 5.704053 5.282944 71.931395 20123.342479
271 -22.407477 -5.704053 5.282944 71.931395 20123.342479
272 22.267872 5.686256 5.276575 131.917872 20074.848777
272 -22.267872 -5.686256 5.276575 131.917872 20074.848777
272 16.032613 4.824910 4.714277 39.933223 16024.270786
272 -16.032613 -4.824910 4.714277 39.933223 16024.270786
272 13.358682 4.404219 5.776677 16.074219 24060.477685
272 -13.358682 -4.404219 5.776677 16.074219 24060.477685
272 10.961414 3.989517 10.855978 215.103214 84973.977254
272 -10.961414 -3.989517 10.855978 215.103214 84973.977254
272 16.691622 4.923074 4.432512 57.563693 14166.022683
272 -16.691622 -4.923074 4.432512 57.563693 14166.022683
272 11.909843 4.158532 3.407700 141.909752 8372.801280
272 -11.909843 -4.158532 3.407700 141.909752 8372.801280
272 26.476802 6.200401 3.178814 35.745552 7285.819364
272 -26.476802 -6.200401 3.178814 35.745552 7285.819364
272 20.676865 5.479354 11.867676 341.943399 101549.886179
272 -20.676865 -5.479354 11.867676 341.943399 101549.886179
272 18.438983 5.174347 6.557773 170.469125 31007.081112
272 -18.438983 -5.174347 6.557773 170.469125 31007.081112
272 27.456605 6.314086 11.420298 51.533595 94037.897874
272 -27.456605 -6.314086 11.420298 51.533595 94037.897874
273 24.199798 5.927791 8.560867 315.444982 52842.525133
273 -24.199798 -5.927791 8.560867 315.444982 52842.525133
273 30.629650 6.668959 4.612400 203.440366 15339.177220
273 -30.629650 -6.668959 4.612400 203.440366 15339.177220
273 23.260298 5.811586 20.603900 21.121584 306088.436872
273 -23.260298 -5.811586 20.603900 21.121584 306088.436872
273 26.269044 6.176027 4.328042 123.551537 13506.130046
273 -26.269044 -6.176027 4.328042 123.551537 13506.130046
273 21.307325 5.562263 18.438839 240.490535 245140.579136
273 -21.307325 -5.562263 18.438839 240.490535 245140.579136
273 21.680393 5.610746 5.784700 171.662033 24127.359678
273 -21.680393 -5.610746 5.784700 171.662033 24127.359678
273 22.326910 5.693789 8.814681 159.670773 56022.337384
273 -22.326910 -5.693789 8.814681 159.670773 56022.337384
273 32.613985 6.881593 4.251381 247.326151 13031.911806
273 -32.613985 -6.881593 4.251381 247.326151 13031.911806
273 17.075925 4.979425 22.471882 46.560576 364105.280463
273 -17.075925 -4.979425 22.471882 46.560576 364105.280463
273 17.228465 5.001616 5.162681 281.879579 19217.574508
273 -17.228465 -5.001616 5.162681 281.879579 19217.574508
273 29.234683 6.515327 7.806985 159.843292 43945.536631
273 -29.234683 -6.515327 7.806985 159.843292 43945.536631
274 13.447276 4.418799 8.123934 170.827707 47586.183930
274 -13.447276 -4.418799 8.123934 170.827707 47586.183930
274 23.171953 5.800539 4.275872 100.308269 13182.491471
274 -23.171953 -5.800539 4.275872 100.308269 13182.491471
274 23.983075 5.901188 2.873254 161.645685 5952.455193
274 -23.983075 -5.901188 2.873254 161.645685 5952.455193
274 18.977105 5.249308 9.905839 155.219701 70750.675426
274 -18.977105 -5.249308 9.905839 155.219701 70750.675426
274 24.583720 5.974628 7.024554 294.083067 35578.327893
274 -24.583720 -5.974628 7.024554 294.083067 35578.327893
274 10.741834 3.949356 1.971372 156.543976 2802.110096
274 -10.741834 -3.949356 1.971372 156.543976 2802.110096
274 22.402162 5.703376 11.000038 167.617609 87244.178617
274 -22.402162 -5.703376 11.000038 167.617609 87244.178617
274 26.183304 6.165940 3.386129 335.485540 8267.133853
274 -26.183304 -6.165940 3.386129 335.485540 8267.133853
274 28.566849 6.440480 8.467662 27.017153 51698.156839
274 -28.566849 -6.440480 8.467662 27.017153 51698.156839
274 6.649297 3.107241 7.413158 41.572029 39623.655966
274 -6.649297 -3.107241 7.413158 41.572029 39623.655966
274 9.714013 3.755661 7.646995 219.472842 42162.822158
274 -9.714013 -3.755661 7.646995 219.472842 42162.822158
275 20.351716 5.436102 6.416074 328.416027 29681.562996
275 -20.351716 -5.436102 6.416074 328.416027 29681.562996
275 16.988860 4.966714 9.348785 70.002713 63017.097154
275 -16.988860 -4.966714 9.348785 70.002713 63017.097154
275 22.935657 5.770888 5.295528 154.216632 20219.324043
275 -22.935657 -5.770888 5.295528 154.216632 20219.324043
275 29.958300 6.595468 4.278688 320.023491 13199.857932
275 -29.958300 -6.595468 4.278688 320.023491 13199.857932
275 28.957926 6.484415 10.978188 18.637665 86897.916589
275 -28.957926 -6.484415 10.978188 18.637665 86897.916589
275 16.641159 4.915626 16.361428 332.491131 193014.743077
275 -16.641159 -4.915626 16.361428 332.491131 193014.743077
275 8.044391 3.417698 2.597386 109.833009 4864.307488
275 -8.044391 -3.417698 2.597386 109.833009 4864.307488
275 20.875898 5.505663 10.715249 9.936947 82785.183864
275 -20.875898 -5.505663 10.715249 9.936947 82785.183864
275 23.088675 5.790106 5.295175 197.787997 20216.627621
275 -23.088675 -5.790106 5.295175 197.787997 20216.627621
275 17.892776 5.097132 4.573722 72.724625 15082.995382
275 -17.892776 -5.097132 4.573722 72.724625 15082.995382
275 30.774784 6.684740 5.672712 102.493501 23202.221695
275 -30.774784 -6.684740 5.672712 102.493501 23202.221695
275 35.894797 7.219428 6.291557 29.269634 28540.684339
275 -35.894797 -7.219428 6.291557 29.269634 28540.684339
276 9.385770 3.691662 17.679838 177.816922 225374.431676
276 -9.385770 -3.691662 17.679838 177.816922 225374.431676
276 28.020960 6.378647 8.360618 217.678481 50399.337188
276 -28.020960 -6.378647 8.360618 217.678481 50399.337188
276 20.247072 5.422108 8.471104 248.730605 51740.202309
276 -20.247072 -5.422108 8.471104 248.730605 51740.202309
276 33.630437 6.988007 7.057772 174.485808 35915.613061
276 -33.630437 -6.988007 7.057772 174.485808 35915.613061
276 18.630428 5.201139 4.890323 309.719985 17243.407958
276 -18.630428 -5.201139 4.890323 309.719985 17243.407958
276 31.367136 6.748768 15.689641 156.525136 177490.075179
276 -31.367136 -6.748768 15.689641 156.525136 177490.075179
276 27.250851 6.290383 4.103894 163.628398 12143.403553
276 -27.250851 -6.290383 4.103894 163.628398 12143.403553
276 22.518449 5.718160 9.541540 206.493680 65642.488743
276 -22.518449 -5.718160 9.541540 206.493680 65642.488743
276 19.548426 5.327739 3.415493 64.791131 8411.141767
276 -19.548426 -5.327739 3.415493 64.791131 8411.141767
276 19.853710 5.369179 5.431585 37.690668 21271.652131
276 -19.853710 -5.369179 5.431585 37.690668 21271.652131
276 21.707525 5.614256 8.555449 306.837802 52775.661920
276 -21.707525 -5.614256 8.555449 306.837802 52775.661920
276 17.564414 5.050145 9.589960 121.878624 66310.406109
276 -17.564414 -5.050145 9.589960 121.878624 66310.406109
277 16.998588 4.968136 11.727186 2.448379 99159.811699
277 -16.998588 -4.968136 11.727186 2.448379 99159.811699
277 20.477476 5.452872 10.803680 224.217240 84157.238483
277 -20.477476 -5.452872 10.803680 224.217240 84157.238483
277 10.826429 3.964876 4.861040 248.021315 17037.524335
277 -10.826429 -3.964876 4.861040 248.021315 17037.524335
277 19.590975 5.333534 14.816052 215.291109 158275.272321
277 -19.590975 -5.333534 14.816052 215.291109 158275.272321
277 17.732491 5.074251 4.979415 184.501784 17877.417553
277 -17.732491 -5.074251 4.979415 184.501784 17877.417553
277 19.994813 5.388225 5.231689 278.887107 19734.764614
277 -19.994813 -5.388225 5.231689 278.887107 19734.764614
277 14.243072 4.547669 5.560970 104.751404 22297.142266
277 -14.243072 -4.547669 5.560970 104.751404 22297.142266
277 39.650831 7.587753 4.558230 81.450787 14980.993559
277 -39.650831 -7.587753 4.558230 81.450787 14980.993559
277 28.219891 6.401249 12.156312 338.607230 106549.576089
277 -28.219891 -6.401249 12.156312 338.607230 106549.576089
277 17.319891 5.014869 19.562110 129.560104 275917.637669
277 -17.319891 -5.014869 19.562110 129.560104 275917.637669
277 17.144164 4.989364 6.981432 63.537226 35142.861476
277 -17.144164 -4.989364 6.981432 63.537226 35142.861476
277 8.720169 3.558357 6.770315 267.444733 33049.573629
277 -8.720169 -3.558357 6.770315 267.444733 33049.573629
277 26.457113 6.198096 7.815647 327.537006 44043.101158
277 -26.457113 -6.198096 7.815647 327.537006 44043.101158
278 20.199003 5.415668 4.886984 138.832632 17219.871132
278 -20.199003 -5.415668 4.886984 138.832632 17219.871132
278 10.210387 3.850420 8.943079 254.511276 57666.320469
278 -10.210387 -3.850420 8.943079 254.511276 57666.320469
278 26.669089 6.222876 2.206338 74.630693 3509.878242
278 -26.669089 -6.222876 2.206338 74.630693 3509.878242
278 9.775745 3.767576 4.337209 290.587420 13563.407212
278 -9.775745 -3.767576 4.337209 290.587420 13563.407212
278 19.811895 5.363522 2.426481 53.433900 4245.236067
278 -19.811895 -5.363522 2.426481 53.433900 4245.236067
278 15.662573 4.768904 31.743259 345.562582 726525.910166
278 -15.662573 -4.768904 31.743259 345.562582 726525.910166
278 13.859933 4.486086 2.351225 147.193886 3985.992385
278 -13.859933 -4.486086 2.351225 147.193886 3985.992385
278 19.083306 5.263975 3.655835 41.824722 9636.540416
278 -19.083306 -5.263975 3.655835 41.824722 9636.540416
278 18.582238 5.194408 10.025111 238.971806 72464.686412
278 -18.582238 -5.194408 10.025111 238.971806 72464.686412
278 17.175750 4.993958 2.785733 337.407545 5595.347480
278 -17.175750 -4.993958 2.785733 337.407545 5595.347480
278 17.266834 5.007182 1.592961 261.297205 1829.609461
278 -17.266834 -5.007182 1.592961 261.297205 1829.609461
278 28.665536 6.451595 3.477623 264.334469 8719.929001
278 -28.665536 -6.451595 3.477623 264.334469 8719.929001
278 18.173465 5.136957 2.153389 297.213569 3343.434843
278 -18.173465 -5.136957 2.153389 297.213569 3343.434843
278 23.821324 5.881255 6.441180 107.152854 29914.308057
278 -23.821324 -5.881255 6.441180 107.152854 29914.308057
279 22.477538 5.712963 3.880134 278.374090 10855.289537
279 -22.477538 -5.712963 3.880134 278.374090 10855.289537
279 12.044015 4.181891 4.222994 154.150729 12858.463186
279 -12.044015 -4.181891 4.222994 154.150729 12858.463186
279 14.420800 4.575955 3.910674 141.910190 11026.845542
279 -14.420800 -4.575955 3.910674 141.910190 11026.845542
279 14.546211 4.595809 8.764643 354.686768 55388.106330
279 -14.546211 -4.595809 8.764643 354.686768 55388.106330
279 22.192403 5.676612 6.553322 281.556597 30965.002982
279 -22.192403 -5.676612 6.553322 281.556597 30965.002982
279 27.985152 6.374570 13.282891 69.217749 127213.524636
279 -27.985152 -6.374570 13.282891 69.217749 127213.524636
279 24.631021 5.980373 10.898041 119.042819 85633.745563
279 -24.631021 -5.980373 10.898041 119.042819 85633.745563
279 24.988903 6.023663 4.281741 200.567260 13218.701401
279 -24.988903 -6.023663 4.281741 200.567260 13218.701401
279 14.509626 4.590026 6.145992 347.038828 27235.293190
279 -14.509626 -4.590026 6.145992 347.038828 27235.293190
279 16.507043 4.895778 14.700904 356.847637 155824.650697
279 -16.507043 -4.895778 14.700904 356.847637 155824.650697
279 20.276519 5.426049 12.089882 256.198396 105388.244262
279 -20.276519 -5.426049 12.089882 256.198396 105388.244262
279 23.118997 5.793907 3.193839 256.115655 7354.853686
279 -23.118997 -5.793907 3.193839 256.115655 7354.853686
279 15.701247 4.774788 1.282415 239.381087 1185.783317
279 -15.701247 -4.774788 1.282415 239.381087 1185.783317
279 29.717573 6.568916 5.906457 277.426785 25153.718597
279 -29.717573 -6.568916 5.906457 277.426785 25153.718597
280 26.537350 6.207487 11.545139 256.668650 96105.092702
280 -26.537350 -6.207487 11.545139 256.668650 96105.092702
280 16.087457 4.833155 3.978544 151.383690 11412.910234
280 -16.087457 -4.833155 3.978544 151.383690 11412.910234
280 23.650430 5.860121 4.871200 252.269056 17108.814605
280 -23.650430 -5.860121 4.871200 252.269056 17108.814605
280 20.631280 5.473311 6.780262 30.234573 33146.751263
280 -20.631280 -5.473311 6.780262 30.234573 33146.751263
280 20.219800 5.418455 2.815986 150.143340 5717.539391
280 -20.219800 -5.418455 2.815986 150.143340 5717.539391
280 11.467262 4.080533 19.757831 55.822499 281466.424052
280 -11.467262 -4.080533 19.757831 55.822499 281466.424052
280 12.276326 4.222029 4.045296 152.348415 11799.093876
280 -12.276326 -4.222029 4.045296 152.348415 11799.093876
280 7.646054 3.332006 4.962430 202.211338 17755.660930
280 -7.646054 -3.332006 4.962430 202.211338 17755.660930
280 27.981376 6.374140 3.652457 257.917215 9618.742124
280 -27.981376 -6.374140 3.652457 257.917215 9618.742124
280 21.169724 5.544273 4.230273 18.980796 12902.823868
280 -21.169724 -5.544273 4.230273 18.980796 12902.823868
280 22.990994 5.777845 12.251930 218.285985 108232.349362
280 -22.990994 -5.777845 12.251930 218.285985 108232.349362
280 10.143862 3.837856 4.271079 326.881295 13152.952164
280 -10.143862 -3.837856 4.271079 326.881295 13152.952164
280 10.119128 3.833174 9.039640 57.595232 58918.324257
280 -10.119128 -3.833174 9.039640 57.595232 58918.324257
280 27.225254 6.287428 8.677821 111.683064 54296.202283
280 -27.225254 -6.287428 8.677821 111.683064 54296.202283
280 19.682619 5.345994 2.250191 19.099473 3650.788331
280 -19.682619 -5.345994 2.250191 19.099473 3650.788331
281 -2.565965 1.930245 6.241914 353.759773 28092.059319
281 2.565965 -1.930245 6.241914 353.759773 28092.059319
281 19.458606 5.315485 10.688558 146.450380 82373.267831
281 -19.458606 -5.315485 10.688558 146.450380 82373.267831
281 9.793595 3.771014 11.057349 324.824122 88155.641146
281 -9.793595 -3.771014 11.057349 324.824122 88155.641146
281 12.344823 4.233792 7.166922 8.494204 37035.096190
281 -12.344823 -4.233792 7.166922 8.494204 37035.096190
281 25.900968 6.132606 9.298834 177.562125 62345.489545
281 -25.900968 -6.132606 9.298834 177.562125 62345.489545
281 19.032130 5.256912 7.410088 217.530110 39590.849871
281 -19.032130 -5.256912 7.410088 217.530110 39590.849871
281 28.441209 6.426301 8.071491 272.542870 46973.789467
281 -28.441209 -6.426301 8.071491 272.542870 46973.789467
281 19.528600 5.325037 7.942223 313.776087 45481.232169
281 -19.528600 -5.325037 7.942223 313.776087 45481.232169
281 23.530985 5.845304 11.295910 351.756588 92000.571608
281 -23.530985 -5.845304 11.295910 351.756588 92000.571608
281 21.904480 5.639668 6.352391 72.944005 29095.275726
281 -21.904480 -5.639668 6.352391 72.944005 29095.275726
281 27.374199 6.304603 9.077657 308.962186 59414.928106
281 -27.374199 -6.304603 9.077657 308.962186 59414.928106
281 24.945275 6.018402 8.314187 245.237067 49841.103107
281 -24.945275 -6.018402 8.314187 245.237067 49841.103107
281 20.399308 5.442454 10.208731 159.691376 75143.524245
281 -20.399308 -5.442454 10.208731 159.691376 75143.524245
281 15.709006 4.775968 3.484225 206.217295 8753.072738
281 -15.709006 -4.775968 3.484225 206.217295 8753.072738
281 21.624633 5.603526 7.706028 181.404872 42816.307089
281 -21.624633 -5.603526 7.706028 181.404872 42816.307089
281 18.186932 5.138860 5.479168 200.027565 21645.978980
281 -18.186932 -5.138860 5.479168 200.027565 21645.978980
282 22.484630 5.713864 3.158938 132.414611 7194.990719
282 -22.484630 -5.713864 3.158938 132.414611 7194.990719
282 25.568828 6.093158 6.850716 319.669619 33839.195430
282 -25.568828 -6.093158 6.850716 319.669619 33839.195430
282 16.172816 4.845961 11.833925 236.540473 100973.102443
282 -16.172816 -4.845961 11.833925 236.540473 100973.102443
282 13.344996 4.401962 6.895569 41.227606 34283.752190
282 -13.344996 -4.401962 6.895569 41.227606 34283.752190
282 15.936134 4.810371 9.808009 331.227260 69360.106548
282 -15.936134 -4.810371 9.808009 331.227260 69360.106548
282 10.711781 3.943827 2.812561 322.626569 5703.638802
282 -10.711781 -3.943827 2.812561 322.626569 5703.638802
282 24.746630 5.994391 5.585764 281.067162 22496.407690
282 -24.746630 -5.994391 5.585764 281.067162 22496.407690
282 10.627090 3.928206 4.932729 329.082696 17543.754371
282 -10.627090 -3.928206 4.932729 329.082696 17543.754371
282 18.346244 5.161318 3.648597 189.836719 9598.424906
282 -18.346244 -5.161318 3.648597 189.836719 9598.424906
282 30.852442 6.693169 7.286487 31.228782 38281.109023
282 -30.852442 -6.693169 7.286487 31.228782 38281.109023
282 29.893197 6.588298 6.754529 216.769460 32895.631633
282 -29.893197 -6.588298 6.754529 216.769460 32895.631633
282 18.423416 5.172162 4.646030 115.236164 15563.674637
282 -18.423416 -5.172162 4.646030 115.236164 15563.674637
282 25.468003 6.081133 11.054474 206.337982 88109.799536
282 -25.468003 -6.081133 11.054474 206.337982 88109.799536
282 11.864929 4.150684 13.035771 93.556491 122524.100665
282 -11.864929 -4.150684 13.035771 93.556491 122524.100665
282 15.163596 4.692326 4.916972 41.928320 17431.850820
282 -15.163596 -4.692326 4.916972 41.928320 17431.850820
282 13.552871 4.436114 13.040325 279.214530 122609.718417
282 -13.552871 -4.436114 13.040325 279.214530 122609.718417
283 8.771344 3.568783 6.378237 311.473214 29332.519501
283 -8.771344 -3.568783 6.378237 311.473214 29332.519501
283 9.529188 3.719761 4.868593 279.385846 17090.512657
283 -9.529188 -3.719761 4.868593 279.385846 17090.512657
283 0.528499 0.876010 6.108363 97.183455 26902.813407
283 -0.528499 -0.876010 6.108363 97.183455 26902.813407
283 10.629284 3.928611 11.553787 211.749660 96249.117048
283 -10.629284 -3.928611 11.553787 211.749660 96249.117048
283 15.678548 4.771336 9.208734 124.878188 61143.171538
283 -15.678548 -4.771336 9.208734 124.878188 61143.171538
283 19.105864 5.267086 10.225904 160.388087 75396.555636
283 -19.105864 -5.267086 10.225904 160.388087 75396.555636
283 27.243635 6.289550 3.252858 331.200946 7629.187644
283 -27.243635 -6.289550 3.252858 331.200946 7629.187644
283 17.575919 5.051799 4.361189 53.686581 13713.802768
283 -17.575919 -5.051799 4.361189 53.686581 13713.802768
283 25.801763 6.120850 4.439261 199.214272 14209.192425
283 -25.801763 -6.120850 4.439261 199.214272 14209.192425
283 30.641091 6.670205 20.919439 94.010554 315535.435076
283 -30.641091 -6.670205 20.919439 94.010554 315535.435076
283 11.338420 4.057545 3.448890 350.493269 8576.434602
283 -11.338420 -4.057545 3.448890 350.493269 8576.434602
283 24.359110 5.947271 5.588170 38.955327 22515.795325
283 -24.359110 -5.947271 5.588170 38.955327 22515.795325
283 17.725790 5.073292 7.551940 262.210547 41121.137667
283 -17.725790 -5.073292 7.551940 262.210547 41121.137667
283 24.974350 6.021908 4.345114 29.028767 13612.891731
283 -24.974350 -6.021908 4.345114 29.028767 13612.891731
283 18.392537 5.167826 8.673260 286.183610 54239.145421
283 -18.392537 -5.167826 8.673260 286.183610 54239.145421
283 18.353836 5.162386 12.999443 94.485635 121842.149787
283 -18.353836 -5.162386 12.999443 94.485635 121842.149787
283 7.999154 3.408074 12.435174 212.595526 111494.071673
283 -7.999154 -3.408074 12.435174 212.595526 111494.071673
284 7.082558 3.206876 6.078701 2.726581 26642.168726
284 -7.082558 -3.206876 6.078701 2.726581 26642.168726
284 25.953023 6.138765 10.640606 242.248946 81635.827756
284 -25.953023 -6.138765 10.640606 242.248946 81635.827756
284 31.295142 6.741018 7.295609 213.381191 38377.008209
284 -31.295142 -6.741018 7.295609 213.381191 38377.008209
284 10.265780 3.860851 24.694952 261.612912 439708.085637
284 -10.265780 -3.860851 24.694952 261.612912 439708.085637
284 5.173985 2.740941 5.784390 352.034871 24124.772277
284 -5.173985 -2.740941 5.784390 352.034871 24124.772277
284 5.883177 2.922759 16.883159 303.722766 205520.657232
284 -5.883177 -2.922759 16.883159 303.722766 205520.657232
284 13.047814 4.352672 6.038254 353.971501 26288.799748
284 -13.047814 -4.352672 6.038254 353.971501 26288.799748
284 0.754396 1.046615 10.295219 9.382611 76422.147309
284 -0.754396 -1.046615 10.295219 9.382611 76422.147309
284 6.813995 3.145487 3.278124 33.533799 7748.164551
284 -6.813995 -3.145487 3.278124 33.533799 7748.164551
284 20.222411 5.418805 3.210040 104.315063 7429.658144
284 -20.222411 -5.418805 3.210040 104.315063 7429.658144
284 22.762286 5.749035 3.912867 63.415676 11039.217081
284 -22.762286 -5.749035 3.912867 63.415676 11039.217081
284 25.533314 6.088925 10.267107 353.165275 76005.368800
284 -25.533314 -6.088925 10.267107 353.165275 76005.368800
284 12.758984 4.304226 12.385726 169.150665 110609.141496
284 -12.758984 -4.304226 12.385726 169.150665 110609.141496
284 19.299880 5.293761 5.378573 136.337709 20858.460310
284 -19.299880 -5.293761 5.378573 136.337709 20858.460310
284 23.148355 5.797585 11.074851 249.823400 88434.941892
284 -23.148355 -5.797585 11.074851 249.823400 88434.941892
284 18.244925 5.147046 6.865265 295.150125 33983.080751
284 -18.244925 -5.147046 6.865265 295.150125 33983.080751
284 12.736837 4.300489 3.501313 247.100623 8839.140593
284 -12.736837 -4.300489 3.501313 247.100623 8839.140593
284 19.973616 5.385368 3.964285 174.168828 11331.247100
284 -19.973616 -5.385368 3.964285 174.168828 11331.247100
285 18.615287 5.199025 6.858946 186.940459 33920.542319
285 -18.615287 -5.199025 6.858946 186.940459 33920.542319
285 29.179595 6.509186 12.033108 281.748215 104400.770288
285 -29.179595 -6.509186 12.033108 281.748215 104400.770288
285 30.750960 6.682153 15.216854 41.571866 166954.386748
285 -30.750960 -6.682153 15.216854 41.571866 166954.386748
285 33.342826 6.958061 10.022489 120.340593 72426.792714
285 -33.342826 -6.958061 10.022489 120.340593 72426.792714
285 26.905847 6.250437 8.857392 302.251343 56566.562227
285 -26.905847 -6.250437 8.857392 302.251343 56566.562227
285 28.238889 6.403403 5.638413 317.789472 22922.491070
285 -28.238889 -6.403403 5.638413 317.789472 22922.491070
285 21.626321 5.603745 4.558352 173.415206 14981.794360
285 -21.626321 -5.603745 4.558352 173.415206 14981.794360
285 21.619024 5.602800 2.737169 31.932864 5401.961053
285 -21.619024 -5.602800 2.737169 31.932864 5401.961053
285 23.865075 5.886653 4.661780 300.528703 15669.371192
285 -23.865075 -5.886653 4.661780 300.528703 15669.371192
285 24.839676 6.005650 3.914013 82.865294 11045.686118
285 -24.839676 -6.005650 3.914013 82.865294 11045.686118
285 16.709869 4.925764 2.774771 271.056273 5551.396835
285 -16.709869 -4.925764 2.774771 271.056273 5551.396835
285 10.138364 3.836816 5.492015 349.439516 21747.609623
285 -10.138364 -3.836816 5.492015 349.439516 21747.609623
285 9.004729 3.615950 3.720542 202.655136 9980.687018
285 -9.004729 -3.615950 3.720542 202.655136 9980.687018
285 19.323872 5.297051 2.599974 299.103730 4874.005275
285 -19.323872 -5.297051 2.599974 299.103730 4874.005275
285 14.420766 4.575949 5.377037 95.798227 20846.545055
285 -14.420766 -4.575949 5.377037 95.798227 20846.545055
285 20.294282 5.428426 3.989231 17.531465 11474.305247
285 -20.294282 -5.428426 3.989231 17.531465 11474.305247
285 27.933461 6.368680 12.318778 291.657467 109416.636426
285 -27.933461 -6.368680 12.318778 291.657467 109416.636426
285 6.551677 3.084347 8.198758 93.714455 48466.788858
285 -6.551677 -3.084347 8.198758 93.714455 48466.788858
286 18.805048 5.225457 17.161616 349.739958 212355.952652
286 -18.805048 -5.225457 17.161616 349.739958 212355.952652
286 12.139083 4.198363 18.939843 306.899659 258643.046107
286 -12.139083 -4.198363 18.939843 306.899659 258643.046107
286 22.357808 5.697727 8.308412 150.486217 49771.891075
286 -22.357808 -5.697727 8.308412 150.486217 49771.891075
286 29.018794 6.491226 7.608916 199.004425 41743.956813
286 -29.018794 -6.491226 7.608916 199.004425 41743.956813
286 19.768273 5.357614 11.157957 288.532976 89767.154394
286 -19.768273 -5.357614 11.157957 288.532976 89767.154394
286 10.526641 3.909597 7.454446 151.689150 40066.263168
286 -10.526641 -3.909597 7.454446 151.689150 40066.263168
286 12.664660 4.288287 4.862933 232.640576 17050.792537
286 -12.664660 -4.288287 4.862933 232.640576 17050.792537
286 15.696285 4.774034 5.782643 75.766221 24110.204640
286 -15.696285 -4.774034 5.782643 75.766221 24110.204640
286 28.968639 6.485614 1.826375 333.300230 2405.071009
286 -28.968639 -6.485614 1.826375 333.300230 2405.071009
286 9.212203 3.657369 8.663687 22.564405 54119.472396
286 -9.212203 -3.657369 8.663687 22.564405 54119.472396
286 24.637095 5.981110 7.096115 229.656247 36306.919827
286 -24.637095 -5.981110 7.096115 229.656247 36306.919827
286 37.337481 7.363081 12.060208 342.235689 104871.544251
286 -37.337481 -7.363081 12.060208 342.235689 104871.544251
286 17.433837 5.031338 6.053230 29.558645 26419.369049
286 -17.433837 -5.031338 6.053230 29.558645 26419.369049
286 15.674981 4.770793 3.917560 107.327630 11065.714583
286 -15.674981 -4.770793 3.917560 107.327630 11065.714583
286 26.295494 6.179135 16.868826 88.779349 205171.854394
286 -26.295494 -6.179135 16.868826 88.779349 205171.854394
286 14.149837 4.532760 4.838094 264.980982 16877.054636
286 -14.149837 -4.532760 4.838094 264.980982 16877.054636
286 20.669332 5.478356 3.382235 301.675748 8248.133144
286 -20.669332 -5.478356 3.382235 301.675748 8248.133144
286 14.797847 4.635390 11.520163 0.769582 95689.724133
286 -14.797847 -4.635390 11.520163 0.769582 95689.724133
286 13.393512 4.409956 4.114637 120.652656 12207.061099
286 -13.393512 -4.409956 4.114637 120.652656 12207.061099
287 19.904460 5.376037 7.934834 296.633811 45396.645867
287 -19.904460 -5.376037 7.934834 296.633811 45396.645867
287 12.266227 4.220293 6.532426 153.666419 30767.842695
287 -12.266227 -4.220293 6.532426 153.666419 30767.842695
287 21.627277 5.603869 6.346067 150.194978 29037.376783
287 -21.627277 -5.603869 6.346067 150.194978 29037.376783
287 29.807579 6.578856 6.988734 54.801607 35216.411842
287 -29.807579 -6.578856 6.988734 54.801607 35216.411842
287 32.854769 6.906949 13.917016 304.114029 139649.807248
287 -32.854769 -6.906949 13.917016 304.114029 139649.807248
287 30.844020 6.692256 12.889776 293.385276 119795.041358
287 -30.844020 -6.692256 12.889776 293.385276 119795.041358
287 24.627853 5.979988 6.782431 210.643229 33167.961800
287 -24.627853 -5.979988 6.782431 210.643229 33167.961800
287 5.114381 2.725107 5.476680 73.322873 21626.329004
287 -5.114381 -2.725107 5.476680 73.322873 21626.329004
287 22.804334 5.754343 10.873219 185.649550 85244.105276
287 -22.804334 -5.754343 10.873219 185.649550 85244.105276
287 9.191816 3.653320 6.198908 68.021870 27706.295200
287 -9.191816 -3.653320 6.198908 68.021870 27706.295200
287 23.745560 5.871895 14.962357 271.730262 161416.556109
287 -23.745560 -5.871895 14.962357 271.730262 161416.556109
287 22.688413 5.739699 7.607666 64.444720 41730.247616
287 -22.688413 -5.739699 7.607666 64.444720 41730.247616
287 16.113037 4.836996 8.712852 225.036293 54735.460844
287 -16.113037 -4.836996 8.712852 225.036293 54735.460844
287 12.098666 4.191368 5.717840 38.977369 23572.849794
287 -12.098666 -4.191368 5.717840 38.977369 23572.849794
287 26.788431 6.236784 20.490660 67.438665 302733.129638
287 -26.788431 -6.236784 20.490660 67.438665 302733.129638
287 17.756034 5.077618 5.131394 108.113887 18985.361206
287 -17.756034 -5.077618 5.131394 108.113887 18985.361206
287 -1.978065 1.694756 3.596983 195.483426 9328.781331
287 1.978065 -1.694756 3.596983 195.483426 9328.781331
287 22.946172 5.772211 11.418637 219.288353 94010.545809
287 -22.946172 -5.772211 11.418637 219.288353 94010.545809
287 12.697479 4.293839 3.957061 265.702073 11289.990925
287 -12.697479 -4.293839 3.957061 265.702073 11289.990925
288 5.997563 2.951036 3.466210 150.613248 8662.791781
288 -5.997563 -2.951036 3.466210 150.613248 8662.791781
288 27.642828 6.335462 7.779665 146.699723 43638.507598
288 -27.642828 -6.335462 7.779665 146.699723 43638.507598
288 22.500832 5.715923 5.551848 74.482396 22224.048811
288 -22.500832 -5.715923 5.551848 74.482396 22224.048811
288 0.536979 0.883010 4.171046 18.351114 12544.056198
288 -0.536979 -0.883010 4.171046 18.351114 12544.056198
288 15.784686 4.787458 8.589381 184.677713 53195.116997
288 -15.784686 -4.787458 8.589381 184.677713 53195.116997
288 21.380673 5.571828 4.926662 191.321453 17500.625496
288 -21.380673 -5.571828 4.926662 191.321453 17500.625496
288 23.469946 5.837718 8.039661 302.439404 46604.037591
288 -23.469946 -5.837718 8.039661 302.439404 46604.037591
288 25.868008 6.128703 7.406789 255.447061 39555.599615
288 -25.868008 -6.128703 7.406789 255.447061 39555.599615
288 20.164166 5.410996 18.198883 109.907013 238801.758373
288 -20.164166 -5.410996 18.198883 109.907013 238801.758373
288 21.612986 5.602017 7.888625 40.843340 44869.442245
288 -21.612986 -5.602017 7.888625 40.843340 44869.442245
288 9.925230 3.796272 15.527854 13.178202 173848.508001
288 -9.925230 -3.796272 15.527854 13.178202 173848.508001
288 19.742437 5.354112 7.587459 194.128347 41508.856780
288 -19.742437 -5.354112 7.587459 194.128347 41508.856780
288 14.191532 4.539434 6.534146 137.379049 30784.050655
288 -14.191532 -4.539434 6.534146 137.379049 30784.050655
288 3.265841 2.177632 3.353226 135.241988 8107.253537
288 -3.265841 -2.177632 3.353226 135.241988 8107.253537
288 24.078238 5.912885 6.594031 295.299150 31350.901596
288 -24.078238 -5.912885 6.594031 295.299150 31350.901596
288 16.771990 4.934911 11.503878 116.049606 95419.381143
288 -16.771990 -4.934911 11.503878 116.049606 95419.381143
288 28.476310 6.430265 4.453932 287.583242 14303.269687
288 -28.476310 -6.430265 4.453932 287.583242 14303.269687
288 19.760537 5.356565 4.422818 135.255897 14104.125945
288 -19.760537 -5.356565 4.422818 135.255897 14104.125945
288 16.121026 4.838195 5.148885 69.163158 19115.007380
288 -16.121026 -4.838195 5.148885 69.163158 19115.007380
288 8.365934 3.485333 9.805299 39.962225 69321.789519
288 -8.365934 -3.485333 9.805299 39.962225 69321.789519
289 29.386830 6.532259 3.034432 171.274972 6639.003642
289 -29.386830 -6.532259 3.034432 171.274972 6639.003642
289 19.237277 5.285169 5.721638 68.034856 23604.176950
289 -19.237277 -5.285169 5.721638 68.034856 23604.176950
289 31.069749 6.716700 15.669367 111.821079 177031.684105
289 -31.069749 -6.716700 15.669367 111.821079 177031.684105
289 11.214809 4.035366 3.058319 145.747295 6743.941118
289 -11.214809 -4.035366 3.058319 145.747295 6743.941118
289 15.938049 4.810660 7.362500 144.877319 39083.974247
289 -15.938049 -4.810660 7.362500 144.877319 39083.974247
289 7.939821 3.395411 5.733301 111.802954 23700.501602
289 -7.939821 -3.395411 5.733301 111.802954 23700.501602
289 15.518017 4.746846 10.498926 226.072461 79476.333996
289 -15.518017 -4.746846 10.498926 226.072461 79476.333996
289 8.147745 3.439583 8.258927 320.426658 49180.765146
289 -8.147745 -3.439583 8.258927 320.426658 49180.765146
289 10.683258 3.938573 4.600105 92.803558 15257.505146
289 -10.683258 -3.938573 4.600105 92.803558 15257.505146
289 25.569246 6.093208 4.506461 3.619527 14642.636614
289 -25.569246 -6.093208 4.506461 3.619527 14642.636614
289 15.842330 4.796192 9.506673 187.061921 65163.616644
289 -15.842330 -4.796192 9.506673 187.061921 65163.616644
289 21.511505 5.588850 12.455996 246.262027 111867.772241
289 -21.511505 -5.588850 12.455996 246.262027 111867.772241
289 14.785275 4.633421 11.884010 232.025642 101829.609931
289 -14.785275 -4.633421 11.884010 232.025642 101829.609931
289 18.333557 5.159533 6.576334 143.836842 31182.847430
289 -18.333557 -5.159533 6.576334 143.836842 31182.847430
289 30.167222 6.618426 7.629180 137.725016 41966.599969
289 -30.167222 -6.618426 7.629180 137.725016 41966.599969
289 11.092125 4.013234 5.211463 95.532767 19582.465083
289 -11.092125 -4.013234 5.211463 95.532767 19582.465083
289 11.121277 4.018504 11.378837 248.527698 93356.343064
289 -11.121277 -4.018504 11.378837 248.527698 93356.343064
289 12.945754 4.335615 10.637549 310.525612 81588.931500
289 -12.945754 -4.335615 10.637549 310.525612 81588.931500
289 16.673311 4.920372 8.341361 216.644608 50167.433216
289 -16.673311 -4.920372 8.341361 216.644608 50167.433216
289 22.704239 5.741700 14.676400 228.882302 155305.606733
289 -22.704239 -5.741700 14.676400 228.882302 155305.606733
289 12.548665 4.268603 2.716229 55.060759 5319.621957
289 -12.548665 -4.268603 2.716229 55.060759 5319.621957
290 14.526608 4.592711 7.010744 164.471706 35438.577783
290 -14.526608 -4.592711 7.010744 164.471706 35438.577783
290 35.031159 7.132049 5.890190 255.691239 25015.353718
290 -35.031159 -7.132049 5.890190 255.691239 25015.353718
290 19.762909 5.356887 18.673115 40.271719 251409.462875
290 -19.762909 -5.356887 18.673115 40.271719 251409.462875
290 13.887924 4.490614 4.503528 35.879827 14623.584174
290 -13.887924 -4.490614 4.503528 35.879827 14623.584174
290 16.958470 4.962270 5.673302 112.935380 23207.048582
290 -16.958470 -4.962270 5.673302 112.935380 23207.048582
290 14.747550 4.627506 8.897965 289.797937 57085.979324
290 -14.747550 -4.627506 8.897965 289.797937 57085.979324
290 19.621267 5.337656 12.510780 176.506219 112853.976568
290 -19.621267 -5.337656 12.510780 176.506219 112853.976568
290 29.947629 6.594293 2.862664 227.554873 5908.657693
290 -29.947629 -6.594293 2.862664 227.554873 5908.657693
290 11.412894 4.070849 10.538011 314.041269 80069.174878
290 -11.412894 -4.070849 10.538011 314.041269 80069.174878
290 23.191425 5.802976 7.311447 150.599410 38543.817300
290 -23.191425 -5.802976 7.311447 150.599410 38543.817300
290 10.839272 3.967228 5.311816 202.870988 20343.898907
290 -10.839272 -3.967228 5.311816 202.870988 20343.898907
290 6.527423 3.078633 5.723342 114.983367 23618.235904
290 -6.527423 -3.078633 5.723342 114.983367 23618.235904
290 14.257849 4.550028 9.640145 347.760654 67006.227214
290 -14.257849 -4.550028 9.640145 347.760654 67006.227214
290 14.948064 4.658859 6.765121 265.938010 32998.876836
290 -14.948064 -4.658859 6.765121 265.938010 32998.876836
290 22.873916 5.763115 1.882446 13.065641 2555.012587
290 -22.873916 -5.763115 1.882446 13.065641 2555.012587
290 19.108204 5.267408 3.357635 151.920875 8128.588425
290 -19.108204 -5.267408 3.357635 151.920875 8128.588425
290 11.994085 4.173213 2.978654 156.393578 6397.175873
290 -11.994085 -4.173213 2.978654 156.393578 6397.175873
290 6.776480 3.136817 3.759314 280.086466 10189.790391
290 -6.776480 -3.136817 3.759314 280.086466 10189.790391
290 18.377428 5.165703 5.935035 129.775017 25397.715330
290 -18.377428 -5.165703 5.935035 129.775017 25397.715330
290 16.541891 4.900943 3.596693 275.365670 9327.278139
290 -16.541891 -4.900943 3.596693 275.365670 9327.278139
290 26.064378 6.151921 5.386938 356.009374 20923.392432
290 -26.064378 -6.151921 5.386938 356.009374 20923.392432
291 23.180355 5.801591 8.931026 320.183215 57510.986903
291 -23.180355 -5.801591 8.931026 320.183215 57510.986903
291 21.873749 5.635710 4.528874 261.416667 14788.651618
291 -21.873749 -5.635710 4.528874 261.416667 14788.651618
291 14.105618 4.525672 5.360672 94.031525 20719.850092
291 -14.105618 -4.525672 5.360672 94.031525 20719.850092
291 21.843555 5.631819 4.715833 324.886434 16034.849751
291 -21.843555 -5.631819 4.715833 324.886434 16034.849751
291 19.436296 5.312437 9.290987 97.579112 62240.311150
291 -19.436296 -5.312437 9.290987 97.579112 62240.311150
291 18.016094 5.114667 6.533495 340.469667 30777.914453
291 -18.016094 -5.114667 6.533495 340.469667 30777.914453
291 24.554295 5.971051 5.855092 156.718926 24718.127523
291 -24.554295 -5.971051 5.855092 156.718926 24718.127523
291 33.282805 6.951796 7.787277 213.538155 43723.942461
291 -33.282805 -6.951796 7.787277 213.538155 43723.942461
291 29.396456 6.533329 8.718421 66.149909 54805.444573
291 -29.396456 -6.533329 8.718421 66.149909 54805.444573
291 11.088660 4.012607 7.269865 143.540789 38106.653855
291 -11.088660 -4.012607 7.269865 143.540789 38106.653855
291 24.172897 5.924496 7.308366 307.042170 38511.343233
291 -24.172897 -5.924496 7.308366 307.042170 38511.343233
291 9.875583 3.786766 2.943410 18.171574 6246.684386
291 -9.875583 -3.786766 2.943410 18.171574 6246.684386
291 25.539265 6.089635 3.512087 213.554349 8893.619337
291 -25.539265 -6.089635 3.512087 213.554349 8893.619337
291 28.126219 6.390616 6.824529 96.620269 33580.988133
291 -28.126219 -6.390616 6.824529 96.620269 33580.988133
291 26.832512 6.241913 7.092944 28.813695 36274.477178
291 -26.832512 -6.241913 7.092944 28.813695 36274.477178
291 20.608189 5.470247 4.552656 329.648734 14944.377643
291 -20.608189 -5.470247 4.552656 329.648734 14944.377643
291 31.447777 6.757437 2.590484 309.267724 4838.490385
291 -31.447777 -6.757437 2.590484 309.267724 4838.490385
291 12.140884 4.198675 7.412168 123.373654 39613.081814
291 -12.140884 -4.198675 7.412168 123.373654 39613.081814
291 12.641802 4.284415 1.289772 89.314339 1199.426660
291 -12.641802 -4.284415 1.289772 89.314339 1199.426660
291 31.666700 6.780917 7.005296 43.603974 35383.524408
291 -31.666700 -6.780917 7.005296 43.603974 35383.524408
291 21.928945 5.642816 10.795378 140.665497 84027.957143
291 -21.928945 -5.642816 10.795378 140.665497 84027.957143
291 12.491995 4.258954 17.078354 7.814089 210300.387018
291 -12.491995 -4.258954 17.078354 7.814089 210300.387018
292 22.728854 5.744812 7.832597 99.600093 44234.345218
292 -22.728854 -5.744812 7.832597 99.600093 44234.345218
292 17.475648 5.037368 2.677140 300.829741 5167.614616
292 -17.475648 -5.037368 2.677140 300.829741 5167.614616
292 26.386917 6.189868 4.313539 35.514562 13415.766745
292 -26.386917 -6.189868 4.313539 35.514562 13415.766745
292 17.796570 5.083411 18.847407 108.386441 256124.607095
292 -17.796570 -5.083411 18.847407 108.386441 256124.607095
292 18.467473 5.178343 4.723727 184.755809 16088.576365
292 -18.467473 -5.178343 4.723727 184.755809 16088.576365
292 22.550110 5.722178 2.570844 95.511651 4765.401940
292 -22.550110 -5.722178 2.570844 95.511651 4765.401940
292 -2.189525 1.783044 13.584213 253.293885 133050.659464
292 2.189525 -1.783044 13.584213 253.293885 133050.659464
292 13.405982 4.412009 6.488282 1.455951 30353.414546
292 -13.405982 -4.412009 6.488282 1.455951 30353.414546
292 25.600892 6.096978 12.038360 26.473518 104491.926494
292 -25.600892 -6.096978 12.038360 26.473518 104491.926494
292 17.447859 5.033361 6.926136 149.216738 34588.374094
292 -17.447859 -5.033361 6.926136 149.216738 34588.374094
292 26.515870 6.204974 9.666614 114.361271 67374.695626
292 -26.515870 -6.204974 9.666614 114.361271 67374.695626
292 32.815385 6.902808 6.427364 131.001400 29786.114351
292 -32.815385 -6.902808 6.427364 131.001400 29786.114351
292 9.053485 3.625726 2.585857 133.085562 4821.220712
292 -9.053485 -3.625726 2.585857 133.085562 4821.220712
292 14.759678 4.629408 6.776136 32.483552 33106.430124
292 -14.759678 -4.629408 6.776136 32.483552 33106.430124
292 25.393541 6.072237 6.444605 218.029610 29946.129915
292 -25.393541 -6.072237 6.444605 218.029610 29946.129915
292 22.374520 5.699856 6.496896 39.367745 30434.056156
292 -22.374520 -5.699856 6.496896 39.367745 30434.056156
292 19.883122 5.373155 14.780734 48.053710 157521.579619
292 -19.883122 -5.373155 14.780734 48.053710 157521.579619
292 9.268020 3.668432 7.604567 31.644196 41696.255646
292 -9.268020 -3.668432 7.604567 31.644196 41696.255646
292 6.718262 3.123313 9.294865 285.969869 62292.280253
292 -6.718262 -3.123313 9.294865 285.969869 62292.280253
292 29.656473 6.562160 7.870371 288.150281 44662.029127
292 -29.656473 -6.562160 7.870371 288.150281 44662.029127
292 22.668674 5.737202 6.603834 116.050933 31444.190758
292 -22.668674 -5.737202 6.603834 116.050933 31444.190758
292 17.581452 5.052594 11.784425 1.145533 100130.141536
292 -17.581452 -5.052594 11.784425 1.145533 100130.141536
293 15.750807 4.782318 9.412468 89.173349 63878.562908
293 -15.750807 -4.782318 9.412468 89.173349 63878.562908
293 6.784029 3.138563 17.699770 75.561974 225882.886650
293 -6.784029 -3.138563 17.699770 75.561974 225882.886650
293 8.545712 3.522582 2.647576 13.081231 5054.111986
293 -8.545712 -3.522582 2.647576 13.081231 5054.111986
293 19.177883 5.277003 5.805943 232.520473 24304.890044
293 -19.177883 -5.277003 5.805943 232.520473 24304.890044
293 18.916773 5.240957 7.134693 317.608539 36702.753195
293 -18.916773 -5.240957 7.134693 317.608539 36702.753195
293 9.234231 3.661739 6.965511 91.376057 34982.756325
293 -9.234231 -3.661739 6.965511 91.376057 34982.756325
293 5.339125 2.784339 3.350522 52.235272 8094.183207
293 -5.339125 -2.784339 3.350522 52.235272 8094.183207
293 30.111366 6.612296 9.175174 262.938813 60698.318559
293 -30.111366 -6.612296 9.175174 262.938813 60698.318559
293 19.497964 5.320858 7.198574 348.713856 37362.941952
293 -19.497964 -5.320858 7.198574 348.713856 37362.941952
293 1.476117 1.464021 8.419012 351.563450 51105.813932
293 -1.476117 -1.464021 8.419012 351.563450 51105.813932
293 3.268507 2.178521 3.825178 130.297173 10549.973555
293 -3.268507 -2.178521 3.825178 130.297173 10549.973555
293 15.910247 4.806462 5.267813 33.603022 20008.231623
293 -15.910247 -4.806462 5.267813 33.603022 20008.231623
293 7.110721 3.213245 6.424396 211.871281 29758.612248
293 -7.110721 -3.213245 6.424396 211.871281 29758.612248
293 9.706224 3.754155 7.301260 283.181993 38436.491241
293 -9.706224 -3.754155 7.301260 283.181993 38436.491241
293 21.014889 5.523961 5.285471 80.650298 20142.600358
293 -21.014889 -5.523961 5.285471 80.650298 20142.600358
293 31.013157 6.710580 6.018433 289.133023 26116.498895
293 -31.013157 -6.710580 6.018433 289.133023 26116.498895
293 10.488045 3.902423 5.385576 277.644543 20912.810557
293 -10.488045 -3.902423 5.385576 277.644543 20912.810557
293 26.918323 6.251886 2.721424 131.227333 5339.988893
293 -26.918323 -6.251886 2.721424 131.227333 5339.988893
293 10.330134 3.872933 9.191444 60.422738 60913.776232
293 -10.330134 -3.872933 9.191444 60.422738 60913.776232
293 11.350674 4.059737 8.350461 153.472305 50276.952951
293 -11.350674 -4.059737 8.350461 153.472305 50276.952951
293 6.605193 3.096919 5.200678 339.226494 19501.501201
293 -6.605193 -3.096919 5.200678 339.226494 19501.501201
293 19.791731 5.360792 5.744072 148.891371 23789.637489
293 -19.791731 -5.360792 5.744072 148.891371 23789.637489
293 27.090014 6.271792 5.721126 195.205527 23599.949413
293 -27.090014 -6.271792 5.721126 195.205527 23599.949413
294 18.186761 5.138836 14.290395 193.342190 147243.635728
294 -18.186761 -5.138836 14.290395 193.342190 147243.635728
294 19.917864 5.377847 5.181912 261.548619 19361.016180
294 -19.917864 -5.377847 5.181912 261.548619 19361.016180
294 17.531995 5.045483 7.272502 72.386108 38134.295736
294 -17.531995 -5.045483 7.272502 72.386108 38134.295736
294 -1.853462 1.640510 5.512646 7.331941 21911.306612
294 1.853462 -1.640510 5.512646 7.331941 21911.306612
294 24.160768 5.923009 4.544788 108.447362 14892.762336
294 -24.160768 -5.923009 4.544788 108.447362 14892.762336
294 26.585574 6.213125 4.913900 137.899739 17410.074694
294 -26.585574 -6.213125 4.913900 137.899739 17410.074694
294 12.777114 4.307283 9.881661 173.247483 70405.718345
294 -12.777114 -4.307283 9.881661 173.247483 70405.718345
294 13.489318 4.425701 7.681516 96.511619 42544.352956
294 -13.489318 -4.425701 7.681516 96.511619 42544.352956
294 11.204412 4.033496 8.515612 180.401582 52285.318516
294 -11.204412 -4.033496 8.515612 180.401582 52285.318516
294 27.025979 6.264375 12.795766 52.307666 118053.980906
294 -27.025979 -6.264375 12.795766 52.307666 118053.980906
294 12.820311 4.314558 7.709995 107.636861 42860.404965
294 -12.820311 -4.314558 7.709995 107.636861 42860.404965
294 28.539750 6.437424 11.224856 169.836154 90846.794112
294 -28.539750 -6.437424 11.224856 169.836154 90846.794112
294 16.920713 4.956743 6.370608 142.348479 29262.395224
294 -16.920713 -4.956743 6.370608 142.348479 29262.395224
294 16.965715 4.963330 12.940930 262.626666 120747.752158
294 -16.965715 -4.963330 12.940930 262.626666 120747.752158
294 10.995237 3.995667 3.906059 347.151425 11000.837634
294 -10.995237 -3.995667 3.906059 347.151425 11000.837634
294 16.581393 4.906791 2.864816 200.666337 5917.545831
294 -16.581393 -4.906791 2.864816 200.666337 5917.545831
294 26.640712 6.219564 10.251539 30.286462 75775.040564
294 -26.640712 -6.219564 10.251539 30.286462 75775.040564
294 25.143478 6.042264 15.219266 168.588409 167007.320540
294 -25.143478 -6.042264 15.219266 168.588409 167007.320540
294 11.479728 4.082751 10.303208 9.265061 76540.809301
294 -11.479728 -4.082751 10.303208 9.265061 76540.809301
294 9.720329 3.756882 20.775118 305.086478 311196.773262
294 -9.720329 -3.756882 20.775118 305.086478 311196.773262
294 8.735378 3.561458 3.613409 237.895957 9414.176781
294 -8.735378 -3.561458 3.613409 237.895957 9414.176781
294 18.889342 5.237155 7.631463 3.384427 41991.722219
294 -18.889342 -5.237155 7.631463 3.384427 41991.722219
294 23.434693 5.833332 3.955847 288.928480 11283.062282
294 -23.434693 -5.833332 3.955847 288.928480 11283.062282
295 6.873194 3.159122 3.653097 211.661693 9622.114741
295 -6.873194 -3.159122 3.653097 211.661693 9622.114741
295 16.432952 4.884778 20.618505 72.711016 306522.526930
295 -16.432952 -4.884778 20.618505 72.711016 306522.526930
295 23.524757 5.844530 4.209955 310.000871 12779.177391
295 -23.524757 -5.844530 4.209955 310.000871 12779.177391
295 8.238464 3.458678 13.853031 310.423519 138368.635277
295 -8.238464 -3.458678 13.853031 310.423519 138368.635277
295 1.878546 1.651574 6.702574 40.417192 32391.516809
295 -1.878546 -1.651574 6.702574 40.417192 32391.516809
295 19.454692 5.314951 4.931118 359.942194 17532.299377
295 -19.454692 -5.314951 4.931118 359.942194 17532.299377
295 9.466627 3.707530 6.564352 286.118293 31069.325340
295 -9.466627 -3.707530 6.564352 286.118293 31069.325340
295 32.346080 6.853270 20.014702 150.677581 288832.677461
295 -32.346080 -6.853270 20.014702 150.677581 288832.677461
295 6.837873 3.150994 15.108178 165.566760 164578.172915
295 -6.837873 -3.150994 15.108178 165.566760 164578.172915
295 13.044311 4.352088 7.523068 269.751219 40807.320675
295 -13.044311 -4.352088 7.523068 269.751219 40807.320675
295 20.468513 5.451678 6.513382 64.099355 30588.706466
295 -20.468513 -5.451678 6.513382 64.099355 30588.706466
295 15.206905 4.699022 5.018411 158.410476 18158.521692
295 -15.206905 -4.699022 5.018411 158.410476 18158.521692
295 24.519370 5.966803 6.898922 34.196546 34317.096420
295 -24.519370 -5.966803 6.898922 34.196546 34317.096420
295 20.407817 5.443589 5.706762 266.529279 23481.592798
295 -20.407817 -5.443589 5.706762 266.529279 23481.592798
295 28.600141 6.444231 8.925441 19.504044 57439.075559
295 -28.600141 -6.444231 8.925441 19.504044 57439.075559
295 6.214106 3.003837 8.147545 334.734116 47863.184393
295 -6.214106 -3.003837 8.147545 334.734116 47863.184393
295 12.552458 4.269249 5.451746 275.086351 21429.855095
295 -12.552458 -4.269249 5.451746 275.086351 21429.855095
295 25.356299 6.067782 5.522629 52.454384 21990.740753
295 -25.356299 -6.067782 5.522629 52.454384 21990.740753
295 17.271040 5.007792 9.273429 309.532574 62005.294589
295 -17.271040 -5.007792 9.273429 309.532574 62005.294589
295 7.818444 3.369358 4.048277 212.989220 11816.488573
295 -7.818444 -3.369358 4.048277 212.989220 11816.488573
295 31.725752 6.787237 17.815161 162.379393 228837.692579
295 -31.725752 -6.787237 17.815161 162.379393 228837.692579
295 6.529308 3.079078 7.571071 105.850180 41329.747817
295 -6.529308 -3.079078 7.571071 105.850180 41329.747817
295 6.367144 3.040601 6.581683 216.479517 31233.593590
295 -6.367144 -3.040601 6.581683 216.479517 31233.593590
296 21.608549 5.601442 8.774373 259.980799 55511.155900
296 -21.608549 -5.601442 8.774373 259.980799 55511.155900
296 12.359369 4.236285 4.518241 99.822553 14719.290236
296 -12.359369 -4.236285 4.518241 99.822553 14719.290236
296 14.400849 4.572788 7.310677 34.647841 38535.706310
296 -14.400849 -4.572788 7.310677 34.647841 38535.706310
296 10.059475 3.821859 8.193217 342.068354 48401.300009
296 -10.059475 -3.821859 8.193217 342.068354 48401.300009
296 12.786457 4.308858 11.150993 242.028994 89655.133189
296 -12.786457 -4.308858 11.150993 242.028994 89655.133189
296 19.659171 5.342809 14.357458 124.533460 148628.880566
296 -19.659171 -5.342809 14.357458 124.533460 148628.880566
296 12.082757 4.188611 7.162075 325.750056 36985.011449
296 -12.082757 -4.188611 7.162075 325.750056 36985.011449
296 14.460934 4.582318 10.144352 205.548851 74198.768446
296 -14.460934 -4.582318 10.144352 205.548851 74198.768446
296 14.514777 4.590841 5.613997 278.797748 22724.397655
296 -14.514777 -4.590841 5.613997 278.797748 22724.397655
296 9.911648 3.793674 2.912108 13.669512 6114.530936
296 -9.911648 -3.793674 2.912108 13.669512 6114.530936
296 21.083224 5.532935 10.116581 343.557991 73793.078974
296 -21.083224 -5.532935 10.116581 343.557991 73793.078974
296 16.565527 4.904443 12.000503 132.493012 103835.769572
296 -16.565527 -4.904443 12.000503 132.493012 103835.769572
296 15.798190 4.789506 2.988727 272.852087 6440.513319
296 -15.798190 -4.789506 2.988727 272.852087 6440.513319
296 21.565446 5.595853 3.923232 67.143222 11097.775773
296 -21.565446 -5.595853 3.923232 67.143222 11097.775773
296 23.197807 5.803774 13.307029 335.179232 127676.296448
296 -23.197807 -5.803774 13.307029 335.179232 127676.296448
296 22.739695 5.746182 12.537846 4.175857 113342.802079
296 -22.739695 -5.746182 12.537846 4.175857 113342.802079
296 15.948503 4.812237 5.213465 78.172636 19597.517641
296 -15.948503 -4.812237 5.213465 78.172636 19597.517641
296 22.153206 5.671597 6.495035 153.794376 30416.624528
296 -22.153206 -5.671597 6.495035 153.794376 30416.624528
296 22.344562 5.696039 5.035927 291.677113 18285.505806
296 -22.344562 -5.696039 5.035927 291.677113 18285.505806
296 8.024037 3.413371 4.767664 298.165862 16389.258000
296 -8.024037 -3.413371 4.767664 298.165862 16389.258000
296 24.110613 5.916858 8.892149 318.405143 57011.378843
296 -24.110613 -5.916858 8.892149 318.405143 57011.378843
296 25.983863 6.142411 8.718547 9.400091 54807.034844
296 -25.983863 -6.142411 8.718547 9.400091 54807.034844
296 20.336643 5.434088 15.943410 276.266658 183278.080513
296 -20.336643 -5.434088 15.943410 276.266658 183278.080513
296 23.315067 5.818424 7.557651 237.321783 41183.359799
296 -23.315067 -5.818424 7.557651 237.321783 41183.359799
297 23.337944 5.821278 25.322012 133.711365 462321.912297
297 -23.337944 -5.821278 25.322012 133.711365 462321.912297
297 5.337193 2.783835 19.308076 155.347700 268798.034085
297 -5.337193 -2.783835 19.308076 155.347700 268798.034085
297 9.014978 3.618007 10.254468 111.790242 75818.355236
297 -9.014978 -3.618007 10.254468 111.790242 75818.355236
297 23.765302 5.874335 4.919494 136.919436 17449.741564
297 -23.765302 -5.874335 4.919494 136.919436 17449.741564
297 19.079813 5.263494 3.287906 174.917925 7794.475524
297 -19.079813 -5.263494 3.287906 174.917925 7794.475524
297 2.894272 2.050013 8.026416 310.942192 46450.612255
297 -2.894272 -2.050013 8.026416 310.942192 46450.612255
297 18.886053 5.236700 7.362346 234.845152 39082.337149
297 -18.886053 -5.236700 7.362346 234.845152 39082.337149
297 22.542101 5.721162 5.305422 28.941682 20294.948713
297 -22.542101 -5.721162 5.305422 28.941682 20294.948713
297 17.829575 5.088122 4.193944 345.616002 12682.163444
297 -17.829575 -5.088122 4.193944 345.616002 12682.163444
297 17.401458 5.026664 6.095212 352.623409 26787.101477
297 -17.401458 -5.026664 6.095212 352.623409 26787.101477
297 18.344383 5.161056 8.253333 18.105560 49114.174421
297 -18.344383 -5.161056 8.253333 18.105560 49114.174421
297 8.400305 3.492485 2.586809 19.397057 4824.773907
297 -8.400305 -3.492485 2.586809 19.397057 4824.773907
297 15.144988 4.689446 4.486961 350.841062 14516.191429
297 -15.144988 -4.689446 4.486961 350.841062 14516.191429
297 23.171065 5.800428 8.618475 57.929120 53556.092336
297 -23.171065 -5.800428 8.618475 57.929120 53556.092336
297 15.172505 4.693704 14.262439 332.497408 146668.111029
297 -15.172505 -4.693704 14.262439 332.497408 146668.111029
297 6.215467 3.004166 5.624742 294.735616 22811.472736
297 -6.215467 -3.004166 5.624742 294.735616 22811.472736
297 20.058287 5.396771 12.988254 275.418585 121632.492537
297 -20.058287 -5.396771 12.988254 275.418585 121632.492537
297 15.192560 4.696805 9.375230 358.797593 63374.123469
297 -15.192560 -4.696805 9.375230 358.797593 63374.123469
297 15.701089 4.774764 9.172973 351.777837 60669.199167
297 -15.701089 -4.774764 9.172973 351.777837 60669.199167
297 12.933968 4.333641 6.469060 144.314433 30173.828435
297 -12.933968 -4.333641 6.469060 144.314433 30173.828435
297 15.625934 4.763323 2.503399 282.260678 4518.645295
297 -15.625934 -4.763323 2.503399 282.260678 4518.645295
297 14.244151 4.547842 9.523753 311.937104 65397.973207
297 -14.244151 -4.547842 9.523753 311.937104 65397.973207
297 15.286672 4.711330 2.050760 34.427047 3032.339353
297 -15.286672 -4.711330 2.050760 34.427047 3032.339353
297 -2.027741 1.715905 9.792032 217.503367 69134.318880
297 2.027741 -1.715905 9.792032 217.503367 69134.318880
298 19.582414 5.332369 8.619789 90.244807 53572.431049
298 -19.582414 -5.332369 8.619789 90.244807 53572.431049
298 16.332439 4.869816 7.333399 298.074454 38775.611026
298 -16.332439 -4.869816 7.333399 298.074454 38775.611026
298 19.990936 5.387703 25.121574 151.720990 455031.817843
298 -19.990936 -5.387703 25.121574 151.720990 455031.817843
298 25.281405 6.058814 1.932813 69.812317 2693.567719
298 -25.281405 -6.058814 1.932813 69.812317 2693.567719
298 17.297489 5.011625 5.842987 208.774772 24616.027517
298 -17.297489 -5.011625 5.842987 208.774772 24616.027517
298 27.312589 6.297504 3.144010 186.534790 7127.148775
298 -27.312589 -6.297504 3.144010 186.534790 7127.148775
298 15.947238 4.812046 10.361854 94.312190 77414.617645
298 -15.947238 -4.812046 10.361854 94.312190 77414.617645
298 3.800011 2.348981 5.943969 351.726353 25474.232276
298 -3.800011 -2.348981 5.943969 351.726353 25474.232276
298 19.198727 5.279870 6.444676 150.456038 29946.790756
298 -19.198727 -5.279870 6.444676 150.456038 29946.790756
298 8.827837 3.580257 11.731000 6.458804 99224.316408
298 -8.827837 -3.580257 11.731000 6.458804 99224.316408
298 9.207159 3.656368 5.789665 40.550786 24168.794990
298 -9.207159 -3.656368 5.789665 40.550786 24168.794990
298 28.970772 6.485853 6.881484 280.597124 34143.837316
298 -28.970772 -6.485853 6.881484 280.597124 34143.837316
298 38.924241 7.517910 5.132317 247.698308 18992.189883
298 -38.924241 -7.517910 5.132317 247.698308 18992.189883
298 11.913570 4.159183 4.010084 167.640320 11594.579427
298 -11.913570 -4.159183 4.010084 167.640320 11594.579427
298 8.561773 3.525891 1.259468 166.156896 1143.726597
298 -8.561773 -3.525891 1.259468 166.156896 1143.726597
298 13.373736 4.406699 15.249412 73.738166 167669.579725
298 -13.373736 -4.406699 15.249412 73.738166 167669.579725
298 7.925294 3.392304 9.427671 44.973583 64085.073660
298 -7.925294 -3.392304 9.427671 44.973583 64085.073660
298 17.513609 5.042836 2.347141 133.754949 3972.157822
298 -17.513609 -5.042836 2.347141 133.754949 3972.157822
298 14.914561 4.653635 4.468400 266.315084 14396.343212
298 -14.914561 -4.653635 4.468400 266.315084 14396.343212
298 26.294860 6.179061 7.333326 125.128845 38774.847100
298 -26.294860 -6.179061 7.333326 125.128845 38774.847100
298 18.827885 5.228629 15.214287 299.325168 166898.048837
298 -18.827885 -5.228629 15.214287 299.325168 166898.048837
298 8.610758 3.535963 4.191155 9.210303 12665.299856
298 -8.610758 -3.535963 4.191155 9.210303 12665.299856
298 25.011900 6.026434 3.804061 93.413848 10433.813255
298 -25.011900 -6.026434 3.804061 93.413848 10433.813255
298 21.589460 5.598967 6.111240 303.353640 26928.162219
298 -21.589460 -5.598967 6.111240 303.353640 26928.162219
298 9.643503 3.742006 17.597338 31.901087 223275.992279
298 -9.643503 -3.742006 17.597338 31.901087 223275.992279
299 14.597830 4.603956 12.808412 14.047860 118287.445742
299 -14.597830 -4.603956 12.808412 14.047860 118287.445742
299 18.143677 5.132745 6.738853 271.149721 32743.118732
299 -18.143677 -5.132745 6.738853 271.149721 32743.118732
299 7.874575 3.381432 6.383126 113.672175 29377.502454
299 -7.874575 -3.381432 6.383126 113.672175 29377.502454
299 20.342748 5.434904 13.252061 341.827907 126623.685906
299 -20.342748 -5.434904 13.252061 341.827907 126623.685906
299 13.614752 4.446230 4.719597 93.497177 16060.460529
299 -13.614752 -4.446230 4.719597 93.497177 16060.460529
299 23.524338 5.844478 5.500238 306.739418 21812.780629
299 -23.524338 -5.844478 5.500238 306.739418 21812.780629
299 28.397255 6.421334 4.443637 78.494264 14237.218553
299 -28.397255 -6.421334 4.443637 78.494264 14237.218553
299 26.625991 6.217846 4.779384 239.915619 16469.939660
299 -26.625991 -6.217846 4.779384 239.915619 16469.939660
299 29.612895 6.557337 11.801237 351.639480 100416.045418
299 -29.612895 -6.557337 11.801237 351.639480 100416.045418
299 13.011246 4.346568 5.642894 50.365724 22958.942252
299 -13.011246 -4.346568 5.642894 50.365724 22958.942252
299 20.312001 5.430795 6.051442 190.052965 26403.761779
299 -20.312001 -5.430795 6.051442 190.052965 26403.761779
299 13.468554 4.422293 11.676594 118.925992 98306.089857
299 -13.468554 -4.422293 11.676594 118.925992 98306.089857
299 16.563227 4.904102 5.879737 206.675669 24926.647773
299 -16.563227 -4.904102 5.879737 206.675669 24926.647773
299 21.016717 5.524201 10.339287 166.263745 77077.784970
299 -21.016717 -5.524201 10.339287 166.263745 77077.784970
299 7.800207 3.365427 7.944836 27.957088 45511.159596
299 -7.800207 -3.365427 7.944836 27.957088 45511.159596
299 31.631721 6.777171 8.789691 265.814183 55705.140576
299 -31.631721 -6.777171 8.789691 265.814183 55705.140576
299 7.292822 3.254130 7.414166 127.299411 39634.435442
299 -7.292822 -3.254130 7.414166 127.299411 39634.435442
299 11.547070 4.094708 2.153558 136.237598 3343.961133
299 -11.547070 -4.094708 2.153558 136.237598 3343.961133
299 10.858413 3.970729 8.864655 68.775369 56659.371111
299 -10.858413 -3.970729 8.864655 68.775369 56659.371111
299 12.455369 4.252706 5.103442 181.371779 18779.083878
299 -12.455369 -4.252706 5.103442 181.371779 18779.083878
299 12.763517 4.304991 11.320857 314.582204 92407.393319
299 -12.763517 -4.304991 11.320857 314.582204 92407.393319
299 20.720478 5.485130 11.828645 204.780732 100883.010934
299 -20.720478 -5.485130 11.828645 204.780732 100883.010934
299 2.821921 2.024228 5.864796 219.958317 24800.124232
299 -2.821921 -2.024228 5.864796 219.958317 24800.124232
299 23.003515 5.779419 6.397517 266.657248 29510.115340
299 -23.003515 -5.779419 6.397517 266.657248 29510.115340
299 11.288771 4.048651 6.353254 336.041894 29103.187992
299 -11.288771 -4.048651 6.353254 336.041894 29103.187992
300 18.203799 5.141242 4.502571 13.413368 14617.369062
300 -18.203799 -5.141242 4.502571 13.413368 14617.369062
300 5.559762 2.841287 9.344877 336.570231 62964.433118
300 -5.559762 -2.841287 9.344877 336.570231 62964.433118
300 7.741468 3.352731 9.003518 206.309301 58448.392329
300 -7.741468 -3.352731 9.003518 206.309301 58448.392329
300 28.749326 6.461017 8.565915 174.803889 52904.860159
300 -28.749326 -6.461017 8.565915 174.803889 52904.860159
300 14.315546 4.559225 7.206562 102.870972 37445.906523
300 -14.315546 -4.559225 7.206562 102.870972 37445.906523
300 20.068042 5.398083 3.162102 236.061142 7209.410288
300 -20.068042 -5.398083 3.162102 236.061142 7209.410288
300 22.296364 5.689893 2.995350 61.849046 6469.089089
300 -22.296364 -5.689893 2.995350 61.849046 6469.089089
300 30.586262 6.664234 8.829973 107.858661 56216.889042
300 -30.586262 -6.664234 8.829973 107.858661 56216.889042
300 20.468357 5.451657 9.222966 237.840225 61332.300940
300 -20.468357 -5.451657 9.222966 237.840225 61332.300940
300 15.719075 4.777498 8.317792 249.710393 49884.337686
300 -15.719075 -4.777498 8.317792 249.710393 49884.337686
300 19.761779 5.356734 9.047438 31.587909 59020.017682
300 -19.761779 -5.356734 9.047438 31.587909 59020.017682
300 13.046980 4.352533 8.865236 22.941386 56666.795873
300 -13.046980 -4.352533 8.865236 22.941386 56666.795873
300 15.230016 4.702591 6.966964 330.525113 34997.350579
300 -15.230016 -4.702591 6.966964 330.525113 34997.350579
300 8.710627 3.556409 6.524210 207.664760 30690.499359
300 -8.710627 -3.556409 6.524210 207.664760 30690.499359
300 13.383950 4.408382 8.608008 129.409066 53426.093871
300 -13.383950 -4.408382 8.608008 129.409066 53426.093871
300 12.529159 4.265284 11.456286 315.151777 94631.510516
300 -12.529159 -4.265284 11.456286 315.151777 94631.510516
300 24.442552 5.957449 4.962679 56.360139 17757.443416
300 -24.442552 -5.957449 4.962679 56.360139 17757.443416
300 22.604853 5.729120 12.145695 125.059122 106363.541017
300 -22.604853 -5.729120 12.145695 125.059122 106363.541017
300 20.371255 5.438710 7.617575 235.951338 41839.025234
300 -20.371255 -5.438710 7.617575 235.951338 41839.025234
300 1.997569 1.703091 9.602266 169.534998 66480.688581
300 -1.997569 -1.703091 9.602266 169.534998 66480.688581
300 5.429108 2.807704 11.513630 41.549924 95581.235144
300 -5.429108 -2.807704 11.513630 41.549924 95581.235144
300 4.037448 2.421255 4.038777 103.562347 11761.094229
300 -4.037448 -2.421255 4.038777 103.562347 11761.094229
300 25.202834 6.049392 7.814122 66.923701 44025.920465
300 -25.202834 -6.049392 7.814122 66.923701 44025.920465
300 6.168052 2.992685 4.517031 143.731622 14711.410050
300 -6.168052 -2.992685 4.517031 143.731622 14711.410050
300 13.109481 4.362946 9.028505 149.289070 58773.256422
300 -13.109481 -4.362946 9.028505 149.289070 58773.256422
301 12.734252 4.300053 9.342023 68.082113 62925.978696
301 -12.734252 -4.300053 9.342023 68.082113 62925.978696
301 17.654973 5.063147 7.024820 153.284820 35581.026667
301 -17.654973 -5.063147 7.024820 153.284820 35581.026667
301 21.834872 5.630700 11.502317 38.016098 95393.486604
301 -21.834872 -5.630700 11.502317 38.016098 95393.486604
301 2.965562 2.075107 9.986851 333.920899 71912.640630
301 -2.965562 -2.075107 9.986851 333.920899 71912.640630
301 10.535966 3.911328 6.099736 352.420691 26826.879800
301 -10.535966 -3.911328 6.099736 352.420691 26826.879800
301 16.419182 4.882731 3.340826 338.142321 8047.404383
301 -16.419182 -4.882731 3.340826 338.142321 8047.404383
301 23.801558 5.878814 2.172771 122.189025 3403.893324
301 -23.801558 -5.878814 2.172771 122.189025 3403.893324
301 16.980027 4.965423 7.641375 56.662130 42100.875571
301 -16.980027 -4.965423 7.641375 56.662130 42100.875571
301 10.210518 3.850445 11.199459 319.551060 90436.176857
301 -10.210518 -3.850445 11.199459 319.551060 90436.176857
301 21.928554 5.642766 4.742424 112.900450 16216.190208
301 -21.928554 -5.642766 4.742424 112.900450 16216.190208
301 24.169441 5.924072 8.637666 263.223882 53794.871424
301 -24.169441 -5.924072 8.637666 263.223882 53794.871424
301 20.491490 5.454737 7.268714 309.839599 38094.579069
301 -20.491490 -5.454737 7.268714 309.839599 38094.579069
301 13.042722 4.351822 3.544475 298.465795 9058.409018
301 -13.042722 -4.351822 3.544475 298.465795 9058.409018
301 2.712499 1.984595 13.387779 196.787230 129230.538164
301 -2.712499 -1.984595 13.387779 196.787230 129230.538164
301 18.868730 5.234297 6.598396 68.565979 31392.422083
301 -18.868730 -5.234297 6.598396 68.565979 31392.422083
301 9.911066 3.793562 4.855504 274.505953 16998.740639
301 -9.911066 -3.793562 4.855504 274.505953 16998.740639
301 8.264657 3.464172 5.995498 125.354721 25917.831528
301 -8.264657 -3.464172 5.995498 125.354721 25917.831528
301 24.936212 6.017309 9.471703 142.318801 64685.096471
301 -24.936212 -6.017309 9.471703 142.318801 64685.096471
301 9.247580 3.664385 4.691257 79.748204 15868.158450
301 -9.247580 -3.664385 4.691257 79.748204 15868.158450
301 2.996441 2.085883 6.231563 356.281745 27998.966806
301 -2.996441 -2.085883 6.231563 356.281745 27998.966806
301 12.093292 4.190437 14.615782 306.283012 154025.348109
301 -12.093292 -4.190437 14.615782 306.283012 154025.348109
301 33.293807 6.952945 4.578804 243.509488 15116.531409
301 -33.293807 -6.952945 4.578804 243.509488 15116.531409
301 7.319887 3.260162 6.689579 254.753898 32266.035375
301 -7.319887 -3.260162 6.689579 254.753898 32266.035375
301 26.207480 6.168786 13.527529 215.503249 131942.596261
301 -26.207480 -6.168786 13.527529 215.503249 131942.596261
301 16.501746 4.894992 15.418135 187.512119 171400.371334
301 -16.501746 -4.894992 15.418135 187.512119 171400.371334
301 2.840257 2.030794 9.995404 144.096893 72035.871167
301 -2.840257 -2.030794 9.995404 144.096893 72035.871167
302 11.045906 4.004864 6.277498 43.815249 28413.275084
302 -11.045906 -4.004864 6.277498 43.815249 28413.275084
302 12.284250 4.223392 2.820201 185.859966 5734.666761
302 -12.284250 -4.223392 2.820201 185.859966 5734.666761
302 11.392529 4.067215 11.043884 220.421491 87941.074041
302 -11.392529 -4.067215 11.043884 220.421491 87941.074041
302 -1.915218 1.667617 1.567223 334.702215 1770.963907
302 1.915218 -1.667617 1.567223 334.702215 1770.963907
302 17.960086 5.106711 12.650208 196.262380 115383.418480
302 -17.960086 -5.106711 12.650208 196.262380 115383.418480
302 16.648326 4.916684 6.252346 198.291302 28186.043683
302 -16.648326 -4.916684 6.252346 198.291302 28186.043683
302 13.384848 4.408530 7.749259 86.747521 43298.062842
302 -13.384848 -4.408530 7.749259 86.747521 43298.062842
302 21.483530 5.585215 16.455371 256.984803 195237.590364
302 -21.483530 -5.585215 16.455371 256.984803 195237.590364
302 24.095603 5.915016 4.108789 140.669141 12172.386206
302 -24.095603 -5.915016 4.108789 140.669141 12172.386206
302 9.056414 3.626312 8.668585 221.010727 54180.690782
302 -9.056414 -3.626312 8.668585 221.010727 54180.690782
302 15.023297 4.670568 6.385979 340.891305 29403.775043
302 -15.023297 -4.670568 6.385979 340.891305 29403.775043
302 28.297942 6.410095 2.034708 292.580757 2985.054316
302 -28.297942 -6.410095 2.034708 292.580757 2985.054316
302 20.429491 5.446479 1.702946 358.888648 2090.979024
302 -20.429491 -5.446479 1.702946 358.888648 2090.979024
302 18.641053 5.202622 11.344926 262.202559 92800.731667
302 -18.641053 -5.202622 11.344926 262.202559 92800.731667
302 0.606079 0.938105 3.010982 321.158148 6536.789112
302 -0.606079 -0.938105 3.010982 321.158148 6536.789112
302 26.268491 6.175962 12.549557 44.840051 113554.625683
302 -26.268491 -6.175962 12.549557 44.840051 113554.625683
302 28.715275 6.457190 5.878452 203.998012 24915.757319
302 -28.715275 -6.457190 5.878452 203.998012 24915.757319
302 7.913946 3.389874 18.374271 343.578037 243426.742650
302 -7.913946 -3.389874 18.374271 343.578037 243426.742650
302 27.334275 6.300004 4.506961 345.223812 14645.890024
302 -27.334275 -6.300004 4.506961 345.223812 14645.890024
302 16.032209 4.824849 5.536711 235.029243 22103.025845
302 -16.032209 -4.824849 5.536711 235.029243 22103.025845
302 8.989380 3.612866 3.717957 59.357398 9966.824400
302 -8.989380 -3.612866 3.717957 59.357398 9966.824400
302 18.772473 5.220929 4.767246 26.744006 16386.387009
302 -18.772473 -5.220929 4.767246 26.744006 16386.387009
302 9.196571 3.654265 7.661533 54.996370 42323.289862
302 -9.196571 -3.654265 7.661533 54.996370 42323.289862
302 12.208026 4.210268 15.148791 14.385184 165464.180636
302 -12.208026 -4.210268 15.148791 14.385184 165464.180636
302 3.928305 2.388304 2.183075 255.814265 3436.254964
302 -3.928305 -2.388304 2.183075 255.814265 3436.254964
302 10.182369 3.845134 7.083242 322.972083 36175.304469
302 -10.182369 -3.845134 7.083242 322.972083 36175.304469
303 17.719523 5.072395 4.768646 128.767828 16396.015053
303 -17.719523 -5.072395 4.768646 128.767828 16396.015053
303 9.766958 3.765882 4.301053 59.052408 13338.214425
303 -9.766958 -3.765882 4.301053 59.052408 13338.214425
303 16.274455 4.861164 5.770108 82.959549 24005.784039
303 -16.274455 -4.861164 5.770108 82.959549 24005.784039
303 19.434683 5.312217 11.851606 259.445856 101275.058992
303 -19.434683 -5.312217 11.851606 259.445856 101275.058992
303 20.021665 5.391842 9.411721 283.185503 63868.418601
303 -20.021665 -5.391842 9.411721 283.185503 63868.418601
303 9.916331 3.794570 5.553266 162.761407 22235.402050
303 -9.916331 -3.794570 5.553266 162.761407 22235.402050
303 23.314055 5.818298 7.446982 300.372152 39986.068466
303 -23.314055 -5.818298 7.446982 300.372152 39986.068466
303 24.215394 5.929701 6.932298 244.296033 34649.937697
303 -24.215394 -5.929701 6.932298 244.296033 34649.937697
303 16.428140 4.884063 4.861496 126.399150 17040.722337
303 -16.428140 -4.884063 4.861496 126.399150 17040.722337
303 20.995090 5.521358 14.778345 59.712363 157470.678486
303 -20.995090 -5.521358 14.778345 59.712363 157470.678486
303 22.650023 5.734841 2.779543 125.985819 5570.509268
303 -22.650023 -5.734841 2.779543 125.985819 5570.509268
303 27.695583 6.341504 9.094292 26.349325 59632.884668
303 -27.695583 -6.341504 9.094292 26.349325 59632.884668
303 19.016777 5.254792 11.884585 168.542723 101839.473361
303 -19.016777 -5.254792 11.884585 168.542723 101839.473361
303 25.026465 6.028188 3.241645 280.310943 7576.680366
303 -25.026465 -6.028188 3.241645 280.310943 7576.680366
303 17.991426 5.111164 3.747963 282.648650 10128.350729
303 -17.991426 -5.111164 3.747963 282.648650 10128.350729
303 9.021096 3.619234 4.325503 20.304056 13490.290837
303 -9.021096 -3.619234 4.325503 20.304056 13490.290837
303 2.321520 1.836002 8.325598 45.377550 49978.008839
303 -2.321520 -1.836002 8.325598 45.377550 49978.008839
303 33.547649 6.979400 6.318405 190.355364 28784.787061
303 -33.547649 -6.979400 6.318405 190.355364 28784.787061
303 11.749979 4.130528 3.343763 281.938361 8061.558208
303 -11.749979 -4.130528 3.343763 281.938361 8061.558208
303 21.384845 5.572372 9.943401 295.749653 71288.250702
303 -21.384845 -5.572372 9.943401 295.749653 71288.250702
303 25.612730 6.098387 4.195437 355.054861 12691.192887
303 -25.612730 -6.098387 4.195437 355.054861 12691.192887
303 18.902668 5.239002 4.286325 124.099627 13247.024559
303 -18.902668 -5.239002 4.286325 124.099627 13247.024559
303 8.031783 3.415018 2.579281 249.144864 4796.731049
303 -8.031783 -3.415018 2.579281 249.144864 4796.731049
303 23.209901 5.805287 5.477113 18.737205 21629.745455
303 -23.209901 -5.805287 5.477113 18.737205 21629.745455
303 12.093905 4.190543 7.210225 333.084311 37483.985507
303 -12.093905 -4.190543 7.210225 333.084311 37483.985507
303 10.909605 3.980078 7.270077 89.471130 38108.871871
303 -10.909605 -3.980078 7.270077 89.471130 38108.871871
304 9.192462 3.653448 6.337875 263.736492 28962.461970
304 -9.192462 -3.653448 6.337875 263.736492 28962.461970
304 7.560151 3.313235 9.840201 83.111996 69816.169955
304 -7.560151 -3.313235 9.840201 83.111996 69816.169955
304 9.429638 3.700280 5.415877 300.809492 21148.797883
304 -9.429638 -3.700280 5.415877 300.809492 21148.797883
304 19.111610 5.267878 4.783607 234.759206 16499.053586
304 -19.111610 -5.267878 4.783607 234.759206 16499.053586
304 5.564987 2.842622 9.099136 39.276328 59696.439604
304 -5.564987 -2.842622 9.099136 39.276328 59696.439604
304 22.903246 5.766809 7.185485 331.305031 37227.190581
304 -22.903246 -5.766809 7.185485 331.305031 37227.190581
304 7.619457 3.326205 8.155937 92.931151 47961.832065
304 -7.619457 -3.326205 8.155937 92.931151 47961.832065
304 18.788105 5.223102 10.984678 333.270346 87000.696372
304 -18.788105 -5.223102 10.984678 333.270346 87000.696372
304 19.785331 5.359925 6.372565 178.612300 29280.369544
304 -19.785331 -5.359925 6.372565 178.612300 29280.369544
304 23.840847 5.883664 1.682871 75.374007 2041.971566
304 -23.840847 -5.883664 1.682871 75.374007 2041.971566
304 14.368575 4.567661 5.686333 209.701515 23313.781377
304 -14.368575 -4.567661 5.686333 209.701515 23313.781377
304 11.247686 4.041277 16.378762 108.076802 193423.934244
304 -11.247686 -4.041277 16.378762 108.076802 193423.934244
304 22.508484 5.716894 7.241747 315.510240 37812.448440
304 -22.508484 -5.716894 7.241747 315.510240 37812.448440
304 15.557889 4.752941 3.803050 2.506246 10428.267623
304 -15.557889 -4.752941 3.803050 2.506246 10428.267623
304 23.719717 5.868699 14.207063 52.649215 145531.395293
304 -23.719717 -5.868699 14.207063 52.649215 145531.395293
304 8.012099 3.410831 11.404666 106.347255 93780.641239
304 -8.012099 -3.410831 11.404666 106.347255 93780.641239
304 24.531257 5.968249 5.562663 234.248834 22310.722469
304 -24.531257 -5.968249 5.562663 234.248834 22310.722469
304 11.281093 4.047274 12.808480 86.920969 118288.708590
304 -11.281093 -4.047274 12.808480 86.920969 118288.708590
304 21.258773 5.555922 2.820342 344.085456 5735.238925
304 -21.258773 -5.555922 2.820342 344.085456 5735.238925
304 15.057711 4.675914 4.216823 230.111378 12820.908902
304 -15.057711 -4.675914 4.216823 230.111378 12820.908902
304 19.047876 5.259087 7.888776 261.312405 44871.157061
304 -19.047876 -5.259087 7.888776 261.312405 44871.157061
304 17.322620 5.015264 5.759941 160.476611 23921.262017
304 -17.322620 -5.015264 5.759941 160.476611 23921.262017
304 17.653437 5.062927 17.344180 46.957109 216898.044867
304 -17.653437 -5.062927 17.344180 46.957109 216898.044867
304 15.430457 4.733435 8.569982 28.296978 52955.117622
304 -15.430457 -4.733435 8.569982 28.296978 52955.117622
304 18.026087 5.116085 4.818437 318.289735 16740.195009
304 -18.026087 -5.116085 4.818437 318.289735 16740.195009
304 15.832312 4.794675 6.784568 210.576931 33188.870703
304 -15.832312 -4.794675 6.784568 210.576931 33188.870703
305 23.339497 5.821472 5.045031 174.451916 18351.677494
305 -23.339497 -5.821472 5.045031 174.451916 18351.677494
305 21.476902 5.584353 14.464674 219.015429 150856.960473
305 -21.476902 -5.584353 14.464674 219.015429 150856.960473
305 14.227764 4.545225 4.010412 249.141815 11596.476485
305 -14.227764 -4.545225 4.010412 249.141815 11596.476485
305 4.451309 2.542324 2.555087 172.909914 4707.163794
305 -4.451309 -2.542324 2.555087 172.909914 4707.163794
305 -3.384423 2.216814 6.496000 307.553705 30425.668394
305 3.384423 -2.216814 6.496000 307.553705 30425.668394
305 18.881448 5.236061 11.256602 283.267350 91361.390637
305 -18.881448 -5.236061 11.256602 283.267350 91361.390637
305 21.120097 5.537771 7.325465 213.398224 38691.760105
305 -21.120097 -5.537771 7.325465 213.398224 38691.760105
305 12.257279 4.218753 4.945936 332.252359 17637.828489
305 -12.257279 -4.218753 4.945936 332.252359 17637.828489
305 7.235608 3.241340 5.106681 359.967459 18802.933581
305 -7.235608 -3.241340 5.106681 359.967459 18802.933581
305 4.189931 2.466553 4.554467 133.932779 14956.269261
305 -4.189931 -2.466553 4.554467 133.932779 14956.269261
305 10.827926 3.965151 4.141040 93.349908 12364.224925
305 -10.827926 -3.965151 4.141040 93.349908 12364.224925
305 21.145708 5.541128 3.348074 348.379527 8082.358175
305 -21.145708 -5.541128 3.348074 348.379527 8082.358175
305 8.781503 3.570849 2.679686 298.655484 5177.451341
305 -8.781503 -3.570849 2.679686 298.655484 5177.451341
305 8.338191 3.479549 7.864211 293.475575 44592.141915
305 -8.338191 -3.479549 7.864211 293.475575 44592.141915
305 22.191443 5.676489 15.204355 46.474098 166680.225549
305 -22.191443 -5.676489 15.204355 46.474098 166680.225549
305 19.894076 5.374634 4.060143 30.062656 11885.863988
305 -19.894076 -5.374634 4.060143 30.062656 11885.863988
305 12.895464 4.327186 10.092226 62.189569 73438.197891
305 -12.895464 -4.327186 10.092226 62.189569 73438.197891
305 18.064421 5.121522 4.830146 212.883091 16821.648720
305 -18.064421 -5.121522 4.830146 212.883091 16821.648720
305 19.222979 5.283204 7.057224 44.108964 35910.042919
305 -19.222979 -5.283204 7.057224 44.108964 35910.042919
305 16.169075 4.845400 6.273602 151.751431 28378.017522
305 -16.169075 -4.845400 6.273602 151.751431 28378.017522
305 15.499017 4.743939 6.341395 327.182295 28994.641764
305 -15.499017 -4.743939 6.341395 327.182295 28994.641764
305 16.775755 4.935465 6.890968 290.732480 34238.014358
305 -16.775755 -4.935465 6.890968 290.732480 34238.014358
305 12.574429 4.272983 10.861310 155.896981 85057.483016
305 -12.574429 -4.272983 10.861310 155.896981 85057.483016
305 17.049019 4.975500 9.080287 198.973812 59449.365091
305 -17.049019 -4.975500 9.080287 198.973812 59449.365091
305 17.044147 4.974789 6.384130 96.583802 29386.745572
305 -17.044147 -4.974789 6.384130 96.583802 29386.745572
305 11.846709 4.147495 6.030548 84.275628 26221.745080
305 -11.846709 -4.147495 6.030548 84.275628 26221.745080
306 7.173970 3.227504 4.844276 293.722900 16920.214514
306 -7.173970 -3.227504 4.844276 293.722900 16920.214514
306 9.962581 3.803409 12.771081 67.091543 117598.928543
306 -9.962581 -3.803409 12.771081 67.091543 117598.928543
306 12.077226 4.187653 15.907612 216.712902 182455.964531
306 -12.077226 -4.187653 15.907612 216.712902 182455.964531
306 14.743709 4.626903 12.959934 203.111101 121102.652052
306 -14.743709 -4.626903 12.959934 203.111101 121102.652052
306 23.298895 5.816406 2.300066 207.766302 3814.422693
306 -23.298895 -5.816406 2.300066 207.766302 3814.422693
306 18.054449 5.120109 9.151445 112.703111 60384.775594
306 -18.054449 -5.120109 9.151445 112.703111 60384.775594
306 18.970645 5.248414 3.344435 320.407751 8064.797637
306 -18.970645 -5.248414 3.344435 320.407751 8064.797637
306 19.626402 5.338354 5.044505 74.055803 18347.848685
306 -19.626402 -5.338354 5.044505 74.055803 18347.848685
306 17.503162 5.041332 9.688238 177.509080 67676.470172
306 -17.503162 -5.041332 9.688238 177.509080 67676.470172
306 17.753808 5.077300 7.821182 173.639592 44105.509377
306 -17.753808 -5.077300 7.821182 173.639592 44105.509377
306 16.986672 4.966394 10.401202 101.647388 78003.693358
306 -16.986672 -4.966394 10.401202 101.647388 78003.693358
306 13.485997 4.425156 7.790217 315.231539 43756.968038
306 -13.485997 -4.425156 7.790217 315.231539 43756.968038
306 16.870671 4.949408 5.128445 79.906116 18963.539615
306 -16.870671 -4.949408 5.128445 79.906116 18963.539615
306 14.851893 4.643848 6.491810 258.544966 30386.432419
306 -14.851893 -4.643848 6.491810 258.544966 30386.432419
306 7.867866 3.379991 8.389556 223.409385 50748.824790
306 -7.867866 -3.379991 8.389556 223.409385 50748.824790
306 14.300742 4.556867 11.481817 155.315931 95053.768528
306 -14.300742 -4.556867 11.481817 155.315931 95053.768528
306 16.516570 4.897190 4.844986 113.675204 16925.174067
306 -16.516570 -4.897190 4.844986 113.675204 16925.174067
306 17.817940 5.086462 4.890768 50.725939 17246.545109
306 -17.817940 -5.086462 4.890768 50.725939 17246.545109
306 9.593893 3.732368 3.869945 280.834489 10798.355338
306 -9.593893 -3.732368 3.869945 280.834489 10798.355338
306 23.919626 5.893377 9.813603 54.158549 69439.253454
306 -23.919626 -5.893377 9.813603 54.158549 69439.253454
306 19.733801 5.352940 13.368351 257.512222 128855.725730
306 -19.733801 -5.352940 13.368351 257.512222 128855.725730
306 24.910081 6.014155 1.970002 223.666437 2798.217906
306 -24.910081 -6.014155 1.970002 223.666437 2798.217906
306 19.464080 5.316233 4.170185 324.475010 12538.876189
306 -19.464080 -5.316233 4.170185 324.475010 12538.876189
306 29.942884 6.593771 6.157941 258.999711 27341.301863
306 -29.942884 -6.593771 6.157941 258.999711 27341.301863
306 24.842158 6.005950 5.512873 91.898073 21913.107894
306 -24.842158 -6.005950 5.512873 91.898073 21913.107894
306 26.099214 6.156030 11.384631 30.620462 93451.443479
306 -26.099214 -6.156030 11.384631 30.620462 93451.443479
306 28.207144 6.399803 9.325345 331.722999 62701.489444
306 -28.207144 -6.399803 9.325345 331.722999 62701.489444
307 18.884872 5.236536 7.920747 121.152201 45235.604256
307 -18.884872 -5.236536 7.920747 121.152201 45235.604256
307 10.680100 3.937991 5.289992 190.753064 20177.068117
307 -10.680100 -3.937991 5.289992 190.753064 20177.068117
307 28.458076 6.428206 7.785528 54.704646 43704.306710
307 -28.458076 -6.428206 7.785528 54.704646 43704.306710
307 21.888266 5.637580 10.900156 329.812687 85666.993865
307 -21.888266 -5.637580 10.900156 329.812687 85666.993865
307 9.480919 3.710328 8.909727 140.884824 57236.998046
307 -9.480919 -3.710328 8.909727 140.884824 57236.998046
307 10.042300 3.818595 2.921347 22.190917 6153.390968
307 -10.042300 -3.818595 2.921347 22.190917 6153.390968
307 22.891816 5.765370 6.027059 303.140442 26191.417979
307 -22.891816 -5.765370 6.027059 303.140442 26191.417979
307 16.608083 4.910738 3.773886 351.323523 10268.942036
307 -16.608083 -4.910738 3.773886 351.323523 10268.942036
307 12.341709 4.233258 3.732265 63.577851 10043.681584
307 -12.341709 -4.233258 3.732265 63.577851 10043.681584
307 18.119981 5.129392 2.721660 267.695569 5340.914893
307 -18.119981 -5.129392 2.721660 267.695569 5340.914893
307 13.953288 4.501169 6.145898 133.527431 27234.456019
307 -13.953288 -4.501169 6.145898 133.527431 27234.456019
307 19.961439 5.383726 5.368451 294.371266 20780.025758
307 -19.961439 -5.383726 5.368451 294.371266 20780.025758
307 7.582722 3.318177 8.375350 341.320668 50577.103527
307 -7.582722 -3.318177 8.375350 341.320668 50577.103527
307 20.060932 5.397127 2.916019 165.793325 6130.963494
307 -20.060932 -5.397127 2.916019 165.793325 6130.963494
307 11.521924 4.090247 3.333077 78.504602 8010.116734
307 -11.521924 -4.090247 3.333077 78.504602 8010.116734
307 19.259762 5.288256 17.250551 284.784411 214562.597322
307 -19.259762 -5.288256 17.250551 284.784411 214562.597322
307 -3.993408 2.408013 16.224199 28.733095 189790.557522
307 3.993408 -2.408013 16.224199 28.733095 189790.557522
307 11.064688 4.008267 6.209908 30.947339 27804.716279
307 -11.064688 -4.008267 6.209908 30.947339 27804.716279
307 8.467096 3.506342 10.196716 240.903084 74966.758775
307 -8.467096 -3.506342 10.196716 240.903084 74966.758775
307 16.170364 4.845593 2.891320 65.658092 6027.542486
307 -16.170364 -4.845593 2.891320 65.658092 6027.542486
307 29.047650 6.494453 4.776052 342.080849 16446.983489
307 -29.047650 -6.494453 4.776052 342.080849 16446.983489
307 18.014194 5.114397 2.798117 233.079934 5645.208105
307 -18.014194 -5.114397 2.798117 233.079934 5645.208105
307 16.115919 4.837429 8.324194 271.051373 49961.153179
307 -16.115919 -4.837429 8.324194 271.051373 49961.153179
307 10.032178 3.816670 9.033632 105.300047 58840.026652
307 -10.032178 -3.816670 9.033632 105.300047 58840.026652
307 4.518411 2.561415 9.328768 79.017935 62747.526820
307 -4.518411 -2.561415 9.328768 79.017935 62747.526820
307 6.054475 2.965004 5.959738 80.968193 25609.578427
307 -6.054475 -2.965004 5.959738 80.968193 25609.578427
307 15.602296 4.759719 6.789443 239.191537 33236.580887
307 -15.602296 -4.759719 6.789443 239.191537 33236.580887
308 13.780439 4.473203 3.797419 119.881109 10397.411169
308 -13.780439 -4.473203 3.797419 119.881109 10397.411169
308 14.001890 4.509002 3.703306 23.883041 9888.430637
308 -14.001890 -4.509002 3.703306 23.883041 9888.430637
308 16.194315 4.849180 6.604696 273.873576 31452.394132
308 -16.194315 -4.849180 6.604696 273.873576 31452.394132
308 20.433109 5.446961 12.298994 271.876092 109065.459364
308 -20.433109 -5.446961 12.298994 271.876092 109065.459364
308 9.673924 3.747903 6.611808 207.141175 31520.170828
308 -9.673924 -3.747903 6.611808 207.141175 31520.170828
308 19.683828 5.346158 7.578663 272.267511 41412.678455
308 -19.683828 -5.346158 7.578663 272.267511 41412.678455
308 15.251551 4.705915 8.746565 95.146312 55159.853301
308 -15.251551 -4.705915 8.746565 95.146312 55159.853301
308 20.064482 5.397604 5.961670 150.614603 25626.186293
308 -20.064482 -5.397604 5.961670 150.614603 25626.186293
308 9.182828 3.651533 17.861530 45.202446 230030.488247
308 -9.182828 -3.651533 17.861530 45.202446 230030.488247
308 11.132785 4.020582 8.835263 225.994198 56284.267975
308 -11.132785 -4.020582 8.835263 225.994198 56284.267975
308 10.102761 3.830073 7.728044 26.859197 43061.307500
308 -10.102761 -3.830073 7.728044 26.859197 43061.307500
308 25.241131 6.053987 5.017646 190.203350 18152.990462
308 -25.241131 -6.053987 5.017646 190.203350 18152.990462
308 14.320351 4.559990 7.587917 145.883415 41513.869512
308 -14.320351 -4.559990 7.587917 145.883415 41513.869512
308 16.648184 4.916663 13.983542 279.802775 140988.099693
308 -16.648184 -4.916663 13.983542 279.802775 140988.099693
308 15.296161 4.712792 13.121665 356.437085 124144.072128
308 -15.296161 -4.712792 13.121665 356.437085 124144.072128
308 8.163071 3.442816 10.795706 301.525574 84033.053500
308 -8.163071 -3.442816 10.795706 301.525574 84033.053500
308 1.896029 1.659241 5.891576 104.641297 25027.131013
308 -1.896029 -1.659241 5.891576 104.641297 25027.131013
308 8.711687 3.556626 7.324426 163.744431 38680.787360
308 -8.711687 -3.556626 7.324426 163.744431 38680.787360
308 14.020300 4.511965 5.266719 76.641384 19999.922545
308 -14.020300 -4.511965 5.266719 76.641384 19999.922545
308 19.567897 5.330392 3.619068 334.831215 9443.688042
308 -19.567897 -5.330392 3.619068 334.831215 9443.688042
308 15.584454 4.756997 3.039194 71.900057 6659.856960
308 -15.584454 -4.756997 3.039194 71.900057 6659.856960
308 17.280861 5.009216 6.809970 16.331021 33437.857993
308 -17.280861 -5.009216 6.809970 16.331021 33437.857993
308 5.622036 2.857155 7.228744 111.911277 37676.780875
308 -5.622036 -2.857155 7.228744 111.911277 37676.780875
308 18.513927 5.184851 7.831169 231.028337 44218.216838
308 -18.513927 -5.184851 7.831169 231.028337 44218.216838
308 13.931064 4.497583 9.010769 70.125835 58542.564068
308 -13.931064 -4.497583 9.010769 70.125835 58542.564068
308 14.299626 4.556689 4.413475 343.684348 14044.604035
308 -14.299626 -4.556689 4.413475 343.684348 14044.604035
308 5.063130 2.711419 8.662639 180.109529 54106.384958
308 -5.063130 -2.711419 8.662639 180.109529 54106.384958
309 12.278626 4.222425 19.817175 182.038595 283159.776422
309 -12.278626 -4.222425 19.817175 182.038595 283159.776422
309 0.384862 0.747549 4.925460 65.468785 17492.087236
309 -0.384862 -0.747549 4.925460 65.468785 17492.087236
309 20.075416 5.399075 15.032245 271.649590 162928.009937
309 -20.075416 -5.399075 15.032245 271.649590 162928.009937
309 18.408547 5.170075 5.391393 120.508471 20958.012982
309 -18.408547 -5.170075 5.391393 120.508471 20958.012982
309 18.702807 5.211232 13.933679 31.919335 139984.420833
309 -18.702807 -5.211232 13.933679 31.919335 139984.420833
309 24.277464 5.937296 14.540217 91.372112 152436.813397
309 -24.277464 -5.937296 14.540217 91.372112 152436.813397
309 17.856563 5.091972 3.298376 75.831736 7844.193340
309 -17.856563 -5.091972 3.298376 75.831736 7844.193340
309 20.101206 5.402541 11.157786 202.021517 89764.399221
309 -20.101206 -5.402541 11.157786 202.021517 89764.399221
309 21.722827 5.616234 2.574948 170.112912 4780.629685
309 -21.722827 -5.616234 2.574948 170.112912 4780.629685
309 6.450612 3.060466 4.327291 286.511997 13501.446691
309 -6.450612 -3.060466 4.327291 286.511997 13501.446691
309 19.069577 5.262082 6.578208 203.906178 31200.627286
309 -19.069577 -5.262082 6.578208 203.906178 31200.627286
309 13.042421 4.351772 4.103197 240.738634 12139.276775
309 -13.042421 -4.351772 4.103197 240.738634 12139.276775
309 14.946864 4.658671 5.878485 159.675577 24916.034263
309 -14.946864 -4.658671 5.878485 159.675577 24916.034263
309 5.714051 2.880442 12.195042 35.616644 107229.592717
309 -5.714051 -2.880442 12.195042 35.616644 107229.592717
309 8.957860 3.606527 3.491884 60.093355 8791.595466
309 -8.957860 -3.606527 3.491884 60.093355 8791.595466
309 11.600376 4.104149 6.542851 11.279352 30866.127545
309 -11.600376 -4.104149 6.542851 11.279352 30866.127545
309 7.717187 3.347469 11.980328 245.133316 103486.924439
309 -7.717187 -3.347469 11.980328 245.133316 103486.924439
309 16.646459 4.916409 5.308751 257.509530 20320.421359
309 -16.646459 -4.916409 5.308751 257.509530 20320.421359
309 7.335194 3.263569 5.769983 155.520388 24004.746360
309 -7.335194 -3.263569 5.769983 155.520388 24004.746360
309 8.034659 3.415630 4.569228 222.872212 15053.371607
309 -8.034659 -3.415630 4.569228 222.872212 15053.371607
309 17.624678 5.058801 10.543986 302.818270 80159.994904
309 -17.624678 -5.058801 10.543986 302.818270 80159.994904
309 5.362945 2.790543 9.373337 300.249247 63348.527857
309 -5.362945 -2.790543 9.373337 300.249247 63348.527857
309 10.969324 3.990956 4.544588 105.069677 14891.456080
309 -10.969324 -3.990956 4.544588 105.069677 14891.456080
309 12.346739 4.234120 8.646853 63.469220 53909.361234
309 -12.346739 -4.234120 8.646853 63.469220 53909.361234
309 8.196288 3.449814 6.044723 180.737684 26345.159539
309 -8.196288 -3.449814 6.044723 180.737684 26345.159539
309 16.332844 4.869877 8.976053 194.889206 58092.347295
309 -16.332844 -4.869877 8.976053 194.889206 58092.347295
309 6.243728 3.010988 10.364670 3.367660 77456.704933
309 -6.243728 -3.010988 10.364670 3.367660 77456.704933
310 24.752349 5.995084 9.870387 333.587906 70245.169602
310 -24.752349 -5.995084 9.870387 333.587906 70245.169602
310 19.844477 5.367930 11.504054 188.036831 95422.304283
310 -19.844477 -5.367930 11.504054 188.036831 95422.304283
310 28.931222 6.481424 8.558560 121.356816 52814.044443
310 -28.931222 -6.481424 8.558560 121.356816 52814.044443
310 13.437179 4.417139 12.082798 250.037264 105264.776517
310 -13.437179 -4.417139 12.082798 250.037264 105264.776517
310 14.052132 4.517084 8.816934 303.666069 56050.991265
310 -14.052132 -4.517084 8.816934 303.666069 56050.991265
310 28.223843 6.401697 9.532810 234.202496 65522.420854
310 -28.223843 -6.401697 9.532810 234.202496 65522.420854
310 9.015479 3.618107 3.898041 222.187329 10955.720055
310 -9.015479 -3.618107 3.898041 222.187329 10955.720055
310 16.686635 4.922338 5.278394 206.721975 20088.689585
310 -16.686635 -4.922338 5.278394 206.721975 20088.689585
310 9.871720 3.786025 7.175450 321.580093 37123.277214
310 -9.871720 -3.786025 7.175450 321.580093 37123.277214
310 20.532751 5.460226 2.204439 288.194680 3503.841148
310 -20.532751 -5.460226 2.204439 288.194680 3503.841148
310 10.341768 3.875114 7.155085 104.751801 36912.856138
310 -10.341768 -3.875114 7.155085 104.751801 36912.856138
310 8.048420 3.418553 13.583821 337.238588 133042.984156
310 -8.048420 -3.418553 13.583821 337.238588 133042.984156
310 13.282556 4.391652 7.509684 111.266709 40662.253346
310 -13.282556 -4.391652 7.509684 111.266709 40662.253346
310 14.601290 4.604502 11.584842 303.626729 96767.222392
310 -14.601290 -4.604502 11.584842 303.626729 96767.222392
310 9.690927 3.751196 10.513596 74.532416 79698.588753
310 -9.690927 -3.751196 10.513596 74.532416 79698.588753
310 18.439638 5.174439 30.906030 130.029519 688707.018270
310 -18.439638 -5.174439 30.906030 130.029519 688707.018270
310 10.884006 3.975406 1.791255 233.201513 2313.465865
310 -10.884006 -3.975406 1.791255 233.201513 2313.465865
310 10.939577 3.985541 10.090192 338.920216 73408.595847
310 -10.939577 -3.985541 10.090192 338.920216 73408.595847
310 13.218041 4.380973 6.003048 155.468800 25983.141963
310 -13.218041 -4.380973 6.003048 155.468800 25983.141963
310 17.086272 4.980933 6.443845 305.186564 29939.067325
310 -17.086272 -4.980933 6.443845 305.186564 29939.067325
310 10.809138 3.961709 4.913079 14.768586 17404.260485
310 -10.809138 -3.961709 4.913079 14.768586 17404.260485
310 18.198541 5.140500 6.876792 25.748592 34097.289797
310 -18.198541 -5.140500 6.876792 25.748592 34097.289797
310 20.584944 5.467161 11.680067 130.950930 98364.573234
310 -20.584944 -5.467161 11.680067 130.950930 98364.573234
310 17.491120 5.039598 3.539810 231.704991 9034.581575
310 -17.491120 -5.039598 3.539810 231.704991 9034.581575
310 21.939807 5.644214 3.421090 182.398286 8438.731608
310 -21.939807 -5.644214 3.421090 182.398286 8438.731608
310 16.810510 4.940575 5.634410 199.420805 22889.953832
310 -16.810510 -4.940575 5.634410 199.420805 22889.953832
310 17.173439 4.993622 7.796809 215.721211 43831.044583
310 -17.173439 -4.993622 7.796809 215.721211 43831.044583
311 6.678076 3.113958 2.769698 192.576915 5531.117504
311 -6.678076 -3.113958 2.769698 192.576915 5531.117504
311 13.887911 4.490612 2.513792 236.877399 4556.242977
311 -13.887911 -4.490612 2.513792 236.877399 4556.242977
311 40.140842 7.634494 4.739644 205.880044 16197.181045
311 -40.140842 -7.634494 4.739644 205.880044 16197.181045
311 22.314365 5.692189 7.490995 280.282935 40460.113339
311 -22.314365 -5.692189 7.490995 280.282935 40460.113339
311 20.517523 5.458201 11.848129 161.520981 101215.645420
311 -20.517523 -5.458201 11.848129 161.520981 101215.645420
311 20.738921 5.487571 5.778019 287.899504 24071.658797
311 -20.738921 -5.487571 5.778019 287.899504 24071.658797
311 18.638375 5.202248 6.561949 77.672907 31046.579824
311 -18.638375 -5.202248 6.561949 77.672907 31046.579824
311 21.809553 5.627434 4.652327 181.195462 15605.888063
311 -21.809553 -5.627434 4.652327 181.195462 15605.888063
311 17.648698 5.062248 11.438862 275.982969 94343.879477
311 -17.648698 -5.062248 11.438862 275.982969 94343.879477
311 12.763854 4.305048 7.893215 272.351314 44921.675628
311 -12.763854 -4.305048 7.893215 272.351314 44921.675628
311 25.107455 6.037934 11.595457 199.196658 96944.637830
311 -25.107455 -6.037934 11.595457 199.196658 96944.637830
311 -9.367581 3.688084 6.081063 144.784679 26662.881163
311 9.367581 -3.688084 6.081063 144.784679 26662.881163
311 3.082548 2.115641 3.465557 275.675604 8659.527356
311 -3.082548 -2.115641 3.465557 275.675604 8659.527356
311 4.553208 2.571259 6.915933 338.026717 34486.535987
311 -4.553208 -2.571259 6.915933 338.026717 34486.535987
311 16.462265 4.889133 12.357008 257.695721 110096.812815
311 -16.462265 -4.889133 12.357008 257.695721 110096.812815
311 29.743929 6.571828 6.319514 137.036622 28794.892945
311 -29.743929 -6.571828 6.319514 137.036622 28794.892945
311 20.423646 5.445700 5.453413 110.069060 21442.966679
311 -20.423646 -5.445700 5.453413 110.069060 21442.966679
311 11.308311 4.052154 5.521077 14.138755 21978.378946
311 -11.308311 -4.052154 5.521077 14.138755 21978.378946
311 16.943547 4.960086 5.138014 278.757378 19034.375147
311 -16.943547 -4.960086 5.138014 278.757378 19034.375147
311 20.591745 5.468064 8.703026 106.775756 54612.068357
311 -20.591745 -5.468064 8.703026 106.775756 54612.068357
311 7.092323 3.209086 6.559477 136.769807 31023.190752
311 -7.092323 -3.209086 6.559477 136.769807 31023.190752
311 10.018466 3.814061 21.035584 45.172387 319048.878488
311 -10.018466 -3.814061 21.035584 45.172387 319048.878488
311 15.185003 4.695637 4.206974 306.660591 12761.089601
311 -15.185003 -4.695637 4.206974 306.660591 12761.089601
311 4.186788 2.465628 4.613426 237.768101 15345.997863
311 -4.186788 -2.465628 4.613426 237.768101 15345.997863
311 18.969660 5.248278 1.544395 143.527589 1719.749169
311 -18.969660 -5.248278 1.544395 143.527589 1719.749169
311 3.984030 2.405184 7.265086 145.514650 38056.561351
311 -3.984030 -2.405184 7.265086 145.514650 38056.561351
311 17.994341 5.111578 5.725705 94.507919 23637.741272
311 -17.994341 -5.111578 5.725705 94.507919 23637.741272
312 18.453080 5.176324 6.134884 109.220602 27136.938060
312 -18.453080 -5.176324 6.134884 109.220602 27136.938060
312 12.219857 4.212308 6.078720 93.535884 26642.342642
312 -12.219857 -4.212308 6.078720 93.535884 26642.342642
312 18.635796 5.201888 1.746745 44.443875 2199.922110
312 -18.635796 -5.201888 1.746745 44.443875 2199.922110
312 7.594543 3.320763 3.044620 107.826884 6683.657067
312 -7.594543 -3.320763 3.044620 107.826884 6683.657067
312 24.314048 5.941768 7.184771 124.973443 37219.794412
312 -24.314048 -5.941768 7.184771 124.973443 37219.794412
312 23.521576 5.844135 12.483141 233.522353 112355.892505
312 -23.521576 -5.844135 12.483141 233.522353 112355.892505
312 10.285497 3.864557 6.922432 226.752447 34551.382846
312 -10.285497 -3.864557 6.922432 226.752447 34551.382846
312 10.355524 3.877690 9.254053 290.091098 61746.450009
312 -10.355524 -3.877690 9.254053 290.091098 61746.450009
312 18.363215 5.163705 11.699596 200.812369 98693.781605
312 -18.363215 -5.163705 11.699596 200.812369 98693.781605
312 15.399215 4.728641 5.144932 79.171102 19085.670621
312 -15.399215 -4.728641 5.144932 79.171102 19085.670621
312 13.035628 4.350639 15.197217 142.882791 166523.755387
312 -13.035628 -4.350639 15.197217 142.882791 166523.755387
312 16.216654 4.852524 5.110323 282.212504 18829.761295
312 -16.216654 -4.852524 5.110323 282.212504 18829.761295
312 14.394285 4.571746 7.564607 47.461604 41259.206146
312 -14.394285 -4.571746 7.564607 47.461604 41259.206146
312 24.966765 6.020994 9.834864 283.661766 69740.454405
312 -24.966765 -6.020994 9.834864 283.661766 69740.454405
312 15.989860 4.818472 7.950783 270.088874 45579.321535
312 -15.989860 -4.818472 7.950783 270.088874 45579.321535
312 15.986149 4.817913 17.206437 116.627007 213466.615532
312 -15.986149 -4.817913 17.206437 116.627007 213466.615532
312 1.586192 1.517627 29.318435 355.063185 619768.705050
312 -1.586192 -1.517627 29.318435 355.063185 619768.705050
312 9.858452 3.783480 12.847138 223.905890 119003.803347
312 -9.858452 -3.783480 12.847138 223.905890 119003.803347
312 24.824053 6.003761 5.506494 265.629550 21862.428161
312 -24.824053 -6.003761 5.506494 265.629550 21862.428161
312 2.443208 1.883507 6.598296 240.308453 31391.466661
312 -2.443208 -1.883507 6.598296 240.308453 31391.466661
312 10.978624 3.992648 4.842601 134.043254 16908.514317
312 -10.978624 -3.992648 4.842601 134.043254 16908.514317
312 26.611714 6.216178 5.905319 79.830073 25144.027693
312 -26.611714 -6.216178 5.905319 79.830073 25144.027693
312 10.550125 3.913955 6.203784 313.442261 27749.901220
312 -10.550125 -3.913955 6.203784 313.442261 27749.901220
312 17.473017 5.036989 1.293162 263.025430 1205.740531
312 -17.473017 -5.036989 1.293162 263.025430 1205.740531
312 7.646954 3.332202 4.689504 345.704351 15856.299791
312 -7.646954 -3.332202 4.689504 345.704351 15856.299791
312 8.455293 3.503897 5.503967 191.266467 21842.368128
312 -8.455293 -3.503897 5.503967 191.266467 21842.368128
312 31.145105 6.724840 4.606402 155.993077 15299.307993
312 -31.145105 -6.724840 4.606402 155.993077 15299.307993
313 6.033200 2.959790 6.832291 343.025436 33657.417819
313 -6.033200 -2.959790 6.832291 343.025436 33657.417819
313 10.938649 3.985372 7.692634 205.690771 42667.603912
313 -10.938649 -3.985372 7.692634 205.690771 42667.603912
313 21.913013 5.640766 6.237863 281.148595 28055.615301
313 -21.913013 -5.640766 6.237863 281.148595 28055.615301
313 13.390750 4.409502 5.158870 32.682939 19189.218519
313 -13.390750 -4.409502 5.158870 32.682939 19189.218519
313 12.075495 4.187352 4.672327 137.133875 15740.355332
313 -12.075495 -4.187352 4.672327 137.133875 15740.355332
313 8.793177 3.573222 7.135197 210.013005 36707.936638
313 -8.793177 -3.573222 7.135197 210.013005 36707.936638
313 16.107312 4.836137 5.770687 79.637804 24010.608426
313 -16.107312 -4.836137 5.770687 79.637804 24010.608426
313 21.601862 5.600575 17.357110 85.857695 217221.546480
313 -21.601862 -5.600575 17.357110 85.857695 217221.546480
313 9.635181 3.740391 3.529900 142.327787 8984.067251
313 -9.635181 -3.740391 3.529900 142.327787 8984.067251
313 16.178828 4.846861 9.737472 357.660009 68366.058186
313 -16.178828 -4.846861 9.737472 357.660009 68366.058186
313 7.060723 3.201929 5.639656 277.459014 22932.596673
313 -7.060723 -3.201929 5.639656 277.459014 22932.596673
313 6.706164 3.120500 4.829038 179.366982 16813.936417
313 -6.706164 -3.120500 4.829038 179.366982 16813.936417
313 25.311103 6.062372 1.691154 29.403476 2062.121330
313 -25.311103 -6.062372 1.691154 29.403476 2062.121330
313 18.946175 5.245028 22.505157 170.219797 365184.370676
313 -18.946175 -5.245028 22.505157 170.219797 365184.370676
313 16.617095 4.912071 7.383078 267.162230 39302.757871
313 -16.617095 -4.912071 7.383078 267.162230 39302.757871
313 7.163497 3.225148 4.420798 223.418040 14091.245264
313 -7.163497 -3.225148 4.420798 223.418040 14091.245264
313 8.676831 3.549503 5.580491 211.071269 22453.959479
313 -8.676831 -3.549503 5.580491 211.071269 22453.959479
313 16.343938 4.871530 13.312202 82.387824 127775.578352
313 -16.343938 -4.871530 13.312202 82.387824 127775.578352
313 13.192468 4.376733 9.685443 89.343751 67637.421202
313 -13.192468 -4.376733 9.685443 89.343751 67637.421202
313 14.848905 4.643380 11.092311 156.965586 88713.998619
313 -14.848905 -4.643380 11.092311 156.965586 88713.998619
313 10.838801 3.967141 14.359976 291.175164 148681.012153
313 -10.838801 -3.967141 14.359976 291.175164 148681.012153
313 4.015347 2.414619 5.483712 216.607175 21681.903720
313 -4.015347 -2.414619 5.483712 216.607175 21681.903720
313 20.026507 5.392494 5.022908 250.391263 18191.084244
313 -20.026507 -5.392494 5.022908 250.391263 18191.084244
313 26.718542 6.228643 5.932081 74.254985 25372.441042
313 -26.718542 -6.228643 5.932081 74.254985 25372.441042
313 14.108050 4.526062 5.663771 11.865089 23129.139818
313 -14.108050 -4.526062 5.663771 11.865089 23129.139818
313 2.695771 1.978466 8.962300 222.558909 57914.458908
313 -2.695771 -1.978466 8.962300 222.558909 57914.458908
313 2.008295 1.707658 9.905988 145.975567 70752.804846
313 -2.008295 -1.707658 9.905988 145.975567 70752.804846
314 17.317215 5.014482 8.822585 319.958346 56122.855714
314 -17.317215 -5.014482 8.822585 319.958346 56122.855714
314 13.248510 4.386020 4.023925 156.811327 11674.754685
314 -13.248510 -4.386020 4.023925 156.811327 11674.754685
314 7.763304 3.357456 15.776400 138.204443 179458.439247
314 -7.763304 -3.357456 15.776400 138.204443 179458.439247
314 3.726719 2.326218 5.273752 119.092944 20053.372188
314 -3.726719 -2.326218 5.273752 119.092944 20053.372188
314 13.075936 4.357360 4.151531 210.000026 12426.951027
314 -13.075936 -4.357360 4.151531 210.000026 12426.951027
314 13.547057 4.435162 3.535552 315.514503 9012.855936
314 -13.547057 -4.435162 3.535552 315.514503 9012.855936
314 23.108164 5.792550 11.128264 79.131874 89290.012264
314 -23.108164 -5.792550 11.128264 79.131874 89290.012264
314 25.138510 6.041667 4.453670 294.796029 14301.583526
314 -25.138510 -6.041667 4.453670 294.796029 14301.583526
314 14.696141 4.619433 11.520213 154.456757 95690.556085
314 -14.696141 -4.619433 11.520213 154.456757 95690.556085
314 31.500197 6.763067 12.189933 225.801806 107139.764119
314 -31.500197 -6.763067 12.189933 225.801806 107139.764119
314 17.967400 5.107750 5.998006 204.561302 25939.515029
314 -17.967400 -5.107750 5.998006 204.561302 25939.515029
314 5.063762 2.711588 8.400919 280.052376 50886.392540
314 -5.063762 -2.711588 8.400919 280.052376 50886.392540
314 12.076368 4.187504 9.199908 308.517628 61026.015772
314 -12.076368 -4.187504 9.199908 308.517628 61026.015772
314 10.328806 3.872684 3.763380 99.554704 10211.843403
314 -10.328806 -3.872684 3.763380 99.554704 10211.843403
314 19.377117 5.304343 3.657809 200.039834 9646.951824
314 -19.377117 -5.304343 3.657809 200.039834 9646.951824
314 10.656599 3.933656 9.235990 172.477367 61505.641097
314 -10.656599 -3.933656 9.235990 172.477367 61505.641097
314 18.041522 5.118275 3.819583 114.040858 10519.131466
314 -18.041522 -5.118275 3.819583 114.040858 10519.131466
314 17.164677 4.992348 1.807751 101.753763 2356.271974
314 -17.164677 -4.992348 1.807751 101.753763 2356.271974
314 5.477026 2.820067 6.493310 269.281381 30400.474152
314 -5.477026 -2.820067 6.493310 269.281381 30400.474152
314 26.105367 6.156756 2.103022 49.672905 3188.861591
314 -26.105367 -6.156756 2.103022 49.672905 3188.861591
314 0.829168 1.097257 7.653674 13.550521 42236.510772
314 -0.829168 -1.097257 7.653674 13.550521 42236.510772
314 10.196819 3.847861 5.114163 98.835937 18858.070357
314 -10.196819 -3.847861 5.114163 98.835937 18858.070357
314 17.819201 5.086642 5.078883 359.431580 18598.779447
314 -17.819201 -5.086642 5.078883 359.431580 18598.779447
314 23.682398 5.864080 4.076340 1.629721 11980.884280
314 -23.682398 -5.864080 4.076340 1.629721 11980.884280
314 16.174194 4.846167 6.450478 29.442292 30000.736578
314 -16.174194 -4.846167 6.450478 29.442292 30000.736578
314 7.775007 3.359986 4.167810 206.325402 12524.599468
314 -7.775007 -3.359986 4.167810 206.325402 12524.599468
314 4.709219 2.614938 3.483708 299.732897 8750.471498
314 -4.709219 -2.614938 3.483708 299.732897 8750.471498
315 9.368263 3.688218 18.903823 248.299297 257660.206071
315 -9.368263 -3.688218 18.903823 248.299297 257660.206071
315 31.753251 6.790178 3.491606 264.200242 8790.197367
315 -31.753251 -6.790178 3.491606 264.200242 8790.197367
315 28.388611 6.420356 5.727141 53.018663 23649.600018
315 -28.388611 -6.420356 5.727141 53.018663 23649.600018
315 17.141258 4.988941 5.930867 17.211024 25362.053385
315 -17.141258 -4.988941 5.930867 17.211024 25362.053385
315 8.893922 3.593633 9.277831 174.953978 62064.173401
315 -8.893922 -3.593633 9.277831 174.953978 62064.173401
315 12.912951 4.330119 6.147816 99.924066 27251.459515
315 -12.912951 -4.330119 6.147816 99.924066 27251.459515
315 13.498207 4.427159 7.770825 93.931852 43539.388999
315 -13.498207 -4.427159 7.770825 93.931852 43539.388999
315 -3.295991 2.187661 11.191734 309.941909 90311.447717
315 3.295991 -2.187661 11.191734 309.941909 90311.447717
315 10.621814 3.927230 4.471937 71.897251 14419.143628
315 -10.621814 -3.927230 4.471937 71.897251 14419.143628
315 19.789434 5.360481 6.009768 67.065201 26041.351039
315 -19.789434 -5.360481 6.009768 67.065201 26041.351039
315 21.012349 5.523627 4.112712 19.686979 12195.639835
315 -21.012349 -5.523627 4.112712 19.686979 12195.639835
315 11.907492 4.158122 9.916607 238.795217 70904.575802
315 -11.907492 -4.158122 9.916607 238.795217 70904.575802
315 17.397698 5.026121 4.229637 333.742254 12898.946130
315 -17.397698 -5.026121 4.229637 333.742254 12898.946130
315 24.327184 5.943373 4.803857 7.105314 16639.038928
315 -24.327184 -5.943373 4.803857 7.105314 16639.038928
315 3.304865 2.190604 4.579048 186.219452 15118.143522
315 -3.304865 -2.190604 4.579048 186.219452 15118.143522
315 11.473608 4.081662 9.356058 327.320403 63115.191986
315 -11.473608 -4.081662 9.356058 327.320403 63115.191986
315 16.607691 4.910680 4.954803 343.496165 17701.127677
315 -16.607691 -4.910680 4.954803 343.496165 17701.127677
315 8.907563 3.596388 4.482784 247.685585 14489.178198
315 -8.907563 -3.596388 4.482784 247.685585 14489.178198
315 16.257219 4.858589 12.522374 92.058315 113063.244197
315 -16.257219 -4.858589 12.522374 92.058315 113063.244197
315 14.416688 4.575302 8.218282 51.841101 48697.892737
315 -14.416688 -4.575302 8.218282 51.841101 48697.892737
315 18.486594 5.181023 9.776392 170.538019 68913.656663
315 -18.486594 -5.181023 9.776392 170.538019 68913.656663
315 8.521590 3.517607 3.187450 115.506266 7325.460511
315 -8.521590 -3.517607 3.187450 115.506266 7325.460511
315 21.703130 5.613687 8.353481 238.919107 50313.325114
315 -21.703130 -5.613687 8.353481 238.919107 50313.325114
315 12.865620 4.322176 3.350721 121.450522 8095.146224
315 -12.865620 -4.322176 3.350721 121.450522 8095.146224
315 3.593023 2.284110 7.587762 121.581158 41512.171587
315 -3.593023 -2.284110 7.587762 121.581158 41512.171587
315 9.023059 3.619628 3.296986 348.611967 7837.586026
315 -9.023059 -3.619628 3.296986 348.611967 7837.586026
316 18.662472 5.205610 16.949785 222.199040 207145.955163
316 -18.662472 -5.205610 16.949785 222.199040 207145.955163
316 9.071710 3.629373 6.128765 151.921455 27082.825281
316 -9.071710 -3.629373 6.128765 151.921455 27082.825281
316 8.762557 3.566995 3.298726 189.642798 7845.861066
316 -8.762557 -3.566995 3.298726 189.642798 7845.861066
316 17.624988 5.058846 4.826059 139.173645 16793.193653
316 -17.624988 -5.058846 4.826059 139.173645 16793.193653
316 17.849293 5.090935 8.485042 139.671173 51910.596080
316 -17.849293 -5.090935 8.485042 139.671173 51910.596080
316 -4.376103 2.520756 12.973499 192.269688 121356.305916
316 4.376103 -2.520756 12.973499 192.269688 121356.305916
316 12.867859 4.322552 10.645852 163.955652 81716.345808
316 -12.867859 -4.322552 10.645852 163.955652 81716.345808
316 9.660285 3.745260 9.373088 99.928289 63345.169816
316 -9.660285 -3.745260 9.373088 99.928289 63345.169816
316 31.425531 6.755047 12.939332 14.887415 120717.939040
316 -31.425531 -6.755047 12.939332 14.887415 120717.939040
316 12.530634 4.265536 6.520602 124.471485 30656.567060
316 -12.530634 -4.265536 6.520602 124.471485 30656.567060
316 14.360485 4.566375 19.235118 331.412171 266770.496136
316 -14.360485 -4.566375 19.235118 331.412171 266770.496136
316 12.755759 4.303682 7.130181 246.236826 36656.348060
316 -12.755759 -4.303682 7.130181 246.236826 36656.348060
316 7.004920 3.189250 3.837823 68.415643 10619.841676
316 -7.004920 -3.189250 3.837823 68.415643 10619.841676
316 4.699248 2.612169 5.393950 49.002371 20977.893465
316 -4.699248 -2.612169 5.393950 49.002371 20977.893465
316 8.327876 3.477396 13.906020 191.074325 139429.210903
316 -8.327876 -3.477396 13.906020 191.074325 139429.210903
316 19.656403 5.342433 9.351449 48.630579 63053.016501
316 -19.656403 -5.342433 9.351449 48.630579 63053.016501
316 8.335738 3.479037 13.320975 42.631513 127944.057047
316 -8.335738 -3.479037 13.320975 42.631513 127944.057047
316 0.072591 0.324661 4.098312 43.815183 12110.389307
316 -0.072591 -0.324661 4.098312 43.815183 12110.389307
316 9.857502 3.783297 9.458982 36.753444 64511.461775
316 -9.857502 -3.783297 9.458982 36.753444 64511.461775
316 12.369106 4.237954 4.062176 15.805019 11897.768662
316 -12.369106 -4.237954 4.062176 15.805019 11897.768662
316 17.702815 5.070003 11.800441 246.847914 100402.509844
316 -17.702815 -5.070003 11.800441 246.847914 100402.509844
316 18.589558 5.195431 5.291222 354.168811 20186.450859
316 -18.589558 -5.195431 5.291222 354.168811 20186.450859
316 13.992681 4.507518 7.907846 284.508485 45088.362568
316 -13.992681 -4.507518 7.907846 284.508485 45088.362568
316 9.756843 3.763932 2.965098 100.428404 6339.078778
316 -9.756843 -3.763932 2.965098 100.428404 6339.078778
316 2.278278 1.818823 8.132450 348.939567 47685.999393
316 -2.278278 -1.818823 8.132450 348.939567 47685.999393
316 4.881215 2.662263 5.134592 26.792636 19009.030567
316 -4.881215 -2.662263 5.134592 26.792636 19009.030567
317 1.920035 1.669712 4.461352 165.491612 14350.962523
317 -1.920035 -1.669712 4.461352 165.491612 14350.962523
317 15.457405 4.737567 5.660833 181.494466 23105.147779
317 -15.457405 -4.737567 5.660833 181.494466 23105.147779
317 -2.546970 1.923087 2.253976 35.529920 3663.083306
317 2.546970 -1.923087 2.253976 35.529920 3663.083306
317 8.656952 3.545435 11.644279 65.432651 97762.722011
317 -8.656952 -3.545435 11.644279 65.432651 97762.722011
317 14.201457 4.541021 6.435910 16.243651 29865.377764
317 -14.201457 -4.541021 6.435910 16.243651 29865.377764
317 19.725783 5.351853 14.761264 302.706254 157106.860819
317 -19.725783 -5.351853 14.761264 302.706254 157106.860819
317 6.137017 2.985147 14.330578 254.640280 148072.872367
317 -6.137017 -2.985147 14.330578 254.640280 148072.872367
317 14.312004 4.558661 4.643904 109.068286 15549.431937
317 -14.312004 -4.558661 4.643904 109.068286 15549.431937
317 30.009527 6.601105 3.922222 208.059661 11092.065281
317 -30.009527 -6.601105 3.922222 208.059661 11092.065281
317 12.783854 4.308419 5.881224 250.002656 24939.256806
317 -12.783854 -4.308419 5.881224 250.002656 24939.256806
317 15.786725 4.787768 7.552707 101.695598 41129.488301
317 -15.786725 -4.787768 7.552707 101.695598 41129.488301
317 12.507115 4.261531 10.343410 339.791371 77139.274011
317 -12.507115 -4.261531 10.343410 339.791371 77139.274011
317 18.336876 5.160000 9.854276 200.546272 70016.039225
317 -18.336876 -5.160000 9.854276 200.546272 70016.039225
317 1.611436 1.529655 4.978583 20.950242 17871.439832
317 -1.611436 -1.529655 4.978583 20.950242 17871.439832
317 13.011752 4.346653 5.077209 226.461501 18586.522248
317 -13.011752 -4.346653 5.077209 226.461501 18586.522248
317 21.509088 5.588536 8.977569 163.335669 58111.971364
317 -21.509088 -5.588536 8.977569 163.335669 58111.971364
317 2.383004 1.860156 6.601105 198.274392 31418.204562
317 -2.383004 -1.860156 6.601105 198.274392 31418.204562
317 21.848663 5.632478 5.184408 281.286572 19379.672509
317 -21.848663 -5.632478 5.184408 281.286572 19379.672509
317 14.086171 4.522552 19.046411 279.362615 261561.829850
317 -14.086171 -4.522552 19.046411 279.362615 261561.829850
317 4.798837 2.639703 2.362122 5.539664 4023.023497
317 -4.798837 -2.639703 2.362122 5.539664 4023.023497
317 11.304884 4.051540 16.568354 192.657764 197927.803899
317 -11.304884 -4.051540 16.568354 192.657764 197927.803899
317 11.653601 4.113553 4.532063 118.160321 14809.486003
317 -11.653601 -4.113553 4.532063 118.160321 14809.486003
317 2.603900 1.944461 18.217583 109.924910 239292.788254
317 -2.603900 -1.944461 18.217583 109.924910 239292.788254
317 19.243920 5.286081 4.345119 307.060633 13612.924476
317 -19.243920 -5.286081 4.345119 307.060633 13612.924476
317 12.971191 4.339872 2.571548 177.178421 4768.013434
317 -12.971191 -4.339872 2.571548 177.178421 4768.013434
317 25.480167 6.082585 2.101478 83.421664 3184.182531
317 -25.480167 -6.082585 2.101478 83.421664 3184.182531
318 18.797399 5.224394 5.510097 176.705155 21891.051955
318 -18.797399 -5.224394 5.510097 176.705155 21891.051955
318 15.998969 4.819845 12.939312 233.443328 120717.566215
318 -15.998969 -4.819845 12.939312 233.443328 120717.566215
318 13.294624 4.393646 7.836025 133.868554 44273.070837
318 -13.294624 -4.393646 7.836025 133.868554 44273.070837
318 12.730894 4.299486 7.432218 17.347436 39827.675378
318 -12.730894 -4.299486 7.432218 17.347436 39827.675378
318 18.558794 5.191130 5.487018 204.383633 21708.048950
318 -18.558794 -5.191130 5.487018 204.383633 21708.048950
318 26.191391 6.166892 4.582237 1.892818 15139.206830
318 -26.191391 -6.166892 4.582237 1.892818 15139.206830
318 10.984620 3.993738 10.481701 71.591982 79215.764123
318 -10.984620 -3.993738 10.481701 71.591982 79215.764123
318 16.832800 4.943849 17.387878 357.359104 217992.354820
318 -16.832800 -4.943849 17.387878 357.359104 217992.354820
318 18.251744 5.148008 9.852313 202.548719 69988.137536
318 -18.251744 -5.148008 9.852313 202.548719 69988.137536
318 11.034844 4.002858 8.878307 268.945925 56834.025676
318 -11.034844 -4.002858 8.878307 268.945925 56834.025676
318 18.413395 5.170755 20.013573 136.428876 288800.089235
318 -18.413395 -5.170755 20.013573 136.428876 288800.089235
318 10.242163 3.856407 4.221556 118.682462 12849.708135
318 -10.242163 -3.856407 4.221556 118.682462 12849.708135
318 13.060561 4.354798 12.190925 199.591846 107157.215772
318 -13.060561 -4.354798 12.190925 199.591846 107157.215772
318 12.851004 4.319720 2.531744 0.843611 4621.550029
318 -12.851004 -4.319720 2.531744 0.843611 4621.550029
318 16.678191 4.921092 7.824075 348.767669 44138.141744
318 -16.678191 -4.921092 7.824075 348.767669 44138.141744
318 -3.615833 2.291349 4.198731 335.874277 12711.131826
318 3.615833 -2.291349 4.198731 335.874277 12711.131826
318 0.995397 1.202224 6.140852 248.399850 27189.754472
318 -0.995397 -1.202224 6.140852 248.399850 27189.754472
318 9.185970 3.652158 11.070665 131.017005 88368.089372
318 -9.185970 -3.652158 11.070665 131.017005 88368.089372
318 10.465607 3.898246 8.835844 279.766328 56291.668265
318 -10.465607 -3.898246 8.835844 279.766328 56291.668265
318 10.084761 3.826660 4.286098 163.587813 13245.621257
318 -10.084761 -3.826660 4.286098 163.587813 13245.621257
318 18.542886 5.188905 6.569820 319.454941 31121.109207
318 -18.542886 -5.188905 6.569820 319.454941 31121.109207
318 22.379524 5.700494 8.226155 121.274993 48791.238516
318 -22.379524 -5.700494 8.226155 121.274993 48791.238516
318 11.528911 4.091487 5.094879 81.160856 18716.119294
318 -11.528911 -4.091487 5.094879 81.160856 18716.119294
318 7.844681 3.375007 8.028092 67.640824 46470.013490
318 -7.844681 -3.375007 8.028092 67.640824 46470.013490
318 13.264622 4.388686 7.005887 58.434804 35389.492139
318 -13.264622 -4.388686 7.005887 58.434804 35389.492139
318 14.832239 4.640774 6.006130 344.450097 26009.833765
318 -14.832239 -4.640774 6.006130 344.450097 26009.833765
319 13.564260 4.437977 9.794439 213.481676 69168.316730
319 -13.564260 -4.437977 9.794439 213.481676 69168.316730
319 17.200443 4.997547 5.744438 72.233208 23792.668575
319 -17.200443 -4.997547 5.744438 72.233208 23792.668575
319 13.617448 4.446670 4.240701 178.581796 12966.520704
319 -13.617448 -4.446670 4.240701 178.581796 12966.520704
319 10.947613 3.987005 13.746027 216.160878 136239.317993
319 -10.947613 -3.987005 13.746027 216.160878 136239.317993
319 16.758310 4.932898 7.671176 153.420672 42429.898135
319 -16.758310 -4.932898 7.671176 153.420672 42429.898135
319 19.271453 5.289861 2.137779 69.886287 3295.139097
319 -19.271453 -5.289861 2.137779 69.886287 3295.139097
319 12.539281 4.267007 12.040557 13.820846 104530.071833
319 -12.539281 -4.267007 12.040557 13.820846 104530.071833
319 11.032864 4.002499 4.834725 292.064171 16853.557669
319 -11.032864 -4.002499 4.834725 292.064171 16853.557669
319 3.530050 2.264006 6.153643 222.531043 27303.144438
319 -3.530050 -2.264006 6.153643 222.531043 27303.144438
319 23.692390 5.865317 1.551499 259.329338 1735.606816
319 -23.692390 -5.865317 1.551499 259.329338 1735.606816
319 6.530736 3.079414 4.359404 230.297850 13702.578796
319 -6.530736 -3.079414 4.359404 230.297850 13702.578796
319 10.209411 3.850236 13.677684 87.449690 134887.959094
319 -10.209411 -3.850236 13.677684 87.449690 134887.959094
319 5.662160 2.867333 3.551582 288.877200 9094.772603
319 -5.662160 -2.867333 3.551582 288.877200 9094.772603
319 14.294996 4.555951 10.260848 266.150614 75912.721009
319 -14.294996 -4.555951 10.260848 266.150614 75912.721009
319 6.491416 3.070130 9.199771 186.694551 61024.196490
319 -6.491416 -3.070130 9.199771 186.694551 61024.196490
319 15.054095 4.675353 3.517766 215.350957 8922.407052
319 -15.054095 -4.675353 3.517766 215.350957 8922.407052
319 1.952477 1.683759 5.421272 336.712185 21190.950178
319 -1.952477 -1.683759 5.421272 336.712185 21190.950178
319 18.881634 5.236087 4.299344 209.377231 13327.612968
319 -18.881634 -5.236087 4.299344 209.377231 13327.612968
319 5.110124 2.723973 15.717537 196.571035 178121.796250
319 -5.110124 -2.723973 15.717537 196.571035 178121.796250
319 -2.634137 1.955718 10.883234 337.705008 85401.207871
319 2.634137 -1.955718 10.883234 337.705008 85401.207871
319 12.145755 4.199517 4.383018 325.443659 13851.430602
319 -12.145755 -4.199517 4.383018 325.443659 13851.430602
319 11.274038 4.046009 5.239021 83.358873 19790.118301
319 -11.274038 -4.046009 5.239021 83.358873 19790.118301
319 15.061770 4.676544 3.199072 238.578154 7378.974805
319 -15.061770 -4.676544 3.199072 238.578154 7378.974805
319 23.288659 5.815128 8.054859 286.043926 46780.399497
319 -23.288659 -5.815128 8.054859 286.043926 46780.399497
319 17.183650 4.995107 4.447443 324.765506 14261.621927
319 -17.183650 -4.995107 4.447443 324.765506 14261.621927
319 7.069921 3.204013 4.572773 84.341626 15076.738648
319 -7.069921 -3.204013 4.572773 84.341626 15076.738648
320 3.218365 2.161746 8.857594 48.798823 56569.140881
320 -3.218365 -2.161746 8.857594 48.798823 56569.140881
320 11.600782 4.104221 6.330581 135.636989 28895.833804
320 -11.600782 -4.104221 6.330581 135.636989 28895.833804
320 10.684286 3.938763 8.696859 280.421234 54534.697622
320 -10.684286 -3.938763 8.696859 280.421234 54534.697622
320 7.649095 3.332668 5.352783 18.997413 20658.908138
320 -7.649095 -3.332668 5.352783 18.997413 20658.908138
320 12.781004 4.307939 7.305153 117.484847 38477.486677
320 -12.781004 -4.307939 7.305153 117.484847 38477.486677
320 13.870901 4.487861 8.482854 4.737754 51883.839407
320 -13.870901 -4.487861 8.482854 4.737754 51883.839407
320 10.917398 3.981499 11.255295 181.645535 91340.167868
320 -10.917398 -3.981499 11.255295 181.645535 91340.167868
320 7.977492 3.403457 4.587154 211.295276 15171.714047
320 -7.977492 -3.403457 4.587154 211.295276 15171.714047
320 10.669141 3.935970 7.295794 284.521554 38378.962743
320 -10.669141 -3.935970 7.295794 284.521554 38378.962743
320 12.214200 4.211333 3.677790 78.787105 9752.634048
320 -12.214200 -4.211333 3.677790 78.787105 9752.634048
320 10.704368 3.942462 5.383178 137.805089 20894.186832
320 -10.704368 -3.942462 5.383178 137.805089 20894.186832
320 13.406227 4.412049 4.783824 138.051423 16500.554871
320 -13.406227 -4.412049 4.783824 138.051423 16500.554871
320 24.126167 5.918767 4.042730 111.244684 11784.129026
320 -24.126167 -5.918767 4.042730 111.244684 11784.129026
320 15.713468 4.776646 3.151339 209.254170 7160.415223
320 -15.713468 -4.776646 3.151339 209.254170 7160.415223
320 15.381643 4.725942 5.370216 100.203924 20793.687199
320 -15.381643 -4.725942 5.370216 100.203924 20793.687199
320 15.311798 4.715200 4.948867 13.069204 17658.739484
320 -15.311798 -4.715200 4.948867 13.069204 17658.739484
320 7.049277 3.199332 2.023648 226.625576 2952.690019
320 -7.049277 -3.199332 2.023648 226.625576 2952.690019
320 12.406632 4.244377 9.112339 261.880457 59869.805637
320 -12.406632 -4.244377 9.112339 261.880457 59869.805637
320 6.751709 3.131078 5.896965 61.050877 25072.939157
320 -6.751709 -3.131078 5.896965 61.050877 25072.939157
320 11.343540 4.058461 10.365154 345.624202 77463.935450
320 -11.343540 -4.058461 10.365154 345.624202 77463.935450
320 18.266225 5.150050 6.059408 146.763020 26473.323966
320 -18.266225 -5.150050 6.059408 146.763020 26473.323966
320 6.446720 3.059542 9.959272 233.061853 71516.007693
320 -6.446720 -3.059542 9.959272 233.061853 71516.007693
320 13.997956 4.508368 6.973736 147.913535 35065.426125
320 -13.997956 -4.508368 6.973736 147.913535 35065.426125
320 22.280016 5.687806 9.914930 201.882263 70880.602925
320 -22.280016 -5.687806 9.914930 201.882263 70880.602925
320 13.669977 4.455238 8.690270 270.862222 54452.100637
320 -13.669977 -4.455238 8.690270 270.862222 54452.100637
321 1.685677 1.564495 9.106820 353.867031 59797.301144
321 -1.685677 -1.564495 9.106820 353.867031 59797.301144
321 3.427841 2.230989 13.369240 153.323558 128872.874861
321 -3.427841 -2.230989 13.369240 153.323558 128872.874861
321 8.393900 3.491153 3.487507 312.781704 8769.569646
321 -8.393900 -3.491153 3.487507 312.781704 8769.569646
321 7.616083 3.325469 2.319216 40.801926 3878.203897
321 -7.616083 -3.325469 2.319216 40.801926 3878.203897
321 14.747350 4.627475 2.451796 7.024777 4334.277703
321 -14.747350 -4.627475 2.451796 7.024777 4334.277703
321 22.140020 5.669908 8.995226 308.395358 58340.776915
321 -22.140020 -5.669908 8.995226 308.395358 58340.776915
321 8.759333 3.566338 6.264104 92.055369 28292.152091
321 -8.759333 -3.566338 6.264104 92.055369 28292.152091
321 7.904525 3.387856 6.230595 72.408360 27990.272555
321 -7.904525 -3.387856 6.230595 72.408360 27990.272555
321 7.542874 3.309447 4.690906 149.602470 15865.786959
321 -7.542874 -3.309447 4.690906 149.602470 15865.786959
321 16.090761 4.833651 12.317958 195.760163 109402.065062
321 -16.090761 -4.833651 12.317958 195.760163 109402.065062
321 11.783260 4.136374 5.627934 359.290091 22837.365563
321 -11.783260 -4.136374 5.627934 359.290091 22837.365563
321 21.797085 5.625825 3.526190 291.648831 8965.191828
321 -21.797085 -5.625825 3.526190 291.648831 8965.191828
321 5.199901 2.747797 5.478439 278.653958 21640.224786
321 -5.199901 -2.747797 5.478439 278.653958 21640.224786
321 14.598404 4.604047 3.025550 47.775515 6600.192721
321 -14.598404 -4.604047 3.025550 47.775515 6600.192721
321 18.606547 5.197804 6.500931 244.140144 30471.873136
321 -18.606547 -5.197804 6.500931 244.140144 30471.873136
321 7.006661 3.189647 7.738592 193.261946 43178.934951
321 -7.006661 -3.189647 7.738592 193.261946 43178.934951
321 4.215854 2.474172 4.210577 145.146156 12782.954876
321 -4.215854 -2.474172 4.210577 145.146156 12782.954876
321 9.369560 3.688473 6.985411 183.133775 35182.926568
321 -9.369560 -3.688473 6.985411 183.133775 35182.926568
321 19.595697 5.334177 18.016130 346.039022 234029.749271
321 -19.595697 -5.334177 18.016130 346.039022 234029.749271
321 12.327852 4.230880 7.145824 269.315163 36817.360092
321 -12.327852 -4.230880 7.145824 269.315163 36817.360092
321 4.552727 2.571123 9.146380 169.946440 60317.950443
321 -4.552727 -2.571123 9.146380 169.946440 60317.950443
321 9.956839 3.802312 3.426112 296.787513 8463.522675
321 -9.956839 -3.802312 3.426112 296.787513 8463.522675
321 13.836577 4.482305 21.485925 163.409496 332855.841107
321 -13.836577 -4.482305 21.485925 163.409496 332855.841107
321 1.416045 1.433922 1.736389 146.879987 2173.912672
321 -1.416045 -1.433922 1.736389 146.879987 2173.912672
321 1.923898 1.671391 6.394717 57.245246 29484.295415
321 -1.923898 -1.671391 6.394717 57.245246 29484.295415
322 12.777337 4.307321 12.474677 130.516534 112203.565854
322 -12.777337 -4.307321 12.474677 130.516534 112203.565854
322 18.452912 5.176301 18.808567 9.621024 255070.059881
322 -18.452912 -5.176301 18.808567 9.621024 255070.059881
322 19.488221 5.319529 3.449608 55.728274 8580.004895
322 -19.488221 -5.319529 3.449608 55.728274 8580.004895
322 14.591025 4.602883 5.199055 203.695750 19489.331681
322 -14.591025 -4.602883 5.199055 203.695750 19489.331681
322 8.684271 3.551025 11.735482 243.088385 99300.152210
322 -8.684271 -3.551025 11.735482 243.088385 99300.152210
322 14.962145 4.661052 4.651498 172.684937 15600.331929
322 -14.962145 -4.661052 4.651498 172.684937 15600.331929
322 2.741541 1.995191 4.588833 203.395951 15182.821601
322 -2.741541 -1.995191 4.588833 203.395951 15182.821601
322 24.459601 5.959526 6.265887 111.081558 28308.265149
322 -24.459601 -5.959526 6.265887 111.081558 28308.265149
322 13.720415 4.463450 10.157375 186.851610 74389.392656
322 -13.720415 -4.463450 10.157375 186.851610 74389.392656
322 14.045346 4.515993 9.646779 316.081151 67098.492497
322 -14.045346 -4.515993 9.646779 316.081151 67098.492497
322 6.613495 3.098864 14.985342 324.550516 161912.885876
322 -6.613495 -3.098864 14.985342 324.550516 161912.885876
322 8.726768 3.559703 5.932467 182.409838 25375.744546
322 -8.726768 -3.559703 5.932467 182.409838 25375.744546
322 14.172279 4.536354 11.237494 23.905881 91051.481059
322 -14.172279 -4.536354 11.237494 23.905881 91051.481059
322 13.880810 4.489464 10.984640 316.941494 87000.088441
322 -13.880810 -4.489464 10.984640 316.941494 87000.088441
322 13.934429 4.498126 11.745239 238.156993 99465.351451
322 -13.934429 -4.498126 11.745239 238.156993 99465.351451
322 11.303746 4.051336 3.107011 127.465204 6960.392319
322 -11.303746 -4.051336 3.107011 127.465204 6960.392319
322 19.343330 5.299717 11.518264 10.406239 95658.187433
322 -19.343330 -5.299717 11.518264 10.406239 95658.187433
322 17.663296 5.064341 7.602796 216.738451 41676.834701
322 -17.663296 -5.064341 7.602796 216.738451 41676.834701
322 14.534645 4.593982 8.980708 54.311474 58152.615290
322 -14.534645 -4.593982 8.980708 54.311474 58152.615290
322 1.292272 1.369822 10.298470 226.308022 76470.426038
322 -1.292272 -1.369822 10.298470 226.308022 76470.426038
322 12.592653 4.276078 5.372911 184.014843 20814.567573
322 -12.592653 -4.276078 5.372911 184.014843 20814.567573
322 7.870559 3.380569 2.697188 91.640321 5245.301480
322 -7.870559 -3.380569 2.697188 91.640321 5245.301480
322 1.347480 1.398776 10.638891 225.122739 81609.511723
322 -1.347480 -1.398776 10.638891 225.122739 81609.511723
322 12.698937 4.294086 9.560614 318.278005 65905.197610
322 -12.698937 -4.294086 9.560614 318.278005 65905.197610
322 22.965519 5.774644 6.698508 289.859531 32352.229809
322 -22.965519 -5.774644 6.698508 289.859531 32352.229809
323 11.346347 4.058963 14.594808 52.894264 153583.598170
323 -11.346347 -4.058963 14.594808 52.894264 153583.598170
323 8.720211 3.558365 2.754080 256.807068 5468.914095
323 -8.720211 -3.558365 2.754080 256.807068 5468.914095
323 21.340680 5.566615 14.036184 143.364916 142051.610602
323 -21.340680 -5.566615 14.036184 143.364916 142051.610602
323 12.598208 4.277021 3.715793 347.703404 9955.223964
323 -12.598208 -4.277021 3.715793 347.703404 9955.223964
323 17.318528 5.014672 6.578576 274.089913 31204.118208
323 -17.318528 -5.014672 6.578576 274.089913 31204.118208
323 20.001255 5.389093 10.074134 150.042810 73175.132939
323 -20.001255 -5.389093 10.074134 150.042810 73175.132939
323 6.131149 2.983719 2.873413 216.254870 5953.114104
323 -6.131149 -2.983719 2.873413 216.254870 5953.114104
323 18.635937 5.201908 10.831432 42.159420 84590.161441
323 -18.635937 -5.201908 10.831432 42.159420 84590.161441
323 14.416598 4.575288 5.933278 23.927147 25382.678879
323 -14.416598 -4.575288 5.933278 23.927147 25382.678879
323 12.206226 4.209958 9.903075 226.932896 70711.198033
323 -12.206226 -4.209958 9.903075 226.932896 70711.198033
323 13.262004 4.388253 6.273173 299.989436 28374.132955
323 -13.262004 -4.388253 6.273173 299.989436 28374.132955
323 11.990656 4.172617 3.277854 215.872598 7746.889772
323 -11.990656 -4.172617 3.277854 215.872598 7746.889772
323 23.090440 5.790328 2.056021 265.687115 3047.918560
323 -23.090440 -5.790328 2.056021 265.687115 3047.918560
323 1.642547 1.544351 4.239863 109.277049 12961.392437
323 -1.642547 -1.544351 4.239863 109.277049 12961.392437
323 11.846218 4.147409 5.134418 310.728978 19007.741881
323 -11.846218 -4.147409 5.134418 310.728978 19007.741881
323 7.213288 3.236336 7.431618 326.893346 39821.248997
323 -7.213288 -3.236336 7.431618 326.893346 39821.248997
323 12.442517 4.250511 5.185904 90.474386 19390.860646
323 -12.442517 -4.250511 5.185904 90.474386 19390.860646
323 0.371727 0.734682 6.398482 189.770775 29519.022549
323 -0.371727 -0.734682 6.398482 189.770775 29519.022549
323 10.830401 3.965604 6.143839 351.382628 27216.211560
323 -10.830401 -3.965604 6.143839 351.382628 27216.211560
323 4.970829 2.686590 5.444251 36.154869 21370.974139
323 -4.970829 -2.686590 5.444251 36.154869 21370.974139
323 20.814100 5.497508 17.604366 312.216111 223454.372370
323 -20.814100 -5.497508 17.604366 312.216111 223454.372370
323 12.939681 4.334598 3.420715 292.827973 8436.880394
323 -12.939681 -4.334598 3.420715 292.827973 8436.880394
323 3.869235 2.370280 2.274111 231.038529 3728.818960
323 -3.869235 -2.370280 2.274111 231.038529 3728.818960
323 10.872773 3.973353 3.967885 324.403389 11351.840413
323 -10.872773 -3.973353 3.967885 324.403389 11351.840413
324 4.307674 2.500970 4.018686 88.367683 11644.378889
324 -4.307674 -2.500970 4.018686 88.367683 11644.378889
324 13.135086 4.367204 2.467847 236.113188 4391.212906
324 -13.135086 -4.367204 2.467847 236.113188 4391.212906
324 18.579910 5.194083 3.854694 29.915343 10713.415465
324 -18.579910 -5.194083 3.854694 29.915343 10713.415465
324 8.094719 3.428372 9.571278 64.518714 66052.302808
324 -8.094719 -3.428372 9.571278 64.518714 66052.302808
324 4.179941 2.463611 5.665378 185.033578 23142.263565
324 -4.179941 -2.463611 5.665378 185.033578 23142.263565
324 10.821003 3.963883 6.357823 7.040679 29145.063139
324 -10.821003 -3.963883 6.357823 7.040679 29145.063139
324 23.200761 5.804144 5.197277 46.624508 19475.999582
324 -23.200761 -5.804144 5.197277 46.624508 19475.999582
324 17.385760 5.024396 6.442960 126.783764 29930.846802
324 -17.385760 -5.024396 6.442960 126.783764 29930.846802
324 14.712849 4.622059 11.270200 168.158092 91582.248697
324 -14.712849 -4.622059 11.270200 168.158092 91582.248697
324 7.306744 3.257234 6.832887 262.893862 33663.293280
324 -7.306744 -3.257234 6.832887 262.893862 33663.293280
324 7.201219 3.233628 1.845331 304.765482 2455.254549
324 -7.201219 -3.233628 1.845331 304.765482 2455.254549
324 15.820567 4.792897 4.362196 211.507105 13720.133124
324 -15.820567 -4.792897 4.362196 211.507105 13720.133124
324 13.186655 4.375769 1.918612 161.516951 2654.131891
324 -13.186655 -4.375769 1.918612 161.516951 2654.131891
324 7.683154 3.340080 8.699026 79.071792 54561.880195
324 -7.683154 -3.340080 8.699026 79.071792 54561.880195
324 4.804778 2.641336 6.680908 301.412673 32182.443462
324 -4.804778 -2.641336 6.680908 301.412673 32182.443462
324 15.715301 4.776925 8.039148 107.700860 46598.089243
324 -15.715301 -4.776925 8.039148 107.700860 46598.089243
324 10.569943 3.917630 3.467168 44.843254 8667.578087
324 -10.569943 -3.917630 3.467168 44.843254 8667.578087
324 13.739749 4.466594 9.913407 311.833217 70858.827760
324 -13.739749 -4.466594 9.913407 311.833217 70858.827760
324 6.898310 3.164888 4.724751 85.810826 16095.553686
324 -6.898310 -3.164888 4.724751 85.810826 16095.553686
324 14.866428 4.646119 6.605518 328.821840 31460.227852
324 -14.866428 -4.646119 6.605518 328.821840 31460.227852
324 13.404784 4.411812 2.934044 73.789785 6206.995976
324 -13.404784 -4.411812 2.934044 73.789785 6206.995976
324 14.079665 4.521507 4.275501 70.832352 13180.204181
324 -14.079665 -4.521507 4.275501 70.832352 13180.204181
324 9.421933 3.698768 7.256684 150.653025 37968.588816
324 -9.421933 -3.698768 7.256684 150.653025 37968.588816
324 18.679278 5.207953 4.243419 357.309039 12983.145856
324 -18.679278 -5.207953 4.243419 357.309039 12983.145856
325 12.092860 4.190362 8.625621 201.327318 53644.950795
325 -12.092860 -4.190362 8.625621 201.327318 53644.950795
325 8.976827 3.610343 5.108889 92.476004 18819.196984
325 -8.976827 -3.610343 5.108889 92.476004 18819.196984
325 5.197838 2.747251 4.229277 118.028643 12896.751831
325 -5.197838 -2.747251 4.229277 118.028643 12896.751831
325 9.264181 3.667673 14.689674 238.931340 155586.669820
325 -9.264181 -3.667673 14.689674 238.931340 155586.669820
325 0.235822 0.585166 4.092792 56.948705 12077.788638
325 -0.235822 -0.585166 4.092792 56.948705 12077.788638
325 6.253586 3.013364 7.757845 2.636092 43394.058237
325 -6.253586 -3.013364 7.757845 2.636092 43394.058237
325 18.687214 5.209060 13.304786 191.414101 127633.258289
325 -18.687214 -5.209060 13.304786 191.414101 127633.258289
325 3.463992 2.242722 5.917793 219.239830 25250.361565
325 -3.463992 -2.242722 5.917793 219.239830 25250.361565
325 7.689951 3.341557 12.074341 119.065587 105117.474219
325 -7.689951 -3.341557 12.074341 119.065587 105117.474219
325 11.883301 4.153896 15.193423 102.593081 166440.620279
325 -11.883301 -4.153896 15.193423 102.593081 166440.620279
325 20.508542 5.457006 3.543225 96.947086 9052.020121
325 -20.508542 -5.457006 3.543225 96.947086 9052.020121
325 13.597415 4.443398 4.054587 310.944383 11853.355302
325 -13.597415 -4.443398 4.054587 310.944383 11853.355302
325 17.346823 5.018767 7.863977 344.372331 44589.492908
325 -17.346823 -5.018767 7.863977 344.372331 44589.492908
325 12.691096 4.292760 1.694815 91.566995 2071.060354
325 -12.691096 -4.292760 1.694815 91.566995 2071.060354
325 15.195114 4.697200 1.968150 132.531208 2792.959304
325 -15.195114 -4.697200 1.968150 132.531208 2792.959304
325 20.166659 5.411330 4.235007 195.719697 12931.721318
325 -20.166659 -5.411330 4.235007 195.719697 12931.721318
325 7.427002 3.283929 5.975969 326.903203 25749.259689
325 -7.427002 -3.283929 5.975969 326.903203 25749.259689
325 4.549894 2.570323 10.090674 89.301341 73415.605121
325 -4.549894 -2.570323 10.090674 89.301341 73415.605121
325 10.446690 3.894721 3.989228 204.405576 11474.289580
325 -10.446690 -3.894721 3.989228 204.405576 11474.289580
325 18.221395 5.143726 10.392920 125.008745 77879.513381
325 -18.221395 -5.143726 10.392920 125.008745 77879.513381
325 14.738315 4.626057 16.522116 277.495914 196824.606473
325 -14.738315 -4.626057 16.522116 277.495914 196824.606473
325 11.086215 4.012164 10.442125 333.432895 78618.695571
325 -11.086215 -4.012164 10.442125 333.432895 78618.695571
325 5.854484 2.915623 7.160819 141.121163 36972.042968
325 -5.854484 -2.915623 7.160819 141.121163 36972.042968
326 6.743222 3.129110 4.034146 36.200300 11734.139049
326 -6.743222 -3.129110 4.034146 36.200300 11734.139049
326 13.694351 4.459208 4.700614 23.516861 15931.519519
326 -13.694351 -4.459208 4.700614 23.516861 15931.519519
326 11.936698 4.163218 16.412934 203.571816 194231.875031
326 -11.936698 -4.163218 16.412934 203.571816 194231.875031
326 17.319080 5.014752 8.237280 316.554171 48923.292801
326 -17.319080 -5.014752 8.237280 316.554171 48923.292801
326 8.149829 3.440023 22.057796 275.631685 350810.262884
326 -8.149829 -3.440023 22.057796 275.631685 350810.262884
326 12.841635 4.318145 3.398914 342.615986 8329.681854
326 -12.841635 -4.318145 3.398914 342.615986 8329.681854
326 11.167054 4.026766 14.973333 222.809639 161653.466528
326 -11.167054 -4.026766 14.973333 222.809639 161653.466528
326 7.134870 3.218697 9.972931 15.029016 71712.310837
326 -7.134870 -3.218697 9.972931 15.029016 71712.310837
326 12.425859 4.247665 12.025613 15.365669 104270.759258
326 -12.425859 -4.247665 12.025613 15.365669 104270.759258
326 19.477166 5.318020 8.309718 287.121996 49787.541369
326 -19.477166 -5.318020 8.309718 287.121996 49787.541369
326 6.349237 3.036322 3.014485 217.189090 6552.007276
326 -6.349237 -3.036322 3.014485 217.189090 6552.007276
326 12.399536 4.243163 10.055733 134.933938 72908.062822
326 -12.399536 -4.243163 10.055733 134.933938 72908.062822
326 13.324604 4.398597 13.096850 103.858320 123674.958251
326 -13.324604 -4.398597 13.096850 103.858320 123674.958251
326 15.144467 4.689365 4.827220 229.951696 16801.277700
326 -15.144467 -4.689365 4.827220 229.951696 16801.277700
326 9.449025 3.704082 3.797559 197.879629 10398.172859
326 -9.449025 -3.704082 3.797559 197.879629 10398.172859
326 14.436409 4.578431 15.745550 41.346473 178757.290846
326 -14.436409 -4.578431 15.745550 41.346473 178757.290846
326 16.144077 4.841653 8.755877 73.244061 55277.368300
326 -16.144077 -4.841653 8.755877 73.244061 55277.368300
326 9.080202 3.631072 4.681615 165.690425 15802.994836
326 -9.080202 -3.631072 4.681615 165.690425 15802.994836
326 13.925863 4.496743 6.116047 49.355388 26970.546700
326 -13.925863 -4.496743 6.116047 49.355388 26970.546700
326 7.058532 3.201432 3.358320 297.658307 8131.903450
326 -7.058532 -3.201432 3.358320 297.658307 8131.903450
326 14.336210 4.562514 4.465486 128.501283 14377.573658
326 -14.336210 -4.562514 4.465486 128.501283 14377.573658
326 18.292195 5.153710 8.939164 70.303169 57615.835455
326 -18.292195 -5.153710 8.939164 70.303169 57615.835455
326 12.170904 4.203862 6.443033 95.188393 29931.516539
326 -12.170904 -4.203862 6.443033 95.188393 29931.516539
327 11.242035 4.040262 7.662901 264.014683 42338.409663
327 -11.242035 -4.040262 7.662901 264.014683 42338.409663
327 5.650290 2.864326 11.430775 217.464628 94210.517682
327 -5.650290 -2.864326 11.430775 217.464628 94210.517682
327 15.834190 4.794960 5.806337 42.302342 24308.186934
327 -15.834190 -4.794960 5.806337 42.302342 24308.186934
327 11.878175 4.153000 8.577573 177.849585 53048.960134
327 -11.878175 -4.153000 8.577573 177.849585 53048.960134
327 2.688349 1.975740 3.004149 198.649839 6507.154307
327 -2.688349 -1.975740 3.004149 198.649839 6507.154307
327 18.455776 5.176702 3.722587 184.948938 9991.663150
327 -18.455776 -5.176702 3.722587 184.948938 9991.663150
327 15.811560 4.791532 4.978832 139.857743 17873.229465
327 -15.811560 -4.791532 4.978832 139.857743 17873.229465
327 18.246411 5.147256 16.622363 243.479124 199220.298909
327 -18.246411 -5.147256 16.622363 243.479124 199220.298909
327 13.763795 4.470500 6.114238 284.298979 26954.588666
327 -13.763795 -4.470500 6.114238 284.298979 26954.588666
327 16.687530 4.922470 7.399805 287.277971 39481.039059
327 -16.687530 -4.922470 7.399805 287.277971 39481.039059
327 10.103115 3.830140 5.410222 20.849234 21104.653314
327 -10.103115 -3.830140 5.410222 20.849234 21104.653314
327 15.988390 4.818251 9.303031 296.235428 62401.784936
327 -15.988390 -4.818251 9.303031 296.235428 62401.784936
327 17.071603 4.978794 3.573960 45.696904 9209.741242
327 -17.071603 -4.978794 3.573960 45.696904 9209.741242
327 2.854420 2.035851 4.061948 354.813507 11896.434072
327 -2.854420 -2.035851 4.061948 354.813507 11896.434072
327 10.413730 3.888573 5.302775 132.964536 20274.700791
327 -10.413730 -3.888573 5.302775 132.964536 20274.700791
327 15.500751 4.744205 1.583580 308.740340 1808.124205
327 -15.500751 -4.744205 1.583580 308.740340 1808.124205
327 2.636412 1.956562 9.177997 305.278924 60735.674034
327 -2.636412 -1.956562 9.177997 305.278924 60735.674034
327 5.996506 2.950776 11.795270 281.936576 100314.528881
327 -5.996506 -2.950776 11.795270 281.936576 100314.528881
327 20.326964 5.432795 6.644359 45.233663 31831.294302
327 -20.326964 -5.432795 6.644359 45.233663 31831.294302
327 8.687441 3.551673 6.017880 353.237189 26111.701089
327 -8.687441 -3.551673 6.017880 353.237189 26111.701089
327 -1.467729 1.459856 4.248551 86.343968 13014.565790
327 1.467729 -1.459856 4.248551 86.343968 13014.565790
327 4.281574 2.493382 3.685299 41.944984 9792.498175
327 -4.281574 -2.493382 3.685299 41.944984 9792.498175
327 19.944510 5.381443 8.161358 41.720175 48025.620344
327 -19.944510 -5.381443 8.161358 41.720175 48025.620344
328 10.255976 3.859007 7.847226 143.403805 44399.736958
328 -10.255976 -3.859007 7.847226 143.403805 44399.736958
328 14.822133 4.639193 5.693165 148.600235 23369.832321
328 -14.822133 -4.639193 5.693165 148.600235 23369.832321
328 0.781936 1.065547 9.335410 300.506377 62836.922758
328 -0.781936 -1.065547 9.335410 300.506377 62836.922758
328 18.601688 5.197126 4.334587 69.836993 13547.013224
328 -18.601688 -5.197126 4.334587 69.836993 13547.013224
328 2.552386 1.925131 12.793588 97.247682 118013.797107
328 -2.552386 -1.925131 12.793588 97.247682 118013.797107
328 14.904668 4.652091 2.237056 329.386811 3608.294328
328 -14.904668 -4.652091 2.237056 329.386811 3608.294328
328 4.685975 2.608477 6.304774 148.490429 28660.726115
328 -4.685975 -2.608477 6.304774 148.490429 28660.726115
328 10.356101 3.877798 6.333408 192.956916 28921.642696
328 -10.356101 -3.877798 6.333408 192.956916 28921.642696
328 1.754538 1.596130 5.458151 21.673121 21480.244219
328 -1.754538 -1.596130 5.458151 21.673121 21480.244219
328 8.773179 3.569156 4.020933 341.436291 11657.402417
328 -8.773179 -3.569156 4.020933 341.436291 11657.402417
328 15.399367 4.728664 5.928369 327.921782 25340.696252
328 -15.399367 -4.728664 5.928369 327.921782 25340.696252
328 20.539145 5.461076 5.630466 70.019559 22857.923147
328 -20.539145 -5.461076 5.630466 70.019559 22857.923147
328 13.425419 4.415206 1.274397 163.507607 1171.002511
328 -13.425419 -4.415206 1.274397 163.507607 1171.002511
328 12.171011 4.203881 10.629113 211.540728 81459.571590
328 -12.171011 -4.203881 10.629113 211.540728 81459.571590
328 7.881956 3.383016 11.296852 321.388015 92015.919632
328 -7.881956 -3.383016 11.296852 321.388015 92015.919632
328 -5.643413 2.862582 2.266794 19.864386 3704.861921
328 5.643413 -2.862582 2.266794 19.864386 3704.861921
328 13.708075 4.461442 6.142460 334.071861 27203.998396
328 -13.708075 -4.461442 6.142460 334.071861 27203.998396
328 15.635497 4.764780 20.041772 39.023715 289614.497218
328 -15.635497 -4.764780 20.041772 39.023715 289614.497218
328 7.347318 3.266265 2.296586 311.268768 3802.889176
328 -7.347318 -3.266265 2.296586 311.268768 3802.889176
328 10.230916 3.854289 4.867735 264.570592 17084.484245
328 -10.230916 -3.854289 4.867735 264.570592 17084.484245
328 14.825382 4.639701 3.950968 236.436416 11255.250425
328 -14.825382 -4.639701 3.950968 236.436416 11255.250425
328 8.155291 3.441175 1.581392 303.461737 1803.130179
328 -8.155291 -3.441175 1.581392 303.461737 1803.130179
329 14.398015 4.572338 5.343174 98.391207 20584.800778
329 -14.398015 -4.572338 5.343174 98.391207 20584.800778
329 14.716286 4.622598 6.766817 335.506824 33015.425726
329 -14.716286 -4.622598 6.766817 335.506824 33015.425726
329 13.485934 4.425146 6.492047 16.528884 30388.644449
329 -13.485934 -4.425146 6.492047 16.528884 30388.644449
329 6.593905 3.094271 3.959141 34.657859 11301.864137
329 -6.593905 -3.094271 3.959141 34.657859 11301.864137
329 3.379069 2.215060 6.952969 242.332896 34856.892584
329 -3.379069 -2.215060 6.952969 242.332896 34856.892584
329 8.619699 3.537799 2.817563 227.977612 5723.943974
329 -8.619699 -3.537799 2.817563 227.977612 5723.943974
329 14.567897 4.599234 8.541382 107.072581 52602.255017
329 -14.567897 -4.599234 8.541382 107.072581 52602.255017
329 12.469415 4.255103 4.535922 88.795582 14834.717046
329 -12.469415 -4.255103 4.535922 88.795582 14834.717046
329 10.737548 3.948568 10.031204 329.169823 72552.800006
329 -10.737548 -3.948568 10.031204 329.169823 72552.800006
329 17.973830 5.108664 8.859819 13.865073 56597.572537
329 -17.973830 -5.108664 8.859819 13.865073 56597.572537
329 15.965112 4.814742 16.404807 29.207736 194039.580079
329 -15.965112 -4.814742 16.404807 29.207736 194039.580079
329 9.044178 3.623862 5.051122 22.829969 18396.017739
329 -9.044178 -3.623862 5.051122 22.829969 18396.017739
329 19.789497 5.360489 4.898425 297.487875 17300.592670
329 -19.789497 -5.360489 4.898425 297.487875 17300.592670
329 13.098209 4.361070 2.448963 198.208768 4324.266698
329 -13.098209 -4.361070 2.448963 198.208768 4324.266698
329 10.426396 3.890937 14.113223 284.821802 143615.226902
329 -10.426396 -3.890937 14.113223 284.821802 143615.226902
329 9.270393 3.668902 6.161098 348.115392 27369.335031
329 -9.270393 -3.668902 6.161098 348.115392 27369.335031
329 22.441608 5.708395 8.138191 357.848679 47753.346639
329 -22.441608 -5.708395 8.138191 357.848679 47753.346639
329 7.160191 3.224403 6.451656 55.887313 30011.687599
329 -7.160191 -3.224403 6.451656 55.887313 30011.687599
329 10.494411 3.903607 10.315901 142.845626 76729.500471
329 -10.494411 -3.903607 10.315901 142.845626 76729.500471
329 12.391278 4.241750 21.310734 122.024616 327449.932546
329 -12.391278 -4.241750 21.310734 122.024616 327449.932546
329 4.615134 2.588685 19.692366 178.890332 279604.315607
329 -4.615134 -2.588685 19.692366 178.890332 279604.315607
329 6.334352 3.032761 10.353222 331.651582 77285.701818
329 -6.334352 -3.032761 10.353222 331.651582 77285.701818
330 14.512017 4.590404 7.029819 44.104876 35631.680160
330 -14.512017 -4.590404 7.029819 44.104876 35631.680160
330 12.771283 4.306300 19.418104 221.027383 271870.269518
330 -12.771283 -4.306300 19.418104 221.027383 271870.269518
330 12.748123 4.302394 7.002165 99.139847 35351.900310
330 -12.748123 -4.302394 7.002165 99.139847 35351.900310
330 15.534875 4.749424 6.049339 5.994986 26385.418481
330 -15.534875 -4.749424 6.049339 5.994986 26385.418481
330 2.401269 1.867272 3.396352 81.327483 8317.131324
330 -2.401269 -1.867272 3.396352 81.327483 8317.131324
330 11.943896 4.164473 16.841663 262.771563 204511.625426
330 -11.943896 -4.164473 16.841663 262.771563 204511.625426
330 10.169666 3.842735 4.713730 217.666273 16020.553169
330 -10.169666 -3.842735 4.713730 217.666273 16020.553169
330 11.640427 4.111228 7.286037 25.503431 38276.373570
330 -11.640427 -4.111228 7.286037 25.503431 38276.373570
330 9.538156 3.721511 5.399829 277.165059 21023.646950
330 -9.538156 -3.721511 5.399829 277.165059 21023.646950
330 17.005369 4.969127 14.399043 194.997788 149491.091908
330 -17.005369 -4.969127 14.399043 194.997788 149491.091908
330 16.854440 4.947026 7.635935 237.526627 42040.945957
330 -16.854440 -4.947026 7.635935 237.526627 42040.945957
330 14.110894 4.526519 6.717010 230.184416 32531.200367
330 -14.110894 -4.526519 6.717010 230.184416 32531.200367
330 6.628902 3.102472 3.911194 291.906845 11029.776884
330 -6.628902 -3.102472 3.911194 291.906845 11029.776884
330 7.578496 3.317253 7.467653 162.205411 40208.361608
330 -7.578496 -3.317253 7.467653 162.205411 40208.361608
330 11.452629 4.077929 4.232563 29.944876 12916.802917
330 -11.452629 -4.077929 4.232563 29.944876 12916.802917
330 9.926843 3.796581 6.723620 280.447562 32595.260481
330 -9.926843 -3.796581 6.723620 280.447562 32595.260481
330 15.323269 4.716966 5.278681 113.416679 20090.879328
330 -15.323269 -4.716966 5.278681 113.416679 20090.879328
330 -1.744239 1.591439 6.893526 341.054605 34263.439154
330 1.744239 -1.591439 6.893526 341.054605 34263.439154
330 10.953990 3.988166 8.627648 163.868613 53670.167304
330 -10.953990 -3.988166 8.627648 163.868613 53670.167304
330 17.532242 5.045518 8.019160 238.301689 46366.658684
330 -17.532242 -5.045518 8.019160 238.301689 46366.658684
330 13.555535 4.436550 11.858086 356.235506 101385.823967
330 -13.555535 -4.436550 11.858086 356.235506 101385.823967
331 14.959182 4.660591 4.868683 186.054050 17091.138142
331 -14.959182 -4.660591 4.868683 186.054050 17091.138142
331 9.777702 3.767953 11.320846 133.862202 92407.208211
331 -9.777702 -3.767953 11.320846 133.862202 92407.208211
331 14.109141 4.526237 6.468303 4.598483 30166.765493
331 -14.109141 -4.526237 6.468303 4.598483 30166.765493
331 13.378409 4.407469 3.374639 117.718633 8211.124816
331 -13.378409 -4.407469 3.374639 117.718633 8211.124816
331 16.774773 4.935321 6.357959 66.282205 29146.309811
331 -16.774773 -4.935321 6.357959 66.282205 29146.309811
331 18.174802 5.137146 14.433093 193.416583 150198.956635
331 -18.174802 -5.137146 14.433093 193.416583 150198.956635
331 17.373418 5.022613 6.522251 246.320190 30672.072137
331 -17.373418 -5.022613 6.522251 246.320190 30672.072137
331 4.135008 2.450334 10.011542 236.654920 72268.660261
331 -4.135008 -2.450334 10.011542 236.654920 72268.660261
331 7.562124 3.313668 2.001172 246.643250 2887.467224
331 -7.562124 -3.313668 2.001172 246.643250 2887.467224
331 5.656804 2.865977 4.161147 2.681344 12484.589402
331 -5.656804 -2.865977 4.161147 2.681344 12484.589402
331 22.785070 5.751912 12.902297 335.787313 120027.881038
331 -22.785070 -5.751912 12.902297 335.787313 120027.881038
331 12.572328 4.272626 5.803111 112.794905 24281.185783
331 -12.572328 -4.272626 5.803111 112.794905 24281.185783
331 7.686584 3.340825 4.023438 301.443672 11671.929747
331 -7.686584 -3.340825 4.023438 301.443672 11671.929747
331 12.573874 4.272889 2.773037 202.599007 5544.461681
331 -12.573874 -4.272889 2.773037 202.599007 5544.461681
331 6.509268 3.074349 12.415245 61.686726 111136.989520
331 -6.509268 -3.074349 12.415245 61.686726 111136.989520
331 11.737324 4.128303 2.349113 290.361438 3978.836307
331 -11.737324 -4.128303 2.349113 290.361438 3978.836307
331 0.936057 1.165838 8.050275 146.510554 46727.172178
331 -0.936057 -1.165838 8.050275 146.510554 46727.172178
331 3.151160 2.139057 9.220323 169.664618 61297.160926
331 -3.151160 -2.139057 9.220323 169.664618 61297.160926
331 10.212448 3.850809 4.309064 96.988657 13387.947631
331 -10.212448 -3.850809 4.309064 96.988657 13387.947631
331 10.086827 3.827052 4.237459 53.597284 12946.701597
331 -10.086827 -3.827052 4.237459 53.597284 12946.701597
331 18.076096 5.123177 5.208677 36.591708 19561.531198
331 -18.076096 -5.123177 5.208677 36.591708 19561.531198
332 3.520618 2.260979 12.175740 106.938888 106890.427968
332 -3.520618 -2.260979 12.175740 106.938888 106890.427968
332 18.440972 5.174626 7.174861 62.232883 37117.190226
332 -18.440972 -5.174626 7.174861 62.232883 37117.190226
332 3.253745 2.173596 5.556212 143.134492 22258.998349
332 -3.253745 -2.173596 5.556212 143.134492 22258.998349
332 12.048024 4.182587 23.158217 294.149622 386685.876593
332 -12.048024 -4.182587 23.158217 294.149622 386685.876593
332 17.654464 5.063075 3.349259 273.511761 8088.083048
332 -17.654464 -5.063075 3.349259 273.511761 8088.083048
332 15.515790 4.746506 6.287748 338.118018 28506.131396
332 -15.515790 -4.746506 6.287748 338.118018 28506.131396
332 10.765881 3.953774 16.994463 90.005861 208239.424467
332 -10.765881 -3.953774 16.994463 90.005861 208239.424467
332 3.865580 2.369160 6.312641 326.700579 28732.291912
332 -3.865580 -2.369160 6.312641 326.700579 28732.291912
332 13.758726 4.469677 11.153508 345.872266 89695.587041
332 -13.758726 -4.469677 11.153508 345.872266 89695.587041
332 12.840167 4.317898 4.151961 120.334823 12429.525117
332 -12.840167 -4.317898 4.151961 120.334823 12429.525117
332 6.225979 3.006705 6.513439 33.779942 30589.243841
332 -6.225979 -3.006705 6.513439 33.779942 30589.243841
332 19.449457 5.314235 4.141673 186.577042 12368.008828
332 -19.449457 -5.314235 4.141673 186.577042 12368.008828
332 9.056553 3.626340 2.952391 234.687114 6284.864076
332 -9.056553 -3.626340 2.952391 234.687114 6284.864076
332 7.458425 3.290869 4.131169 238.331096 12305.352574
332 -7.458425 -3.290869 4.131169 238.331096 12305.352574
332 6.155194 2.989564 4.789095 96.857483 16536.930693
332 -6.155194 -2.989564 4.789095 96.857483 16536.930693
332 20.550032 5.462523 11.968542 171.832112 103283.404587
332 -20.550032 -5.462523 11.968542 171.832112 103283.404587
332 -3.084659 2.116365 8.788396 81.732512 55688.724607
332 3.084659 -2.116365 8.788396 81.732512 55688.724607
332 21.061530 5.530088 9.503498 224.676041 65120.099368
332 -21.061530 -5.530088 9.503498 224.676041 65120.099368
332 17.740495 5.075396 16.082991 39.511124 186501.239767
332 -17.740495 -5.075396 16.082991 39.511124 186501.239767
332 18.756669 5.218731 10.858760 182.502598 85017.548184
332 -18.756669 -5.218731 10.858760 182.502598 85017.548184
333 18.905486 5.239393 13.792812 287.978897 137168.282551
333 -18.905486 -5.239393 13.792812 287.978897 137168.282551
333 17.367284 5.021726 3.271526 282.016341 7717.004268
333 -17.367284 -5.021726 3.271526 282.016341 7717.004268
333 10.011894 3.812810 9.814057 115.071561 69445.678611
333 -10.011894 -3.812810 9.814057 115.071561 69445.678611
333 14.042591 4.515550 7.664462 133.781237 42355.661616
333 -14.042591 -4.515550 7.664462 133.781237 42355.661616
333 10.790043 3.958208 12.848460 67.944850 119028.306884
333 -10.790043 -3.958208 12.848460 67.944850 119028.306884
333 11.951967 4.165880 5.524129 162.928906 22002.684982
333 -11.951967 -4.165880 5.524129 162.928906 22002.684982
333 25.204054 6.049539 4.494498 249.791231 14564.996976
333 -25.204054 -6.049539 4.494498 249.791231 14564.996976
333 12.448717 4.251570 7.842035 349.517902 44341.013684
333 -12.448717 -4.251570 7.842035 349.517902 44341.013684
333 3.578692 2.279551 6.281006 357.033478 28445.035068
333 -3.578692 -2.279551 6.281006 357.033478 28445.035068
333 8.848741 3.584494 1.821306 25.895920 2391.740571
333 -8.848741 -3.584494 1.821306 25.895920 2391.740571
333 23.179230 5.801450 2.420809 167.778859 4225.412961
333 -23.179230 -5.801450 2.420809 167.778859 4225.412961
333 12.109020 4.193161 2.476008 159.431755 4420.305310
333 -12.109020 -4.193161 2.476008 159.431755 4420.305310
333 20.339191 5.434429 10.189624 246.647896 74862.509177
333 -20.339191 -5.434429 10.189624 246.647896 74862.509177
333 5.755690 2.890918 8.273501 301.619962 49354.497334
333 -5.755690 -2.890918 8.273501 301.619962 49354.497334
333 13.328984 4.399320 11.578613 163.644645 96663.192937
333 -13.328984 -4.399320 11.578613 163.644645 96663.192937
333 4.484280 2.551722 10.064458 217.263692 73034.632757
333 -4.484280 -2.551722 10.064458 217.263692 73034.632757
333 8.932608 3.601440 6.490714 291.236341 30376.172966
333 -8.932608 -3.601440 6.490714 291.236341 30376.172966
333 10.932065 3.984173 6.412931 321.300622 29652.490810
333 -10.932065 -3.984173 6.412931 321.300622 29652.490810
333 6.685103 3.115596 17.249728 93.836616 214542.115832
333 -6.685103 -3.115596 17.249728 93.836616 214542.115832
334 11.692631 4.120436 5.603184 198.289764 22636.949146
334 -11.692631 -4.120436 5.603184 198.289764 22636.949146
334 8.010880 3.410571 9.411260 166.314954 63862.159541
334 -8.010880 -3.410571 9.411260 166.314954 63862.159541
334 6.900733 3.165444 14.987817 252.525604 161966.367067
334 -6.900733 -3.165444 14.987817 252.525604 161966.367067
334 13.617419 4.446665 5.148237 346.436077 19110.198085
334 -13.617419 -4.446665 5.148237 346.436077 19110.198085
334 6.020115 2.956579 5.539470 272.933393 22125.060437
334 -6.020115 -2.956579 5.539470 272.933393 22125.060437
334 10.236856 3.855408 8.517126 53.156711 52303.919403
334 -10.236856 -3.855408 8.517126 53.156711 52303.919403
334 9.040730 3.623171 2.656385 152.825764 5087.800634
334 -9.040730 -3.623171 2.656385 152.825764 5087.800634
334 17.680485 5.066804 6.913142 122.360322 34458.709486
334 -17.680485 -5.066804 6.913142 122.360322 34458.709486
334 19.412209 5.309144 7.208849 39.077282 37469.675102
334 -19.412209 -5.309144 7.208849 39.077282 37469.675102
334 16.762572 4.933526 6.961949 303.210319 34946.986874
334 -16.762572 -4.933526 6.961949 303.210319 34946.986874
334 7.794182 3.364126 6.491374 232.376702 30382.345586
334 -7.794182 -3.364126 6.491374 232.376702 30382.345586
334 19.182410 5.277626 7.163179 293.351943 36996.422917
334 -19.182410 -5.277626 7.163179 293.351943 36996.422917
334 15.271615 4.709009 14.031145 263.635651 141949.631572
334 -15.271615 -4.709009 14.031145 263.635651 141949.631572
334 1.913943 1.667061 5.269575 111.653479 20021.621396
334 -1.913943 -1.667061 5.269575 111.653479 20021.621396
334 10.657181 3.933763 3.361731 98.159262 8148.433265
334 -10.657181 -3.933763 3.361731 98.159262 8148.433265
334 0.912205 1.150888 13.789456 120.170053 137101.536651
334 -0.912205 -1.150888 13.789456 120.170053 137101.536651
334 6.281796 3.020153 16.288965 130.869643 191308.846348
334 -6.281796 -3.020153 16.288965 130.869643 191308.846348
334 15.626042 4.763340 10.697008 148.571256 82503.563285
334 -15.626042 -4.763340 10.697008 148.571256 82503.563285
334 10.523427 3.909000 3.922154 78.202889 11091.677960
334 -10.523427 -3.909000 3.922154 78.202889 11091.677960
335 11.851896 4.148403 8.425713 7.754201 51187.203970
335 -11.851896 -4.148403 8.425713 7.754201 51187.203970
335 10.443146 3.894061 6.695486 113.682649 32323.043996
335 -10.443146 -3.894061 6.695486 113.682649 32323.043996
335 11.330889 4.056197 8.494294 57.684574 52023.874997
335 -11.330889 -4.056197 8.494294 57.684574 52023.874997
335 4.948621 2.680582 3.828535 299.515879 10568.497257
335 -4.948621 -2.680582 3.828535 299.515879 10568.497257
335 13.307006 4.395692 4.587290 248.682413 15172.616739
335 -13.307006 -4.395692 4.587290 248.682413 15172.616739
335 17.375216 5.022873 11.165139 359.675716 89882.740786
335 -17.375216 -5.022873 11.165139 359.675716 89882.740786
335 9.737938 3.760283 3.335617 70.572103 8022.328065
335 -9.737938 -3.760283 3.335617 70.572103 8022.328065
335 8.879994 3.590818 6.841117 181.828880 33744.431635
335 -8.879994 -3.590818 6.841117 181.828880 33744.431635
335 14.043704 4.515729 10.512572 258.389829 79683.060831
335 -14.043704 -4.515729 10.512572 258.389829 79683.060831
335 6.783086 3.138345 8.423910 288.784404 51165.292946
335 -6.783086 -3.138345 8.423910 288.784404 51165.292946
335 8.581330 3.529916 13.365314 39.149567 128797.199155
335 -8.581330 -3.529916 13.365314 39.149567 128797.199155
335 12.179641 4.205371 11.704887 96.961890 98783.077649
335 -12.179641 -4.205371 11.704887 96.961890 98783.077649
335 6.595406 3.094623 7.996822 229.262796 46108.708043
335 -6.595406 -3.094623 7.996822 229.262796 46108.708043
335 6.294129 3.023116 8.809354 323.877888 55954.650108
335 -6.294129 -3.023116 8.809354 323.877888 55954.650108
335 13.931892 4.497717 8.906719 328.339973 57198.361240
335 -13.931892 -4.497717 8.906719 328.339973 57198.361240
335 12.120580 4.195162 3.679738 21.656642 9762.969448
335 -12.120580 -4.195162 3.679738 21.656642 9762.969448
335 14.538911 4.594656 7.452023 17.767247 40040.218246
335 -14.538911 -4.594656 7.452023 17.767247 40040.218246
335 20.878954 5.506066 6.982381 180.278812 35152.417485
335 -20.878954 -5.506066 6.982381 180.278812 35152.417485
336 7.422623 3.282961 10.922466 295.988436 86018.021260
336 -7.422623 -3.282961 10.922466 295.988436 86018.021260
336 12.157103 4.201478 8.433895 166.086060 51286.661437
336 -12.157103 -4.201478 8.433895 166.086060 51286.661437
336 12.271077 4.221127 5.759405 312.588345 23916.811793
336 -12.271077 -4.221127 5.759405 312.588345 23916.811793
336 17.191411 4.996234 2.158909 110.245355 3360.598439
336 -17.191411 -4.996234 2.158909 110.245355 3360.598439
336 19.167453 5.275568 6.525753 35.457455 30705.018132
336 -19.167453 -5.275568 6.525753 35.457455 30705.018132
336 5.455422 2.814500 4.266816 206.975301 13126.711439
336 -5.455422 -2.814500 4.266816 206.975301 13126.711439
336 20.552788 5.462890 4.456723 301.893856 14321.195243
336 -20.552788 -5.462890 4.456723 301.893856 14321.195243
336 9.150777 3.645155 4.239310 44.160644 12958.015051
336 -9.150777 -3.645155 4.239310 44.160644 12958.015051
336 16.723135 4.927719 14.249509 276.703701 146402.298749
336 -16.723135 -4.927719 14.249509 276.703701 146402.298749
336 19.139081 5.271662 5.526340 145.247386 22020.304144
336 -19.139081 -5.271662 5.526340 145.247386 22020.304144
336 5.565256 2.842691 3.701971 259.021655 9881.300146
336 -5.565256 -2.842691 3.701971 259.021655 9881.300146
336 16.434748 4.885045 4.040470 144.558750 11770.956800
336 -16.434748 -4.885045 4.040470 144.558750 11770.956800
336 12.208771 4.210397 10.893326 306.555942 85559.658478
336 -12.208771 -4.210397 10.893326 306.555942 85559.658478
336 10.550404 3.914007 13.790123 1.809769 137114.805973
336 -10.550404 -3.914007 13.790123 1.809769 137114.805973
336 5.636290 2.860775 23.688558 86.922854 404599.481815
336 -5.636290 -2.860775 23.688558 86.922854 404599.481815
336 13.194380 4.377050 8.833771 27.120001 56265.259673
336 -13.194380 -4.377050 8.833771 27.120001 56265.259673
336 11.953797 4.166199 9.079506 312.314432 59439.138692
336 -11.953797 -4.166199 9.079506 312.314432 59439.138692
336 8.012116 3.410835 11.850453 83.705674 101255.344095
336 -8.012116 -3.410835 11.850453 83.705674 101255.344095
337 6.585090 3.092202 5.146031 150.031641 19093.822531
337 -6.585090 -3.092202 5.146031 150.031641 19093.822531
337 13.523469 4.431300 7.406641 323.731076 39554.023008
337 -13.523469 -4.431300 7.406641 323.731076 39554.023008
337 12.530143 4.265452 11.771493 198.725673 99910.505176
337 -12.530143 -4.265452 11.771493 198.725673 99910.505176
337 9.138981 3.642805 13.124329 90.570424 124194.479980
337 -9.138981 -3.642805 13.124329 90.570424 124194.479980
337 11.739235 4.128639 5.616914 14.337929 22748.022318
337 -11.739235 -4.128639 5.616914 14.337929 22748.022318
337 12.179796 4.205397 3.932287 336.451847 11149.068819
337 -12.179796 -4.205397 3.932287 336.451847 11149.068819
337 5.277848 2.768315 3.918690 258.725097 11072.096264
337 -5.277848 -2.768315 3.918690 258.725097 11072.096264
337 11.812649 4.141529 4.520705 23.675329 14735.349446
337 -11.812649 -4.141529 4.520705 23.675329 14735.349446
337 13.760239 4.469923 10.627275 144.259976 81431.403903
337 -13.760239 -4.469923 10.627275 144.259976 81431.403903
337 3.431425 2.232155 4.942820 76.430626 17615.609075
337 -3.431425 -2.232155 4.942820 76.430626 17615.609075
337 3.234058 2.167010 5.010943 26.293707 18104.517408
337 -3.234058 -2.167010 5.010943 26.293707 18104.517408
337 19.086883 5.264469 5.444576 27.853433 21373.524366
337 -19.086883 -5.264469 5.444576 27.853433 21373.524366
337 22.571354 5.724873 9.992208 51.959452 71989.800484
337 -22.571354 -5.724873 9.992208 51.959452 71989.800484
337 16.528646 4.898980 9.110796 166.802161 59849.532537
337 -16.528646 -4.898980 9.110796 166.802161 59849.532537
337 4.683456 2.607776 6.234370 3.544309 28024.196496
337 -4.683456 -2.607776 6.234370 3.544309 28024.196496
337 10.725136 3.946285 7.916038 104.621141 45181.834118
337 -10.725136 -3.946285 7.916038 104.621141 45181.834118
337 14.557740 4.597630 2.755725 175.865144 5475.450297
337 -14.557740 -4.597630 2.755725 175.865144 5475.450297
338 16.374951 4.876150 5.229021 236.198503 19714.638668
338 -16.374951 -4.876150 5.229021 236.198503 19714.638668
338 7.472798 3.294038 4.237828 25.181834 12948.953303
338 -7.472798 -3.294038 4.237828 25.181834 12948.953303
338 13.477607 4.423779 7.256556 24.179989 37967.254442
338 -13.477607 -4.423779 7.256556 24.179989 37967.254442
338 1.193231 1.316283 6.481636 300.547331 30291.259111
338 -1.193231 -1.316283 6.481636 300.547331 30291.259111
338 5.088129 2.718104 10.541343 21.125702 80119.815816
338 -5.088129 -2.718104 10.541343 21.125702 80119.815816
338 9.630889 3.739558 7.823288 240.833978 44129.271430
338 -9.630889 -3.739558 7.823288 240.833978 44129.271430
338 17.741930 5.075601 16.017930 180.000207 184995.366970
338 -17.741930 -5.075601 16.017930 180.000207 184995.366970
338 7.915274 3.390159 11.075699 303.416087 88448.474808
338 -7.915274 -3.390159 11.075699 303.416087 88448.474808
338 12.021736 4.178021 17.190182 1.143463 213063.482363
338 -12.021736 -4.178021 17.190182 1.143463 213063.482363
338 14.180113 4.537607 4.996809 166.146527 18002.531430
338 -14.180113 -4.537607 4.996809 166.146527 18002.531430
338 10.284705 3.864408 5.811207 221.344381 24348.976800
338 -10.284705 -3.864408 5.811207 221.344381 24348.976800
338 10.717847 3.944944 6.718997 207.044742 32550.447215
338 -10.717847 -3.944944 6.718997 207.044742 32550.447215
338 16.372689 4.875813 2.543712 341.701516 4665.346286
338 -16.372689 -4.875813 2.543712 341.701516 4665.346286
338 11.901717 4.157113 4.854896 120.621217 16994.479659
338 -11.901717 -4.157113 4.854896 120.621217 16994.479659
338 3.183019 2.149843 3.710595 341.688468 9927.392080
338 -3.183019 -2.149843 3.710595 341.688468 9927.392080
338 7.400878 3.278149 10.094470 84.220953 73470.853554
338 -7.400878 -3.278149 10.094470 84.220953 73470.853554
339 13.113324 4.363585 3.779922 232.019747 10301.812447
339 -13.113324 -4.363585 3.779922 232.019747 10301.812447
339 6.096095 2.975178 8.556826 107.919922 52792.650566
339 -6.096095 -2.975178 8.556826 107.919922 52792.650566
339 4.087669 2.436267 20.194554 72.440119 294046.903943
339 -4.087669 -2.436267 20.194554 72.440119 294046.903943
339 9.242527 3.663384 6.724973 332.184126 32608.376455
339 -9.242527 -3.663384 6.724973 332.184126 32608.376455
339 15.288852 4.711666 6.902347 51.032577 34351.181942
339 -15.288852 -4.711666 6.902347 51.032577 34351.181942
339 19.271207 5.289827 18.376613 326.098968 243488.808460
339 -19.271207 -5.289827 18.376613 326.098968 243488.808460
339 19.402619 5.307833 6.242970 263.920329 28101.565174
339 -19.402619 -5.307833 6.242970 263.920329 28101.565174
339 20.077770 5.399391 5.902311 166.563878 25118.416353
339 -20.077770 -5.399391 5.902311 166.563878 25118.416353
339 8.101240 3.429753 6.024664 285.058503 26170.602065
339 -8.101240 -3.429753 6.024664 285.058503 26170.602065
339 11.147510 4.023240 3.598189 338.037662 9335.038469
339 -11.147510 -4.023240 3.598189 338.037662 9335.038469
339 10.105380 3.830570 7.026311 169.933896 35596.127944
339 -10.105380 -3.830570 7.026311 169.933896 35596.127944
339 8.133250 3.436522 5.524456 318.873642 22005.289417
339 -8.133250 -3.436522 5.524456 318.873642 22005.289417
339 11.049505 4.005516 11.076304 226.036893 88458.146581
339 -11.049505 -4.005516 11.076304 226.036893 88458.146581
339 7.595441 3.320959 8.032554 138.557925 46521.674338
339 -7.595441 -3.320959 8.032554 138.557925 46521.674338
339 8.659891 3.546037 4.123423 265.771512 12259.246053
339 -8.659891 -3.546037 4.123423 265.771512 12259.246053
339 6.220010 3.005264 26.863354 255.819355 520317.646431
339 -6.220010 -3.005264 26.863354 255.819355 520317.646431
340 9.329798 3.680639 4.857010 5.974719 17009.286159
340 -9.329798 -3.680639 4.857010 5.974719 17009.286159
340 6.449147 3.060118 19.008454 218.297546 260520.369243
340 -6.449147 -3.060118 19.008454 218.297546 260520.369243
340 10.438467 3.893188 8.735056 251.022872 55014.786579
340 -10.438467 -3.893188 8.735056 251.022872 55014.786579
340 6.992266 3.186369 8.143708 186.896830 47818.118563
340 -6.992266 -3.186369 8.143708 186.896830 47818.118563
340 11.304761 4.051518 15.678956 200.078862 177248.410035
340 -11.304761 -4.051518 15.678956 200.078862 177248.410035
340 13.142368 4.368415 3.817619 181.974280 10508.319341
340 -13.142368 -4.368415 3.817619 181.974280 10508.319341
340 11.895484 4.156025 7.086616 260.463423 36209.777700
340 -11.895484 -4.156025 7.086616 260.463423 36209.777700
340 13.198440 4.377724 16.965392 307.722575 207527.593396
340 -13.198440 -4.377724 16.965392 307.722575 207527.593396
340 11.622730 4.108101 8.794321 221.861060 55763.844969
340 -11.622730 -4.108101 8.794321 221.861060 55763.844969
340 14.257468 4.549967 4.119206 205.126135 12234.185982
340 -14.257468 -4.549967 4.119206 205.126135 12234.185982
340 14.907624 4.652552 9.634394 241.106202 66926.310274
340 -14.907624 -4.652552 9.634394 241.106202 66926.310274
340 6.939080 3.174227 4.529489 289.849985 14792.670428
340 -6.939080 -3.174227 4.529489 289.849985 14792.670428
340 6.975477 3.182541 2.763722 185.002377 5507.275836
340 -6.975477 -3.182541 2.763722 185.002377 5507.275836
340 18.945397 5.244920 9.198326 30.100074 61005.033332
340 -18.945397 -5.244920 9.198326 30.100074 61005.033332
340 15.887367 4.803005 15.745570 45.864521 178757.730977
340 -15.887367 -4.803005 15.745570 45.864521 178757.730977
341 -0.270373 0.626568 3.683830 176.252147 9784.695878
341 0.270373 -0.626568 3.683830 176.252147 9784.695878
341 0.495841 0.848513 8.036438 326.517778 46566.680797
341 -0.495841 -0.848513 8.036438 326.517778 46566.680797
341 4.687723 2.608964 6.913326 8.818408 34460.549372
341 -4.687723 -2.608964 6.913326 8.818408 34460.549372
341 14.011903 4.510613 8.841918 272.935680 56369.096760
341 -14.011903 -4.510613 8.841918 272.935680 56369.096760
341 15.115457 4.684872 4.867426 319.509780 17082.316314
341 -15.115457 -4.684872 4.867426 319.509780 17082.316314
341 13.504912 4.428258 3.365210 317.946306 8165.306106
341 -13.504912 -4.428258 3.365210 317.946306 8165.306106
341 7.269861 3.249003 6.262927 220.862930 28281.525704
341 -7.269861 -3.249003 6.262927 220.862930 28281.525704
341 9.999445 3.810439 3.404322 273.818448 8356.210014
341 -9.999445 -3.810439 3.404322 273.818448 8356.210014
341 3.198144 2.154944 7.950757 267.099051 45579.026489
341 -3.198144 -2.154944 7.950757 267.099051 45579.026489
341 14.472274 4.584114 9.603325 170.032262 66495.356744
341 -14.472274 -4.584114 9.603325 170.032262 66495.356744
341 6.452428 3.060896 8.952995 358.713646 57794.271595
341 -6.452428 -3.060896 8.952995 358.713646 57794.271595
341 11.562098 4.097372 12.701951 256.413684 116329.255640
341 -11.562098 -4.097372 12.701951 256.413684 116329.255640
341 13.891816 4.491243 2.867143 177.596610 5927.161580
341 -13.891816 -4.491243 2.867143 177.596610 5927.161580
341 21.726741 5.616740 14.414263 32.001247 149807.297438
341 -21.726741 -5.616740 14.414263 32.001247 149807.297438
342 4.918160 2.672320 14.478561 335.588842 151146.778971
342 -4.918160 -2.672320 14.478561 335.588842 151146.778971
342 11.591406 4.102561 6.746726 85.898652 32819.667858
342 -11.591406 -4.102561 6.746726 85.898652 32819.667858
342 20.085231 5.400394 2.508656 1.094116 4537.642412
342 -20.085231 -5.400394 2.508656 1.094116 4537.642412
342 10.509158 3.906349 5.609319 248.728710 22686.545878
342 -10.509158 -3.906349 5.609319 248.728710 22686.545878
342 15.566421 4.754244 1.809948 298.584364 2362.002489
342 -15.566421 -4.754244 1.809948 298.584364 2362.002489
342 12.795918 4.310452 8.640456 154.667338 53829.629626
342 -12.795918 -4.310452 8.640456 154.667338 53829.629626
342 14.211807 4.542675 4.235328 196.225328 12933.684026
342 -14.211807 -4.542675 4.235328 196.225328 12933.684026
342 10.301805 3.867619 7.539168 66.208374 40982.170784
342 -10.301805 -3.867619 7.539168 66.208374 40982.170784
342 7.540307 3.308884 12.236300 234.534148 107956.370661
342 -7.540307 -3.308884 12.236300 234.534148 107956.370661
342 9.928240 3.796848 5.748874 89.528482 23829.426928
342 -9.928240 -3.796848 5.748874 89.528482 23829.426928
342 10.858035 3.970660 9.183290 119.788609 60805.748038
342 -10.858035 -3.970660 9.183290 119.788609 60805.748038
342 3.775482 2.341387 3.615053 99.281281 9422.743208
342 -3.775482 -2.341387 3.615053 99.281281 9422.743208
342 6.926610 3.171374 13.943687 117.282458 140185.565221
342 -6.926610 -3.171374 13.943687 117.282458 140185.565221
342 17.822875 5.087166 10.083596 71.065170 73312.656070
342 -17.822875 -5.087166 10.083596 71.065170 73312.656070
343 17.064770 4.977798 14.094437 237.107444 143233.151811
343 -17.064770 -4.977798 14.094437 237.107444 143233.151811
343 6.942987 3.175121 4.515307 343.416912 14700.178604
343 -6.942987 -3.175121 4.515307 343.416912 14700.178604
343 10.643681 3.931271 5.519630 333.160311 21966.860227
343 -10.643681 -3.931271 5.519630 333.160311 21966.860227
343 16.432894 4.884769 14.869995 72.150534 159429.890291
343 -16.432894 -4.884769 14.869995 72.150534 159429.890291
343 13.603716 4.444428 6.378524 88.951454 29335.160567
343 -13.603716 -4.444428 6.378524 88.951454 29335.160567
343 8.117716 3.433239 4.651356 110.755829 15599.373687
343 -8.117716 -3.433239 4.651356 110.755829 15599.373687
343 11.061929 4.007767 8.478483 341.274283 51830.377872
343 -11.061929 -4.007767 8.478483 341.274283 51830.377872
343 9.868990 3.785501 3.044291 342.094160 6682.215888
343 -9.868990 -3.785501 3.044291 342.094160 6682.215888
343 11.235588 4.039103 4.242013 201.462732 12974.540075
343 -11.235588 -4.039103 4.242013 201.462732 12974.540075
343 17.811389 5.085527 9.125446 0.856346 60042.152428
343 -17.811389 -5.085527 9.125446 0.856346 60042.152428
343 14.435909 4.578351 3.236194 213.520476 7551.221585
343 -14.435909 -4.578351 3.236194 213.520476 7551.221585
343 15.525025 4.747918 8.388445 145.610738 50735.389431
343 -15.525025 -4.747918 8.388445 145.610738 50735.389431
343 13.520580 4.430826 3.423927 165.189777 8452.729141
343 -13.520580 -4.430826 3.423927 165.189777 8452.729141
344 12.620508 4.280805 10.554976 145.642198 80327.195774
344 -12.620508 -4.280805 10.554976 145.642198 80327.195774
344 18.855151 5.232414 7.245577 253.537557 37852.452147
344 -18.855151 -5.232414 7.245577 253.537557 37852.452147
344 13.981289 4.505683 5.739573 164.489207 23752.385868
344 -13.981289 -4.505683 5.739573 164.489207 23752.385868
344 11.766285 4.133393 3.075817 209.436173 6821.330846
344 -11.766285 -4.133393 3.075817 209.436173 6821.330846
344 19.867709 5.371072 13.660283 208.231164 134544.976632
344 -19.867709 -5.371072 13.660283 208.231164 134544.976632
344 2.349659 1.847096 1.513438 208.773600 1651.495318
344 -2.349659 -1.847096 1.513438 208.773600 1651.495318
344 11.724606 4.126066 4.227043 298.808589 12883.130988
344 -11.724606 -4.126066 4.227043 298.808589 12883.130988
344 6.677229 3.113760 3.969047 176.225679 11358.487038
344 -6.677229 -3.113760 3.969047 176.225679 11358.487038
344 15.642303 4.765817 8.190727 260.596715 48371.876482
344 -15.642303 -4.765817 8.190727 260.596715 48371.876482
344 16.271909 4.860784 6.304484 263.932938 28658.083709
344 -16.271909 -4.860784 6.304484 263.932938 28658.083709
344 17.857522 5.092108 5.803173 337.201389 24281.703984
344 -17.857522 -5.092108 5.803173 337.201389 24281.703984
344 11.046514 4.004974 6.551485 68.611542 30947.643717
344 -11.046514 -4.004974 6.551485 68.611542 30947.643717
345 7.704962 3.344817 6.764230 347.279941 32990.186479
345 -7.704962 -3.344817 6.764230 347.279941 32990.186479
345 15.517365 4.746747 9.638134 354.629599 66978.282213
345 -15.517365 -4.746747 9.638134 354.629599 66978.282213
345 4.841725 2.651472 3.507917 128.355217 8872.514935
345 -4.841725 -2.651472 3.507917 128.355217 8872.514935
345 3.477834 2.247199 11.794429 42.174071 100300.224583
345 -3.477834 -2.247199 11.794429 42.174071 100300.224583
345 22.560418 5.723486 5.213265 291.417590 19596.009645
345 -22.560418 -5.723486 5.213265 291.417590 19596.009645
345 7.067958 3.203569 19.139558 96.235466 264126.443845
345 -7.067958 -3.203569 19.139558 96.235466 264126.443845
345 4.521456 2.562278 19.455701 66.925702 272924.078495
345 -4.521456 -2.562278 19.455701 66.925702 272924.078495
345 -4.010239 2.413082 5.607215 179.848199 22669.531704
345 4.010239 -2.413082 5.607215 179.848199 22669.531704
345 15.083760 4.679957 3.416090 153.845712 8414.083106
345 -15.083760 -4.679957 3.416090 153.845712 8414.083106
345 11.311791 4.052777 3.810049 338.377724 10466.685561
345 -11.311791 -4.052777 3.810049 338.377724 10466.685561
345 13.508485 4.428844 8.617805 208.752334 53547.773769
345 -13.508485 -4.428844 8.617805 208.752334 53547.773769
345 7.319721 3.260125 4.887962 327.238657 17226.766458
345 -7.319721 -3.260125 4.887962 327.238657 17226.766458
346 5.690826 2.874582 5.283698 55.284866 20129.089352
346 -5.690826 -2.874582 5.283698 55.284866 20129.089352
346 5.146060 2.733534 5.164115 156.624591 19228.257239
346 -5.146060 -2.733534 5.164115 156.624591 19228.257239
346 11.151063 4.023882 1.972461 249.859798 2805.205963
346 -11.151063 -4.023882 1.972461 249.859798 2805.205963
346 7.815692 3.368765 4.414500 319.186536 14051.123138
346 -7.815692 -3.368765 4.414500 319.186536 14051.123138
346 7.679157 3.339211 9.846669 266.190045 69907.978761
346 -7.679157 -3.339211 9.846669 266.190045 69907.978761
346 9.259530 3.666752 9.677792 108.484467 67530.611932
346 -9.259530 -3.666752 9.677792 108.484467 67530.611932
346 6.507498 3.073931 7.086664 357.871287 36210.271615
346 -6.507498 -3.073931 7.086664 357.871287 36210.271615
346 5.870274 2.919552 2.126383 320.307747 3260.099509
346 -5.870274 -2.919552 2.126383 320.307747 3260.099509
346 19.951371 5.382368 10.397390 79.501722 77946.527623
346 -19.951371 -5.382368 10.397390 79.501722 77946.527623
346 14.846945 4.643074 10.492440 117.689849 79378.163928
346 -14.846945 -4.643074 10.492440 117.689849 79378.163928
346 2.943024 2.067207 7.244820 221.032138 37844.540889
346 -2.943024 -2.067207 7.244820 221.032138 37844.540889
347 7.613970 3.325008 6.181246 85.493207 27548.641192
347 -7.613970 -3.325008 6.181246 85.493207 27548.641192
347 10.949510 3.987350 2.581490 177.282095 4804.952762
347 -10.949510 -3.987350 2.581490 177.282095 4804.952762
347 12.932372 4.333374 14.021393 258.903899 141752.390178
347 -12.932372 -4.333374 14.021393 258.903899 141752.390178
347 3.576121 2.278732 2.481432 357.176514 4439.691896
347 -3.576121 -2.278732 2.481432 357.176514 4439.691896
347 9.230400 3.660980 2.694155 346.390698 5233.512643
347 -9.230400 -3.660980 2.694155 346.390698 5233.512643
347 13.764993 4.470695 6.052866 339.206959 26416.187404
347 -13.764993 -4.470695 6.052866 339.206959 26416.187404
347 17.445511 5.033023 4.158369 280.300957 12467.921152
347 -17.445511 -5.033023 4.158369 280.300957 12467.921152
347 12.793320 4.310014 5.515101 78.719535 21930.826627
347 -12.793320 -4.310014 5.515101 78.719535 21930.826627
347 13.814287 4.478693 1.300812 186.588197 1220.049164
347 -13.814287 -4.478693 1.300812 186.588197 1220.049164
347 9.738860 3.760461 8.472982 62.890053 51763.147552
347 -9.738860 -3.760461 8.472982 62.890053 51763.147552
347 12.696600 4.293691 4.744105 126.346399 16227.689413
347 -12.696600 -4.293691 4.744105 126.346399 16227.689413
348 11.774877 4.134902 3.248644 23.302680 7609.435284
348 -11.774877 -4.134902 3.248644 23.302680 7609.435284
348 13.097009 4.360870 2.991516 235.033385 6452.541871
348 -13.097009 -4.360870 2.991516 235.033385 6452.541871
348 9.622452 3.737919 7.992406 327.548278 46057.791705
348 -9.622452 -3.737919 7.992406 327.548278 46057.791705
348 13.127104 4.365877 3.868201 40.191472 10788.624123
348 -13.127104 -4.365877 3.868201 40.191472 10788.624123
348 11.663349 4.115273 8.060997 354.792748 46851.726614
348 -11.663349 -4.115273 8.060997 354.792748 46851.726614
348 10.653595 3.933101 7.249771 2.805564 37896.286860
348 -10.653595 -3.933101 7.249771 2.805564 37896.286860
348 12.972496 4.340091 7.260113 126.931305 38004.480732
348 -12.972496 -4.340091 7.260113 126.931305 38004.480732
348 11.378329 4.064679 13.034672 358.501375 122503.448873
348 -11.378329 -4.064679 13.034672 358.501375 122503.448873
348 13.710902 4.461902 21.851249 320.908851 344271.120751
348 -13.710902 -4.461902 21.851249 320.908851 344271.120751
348 12.848744 4.319340 8.223120 253.186666 48755.238249
348 -12.848744 -4.319340 8.223120 253.186666 48755.238249
349 11.832814 4.145062 5.004428 263.370532 18057.469702
349 -11.832814 -4.145062 5.004428 263.370532 18057.469702
349 12.026169 4.178791 6.235145 282.632169 28031.164750
349 -12.026169 -4.178791 6.235145 282.632169 28031.164750
349 9.382241 3.690968 3.219633 109.274232 7474.133805
349 -9.382241 -3.690968 3.219633 109.274232 7474.133805
349 12.167337 4.203246 4.674524 124.301119 15755.164174
349 -12.167337 -4.203246 4.674524 124.301119 15755.164174
349 11.875180 4.152476 9.040718 224.368954 58932.367253
349 -11.875180 -4.152476 9.040718 224.368954 58932.367253
349 11.987746 4.172111 4.771498 240.296120 16415.627151
349 -11.987746 -4.172111 4.771498 240.296120 16415.627151
349 17.964458 5.107332 6.590267 295.324899 31315.122041
349 -17.964458 -5.107332 6.590267 295.324899 31315.122041
349 9.563793 3.726509 5.980566 263.864009 25788.886089
349 -9.563793 -3.726509 5.980566 263.864009 25788.886089
349 2.616173 1.949038 20.047485 200.328913 289779.652289
349 -2.616173 -1.949038 20.047485 200.328913 289779.652289
350 6.956131 3.178125 7.870672 224.024005 44665.443271
350 -6.956131 -3.178125 7.870672 224.024005 44665.443271
350 20.971346 5.518235 18.156458 223.508318 237689.681761
350 -20.971346 -5.518235 18.156458 223.508318 237689.681761
350 18.978841 5.249548 11.918195 338.492080 102416.297535
350 -18.978841 -5.249548 11.918195 338.492080 102416.297535
350 8.117206 3.433131 14.387648 262.101434 149254.593359
350 -8.117206 -3.433131 14.387648 262.101434 149254.593359
350 6.611588 3.098417 4.647012 338.746159 15570.251746
350 -6.611588 -3.098417 4.647012 338.746159 15570.251746
350 15.549326 4.751632 10.129556 188.494900 73982.477114
350 -15.549326 -4.751632 10.129556 188.494900 73982.477114
350 15.107540 4.683644 4.815184 279.903393 16717.596058
350 -15.107540 -4.683644 4.815184 279.903393 16717.596058
350 1.734286 1.586892 1.641315 6.266190 1942.368864
350 -1.734286 -1.586892 1.641315 6.266190 1942.368864
350 8.852337 3.585222 3.975726 100.122240 11396.748624
350 -8.852337 -3.585222 3.975726 100.122240 11396.748624
351 8.406073 3.493684 7.425992 31.658498 39760.973523
351 -8.406073 -3.493684 7.425992 31.658498 39760.973523
351 7.343179 3.265345 3.171668 280.541453 7253.099284
351 -7.343179 -3.265345 3.171668 280.541453 7253.099284
351 -1.609515 1.528743 9.019313 320.851106 58653.639036
351 1.609515 -1.528743 9.019313 320.851106 58653.639036
351 3.569602 2.276653 3.245915 176.072504 7596.655859
351 -3.569602 -2.276653 3.245915 176.072504 7596.655859
351 6.701522 3.119420 11.918048 180.148363 102413.767627
351 -6.701522 -3.119420 11.918048 180.148363 102413.767627
351 4.590917 2.581884 10.774781 170.883535 83707.610728
351 -4.590917 -2.581884 10.774781 170.883535 83707.610728
351 16.245933 4.856902 6.456529 265.800800 30057.045410
351 -16.245933 -4.856902 6.456529 265.800800 30057.045410
351 10.632772 3.929256 2.145329 232.156272 3318.454314
351 -10.632772 -3.929256 2.145329 232.156272 3318.454314
352 9.941105 3.799307 4.257631 323.399347 13070.259200
352 -9.941105 -3.799307 4.257631 323.399347 13070.259200
352 4.324980 2.505989 7.783097 191.287162 43677.019966
352 -4.324980 -2.505989 7.783097 191.287162 43677.019966
352 13.819896 4.479602 6.954010 79.613851 34867.325879
352 -13.819896 -4.479602 6.954010 79.613851 34867.325879
352 18.379281 5.165963 5.346254 218.647163 20608.543882
352 -18.379281 -5.165963 5.346254 218.647163 20608.543882
352 4.074817 2.432434 5.090421 242.585089 18683.381451
352 -4.074817 -2.432434 5.090421 242.585089 18683.381451
352 10.332846 3.873442 4.582973 3.056881 15144.074137
352 -10.332846 -3.873442 4.582973 3.056881 15144.074137
352 12.791248 4.309665 7.163906 115.399682 37003.930761
352 -12.791248 -4.309665 7.163906 115.399682 37003.930761
353 5.168306 2.739436 4.405933 277.810620 13996.644546
353 -5.168306 -2.739436 4.405933 277.810620 13996.644546
353 6.066861 2.968035 3.368887 105.317143 8183.159441
353 -6.066861 -2.968035 3.368887 105.317143 8183.159441
353 6.160383 2.990824 9.047542 102.208320 59021.366267
353 -6.160383 -2.990824 9.047542 102.208320 59021.366267
353 3.635052 2.297430 4.419175 262.512060 14080.902343
353 -3.635052 -2.297430 4.419175 262.512060 14080.902343
353 18.843033 5.230732 4.979111 184.005470 17875.228612
353 -18.843033 -5.230732 4.979111 184.005470 17875.228612
353 8.780762 3.570698 5.736354 250.741331 23725.746634
353 -8.780762 -3.570698 5.736354 250.741331 23725.746634
353 7.529422 3.306495 4.307986 35.114413 13381.246914
353 -7.529422 -3.306495 4.307986 35.114413 13381.246914
354 6.466077 3.064132 4.402496 83.138624 13974.810371
354 -6.466077 -3.064132 4.402496 83.138624 13974.810371
354 10.739224 3.948876 9.340659 261.684169 62907.602522
354 -10.739224 -3.948876 9.340659 261.684169 62907.602522
354 17.230973 5.001980 5.092146 55.275926 18696.048527
354 -17.230973 -5.001980 5.092146 55.275926 18696.048527
354 10.454205 3.896122 5.030470 353.179351 18245.899464
354 -10.454205 -3.896122 5.030470 353.179351 18245.899464
354 7.304934 3.256831 5.042501 102.702105 18333.275540
354 -7.304934 -3.256831 5.042501 102.702105 18333.275540
354 8.911233 3.597129 7.714816 8.493062 42914.019184
354 -8.911233 -3.597129 7.714816 8.493062 42914.019184
355 11.641427 4.111404 4.936166 78.748702 17568.214489
355 -11.641427 -4.111404 4.936166 78.748702 17568.214489
355 2.988274 2.083038 13.798324 136.049636 137277.935140
355 -2.988274 -2.083038 13.798324 136.049636 137277.935140
355 7.739116 3.352222 1.413882 23.824309 1441.365918
355 -7.739116 -3.352222 1.413882 23.824309 1441.365918
355 10.066498 3.823193 7.773759 136.356803 43572.271242
355 -10.066498 -3.823193 7.773759 136.356803 43572.271242
355 0.682689 0.995631 4.041953 62.928675 11779.603143
355 -0.682689 -0.995631 4.041953 62.928675 11779.603143
355 11.549524 4.095143 8.440099 241.292708 51362.150707
355 -11.549524 -4.095143 8.440099 241.292708 51362.150707
356 9.050924 3.625213 6.521102 243.701730 30661.265008
356 -9.050924 -3.625213 6.521102 243.701730 30661.265008
356 12.783191 4.308307 6.384599 291.743733 29391.068215
356 -12.783191 -4.308307 6.384599 291.743733 29391.068215
356 8.570112 3.527608 3.133214 295.185920 7078.286057
356 -8.570112 -3.527608 3.133214 295.185920 7078.286057
356 16.461149 4.888967 3.819357 207.579793 10517.889359
356 -16.461149 -4.888967 3.819357 207.579793 10517.889359
356 9.850751 3.782002 10.433020 334.110336 78481.651007
356 -9.850751 -3.782002 10.433020 334.110336 78481.651007
357 4.146484 2.453731 4.172607 252.676635 12553.450505
357 -4.146484 -2.453731 4.172607 252.676635 12553.450505
357 12.271793 4.221250 9.473415 271.670425 64708.481790
357 -12.271793 -4.221250 9.473415 271.670425 64708.481790
357 14.383884 4.570094 5.927150 22.825168 25330.273412
357 -14.383884 -4.570094 5.927150 22.825168 25330.273412
357 7.313416 3.258721 6.321079 346.561003 28809.150713
357 -7.313416 -3.258721 6.321079 346.561003 28809.150713
357 8.163051 3.442812 11.796510 62.255575 100335.615709
357 -8.163051 -3.442812 11.796510 62.255575 100335.615709
358 12.258426 4.218950 3.944654 76.547417 11219.301060
358 -12.258426 -4.218950 3.944654 76.547417 11219.301060
358 2.468419 1.893200 6.731870 200.161322 32675.293462
358 -2.468419 -1.893200 6.731870 200.161322 32675.293462
358 6.412290 3.051361 4.480062 350.214217 14471.584342
358 -6.412290 -3.051361 4.480062 350.214217 14471.584342
358 7.572340 3.315905 4.456701 308.754847 14321.056228
358 -7.572340 -3.315905 4.456701 308.754847 14321.056228
359 9.995407 3.809669 3.968654 149.637245 11356.237183
359 -9.995407 -3.809669 3.968654 149.637245 11356.237183
359 12.164495 4.202755 3.609945 343.423140 9396.137011
359 -12.164495 -4.202755 3.609945 343.423140 9396.137011
359 8.124523 3.434678 3.692799 174.826207 9832.395367
359 -8.124523 -3.434678 3.692799 174.826207 9832.395367
359 5.642376 2.862319 15.286763 214.215585 168491.951148
359 -5.642376 -2.862319 15.286763 214.215585 168491.951148
360 17.251819 5.005005 3.848161 319.308974 10677.127867
360 -17.251819 -5.005005 3.848161 319.308974 10677.127867
360 2.735018 1.992816 7.914963 5.458535 45169.556235
360 -2.735018 -1.992816 7.914963 5.458535 45169.556235
360 14.467796 4.583405 5.494485 52.811150 21767.177848
360 -14.467796 -4.583405 5.494485 52.811150 21767.177848
361 13.840740 4.482979 2.734469 141.926063 5391.306218
361 -13.840740 -4.482979 2.734469 141.926063 5391.306218
361 16.817090 4.941542 7.501784 88.846825 40576.748096
361 -16.817090 -4.941542 7.501784 88.846825 40576.748096
361 6.596493 3.094879 4.178854 89.466147 12591.065520
361 -6.596493 -3.094879 4.178854 89.466147 12591.065520
362 14.668743 4.615125 7.886059 349.956027 44840.261821
362 -14.668743 -4.615125 7.886059 349.956027 44840.261821
362 10.271563 3.861938 10.488183 127.085101 79313.761258
362 -10.271563 -3.861938 10.488183 127.085101 79313.761258
363 23.096838 5.791130 6.988367 108.250724 35212.708083
363 -23.096838 -5.791130 6.988367 108.250724 35212.708083
363 16.000863 4.820130 5.797675 131.863804 24235.711963
363 -16.000863 -4.820130 5.797675 131.863804 24235.711963
364 14.016499 4.511353 16.769181 227.703701 202755.088015
364 -14.016499 -4.511353 16.769181 227.703701 202755.088015
364 11.264687 4.044330 14.651825 264.923069 154785.941325
364 -11.264687 -4.044330 14.651825 264.923069 154785.941325
365 6.932726 3.172774 7.547329 136.841134 41070.943006
365 -6.932726 -3.172774 7.547329 136.841134 41070.943006
366 8.103431 3.430216 10.042776 332.931116 72720.289249
366 -8.103431 -3.430216 10.042776 332.931116 72720.289249
367 5.696461 2.876005 13.937523 121.229432 140061.661790
367 -5.696461 -2.876005 13.937523 121.229432 140061.661790
386 26.339321 -7.082415 16.626411 23.707580 199317.337062
386 -26.339321 7.082415 16.626411 23.707580 199317.337062
387 12.460654 -4.871352 5.781687 64.501598 24102.231910
387 -12.460654 4.871352 5.781687 64.501598 24102.231910
388 20.323104 -6.221199 6.876575 151.305833 34095.133545
388 -20.323104 6.221199 6.876575 151.305833 34095.133545
389 25.865555 -7.018430 2.872650 117.287968 5949.951573
389 -25.865555 7.018430 2.872650 117.287968 5949.951573
390 20.974409 -6.320100 2.900394 64.515746 6065.436099
390 -20.974409 6.320100 2.900394 64.515746 6065.436099
391 23.701044 -6.718353 2.217763 277.512668 3546.322585
391 -23.701044 6.718353 2.217763 277.512668 3546.322585
391 31.463319 -7.740720 4.174514 138.697451 12564.926683
391 -31.463319 7.740720 4.174514 138.697451 12564.926683
392 17.480768 -5.769781 6.754187 170.337770 32892.299825
392 -17.480768 5.769781 6.754187 170.337770 32892.299825
392 31.173175 -7.704946 4.897266 236.657672 17292.408043
392 -31.173175 7.704946 4.897266 236.657672 17292.408043
393 21.520859 -6.401900 27.569350 334.629261 548025.941803
393 -21.520859 6.401900 27.569350 334.629261 548025.941803
393 20.769370 -6.289133 6.336312 51.597816 28948.169980
393 -20.769370 6.289133 6.336312 51.597816 28948.169980
394 18.548622 -5.943399 8.183978 215.382043 48292.203346
394 -18.548622 5.943399 8.183978 215.382043 48292.203346
394 34.272768 -8.078927 3.412873 102.927995 8398.239245
394 -34.272768 8.078927 3.412873 102.927995 8398.239245
394 19.458463 -6.087421 7.683684 212.710578 42568.374402
394 -19.458463 6.087421 7.683684 212.710578 42568.374402
395 12.036299 -4.787685 2.237575 22.057446 3609.966360
395 -12.036299 4.787685 2.237575 22.057446 3609.966360
395 25.944732 -7.029164 4.396305 25.613719 13935.539193
395 -25.944732 7.029164 4.396305 25.613719 13935.539193
395 31.978682 -7.803858 2.341249 216.365255 3952.238482
395 -31.978682 7.803858 2.341249 216.365255 3952.238482
396 26.796149 -7.143570 3.437321 206.658646 8518.992860
396 -26.796149 7.143570 3.437321 206.658646 8518.992860
396 19.435782 -6.083872 4.015613 225.521128 11626.575756
396 -19.435782 6.083872 4.015613 225.521128 11626.575756
396 18.513585 -5.937783 1.993463 114.431538 2865.262734
396 -18.513585 5.937783 1.993463 114.431538 2865.262734
397 29.539467 -7.500331 28.843280 96.507027 599842.661883
397 -29.539467 7.500331 28.843280 96.507027 599842.661883
397 19.978504 -6.168230 17.328062 100.273153 216495.098395
397 -19.978504 6.168230 17.328062 100.273153 216495.098395
397 26.999366 -7.170606 9.871821 183.314180 70265.583365
397 -26.999366 7.170606 9.871821 183.314180 70265.583365
397 15.374875 -5.411092 33.389934 223.286693 803857.743538
397 -15.374875 5.411092 33.389934 223.286693 803857.743538
398 21.516764 -6.401291 8.447025 187.917592 51446.478936
398 -21.516764 6.401291 8.447025 187.917592 51446.478936
398 23.604085 -6.704597 6.471191 77.492254 30193.711197
398 -23.604085 6.704597 6.471191 77.492254 30193.711197
398 24.527422 -6.834473 18.076036 7.624504 235588.711346
398 -24.527422 6.834473 18.076036 7.624504 235588.711346
398 7.955868 -3.892448 4.429811 128.755992 14148.760887
398 -7.955868 3.892448 4.429811 128.755992 14148.760887
399 14.301699 -5.218827 8.014447 329.481371 46312.173284
399 -14.301699 5.218827 8.014447 329.481371 46312.173284
399 13.573708 -5.084267 10.979601 214.944764 86920.293227
399 -13.573708 5.084267 10.979601 214.944764 86920.293227
399 24.033070 -6.765248 7.584592 69.637522 41477.493953
399 -24.033070 6.765248 7.584592 69.637522 41477.493953
399 34.655729 -8.123938 15.798720 99.359464 179966.577861
399 -34.655729 8.123938 15.798720 99.359464 179966.577861
400 22.104237 -6.488090 3.331598 9.174616 8003.006909
400 -22.104237 6.488090 3.331598 9.174616 8003.006909
400 25.080120 -6.911048 9.901706 323.083969 70691.651498
400 -25.080120 6.911048 9.901706 323.083969 70691.651498
400 20.431622 -6.237787 10.937306 216.813855 86251.922019
400 -20.431622 6.237787 10.937306 216.813855 86251.922019
400 18.048108 -5.862663 11.453416 65.737967 94584.101977
400 -18.048108 5.862663 11.453416 65.737967 94584.101977
400 15.059090 -5.355234 15.017450 269.497891 162607.453156
400 -15.059090 5.355234 15.017450 269.497891 162607.453156
401 15.599494 -5.450475 4.277228 90.206598 13190.851404
401 -15.599494 5.450475 4.277228 90.206598 13190.851404
401 19.609689 -6.111030 7.559651 259.072960 41205.155080
401 -19.609689 6.111030 7.559651 259.072960 41205.155080
401 26.007874 -7.037712 13.678482 351.255178 134903.704102
401 -26.007874 7.037712 13.678482 351.255178 134903.704102
401 14.502379 -5.255314 7.328199 224.475870 38720.646182
401 -14.502379 5.255314 7.328199 224.475870 38720.646182
401 17.082182 -5.703622 3.399942 192.348366 8334.723137
401 -17.082182 5.703622 3.399942 192.348366 8334.723137
402 14.444549 -5.244826 15.372882 166.046139 170395.708316
402 -14.444549 5.244826 15.372882 166.046139 170395.708316
402 26.144665 -7.056196 8.589109 217.038671 53191.754640
402 -26.144665 7.056196 8.589109 217.038671 53191.754640
402 11.158917 -4.609885 7.701358 249.123853 42764.430822
402 -11.158917 4.609885 7.701358 249.123853 42764.430822
402 21.317763 -6.371621 9.152294 174.615954 60395.978033
402 -21.317763 6.371621 9.152294 174.615954 60395.978033
402 29.243550 -7.462668 6.664170 342.046009 32021.388195
402 -29.243550 7.462668 6.664170 342.046009 32021.388195
402 12.813343 -4.939811 3.008176 333.311565 6524.608020
402 -12.813343 4.939811 3.008176 333.311565 6524.608020
403 15.644190 -5.458278 5.706701 157.152211 23481.097122
403 -15.644190 5.458278 5.706701 157.152211 23481.097122
403 19.453598 -6.086660 4.651701 277.227966 15601.687591
403 -19.453598 6.086660 4.651701 277.227966 15601.687591
403 18.725173 -5.971618 11.009740 334.853560 87398.146690
403 -18.725173 5.971618 11.009740 334.853560 87398.146690
403 25.725323 -6.999379 4.892248 80.858282 17256.988469
403 -25.725323 6.999379 4.892248 80.858282 17256.988469
403 15.220026 -5.383774 9.084258 283.209196 59501.371199
403 -15.220026 5.383774 9.084258 283.209196 59501.371199
403 11.922528 -4.765004 5.912969 281.406751 25209.215813
403 -11.922528 4.765004 5.912969 281.406751 25209.215813
404 19.686898 -6.123049 24.380574 283.848463 428583.975518
404 -19.686898 6.123049 24.380574 283.848463 428583.975518
404 12.188225 -4.817806 5.797938 39.892762 24237.914092
404 -12.188225 4.817806 5.797938 39.892762 24237.914092
404 7.256471 -3.717422 8.639646 225.520457 53819.541032
404 -7.256471 3.717422 8.639646 225.520457 53819.541032
404 14.339705 -5.225757 4.882622 326.356749 17189.144684
404 -14.339705 5.225757 4.882622 326.356749 17189.144684
404 16.786775 -5.654090 10.533528 219.403460 80001.062146
404 -16.786775 5.654090 10.533528 219.403460 80001.062146
404 15.438749 -5.422320 9.160791 84.278944 60508.166754
404 -15.438749 5.422320 9.160791 84.278944 60508.166754
405 11.283388 -4.635524 3.062518 51.087160 6762.472071
405 -11.283388 4.635524 3.062518 51.087160 6762.472071
405 30.123241 -7.574081 7.988111 337.900252 46008.304858
405 -30.123241 7.574081 7.988111 337.900252 46008.304858
405 14.438201 -5.243673 22.375437 146.654925 360986.636002
405 -14.438201 5.243673 22.375437 146.654925 360986.636002
405 17.787554 -5.820191 5.405582 133.556254 21068.467006
405 -17.787554 5.820191 5.405582 133.556254 21068.467006
405 27.038747 -7.175834 8.011493 223.876973 46278.037645
405 -27.038747 7.175834 8.011493 223.876973 46278.037645
405 22.323601 -6.520204 16.020504 256.751515 185054.830840
405 -22.323601 6.520204 16.020504 256.751515 185054.830840
405 23.575248 -6.700500 8.532911 62.896768 52497.967488
405 -23.575248 6.700500 8.532911 62.896768 52497.967488
406 24.528831 -6.834669 5.896468 228.912255 25068.712370
406 -24.528831 6.834669 5.896468 228.912255 25068.712370
406 14.901134 -5.327074 7.166780 330.642754 37033.627202
406 -14.901134 5.327074 7.166780 330.642754 37033.627202
406 19.858408 -6.149663 9.705425 315.807118 67916.796371
406 -19.858408 6.149663 9.705425 315.807118 67916.796371
406 25.635855 -6.987197 5.681126 28.568920 23271.099132
406 -25.635855 6.987197 5.681126 28.568920 23271.099132
406 20.701468 -6.278844 8.543257 345.681560 52625.354505
406 -20.701468 6.278844 8.543257 345.681560 52625.354505
406 20.542232 -6.254648 5.245327 298.733748 19837.783098
406 -20.542232 6.254648 5.245327 298.733748 19837.783098
406 27.009748 -7.171985 4.400532 353.811357 13962.347812
406 -27.009748 7.171985 4.400532 353.811357 13962.347812
407 21.965699 -6.467726 10.125583 343.719884 73924.464840
407 -21.965699 6.467726 10.125583 343.719884 73924.464840
407 13.693204 -5.106598 5.936133 51.540844 25407.110726
407 -13.693204 5.106598 5.936133 51.540844 25407.110726
407 19.383098 -6.075621 5.114654 344.734948 18861.686390
407 -19.383098 6.075621 5.114654 344.734948 18861.686390
407 11.813686 -4.743204 3.172968 340.749437 7259.042523
407 -11.813686 4.743204 3.172968 340.749437 7259.042523
407 9.905849 -4.343351 5.977769 28.264208 25764.776323
407 -9.905849 4.343351 5.977769 28.264208 25764.776323
407 29.962813 -7.553885 3.410106 156.010312 8384.628797
407 -29.962813 7.553885 3.410106 156.010312 8384.628797
407 13.230260 -5.019533 12.343015 130.098915 109847.599981
407 -13.230260 5.019533 12.343015 130.098915 109847.599981
407 20.524815 -6.251996 2.993328 143.716849 6460.359066
407 -20.524815 6.251996 2.993328 143.716849 6460.359066
408 18.739237 -5.973860 11.767834 171.207772 99848.412776
408 -18.739237 5.973860 11.767834 171.207772 99848.412776
408 14.398873 -5.236527 5.089782 81.779638 18678.694481
408 -14.398873 5.236527 5.089782 81.779638 18678.694481
408 22.416938 -6.533821 1.306554 317.844920 1230.842683
408 -22.416938 6.533821 1.306554 317.844920 1230.842683
408 26.794431 -7.143341 9.470105 293.228976 64663.269893
408 -26.794431 7.143341 9.470105 293.228976 64663.269893
408 27.470400 -7.232885 3.641743 54.380422 9562.395408
408 -27.470400 7.232885 3.641743 54.380422 9562.395408
408 18.641455 -5.958254 4.130538 69.759786 12301.592989
408 -18.641455 5.958254 4.130538 69.759786 12301.592989
408 17.969316 -5.849852 9.615906 247.911356 66669.697024
408 -17.969316 5.849852 9.615906 247.911356 66669.697024
408 13.519556 -5.074115 4.318192 205.241063 13444.724857
408 -13.519556 5.074115 4.318192 205.241063 13444.724857
409 29.572517 -7.504525 3.922074 58.274205 11091.227505
409 -29.572517 7.504525 3.922074 58.274205 11091.227505
409 25.274124 -6.937726 8.670885 89.642534 54209.438643
409 -25.274124 6.937726 8.670885 89.642534 54209.438643
409 25.254956 -6.935095 5.153898 140.949301 19152.244003
409 -25.254956 6.935095 5.153898 140.949301 19152.244003
409 15.882511 -5.499696 11.322725 40.656296 92437.886579
409 -15.882511 5.499696 11.322725 40.656296 92437.886579
409 30.752291 -7.652755 4.223895 244.306769 12863.948902
409 -30.752291 7.652755 4.223895 244.306769 12863.948902
409 10.065448 -4.378200 4.749254 22.873346 16262.931089
409 -10.065448 4.378200 4.749254 22.873346 16262.931089
409 12.776597 -4.932723 9.893754 100.121191 70578.151321
409 -12.776597 4.932723 9.893754 100.121191 70578.151321
409 13.072653 -4.989545 10.467270 31.281487 78997.785508
409 -13.072653 4.989545 10.467270 31.281487 78997.785508
409 6.721316 -3.577719 3.292063 207.332548 7814.197013
409 -6.721316 3.577719 3.292063 207.332548 7814.197013
410 15.713199 -5.470303 2.044069 318.667535 3012.585258
410 -15.713199 5.470303 2.044069 318.667535 3012.585258
410 17.821542 -5.825748 9.920388 296.340674 70958.654692
410 -17.821542 5.825748 9.920388 296.340674 70958.654692
410 24.174821 -6.785170 7.527835 32.266400 40859.048654
410 -24.174821 6.785170 7.527835 32.266400 40859.048654
410 20.568625 -6.258665 2.346243 295.343844 3969.118706
410 -20.568625 6.258665 2.346243 295.343844 3969.118706
410 21.961402 -6.467093 7.765561 258.528643 43480.419039
410 -21.961402 6.467093 7.765561 258.528643 43480.419039
410 14.003722 -5.164174 9.424361 140.094083 64040.080193
410 -14.003722 5.164174 9.424361 140.094083 64040.080193
410 14.733530 -5.297031 12.511064 245.563863 112859.091440
410 -14.733530 5.297031 12.511064 245.563863 112859.091440
410 21.712881 -6.430397 3.293510 181.511590 7821.065404
410 -21.712881 6.430397 3.293510 181.511590 7821.065404
410 24.824671 -6.875762 9.417803 331.177114 63950.990559
410 -24.824671 6.875762 9.417803 331.177114 63950.990559
411 8.105570 -3.928899 2.706720 301.091016 5282.443190
411 -8.105570 3.928899 2.706720 301.091016 5282.443190
411 23.236322 -6.652161 4.956899 304.390709 17716.106597
411 -23.236322 6.652161 4.956899 304.390709 17716.106597
411 27.011981 -7.172281 6.910420 57.444429 34431.579170
411 -27.011981 7.172281 6.910420 57.444429 34431.579170
411 17.379310 -5.753013 0.977707 158.312653 689.232301
411 -17.379310 5.753013 0.977707 158.312653 689.232301
411 15.768142 -5.479859 9.524451 249.998675 65407.557711
411 -15.768142 5.479859 9.524451 249.998675 65407.557711
411 27.556028 -7.244149 6.234969 193.113918 28029.581359
411 -27.556028 7.244149 6.234969 193.113918 28029.581359
411 4.088994 -2.790534 18.269328 87.433843 240654.078754
411 -4.088994 2.790534 18.269328 87.433843 240654.078754
411 25.188659 -6.925986 9.928638 252.978651 71076.731168
411 -25.188659 6.925986 9.928638 252.978651 71076.731168
411 21.813790 -6.445322 7.502053 80.101803 40579.655426
411 -21.813790 6.445322 7.502053 80.101803 40579.655426
412 20.198598 -6.202113 1.989041 188.164298 2852.565929
412 -20.198598 6.202113 1.989041 188.164298 2852.565929
412 17.832220 -5.827493 4.280905 26.268855 13213.542361
412 -17.832220 5.827493 4.280905 26.268855 13213.542361
412 9.562589 -4.267434 7.288690 231.388907 38304.251119
412 -9.562589 4.267434 7.288690 231.388907 38304.251119
412 21.685531 -6.426346 20.933155 309.102305 315949.345251
412 -21.685531 6.426346 20.933155 309.102305 315949.345251
412 21.986034 -6.470719 10.220829 180.668685 75321.729908
412 -21.986034 6.470719 10.220829 180.668685 75321.729908
412 19.921620 -6.159443 3.414080 210.761376 8404.181108
412 -19.921620 6.159443 3.414080 210.761376 8404.181108
412 20.125307 -6.190851 4.919435 159.571738 17449.317633
412 -20.125307 6.190851 4.919435 159.571738 17449.317633
412 15.486073 -5.430624 3.969209 164.142280 11359.414305
412 -15.486073 5.430624 3.969209 164.142280 11359.414305
412 20.524224 -6.251906 5.363922 97.262429 20744.981143
412 -20.524224 6.251906 5.363922 97.262429 20744.981143
412 24.375561 -6.813283 6.997710 338.194640 35306.932911
412 -24.375561 6.813283 6.997710 338.194640 35306.932911
413 12.601772 -4.898859 9.691482 259.962217 67721.796776
413 -12.601772 4.898859 9.691482 259.962217 67721.796776
413 24.495886 -6.830078 6.759819 86.093641 32947.175099
413 -24.495886 6.830078 6.759819 86.093641 32947.175099
413 13.018279 -4.979158 6.460522 6.493800 30094.236856
413 -13.018279 4.979158 6.460522 6.493800 30094.236856
413 11.690761 -4.718462 7.307411 328.937793 38501.276873
413 -11.690761 4.718462 7.307411 328.937793 38501.276873
413 19.441544 -6.084774 4.528937 5.128907 14789.062243
413 -19.441544 6.084774 4.528937 5.128907 14789.062243
413 16.074145 -5.532775 5.889432 311.228010 25008.918415
413 -16.074145 5.532775 5.889432 311.228010 25008.918415
413 27.731215 -7.267140 8.977354 156.555018 58109.184006
413 -27.731215 7.267140 8.977354 156.555018 58109.184006
413 18.180657 -5.884152 10.011007 254.317670 72260.944606
413 -18.180657 5.884152 10.011007 254.317670 72260.944606
413 12.296158 -4.839091 10.988961 110.696606 87068.553951
413 -12.296158 4.839091 10.988961 110.696606 87068.553951
413 19.909639 -6.157590 2.904290 287.146085 6081.743157
413 -19.909639 6.157590 2.904290 287.146085 6081.743157
414 21.055447 -6.332298 10.300152 165.416706 76495.400588
414 -21.055447 6.332298 10.300152 165.416706 76495.400588
414 5.435139 -3.217247 9.654102 276.089500 67200.403706
414 -5.435139 3.217247 9.654102 276.089500 67200.403706
414 10.099772 -4.385659 5.541211 101.277867 22138.972830
414 -10.099772 4.385659 5.541211 101.277867 22138.972830
414 27.429633 -7.227516 16.682795 147.125696 200671.498360
414 -27.429633 7.227516 16.682795 147.125696 200671.498360
414 8.376518 -3.994026 11.504047 292.951473 95422.186351
414 -8.376518 3.994026 11.504047 292.951473 95422.186351
414 16.533839 -5.611332 5.542413 305.907577 22148.576038
414 -16.533839 5.611332 5.542413 305.907577 22148.576038
414 17.179420 -5.719833 6.805745 30.791104 33396.383787
414 -17.179420 5.719833 6.805745 30.791104 33396.383787
414 8.899906 -4.116914 3.119288 285.499677 7015.504835
414 -8.899906 4.116914 3.119288 285.499677 7015.504835
414 10.184592 -4.404036 3.897761 321.146037 10954.146325
414 -10.184592 4.404036 3.897761 321.146037 10954.146325
414 20.157160 -6.195748 2.955689 229.907160 6298.910581
414 -20.157160 6.195748 2.955689 229.907160 6298.910581
414 19.012744 -6.017297 29.402422 168.071048 623324.623618
414 -19.012744 6.017297 29.402422 168.071048 623324.623618
415 18.356143 -5.912482 11.601513 163.923202 97045.935791
415 -18.356143 5.912482 11.601513 163.923202 97045.935791
415 9.547693 -4.264109 4.089332 272.170805 12057.375791
415 -9.547693 4.264109 4.089332 272.170805 12057.375791
415 18.247249 -5.894918 6.052727 28.833763 26414.975116
415 -18.247249 5.894918 6.052727 28.833763 26414.975116
415 15.859955 -5.495789 11.007183 97.410195 87357.552368
415 -15.859955 5.495789 11.007183 97.410195 87357.552368
415 30.094705 -7.570493 15.270044 197.709892 168123.598669
415 -30.094705 7.570493 15.270044 197.709892 168123.598669
415 13.924867 -5.149613 7.256423 30.069182 37965.861669
415 -13.924867 5.149613 7.256423 30.069182 37965.861669
415 16.715439 -5.642064 5.189463 184.875123 19417.479170
415 -16.715439 5.642064 5.189463 184.875123 19417.479170
415 20.057285 -6.180380 5.460549 295.407682 21499.123759
415 -20.057285 6.180380 5.460549 295.407682 21499.123759
415 21.384974 -6.381657 14.950999 250.441835 161171.597786
415 -21.384974 6.381657 14.950999 250.441835 161171.597786
415 5.505628 -3.238042 4.138046 304.945024 12346.356285
415 -5.505628 3.238042 4.138046 304.945024 12346.356285
415 35.546323 -8.227662 13.362988 63.460802 128752.372980
415 -35.546323 8.227662 13.362988 63.460802 128752.372980
416 14.217032 -5.203356 7.143467 339.292640 36793.084136
416 -14.217032 5.203356 7.143467 339.292640 36793.084136
416 -0.699379 -1.154079 16.328242 281.912572 192232.561471
416 0.699379 1.154079 16.328242 281.912572 192232.561471
416 17.979792 -5.851557 3.548095 326.365398 9076.919993
416 -17.979792 5.851557 3.548095 326.365398 9076.919993
416 14.948954 -5.335615 10.442552 204.818758 78625.121109
416 -14.948954 5.335615 10.442552 204.818758 78625.121109
416 17.558227 -5.782550 4.164738 154.579649 12506.144577
416 -17.558227 5.782550 4.164738 154.579649 12506.144577
416 23.421462 -6.678610 8.096520 226.281051 47265.570494
416 -23.421462 6.678610 8.096520 226.281051 47265.570494
416 14.086374 -5.179391 5.506617 175.235012 21863.406063
416 -14.086374 5.179391 5.506617 175.235012 21863.406063
416 13.751009 -5.117365 3.782319 164.099893 10314.882252
416 -13.751009 5.117365 3.782319 164.099893 10314.882252
416 21.838273 -6.448938 3.512998 3.521342 8898.235317
416 -21.838273 6.448938 3.512998 3.521342 8898.235317
416 5.866045 -3.342349 7.391976 99.568486 39397.545088
416 -5.866045 3.342349 7.391976 99.568486 39397.545088
416 23.889768 -6.745048 3.281774 353.810209 7765.427081
416 -23.889768 6.745048 3.281774 353.810209 7765.427081
416 15.572738 -5.445799 6.875829 118.540428 34087.742657
416 -15.572738 5.445799 6.875829 118.540428 34087.742657
417 11.332323 -4.645565 13.541054 316.458037 132206.571153
417 -11.332323 4.645565 13.541054 316.458037 132206.571153
417 17.939634 -5.845018 4.234655 66.601596 12929.572400
417 -17.939634 5.845018 4.234655 66.601596 12929.572400
417 15.319086 -5.401265 7.956914 39.717665 45649.643099
417 -15.319086 5.401265 7.956914 39.717665 45649.643099
417 7.562242 -3.794935 7.064106 181.744569 35980.110586
417 -7.562242 3.794935 7.064106 181.744569 35980.110586
417 23.738523 -6.723663 9.462655 144.838218 64561.568895
417 -23.738523 6.723663 9.462655 144.838218 64561.568895
417 13.869647 -5.139393 6.141416 357.413106 27194.751321
417 -13.869647 5.139393 6.141416 357.413106 27194.751321
417 18.337163 -5.909424 2.953415 83.057591 6289.225045
417 -18.337163 5.909424 2.953415 83.057591 6289.225045
417 24.680307 -6.855740 2.856823 123.530090 5884.568437
417 -24.680307 6.855740 2.856823 123.530090 5884.568437
417 13.670549 -5.102371 14.524940 40.328077 152116.654714
417 -13.670549 5.102371 14.524940 40.328077 152116.654714
417 26.370021 -7.086541 5.329098 78.685489 20476.487099
417 -26.370021 7.086541 5.329098 78.685489 20476.487099
417 24.990024 -6.898623 7.409768 336.217592 39587.432898
417 -24.990024 6.898623 7.409768 336.217592 39587.432898
417 13.882307 -5.141738 6.126044 66.141559 27058.788131
417 -13.882307 5.141738 6.126044 66.141559 27058.788131
418 24.533192 -6.835277 4.190251 203.954655 12659.840511
418 -24.533192 6.835277 4.190251 203.954655 12659.840511
418 21.549401 -6.406144 4.214082 324.595082 12804.246840
418 -21.549401 6.406144 4.214082 324.595082 12804.246840
418 18.372735 -5.915153 2.449073 353.539739 4324.654446
418 -18.372735 5.915153 2.449073 353.539739 4324.654446
418 13.638408 -5.096370 16.627551 220.622358 199344.678892
418 -13.638408 5.096370 16.627551 220.622358 199344.678892
418 21.660747 -6.422673 10.034814 135.620033 72605.026656
418 -21.660747 6.422673 10.034814 135.620033 72605.026656
418 22.737123 -6.580317 5.471030 332.760428 21581.734455
418 -22.737123 6.580317 5.471030 332.760428 21581.734455
418 16.119832 -5.540632 7.064110 98.643323 35980.155854
418 -16.119832 5.540632 7.064110 98.643323 35980.155854
418 18.253725 -5.895964 9.505047 71.567981 65141.322669
418 -18.253725 5.895964 9.505047 71.567981 65141.322669
418 19.872881 -6.151903 4.260017 105.164187 13084.910356
418 -19.872881 6.151903 4.260017 105.164187 13084.910356
418 19.943017 -6.162750 4.057330 221.554444 11869.396801
418 -19.943017 6.162750 4.057330 221.554444 11869.396801
418 19.551452 -6.101949 7.559981 272.088133 41208.750836
418 -19.551452 6.101949 7.559981 272.088133 41208.750836
418 18.099479 -5.871001 9.966905 243.050776 71625.675175
418 -18.099479 5.871001 9.966905 243.050776 71625.675175
419 16.934022 -5.678834 9.569755 9.103436 66031.281169
419 -16.934022 5.678834 9.569755 9.103436 66031.281169
419 16.087520 -5.535077 8.261559 255.964611 49212.120883
419 -16.087520 5.535077 8.261559 255.964611 49212.120883
419 2.055190 -1.978359 6.223793 54.894788 27929.187294
419 -2.055190 1.978359 6.223793 54.894788 27929.187294
419 22.602505 -6.560809 7.183102 176.773755 37202.504706
419 -22.602505 6.560809 7.183102 176.773755 37202.504706
419 24.021324 -6.763594 8.979214 298.889733 58133.266016
419 -24.021324 6.763594 8.979214 298.889733 58133.266016
419 12.569474 -4.892577 7.415522 138.862825 39648.933405
419 -12.569474 4.892577 7.415522 138.862825 39648.933405
419 11.180203 -4.614280 9.442192 175.844546 64282.637477
419 -11.180203 4.614280 9.442192 175.844546 64282.637477
419 18.766523 -5.978208 6.791481 264.582816 33256.536238
419 -18.766523 5.978208 6.791481 264.582816 33256.536238
419 16.320844 -5.575071 2.490870 250.146425 4473.529802
419 -16.320844 5.575071 2.490870 250.146425 4473.529802
419 30.615104 -7.635667 8.030596 196.553900 46499.006829
419 -30.615104 7.635667 8.030596 196.553900 46499.006829
419 16.290182 -5.569831 4.141577 221.658015 12367.433836
419 -16.290182 5.569831 4.141577 221.658015 12367.433836
419 20.431479 -6.237765 2.939723 178.591563 6231.044506
419 -20.431479 6.237765 2.939723 178.591563 6231.044506
419 23.808536 -6.733571 11.071714 90.921221 88384.847911
419 -23.808536 6.733571 11.071714 90.921221 88384.847911
420 5.348850 -3.191606 23.111338 8.416969 385121.919061
420 -5.348850 3.191606 23.111338 8.416969 385121.919061
420 13.257021 -5.024606 10.444329 205.869182 78651.887680
420 -13.257021 5.024606 10.444329 205.869182 78651.887680
420 18.665179 -5.962044 4.973947 295.388962 17838.176621
420 -18.665179 5.962044 4.973947 295.388962 17838.176621
420 1.258847 -1.548337 5.633665 241.111156 22883.901502
420 -1.258847 1.548337 5.633665 241.111156 22883.901502
420 17.941736 -5.845361 3.641107 240.826693 9559.056024
420 -17.941736 5.845361 3.641107 240.826693 9559.056024
420 14.493833 -5.253766 4.056151 22.730897 11862.503540
420 -14.493833 5.253766 4.056151 22.730897 11862.503540
420 19.551563 -6.101967 13.544503 261.443736 132273.925102
420 -19.551563 6.101967 13.544503 261.443736 132273.925102
420 -1.849272 -1.876634 2.768210 317.387065 5525.175110
420 1.849272 1.876634 2.768210 317.387065 5525.175110
420 19.801193 -6.140797 1.960907 336.549051 2772.439483
420 -19.801193 6.140797 1.960907 336.549051 2772.439483
420 25.555935 -6.976297 15.045130 270.007361 163207.445662
420 -25.555935 6.976297 15.045130 270.007361 163207.445662
420 16.417998 -5.591640 8.017827 6.586453 46351.253041
420 -16.417998 5.591640 8.017827 6.586453 46351.253041
420 25.174857 -6.924088 5.386103 127.004772 20916.900417
420 -25.174857 6.924088 5.386103 127.004772 20916.900417
420 15.323272 -5.402003 5.451358 304.845366 21426.811223
420 -15.323272 5.402003 5.451358 304.845366 21426.811223
421 12.715654 -4.920944 9.768445 80.032831 68801.658095
421 -12.715654 4.920944 9.768445 80.032831 68801.658095
421 22.102707 -6.487865 16.114367 166.453999 187229.635706
421 -22.102707 6.487865 16.114367 166.453999 187229.635706
421 4.710237 -2.995025 5.323335 27.963736 20432.222805
421 -4.710237 2.995025 5.323335 27.963736 20432.222805
421 6.239654 -3.447143 9.549743 289.866733 65755.405125
421 -6.239654 3.447143 9.549743 289.866733 65755.405125
421 18.246363 -5.894775 11.481863 128.094344 95054.517374
421 -18.246363 5.894775 11.481863 128.094344 95054.517374
421 21.661821 -6.422832 22.625919 154.365427 369114.003596
421 -21.661821 6.422832 22.625919 154.365427 369114.003596
421 21.896497 -6.457530 7.323719 257.753466 38673.312859
421 -21.896497 6.457530 7.323719 257.753466 38673.312859
421 24.007630 -6.761666 11.054539 340.012956 88110.834801
421 -24.007630 6.761666 11.054539 340.012956 88110.834801
421 20.785645 -6.291596 5.031809 235.847902 18255.607966
421 -20.785645 6.291596 5.031809 235.847902 18255.607966
421 19.851462 -6.148587 9.757883 110.565760 68652.961660
421 -19.851462 6.148587 9.757883 110.565760 68652.961660
421 12.317925 -4.843372 5.228828 178.906575 19713.183327
421 -12.317925 4.843372 5.228828 178.906575 19713.183327
421 17.254941 -5.732391 4.769572 69.421937 16402.377496
421 -17.254941 5.732391 4.769572 69.421937 16402.377496
421 3.480775 -2.574643 4.704152 134.894626 15955.513012
421 -3.480775 2.574643 4.704152 134.894626 15955.513012
421 18.772027 -5.979084 2.234469 89.647985 3599.952232
421 -18.772027 5.979084 2.234469 89.647985 3599.952232
422 16.196996 -5.553878 7.437944 325.999783 39889.068753
422 -16.196996 5.553878 7.437944 325.999783 39889.068753
422 7.198224 -3.702472 5.365548 148.073928 20757.555547
422 -7.198224 3.702472 5.365548 148.073928 20757.555547
422 17.946296 -5.846104 2.227601 91.615047 3577.856980
422 -17.946296 5.846104 2.227601 91.615047 3577.856980
422 19.610719 -6.111191 2.205943 209.230698 3508.623425
422 -19.610719 6.111191 2.205943 209.230698 3508.623425
422 21.092308 -6.337838 5.832700 143.650467 24529.427591
422 -21.092308 6.337838 5.832700 143.650467 24529.427591
422 19.338244 -6.068587 8.984548 33.481302 58202.353468
422 -19.338244 6.068587 8.984548 33.481302 58202.353468
422 11.533638 -4.686647 10.251486 81.848328 75774.255561
422 -11.533638 4.686647 10.251486 81.848328 75774.255561
422 18.661825 -5.961508 4.623396 333.140769 15412.398640
422 -18.661825 5.961508 4.623396 333.140769 15412.398640
422 20.259543 -6.211463 9.359176 318.504160 63157.258604
422 -20.259543 6.211463 9.359176 318.504160 63157.258604
422 4.377157 -2.887189 9.176778 313.830927 60719.549301
422 -4.377157 2.887189 9.176778 313.830927 60719.549301
422 -0.483598 -0.959669 2.704114 341.050433 5272.273252
422 0.483598 0.959669 2.704114 341.050433 5272.273252
422 26.424414 -7.093846 12.555122 235.477868 113655.366266
422 -26.424414 7.093846 12.555122 235.477868 113655.366266
422 9.623311 -4.280962 3.260025 309.332460 7662.840812
422 -9.623311 4.280962 3.260025 309.332460 7662.840812
422 18.141477 -5.877808 3.435901 0.194576 8511.955113
422 -18.141477 5.877808 3.435901 0.194576 8511.955113
423 22.836926 -6.594743 5.720997 264.669434 23598.889077
423 -22.836926 6.594743 5.720997 264.669434 23598.889077
423 15.926930 -5.507381 6.555784 298.822960 30988.272385
423 -15.926930 5.507381 6.555784 298.822960 30988.272385
423 18.443581 -5.926547 5.658007 123.225949 23082.083551
423 -18.443581 5.926547 5.658007 123.225949 23082.083551
423 9.687964 -4.295318 6.865419 164.421384 33984.602843
423 -9.687964 4.295318 6.865419 164.421384 33984.602843
423 14.863075 -5.320267 1.966303 210.859570 2787.719665
423 -14.863075 5.320267 1.966303 210.859570 2787.719665
423 6.041323 -3.391916 3.506237 288.818850 8864.017198
423 -6.041323 3.391916 3.506237 288.818850 8864.017198
423 16.465875 -5.599787 2.490063 305.518838 4470.630152
423 -16.465875 5.599787 2.490063 305.518838 4470.630152
423 15.092956 -5.361252 4.097286 323.950745 12104.329306
423 -15.092956 5.361252 4.097286 323.950745 12104.329306
423 22.324745 -6.520372 6.969792 119.280004 35025.775279
423 -22.324745 6.520372 6.969792 119.280004 35025.775279
423 16.913561 -5.675402 5.517249 261.934136 21947.913459
423 -16.913561 5.675402 5.517249 261.934136 21947.913459
423 15.439699 -5.422487 2.918364 311.487639 6140.826758
423 -15.439699 5.422487 2.918364 311.487639 6140.826758
423 18.842539 -5.990303 3.541030 324.783007 9040.809022
423 -18.842539 5.990303 3.541030 324.783007 9040.809022
423 14.834156 -5.315089 9.081813 264.014727 59469.348030
423 -14.834156 5.315089 9.081813 264.014727 59469.348030
423 13.690571 -5.106106 2.966326 183.314419 6344.332136
423 -13.690571 5.106106 2.966326 183.314419 6344.332136
424 6.618492 -3.550247 11.578014 171.139474 96653.199992
424 -6.618492 3.550247 11.578014 171.139474 96653.199992
424 6.488045 -3.515086 8.113544 260.689852 47464.541460
424 -6.488045 3.515086 8.113544 260.689852 47464.541460
424 16.562880 -5.616258 6.796169 37.983482 33302.468574
424 -16.562880 5.616258 6.796169 37.983482 33302.468574
424 20.738342 -6.284433 5.244570 171.979779 19832.062484
424 -20.738342 6.284433 5.244570 171.979779 19832.062484
424 14.460663 -5.247751 11.285790 16.764683 91835.798613
424 -14.460663 5.247751 11.285790 16.764683 91835.798613
424 9.438238 -4.239597 10.959800 350.356101 86607.074208
424 -9.438238 4.239597 10.959800 350.356101 86607.074208
424 23.601134 -6.704178 9.842460 23.982295 69848.230359
424 -23.601134 6.704178 9.842460 23.982295 69848.230359
424 5.396536 -3.205801 7.684340 264.669569 42575.641875
424 -5.396536 3.205801 7.684340 264.669569 42575.641875
424 19.045404 -6.022464 4.473070 288.486532 14426.450682
424 -19.045404 6.022464 4.473070 288.486532 14426.450682
424 18.204300 -5.887977 2.852614 67.422067 5867.242912
424 -18.204300 5.887977 2.852614 67.422067 5867.242912
424 13.945333 -5.153396 25.811477 353.672088 480367.671096
424 -13.945333 5.153396 25.811477 353.672088 480367.671096
424 20.296500 -6.217126 7.571210 288.707549 41331.265323
424 -20.296500 6.217126 7.571210 288.707549 41331.265323
424 30.955679 -7.678020 7.035428 230.578381 35688.571145
424 -30.955679 7.678020 7.035428 230.578381 35688.571145
424 17.740071 -5.812417 10.100884 240.140903 73564.259980
424 -17.740071 5.812417 10.100884 240.140903 73564.259980
424 19.494141 -6.092999 3.665762 278.561070 9688.946518
424 -19.494141 6.092999 3.665762 278.561070 9688.946518
425 12.009770 -4.782406 2.956084 98.120663 6300.595567
425 -12.009770 4.782406 2.956084 98.120663 6300.595567
425 -0.867035 -1.284983 18.081801 258.984639 235738.992652
425 0.867035 1.284983 18.081801 258.984639 235738.992652
425 3.698599 -2.653980 8.423815 108.949225 51164.144872
425 -3.698599 2.653980 8.423815 108.949225 51164.144872
425 17.381288 -5.753340 2.801498 8.271056 5658.858535
425 -17.381288 5.753340 2.801498 8.271056 5658.858535
425 13.180452 -5.010075 4.146229 214.203289 12395.230834
425 -13.180452 5.010075 4.146229 214.203289 12395.230834
425 17.315870 -5.742503 6.993388 160.305327 35263.326421
425 -17.315870 5.742503 6.993388 160.305327 35263.326421
425 13.515687 -5.073389 7.567463 155.920062 41290.357090
425 -13.515687 5.073389 7.567463 155.920062 41290.357090
425 11.399156 -4.659244 9.713721 286.858481 68032.956508
425 -11.399156 4.659244 9.713721 286.858481 68032.956508
425 25.163372 -6.922509 6.014498 59.860057 26082.353896
425 -25.163372 6.922509 6.014498 59.860057 26082.353896
425 10.760158 -4.526770 6.371811 353.109595 29273.444630
425 -10.760158 4.526770 6.371811 353.109595 29273.444630
425 15.031942 -5.350405 6.094430 299.419885 26780.223517
425 -15.031942 5.350405 6.094430 299.419885 26780.223517
425 15.152767 -5.371865 7.529391 71.899924 40875.938376
425 -15.152767 5.371865 7.529391 71.899924 40875.938376
425 11.420175 -4.663537 8.396750 74.186681 50835.904506
425 -11.420175 4.663537 8.396750 74.186681 50835.904506
425 26.839372 -7.149329 21.341196 118.381159 328386.705139
425 -26.839372 7.149329 21.341196 118.381159 328386.705139
425 21.432398 -6.388729 4.658592 236.767012 15647.949914
425 -21.432398 6.388729 4.658592 236.767012 15647.949914
426 20.505973 -6.249126 3.978755 180.000355 11414.119296
426 -20.505973 6.249126 3.978755 180.000355 11414.119296
426 19.608049 -6.110775 4.558708 99.099712 14984.130995
426 -19.608049 6.110775 4.558708 99.099712 14984.130995
426 23.130528 -6.637001 16.088557 228.716082 186630.340603
426 -23.130528 6.637001 16.088557 228.716082 186630.340603
426 22.888292 -6.602156 9.184631 128.626720 60823.512535
426 -22.888292 6.602156 9.184631 128.626720 60823.512535
426 13.914457 -5.147688 7.357818 137.990502 39034.273505
426 -13.914457 5.147688 7.357818 137.990502 39034.273505
426 14.018846 -5.166961 17.952771 220.489714 232386.592770
426 -14.018846 5.166961 17.952771 220.489714 232386.592770
426 23.481772 -6.687203 2.773859 322.167691 5547.749168
426 -23.481772 6.687203 2.773859 322.167691 5547.749168
426 16.457021 -5.598281 5.055844 252.431636 18430.426792
426 -16.457021 5.598281 5.055844 252.431636 18430.426792
426 15.060735 -5.355526 13.979847 284.600281 140913.599502
426 -15.060735 5.355526 13.979847 284.600281 140913.599502
426 10.257559 -4.419785 6.951524 260.369915 34842.405540
426 -10.257559 4.419785 6.951524 260.369915 34842.405540
426 14.813008 -5.311299 6.912987 121.587382 34457.168557
426 -14.813008 5.311299 6.912987 121.587382 34457.168557
426 19.534695 -6.099334 5.099929 262.712902 18753.241972
426 -19.534695 6.099334 5.099929 262.712902 18753.241972
426 11.761300 -4.732676 24.281163 270.813061 425096.014611
426 -11.761300 4.732676 24.281163 270.813061 425096.014611
426 9.295577 -4.207433 1.643479 28.801899 1947.495687
426 -9.295577 4.207433 1.643479 28.801899 1947.495687
426 14.733632 -5.297049 2.678043 197.586108 5171.101307
426 -14.733632 5.297049 2.678043 197.586108 5171.101307
427 8.651402 -4.059031 5.939065 233.060478 25432.216248
427 -8.651402 4.059031 5.939065 233.060478 25432.216248
427 18.733380 -5.972926 1.566930 274.143175 1770.302251
427 -18.733380 5.972926 1.566930 274.143175 1770.302251
427 20.244400 -6.209141 2.409961 190.855034 4187.627723
427 -20.244400 6.209141 2.409961 190.855034 4187.627723
427 30.850605 -7.664978 16.602835 179.969813 198752.491698
427 -30.850605 7.664978 16.602835 179.969813 198752.491698
427 13.890655 -5.143283 4.280003 119.201395 13207.975378
427 -13.890655 5.143283 4.280003 119.201395 13207.975378
427 18.219545 -5.890442 5.882592 336.990527 24950.859558
427 -18.219545 5.890442 5.882592 336.990527 24950.859558
427 5.797315 -3.322711 9.970621 323.572071 71679.093175
427 -5.797315 3.322711 9.970621 323.572071 71679.093175
427 16.618197 -5.625628 3.529515 225.906758 8982.103051
427 -16.618197 5.625628 3.529515 225.906758 8982.103051
427 23.596476 -6.703516 7.729155 294.642179 43073.690925
427 -23.596476 6.703516 7.729155 294.642179 43073.690925
427 14.229628 -5.205661 14.635926 108.525455 154450.208281
427 -14.229628 5.205661 14.635926 108.525455 154450.208281
427 -2.630288 -2.238107 4.527727 338.061022 14781.163145
427 2.630288 2.238107 4.527727 338.061022 14781.163145
427 8.101365 -3.927880 2.871177 165.802585 5943.853473
427 -8.101365 3.927880 2.871177 165.802585 5943.853473
427 7.698127 -3.828879 12.099009 105.151711 105547.424227
427 -7.698127 3.828879 12.099009 105.151711 105547.424227
427 3.734058 -2.666672 13.823360 123.817858 137776.547660
427 -3.734058 2.666672 13.823360 123.817858 137776.547660
427 11.064767 -4.590397 7.659455 214.098373 42300.337727
427 -11.064767 4.590397 7.659455 214.098373 42300.337727
428 12.088444 -4.798045 11.389662 36.836984 93534.044954
428 -12.088444 4.798045 11.389662 36.836984 93534.044954
428 16.149953 -5.545807 4.557025 242.398890 14973.070687
428 -16.149953 5.545807 4.557025 242.398890 14973.070687
428 19.116018 -6.033618 1.850987 266.245660 2470.329801
428 -19.116018 6.033618 1.850987 266.245660 2470.329801
428 24.771957 -6.868458 5.005258 195.754651 18063.460871
428 -24.771957 6.868458 5.005258 195.754651 18063.460871
428 19.258499 -6.056062 2.708375 106.194806 5288.903333
428 -19.258499 6.056062 2.708375 106.194806 5288.903333
428 19.785493 -6.138362 3.440453 169.155887 8534.525305
428 -19.785493 6.138362 3.440453 169.155887 8534.525305
428 14.271892 -5.213386 20.867294 343.804132 313964.347182
428 -14.271892 5.213386 20.867294 343.804132 313964.347182
428 18.161619 -5.881070 9.504776 250.795588 65137.617999
428 -18.161619 5.881070 9.504776 250.795588 65137.617999
428 16.864712 -5.667200 2.128855 233.406714 3267.686903
428 -16.864712 5.667200 2.128855 233.406714 3267.686903
428 9.339810 -4.217432 5.760100 293.921234 23922.584795
428 -9.339810 4.217432 5.760100 293.921234 23922.584795
428 14.779417 -5.305273 7.848183 37.723788 44410.565789
428 -14.779417 5.305273 7.848183 37.723788 44410.565789
428 19.683587 -6.122534 7.619594 151.545220 41861.202545
428 -19.683587 6.122534 7.619594 151.545220 41861.202545
428 23.097444 -6.632252 2.213079 190.545802 3531.358484
428 -23.097444 6.632252 2.213079 190.545802 3531.358484
428 1.849179 -1.876586 4.334655 108.034501 13547.440021
428 -1.849179 1.876586 4.334655 108.034501 13547.440021
428 22.182085 -6.499505 4.553669 343.699654 14951.023751
428 -22.182085 6.499505 4.553669 343.699654 14951.023751
428 13.839906 -5.133879 7.530234 113.190730 40885.091521
428 -13.839906 5.133879 7.530234 113.190730 40885.091521
429 11.016906 -4.580458 13.921536 250.988175 139740.526585
429 -11.016906 4.580458 13.921536 250.988175 139740.526585
429 12.360307 -4.851697 3.784658 20.166109 10327.645297
429 -12.360307 4.851697 3.784658 20.166109 10327.645297
429 13.141432 -5.002654 2.344457 120.817385 3963.077718
429 -13.141432 5.002654 2.344457 120.817385 3963.077718
429 24.011166 -6.762164 10.199971 151.179776 75014.632784
429 -24.011166 6.762164 10.199971 151.179776 75014.632784
429 21.089554 -6.337424 14.394888 213.353085 149404.826376
429 -21.089554 6.337424 14.394888 213.353085 149404.826376
429 12.221218 -4.824322 8.596238 25.074459 53280.083853
429 -12.221218 4.824322 8.596238 25.074459 53280.083853
429 15.317891 -5.401055 2.391180 117.168570 4122.614613
429 -15.317891 5.401055 2.391180 117.168570 4122.614613
429 5.121609 -3.123074 14.287980 152.184196 147193.880245
429 -5.121609 3.123074 14.287980 152.184196 147193.880245
429 9.902770 -4.342676 7.324386 83.684203 38680.358191
429 -9.902770 4.342676 7.324386 83.684203 38680.358191
429 10.264996 -4.421386 3.585167 251.778421 9267.588794
429 -10.264996 4.421386 3.585167 251.778421 9267.588794
429 22.197482 -6.501760 3.032675 187.429769 6631.316177
429 -22.197482 6.501760 3.032675 187.429769 6631.316177
429 21.289361 -6.367375 5.970097 290.513934 25698.679633
429 -21.289361 6.367375 5.970097 290.513934 25698.679633
429 11.324388 -4.643938 6.575723 111.684696 31177.054124
429 -11.324388 4.643938 6.575723 111.684696 31177.054124
429 11.330870 -4.645267 10.890320 307.107358 85512.449514
429 -11.330870 4.645267 10.890320 307.107358 85512.449514
429 19.363595 -6.072564 8.850065 156.276256 56473.017188
429 -19.363595 6.072564 8.850065 156.276256 56473.017188
429 11.872925 -4.755081 8.263393 209.076383 49233.969043
429 -11.872925 4.755081 8.263393 209.076383 49233.969043
430 15.812516 -5.487564 10.350600 43.390158 77246.549397
430 -15.812516 5.487564 10.350600 43.390158 77246.549397
430 19.156618 -6.040022 6.957900 0.179442 34906.353543
430 -19.156618 6.040022 6.957900 0.179442 34906.353543
430 19.463869 -6.088267 6.042746 198.594777 26327.928855
430 -19.463869 6.088267 6.042746 198.594777 26327.928855
430 8.414724 -4.003124 20.383294 8.228441 299568.956573
430 -8.414724 4.003124 20.383294 8.228441 299568.956573
430 17.413286 -5.758634 10.946429 210.963104 86395.866122
430 -17.413286 5.758634 10.946429 210.963104 86395.866122
430 14.313325 -5.220948 10.931385 187.119971 86158.566480
430 -14.313325 5.220948 10.931385 187.119971 86158.566480
430 18.632828 -5.956875 5.401229 188.567173 21034.552338
430 -18.632828 5.956875 5.401229 188.567173 21034.552338
430 15.714773 -5.470577 3.319865 80.556415 7946.740174
430 -15.714773 5.470577 3.319865 80.556415 7946.740174
430 21.694944 -6.427741 5.306510 174.068186 20303.274971
430 -21.694944 6.427741 5.306510 174.068186 20303.274971
430 17.034185 -5.695604 9.394146 62.724587 63630.117277
430 -17.034185 5.695604 9.394146 62.724587 63630.117277
430 15.091372 -5.360971 15.972144 135.442917 183939.295522
430 -15.091372 5.360971 15.972144 135.442917 183939.295522
430 15.985599 -5.517515 2.305143 82.214568 3831.279080
430 -15.985599 5.517515 2.305143 82.214568 3831.279080
430 16.852425 -5.665135 4.313187 225.285575 13413.579024
430 -16.852425 5.665135 4.313187 225.285575 13413.579024
430 18.186017 -5.885019 7.469838 278.748719 40231.892783
430 -18.186017 5.885019 7.469838 278.748719 40231.892783
430 19.032018 -6.020347 12.932970 171.563955 120599.253065
430 -19.032018 6.020347 12.932970 171.563955 120599.253065
430 6.549484 -3.531691 5.828760 69.742210 24496.298668
430 -6.549484 3.531691 5.828760 69.742210 24496.298668
431 22.708757 -6.576211 2.942724 201.598843 6243.771899
431 -22.708757 6.576211 2.942724 201.598843 6243.771899
431 4.624530 -2.967651 17.833704 126.062837 229314.316774
431 -4.624530 2.967651 17.833704 126.062837 229314.316774
431 5.894965 -3.350578 3.894043 120.311571 10933.256943
431 -5.894965 3.350578 3.894043 120.311571 10933.256943
431 29.347902 -7.475971 3.594945 286.212100 9318.211327
431 -29.347902 7.475971 3.594945 286.212100 9318.211327
431 15.001886 -5.345053 6.304202 217.105599 28655.523599
431 -15.001886 5.345053 6.304202 217.105599 28655.523599
431 14.181878 -5.196919 26.521526 128.751807 507160.099926
431 -14.181878 5.196919 26.521526 128.751807 507160.099926
431 22.233169 -6.506984 4.746419 151.588482 16243.521858
431 -22.233169 6.506984 4.746419 151.588482 16243.521858
431 -1.485691 -1.682067 5.422645 44.207001 21201.685226
431 1.485691 1.682067 5.422645 44.207001 21201.685226
431 16.054219 -5.529345 6.509526 30.149584 30552.501623
431 -16.054219 5.529345 6.509526 30.149584 30552.501623
431 13.846596 -5.135120 3.765399 1.215095 10222.802406
431 -13.846596 5.135120 3.765399 1.215095 10222.802406
431 12.478309 -4.874802 4.476584 183.934519 14449.126721
431 -12.478309 4.874802 4.476584 183.934519 14449.126721
431 11.408425 -4.661138 6.223499 183.653033 27926.556196
431 -11.408425 4.661138 6.223499 183.653033 27926.556196
431 4.924836 -3.062492 3.371713 280.720975 8196.893566
431 -4.924836 3.062492 3.371713 280.720975 8196.893566
431 13.881579 -5.141603 7.866145 315.036835 44614.087576
431 -13.881579 5.141603 7.866145 315.036835 44614.087576
431 24.402868 -6.817098 3.781411 188.581773 10309.931356
431 -24.402868 6.817098 3.781411 188.581773 10309.931356
431 9.915296 -4.345422 2.341378 172.695441 3952.675579
431 -9.915296 4.345422 2.341378 172.695441 3952.675579
432 8.797674 -4.093200 9.697596 71.733032 67807.261428
432 -8.797674 4.093200 9.697596 71.733032 67807.261428
432 26.918076 -7.159803 4.787241 244.128420 16524.129623
432 -26.918076 7.159803 4.787241 244.128420 16524.129623
432 14.506152 -5.255998 7.457106 233.585724 40094.857252
432 -14.506152 5.255998 7.457106 233.585724 40094.857252
432 8.666575 -4.062588 5.686730 6.150945 23317.032291
432 -8.666575 4.062588 5.686730 6.150945 23317.032291
432 14.924185 -5.331193 5.733191 28.215484 23699.595866
432 -14.924185 5.331193 5.733191 28.215484 23699.595866
432 19.631904 -6.114491 5.697783 309.398523 23407.764397
432 -19.631904 6.114491 5.697783 309.398523 23407.764397
432 6.489476 -3.515474 4.711179 237.925576 16003.218090
432 -6.489476 3.515474 4.711179 237.925576 16003.218090
432 16.666362 -5.633775 1.191916 139.493555 1024.328938
432 -16.666362 5.633775 1.191916 139.493555 1024.328938
432 19.496606 -6.093385 3.725203 196.309303 10005.709201
432 -19.496606 6.093385 3.725203 196.309303 10005.709201
432 18.721898 -5.971096 4.298373 354.697063 13321.596185
432 -18.721898 5.971096 4.298373 354.697063 13321.596185
432 8.072231 -3.920811 5.243308 144.757672 19822.519544
432 -8.072231 3.920811 5.243308 144.757672 19822.519544
432 18.114629 -5.873457 11.102242 329.325914 88872.922806
432 -18.114629 5.873457 11.102242 329.325914 88872.922806
432 3.689411 -2.650682 7.360181 53.769132 39059.356125
432 -3.689411 2.650682 7.360181 53.769132 39059.356125
432 14.854768 -5.318780 12.759075 249.128637 117377.927214
432 -14.854768 5.318780 12.759075 249.128637 117377.927214
432 24.055832 -6.768451 8.803781 321.747652 55883.874777
432 -24.055832 6.768451 8.803781 321.747652 55883.874777
432 8.945344 -4.127410 6.559428 17.244338 31022.727745
432 -8.945344 4.127410 6.559428 17.244338 31022.727745
432 0.854451 -1.275624 8.419516 190.844930 51111.940102
432 -0.854451 1.275624 8.419516 190.844930 51111.940102
433 19.227027 -6.051111 4.184029 51.755115 12622.267321
433 -19.227027 6.051111 4.184029 51.755115 12622.267321
433 16.661386 -5.632934 4.397318 221.623658 13941.961460
433 -16.661386 5.632934 4.397318 221.623658 13941.961460
433 13.775155 -5.121856 20.924080 222.824327 315675.468685
433 -13.775155 5.121856 20.924080 222.824327 315675.468685
433 15.007376 -5.346031 4.033617 329.080933 11731.061045
433 -15.007376 5.346031 4.033617 329.080933 11731.061045
433 10.021626 -4.368659 3.843943 286.347906 10653.735667
433 -10.021626 4.368659 3.843943 286.347906 10653.735667
433 15.625028 -5.454934 4.287377 354.638177 13253.527772
433 -15.625028 5.454934 4.287377 354.638177 13253.527772
433 18.204047 -5.887936 5.603595 125.026471 22640.265266
433 -18.204047 5.887936 5.603595 125.026471 22640.265266
433 14.700632 -5.291114 12.635962 115.463139 115123.684589
433 -14.700632 5.291114 12.635962 115.463139 115123.684589
433 25.178393 -6.924574 9.563903 125.493108 65950.545064
433 -25.178393 6.924574 9.563903 125.493108 65950.545064
433 9.117886 -4.167025 2.462704 83.100845 4372.930893
433 -9.117886 4.167025 2.462704 83.100845 4372.930893
433 19.980346 -6.168514 7.973966 214.968963 45845.515292
433 -19.980346 6.168514 7.973966 214.968963 45845.515292
433 24.466426 -6.825970 4.938758 241.942020 17586.668775
433 -24.466426 6.825970 4.938758 241.942020 17586.668775
433 20.679199 -6.275465 12.387310 205.374241 110637.431632
433 -20.679199 6.275465 12.387310 205.374241 110637.431632
433 14.257622 -5.210779 8.746515 21.416139 55159.219927
433 -14.257622 5.210779 8.746515 21.416139 55159.219927
433 10.064781 -4.378055 4.741360 250.768230 16208.913853
433 -10.064781 4.378055 4.741360 250.768230 16208.913853
433 22.119475 -6.490326 8.049492 189.458875 46718.089028
433 -22.119475 6.490326 8.049492 189.458875 46718.089028
433 16.804587 -5.657089 4.087502 61.096913 12046.585489
433 -16.804587 5.657089 4.087502 61.096913 12046.585489
434 16.632577 -5.628062 8.950593 93.917249 57763.253925
434 -16.632577 5.628062 8.950593 93.917249 57763.253925
434 7.744440 -3.840379 2.368076 95.699580 4043.331667
434 -7.744440 3.840379 2.368076 95.699580 4043.331667
434 8.700345 -4.070496 4.442997 317.249197 14233.122596
434 -8.700345 4.070496 4.442997 317.249197 14233.122596
434 11.305065 -4.639975 1.550521 237.921528 1733.417408
434 -11.305065 4.639975 1.550521 237.921528 1733.417408
434 23.497760 -6.689479 2.756703 62.335207 5479.338341
434 -23.497760 6.689479 2.756703 62.335207 5479.338341
434 19.208098 -6.048132 10.506704 59.791014 79594.137437
434 -19.208098 6.048132 10.506704 59.791014 79594.137437
434 2.743170 -2.285627 6.911148 196.499117 34438.835066
434 -2.743170 2.285627 6.911148 196.499117 34438.835066
434 17.141651 -5.713542 1.794347 202.203979 2321.458887
434 -17.141651 5.713542 1.794347 202.203979 2321.458887
434 13.610327 -5.091120 8.483429 47.274011 51890.864262
434 -13.610327 5.091120 8.483429 47.274011 51890.864262
434 5.134254 -3.126927 1.743363 329.444560 2191.411532
434 -5.134254 3.126927 1.743363 329.444560 2191.411532
434 12.547928 -4.888381 8.127906 326.470570 47632.726351
434 -12.547928 4.888381 8.127906 326.470570 47632.726351
434 8.440465 -4.009242 6.486157 10.061636 30333.528394
434 -8.440465 4.009242 6.486157 10.061636 30333.528394
434 6.154295 -3.423484 5.796825 102.901917 24228.604859
434 -6.154295 3.423484 5.796825 102.901917 24228.604859
434 13.163109 -5.006778 9.050217 211.098034 59056.278987
434 -13.163109 5.006778 9.050217 211.098034 59056.278987
434 21.853882 -6.451243 6.876727 20.884526 34096.643193
434 -21.853882 6.451243 6.876727 20.884526 34096.643193
434 6.771924 -3.591163 4.250826 71.508298 13028.511335
434 -6.771924 3.591163 4.250826 71.508298 13028.511335
434 13.757567 -5.118585 2.609136 133.561883 4908.415755
434 -13.757567 5.118585 2.609136 133.561883 4908.415755
435 7.607965 -3.806390 22.106512 353.153918 352361.561165
435 -7.607965 3.806390 22.106512 353.153918 352361.561165
435 6.514302 -3.522192 8.632649 41.509975 53732.396982
435 -6.514302 3.522192 8.632649 41.509975 53732.396982
435 14.997995 -5.344360 2.999690 302.591761 6487.848676
435 -14.997995 5.344360 2.999690 302.591761 6487.848676
435 16.538416 -5.612108 22.456706 283.957006 363613.636995
435 -16.538416 5.612108 22.456706 283.957006 363613.636995
435 15.952716 -5.511837 8.654049 257.833920 53999.137429
435 -15.952716 5.511837 8.654049 257.833920 53999.137429
435 11.250490 -4.628761 4.933861 272.914988 17551.810364
435 -11.250490 4.628761 4.933861 272.914988 17551.810364
435 16.216174 -5.557165 5.980971 320.726192 25792.385811
435 -16.216174 5.557165 5.980971 320.726192 25792.385811
435 14.663778 -5.284477 14.279496 233.659399 147019.115839
435 -14.663778 5.284477 14.279496 233.659399 147019.115839
435 5.505653 -3.238050 6.744356 185.402910 32796.617666
435 -5.505653 3.238050 6.744356 185.402910 32796.617666
435 17.825172 -5.826342 10.385794 9.188101 77772.756990
435 -17.825172 5.826342 10.385794 9.188101 77772.756990
435 15.582237 -5.447459 8.462352 139.523786 51633.339406
435 -15.582237 5.447459 8.462352 139.523786 51633.339406
435 12.670842 -4.912265 4.275110 0.346767 13177.789341
435 -12.670842 4.912265 4.275110 0.346767 13177.789341
435 11.398294 -4.659068 5.469156 183.594411 21566.944729
435 -11.398294 4.659068 5.469156 183.594411 21566.944729
435 26.215707 -7.065776 17.549145 325.535814 222054.721427
435 -26.215707 7.065776 17.549145 325.535814 222054.721427
435 11.790589 -4.738565 12.734685 21.517255 116929.601741
435 -11.790589 4.738565 12.734685 21.517255 116929.601741
435 4.723841 -2.999347 11.393222 12.329225 93592.534058
435 -4.723841 2.999347 11.393222 12.329225 93592.534058
435 14.875539 -5.322497 15.959311 113.409194 183643.825916
435 -14.875539 5.322497 15.959311 113.409194 183643.825916
436 24.604046 -6.845140 13.039795 135.587601 122599.759082
436 -24.604046 6.845140 13.039795 135.587601 122599.759082
436 12.114455 -4.803204 19.905894 343.982528 285700.804496
436 -12.114455 4.803204 19.905894 343.982528 285700.804496
436 3.641657 -2.633471 4.902931 93.707026 17332.436202
436 -3.641657 2.633471 4.902931 93.707026 17332.436202
436 14.199743 -5.200191 4.019706 263.753373 11650.285375
436 -14.199743 5.200191 4.019706 263.753373 11650.285375
436 9.622080 -4.280688 5.281940 309.902343 20115.691141
436 -9.622080 4.280688 5.281940 309.902343 20115.691141
436 6.783948 -3.594350 7.013980 352.198627 35471.305917
436 -6.783948 3.594350 7.013980 352.198627 35471.305917
436 15.117219 -5.365560 4.184585 161.256111 12625.624291
436 -15.117219 5.365560 4.184585 161.256111 12625.624291
436 14.272766 -5.213545 3.616839 65.524369 9432.059171
436 -14.272766 5.213545 3.616839 65.524369 9432.059171
436 26.588240 -7.115802 3.278794 188.643389 7751.332225
436 -26.588240 7.115802 3.278794 188.643389 7751.332225
436 26.497536 -7.103655 2.989291 109.641154 6442.944457
436 -26.497536 7.103655 2.989291 109.641154 6442.944457
436 18.217270 -5.890074 6.717523 3.335324 32536.169841
436 -18.217270 5.890074 6.717523 3.335324 32536.169841
436 15.748926 -5.476519 5.560483 166.212951 22293.238190
436 -15.748926 5.476519 5.560483 166.212951 22293.238190
436 9.573711 -4.269915 7.639338 63.773826 42078.433114
436 -9.573711 4.269915 7.639338 63.773826 42078.433114
436 5.589114 -3.262500 14.223056 324.383416 145859.220348
436 -5.589114 3.262500 14.223056 324.383416 145859.220348
436 13.434789 -5.058183 5.859996 337.082202 24759.551454
436 -13.434789 5.058183 5.859996 337.082202 24759.551454
436 10.978257 -4.572416 4.721856 65.500534 16075.836481
436 -10.978257 4.572416 4.721856 65.500534 16075.836481
436 9.431435 -4.238069 6.805340 297.638416 33392.408290
436 -9.431435 4.238069 6.805340 297.638416 33392.408290
437 -1.086675 -1.438563 15.069654 300.067070 163739.946247
437 1.086675 1.438563 15.069654 300.067070 163739.946247
437 10.320614 -4.433348 2.592595 6.616175 4846.378501
437 -10.320614 4.433348 2.592595 6.616175 4846.378501
437 11.612573 -4.702657 7.823548 162.286167 44132.199469
437 -11.612573 4.702657 7.823548 162.286167 44132.199469
437 17.764948 -5.816491 6.620432 325.577049 31602.449104
437 -17.764948 5.816491 6.620432 325.577049 31602.449104
437 25.418933 -6.957573 6.135268 268.985849 27140.334716
437 -25.418933 6.957573 6.135268 268.985849 27140.334716
437 21.423612 -6.387419 11.337553 210.212663 92680.151922
437 -21.423612 6.387419 11.337553 210.212663 92680.151922
437 6.262478 -3.453442 7.314185 102.709837 38572.695905
437 -6.262478 3.453442 7.314185 102.709837 38572.695905
437 9.754905 -4.310132 9.051977 264.041875 59079.244024
437 -9.754905 4.310132 9.051977 264.041875 59079.244024
437 11.677246 -4.715734 3.769384 66.041389 10244.454592
437 -11.677246 4.715734 3.769384 66.041389 10244.454592
437 11.640848 -4.708379 3.268920 324.396842 7704.718134
437 -11.640848 4.708379 3.268920 324.396842 7704.718134
437 19.706432 -6.126086 8.614706 327.367361 53509.261158
437 -19.706432 6.126086 8.614706 327.367361 53509.261158
437 1.895704 -1.900047 7.291224 176.458792 38330.898374
437 -1.895704 1.900047 7.291224 176.458792 38330.898374
437 12.419444 -4.863290 24.842427 342.387216 444975.513783
437 -12.419444 4.863290 24.842427 342.387216 444975.513783
437 19.724244 -6.128854 2.928309 13.924293 6182.754092
437 -19.724244 6.128854 2.928309 13.924293 6182.754092
437 12.235952 -4.827230 5.243262 106.978804 19822.172895
437 -12.235952 4.827230 5.243262 106.978804 19822.172895
437 16.290941 -5.569961 5.452701 306.590998 21437.364354
437 -16.290941 5.569961 5.452701 306.590998 21437.364354
437 17.382002 -5.753458 5.741140 339.449065 23765.358579
437 -17.382002 5.753458 5.741140 339.449065 23765.358579
438 19.850551 -6.148446 8.942987 99.074775 57665.125789
438 -19.850551 6.148446 8.942987 99.074775 57665.125789
438 16.068389 -5.531785 6.419174 39.760699 29710.255689
438 -16.068389 5.531785 6.419174 39.760699 29710.255689
438 18.932796 -6.004633 4.465391 281.138606 14376.960557
438 -18.932796 6.004633 4.465391 281.138606 14376.960557
438 25.815365 -7.011618 2.175220 351.765807 3411.572005
438 -25.815365 7.011618 2.175220 351.765807 3411.572005
438 7.750019 -3.841762 5.932337 218.527394 25374.630829
438 -7.750019 3.841762 5.932337 218.527394 25374.630829
438 14.515864 -5.257757 3.331654 84.468868 8003.277421
438 -14.515864 5.257757 3.331654 84.468868 8003.277421
438 16.294169 -5.570513 6.663679 15.504078 32016.675153
438 -16.294169 5.570513 6.663679 15.504078 32016.675153
438 22.506583 -6.546872 4.751861 81.819648 16280.788891
438 -22.506583 6.546872 4.751861 81.819648 16280.788891
438 28.090374 -7.314049 6.286744 232.981480 28497.030874
438 -28.090374 7.314049 6.286744 232.981480 28497.030874
438 14.451837 -5.246149 5.418192 175.954883 21166.882399
438 -14.451837 5.246149 5.418192 175.954883 21166.882399
438 13.920928 -5.148885 4.345381 86.793527 13614.567442
438 -13.920928 5.148885 4.345381 86.793527 13614.567442
438 12.115803 -4.803471 7.185470 9.587427 37227.033936
438 -12.115803 4.803471 7.185470 9.587427 37227.033936
438 14.215425 -5.203062 5.033008 7.175997 18264.311075
438 -14.215425 5.203062 5.033008 7.175997 18264.311075
438 22.557215 -6.554232 8.337958 320.246697 50126.507186
438 -22.557215 6.554232 8.337958 320.246697 50126.507186
438 11.081873 -4.593944 5.973333 291.888198 25726.551764
438 -11.081873 4.593944 5.973333 291.888198 25726.551764
438 8.054616 -3.916530 9.185877 67.748845 60840.011088
438 -8.054616 3.916530 9.185877 67.748845 60840.011088
438 19.958620 -6.165160 6.525887 216.873505 30706.281942
438 -19.958620 6.165160 6.525887 216.873505 30706.281942
438 11.495752 -4.678943 14.720434 145.508135 156238.938193
438 -11.495752 4.678943 14.720434 145.508135 156238.938193
439 13.632031 -5.095178 5.893243 127.041607 25041.297518
439 -13.632031 5.095178 5.893243 127.041607 25041.297518
439 12.142703 -4.808801 5.191243 104.628256 19430.805219
439 -12.142703 4.808801 5.191243 104.628256 19430.805219
439 8.494971 -4.022166 1.574215 92.364881 1786.800572
439 -8.494971 4.022166 1.574215 92.364881 1786.800572
439 23.034520 -6.623212 9.410123 195.623279 63846.733825
439 -23.034520 6.623212 9.410123 195.623279 63846.733825
439 6.157204 -3.424293 12.534321 45.665449 113279.067687
439 -6.157204 3.424293 12.534321 45.665449 113279.067687
439 21.388089 -6.382122 8.083943 245.552288 47118.841739
439 -21.388089 6.382122 8.083943 245.552288 47118.841739
439 10.417042 -4.454011 9.030246 240.210827 58795.929201
439 -10.417042 4.454011 9.030246 240.210827 58795.929201
439 17.516113 -5.775611 6.126862 254.546762 27066.011863
439 -17.516113 5.775611 6.126862 254.546762 27066.011863
439 7.444458 -3.765266 4.760697 208.714472 16341.399072
439 -7.444458 3.765266 4.760697 208.714472 16341.399072
439 14.727762 -5.295994 8.801562 138.396694 55855.710640
439 -14.727762 5.295994 8.801562 138.396694 55855.710640
439 9.818605 -4.324182 3.585994 237.575404 9271.869314
439 -9.818605 4.324182 3.585994 237.575404 9271.869314
439 20.762458 -6.288086 3.710766 268.307111 9928.308494
439 -20.762458 6.288086 3.710766 268.307111 9928.308494
439 12.232841 -4.826616 2.288592 342.174627 3776.460486
439 -12.232841 4.826616 2.288592 342.174627 3776.460486
439 19.535909 -6.099523 8.176521 329.002652 48204.235813
439 -19.535909 6.099523 8.176521 329.002652 48204.235813
439 17.119681 -5.709879 9.952300 349.942616 71415.907455
439 -17.119681 5.709879 9.952300 349.942616 71415.907455
439 19.325823 -6.066638 3.187160 148.703626 7324.124026
439 -19.325823 6.066638 3.187160 148.703626 7324.124026
439 19.798569 -6.140390 4.346590 232.292859 13622.141626
439 -19.798569 6.140390 4.346590 232.292859 13622.141626
439 15.968910 -5.514634 11.029299 79.706326 87708.949526
439 -15.968910 5.514634 11.029299 79.706326 87708.949526
440 28.588383 -7.378599 1.564535 135.626449 1764.893682
440 -28.588383 7.378599 1.564535 135.626449 1764.893682
440 15.683454 -5.465123 6.767013 41.790791 33017.344615
440 -15.683454 5.465123 6.767013 41.790791 33017.344615
440 7.422506 -3.759710 2.468599 57.071142 4393.888515
440 -7.422506 3.759710 2.468599 57.071142 4393.888515
440 9.059690 -4.153706 10.618015 349.083145 81289.560998
440 -9.059690 4.153706 10.618015 349.083145 81289.560998
440 8.935333 -4.125100 6.075058 120.718850 26610.245213
440 -8.935333 4.125100 6.075058 120.718850 26610.245213
440 13.093460 -4.993514 4.451498 176.040189 14287.636431
440 -13.093460 4.993514 4.451498 176.040189 14287.636431
440 14.151573 -5.191364 8.009935 208.999563 46260.042972
440 -14.151573 5.191364 8.009935 208.999563 46260.042972
440 16.402564 -5.589011 11.633683 331.322503 97584.883808
440 -16.402564 5.589011 11.633683 331.322503 97584.883808
440 26.004304 -7.037229 11.677734 172.938219 98325.286019
440 -26.004304 7.037229 11.677734 172.938219 98325.286019
440 13.116791 -4.997961 7.467765 90.679593 40209.567863
440 -13.116791 4.997961 7.467765 90.679593 40209.567863
440 15.048297 -5.353314 15.489620 238.112834 172993.426412
440 -15.048297 5.353314 15.489620 238.112834 172993.426412
440 21.321051 -6.372112 3.963931 26.125244 11329.228716
440 -21.321051 6.372112 3.963931 26.125244 11329.228716
440 3.791685 -2.687171 9.128099 11.705899 60077.067965
440 -3.791685 2.687171 9.128099 11.705899 60077.067965
440 5.107640 -3.118812 11.433486 300.896111 94255.216510
440 -5.107640 3.118812 11.433486 300.896111 94255.216510
440 15.613675 -5.452952 7.152293 246.266853 36884.056972
440 -15.613675 5.452952 7.152293 246.266853 36884.056972
440 25.838301 -7.014732 16.979802 99.600787 207880.292947
440 -25.838301 7.014732 16.979802 99.600787 207880.292947
440 9.009225 -4.142121 21.627743 72.408984 337264.375646
440 -9.009225 4.142121 21.627743 72.408984 337264.375646
440 21.799582 -6.443223 13.566304 356.513298 132700.078031
440 -21.799582 6.443223 13.566304 356.513298 132700.078031
441 15.491599 -5.431593 3.499579 191.872836 8830.388211
441 -15.491599 5.431593 3.499579 191.872836 8830.388211
441 22.026246 -6.476634 3.593350 261.297513 9309.946625
441 -22.026246 6.476634 3.593350 261.297513 9309.946625
441 8.473558 -4.017094 3.215796 0.393039 7456.327124
441 -8.473558 4.017094 3.215796 0.393039 7456.327124
441 9.935343 -4.349812 6.911477 139.329507 34442.114072
441 -9.935343 4.349812 6.911477 139.329507 34442.114072
441 8.488395 -4.020609 6.363956 251.367747 29201.313268
441 -8.488395 4.020609 6.363956 251.367747 29201.313268
441 18.066118 -5.865587 2.576745 187.512009 4787.302073
441 -18.066118 5.865587 2.576745 187.512009 4787.302073
441 20.038391 -6.177468 10.400999 16.275270 78000.637546
441 -20.038391 6.177468 10.400999 16.275270 78000.637546
441 15.886302 -5.500352 7.885968 134.999555 44839.226593
441 -15.886302 5.500352 7.885968 134.999555 44839.226593
441 18.177518 -5.883644 4.860226 212.018641 17031.818882
441 -18.177518 5.883644 4.860226 212.018641 17031.818882
441 11.761502 -4.732716 5.392538 340.164365 20966.913861
441 -11.761502 4.732716 5.392538 340.164365 20966.913861
441 21.301752 -6.369227 3.401441 116.581299 8342.071281
441 -21.301752 6.369227 3.401441 116.581299 8342.071281
441 21.608865 -6.414976 18.270634 17.752794 240688.494802
441 -21.608865 6.414976 18.270634 17.752794 240688.494802
441 6.232826 -3.445257 3.099176 309.352002 6925.329715
441 -6.232826 3.445257 3.099176 309.352002 6925.329715
441 15.858983 -5.495621 7.173919 339.658371 37107.436689
441 -15.858983 5.495621 7.173919 339.658371 37107.436689
441 11.129814 -4.603870 9.830574 323.163949 69679.629083
441 -11.129814 4.603870 9.830574 323.163949 69679.629083
441 8.369458 -3.992342 9.717191 68.503168 68081.567013
441 -8.369458 3.992342 9.717191 68.503168 68081.567013
441 11.810630 -4.742590 5.715666 221.357323 23554.923049
441 -11.810630 4.742590 5.715666 221.357323 23554.923049
441 9.081557 -4.158716 4.355011 38.051790 13674.977034
441 -9.081557 4.158716 4.355011 38.051790 13674.977034
442 11.569184 -4.693864 6.062333 259.914942 26498.891063
442 -11.569184 4.693864 6.062333 259.914942 26498.891063
442 19.480622 -6.090886 6.315262 356.382465 28756.159299
442 -19.480622 6.090886 6.315262 356.382465 28756.159299
442 14.485904 -5.252329 6.112467 279.872635 26938.983078
442 -14.485904 5.252329 6.112467 279.872635 26938.983078
442 17.570912 -5.784639 4.644370 78.055916 15552.552867
442 -17.570912 5.784639 4.644370 78.055916 15552.552867
442 24.136092 -6.779733 9.896742 130.615572 70620.794735
442 -24.136092 6.779733 9.896742 130.615572 70620.794735
442 5.364734 -3.196341 9.161172 119.105727 60513.198858
442 -5.364734 3.196341 9.161172 119.105727 60513.198858
442 15.140501 -5.369690 2.026527 179.169012 2961.098907
442 -15.140501 5.369690 2.026527 179.169012 2961.098907
442 11.692942 -4.718902 11.970719 224.187778 103320.989187
442 -11.692942 4.718902 11.970719 224.187778 103320.989187
442 7.167699 -3.694613 8.052045 55.647011 46747.725087
442 -7.167699 3.694613 8.052045 55.647011 46747.725087
442 9.300381 -4.208520 2.569999 55.318214 4762.271303
442 -9.300381 4.208520 2.569999 55.318214 4762.271303
442 17.546057 -5.780546 4.182316 2.247141 12611.935821
442 -17.546057 5.780546 4.182316 2.247141 12611.935821
442 21.619654 -6.416578 9.247142 246.787364 61654.263474
442 -21.619654 6.416578 9.247142 246.787364 61654.263474
442 21.245407 -6.360798 5.555878 219.618267 22256.327467
442 -21.245407 6.360798 5.555878 219.618267 22256.327467
442 19.394739 -6.077445 14.422682 104.022246 149982.338782
442 -19.394739 6.077445 14.422682 104.022246 149982.338782
442 16.814067 -5.658684 1.982619 122.485922 2834.174414
442 -16.814067 5.658684 1.982619 122.485922 2834.174414
442 11.107471 -4.599246 11.902898 323.424302 102153.556971
442 -11.107471 4.599246 11.902898 323.424302 102153.556971
442 15.283506 -5.394989 9.747498 275.476127 68506.907610
442 -15.283506 5.394989 9.747498 275.476127 68506.907610
442 5.668926 -3.285712 4.235346 93.447226 12933.791121
442 -5.668926 3.285712 4.235346 93.447226 12933.791121
443 12.652407 -4.908691 7.855603 290.385698 44494.577279
443 -12.652407 4.908691 7.855603 290.385698 44494.577279
443 23.670175 -6.713977 15.327939 275.986800 169400.858560
443 -23.670175 6.713977 15.327939 275.986800 169400.858560
443 14.706120 -5.292101 6.507489 145.363466 30533.381144
443 -14.706120 5.292101 6.507489 145.363466 30533.381144
443 11.193610 -4.617046 6.037027 109.178958 26278.118657
443 -11.193610 4.617046 6.037027 109.178958 26278.118657
443 12.100000 -4.800338 5.110963 287.652085 18834.478511
443 -12.100000 4.800338 5.110963 287.652085 18834.478511
443 11.171406 -4.612464 8.076632 266.906310 47033.653284
443 -11.171406 4.612464 8.076632 266.906310 47033.653284
443 7.449367 -3.766507 2.804768 86.231195 5672.075094
443 -7.449367 3.766507 2.804768 86.231195 5672.075094
443 6.131078 -3.417020 5.934782 26.604429 25395.547709
443 -6.131078 3.417020 5.934782 26.604429 25395.547709
443 3.915857 -2.730816 9.248217 174.221364 61668.603525
443 -3.915857 2.730816 9.248217 174.221364 61668.603525
443 11.608334 -4.701799 7.168426 220.695867 37050.639998
443 -11.608334 4.701799 7.168426 220.695867 37050.639998
443 18.946203 -6.006759 5.356207 287.474549 20685.345316
443 -18.946203 6.006759 5.356207 287.474549 20685.345316
443 14.985760 -5.342179 9.206750 252.434103 61116.816981
443 -14.985760 5.342179 9.206750 252.434103 61116.816981
443 18.647413 -5.959206 2.081752 146.880771 3124.682367
443 -18.647413 5.959206 2.081752 146.880771 3124.682367
443 11.115223 -4.600851 6.271549 44.946343 28359.447018
443 -11.115223 4.600851 6.271549 44.946343 28359.447018
443 8.357596 -3.989512 5.191937 323.313469 19435.998487
443 -8.357596 3.989512 5.191937 323.313469 19435.998487
443 5.692600 -3.292566 6.006072 135.545391 26009.326903
443 -5.692600 3.292566 6.006072 135.545391 26009.326903
443 9.909168 -4.344079 4.990836 338.109453 17959.517051
443 -9.909168 4.344079 4.990836 338.109453 17959.517051
443 18.533854 -5.941033 5.330878 60.326361 20490.168364
443 -18.533854 5.941033 5.330878 60.326361 20490.168364
444 11.435461 -4.666658 9.728173 148.321205 68235.539460
444 -11.435461 4.666658 9.728173 148.321205 68235.539460
444 8.518736 -4.027789 4.845367 163.210973 16927.836087
444 -8.518736 4.027789 4.845367 163.210973 16927.836087
444 10.235214 -4.414968 15.742697 247.411340 178692.500267
444 -10.235214 4.414968 15.742697 247.411340 178692.500267
444 19.992040 -6.170319 6.051880 187.666080 26407.581214
444 -19.992040 6.170319 6.051880 187.666080 26407.581214
444 16.390846 -5.587014 6.266056 132.961954 28309.786201
444 -16.390846 5.587014 6.266056 132.961954 28309.786201
444 9.538572 -4.262072 6.563567 116.699020 31061.890625
444 -9.538572 4.262072 6.563567 116.699020 31061.890625
444 14.983381 -5.341755 5.363909 45.132390 20744.874766
444 -14.983381 5.341755 5.363909 45.132390 20744.874766
444 14.913413 -5.329269 5.218483 191.533812 19635.257975
444 -14.913413 5.329269 5.218483 191.533812 19635.257975
444 10.244278 -4.416922 14.392834 224.658745 149362.201946
444 -10.244278 4.416922 14.392834 224.658745 149362.201946
444 22.185372 -6.499986 5.182420 237.617671 19364.808842
444 -22.185372 6.499986 5.182420 237.617671 19364.808842
444 18.278216 -5.899918 6.650137 249.549697 31886.673850
444 -18.278216 5.899918 6.650137 249.549697 31886.673850
444 2.266738 -2.077685 4.024345 163.010930 11677.194709
444 -2.266738 2.077685 4.024345 163.010930 11677.194709
444 23.580984 -6.701315 8.671841 140.747135 54221.389088
444 -23.580984 6.701315 8.671841 140.747135 54221.389088
444 11.208340 -4.620083 9.292668 231.621966 62262.838388
444 -11.208340 4.620083 9.292668 231.621966 62262.838388
444 27.228880 -7.201019 6.861365 275.721968 33944.472692
444 -27.228880 7.201019 6.861365 275.721968 33944.472692
444 21.867957 -6.453320 7.975221 341.950270 45859.942842
444 -21.867957 6.453320 7.975221 341.950270 45859.942842
444 9.513737 -4.256520 5.308269 309.723294 20316.733927
444 -9.513737 4.256520 5.308269 309.723294 20316.733927
444 8.058650 -3.917511 7.355488 225.550393 39009.556088
444 -8.058650 3.917511 7.355488 225.550393 39009.556088
445 12.359716 -4.851582 8.504959 47.924955 52154.589422
445 -12.359716 4.851582 8.504959 47.924955 52154.589422
445 13.776764 -5.122155 3.494898 342.660350 8806.777340
445 -13.776764 5.122155 3.494898 342.660350 8806.777340
445 19.868779 -6.151268 2.750754 62.031474 5455.714865
445 -19.868779 6.151268 2.750754 62.031474 5455.714865
445 7.383259 -3.749757 3.241941 109.784877 7578.066196
445 -7.383259 3.749757 3.241941 109.784877 7578.066196
445 3.457167 -2.565897 4.429958 333.437106 14149.700827
445 -3.457167 2.565897 4.429958 333.437106 14149.700827
445 26.172631 -7.059969 3.474543 78.733680 8704.494349
445 -26.172631 7.059969 3.474543 78.733680 8704.494349
445 12.296981 -4.839253 9.118346 165.623632 59948.755510
445 -12.296981 4.839253 9.118346 165.623632 59948.755510
445 6.672473 -3.564696 10.904263 276.391583 85731.556188
445 -6.672473 3.564696 10.904263 276.391583 85731.556188
445 18.124244 -5.875016 11.094138 167.916902 88743.221618
445 -18.124244 5.875016 11.094138 167.916902 88743.221618
445 17.858186 -5.831735 16.091709 317.574070 186703.486781
445 -17.858186 5.831735 16.091709 317.574070 186703.486781
445 23.040530 -6.624076 3.137814 11.718126 7099.086882
445 -23.040530 6.624076 3.137814 11.718126 7099.086882
445 10.338623 -4.437215 3.098708 298.486703 6923.237994
445 -10.338623 4.437215 3.098708 298.486703 6923.237994
445 20.122523 -6.190423 2.518929 255.491432 4574.881552
445 -20.122523 6.190423 2.518929 255.491432 4574.881552
445 12.593373 -4.897226 4.782387 61.050392 16490.642470
445 -12.593373 4.897226 4.782387 61.050392 16490.642470
445 16.382941 -5.585667 7.631819 243.549406 41995.644364
445 -16.382941 5.585667 7.631819 243.549406 41995.644364
445 16.505056 -5.606445 22.422715 102.319952 362513.749098
445 -16.505056 5.606445 22.422715 102.319952 362513.749098
445 18.590733 -5.950142 4.148222 12.297573 12407.148371
445 -18.590733 5.950142 4.148222 12.297573 12407.148371
445 8.846188 -4.104471 6.396894 339.715491 29504.372180
445 -8.846188 4.104471 6.396894 339.715491 29504.372180
446 16.567869 -5.617103 6.142136 153.697671 27201.128433
446 -16.567869 5.617103 6.142136 153.697671 27201.128433
446 13.578278 -5.085123 9.922574 89.410542 70989.936916
446 -13.578278 5.085123 9.922574 89.410542 70989.936916
446 9.293034 -4.206858 6.288005 183.251281 28508.467307
446 -9.293034 4.206858 6.288005 183.251281 28508.467307
446 19.284149 -6.060094 4.403690 51.545966 13982.392815
446 -19.284149 6.060094 4.403690 51.545966 13982.392815
446 20.728086 -6.282879 6.715304 252.243564 32514.678352
446 -20.728086 6.282879 6.715304 252.243564 32514.678352
446 2.672913 -2.256169 7.555602 277.071271 41161.026393
446 -2.672913 2.256169 7.555602 277.071271 41161.026393
446 3.773370 -2.680673 7.519208 80.978976 40765.458059
446 -3.773370 2.680673 7.519208 80.978976 40765.458059
446 22.736140 -6.580175 2.752725 223.347359 5463.536544
446 -22.736140 6.580175 2.752725 223.347359 5463.536544
446 6.382643 -3.486417 6.058120 156.564150 26462.069900
446 -6.382643 3.486417 6.058120 156.564150 26462.069900
446 11.746216 -4.729640 5.182653 224.139892 19366.552201
446 -11.746216 4.729640 5.182653 224.139892 19366.552201
446 6.387145 -3.487647 21.078756 214.851262 320359.816675
446 -6.387145 3.487647 21.078756 214.851262 320359.816675
446 19.053404 -6.023728 9.221220 247.570456 61309.079397
446 -19.053404 6.023728 9.221220 247.570456 61309.079397
446 11.911108 -4.762721 4.963464 162.393238 17763.061681
446 -11.911108 4.762721 4.963464 162.393238 17763.061681
446 10.671245 -4.508028 2.443439 359.234142 4304.781460
446 -10.671245 4.508028 2.443439 359.234142 4304.781460
446 10.737795 -4.522063 10.922822 179.515500 86023.633718
446 -10.737795 4.522063 10.922822 179.515500 86023.633718
446 7.821549 -3.859450 5.477186 270.492146 21630.322204
446 -7.821549 3.859450 5.477186 270.492146 21630.322204
446 4.445696 -2.909705 6.907764 98.593374 34405.123282
446 -4.445696 2.909705 6.907764 98.593374 34405.123282
446 16.320258 -5.574971 10.485527 32.012437 79273.606628
446 -16.320258 5.574971 10.485527 32.012437 79273.606628
447 12.909602 -4.958331 8.110891 103.239825 47433.507134
447 -12.909602 4.958331 8.110891 103.239825 47433.507134
447 14.420243 -5.240411 2.925087 308.640959 6169.153612
447 -14.420243 5.240411 2.925087 308.640959 6169.153612
447 1.696526 -1.797461 7.494707 318.313685 40500.216962
447 -1.696526 1.797461 7.494707 318.313685 40500.216962
447 10.353954 -4.440503 11.692168 128.825494 98568.509570
447 -10.353954 4.440503 11.692168 128.825494 98568.509570
447 22.211072 -6.503750 5.916872 186.591442 25242.499574
447 -22.211072 6.503750 5.916872 186.591442 25242.499574
447 7.173637 -3.696143 11.513351 219.701282 95576.601707
447 -7.173637 3.696143 11.513351 219.701282 95576.601707
447 7.878903 -3.873575 6.182858 95.704366 27563.007182
447 -7.878903 3.873575 6.182858 95.704366 27563.007182
447 12.708138 -4.919490 7.689568 339.752512 42633.599919
447 -12.708138 4.919490 7.689568 339.752512 42633.599919
447 10.051065 -4.375071 2.361177 219.785545 4019.806845
447 -10.051065 4.375071 2.361177 219.785545 4019.806845
447 13.812279 -5.128753 9.243957 139.219836 61611.802574
447 -13.812279 5.128753 9.243957 139.219836 61611.802574
447 11.228368 -4.624209 5.198255 258.131505 19483.332327
447 -11.228368 4.624209 5.198255 258.131505 19483.332327
447 10.520294 -4.476030 2.836410 316.250695 5800.776839
447 -10.520294 4.476030 2.836410 316.250695 5800.776839
447 8.793972 -4.092339 7.237693 256.654564 37770.126319
447 -8.793972 4.092339 7.237693 256.654564 37770.126319
447 9.306159 -4.209828 3.676446 217.172674 9745.506693
447 -9.306159 4.209828 3.676446 217.172674 9745.506693
447 19.615132 -6.111878 4.471051 351.786444 14413.430566
447 -19.615132 6.111878 4.471051 351.786444 14413.430566
447 11.770951 -4.734617 8.913312 162.646099 57283.074380
447 -11.770951 4.734617 8.913312 162.646099 57283.074380
447 16.313382 -5.573796 3.384126 337.251053 8257.357378
447 -16.313382 5.573796 3.384126 337.251053 8257.357378
448 1.180190 -1.499185 5.526086 246.345475 22018.278153
448 -1.180190 1.499185 5.526086 246.345475 22018.278153
448 7.884255 -3.874890 3.217261 109.879705 7463.122081
448 -7.884255 3.874890 3.217261 109.879705 7463.122081
448 20.263885 -6.212129 8.269400 265.145823 49305.574652
448 -20.263885 6.212129 8.269400 265.145823 49305.574652
448 16.088947 -5.535322 31.498783 327.025197 715378.055260
448 -16.088947 5.535322 31.498783 327.025197 715378.055260
448 17.599512 -5.789345 9.456910 278.461244 64483.203310
448 -17.599512 5.789345 9.456910 278.461244 64483.203310
448 15.625842 -5.455076 2.038290 151.389171 2995.572404
448 -15.625842 5.455076 2.038290 151.389171 2995.572404
448 8.950722 -4.128651 2.677085 242.160970 5167.402120
448 -8.950722 4.128651 2.677085 242.160970 5167.402120
448 16.086517 -5.534904 15.865444 3.572406 181489.925615
448 -16.086517 5.534904 15.865444 3.572406 181489.925615
448 13.223310 -5.018214 7.809984 344.395912 43979.306306
448 -13.223310 5.018214 7.809984 344.395912 43979.306306
448 13.221729 -5.017914 10.926484 203.259554 86081.318914
448 -13.221729 5.017914 10.926484 203.259554 86081.318914
448 17.783576 -5.819540 7.822395 151.479332 44119.188937
448 -17.783576 5.819540 7.822395 151.479332 44119.188937
448 2.356650 -2.118491 4.282044 289.262943 13220.572435
448 -2.356650 2.118491 4.282044 289.262943 13220.572435
448 5.489159 -3.233196 5.146579 14.567594 19097.889651
448 -5.489159 3.233196 5.146579 14.567594 19097.889651
448 -4.007248 -2.762500 4.846668 49.476362 16936.923710
448 4.007248 2.762500 4.846668 49.476362 16936.923710
448 7.606638 -3.806059 6.573531 250.501593 31156.271192
448 -7.606638 3.806059 6.573531 250.501593 31156.271192
448 7.238273 -3.712757 5.443474 100.701947 21364.875508
448 -7.238273 3.712757 5.443474 100.701947 21364.875508
448 13.512141 -5.072723 8.029373 258.186187 46484.837722
448 -13.512141 5.072723 8.029373 258.186187 46484.837722
449 9.090061 -4.160662 10.559045 9.395404 80389.136550
449 -9.090061 4.160662 10.559045 9.395404 80389.136550
449 11.074466 -4.592408 6.660568 170.304189 31986.781644
449 -11.074466 4.592408 6.660568 170.304189 31986.781644
449 19.304872 -6.063349 5.950048 141.731242 25526.363011
449 -19.304872 6.063349 5.950048 141.731242 25526.363011
449 17.732291 -5.811142 5.639122 307.620959 22928.258269
449 -17.732291 5.811142 5.639122 307.620959 22928.258269
449 24.157338 -6.782716 2.359050 292.308223 4012.567685
449 -24.157338 6.782716 2.359050 292.308223 4012.567685
449 4.785894 -3.018983 7.694363 169.729965 42686.781685
449 -4.785894 3.018983 7.694363 169.729965 42686.781685
449 9.861602 -4.333640 6.962816 16.690466 34955.692501
449 -9.861602 4.333640 6.962816 16.690466 34955.692501
449 14.135778 -5.188466 3.031620 82.048910 6626.703532
449 -14.135778 5.188466 3.031620 82.048910 6626.703532
449 16.734520 -5.645283 9.874204 227.780986 70299.507252
449 -16.734520 5.645283 9.874204 227.780986 70299.507252
449 6.866505 -3.616154 5.176070 4.176973 19317.388483
449 -6.866505 3.616154 5.176070 4.176973 19317.388483
449 4.383637 -2.889325 3.577167 54.648578 9226.279272
449 -4.383637 2.889325 3.577167 54.648578 9226.279272
449 4.489367 -2.923961 8.016703 328.327383 46338.258104
449 -4.489367 2.923961 8.016703 328.327383 46338.258104
449 15.705178 -5.468907 9.441669 226.352560 64275.521230
449 -15.705178 5.468907 9.441669 226.352560 64275.521230
449 9.378591 -4.226179 34.331184 172.369284 849817.419035
449 -9.378591 4.226179 34.331184 172.369284 849817.419035
449 16.093991 -5.536190 5.207058 241.729593 19549.378527
449 -16.093991 5.536190 5.207058 241.729593 19549.378527
449 16.921052 -5.676658 5.819888 9.655717 24421.782600
449 -16.921052 5.676658 5.819888 9.655717 24421.782600
449 1.895309 -1.899849 8.792710 200.121142 55743.417097
449 -1.895309 1.899849 8.792710 200.121142 55743.417097
450 11.200005 -4.618364 4.457797 263.108612 14328.103803
450 -11.200005 4.618364 4.457797 263.108612 14328.103803
450 5.649469 -3.280068 2.034258 297.800588 2983.734755
450 -5.649469 3.280068 2.034258 297.800588 2983.734755
450 14.314903 -5.221236 2.935552 129.713539 6213.376665
450 -14.314903 5.221236 2.935552 129.713539 6213.376665
450 5.937580 -3.362667 9.085740 272.761142 59520.784359
450 -5.937580 3.362667 9.085740 272.761142 59520.784359
450 2.460724 -2.164764 10.923640 276.490907 86036.516558
450 -2.460724 2.164764 10.923640 276.490907 86036.516558
450 15.101308 -5.362735 1.761125 18.573193 2236.291550
450 -15.101308 5.362735 1.761125 18.573193 2236.291550
450 -8.035590 -3.911902 18.167730 187.141504 237984.913435
450 8.035590 3.911902 18.167730 187.141504 237984.913435
450 13.953083 -5.154828 5.485068 204.740187 21692.626265
450 -13.953083 5.154828 5.485068 204.740187 21692.626265
450 8.933675 -4.124717 8.740077 130.206993 55078.054925
450 -8.933675 4.124717 8.740077 130.206993 55078.054925
450 13.463870 -5.063654 9.267745 79.111800 61929.304017
450 -13.463870 5.063654 9.267745 79.111800 61929.304017
450 8.789168 -4.091221 13.573538 323.396155 132841.625937
450 -8.789168 4.091221 13.573538 323.396155 132841.625937
450 7.024228 -3.657450 3.032731 41.408779 6631.563083
450 -7.024228 3.657450 3.032731 41.408779 6631.563083
450 -0.694994 -1.150455 5.684708 183.041345 23300.455129
450 0.694994 1.150455 5.684708 183.041345 23300.455129
450 23.557608 -6.697993 11.283010 250.319299 91790.557753
450 -23.557608 6.697993 11.283010 250.319299 91790.557753
450 10.179714 -4.402982 7.415053 123.615178 39643.915471
450 -10.179714 4.402982 7.415053 123.615178 39643.915471
450 15.280895 -5.394528 11.275824 125.765701 91673.672143
450 -15.280895 5.394528 11.275824 125.765701 91673.672143
450 13.950464 -5.154344 6.973190 102.093466 35059.934127
450 -13.950464 5.154344 6.973190 102.093466 35059.934127
451 4.274263 -2.853052 4.159570 99.339721 12475.128530
451 -4.274263 2.853052 4.159570 99.339721 12475.128530
451 6.201884 -3.436694 6.783051 240.788351 33174.031991
451 -6.201884 3.436694 6.783051 240.788351 33174.031991
451 15.318461 -5.401155 9.711906 5.055531 68007.526272
451 -15.318461 5.401155 9.711906 5.055531 68007.526272
451 13.024644 -4.980375 6.430066 295.454244 29811.159859
451 -13.024644 4.980375 6.430066 295.454244 29811.159859
451 7.995217 -3.902062 12.348990 273.225412 109953.980134
451 -7.995217 3.902062 12.348990 273.225412 109953.980134
451 5.676989 -3.288048 9.777261 182.882271 68925.911521
451 -5.676989 3.288048 9.777261 182.882271 68925.911521
451 13.373347 -5.046603 14.319950 325.804435 147853.317736
451 -13.373347 5.046603 14.319950 325.804435 147853.317736
451 13.616416 -5.092259 2.227385 228.242305 3577.161701
451 -13.616416 5.092259 2.227385 228.242305 3577.161701
451 7.424625 -3.760247 7.517919 169.716841 40751.482738
451 -7.424625 3.760247 7.517919 169.716841 40751.482738
451 16.078160 -5.533466 2.107296 7.180420 3201.835395
451 -16.078160 5.533466 2.107296 7.180420 3201.835395
451 14.623801 -5.277269 7.407804 158.678505 39566.444908
451 -14.623801 5.277269 7.407804 158.678505 39566.444908
451 2.793481 -2.306492 7.463528 9.011875 40163.952375
451 -2.793481 2.306492 7.463528 9.011875 40163.952375
451 16.362143 -5.582120 12.384797 124.772225 110592.548215
451 -16.362143 5.582120 12.384797 124.772225 110592.548215
451 16.773449 -5.651845 7.538282 151.390585 40972.533907
451 -16.773449 5.651845 7.538282 151.390585 40972.533907
451 3.631599 -2.629832 15.200600 255.487776 166597.913131
451 -3.631599 2.629832 15.200600 255.487776 166597.913131
451 8.838611 -4.102713 4.945135 152.219893 17632.114432
451 -8.838611 4.102713 4.945135 152.219893 17632.114432
451 10.513841 -4.474657 8.189612 11.550418 48358.715047
451 -10.513841 4.474657 8.189612 11.550418 48358.715047
452 7.747166 -3.841055 4.996626 264.865652 18001.211355
452 -7.747166 3.841055 4.996626 264.865652 18001.211355
452 12.443535 -4.868004 9.363856 21.962913 63220.436291
452 -12.443535 4.868004 9.363856 21.962913 63220.436291
452 19.993086 -6.170481 12.550987 304.594560 113580.518465
452 -19.993086 6.170481 12.550987 304.594560 113580.518465
452 9.283504 -4.204700 6.285029 130.557308 28481.485230
452 -9.283504 4.204700 6.285029 130.557308 28481.485230
452 20.361446 -6.227065 16.111643 310.263915 187166.332365
452 -20.361446 6.227065 16.111643 310.263915 187166.332365
452 18.157757 -5.880445 7.839914 15.229053 44317.037509
452 -18.157757 5.880445 7.839914 15.229053 44317.037509
452 13.097459 -4.994277 5.679281 118.161388 23255.989459
452 -13.097459 4.994277 5.679281 118.161388 23255.989459
452 14.696064 -5.290291 5.867672 5.141819 24824.457588
452 -14.696064 5.290291 5.867672 5.141819 24824.457588
452 11.620032 -4.704167 12.182235 169.999618 107004.496555
452 -11.620032 4.704167 12.182235 169.999618 107004.496555
452 5.410567 -3.209966 5.443882 345.082080 21368.082774
452 -5.410567 3.209966 5.443882 345.082080 21368.082774
452 7.609491 -3.806772 6.764491 196.867326 32992.732840
452 -7.609491 3.806772 6.764491 196.867326 32992.732840
452 13.734003 -5.114199 5.754844 321.925614 23878.948274
452 -13.734003 5.114199 5.754844 321.925614 23878.948274
452 16.395885 -5.587873 5.222984 11.054585 19669.145352
452 -16.395885 5.587873 5.222984 11.054585 19669.145352
452 13.060145 -4.987158 5.952847 278.988787 25550.389656
452 -13.060145 4.987158 5.952847 278.988787 25550.389656
452 0.601890 -1.070626 5.735082 107.114708 23715.231193
452 -0.601890 1.070626 5.735082 107.114708 23715.231193
452 12.031156 -4.786662 2.093500 153.889459 3160.051236
452 -12.031156 4.786662 2.093500 153.889459 3160.051236
452 15.098390 -5.362217 2.305169 85.453965 3831.364342
452 -15.098390 5.362217 2.305169 85.453965 3831.364342
453 8.504119 -4.024331 7.093330 75.176262 36278.419476
453 -8.504119 4.024331 7.093330 75.176262 36278.419476
453 3.195499 -2.466882 2.977055 241.987365 6390.307498
453 -3.195499 2.466882 2.977055 241.987365 6390.307498
453 16.703235 -5.640004 6.592119 89.757305 31332.721229
453 -16.703235 5.640004 6.592119 89.757305 31332.721229
453 -1.084260 -1.436964 3.839193 194.135855 10627.423849
453 1.084260 1.436964 3.839193 194.135855 10627.423849
453 8.086673 -3.924316 10.402122 274.605115 78017.487021
453 -8.086673 3.924316 10.402122 274.605115 78017.487021
453 19.873057 -6.151931 6.560556 292.368226 31033.396563
453 -19.873057 6.151931 6.560556 292.368226 31033.396563
453 7.099520 -3.677000 8.391642 129.598392 50774.074122
453 -7.099520 3.677000 8.391642 129.598392 50774.074122
453 4.360797 -2.881788 3.980314 18.866971 11423.069302
453 -4.360797 2.881788 3.980314 18.866971 11423.069302
453 6.468405 -3.509762 15.069591 72.768855 163738.584099
453 -6.468405 3.509762 15.069591 72.768855 163738.584099
453 10.865301 -4.548833 7.173486 78.334222 37102.961479
453 -10.865301 4.548833 7.173486 78.334222 37102.961479
453 24.529646 -6.834783 2.598069 120.306710 4866.868051
453 -24.529646 6.834783 2.598069 120.306710 4866.868051
453 16.799560 -5.656243 1.609317 104.193879 1867.373082
453 -16.799560 5.656243 1.609317 104.193879 1867.373082
453 24.720313 -6.861295 5.287304 171.984921 20156.573121
453 -24.720313 6.861295 5.287304 171.984921 20156.573121
453 9.495939 -4.252536 4.410391 138.994881 14024.979802
453 -9.495939 4.252536 4.410391 138.994881 14024.979802
453 16.710299 -5.641196 11.361856 143.195923 93077.918699
453 -16.710299 5.641196 11.361856 143.195923 93077.918699
453 0.660950 -1.121923 4.570935 282.991628 15064.616378
453 -0.660950 1.121923 4.570935 282.991628 15064.616378
454 13.236593 -5.020734 15.682684 221.123947 177332.722017
454 -13.236593 5.020734 15.682684 221.123947 177332.722017
454 18.515128 -5.938031 4.713026 1.835323 16015.763880
454 -18.515128 5.938031 4.713026 1.835323 16015.763880
454 8.744370 -4.080782 4.611851 154.684515 15335.520326
454 -8.744370 4.080782 4.611851 154.684515 15335.520326
454 22.710595 -6.576478 10.389476 210.216361 77827.907170
454 -22.710595 6.576478 10.389476 210.216361 77827.907170
454 12.017732 -4.783991 4.673029 233.727531 15745.083524
454 -12.017732 4.783991 4.673029 233.727531 15745.083524
454 12.149042 -4.810056 4.111305 209.435750 12187.297794
454 -12.149042 4.810056 4.111305 209.435750 12187.297794
454 0.935027 -1.334416 4.305225 350.646950 13364.104412
454 -0.935027 1.334416 4.305225 350.646950 13364.104412
454 6.781384 -3.593670 5.429980 113.004482 21259.084671
454 -6.781384 3.593670 5.429980 113.004482 21259.084671
454 18.563620 -5.945802 15.927821 232.046961 182919.832358
454 -18.563620 5.945802 15.927821 232.046961 182919.832358
454 3.564146 -2.605295 6.288018 214.142444 28508.579749
454 -3.564146 2.605295 6.288018 214.142444 28508.579749
454 13.603871 -5.089913 5.170960 205.873871 19279.263889
454 -13.603871 5.089913 5.170960 205.873871 19279.263889
454 5.443198 -3.219631 4.749176 153.796053 16262.396759
454 -5.443198 3.219631 4.749176 153.796053 16262.396759
454 14.413646 -5.239212 6.791756 100.228918 33259.229964
454 -14.413646 5.239212 6.791756 100.228918 33259.229964
454 18.721727 -5.971068 8.367538 37.868025 50482.802851
454 -18.721727 5.971068 8.367538 37.868025 50482.802851
454 15.244269 -5.388060 4.494246 241.671567 14563.366198
454 -15.244269 5.388060 4.494246 241.671567 14563.366198
454 11.831238 -4.746726 6.755921 26.945417 32909.190568
454 -11.831238 4.746726 6.755921 26.945417 32909.190568
455 8.696136 -4.069511 8.931144 152.500737 57512.506177
455 -8.696136 4.069511 8.931144 152.500737 57512.506177
455 12.401154 -4.859708 4.296187 13.877252 13308.051223
455 -12.401154 4.859708 4.296187 13.877252 13308.051223
455 17.364838 -5.750617 3.525246 103.036691 8960.388342
455 -17.364838 5.750617 3.525246 103.036691 8960.388342
455 9.943596 -4.351619 13.435861 53.615210 130160.457437
455 -9.943596 4.351619 13.435861 53.615210 130160.457437
455 11.479149 -4.675563 5.740800 326.282132 23762.545246
455 -11.479149 4.675563 5.740800 326.282132 23762.545246
455 12.322053 -4.844184 3.488035 290.420769 8772.225810
455 -12.322053 4.844184 3.488035 290.420769 8772.225810
455 14.565688 -5.266773 3.480784 243.615461 8735.793015
455 -14.565688 5.266773 3.480784 243.615461 8735.793015
455 7.392380 -3.752072 6.377572 32.314659 29326.407176
455 -7.392380 3.752072 6.377572 32.314659 29326.407176
455 3.496266 -2.580366 2.411998 249.216162 4194.710285
455 -3.496266 2.580366 2.411998 249.216162 4194.710285
455 7.932275 -3.886673 3.224734 313.207451 7497.833334
455 -7.932275 3.886673 3.224734 313.207451 7497.833334
455 12.335912 -4.846907 7.763227 150.812569 43454.287598
455 -12.335912 4.846907 7.763227 150.812569 43454.287598
455 15.718254 -5.471183 3.746723 221.539042 10121.646184
455 -15.718254 5.471183 3.746723 221.539042 10121.646184
455 22.839444 -6.595107 2.557088 141.504426 4714.539990
455 -22.839444 6.595107 2.557088 141.504426 4714.539990
455 2.844278 -2.327368 7.485727 243.438672 40403.222859
455 -2.844278 2.327368 7.485727 243.438672 40403.222859
455 -4.458019 -2.913735 3.418395 209.495518 8425.437134
455 4.458019 2.913735 3.418395 209.495518 8425.437134
455 12.447673 -4.868814 13.416456 188.324753 129784.752675
455 -12.447673 4.868814 13.416456 188.324753 129784.752675
456 14.998771 -5.344498 6.630001 173.506114 31693.865213
456 -14.998771 5.344498 6.630001 173.506114 31693.865213
456 1.179421 -1.498696 10.556912 252.268183 80356.652404
456 -1.179421 1.498696 10.556912 252.268183 80356.652404
456 7.721992 -3.834809 6.076332 149.388202 26621.409961
456 -7.721992 3.834809 6.076332 149.388202 26621.409961
456 11.175937 -4.613400 6.070255 149.114618 26568.190806
456 -11.175937 4.613400 6.070255 149.114618 26568.190806
456 0.918040 -1.322239 4.739091 278.262496 16193.402033
456 -0.918040 1.322239 4.739091 278.262496 16193.402033
456 8.992475 -4.138269 8.310936 205.065813 49802.135805
456 -8.992475 4.138269 8.310936 205.065813 49802.135805
456 2.384481 -2.130964 14.285208 242.157399 147136.773008
456 -2.384481 2.130964 14.285208 242.157399 147136.773008
456 14.940842 -5.334167 6.556237 174.255616 30992.550440
456 -14.940842 5.334167 6.556237 174.255616 30992.550440
456 16.043422 -5.527485 8.041176 250.563082 46621.600888
456 -16.043422 5.527485 8.041176 250.563082 46621.600888
456 13.277142 -5.028418 3.467156 259.796169 8667.519518
456 -13.277142 5.028418 3.467156 259.796169 8667.519518
456 13.647894 -5.098142 8.913528 49.849137 57285.851840
456 -13.647894 5.098142 8.913528 49.849137 57285.851840
456 21.213066 -6.355955 4.731145 69.979331 16139.145705
456 -21.213066 6.355955 4.731145 69.979331 16139.145705
456 11.826472 -4.745770 12.612984 88.965353 114705.381130
456 -11.826472 4.745770 12.612984 88.965353 114705.381130
456 13.111181 -4.996892 27.156568 120.770984 531738.166091
456 -13.111181 4.996892 27.156568 120.770984 531738.166091
456 14.210416 -5.202145 4.248629 80.012838 13015.042826
456 -14.210416 5.202145 4.248629 80.012838 13015.042826
456 13.578305 -5.085128 2.814352 353.697215 5710.904021
456 -13.578305 5.085128 2.814352 353.697215 5710.904021
457 10.830462 -4.541534 2.586908 184.296147 4825.142456
457 -10.830462 4.541534 2.586908 184.296147 4825.142456
457 10.079366 -4.381226 1.846627 127.053154 2458.704271
457 -10.079366 4.381226 1.846627 127.053154 2458.704271
457 12.933849 -4.962985 6.747173 80.599851 32824.018939
457 -12.933849 4.962985 6.747173 80.599851 32824.018939
457 12.630351 -4.904410 4.717711 244.478634 16047.624385
457 -12.630351 4.904410 4.717711 244.478634 16047.624385
457 0.615740 -1.082873 7.848211 76.294953 44410.886991
457 -0.615740 1.082873 7.848211 76.294953 44410.886991
457 7.366678 -3.745544 7.245381 130.269944 37850.403222
457 -7.366678 3.745544 7.245381 130.269944 37850.403222
457 5.155192 -3.133297 6.524247 54.571718 30690.845594
457 -5.155192 3.133297 6.524247 54.571718 30690.845594
457 7.346860 -3.740503 4.755430 189.957992 16305.255219
457 -7.346860 3.740503 4.755430 189.957992 16305.255219
457 12.549932 -4.888772 5.979520 99.051200 25779.869376
457 -12.549932 4.888772 5.979520 99.051200 25779.869376
457 11.161390 -4.610396 4.674941 224.771082 15757.973018
457 -11.161390 4.610396 4.674941 224.771082 15757.973018
457 -1.420854 -1.644954 6.779504 6.586312 33139.340158
457 1.420854 1.644954 6.779504 6.586312 33139.340158
457 19.792154 -6.139396 2.022973 34.242329 2950.722515
457 -19.792154 6.139396 2.022973 34.242329 2950.722515
457 5.409036 -3.209512 5.728760 57.086635 23662.977532
457 -5.409036 3.209512 5.728760 57.086635 23662.977532
457 16.661781 -5.633001 17.001564 291.185733 208413.490326
457 -16.661781 5.633001 17.001564 291.185733 208413.490326
457 19.683620 -6.122539 6.424029 257.754837 29755.216250
457 -19.683620 6.122539 6.424029 257.754837 29755.216250
458 9.958406 -4.354858 8.005906 335.655285 46213.518744
458 -9.958406 4.354858 8.005906 335.655285 46213.518744
458 9.048650 -4.151174 5.338768 114.125999 20550.869517
458 -9.048650 4.151174 5.338768 114.125999 20550.869517
458 12.780408 -4.933458 2.704713 301.053618 5274.611209
458 -12.780408 4.933458 2.704713 301.053618 5274.611209
458 8.578842 -4.041973 11.819066 35.761890 100719.685951
458 -8.578842 4.041973 11.819066 35.761890 100719.685951
458 7.347962 -3.740783 2.809286 291.931008 5690.363986
458 -7.347962 3.740783 2.809286 291.931008 5690.363986
458 12.627884 -4.903931 10.482274 342.486657 79224.423872
458 -12.627884 4.903931 10.482274 342.486657 79224.423872
458 13.552742 -5.080339 14.892126 309.698061 159904.800973
458 -13.552742 5.080339 14.892126 309.698061 159904.800973
458 8.980164 -4.135435 10.904072 113.483172 85728.555522
458 -8.980164 4.135435 10.904072 113.483172 85728.555522
458 8.042509 -3.913586 4.980684 343.019286 17886.529537
458 -8.042509 3.913586 4.980684 343.019286 17886.529537
458 20.261606 -6.211779 16.514802 227.243226 196650.403298
458 -20.261606 6.211779 16.514802 227.243226 196650.403298
458 16.274392 -5.567131 17.581144 61.116039 222865.240279
458 -16.274392 5.567131 17.581144 61.116039 222865.240279
458 10.261364 -4.420604 22.332309 291.323442 359596.382308
458 -10.261364 4.420604 22.332309 291.323442 359596.382308
458 13.849160 -5.135595 13.283467 335.846673 127224.567584
458 -13.849160 5.135595 13.283467 335.846673 127224.567584
458 14.994493 -5.343736 5.942555 90.223541 25462.119373
458 -14.994493 5.343736 5.942555 90.223541 25462.119373
458 21.556164 -6.407149 5.925991 345.093103 25320.371214
458 -21.556164 6.407149 5.925991 345.093103 25320.371214
459 18.251679 -5.895634 6.517378 205.525057 30626.252184
459 -18.251679 5.895634 6.517378 205.525057 30626.252184
459 13.619673 -5.092868 7.455611 27.936383 40078.783602
459 -13.619673 5.092868 7.455611 27.936383 40078.783602
459 8.860724 -4.107842 14.283012 246.744072 147091.530293
459 -8.860724 4.107842 14.283012 246.744072 147091.530293
459 10.643385 -4.502140 9.336562 271.730110 62852.422611
459 -10.643385 4.502140 9.336562 271.730110 62852.422611
459 2.633666 -2.239543 4.668571 218.362517 15715.060294
459 -2.633666 2.239543 4.668571 218.362517 15715.060294
459 20.174871 -6.198470 10.894537 51.662753 85578.692984
459 -20.174871 6.198470 10.894537 51.662753 85578.692984
459 11.448108 -4.669237 7.425658 153.227420 39757.396834
459 -11.448108 4.669237 7.425658 153.227420 39757.396834
459 10.303015 -4.429567 8.148906 88.265213 47879.179699
459 -10.303015 4.429567 8.148906 88.265213 47879.179699
459 7.166540 -3.694314 16.446182 295.786462 195019.608370
459 -7.166540 3.694314 16.446182 295.786462 195019.608370
459 17.399761 -5.756397 11.709694 159.536920 98864.232847
459 -17.399761 5.756397 11.709694 159.536920 98864.232847
459 17.143505 -5.713851 10.714779 68.843461 82777.914714
459 -17.143505 5.713851 10.714779 68.843461 82777.914714
459 18.147675 -5.878812 5.285745 298.434863 20144.688778
459 -18.147675 5.878812 5.285745 298.434863 20144.688778
459 10.814407 -4.538167 9.782626 307.681034 69001.573345
459 -10.814407 4.538167 9.782626 307.681034 69001.573345
459 -6.146965 -3.421444 14.058231 230.609188 142498.208149
459 6.146965 3.421444 14.058231 230.609188 142498.208149
459 11.522730 -4.684430 4.743625 62.718130 16224.408037
459 -11.522730 4.684430 4.743625 62.718130 16224.408037
460 5.817961 -3.328622 9.250921 70.184085 61704.666367
460 -5.817961 3.328622 9.250921 70.184085 61704.666367
460 7.947808 -3.890476 8.185067 170.283761 48305.054157
460 -7.947808 3.890476 8.185067 170.283761 48305.054157
460 3.014494 -2.395997 4.648197 245.074457 15578.192208
460 -3.014494 2.395997 4.648197 245.074457 15578.192208
460 8.536444 -4.031973 5.472159 135.141484 21590.640277
460 -8.536444 4.031973 5.472159 135.141484 21590.640277
460 17.023337 -5.693790 4.011909 192.882785 11605.134479
460 -17.023337 5.693790 4.011909 192.882785 11605.134479
460 22.172399 -6.498086 4.813489 26.566622 16705.827930
460 -22.172399 6.498086 4.813489 26.566622 16705.827930
460 18.422086 -5.923092 2.431605 236.330174 4263.185676
460 -18.422086 5.923092 2.431605 236.330174 4263.185676
460 3.771365 -2.679960 25.477909 95.601030 468032.085767
460 -3.771365 2.679960 25.477909 95.601030 468032.085767
460 12.363905 -4.852404 5.611429 35.839354 22703.617471
460 -12.363905 4.852404 5.611429 35.839354 22703.617471
460 13.000301 -4.975718 33.000679 116.302949 785224.461946
460 -13.000301 4.975718 33.000679 116.302949 785224.461946
460 9.097340 -4.162328 7.520344 345.504791 40777.768078
460 -9.097340 4.162328 7.520344 345.504791 40777.768078
460 14.274359 -5.213836 6.693888 113.968158 32307.621508
460 -14.274359 5.213836 6.693888 113.968158 32307.621508
460 9.786745 -4.317161 6.708762 328.057197 32451.352816
460 -9.786745 4.317161 6.708762 328.057197 32451.352816
460 -1.746455 -1.823719 11.121413 265.650555 89180.106780
460 1.746455 1.823719 11.121413 265.650555 89180.106780
460 10.003144 -4.364629 6.374841 313.764408 29301.292755
460 -10.003144 4.364629 6.374841 313.764408 29301.292755
461 2.421448 -2.147418 7.080745 141.056345 36149.811183
461 -2.421448 2.147418 7.080745 141.056345 36149.811183
461 12.065131 -4.793416 2.497343 264.801768 4496.807782
461 -12.065131 4.793416 2.497343 264.801768 4496.807782
461 10.098869 -4.385463 7.651078 359.868146 42207.854443
461 -10.098869 4.385463 7.651078 359.868146 42207.854443
461 6.691334 -3.569731 6.580763 318.579641 31224.864538
461 -6.691334 3.569731 6.580763 318.579641 31224.864538
461 16.105056 -5.538093 6.335624 228.266720 28941.888255
461 -16.105056 5.538093 6.335624 228.266720 28941.888255
461 11.438861 -4.667351 11.112454 316.803382 89036.483315
461 -11.438861 4.667351 11.112454 316.803382 89036.483315
461 14.888850 -5.324878 7.304291 304.530286 38468.410107
461 -14.888850 5.324878 7.304291 304.530286 38468.410107
461 16.271491 -5.566635 10.512865 295.371579 79687.508462
461 -16.271491 5.566635 10.512865 295.371579 79687.508462
461 13.502848 -5.070979 9.508223 186.466800 65184.871195
461 -13.502848 5.070979 9.508223 186.466800 65184.871195
461 11.252418 -4.629158 15.292359 61.438920 168615.331356
461 -11.252418 4.629158 15.292359 61.438920 168615.331356
461 15.604100 -5.451279 6.361329 347.339865 29177.211669
461 -15.604100 5.451279 6.361329 347.339865 29177.211669
461 8.295704 -3.974713 8.861031 189.716555 56613.054639
461 -8.295704 3.974713 8.861031 189.716555 56613.054639
461 -1.113472 -1.456192 2.536572 263.857867 4639.192275
461 1.113472 1.456192 2.536572 263.857867 4639.192275
461 13.414708 -5.054401 8.856928 299.455644 56560.633739
461 -13.414708 5.054401 8.856928 299.455644 56560.633739
462 7.325202 -3.734985 8.211463 199.377070 48617.116751
462 -7.325202 3.734985 8.211463 199.377070 48617.116751
462 15.278887 -5.394174 8.329222 269.454879 50021.529521
462 -15.278887 5.394174 8.329222 269.454879 50021.529521
462 8.206591 -3.953306 3.102890 263.144329 6941.938589
462 -8.206591 3.953306 3.102890 263.144329 6941.938589
462 15.994252 -5.519008 5.445388 3.712123 21379.905706
462 -15.994252 5.519008 5.445388 3.712123 21379.905706
462 10.211672 -4.409888 17.737532 349.940222 226847.738184
462 -10.211672 4.409888 17.737532 349.940222 226847.738184
462 14.222304 -5.204321 12.015549 355.291163 104096.302813
462 -14.222304 5.204321 12.015549 355.291163 104096.302813
462 15.273398 -5.393205 12.285611 240.338631 108828.245107
462 -15.273398 5.393205 12.285611 240.338631 108828.245107
462 4.104486 -2.795815 6.777715 175.616354 33121.854228
462 -4.104486 2.795815 6.777715 175.616354 33121.854228
462 11.621997 -4.704565 7.564139 157.903399 41254.096663
462 -11.621997 4.704565 7.564139 157.903399 41254.096663
462 13.450246 -5.061092 7.567078 14.798700 41286.159088
462 -13.450246 5.061092 7.567078 14.798700 41286.159088
462 7.230315 -3.710716 9.177751 40.981180 60732.420707
462 -7.230315 3.710716 9.177751 40.981180 60732.420707
462 3.175231 -2.459047 3.779790 201.660262 10301.098168
462 -3.175231 2.459047 3.779790 201.660262 10301.098168
462 4.423489 -2.902429 2.839527 59.739022 5813.532281
462 -4.423489 2.902429 2.839527 59.739022 5813.532281
462 8.012899 -3.906375 4.931682 207.910310 17536.311296
462 -8.012899 3.906375 4.931682 207.910310 17536.311296
463 5.947723 -3.365538 6.092040 13.110890 26759.228741
463 -5.947723 3.365538 6.092040 13.110890 26759.228741
463 7.012006 -3.654267 9.286414 219.058677 62179.060918
463 -7.012006 3.654267 9.286414 219.058677 62179.060918
463 0.596680 -1.065982 4.332497 145.244724 13533.949793
463 -0.596680 1.065982 4.332497 145.244724 13533.949793
463 8.677743 -4.065205 15.721151 71.349704 178203.721495
463 -8.677743 4.065205 15.721151 71.349704 178203.721495
463 13.965276 -5.157080 20.933420 84.941019 315957.351992
463 -13.965276 5.157080 20.933420 84.941019 315957.351992
463 8.968016 -4.132637 4.909615 307.374400 17379.727313
463 -8.968016 4.132637 4.909615 307.374400 17379.727313
463 9.041493 -4.149532 11.149757 253.606061 89635.264227
463 -9.041493 4.149532 11.149757 253.606061 89635.264227
463 7.244261 -3.714293 3.866071 142.865933 10776.748789
463 -7.244261 3.714293 3.866071 142.865933 10776.748789
463 15.223242 -5.384342 5.110512 259.353617 18831.149857
463 -15.223242 5.384342 5.110512 259.353617 18831.149857
463 10.988742 -4.574599 9.112744 3.794061 59875.128636
463 -10.988742 4.574599 9.112744 3.794061 59875.128636
463 12.408963 -4.861237 4.961917 310.250896 17751.987436
463 -12.408963 4.861237 4.961917 310.250896 17751.987436
463 11.469776 -4.673654 6.244924 267.186535 28119.166468
463 -11.469776 4.673654 6.244924 267.186535 28119.166468
463 11.539872 -4.687913 4.464355 158.765603 14370.291586
463 -11.539872 4.687913 4.464355 158.765603 14370.291586
463 15.518743 -5.436349 7.978948 61.632711 45902.816294
463 -15.518743 5.436349 7.978948 61.632711 45902.816294
464 15.806366 -5.486496 6.684175 236.110583 32213.928322
464 -15.806366 5.486496 6.684175 236.110583 32213.928322
464 15.570960 -5.445488 3.364957 147.715367 8164.079357
464 -15.570960 5.445488 3.364957 147.715367 8164.079357
464 19.699190 -6.124960 10.221564 308.634055 75332.575946
464 -19.699190 6.124960 10.221564 308.634055 75332.575946
464 16.954972 -5.682345 7.819743 59.595569 44089.280788
464 -16.954972 5.682345 7.819743 59.595569 44089.280788
464 17.091313 -5.705147 6.024436 114.886142 26168.626298
464 -17.091313 5.705147 6.024436 114.886142 26168.626298
464 17.691165 -5.804400 5.937304 2.899947 25417.137681
464 -17.691165 5.804400 5.937304 2.899947 25417.137681
464 11.473549 -4.674423 7.852149 66.445188 44455.458449
464 -11.473549 4.674423 7.852149 66.445188 44455.458449
464 7.374746 -3.747595 9.674722 130.698773 67487.770170
464 -7.374746 3.747595 9.674722 130.698773 67487.770170
464 13.101318 -4.995013 8.400842 173.475728 50885.456204
464 -13.101318 4.995013 8.400842 173.475728 50885.456204
464 5.062011 -3.104850 8.163000 355.015958 48044.936663
464 -5.062011 3.104850 8.163000 355.015958 48044.936663
464 18.694905 -5.966790 5.071576 326.522827 18545.304116
464 -18.694905 5.966790 5.071576 326.522827 18545.304116
464 11.556480 -4.691286 3.415365 3.758116 8410.511327
464 -11.556480 4.691286 3.415365 3.758116 8410.511327
464 15.487741 -5.430917 5.622172 161.492234 22790.630644
464 -15.487741 5.430917 5.622172 161.492234 22790.630644
465 10.689053 -4.511788 4.099796 273.460966 12119.164225
465 -10.689053 4.511788 4.099796 273.460966 12119.164225
465 8.976835 -4.134669 15.967493 140.995217 183832.172971
465 -8.976835 4.134669 15.967493 140.995217 183832.172971
465 2.945110 -2.368262 38.068416 119.824478 1044907.111290
465 -2.945110 2.368262 38.068416 119.824478 1044907.111290
465 8.070283 -3.920338 6.895128 318.322951 34279.359446
465 -8.070283 3.920338 6.895128 318.322951 34279.359446
465 23.440743 -6.681358 6.178210 341.809910 27521.578984
465 -23.440743 6.681358 6.178210 341.809910 27521.578984
465 13.272620 -5.027562 9.957214 93.202366 71486.452769
465 -13.272620 5.027562 9.957214 93.202366 71486.452769
465 13.057947 -4.986738 6.567998 121.898267 31103.849245
465 -13.057947 4.986738 6.567998 121.898267 31103.849245
465 15.517497 -5.436131 9.514033 34.530116 65264.549641
465 -15.517497 5.436131 9.514033 34.530116 65264.549641
465 5.995370 -3.378991 3.984356 352.453825 11446.278130
465 -5.995370 3.378991 3.984356 352.453825 11446.278130
465 5.150035 -3.131729 3.247223 354.757189 7602.775794
465 -5.150035 3.131729 3.247223 354.757189 7602.775794
465 7.206693 -3.704649 4.970198 245.051062 17811.292691
465 -7.206693 3.704649 4.970198 245.051062 17811.292691
465 3.976842 -2.751999 8.366785 335.404557 50473.713236
465 -3.976842 2.751999 8.366785 335.404557 50473.713236
465 4.174134 -2.819436 17.653542 271.216871 224704.496760
465 -4.174134 2.819436 17.653542 271.216871 224704.496760
466 13.994781 -5.162525 14.712496 283.696481 156070.483986
466 -13.994781 5.162525 14.712496 283.696481 156070.483986
466 24.689217 -6.856978 5.930838 208.487927 25361.807410
466 -24.689217 6.856978 5.930838 208.487927 25361.807410
466 4.344359 -2.876351 3.923977 40.563139 11101.995942
466 -4.344359 2.876351 3.923977 40.563139 11101.995942
466 13.676044 -5.103397 5.470347 187.141945 21576.342956
466 -13.676044 5.103397 5.470347 187.141945 21576.342956
466 8.899616 -4.116847 10.351944 316.453117 77266.617036
466 -8.899616 4.116847 10.351944 316.453117 77266.617036
466 15.783699 -5.482561 6.621969 275.812817 31617.120551
466 -15.783699 5.482561 6.621969 275.812817 31617.120551
466 7.614750 -3.808087 6.122360 12.187764 27026.254927
466 -7.614750 3.808087 6.122360 12.187764 27026.254927
466 1.069930 -1.427436 8.721760 111.712483 54847.430861
466 -1.069930 1.427436 8.721760 111.712483 54847.430861
466 15.623516 -5.454670 6.710029 78.126842 32463.611056
466 -15.623516 5.454670 6.710029 78.126842 32463.611056
466 15.111114 -5.364476 2.298471 54.637719 3809.132236
466 -15.111114 5.364476 2.298471 54.637719 3809.132236
466 13.345200 -5.041289 5.651022 43.657777 23025.127299
466 -13.345200 5.041289 5.651022 43.657777 23025.127299
466 14.460944 -5.247802 11.163998 232.770085 89864.385702
466 -14.460944 5.247802 11.163998 232.770085 89864.385702
467 6.834263 -3.607655 4.330473 295.460339 13521.310060
467 -6.834263 3.607655 4.330473 295.460339 13521.310060
467 15.986824 -5.517727 3.199520 196.497649 7381.041291
467 -15.986824 5.517727 3.199520 196.497649 7381.041291
467 18.706418 -5.968627 9.868136 197.791807 70213.134222
467 -18.706418 5.968627 9.868136 197.791807 70213.134222
467 9.619778 -4.280176 7.125195 351.548249 36605.102257
467 -9.619778 4.280176 7.125195 351.548249 36605.102257
467 11.574733 -4.694989 5.295684 209.057569 20220.511993
467 -11.574733 4.694989 5.295684 209.057569 20220.511993
467 10.468656 -4.465032 4.898703 151.714962 17302.557045
467 -10.468656 4.465032 4.898703 151.714962 17302.557045
467 10.628458 -4.498982 10.125526 224.980515 73923.618740
467 -10.628458 4.498982 10.125526 224.980515 73923.618740
467 9.770474 -4.313570 7.070850 22.703919 36048.846104
467 -9.770474 4.313570 7.070850 22.703919 36048.846104
467 11.726289 -4.725626 7.050259 99.494479 35839.196603
467 -11.726289 4.725626 7.050259 99.494479 35839.196603
467 15.458896 -5.425857 2.552415 131.325525 4697.325628
467 -15.458896 5.425857 2.552415 131.325525 4697.325628
467 12.016522 -4.783750 18.165956 184.440296 237938.426885
467 -12.016522 4.783750 18.165956 184.440296 237938.426885
467 9.868255 -4.335101 27.834482 41.873182 558617.271235
467 -9.868255 4.335101 27.834482 41.873182 558617.271235
468 2.770749 -2.297088 3.139112 88.431431 7104.962600
468 -2.770749 2.297088 3.139112 88.431431 7104.962600
468 9.994102 -4.362656 1.995381 244.440771 2870.779180
468 -9.994102 4.362656 1.995381 244.440771 2870.779180
468 4.135946 -2.806510 8.288781 328.462570 49536.969547
468 -4.135946 2.806510 8.288781 328.462570 49536.969547
468 5.512856 -3.240167 6.430981 141.397912 29819.650578
468 -5.512856 3.240167 6.430981 141.397912 29819.650578
468 8.773218 -4.087507 15.022730 351.493039 162721.827013
468 -8.773218 4.087507 15.022730 351.493039 162721.827013
468 0.862785 -1.281830 7.001548 321.212780 35345.670126
468 -0.862785 1.281830 7.001548 321.212780 35345.670126
468 10.237284 -4.415414 3.229126 155.396292 7518.272121
468 -10.237284 4.415414 3.229126 155.396292 7518.272121
468 8.760549 -4.084555 25.839716 144.811078 481419.344780
468 -8.760549 4.084555 25.839716 144.811078 481419.344780
468 12.024058 -4.785250 7.364568 175.078063 39105.926157
468 -12.024058 4.785250 7.364568 175.078063 39105.926157
468 6.557136 -3.533753 10.018827 284.016578 72373.881150
468 -6.557136 3.533753 10.018827 284.016578 72373.881150
468 6.949046 -3.637824 5.696047 332.994269 23393.497004
468 -6.949046 3.637824 5.696047 332.994269 23393.497004
468 13.423026 -5.055968 5.445955 347.472641 21384.352160
468 -13.423026 5.055968 5.445955 347.472641 21384.352160
469 15.085761 -5.359974 5.474330 76.387802 21607.772744
469 -15.085761 5.359974 5.474330 76.387802 21607.772744
469 8.926981 -4.123171 8.743449 71.728498 55120.561957
469 -8.926981 4.123171 8.743449 71.728498 55120.561957
469 8.686958 -4.067363 3.827779 220.453806 10564.326515
469 -8.686958 4.067363 3.827779 220.453806 10564.326515
469 7.319326 -3.733487 4.965854 56.738826 17780.172348
469 -7.319326 3.733487 4.965854 56.738826 17780.172348
469 4.761940 -3.011418 8.575400 140.565157 53022.096200
469 -4.761940 3.011418 8.575400 140.565157 53022.096200
469 7.622907 -3.810126 4.740379 240.861463 16202.211032
469 -7.622907 3.810126 4.740379 240.861463 16202.211032
469 6.236972 -3.446402 6.015838 177.849125 26093.976871
469 -6.236972 3.446402 6.015838 177.849125 26093.976871
469 16.617066 -5.625437 4.476647 98.965196 14449.529852
469 -16.617066 5.625437 4.476647 98.965196 14449.529852
469 11.425799 -4.664686 5.492844 291.472360 21754.174314
469 -11.425799 4.664686 5.492844 291.472360 21754.174314
469 13.155474 -5.005326 5.936132 91.992235 25407.102532
469 -13.155474 5.005326 5.936132 91.992235 25407.102532
469 10.218069 -4.411268 3.883596 166.143981 10874.674350
469 -10.218069 4.411268 3.883596 166.143981 10874.674350
470 8.086136 -3.924186 6.325074 5.714297 28845.579731
470 -8.086136 3.924186 6.325074 5.714297 28845.579731
470 13.978750 -5.159567 22.590867 221.456360 367971.235254
470 -13.978750 5.159567 22.590867 221.456360 367971.235254
470 4.181747 -2.822006 8.593881 55.425100 53250.877538
470 -4.181747 2.822006 8.593881 55.425100 53250.877538
470 10.586724 -4.490140 2.422883 18.169706 4232.657406
470 -10.586724 4.490140 2.422883 18.169706 4232.657406
470 13.140846 -5.002542 11.154292 136.491452 89708.191804
470 -13.140846 5.002542 11.154292 136.491452 89708.191804
470 10.583266 -4.489407 6.274997 185.741165 28390.632083
470 -10.583266 4.489407 6.274997 185.741165 28390.632083
470 5.167717 -3.137101 8.149668 122.347888 47888.134142
470 -5.167717 3.137101 8.149668 122.347888 47888.134142
470 8.059444 -3.917704 9.103165 154.940563 59749.308913
470 -8.059444 3.917704 9.103165 154.940563 59749.308913
470 11.238915 -4.626380 4.471634 355.916009 14417.188067
470 -11.238915 4.626380 4.471634 355.916009 14417.188067
470 11.875352 -4.755567 2.760819 188.558167 5495.709783
470 -11.875352 4.755567 2.760819 188.558167 5495.709783
470 13.326953 -5.037842 4.690582 20.682238 15863.595379
470 -13.326953 5.037842 4.690582 20.682238 15863.595379
471 10.595144 -4.491925 9.833299 165.335124 69718.257409
471 -10.595144 4.491925 9.833299 165.335124 69718.257409
471 1.036060 -1.404661 12.429958 305.953932 111400.556858
471 -1.036060 1.404661 12.429958 305.953932 111400.556858
471 8.092546 -3.925741 14.904339 188.466717 160167.170107
471 -8.092546 3.925741 14.904339 188.466717 160167.170107
471 5.106303 -3.118404 3.232538 287.622671 7534.171211
471 -5.106303 3.118404 3.232538 287.622671 7534.171211
471 3.333792 -2.519697 4.570944 341.833425 15064.678270
471 -3.333792 2.519697 4.570944 341.833425 15064.678270
471 17.780968 -5.819113 6.884519 4.303631 34173.955786
471 -17.780968 5.819113 6.884519 4.303631 34173.955786
471 11.342002 -4.647549 5.143976 342.653565 19078.577646
471 -11.342002 4.647549 5.143976 342.653565 19078.577646
471 16.700936 -5.639615 2.798810 35.045161 5648.001593
471 -16.700936 5.639615 2.798810 35.045161 5648.001593
471 2.810274 -2.313414 13.178531 185.185752 125222.421186
471 -2.810274 2.313414 13.178531 185.185752 125222.421186
471 11.937502 -4.767995 8.968291 124.573672 57991.917814
471 -11.937502 4.767995 8.968291 124.573672 57991.917814
472 6.941521 -3.635854 4.576787 81.256765 15103.219879
472 -6.941521 3.635854 4.576787 81.256765 15103.219879
472 10.319503 -4.433110 5.332087 238.304224 20499.468156
472 -10.319503 4.433110 5.332087 238.304224 20499.468156
472 -0.032573 -0.249061 4.393511 15.909360 13917.828471
472 0.032573 0.249061 4.393511 15.909360 13917.828471
472 8.892729 -4.115254 7.871101 67.603858 44670.319456
472 -8.892729 4.115254 7.871101 67.603858 44670.319456
472 9.599496 -4.275661 2.465162 1.525877 4381.663702
472 -9.599496 4.275661 2.465162 1.525877 4381.663702
472 1.479327 -1.678460 6.051265 147.547974 26402.214031
472 -1.479327 1.678460 6.051265 147.547974 26402.214031
472 4.727412 -3.000480 3.540325 135.416605 9037.208583
472 -4.727412 3.000480 3.540325 135.416605 9037.208583
472 4.682269 -2.986120 4.769906 237.484948 16404.677862
472 -4.682269 2.986120 4.769906 237.484948 16404.677862
472 14.622080 -5.276958 8.983090 221.134681 58183.458080
472 -14.622080 5.276958 8.983090 221.134681 58183.458080
472 9.561618 -4.267218 6.009028 90.073553 26034.936694
472 -9.561618 4.267218 6.009028 90.073553 26034.936694
473 9.080698 -4.158519 6.699690 43.745360 32363.651419
473 -9.080698 4.158519 6.699690 43.745360 32363.651419
473 8.296906 -3.975000 7.883781 350.643627 44814.352757
473 -8.296906 3.975000 7.883781 350.643627 44814.352757
473 15.987380 -5.517823 3.840832 124.547124 10636.496107
473 -15.987380 5.517823 3.840832 124.547124 10636.496107
473 8.223262 -3.957320 7.291395 48.966348 38332.690317
473 -8.223262 3.957320 7.291395 48.966348 38332.690317
473 9.664698 -4.290157 6.917052 47.538192 34497.702937
473 -9.664698 4.290157 6.917052 47.538192 34497.702937
473 11.483728 -4.676496 5.853746 340.675588 24706.760808
473 -11.483728 4.676496 5.853746 340.675588 24706.760808
473 13.368316 -5.045654 17.544269 68.504915 221931.336278
473 -13.368316 5.045654 17.544269 68.504915 221931.336278
473 13.878183 -5.140974 2.525160 22.958126 4597.543701
473 -13.878183 5.140974 2.525160 22.958126 4597.543701
473 -1.256194 -1.546705 2.754728 125.770046 5471.490593
473 1.256194 1.546705 2.754728 125.770046 5471.490593
474 14.009039 -5.165154 9.049357 355.538531 59045.051618
474 -14.009039 5.165154 9.049357 355.538531 59045.051618
474 9.977085 -4.358940 9.832537 315.800081 69707.454229
474 -9.977085 4.358940 9.832537 315.800081 69707.454229
474 13.616976 -5.092364 4.877684 22.666424 17154.396778
474 -13.616976 5.092364 4.877684 22.666424 17154.396778
474 -5.745663 -3.307876 4.016759 194.036589 11633.209406
474 5.745663 3.307876 4.016759 194.036589 11633.209406
474 17.052057 -5.698591 5.604537 178.328862 22647.881056
474 -17.052057 5.698591 5.604537 178.328862 22647.881056
474 9.111024 -4.165457 6.613909 209.238677 31540.205223
474 -9.111024 4.165457 6.613909 209.238677 31540.205223
474 3.408036 -2.547600 6.863763 35.271529 33968.210014
474 -3.408036 2.547600 6.863763 35.271529 33968.210014
474 1.666319 -1.781386 6.383370 78.495355 29379.750817
474 -1.666319 1.781386 6.383370 78.495355 29379.750817
474 14.251667 -5.209690 6.768588 111.579754 33032.716270
474 -14.251667 5.209690 6.768588 111.579754 33032.716270
475 5.502783 -3.237206 12.690804 278.789630 116125.160908
475 -5.502783 3.237206 12.690804 278.789630 116125.160908
475 9.869413 -4.335356 5.291311 222.979685 20187.132538
475 -9.869413 4.335356 5.291311 222.979685 20187.132538
475 18.653059 -5.960108 8.925235 267.207892 57436.429575
475 -18.653059 5.960108 8.925235 267.207892 57436.429575
475 15.091210 -5.360942 3.532344 228.621475 8996.509913
475 -15.091210 5.360942 3.532344 228.621475 8996.509913
475 12.031033 -4.786638 8.364634 0.089068 50447.768202
475 -12.031033 4.786638 8.364634 0.089068 50447.768202
475 13.250499 -5.023370 8.327006 128.468263 49994.914125
475 -13.250499 5.023370 8.327006 128.468263 49994.914125
475 6.652568 -3.559375 6.232147 222.607822 28004.216269
475 -6.652568 3.559375 6.232147 222.607822 28004.216269
475 10.590633 -4.490969 6.017439 209.677536 26107.872088
475 -10.590633 4.490969 6.017439 209.677536 26107.872088
475 8.469544 -4.016142 9.631402 354.493565 66884.748641
475 -8.469544 4.016142 9.631402 354.493565 66884.748641
476 19.900412 -6.156163 9.116064 87.292974 59918.764213
476 -19.900412 6.156163 9.116064 87.292974 59918.764213
476 10.215473 -4.410708 3.100506 332.992914 6931.277589
476 -10.215473 4.410708 3.100506 332.992914 6931.277589
476 6.326178 -3.470961 5.240437 274.030544 19800.815583
476 -6.326178 3.470961 5.240437 274.030544 19800.815583
476 7.458893 -3.768914 8.233638 346.554929 48880.043865
476 -7.458893 3.768914 8.233638 346.554929 48880.043865
476 8.414731 -4.003125 9.276247 166.751220 62042.981559
476 -8.414731 4.003125 9.276247 166.751220 62042.981559
476 6.018870 -3.385607 14.157587 178.232655 144519.526333
476 -6.018870 3.385607 14.157587 178.232655 144519.526333
476 5.890519 -3.349314 9.594644 359.665856 66375.195953
476 -5.890519 3.349314 9.594644 359.665856 66375.195953
476 10.833023 -4.542071 9.840379 152.396873 69818.693893
476 -10.833023 4.542071 9.840379 152.396873 69818.693893
477 5.051929 -3.101757 4.350875 359.189749 13649.016630
477 -5.051929 3.101757 4.350875 359.189749 13649.016630
477 13.429339 -5.057157 4.396692 181.317143 13937.991753
477 -13.429339 5.057157 4.396692 181.317143 13937.991753
477 -1.002557 -1.381763 7.718794 305.175887 42958.284624
477 1.002557 1.381763 7.718794 305.175887 42958.284624
477 -0.029017 -0.235076 2.691455 147.395223 5223.026425
477 0.029017 0.235076 2.691455 147.395223 5223.026425
477 15.672790 -5.463265 6.077671 74.472659 26633.146805
477 -15.672790 5.463265 6.077671 74.472659 26633.146805
477 3.354258 -2.527420 4.995790 153.272867 17995.189850
477 -3.354258 2.527420 4.995790 153.272867 17995.189850
477 4.998428 -3.085289 3.501340 77.614216 8839.277251
477 -4.998428 3.085289 3.501340 77.614216 8839.277251
477 14.470075 -5.249458 4.153695 219.705981 12439.908538
477 -14.470075 5.249458 4.153695 219.705981 12439.908538
478 6.120706 -3.414128 11.685634 239.532349 98458.364697
478 -6.120706 3.414128 11.685634 239.532349 98458.364697
478 14.192833 -5.198926 7.136121 15.416208 36717.447516
478 -14.192833 5.198926 7.136121 15.416208 36717.447516
478 15.026366 -5.349412 6.513951 20.263066 30594.055955
478 -15.026366 5.349412 6.513951 20.263066 30594.055955
478 15.978942 -5.516366 11.582161 23.892451 96722.444479
478 -15.978942 5.516366 11.582161 23.892451 96722.444479
478 13.282187 -5.029373 2.334041 71.123266 3927.941283
478 -13.282187 5.029373 2.334041 71.123266 3927.941283
478 16.792156 -5.654996 4.799351 155.801786 16607.837837
478 -16.792156 5.654996 4.799351 155.801786 16607.837837
478 10.929503 -4.562252 5.072932 295.817233 18555.224925
478 -10.929503 4.562252 5.072932 295.817233 18555.224925
479 6.566156 -3.536183 11.022510 348.110481 87600.998421
479 -6.566156 3.536183 11.022510 348.110481 87600.998421
479 9.368415 -4.223886 2.902312 52.282471 6073.463343
479 -9.368415 4.223886 2.902312 52.282471 6073.463343
479 6.103576 -3.409347 3.739022 186.337967 10080.082491
479 -6.103576 3.409347 3.739022 186.337967 10080.082491
479 3.949469 -2.742511 6.829725 253.469102 33632.141667
479 -3.949469 2.742511 6.829725 253.469102 33632.141667
479 5.758856 -3.311671 3.609507 286.758117 9393.853288
479 -5.758856 3.311671 3.609507 286.758117 9393.853288
479 8.974361 -4.134099 3.650746 259.769725 9609.735068
479 -8.974361 4.134099 3.650746 259.769725 9609.735068
479 5.900509 -3.352153 5.078134 63.456232 18593.299504
479 -5.900509 3.352153 5.078134 63.456232 18593.299504
480 10.432293 -4.457270 10.495621 99.890817 79426.306451
480 -10.432293 4.457270 10.495621 99.890817 79426.306451
480 4.040807 -2.774043 7.215515 79.823015 37538.999619
480 -4.040807 2.774043 7.215515 79.823015 37538.999619
480 7.829943 -3.861521 5.810459 56.299133 24342.714461
480 -7.829943 3.861521 5.810459 56.299133 24342.714461
480 2.225809 -2.058842 8.262887 155.055154 49227.945430
480 -2.225809 2.058842 8.262887 155.055154 49227.945430
480 6.736143 -3.581663 3.358799 311.286094 8134.223774
480 -6.736143 3.581663 3.358799 311.286094 8134.223774
480 9.407780 -4.232750 16.747544 27.587543 202232.204570
480 -9.407780 4.232750 16.747544 27.587543 202232.204570
481 4.938567 -3.066758 2.890910 198.723194 6025.834790
481 -4.938567 3.066758 2.890910 198.723194 6025.834790
481 11.837490 -4.747980 14.313650 305.954817 147723.258663
481 -11.837490 4.747980 14.313650 305.954817 147723.258663
481 4.939139 -3.066936 15.154111 353.857134 165580.430623
481 -4.939139 3.066936 15.154111 353.857134 165580.430623
481 11.543282 -4.688606 6.618184 302.159963 31580.992760
481 -11.543282 4.688606 6.618184 302.159963 31580.992760
481 21.428118 -6.388091 13.237818 237.104716 126351.646523
481 -21.428118 6.388091 13.237818 237.104716 126351.646523
481 9.992768 -4.362365 12.701508 15.420605 116321.131698
481 -9.992768 4.362365 12.701508 15.420605 116321.131698
482 7.002304 -3.651738 7.300761 206.920990 38431.232450
482 -7.002304 3.651738 7.300761 206.920990 38431.232450
482 12.288217 -4.837528 3.880392 193.599430 10856.736955
482 -12.288217 4.837528 3.880392 193.599430 10856.736955
482 9.406856 -4.232543 10.135267 148.788568 74065.927447
482 -9.406856 4.232543 10.135267 148.788568 74065.927447
482 4.785417 -3.018832 6.264998 264.131163 28300.231952
482 -4.785417 3.018832 6.264998 264.131163 28300.231952
482 16.339293 -5.578221 3.685715 103.697782 9794.708743
482 -16.339293 5.578221 3.685715 103.697782 9794.708743
482 11.874216 -4.755340 4.286762 293.620516 13249.724191
482 -11.874216 4.755340 4.286762 293.620516 13249.724191
483 9.566015 -4.268199 6.888252 134.746599 34211.031027
483 -9.566015 4.268199 6.888252 134.746599 34211.031027
483 9.562134 -4.267333 9.349848 33.159371 63031.428659
483 -9.562134 4.267333 9.349848 33.159371 63031.428659
483 14.247424 -5.208915 4.169002 285.307531 12531.768543
483 -14.247424 5.208915 4.169002 285.307531 12531.768543
483 12.543539 -4.887527 5.739016 292.047179 23747.776616
483 -12.543539 4.887527 5.739016 292.047179 23747.776616
483 11.530400 -4.685989 6.846080 246.326165 33793.406633
483 -11.530400 4.685989 6.846080 246.326165 33793.406633
484 -0.791503 -1.227737 4.315412 98.411627 13427.420696
484 0.791503 1.227737 4.315412 98.411627 13427.420696
484 8.770792 -4.086942 5.550760 98.824820 22215.339157
484 -8.770792 4.086942 5.550760 98.824820 22215.339157
484 9.458583 -4.244164 7.497227 155.715726 40527.457041
484 -9.458583 4.244164 7.497227 155.715726 40527.457041
484 8.470285 -4.016318 3.347894 179.020811 8081.492007
484 -8.470285 4.016318 3.347894 179.020811 8081.492007
484 -1.738014 -1.819306 9.814644 44.846116 69453.982982
484 1.738014 1.819306 9.814644 44.846116 69453.982982
485 13.797882 -5.126079 5.879439 235.908262 24924.119977
485 -13.797882 5.126079 5.879439 235.908262 24924.119977
485 7.176218 -3.696808 11.183985 155.079842 90186.430362
485 -7.176218 3.696808 11.183985 155.079842 90186.430362
485 11.556710 -4.691332 7.077276 292.055343 36114.391396
485 -11.556710 4.691332 7.077276 292.055343 36114.391396
485 6.853515 -3.612732 5.907832 39.270587 25165.427300
485 -6.853515 3.612732 5.907832 39.270587 25165.427300
486 6.331748 -3.472489 4.711854 77.815117 16007.804886
486 -6.331748 3.472489 4.711854 77.815117 16007.804886
486 8.302960 -3.976450 6.921183 23.352878 34538.919698
486 -8.302960 3.976450 6.921183 23.352878 34538.919698
486 7.764117 -3.845255 4.368910 170.494026 13762.402803
486 -7.764117 3.845255 4.368910 170.494026 13762.402803
486 2.661658 -2.251413 6.359332 124.562251 29158.899156
486 -2.661658 2.251413 6.359332 124.562251 29158.899156
487 2.904720 -2.351967 6.377506 132.098984 29325.797415
487 -2.904720 2.351967 6.377506 132.098984 29325.797415
487 6.554332 -3.532997 13.639554 328.265633 134136.938404
487 -6.554332 3.532997 13.639554 328.265633 134136.938404
487 7.401474 -3.754380 9.760344 25.680292 68687.600150
487 -7.401474 3.754380 9.760344 25.680292 68687.600150
487 10.553314 -4.483049 2.231023 358.933020 3588.857592
487 -10.553314 4.483049 2.231023 358.933020 3588.857592
488 2.581994 -2.217465 5.397278 258.167324 21003.785547
488 -2.581994 2.217465 5.397278 258.167324 21003.785547
488 7.931804 -3.886557 6.855561 55.825763 33887.071386
488 -7.931804 3.886557 6.855561 55.825763 33887.071386
488 8.354318 -3.988729 10.012824 315.326836 72287.173757
488 -8.354318 3.988729 10.012824 315.326836 72287.173757
489 0.703495 -1.157469 5.016197 285.039647 18142.501729
489 -0.703495 1.157469 5.016197 285.039647 18142.501729
489 2.711579 -2.272428 3.581148 151.172668 9246.826746
489 -2.711579 2.272428 3.581148 151.172668 9246.826746
489 18.960389 -6.009007 4.290779 250.870851 13274.568842
489 -18.960389 6.009007 4.290779 250.870851 13274.568842
490 6.264613 -3.454031 8.121654 166.944320 47559.470096
490 -6.264613 3.454031 8.121654 166.944320 47559.470096
490 10.672736 -4.508343 4.769510 20.883498 16401.953315
490 -10.672736 4.508343 4.769510 20.883498 16401.953315
490 6.490560 -3.515768 10.964536 150.148804 86681.929492
490 -6.490560 3.515768 10.964536 150.148804 86681.929492
491 7.005426 -3.652552 3.745832 200.593938 10116.832445
491 -7.005426 3.652552 3.745832 200.593938 10116.832445
491 6.457286 -3.506744 5.941752 141.074883 25455.235100
491 -6.457286 3.506744 5.941752 141.074883 25455.235100
492 7.196083 -3.701921 5.014977 272.127529 18133.679647
492 -7.196083 3.701921 5.014977 272.127529 18133.679647
492 8.125918 -3.933827 8.295160 144.376844 49613.240304
492 -8.125918 3.933827 8.295160 144.376844 49613.240304
493 12.206966 -4.821509 4.096848 35.623655 12101.739321
493 -12.206966 4.821509 4.096848 35.623655 12101.739321
493 13.148524 -5.004003 4.871795 126.278248 17113.000802
493 -13.148524 5.004003 4.871795 126.278248 17113.000802
494 8.336121 -3.984383 10.552706 290.298699 80292.648410
494 -8.336121 3.984383 10.552706 290.298699 80292.648410
495 8.481979 -4.019090 19.489905 31.031127 273884.548992
495 -8.481979 4.019090 19.489905 31.031127 273884.548992
496 6.187847 -3.432803 7.615720 114.784212 41818.647980
496 -6.187847 3.432803 7.615720 114.784212 41818.647980
497 9.412150 -4.233733 4.946034 204.865296 17638.525145
497 -9.412150 4.233733 4.946034 204.865296 17638.525145
498 17.984668 -5.852350 8.535522 343.965671 52530.097527
498 -17.984668 5.852350 8.535522 343.965671 52530.097527
