1 22.522815 6.881440 11.269390 109.196861 91569.088445
1 16.476977 5.885817 7.740206 15.117279 43196.958056
1 19.755162 6.444783 8.543617 263.799682 52629.787210
2 16.850629 5.952180 6.096932 351.161678 26802.217911
2 19.096721 6.336470 4.910860 120.479458 17388.539190
2 27.815032 7.647294 5.428976 116.802949 21251.224638
3 17.920866 6.138291 12.532181 24.442225 113240.407917
3 16.800687 5.943353 4.496395 186.639360 14577.293831
3 27.092103 7.547261 9.300696 207.016283 62370.462482
4 25.781795 7.362488 3.759853 111.128640 10192.715869
4 15.562727 5.720195 20.628984 47.711844 306834.190267
4 27.878204 7.655973 9.268301 249.998668 61936.744019
4 23.265450 6.993970 5.863033 152.642632 24785.220620
5 20.309257 6.534540 5.523205 90.093151 21995.324962
5 18.831554 6.292324 5.955163 337.313127 25570.274299
5 18.741955 6.277337 4.708628 67.883619 15985.892178
5 16.238450 5.843059 6.851373 20.177905 33845.688906
6 11.531660 4.923953 7.814239 293.049493 44027.240211
6 22.892513 6.937688 8.752482 264.743939 55234.514704
6 28.281343 7.711130 4.468235 86.758620 14395.277336
6 23.212807 6.986052 10.530863 31.785005 79960.584610
6 -28.567831 -7.750088 5.689234 98.134947 23337.574344
7 11.472178 4.911237 20.842569 245.114421 313220.767216
7 22.742390 6.914902 3.798998 50.843287 10406.055847
7 16.994011 5.977450 3.660850 165.251049 9663.001159
7 16.842699 5.950779 9.773964 294.582780 68879.431695
7 18.339529 6.209578 15.492804 217.799662 173064.563848
7 -17.580820 -6.079776 1.648863 80.002574 1960.275172
8 21.519239 6.726381 6.885424 196.221334 34182.941421
8 27.510009 7.605248 3.008728 161.034084 6527.004061
8 14.358627 5.494453 4.218059 156.625315 12828.428366
8 14.050043 5.435091 4.359584 105.625934 13703.712860
8 17.253583 6.022928 3.777823 72.171658 10290.379454
8 -5.415290 -3.374263 11.140145 65.284396 89480.772817
9 18.360887 6.213193 4.614278 186.751966 15351.669612
9 14.026208 5.430479 15.425329 265.199946 171560.368381
9 23.077447 6.965654 8.813064 40.133325 56001.794132
9 14.128471 5.450240 6.269031 24.373715 28336.678596
9 15.179054 5.649244 3.864509 183.632214 10768.039252
9 -13.604171 -5.348156 1.980754 28.561548 2828.845590
10 11.362665 4.887740 15.031237 167.170034 162906.162396
10 30.457630 8.002323 2.348572 101.372996 3977.001401
10 17.658600 6.093210 19.443824 62.154724 272590.939356
10 16.067205 5.812168 11.819307 212.317012 100723.803445
10 29.127436 7.825627 3.758936 110.646669 10187.744465
10 12.929828 5.213920 10.508240 53.516346 79617.414277
10 -14.754333 -5.569649 10.141688 196.865674 74159.809555
11 21.664098 6.748983 11.461610 320.034749 94719.492208
11 14.154003 5.455162 13.079946 2.366607 123355.906973
11 7.045682 3.848837 9.169726 295.750942 60626.260410
11 18.368241 6.214437 14.066287 193.504086 142661.585942
11 26.293769 7.435230 8.030665 36.770434 46499.805946
11 29.303337 7.849221 5.601894 84.882555 22626.522962
11 -18.105675 -6.169861 18.946446 254.612274 258823.432003
12 20.962501 6.638799 5.297539 114.398668 20234.682921
12 16.480923 5.886522 12.623298 85.730910 114893.043943
12 31.955786 8.196770 11.457608 33.370621 94653.352742
12 22.461920 6.872131 7.351212 147.285340 38964.214397
12 26.998078 7.534153 10.121497 36.352322 73864.807916
12 26.490695 7.463021 2.575172 257.555445 4781.460078
12 -18.954677 -6.312861 5.461291 240.511395 21504.964200
12 -18.263784 -6.196742 7.518411 143.924521 40756.811113
13 31.498169 8.137868 6.614709 143.110832 31547.836198
13 20.694571 6.596236 5.090891 149.033549 18686.831905
13 18.575851 6.249458 6.027296 24.952970 26193.472244
13 17.774214 6.113124 5.834349 232.188737 24543.294933
13 31.877172 8.186682 6.363632 117.223198 29198.341261
13 21.009107 6.646175 6.921569 81.721289 34542.771375
13 27.181059 7.559641 16.538595 15.744161 197217.429298
13 -29.521977 -7.878449 3.740218 335.914765 10086.531760
13 -32.593332 -8.278133 7.641169 60.736837 42098.601741
14 19.599521 6.419345 9.086041 155.940176 59524.731523
14 19.059642 6.330316 4.292930 234.501422 13287.878445
14 25.482713 7.319659 9.717476 188.014788 68085.559971
14 19.718193 6.438750 4.714275 45.956632 16024.255968
14 24.713689 7.208365 6.988412 0.669275 35213.163925
14 16.948818 5.969497 11.807416 198.633584 100521.232274
14 18.576979 6.249648 5.633572 184.701091 22883.149181
14 -19.341341 -6.376925 13.637444 45.863082 134095.455635
14 -10.625367 -4.726503 4.525661 26.043041 14767.677272
15 20.799165 6.612885 11.188049 114.528089 90251.989722
15 20.321377 6.536489 12.034388 130.392161 104422.988736
15 18.641875 6.260555 6.280518 258.332024 28440.611880
15 21.232434 6.681407 3.949476 151.046580 11246.749825
15 14.382855 5.499087 6.587737 303.656954 31291.078231
15 25.418960 7.310497 15.198884 122.427987 166560.288441
15 15.321878 5.675760 4.878437 171.346902 17159.688141
15 -13.799760 -5.386464 6.475193 133.492880 30231.071728
15 -12.950404 -5.218067 15.326622 202.719672 169371.748745
16 26.678780 7.489468 3.431892 75.565116 8492.103724
16 27.612346 7.619380 3.861791 181.319144 10752.897768
16 16.350256 5.863140 8.523229 53.561847 52378.899991
16 13.812443 5.388939 2.836966 332.096857 5803.049135
16 11.189437 4.850339 7.722769 52.278164 43002.545408
16 15.197787 5.652729 6.039183 86.061983 26296.891986
16 18.825848 6.291371 7.375440 66.237145 39221.476475
16 16.756782 5.935582 12.034516 75.278078 104425.210591
16 -22.381658 -6.859842 9.896240 303.862662 70613.623832
16 -17.740765 -6.107369 8.119653 20.318913 47536.045723
17 24.910671 7.237036 9.045904 224.570390 59000.004397
17 26.836178 7.511529 2.439864 312.908554 4292.192117
17 -2.432106 2.261305 11.358632 22.613344 93025.093474
17 17.812962 6.119784 4.920442 234.653743 17456.462218
17 29.171281 7.831514 10.584114 164.729140 80771.298937
17 15.824899 5.768176 6.529244 223.439032 30737.880893
17 26.133131 7.412483 4.431711 201.411761 14160.902924
17 9.671499 4.509360 6.811769 186.771492 33455.530735
17 -11.876745 -4.997085 3.739884 190.129886 10084.729140
17 -23.580327 -7.041139 17.296307 36.053207 215702.338710
17 -19.487546 -6.400982 5.034695 131.023994 18276.557333
18 26.913982 7.522410 7.098745 311.299995 36333.829301
18 29.313886 7.850633 12.321282 145.516258 109461.115379
18 17.863055 6.128383 9.868509 356.256563 70218.438274
18 17.252007 6.022653 3.657934 71.370920 9647.613547
18 10.684686 4.739678 5.566272 339.861500 22339.679278
18 13.088921 5.245899 6.390404 321.022368 29444.532420
18 21.706736 6.755621 18.512014 80.971548 247090.145937
18 13.210182 5.270143 6.792801 75.492109 33269.464609
18 -17.186069 -6.011132 7.805665 353.328234 43930.675041
18 -24.567682 -7.187040 11.977993 282.995549 103446.591952
18 -23.444975 -7.020902 4.114339 205.035638 12205.290990
19 12.088043 5.041340 5.561144 109.657164 22298.534778
19 23.587760 7.042249 5.519905 94.778800 21969.052876
19 14.565228 5.533841 11.805568 16.846131 100489.767068
19 13.306956 5.289412 22.355810 52.366756 360353.618352
19 7.930971 4.083487 7.987960 267.623068 46006.570145
19 13.261191 5.280308 12.416805 329.261039 111164.934281
19 15.704314 5.746157 5.486060 219.760536 21700.475041
19 18.113260 6.171153 5.387221 52.926342 20925.588930
19 26.067870 7.403222 4.559097 144.024777 14986.690893
19 -15.217684 -5.656428 9.678284 21.992944 67537.475443
19 -16.166893 -5.830171 5.423722 53.037032 21210.113574
19 -15.362653 -5.683307 5.890089 181.180345 25014.501471
20 18.707341 6.271538 10.085371 322.521075 73338.472859
20 30.405027 7.995409 10.837316 163.738164 84682.083192
20 13.663465 5.359798 12.249667 118.051108 108192.375063
20 23.145227 6.975876 5.263993 150.478210 19979.228264
20 13.594854 5.346324 4.171263 287.023106 12545.360731
20 18.727393 6.274898 2.765350 302.162764 5513.767365
20 20.757463 6.606252 9.070205 37.463913 59317.419747
20 3.588123 2.746640 4.652292 77.405891 15605.656677
20 6.719412 3.758665 4.638397 56.409023 15512.576993
20 -25.701276 -7.350982 5.859985 138.352995 24759.451177
20 -21.704713 -6.755306 4.458739 197.715475 14334.154619
20 -18.239913 -6.192691 5.548031 166.564518 22193.502937
21 23.753581 7.066959 4.980561 265.020711 17885.643187
21 23.149580 6.976532 14.213910 328.557685 145671.712414
21 17.029449 5.983679 6.242917 353.082623 28101.088270
21 23.962102 7.097909 5.495213 343.918064 21772.939788
21 27.904191 7.659541 6.209977 100.435964 27805.332752
21 5.915448 3.526646 5.845328 191.087041 24635.749377
21 12.300709 5.085493 7.419200 237.766354 39688.275789
21 11.540139 4.925763 5.767140 189.357398 23981.095375
21 19.902995 6.468852 8.089391 347.461012 47182.366404
21 -23.269262 -6.994542 8.982176 18.948896 58171.618362
21 -21.948273 -6.793103 12.524596 24.699940 113103.365244
21 -18.395438 -6.219036 4.653930 168.880392 15616.644923
21 -22.792315 -6.922488 10.324825 134.112164 76862.321867
22 12.763020 5.180179 4.402716 233.550001 13976.210331
22 16.244606 5.844167 2.161271 340.690589 3367.957949
22 31.309858 8.113506 1.901628 175.270315 2607.348478
22 7.592373 3.995368 15.708114 97.204983 177908.291449
22 12.715244 5.170474 8.997565 240.053431 58371.120133
22 19.709141 6.437272 2.573914 169.539637 4776.789854
22 23.255884 6.992531 9.250197 46.293367 61695.015764
22 17.705564 6.101307 6.154284 225.153776 27308.834972
22 17.347837 6.039357 4.876184 104.391555 17143.842323
22 12.544427 5.135626 5.341852 132.413561 20574.617278
22 -32.995818 -8.329088 5.588277 337.373871 22516.656890
22 -29.086209 -7.820087 7.086094 310.598156 36204.445894
22 -25.535528 -7.327240 20.255182 309.384673 295815.135789
22 -18.845913 -6.294723 1.587191 188.832579 1816.377823
23 14.659173 5.551659 6.018202 162.126318 26114.491566
23 29.955179 7.936042 7.337632 305.682952 38820.394476
23 21.360261 6.701489 4.560540 100.962957 14996.180597
23 18.860831 6.297213 6.251835 166.940670 28181.430148
23 6.191771 3.608074 20.436539 198.525777 301136.051854
23 9.555882 4.482325 13.509481 127.239262 131590.767621
23 8.808059 4.303364 5.822581 202.198515 24444.383178
23 11.576070 4.933425 4.264691 57.118366 13113.639604
23 0.590460 1.114201 6.675961 273.025635 32134.799938
23 15.853973 5.773472 5.112475 119.185657 18845.620088
23 -19.250492 -6.361931 10.575703 162.103782 80642.979222
23 -19.708822 -6.437220 7.557929 155.339556 41186.380966
23 -15.628614 -5.732291 4.280565 79.406101 13211.443244
23 -25.548882 -7.329156 3.987449 324.756056 11464.057300
24 22.134510 6.821863 7.914483 353.932605 45164.080116
24 13.949553 5.415619 7.099414 157.930778 36340.685940
24 23.052738 6.961924 2.384310 314.034264 4098.957351
24 11.693014 4.958282 11.018220 258.158289 87532.833623
24 12.238812 5.072682 5.257130 17.355814 19927.166208
24 18.606325 6.254582 11.550243 63.242944 96190.079789
24 9.603796 4.493549 12.373851 21.821182 110397.148615
24 20.599300 6.581035 11.809025 162.434046 100548.625994
24 13.821678 5.390740 3.137419 99.004716 7097.299044
24 14.932699 5.603213 5.398456 171.135171 21012.956094
24 -25.098481 -7.264266 5.705098 197.468073 23467.899289
24 -17.022177 -5.982401 8.886218 347.105627 56935.353891
24 -13.373401 -5.302601 5.198301 216.682206 19483.680631
24 -24.130343 -7.122784 5.435608 52.259699 21303.178088
25 13.862104 5.398618 5.114648 232.067448 18861.644083
25 16.809842 5.944972 3.844669 332.543110 10657.763521
25 1.650336 1.862748 4.163449 283.746707 12498.406332
25 21.988371 6.799305 6.272392 280.529585 28367.064072
25 11.620139 4.942807 7.298183 151.814854 38404.103147
25 24.745975 7.213072 2.478988 174.511733 4430.950625
25 21.264392 6.686433 2.908397 229.654066 6098.957272
25 16.597339 5.907276 2.960436 315.105316 6319.160338
25 9.866366 4.554562 14.738931 74.745146 156631.846643
25 17.533937 6.071664 25.707747 23.781445 476514.497770
25 28.230190 7.704153 5.766658 137.719298 23977.090361
25 -23.273481 -6.995176 7.703051 104.333483 42783.234615
25 -2.987447 -2.506214 3.034414 299.810990 6638.925932
25 -20.070671 -6.496044 6.245832 178.991711 28127.340058
25 -8.591024 -4.250015 10.099093 219.226411 73538.162829
25 -3.377378 -2.664759 4.315737 43.133478 13429.444563
26 23.825111 7.077591 9.584315 183.321875 66232.356938
26 20.261654 6.526877 3.107962 40.445292 6964.654230
26 3.901941 2.864233 10.594552 0.993719 80930.699773
26 22.229290 6.836452 7.998276 154.287961 46125.470560
26 8.984881 4.346345 5.197310 119.618681 19476.249060
26 14.545968 5.530181 7.068320 154.193177 36023.047426
26 6.663550 3.743009 7.632549 130.624233 42003.675129
26 23.436784 7.019675 17.975015 352.544921 232962.810147
26 -0.019567 0.202831 12.420481 234.756368 111230.756768
26 0.448509 0.971077 9.645723 258.457198 67083.796296
26 11.072974 4.825031 10.315247 47.860934 76719.784240
26 -36.333032 -8.740149 12.337166 199.651813 109743.523715
26 -13.195684 -5.267250 5.687622 200.163777 23324.347237
26 -29.622542 -7.891856 11.000321 275.135274 87248.671058
26 -23.770852 -7.069527 12.316295 332.443184 109372.516479
26 -14.000112 -5.425425 7.535031 193.385870 40937.203219
27 23.429019 7.018512 2.773107 43.035384 5544.743328
27 21.276054 6.688266 9.591491 157.291069 66331.581592
27 10.524905 4.704106 11.858281 354.526973 101389.162187
27 10.819648 4.769519 3.474153 338.712000 8702.539031
27 5.385006 3.364814 9.335814 253.131443 62842.358098
27 27.932958 7.663488 2.206974 285.774985 3511.902457
27 18.895084 6.302929 5.210385 92.932220 19574.364069
27 10.423083 4.681296 16.677717 49.542311 200549.364577
27 3.477735 2.704060 8.878988 324.416241 56842.737760
27 20.374282 6.544993 1.731395 357.912172 2161.426893
27 -2.443917 2.266790 3.197553 109.389351 7371.969959
27 -20.972454 -6.640375 3.283351 296.042673 7772.891826
27 -24.814593 -7.223066 10.891841 171.586884 85536.346535
27 -15.736940 -5.752123 5.938386 194.333785 25426.403588
27 -19.601824 -6.419722 3.532065 179.846146 8995.086979
27 -18.002531 -6.152261 3.580406 350.526568 9242.994920
28 11.679793 4.955478 6.220059 189.847502 27895.686315
28 15.369927 5.684652 3.368430 251.761775 8180.938164
28 8.899921 4.325747 5.316156 143.721045 20377.151193
28 12.723033 5.172057 10.225263 232.566145 75387.095047
28 23.339120 7.005034 2.388982 241.265843 4115.037440
28 15.825189 5.768229 4.647030 19.632158 15570.376109
28 9.048952 4.361814 12.073197 329.817275 105097.570881
28 12.448467 5.115946 4.275124 187.523825 13177.876190
28 14.750240 5.568876 12.803274 23.631079 118192.565494
28 16.990369 5.976809 2.315213 15.821172 3864.825781
28 16.671736 5.920500 8.568554 97.532193 52937.460696
28 12.458367 5.117980 6.885605 154.643881 34184.740987
28 -18.939713 -6.310368 5.807852 220.355197 24320.872370
28 -20.233994 -6.522421 5.122486 359.688656 18919.496790
28 -22.102158 -6.816875 8.791753 113.636973 55731.275821
28 -23.562189 -7.038430 9.010202 75.577100 58535.205626
28 -8.544361 -4.238457 6.081131 83.425061 26663.478567
29 11.661594 4.951616 3.461091 233.443638 8637.220200
29 14.620525 5.544335 4.174942 266.297813 12567.500905
29 23.618234 7.046796 3.298832 292.392783 7846.364037
29 10.891595 4.785350 3.454160 6.504580 8602.663722
29 24.815650 7.223220 2.613219 332.507475 4923.790045
29 0.194224 0.639027 12.344905 267.310130 109881.250656
29 12.570439 5.140948 9.204041 136.057658 61080.856124
29 16.071147 5.812881 3.929393 330.976492 11132.662470
29 12.591468 5.145246 7.373177 203.065769 39197.411521
29 15.872573 5.776858 11.489923 238.059218 95188.028761
29 7.912022 4.078606 15.140737 272.178626 165288.300796
29 -0.939550 1.405490 14.707357 322.406345 155961.484315
29 -24.441082 -7.168499 5.684963 246.006907 23302.547755
29 -21.938099 -6.791528 5.681973 92.473842 23278.039947
29 -8.848537 -4.313241 8.767989 82.264848 55430.406800
29 -22.537045 -6.883614 5.507671 207.579416 21871.775430
29 -22.944510 -6.945562 4.517642 204.428096 14715.386249
29 -18.929480 -6.308663 10.572042 110.010417 80587.163535
30 3.258913 2.617607 4.329252 196.318036 13513.684274
30 6.880121 3.803348 2.901427 6.014739 6069.755984
30 14.046314 5.434370 5.981358 82.170418 25795.722950
30 11.201579 4.852970 10.629204 33.906129 81460.959902
30 7.210243 3.893525 4.486864 224.873191 14515.562150
30 20.781520 6.610079 5.186825 84.343895 19397.742272
30 18.581323 6.250378 12.625490 113.709760 114932.949542
30 5.432228 3.379535 8.691730 247.059601 54470.389692
30 11.098691 4.830631 9.641414 298.430959 67023.881692
30 15.951080 5.791126 11.205090 277.850784 90527.126352
30 10.121631 4.613104 14.130746 312.804533 143972.064260
30 20.485314 6.562802 5.402099 323.140120 21041.329531
30 -20.559633 -6.574696 8.647866 130.734279 53921.999053
30 -21.987201 -6.799124 2.398070 316.479395 4146.405115
30 -27.116381 -7.550642 20.768346 113.932891 310993.915647
30 -3.076924 -2.543469 6.111530 326.959859 26930.719424
30 -27.846493 -7.651618 7.212332 163.581468 37505.893544
30 -21.588816 -6.737246 9.498510 98.756973 65051.756674
31 12.794800 5.186624 13.943727 215.588428 140186.370481
31 14.054908 5.436032 3.747002 86.927021 10123.155070
31 13.015352 5.231135 12.510238 25.189803 112844.184712
31 6.554143 3.712154 8.833170 249.281931 56257.603473
31 10.841506 4.774334 9.232066 109.102473 61453.392400
31 15.998970 5.799813 10.490330 325.775612 79346.241464
31 1.344514 1.681321 2.482187 147.744258 4442.394901
31 20.079969 6.497548 5.927479 37.164085 25333.089509
31 8.741106 4.286977 6.086570 149.523430 26711.195604
31 12.729684 5.173409 8.518311 91.504520 52318.469970
31 19.839956 6.458599 1.474041 171.937758 1566.632431
31 11.303501 4.874999 6.939865 32.779221 34725.631393
31 -13.117554 -5.251634 13.272163 301.651503 127008.113703
31 -23.976804 -7.100087 14.734232 349.248793 156531.970408
31 -24.324062 -7.151317 11.035862 173.879945 87813.365775
31 -15.538396 -5.715722 7.191578 312.246206 37290.347921
31 -15.677632 -5.741273 4.654415 153.208186 15619.900564
31 -13.328220 -5.293636 11.589920 46.270984 96852.086030
32 9.816229 4.542975 4.559185 221.627848 14987.266749
32 22.320438 6.850454 5.758085 161.247993 23905.849861
32 11.429798 4.902158 8.494432 102.564190 52025.565300
32 19.344365 6.377423 2.339571 275.488285 3946.576801
32 14.792819 5.576908 3.207383 254.769989 7417.367233
32 9.425272 4.451588 6.693259 27.519976 32301.546070
32 22.301444 6.847539 16.001511 331.790322 184616.311970
32 10.606170 4.722232 9.385763 359.540055 63516.602371
32 25.414261 7.309821 10.648543 355.180487 81757.652605
32 12.678374 5.162972 5.021980 344.467595 18184.360419
32 19.576689 6.415605 3.396888 278.047416 8319.753072
32 27.571664 7.613765 5.097361 168.755810 18734.362660
32 -11.513379 -4.920049 7.514671 212.366533 40716.274635
32 -17.610369 -6.084883 7.103043 85.239334 36377.839674
32 -16.597157 -5.907243 8.718331 239.821056 54804.324127
32 -10.629239 -4.727365 14.447860 102.184617 150506.456985
32 -10.319166 -4.657902 3.151028 280.765535 7159.004410
32 -31.021439 -8.076049 17.925461 60.892710 231680.112046
33 8.646098 4.263616 4.943225 129.895277 17618.496038
33 19.589771 6.417748 7.402843 177.032277 39513.464311
33 3.838463 2.840839 6.297569 201.768204 28595.249432
33 9.760248 4.530002 10.123127 124.579675 73888.600265
33 9.817453 4.543258 19.448880 19.695881 272732.748431
33 11.963928 5.015392 9.153082 273.728094 60406.373621
33 13.481361 5.323961 1.341930 178.987461 1298.397546
33 10.691791 4.741254 12.488895 254.437873 112459.489716
33 5.379609 3.363128 8.331766 278.052054 50052.086944
33 6.954678 3.823900 3.318020 358.620841 7937.907090
33 12.170154 5.058433 4.919306 349.709773 17448.402919
33 10.445739 4.686381 7.643288 210.715278 42121.956635
33 19.445520 6.394076 1.861867 33.823650 2499.454676
33 -20.778812 -6.609648 9.004488 125.361288 58460.981943
33 -15.992425 -5.798627 10.852993 4.540318 84927.265016
33 -16.752876 -5.934890 5.156973 332.180182 19175.108408
33 -16.085041 -5.815393 3.561652 291.579993 9146.417082
33 -12.341622 -5.093944 6.140185 80.181441 27183.847132
33 -18.858059 -6.296751 2.934812 41.199061 6210.245078
34 13.994076 5.424255 7.869742 43.476666 44654.896403
34 12.422787 5.110666 5.620625 304.017046 22778.088167
34 9.036638 4.358845 24.311617 129.116882 426163.009013
34 8.597964 4.251731 1.911365 195.041299 2634.118804
34 14.959018 5.608149 9.073040 189.050962 59354.514551
34 8.884131 4.321908 19.090135 167.406716 262764.119302
34 8.317377 4.181780 2.278844 309.930039 3744.356612
34 16.586167 5.905287 15.345750 228.618643 169794.764401
34 6.411477 3.671530 8.317148 189.756786 49876.604971
34 14.238749 5.471469 11.709672 49.168398 98863.853009
34 18.175666 6.181775 6.691872 207.809779 32288.158916
34 19.307721 6.371380 8.025529 301.143527 46440.340763
34 13.057286 5.239556 7.074556 116.846858 36086.645282
34 -28.950408 -7.801810 22.399620 301.161223 361767.354928
34 -24.336140 -7.153093 5.110849 317.846899 18833.638500
34 -29.090410 -7.820651 4.302277 18.114487 13345.807743
34 -10.246416 -4.641453 13.450084 194.596718 130436.169836
34 -13.693766 -5.365738 3.069735 242.530626 6794.379655
34 -8.557863 -4.241805 14.954257 343.776577 161241.839322
34 -18.360530 -6.213132 5.855800 152.956327 24724.105977
35 11.117451 4.834712 3.834928 185.620262 10603.824667
35 14.118539 5.448323 7.368260 233.749068 39145.147774
35 17.195573 6.012794 10.910792 152.713781 85834.256530
35 17.867813 6.129199 4.313208 12.873973 13413.709406
35 26.384377 7.448030 7.447770 131.964730 39994.532902
35 8.528016 4.234401 2.386856 291.492088 4107.715670
35 24.348875 7.154964 5.469898 309.618831 21572.800211
35 20.758520 6.606420 14.130871 335.192470 143974.612235
35 23.852776 7.081699 6.351540 232.595551 29087.482711
35 22.625039 6.897039 5.156494 330.543054 19171.541512
35 27.792088 7.644139 11.418177 298.671477 94002.977570
35 18.181887 6.182832 6.758919 91.911190 32938.406869
35 24.334399 7.152837 26.649939 283.837752 512083.166849
35 -14.399225 -5.502215 12.689239 288.932530 116096.528151
35 -5.828150 -3.500527 5.582232 73.103674 22467.968499
35 -22.260077 -6.841185 18.315539 243.522910 241873.044515
35 -9.200800 -4.398259 4.974536 117.017465 17842.396961
35 -18.086672 -6.166622 17.084261 258.198841 210445.907704
35 -32.564941 -8.274526 14.445580 142.176319 150458.961639
35 -18.635450 -6.259475 12.550849 274.325384 113578.023324
36 14.319677 5.486996 3.960567 100.768093 11310.004966
36 21.174887 6.672346 8.191821 47.581405 48384.808795
36 16.720624 5.929175 8.318527 122.982179 49893.151986
36 9.675840 4.510372 7.104028 38.433045 36387.936043
36 18.734488 6.276086 10.089332 123.722716 73396.079550
36 18.165457 6.180038 4.938979 186.277754 17588.242203
36 12.782442 5.184118 13.096173 240.455321 123662.166865
36 8.140297 4.137025 1.904770 21.842277 2615.973544
36 22.355372 6.855813 2.220532 287.054150 3555.182986
36 14.420453 5.506269 8.215168 354.909558 48660.998833
36 6.423086 3.674852 6.655106 67.001864 31934.344587
36 13.771599 5.380965 2.727758 180.486194 5364.877075
36 9.273235 4.415538 4.234517 51.453531 12928.728093
36 -7.015652 -3.840626 3.981613 41.637660 11430.524470
36 -20.773169 -6.608751 19.952278 357.054158 287033.807979
36 -16.050090 -5.809072 4.594869 182.640697 15222.792059
36 -13.434579 -5.314716 8.333708 283.778482 50075.423367
36 -6.981618 -3.831299 4.892322 71.387994 17257.507133
36 -17.031643 -5.984065 7.200921 314.508788 37387.307986
36 -17.524993 -6.070115 2.036655 42.304254 2990.769057
37 16.943292 5.968523 32.777640 310.219947 774646.280937
37 -1.126948 1.539288 2.387738 305.442028 4110.751932
37 11.757412 4.971917 8.869498 119.527900 56721.301367
37 11.728785 4.965860 5.254997 268.899862 19910.994343
37 14.828916 5.583708 6.929954 323.684890 34626.514147
37 14.814883 5.581065 5.407288 156.832602 21081.767592
37 8.922293 4.331180 3.555464 297.415206 9114.664968
37 9.459313 4.459620 5.893933 113.510354 25047.160223
37 23.201203 6.984306 3.807340 232.185615 10451.805724
37 20.010498 6.486299 14.843525 227.571218 158862.783805
37 15.042615 5.623797 7.751658 136.948304 43324.876170
37 8.704371 4.277960 3.027786 350.940062 6609.952866
37 14.444348 5.510829 6.365511 261.719106 29215.591443
37 -16.206487 -5.837306 7.944046 37.590804 45502.113930
37 -17.835508 -6.123655 5.407879 77.098801 21086.377138
37 -21.575944 -6.735237 6.637710 172.265121 31767.615905
37 -14.722087 -5.563559 5.450533 314.232837 21420.320329
37 -17.579705 -6.079583 8.966658 349.509941 57970.799931
37 -18.297424 -6.202446 9.138996 213.137618 60220.601651
37 -5.310300 -3.341393 6.674879 24.769574 32124.383699
38 7.402864 3.945190 9.308855 102.433898 62479.941694
38 18.757658 6.279966 14.340879 302.971802 148285.825829
38 8.271421 4.170211 4.547700 25.525902 14911.857318
38 9.395423 4.444533 7.761663 303.929233 43436.784847
38 17.227845 6.018434 12.906625 194.509972 120108.418160
38 16.961531 5.971735 1.892430 26.288806 2582.188426
38 8.989234 4.347398 5.919405 3.831205 25264.122399
38 16.282853 5.851042 5.586039 301.181939 22498.629657
38 17.020603 5.982125 5.829770 299.778425 24504.784301
38 13.567743 5.340991 6.461262 327.375936 30101.126903
38 8.336273 4.186528 4.874171 284.024752 17129.696380
38 11.047134 4.819398 9.238034 261.472702 61532.877352
38 26.510632 7.465829 6.207639 302.756397 27784.401025
38 15.027799 5.621027 8.654365 311.396301 54003.080830
38 -4.115586 -2.941601 18.018772 279.570855 234098.401309
38 -16.704015 -5.926229 10.120200 315.479772 73845.885348
38 -14.731396 -5.565318 3.825414 342.299857 10551.274541
38 -22.429047 -6.867101 13.816374 293.239341 137637.324313
38 -17.966890 -6.146168 16.594588 169.611227 198555.098830
38 -15.141444 -5.642241 4.880050 345.742661 17171.040069
38 -11.969498 -5.016560 3.808949 330.875736 10460.643594
38 -15.329940 -5.677253 8.541186 123.908707 52599.835444
39 10.212218 4.633701 17.314520 184.348774 216156.846066
39 6.372253 3.660282 8.099837 39.626061 47304.299017
39 21.284541 6.689600 3.457787 332.225391 8620.741784
39 24.532494 7.181892 6.572364 94.971723 31145.208571
39 10.827046 4.771149 9.664366 318.121540 67343.358589
39 14.483284 5.518252 13.589473 143.322413 133153.716030
39 17.499350 6.065673 7.914086 2.194509 45159.548809
39 23.206802 6.985149 3.746650 266.567083 10121.253193
39 27.165455 7.557471 4.469115 4.258167 14400.949629
39 17.238372 6.020272 2.653337 149.136298 5076.131584
39 18.569191 6.248338 11.387783 353.045748 93503.195370
39 12.730160 5.173506 7.152356 290.290569 36884.704344
39 11.073598 4.825167 5.442972 219.699319 21360.934533
39 4.599069 3.109589 3.923831 326.817116 11101.168339
39 -2.653907 -2.362168 15.409597 264.626766 171210.592188
39 -5.699356 -3.461632 11.979905 117.846549 103479.619559
39 -18.906758 -6.304876 8.002107 180.540229 46169.672921
39 -21.803764 -6.770703 4.472545 90.411930 14423.064848
39 -9.908840 -4.564355 8.765374 213.386194 55397.349939
39 -10.894107 -4.785902 6.892393 173.939621 34252.176449
39 -17.584405 -6.080396 8.091964 279.901875 47212.384417
39 -17.535308 -6.071901 6.834138 73.665473 33675.619564
40 16.128625 5.823267 8.430975 331.205863 51251.156337
40 24.097993 7.118007 8.559014 15.959094 52819.652765
40 31.246252 8.105260 6.950280 238.329989 34829.938321
40 16.673895 5.920884 8.694743 69.049835 54508.170451
40 14.025486 5.430339 7.609932 223.852736 41755.109599
40 14.031981 5.431596 6.316395 141.312177 28766.475834
40 5.616056 3.436242 7.825933 358.018464 44159.114938
40 17.901526 6.134978 9.460459 359.247290 64531.611362
40 14.238430 5.471407 8.272838 170.115481 49346.585492
40 15.972381 5.794992 13.229932 72.427186 126201.148797
40 6.274851 3.632200 7.811687 76.321405 43998.489930
40 22.993386 6.952956 5.094917 210.664176 18716.399943
40 12.632869 5.153698 13.528444 6.298357 131960.442885
40 11.345512 4.884049 9.359478 270.846919 63161.342032
40 -12.433742 -5.112919 17.225653 217.361575 213943.673633
40 -10.480161 -4.694096 9.996100 329.498778 72045.904265
40 -9.286433 -4.418679 7.977633 91.784823 45887.690237
40 -17.571955 -6.078243 14.123776 301.295994 143830.068963
40 -18.790852 -6.285520 9.858196 247.074097 70071.745519
40 -27.192946 -7.561294 6.095820 79.242505 26792.444523
40 -17.110521 -5.997905 3.944369 30.898045 11217.680778
40 -26.782246 -7.503977 5.421145 348.859534 21189.962962
41 30.144635 7.961099 8.120684 3.782654 47548.110999
41 17.349727 6.039686 5.354175 259.433298 20669.650184
41 10.320365 4.658172 2.214708 337.003905 3536.559385
41 14.137717 5.452023 12.896608 92.574839 119922.062854
41 9.004446 4.351074 3.293044 44.526250 7818.854051
41 18.922701 6.307534 7.562445 294.792538 41235.624598
41 9.686253 4.512798 6.243763 157.602089 28108.708103
41 21.095688 6.659856 6.773012 160.301445 33075.906156
41 8.609472 4.254576 6.014190 78.889862 26079.685656
41 7.679197 4.018148 2.958707 223.994579 6311.783640
41 3.919744 2.870760 2.761932 147.639071 5500.144186
41 17.704033 6.101043 4.385214 13.267656 13865.310301
41 12.933731 5.214707 8.446442 284.078866 51439.378479
41 28.149639 7.693154 5.793059 309.121422 24197.136237
41 -18.688414 -6.268364 6.833307 225.661157 33667.428588
41 -8.428678 -4.209667 5.955451 325.927234 25572.743614
41 -27.183336 -7.559958 3.683106 284.359971 9780.847739
41 -18.129147 -6.173859 7.804806 175.674537 43921.010652
41 -12.548463 -5.136453 8.714389 224.946198 54754.774465
41 -17.019383 -5.981911 4.893639 18.038815 17266.803425
41 -22.457257 -6.871418 8.599786 58.455918 53324.074542
41 -15.217821 -5.656454 5.616585 107.638288 22745.353559
42 13.412542 5.310355 9.208125 349.730611 61135.074882
42 17.916571 6.137556 4.283892 167.784599 13231.989697
42 5.621870 3.438020 6.717682 197.632427 32537.707804
42 14.040494 5.433244 5.491771 19.017155 21745.679311
42 4.030173 2.910917 6.476899 162.556834 30246.997316
42 18.997208 6.319939 4.988254 302.651556 17940.937686
42 -1.347087 1.682929 6.150388 338.042080 27274.263674
42 16.846916 5.951524 10.790458 255.815277 83951.380148
42 14.246014 5.472864 4.628897 228.623782 15449.096195
42 6.708052 3.755486 6.769373 21.481116 33040.373858
42 3.809191 2.829987 2.804103 161.720999 5669.385574
42 16.056403 5.810214 11.134516 333.320291 89390.376901
42 9.226901 4.404493 7.055272 110.934082 35890.181387
42 7.748775 4.036310 6.343993 41.336833 29018.403609
42 -13.509390 -5.329493 2.204868 151.939745 3505.203490
42 -17.876589 -6.130704 1.844043 221.689673 2451.829953
42 -14.525697 -5.526326 4.488710 230.255991 14527.507696
42 -9.754619 -4.528696 2.905503 177.324084 6086.825123
42 -13.658099 -5.358745 5.415125 83.483529 21142.922172
42 -20.151783 -6.509157 1.951228 300.042367 2745.138195
42 -7.193651 -3.889043 4.641537 287.248443 15533.586433
42 -23.733934 -7.064035 4.474728 240.707362 14437.148726
43 13.179158 5.263951 8.798895 48.629718 55821.864394
43 15.167157 5.647030 4.364306 120.799941 13733.413662
43 17.431362 6.053878 7.422320 125.653286 39721.663941
43 17.777636 6.113712 4.956498 306.493570 17713.239947
43 7.017999 3.841268 9.661306 2.971090 67300.724156
43 12.016541 5.026408 12.524928 106.061718 113109.360836
43 12.351475 5.095976 4.746497 211.216177 16244.056717
43 14.249473 5.473529 5.027026 194.301438 18220.922828
43 23.783909 7.071469 14.814532 318.439931 158242.784941
43 1.186286 1.579293 5.367073 212.812131 20769.358639
43 17.425045 6.052781 3.237012 153.699948 7555.036846
43 24.357024 7.156161 7.774193 48.287418 43577.133469
43 15.479696 5.704915 12.324414 314.218586 109516.773145
43 12.703108 5.168006 4.192410 27.549865 12672.887830
43 -9.139816 -4.383659 14.695669 246.767181 155713.696526
43 -14.282987 -5.479962 12.389568 273.175605 110677.766957
43 -10.921133 -4.791835 2.065278 358.175807 3075.424780
43 -14.933985 -5.603455 5.006515 188.798148 18072.535062
43 -15.952420 -5.791370 5.822882 224.343756 24446.910439
43 -22.776557 -6.920095 3.237499 17.277446 7557.310476
43 -13.030092 -5.234097 3.468528 331.472799 8674.382432
43 -21.098351 -6.660277 6.310552 272.403223 28713.277216
44 8.584389 4.248374 2.910936 172.777913 6109.606913
44 16.679788 5.921930 5.001247 149.422131 18034.524739
44 18.797004 6.286549 5.592597 212.800388 22551.482342
44 1.982592 2.041666 7.849096 312.371424 44420.905468
44 7.741069 4.034303 4.012571 18.651391 11608.968071
44 10.257338 4.643926 17.538415 329.845583 221783.266629
44 11.306267 4.875595 6.209909 32.078613 27804.722968
44 12.063560 5.036232 5.674533 145.760285 23217.117451
44 10.485503 4.695292 9.210240 62.460977 61163.167920
44 22.079017 6.813306 9.370405 103.191288 63308.907611
44 15.340206 5.679153 3.822524 67.973534 10535.338104
44 13.447580 5.317287 6.632173 90.787855 31714.640268
44 6.408308 3.670622 7.384722 37.122031 39320.254879
44 13.555147 5.338511 13.706439 275.604025 135455.725337
44 -15.815194 -5.766407 11.820976 195.575620 100752.247441
44 -28.349474 -7.720413 4.353205 11.044338 13663.635533
44 -5.146406 -3.289425 2.644983 280.833007 5044.216314
44 -33.613128 -8.406640 3.310323 142.326473 7901.121284
44 -4.958310 -3.228753 1.500199 7.069161 1622.728779
44 -10.960469 -4.800457 5.121249 331.015099 18910.359762
44 -11.527744 -4.923117 3.332607 69.707258 8007.857659
44 -9.275811 -4.416151 4.803033 119.142046 16633.327919
44 -10.565244 -4.713112 4.708584 189.093742 15985.591453
45 11.503332 4.917902 15.505979 208.462630 173359.019664
45 20.327457 6.537467 5.848958 266.906484 24666.363871
45 14.673689 5.554407 11.610460 253.981888 97195.673403
45 11.438958 4.904122 4.515756 300.325541 14703.102652
45 8.494564 4.226088 8.554111 335.925925 52759.161390
45 18.744895 6.277829 3.047965 234.575381 6698.354188
45 3.569195 2.739385 7.711232 290.746123 42874.153395
45 20.449821 6.557114 3.438733 25.512499 8525.992479
45 6.054149 3.567751 5.346219 70.279976 20608.274323
45 13.661186 5.359351 3.346054 0.396492 8072.610598
45 14.968280 5.609885 3.170625 137.620008 7248.327044
45 8.418988 4.207246 6.059205 108.710573 26471.549064
45 12.963709 5.220747 16.209381 141.025598 189444.035011
45 11.038365 4.817485 6.144621 10.460037 27223.145729
45 -6.959169 -3.825134 6.500516 170.879932 30467.988527
45 -9.307632 -4.423720 7.520669 315.884575 40781.291971
45 -9.104022 -4.375066 2.991827 239.689125 6453.882144
45 -18.485957 -6.234318 11.210759 172.214639 90618.753234
45 2.844449 -2.445497 4.672613 209.501294 15742.283044
45 -5.123340 -3.282046 12.577707 119.169868 114064.629253
45 -9.238157 -4.407179 4.755660 99.399198 16306.831397
45 -18.718595 -6.273424 4.432313 28.897890 14164.748275
45 -13.464463 -5.320623 4.002775 282.460761 11552.355103
46 8.086780 4.123403 3.724877 99.105977 10003.959154
46 12.683488 5.164013 1.771440 182.837025 2262.564186
46 19.622991 6.423188 5.159425 332.141993 19193.344054
46 10.735783 4.750998 1.693338 223.983742 2067.452583
46 20.913917 6.631102 12.366981 274.142068 110274.597199
46 -2.517515 2.300668 7.342792 158.702945 38875.010943
46 9.040789 4.359846 7.775101 232.660525 43587.323408
46 16.761443 5.936407 8.326474 89.328885 49988.525278
46 17.077446 5.992106 1.755636 33.594046 2222.372765
46 23.971480 7.099298 11.457686 58.124194 94654.638423
46 11.836030 4.988512 4.645310 128.008900 15558.851614
46 22.466740 6.872868 5.493520 299.114387 21759.527761
46 14.908625 5.598695 6.807669 350.018975 33415.270622
46 2.288656 2.193604 11.431682 188.236907 94225.469643
46 -15.512841 -5.711020 7.727398 97.115029 43054.113138
46 -19.012956 -6.322558 5.925221 214.700006 25313.792302
46 -16.072708 -5.813163 7.708423 212.653397 42842.927267
46 -16.528461 -5.895005 7.301971 337.514298 38443.970881
46 -19.575220 -6.415364 10.953709 345.146169 86510.832610
46 -12.636358 -5.154410 5.329413 53.208049 20478.910289
46 -20.145456 -6.508135 12.253455 330.584323 108259.291648
46 -18.794623 -6.286151 5.775285 1.576705 24048.887264
46 -13.309281 -5.289874 27.812303 312.915200 557727.404338
47 6.179911 3.604617 6.581572 58.223023 31232.541265
47 5.684922 3.457246 3.594829 234.954651 9317.611314
47 15.242120 5.660968 18.735735 44.914614 253098.477642
47 9.073652 4.367763 23.263266 100.141781 390201.959696
47 9.728511 4.522631 3.943016 158.251910 11209.989412
47 0.227323 0.691336 8.743277 156.277994 55118.387761
47 7.301237 3.918016 22.784316 18.868456 374300.210351
47 16.970757 5.973359 12.772373 217.362900 117622.734758
47 13.786246 5.383826 6.344672 285.190477 29024.616106
47 10.039426 4.594333 10.109716 259.513041 73692.952361
47 12.531449 5.132969 7.115569 355.507022 36506.258500
47 18.954655 6.312857 22.341642 285.705674 359897.008589
47 10.553955 4.710593 15.827260 44.371593 180617.385094
47 17.589849 6.081337 8.888705 92.969697 56967.224983
47 -15.162746 -5.646209 3.576486 306.513301 9222.766164
47 -17.634217 -6.089002 5.170910 179.692161 19278.888874
47 -29.659893 -7.896830 11.978163 14.152276 103449.528417
47 -8.479689 -4.222386 2.728792 198.814420 5368.946176
47 -10.935476 -4.794981 5.807214 29.654967 24315.527208
47 -4.596542 -3.108735 7.521857 174.637890 40794.183861
47 -11.050506 -4.820134 6.057509 102.492360 26456.732277
47 -15.180414 -5.649497 30.147305 2.647906 655307.372064
47 -12.503715 -5.127286 4.614421 198.069649 15352.622006
48 17.667317 6.094714 13.077855 2.085163 123316.479485
48 6.547667 3.710320 2.641058 150.322536 5029.259330
48 20.055643 6.493611 4.496650 159.718553 14578.949994
48 8.710970 4.279581 5.130166 57.552490 18976.272475
48 15.564354 5.720494 3.007075 168.154232 6519.834909
48 6.292342 3.637258 10.962748 28.465325 86653.657706
48 18.776305 6.283087 2.819577 124.493936 5732.130453
48 10.622137 4.725785 4.567587 140.968156 15042.560625
48 9.056800 4.363705 4.328024 83.540687 13506.017754
48 11.124324 4.836206 4.199631 332.824769 12716.578641
48 5.842071 3.504705 8.993709 288.289873 58321.097662
48 9.915706 4.565936 7.957464 194.316903 45655.960451
48 14.577046 5.536085 4.682587 328.079074 15809.558639
48 17.500372 6.065850 11.735598 338.699695 99302.113750
48 -12.667875 -5.160834 14.952421 158.376012 161202.250660
48 -6.382772 -3.663301 6.371716 72.374713 29272.576255
48 -11.140822 -4.839791 7.720589 143.940642 42978.273152
48 -24.988263 -7.248298 5.686850 35.781478 23318.020782
48 -23.440709 -7.020263 5.383314 301.032142 20895.246707
48 -9.181061 -4.393539 8.572268 339.356672 52983.365475
48 -11.326230 -4.879897 7.081928 231.054345 36161.887686
48 -15.227252 -5.658206 10.304646 274.275086 76562.170889
48 -12.205972 -5.065872 6.413959 34.053567 29662.003696
49 19.967833 6.479380 2.093949 37.108318 3161.404899
49 7.337460 3.927723 13.779135 88.863673 136896.378721
49 5.272869 3.329595 2.744815 52.176802 5432.180301
49 14.087162 5.442266 1.705308 241.491689 2096.783357
49 15.053778 5.625884 2.808680 337.266934 5687.908555
49 4.391777 3.038702 6.393881 289.649066 29476.582018
49 20.653933 6.589757 10.382929 353.702399 77729.853959
49 16.204655 5.836976 16.334372 67.467394 192376.924914
49 6.804473 3.782381 3.537819 142.424643 9024.420429
49 12.846587 5.197110 10.481046 349.571376 79205.855925
49 13.322419 5.292484 8.378115 16.160688 50610.515263
49 17.826098 6.122040 8.346944 218.406004 50234.619637
49 14.090566 5.442923 10.879968 176.584416 85349.958064
49 20.871699 6.624405 15.751246 106.401697 178886.629753
49 -11.150267 -4.841842 5.372459 222.895522 20811.063813
49 -24.624798 -7.195390 11.493629 128.175396 95249.441345
49 -23.652571 -7.051917 6.031564 180.728522 26230.582364
49 -10.690266 -4.740916 9.647046 279.368588 67102.208318
49 -15.563589 -5.720354 3.345423 296.672678 8069.566515
49 -12.004586 -5.023907 11.690458 351.152323 98539.678381
49 3.714398 -2.794552 3.399543 212.188822 8332.764421
49 -6.549362 -3.710800 5.728561 49.657681 23661.333809
49 -3.478729 -2.704446 9.071092 339.634720 59329.031573
50 17.841292 6.124648 14.317324 95.393074 147799.100255
50 8.383694 4.198418 18.825862 105.362020 255539.363718
50 9.665076 4.507862 9.679794 336.628643 67558.549246
50 12.052376 5.033897 5.547925 216.791916 22192.657446
50 20.695452 6.596377 6.435947 337.415741 29865.716691
50 10.136046 4.616388 6.444506 137.355692 29945.209778
50 10.040363 4.594547 7.169706 8.387022 37063.870325
50 19.426737 6.390987 1.413965 100.538281 1441.536246
50 11.607180 4.940050 4.694155 356.125522 15887.772586
50 7.415179 3.948470 6.728344 284.508537 32641.070946
50 -2.332473 2.214503 5.054617 36.443210 18421.479450
50 16.343178 5.861871 13.100491 52.302036 123743.741423
50 6.654108 3.740356 7.088774 215.087584 36231.835235
50 7.052241 3.850628 7.106234 269.322612 36410.532728
50 -21.479563 -6.720177 9.753746 90.050125 68594.760632
50 -12.261762 -5.077436 2.971733 118.978461 6367.481455
50 -14.735214 -5.566039 9.884162 127.466117 70441.366182
50 -23.021174 -6.957156 17.874163 139.806055 230355.994128
50 -11.075727 -4.825631 3.337829 98.189156 8032.969986
50 -20.921017 -6.632227 6.843660 19.776603 33769.526689
50 -9.647852 -4.503844 5.462324 336.127620 21513.099676
50 -8.911237 -4.328496 8.522266 263.904356 52367.071941
50 -12.932374 -5.214433 4.833190 157.024459 16842.859744
51 2.938910 2.485771 5.836615 278.425964 24562.367004
51 6.914435 3.812820 5.282034 15.030644 20116.405460
51 16.016695 5.803025 18.924145 233.244296 258214.477208
51 9.179328 4.393124 6.828393 84.589050 33619.018315
51 11.646159 4.948338 5.031106 98.098007 18250.512336
51 6.712806 3.756817 12.183806 188.809470 107032.093082
51 10.994156 4.807828 5.405128 144.790950 21064.932077
51 11.762690 4.973033 5.117979 37.446968 18886.223528
51 15.416507 5.693260 2.667122 124.643432 5129.011569
51 15.674671 5.740731 8.219170 320.265507 48708.417411
51 21.623000 6.742578 13.087539 36.449804 123499.164321
51 23.313282 7.001155 1.108113 135.411422 885.352077
51 17.034385 5.984546 3.609366 247.816384 9393.119577
51 12.622436 5.151570 4.263596 79.798530 13106.907707
51 -5.651627 -3.447107 6.446122 125.274667 29960.232376
51 -0.515525 -1.041101 6.679957 130.880958 32173.285026
51 -30.733971 -8.038543 7.890925 55.742098 44895.611849
51 -17.535673 -6.071964 4.657616 305.857115 15641.391473
51 -8.711183 -4.279633 5.246571 8.811702 19847.199776
51 -8.891866 -4.323789 2.328537 322.195724 3909.439914
51 -22.675242 -6.904687 4.173776 262.546568 12560.482792
51 -12.252908 -5.075602 6.332346 236.461221 28911.945998
51 -7.451290 -3.958072 4.077504 34.688866 11987.729636
52 21.190196 6.674757 3.751972 188.942693 10150.030750
52 17.335337 6.037180 13.613800 91.637786 133630.866401
52 11.430330 4.902272 4.679664 176.593653 15789.828996
52 16.447290 5.880512 3.690013 295.023826 9817.568068
52 13.849256 5.396115 7.836638 304.796963 44280.001641
52 8.437214 4.211798 6.603399 201.552351 31440.041128
52 16.977647 5.974571 5.092901 119.836990 18701.593880
52 6.505574 3.698374 2.603796 224.003065 4888.345092
52 11.009870 4.811263 6.453327 244.446174 30027.239331
52 10.865165 4.779541 2.905989 213.358361 6088.860962
52 16.168397 5.830442 7.171002 135.178141 37077.270448
52 16.932185 5.966567 9.409124 69.629164 63833.172128
52 15.166132 5.646839 13.419619 73.847969 129845.970233
52 17.406462 6.049553 9.262655 332.156238 61861.306576
52 -17.246431 -6.021679 3.196457 43.588921 7366.916909
52 -13.326842 -5.293362 11.826994 177.583969 100854.853914
52 -11.314885 -4.877453 3.186337 195.200884 7320.345607
52 -5.084363 -3.269537 12.187280 172.101910 107093.135104
52 3.755687 -2.810041 9.063953 307.571374 59235.681543
52 -16.089339 -5.816170 5.289388 183.594386 20172.463327
52 -31.838862 -8.181761 16.405848 182.039162 194064.197903
52 -13.661484 -5.359410 8.409101 72.428284 50985.564496
52 -19.910498 -6.470071 3.785773 295.318109 10333.733868
53 9.775379 4.533512 12.156880 50.306232 106559.544468
53 16.133274 5.824106 7.022582 59.605148 35558.360678
53 9.231285 4.405539 17.633567 176.916792 224196.279395
53 10.375849 4.670677 6.218688 297.566973 27883.395396
53 13.266339 5.281333 6.445722 103.528860 29956.508453
53 26.542361 7.470296 5.837886 134.120602 24573.061645
53 12.803261 5.188338 16.009597 203.791755 184802.927437
53 16.896644 5.960301 4.831625 107.330635 16831.952825
53 2.482676 2.284694 19.296996 40.836154 268489.598725
53 -2.414546 2.253127 4.825268 52.055395 16787.690483
53 20.654969 6.589922 7.776326 134.705963 43601.056023
53 7.578022 3.991590 14.415327 316.303864 149829.400698
53 22.922367 6.942210 6.633291 174.582381 31725.332807
53 12.298849 5.085109 6.507053 167.283604 30529.291785
53 -2.850056 -2.447906 5.183792 107.553926 19375.065819
53 -8.426818 -4.209202 11.127563 271.668876 89278.770944
53 -24.588182 -7.190038 2.894462 5.539045 6040.650321
53 -16.940142 -5.967969 11.861223 43.513300 101439.479730
53 -3.073154 -2.541910 7.541642 109.402381 41009.072409
53 -8.537778 -4.236824 7.991696 15.011741 46049.610638
53 -11.576052 -4.933422 7.941146 14.509366 45468.899196
53 -19.747621 -6.443553 4.923555 253.051476 17478.561778
53 -22.047967 -6.808513 6.348472 166.846936 29059.388768
53 -7.170394 -3.882751 5.149936 164.806827 19122.810902
54 7.498022 3.970465 3.396194 227.026184 8316.354400
54 10.663335 4.734941 5.556541 55.556201 22261.634757
54 3.292494 2.631058 5.371430 36.697159 20803.093044
54 -6.262812 3.628714 5.921253 344.831400 25279.895076
54 14.314299 5.485965 3.874763 50.322900 10825.260530
54 7.277890 3.911747 14.449228 268.751460 150534.948813
54 11.426664 4.901486 7.718110 256.436785 42950.678433
54 5.530963 3.410110 10.839984 146.259286 84723.779419
54 14.814135 5.580925 13.312663 139.343075 127784.434758
54 8.570595 4.244959 5.751066 127.160223 23847.606605
54 21.571546 6.734551 4.544226 52.448289 14889.083183
54 15.378230 5.686188 6.130020 147.412594 27093.917771
54 9.620629 4.497485 7.427333 175.822764 39775.335917
54 6.900702 3.809032 8.732471 270.958374 54982.239605
54 -3.422671 -2.682567 4.306643 151.820259 13372.906723
54 -15.186400 -5.650611 3.989174 108.933103 11473.979977
54 -6.994129 -3.834730 6.295121 71.817683 28573.023657
54 -18.605818 -6.254497 3.292713 265.744836 7817.284857
54 -3.022941 -2.521058 6.337405 209.778187 28958.160279
54 -21.585283 -6.736695 7.989763 352.125012 46027.333612
54 -10.728596 -4.749408 3.579878 116.455270 9240.267216
54 -10.910290 -4.789456 5.825817 158.742857 24471.566722
54 -9.665903 -4.508055 9.416832 358.084391 63937.804005
54 -6.194784 -3.608952 2.540050 135.063218 4651.924991
55 10.345843 4.663919 5.979167 43.338835 25776.824485
55 14.942715 5.605092 5.658526 22.082892 23086.322217
55 8.337388 4.186808 5.184597 181.290271 19381.083376
55 11.304278 4.875166 5.101893 299.151827 18767.686630
55 21.171967 6.671886 8.924779 156.692741 57430.560186
55 12.197204 5.064052 5.772187 189.095114 24023.086714
55 10.507689 4.700257 2.089149 106.944615 3146.927931
55 4.886208 3.205191 5.576904 279.762030 22425.100253
55 5.328659 3.347164 8.725583 220.412525 54895.528746
55 18.913502 6.306000 5.940101 1.181166 25441.088848
55 7.471749 3.963502 18.933300 322.245092 258464.381901
55 12.496123 5.125729 5.615304 108.671367 22734.978538
55 6.502903 3.697615 5.974987 200.092811 25740.796672
55 -13.055906 -5.239279 13.462020 11.104307 130667.785880
55 -12.973107 -5.222639 7.071852 322.924088 36059.055672
55 -17.636183 -6.089341 6.321123 0.175079 28809.558336
55 -7.410407 -3.947199 3.034342 97.960551 6638.609635
55 -15.327596 -5.676819 5.939254 204.018081 25433.840007
55 -14.135086 -5.451515 10.598150 171.211725 80985.679003
55 -17.290756 -6.029412 3.440381 353.199435 8534.168714
55 -4.556105 -3.095030 4.048057 96.385226 11815.206627
55 -7.690244 -4.021037 27.750323 298.678375 555244.371926
55 -21.029582 -6.649413 5.665684 343.030419 23144.768054
56 10.336205 4.661746 20.627921 256.490975 306802.580085
56 5.289254 3.334765 24.942101 294.459971 448553.370216
56 11.365299 4.888307 6.251602 109.136540 28179.334298
56 16.888746 5.958908 7.177100 109.513030 37140.351480
56 9.460875 4.459988 5.197264 263.975180 19475.905108
56 6.252694 3.625781 4.449863 7.161851 14277.142002
56 16.700164 5.925546 8.220318 13.301666 48722.018007
56 9.458669 4.459468 6.526551 145.594913 30712.527899
56 9.961632 4.576498 3.896757 111.760756 10948.501032
56 19.229723 6.358498 6.166381 152.962533 27416.292615
56 9.385496 4.442185 3.254787 33.642464 7638.237911
56 17.266045 6.025102 17.979619 122.475166 233082.156087
56 12.645124 5.156198 4.353738 51.504449 13666.985126
56 -9.677900 -4.510852 11.434968 290.621151 94279.657717
56 -12.267914 -5.078709 5.551246 278.737741 22219.233973
56 -13.889436 -5.403937 7.613011 322.620789 41788.901325
56 -23.771577 -7.069635 10.170008 288.728456 74574.548973
56 -15.767499 -5.757705 6.148203 205.587370 27254.890455
56 -4.392501 -3.038953 3.998965 42.397704 11530.373581
56 -21.814703 -6.772401 4.092746 138.346979 12077.517781
56 -14.549926 -5.530933 5.658575 226.735426 23086.722532
56 -10.907245 -4.788787 5.426402 199.809812 21231.077799
56 -21.726801 -6.758742 3.132674 300.725881 7075.847890
57 17.753751 6.109604 3.931089 231.181999 11142.273190
57 6.823979 3.787798 4.984053 195.273307 17910.731253
57 18.669095 6.265123 5.925698 83.349396 25317.870126
57 19.329270 6.374934 14.166889 106.318891 144709.501702
57 6.191599 3.608024 6.546002 131.711596 30895.863462
57 9.728404 4.522607 10.510516 44.014552 79651.897727
57 12.843215 5.196428 3.027926 89.885703 6610.567031
57 13.245782 5.277239 4.850819 303.697728 16965.952242
57 22.715770 6.910854 7.593484 192.289900 41574.808414
57 14.447715 5.511472 3.758893 142.022893 10187.508055
57 9.931460 4.569562 4.420459 79.734800 14089.084065
57 14.081180 5.441110 6.696864 48.385265 32336.357098
57 5.881860 3.516619 14.890775 315.367679 159875.789066
57 -9.206105 -4.399527 5.411857 161.896452 21117.413288
57 -5.553547 -3.417065 8.786529 190.935533 55665.070805
57 -7.303477 -3.918617 4.485626 6.226712 14507.553682
57 -12.015206 -5.026129 9.917411 49.236266 70916.069808
57 -15.799596 -5.763562 10.087972 94.088873 73376.302471
57 -7.415575 -3.948575 7.662355 270.549495 42332.372889
57 -15.443681 -5.698275 7.740304 336.308740 43198.047212
57 -2.742765 -2.401388 7.194981 230.134383 37325.654850
57 -8.871415 -4.318813 5.706201 252.362933 23476.980380
57 -13.748029 -5.376359 11.441361 284.062629 94385.108826
58 17.675377 6.096104 3.065573 4.949268 6775.970011
58 17.419300 6.051783 10.934834 292.742441 86212.935228
58 16.383413 5.869082 13.082112 75.685996 123396.766332
58 11.184029 4.849167 12.448845 254.409857 111739.355952
58 4.010149 2.903677 7.597340 318.495274 41617.042373
58 3.189084 2.589411 10.820532 144.959447 84419.995215
58 8.317379 4.181781 6.404451 41.679379 29574.126512
58 8.483297 4.223284 8.488918 121.420700 51958.042134
58 6.442731 3.680468 7.012786 173.743869 35459.222014
58 11.196531 4.851877 6.497166 33.220578 30436.591218
58 12.729809 5.173434 8.427228 288.909141 51205.616103
58 -1.351926 1.685949 7.412224 258.287636 39613.680385
58 -4.271799 2.996908 2.759689 155.323257 5491.214408
58 -23.034881 -6.959227 6.975306 122.076577 35081.209258
58 -6.484894 -3.692491 3.678978 149.845727 9758.934832
58 -21.122167 -6.664035 7.004846 285.964421 35378.976476
58 -5.016788 -3.247737 7.066420 76.179468 36003.690857
58 -14.253839 -5.474367 5.074796 168.872235 18568.859794
58 -19.835349 -6.457850 13.790937 269.820616 137130.989741
58 -11.830426 -4.987331 8.732506 74.984120 54982.679723
58 -19.643089 -6.426476 6.763797 15.416634 32985.966820
58 -9.909287 -4.564458 19.524983 73.071892 274871.316425
58 -5.016962 -3.247793 4.868072 154.845265 17086.852970
59 16.402267 5.872458 9.022137 316.922856 58690.373996
59 6.598395 3.724664 8.023129 295.679003 46412.573519
59 7.810937 4.052468 6.235954 22.241238 28038.439008
59 8.008971 4.103518 8.818844 336.060345 56075.266552
59 13.955907 5.416853 15.559885 214.099346 174566.465900
59 8.376339 4.196576 4.971506 237.464579 17820.672379
59 6.571962 3.717197 6.150244 89.915936 27272.986423
59 9.222274 4.403389 8.379887 171.987947 50631.920150
59 16.303429 5.854738 5.489736 115.140558 21729.561874
59 7.209082 3.893212 3.069980 204.262656 6795.463993
59 1.947093 2.023305 6.047020 208.733458 26365.184757
59 12.268159 5.078760 11.843952 23.806081 101144.283024
59 18.024828 6.156070 24.124030 290.948610 419611.911457
59 -16.402599 -5.872518 6.690928 290.903499 32279.057726
59 -4.321930 -3.014442 4.089856 104.424483 12060.466491
59 -16.340120 -5.861322 8.250709 273.854506 49082.950705
59 -7.374245 -3.937556 3.565501 245.571374 9166.196057
59 -11.128784 -4.837176 2.477180 311.050930 4424.490449
59 -14.717644 -5.562719 14.178532 220.927316 144947.465018
59 -8.571263 -4.245124 10.060501 235.562455 72977.218405
59 -15.839572 -5.770849 2.479766 14.598946 4433.732502
59 -23.064384 -6.963682 19.773183 338.869268 281904.005552
59 -15.182055 -5.649803 2.755447 118.952168 5474.344750
60 15.606546 5.728243 5.242629 355.227438 19817.383383
60 0.438692 0.960390 7.999143 71.603377 46135.472275
60 19.075486 6.332946 8.309591 157.872905 49786.015999
60 7.755422 4.038041 7.645906 5.657081 42150.817733
60 12.144481 5.053095 8.192254 148.106986 48389.921292
60 12.524279 5.131500 5.263754 228.969357 19977.412874
60 13.027448 5.233566 6.261878 286.720321 28272.045148
60 21.283080 6.689370 3.682292 17.450799 9776.527580
60 17.461802 6.059162 8.434261 82.139886 51291.121479
60 3.640411 2.766580 1.916598 231.886037 2648.561930
60 8.167565 4.143948 11.847524 93.641126 101205.308285
60 12.827465 5.193240 7.221263 197.132631 37598.839104
60 -7.767693 -4.041234 11.224274 277.312284 90837.377516
60 -14.094887 -5.443758 9.959333 72.606086 71516.884004
60 -20.059061 -6.494165 4.205358 51.654606 12751.287668
60 -14.940695 -5.604713 1.958478 326.892692 2765.576101
60 -23.282033 -6.996462 12.433151 318.875102 111457.798736
60 -14.253884 -5.474376 11.475784 27.654524 94953.898577
60 -16.654411 -5.917423 3.976320 67.636338 11400.155288
60 -15.716662 -5.748416 6.562364 253.201182 31050.507326
60 -15.958043 -5.792390 3.508925 340.189473 8877.612324
60 -24.950275 -7.242786 10.106172 60.443435 73641.295325
61 21.323527 6.695724 15.515481 241.629832 173571.547161
61 3.597644 2.750281 17.077907 189.413529 210289.399457
61 8.456272 4.216552 18.197177 344.471676 238757.000640
61 14.573319 5.535378 5.988285 3.821788 25855.503969
61 19.135878 6.342963 7.039953 51.417829 35734.488963
61 14.082523 5.441370 7.059423 283.545101 35932.419465
61 5.106829 3.276753 11.126530 195.054289 89262.200195
61 6.235471 3.620784 3.309863 235.171006 7898.927012
61 14.186347 5.461391 17.783831 260.334372 228033.539806
61 14.119926 5.448591 4.774111 10.617620 16433.615858
61 2.216885 2.158935 10.548049 85.992347 80221.786300
61 6.998274 3.835866 5.576120 219.367188 22418.796840
61 -12.215450 -5.067838 8.050585 29.495794 46730.776698
61 -15.294026 -5.670599 6.692854 19.088956 32297.636482
61 -13.533976 -5.334340 3.596158 326.911818 9324.502750
61 -16.929168 -5.966035 7.076141 99.967550 36102.811211
61 -15.615649 -5.729913 3.673648 73.885599 9730.681083
61 -14.784631 -5.575364 7.056927 319.711983 35907.012907
61 -10.179123 -4.626187 5.085454 20.717152 18646.937498
61 -10.237331 -4.639395 9.584726 336.754335 66238.046054
61 -17.573857 -6.078572 7.978180 20.458309 45893.984532
61 -12.329558 -5.091453 3.354979 68.703630 8115.732777
62 14.102449 5.445218 20.703596 324.769350 309057.742969
62 6.156761 3.597859 12.365838 119.093043 110254.212323
62 1.619822 1.845448 2.027328 231.493713 2963.438497
62 24.004797 7.104230 5.064918 114.853882 18496.642023
62 5.265938 3.327407 11.376311 218.009900 93314.894278
62 18.945851 6.311391 7.153612 10.327581 36897.664920
62 3.851543 2.845675 4.807850 175.531592 16666.712318
62 8.572751 4.245493 8.806000 315.895068 55912.053999
62 1.085353 1.510614 3.775485 195.019326 10277.644972
62 4.697497 3.142688 7.583844 326.831350 41469.314955
62 15.336983 5.678557 7.438685 157.600219 39897.015125
62 4.135074 2.948558 5.475779 292.788264 21619.217053
62 -23.745993 -7.065830 14.424608 344.737565 150022.409287
62 -15.458021 -5.700920 12.574924 123.810813 114014.160148
62 -17.285080 -6.028423 7.277595 107.814933 38187.732593
62 -12.025188 -5.028216 12.461377 339.586897 111964.442141
62 -10.202591 -4.631517 6.791643 301.898284 33258.122626
62 -11.132675 -4.838021 5.727946 343.803899 23656.250762
62 -8.336856 -4.186674 3.845489 34.914816 10662.309378
62 -7.001388 -3.836720 12.418793 93.994983 111200.529339
62 -6.806348 -3.782902 8.580075 208.663240 53079.911846
62 -17.113948 -5.998506 1.274577 350.485971 1171.333306
63 8.819850 4.306244 4.430199 67.023694 14151.239226
63 9.115303 4.377776 5.381560 144.824869 20881.629795
63 8.131343 4.134749 7.804306 1.588483 43915.384708
63 18.916935 6.306572 13.397690 44.721399 129421.952842
63 4.184050 2.965968 6.009629 243.631672 26040.144509
63 13.908216 5.407590 9.213242 262.028992 61203.041652
63 16.854870 5.952929 7.488218 309.996238 40430.123638
63 18.205144 6.186786 6.320532 22.905088 28804.164458
63 -0.526578 1.052203 10.137663 102.680697 74100.945450
63 5.529826 3.409759 3.446245 5.272198 8563.283687
63 5.478845 3.394005 5.387138 184.957366 20924.940589
63 3.163548 2.579023 3.956074 31.019099 11284.359121
63 -9.714968 -4.519482 5.370297 337.962506 20794.319439
63 -12.135906 -5.051311 12.463933 5.325879 112010.381527
63 -12.422963 -5.110702 3.290630 276.446673 7807.397188
63 -6.336297 -3.649940 5.479828 323.575605 21651.198852
63 -14.315301 -5.486157 4.572480 11.563101 15074.803053
63 -10.862862 -4.779034 11.830084 334.519074 100907.560198
63 -10.471159 -4.692080 3.415419 124.230281 8410.776552
63 -9.935848 -4.570571 1.768439 159.462596 2254.906143
63 -11.028556 -4.815344 6.304606 52.169106 28659.198399
63 -8.786557 -4.298108 5.762693 256.953584 23944.131408
64 -0.903478 1.378246 4.165955 313.243664 12513.454131
64 18.478230 6.233015 2.522786 214.862064 4588.902981
64 11.258162 4.865212 4.206429 156.152374 12757.784726
64 15.712996 5.747745 3.460605 228.206005 8634.798318
64 6.392893 3.666205 9.346142 158.286365 62981.472622
64 10.416278 4.679768 9.443455 117.829478 64299.847009
64 9.327062 4.428335 16.737829 71.351151 201997.647454
64 12.966433 5.221295 2.567972 105.243654 4754.758815
64 15.140094 5.641990 3.764299 278.974823 10216.833654
64 14.647589 5.549464 3.009954 229.041408 6532.326687
64 11.737585 4.967723 3.615074 322.367051 9422.856321
64 8.453897 4.215960 8.916523 70.694649 57324.356452
64 -3.131369 -2.565873 20.818641 87.890416 312502.032393
64 -13.204565 -5.269022 4.243091 285.751341 12981.139244
64 -18.810441 -6.288796 7.215718 164.279837 37541.115140
64 -13.143181 -5.256761 8.891740 269.671292 57006.129719
64 -7.083742 -3.859218 2.894341 139.166370 6040.147439
64 -9.531643 -4.476637 11.567401 22.764306 96476.087673
64 0.772506 -1.274439 9.388969 117.808396 63559.993803
64 -19.940304 -6.474912 3.348370 225.389001 8083.788832
64 -12.462758 -5.118882 3.647612 208.272850 9593.242355
65 21.401072 6.707887 3.002924 258.506107 6501.848457
65 5.607535 3.433634 12.158556 338.278757 106588.920050
65 19.026199 6.324760 5.004672 283.091954 18059.236783
65 8.585780 4.248718 5.554331 187.410556 22243.935699
65 2.638403 2.355258 9.110939 341.824567 59851.406140
65 10.586449 4.717839 3.338852 287.299913 8037.895969
65 13.861958 5.398589 8.176108 164.473631 48199.360284
65 20.411870 6.551027 7.748156 122.300866 43285.734998
65 10.760039 4.756362 2.976946 286.988373 6389.840952
65 2.168165 2.135080 6.144933 224.851540 27225.906718
65 -1.778321 1.933629 8.394921 229.422808 50813.755551
65 -15.416584 -5.693274 10.925544 245.639405 86066.521601
65 -14.908340 -5.598641 2.393489 167.062852 4130.579427
65 -10.010265 -4.587655 6.552843 302.038910 30960.470257
65 -16.826615 -5.947937 2.992983 334.007458 6458.871143
65 -6.080394 -3.575476 8.502236 96.873659 52121.196309
65 -14.907357 -5.598457 5.386209 146.413132 20917.726343
65 -10.623732 -4.726140 9.899130 110.477289 70654.877953
65 -14.013188 -5.427958 5.488703 292.057277 21721.382222
65 -10.541540 -4.707822 3.211669 64.521445 7437.202371
66 4.912307 3.213740 15.316301 198.930438 169143.713710
66 16.442283 5.879617 6.632786 12.067127 31720.496704
66 17.357926 6.041112 6.366018 310.251500 29220.245335
66 7.387170 3.941006 6.276712 217.976786 28406.160577
66 22.499587 6.877891 6.020333 204.095856 26132.994150
66 10.501374 4.698844 5.190367 334.447946 19424.250772
66 14.432970 5.508659 4.140830 304.259397 12362.974166
66 22.386317 6.860556 3.946775 144.509935 11231.370776
66 12.377440 5.101330 11.347947 124.242918 92850.157491
66 1.366280 1.694876 7.772445 51.812016 43557.538911
66 12.153015 5.054870 6.333408 69.787201 28921.646381
66 -5.156712 -3.292717 8.689102 50.718594 54437.461265
66 -7.988516 -4.098275 11.121223 139.347061 89177.069546
66 -19.925181 -6.472456 15.039934 72.604944 163094.728987
66 -6.996185 -3.835294 15.474665 197.800870 172659.534341
66 -10.113055 -4.611149 10.670442 141.832064 82094.277471
66 -7.126671 -3.870895 10.396118 112.158384 77927.455156
66 -16.487014 -5.887610 6.974882 99.645871 35076.948927
66 -14.921051 -5.601028 4.130931 16.666209 12303.935826
66 -3.779540 -2.818951 4.474100 208.655345 14433.096055
67 11.285127 4.871035 6.278141 289.534444 28419.091992
67 9.006061 4.351464 8.731626 220.129282 54971.594769
67 7.464266 3.961517 11.473051 359.180528 94908.676390
67 22.410417 6.864248 11.738198 29.583686 99346.132181
67 10.477101 4.693411 9.532344 117.713682 65516.010105
67 10.219788 4.635418 5.303158 90.119147 20277.631527
67 4.516914 3.081690 7.928288 284.202982 45321.779718
67 8.734200 4.285284 11.587755 43.419193 96815.895550
67 25.374850 7.304151 3.901121 133.987669 10973.036677
67 9.593039 4.491032 7.417270 233.686849 39667.627735
67 9.473670 4.463002 9.297221 212.340083 62323.864366
67 -8.967380 -4.342110 3.915959 260.427228 11056.672281
67 -5.201474 -3.306977 6.216079 171.160771 27860.003218
67 -16.639859 -5.914838 11.233763 318.396323 90991.032001
67 -15.104463 -5.635347 8.585109 138.565898 53142.224849
67 3.809993 -2.830285 4.123339 35.609409 12258.748318
67 -7.218773 -3.895827 7.659808 296.963177 42304.235807
67 -17.127379 -6.000859 8.592812 274.752710 53237.626242
67 -20.574613 -6.577091 6.775884 31.159928 33103.964552
67 -2.865416 -2.454493 4.285122 64.697006 13239.587736
68 0.182501 0.619443 4.829826 344.749484 16819.418805
68 9.017132 4.354138 7.071400 293.344118 36054.454954
68 5.122133 3.281659 4.435923 221.432361 14187.832000
68 9.280118 4.417176 9.860308 36.987771 70101.773781
68 13.386597 5.305216 6.120742 54.863835 27011.967492
68 15.025213 5.620544 4.086554 342.901774 12040.998122
68 15.994541 5.799010 7.853367 5.338435 44469.258466
68 6.375156 3.661115 9.394276 312.384277 63631.876608
68 11.053724 4.820835 4.393748 118.054959 13919.328419
68 19.391604 6.385205 3.835157 43.718438 10605.088424
68 -22.478855 -6.874721 5.462374 350.851242 21513.495067
68 -10.381210 -4.671883 4.420065 333.546688 14086.571848
68 -9.406996 -4.447270 7.805801 126.630225 43932.206401
68 -4.971008 -3.232885 3.654386 167.398880 9628.907373
68 -7.470597 -3.963197 8.190506 330.203869 48369.265529
68 -1.594508 -1.830971 4.944951 334.819980 17630.798539
68 -5.981428 -3.546259 9.400992 96.876242 63722.890467
68 -7.920004 -4.080663 10.303642 105.127967 76547.253959
68 -3.809868 -2.830238 7.141572 330.450969 36773.559089
69 14.483736 5.518338 7.868305 104.358558 44638.582797
69 17.622580 6.086992 11.663817 274.864582 98091.069896
69 13.206658 5.269440 23.197081 202.873525 387984.844481
69 12.172427 5.058906 12.706963 13.411198 116421.066304
69 9.420124 4.450372 10.581277 1.569829 80728.013279
69 13.138875 5.255900 7.236656 208.524704 37759.295946
69 11.548439 4.927534 3.406321 135.966276 8366.025038
69 10.636026 4.728874 4.120968 65.887828 12244.657755
69 5.433359 3.379887 7.856697 85.231103 44506.976748
69 8.904909 4.326959 4.545417 132.362564 14896.884639
69 -8.638347 -4.261704 5.924333 194.834470 25306.206553
69 -20.654499 -6.589847 3.096688 273.622303 6914.216311
69 -9.308475 -4.423920 6.814642 180.352600 33483.755682
69 -19.372754 -6.382101 5.044829 155.327718 18350.206664
69 -10.254853 -4.643364 2.624697 46.432407 4967.141291
69 -13.705784 -5.368092 1.907195 185.689318 2622.638758
69 -6.530608 -3.705483 10.635398 90.317992 81555.941828
69 -16.317123 -5.857197 13.931456 102.312583 139939.744028
69 -10.687432 -4.740288 8.359337 12.844299 50383.897089
70 12.001955 5.023357 13.118476 184.013822 124083.730772
70 11.936548 5.009650 4.104881 32.880398 12149.243101
70 17.162652 6.007035 3.828079 116.271106 10565.979297
70 16.267675 5.848315 7.707799 102.888216 42835.994648
70 12.823498 5.192437 3.921398 206.951109 11087.406037
70 8.233217 4.160569 5.252748 19.421428 19893.957180
70 20.541034 6.571721 11.995365 128.160582 103746.869331
70 11.264353 4.866549 2.152272 321.151784 3339.970152
70 12.934811 5.214925 4.234341 304.771720 12927.651822
70 9.704811 4.517119 9.538807 346.024955 65604.883047
70 -9.471961 -4.462600 14.809810 175.444647 158141.930367
70 -5.116800 -3.279950 3.514760 224.105795 8907.161288
70 -7.833245 -4.058250 9.204998 276.381551 61093.564254
70 -4.266568 -2.995072 12.635837 316.316655 115121.411408
70 -5.935864 -3.532726 4.363973 18.057694 13731.316263
70 -19.361414 -6.380233 2.429016 338.386906 4254.112178
70 -19.527060 -6.407468 15.233496 328.810447 167319.765479
70 -0.898762 -1.374644 13.646105 117.729836 134265.828317
70 -17.358564 -6.041224 10.856667 277.256250 84984.770717
71 6.098820 3.580889 8.004220 176.134413 46194.057143
71 21.703153 6.755063 15.528792 296.871193 173869.513918
71 8.008414 4.103376 3.117451 149.590708 7007.246936
71 7.223457 3.897091 8.570498 224.743192 52961.483184
71 8.686708 4.273617 5.532982 98.611727 22073.268422
71 9.319188 4.426465 4.055221 69.519330 11857.065632
71 10.931567 4.794123 5.690880 350.114927 23351.081682
71 6.682155 3.748230 5.490869 255.495382 21738.530424
71 4.858929 3.196232 8.000024 218.734304 46145.643204
71 -9.391272 -4.443551 2.959147 257.500127 6313.661385
71 -3.362441 -2.658859 4.775889 201.189279 16445.856967
71 -10.862109 -4.778869 2.875365 279.654872 5961.205582
71 -8.503575 -4.228329 14.133468 332.729983 144027.545616
71 -13.620902 -5.351443 11.715998 265.479593 98970.708817
71 -8.127353 -4.133734 5.267969 178.813528 20009.423343
71 -17.901159 -6.134915 8.777025 251.248406 55544.718813
71 -20.673107 -6.592815 7.377811 68.256263 39246.696716
71 -13.351175 -5.298193 5.238418 292.583862 19785.560886
72 10.036257 4.593608 9.866372 279.089281 70188.023563
72 22.577535 6.889794 5.604907 143.620093 22650.868830
72 8.682341 4.272543 5.405787 144.681907 21070.068282
72 6.238400 3.621635 5.215959 353.585738 19616.269957
72 14.166559 5.457581 8.527243 18.506488 52428.253006
72 14.658847 5.551597 7.181812 314.328898 37189.143623
72 10.341456 4.662930 2.035935 139.425471 2988.654315
72 14.538591 5.528778 16.159542 291.965399 188280.866313
72 7.403507 3.945361 5.374223 80.794024 20824.730440
72 -13.989727 -5.423412 10.605573 262.674971 81099.152392
72 -9.116362 -4.378031 7.505231 169.009209 40614.045458
72 -10.350687 -4.665010 13.279241 177.537541 127143.627196
72 -7.403041 -3.945237 50.356873 350.062329 1828376.296894
72 -14.142970 -5.453035 10.638647 257.805361 81605.772402
72 -10.981330 -4.805023 3.738823 322.748974 10079.012230
72 -13.349057 -5.297772 9.809854 321.920173 69386.214991
72 -7.427634 -3.951784 8.908665 325.822333 57223.350909
72 -27.550580 -7.610854 9.581150 144.318857 66188.625446
73 3.842856 2.842465 12.588333 169.212813 114257.447666
73 15.979258 5.796239 6.624783 150.695905 31643.998721
73 6.654117 3.740358 3.521361 95.050500 8940.653878
73 7.879855 4.070306 18.982140 319.452816 259799.570746
73 11.557145 4.929391 3.293310 215.378262 7820.119876
73 8.833522 4.309580 2.956010 144.629485 6300.279773
73 14.246667 5.472990 6.473591 222.573875 30216.112105
73 5.538534 3.412443 5.410507 226.002041 21106.874644
73 9.455577 4.458739 8.257406 90.717643 49162.656992
73 -7.991863 -4.099133 5.422421 16.465413 21199.934869
73 -9.787640 -4.536355 8.372307 161.408327 50540.358348
73 -8.358778 -4.192175 4.364604 8.096138 13735.288552
73 -13.898218 -5.405645 10.726636 324.557878 82961.219234
73 -16.228014 -5.841181 4.348738 96.996332 13635.612491
73 -7.085958 -3.859822 6.069394 226.157641 26560.653697
73 -14.533945 -5.527895 9.479457 264.578597 64791.048716
73 -18.054859 -6.161196 7.780554 204.287761 43648.475169
74 8.922325 4.331188 10.531762 11.320378 79974.248683
74 10.173940 4.625009 3.704887 136.082927 9896.875203
74 12.715747 5.170576 3.903530 327.416526 10986.595153
74 15.497520 5.708199 2.522393 191.410218 4587.473732
74 -0.560122 1.085199 1.574846 111.799806 1788.233732
74 10.634018 4.728427 6.336000 37.738422 28945.325577
74 0.855722 1.341326 5.659899 164.782685 23097.525455
74 4.835150 3.188401 12.452112 239.509832 111798.020011
74 -12.560734 -5.138963 5.913606 61.418322 25214.644900
74 -7.136121 -3.873460 8.387062 195.189533 50718.666451
74 -10.018601 -4.589565 9.174851 32.228703 60694.048096
74 -8.562604 -4.242979 4.178249 328.032266 12587.417345
74 -4.898630 -3.209263 8.798191 131.045346 55812.935076
74 -2.506827 -2.295779 5.049557 18.557916 18384.615560
74 -13.013141 -5.230691 18.507173 251.469989 246960.935745
74 -12.444683 -5.115168 6.487912 93.169038 30349.946128
75 7.025502 3.843321 6.586833 271.184103 31282.498483
75 15.849675 5.772689 3.301361 10.703540 7858.400757
75 10.558440 4.711594 2.827557 311.358404 5764.623098
75 5.770749 3.483246 14.563890 112.952074 152933.583215
75 18.585459 6.251074 6.998671 170.061038 35316.632811
75 6.064688 3.570855 5.490989 171.631523 21739.481461
75 3.398030 2.672893 4.889178 265.816109 17235.334096
75 10.671217 4.736690 3.020054 247.497344 6576.235455
75 -6.983773 -3.831890 7.795779 257.201622 43819.469460
75 -15.481569 -5.705261 8.210365 318.720224 48604.113348
75 -12.340156 -5.093641 3.539013 5.804859 9030.512351
75 -7.946569 -4.087501 3.982722 114.155316 11436.891459
75 -4.623631 -3.117881 6.650004 76.712180 31885.397294
75 -9.680333 -4.511419 7.522829 136.676464 40804.721846
75 -17.042275 -5.985932 13.322940 174.650034 127981.792823
75 -16.777774 -5.939299 6.358927 255.705143 29155.177433
76 8.864302 4.317082 3.716883 23.910543 9961.065434
76 9.249874 4.409973 9.335580 49.340813 62839.207552
76 11.686209 4.956839 10.240233 180.564813 75608.003073
76 11.222223 4.857440 18.970398 164.122651 259478.243071
76 9.935644 4.570524 9.335134 200.725622 62833.198330
76 1.180758 1.575609 6.531053 99.852653 30754.913344
76 1.670999 1.874373 17.327420 280.796497 216479.056191
76 10.261320 4.644828 5.473640 296.298158 21602.326122
76 -19.668311 -6.430601 5.573912 107.442161 22401.043950
76 -8.160797 -4.142231 8.821644 224.139614 56110.889893
76 -12.693555 -5.166062 6.691811 56.456505 32287.569697
76 -15.349871 -5.680942 6.711166 102.075241 32474.612260
76 -7.533416 -3.979825 8.395619 231.228486 50822.202355
76 -11.192979 -4.851107 7.949593 329.521570 45565.678692
76 -13.629575 -5.353147 10.537160 95.860146 80056.248490
76 -12.970115 -5.222037 4.535063 9.932350 14829.096969
77 10.672622 4.737002 2.566240 296.445214 4748.350547
77 10.550241 4.709764 5.185339 314.820200 19386.631215
77 7.679846 4.018318 9.653054 243.465315 67185.803770
77 14.651636 5.550231 7.331574 121.103712 38756.320545
77 7.914689 4.079293 20.079593 272.425156 290708.614860
77 1.682569 1.880851 5.729097 251.918420 23665.758293
77 4.376540 3.033426 6.990578 38.187887 35234.992786
77 -9.227066 -4.404533 8.656350 266.097022 54027.856144
77 -8.997664 -4.349435 7.918249 77.330123 45207.075770
77 -2.853464 -2.449369 2.547454 214.122949 4679.082791
77 -11.562503 -4.930534 5.234934 177.103443 19759.255173
77 -9.927125 -4.568564 1.875540 109.802060 2536.301602
77 -10.050414 -4.596846 5.131308 236.159761 18984.719417
77 -17.692676 -6.099086 10.045323 337.411291 72757.184967
77 -14.075453 -5.440004 4.817311 0.253154 16732.367798
78 15.868394 5.776097 6.251560 18.001501 28178.953159
78 16.102949 5.818630 5.714882 166.559937 23548.468693
78 16.545354 5.898017 6.290128 289.878278 28527.722464
78 5.713189 3.465830 10.206985 212.290317 75117.823208
78 6.882566 3.804024 5.579728 6.120603 22447.820421
78 18.979196 6.316942 12.552669 330.544906 113610.965592
78 12.111735 5.046278 2.900676 24.257654 6066.616991
78 -18.005373 -6.152747 17.554553 17.382943 222191.592149
78 -4.180381 -2.964667 5.665395 295.961429 23142.405190
78 0.550561 -1.075897 16.108007 0.965210 187081.873505
78 -9.193765 -4.396577 5.852583 350.575142 24696.943575
78 -8.375628 -4.196398 10.988783 122.798398 87065.742171
78 2.502325 -2.293717 23.552146 288.677185 399953.072829
78 -8.927380 -4.332415 12.992546 136.365611 121712.902071
78 -7.958149 -4.090478 4.535536 69.854336 14832.193903
79 9.251459 4.410351 5.305958 269.612555 20299.050401
79 8.004884 4.102471 10.110191 139.169510 73699.875738
79 8.446790 4.214187 6.783765 49.854421 33181.014452
79 3.916112 2.869430 12.766287 232.028128 117510.661928
79 7.122535 3.869771 6.256844 95.534187 28226.609678
79 5.708792 3.464496 3.596961 89.804044 9328.665307
79 12.359856 5.097705 18.760707 14.321375 253773.618999
79 -7.985125 -4.097405 10.627056 134.113454 81428.038068
79 -10.191590 -4.629019 2.140935 12.060854 3304.874025
79 -10.396588 -4.675342 9.742616 76.647042 68438.300508
79 -6.671831 -3.745334 6.318576 12.550033 28786.340128
79 -1.657429 -1.866747 14.120957 25.966759 143772.668287
79 -14.639810 -5.547991 13.202811 24.976396 125684.261592
79 -11.074298 -4.825320 4.478966 2.604730 14464.504445
80 13.416747 5.311187 10.650578 102.662217 81788.915029
80 13.589306 5.345233 5.716788 87.962886 23564.174306
80 13.885455 5.403163 7.267339 19.137892 38080.175704
80 8.997063 4.349290 2.932517 209.783663 6200.534587
80 15.735617 5.751881 6.619860 95.416930 31596.989466
80 12.029233 5.029062 16.753013 251.500913 202364.323131
80 -8.929361 -4.332895 6.589268 88.572622 31305.626918
80 -9.714115 -4.519284 8.339515 340.929440 50145.231596
80 -4.465394 -3.064064 2.778546 168.740803 5566.515222
80 -9.422501 -4.450933 6.357506 251.386596 29142.148273
80 -4.254784 -2.990933 8.425311 238.771620 51182.313849
80 -14.881177 -5.593539 5.652519 47.399298 23037.330270
80 -9.536190 -4.477705 4.581552 260.166250 15134.685708
81 8.354170 4.191019 12.425589 15.115520 111322.275703
81 8.374410 4.196093 9.355077 24.469751 63101.950839
81 5.135146 3.285825 2.295931 175.100335 3800.719165
81 13.680032 5.363047 5.156328 17.142132 19170.308991
81 6.167269 3.600928 7.113425 343.560520 36484.264759
81 8.263617 4.168244 3.676554 251.804984 9746.079606
81 -14.130369 -5.450606 4.727929 104.812289 16117.212860
81 -11.404335 -4.896694 8.206053 14.293072 48553.073685
81 -9.552506 -4.481534 1.612483 132.888856 1874.729322
81 -15.549247 -5.717717 4.147586 105.111902 12403.344686
81 -7.626274 -4.004278 18.785275 61.143915 254438.705265
81 -13.789040 -5.384372 2.605237 168.482308 4893.758451
81 -24.654995 -7.199800 4.788943 276.908166 16535.886106
82 16.431622 5.877711 5.773240 325.806118 24031.857263
82 11.134227 4.838358 10.504408 238.068872 79559.355840
82 8.867664 4.317900 2.551442 334.863443 4693.743209
82 5.034354 3.253418 11.887657 8.426595 101892.120205
82 4.170632 2.961208 6.613573 167.945728 31536.998275
82 18.382136 6.216787 16.661699 79.811579 200164.303649
82 -8.781407 -4.296849 5.971656 35.855101 25712.108712
82 -2.058940 -2.080606 3.321684 345.645044 7955.449518
82 -15.044240 -5.624101 4.140861 317.676511 12363.159264
82 -7.618187 -4.002154 6.621547 180.801220 31613.097280
82 -9.382052 -4.441370 6.919618 69.418713 34523.301097
82 -9.889091 -4.559804 4.468062 43.534609 14394.165589
82 -13.722725 -5.371408 5.671363 334.003339 23191.189541
83 7.416624 3.948854 3.442181 13.604880 8543.099018
83 8.800663 4.301557 4.719761 273.315162 16061.574748
83 10.406948 4.677671 4.771396 198.540804 16414.928179
83 8.912947 4.328911 3.712737 104.322263 9938.856181
83 7.754029 4.037678 6.470256 102.317696 30184.985917
83 -11.275846 -4.869031 4.903844 5.480005 17338.895351
83 -8.241980 -4.162783 6.316484 205.328694 28767.281131
83 -4.259621 -2.992633 8.378716 235.885547 50617.771291
83 -15.838465 -5.770648 8.222425 147.948959 48747.001424
83 -8.558728 -4.242019 8.486734 29.380939 51931.303341
83 -12.067984 -5.037156 4.849657 32.764051 16957.822556
84 10.198495 4.630587 7.199271 47.491721 37370.176226
84 6.409857 3.671066 4.841364 159.681390 16899.879489
84 9.344719 4.432524 1.654086 229.182439 1972.713666
84 12.736940 5.174883 2.879658 20.338988 5979.018076
84 4.650078 3.126786 7.601241 318.171529 41659.786418
84 -6.608766 -3.727591 3.562398 327.802834 9150.248135
84 -5.699583 -3.461701 8.270768 229.528396 49321.889989
84 -8.456759 -4.216673 4.014964 272.358779 11622.817264
84 -11.045069 -4.818948 4.336959 292.244790 13561.844752
84 0.648538 -1.167712 6.783133 204.098046 33174.830370
84 -18.738954 -6.276834 6.956982 226.346466 34897.143247
85 9.008679 4.352097 2.106555 304.053779 3199.584798
85 14.045171 5.434149 12.331683 150.288700 109645.997759
85 3.111136 2.557570 5.599985 195.405547 22611.109043
85 10.196353 4.630101 20.764218 238.374920 310870.309816
85 12.955799 5.219154 7.306607 247.467169 38492.811012
85 -4.845246 -3.191728 6.157674 31.345603 27338.928544
85 -2.601759 -2.338846 4.253878 299.526971 13047.226247
85 -15.113673 -5.637065 11.392619 210.078185 93582.623797
85 -4.608170 -3.112664 12.774794 82.921035 117667.321312
85 -5.033270 -3.253068 10.346843 58.949202 77190.491484
85 -6.140973 -3.593243 4.519735 287.225746 14729.024718
86 13.016278 5.231322 6.943866 227.237931 34765.678615
86 14.869672 5.591376 5.577918 324.514262 22433.260236
86 4.481200 3.069483 9.050098 176.708786 59054.718447
86 15.866371 5.775729 8.601630 88.512962 53346.949256
86 -4.729687 -3.153437 7.998217 207.985635 46124.791431
86 -9.811548 -4.541892 3.351328 105.234806 8098.076023
86 -10.132181 -4.615508 4.585310 117.029447 15159.518682
86 -1.604968 -1.836966 4.841540 141.596121 16901.103017
86 -6.432223 -3.677465 19.700325 206.994271 279830.374124
86 -13.984002 -5.422302 7.106912 341.128125 36417.480059
87 9.453216 4.458182 11.761730 70.459514 99744.858881
87 10.272090 4.647265 11.540962 336.936698 96035.572798
87 12.724450 5.172345 4.219588 93.750965 12837.728943
87 17.822827 6.121478 14.548966 308.233716 152620.300364
87 -13.273786 -5.282815 6.987308 118.871017 35202.041511
87 -11.041896 -4.818255 4.131014 257.662840 12304.425329
87 -11.492252 -4.915532 4.790008 93.317029 16543.239404
87 -15.862056 -5.774944 10.693643 336.047539 82451.662830
87 -9.178405 -4.392903 12.139211 339.482355 106250.012078
87 -6.200113 -3.610504 9.342983 158.446967 62938.901090
88 10.552490 4.710266 17.647139 326.543308 224541.523816
88 3.297939 2.633233 7.177309 309.410680 37142.517809
88 10.584613 4.717430 3.789466 276.781327 10353.903859
88 6.433744 3.677900 5.470496 293.975229 21577.516625
88 -16.449048 -5.880827 25.272102 109.275239 460501.236967
88 -10.024150 -4.590836 4.503130 194.261922 14621.001600
88 -5.774531 -3.484387 7.127267 210.786010 36626.395357
88 -16.119215 -5.821568 3.198566 77.492281 7376.640966
88 -6.173186 -3.602655 5.243974 170.649311 19827.550619
89 0.626386 1.147596 4.244709 189.872506 12991.042847
89 5.676537 3.454695 15.362630 302.281314 170168.507316
89 5.748709 3.476588 3.672339 321.493512 9723.746267
89 -10.373541 -4.670157 6.185100 173.040579 27583.000741
89 -6.897310 -3.808096 6.215248 105.839291 27852.548621
89 -10.797024 -4.764530 3.542692 264.964314 9049.299697
89 -9.369966 -4.438508 15.509332 109.301248 173434.014206
89 -6.248533 -3.624575 5.893006 137.828120 25039.277065
90 10.560753 4.712110 6.951220 91.936350 34839.356616
90 6.987235 3.832840 5.802045 77.509863 24272.262078
90 13.571682 5.341766 14.607848 43.004360 153858.165778
90 -0.066840 -0.374876 7.620715 94.247334 41873.525687
90 -13.354971 -5.298946 5.303023 247.482511 20276.596524
90 -13.459511 -5.319645 5.341237 211.724291 20569.880543
90 -7.965239 -4.092300 2.460003 220.266746 4363.344234
90 -10.340327 -4.662675 6.645396 90.259075 31841.229894
91 3.303078 2.635284 6.592554 187.551111 31336.858262
91 10.259980 4.644525 18.885912 247.982362 257172.183458
91 13.847510 5.395775 13.586795 43.039078 133101.240845
91 -13.199408 -5.267993 18.921571 202.142168 258144.262013
91 -13.282044 -5.284458 3.676661 194.074963 9746.648191
91 -5.628635 -3.440088 3.222196 25.818222 7486.035563
91 -13.323227 -5.292644 5.540543 249.296303 22133.636978
91 -11.664025 -4.952132 2.736663 277.327300 5399.960881
92 2.602723 2.339279 19.876737 152.301436 284864.465305
92 4.226413 2.980945 3.066815 6.138479 6781.460120
92 7.240567 3.901704 8.862469 258.416964 56631.428635
92 -9.320448 -4.426764 4.266281 226.598872 13123.419735
92 -9.011465 -4.352770 2.605871 189.028017 4896.139538
92 -5.788110 -3.488481 5.159654 298.664119 19195.052562
92 -11.183766 -4.849110 7.024461 263.116923 35577.387225
93 7.290483 3.915130 4.347466 2.412765 13627.632696
93 13.587315 5.344841 6.455358 105.599044 30046.144037
93 -12.765679 -5.180718 9.190739 252.253376 60904.441026
93 -6.922311 -3.814991 4.775755 147.004606 16444.933516
93 -3.463904 -2.698677 16.216623 135.785644 189613.359711
93 -1.693149 -1.886756 5.571496 296.416668 22381.628396
94 12.273042 5.079771 7.644160 33.983852 42131.569384
94 2.857145 2.450948 8.818561 236.689490 56071.674553
94 -14.017891 -5.428869 4.964727 77.005376 17772.100812
94 -10.853761 -4.777032 2.810048 246.609783 5693.451612
94 -17.148889 -6.004627 1.821941 67.916656 2393.407429
94 -10.857100 -4.777766 8.216328 325.522903 48674.739072
95 11.340911 4.883059 6.741471 219.857922 32768.560321
95 8.216218 4.156272 14.409954 87.349762 149717.743296
95 -9.452999 -4.458131 4.971163 167.069213 17818.209341
95 -8.761912 -4.292076 3.299243 75.544330 7848.319337
95 -18.837181 -6.293264 8.872837 201.215108 56764.008202
95 -11.124368 -4.836216 6.836699 41.842191 33700.857081
96 16.538668 5.896825 5.700109 279.446062 23426.879576
96 5.974728 3.544272 4.210780 156.639021 12784.191278
96 -15.213121 -5.655580 4.385837 142.621372 13869.253480
96 -9.300024 -4.421911 8.110293 337.851281 47426.508887
96 -7.929966 -4.083228 6.858859 319.115814 33919.686254
97 7.060264 3.852818 13.480994 70.230853 131036.378545
97 -15.361726 -5.683135 11.295554 103.133915 91994.770265
97 -12.406316 -5.107277 6.135867 248.806935 27145.631039
97 -12.343631 -5.094358 3.873653 142.147179 10819.056971
98 3.490440 2.708994 4.830635 22.348346 16825.053785
98 -10.453969 -4.688227 4.488243 305.774648 14524.484792
98 -7.668404 -4.015323 12.894951 25.632032 119891.236367
98 -10.703282 -4.743801 10.049902 107.907779 72823.530937
99 8.082942 4.122425 4.602671 338.373247 15274.535122
99 -10.477223 -4.693438 9.143831 150.465359 60284.330332
99 -12.776425 -5.182898 6.605944 107.301352 31464.281862
99 -15.801201 -5.763855 4.577090 247.680117 15105.214508
100 17.521591 6.069526 4.786335 259.459732 16517.879536
100 -4.721300 -3.150640 8.456595 126.318952 51563.111973
100 -13.522978 -5.332172 7.510339 145.444068 40669.347267
101 -1.947061 -2.023288 5.097946 96.904938 18738.657857
101 -16.215301 -5.838893 19.594678 234.768771 276837.139549
102 -1.848597 -1.971465 3.517351 268.907328 8920.301268
102 -8.124831 -4.133093 3.490495 65.166522 8784.602482
103 -7.816850 -4.054001 3.991168 131.805678 11485.452543
103 -9.450509 -4.457544 7.053683 30.136316 35874.011704
104 -4.155013 -2.955658 2.262576 223.835633 3691.088764
104 -6.533440 -3.706286 7.107431 138.208793 36422.808342
105 -2.310880 -2.204229 9.240911 242.686576 61571.210611
106 -11.367696 -4.888822 15.407183 327.520689 171156.952724
107 -7.197289 -3.890026 8.361877 155.414132 50414.512570
108 -9.719344 -4.520500 7.340256 237.435578 38848.159579
109 -3.008888 -2.515191 26.337685 342.997164 500153.447813
110 -10.667903 -4.735955 5.599735 173.550291 22609.090661
122 16.904879 -5.386136 6.070934 195.721914 26574.130797
123 18.729823 -5.669414 7.484557 206.226546 40390.593991
124 19.226812 -5.744139 5.672948 32.559017 23204.151224
125 18.366027 -5.614084 9.709962 82.228781 67980.302242
125 20.737416 -5.965524 5.815892 91.880898 24388.252325
126 26.234232 -6.709737 2.336341 337.583824 3935.687748
126 21.681380 -6.099788 11.281883 162.393865 91772.217341
127 19.444672 -5.776591 7.406715 107.274409 39554.815939
127 29.462964 -7.110653 6.866963 337.032788 33999.892644
128 20.406278 -5.917703 2.487990 163.156785 4463.189010
128 29.114919 -7.068530 4.763852 99.230391 16363.061497
128 25.062917 -6.558237 6.516157 257.372323 30614.776408
129 22.817582 -6.257576 5.378357 342.060796 20856.779874
129 23.468159 -6.346157 3.643875 240.791931 9573.595457
129 41.602376 -8.449487 6.097640 235.860171 26808.446925
130 24.970851 -6.546180 12.414136 251.986682 111117.137191
130 24.075595 -6.427762 18.858151 16.311025 256416.701534
130 29.350907 -7.097119 17.376141 52.522646 217698.145787
131 22.781668 -6.252649 6.031172 92.158260 26227.174051
131 24.033264 -6.422109 3.652809 324.488935 9620.595532
131 29.577985 -7.124520 6.259593 323.852941 28251.419322
131 13.230010 -4.764874 3.767930 40.868195 10236.552799
132 27.015110 -6.808864 6.903104 256.823610 34358.713562
132 20.970888 -5.999012 5.542112 150.308675 22146.171464
132 29.968936 -7.171450 7.667063 120.572901 42384.414656
132 8.757746 -3.876747 5.408750 137.400404 21093.172068
133 22.758491 -6.249468 14.131908 114.401201 143995.753018
133 30.830482 -7.273802 5.041378 194.580907 18325.111296
133 34.427083 -7.686372 8.692280 293.187527 54477.290089
133 21.115417 -6.019648 5.108046 133.666997 18812.982525
133 21.361905 -6.054681 4.077216 71.905671 11986.033250
134 33.418328 -7.572925 8.259388 323.818513 49186.255647
134 15.823085 -5.210950 7.588465 190.733885 41519.869838
134 26.165632 -6.700958 6.530194 307.436105 30746.826807
134 15.687576 -5.188588 10.013465 95.471481 72296.427144
134 19.388697 -5.768270 8.411833 141.826412 51018.698182
135 19.264154 -5.749714 6.524479 278.766331 30693.026616
135 30.198060 -7.198812 4.991691 98.279189 17965.669231
135 20.403439 -5.917292 8.031960 129.481767 46514.795571
135 15.676756 -5.186799 18.840378 280.565641 255933.602504
135 14.320655 -4.957386 7.310511 269.269123 38533.954076
135 -22.787428 6.253439 9.360842 286.499106 63179.753019
136 17.300072 -5.448730 9.041650 357.973077 58944.524192
136 26.732439 -6.773148 10.561563 216.946851 80427.474607
136 29.130195 -7.070384 13.154538 4.152566 124766.869596
136 16.113739 -5.258592 4.891778 53.593989 17253.671922
136 7.310430 -3.541953 6.248770 121.416870 28153.805496
136 17.433337 -5.469676 12.752901 58.450857 117264.371959
136 -32.503519 7.468553 3.990687 120.434217 11482.685275
137 17.667803 -5.506334 4.612315 15.659979 15338.606785
137 19.857834 -5.837639 4.382225 294.697853 13846.418197
137 18.183508 -5.586118 7.558325 137.960455 41190.697068
137 15.551475 -5.166032 5.369439 81.459805 20787.670303
137 28.647353 -7.011542 4.197726 41.572351 12705.045237
137 31.788250 -7.385920 5.102249 359.276199 18770.307047
137 -7.973490 3.699095 6.611041 171.562661 31512.858421
138 20.124314 -5.876677 9.877837 343.932727 70351.247622
138 20.241674 -5.893788 4.017836 65.164375 11639.448349
138 25.085982 -6.561254 5.436416 113.369964 21309.512249
138 23.547133 -6.356826 14.534322 314.321570 152313.233041
138 28.142259 -6.949455 5.115884 284.773511 18870.764422
138 19.804485 -5.829792 5.565896 13.991167 22336.658685
138 13.664668 -4.842513 4.468992 292.173076 14400.158467
138 -16.402600 5.305516 9.797427 46.096417 69210.518597
139 26.069048 -6.688579 11.240034 228.057229 91092.652788
139 20.578323 -5.942597 6.466371 133.548278 30148.754488
139 27.569231 -6.878340 4.140916 83.451899 12363.483829
139 11.530708 -4.448353 4.915021 16.322245 17418.018797
139 35.222544 -7.774665 6.069256 130.764873 26559.441967
139 21.323793 -6.049278 4.437682 255.468697 14199.090396
139 21.341801 -6.051832 4.115853 319.764571 12214.275154
139 -25.607710 6.629132 13.863600 105.486853 138579.867883
140 23.494276 -6.349687 10.747284 297.420539 83280.915898
140 17.168996 -5.428049 7.940891 267.811470 45465.975473
140 21.739206 -6.107917 5.334804 70.501990 20520.362653
140 25.388385 -6.600682 5.326368 142.190768 20455.510954
140 22.867572 -6.264427 7.011886 111.923681 35450.123155
140 27.849088 -6.913163 15.562068 348.012321 174615.467985
140 22.674462 -6.237920 7.179908 315.866857 37169.426457
140 11.988958 -4.535885 6.777603 130.149098 33120.757710
140 -29.189090 7.077528 5.760339 95.168267 23924.568533
140 -13.547454 4.821700 6.391125 15.834395 29451.179286
141 24.095510 -6.430420 7.630863 247.880772 41985.122860
141 19.300677 -5.755162 2.234040 277.513649 3598.570304
141 18.543563 -5.641153 6.676639 315.126703 32141.326856
141 28.536833 -6.998004 24.636995 158.707219 437646.579140
141 18.637076 -5.655359 5.303603 233.032074 20281.031988
141 10.187617 -4.181264 5.295710 173.336685 20220.713480
141 31.065746 -7.301502 8.613216 335.489401 53490.759309
141 20.462287 -5.925819 13.271483 118.902245 126995.099404
141 -12.308499 4.595935 4.336162 5.555606 13556.855891
141 -19.796180 5.828570 5.437856 23.022911 21320.800828
142 25.707106 -6.641985 3.594994 175.344232 9318.466418
142 -6.135550 -3.244876 2.009719 94.844060 2912.182439
142 21.458590 -6.068368 7.160972 339.543663 36973.623726
142 25.993984 -6.678943 5.032201 163.634807 18258.458830
142 28.945573 -7.047943 9.962005 110.770717 71555.269637
142 25.275484 -6.585990 11.502093 249.238856 95389.767237
142 4.451120 -2.763796 9.953683 69.952921 71435.762307
142 12.533690 -4.637787 4.653708 340.306737 15615.153295
142 11.695546 -4.480036 11.373539 114.672654 93269.424095
142 -19.352050 5.762816 6.746627 59.721344 32818.708233
142 -19.249243 5.747489 25.357640 341.963693 463623.833176
143 14.498066 -4.987999 4.141567 252.715329 12367.370343
143 26.969913 -6.803166 5.753989 51.891554 23871.854464
143 21.612096 -6.090034 4.298837 227.709889 13324.474625
143 9.768771 -4.094409 2.969673 126.797021 6358.655518
143 14.577278 -5.001606 5.262885 338.738732 19970.815578
143 28.291614 -6.967872 2.873468 54.246020 5953.339639
143 21.205611 -6.032491 9.071262 322.360224 59331.255256
143 9.129097 -3.958086 5.327824 108.316863 20466.702922
143 10.033515 -4.149520 11.280979 27.269053 91757.513535
143 -29.129927 7.070351 3.375739 72.970684 8216.479478
143 -11.923217 4.523432 8.638475 280.136901 53804.944615
144 16.413784 -5.307325 15.590689 44.913541 175258.333710
144 26.367008 -6.726695 6.133818 313.718006 27127.506528
144 22.531997 -6.218292 8.419901 32.816737 51116.604272
144 27.773570 -6.903783 7.975865 304.518617 45867.351461
144 22.024170 -6.147819 6.929003 65.913261 34617.016250
144 14.164124 -4.930218 7.804791 93.067623 43920.838904
144 18.808124 -5.681252 5.064875 246.760518 18496.330745
144 20.455853 -5.924887 5.829933 316.030037 24506.156938
144 26.720129 -6.771589 4.832946 110.243480 16841.155436
144 0.288167 -0.703224 10.492912 111.033342 79385.306353
144 -21.575891 6.084931 8.190438 262.209724 48368.469775
144 -28.348285 6.974847 9.032852 69.684711 58829.870941
144 -30.258532 7.206016 5.157983 165.284370 19182.617733
145 10.168513 -4.177342 10.306228 157.856784 76585.683441
145 16.456719 -5.314262 7.690202 156.594406 42640.627949
145 29.099269 -7.066630 8.416425 195.918270 51074.418697
145 14.400125 -4.971122 5.582469 283.172143 22469.877190
145 8.277466 -3.768947 10.801084 329.158946 84116.798479
145 20.793454 -5.973579 10.188826 52.653851 74850.782083
145 11.412054 -4.425407 6.306538 248.286500 28676.760185
145 13.191645 -4.757960 2.347861 315.950464 3974.595259
145 9.998144 -4.142199 11.589823 18.533101 96850.458203
145 8.395037 -3.795619 1.858951 354.169440 2491.631766
145 -27.423464 6.860132 7.003762 231.505690 35368.029218
145 -20.215482 5.889973 8.136547 229.824745 47734.060351
145 -13.318097 4.780710 5.988474 44.594860 25857.134921
146 19.001620 -5.710401 4.183124 212.051582 12616.806625
146 20.504706 -5.931958 6.338505 80.841846 28968.213287
146 4.929563 -2.908543 10.436747 45.055547 78537.741733
146 18.789577 -5.678450 6.437533 20.474454 29880.438550
146 18.222201 -5.592059 5.443896 144.451557 21368.189378
146 16.967328 -5.396076 7.227005 345.652681 37658.650598
146 23.191948 -6.308700 4.487188 250.171702 14517.657287
146 16.770114 -5.364624 8.968071 18.633328 57989.065181
146 5.809949 -3.157602 8.762071 32.049279 55355.605630
146 19.677807 -5.811117 6.823878 83.405105 33574.574941
146 17.601582 -5.496005 9.134598 90.140540 60162.645235
146 -17.994222 5.556967 7.023718 39.580436 35569.869069
146 -13.927491 4.888862 2.871248 265.254242 5944.144238
146 -22.470758 6.209836 3.715271 25.791778 9952.429126
147 19.770954 -5.824855 10.294910 192.407756 76417.567227
147 17.197490 -5.432551 4.788453 42.629047 16532.498819
147 8.467017 -3.811856 3.634081 322.780079 9522.198813
147 14.571892 -5.000682 11.762561 93.610393 99758.946619
147 20.629547 -5.949989 4.672533 107.359735 15741.743682
147 22.376747 -6.196833 4.331601 140.942350 13528.356346
147 32.909066 -7.515002 6.119088 349.230960 26997.372684
147 6.019133 -3.213944 6.139928 177.955936 27181.572574
147 24.009849 -6.418980 4.314462 274.650767 13421.512722
147 16.206200 -5.273657 3.006010 121.879566 6515.218284
147 14.939702 -5.063400 5.218609 150.376564 19636.203276
147 -9.561494 4.050738 10.563982 227.418817 80464.320681
147 -30.700002 7.258393 13.130770 1.181968 124316.403593
147 -19.413631 5.771978 5.341251 84.655780 20569.985294
147 -22.644293 6.233769 4.217771 260.634248 12826.671275
148 21.065661 -6.012552 2.809285 255.331599 5690.360621
148 4.199486 -2.684537 5.286219 185.985260 20148.302061
148 25.683377 -6.638919 5.673549 278.019546 23209.071646
148 28.324775 -6.971954 3.524410 170.569565 8956.140580
148 14.820034 -5.043080 7.629649 282.047815 41971.764368
148 8.579978 -3.837200 12.575690 211.482242 114028.049887
148 14.325892 -4.958292 6.915404 150.628292 34481.265585
148 33.624529 -7.596253 7.810897 358.995598 43989.586321
148 28.430730 -6.984982 4.236772 354.906845 12942.502383
148 24.434419 -6.475485 4.933057 234.601423 17546.089966
148 11.096493 -4.363793 3.542154 80.340727 9046.548556
148 16.723538 -5.357169 6.744498 330.087398 32798.000058
148 -21.410552 6.061571 8.090886 107.886379 47199.813732
148 -30.561008 7.241944 10.417369 143.867691 78246.363477
148 -13.545517 4.821355 6.783556 248.708177 33178.970507
148 -22.224100 6.175660 4.994559 201.875753 17986.325527
149 18.821447 -5.683264 7.915001 183.566003 45169.991977
149 25.554016 -6.622178 14.984911 307.630773 161903.553996
149 21.870849 -6.126383 6.437911 43.133003 29883.946523
149 25.966240 -6.675377 4.419981 256.357266 14086.040121
149 13.313706 -4.779922 4.564628 143.606608 15023.078515
149 18.046648 -5.565056 5.037605 62.864875 18297.690974
149 21.101723 -6.017696 4.206925 339.627448 12760.791382
149 22.498998 -6.213737 4.590957 8.620500 15196.880857
149 7.464537 -3.579091 11.530010 358.131147 95853.381875
149 15.833727 -5.212702 8.127263 181.289609 47625.184175
149 22.254394 -6.179868 5.194732 158.989380 19456.930864
149 20.481048 -5.928535 5.220678 220.748984 19651.779519
149 -11.878211 4.514886 16.786456 268.023453 203173.040771
149 -20.794743 5.973764 4.797030 216.309762 16591.779175
149 -29.682303 7.137072 4.728508 331.357067 16121.158276
149 -26.518685 6.746015 5.038477 101.636666 18304.025298
150 11.766120 -4.493533 11.046461 31.231967 87982.112677
150 16.982683 -5.398517 9.302786 162.256344 62398.500246
150 15.321258 -5.127652 5.843292 282.729197 24618.593643
150 6.080582 -3.230308 7.176584 198.387586 37135.015401
150 18.302039 -5.604296 3.694561 218.426034 9841.780905
150 24.228005 -6.448076 6.194351 155.770126 27665.577563
150 16.753868 -5.362025 14.866512 243.781172 159355.197166
150 10.087979 -4.160767 15.678731 322.602827 177243.324426
150 20.680346 -5.957310 9.532644 94.877120 65520.140750
150 15.936822 -5.229644 7.099840 336.994935 36345.039825
150 20.145436 -5.879760 4.724971 280.941676 16097.052520
150 9.038864 -3.938476 12.658515 51.970951 115535.004181
150 21.197801 -6.031380 7.784630 250.346335 43694.222166
150 -33.573035 7.590434 3.895416 313.284833 10940.965584
150 -23.916760 6.406524 4.092270 145.204394 12074.705917
150 -21.852389 6.123797 2.837306 57.238814 5804.441084
150 -19.429171 5.774288 6.328743 3.231553 28879.053321
150 -15.535868 5.163439 7.567699 16.617709 41292.932169
151 35.428186 -7.797327 11.200532 150.274324 90453.492058
151 35.224515 -7.774882 5.980831 161.087141 25791.178421
151 14.074414 -4.914581 4.608817 341.791350 15315.350063
151 15.889615 -5.221893 5.789479 331.272146 24167.243210
151 15.734133 -5.196282 6.566804 296.200010 31092.543166
151 16.833936 -5.374823 3.381568 116.142730 8244.877317
151 16.845347 -5.376644 12.153557 0.538238 106501.293860
151 17.485416 -5.477839 5.908773 165.928826 25173.442714
151 14.067814 -4.913428 15.122767 92.457190 164896.183805
151 27.756316 -6.901639 5.481501 56.785612 21664.423565
151 25.204910 -6.576788 11.544192 136.379002 96089.326651
151 7.891166 -3.679950 3.620950 2.749583 9453.512334
151 9.409383 -4.018388 5.556368 348.261281 22260.249956
151 -14.406207 4.972172 6.675792 271.348055 32133.180348
151 -19.286068 5.752984 8.215149 314.977570 48660.768924
151 -18.759221 5.673861 19.290619 5.850373 268312.186514
151 -22.290446 6.184871 5.121676 111.673578 18913.514211
151 -26.982752 6.804785 5.079786 88.689136 18605.394130
152 11.684644 -4.477948 11.896619 153.555911 102045.807384
152 9.638282 -4.066971 3.757053 71.691694 10177.535212
152 22.042890 -6.150431 2.648614 219.338400 5058.075544
152 6.695816 -3.389792 11.453987 250.227520 94593.530927
152 17.788947 -5.525180 4.710261 128.587034 15996.978268
152 17.162391 -5.427005 28.736656 239.956614 595416.043740
152 10.447889 -4.234339 10.177970 224.391939 74691.367655
152 14.618731 -5.008713 6.150855 319.003125 27278.412134
152 22.309090 -6.187457 9.826675 58.119672 69624.363246
152 28.037164 -6.936467 5.665502 210.986063 23143.280416
152 15.636526 -5.180139 5.570708 244.649616 22375.300439
152 20.586826 -5.943825 14.026720 241.408647 141860.125555
152 17.934895 -5.547799 2.408331 213.489678 4181.963842
152 24.987994 -6.548427 14.028377 94.688965 141893.646409
152 -24.150778 6.437791 1.824166 341.941313 2399.256661
152 -13.845580 4.874464 12.940561 96.225293 120740.858098
152 -11.587362 4.459268 14.797776 206.707757 157885.043988
152 -22.068182 6.153959 16.612064 294.409514 198973.499691
152 -21.579737 6.085473 2.650989 115.571968 5067.153190
153 21.509316 -6.075536 8.024409 83.589828 46427.378112
153 10.422954 -4.229283 3.271462 91.458372 7716.702110
153 26.782311 -6.779463 7.647268 325.317372 42165.831484
153 13.281856 -4.774201 6.380285 192.853318 29351.361626
153 16.106208 -5.257363 3.509215 222.596293 8879.083450
153 16.246536 -5.280216 6.051233 51.962430 26401.941076
153 16.871088 -5.380750 6.900086 253.749814 34328.679080
153 22.827537 -6.258940 4.813786 343.233048 16707.892357
153 11.320627 -4.407644 12.498475 289.944572 112632.089419
153 20.025076 -5.862170 3.504913 109.045998 8857.323611
153 13.160412 -4.752324 4.259262 343.044696 13080.274815
153 9.372687 -4.010545 9.279339 266.344615 62084.348586
153 17.134303 -5.422562 6.866096 231.972304 33991.299133
153 17.314904 -5.451065 6.223829 89.854570 27929.509486
153 -18.210260 5.590226 9.792559 88.084693 69141.759861
153 -18.150085 5.580982 8.650659 168.761706 53956.840112
153 -10.179385 4.179574 8.206724 106.387137 48561.013767
153 -28.285012 6.967059 5.166627 13.812724 19246.966928
153 -3.781793 2.547535 14.437734 212.026226 150295.555928
153 -24.301489 6.457847 1.900315 132.254030 2603.749136
154 6.901040 -3.441348 7.679813 32.406359 42525.493183
154 -1.857560 -1.785430 7.897006 256.849681 44964.830813
154 20.438386 -5.922357 8.521678 14.055747 52359.842697
154 24.907898 -6.537923 4.739229 288.016731 16194.344847
154 0.661698 -1.065617 10.359466 5.535755 77378.949890
154 18.071484 -5.568884 10.321468 340.202976 76812.342276
154 33.747282 -7.610106 3.989082 332.471314 11473.447815
154 16.128223 -5.260955 3.205788 170.014848 7409.992450
154 9.240290 -3.982118 5.625925 55.275626 22821.064848
154 12.169624 -4.569933 7.825965 160.915775 44159.474469
154 4.945105 -2.913125 27.395456 205.735201 541134.383751
154 13.164000 -4.752972 3.138171 270.385232 7100.703880
154 20.822291 -5.977720 5.435861 133.735279 21305.155886
154 23.373533 -6.333350 7.171445 233.192936 37081.848938
154 23.394031 -6.336126 3.933701 229.728366 11157.083354
154 -18.231565 5.593495 8.317527 332.811420 49881.153167
154 -21.660892 6.096905 11.271319 149.823528 91600.439878
154 -15.192116 5.105995 5.536817 41.683870 22103.870860
154 -26.581797 6.754037 6.923399 82.964336 34561.043531
154 -19.689155 5.812793 4.462785 150.322981 14360.182434
154 -12.451427 4.622542 10.644042 282.809855 81688.563933
155 20.432336 -5.921481 4.753338 183.303258 16290.916942
155 23.046704 -6.288915 5.125635 161.223766 18942.768405
155 20.145843 -5.879820 6.801544 67.852946 33355.162611
155 13.982039 -4.898426 6.848636 159.221267 33818.652918
155 19.790819 -5.827780 3.845917 165.431814 10664.680663
155 27.924102 -6.922467 14.843237 82.608182 158856.623131
155 22.693836 -6.240584 6.811796 143.244996 33455.794286
155 21.568803 -6.083931 7.392366 36.446992 39401.699060
155 12.850738 -4.696078 4.623853 155.803305 15415.447814
155 15.534563 -5.163222 7.834409 267.706832 44254.817682
155 13.476816 -4.809113 4.937970 37.190537 17581.055029
155 10.640587 -4.273208 12.122659 210.102520 105960.465503
155 17.294026 -5.447777 4.877908 87.499337 17155.973441
155 20.272260 -5.898239 8.462510 258.867351 51635.269741
155 8.826239 -3.891877 4.709934 39.226770 15994.756717
155 -16.308914 5.290343 11.364234 22.671414 93116.883161
155 -17.166176 5.427603 5.853837 142.939918 24707.532246
155 -27.021292 6.809643 6.553812 112.229013 30969.627389
155 -29.409098 7.104150 8.268158 222.214126 49290.769367
155 -22.598616 6.227478 14.660585 233.874801 154971.077207
155 -28.221406 6.959221 4.838290 19.039492 16878.426187
156 22.306197 -6.187056 4.918748 99.265020 17444.446409
156 33.102725 -7.537081 19.415324 170.245449 271792.420176
156 11.182897 -4.380750 4.021807 129.014907 11662.471730
156 5.887398 -3.178579 2.431941 166.556260 4264.363378
156 22.273383 -6.182504 8.704195 335.037015 54626.742924
156 10.975198 -4.339878 4.970880 160.752033 17816.182890
156 17.248119 -5.440542 10.086384 209.464804 73353.198349
156 12.292342 -4.592917 9.009757 337.522060 58529.422072
156 20.807054 -5.975532 3.780310 357.371901 10303.929742
156 4.597430 -2.808852 4.681031 202.020223 15799.056661
156 19.515541 -5.787108 6.652105 239.752040 31905.554249
156 11.802043 -4.500387 5.125617 167.213735 18942.635577
156 18.170113 -5.584060 10.317570 242.520213 76754.336545
156 20.290753 -5.900929 17.130420 276.916735 211584.625307
156 16.812004 -5.371320 3.134873 345.281890 7085.785313
156 17.020968 -5.404598 12.044339 78.484051 104595.742376
156 -17.905536 5.543256 21.132749 254.965307 322003.117342
156 -23.378775 6.334060 19.898792 334.824271 285496.970954
156 -5.635591 3.109861 4.159170 195.445690 12472.724161
156 -6.650338 3.378261 3.207402 43.692104 7417.456190
156 -13.848156 4.874917 9.390003 137.313153 63573.994195
156 -16.135949 5.262215 2.101529 338.551020 3184.336882
156 -5.983476 3.204410 13.344110 298.257937 128388.842185
157 15.653623 -5.182970 1.588747 83.470204 1819.942520
157 17.529782 -5.484784 5.805229 300.341725 24298.909476
157 17.883924 -5.539910 3.247043 47.330945 7601.933796
157 7.501569 -3.587958 9.719994 106.692517 68120.852335
157 18.458506 -5.628201 10.788768 350.978362 83925.078201
157 19.459570 -5.778803 16.171126 164.620760 188550.903066
157 15.547337 -5.165345 4.368840 149.737419 13761.960145
157 20.610026 -5.947173 13.494322 114.287250 131295.603831
157 13.561056 -4.824119 7.190088 302.705126 37274.895718
157 24.833014 -6.528088 4.003538 131.624617 11556.758946
157 20.949922 -5.996012 8.890114 193.726225 56985.288240
157 14.554581 -4.997711 4.701331 208.381288 15936.382774
157 3.168049 -2.331671 4.316880 237.741522 13436.555659
157 24.099923 -6.431009 5.470903 296.973287 21580.726905
157 18.741369 -5.671161 7.369203 186.499363 39155.173438
157 16.423099 -5.308830 3.990843 104.110098 11483.580256
157 -22.120930 6.161309 9.433254 353.002064 64160.996616
157 -13.419314 4.798842 3.015679 161.674047 6557.196076
157 -27.943717 6.924898 4.454815 301.423351 14308.936101
157 -24.026136 6.421157 2.520672 328.498376 4581.214369
157 -15.607961 5.175405 4.956089 224.229451 17710.313131
157 -27.584244 6.880212 7.668919 70.413043 42404.930391
157 -21.164293 6.026611 5.035317 273.189766 18281.076663
158 17.672828 -5.507117 5.596372 99.552874 22581.937990
158 11.386335 -4.420417 7.086396 355.129126 36207.531069
158 17.285749 -5.446473 9.354521 66.175869 63094.450655
158 12.205767 -4.576715 9.506630 332.274452 65163.024356
158 14.251236 -4.945356 6.731018 352.238584 32667.023869
158 14.209085 -4.938037 6.967542 119.246860 35003.159816
158 20.594874 -5.944986 5.700057 30.462751 23426.451210
158 27.889597 -6.918189 12.915129 316.296920 120266.749724
158 20.551581 -5.938735 5.871599 97.871951 24857.693010
158 19.603290 -5.800104 7.541360 73.761986 41005.999196
158 16.657322 -5.346553 14.176204 65.690309 144899.860082
158 26.090445 -6.691324 7.879668 142.418044 44767.608916
158 27.281733 -6.842381 12.579492 318.290395 114097.007824
158 8.249895 -3.762665 6.162102 263.262719 27378.262890
158 10.804096 -4.305916 6.498970 99.162683 30453.497924
158 14.319960 -4.957266 6.028447 163.536851 26203.481790
158 9.955054 -4.133264 3.687883 308.599624 9806.237712
158 -23.990027 6.416330 9.876960 90.461115 70338.759125
158 -19.795954 5.828536 16.867065 147.810785 205129.032497
158 -10.017325 4.146171 10.115343 209.652381 73775.014514
158 -18.055144 5.566366 6.054028 355.361305 26426.336334
158 -26.015246 6.681674 4.511155 82.031094 14673.159326
158 -12.182708 4.572389 5.688599 271.261595 23332.359630
158 -9.912912 4.124506 5.473878 299.373044 21604.205324
159 12.456658 -4.623513 3.233942 245.801470 7540.715710
159 19.949624 -5.851115 19.433079 40.320353 272289.748448
159 11.199955 -4.384090 8.819296 220.937065 56081.027173
159 7.658860 -3.625379 15.500739 310.597491 173241.887057
159 21.403916 -6.060632 5.414182 176.506369 21135.563557
159 15.184796 -5.104765 11.661744 240.670712 98056.200320
159 12.649989 -4.659254 3.691097 157.226832 9823.335451
159 17.365948 -5.459094 7.000674 11.107389 35336.849343
159 4.822171 -2.876687 13.292979 151.520207 127406.833060
159 5.148038 -2.972297 4.136788 325.868353 12338.850494
159 20.090016 -5.871667 6.640635 193.565038 31795.615230
159 7.937483 -3.690734 9.919497 219.945332 70945.906570
159 14.466169 -4.982509 4.538172 290.702224 14849.438852
159 9.988810 -4.140265 3.013062 87.875621 6545.822993
159 12.933378 -4.711154 10.170641 176.694008 74583.841268
159 24.661092 -6.505452 3.398764 77.019143 8328.949124
159 23.004287 -6.283125 5.733801 168.760281 23704.637076
159 -15.302167 5.124456 4.558313 311.875728 14981.537304
159 -22.394287 6.199261 5.681817 163.441945 23276.764090
159 -11.025028 4.349719 7.850613 116.764523 44438.075389
159 -9.914354 4.124806 10.563173 346.164874 80452.004640
159 -19.390607 5.768555 14.684760 52.657241 155482.592844
159 -13.086249 4.738915 7.982624 299.644598 45945.128640
159 -29.751345 7.145368 1.091908 61.403947 859.647226
159 -30.258741 7.206041 5.289465 294.735851 20173.050625
160 16.577687 -5.333757 7.966234 66.249963 45756.641700
160 13.891717 -4.882579 5.904644 321.124819 25138.274226
160 16.452842 -5.313636 3.516457 33.024202 8915.768273
160 22.285247 -6.184150 2.380487 240.154479 4085.824514
160 22.550422 -6.220834 12.036416 318.357111 104458.187711
160 21.573013 -6.084525 9.321036 120.538829 62643.559725
160 10.156409 -4.174855 10.670925 335.176480 82101.705587
160 23.182098 -6.307361 5.228085 197.382563 19707.582070
160 12.528514 -4.636829 5.047060 162.037977 18366.439233
160 24.227082 -6.447953 8.356126 299.074617 50345.200854
160 24.920291 -6.539550 4.745060 31.230480 16234.225241
160 4.859438 -2.887781 14.708031 63.466132 155975.781593
160 28.022505 -6.934654 5.862214 354.335811 24778.296422
160 12.338610 -4.601553 4.991321 351.931214 17963.008811
160 14.929693 -5.061704 7.875200 312.516050 44716.850687
160 20.205470 -5.888515 4.874034 326.291310 17128.728179
160 17.598178 -5.495474 5.272187 134.636684 20041.475612
160 7.927247 -3.688353 4.071308 143.716645 11951.321992
160 -23.249249 6.316489 7.094544 163.343369 36290.843509
160 -18.289909 5.602438 13.465847 4.235911 130742.090663
160 2.771575 2.180894 3.953554 356.315976 11269.985915
160 -15.352457 5.132870 4.989207 58.230606 17947.796475
160 -9.586659 4.056065 3.767548 58.195734 10234.477050
160 -33.126994 7.539843 4.718535 350.644015 16053.228245
160 -11.302682 4.404149 6.971234 237.406554 35040.270900
160 -24.936424 6.541666 13.673590 326.482276 134807.225907
161 19.172630 -5.736040 7.632531 2.501685 42003.477524
161 8.693356 -3.862469 3.700295 95.475167 9872.353392
161 15.903787 -5.224221 5.667606 323.083764 23160.466570
161 23.674065 -6.373936 9.625780 57.568370 66806.691473
161 11.188174 -4.381783 20.550253 4.671682 304496.592463
161 20.510994 -5.932868 11.691116 287.453962 98550.761518
161 28.002530 -6.932182 14.862158 276.861694 159261.864554
161 16.746632 -5.360867 4.437638 25.841004 14198.804521
161 19.041536 -5.716396 2.881944 303.419107 5988.514974
161 13.382312 -4.792221 13.687061 244.744514 135072.979831
161 16.099867 -5.256328 5.457546 187.888071 21475.484039
161 12.311749 -4.596541 3.362789 98.494436 8153.562830
161 17.663058 -5.505595 11.914220 223.689562 102347.978184
161 -0.033963 -0.241422 3.881922 216.519359 10865.298812
161 12.343867 -4.602533 3.463148 334.009760 8647.492526
161 23.526066 -6.353982 5.539645 281.870644 22126.457275
161 12.899787 -4.705032 10.010760 212.417489 72257.378911
161 15.406391 -5.141878 10.646181 357.805597 81721.392582
161 -4.916369 2.904648 3.626962 111.455974 9484.928239
161 -22.878923 6.265981 9.383514 267.708454 63486.164358
161 -19.188104 5.738354 12.321751 194.951413 109469.449402
161 -19.650508 5.807085 4.903998 168.348732 17339.980913
161 -13.141642 4.748934 4.517495 144.135154 14714.427219
161 -36.030043 7.863279 4.740518 122.352568 16203.159898
161 -20.564498 5.940601 5.944401 351.642316 25477.941352
161 -26.928473 6.797937 7.060061 98.643629 35938.921517
161 -14.511704 4.990344 8.359591 62.972160 50386.953323
162 18.839063 -5.685923 5.010036 161.532942 18097.967572
162 7.344508 -3.550199 7.199849 35.434211 37376.178817
162 21.968791 -6.140085 11.715780 165.503126 98967.020214
162 13.535343 -4.819544 4.549963 18.297295 14926.702739
162 7.392307 -3.561732 9.275061 105.789413 62027.119115
162 15.023237 -5.077536 8.076834 136.735299 47035.996223
162 10.491261 -4.243118 6.378288 129.836683 29332.985673
162 4.893673 -2.897936 5.827782 97.525933 24488.077362
162 13.521031 -4.816995 7.309871 266.239280 38527.207841
162 11.197200 -4.383551 10.380795 348.915970 77697.903051
162 11.176868 -4.379569 16.265978 4.793635 190769.280544
162 14.625748 -5.009915 6.593888 107.263403 31349.540578
162 16.378682 -5.301647 20.215678 182.982136 294662.383855
162 10.719818 -4.289088 4.743728 247.228676 16225.108215
162 9.170133 -3.966972 5.489036 3.547880 21724.022135
162 31.716362 -7.377564 4.735132 240.100850 16166.361082
162 16.985314 -5.398935 13.909937 287.597163 139507.772428
162 18.761804 -5.674252 2.276692 183.959456 3737.287678
162 -16.242738 5.279599 6.788254 357.360609 33224.947641
162 -16.808527 5.370765 3.972312 186.680233 11377.184534
162 -17.127547 5.421493 4.127843 124.181806 12285.542704
162 -4.846335 2.883886 6.217662 222.457222 27874.187946
162 -19.823489 5.832589 8.096853 257.814606 47269.457417
162 -16.338744 5.295179 4.001712 49.159228 11546.215561
162 -23.325718 6.326868 10.147181 238.220817 74240.153967
162 -22.334122 6.190928 9.162948 42.441010 60536.670481
162 -10.467714 4.238354 7.107735 0.208187 36425.919091
163 21.125907 -6.021143 3.960605 6.702213 11310.224155
163 14.579503 -5.001988 15.823540 336.884745 180532.480781
163 13.835139 -4.872626 5.771387 155.684499 24016.431499
163 22.113360 -6.160255 5.258436 197.242233 19937.063957
163 20.592290 -5.944613 27.511632 2.407654 545733.720126
163 8.430004 -3.803515 5.849453 302.868002 24670.537811
163 26.393740 -6.730104 6.006594 202.274890 26013.853175
163 15.422312 -5.144534 8.896810 280.780456 57071.166818
163 15.671154 -5.185872 13.705176 196.780053 135430.755682
163 18.423583 -5.622874 6.114010 260.098531 26952.577405
163 14.354681 -4.963272 5.899152 127.688924 25091.539714
163 6.625447 -3.371933 3.225676 44.239639 7502.215314
163 6.991167 -3.463747 10.081106 143.417441 73276.454380
163 8.156305 -3.741261 7.010764 203.214313 35438.778136
163 15.972816 -5.235547 7.096771 301.226373 36313.626869
163 17.122585 -5.420707 15.474395 308.534669 172653.515878
163 12.385964 -4.610374 16.296454 279.486415 191484.804383
163 23.541365 -6.356047 7.437521 191.864432 39884.525164
163 17.561374 -5.489724 2.555812 156.240448 4709.836588
163 -30.544983 7.240045 5.759785 141.010102 23919.971505
163 -13.206656 4.760666 17.781352 357.083235 227969.960205
163 -19.225440 5.743934 4.362776 280.342924 13723.786898
163 -21.366144 6.055282 10.698704 344.028196 82529.723069
163 -22.495314 6.213229 21.390834 18.206047 329916.095517
163 -13.449497 4.804236 13.336236 2.086369 128237.372976
163 -24.357945 6.465344 5.327460 67.338062 20463.900574
163 -25.642986 6.633696 2.563613 352.507171 4738.631418
163 -11.662932 4.473786 7.670621 160.224978 42423.753039
164 13.780993 -4.863082 13.198637 183.583828 125604.799549
164 19.542626 -5.791122 4.469142 29.285616 14401.124898
164 24.883248 -6.534688 6.370637 145.962037 29262.662602
164 21.695648 -6.101795 4.511270 278.149676 14673.902851
164 11.429702 -4.428827 5.847404 174.501301 24653.253141
164 18.107519 -5.574434 7.984550 180.377791 45967.292282
164 14.779823 -5.036234 6.889776 6.851039 34226.169274
164 7.631539 -3.618907 7.883535 348.756822 44811.564918
164 11.741069 -4.488747 3.079381 115.234633 6837.149184
164 14.477271 -4.984420 6.869205 21.993871 34022.096798
164 24.813534 -6.525527 4.353356 24.663337 13664.586406
164 17.895529 -5.541707 3.955628 157.623398 11281.812222
164 1.725576 -1.720831 3.323670 2.912222 7964.965500
164 6.555105 -3.353985 6.327741 241.148827 28869.916159
164 4.987485 -2.925581 5.996974 45.891046 25930.588570
164 17.135581 -5.422764 11.159072 59.597386 89785.096682
164 18.882568 -5.692484 17.286131 177.968614 215448.587617
164 6.695412 -3.389690 4.418231 26.757616 14074.887351
164 18.204382 -5.589324 1.682501 82.697462 2041.072807
164 -16.929296 5.390025 5.827420 269.649319 24485.032427
164 -17.765225 5.521495 8.161976 275.106562 48032.892240
164 -24.272015 6.453929 6.003735 186.531777 25989.089287
164 -14.407380 4.972374 3.800525 203.034968 10414.426633
164 -29.746285 7.144760 8.599022 31.345572 53314.605419
164 -17.612131 5.497652 5.353026 296.179025 20660.779642
164 -14.862723 5.050338 6.312133 321.182473 28727.665768
164 -26.825093 6.784876 10.934802 302.665597 86212.435696
164 -21.396746 6.059617 4.911385 55.617152 17392.258919
164 -15.681399 5.187567 4.387791 241.651139 13881.612363
165 21.358584 -6.054211 5.028694 242.684366 18233.015030
165 16.945010 -5.392525 7.376003 254.015680 39227.467595
165 17.153931 -5.425667 7.479657 168.767557 40337.729284
165 11.682013 -4.477444 3.760007 147.522147 10193.549084
165 18.550547 -5.642215 4.248311 102.119602 13013.098996
165 14.538084 -4.994878 11.555174 111.356352 96272.228335
165 12.688514 -4.666343 3.318072 156.130501 7938.156224
165 18.907476 -5.696237 4.273817 78.803602 13169.820739
165 5.972006 -3.201337 11.727793 179.653703 99170.082702
165 14.768059 -5.034230 10.685492 260.195709 82326.027617
165 -3.224339 -2.352294 6.334848 280.427563 28934.802081
165 17.339243 -5.454895 7.991437 14.048015 46046.622712
165 12.231177 -4.581476 4.203575 60.242423 12740.478437
165 18.564594 -5.644351 14.933053 37.423447 160784.920344
165 4.495491 -2.777537 5.246988 306.068456 19850.351221
165 20.569259 -5.941288 7.814598 70.821730 44031.290152
165 14.413833 -4.973488 8.916478 183.254548 57323.772862
165 12.021924 -4.542117 3.607364 319.908685 9382.703817
165 23.806821 -6.391783 8.101709 331.635922 47326.174404
165 -4.405176 2.749495 5.251592 242.732797 19885.201490
165 -22.172509 6.168488 2.444538 342.779464 4308.654146
165 -17.452051 5.472610 4.974257 308.163259 17840.396005
165 -19.149133 5.732524 9.290629 288.222433 62235.522767
165 -27.660702 6.889741 3.190848 143.440774 7341.086644
165 -8.834142 3.893619 3.328192 145.663202 7986.654155
165 -30.189403 7.197780 8.362946 250.757551 50427.404050
165 -27.759772 6.902068 5.377655 157.368025 20851.341771
165 -20.026345 5.862355 4.412904 292.619654 14040.964344
165 -10.066097 4.156252 2.468992 123.106529 4395.289954
166 11.611633 -4.463936 3.907041 141.955207 11006.367573
166 4.325207 -2.724424 9.609257 225.295847 66577.535559
166 12.642376 -4.657852 8.884530 57.921738 56913.722003
166 7.206202 -3.516612 6.101113 148.890056 26838.991832
166 21.493007 -6.073232 4.233080 341.941143 12919.953865
166 2.932759 -2.243414 1.444587 71.236413 1504.649740
166 23.879646 -6.401551 11.294372 216.374448 91975.516114
166 18.860334 -5.689132 8.687189 64.817376 54413.495099
166 12.932328 -4.710963 3.413715 102.182607 8402.383712
166 17.680373 -5.508293 5.692501 11.624734 23364.382088
166 11.028546 -4.350412 4.930787 292.494905 17529.947152
166 15.805780 -5.208099 13.633157 209.449137 134011.161239
166 23.848297 -6.397348 4.090573 217.163829 12064.698000
166 20.829357 -5.978734 4.540896 322.909842 14867.265549
166 29.085305 -7.064934 19.616586 158.459379 277456.515156
166 17.967235 -5.552799 6.650762 338.718308 31892.672818
166 15.441139 -5.147673 7.609144 349.650435 41746.466805
166 35.397150 -7.793911 1.595551 31.886566 1835.563664
166 0.247220 -0.651348 9.009085 200.389547 58520.695600
166 13.027515 -4.728268 7.465247 103.951799 40182.453282
166 -26.474563 6.740400 6.861478 181.336109 33945.595298
166 -14.567365 4.999905 2.634430 22.036953 5004.047276
166 -10.647378 4.274572 22.687405 129.197950 371122.873359
166 -30.810956 7.271498 8.351811 50.603829 50293.217050
166 -25.507337 6.616127 33.636119 262.530705 815755.168574
166 -27.429824 6.860927 11.639743 245.299947 97686.572778
166 -12.300022 4.594352 5.044405 49.292336 18347.124054
166 -18.900384 5.695169 10.554622 159.477551 80321.805743
166 -14.920929 5.060218 4.426912 21.288124 14130.252814
166 -25.918096 6.669186 10.008789 174.720982 72228.927109
167 11.113032 -4.367044 12.678859 269.624209 115906.660615
167 19.864305 -5.838590 1.430297 139.563330 1475.029630
167 16.465078 -5.315611 13.653525 111.132549 134411.882322
167 13.538456 -4.820098 5.460918 224.436934 21502.028095
167 17.641507 -5.502235 5.022779 160.413850 18190.150603
167 21.735104 -6.107341 6.101279 75.764450 26840.456752
167 25.058444 -6.557652 11.685981 75.258017 98464.207243
167 5.244282 -2.999952 17.881040 81.333689 230533.271568
167 13.868227 -4.878449 6.098658 104.568201 26817.398833
167 18.860284 -5.689124 5.642148 21.332308 22952.868660
167 12.417371 -4.616216 4.731778 142.184605 16143.469677
167 20.226271 -5.891545 7.925770 175.267066 45292.986158
167 15.432011 -5.146151 13.615591 155.770235 133666.034978
167 19.121524 -5.728390 4.078065 238.874009 11991.024508
167 5.289059 -3.012732 3.462347 292.636259 8643.491380
167 18.975767 -5.706515 6.628976 73.045015 31684.067387
167 10.246285 -4.193286 6.552261 297.471357 30954.977778
167 25.694225 -6.640321 4.111182 352.901975 12186.571893
167 28.532208 -6.997437 8.021212 178.212993 46390.395971
167 7.880089 -3.677366 14.344347 339.157032 148357.536017
167 -25.245387 6.582067 5.189909 80.115033 19420.821097
167 4.518329 2.784583 6.336884 347.184025 28953.396773
167 -21.023663 6.006555 11.768518 162.829020 99860.022267
167 -13.920682 4.887666 4.281478 335.514006 13217.082246
167 -15.437314 5.147036 4.204135 13.871387 12743.872881
167 -14.162000 4.929849 5.418438 206.337837 21168.802639
167 -22.184342 6.170134 6.709234 139.967624 32455.925112
167 -25.466608 6.610843 7.521131 290.587348 40786.301771
167 -30.238903 7.203678 4.808323 173.652191 16669.989466
167 -11.587138 4.459225 2.780987 40.212809 5576.297114
167 -20.700589 5.960225 5.183265 35.567817 19371.128610
168 18.304228 -5.604631 12.670857 247.201982 115760.411591
168 6.458498 -3.329178 4.489712 197.256146 14533.995905
168 20.314906 -5.904440 4.099602 188.443437 12118.013941
168 14.404174 -4.971821 1.806889 59.459343 2354.025351
168 16.704230 -5.354076 4.140727 70.950403 12362.354357
168 11.376056 -4.418422 3.306252 177.599654 7881.703039
168 13.453814 -4.805007 9.702055 250.438838 67869.635237
168 11.503004 -4.443006 21.313263 146.551719 327527.650895
168 14.013374 -4.903912 7.358845 110.342325 39045.172801
168 14.513655 -4.990680 10.128693 50.802900 73969.881073
168 22.510811 -6.215368 21.857461 196.192513 344466.909326
168 18.774866 -5.676227 3.933113 69.715388 11153.752940
168 10.843767 -4.313814 5.898266 111.248758 25083.996409
168 15.691764 -5.189281 4.838709 162.977614 16881.345605
168 5.914232 -3.185815 6.005441 258.704343 26003.863542
168 12.773221 -4.681893 5.023396 4.595952 18194.618673
168 18.739942 -5.670945 2.278526 346.758779 3743.313539
168 8.866859 -3.900822 18.613099 89.105487 249795.988396
168 1.974425 -1.840737 9.538405 241.325169 65599.364005
168 12.240065 -4.583140 13.049106 83.897166 122774.902823
168 -13.108063 4.742863 10.456681 35.998533 78838.033792
168 -16.955611 5.394212 8.811157 98.634756 55977.563286
168 -8.852971 3.897766 12.201231 326.248052 107338.457020
168 -20.599215 5.945613 8.532580 328.891872 52493.901852
168 -12.572471 4.644956 4.631809 266.243007 15468.542141
168 -13.057689 4.733741 2.809422 141.588414 5690.912124
168 -1.804745 1.759865 9.204665 144.482234 61089.141055
168 -21.894028 6.129628 8.031506 289.278875 46509.537057
168 -9.573242 4.053226 6.487167 150.777264 30342.977518
168 -25.539174 6.620255 4.937559 123.340650 17578.128818
168 -18.124036 5.576976 4.941766 166.778760 17608.099678
169 7.327057 -3.545978 8.809781 38.591393 55960.079139
169 12.810070 -4.688642 3.675831 57.980685 9742.245110
169 6.187918 -3.258694 33.116977 349.435131 790768.635836
169 17.350609 -5.456682 7.471551 192.220637 40250.348020
169 20.667256 -5.955424 7.359562 268.001871 39052.781243
169 10.206682 -4.185175 16.848273 138.414480 204672.193105
169 12.278083 -4.590253 7.244291 52.874584 37839.021405
169 7.234679 -3.523554 13.067912 254.697078 123129.035182
169 28.356716 -6.975884 9.622564 34.697649 66762.053109
169 9.776909 -4.096114 5.637584 31.955229 22915.751101
169 16.220071 -5.275914 5.452087 14.690572 21432.538375
169 10.302968 -4.204869 18.423803 10.941788 244740.938849
169 16.963354 -5.395444 7.026609 352.370178 35599.149180
169 20.930373 -5.993214 5.436157 192.839728 21307.477257
169 18.862816 -5.689506 8.464086 187.226659 51654.502405
169 12.662281 -4.661517 7.236769 14.568758 37760.477225
169 9.745236 -4.089474 3.738644 211.929038 10078.047471
169 -3.069424 -2.295090 14.477598 120.977070 151126.662207
169 13.796058 -4.865739 4.211459 333.965166 12788.309814
169 17.954891 -5.550891 4.415287 227.522330 14056.135411
169 -27.677376 6.891817 2.588187 270.481136 4829.915114
169 -21.836825 6.121615 5.010275 209.903152 18099.696136
169 -10.075547 4.158202 5.561050 168.066354 22297.781087
169 -18.026388 5.561932 4.943889 75.952050 17623.232746
169 -18.087774 5.571394 6.123379 220.092175 27035.248425
169 -14.458847 4.981248 3.187416 52.243596 7325.302326
169 -22.681996 6.238956 11.125755 209.836747 89249.767302
169 -13.997638 4.901158 3.922055 261.912790 11091.120829
169 -9.357899 4.007379 8.092899 199.391899 47223.299698
169 -19.990511 5.857108 2.658219 234.130839 5094.827587
169 -33.138222 7.541121 10.949440 10.579452 86443.403416
170 3.210273 -2.347158 2.886859 296.980005 6008.957910
170 16.990560 -5.399769 5.793904 166.718561 24204.193640
170 10.698300 -4.284781 10.589474 102.606051 80853.126321
170 16.761852 -5.363303 7.292310 150.786960 38342.313358
170 7.836892 -3.667273 3.840797 41.382277 10636.305874
170 3.180792 -2.336356 11.092142 33.805184 88711.299886
170 14.498122 -4.988008 6.977908 201.358269 35107.389369
170 9.918225 -4.125611 4.216551 168.654105 12819.253978
170 18.084095 -5.570827 4.397063 186.013007 13940.345615
170 17.549563 -5.487878 6.818284 62.332568 33519.554538
170 13.649200 -4.839772 14.468337 236.840537 150933.389670
170 9.614647 -4.061982 5.776436 84.693816 24058.471771
170 22.446148 -6.206435 2.850682 79.493794 5859.300103
170 19.257288 -5.748690 10.144967 26.546240 74207.770700
170 18.988766 -5.708469 7.995222 115.486724 46090.256326
170 13.632820 -4.836867 8.827950 265.679545 56191.137606
170 5.814144 -3.158742 9.795004 264.746600 69176.295117
170 37.523230 -8.024563 7.827930 48.571333 44181.654684
170 13.234895 -4.765753 9.553934 326.911209 65813.131387
170 18.024655 -5.561664 4.018965 225.619654 11645.992306
170 3.815782 -2.558957 7.542489 186.045903 41018.280297
170 -11.169550 4.378135 1.510274 41.328363 1644.598220
170 -9.354835 4.006723 7.639750 221.523371 42082.972989
170 -30.416866 7.224845 8.704030 264.762373 54624.669713
170 -24.527806 6.487848 3.648173 166.963394 9596.194012
170 -11.457167 4.434145 9.649969 292.708660 67142.870490
170 -19.440648 5.775993 12.780055 167.778725 117764.269282
170 -7.733061 3.642898 12.752839 265.247499 117263.214190
170 -10.086002 4.160359 5.999712 35.787789 25954.270104
170 -18.031407 5.562706 5.617698 213.723950 22754.371147
170 -7.220293 3.520049 9.862343 150.448590 70130.711197
170 -22.192147 6.171219 8.921093 35.107585 57383.129703
170 -2.510230 2.075525 17.740461 321.751239 226922.667559
171 19.099027 -5.725019 28.464789 327.923890 584203.289911
171 17.998675 -5.557655 7.903912 79.347602 45043.519365
171 11.229084 -4.389787 9.514741 49.920856 65274.270864
171 5.732413 -3.136462 10.334275 229.845638 77003.082360
171 10.519560 -4.248837 7.964911 134.143058 45741.448059
171 -1.516525 -1.613229 7.210139 188.601880 37483.083695
171 14.561142 -4.998838 4.490120 272.708434 14536.639893
171 12.357650 -4.605102 7.687267 275.537192 42608.084375
171 18.485604 -5.632330 9.729210 45.772259 68250.090849
171 23.200202 -6.309823 8.220719 174.278762 48726.774402
171 14.832092 -5.045132 3.995614 348.869423 11511.054474
171 26.176813 -6.702390 9.973868 262.175822 71725.779155
171 12.455113 -4.623226 6.532375 335.388778 30767.362333
171 12.912764 -4.707398 7.064388 114.058001 35982.981973
171 10.121536 -4.167681 2.014051 245.841485 2924.752264
171 12.089536 -4.554871 4.150720 289.101815 12422.097527
171 27.992330 -6.930919 3.228804 22.909777 7516.772738
171 8.769047 -3.879248 11.180892 274.762956 90136.558162
171 15.773113 -5.202715 11.538376 118.950640 95992.531968
171 17.085303 -5.414803 8.352731 310.948351 50304.296536
171 21.937460 -6.135705 6.207600 188.439600 27784.046615
171 -8.082420 3.724277 8.948576 216.984178 57737.228147
171 -20.242670 5.893933 16.150892 210.770479 188079.351042
171 -26.241826 6.710708 6.760021 223.406485 32949.145068
171 -15.149416 5.098815 7.362183 348.431622 39080.607649
171 -15.233512 5.112947 4.868002 347.581841 17086.358213
171 -19.105554 5.725997 7.705403 224.021771 42809.359943
171 -8.143525 3.738329 4.045215 84.808392 11798.619511
171 -19.467736 5.780016 9.207210 197.002416 61122.925683
171 3.653789 2.504050 4.891761 291.439317 17253.555985
171 -12.016521 4.541096 4.110617 346.072499 12183.222639
171 -10.147277 4.172978 7.691313 198.164975 42652.950331
171 -11.339164 4.411251 11.867597 36.976314 101548.540436
172 10.360741 -4.216642 4.358188 230.219979 13694.937008
172 8.226439 -3.757312 5.551989 266.878017 22225.178924
172 2.556366 -2.094512 4.519958 136.943043 14730.479826
172 26.499423 -6.743564 26.128391 104.193494 492236.031258
172 16.133666 -5.261842 5.172036 69.206703 19287.287928
172 11.619612 -4.465469 7.467309 113.674035 40204.652081
172 17.393956 -5.463494 4.743634 165.313841 16224.465051
172 6.407193 -3.315929 4.119745 133.338060 12237.389426
172 14.041235 -4.908784 2.547581 246.494197 4679.551301
172 6.960691 -3.456189 8.439535 268.739649 51355.281057
172 8.139426 -3.737388 8.498202 109.134717 52071.752512
172 15.339185 -5.130651 8.138511 61.399792 47757.098652
172 13.402322 -4.795803 2.097708 343.301940 3172.765252
172 12.684573 -4.665619 4.191343 273.847589 12666.434633
172 24.665845 -6.506078 4.850463 8.510886 16963.460209
172 15.172553 -5.102707 7.853549 116.154677 44471.315777
172 11.685299 -4.478073 8.438027 27.608333 51336.924737
172 11.440710 -4.430959 5.772301 29.788292 24024.038995
172 13.492686 -4.811943 4.403820 264.011254 13983.218698
172 11.895150 -4.518104 12.988288 209.741324 121633.128645
172 6.959573 -3.455911 3.694413 228.627809 9840.996249
172 -15.267930 5.118720 5.453520 325.280186 21443.806875
172 -15.317548 5.127031 10.004715 220.065789 72170.133367
172 -22.152206 6.165663 2.960308 189.429552 6318.613432
172 -17.645134 5.502801 14.545459 109.414238 152546.749009
172 -22.203687 6.172823 5.183776 336.133137 19374.944477
172 -19.901169 5.844005 3.438138 322.423350 8523.044471
172 -13.421586 4.799248 6.252163 53.568434 28184.390002
172 -20.542854 5.937474 5.720279 294.070645 23592.962088
172 -10.595443 4.264134 7.904009 313.468606 45044.623201
172 -12.144301 4.565176 7.800071 280.618493 43867.736751
172 -21.705796 6.103222 7.842318 287.667959 44344.219015
172 -11.889047 4.516945 5.600883 243.485540 22618.359348
173 13.728336 -4.853782 7.730671 292.531035 43090.589334
173 14.074839 -4.914655 8.512914 20.141991 52252.198451
173 2.692295 -2.149476 7.056700 30.745510 35904.705642
173 16.300578 -5.288991 5.385267 108.328684 20910.410376
173 5.590827 -3.097486 4.367718 357.367365 13754.891958
173 19.075401 -5.721477 4.435331 184.911554 14184.047087
173 21.381945 -6.057521 13.236012 142.049533 126317.160185
173 8.446586 -3.807255 5.421545 119.313738 21193.083945
173 16.746658 -5.360871 10.112840 60.978344 73738.502110
173 9.910721 -4.124050 9.097740 216.672185 59678.113465
173 18.810448 -5.681603 6.417725 75.274027 29696.842031
173 8.503398 -3.820037 9.679169 264.175812 67549.823626
173 9.567883 -4.052091 8.139321 300.780640 47766.608465
173 15.703614 -5.191240 4.780808 37.746777 16479.750575
173 7.317990 -3.543784 7.560914 118.771061 41218.925128
173 13.083380 -4.738395 10.412224 16.629880 78169.101073
173 9.054509 -3.941883 5.099894 296.415096 18752.983588
173 20.078826 -5.870032 4.161894 335.465002 12489.070114
173 4.489768 -2.775769 14.838374 51.312390 158752.546083
173 9.180978 -3.969317 12.101705 219.288171 105594.466886
173 28.566889 -7.001688 7.490515 63.791574 40454.926802
173 -20.205330 5.888494 8.391003 187.518403 50766.332794
173 -30.521485 7.237259 4.975581 192.826574 17849.893567
173 -26.164024 6.700752 4.056142 46.406393 11862.450436
173 -8.365056 3.788835 1.503599 335.313703 1630.092495
173 -6.997249 3.465253 6.968532 33.401375 35013.110815
173 -16.747914 5.361072 3.365467 218.414796 8166.554493
173 -5.537835 3.082771 7.827095 125.411908 44172.225063
173 -24.226614 6.447891 5.958545 36.609877 25599.322404
173 -7.000470 3.466050 16.551476 351.618396 197524.765992
173 -21.299635 6.045850 2.734694 19.782041 5392.193977
173 -22.294558 6.185442 9.905164 297.976612 70741.037214
173 -16.333481 5.294326 16.347234 136.651665 192679.987670
174 16.120064 -5.259624 5.018555 355.152850 18159.561905
174 14.344494 -4.961510 7.441756 109.557916 39929.961147
174 12.628742 -4.655339 9.032196 129.454250 58821.315437
174 17.025918 -5.405384 4.068865 319.070345 11936.982607
174 11.253954 -4.394646 8.225394 23.215244 48782.207405
174 17.987652 -5.555953 5.343357 46.066430 20586.211090
174 15.840257 -5.213776 7.407638 220.056494 39564.674469
174 23.361700 -6.331746 7.608642 121.770622 41740.953573
174 17.730631 -5.516116 9.974824 6.223616 71739.539388
174 4.686977 -2.836075 12.850327 14.789010 119062.885436
174 23.739419 -6.382728 7.594733 131.143739 41588.486761
174 23.395135 -6.336276 5.795192 359.890273 24214.956063
174 5.891468 -3.179677 2.159344 74.302471 3361.954208
174 19.446643 -5.776884 6.249231 164.153961 28157.965309
174 12.676752 -4.664180 11.164662 39.396463 89875.062018
174 5.730869 -3.136040 8.120106 311.883178 47541.346493
174 22.031574 -6.148852 4.000511 337.260802 11539.286411
174 18.610843 -5.651377 7.559655 189.142651 41205.205239
174 15.490491 -5.155893 9.402498 278.434000 63743.305289
174 13.454930 -4.805206 9.338246 342.608198 62875.096371
174 7.630983 -3.618775 4.085951 143.672715 12037.447664
174 -18.525315 5.638377 6.396323 37.185175 29499.106666
174 -26.604432 6.756912 4.203233 336.654300 12738.404669
174 -10.800961 4.305291 6.701353 337.686616 32379.716943
174 -9.990471 4.140610 13.182905 25.428129 125305.548888
174 -7.173249 3.508563 2.954455 217.096577 6293.652934
174 -14.093900 4.917981 5.476928 169.293257 21628.287825
174 -0.657957 1.062601 11.215605 195.036843 90697.116187
174 -13.557727 4.823527 5.059083 322.568703 18454.046830
174 -15.123819 5.094506 2.555789 160.650138 4709.752374
174 -12.528044 4.636742 7.393034 276.960177 39408.823992
174 -10.306355 4.205560 35.873164 103.364814 927870.676366
174 -11.518824 4.446061 8.563446 2.412700 52874.367469
174 -5.263244 3.005371 2.655397 0.800494 5084.018667
175 19.063392 -5.719675 10.100255 213.819891 73555.091955
175 4.411500 -2.751468 16.656921 329.720637 200049.529543
175 -8.716157 -3.867531 8.510254 273.923351 52219.551822
175 4.379083 -2.741340 6.146894 321.881159 27243.291881
175 22.127557 -6.162232 5.371896 329.097419 20806.701984
175 8.455127 -3.809179 4.616762 137.622887 15368.204143
175 12.619071 -4.653556 9.834145 16.772305 69730.267362
175 4.458507 -2.766088 12.192187 92.076729 107179.397966
175 16.790436 -5.367874 7.163141 240.424758 36996.025757
175 17.345224 -5.455835 5.375879 252.395526 20837.565003
175 26.348317 -6.724310 5.893114 169.405281 25040.195612
175 19.836882 -5.834559 5.119203 228.264337 18895.255022
175 23.447679 -6.343387 4.579802 171.068868 15123.123946
175 24.493997 -6.483375 7.012325 175.923914 35454.562385
175 19.498584 -5.784593 3.879076 195.723517 10849.373847
175 25.984461 -6.677719 6.007694 35.495478 26023.381722
175 17.711738 -5.513176 8.568639 353.413257 52938.517055
175 19.232169 -5.744939 5.594765 35.865239 22568.974812
175 17.768273 -5.521968 11.405122 21.545955 93788.138927
175 19.828391 -5.833310 2.807766 257.690903 5684.208694
175 22.446399 -6.206470 7.655589 119.553003 42257.647505
175 -12.178039 4.571513 2.712389 26.330694 5304.593182
175 -16.170745 5.267885 4.840322 213.129198 16892.602560
175 -10.387817 4.222148 6.878238 222.556656 34111.627841
175 -19.191104 5.738802 5.191894 121.116767 19435.678817
175 -23.766555 6.386375 16.771757 285.560532 202817.385185
175 -14.573046 5.000880 2.732839 303.300764 5384.879962
175 -15.140589 5.097329 6.520182 4.524909 30652.614444
175 -12.682900 4.665311 16.367279 90.325142 193152.819945
175 -24.601611 6.497601 4.923719 45.780450 17479.727101
175 -20.171491 5.883561 9.791539 76.686283 69127.367730
175 -9.801785 4.101322 9.404424 166.597341 63769.417968
175 -10.480713 4.240985 6.465958 88.610336 30144.898433
175 -15.075933 5.086434 5.615994 349.256197 22740.571812
176 17.483606 -5.477556 5.297954 282.423476 20237.849396
176 15.263813 -5.118030 4.088888 315.661875 12054.758793
176 12.663185 -4.661683 12.609099 69.972315 114634.727015
176 17.230730 -5.437799 3.747700 158.533624 10126.928558
176 16.440090 -5.311576 10.080943 136.750507 73274.077559
176 13.553556 -4.822785 5.743948 123.897667 23788.612457
176 10.176053 -4.178890 6.634650 196.773774 31738.336085
176 5.261029 -3.004738 21.736938 277.121239 340678.548273
176 15.309205 -5.125634 6.396541 227.727900 29501.114900
176 13.579087 -4.827325 5.989996 143.045739 25870.284725
176 4.545607 -2.792976 6.941268 74.590957 34739.673125
176 15.811330 -5.209014 16.369099 29.537163 193195.766634
176 7.170640 -3.507925 2.115430 319.687887 3226.601305
176 18.151106 -5.581139 4.631222 32.766760 15464.619249
176 20.255169 -5.895752 16.312336 81.595318 191858.221221
176 18.672690 -5.660760 3.960312 325.661760 11308.548938
176 6.843531 -3.426979 9.418921 282.721498 63966.179078
176 10.413819 -4.227429 9.220028 206.208041 61293.242548
176 18.646019 -5.656716 5.060121 41.984352 18461.626342
176 18.025951 -5.561864 10.915190 329.201039 85903.458689
176 11.350001 -4.413359 5.335732 56.863275 20527.498594
176 -24.387290 6.469237 2.313190 214.651834 3858.075425
176 -23.010800 6.284014 3.571774 47.089359 9198.479846
176 -8.767432 3.878890 2.405641 241.555277 4172.629824
176 -23.868703 6.400085 20.989730 193.296395 317659.447851
176 -16.991939 5.399988 6.131046 105.142743 27102.994236
176 -8.006215 3.706678 5.267325 66.769396 20004.524412
176 -16.520963 5.324624 5.686390 231.391692 23314.247099
176 -13.931064 4.889489 12.649141 46.818215 115363.954488
176 -15.309943 5.125758 8.694032 272.550181 54499.252692
176 -27.945017 6.925059 5.088065 169.686921 18666.090485
176 -15.696731 5.190102 24.734247 122.878221 441108.546465
176 -9.271027 3.988735 7.679034 84.527892 42516.871342
176 -13.488092 4.811124 5.799403 275.436023 24250.165438
177 26.332251 -6.722260 6.796761 209.905466 33308.269259
177 16.612561 -5.339365 3.522111 283.829751 8944.459164
177 21.153483 -6.025072 3.575629 349.078872 9218.342980
177 19.035779 -5.715532 5.274213 138.335929 20056.878417
177 2.948536 -2.249440 9.256457 105.712807 61778.538489
177 22.083542 -6.156100 6.903301 55.021494 34360.673319
177 20.550855 -5.938630 14.777927 302.114952 157461.755303
177 22.931824 -6.273221 1.972723 64.272729 2805.952831
177 8.483344 -3.815530 17.533887 329.340726 221668.758007
177 9.945271 -4.131232 12.334399 126.416497 109694.306338
177 15.921533 -5.227135 11.203911 65.622528 90508.079292
177 4.690013 -2.836993 3.502183 157.758504 8843.530737
177 16.588231 -5.335453 2.722202 142.227342 5343.042461
177 3.631527 -2.496410 7.430773 61.833713 39812.187032
177 19.729535 -5.818750 6.647204 271.879587 31858.557086
177 5.083587 -2.953632 2.694799 72.981807 5236.012416
177 10.541276 -4.253220 1.845654 346.319864 2456.113791
177 8.295777 -3.773113 5.585530 117.299693 22494.527087
177 6.272094 -3.280784 3.037511 331.957719 6652.484949
177 16.641804 -5.344062 5.265693 5.367630 19992.131797
177 19.192739 -5.739047 7.540186 358.282600 40993.238569
177 0.731806 1.120648 5.466346 295.342407 21544.793137
177 -20.729442 5.964377 7.000871 103.916667 35338.832009
177 -12.212119 4.577905 5.399327 141.341204 21019.738362
177 -19.587526 5.797771 5.239375 171.740713 19792.792872
177 -19.946679 5.850683 7.161870 29.825190 36982.902142
177 -9.614258 4.061900 21.736225 49.764360 340656.198880
177 -26.188916 6.703939 6.669563 224.100851 32073.237542
177 -16.958565 5.394682 10.440205 17.903054 78589.787649
177 -3.406990 2.418002 6.156837 191.871737 27331.496306
177 -4.998103 2.928693 9.635659 168.986704 66943.886244
177 -16.917792 5.388193 10.094400 309.369750 73469.843638
177 -5.784545 3.150692 8.518732 317.461288 52323.639606
177 -23.124894 6.299574 6.028364 243.365719 26202.755404
178 19.619424 -5.802490 4.526291 278.711383 14771.785068
178 13.208692 -4.761033 5.121606 44.930817 18913.001649
178 12.526961 -4.636542 7.792943 51.260407 43787.592081
178 11.675300 -4.476157 5.029341 157.771763 18237.706873
178 11.563391 -4.454653 4.375168 52.729494 13801.855227
178 10.230846 -4.190126 6.304467 21.198802 28657.926104
178 11.522636 -4.446796 6.315513 251.033805 28758.444104
178 15.407778 -5.142109 4.957537 257.262849 17720.661189
178 21.591042 -6.087067 5.448186 51.587047 21401.880634
178 22.274600 -6.182673 17.091823 345.011115 210632.233557
178 18.761847 -5.674258 5.559026 348.592088 22281.553756
178 4.621731 -2.816266 5.644303 244.975490 22970.410545
178 29.230423 -7.082537 3.869251 349.981313 10794.484544
178 -1.067854 -1.353715 15.418699 20.263653 171412.922083
178 4.840293 -2.882087 9.266541 237.990170 61913.220624
178 13.333659 -4.783502 6.818086 271.694325 33517.607268
178 9.846722 -4.110713 2.316640 65.959397 3869.593560
178 1.408385 -1.554648 4.879675 273.858335 17168.402500
178 10.235842 -4.191149 7.170112 232.791466 37068.063490
178 6.260567 -3.277767 2.576932 142.064800 4787.997894
178 18.216162 -5.591132 6.408807 323.592143 29614.362941
178 -15.992911 5.238839 2.397107 212.554668 4143.076513
178 -12.351649 4.603984 11.626925 182.258915 97471.529060
178 -4.596910 2.808693 2.074688 282.276316 3103.513606
178 -20.395412 5.916128 7.289937 186.735204 38317.369065
178 -16.177361 5.268963 5.682930 195.009034 23285.879603
178 -7.755982 3.648293 5.032234 181.094384 18258.698122
178 -7.046704 3.477477 8.759274 271.425031 55320.266455
178 -19.796127 5.828562 9.511643 153.459813 65231.773439
178 -25.089906 6.561767 14.279359 272.740743 147016.293938
178 -21.451320 6.067340 6.817424 148.184266 33511.101298
178 -9.078613 3.947127 9.703971 59.077167 67896.453558
178 -27.941813 6.924662 8.423595 45.929966 51161.475631
178 -17.221189 5.436293 8.009687 75.559492 46257.177107
178 -20.530457 5.935682 3.650900 162.813885 9610.544249
179 18.996820 -5.709680 7.682315 202.323169 42553.211700
179 9.937977 -4.129717 5.306077 130.215641 20299.961560
179 12.440573 -4.620527 5.228320 237.057975 19709.354628
179 23.193849 -6.308959 3.947331 45.691148 11234.537467
179 7.237894 -3.524337 10.296040 286.293233 76434.335206
179 12.968483 -4.717543 9.314864 29.020545 62560.632141
179 11.465951 -4.435845 4.589671 89.231621 15188.372632
179 15.842256 -5.214105 4.783073 350.430685 16495.373397
179 8.161306 -3.742408 5.239198 353.823900 19791.452213
179 14.176459 -4.932365 15.856148 118.850335 181277.307023
179 20.684092 -5.957849 4.750129 324.108802 16268.924641
179 19.733918 -5.819397 6.483295 148.016524 30306.769816
179 19.594922 -5.798866 8.731362 218.964644 54968.269369
179 23.428349 -6.340772 11.985045 253.870299 103568.435770
179 14.685948 -5.020215 12.315448 153.595125 109357.479769
179 20.392807 -5.915750 5.742885 80.646193 23779.805596
179 21.362397 -6.054751 10.178608 47.573710 74700.725238
179 0.607814 -1.021308 3.319203 124.342882 7943.567678
179 17.046567 -5.408661 6.159878 67.638771 27358.499195
179 24.829706 -6.527653 5.063143 244.553875 18483.680912
179 22.685315 -6.239413 8.044050 355.694073 46654.935037
179 -26.933564 6.798580 5.524810 155.513069 22008.114862
179 -15.034665 5.079467 3.568187 257.084596 9180.010576
179 -18.906539 5.696096 14.065817 120.896202 142652.046661
179 -8.362012 3.788146 3.646199 6.150372 9585.809906
179 -13.280873 4.774024 7.077950 259.308792 36121.268993
179 -15.678970 5.187165 9.255211 93.650988 61761.907960
179 -10.139061 4.171288 4.262004 256.776430 13097.119211
179 -7.389046 3.560947 5.773435 60.346622 24033.476410
179 -20.785472 5.972432 8.026991 267.544592 46457.262639
179 -12.886145 4.702543 8.189112 159.167811 48352.808779
179 -16.504993 5.322050 7.958798 91.411236 45671.269454
179 -24.037611 6.422690 6.072754 57.671084 26590.066522
179 0.851154 1.208580 9.892996 109.010746 70567.333763
179 -26.186598 6.703642 3.265001 173.526528 7686.253827
180 21.105813 -6.018279 6.239506 139.625985 28070.394851
180 12.886550 -4.702617 4.812470 195.311051 16698.753863
180 12.613874 -4.652598 4.484783 336.927797 14502.098426
180 21.285641 -6.043864 5.183886 251.327585 19375.769066
180 5.888183 -3.178791 16.479692 357.200764 195815.134685
180 15.033437 -5.079260 8.811572 166.496949 55982.825652
180 20.363617 -5.911514 9.629894 174.342785 66863.811685
180 3.239629 -2.357865 6.618026 202.158476 31579.483187
180 21.443662 -6.066257 6.441962 19.935449 29921.570171
180 8.847792 -3.896626 3.437401 71.109794 8519.390915
180 22.497027 -6.213465 8.035954 284.174763 46561.067926
180 4.993116 -2.927232 3.020181 332.318654 6576.789966
180 17.511118 -5.481864 3.692995 171.812124 9833.443421
180 7.044226 -3.476866 5.159632 215.424979 19194.888404
180 13.064109 -4.734904 7.183270 78.484044 37204.241012
180 20.269527 -5.897842 3.490794 44.613859 8786.105714
180 16.477325 -5.317587 4.711142 151.013236 16002.963031
180 12.414210 -4.615628 4.256292 271.826364 13062.038934
180 20.634504 -5.950704 10.862423 29.727158 85074.915297
180 14.479251 -4.984761 15.449383 298.732533 172095.827216
180 20.178021 -5.884514 6.803783 106.653655 33377.124888
180 -14.847365 5.047728 7.420996 333.593049 39707.492595
180 -16.838615 5.375570 5.375349 123.508782 20833.457323
180 -21.155391 6.025344 4.629438 121.392955 15452.706681
180 -3.383505 2.409654 8.957873 217.592976 57857.259659
180 -16.452431 5.313569 5.671615 349.703272 23193.244102
180 -24.337948 6.462689 2.556957 165.085904 4714.059035
180 -19.351566 5.762744 3.255171 143.183059 7640.042369
180 -25.200673 6.576236 2.095660 281.210151 3166.574289
180 -24.304274 6.458217 7.448410 259.471750 40001.399424
180 -27.269042 6.840790 4.600371 85.992393 15259.270052
180 -14.113660 4.921428 15.540458 324.419448 174130.849173
180 -8.129520 3.735113 4.147569 61.162419 12403.244542
180 -27.913736 6.921182 13.752540 82.815667 136368.441652
180 -19.303479 5.755580 5.055273 261.820067 18426.263413
181 14.199200 -4.936319 3.261793 227.608736 7671.157580
181 14.769647 -5.034500 5.482951 72.465321 21675.881177
181 20.745159 -5.966638 13.448077 218.828944 130397.261844
181 31.890694 -7.397812 4.722619 294.471376 16081.028009
181 -1.215320 -1.444164 5.302988 112.837455 20276.329196
181 12.510831 -4.633556 22.863549 245.981249 376907.996656
181 10.043626 -4.151610 3.111143 10.586080 6978.917051
181 10.812659 -4.307622 6.180652 23.407418 27543.347487
181 -6.156438 -3.250394 9.642930 15.228757 67044.951405
181 2.617280 -2.119319 2.785880 219.480458 5595.936432
181 10.604829 -4.266022 14.131860 123.936386 143994.774049
181 9.162083 -3.965230 4.446549 92.746323 14255.885922
181 19.001013 -5.710310 6.810001 230.697182 33438.165521
181 13.174578 -4.754881 8.445963 353.847293 51433.542470
181 13.510519 -4.815122 8.112678 67.264756 47454.412256
181 19.745366 -5.821084 11.601020 231.560538 97037.679303
181 9.357022 -4.007192 5.141579 325.407709 19060.795237
181 2.797726 -2.191159 2.404269 81.601317 4167.870265
181 19.039920 -5.716153 6.748932 176.984348 32841.140270
181 19.331790 -5.759799 3.502370 103.753282 8844.477161
181 15.694584 -5.189747 10.182166 344.893900 74752.959720
181 -14.085326 4.916485 8.794059 256.920284 55760.521689
181 -23.989317 6.416235 8.775545 241.017305 55525.986756
181 -13.846337 4.874597 4.093209 347.296764 12080.248495
181 -12.061032 4.549499 12.098055 16.082731 105530.780406
181 -21.349271 6.052891 8.248215 254.198162 49053.281852
181 -16.286969 5.286782 7.270568 190.333822 38114.024898
181 -2.445545 2.048609 10.189576 224.260211 74861.808296
181 -11.656237 4.472501 12.358491 339.997018 110123.231881
181 -16.369339 5.300134 5.296171 127.965846 20224.234917
181 -18.880546 5.692179 19.499880 72.918132 274164.955705
181 -9.604792 4.059899 22.706306 317.001359 371741.485897
181 -17.889415 5.540760 4.077927 323.647180 11990.217548
181 -6.768865 3.408233 7.593608 263.848128 41576.164753
181 -25.253701 6.583151 6.498502 296.187967 30449.108558
182 13.027771 -4.728315 2.451497 58.990967 4333.219094
182 16.671359 -5.348805 5.681323 68.726042 23272.717144
182 16.208102 -5.273967 9.776868 109.381164 68920.362184
182 16.077073 -5.252606 5.567211 240.429951 22347.217982
182 13.211032 -4.761455 2.911624 348.242860 6112.497523
182 15.907972 -5.224909 3.133841 3.238884 7081.119895
182 17.737224 -5.517142 13.165902 347.523750 124982.537854
182 10.025380 -4.147837 2.650953 101.738921 5067.015551
182 13.539991 -4.820371 15.637895 99.681106 176321.249581
182 14.787399 -5.037525 5.964785 356.852360 25652.973463
182 15.277711 -5.120359 4.293182 207.236910 13289.441034
182 13.259974 -4.770266 15.898562 277.587789 182248.411500
182 11.396449 -4.422380 23.482817 82.242220 397601.892116
182 -1.358501 -1.526867 2.375417 51.617359 4068.438081
182 4.521664 -2.785611 7.303536 240.003284 38460.454912
182 13.138870 -4.748433 4.181178 60.716559 12605.073716
182 17.261523 -5.442656 8.654138 262.139433 54000.241353
182 9.041196 -3.938984 7.306203 172.909295 38488.547471
182 9.557580 -4.049909 5.710794 206.452259 23514.784804
182 23.295328 -6.322746 4.814672 304.067258 16714.044275
182 20.211831 -5.889442 8.494517 60.903882 52026.602128
182 -16.357144 5.298160 2.360045 109.713739 4015.951653
182 -18.395773 5.618629 8.791728 82.416620 55730.961335
182 -0.155217 0.516108 4.709260 138.555835 15990.181379
182 -19.583121 5.797119 7.768434 192.676343 43512.602532
182 -16.228526 5.277289 2.343669 350.140532 3960.412871
182 -13.918241 4.887238 8.286715 69.110265 49512.277570
182 -20.424495 5.920344 10.619104 70.435004 81306.233684
182 -14.990719 5.072038 5.321472 228.081705 20417.926255
182 -13.587533 4.828827 6.332983 1.388080 28917.762628
182 -9.228312 3.979536 5.005119 355.647625 18062.461722
182 -19.228157 5.744340 7.644182 137.164498 42131.810542
182 -20.896016 5.988293 8.911560 264.137012 57260.550428
182 -13.315649 4.780270 24.673881 334.263114 438958.041622
182 -14.662130 5.016142 9.513152 341.343747 65252.468575
183 3.409771 -2.418989 8.520140 219.815887 52340.940984
183 12.640142 -4.657440 4.901737 71.220634 17323.997641
183 13.536532 -4.819756 5.694931 221.389473 23384.333511
183 3.684257 -2.514469 6.570292 95.259370 31125.575094
183 -1.117399 -1.384763 4.279065 340.935976 13202.184183
183 21.327241 -6.049767 3.908280 301.132672 11013.348227
183 7.612927 -3.614491 4.395177 174.160645 13928.386484
183 2.824038 -2.201438 4.326893 238.605198 13498.964865
183 13.895048 -4.883164 17.225808 175.646155 213947.530520
183 13.945608 -4.892040 8.846453 230.932896 56426.925703
183 9.354278 -4.006604 4.729442 337.249437 16127.533396
183 1.866548 -1.789744 4.290567 311.726775 13273.256422
183 18.594421 -5.648884 3.292296 247.366822 7815.304562
183 13.000090 -4.723289 3.301477 56.891101 7858.950091
183 12.531186 -4.637323 8.625298 145.725343 53640.929916
183 5.304577 -3.017148 5.011385 301.709051 18107.713309
183 12.287979 -4.592102 5.533554 83.643548 22077.826092
183 3.846413 -2.569208 3.859989 170.504387 10742.867929
183 23.312322 -6.325051 19.016766 228.450423 260748.256016
183 -1.296049 -1.491358 5.484042 104.444239 21684.511477
183 13.763907 -4.860066 5.141837 176.924765 19062.708709
183 -14.222951 4.940446 2.302592 228.425534 3822.805776
183 -2.046223 1.873906 5.186233 12.909686 19393.315956
183 -19.371447 5.765704 6.028736 334.506098 26205.994510
183 -16.007776 5.241273 10.948901 286.579966 86434.898342
183 -12.482299 4.628269 4.106677 259.450508 12159.875706
183 -12.974968 4.718723 10.355939 160.720072 77326.261462
183 -6.689012 3.388069 4.418998 134.993684 14079.771962
183 -4.976493 2.922355 5.698291 273.485201 23411.933746
183 -17.641287 5.502201 6.239743 160.317563 28072.521966
183 -16.024534 5.244016 4.749251 104.450238 16262.912246
183 -22.945923 6.275149 5.730227 211.361796 23675.094659
183 -13.484061 4.810405 7.973969 129.454248 45845.549339
183 -10.619612 4.268995 3.516854 315.030736 8917.781788
183 -6.406676 3.315795 5.179705 51.628881 19344.525085
184 10.244902 -4.193003 5.109604 290.050550 18824.459068
184 21.616581 -6.090666 14.936479 132.681335 160858.686379
184 13.140154 -4.748665 8.577653 146.449177 53049.957581
184 16.757237 -5.362564 6.369916 21.201839 29256.036179
184 24.756489 -6.518022 3.269103 113.870762 7705.581210
184 9.820132 -4.105159 8.838944 357.033889 56331.174594
184 9.084486 -3.948403 4.585789 48.290956 15162.688005
184 5.319886 -3.021499 6.115437 302.854508 26965.163109
184 9.876915 -4.117010 5.102282 82.297594 18770.550527
184 18.338750 -5.609913 6.269655 283.756612 28342.317173
184 26.369294 -6.726986 6.667766 127.151338 32055.956104
184 16.420129 -5.308350 6.197959 334.931455 27697.812089
184 17.033076 -5.406520 6.753227 307.309669 32882.946069
184 13.046585 -4.731727 20.105436 227.507677 291457.396603
184 20.315263 -5.904492 9.287251 186.827909 62190.269380
184 2.674135 -2.142215 8.178128 87.806336 48223.187325
184 16.392477 -5.303879 8.407813 345.793673 50969.940387
184 11.207067 -4.385481 9.076449 311.404491 59399.124914
184 6.811657 -3.418989 4.003769 125.349156 11558.088912
184 19.027421 -5.714277 1.211640 57.849527 1058.510801
184 21.686508 -6.100510 7.955615 235.229821 45634.743955
184 0.249587 0.654459 3.849691 179.211150 10685.621478
184 -17.266243 5.443400 7.167299 297.451169 37038.984702
184 -21.725923 6.106051 5.969941 155.379228 25697.336191
184 -5.697904 3.127007 5.443041 13.132181 21361.479524
184 -14.247239 4.944662 7.494825 92.109614 40501.491702
184 -11.845404 4.508647 9.781537 120.726747 68986.211253
184 -15.946732 5.231270 6.761115 156.608598 32959.810891
184 -7.068587 3.482873 3.694132 202.540637 9839.499236
184 -13.811661 4.868490 4.907499 146.710047 17364.750200
184 -9.757824 4.092114 3.534720 63.650997 9008.615686
184 -9.370514 4.010080 4.829061 113.790481 16814.095309
184 -15.305737 5.125054 12.745306 9.984249 117124.732060
184 -16.086687 5.254176 5.741587 287.208444 23769.054598
184 -19.964057 5.853231 6.177169 150.823594 27512.309621
185 3.195677 -2.341816 6.838063 49.319548 33714.313679
185 2.814511 -2.197722 3.435498 230.249418 8509.956743
185 9.533659 -4.044838 5.764691 92.297093 23960.734555
185 6.732590 -3.399088 7.630300 95.156792 41978.920860
185 10.044403 -4.151771 3.308188 104.226503 7890.932281
185 18.115382 -5.575644 15.888078 87.206499 182008.138349
185 4.525150 -2.786684 14.857139 110.011193 159154.320987
185 15.384499 -5.138223 5.931609 241.548732 25368.405199
185 6.578330 -3.359921 6.386202 313.666765 29405.824379
185 12.430019 -4.618566 1.842946 130.459016 2448.913658
185 12.599837 -4.650009 4.624579 51.578649 15420.287260
185 13.614231 -4.833568 10.693342 57.938829 82447.027667
185 12.815358 -4.689609 4.799650 177.969187 16609.910260
185 9.320142 -3.999287 4.468708 175.983543 14398.325807
185 4.710797 -2.843273 4.991167 9.668903 17961.900778
185 14.215516 -4.939154 4.577184 185.003169 15105.838828
185 8.996069 -3.929142 7.178385 314.151121 37153.661489
185 12.103708 -4.557540 7.985497 204.061689 45978.199649
185 15.596555 -5.173514 4.730624 212.654814 16135.595364
185 16.874339 -5.381269 10.869731 38.790243 85189.417715
185 15.494399 -5.156543 8.822734 17.973982 56124.755523
185 -15.614848 5.176547 3.616844 299.930099 9432.085268
185 -16.353526 5.297574 5.696556 333.911597 23397.677687
185 -11.065197 4.357635 25.286428 301.684303 461023.460742
185 -14.065946 4.913102 8.796108 176.048763 55786.508253
185 -11.101418 4.364762 5.457553 17.413584 21475.533801
185 -17.230515 5.437765 4.864752 35.061731 17063.555626
185 -14.450695 4.979843 4.522891 115.610093 14749.599576
185 -9.376940 4.011454 4.730469 153.780884 16134.535895
185 -15.048026 5.081724 11.749478 358.954254 99537.150951
185 -27.312666 6.846259 5.822515 127.422373 24443.829372
185 -14.524592 4.992560 6.480604 16.461950 30281.619110
185 -13.934424 4.890078 14.860656 294.834124 159229.679745
185 -7.738141 3.644094 5.152351 94.901233 19140.751326
185 -15.804896 5.207954 8.887155 303.912301 56947.352502
185 -0.767206 1.147433 15.309556 8.736606 168994.759795
186 18.793538 -5.679048 5.021564 0.512858 18181.347940
186 25.286620 -6.587440 2.934212 250.846074 6207.704039
186 5.858096 -3.170659 3.874489 16.915245 10823.731360
186 15.016884 -5.076463 12.374399 280.140841 110406.923910
186 9.384750 -4.013125 4.782769 165.320852 16493.274726
186 -2.094923 -1.896074 11.345279 277.291327 92806.505403
186 9.033134 -3.937228 3.810523 356.092375 10469.291683
186 9.677092 -4.075151 6.576100 175.874741 31180.628047
186 12.666192 -4.662237 5.603650 28.935109 22640.709890
186 13.275684 -4.773091 4.005289 141.258091 11566.867289
186 4.037454 -2.632238 6.767543 62.244168 33022.517741
186 14.595443 -5.004722 19.383396 232.064239 270899.243914
186 9.981446 -4.138739 8.248639 96.261824 49058.319147
186 11.395775 -4.422249 16.232251 153.596574 189979.000671
186 13.321857 -4.781385 5.266394 54.143752 19997.456412
186 16.143903 -5.263511 10.434695 273.248031 78506.854053
186 22.858811 -6.263226 15.623114 174.508425 175988.095370
186 12.064940 -4.550236 6.599342 300.068594 31401.419725
186 6.970771 -3.458691 19.755367 284.760839 281396.230019
186 16.297685 -5.288521 13.142973 224.107691 124547.578797
186 15.201290 -5.107537 7.521956 86.070939 40795.252560
186 -16.549911 5.329287 5.020910 330.551854 18176.615241
186 -21.621473 6.091355 9.992140 280.762045 71988.824232
186 -6.665519 3.382114 6.242658 183.286661 28098.761509
186 -8.789128 3.883687 9.213145 32.715077 61201.750797
186 -3.778788 2.546523 6.529045 125.717647 30736.001832
186 -17.269564 5.443923 3.394493 154.974290 8308.024886
186 -9.618523 4.062800 5.290126 106.473205 20178.095241
186 -14.386221 4.968721 4.555118 125.655617 14960.539317
186 -17.304907 5.449491 8.753082 49.618406 55242.080659
186 -11.972932 4.532852 3.441491 352.458391 8539.673011
186 -3.697284 2.518910 6.572336 272.028907 31144.942807
186 -12.630406 4.655646 5.346320 324.194578 20609.053687
186 -24.763092 6.518891 6.403249 148.696295 29563.024420
186 -14.370720 4.966044 5.993197 224.915164 25897.936732
186 -16.456201 5.314178 10.776073 165.084354 83727.695287
187 11.483476 -4.439233 6.074039 39.192980 26601.325647
187 8.468441 -3.812177 6.151004 236.186941 27279.730810
187 17.407930 -5.465688 7.437453 45.700398 39883.797347
187 14.408359 -4.972543 10.179048 73.448795 74707.195122
187 6.919992 -3.446070 9.854594 312.170704 70020.557753
187 9.409760 -4.018468 7.258877 46.236571 37991.540428
187 13.732253 -4.854474 6.412327 297.726782 29646.908671
187 5.468056 -3.063288 17.389100 128.448402 218022.994023
187 11.118906 -4.368198 1.832870 101.931591 2422.207713
187 5.260544 -3.004600 2.320584 113.262267 3882.778117
187 9.653997 -4.070285 7.797117 288.017423 43834.513159
187 21.423399 -6.063390 3.101116 251.968608 6934.004858
187 14.088037 -4.916958 3.604454 100.388323 9367.571481
187 10.022466 -4.147234 8.319597 280.120916 49905.993357
187 11.770319 -4.494335 8.621770 320.778659 53597.059268
187 15.951006 -5.231971 3.048650 266.378033 6701.365320
187 -1.940089 -1.824661 5.072623 132.247193 18552.961960
187 14.780049 -5.036273 9.979169 278.289809 71802.043823
187 6.414025 -3.317696 2.740194 81.952270 5413.907035
187 14.850491 -5.048260 8.440817 162.493464 51370.883853
187 -14.206505 4.937589 12.468070 295.601214 112084.747826
187 -16.678660 5.349976 6.021030 303.743159 26139.038041
187 -13.102004 4.741766 4.924806 250.285814 17487.446610
187 -4.266348 2.705823 5.565485 26.362241 22333.365068
187 -23.827611 6.394573 3.889703 304.489947 10908.899388
187 -19.748223 5.821506 2.929107 20.403552 6186.122287
187 2.801897 2.192792 4.996761 70.840331 18002.185459
187 -5.034855 2.939441 17.834073 211.090204 229323.824066
187 -26.792658 6.780773 5.254969 310.368673 19910.782778
187 -17.250577 5.440930 7.213019 353.600444 37513.041459
187 -18.162142 5.582836 11.195972 341.147242 90379.870073
187 -8.871557 3.901856 8.558556 45.847222 52814.000157
187 -7.622731 3.616818 7.837702 193.403527 44292.028999
187 -14.170114 4.931261 4.823812 140.434199 16777.558611
187 -9.850111 4.111420 10.585352 27.879185 80790.205627
188 25.258883 -6.583826 4.452027 114.360710 14291.033797
188 13.153601 -4.751094 5.643349 324.147158 22962.643908
188 29.745218 -7.144632 11.290456 253.758434 91911.758825
188 10.529650 -4.250874 3.448165 22.208753 8572.826613
188 13.371050 -4.790205 9.754675 92.302667 68607.833818
188 13.354921 -4.787314 5.940588 215.674194 25445.266013
188 17.277614 -5.445192 14.111825 264.392565 143586.765589
188 11.666098 -4.474393 12.293854 277.091035 108974.326307
188 20.302661 -5.902660 12.269248 1.695826 108538.539294
188 6.756581 -3.405138 6.061380 327.449040 26490.556068
188 15.142733 -5.097690 12.994231 261.513124 121744.477913
188 14.477275 -4.984421 4.011949 264.291195 11605.369845
188 0.235464 -0.635672 8.244622 145.485109 49010.547276
188 22.380182 -6.197308 9.364408 235.044596 63227.890780
188 11.587919 -4.459375 4.645181 100.493469 15557.987183
188 13.875864 -4.879792 8.471792 86.439326 51748.610370
188 11.800543 -4.500101 4.621842 354.306581 15402.038903
188 13.447896 -4.803950 6.335274 306.065441 28938.687704
188 5.550235 -3.086221 8.750683 163.462343 55211.803250
188 15.065672 -5.084703 5.439209 266.059689 21331.411009
188 -21.095670 6.016833 8.555027 230.120639 52770.457183
188 -16.401264 5.305300 4.233327 22.747778 12921.463647
188 -21.106837 6.018425 6.481016 148.155547 30285.466491
188 -7.926596 3.688202 3.015142 51.090155 6554.864413
188 -8.952824 3.919686 6.833998 85.556045 33674.241763
188 -16.353982 5.297647 9.392917 266.346978 63613.466854
188 -21.371968 6.056107 5.458801 203.966766 21485.358274
188 -6.805912 3.417547 13.300757 314.365516 127555.979791
188 -10.496990 4.244277 3.411905 347.359054 8393.475499
188 -16.837050 5.375320 5.262970 174.994664 19971.463380
188 -16.671818 5.348879 5.855478 262.710132 24721.383591
188 -31.560479 7.359411 7.368206 262.863020 39144.580150
188 -17.709123 5.512769 9.337245 175.244879 62861.628092
188 -16.742273 5.360169 23.627384 71.521796 402512.474057
188 -7.587487 3.608446 6.616050 291.760427 31560.626145
189 5.497822 -3.071614 4.930561 262.930385 17528.337014
189 5.817839 -3.159746 6.908998 231.718084 34417.408796
189 14.293566 -4.952695 7.344704 201.555676 38895.258260
189 14.951494 -5.065398 11.386279 123.996128 93478.490046
189 13.997691 -4.901167 15.756322 251.519681 179001.952868
189 13.859688 -4.876947 4.289101 328.809489 13264.188417
189 13.275368 -4.773035 9.684082 267.168119 67618.409256
189 15.647890 -5.182021 7.611356 85.374597 41770.735841
189 5.462643 -3.061771 5.076693 95.261601 18582.747356
189 16.952485 -5.393715 9.050816 304.474195 59064.099001
189 22.129833 -6.162549 11.765372 78.433509 99806.640237
189 14.800002 -5.039671 2.654108 82.806228 5079.083259
189 10.846468 -4.314351 9.401289 337.665736 63726.916471
189 7.831470 -3.666004 7.843545 213.757041 44358.097116
189 9.744861 -4.089396 4.114925 33.968084 12208.769014
189 7.892305 -3.680215 6.426716 272.836768 29780.112318
189 14.893631 -5.055587 3.167719 32.387768 7235.047309
189 15.601097 -5.174267 13.826120 83.967900 137831.582501
189 11.924543 -4.523683 2.624727 169.073846 4967.252700
189 16.379270 -5.301742 5.639465 134.766108 22931.046332
189 -20.646398 5.952418 11.455117 86.072013 94612.202572
189 -25.575107 6.624911 1.355010 109.540926 1323.832902
189 -12.922783 4.709224 6.045996 217.661260 26356.264010
189 -15.394559 5.139903 15.539053 39.170201 174099.358850
189 -13.894795 4.883120 7.021366 74.023062 35546.046465
189 -25.722328 6.643951 8.318468 92.645898 49892.445993
189 -16.087378 5.254289 9.183726 61.002487 60811.529905
189 -13.135259 4.747780 11.434685 166.171985 94274.983647
189 -11.733395 4.487280 6.244858 301.671044 28118.571657
189 -15.513408 5.159705 3.855988 5.482681 10720.605801
189 -16.168632 5.267541 7.389812 323.389271 39374.484486
189 -16.520671 5.324577 12.091942 263.656699 105424.168316
189 -6.119527 3.240636 7.652943 249.605137 42228.437083
189 -17.304937 5.449496 4.338021 105.295682 13568.485698
189 -19.183318 5.737638 19.704152 112.356048 279939.098307
190 18.730366 -5.669496 8.008492 253.634488 46243.384246
190 11.239499 -4.391822 9.404735 54.473361 63773.635295
190 10.959648 -4.336802 8.098183 204.718243 47284.988829
190 7.017464 -3.470255 4.770794 330.015018 16410.785257
190 24.740677 -6.515940 7.192078 356.771366 37295.536618
190 13.901930 -4.884373 6.624138 84.729543 31637.840324
190 15.244596 -5.114807 13.512728 297.566453 131654.033936
190 10.281929 -4.200574 6.129104 244.431268 27085.820756
190 7.758363 -3.648853 12.299928 84.439314 109082.023385
190 15.405764 -5.141773 6.551404 287.324673 30946.881542
190 14.405101 -4.971981 7.266804 199.942658 38074.562348
190 3.939892 -2.600240 3.877435 279.184236 10840.193424
190 8.432676 -3.804118 4.418463 250.352885 14076.365220
190 5.424455 -3.051050 6.336699 159.963776 28951.713824
190 15.342487 -5.131203 6.533006 173.252580 30773.308504
190 9.681231 -4.076023 5.681133 350.253138 23271.154919
190 15.586729 -5.171884 6.452518 63.925514 30019.708786
190 11.606080 -4.462868 6.442163 244.400577 29923.434285
190 10.500049 -4.244895 10.232321 334.831249 75491.216339
190 4.910414 -2.902889 12.349536 68.830891 109963.694003
190 -11.255691 4.394985 17.806604 199.221038 228617.911007
190 -19.546048 5.791630 4.625784 41.557031 15428.326667
190 -17.880756 5.539419 4.420551 146.853578 14089.672006
190 -13.800152 4.866461 12.505865 17.039513 112765.322105
190 -19.657344 5.808095 4.253069 111.404892 13042.259905
190 -10.692761 4.283672 14.682523 208.197459 155435.225945
190 -16.683172 5.350700 5.597833 128.488982 22593.731999
190 -9.878402 4.117320 10.729200 26.165674 83000.884622
190 -13.660459 4.841768 5.858746 324.991643 24748.985870
190 -6.798905 3.415787 7.707145 31.785265 42828.722961
190 -14.610256 5.007261 10.085746 10.680871 73343.924940
190 -18.207427 5.589791 4.306816 3.348713 13373.983594
190 -18.723218 5.668414 14.489411 334.759793 151373.386199
190 -1.433776 1.568599 8.383948 31.294257 50681.008657
190 -16.581020 5.334294 3.059731 350.182647 6750.169667
191 4.365049 -2.736944 2.190552 299.661409 3459.832785
191 14.869592 -5.051505 4.511969 299.070704 14678.452296
191 8.813318 -3.889027 5.222483 302.512058 19665.371158
191 18.036964 -5.563563 14.195358 218.617395 145291.689976
191 12.351083 -4.603878 7.279103 322.727090 38203.552224
191 11.865264 -4.512425 5.999542 192.581570 25952.802309
191 8.121051 -3.733167 2.667069 343.746338 5128.809169
191 7.246299 -3.526383 3.084622 201.181913 6860.440305
191 7.852473 -3.670917 3.679628 304.680551 9762.382946
191 10.431879 -4.231093 6.550031 339.984344 30933.910480
191 6.236248 -3.271395 5.075440 243.015542 18573.574410
191 9.208174 -3.975191 10.668149 158.418428 82058.996745
191 1.795802 -1.755499 5.583675 54.306493 22479.587927
191 17.888483 -5.540616 8.593777 144.754995 53249.585433
191 8.745031 -3.873932 9.285547 78.304997 62167.444576
191 13.733239 -4.854648 5.794096 118.222240 24205.799148
191 20.133854 -5.878070 16.693295 297.149595 200924.189076
191 9.863098 -4.114130 8.981866 336.473702 58167.613691
191 7.731221 -3.642465 4.900521 116.650250 17315.399323
191 -15.472974 5.152977 16.482503 211.539732 195881.953319
191 -2.852739 2.212597 8.501079 74.896249 52107.016494
191 -10.158727 4.175331 28.729401 14.509236 595115.441872
191 -10.019820 4.146687 9.179774 255.383698 60759.199178
191 -1.239366 1.458381 2.557551 347.965657 4716.249340
191 -3.283242 2.373683 4.175934 193.894331 12573.477150
191 -20.099598 5.873067 6.947978 158.496384 34806.872231
191 -6.393713 3.312439 3.650285 337.082100 9607.304315
191 -13.107937 4.742840 5.438361 188.269917 21324.757179
191 -11.071954 4.358965 4.793117 134.691225 16564.724573
191 -13.372551 4.790473 4.373256 129.438144 13789.797337
191 -11.745057 4.489509 14.640928 140.160443 154555.795952
191 -12.123689 4.561301 3.383972 269.675704 8256.605562
191 -11.224979 4.388985 5.129542 72.511897 18971.659637
191 -7.613093 3.614530 4.913120 143.701807 17404.551766
192 -0.886338 -1.233307 6.882152 45.966481 34150.460728
192 6.948496 -3.453160 6.830049 278.131431 33635.332414
192 12.465724 -4.625195 6.613360 275.958450 31534.971971
192 12.374497 -4.608240 7.915252 159.892701 45172.861868
192 11.089298 -4.362378 5.121483 288.202134 18912.092357
192 18.598605 -5.649519 5.479214 16.257083 21646.347355
192 16.350553 -5.297092 4.187480 146.129904 12643.097032
192 23.169678 -6.305671 3.018811 275.678901 6570.823565
192 17.260186 -5.442445 8.567300 221.215267 52921.978394
192 7.233087 -3.523166 5.806477 326.774114 24309.359415
192 14.621088 -5.009117 6.606743 143.317539 31471.894913
192 13.911365 -4.886030 4.504917 153.178365 14632.606084
192 7.862525 -3.673265 4.661396 68.680032 15666.790956
192 15.786501 -5.204922 8.521183 163.820890 52353.759265
192 7.940302 -3.691389 9.594416 61.424050 66372.044913
192 9.690115 -4.077892 11.650325 188.681734 97864.269298
192 10.045695 -4.152038 7.744106 342.236408 43240.496516
192 13.803111 -4.866982 5.523027 5.713990 21993.908336
192 14.801082 -5.039855 4.709292 112.909386 15990.396516
192 -21.398786 6.059906 4.185725 271.005749 12632.501838
192 -7.352159 3.552047 2.404454 18.111436 4168.511029
192 -15.317165 5.126967 10.532870 280.955889 79991.066604
192 -11.075705 4.359704 10.134714 252.430816 74057.841286
192 -11.524051 4.447069 3.956730 303.411414 11288.099565
192 -11.757742 4.491933 15.125761 344.953960 164961.474909
192 -12.366970 4.606838 5.038435 124.553317 18303.718039
192 -3.773245 2.544654 2.733836 165.478904 5388.812743
192 -3.197985 2.342661 18.852609 113.910360 256266.014149
192 -11.765269 4.493370 4.450709 358.430248 14282.572403
192 -10.109754 4.165255 7.656123 116.352004 42263.540270
192 -8.936857 3.916190 4.786821 134.166563 16521.229901
192 -12.036609 4.544890 2.870596 190.164371 5941.445486
192 -22.227867 6.176183 5.622941 328.194842 22796.865883
192 -3.870305 2.577175 4.337069 261.520151 13562.528455
193 7.611123 -3.614063 4.324719 155.649919 13485.401731
193 5.487235 -3.068655 9.818308 8.876812 69505.849767
193 5.928703 -3.189710 19.350328 325.457283 269975.735730
193 7.552887 -3.600210 4.199424 93.612075 12715.326944
193 4.778241 -2.863553 22.126692 285.459174 353005.168100
193 7.938452 -3.690959 3.142524 51.664841 7120.414606
193 16.357581 -5.298230 9.072059 208.025538 59341.681284
193 13.360161 -4.788254 5.748077 268.433811 23822.825594
193 12.986950 -4.720901 7.435531 163.152436 39863.191392
193 13.233119 -4.765433 2.659507 180.369079 5099.769007
193 13.027914 -4.728340 5.016789 242.660038 18146.784163
193 4.913811 -2.903892 2.553307 313.592960 4700.609589
193 10.389238 -4.222437 8.566571 77.110936 52912.962292
193 7.945746 -3.692654 1.748919 280.523965 2205.399673
193 19.889397 -5.842276 6.272937 132.076565 28371.996150
193 11.602767 -4.462231 3.092231 200.803005 6894.328217
193 18.582989 -5.647147 8.601272 141.770364 53342.513687
193 4.808424 -2.872584 10.046687 216.655658 72776.939834
193 2.775551 -2.182458 4.874150 128.754210 17129.549051
193 -6.680630 3.385946 4.029384 78.949285 11706.453263
193 -16.809817 5.370971 10.004998 205.596083 72174.217689
193 -9.249739 3.984153 13.219236 311.881222 125997.164222
193 -15.619755 5.177360 10.155138 305.281205 74356.631239
193 -19.414754 5.772145 13.699888 308.385732 135326.264687
193 -11.260118 4.395849 5.920510 297.774763 25273.551502
193 -15.879254 5.220190 2.153968 13.416878 3345.234980
193 -11.556600 4.453345 3.889625 317.179687 10908.464889
193 -16.851960 5.377699 6.124210 354.620594 27042.582521
193 -7.485097 3.584017 4.617112 91.616380 15370.530061
193 -18.132634 5.578298 9.242894 338.637602 61597.637317
193 -18.756428 5.673439 12.013540 221.281940 104061.493559
193 -20.476624 5.927895 10.650281 113.503173 81784.356435
193 -9.067474 3.944704 11.127250 51.185243 89273.749158
193 -15.634044 5.179728 7.047852 281.003570 35814.728979
194 10.625976 -4.270274 5.726604 165.852758 23645.169970
194 13.392898 -4.794116 11.449923 28.779557 94526.425034
194 6.781936 -3.411522 4.989973 297.493731 17953.306968
194 5.802144 -3.155481 5.873094 149.045014 24870.355005
194 11.220378 -4.388085 6.700215 117.293382 32368.724767
194 15.700008 -5.190644 11.107397 183.357670 88955.477615
194 7.563130 -3.602650 8.223671 252.514831 48761.771988
194 9.011300 -3.932466 8.799063 183.224952 55823.992667
194 7.208144 -3.517086 9.199947 254.238468 61026.533741
194 10.655703 -4.276243 5.914994 310.311790 25226.481319
194 0.096682 -0.407327 9.680623 1.450382 67570.115318
194 19.390006 -5.768465 6.090212 286.683693 26743.171567
194 10.786006 -4.302309 3.474412 64.013326 8703.837102
194 16.497479 -5.320839 7.110536 256.545569 36454.634416
194 11.027939 -4.350293 7.738736 308.209237 43180.546352
194 14.381871 -4.967970 6.797119 132.315020 33311.777852
194 11.383929 -4.419950 4.534548 198.379528 14825.731488
194 15.743865 -5.197889 3.824410 1.890979 10545.738448
194 -10.759589 4.297037 5.346641 222.874004 20611.521542
194 -12.636744 4.656814 8.107743 35.258751 47396.696587
194 -16.742928 5.360274 2.958434 291.181531 6310.616067
194 -18.784775 5.677724 2.566707 240.730639 4750.076165
194 -23.674597 6.374008 12.081174 145.425335 105236.493001
194 -21.636302 6.093444 15.472657 59.856792 172614.742066
194 -9.806649 4.102340 5.473805 123.688322 21603.629754
194 -16.220175 5.275930 7.189967 316.634091 37273.640555
194 -8.204680 3.752339 4.920494 321.344072 17456.830665
194 -10.240983 4.192201 2.944295 146.778498 6250.440820
194 -14.429114 4.976123 5.978116 101.877000 25767.768041
194 -22.496673 6.213416 3.808760 346.389424 10459.603882
194 -9.086614 3.948866 8.489246 149.250180 51962.048669
194 -17.121672 5.420563 14.657432 93.768051 154904.440026
194 -12.624962 4.654643 4.368846 43.263146 13762.001018
195 10.283853 -4.200966 8.085094 127.085694 47132.260496
195 16.629265 -5.342049 4.566898 19.095774 15038.019221
195 14.442482 -4.978428 8.799962 260.533137 55835.400279
195 8.577580 -3.836663 8.136383 359.955731 47732.135596
195 9.491105 -4.035800 10.357270 138.605128 77346.147949
195 16.151603 -5.264766 5.791712 4.712993 24185.881880
195 13.790713 -4.864796 10.342780 298.164263 77129.883596
195 7.412969 -3.566707 5.093483 275.428446 18705.863476
195 5.044139 -2.942150 5.787658 336.928395 24152.040444
195 6.804862 -3.417283 7.234241 249.385075 37734.104976
195 11.748471 -4.490162 1.955829 59.099208 2758.100149
195 13.879279 -4.880392 9.665283 32.526841 67356.139697
195 14.308186 -4.955227 5.937502 237.385742 25418.833566
195 13.216160 -4.762379 9.848026 260.144584 69927.252832
195 9.502851 -4.038297 7.325777 71.703143 38695.056190
195 11.144981 -4.373317 3.086722 270.314834 6869.784217
195 5.325395 -3.023063 6.884256 16.624541 34171.343695
195 11.650193 -4.471342 9.940804 301.310903 71251.022612
195 -22.711787 6.243052 6.953195 136.511527 34859.160759
195 -4.530216 2.788244 6.643934 351.450515 31827.220838
195 -12.275426 4.589756 22.563076 333.317379 367066.453497
195 -10.330815 4.210548 4.841332 119.489421 16899.653218
195 -19.216757 5.742637 10.443089 145.724482 78633.213475
195 -17.909837 5.543922 11.057737 237.576798 88161.834045
195 -11.577414 4.457353 8.427479 155.627688 51208.667634
195 -11.999850 4.537945 6.155287 188.971835 27317.737059
195 -13.960972 4.894734 8.225088 75.391229 48778.580446
195 -1.081013 1.362030 13.342905 245.052076 128365.657282
195 -8.493755 3.817870 3.486510 150.870348 8764.554523
195 -6.644543 3.376789 11.633991 135.812887 97590.037666
195 -25.149180 6.569514 10.564426 131.993725 80471.087479
195 -18.721177 5.668105 16.223656 158.348096 189777.850101
195 -18.195390 5.587943 6.676308 277.833750 32138.146416
196 5.971788 -3.201279 3.368290 350.191489 8180.256790
196 4.970124 -2.920484 4.235329 334.853521 12933.688758
196 9.946986 -4.131588 14.143623 308.965456 144234.585592
196 18.842392 -5.686425 11.501536 248.671664 95380.543495
196 15.955509 -5.232710 6.205934 287.642943 27769.133969
196 6.330865 -3.296119 6.839922 131.627357 33732.646501
196 12.138308 -4.564050 4.363905 169.875873 13730.891421
196 0.970028 -1.290219 14.235358 62.401916 146111.652742
196 3.718700 -2.526195 3.485113 59.471571 8757.530965
196 12.444644 -4.621283 33.959380 352.251984 831510.182782
196 11.606300 -4.462911 7.184689 240.700506 37218.939093
196 0.485517 -0.912796 13.273841 249.407502 127040.229941
196 13.152937 -4.750974 8.419877 196.050476 51116.323942
196 16.002719 -5.240445 5.546990 64.877036 22185.172698
196 13.377296 -4.791323 9.329724 55.595270 62760.395480
196 6.338464 -3.298096 11.532666 23.662769 95897.555511
196 19.056222 -5.718600 5.854682 68.128467 24714.665467
196 10.322134 -4.208778 6.897081 335.069045 34298.785235
196 -17.498511 5.479890 11.407801 108.277185 93832.202537
196 -27.717373 6.896795 7.084465 97.065361 36187.797835
196 -12.407513 4.614383 4.119813 123.840219 12237.794781
196 -10.923757 4.329695 5.418573 6.008277 21169.854379
196 -14.804747 5.040479 4.807142 63.878365 16661.804319
196 -2.920648 2.238777 4.964229 127.823434 17768.535129
196 -11.751526 4.490745 8.203451 354.106783 48522.283412
196 -8.561949 3.833166 6.072604 310.609208 26588.750690
196 -13.359315 4.788102 8.256492 247.034013 49151.776396
196 -21.868427 6.126043 6.825266 7.453316 33588.239269
196 -7.917482 3.686081 5.066957 329.679792 18511.541445
196 -6.733007 3.399193 10.586069 11.320042 80801.144864
196 -22.233547 6.176973 6.413225 235.485584 29655.211420
196 -10.061086 4.155217 10.652530 240.350586 81818.891760
197 19.661619 -5.808727 14.068820 280.233010 142712.954036
197 16.978594 -5.397867 6.783264 47.063534 33176.116054
197 11.704067 -4.481668 4.245487 289.510318 12995.804011
197 13.811401 -4.868444 6.201803 67.403100 27732.176755
197 10.667302 -4.278569 7.689023 143.624881 42627.549400
197 7.808088 -3.660527 7.550998 206.819715 41110.879194
197 19.677098 -5.811013 8.199564 154.657645 48476.309959
197 19.953022 -5.851614 6.343872 33.853120 29017.293106
197 9.716988 -4.083543 2.129373 344.344832 3269.276124
197 10.429611 -4.230633 5.572506 99.409801 22389.748337
197 1.990410 -1.848173 4.852893 342.002186 16980.461408
197 10.232579 -4.190481 5.549488 245.260637 22205.161186
197 18.356783 -5.612671 4.307763 56.162404 13379.866229
197 8.537322 -3.827649 4.513829 96.728960 14690.559224
197 7.673148 -3.628759 12.855571 114.099536 119160.079124
197 11.925537 -4.523872 8.784805 330.352174 55643.233624
197 20.097402 -5.872746 9.727036 119.800363 68219.592527
197 -11.876304 4.514524 4.454525 241.753551 14307.078859
197 -8.012799 3.708202 4.268272 200.145036 13135.673369
197 -19.523255 5.788252 7.789267 74.269706 43746.295916
197 -7.336961 3.548374 9.727105 45.958311 68220.563085
197 -11.872815 4.513861 1.751346 214.992444 2211.524637
197 0.439212 0.868177 4.924989 170.360218 17488.743241
197 -13.013442 4.725713 13.070941 280.231061 123186.124975
197 -3.747932 2.536105 2.232567 292.861725 3593.825119
197 -26.766528 6.777465 3.278799 157.136787 7751.355821
197 -11.078491 4.360252 4.417794 73.922694 14072.105621
197 -8.002609 3.705844 6.190366 256.433541 27629.986129
197 -19.407588 5.771080 8.833321 141.844264 56259.530821
197 -15.948376 5.231540 3.856546 177.268969 10723.711049
197 -7.728386 3.641797 5.125029 45.629010 18938.291310
198 4.431455 -2.757684 2.945444 237.536089 6255.319974
198 6.167372 -3.253279 15.663610 274.637481 176901.607327
198 14.167082 -4.930733 5.626907 137.882231 22829.036934
198 5.413143 -3.047867 2.599220 233.679240 4871.178230
198 11.011688 -4.347086 6.897110 105.995034 34299.074947
198 5.513269 -3.075926 4.748953 164.643888 16260.872871
198 4.331517 -2.726411 4.257128 60.107413 13067.167029
198 6.575799 -3.359275 5.127528 113.183439 18956.761776
198 5.390029 -3.041353 5.943039 352.377564 25466.266512
198 15.301178 -5.124290 5.894238 325.897008 25049.751525
198 -0.097722 -0.409513 3.540884 181.130181 9040.063396
198 16.824965 -5.373390 22.550790 332.856559 366666.811785
198 11.917911 -4.522425 7.214354 113.150973 37526.925388
198 7.535737 -3.596120 7.473825 166.756127 40274.847037
198 3.615250 -2.490809 7.034012 179.836695 35674.201289
198 20.419881 -5.919676 6.402623 116.626063 29557.243484
198 9.354009 -4.006547 10.963761 122.228610 86669.678478
198 -10.510445 4.246996 5.400133 321.056155 21026.012691
198 -16.701183 5.353588 14.348840 82.059000 148450.499416
198 -21.148016 6.024293 7.317006 1.335398 38602.455932
198 -15.157427 5.100163 14.270709 238.227043 146838.236015
198 -11.435456 4.429942 7.151213 116.565001 36872.922450
198 -19.255510 5.748424 16.452261 355.911053 195163.785965
198 -4.378739 2.741232 9.728451 74.500952 68239.435774
198 -12.841960 4.694474 14.210878 180.943987 145609.551787
198 -16.098579 5.256118 6.239449 286.715264 28069.876531
198 -15.164519 5.101356 3.986943 289.279888 11461.146848
198 -8.794272 3.884823 6.026671 199.739591 26188.046855
198 -12.950910 4.714346 6.792419 82.393118 33265.725923
198 -19.975301 5.854880 6.841249 169.562977 33745.733277
198 -11.052802 4.355194 11.982643 66.998453 103526.931437
199 1.657205 -1.686395 2.734367 184.722018 5390.903689
199 13.084526 -4.738603 8.554469 73.835251 52763.576413
199 14.681761 -5.019499 13.605906 119.356930 133475.942510
199 8.019757 -3.709812 7.272941 78.900681 38138.898403
199 13.354573 -4.787252 13.442807 154.241772 130295.070804
199 10.322246 -4.208801 5.866286 231.872944 24812.732429
199 10.918712 -4.328695 5.592272 269.457964 22548.865536
199 0.949946 -1.276794 3.103666 182.197508 6945.414473
199 24.027579 -6.421349 8.596950 307.223537 53288.910265
199 0.930546 -1.263689 10.780142 59.326636 83790.940442
199 6.607033 -3.367244 4.058652 266.222632 11877.137749
199 18.672062 -5.660665 6.217063 265.489983 27868.825107
199 13.922083 -4.887912 11.693658 63.188969 98593.636069
199 15.108175 -5.091870 13.398020 218.916381 129428.315643
199 10.725497 -4.290224 6.634047 33.388936 31732.559655
199 8.113678 -3.731472 7.785163 235.566818 43700.205341
199 -19.043495 5.716690 7.900240 100.696124 45001.673508
199 -6.097649 3.234838 5.527077 116.501331 22026.174359
199 -11.903693 4.519726 10.502042 311.303670 79523.510198
199 -23.713785 6.379281 5.330116 195.051113 20484.314837
199 -16.496761 5.320723 5.906841 25.457957 25156.987358
199 -4.067502 2.642014 4.402310 357.265233 13973.631761
199 -5.784995 3.150814 3.001424 289.923577 6495.353552
199 -19.620304 5.802620 5.700518 134.883549 23430.239513
199 -15.317034 5.126945 14.589319 46.063805 153468.097610
199 -8.022581 3.710465 4.752950 235.265987 16288.255711
199 -7.527849 3.594237 3.774233 33.100033 10270.828901
199 -19.003537 5.710689 5.151291 261.281677 19132.878830
199 -12.636581 4.656784 5.099631 295.434573 18751.052344
199 -8.107263 3.729996 12.081974 116.099008 105250.425486
200 9.838367 -4.108968 4.796086 301.262262 16585.247609
200 25.181114 -6.573683 8.769613 320.523195 55450.941924
200 9.161170 -3.965033 5.843151 299.617888 24617.404164
200 9.054060 -3.941785 7.859372 150.417821 44537.287274
200 7.535394 -3.596038 9.497494 325.169771 65037.844471
200 4.266782 -2.705961 4.087267 326.760486 12045.199882
200 15.413174 -5.143010 11.861945 278.725134 101451.833955
200 17.447900 -5.471960 14.252091 82.186454 146455.357170
200 12.072476 -4.551656 5.839021 63.840948 24582.615230
200 4.934247 -2.909925 8.731224 348.280634 54966.533535
200 11.758302 -4.492040 7.045868 96.949602 35794.566305
200 1.266859 -1.474468 4.857169 193.482874 17010.399446
200 9.843597 -4.110060 6.002532 143.427144 25978.677762
200 8.701546 -3.864288 14.983468 301.672965 161872.390549
200 14.224771 -4.940762 9.584796 172.691139 66239.005096
200 3.301795 -2.380380 4.150663 335.837962 12421.758819
200 -12.000020 4.537977 7.172740 305.669527 37095.249394
200 -13.143454 4.749261 7.484769 247.950337 40392.887086
200 -11.382387 4.419651 12.373231 184.101847 110386.088165
200 -13.501200 4.813461 6.580211 172.559697 31219.631467
200 -13.202442 4.759907 2.559870 143.142497 4724.804981
200 -13.866867 4.878210 4.877375 202.568388 17152.219878
200 -20.908890 5.990137 4.780300 39.916029 16476.252510
200 -8.680545 3.859622 4.314374 159.476780 13420.964951
200 -0.860071 1.214894 11.797070 233.083256 100345.152929
200 -9.278592 3.990362 2.312258 260.908675 3854.967196
200 -9.602255 4.059363 8.144478 175.202493 47827.153472
200 -16.323291 5.292674 3.161593 120.410800 7207.089089
200 -21.460572 6.068648 5.137387 81.930967 19029.726887
200 -2.604023 2.113945 4.618227 270.025728 15377.957293
201 3.364664 -2.402936 5.486760 163.098874 21706.009196
201 6.708989 -3.393125 4.882669 274.383594 17189.473488
201 11.239202 -4.391764 4.874129 260.581252 17129.399245
201 9.095073 -3.950703 4.013756 233.409284 11615.825522
201 9.963764 -4.135071 11.898574 141.839010 102079.351084
201 10.688119 -4.282742 7.285160 231.089457 38267.163521
201 17.233675 -5.438264 15.691358 308.198612 177528.924025
201 18.446988 -5.626444 9.647717 135.178120 67111.537743
201 18.830123 -5.684573 2.245513 206.231968 3635.627048
201 19.004315 -5.710806 4.007980 197.191460 11582.414771
201 14.036982 -4.908041 6.819261 98.195894 33529.166340
201 14.257630 -4.946465 6.875858 283.757257 34088.025303
201 8.401645 -3.797113 9.365650 119.882636 63244.673003
201 10.658654 -4.276835 2.779391 262.736787 5569.898471
201 6.773811 -3.409477 3.573526 312.614536 9207.506346
201 -11.111590 4.366761 6.430716 318.416764 29817.187400
201 -3.245833 2.360122 8.944421 310.059329 57683.628881
201 -10.139026 4.171281 3.704434 333.065201 9894.454609
201 -17.322401 5.452245 3.383456 184.428099 8254.086805
201 -10.126162 4.168634 7.263322 129.775245 38038.090123
201 -7.062493 3.481371 4.172340 275.319064 12551.840994
201 -14.889452 5.054878 23.154385 62.200215 386557.903694
201 -7.407865 3.565479 13.712096 281.818054 135567.552569
201 -14.443249 4.978560 21.230050 101.184191 324975.101412
201 -16.817220 5.372153 6.698644 352.844482 32353.548145
201 -6.073693 3.228477 17.129486 332.185613 211561.559356
201 -16.772517 5.365009 10.719500 223.362295 82850.873259
201 -17.598528 5.495529 7.874436 202.361411 44708.177640
201 -13.860691 4.877123 5.588514 225.445516 22518.564354
202 2.251534 -1.965670 4.781458 18.042455 16484.232123
202 7.236815 -3.524074 7.777027 44.973274 43608.915228
202 10.419420 -4.228566 10.143394 34.928138 74184.751272
202 6.594970 -3.364168 9.388701 266.090577 63556.367464
202 11.944511 -4.527469 6.601546 78.421154 31422.404385
202 17.724331 -5.515136 5.822043 149.474376 24439.871494
202 8.143518 -3.738327 4.174593 209.863053 12565.399334
202 13.190331 -4.757723 1.697303 287.040523 2077.146110
202 -2.011564 -1.857968 5.199439 61.211363 19492.210307
202 9.233562 -3.980668 14.527775 310.578731 152176.043594
202 8.652871 -3.853465 6.451109 351.141372 30006.604243
202 22.411814 -6.201686 2.337584 314.550922 3939.877028
202 9.212561 -3.976138 5.626986 217.363190 22829.677943
202 2.208484 -1.946787 8.501748 348.523915 52115.209007
202 7.375718 -3.557734 3.394526 244.091093 8308.190330
202 -13.394343 4.794375 27.403570 302.261349 541454.980729
202 -10.828756 4.310827 2.424348 294.348699 4237.774369
202 -6.661919 3.381201 22.943239 297.871705 379539.971424
202 -3.907260 2.589450 3.368917 208.387036 8183.302741
202 -10.192229 4.182210 5.492161 220.906764 21748.762234
202 -12.979538 4.719553 10.873593 261.570659 85249.964596
202 -1.432036 1.567647 2.977917 339.418010 6394.010287
202 0.776448 1.154323 5.894347 254.802006 25050.676397
202 -16.537735 5.327326 9.126159 11.194855 60051.534951
202 -8.812731 3.888898 5.912161 298.179995 25202.323161
202 -14.373363 4.966501 7.580382 306.785169 41431.458354
202 -16.548325 5.329032 16.131263 296.838814 187622.444867
202 -14.131883 4.924604 3.670288 41.132487 9712.885483
202 -18.674384 5.661017 6.617690 212.561646 31576.274247
203 18.679141 -5.661738 14.007987 160.535418 141481.464704
203 10.715695 -4.288264 4.482111 154.066245 14484.827329
203 12.316975 -4.597517 5.578159 52.109138 22435.194001
203 4.945476 -2.913234 20.800927 39.114572 311970.443101
203 -1.512228 -1.610942 3.969891 224.656009 11363.322616
203 12.622961 -4.654274 6.931061 305.398714 34637.579262
203 16.604961 -5.338143 9.305130 311.152376 62429.941023
203 13.480147 -4.809707 2.317781 348.989705 3873.405349
203 4.463623 -2.767675 10.801814 113.103517 84128.167956
203 15.229510 -5.112276 3.059540 16.509293 6749.327033
203 17.067565 -5.411991 2.854035 194.617089 5873.091046
203 8.219680 -3.755768 7.386411 58.260591 39338.252408
203 10.039060 -4.150666 5.677017 38.796297 23237.447282
203 13.392860 -4.794110 9.169428 78.019847 60622.323319
203 -18.930687 5.699733 3.448060 97.678651 8572.308588
203 -14.172206 4.931625 3.240388 106.733624 7570.805290
203 0.919177 1.255946 7.272850 14.473216 38137.944402
203 -17.305356 5.449562 12.445954 178.014718 111687.466413
203 -18.607315 5.650842 3.001398 320.144467 6495.241714
203 -4.094800 2.650865 3.081302 156.389260 6845.679996
203 -11.209272 4.385913 4.556201 263.224510 14967.655639
203 -15.607355 5.175305 7.667300 102.832783 42387.035318
203 -8.273488 3.768041 4.080392 285.010124 12004.717294
203 -13.268385 4.771779 9.226977 96.108606 61385.662240
203 -11.346683 4.412714 15.320590 300.127876 169238.466270
203 -25.471810 6.611518 5.275584 77.178148 20067.306978
203 -10.660700 4.277245 4.551727 253.005526 14938.279456
204 23.937496 -6.409301 5.661495 192.729922 23110.553196
204 17.119648 -5.420242 4.401659 138.447830 13969.502945
204 12.747396 -4.677158 7.397945 182.599917 39461.193786
204 13.147707 -4.750029 2.277780 172.080413 3740.861066
204 13.439296 -4.802414 1.814213 219.903431 2373.146414
204 13.781797 -4.863223 8.329123 168.183975 50020.335062
204 7.607431 -3.613186 4.231043 77.897080 12907.524264
204 14.072872 -4.914311 6.308684 308.098177 28696.281745
204 12.744380 -4.676605 32.868640 263.624166 778953.530733
204 15.854331 -5.216092 5.722455 321.622483 23610.918746
204 13.303435 -4.778078 4.605928 225.405023 15296.156123
204 14.770912 -5.034716 7.223603 221.995899 37623.203473
204 10.682057 -4.281528 11.213245 49.831771 90658.946912
204 13.377075 -4.791284 8.928201 196.027612 57474.603668
204 -10.548619 4.254702 3.502285 162.559742 8844.045546
204 -19.166471 5.735118 4.346182 263.660420 13619.585786
204 -16.182146 5.269742 11.020032 87.492153 87561.624897
204 -14.167119 4.930740 8.686150 63.053627 54400.484070
204 -14.268518 4.948354 8.213615 49.210117 48642.601753
204 -16.420729 5.308447 6.538089 287.898821 30821.213308
204 -3.967195 2.609234 6.648325 0.684199 31869.301376
204 -5.786155 3.151130 5.157908 51.664566 19182.059181
204 -9.242857 3.982671 5.633253 121.056979 22880.555843
204 -12.774652 4.682156 10.248496 27.901581 75730.067154
204 -11.002045 4.345182 6.441989 356.217791 29921.823605
204 -0.133714 0.479027 4.332652 78.787221 13534.919910
204 -11.138817 4.372107 5.047498 198.717706 18369.625669
205 7.335701 -3.548070 13.945379 9.217493 140219.590207
205 15.995839 -5.239319 26.794463 18.278278 517652.345981
205 12.536122 -4.638237 10.196095 159.184485 74957.628041
205 2.723329 -2.161829 9.719423 10.005816 68112.853109
205 8.022163 -3.710369 3.531256 32.501374 8990.968590
205 23.683368 -6.375188 11.043568 61.170476 87936.039112
205 8.143501 -3.738323 6.188115 264.918852 27609.902911
205 15.706426 -5.191705 4.363693 286.696016 13729.553344
205 10.683070 -4.281731 10.774872 143.053615 83709.024257
205 11.665463 -4.474271 3.264066 82.049411 7681.853848
205 1.190418 -1.429292 9.960992 234.263647 71540.705838
205 12.285011 -4.591547 7.712219 255.938663 42885.135869
205 13.638703 -4.837911 6.230473 160.669490 27989.176765
205 -14.708772 5.024114 4.836539 248.947727 16866.206431
205 -16.265102 5.283232 7.020152 47.255848 35533.758371
205 -7.149771 3.502816 2.999596 203.227252 6487.445906
205 -16.436544 5.311003 5.570150 351.095437 22370.814778
205 -13.760878 4.859531 5.017442 67.368385 18151.508971
205 -21.767240 6.111854 23.170479 235.237101 387095.470392
205 -11.089289 4.362377 13.644572 50.977404 134235.655352
205 -13.907844 4.885412 3.277300 257.646302 7744.268109
205 -10.132374 4.169912 2.933381 359.444558 6204.189069
205 -1.423101 1.562749 5.554004 166.483062 22241.314632
205 -16.104807 5.257134 5.122680 337.317661 18920.929291
205 -13.489364 4.811351 22.499444 247.798238 364998.967720
205 -21.986174 6.142514 4.380682 263.387686 13836.670494
206 7.690247 -3.632800 4.672202 306.748365 15739.513216
206 13.346910 -4.785878 6.552414 41.305604 30956.419190
206 15.986807 -5.237839 7.289710 72.482850 38314.980370
206 14.875293 -5.052474 7.173663 273.889692 37104.798248
206 6.428046 -3.321320 12.351719 73.832061 110002.575780
206 6.677293 -3.385100 8.232395 286.172967 48865.289191
206 8.933300 -3.915410 3.392607 124.416755 8298.795524
206 3.860785 -2.574003 3.467402 234.517795 8668.750571
206 4.712688 -2.843843 4.550294 255.665719 14928.875076
206 15.880067 -5.220324 11.519805 182.295802 95683.777304
206 17.971414 -5.553444 17.084792 226.335327 210458.983413
206 6.802565 -3.416706 13.699013 41.283695 135308.990840
206 13.714079 -4.851261 7.599579 117.266769 41641.570800
206 -2.878382 2.222519 6.410779 224.699408 29632.593256
206 -9.205670 3.974651 4.646740 250.339705 15568.428787
206 -26.487717 6.742075 7.258911 158.031227 37991.899824
206 -6.225859 3.268669 6.416988 344.558919 29690.023376
206 -9.358810 4.007575 3.393941 59.912038 8305.326472
206 -6.874199 3.434649 4.095379 244.001824 12093.059882
206 -12.654695 4.660120 3.497728 45.434773 8821.049606
206 -16.393591 5.304059 8.123889 347.911561 47585.654298
206 -16.215722 5.275206 5.722031 240.155427 23607.414341
206 -15.638235 5.180422 11.782253 37.702426 100093.250164
206 -0.538363 0.961189 5.030831 114.664936 18248.512457
206 -11.791812 4.498436 7.539395 246.987539 40984.636877
206 -19.786942 5.827209 9.494499 123.311253 64996.824146
207 11.995552 -4.537132 17.518491 49.158839 221279.635060
207 17.564928 -5.490280 8.477425 17.139453 51817.448865
207 9.134732 -3.959307 9.084290 16.922438 59501.792895
207 12.165547 -4.569168 7.740200 99.269878 43196.880442
207 9.145855 -3.961717 6.761809 282.805871 32966.581972
207 7.504106 -3.588565 8.730613 332.644043 54958.835300
207 8.829086 -3.892505 8.621302 166.954737 53591.238817
207 13.097498 -4.740951 21.505298 193.865530 333456.363668
207 8.657142 -3.854416 3.208465 214.746051 7422.369249
207 11.964749 -4.531303 4.433408 195.003839 14171.748524
207 11.201535 -4.384399 3.954112 28.310812 11273.168456
207 10.939829 -4.332879 9.977816 105.344691 71782.583180
207 -10.691981 4.283516 2.627658 144.150582 4978.353497
207 -20.770700 5.970310 7.023638 208.114914 35569.050741
207 -20.297508 5.901911 2.301956 47.171066 3820.694157
207 -16.077999 5.252757 8.956628 36.965209 57841.178966
207 -10.900627 4.325109 4.062942 151.111394 11902.258291
207 -22.916506 6.271126 1.712300 267.812089 2114.014359
207 -17.736853 5.517084 6.634572 131.222761 31737.584735
207 -12.143532 4.565032 6.045143 333.847069 26348.819614
207 -11.820051 4.503819 3.093995 209.194552 6902.194668
207 -6.023034 3.214985 5.573926 176.586944 22401.156728
207 -8.780850 3.881857 3.753937 99.554865 10160.665347
207 -20.509831 5.932699 7.595589 66.685035 41597.862274
208 4.593153 -2.807545 8.223091 190.205367 48754.902340
208 11.946812 -4.527905 18.805946 71.510298 254998.991453
208 5.788806 -3.151852 5.761139 177.965310 23931.218452
208 6.873649 -3.434512 5.966065 80.732725 25663.977408
208 22.546592 -6.220306 9.274291 117.857733 62016.817489
208 -0.401933 -0.830516 15.820358 70.335400 180459.891310
208 3.329916 -2.390496 5.742395 290.258791 23775.745529
208 18.096813 -5.572786 5.055573 57.640746 18428.451837
208 11.023171 -4.349352 9.714970 345.588206 68050.447135
208 3.159751 -2.328615 13.154038 206.374345 124757.379611
208 16.298166 -5.288599 4.291670 302.446534 13280.078077
208 -1.609508 -1.661949 5.225115 345.595718 19685.197814
208 -2.305070 1.988902 4.995173 347.777871 17990.741220
208 -5.639103 3.110830 9.054639 293.678251 59114.002075
208 -13.679730 4.845182 10.752469 85.408099 83361.301404
208 -14.725242 5.026926 7.036322 226.923131 35697.635846
208 -2.005769 1.855290 11.793229 55.846108 100279.812445
208 -19.804767 5.829834 6.387027 49.923109 29413.423618
208 -5.788206 3.151689 30.748928 63.093863 681723.145942
208 -6.573965 3.358806 4.979480 234.134507 17877.881616
208 -16.663038 5.347470 20.558010 334.385771 304726.494775
208 -8.316747 3.777879 9.457547 246.035947 64491.891101
208 -9.860214 4.113528 10.284135 341.839989 76257.687465
208 -12.198355 4.575325 5.320178 11.249849 20407.999751
209 2.103113 -1.899777 5.187680 199.234150 19404.138860
209 8.571898 -3.835392 3.851789 338.316861 10697.272784
209 6.468974 -3.331877 5.504136 95.048193 21843.711549
209 10.785074 -4.302123 7.159002 314.627834 36953.283646
209 2.752532 -2.173389 15.645113 121.267235 176484.059444
209 12.637688 -4.656988 8.306975 325.400620 49754.676938
209 8.930657 -3.914831 4.152556 90.858626 12433.087311
209 14.969841 -5.068505 2.733092 85.071138 5385.878202
209 12.956752 -4.715409 9.970730 215.551180 71680.658188
209 5.959117 -3.197881 4.481486 99.121079 14480.786309
209 5.822686 -3.161062 22.108751 187.387742 352432.932458
209 -11.450492 4.432853 5.427322 330.560441 21238.274161
209 -17.875944 5.538674 5.621748 26.303785 22787.188956
209 -5.410198 3.047038 6.310115 230.234051 28709.300102
209 -10.426433 4.229988 7.609479 290.052065 41750.133310
209 -17.779886 5.523772 6.349104 326.650053 29065.177327
209 -26.356606 6.725368 10.914247 78.734046 85888.617125
209 -15.140524 5.097318 2.656901 304.678191 5089.777519
209 -5.626211 3.107272 7.970236 225.486549 45802.629022
209 -11.487779 4.440065 7.928628 186.641812 45325.667809
209 -10.262654 4.196634 8.609236 284.833239 53441.335227
209 -10.530609 4.251068 1.339819 337.629814 1294.315447
209 -13.271432 4.772327 4.960679 119.994749 17743.133979
210 16.346903 -5.296501 9.678532 117.875036 67540.938168
210 5.192089 -2.984986 4.180341 42.179220 12600.024975
210 9.755094 -4.091542 3.773344 24.175811 10265.991999
210 9.633469 -4.065956 1.933679 219.770825 2695.981230
210 9.319898 -3.999235 2.873393 149.253237 5953.031800
210 5.387721 -3.040702 12.348206 132.074858 109940.023903
210 14.800097 -5.039687 18.282998 63.807235 241014.341966
210 10.311117 -4.206531 8.426214 98.100319 51193.289395
210 11.250727 -4.394016 2.558785 161.253066 4720.800063
210 -1.343277 -1.518288 5.520910 175.298974 21977.053940
210 0.294125 -0.710456 2.023105 162.393047 2951.107371
210 -14.484324 4.985634 7.136970 16.595532 36726.183265
210 -3.348405 2.397123 12.070794 79.237196 105055.726838
210 -12.166377 4.569324 4.198060 183.576732 12707.069746
210 -16.825486 5.373473 4.857910 115.300369 17015.592923
210 -21.626373 6.092046 7.366553 236.007033 39127.013934
210 -12.018159 4.541405 4.452882 154.472445 14296.524735
210 -7.524195 3.593365 4.136865 327.407794 12339.309972
210 -4.630474 2.818928 12.819323 92.678299 118489.051844
210 -18.161479 5.582734 21.996896 130.505864 348875.811833
210 -13.926560 4.888698 3.931164 82.864575 11142.697837
210 -7.675335 3.629276 6.854806 266.810919 33879.606861
210 -18.616264 5.652200 3.358019 195.220757 8130.446578
211 13.069327 -4.735850 3.307857 196.359344 7889.357154
211 16.074711 -5.252220 4.341791 215.187998 13592.077079
211 8.364683 -3.788751 9.625678 188.813922 66805.269397
211 13.235428 -4.765849 7.134945 127.663091 36705.345073
211 1.895362 -1.803505 11.930345 283.690624 102625.213522
211 9.688932 -4.077644 6.273658 37.134121 28378.517278
211 5.302697 -3.016614 9.920505 22.920174 70960.332943
211 12.649493 -4.659163 3.112374 116.316269 6984.441085
211 15.631049 -5.179232 8.828759 271.601146 56201.438402
211 11.448316 -4.432432 5.133683 287.369721 19002.301190
211 -18.342819 5.610536 4.593701 49.266059 15215.052728
211 -12.699311 4.668328 8.859302 351.853879 56590.964082
211 -13.676600 4.844627 4.005745 142.171163 11569.504785
211 -9.845682 4.110496 5.957072 53.982840 25586.666333
211 -13.438138 4.802207 2.934716 111.766528 6209.838339
211 -25.435644 6.606823 11.978628 112.745267 103457.553662
211 -18.919250 5.698011 5.385877 295.432345 20915.150463
211 -14.158396 4.929221 4.158550 12.151882 12469.008173
211 -8.065771 3.720439 9.833487 110.040099 69720.933915
211 -20.051602 5.866051 1.906808 12.990808 2621.573683
211 -10.717838 4.288692 5.224903 94.952957 19683.602763
212 7.809140 -3.660774 7.465558 108.248960 40185.800520
212 14.343016 -4.961255 6.188276 47.853951 27611.335445
212 4.572905 -2.801350 12.210621 333.031062 107503.744810
212 8.826325 -3.891896 6.545217 260.004846 30888.458758
212 7.260213 -3.529767 9.692057 127.974901 67729.831193
212 15.201182 -5.107519 11.540936 125.944166 96035.133096
212 2.454837 -2.052498 8.677115 354.710032 54287.372608
212 4.885614 -2.895549 1.216632 239.543283 1067.250452
212 15.257129 -5.116909 20.844765 52.501298 313286.779983
212 17.790287 -5.525388 11.896020 89.761349 102035.537879
212 -4.203953 2.685964 7.256706 205.908998 37968.826548
212 -6.394983 3.312768 6.543772 356.869154 30874.813457
212 -12.652130 4.659648 6.803627 210.451118 33375.603444
212 -9.771071 4.094891 4.303545 64.662672 13353.672264
212 -5.781013 3.149730 6.973407 309.147630 35062.111467
212 -8.003368 3.706019 4.934469 335.077432 17556.137730
212 -6.382761 3.309601 7.162459 207.623030 36988.977650
212 -16.183270 5.269925 6.499126 175.960779 30454.958777
212 -16.022111 5.243619 10.113954 30.059139 73754.749246
212 -19.599467 5.799538 6.239483 11.900518 28070.184141
212 -16.814841 5.371773 9.713530 119.139685 68030.275425
213 8.036282 -3.713632 4.472645 94.991125 14423.705140
213 6.362052 -3.304227 2.994360 120.444053 6464.816056
213 20.922823 -5.992133 1.861761 296.940044 2499.171000
213 11.503993 -4.443197 10.509117 92.643410 79630.695681
213 17.544762 -5.487127 10.121565 117.168469 73865.800125
213 6.382351 -3.309494 3.621295 85.909154 9455.310313
213 8.584724 -3.838261 3.450550 263.728037 8584.690485
213 13.363084 -4.788777 3.755496 65.658160 10169.101561
213 5.453637 -3.059246 5.026454 304.418115 18216.772876
213 -9.378196 4.011723 9.676875 328.680545 67517.811145
213 -11.203572 4.384798 3.930006 300.628728 11136.133077
213 -6.312632 3.291369 5.259565 183.542432 19945.626723
213 -7.425331 3.569679 2.363836 59.442896 4028.864083
213 -12.570396 4.644573 5.305948 48.584354 20298.969855
213 -19.457860 5.778549 9.906179 237.514557 70755.527666
213 -16.040622 5.246648 7.695499 178.244456 42699.383346
213 -12.343426 4.602451 13.540354 333.016147 132192.897520
213 -11.397427 4.422570 12.325008 9.200385 109527.319809
213 -7.686817 3.631989 7.366623 185.532474 39127.754962
213 -4.514309 2.783344 2.961580 108.470436 6324.046510
214 11.089181 -4.362355 2.731859 196.532214 5381.019623
214 2.068481 -1.884070 5.745486 333.519723 23801.351047
214 10.216528 -4.187193 2.369764 218.858244 4049.098303
214 8.360959 -3.787907 5.720718 187.123947 23596.583181
214 13.421126 -4.799166 5.244066 105.122915 19828.247336
214 9.444699 -4.025922 6.043564 160.298000 26335.060414
214 11.204115 -4.384904 2.948184 55.202667 6266.962507
214 9.093808 -3.950428 3.439991 57.926842 8532.233544
214 21.720268 -6.105256 6.659334 66.406612 31974.932035
214 -0.408674 0.837451 11.325290 140.401340 92479.767012
214 -6.822813 3.421787 2.344953 267.759117 3964.755848
214 -4.800296 2.870155 13.435448 170.543822 130152.465217
214 1.628499 1.671726 6.132918 218.123088 27119.541836
214 -19.686838 5.812451 3.306507 146.291896 7882.916202
214 -10.908256 4.326622 9.220911 300.646024 61304.979235
214 -13.051123 4.732550 8.943404 118.528608 57670.510257
214 -7.351398 3.551863 7.763620 110.932815 43458.685770
214 -19.557260 5.793290 5.279299 332.711705 20095.582856
214 -17.157787 5.426277 9.146496 49.096374 60319.483845
215 4.807116 -2.872193 3.349540 200.854983 8089.439290
215 8.629094 -3.848167 8.788222 79.668450 55686.522238
215 4.617787 -2.815064 4.330144 123.326147 13519.252534
215 7.874411 -3.676041 3.677108 280.326396 9749.016473
215 14.963576 -5.067444 8.592221 46.210413 53230.302427
215 5.598173 -3.099520 8.375056 25.596343 50573.559361
215 13.501484 -4.813512 5.018505 247.354121 18159.202852
215 0.876226 -1.226251 9.611483 223.899807 66608.377491
215 -0.071173 0.349486 6.935362 70.726590 34680.583145
215 -2.640577 2.128731 6.617825 284.636268 31577.561851
215 -12.521283 4.635491 14.557038 150.128642 152789.708011
215 -13.173929 4.754764 6.778938 72.663461 33133.806815
215 -9.276726 3.989961 4.897174 322.589919 17291.757532
215 -10.969650 4.338781 15.501181 231.545817 173251.762811
215 -15.037909 5.080015 12.008574 349.178065 103975.476066
215 -15.798988 5.206980 7.976052 166.049912 45869.503059
215 -5.521940 3.078344 8.427440 175.858503 51208.190519
215 -5.521823 3.078311 5.579550 255.424388 22446.388228
216 9.109053 -3.953738 3.283270 168.219177 7772.507595
216 9.861103 -4.113713 3.482881 38.042927 8746.318567
216 5.866796 -3.173012 6.764240 55.656222 32990.287025
216 10.361657 -4.216828 12.766054 359.518381 117506.373453
216 6.049584 -3.222063 10.887447 241.998220 85467.345885
216 9.878587 -4.117359 4.455800 216.944435 14315.264396
216 21.311989 -6.047603 3.051242 153.023066 6712.765381
216 4.983537 -2.924423 6.915433 51.964671 34481.555347
216 -17.984122 5.555407 18.943915 60.299791 258754.273518
216 -9.683482 4.076496 2.487984 0.205959 4463.168255
216 -10.950150 4.334922 7.984659 180.231429 45968.552645
216 -2.871481 2.219853 8.756550 13.386143 55285.868493
216 -12.292535 4.592953 9.982960 154.775285 71856.613201
216 -17.703825 5.511945 4.591356 171.186469 15199.525251
216 -17.212725 5.434957 5.344698 22.445062 20596.547783
216 -5.515601 3.076577 5.573552 185.231148 22398.155040
216 -3.820894 2.560671 9.520102 220.280926 65347.845734
216 -6.518188 3.344527 7.880943 299.389482 44782.099061
217 11.519290 -4.446150 10.120317 54.229488 73847.588272
217 -2.031741 -1.867263 7.883176 248.673629 44807.480755
217 9.628914 -4.064994 4.192355 56.820502 12672.556100
217 4.381316 -2.742039 3.533462 165.463772 9002.207698
217 14.899746 -5.056625 4.742720 266.410742 16218.215680
217 4.537978 -2.790632 12.566923 164.002648 113869.117854
217 9.401594 -4.016724 8.983538 312.743567 58189.264081
217 -8.472549 3.813101 7.915449 180.434207 45175.107190
217 -16.799596 5.369338 6.737860 239.282673 32733.472796
217 -0.871978 1.223275 8.778743 314.372137 55566.465276
217 -17.227496 5.437288 8.802686 27.367612 55869.982119
217 -19.043495 5.716690 5.982127 87.217034 25802.352098
217 -14.238428 4.943133 3.141597 73.632075 7116.213475
217 -17.393050 5.463352 7.289437 11.474629 38312.107570
217 -16.250111 5.280797 4.178307 89.600817 12587.772059
217 -14.573624 5.000979 17.066262 142.908530 210002.697591
218 17.938134 -5.548300 17.666551 266.712742 225035.809318
218 9.949595 -4.132130 15.882585 264.693093 181882.311155
218 15.252296 -5.116099 3.299935 83.768898 7851.614055
218 16.284221 -5.286336 9.184043 58.457318 60815.729511
218 11.027034 -4.350114 6.661468 226.627653 31995.434392
218 7.155096 -3.504120 4.717656 182.736205 16047.248823
218 13.520271 -4.816860 2.145427 294.177898 3318.757241
218 -8.215686 3.754855 5.216920 17.741790 19623.495681
218 -17.213610 5.435097 4.123000 220.058951 12256.733882
218 -14.332025 4.959354 9.296283 308.139690 62311.287993
218 -4.913587 2.903826 3.894327 257.732985 10934.854105
218 -10.811621 4.307415 6.022909 308.314950 26155.362638
218 -11.705215 4.481888 6.431943 291.057744 29828.572991
218 -12.377953 4.608883 4.555942 162.699383 14965.955285
218 -11.957923 4.530010 5.465861 4.783127 21540.970222
218 -4.148668 2.668244 5.969081 298.190192 25689.934050
219 19.495672 -5.784161 3.393748 57.425189 8304.378494
219 12.098096 -4.556484 4.792407 177.512210 16559.813654
219 3.385129 -2.410232 7.356539 326.008834 39020.705681
219 8.231563 -3.758482 11.671398 330.706574 98218.628171
219 2.338812 -2.003406 14.434874 193.414562 150236.021926
219 11.864309 -4.512243 7.818417 251.803332 44074.329018
219 -1.075095 1.358297 6.468790 245.629233 30171.306171
219 -5.938775 3.192418 3.457918 44.073728 8621.391779
219 -17.395953 5.463808 3.483098 145.943442 8747.409647
219 -5.136135 2.968859 8.182949 249.082055 48280.057535
219 -14.516501 4.991169 3.468725 332.064764 8675.364184
219 -12.358078 4.605182 12.189837 133.689672 107138.076602
219 -1.541292 1.626349 9.292160 347.141547 62256.028095
219 -10.583558 4.261742 6.837896 262.921563 33712.664142
219 -10.495975 4.244071 5.086429 325.118425 18654.087902
220 16.576898 -5.333631 6.421644 46.971707 29733.125902
220 9.239563 -3.981961 7.999061 205.754656 46134.526526
220 12.674604 -4.663785 6.531063 3.982450 30755.008473
220 7.168184 -3.507324 3.920908 257.540732 11084.632346
220 7.555886 -3.600924 5.171067 261.727561 19280.057395
220 16.096522 -5.255782 8.989712 65.912353 58269.277366
220 -10.336984 4.211805 4.797555 60.892615 16595.411975
220 -10.275710 4.199303 7.143716 62.459883 36795.641873
220 -19.920459 5.846837 13.640926 218.793882 134163.924962
220 -9.411240 4.018785 7.541445 143.643501 41006.920436
220 -13.653429 4.840522 6.099191 332.065479 26822.086088
220 -9.027519 3.936004 2.519606 299.798831 4577.342629
220 -10.038602 4.150572 7.419287 229.986750 39689.210300
220 -15.869570 5.218598 19.695807 299.966016 279702.044038
221 5.891158 -3.179594 5.177966 147.604713 19331.542993
221 10.184559 -4.180636 5.836084 146.512192 24557.893649
221 7.373429 -3.557182 5.407294 233.766036 21081.816686
221 17.413808 -5.466611 6.328143 160.905905 28873.583457
221 9.346557 -4.004950 4.534397 295.755311 14824.743914
221 -9.001036 3.930226 3.681087 334.318419 9770.125116
221 -17.733156 5.516509 7.513435 154.613458 40702.875031
221 -12.181482 4.572159 10.555730 265.752410 80338.669259
221 -15.932529 5.228940 8.598394 19.885378 53306.820239
221 -10.461870 4.237171 2.959194 252.285127 6313.859603
221 -9.239590 3.981967 3.301606 112.917352 7859.564060
221 -2.319062 1.994929 5.188922 355.487635 19413.434369
221 -4.719884 2.846014 13.948223 170.829368 140276.805641
222 9.268970 -3.988293 8.426459 256.035836 51196.270140
222 0.692058 -1.089789 9.184941 198.340330 60827.624959
222 7.837894 -3.667507 3.454779 112.052071 8605.748249
222 9.456170 -4.028366 11.596808 181.323460 96967.241383
222 5.327240 -3.023587 4.842860 114.761162 16910.325128
222 0.867173 1.219900 8.497505 56.297448 52063.203657
222 -3.740614 2.533627 4.147606 316.652418 12403.464749
222 -9.733086 4.086924 4.927480 334.508256 17506.436068
222 -7.985383 3.701853 20.131295 156.473786 292207.593503
222 0.585298 1.002213 4.633629 115.432906 15480.696981
222 -5.974542 3.202017 8.610669 295.870707 53459.130258
222 -9.806322 4.102271 23.336988 138.927966 392679.016119
223 12.021638 -4.542063 8.546071 89.551080 52660.030419
223 7.783805 -3.654831 7.150322 92.629215 36863.727397
223 11.855739 -4.510614 3.083222 274.058104 6854.214056
223 8.512333 -3.822043 5.082797 137.256901 18627.458380
223 6.938421 -3.450656 4.657020 201.312123 15637.390966
223 -15.382963 5.137967 8.801952 11.001575 55860.663985
223 -7.379127 3.558556 19.849290 218.812448 284078.283158
223 -10.985627 4.341939 5.530042 105.645768 22049.816987
223 -7.030745 3.473537 8.490218 65.501396 51973.954102
223 -4.292684 2.714162 23.735515 301.074357 406205.124287
223 -7.907504 3.683757 7.304924 336.816999 38475.071553
223 -11.375211 4.418258 9.547054 75.423207 65718.372359
224 8.464358 -3.811258 6.981340 228.915539 35141.933875
224 14.992019 -5.072258 1.906226 247.900946 2619.972548
224 19.925940 -5.847641 16.564819 66.804760 197843.346193
224 7.506083 -3.589037 11.628259 224.701862 97493.901954
224 -9.882477 4.118169 14.222523 358.859648 145848.294484
224 -8.288326 3.771418 15.571519 214.012416 174827.617106
224 -3.986861 2.615694 7.632699 160.138948 42005.324446
224 -18.287785 5.602113 8.412104 222.494797 51021.981318
224 -11.425306 4.427976 10.297176 22.370339 76451.200469
224 -9.861840 4.113867 2.094850 286.015622 3164.127641
224 -13.044782 4.731400 6.053555 47.202686 26422.202028
225 15.332833 -5.129588 5.666315 245.697303 23149.919106
225 17.308607 -5.450073 13.671358 303.556355 134763.227941
225 16.389205 -5.303349 3.594499 115.707896 9315.901571
225 9.803082 -4.101594 9.657233 118.824679 67243.986557
225 -13.166326 4.753392 4.120893 149.776073 12244.207864
225 -14.171904 4.931572 7.389247 19.176575 39368.461646
225 -13.555392 4.823112 6.971277 158.042876 35040.699980
225 -5.721460 3.133464 3.850031 69.284771 10687.508086
225 -17.774803 5.522983 6.281366 188.022310 28448.295942
225 -6.742018 3.401467 6.715771 58.590474 32519.195814
226 9.110162 -3.953979 7.842295 161.771379 44343.953061
226 9.768286 -4.094308 3.445277 145.272656 8558.475849
226 18.381424 -5.616437 6.831201 132.065294 33646.679690
226 -11.126879 4.369764 3.475981 294.893281 8711.697704
226 -6.545238 3.351460 11.263591 182.422083 91474.866763
226 -7.774391 3.652620 7.736314 243.034198 43153.524561
226 -5.320366 3.021635 5.000862 173.959503 18031.744854
226 -0.223838 0.619781 7.874743 204.194342 44711.661819
226 -6.872180 3.434144 18.893506 67.413957 257379.039860
227 5.949312 -3.195249 6.500930 337.525470 30471.868062
227 5.940568 -3.192900 7.287103 100.496621 38287.576777
227 2.503406 -2.072702 3.742735 252.613998 10100.113978
227 -11.503323 4.443068 10.221543 84.947023 75332.264358
227 -4.222011 2.691727 4.340906 131.332438 13586.536184
227 -6.535703 3.349018 3.490799 225.285852 8786.132433
227 -7.580794 3.606855 8.607787 157.691614 53423.342882
227 -1.246288 1.462448 1.415100 25.940426 1443.850634
227 -16.944883 5.392505 12.357166 12.448078 110099.619984
228 7.467908 -3.579899 9.178514 223.146402 60742.520952
228 12.284166 -4.591389 2.331391 259.764234 3919.026947
228 1.630546 -1.672776 5.079997 331.746627 18606.943151
228 -12.821944 4.690814 10.641444 66.569420 81648.684918
228 -14.368995 4.965746 7.419598 32.317701 39692.533631
228 -15.086911 5.088285 15.130910 252.843251 165073.798664
228 -10.077073 4.158517 14.752538 105.931739 156921.187719
228 -18.940991 5.701284 7.611657 107.422543 41774.039576
229 14.956587 -5.066261 9.884305 126.670209 70443.402951
229 3.612186 -2.489754 3.579689 69.798212 9239.289591
229 -4.417531 2.753348 8.155238 256.219419 47953.618508
229 -14.217606 4.939518 3.835655 51.263190 10607.843788
229 -12.948987 4.713996 5.052054 68.844937 18402.804610
229 -14.030171 4.906850 12.339313 340.474060 109781.727421
229 -5.747533 3.140596 8.615229 325.066075 53515.768604
230 5.955344 -3.196868 9.701984 72.479783 67868.650018
230 10.402201 -4.225070 5.361030 86.903005 20722.618010
230 -9.640743 4.067491 5.069767 50.094422 18532.076565
230 -7.698919 3.634847 6.033857 216.917605 26250.530466
230 -6.320882 3.293519 3.120584 172.801529 7021.337101
230 -16.126062 5.260602 6.051539 55.425031 26404.608802
230 -17.474990 5.476206 5.388951 161.003214 20939.032910
231 13.154635 -4.751281 6.437095 97.505475 29876.378958
231 8.980097 -3.925652 8.334911 31.373237 50089.886197
231 -4.593057 2.807516 4.626331 307.508696 15431.974736
231 -2.325870 1.997855 5.184480 202.872427 19380.212375
231 -19.162462 5.734518 5.313067 94.915108 20353.476545
231 -3.955601 2.605419 7.718320 320.602923 42953.014601
232 8.666991 -3.856608 9.806038 121.405863 69332.236742
232 -11.099473 4.364379 8.938472 93.115602 57606.915194
232 -10.849034 4.314861 5.726592 25.384162 23645.064782
232 -13.543423 4.820982 14.549317 67.965746 152627.675096
232 -4.317548 2.722011 4.776175 66.260906 16447.828004
233 1.663356 -1.689522 3.735512 189.257615 10061.168530
233 -7.716187 3.638921 10.771731 54.088635 83660.237221
233 -3.822383 2.561170 11.397685 286.912023 93665.873676
233 -7.375216 3.557613 17.048379 105.417623 209562.838046
233 -8.874550 3.902514 1.873146 174.527282 2529.828834
234 2.444159 -2.048028 5.291359 326.075348 20187.502563
234 -0.606333 1.020063 4.772580 346.279036 16423.075168
234 -1.810644 1.762738 10.054918 134.855633 72896.249230
234 -14.134573 4.925073 5.785345 199.811478 24132.739594
235 -9.988082 4.140114 6.596808 142.362220 31377.317645
235 -9.434654 4.023781 11.645351 17.120462 97780.715668
235 -8.299312 3.773917 5.900897 284.467386 25106.378316
236 -2.977076 2.260301 5.812930 171.872504 24363.417872
236 -7.492344 3.585751 7.731350 10.710555 43098.162983
236 -13.793814 4.865343 10.169597 286.972623 74568.520813
237 -8.005292 3.706465 11.455722 11.097987 94622.194585
237 -13.598012 4.830688 9.446803 191.989164 64345.437238
238 -4.098859 2.652179 5.798588 342.971079 24243.349693
238 -5.645684 3.112645 6.635839 61.051564 31749.709659
239 -4.907100 2.901909 6.724031 357.489284 32599.241842
239 -5.569522 3.091578 3.868404 314.843967 10789.755859
240 -5.100278 2.958477 4.693452 85.309968 15883.014001
240 -9.389713 4.014186 4.702304 208.182153 15942.982292
241 -6.168898 3.253682 16.924170 84.328486 206520.344711
242 -7.539178 3.596941 8.208300 217.862817 48579.660080
243 -4.242442 2.698232 11.789295 148.028698 100212.930976
244 -13.896153 4.883358 8.093923 91.110326 47235.247823
253 30.763976 6.683567 8.128629 321.948192 47641.193774
254 21.754094 5.620275 5.258865 128.900566 19940.318653
255 20.505935 5.456659 3.094375 139.862828 6903.892999
256 23.755898 5.873173 18.692234 68.805610 251924.557013
256 19.458781 5.315509 7.103995 230.999019 36387.597493
257 22.352805 5.697090 15.121469 309.211156 164867.866201
257 33.119777 6.934749 11.789233 139.175593 100211.875778
258 17.659763 5.063834 9.143492 333.986522 60279.859167
258 14.023701 4.512512 4.367813 196.293230 13755.491184
259 33.074346 6.929991 11.876439 121.123253 101699.901028
259 29.512093 6.546167 22.338381 219.159529 359791.956332
259 25.950496 6.138466 6.059894 167.540304 26477.567281
260 19.558654 5.329133 7.920779 121.368322 45235.960646
260 27.886880 6.363368 4.354154 143.635229 13669.593919
260 23.879791 5.888468 9.272321 126.779800 61990.478228
261 21.745337 5.619143 3.320878 236.817874 7951.591016
261 29.358306 6.529088 5.294826 92.394220 20213.960667
261 24.944794 6.018344 7.502874 132.428218 40588.532583
261 24.521147 5.967019 4.138588 1.398642 12349.590225
262 20.567008 5.464779 9.072512 212.734594 59347.607343
262 27.496765 6.318702 9.858727 125.785518 70079.298803
262 16.442491 4.886196 14.658838 11.069086 154934.162089
262 27.848256 6.358959 8.075627 3.804265 47021.941521
263 27.613851 6.332140 17.596211 10.685983 223247.398764
263 34.450086 7.072651 7.475417 296.859709 40292.014273
263 28.432866 6.425359 6.375125 353.200481 29303.903551
263 30.233241 6.625664 12.731583 190.302182 116872.647202
263 18.848972 5.231556 10.224722 12.795760 75379.121529
264 24.852744 6.007229 6.513397 48.782331 30588.851356
264 19.533523 5.325708 7.511583 268.806511 40682.813618
264 29.145656 6.505399 9.827986 85.383456 69642.951747
264 38.244783 7.452005 7.743959 264.536203 43238.848120
264 34.334871 7.060814 6.552566 43.212036 30957.856603
265 18.279271 5.151889 4.702955 18.153917 15947.396588
265 27.933531 6.368688 9.236604 279.210168 61513.822159
265 22.899349 5.766318 7.177604 223.383319 37145.577636
265 18.341384 5.160635 6.541840 156.717691 30856.586153
265 30.332437 6.636524 5.539425 329.043546 22124.699946
265 27.820447 6.355784 10.923217 125.075900 86029.862044
266 16.742776 4.930612 6.550856 52.047856 30941.698347
266 23.445656 5.834696 11.236831 358.082297 91040.739854
266 10.212964 3.850906 14.576311 334.617635 153194.561405
266 29.266245 6.518843 7.638367 128.920506 42067.728773
266 32.222201 6.840135 14.558790 219.130498 152826.488923
266 15.368236 4.723882 8.631812 201.425516 53721.985224
266 -24.936878 -6.017389 5.526687 214.294980 22023.067190
267 21.356429 5.568668 2.660059 145.007963 5101.886045
267 22.003886 5.652450 6.745915 27.033397 32811.778657
267 25.784115 6.118756 17.353857 149.280514 217140.128580
267 23.838002 5.883313 2.298764 351.790661 3810.105678
267 20.627918 5.472865 4.786017 112.774012 16515.682059
267 20.292386 5.428172 14.812301 127.238797 158195.144063
267 19.039007 5.257862 2.670126 282.938813 5140.574499
267 -15.949695 -4.812417 9.664589 20.113269 67346.471772
268 32.058372 6.822724 9.073434 124.288113 59359.663244
268 21.936751 5.643821 2.588717 292.731735 4831.893004
268 21.752704 5.620095 3.413440 111.704290 8401.029963
268 26.770294 6.234672 5.002197 32.011943 18041.378900
268 24.939406 6.017694 4.818548 252.096148 16740.964974
268 21.287434 5.559666 6.092984 236.432456 26767.522376
268 27.934758 6.368828 1.630342 30.412547 1916.485757
268 -26.231637 -6.171628 3.877610 125.096788 10841.172627
269 25.847335 6.126253 7.849458 18.086576 44424.993086
269 29.681359 6.564912 8.535040 286.025648 52524.175013
269 32.487796 6.868267 2.006343 123.512436 2902.408610
269 12.608878 4.278832 11.579467 313.947333 96677.456057
269 18.637984 5.202194 5.649411 272.703908 23012.004919
269 17.356244 5.020130 6.857080 295.678771 33902.088280
269 21.817715 5.628487 7.462966 329.942107 40157.903131
269 20.891043 5.507660 7.350609 107.470746 38957.830002
269 -12.608216 -4.278720 9.045174 6.239867 58990.480280
270 18.335238 5.159770 5.477481 90.436451 21632.658878
270 26.314119 6.181323 10.243260 137.114766 75652.706237
270 10.299477 3.867182 11.026269 60.453130 87660.757423
270 12.691517 4.292831 2.528464 207.957693 4609.583015
270 19.054064 5.259941 13.872769 129.386088 138763.225647
270 14.935292 4.656868 4.133965 65.079235 12322.012611
270 18.024568 5.115870 5.479022 156.575164 21644.829479
270 17.221358 5.000584 4.608513 215.427797 15313.330130
270 22.527527 5.719312 7.923092 111.273689 45262.384922
270 -22.821608 -5.756522 4.364688 356.699003 13735.815408
270 -26.459343 -6.198357 6.324695 271.021048 28842.121453
271 12.757139 4.303915 10.213333 348.911614 75211.298954
271 21.164872 5.543638 11.496906 211.744086 95303.766935
271 14.246148 4.548160 2.962012 165.533362 6325.889162
271 26.229465 6.171373 4.962243 30.706156 17754.326027
271 22.322370 5.693210 6.993657 36.073737 35266.042951
271 20.065146 5.397693 7.492103 147.393844 40472.079448
271 20.521124 5.458680 6.259889 248.256339 28254.087584
271 20.257465 5.423499 3.486775 76.277616 8765.889372
271 7.590642 3.319910 7.285326 167.764888 38268.910242
271 -26.853883 -6.244398 10.547120 57.542869 80207.667420
271 -9.030004 -3.621021 6.363405 11.551966 29196.259821
272 28.406235 6.422349 5.703960 245.389783 23458.543623
272 24.785910 5.999147 2.187176 321.910244 3449.178330
272 21.474687 5.584065 5.089518 207.320792 18676.756108
272 28.667769 6.451846 3.512698 237.124360 8896.716241
272 23.916650 5.893011 6.990574 339.709429 35234.959146
272 34.976908 7.126524 13.371023 44.782386 128907.253591
272 25.275952 6.058161 6.947722 316.273858 34804.304752
272 14.623595 4.608018 12.877460 316.195748 119566.214966
272 25.073383 6.033836 10.434114 331.146069 78498.111197
272 36.345679 7.264629 10.301551 180.020146 76516.191411
272 -23.843814 -5.884030 7.494208 301.016970 40494.825432
272 -22.503882 -5.716310 2.380659 76.223770 4086.415804
273 29.738012 6.571175 3.580716 107.465814 9244.594602
273 20.088375 5.400817 18.481271 258.796619 246270.139451
273 23.351467 5.822964 8.742406 34.669290 55107.410863
273 19.956816 5.383103 5.230391 288.567117 19724.969909
273 25.496510 6.084535 4.555415 233.867860 14962.494623
273 33.893602 7.015294 5.654077 352.998339 23050.030648
273 29.070997 6.497062 5.112224 339.119833 18843.768672
273 21.123063 5.538160 7.265478 186.972836 38060.674492
273 23.059430 5.786438 4.721549 266.512007 16073.744131
273 21.643284 5.605942 2.396166 189.921918 4139.824530
273 9.546559 3.723149 6.669403 237.715446 32071.703678
273 -21.777356 -5.623279 8.474382 145.977551 51780.255579
273 -10.805027 -3.960956 7.192069 331.463010 37295.447332
274 20.912253 5.510455 12.463954 137.310087 112010.756451
274 17.638982 5.060854 15.839133 258.913918 180888.469339
274 22.535410 5.720313 15.349471 175.444052 169877.119910
274 28.688171 6.454141 3.680094 155.506939 9764.859201
274 18.119853 5.129374 9.035490 80.224350 58864.236445
274 20.861349 5.503744 11.412678 74.650106 93912.450089
274 22.651996 5.735091 4.808791 38.278747 16673.236779
274 15.027982 4.671296 3.274568 32.514790 7731.364999
274 16.919894 4.956623 4.046744 346.739341 11807.543338
274 15.237992 4.703822 3.631655 162.567086 9509.487978
274 14.274342 4.552659 4.773725 82.908666 16430.956488
274 -17.389477 -5.024933 9.118312 144.809464 59948.311655
274 -22.670513 -5.737434 1.663179 248.467192 1994.463040
274 -18.849983 -5.231696 5.913274 212.296714 25211.812324
275 41.261381 7.740320 11.682898 162.698341 98412.270718
275 19.542038 5.326868 6.109921 261.129165 26916.541829
275 35.426341 7.172164 4.156136 262.503999 12454.536687
275 17.117799 4.985526 10.770081 210.711227 83634.603348
275 19.775294 5.358565 5.427807 272.314856 21242.070945
275 17.858683 5.092274 7.861744 231.742047 44564.179524
275 17.804707 5.084573 8.756926 154.222443 55290.614511
275 20.994790 5.521319 6.953429 121.189578 34861.499314
275 27.046425 6.266744 8.995468 30.115729 58343.916909
275 23.030914 5.782859 1.979901 177.767576 2826.410126
275 13.063920 4.355357 4.410044 13.964297 14022.776390
275 13.320955 4.397995 5.116135 107.479248 18872.614418
275 -28.399286 -6.421563 9.925530 3.379659 71032.232567
275 -29.353995 -6.528609 6.809900 334.239514 33437.173430
275 -26.927559 -6.252958 8.308227 256.665555 49769.672851
276 20.675901 5.479227 12.875883 28.588622 119536.939899
276 18.692711 5.209826 8.341312 271.624840 50166.848854
276 25.710618 6.110029 4.895812 250.784825 17282.144174
276 26.134150 6.160149 8.180101 258.590425 48246.459886
276 37.099893 7.339617 3.764360 223.741372 10217.163037
276 24.288812 5.938684 11.716110 222.665906 98972.600552
276 35.535445 7.183199 8.056055 166.295757 46794.297234
276 20.636575 5.474013 10.383257 75.646986 77734.766950
276 16.274263 4.861135 4.669288 223.798001 15719.884012
276 29.445310 6.538756 8.242646 245.194295 48987.054031
276 24.625340 5.979683 9.220826 305.697906 61303.842153
276 33.900377 7.015996 9.139068 41.912079 60221.542272
276 -31.314933 -6.743150 8.518696 106.208608 52323.196906
276 -12.094337 -4.190618 7.032326 9.600773 35657.098843
276 -29.854945 -6.584081 8.778104 255.292294 55558.366890
276 -28.425743 -6.424554 7.987754 324.752496 46004.190623
277 12.421296 4.246885 7.012597 293.754664 35457.317812
277 11.705583 4.122717 4.115737 3.727159 12213.589492
277 10.482717 3.901431 11.508589 87.048178 95497.555260
277 12.892788 4.326737 2.709951 295.998215 5295.062417
277 25.306299 6.061797 7.137957 64.595849 36736.339919
277 17.535376 5.045969 5.216735 201.857782 19622.104110
277 24.331211 5.943865 7.500698 323.352710 40564.994534
277 20.885755 5.506963 6.655271 69.798588 31935.932374
277 10.915051 3.981071 10.670140 9.800122 82089.624944
277 12.033698 4.180099 4.772554 163.941080 16422.898627
277 26.284889 6.177889 4.427473 85.418624 14133.830603
277 20.891867 5.507768 6.565432 229.670210 31079.550719
277 19.419330 5.310118 9.160118 51.767994 60499.274810
277 -30.392984 -6.643145 7.262859 141.684419 38033.237005
277 -20.877676 -5.505898 5.660250 231.164022 23100.387927
277 -17.941552 -5.104075 12.952721 213.756029 120967.892497
277 -26.985522 -6.259685 8.063142 35.524856 46876.662042
278 24.527413 5.967782 5.922809 83.943174 25293.188484
278 7.540553 3.308938 5.357682 155.985988 20696.743582
278 19.760710 5.356589 2.888920 82.674151 6017.540010
278 10.609484 3.924951 8.035483 36.317451 46555.611406
278 23.437242 5.833649 9.512641 76.210109 65245.452706
278 9.338039 3.682264 3.093449 104.673353 6899.759734
278 5.225561 2.754568 3.425321 45.534442 8459.616730
278 32.116563 6.828913 5.194901 221.091099 19458.197853
278 21.243758 5.553960 5.167205 86.376802 19251.274177
278 24.885285 6.011161 10.207172 49.784768 75120.582405
278 21.827484 5.629747 3.220884 184.598315 7479.943843
278 16.350011 4.872435 9.434879 332.719669 64183.110916
278 20.324381 5.432450 8.939041 188.322669 57614.258922
278 29.286000 6.521043 4.780780 290.932626 16479.556278
278 -13.371559 -4.406341 3.634275 101.403814 9523.217424
278 -27.193258 -6.283732 3.695395 120.471005 9846.227671
278 -22.100177 -5.664804 5.896896 113.475445 25072.345655
278 -17.714980 -5.071745 9.254097 142.530858 61747.039430
279 13.474013 4.423189 3.960099 243.858859 11307.332727
279 31.129279 6.723131 7.409081 59.563668 39580.083596
279 10.819060 3.963527 14.367302 349.930203 148832.758049
279 19.681321 5.345818 2.432648 54.885912 4266.841595
279 14.809806 4.637263 2.781328 90.257811 5577.664318
279 15.902565 4.805301 6.399775 107.999608 29530.951312
279 20.893374 5.507967 13.333891 38.297217 128192.286789
279 21.281063 5.558834 5.048143 114.174882 18374.327524
279 20.497659 5.455558 9.958882 164.730691 71510.406393
279 20.498598 5.455683 7.154166 196.800583 36903.380533
279 17.609051 5.056558 7.105624 263.460534 36404.281518
279 6.035048 2.960243 4.589267 215.455226 15185.697051
279 23.164300 5.799581 3.051250 98.958868 6712.800316
279 30.133690 6.614746 3.104136 345.397124 6947.516714
279 -19.009157 -5.253739 6.292447 187.348162 28548.760689
279 -13.355835 -4.403749 13.145393 291.110563 124593.452478
279 -28.653424 -6.450232 4.397089 86.927344 13940.509009
279 -25.392759 -6.072143 3.879774 281.663188 10853.279775
279 -18.553907 -5.190447 3.438542 51.041334 8525.047347
280 25.410005 6.074205 7.350527 314.989121 38956.952008
280 20.598279 5.468932 7.956523 80.707807 45645.155883
280 18.582599 5.194458 3.384180 111.817057 8257.621948
280 18.163640 5.135568 4.375466 227.052197 13803.739197
280 19.903804 5.375948 3.504199 27.249892 8853.715133
280 13.719309 4.463270 4.782495 140.491293 16491.387248
280 10.826129 3.964822 7.362683 76.101946 39085.916871
280 13.420275 4.414360 9.138725 239.104120 60217.029562
280 16.367809 4.875086 8.677649 332.487898 54294.047804
280 24.518190 5.966659 6.175785 95.470569 27499.978141
280 16.959435 4.962411 4.251198 128.745118 13030.789539
280 26.188845 6.166592 4.641552 125.261223 15533.687230
280 20.978463 5.519171 4.811210 107.047748 16690.011936
280 10.723840 3.946047 2.688077 299.794195 5209.924329
280 5.673841 2.870289 17.769595 218.975208 227668.601475
280 -30.243288 -6.626765 10.012746 275.526905 72286.043705
280 -19.148244 -5.272924 8.731780 15.822746 54973.528002
280 -26.620937 -6.217256 5.540131 300.071244 22130.346095
280 -24.723487 -5.991588 10.032129 89.845014 72566.187706
280 -25.877567 -6.129835 6.499229 120.250404 30455.924860
281 20.977171 5.519001 3.239030 236.677160 7564.463443
281 14.766600 4.630494 10.669185 215.365090 82074.930645
281 10.604337 3.923998 1.377671 218.054371 1368.482499
281 23.364156 5.824546 7.450823 312.418029 40027.328402
281 19.517388 5.323508 6.512097 149.594628 30576.643280
281 24.453255 5.958753 6.981973 179.839667 35148.308586
281 19.969252 5.384780 2.966244 12.877452 6343.979018
281 20.064649 5.397627 6.838387 327.861032 33717.503802
281 11.342388 4.058255 9.137097 136.460336 60195.575903
281 20.902048 5.509110 15.648436 85.124298 176559.046576
281 10.003814 3.811271 9.283830 99.683483 62144.466694
281 9.088227 3.632676 3.319921 5.522745 7947.004649
281 11.491105 4.084773 2.660807 117.542509 5104.753718
281 8.590257 3.531751 2.248588 194.961420 3645.589380
281 20.621984 5.472078 2.904990 107.517682 6084.676227
281 8.600987 3.533956 8.965949 143.187642 57961.629447
281 -21.490287 -5.586093 7.711762 300.907546 42880.050046
281 -10.283932 -3.864263 5.586738 303.823165 22504.253417
281 -19.945808 -5.381618 2.161724 65.278084 3369.369582
281 -19.072902 -5.262540 16.071837 21.664317 186242.642032
281 -22.235049 -5.682064 4.380873 168.828761 13837.874085
282 22.510298 5.717125 8.563428 93.684231 52874.152462
282 19.964185 5.384097 12.572483 268.806684 113969.908988
282 33.222831 6.945530 16.620735 257.238347 199181.291898
282 18.197714 5.140383 13.214953 333.609058 125915.537815
282 17.544580 5.047293 8.161327 347.495967 48025.250709
282 23.519998 5.843939 9.681454 265.437700 67581.725450
282 16.434671 4.885034 5.176622 325.682094 19321.507340
282 11.032185 4.002375 5.928813 4.530955 25344.489141
282 18.459167 5.177178 8.795058 163.565291 55773.192292
282 6.943286 3.175189 4.464359 62.353879 14370.313692
282 19.816208 5.364106 4.675823 5.947873 15763.920041
282 14.506324 4.589504 4.468725 269.314647 14398.436131
282 15.103373 4.682999 7.802795 123.341172 43898.375643
282 20.950978 5.515555 8.884589 280.431060 56914.473995
282 11.679004 4.118034 12.196527 284.606998 107255.705548
282 16.482895 4.892195 8.335521 113.279392 50097.219553
282 -26.461868 -6.198653 11.459926 190.916728 94691.645375
282 -24.082388 -5.913394 4.055428 141.159741 11858.275270
282 -17.522166 -5.044068 5.995386 298.900399 25916.862811
282 -17.178146 -4.994306 8.063372 161.616174 46879.338629
282 -22.711649 -5.742637 8.278843 116.587900 49418.245879
282 -23.367431 -5.824954 6.420468 265.325801 29722.237589
283 9.581279 3.729914 3.838867 330.345255 10625.619489
283 16.479138 4.891638 6.464328 95.562229 30129.703572
283 23.398575 5.828835 9.183284 165.012539 60805.674458
283 13.267584 4.389176 21.493563 102.358934 333092.539753
283 -2.512367 1.909979 12.307898 159.641714 109223.442675
283 18.840553 5.230388 18.873747 34.557735 256840.994522
283 22.226086 5.680918 7.933951 172.347018 45386.542621
283 12.064448 4.185437 2.382729 306.463087 4093.524521
283 -1.841844 1.635361 4.727046 88.454840 16111.192948
283 10.506342 3.905825 2.888687 300.337687 6016.571013
283 20.286689 5.427410 10.466076 110.701857 78979.761427
283 19.984881 5.386887 3.700256 79.500677 9872.146273
283 14.800427 4.635794 17.627586 149.386195 224044.238192
283 11.061691 4.007724 12.333571 359.065401 109679.566469
283 14.922169 4.654821 7.126754 333.654482 36621.116720
283 22.465347 5.711414 12.533969 140.572732 113272.714610
283 12.899068 4.327790 4.455565 25.417890 14313.755380
283 -24.350725 -5.946248 9.523413 256.634590 65393.303591
283 -11.382844 -4.065486 11.910148 299.070480 102278.033887
283 -19.024431 -5.255849 2.478491 113.760795 4429.174013
283 -30.596418 -6.665340 4.055061 118.222906 11856.128733
283 -21.815510 -5.628203 2.427049 353.663969 4247.225050
283 -19.734910 -5.353091 5.688760 259.472997 23333.687057
284 13.283613 4.391826 7.074331 111.791519 36084.347889
284 9.935185 3.798175 10.815078 295.175615 84334.904067
284 24.916328 6.014909 7.219410 225.993043 37579.537775
284 15.006483 4.667953 7.702017 254.522818 42771.744722
284 21.707208 5.614215 3.845115 43.964709 10660.234469
284 13.671402 4.455470 4.164287 52.137465 12503.436402
284 21.292246 5.560294 7.496982 39.449966 40524.814952
284 13.430443 4.416032 4.518042 344.499502 14717.992236
284 17.467031 5.036126 12.381612 276.981528 110535.679650
284 25.877000 6.129768 5.523699 26.767773 21999.258850
284 18.571676 5.192932 4.692127 114.738717 15874.044588
284 34.123449 7.039041 8.107523 72.595799 47394.114597
284 19.113212 5.268098 2.905278 338.501791 6085.880290
284 16.423082 4.883311 13.044741 170.040202 122692.771743
284 17.772727 5.080004 22.584544 135.797534 367765.269819
284 21.551157 5.593998 2.929876 14.157854 6189.372617
284 14.688157 4.618178 6.011173 40.053778 26053.527508
284 15.709618 4.776061 6.746246 192.060310 32815.000831
284 -25.466555 -6.080960 1.904474 170.299407 2615.159796
284 -29.401465 -6.533886 11.747899 346.918838 99510.404340
284 -17.987647 -5.110627 10.834318 93.031361 84635.244627
284 -18.138541 -5.132019 7.252911 72.505088 37929.119615
284 -21.664507 -5.608690 4.295834 89.958797 13305.865641
284 -20.585871 -5.467284 5.452640 102.803779 21436.886378
284 -15.313250 -4.715424 8.693568 62.800052 54493.437768
285 11.126527 4.019452 5.269906 271.561706 20024.138257
285 19.367733 5.303059 7.774462 160.177394 43580.153571
285 15.469537 4.739426 3.459027 92.167578 8626.926110
285 20.221612 5.418698 5.496422 26.536613 21782.526771
285 21.721367 5.616046 10.655262 127.430428 81860.861537
285 24.039883 5.908173 4.209436 295.337682 12776.028453
285 26.759515 6.233417 5.199359 242.208164 19491.606286
285 15.636481 4.764930 2.703316 332.344098 5269.164906
285 21.427548 5.577933 7.282716 68.685175 38241.494164
285 1.412477 1.432114 13.472883 171.136867 130878.749807
285 6.967333 3.180683 8.790697 59.098945 55717.897862
285 24.162334 5.923201 19.022438 228.770669 260903.827415
285 9.157380 3.646470 6.552796 84.837823 30960.032328
285 21.320644 5.564001 8.363847 9.747889 50438.272522
285 6.614285 3.099049 3.755631 20.976830 10169.835653
285 11.496938 4.085810 17.070332 144.272874 210102.889388
285 15.841527 4.796071 5.158905 89.418899 19189.476127
285 23.281656 5.814254 3.092736 169.623488 6896.580594
285 -7.198477 -3.233012 5.912730 33.290611 25207.177924
285 -26.048178 -6.150009 16.106256 20.878008 187041.204377
285 -22.307569 -5.691322 3.561903 133.636573 9147.706235
285 -12.107519 -4.192901 5.771802 74.345600 24019.887147
285 -15.738449 -4.780442 3.880927 230.554814 10859.729168
285 -24.936303 -6.017320 8.005720 321.746407 46211.372115
285 -13.001449 -4.344931 7.814533 39.184412 44030.554497
286 18.474410 5.179315 11.494414 340.167572 95262.444588
286 13.553798 4.436266 7.690223 51.696720 42640.854044
286 21.192414 5.547244 9.363228 219.614867 63211.960134
286 25.978721 6.141804 9.840196 161.602998 69816.099990
286 24.436649 5.956729 1.241017 147.946930 1110.461154
286 19.373707 5.303877 5.727423 183.991441 23651.930776
286 6.819261 3.146703 4.868085 342.041499 17086.944696
286 26.434634 6.195462 5.267275 219.240466 20004.151270
286 23.651692 5.860277 8.344038 35.001977 50199.636113
286 11.347214 4.059118 2.454140 273.596442 4342.568815
286 6.989894 3.185828 5.126244 143.505376 18947.271214
286 29.644123 6.560793 3.010778 245.675174 6535.904071
286 17.393635 5.025534 5.301363 349.752528 20263.908456
286 16.796230 4.938476 3.824051 6.198485 10543.755131
286 7.288495 3.253164 3.319959 74.124845 7947.188669
286 24.307690 5.940991 6.819643 79.363785 33532.921211
286 22.608884 5.729630 2.758332 61.463419 5485.816097
286 23.686854 5.864632 6.607157 340.490405 31475.843386
286 16.523565 4.898227 4.203074 48.866229 12737.436882
286 -24.496213 -5.963985 18.926815 269.357376 258287.346854
286 -21.499723 -5.587319 4.923130 88.380949 17475.545400
286 -10.008081 -3.812084 4.507193 319.852845 14647.392711
286 -31.431547 -6.755693 3.020169 126.518717 6576.739561
286 -18.861874 -5.233346 14.006705 103.750912 141455.569234
286 -29.120018 -6.502537 4.028583 129.730227 11701.801204
286 -20.487410 -5.454194 12.940109 155.296137 120732.433597
286 -19.064415 -5.261369 5.174319 109.197618 19304.320918
287 5.391804 2.798041 8.037316 272.769575 46576.854964
287 13.709917 4.461742 7.095848 342.901947 36304.184950
287 20.436766 5.447449 4.417235 144.225293 14068.542860
287 28.661339 6.451122 8.394936 339.923697 50813.942374
287 16.762573 4.933526 6.178563 151.210461 27524.730706
287 15.845032 4.796601 4.329847 51.118381 13517.402035
287 21.728744 5.616999 2.064991 98.364165 3074.569622
287 15.375278 4.724964 4.843905 185.702868 16917.621931
287 20.022665 5.391976 7.053495 138.521445 35872.100077
287 21.852168 5.632929 2.394108 62.310251 4132.717196
287 18.762558 5.219550 7.907845 91.056962 45088.356392
287 13.124284 4.365408 9.378271 81.706796 63415.244336
287 19.371328 5.303551 7.981496 226.211489 45932.135818
287 15.129096 4.686985 3.496496 137.326795 8814.833794
287 15.755181 4.782982 3.907607 296.565096 11009.553965
287 17.523642 5.044281 6.738307 4.608481 32737.811347
287 17.577506 5.052027 10.455113 103.913122 78814.387291
287 27.104218 6.273436 5.970112 44.407987 25698.809246
287 15.996870 4.819529 2.728288 288.627482 5366.960306
287 -22.026587 -5.655365 3.133905 291.758024 7081.409774
287 -17.871958 -5.094166 4.893591 227.267670 17266.466119
287 -22.471316 -5.712172 8.875491 347.565788 56797.980611
287 -41.365620 -7.750091 4.486283 99.442011 14511.801881
287 -29.876141 -6.586418 6.239439 92.664295 28069.789575
287 -27.841024 -6.358134 3.053139 88.925521 6721.112424
287 -25.087478 -6.035532 4.358724 227.122491 13698.306193
287 -15.948319 -4.812209 9.931890 67.948984 71123.296399
288 19.863071 5.370445 7.623481 15.328363 41903.924587
288 17.731648 5.074130 5.683721 86.411362 23292.362467
288 11.944676 4.164609 2.740322 208.816294 5414.409915
288 16.779767 4.936055 3.576097 112.487028 9220.756926
288 29.240473 6.515973 6.579609 98.887472 31213.915564
288 21.308476 5.562413 6.211552 36.434119 27819.433018
288 11.492839 4.085081 5.263142 202.881579 19972.765497
288 15.652634 4.767391 5.292653 330.498384 20197.377139
288 13.067401 4.355938 14.514315 151.878943 151894.186052
288 0.959299 1.180223 12.956190 99.277727 121032.695017
288 5.983887 2.947669 6.854363 53.924084 33875.230162
288 15.191397 4.696625 19.207855 180.070158 266014.815478
288 23.837684 5.883274 7.096247 149.728126 36308.270675
288 14.637945 4.610278 2.755186 300.135320 5473.310155
288 22.367873 5.699010 5.987862 220.796864 25851.851725
288 22.452123 5.709732 5.045541 152.019202 18355.389802
288 21.797434 5.625870 7.303599 62.994737 38461.123584
288 15.719547 4.777570 5.739130 142.206209 23748.718944
288 16.955253 4.961799 11.857543 32.580434 101376.538326
288 24.710443 5.990007 4.892593 201.052670 17259.418738
288 -29.141638 -6.504951 7.104581 275.684320 36393.604066
288 -25.010505 -6.026266 5.266236 29.702985 19996.259017
288 -16.155874 -4.843422 15.328550 312.209206 169414.351938
288 -12.742314 -4.301414 4.187092 164.229408 12640.757063
288 -22.692582 -5.740226 13.676611 84.906827 134866.798815
288 -29.747523 -6.572225 9.119907 334.780505 59969.287313
288 -14.846323 -4.642977 4.182866 218.948777 12615.252846
288 -19.459255 -5.315574 7.068315 258.666424 36022.995281
288 -9.602882 -3.734116 5.548932 95.558620 22200.711162
289 21.403941 5.574859 5.049505 254.252048 18384.240366
289 27.589827 6.329385 5.008214 260.484952 18084.807694
289 14.619400 4.607357 6.468907 94.109315 30172.406758
289 18.518881 5.185545 7.580037 252.450340 41427.694485
289 16.198175 4.849758 7.706019 71.394046 42816.206930
289 18.176787 5.137426 5.512930 35.961911 21913.567755
289 23.507307 5.842362 2.857338 1.467751 5886.693270
289 21.159490 5.542933 4.016588 211.846462 11632.220599
289 36.928227 7.322616 4.663839 335.316019 15683.215112
289 25.297172 6.060703 3.762744 97.905580 10208.394619
289 18.826010 5.228369 13.412527 339.602144 129708.748539
289 24.020045 5.905735 7.785664 244.053903 43705.827476
289 17.376615 5.023075 5.029252 257.413874 18237.059355
289 19.928604 5.379297 4.368857 116.982419 13762.069783
289 11.678288 4.117908 4.811986 338.827390 16695.400859
289 21.887955 5.637540 16.096660 255.492684 186818.385020
289 20.606765 5.470058 8.092913 321.265071 47223.461846
289 13.191446 4.376564 6.362356 346.601364 29186.634485
289 23.726250 5.869507 8.241655 156.169521 48975.284093
289 17.010695 4.969905 2.937178 124.139129 6220.261204
289 22.018911 5.654380 2.973228 60.759813 6373.887969
289 -27.158837 -6.279754 2.606327 57.069762 4897.854117
289 -20.007467 -5.389930 3.936408 253.730525 11172.448808
289 -21.664351 -5.608670 4.666284 133.368675 15699.665788
289 -25.765541 -6.116552 17.182115 206.980836 212863.568474
289 -20.221981 -5.418747 6.053741 179.011566 26423.829001
289 -26.074493 -6.153114 18.208359 4.296039 239050.525267
289 -11.606650 -4.105258 23.331420 189.749589 392491.660552
289 -23.045465 -5.784686 10.791068 306.823001 83960.874487
289 -9.833981 -3.778781 6.822651 46.489197 33562.507801
290 23.797285 5.878287 11.310762 32.839029 92242.652482
290 28.205527 6.399620 19.626658 339.072472 277741.493777
290 20.304767 5.429828 9.804826 130.024012 69315.095203
290 3.096389 2.120385 13.756935 240.179688 136455.628029
290 15.068554 4.677597 3.493171 53.160883 8798.078462
290 21.405175 5.575020 13.844973 19.227102 138207.718497
290 18.248036 5.147485 8.200013 309.615284 48481.621945
290 32.660312 6.886479 11.105074 299.345529 88918.268815
290 7.060124 3.201793 7.068710 331.238866 36027.022975
290 15.858240 4.798600 7.304342 19.958773 38468.940966
290 4.072630 2.431781 15.894709 188.578738 182160.088443
290 17.768983 5.079469 6.831801 353.149933 33652.585222
290 26.052291 6.150494 9.927168 150.894024 71055.682390
290 14.926733 4.655533 5.644038 191.922674 22968.249591
290 24.613399 5.978233 4.121914 304.403486 12250.277494
290 15.413977 4.730907 9.142178 59.487652 60262.537263
290 21.242496 5.553795 9.244781 93.661538 61622.779782
290 24.246096 5.933459 7.432496 108.459535 39830.659030
290 13.856767 4.485574 6.980333 201.595089 35131.800815
290 3.924762 2.387227 4.874091 199.615129 17129.133247
290 8.229112 3.456715 5.961362 114.679355 25623.537114
290 -11.082988 -4.011580 2.312221 105.668812 3854.843503
290 -7.414685 -3.281205 5.402424 292.231816 21043.862361
290 -20.376090 -5.439356 3.562071 171.934734 9148.568108
290 -28.041981 -6.381039 7.814860 260.003826 44034.237019
290 -14.520752 -4.591786 8.270374 127.751240 49317.192240
290 -19.053839 -5.259910 4.219966 271.111789 12840.025525
290 -31.712570 -6.785827 7.268226 311.350556 38089.464650
290 -25.025507 -6.028073 9.296530 134.884013 62314.598791
290 -18.754457 -5.218423 7.749636 310.182954 43302.267246
291 19.620332 5.337529 4.907615 254.572475 17365.568348
291 11.449424 4.077358 11.185236 128.924954 90206.611592
291 2.094139 1.743773 9.626532 136.553534 66817.130942
291 19.520439 5.323924 10.234589 19.474380 75524.680624
291 18.901328 5.238817 5.186993 52.761981 19398.999470
291 32.244643 6.842516 4.758242 347.076089 16324.543933
291 23.136218 5.796065 4.137926 336.340608 12345.634396
291 17.736851 5.074875 5.141409 287.037683 19059.541882
291 21.060180 5.529910 8.666747 183.415225 54157.712610
291 15.184839 4.695611 5.443920 190.044707 21368.379545
291 19.790959 5.360687 2.575218 57.164876 4781.629927
291 22.985384 5.777141 2.808500 80.273160 5687.180144
291 23.941284 5.896045 5.008019 329.557095 18083.398848
291 19.935577 5.380238 16.027112 326.596886 185207.529465
291 20.389700 5.441172 2.041011 34.815053 3003.577548
291 19.686641 5.346541 7.403631 101.420235 39521.884153
291 1.616695 1.532150 3.663116 224.191426 9674.965590
291 24.280166 5.937626 18.590702 270.515600 249195.194536
291 8.908244 3.596525 5.742213 38.769211 23774.244606
291 9.914801 3.794277 3.540164 328.916168 9036.386965
291 24.167813 5.923873 17.435110 4.765716 219178.261818
291 17.187416 4.995654 6.206569 232.339773 27774.815877
291 -24.455688 -5.959049 1.604669 306.161473 1856.602017
291 -18.576085 -5.193548 8.733045 169.322936 54989.461853
291 -16.591216 -4.908244 7.300647 292.033551 38430.032515
291 -13.739738 -4.466592 13.016423 323.230087 122160.661333
291 -17.688887 -5.068008 6.603890 329.614177 31444.719953
291 -22.465871 -5.711480 11.030870 9.802822 87733.935409
291 -15.696757 -4.774106 9.776351 98.387925 68913.082219
291 -21.879799 -5.636490 3.407612 299.995029 8372.369965
291 -15.142324 -4.689033 7.439484 341.754348 39905.584041
291 -23.050389 -5.785304 11.798946 204.807636 100377.074953
292 8.879548 3.590728 7.189115 151.764640 37264.812575
292 21.794010 5.625429 7.448279 234.313223 39999.991093
292 32.954514 6.917426 7.767359 199.134912 43500.558086
292 26.949884 6.255550 10.151867 232.025604 74308.746915
292 18.386891 5.167033 8.856066 342.427116 56549.624752
292 25.894378 6.131826 3.572218 235.033739 9200.768377
292 23.911661 5.892396 9.580320 30.335370 66177.156892
292 23.181507 5.801735 7.955180 241.923830 45629.746192
292 17.613376 5.057179 7.906867 134.291842 45077.205819
292 16.725884 4.928124 5.260731 147.542651 19954.469305
292 15.283144 4.710786 5.935693 58.251108 25403.343629
292 28.829335 6.470001 7.177098 107.696165 37140.334089
292 10.035568 3.817315 5.200941 257.370422 19503.472779
292 11.045181 4.004732 3.838453 266.236757 10623.328672
292 9.806742 3.773544 25.206830 261.982244 458125.588480
292 23.642646 5.859156 2.705992 28.919045 5279.599782
292 12.235124 4.214938 13.634432 180.468962 134036.227091
292 16.975321 4.964735 6.960028 120.369953 34927.708785
292 18.774948 5.221273 7.834428 160.574068 44255.033509
292 12.772671 4.306534 5.031357 77.231510 18252.329754
292 -1.743591 1.591144 7.933567 123.265969 45382.155082
292 14.798116 4.635433 5.559567 137.620111 22285.889662
292 -24.777575 -5.998138 6.836642 331.560556 33700.296648
292 -21.249085 -5.554656 3.323204 122.527796 7962.729227
292 -20.113886 -5.404245 11.619840 26.975455 97352.784371
292 -28.894467 -6.477306 7.273325 76.960880 38142.926779
292 -32.948269 -6.916770 16.199406 258.845143 189210.952578
292 -16.576602 -4.906082 7.263281 220.954292 38037.654443
292 -21.457381 -5.581815 22.508696 102.451750 365299.207123
292 -16.009399 -4.821415 1.592697 229.838164 1829.001976
292 -32.785606 -6.899675 4.810267 17.731854 16683.473003
292 -20.732755 -5.486755 3.611840 266.123844 9406.004567
293 10.101269 3.829791 9.441386 173.938090 64271.675410
293 37.122173 7.341820 7.897383 3.263696 44969.124923
293 18.476392 5.179593 8.943419 80.345210 57670.706487
293 11.241705 4.040203 2.932808 346.668280 6201.763856
293 14.230632 4.545683 5.599987 229.625776 22611.119152
293 28.960263 6.484676 5.739902 62.235929 23755.109874
293 15.295420 4.712678 4.706273 320.838643 15969.906515
293 12.456709 4.252935 6.251850 241.272581 28181.571305
293 25.885334 6.130755 5.184269 254.097114 19378.633712
293 11.954882 4.166388 9.432949 144.107210 64156.852903
293 16.797769 4.938702 4.830190 333.769877 16821.955934
293 16.361716 4.874179 4.358753 115.959452 13698.488003
293 8.305467 3.472715 3.629649 239.418133 9498.986105
293 6.816154 3.145986 10.909924 328.097773 85820.602745
293 12.834430 4.316933 3.882896 18.004888 10870.750915
293 19.616101 5.336953 13.824392 120.718828 137797.132586
293 20.614634 5.471103 2.402081 197.573851 4160.288891
293 11.745143 4.129678 8.538240 185.119949 52563.568321
293 23.050479 5.785315 2.322877 179.231109 3890.455963
293 23.570499 5.850210 11.265239 240.810542 91501.650527
293 16.050316 4.827573 3.731037 185.879838 10037.073326
293 35.149728 7.144108 19.960760 103.613493 287277.908106
293 19.111940 5.267923 6.438391 186.619807 29888.407210
293 -14.048474 -4.516496 8.225351 82.465253 48781.700081
293 -23.577558 -5.851086 20.949261 350.474957 316435.725216
293 -17.576576 -5.051894 3.785064 25.547290 10329.862518
293 -15.300106 -4.713400 2.344878 104.575705 3964.502091
293 -17.855552 -5.091828 3.368220 128.376677 8179.918463
293 -28.022482 -6.378820 4.872965 355.870195 17121.220646
293 -20.736744 -5.487283 4.062484 55.895094 11899.575679
293 -6.281981 -3.020198 4.639658 174.066518 15521.012936
293 -19.452447 -5.314644 3.206915 137.221655 7415.202671
293 -5.349311 -2.786994 5.698161 12.212538 23410.867643
293 -13.924227 -4.496479 7.973762 351.608277 45843.166406
294 7.795155 3.364336 4.008691 197.777079 11586.527337
294 23.407812 5.829985 8.225872 328.935145 48787.882291
294 9.549847 3.723791 7.835741 0.922415 44269.866548
294 18.391675 5.167705 7.814748 22.069431 44032.973650
294 11.657737 4.114283 10.420255 283.802273 78289.731281
294 17.791150 5.082637 2.523357 125.190208 4590.982485
294 26.743169 6.231513 16.617419 237.343127 199101.808457
294 16.680663 4.921457 4.029262 300.142839 11705.745778
294 20.818215 5.498051 7.737750 332.995670 43169.541309
294 8.101296 3.429765 8.430503 170.170114 51245.420488
294 8.430164 3.498687 13.782229 112.161698 136957.864341
294 6.325666 3.030681 5.442505 65.575354 21357.272112
294 6.249228 3.012314 18.619665 181.477000 249972.257621
294 29.051907 6.494928 5.305997 235.061455 20299.344079
294 20.237874 5.420876 7.118915 335.722327 36540.597591
294 20.638600 5.474282 8.025404 87.019286 46438.900016
294 22.047676 5.658072 6.638993 280.568982 31779.897935
294 14.714414 4.622304 5.162471 316.292059 19216.011547
294 1.548968 1.499713 7.425681 89.402299 39757.644069
294 10.300575 3.867388 9.559633 359.813219 65891.662928
294 30.526268 6.657695 4.046122 313.836422 11803.915401
294 17.413195 5.028359 5.908428 304.944274 25170.506065
294 18.572853 5.193096 20.680985 191.111221 308383.059561
294 -13.732239 -4.465373 4.189728 205.652900 12656.679969
294 -30.973222 -6.706258 2.534431 56.401651 4631.366653
294 -6.080606 -2.971396 3.711900 106.458651 9934.375713
294 -20.139010 -5.407619 3.179420 222.063122 7288.596278
294 -11.227213 -4.037598 5.399794 117.050658 21023.377581
294 -15.220649 -4.701145 14.205833 112.074297 145506.192596
294 -22.392425 -5.702136 24.360037 178.723909 427862.247472
294 -18.614191 -5.198872 6.441346 286.598353 29915.852703
294 -17.865924 -5.093306 8.922397 335.290729 57399.903665
294 -10.809024 -3.961688 5.583950 341.788637 22481.801940
294 -23.615443 -5.855785 8.521226 189.064105 52354.288665
295 12.955896 4.337313 2.742725 170.474438 5423.913145
295 22.917560 5.768611 4.795323 108.085573 16579.975814
295 18.485536 5.180875 2.863684 9.261788 5912.870322
295 16.688976 4.922683 6.344004 30.645571 29018.502326
295 11.852075 4.148435 9.143695 359.563089 60282.540295
295 21.605544 5.601053 17.778742 188.636833 227903.053252
295 6.187373 2.997369 7.048886 8.269522 35825.233421
295 13.882299 4.489704 3.229819 73.909605 7521.500946
295 16.097540 4.834670 5.375679 250.103860 20836.018243
295 15.045900 4.674080 6.776436 357.333035 33109.353114
295 1.553289 1.501804 10.959525 260.365681 86602.717372
295 11.049416 4.005500 4.465234 115.313574 14375.946138
295 11.921670 4.160596 11.757112 165.018963 99666.533771
295 3.535600 2.265785 3.354381 63.915588 8112.837525
295 11.840173 4.146351 4.348259 177.218006 13632.607838
295 17.672245 5.065623 5.129957 210.347277 18974.729033
295 20.375695 5.439303 16.892436 357.879880 205746.594172
295 8.418698 3.496307 8.055549 89.243143 46788.418644
295 18.909998 5.240018 6.820604 298.043086 33542.369070
295 14.654911 4.612949 3.796882 357.126464 10394.465831
295 16.825218 4.942736 4.709385 79.246439 15991.032349
295 21.072138 5.531480 11.416620 347.337342 93977.346296
295 14.848292 4.643285 5.447584 197.559059 21397.149449
295 -23.885772 -5.889205 3.762810 151.503086 10208.752012
295 -18.898380 -5.238408 11.156564 62.745551 89744.737885
295 -8.084729 -3.426256 15.553622 86.153819 174425.975580
295 -12.423209 -4.247212 9.273642 60.995699 62008.145950
295 -27.837499 -6.357731 5.462221 278.847775 21512.289537
295 -17.079968 -4.980014 6.686284 36.898595 32234.261357
295 -24.259075 -5.935047 3.930624 66.174008 11139.636413
295 -19.739972 -5.353777 4.725929 249.756707 16103.582348
295 -18.416736 -5.171224 8.839116 67.420784 56333.373950
295 -11.923280 -4.160877 15.692301 76.543622 177550.261339
295 -24.945492 -6.018428 9.595917 77.951433 66392.813188
295 -26.714707 -6.228196 7.883838 293.883308 44815.005043
296 21.245456 5.554182 9.747847 127.512759 68511.815730
296 19.552554 5.328301 1.689414 133.413154 2057.881279
296 31.404075 6.752740 4.099165 117.162959 12115.429292
296 15.805542 4.790620 5.185167 258.868197 19385.348380
296 12.884678 4.325376 5.755373 172.030025 23883.338990
296 14.758817 4.629273 4.945140 278.939413 17632.147193
296 7.537539 3.308277 4.565451 11.235451 15028.493408
296 22.002765 5.652306 10.594366 350.108472 80927.856462
296 22.680390 5.738684 7.949405 347.282124 45563.528944
296 3.239747 2.168915 6.921474 200.916922 34541.823539
296 11.319246 4.054113 10.111855 188.899780 73724.147458
296 24.807432 6.001751 7.467873 134.968686 40210.728673
296 8.286201 3.468684 9.666802 251.766855 67377.318364
296 15.297166 4.712947 5.468974 79.807054 21565.514273
296 22.728948 5.744824 3.042045 337.480174 6672.360145
296 36.216547 7.251712 15.082006 91.265413 164008.470105
296 21.056954 5.529487 4.033005 321.350589 11727.505461
296 28.467867 6.429312 2.889164 193.828271 6018.558867
296 20.433922 5.447069 6.082148 165.093162 26672.399531
296 10.394968 3.885068 4.644197 306.848432 15551.392847
296 14.505090 4.589309 9.392609 188.338177 63609.296559
296 14.977731 4.663479 11.519142 119.592530 95672.765725
296 16.459809 4.888768 6.084909 281.078406 26696.622478
296 8.364300 3.484992 3.353032 21.994592 8106.312587
296 -23.390304 -5.827805 9.911763 117.856004 70835.330684
296 -9.881666 -3.787932 4.883912 59.099019 17198.229371
296 -20.693874 -5.481608 3.393373 219.259234 8302.546496
296 -27.591388 -6.329564 4.705527 73.072985 15964.840746
296 -22.976604 -5.776037 6.551897 187.382321 30951.533749
296 -15.040042 -4.673170 4.755681 57.573142 16306.981236
296 -24.045072 -5.908811 6.310394 228.644930 28711.838825
296 -28.568992 -6.440721 5.383471 19.638706 20896.464447
296 -17.852091 -5.091334 7.202056 147.022103 37399.091789
296 -17.893050 -5.097171 15.804929 190.803853 180108.064385
296 -13.701954 -4.460446 6.508824 1.131654 30545.915122
296 -9.802147 -3.772660 9.209803 150.362298 61157.366907
297 27.182802 6.282524 19.868891 147.229110 284639.618748
297 13.661888 4.453920 9.758433 266.490703 68660.707347
297 11.491907 4.084916 9.823056 200.005535 69573.088546
297 14.986604 4.664861 4.917986 166.428652 17439.044945
297 29.636162 6.559912 5.284886 31.990481 20138.137134
297 13.683904 4.457507 14.715189 65.453350 156127.634962
297 16.802572 4.939408 8.205392 162.127688 48545.250155
297 17.468962 5.036404 3.146895 178.556610 7140.236346
297 22.478788 5.713122 7.996396 22.652787 46103.798248
297 17.176848 4.994118 12.302361 241.307251 109125.181355
297 21.010387 5.523369 9.769227 36.101926 68812.675692
297 14.367033 4.567416 11.422236 259.438499 94069.825867
297 17.745755 5.076148 4.532878 158.426341 14814.808653
297 18.034024 5.117212 2.152892 40.943310 3341.892360
297 30.493122 6.654080 13.046229 243.218132 122720.762661
297 7.048315 3.199114 4.238622 245.551018 12953.810550
297 18.434124 5.173665 5.465298 114.121917 21536.532713
297 16.218475 4.852796 8.219594 288.926823 48713.441319
297 24.189245 5.926499 2.757942 117.203505 5484.265332
297 27.713448 6.343549 2.388096 245.272187 4111.984378
297 14.216328 4.543398 9.377700 292.132111 63407.514086
297 12.949603 4.336260 5.080347 168.977150 18609.505938
297 11.240382 4.039965 3.612796 199.233416 9410.984083
297 18.048159 5.119217 1.914719 198.097028 2643.371194
297 -19.369538 -5.303306 3.565713 163.546407 9167.288860
297 -30.248502 -6.627336 8.768351 281.422940 55434.980077
297 -27.303367 -6.296441 4.624948 56.092475 15422.745531
297 -22.607535 -5.729459 7.025782 274.947866 35590.768188
297 -12.958663 -4.337776 3.557898 201.019960 9127.144989
297 -20.932017 -5.513058 1.818313 337.248431 2383.886223
297 -33.408828 -6.964945 8.422041 280.216572 51142.601648
297 -11.755441 -4.131488 7.282616 38.191011 38240.444213
297 -18.212370 -5.142452 3.744759 121.778744 10111.040068
297 -17.607983 -5.056405 11.555230 256.015301 96273.170820
297 -24.931565 -6.016748 5.285835 351.789375 20145.371893
297 -16.580115 -4.906602 4.776581 332.353336 16450.626644
297 -16.453340 -4.887807 9.220396 326.338580 61298.123377
298 15.235959 4.703509 6.696644 78.471028 32334.231001
298 17.246412 5.004220 6.116662 181.979529 26975.969687
298 13.440831 4.417739 8.331580 54.601099 50049.851021
298 23.192840 5.803153 8.096940 126.825500 47270.473355
298 16.508908 4.896054 11.655266 188.163884 97947.303696
298 17.829103 5.088055 4.062464 17.107883 11899.456271
298 22.464495 5.711305 7.788983 229.785591 43743.102234
298 26.421032 6.193868 5.774411 43.352118 24041.607530
298 22.410026 5.704377 2.576688 215.921217 4787.093424
298 23.743453 5.871634 4.841781 178.884683 16902.791483
298 23.077741 5.788735 4.412762 303.522265 14040.066920
298 16.918385 4.956402 9.378068 19.147511 63412.495493
298 13.717695 4.463008 5.671036 101.767394 23188.510552
298 14.322818 4.560383 2.846680 339.190457 5842.857635
298 32.269476 6.845150 17.693721 96.828058 225728.504376
298 11.998648 4.174007 5.477343 332.108687 21631.568478
298 7.406193 3.279326 12.616499 77.717366 114769.317933
298 20.825121 5.498963 3.348955 244.446538 8086.612812
298 10.481540 3.901212 11.053260 271.775464 88090.454595
298 15.319860 4.716441 11.193033 286.449919 90332.415815
298 7.701208 3.344001 6.752643 3.297588 32877.260627
298 12.858393 4.320962 8.582381 157.197045 53108.457504
298 12.263831 4.219880 8.371827 330.140663 50534.568932
298 13.205582 4.378908 5.533094 132.255554 22074.157704
298 25.287543 6.059550 8.177384 136.007364 48214.411197
298 -26.119577 -6.158432 12.885354 339.083444 119712.845569
298 -25.465546 -6.080839 3.185245 14.264730 7315.327324
298 -31.943536 -6.810493 7.866695 85.006520 44620.321844
298 -14.958630 -4.660505 9.051375 132.899596 59071.389804
298 -18.083526 -5.124230 17.149459 90.300431 212055.195146
298 -10.107565 -3.830984 6.457484 195.524722 30065.941361
298 -34.436723 -7.071279 8.106401 351.257923 47381.007511
298 -29.799385 -6.577952 7.471430 358.948124 40249.040713
298 -19.377875 -5.304447 10.562293 77.113281 80438.598771
298 -20.365764 -5.437977 6.026348 332.796193 26185.234451
298 -15.447544 -4.736055 7.962882 121.913323 45718.148746
298 -26.203430 -6.168309 11.105107 357.437126 88918.792731
298 -18.907320 -5.239647 12.131751 250.163086 106119.459771
299 7.580963 3.317793 11.240711 150.759362 91103.616963
299 19.438695 5.312765 1.299269 351.749943 1217.156018
299 24.102538 5.915867 3.311559 219.511670 7907.026374
299 8.643334 3.542645 23.224790 348.408992 388912.277237
299 19.740974 5.353913 8.058410 178.311887 46821.656230
299 27.704609 6.342538 5.016250 156.566903 18142.888136
299 4.054699 2.426422 4.723234 245.161435 16085.216971
299 10.313816 3.869873 5.442483 22.862199 21357.098330
299 14.506220 4.589487 5.575037 273.066907 22410.090430
299 11.236620 4.039289 3.584708 283.445346 9265.219672
299 29.901826 6.589249 7.033964 238.485904 35673.714646
299 0.264593 0.619835 8.474739 298.118583 51784.608402
299 9.965093 3.803888 4.710377 22.424627 15997.767175
299 13.552533 4.436059 3.505796 181.912255 8861.786310
299 23.204430 5.804603 11.568656 227.354850 96497.011457
299 9.941423 3.799368 8.231979 344.762563 48860.353350
299 16.407681 4.881021 2.298177 254.076007 3808.156916
299 3.599228 2.286082 4.673580 33.570024 15748.797634
299 26.327317 6.182873 9.245765 326.646077 61635.905827
299 16.088051 4.833244 5.779677 95.059104 24085.476117
299 16.844901 4.945626 8.432292 42.898735 51267.170812
299 15.413352 4.730811 7.724660 54.759150 43023.604656
299 24.319660 5.942454 6.565509 282.888839 31080.276769
299 4.058283 2.427494 7.681828 76.557057 42547.811201
299 15.545787 4.751092 3.604428 33.043087 9367.439316
299 -6.452536 -3.060922 16.503420 336.559634 196379.428192
299 1.097367 -1.262301 6.248039 38.358207 28147.222329
299 -22.520205 -5.718383 9.640898 351.384384 67016.706560
299 -20.151316 -5.409271 6.951525 10.574502 34842.420000
299 -29.500162 -6.544843 3.972549 49.664065 11378.541671
299 -25.373501 -6.069840 3.999215 206.568132 11531.812167
299 -21.242587 -5.553807 5.670477 146.873025 23183.942062
299 -20.623102 -5.472226 9.192852 255.007998 60932.451148
299 -16.719768 -4.927223 3.185377 86.944646 7315.935193
299 -29.634044 -6.559678 6.486431 253.409408 30336.093117
299 -23.497556 -5.841151 3.806037 14.086894 10444.656335
299 -15.536783 -4.749716 6.917971 356.454903 34506.869733
299 -6.648836 -3.107133 8.191722 356.953069 48383.634310
300 18.712777 5.212621 8.339998 272.113717 50151.047887
300 19.118332 5.268804 5.021256 98.097100 18179.115307
300 2.616503 1.949161 15.190545 295.744705 166377.577209
300 10.018080 3.813988 4.905340 71.810020 17349.474437
300 12.447330 4.251333 7.746359 354.695340 43265.653882
300 12.391444 4.241779 9.546701 198.471977 65713.515716
300 11.045691 4.004825 7.500121 261.877559 40558.758168
300 14.456669 4.581642 5.087632 301.909696 18662.912849
300 4.899724 2.667306 3.376125 65.969204 8218.358008
300 2.531677 1.917305 7.076684 192.163185 36108.353119
300 22.234450 5.681987 15.360505 350.663448 170121.439113
300 21.871804 5.635460 8.619380 340.768540 53567.342328
300 15.878409 4.801650 3.497858 70.902897 8821.700675
300 13.919330 4.495689 12.538097 338.101714 113347.329754
300 9.340801 3.682808 5.351770 91.620146 20651.089865
300 24.583565 5.974609 9.629682 303.510699 66860.857502
300 16.583046 4.907035 4.339431 310.131038 13577.306830
300 22.573112 5.725096 6.403484 272.730253 29565.189956
300 6.810098 3.144588 11.528536 248.940127 95828.877968
300 4.343262 2.511280 3.616551 273.665996 9430.552967
300 21.544675 5.593157 12.700516 264.344375 116302.968563
300 13.570770 4.439042 6.498572 44.423088 30449.768459
300 11.421170 4.072324 2.999174 263.013666 6485.618312
300 17.820341 5.086805 4.473461 232.491984 14428.972575
300 -1.125337 1.278287 7.316761 270.585524 38599.870728
300 -21.309173 -5.562504 9.345001 38.860538 62966.103981
300 -13.976659 -4.504937 1.369406 107.079223 1352.111137
300 -12.696967 -4.293753 6.111829 0.921263 26933.357398
300 -17.731349 -5.074087 7.775814 18.963817 43595.311698
300 -26.605548 -6.215458 3.865915 197.864605 10775.876321
300 -26.749658 -6.232269 7.919266 236.851154 45218.680333
300 -21.745904 -5.619217 5.598176 149.609021 22596.499087
300 -11.166394 -4.026647 5.055445 282.254643 18427.521810
300 -5.889305 -2.924281 16.464845 35.390861 195462.468859
300 -23.485826 -5.839692 8.379408 98.176427 50626.129112
300 -9.377040 -3.689945 20.327346 120.219932 297926.709231
300 -17.909502 -5.099514 11.983907 278.831835 103548.766022
300 -24.005780 -5.903981 11.053117 150.939897 88088.171088
300 -19.149510 -5.273098 12.395376 167.951071 110781.568260
301 5.825604 2.908423 14.439319 84.980064 150328.554912
301 9.288617 3.672506 5.297640 89.874500 20235.450898
301 22.348450 5.696535 8.549375 306.162483 52700.751634
301 21.081531 5.532713 32.552062 92.754050 764020.622765
301 15.645749 4.766342 4.869041 55.633495 17093.652453
301 30.397195 6.643605 11.729484 191.573719 99198.672006
301 21.408853 5.575499 4.579349 15.440889 15120.129020
301 12.102126 4.191967 9.579510 30.563941 66165.962402
301 26.512198 6.204545 5.956507 202.039654 25581.817662
301 16.574860 4.905824 7.142838 358.336101 36786.607077
301 26.255494 6.174434 8.270388 1.545696 49317.364833
301 17.519460 5.043679 6.206352 146.811285 27772.873507
301 23.599092 5.853757 3.383153 351.328664 8252.611920
301 3.823178 2.356130 4.603203 203.434824 15278.064824
301 1.980970 1.696000 5.808508 31.696262 24326.365220
301 21.656521 5.607656 28.973322 122.637321 605263.751265
301 6.477307 3.066792 5.709021 188.432842 23500.190574
301 19.003822 5.253002 12.216878 147.904209 107613.942899
301 25.491193 6.083901 36.570676 138.642552 964304.179804
301 23.685349 5.864445 2.587132 194.380388 4825.976360
301 7.240275 3.242385 9.646717 153.206323 67097.625418
301 13.228122 4.382643 25.003039 76.956866 450747.847781
301 18.165737 5.135865 4.003531 350.528807 11556.719287
301 13.658263 4.453329 5.406730 310.759249 21077.419522
301 7.931885 3.393714 8.519565 231.500152 52333.874198
301 31.734251 6.788146 4.422479 7.623413 14101.966662
301 -19.622295 -5.337796 5.713469 305.830847 23536.819033
301 -13.944789 -4.499798 21.343617 91.124349 328461.217244
301 -21.456038 -5.581640 6.267553 176.543925 28323.319053
301 -11.830980 -4.144741 8.647400 318.445618 53916.188873
301 -8.858256 -3.586420 7.896776 281.371827 44962.212494
301 -20.852475 -5.502573 9.415292 43.424952 63916.893040
301 -19.968580 -5.384689 5.356993 37.938645 20691.416219
301 -29.526083 -6.547718 9.817014 121.634766 69487.539851
301 -17.316346 -5.014356 7.696310 313.211809 42708.388874
301 -23.737771 -5.870931 7.157550 237.105680 36938.295502
301 -8.014651 -3.411374 10.205838 188.173926 75100.951784
301 -14.998228 -4.666669 11.319948 60.291804 92392.538359
301 -21.100118 -5.535151 6.237870 180.419875 28055.671093
301 -17.172863 -4.993538 6.856559 289.673001 33896.945547
302 21.875261 5.635905 21.384512 109.574220 329721.130487
302 26.722801 6.229139 3.908230 321.339731 11013.067707
302 16.272437 4.860863 8.323868 91.485263 49957.243586
302 16.495828 4.894114 3.348885 263.951897 8086.274330
302 17.812485 5.085683 5.582061 281.436893 22466.596267
302 13.908554 4.493948 4.308363 52.609628 13383.588338
302 12.408390 4.244678 5.455489 51.414370 21459.292576
302 4.746740 2.625335 14.758385 195.651618 157045.579981
302 24.406321 5.953032 4.075475 341.795676 11975.799631
302 16.599047 4.909402 3.618537 4.717911 9440.916254
302 10.725681 3.946385 8.736856 187.250858 55037.469488
302 6.311383 3.027257 10.262961 196.293790 75943.987057
302 6.890239 3.163036 3.109180 299.373115 6970.113220
302 15.973756 4.816045 11.197963 168.074980 90412.003724
302 19.127042 5.270004 8.119364 176.738966 47532.658053
302 4.912161 2.670689 5.553327 241.658999 22235.889456
302 21.221428 5.551040 10.309205 202.209977 76629.934102
302 10.204835 3.849373 3.290499 300.962216 7806.772198
302 10.856215 3.970327 4.958115 102.993977 17724.797170
302 18.610575 5.198367 6.240731 277.859978 28081.411653
302 17.939191 5.103739 3.481113 205.731016 8737.441360
302 26.769809 6.234616 12.187300 16.031596 107093.485158
302 3.207030 2.157936 7.555921 288.787673 41164.502118
302 19.539706 5.326551 13.310349 105.364100 127740.017991
302 15.800808 4.789903 10.493301 330.107074 79391.187839
302 15.321937 4.716761 3.692018 305.544470 9828.240768
302 -17.188653 -4.995834 2.998542 309.300609 6482.886631
302 -21.120580 -5.537834 3.674599 207.540902 9735.715290
302 -16.157581 -4.843677 8.233534 68.333231 48878.809609
302 -17.778109 -5.080773 8.777655 74.968916 55552.688193
302 -21.291392 -5.560183 5.273917 256.362185 20054.629307
302 -25.710011 -6.109957 6.061978 120.626180 26495.785198
302 -9.881605 -3.787920 3.456580 209.943903 8614.721837
302 -6.288831 -3.021844 2.230875 32.294173 3588.382062
302 -20.872562 -5.505223 7.935268 13.173858 45401.617455
302 -10.445798 -3.894555 1.756192 154.299857 2223.780725
302 -29.196699 -6.511093 10.708500 290.574877 82680.923000
302 -12.465349 -4.254409 2.955310 33.216049 6297.296730
302 -28.412348 -6.423040 4.658811 181.415031 15649.419471
302 -16.880095 -4.950790 4.509358 231.386716 14661.472046
302 -19.600670 -5.334854 4.844156 185.815113 16919.372590
303 28.557716 6.439450 7.405268 31.704793 39539.362996
303 14.488777 4.586727 4.294603 69.781058 13298.240832
303 21.283475 5.559149 10.845642 203.332566 84812.248733
303 21.490313 5.586096 2.444388 2.090976 4308.126327
303 12.012188 4.176362 7.154501 339.617933 36906.828783
303 9.951116 3.801219 10.522530 15.476916 79834.103336
303 19.241230 5.285712 10.072067 345.179320 73145.114062
303 7.950326 3.397657 4.868146 266.424812 17087.374387
303 19.624338 5.338074 3.300912 199.276780 7856.262723
303 19.279851 5.291014 6.959193 84.653880 34919.322822
303 22.253388 5.684406 5.564775 3.485882 22327.662659
303 9.573475 3.728394 6.250192 173.548480 28166.620848
303 13.815902 4.478955 6.369137 195.603288 29248.880011
303 25.035690 6.029299 11.274290 2.309266 91648.733584
303 8.986019 3.612191 24.085973 64.203227 418289.006482
303 18.963444 5.247418 2.672466 48.076019 5149.587807
303 9.815843 3.775295 13.498819 314.267977 131383.130643
303 19.278036 5.290765 6.528373 92.620419 30729.675417
303 12.682331 4.291277 6.154014 336.588651 27306.438985
303 16.072113 4.830850 4.503142 319.973747 14621.075985
303 23.771471 5.875097 9.227671 270.881630 61394.902355
303 8.929339 3.600781 5.386310 62.727290 20918.510119
303 20.139823 5.407728 3.064457 280.541306 6771.036258
303 14.367522 4.567494 5.187143 87.964596 19400.123336
303 8.854973 3.585756 5.004524 203.122005 18058.165384
303 6.159849 2.990695 5.478966 5.265245 21644.387622
303 -7.596799 -3.321256 2.049497 75.557464 3028.604568
303 -20.914070 -5.510694 7.202819 286.076267 37407.012134
303 -17.157348 -4.991282 8.544872 211.163119 52645.246690
303 -21.782149 -5.623898 5.509444 110.261696 21885.863558
303 -19.643302 -5.340652 5.500762 134.041447 21816.933872
303 -19.923168 -5.378563 2.981477 43.416228 6409.303832
303 -23.667896 -5.862284 3.322584 142.073458 7959.761474
303 -18.051554 -5.119698 2.726733 114.470060 5360.847255
303 -12.196150 -4.208220 5.401393 296.546803 21035.825202
303 -32.763445 -6.897343 10.377327 274.978365 77645.999309
303 -18.792075 -5.223654 2.796779 183.970497 5639.806921
303 -29.780848 -6.575906 14.168835 343.921894 144749.255754
303 -31.448016 -6.757463 3.323393 56.791332 7963.636244
303 -19.596706 -5.334314 4.649813 36.992281 15589.028039
303 -7.268867 -3.248781 4.404941 183.073620 13990.339467
304 10.383330 3.882893 5.366478 352.020489 20764.753828
304 10.996422 3.995883 6.998384 264.337936 35313.731086
304 20.728881 5.486242 5.805081 150.089809 24297.674626
304 26.162518 6.163492 4.544761 209.121679 14892.591032
304 20.139600 5.407698 3.143514 138.646725 7124.900221
304 13.418941 4.414141 8.335797 236.158814 50100.527042
304 21.730686 5.617250 6.568414 88.183001 31107.784104
304 16.537709 4.900323 6.161189 113.266882 27370.147627
304 18.330940 5.159165 5.588985 203.590029 22522.366215
304 9.166389 3.648263 9.028397 296.885572 58771.847781
304 8.597714 3.533284 8.437406 7.029656 51329.378103
304 22.348343 5.696521 3.313748 157.701785 7917.481133
304 29.513544 6.546327 3.775652 303.558924 10278.553776
304 25.128562 6.040472 3.301934 143.719210 7861.129300
304 18.140963 5.132361 8.145445 51.449695 47838.511212
304 -1.812508 1.622285 10.143681 51.633868 74188.958815
304 16.101766 4.835304 3.213000 102.050789 7443.366616
304 13.062199 4.355071 7.296423 86.748636 38385.581767
304 30.282810 6.631093 3.845642 15.252317 10663.155350
304 19.755155 5.355836 7.184344 28.320298 37215.369404
304 21.053591 5.529045 16.786423 226.486233 203172.264684
304 13.060309 4.354755 7.180345 260.025724 37173.948227
304 15.818484 4.792581 13.499523 125.392323 131396.840157
304 4.858539 2.656072 5.634606 143.179266 22891.546684
304 17.506556 5.041821 8.409218 305.646619 50986.986464
304 12.899154 4.327805 6.131360 193.391676 27105.768749
304 -24.597487 -5.976300 3.904139 276.499418 10990.025071
304 -15.670216 -4.770068 6.632536 306.825009 31718.108480
304 -22.443312 -5.708612 3.611113 175.781644 9402.216821
304 -15.973684 -4.816034 9.377104 276.442540 63399.457139
304 -10.081631 -3.826066 7.186080 346.093549 37233.352608
304 -7.793353 -3.363948 11.649823 348.679844 97855.831984
304 -11.765279 -4.133217 9.856127 156.772368 70042.339406
304 -15.472762 -4.739920 5.471164 183.697442 21582.790044
304 -27.210115 -6.285679 6.281415 116.775102 28448.742453
304 -24.013745 -5.904961 3.544384 336.885200 9057.943706
304 -6.244585 -3.011195 4.189808 304.319780 12657.158652
304 -8.595301 -3.532788 8.535068 25.135395 52524.515173
304 -6.782034 -3.138102 5.369778 151.811692 20790.297893
304 -20.012574 -5.390618 9.740899 145.635425 68414.187604
304 -26.689172 -6.225218 5.475730 225.785713 21618.825263
305 -0.689125 1.000313 8.104023 322.123985 47353.212370
305 14.861871 4.645407 4.697285 244.067850 15908.964905
305 10.255708 3.858956 10.266105 287.275585 75990.523952
305 13.810905 4.478145 18.155459 182.561667 237663.536012
305 15.383041 4.726157 2.870111 338.431061 5939.439446
305 14.289385 4.555057 5.739564 27.361735 23752.310089
305 11.777316 4.135330 7.089452 69.325304 36238.761367
305 10.810965 3.962044 8.015945 120.527471 46329.486317
305 20.202051 5.416076 8.880697 93.684229 56864.623555
305 21.564420 5.595719 2.074249 38.631725 3102.201089
305 16.894118 4.952846 2.545541 20.121724 4672.059217
305 4.729944 2.620686 4.703338 225.291790 15949.989196
305 24.614390 5.978353 12.285930 359.901287 108833.888442
305 16.500520 4.894810 4.340432 250.931620 13583.570144
305 17.157626 4.991323 3.595229 113.877909 9319.684706
305 1.552309 1.501330 9.466180 349.912649 64609.683702
305 9.772327 3.766917 2.381190 22.690572 4088.238234
305 11.478900 4.082603 7.270047 316.134324 38108.562072
305 17.456503 5.034608 8.386364 198.696896 50710.221814
305 9.614219 3.736320 5.323679 286.721114 20434.863169
305 8.693335 3.552878 11.759652 67.375724 99709.601121
305 7.234144 3.241012 2.802695 183.092015 5663.693998
305 23.606165 5.854634 13.159785 214.933542 124866.427717
305 17.250028 5.004745 2.680532 200.929642 5180.718006
305 20.406047 5.443353 6.339864 276.766805 28980.641345
305 20.843619 5.501405 25.616910 135.017116 473152.946656
305 -5.186944 -2.744371 5.358468 296.285936 20702.811208
305 -7.563478 -3.313964 12.755988 85.942688 117321.131990
305 -6.755953 -3.132062 6.837281 115.485848 33706.597276
305 -19.361818 -5.302249 8.384497 233.187275 50687.637771
305 -11.701367 -4.121975 2.230460 209.563382 3587.045382
305 -20.534869 -5.460508 5.676186 170.821164 23230.647348
305 -35.714050 -7.201229 5.432280 234.715406 21277.097679
305 -21.521325 -5.590125 10.064483 123.530725 73034.993566
305 -1.355349 -1.402855 6.965533 151.218538 34982.983032
305 -18.971491 -5.248531 4.398440 121.202920 13949.074560
305 -21.666560 -5.608956 1.819823 237.949742 2387.846565
305 -28.286156 -6.408760 8.234749 81.116523 48893.242105
305 -20.169569 -5.411720 6.125037 185.185231 27049.888975
305 -14.175351 -4.536845 4.729519 127.819296 16128.058612
305 -25.494458 -6.084290 7.860326 240.474443 44548.098670
305 -25.145285 -6.042481 13.406677 103.590106 129595.641269
306 20.726510 5.485928 9.066223 280.939437 59265.347109
306 25.190134 6.047868 4.878687 159.686418 17161.447199
306 19.734726 5.353066 23.361244 359.996802 393495.707277
306 19.419710 5.310170 7.820354 76.045632 44096.169607
306 14.718109 4.622885 7.989352 174.878835 46022.601699
306 19.404275 5.308059 8.136400 257.491442 47732.332949
306 12.216593 4.211745 3.129435 159.081464 7061.225016
306 23.900181 5.890981 3.860074 137.199242 10743.341338
306 21.621276 5.603091 6.221983 113.894414 27912.952717
306 14.480501 4.585417 2.124169 285.819210 3253.315243
306 24.280921 5.937719 6.111324 126.469269 26928.901573
306 8.544207 3.522272 4.996632 248.848528 18001.257588
306 22.416134 5.705154 8.936985 259.893307 57587.751615
306 15.523555 4.747693 9.711069 83.323998 67995.807911
306 11.927769 4.161661 5.719382 28.283126 23585.565031
306 7.831055 3.372075 7.843333 317.508971 44355.694835
306 23.939741 5.895855 22.238627 287.860895 356585.774682
306 3.756588 2.335521 10.425059 91.613983 78361.936050
306 8.493487 3.511802 9.585935 212.219870 66254.753542
306 24.286947 5.938456 8.988219 192.637211 58249.925343
306 16.163748 4.844602 4.508395 124.988578 14655.205171
306 16.314187 4.867094 17.367054 30.874826 217470.520625
306 23.336383 5.821083 5.933520 209.665643 25384.747129
306 17.421619 5.029575 4.524994 68.899610 14763.319099
306 18.797414 5.224396 2.259932 196.858124 3682.466966
306 24.166853 5.923755 7.571157 337.466174 41330.685433
306 13.315777 4.397140 6.295470 353.984009 28576.191952
306 -24.039326 -5.908105 16.559364 286.172502 197713.075671
306 -32.846467 -6.906076 7.096136 205.122615 36307.128468
306 -21.846904 -5.632251 8.017506 87.124034 46347.533192
306 -38.485790 -7.475448 6.572093 36.697645 31142.647502
306 -14.122518 -4.528383 5.385430 147.295779 20911.672351
306 -22.352807 -5.697090 6.008953 181.391174 26034.290084
306 -27.012593 -6.262824 4.564314 311.734870 15021.011051
306 -15.655141 -4.767773 7.804725 53.728603 43920.098789
306 -16.119855 -4.838020 6.896291 320.480148 34290.929858
306 -15.727091 -4.778716 6.240114 294.544454 28075.859764
306 -6.320994 -3.029561 5.882837 154.148688 24952.942917
306 -27.183813 -6.282641 8.152157 344.091311 47917.385332
306 -19.781623 -5.359423 13.135348 219.815369 124403.114416
306 -7.113633 -3.213903 7.159603 16.543541 36959.491220
306 -20.687284 -5.480735 8.753592 86.253774 55248.521726
306 -24.545706 -5.970007 10.023709 359.698876 72444.418919
307 21.334723 5.565838 10.936218 161.063226 86234.769749
307 12.125228 4.195966 6.176015 355.825118 27502.034244
307 9.230250 3.660950 8.658762 120.037866 54057.963961
307 10.167447 3.842315 3.250732 191.133566 7619.218231
307 6.308847 3.026649 10.870290 233.557259 85198.177877
307 21.164087 5.543535 5.860160 132.099079 24760.934621
307 0.484184 0.838479 5.643049 287.680494 22960.203580
307 21.777947 5.623355 13.649996 57.501001 134342.411779
307 17.321675 5.015128 7.592293 186.203071 41561.771352
307 8.538926 3.521184 3.094503 257.167916 6904.464324
307 8.114674 3.432595 12.869876 127.076565 119425.425971
307 14.655311 4.613012 8.227165 224.060584 48803.219005
307 11.918757 4.160088 2.272753 149.196818 3724.366486
307 10.920261 3.982021 5.501814 233.660171 21825.283260
307 15.794566 4.788957 6.031195 237.489152 26227.373387
307 19.403874 5.308004 3.091273 11.124972 6890.057525
307 16.743657 4.930741 20.064596 225.103352 290274.528751
307 15.832334 4.794679 0.913046 144.636039 601.081438
307 13.434885 4.416762 2.467114 21.297545 4388.606423
307 27.311999 6.297436 8.661834 206.993370 54096.333762
307 17.496300 5.040344 10.769833 194.634749 83630.758789
307 6.295319 3.023402 8.709064 0.629084 54687.873592
307 1.411937 1.431841 5.500636 118.526298 21815.939966
307 15.839757 4.795803 2.286061 121.554173 3768.111144
307 24.123752 5.918470 27.541565 358.121640 546921.885996
307 8.830822 3.580862 4.491134 275.825166 14543.207332
307 26.878774 6.247292 17.672713 224.186459 225192.822793
307 -27.991368 -6.375278 9.286070 68.213164 62174.448052
307 -20.038131 -5.394059 3.019553 106.209224 6574.057705
307 -17.194947 -4.996748 11.857638 58.850483 101378.167630
307 -8.838816 -3.582483 11.730625 115.011656 99217.971004
307 -13.165531 -4.372263 4.161218 222.141670 12485.013374
307 -11.593920 -4.103006 6.286771 295.515058 28497.279018
307 -12.771699 -4.306370 7.522745 251.712590 40803.815989
307 -12.673696 -4.289816 8.461359 33.461517 51621.225010
307 -15.578554 -4.756096 9.590079 140.012079 66312.046167
307 -14.289495 -4.555075 8.004031 207.560237 46191.872206
307 -25.250169 -6.055070 3.789637 265.421399 10354.838610
307 -13.922858 -4.496258 12.211528 256.918641 107519.707690
307 -7.814733 -3.368559 28.122159 136.956303 570223.856106
307 -18.100445 -5.126626 3.581513 153.216200 9248.711075
307 -16.366266 -4.874857 14.207268 94.726010 145535.585907
307 -2.910389 -2.055714 3.378198 197.078795 8228.456502
308 7.819108 3.369502 11.107595 17.568132 88958.636656
308 7.654910 3.333935 7.360999 162.402465 39068.032907
308 9.537639 3.721410 7.929630 280.980988 45337.119871
308 8.412023 3.494920 20.552476 356.461706 304562.460392
308 5.605747 2.853013 3.764281 234.022274 10216.737460
308 20.675952 5.479233 9.143725 294.652959 60282.940280
308 14.566795 4.599060 6.792089 2.543801 33262.492982
308 3.839913 2.361281 10.482352 170.791897 79225.598106
308 4.446760 2.541025 9.412375 20.245489 63877.298879
308 19.306917 5.294726 9.278608 24.996006 62074.571307
308 27.142113 6.277820 6.665128 10.776582 32030.598098
308 2.897757 2.051247 8.232143 300.436870 48862.294493
308 14.780421 4.632660 4.793621 328.976554 16568.204500
308 1.310046 1.379210 4.553196 208.203054 14947.923269
308 29.067704 6.496694 3.105961 154.854590 6955.687809
308 2.042691 1.722219 8.075097 256.246148 47015.775981
308 11.439635 4.075615 9.237969 250.902785 61532.004798
308 0.248718 0.600954 5.886514 55.245843 24984.143107
308 14.914538 4.653631 6.506778 325.379820 30526.714946
308 10.032323 3.816698 22.086036 141.766955 351709.109408
308 20.907075 5.509773 9.645748 240.320932 67084.141347
308 17.420258 5.029379 2.700976 235.247695 5260.046404
308 24.033616 5.907403 8.123135 148.969875 47576.826300
308 -0.018822 0.165317 6.559048 24.124022 31019.137450
308 15.708408 4.775877 3.847591 258.213783 10673.969218
308 27.702055 6.342245 8.259039 261.882462 49182.106002
308 8.048697 3.418612 4.576652 120.972307 15102.329539
308 -10.819900 -3.963681 24.650814 7.377720 438137.678374
308 -15.093399 -4.681452 7.506189 202.301177 40624.408572
308 -16.513871 -4.896790 16.704356 329.185319 201190.537566
308 -18.399647 -5.168825 3.822333 228.200012 10534.286315
308 -36.157899 -7.245838 10.237980 301.268068 75574.736579
308 -17.896335 -5.097639 3.367885 7.814728 8178.289178
308 -9.231958 -3.661289 3.204561 311.587345 7404.318356
308 -26.395833 -6.190913 7.421951 236.035339 39717.717771
308 -24.227896 -5.931232 10.934482 106.433484 86207.383904
308 -10.567423 -3.917163 14.171860 140.808658 144811.085824
308 -32.510802 -6.870698 7.462380 198.196480 40151.592219
308 -19.744795 -5.354431 7.313397 327.146561 38564.382788
308 -5.955149 -2.940583 7.771837 150.591490 43550.725324
308 -27.330437 -6.299562 5.073879 213.380003 18562.151462
308 -7.163794 -3.225214 17.559574 247.808586 222318.726194
308 -15.845577 -4.796684 2.316611 281.887506 3869.495074
308 -11.160539 -4.025591 3.772032 191.021768 10258.855624
309 17.642496 5.061358 6.981558 33.108862 35144.131454
309 8.873525 3.589510 3.501624 233.041862 8840.708018
309 2.053452 1.726749 11.588051 154.862831 96820.851834
309 12.895182 4.327138 15.412874 313.975176 171283.422463
309 9.468170 3.707832 4.496189 137.398109 14575.961343
309 22.004098 5.652477 4.586870 243.441824 15169.837581
309 26.660823 6.221911 6.388484 151.019969 29426.843152
309 6.137929 2.985369 13.206755 288.981268 125759.351077
309 11.267873 4.044902 5.267376 78.727539 20004.914547
309 -1.900590 1.661236 4.589918 240.499098 15190.003855
309 13.632189 4.449076 8.470788 330.631684 51736.341185
309 21.383413 5.572185 9.200502 11.269896 61033.896207
309 18.786725 5.222911 10.257306 128.359205 75860.331843
309 7.348201 3.266462 4.624154 94.023997 15417.451879
309 17.879858 5.095292 5.272662 101.758571 20045.084476
309 14.985080 4.664623 2.825652 269.368917 5756.854808
309 10.499095 3.904478 8.991219 269.507249 58288.809062
309 4.916974 2.671997 4.674550 172.175935 15755.334935
309 19.972085 5.385162 6.943424 30.588821 34761.258193
309 15.547974 4.751426 2.979026 131.662872 6398.772017
309 15.924726 4.808649 5.478788 304.017463 21642.977976
309 7.191203 3.231378 13.924238 148.407083 139794.772436
309 20.434154 5.447100 7.858254 83.759808 44524.616056
309 8.395406 3.491467 9.370269 5.054263 63307.070650
309 11.367359 4.062720 8.300230 203.222590 49673.904392
309 12.494050 4.259304 5.072125 106.709643 18549.319548
309 8.819860 3.578639 10.322538 305.232593 76828.277207
309 -6.164025 -2.991708 2.526550 169.861015 4602.607632
309 -23.043527 -5.784443 10.852691 239.679561 84922.535452
309 -33.740052 -6.999386 6.805769 306.892401 33396.617063
309 -13.370849 -4.406224 1.674462 13.445330 2021.616702
309 -13.707156 -4.461293 8.946280 214.129121 57707.603884
309 -16.172854 -4.845966 9.445820 175.021233 64332.055954
309 -18.635212 -5.201807 9.432305 130.075910 64148.088888
309 -16.274765 -4.861210 4.312691 149.377208 13410.492898
309 -26.536473 -6.207385 8.251428 315.593618 49091.504830
309 -16.309546 -4.866402 6.622447 277.073743 31621.689980
309 -4.455915 -2.543639 2.297862 358.495199 3807.113814
309 -11.707709 -4.123092 4.914183 163.438349 17412.081577
309 -11.567269 -4.098288 6.272215 272.782482 28365.465975
309 -14.398793 -4.572462 8.417689 206.604527 51089.756939
309 -10.600351 -3.923261 8.352138 294.164542 50297.148552
309 -3.839440 -2.361136 7.693211 208.002021 42673.998423
309 -14.049143 -4.516603 11.890719 206.758172 101944.625022
310 5.213425 2.751368 9.180714 101.155785 60771.643560
310 14.053400 4.517288 11.142254 230.944342 89514.658439
310 1.921658 1.670418 26.904243 292.480334 521902.804241
310 21.882582 5.636848 8.190843 233.837309 48373.247684
310 12.430838 4.248516 3.330558 7.195514 7998.010731
310 15.856068 4.798271 4.245306 122.865848 12994.694680
310 -3.898778 2.379312 11.983273 259.721632 103537.802840
310 15.334025 4.718621 8.475207 197.011086 51790.331135
310 7.138723 3.219566 8.754214 246.810095 55256.372521
310 15.845118 4.796614 5.913248 119.837924 25211.595027
310 14.947662 4.658796 8.773141 263.485985 55495.573001
310 24.594867 5.975982 12.218015 88.724311 107633.979463
310 15.537885 4.749884 4.335471 250.928893 13552.540796
310 15.322430 4.716837 4.706445 206.350515 15971.068953
310 29.641755 6.560531 6.969329 18.433094 35021.121509
310 14.900733 4.651477 4.563208 0.246184 15013.731935
310 9.913734 3.794073 7.237198 345.226520 37764.956207
310 11.782448 4.136231 1.606110 31.354405 1859.939500
310 -1.059686 1.240440 10.797325 353.183958 84058.269382
310 2.393405 1.864211 14.095032 172.471695 143245.234132
310 8.023799 3.413321 13.534230 162.699755 132073.341617
310 12.907964 4.329282 10.895326 143.591753 85591.080391
310 17.479942 5.037987 9.662283 122.076532 67314.333670
310 25.308775 6.062093 2.090620 316.649055 3151.362877
310 15.234827 4.703334 2.948445 261.727200 6268.073389
310 28.338460 6.414683 5.990123 136.223645 25871.380358
310 23.063316 5.786926 7.669095 121.621993 42406.873512
310 -15.823952 -4.793409 6.918018 5.336601 34507.341720
310 -13.084384 -4.358767 9.387962 100.568169 63546.364994
310 -17.002406 -4.968694 9.044769 288.667982 58985.196905
310 -13.240773 -4.384739 2.763137 153.800238 5504.942366
310 -21.272233 -5.557681 6.352478 325.991949 29096.077950
310 -10.461433 -3.897469 12.095286 106.633654 105482.484967
310 -12.214467 -4.211379 14.412698 54.508503 149774.762528
310 -7.297650 -3.255207 4.535587 201.482120 14832.524413
310 -21.864533 -5.634523 3.478548 159.264612 8724.573238
310 -17.308580 -5.013232 3.182076 285.890691 7300.780453
310 -23.677259 -5.863444 5.708923 153.132374 23499.382372
310 -16.032472 -4.824889 8.745250 312.571358 55143.266687
310 -7.350099 -3.266883 9.130197 162.577520 60104.696525
310 -5.604465 -2.852687 22.589402 345.473118 367923.510919
310 -8.744001 -3.563216 6.718162 312.617560 32542.358265
310 -18.960358 -5.246991 9.365362 323.054364 63240.785528
310 -4.280121 -2.492959 2.915266 141.306469 6127.798821
311 14.367624 4.567510 11.363496 79.652524 93104.789258
311 18.078804 5.123561 3.371557 98.664216 8196.135040
311 25.233241 6.053040 3.669417 251.374727 9708.276528
311 13.269952 4.389567 24.644479 78.807153 437912.510646
311 14.630695 4.609136 2.277538 174.281474 3740.065266
311 11.391026 4.066947 6.426230 221.339587 29775.602887
311 6.262240 3.015448 7.553098 55.132516 41133.753293
311 14.926546 4.655504 11.110599 48.103643 89006.766903
311 13.656703 4.453075 16.307211 19.930912 191737.679209
311 17.553695 5.048604 3.946117 39.901222 11227.627785
311 21.957896 5.646540 4.977930 121.874014 17866.756255
311 30.668520 6.673189 17.557207 208.197485 222258.791569
311 9.477308 3.709621 11.372491 216.147953 93252.247558
311 20.301605 5.429405 3.655862 45.799296 9636.683554
311 13.005065 4.345536 4.661076 102.297270 15664.638546
311 11.364829 4.062267 12.225958 144.746105 107773.969519
311 12.989211 4.342886 9.954817 359.591992 71452.034582
311 17.123544 4.986363 3.665672 9.109400 9688.469977
311 10.022143 3.814761 4.277177 55.311072 13190.540648
311 7.952937 3.398215 7.924533 290.811948 45278.857763
311 15.445001 4.735665 17.025582 126.392621 209002.743190
311 12.652519 4.286231 10.955164 317.581504 86533.806245
311 13.596871 4.443309 16.064450 237.709291 186071.462550
311 7.255072 3.245697 14.107954 53.889452 143508.019384
311 9.029110 3.620842 1.925684 284.192497 2673.734548
311 -3.024015 2.095458 11.562469 167.721731 96393.837737
311 15.213314 4.700012 10.559743 29.744041 80399.768469
311 -5.596449 -2.850646 4.257052 128.953962 13066.699497
311 -12.879960 -4.324584 12.042653 215.166977 104566.469924
311 -15.540562 -4.750293 3.948913 199.188971 11243.541487
311 -9.102874 -3.635602 9.888772 82.508915 70507.093764
311 -9.794118 -3.771114 3.578302 279.242540 9232.135279
311 -24.154185 -5.922202 4.430859 74.569501 14155.455127
311 -7.009383 -3.190266 2.374290 3.862363 4064.580877
311 -13.089526 -4.359624 4.745890 60.446325 16239.903114
311 -17.634598 -5.060225 7.986214 206.049807 45986.458095
311 -23.360970 -5.824149 5.516221 56.384949 21939.738980
311 -13.891329 -4.491164 4.247133 314.629628 13005.880512
311 -9.786525 -3.769652 10.735228 216.970793 83094.180864
311 -33.234618 -6.946762 8.612747 147.836015 53484.938179
311 -18.639707 -5.202434 11.649271 177.801071 97846.563895
311 -25.661221 -6.104157 7.286860 62.165023 38285.026957
311 -23.534670 -5.845762 4.533941 178.676659 14821.757636
311 -19.560999 -5.329452 5.256582 86.424115 19923.007458
312 19.280808 5.291145 3.855627 273.132732 10718.598142
312 20.468556 5.451684 1.804711 259.325292 2348.352871
312 19.012367 5.254182 7.030763 105.828481 35641.256609
312 21.322779 5.564280 4.866641 124.440243 17076.811145
312 7.586502 3.319004 11.763767 215.831776 99779.400588
312 8.888883 3.592615 9.457416 296.908740 64490.101157
312 13.146755 4.369144 4.568417 46.517869 15048.023476
312 18.597995 5.196610 3.446368 178.559887 8563.894840
312 12.827561 4.315778 5.607921 91.456802 22675.235110
312 20.983851 5.519880 20.731866 3.545966 309902.341623
312 17.442454 5.032582 6.148041 335.003008 27253.456132
312 12.426298 4.247740 2.182610 91.718383 3434.792414
312 11.451631 4.077751 8.746921 158.352383 55164.351235
312 13.300570 4.394629 3.791459 337.819217 10364.794384
312 10.472821 3.899589 4.820043 357.621168 16751.349914
312 13.598160 4.443520 4.297529 124.058498 13316.363155
312 14.637425 4.610196 8.654945 193.528068 54010.317767
312 18.636472 5.201983 9.753828 126.250727 68595.920285
312 14.603832 4.604903 5.948607 25.776546 25514.003019
312 21.183395 5.546063 8.820580 128.982639 56097.355164
312 6.528773 3.078951 4.307612 224.976883 13378.924997
312 15.005423 4.667789 17.937009 118.323133 231978.699446
312 24.851143 6.007036 9.660640 58.248900 67291.441066
312 15.829512 4.794251 4.224175 267.314697 12865.652807
312 17.622419 5.058477 8.741861 170.017332 55100.541638
312 16.414652 4.882058 5.407475 302.838659 21083.230919
312 24.688176 5.987307 5.903020 277.887348 25124.448622
312 -17.646103 -5.061875 6.251561 40.509597 28178.959742
312 -13.447805 -4.418885 16.087666 151.454587 186609.669553
312 -12.681753 -4.291180 9.042477 130.703345 58955.302538
312 -2.068851 -1.733212 4.693125 160.419992 15880.799184
312 -17.077470 -4.979650 9.961658 57.566478 71550.283155
312 -25.310729 -6.062327 5.370111 28.314703 20792.877431
312 0.782353 -1.065831 6.168036 113.347338 27431.016619
312 -29.208613 -6.512422 4.290864 62.086503 13275.095917
312 -16.192997 -4.848983 4.063426 255.979891 11905.095610
312 -8.049434 -3.418769 6.049173 103.251434 26383.968705
312 -12.616407 -4.280110 8.302052 132.110831 49695.717915
312 -8.467958 -3.506521 3.904875 175.988740 10994.168176
312 -5.116072 -2.725558 12.760948 212.117790 117412.387849
312 -18.273963 -5.151141 4.734665 120.440955 16163.168675
312 -17.303541 -5.012502 4.726025 158.809082 16104.235087
312 -14.417423 -4.575419 4.952826 82.466690 17687.002013
312 -12.800376 -4.311202 7.208729 52.692635 37468.425805
312 -7.726163 -3.349415 12.535996 250.734035 113309.347317
313 6.104928 2.977332 6.758625 285.266208 32935.542703
313 10.017339 3.813847 4.428202 14.376243 14138.485831
313 17.927439 5.102067 8.087018 114.677261 47154.692569
313 27.131928 6.276642 8.246802 47.652131 49036.474787
313 18.755934 5.218629 7.807682 174.911509 43953.378639
313 12.350617 4.234785 5.362901 223.835573 20737.082247
313 16.885390 4.951566 6.958497 258.329237 34912.343193
313 27.053822 6.267601 4.908193 296.249150 17369.663183
313 10.574406 3.918457 15.210066 330.859763 166805.465376
313 16.285748 4.862850 10.140805 63.783101 74146.896164
313 5.769846 2.894471 3.802492 182.078943 10425.208637
313 23.033662 5.783204 3.208566 150.800827 7422.840890
313 17.177303 4.994184 3.322392 322.957199 7958.842635
313 11.074225 4.009994 7.847448 55.995536 44402.243343
313 5.687573 2.873760 3.236395 174.472774 7552.157240
313 20.712375 5.484057 5.016187 321.165337 18142.433304
313 1.372740 1.411826 6.309353 270.182425 28702.370886
313 11.566659 4.098180 30.404387 311.120479 666531.339099
313 14.908011 4.652613 4.187730 247.371373 12644.608465
313 9.642391 3.741790 3.888943 49.826993 10904.635399
313 5.277284 2.768167 4.519475 268.651401 14727.331745
313 11.789582 4.137483 4.093878 256.951353 12084.197335
313 8.540731 3.521556 2.961278 0.142985 6322.755923
313 15.552377 4.752099 14.521016 38.219329 152034.473476
313 21.380910 5.571859 2.131433 0.969808 3275.605086
313 17.699717 5.069559 8.166339 300.830514 48084.257730
313 22.730958 5.745078 5.767175 342.665745 23981.387335
313 -16.675460 -4.920689 5.090514 197.422041 18684.061910
313 -15.774169 -4.785863 6.647822 20.585378 31864.483738
313 -14.902001 -4.651675 5.942770 327.101556 25463.955550
313 -20.674526 -5.479044 27.895717 243.161914 561077.844911
313 -34.193917 -7.046306 4.896907 128.869517 17289.871782
313 -15.641355 -4.765673 3.850087 356.393266 10687.821651
313 -15.818732 -4.792619 6.795055 9.284562 33291.545971
313 -24.556461 -5.971314 2.909141 158.437087 6102.075974
313 -23.827953 -5.882073 6.175513 193.027375 27497.556362
313 -20.584420 -5.467092 5.799327 333.198707 24249.528832
313 -16.963415 -4.962993 6.497268 180.776170 30437.544226
313 -7.020837 -3.192872 3.255831 87.263552 7643.139219
313 -22.630828 -5.732410 8.662132 66.858101 54100.050880
313 -18.057672 -5.120566 4.972081 120.878152 17824.790469
313 -14.831763 -4.640699 3.193601 275.716033 7353.757453
313 -20.374255 -5.439111 6.647433 46.843848 31860.750420
313 -14.064302 -4.519039 9.660666 4.431892 67291.804048
313 -9.126630 -3.640343 3.876579 98.508831 10835.408918
314 19.470035 5.317046 14.510151 214.315420 151807.042105
314 9.960741 3.803057 9.218694 342.909717 61275.501766
314 16.769539 4.934551 5.166234 338.924253 19244.037659
314 6.580038 3.091016 6.051739 302.007164 26406.358740
314 5.971271 2.944560 9.592638 138.615766 66347.448383
314 16.871644 4.949550 2.791568 342.325249 5618.812522
314 2.838703 2.030238 3.006610 321.412518 6517.819447
314 13.296526 4.393960 18.294398 285.362707 241315.009807
314 20.392458 5.441540 9.697366 35.595948 67804.053453
314 20.201343 5.415981 3.828409 11.999728 10567.805037
314 15.213326 4.700014 10.111956 169.330252 73725.619120
314 10.255544 3.858925 6.189808 215.670542 27625.012721
314 15.087849 4.680591 5.497859 113.071810 21793.913837
314 18.620629 5.199771 2.319471 92.574740 3879.055369
314 7.977696 3.403500 5.223725 154.392366 19674.725092
314 15.031874 4.671901 6.252800 137.753025 28190.138782
314 23.620070 5.856358 14.256083 98.533478 146537.405585
314 6.635466 3.104007 6.933384 133.529931 34660.801176
314 11.551489 4.095492 19.800076 218.597949 282671.353928
314 15.110815 4.684152 5.097643 347.402714 18736.430186
314 4.253016 2.485052 5.060057 62.122540 18461.159295
314 15.065741 4.677161 5.032309 322.101468 18259.238929
314 13.380959 4.407889 13.741289 10.035491 136145.414797
314 8.289320 3.469337 4.096817 73.333347 12101.554610
314 19.537333 5.326227 2.023659 197.286066 2952.724218
314 17.038880 4.974020 2.776628 62.817225 5558.829679
314 14.419343 4.575724 11.866928 227.113334 101537.084432
314 -18.418271 -5.171440 9.474647 103.819830 64725.315214
314 -22.110860 -5.666173 10.280959 56.584644 76210.588145
314 -16.371934 -4.875701 6.766597 305.613055 33013.279174
314 -4.579145 -2.578572 6.970562 54.880255 35033.512343
314 -19.372497 -5.303711 5.787446 212.756828 24150.266820
314 -30.359479 -6.639482 6.967026 151.265083 34997.975036
314 -19.461052 -5.315819 3.319030 143.043943 7942.743343
314 -22.469459 -5.711936 13.883416 165.164240 138976.308659
314 -16.668491 -4.919661 5.531888 328.230401 22064.537519
314 -16.869794 -4.949279 6.371062 309.809626 29266.563697
314 -9.430512 -3.700451 13.421777 85.323604 129887.728067
314 -22.280744 -5.687899 14.452135 86.740327 150595.537049
314 -15.973430 -4.815996 17.058160 225.608458 209803.358546
314 -15.201510 -4.698188 6.901841 206.957601 34346.142141
314 -18.418672 -5.171496 10.870420 1.430870 85200.225469
314 -6.024368 -2.957623 6.913872 321.734011 34465.989374
314 -24.161841 -5.923141 6.502972 355.553248 30491.013325
314 -19.228478 -5.283960 3.664751 97.615030 9683.602221
315 9.931659 3.797502 7.118148 5.193548 36532.731388
315 15.357483 4.722229 14.260837 19.972428 146635.165435
315 10.977058 3.992363 13.857538 62.037424 138458.691335
315 -7.336524 3.263865 5.276405 43.970026 20073.553489
315 10.940142 3.985644 6.513510 290.733154 30589.914810
315 14.270720 4.552081 1.510660 358.720831 1645.438488
315 8.551459 3.523767 5.289814 152.270331 20175.715577
315 6.506961 3.073804 9.175922 115.810068 60708.221062
315 11.404108 4.069281 7.604336 236.548170 41693.718504
315 34.004282 7.026739 3.389761 64.460626 8284.878296
315 13.920900 4.495942 4.516637 135.303469 14708.841016
315 28.067102 6.383896 17.884368 344.848161 230619.095878
315 25.469631 6.081327 8.686602 292.125191 54406.144990
315 17.927579 5.102087 7.869625 182.706825 44653.562832
315 9.464500 3.707114 8.110923 81.828189 47433.875801
315 12.342247 4.233350 8.771254 247.559462 55471.691439
315 13.384399 4.408456 3.060720 46.809838 6754.530727
315 14.389319 4.570957 15.483685 310.090092 172860.894022
315 13.918681 4.495584 14.566069 68.359851 152979.339386
315 9.691441 3.751295 15.849910 77.233697 181134.698889
315 8.420948 3.496774 4.323090 258.181057 13475.242366
315 14.965546 4.661582 8.910550 199.357292 57247.572731
315 3.992966 2.407880 3.831980 59.917473 10587.524741
315 3.513265 2.258617 13.368549 230.575406 128859.547715
315 7.783154 3.361746 5.974551 291.924818 25737.042271
315 8.458606 3.504584 5.918282 300.644614 25254.534276
315 -11.227402 -4.037632 6.972819 142.293869 35056.203555
315 -13.346113 -4.402146 4.510042 157.179761 14665.919733
315 -11.077929 -4.010664 9.964652 16.777639 71593.297927
315 -11.015724 -3.999388 2.630176 345.794418 4987.897947
315 -13.593798 -4.442807 30.874282 152.557037 687292.817386
315 -17.112551 -4.984762 5.396668 305.287874 20999.045466
315 -25.577861 -6.094234 15.933643 54.519516 183053.589448
315 -11.419501 -4.072027 4.608541 139.681428 15313.516055
315 -16.077411 -4.831646 3.490219 200.020790 8783.215382
315 -12.782027 -4.308111 4.973714 193.345654 17836.504816
315 -19.658700 -5.342745 10.322941 326.616316 76834.276202
315 -25.964466 -6.140118 3.539389 283.949395 9032.432113
315 -15.940424 -4.811018 11.613163 322.831779 97240.934713
315 -14.342620 -4.563534 7.556542 144.778732 41171.270375
315 1.346132 -1.398076 9.289356 66.254612 62218.460714
315 -16.198581 -4.849819 6.244659 69.753249 28116.776697
315 -13.189450 -4.376233 3.864599 20.014479 10768.543782
315 -3.557892 -2.272916 6.246049 22.532665 28129.291995
316 6.380961 3.043898 8.801042 274.500329 55849.112444
316 11.690173 4.120003 7.947794 102.936569 45545.060757
316 12.198391 4.208606 4.153810 55.349489 12440.599390
316 14.504158 4.589161 4.871219 200.109043 17108.954038
316 10.763668 3.953368 4.436213 174.023149 14189.691076
316 6.225492 3.006588 5.877101 292.583240 24904.305450
316 7.348405 3.266507 14.627160 164.134064 154265.242430
316 17.930695 5.102531 2.631631 234.389203 4993.420273
316 8.625613 3.539012 11.062809 231.807956 88242.715985
316 4.620361 2.590151 8.468745 67.937297 51711.391604
316 7.654465 3.333838 7.582740 286.214230 41457.242616
316 1.543798 1.497209 8.722248 38.912926 54853.568453
316 8.555139 3.524525 7.547966 161.168217 41077.867172
316 17.383489 5.024068 3.091193 166.745590 6889.698194
316 13.198114 4.377670 9.290251 344.098091 62230.452943
316 8.981835 3.611350 3.319654 152.408403 7945.726327
316 21.178709 5.545450 9.912840 13.779912 70850.717417
316 7.192916 3.231763 5.820121 155.850723 24423.736897
316 17.483836 5.038548 15.765834 7.953817 179218.151855
316 0.193725 0.530371 4.775411 237.010931 16442.568405
316 10.021306 3.814602 6.957649 352.238193 34903.833980
316 16.658398 4.918172 5.502089 341.506813 21827.468619
316 17.045428 4.974976 8.097268 159.223881 47274.304863
316 3.648869 2.301793 2.388203 70.163705 4112.353391
316 5.799691 2.901947 3.983761 130.489696 11442.858837
316 4.415900 2.532192 8.527917 328.037407 52436.535484
316 -24.552066 -5.970780 11.328409 277.555126 92530.716590
316 -14.491339 -4.587133 13.247577 181.461315 126537.995474
316 -22.151698 -5.671404 6.195351 132.989510 27674.510632
316 1.328858 -1.389077 5.800979 133.357664 24263.344031
316 -29.101419 -6.500461 10.339055 195.705908 77074.324251
316 -13.352943 -4.403272 3.370330 260.845521 8190.169989
316 -11.165262 -4.026443 9.711434 257.746615 68000.921963
316 -9.976366 -3.806039 1.865912 251.054565 2510.326587
316 -25.680821 -6.106488 4.277185 119.927804 13190.589010
316 -7.259152 -3.246609 3.140585 136.482844 7111.631975
316 -28.258010 -6.405571 12.579889 266.213066 114104.211626
316 -22.296547 -5.689916 4.509910 148.647062 14665.062497
316 -6.227546 -3.007084 5.474685 74.844907 21610.576942
316 -24.659569 -5.983837 3.960178 307.266674 11307.782282
316 -18.131203 -5.130980 8.475623 194.356550 51795.420791
316 7.579511 -3.317475 8.768421 54.829937 55435.863547
316 -30.170355 -6.618770 20.764016 263.317226 310864.242942
316 -5.922962 -2.932625 8.186862 10.402116 48326.243054
317 -4.709395 2.614987 11.839697 303.629953 101071.627197
317 1.335735 1.392667 8.191142 276.811387 48376.779909
317 13.772577 4.471926 6.678958 308.640827 32163.662478
317 22.020669 5.654605 5.985842 105.189024 25834.412631
317 26.024825 6.147251 11.116428 334.947626 89100.174437
317 14.396483 4.572095 16.668663 114.337913 200331.669520
317 12.556449 4.269927 7.705939 168.461737 42815.316216
317 4.366993 2.518131 2.710467 312.375322 5297.076131
317 12.872256 4.323290 19.064217 198.506653 262051.114420
317 2.030714 1.717163 6.408501 303.460250 29611.542580
317 8.248066 3.460693 3.096870 83.161481 6915.028897
317 6.267613 3.016742 10.461354 252.924405 78908.518249
317 21.135654 5.539810 12.156105 148.721402 106545.957410
317 15.848766 4.797166 16.183152 60.032814 188831.437299
317 22.603368 5.728931 4.043839 95.436889 11790.594801
317 22.453721 5.709936 27.457680 4.789157 543595.388357
317 9.811172 3.774396 6.502357 192.609036 30485.243714
317 23.963124 5.898733 9.709348 248.823845 67971.714386
317 15.719657 4.777587 5.837182 238.909037 24567.133623
317 11.284995 4.047974 3.737854 33.959317 10073.788049
317 26.810904 6.239399 2.679323 275.703638 5176.045282
317 24.334885 5.944313 7.962285 141.298596 45711.288022
317 10.851281 3.969425 6.822267 326.396823 33558.725023
317 19.038007 5.257724 10.925926 247.915333 86072.540530
317 12.352257 4.235066 3.977021 200.025271 11404.176348
317 23.514122 5.843209 11.854583 6.208468 101325.944829
317 -19.020831 -5.255352 14.845282 236.103284 158900.400942
317 -16.606400 -4.910490 3.181581 263.225100 7298.507456
317 -20.735419 -5.487107 4.044801 309.606373 11796.207774
317 -11.284049 -4.047804 7.807896 335.305976 43955.787640
317 -14.536780 -4.594319 3.296904 179.612778 7837.195733
317 -26.748492 -6.232133 8.768844 6.146708 55441.218843
317 -16.633044 -4.914427 3.549396 68.454745 9083.580613
317 -16.595630 -4.908897 5.807266 348.182537 24315.961733
317 -4.974584 -2.687605 8.227924 59.014354 48812.228341
317 -9.880433 -3.787695 7.337815 286.153081 38822.325021
317 -16.759538 -4.933079 3.537495 321.857011 9022.768942
317 -9.169663 -3.648915 3.936863 80.375412 11175.032140
317 -20.231607 -5.420037 6.847261 180.057713 33805.067635
317 -15.650304 -4.767036 9.547633 226.853321 65726.343512
317 -25.565543 -6.092767 9.603203 128.796150 66493.665979
317 -12.263793 -4.219874 10.698900 347.150451 82532.747801
317 -16.771399 -4.934824 9.822629 282.860636 69567.043143
317 -7.478894 -3.295382 6.010251 102.769140 26045.532057
318 15.999143 4.819871 2.371058 21.749422 4053.521506
318 13.441392 4.417832 7.456588 190.732660 40089.291017
318 13.715139 4.462592 2.309464 87.127097 3845.656783
318 8.480455 3.509107 12.453756 213.595295 111827.534489
318 14.663443 4.614292 7.132857 97.969452 36683.870777
318 23.552383 5.847961 16.887816 162.804871 205634.055915
318 11.676761 4.117639 8.823445 128.148637 56133.800026
318 13.268779 4.389373 6.883426 184.383181 34163.111762
318 12.328214 4.230943 6.643844 322.610980 31826.356347
318 15.208022 4.699194 9.419937 185.149140 63979.972667
318 21.302924 5.561688 4.824356 272.358557 16781.346741
318 10.466187 3.898354 4.656164 166.471532 15631.642675
318 2.380079 1.859014 10.528700 117.205606 79927.752189
318 18.504022 5.183464 4.503064 121.797224 14620.568796
318 11.764867 4.133144 4.024687 339.915624 11679.177506
318 5.883599 2.922864 6.872384 51.371503 34053.589533
318 12.102204 4.191981 5.886402 304.835955 24983.189783
318 11.452847 4.077968 9.399892 179.278286 63707.977129
318 4.513555 2.560038 7.029461 128.127144 35628.053152
318 3.511254 2.257970 2.178673 218.069835 3422.411191
318 15.436419 4.734350 7.937967 113.022373 45432.504973
318 4.677576 2.606138 3.369450 156.548510 8185.893831
318 20.369009 5.438411 3.737421 27.527750 10071.452458
318 7.612363 3.324657 9.775024 336.300682 68894.375117
318 6.562778 3.086959 4.297758 296.543398 13317.784369
318 13.607321 4.445016 14.403978 345.849976 149593.581935
318 -24.548016 -5.970288 13.994943 119.335562 141218.087152
318 -14.526900 -4.592758 2.525118 170.831800 4597.392176
318 1.155724 -1.295431 6.721769 352.233742 32577.313849
318 -25.533954 -6.089001 5.210319 66.934763 19573.872931
318 -12.957296 -4.337547 1.950862 199.708730 2744.109100
318 -9.963263 -3.803539 7.869358 4.143672 44650.532670
318 -19.683173 -5.346070 5.656778 182.363015 23072.059355
318 -14.513597 -4.590654 5.301966 331.730407 20268.518201
318 -25.732203 -6.112594 4.304198 200.941490 13357.728065
318 -20.583014 -5.466905 9.257359 199.820937 61790.588521
318 -19.792658 -5.360917 5.928586 208.634586 25342.546986
318 -18.921384 -5.241595 7.998099 299.810982 46123.436345
318 -8.276193 -3.466589 14.008135 68.010091 141484.447791
318 -6.650202 -3.107452 6.890571 339.604842 34234.069926
318 -12.230873 -4.214206 6.448481 271.427516 29982.163878
318 -24.375323 -5.949250 11.141007 92.309695 89494.635315
318 -2.624877 -1.952277 14.611998 101.076729 153945.599019
318 -25.486232 -6.083309 7.736588 279.251666 43156.584267
319 21.406022 5.575130 8.871065 130.956614 56741.340158
319 9.086440 3.632319 9.804414 251.245886 69309.279079
319 6.191913 2.998468 7.604961 36.895772 41700.580455
319 14.059817 4.518319 8.171213 304.012299 48141.670967
319 11.696238 4.121072 7.522322 22.956626 40799.219839
319 18.822651 5.227902 6.139606 108.887902 27178.721419
319 9.828119 3.777655 4.472526 183.912151 14422.938131
319 7.753400 3.355314 2.520750 311.472709 4581.498836
319 15.788399 4.788021 8.709388 113.570780 54691.944980
319 -0.555298 0.897945 6.853372 211.283517 33865.437985
319 15.320742 4.716577 7.867507 97.728177 44629.529465
319 3.477470 2.247081 4.922135 355.572715 17468.477353
319 19.277001 5.290623 4.854377 156.084484 16990.852089
319 25.256155 6.055788 13.359816 340.422131 128691.254905
319 12.746451 4.302112 29.400177 247.877778 623229.464236
319 3.979687 2.403873 6.305101 284.095191 28663.694561
319 21.988134 5.650426 2.207226 200.298410 3512.704096
319 22.857684 5.761070 9.570541 257.671999 66042.127930
319 9.278884 3.670582 3.497056 205.641565 8817.657188
319 4.937902 2.677678 15.053913 207.169351 163398.046210
319 26.120204 6.158505 8.395709 24.878416 50823.295519
319 21.571685 5.596662 9.591619 302.401723 66333.342901
319 17.131123 4.987466 2.392657 253.369986 4127.706821
319 20.237370 5.420809 9.058183 58.894942 59160.287263
319 19.305058 5.294471 10.364581 295.486221 77455.378215
319 10.563451 3.916426 6.889586 54.961173 34224.284805
319 -14.945979 -4.658534 7.043439 349.199765 35769.891560
319 -15.538609 -4.749995 7.611185 330.814353 41768.864704
319 -19.597534 -5.334427 4.752790 264.972537 16287.160863
319 -17.653534 -5.062941 2.157119 158.349053 3355.028769
319 -5.649694 -2.864175 5.454753 300.450809 21453.501911
319 -11.421230 -4.072335 6.090745 186.941574 26747.847641
319 -16.988595 -4.966675 4.156055 335.278912 12454.050767
319 -13.508628 -4.428867 3.360890 146.848210 8144.354774
319 -19.332040 -5.298170 4.344704 347.247428 13610.321914
319 -15.187082 -4.695958 8.704473 204.089017 54630.237427
319 -12.750622 -4.302816 7.578638 119.977317 41412.401105
319 -22.837532 -5.758530 16.732314 285.143803 201864.561298
319 -16.001992 -4.820300 5.153264 265.957856 19147.532436
319 -23.896085 -5.890476 2.883197 274.740499 5993.724272
319 -8.480294 -3.509074 7.084469 104.685067 36187.843834
319 -15.898805 -4.804733 5.485111 53.055350 21692.965342
319 -14.145662 -4.532092 7.010514 262.690285 35436.257497
319 -15.969094 -4.815343 2.615106 270.259423 4930.904625
320 19.688795 5.346833 8.528982 189.687518 52449.640251
320 3.764131 2.337865 6.476095 277.245524 30239.496691
320 12.682958 4.291384 13.982114 186.040549 140959.313159
320 12.786329 4.308836 5.624357 276.770738 22808.348323
320 15.166167 4.692723 5.299309 70.535813 20248.206549
320 5.371029 2.792645 12.472482 74.862134 112164.095759
320 5.041141 2.705525 18.248196 152.460405 240097.675966
320 23.661580 5.861502 4.352313 9.552705 13658.035791
320 16.041436 4.826237 5.538223 348.702914 22115.098925
320 12.291166 4.224580 12.600994 76.844456 114487.396948
320 20.897372 5.508494 5.079067 162.740357 18600.132315
320 6.536265 3.080717 3.798661 178.527640 10404.211485
320 14.752928 4.628350 6.993186 240.550891 35261.290381
320 17.587309 5.053436 7.490049 266.553397 40449.893033
320 7.468056 3.292993 6.099928 347.916668 26828.571529
320 11.464618 4.080063 3.393939 351.622750 8305.317647
320 10.690854 3.939973 3.147153 43.663945 7141.408414
320 5.653499 2.865139 13.247561 143.756133 126537.701381
320 7.182279 3.229373 10.287925 92.202459 76313.906811
320 14.365015 4.567095 14.352612 233.320018 148528.553835
320 13.180805 4.374798 8.240803 289.455316 48965.159085
320 7.904953 3.387948 4.943162 342.329288 17618.050330
320 15.471839 4.739778 11.707886 234.656110 98833.703304
320 14.608273 4.605603 13.068934 282.752028 123148.286791
320 25.823769 6.123460 12.984892 331.733686 121569.532957
320 -13.896859 -4.492058 16.668129 122.789151 200318.843393
320 -5.326726 -2.781104 12.772896 72.676130 117632.361386
320 -15.889815 -4.803375 17.559545 236.766882 222317.982732
320 -15.221303 -4.701246 6.749225 3.060544 32843.985439
320 -19.512423 -5.322831 4.955742 83.392942 17707.836911
320 -11.943196 -4.164351 15.676978 43.995479 177203.701457
320 -11.900485 -4.156898 1.512361 297.689021 1649.145726
320 -23.474337 -5.838264 6.728382 229.236359 32641.447694
320 -17.830392 -5.088239 5.697014 267.066686 23401.443616
320 -16.688131 -4.922559 19.573026 226.066110 276225.671230
320 -13.898114 -4.492261 4.244102 6.476826 12987.327622
320 -18.088612 -5.124950 22.151587 13.014160 353799.944210
320 -18.555007 -5.190601 2.600300 149.706887 4875.227783
320 -10.437935 -3.893089 2.441961 139.468288 4299.573898
320 -12.160475 -4.202061 6.272666 49.022414 28369.543249
320 -8.610149 -3.535838 2.554390 100.508163 4704.596479
320 -17.338870 -5.017616 2.915218 72.484076 6127.594477
320 -18.040264 -5.118097 8.440710 104.108254 51369.588110
320 -21.217134 -5.550478 10.173721 328.257014 74629.019941
321 9.017316 3.618476 6.968154 281.065067 35009.311445
321 19.583274 5.332486 4.575442 121.463820 15094.341529
321 1.271093 1.358550 5.507934 35.340860 21873.862799
321 11.974156 4.169745 9.279926 153.052392 62092.203121
321 0.655712 0.975761 7.594484 282.567075 41585.761962
321 14.067521 4.519557 10.189317 163.071623 74857.993620
321 15.499929 4.744079 9.666866 330.998184 67378.206501
321 4.649814 2.598393 6.628880 329.303409 31683.154137
321 16.744767 4.930905 10.642276 29.724742 81661.458247
321 19.346106 5.300097 7.805583 164.350314 43929.756496
321 20.638364 5.474251 4.830702 10.243315 16825.523829
321 3.686328 2.313577 5.875944 148.137839 24894.495221
321 11.708383 4.123210 3.729243 193.716163 10027.426485
321 5.630434 2.859288 2.685357 84.634822 5199.387437
321 0.529675 0.876984 10.919974 263.489168 85978.778784
321 16.249006 4.857362 13.521273 190.486178 131820.594897
321 10.863848 3.971722 6.536703 108.018236 30808.147552
321 6.753329 3.131454 4.399659 175.175379 13956.808296
321 16.242545 4.856396 4.188159 264.383356 12647.202222
321 3.536895 2.266200 6.292377 303.330231 28548.121538
321 7.690211 3.341613 3.253087 194.891161 7630.260638
321 22.477267 5.712929 11.812432 210.008466 100606.656240
321 2.707299 1.982692 17.609249 234.106869 223578.352735
321 18.720725 5.213728 6.404594 266.719951 29575.448538
321 24.446417 5.957920 8.242072 61.214637 48980.232704
321 -13.678394 -4.456610 4.044535 294.177500 11794.653518
321 -7.868470 -3.380121 2.719763 261.220041 5333.473118
321 -15.548339 -4.751482 1.596678 348.362729 1838.156531
321 -29.948316 -6.594369 3.181262 343.817889 7297.044781
321 -25.025074 -6.028021 11.324529 68.671577 92467.338577
321 -6.809655 -3.144486 6.133329 127.716209 27123.180394
321 -8.298742 -3.471308 4.045477 245.099264 11800.150365
321 -21.550194 -5.593873 3.906642 2.656118 11004.121951
321 -15.912677 -4.806829 22.464713 99.792543 363872.978846
321 -21.679936 -5.610687 1.413359 41.998845 1440.300084
321 -22.388197 -5.701598 5.260017 42.704921 19949.054572
321 -7.977822 -3.403527 5.977986 174.238380 25766.640071
321 -17.121605 -4.986081 5.963425 86.809859 25641.274993
321 -13.816558 -4.479061 8.594933 260.218102 53263.909580
321 -8.333103 -3.478487 3.789019 44.805797 10351.461211
321 -11.681618 -4.118495 8.948092 324.650444 57730.982100
321 -15.402465 -4.729140 4.942637 74.954486 17614.303726
321 -3.067391 -2.110433 12.403434 68.345552 110925.636650
321 -9.874082 -3.786478 13.937715 160.589421 140065.513534
322 13.100074 4.361380 3.167402 315.304374 7233.600405
322 11.951598 4.165815 4.219689 37.173970 12838.340489
322 -1.441244 1.446625 4.440309 198.400314 14215.902154
322 7.379958 3.273512 7.665941 224.404925 42372.003420
322 3.583999 2.281240 13.496933 286.206499 131346.422496
322 18.885372 5.236605 2.953332 158.638490 6288.870626
322 12.181635 4.205715 9.980694 197.563031 71823.997459
322 9.287075 3.672202 6.239886 140.530642 28073.812318
322 5.395086 2.798893 3.623869 122.253320 9468.756397
322 13.416492 4.413738 5.516121 321.672647 21938.936443
322 10.881481 3.974944 6.008375 302.595153 26029.277477
322 12.126474 4.196182 5.415876 267.410815 21148.788778
322 6.491387 3.070123 6.776034 356.792251 33105.431597
322 25.798300 6.120439 10.789321 204.734909 83933.692028
322 13.123658 4.365304 4.511686 43.021727 14676.609693
322 16.203451 4.850548 6.894230 168.547866 34270.431070
322 2.079706 1.737753 6.612044 323.420280 31522.416058
322 10.608592 3.924786 1.980461 238.568107 2828.007177
322 0.364751 0.727755 7.679235 188.641045 42519.089103
322 16.045037 4.826779 2.151825 254.643747 3338.582572
322 10.871614 3.973142 18.271190 259.737815 240703.140773
322 1.728214 1.584112 7.484513 79.087016 40390.121598
322 28.656982 6.450632 14.198075 29.230829 145347.304182
322 12.207318 4.210146 4.455255 320.333646 14311.766806
322 -2.982215 2.080925 7.553865 78.609499 41142.099956
322 -14.929853 -4.656020 6.843835 155.982217 33771.253009
322 -14.963649 -4.661287 7.050536 21.435175 35842.005173
322 -16.888485 -4.952020 5.115312 78.601650 18866.541664
322 -12.940850 -4.334794 7.637652 261.804172 42059.862712
322 -19.836322 -5.366827 11.687607 79.834883 98491.624292
322 -13.523767 -4.431348 4.542506 122.984584 14877.813041
322 -24.543665 -5.969758 22.829424 218.867620 375783.745900
322 -1.351992 -1.401116 11.003887 224.392051 87305.236283
322 -21.172833 -5.544681 5.235495 356.017218 19763.488494
322 -28.140653 -6.392256 2.187389 199.283633 3449.850456
322 -16.279410 -4.861904 5.973595 18.998119 25728.807411
322 -13.806566 -4.477441 3.073868 295.839369 6812.686785
322 -18.743548 -5.216905 8.820532 216.653438 56096.742419
322 -15.962718 -4.814381 29.023015 167.125417 607341.754866
322 -6.095371 -2.975001 7.165702 279.818604 37022.488365
322 -10.015113 -3.813423 6.835578 29.828464 33689.813964
322 -21.502483 -5.587678 12.831546 297.380883 118715.116685
322 -17.192645 -4.996414 7.766856 149.524953 43494.921878
322 -21.114095 -5.536984 5.485295 211.142118 21694.418425
323 15.559143 4.753132 5.012842 24.586322 18118.245276
323 5.142378 2.732556 13.957968 116.415772 140472.881593
323 20.321360 5.432046 6.811849 271.132511 33456.313970
323 15.172179 4.693654 7.015012 339.295088 35481.735728
323 19.019836 5.255214 5.015221 206.269440 18135.443312
323 19.152406 5.273497 8.353843 145.498020 50317.693869
323 10.360075 3.878542 7.556061 115.470817 41166.024783
323 16.990035 4.966886 3.584980 271.496596 9266.622830
323 2.181165 1.779636 7.093979 299.259602 36285.062033
323 11.071595 4.009518 7.962220 304.327194 45710.544546
323 1.024848 1.219879 6.286600 306.494871 28495.730348
323 7.084733 3.207368 3.949122 338.322495 11244.733992
323 14.813441 4.637832 5.756719 129.033145 23894.512099
323 10.059041 3.821777 3.705804 337.875682 9901.771089
323 7.215029 3.236727 9.648955 250.449876 67128.766890
323 16.899373 4.953616 3.339497 306.019094 8041.000864
323 4.674519 2.605287 7.912331 52.469579 45139.517668
323 8.282336 3.467875 16.713382 236.908975 201408.012963
323 6.978203 3.183163 13.182507 110.417782 125297.977992
323 22.242038 5.682957 7.480035 325.443776 40341.803355
323 11.425248 4.073051 5.759476 69.657147 23917.405132
323 15.580910 4.756456 5.496999 202.284584 21787.101334
323 13.569244 4.438793 8.147811 142.550755 47866.306114
323 12.019209 4.177582 5.440698 169.208393 21343.091224
323 -29.103749 -6.500721 4.360432 71.108966 13709.040858
323 -8.502856 -3.513739 19.633847 68.643473 277945.004638
323 -12.558576 -4.270289 3.079214 123.596541 6836.406456
323 -9.320832 -3.678870 5.908556 47.404623 25171.600195
323 -21.916619 -5.641230 3.373413 16.676334 8205.159216
323 -15.705271 -4.775400 12.641863 70.919148 115231.234375
323 -16.960874 -4.962622 5.480603 298.383659 21657.318776
323 -8.684243 -3.551019 4.308511 78.913614 13384.508712
323 -15.164874 -4.692523 3.620694 178.487368 9452.171685
323 -5.234310 -2.756873 9.226526 245.006599 61379.658159
323 -22.268947 -5.686393 8.030831 72.039329 46501.727758
323 -12.085611 -4.189106 7.763298 48.672780 43455.080316
323 -7.147834 -3.221620 3.971913 330.806451 11374.896607
323 -6.758280 -3.132601 4.748884 234.225195 16260.400888
323 -20.014335 -5.390855 3.631995 342.021969 9511.268465
323 -22.070247 -5.660967 10.978246 63.850693 86898.837115
323 -14.236092 -4.546555 6.797745 200.081260 33317.912326
323 -17.408730 -5.027714 5.112788 152.498377 18847.931801
323 -9.684182 -3.749890 8.226090 72.857909 48790.471060
324 23.717697 5.868449 5.321492 52.457601 20418.083746
324 19.212100 5.281709 9.988847 23.143443 71941.381372
324 10.927510 3.983343 6.806901 221.576781 33407.723347
324 2.554608 1.925969 3.288453 318.277805 7797.069061
324 12.772246 4.306463 4.498521 267.748370 14591.087558
324 20.862047 5.503836 8.985721 301.265486 58217.551649
324 19.141931 5.272055 15.760639 144.123915 179100.053683
324 8.457947 3.504447 6.715340 140.016085 32515.025322
324 10.860687 3.971145 3.764243 179.063246 10216.529181
324 17.631118 5.059726 22.755580 168.790706 373356.635446
324 10.994824 3.995593 5.688423 60.426287 23330.921097
324 22.034650 5.656400 11.552699 113.789765 96230.997544
324 10.492686 3.903286 3.628217 172.332638 9491.493996
324 18.831812 5.229174 2.699268 23.525748 5253.395856
324 24.369061 5.948486 5.913667 24.688567 25215.163357
324 11.817106 4.142310 7.121518 144.437275 36567.328773
324 19.438351 5.312718 4.984009 162.559232 17910.418443
324 3.992942 2.407873 12.298396 100.695830 109054.854077
324 10.895229 3.977454 5.816880 37.069663 24396.545062
324 14.814075 4.637931 28.754645 267.172993 596161.735739
324 13.526256 4.431756 4.173542 93.526991 12559.073052
324 12.505388 4.261236 4.255546 38.360233 13057.458427
324 16.865250 4.948612 9.465080 55.420404 64594.659607
324 9.906858 3.792757 11.949948 334.573110 102962.744995
324 -23.429993 -5.832747 4.514177 102.051392 14692.822734
324 -32.010666 -6.817645 9.662457 350.250668 67316.764669
324 -22.084739 -5.662826 8.306913 11.071023 49753.931744
324 2.521999 -1.913637 5.070043 29.415894 18534.091538
324 -16.717198 -4.926844 40.716096 225.852975 1195309.409993
324 -5.908538 -2.929052 15.297216 259.476503 168722.452848
324 -16.914443 -4.955824 6.990868 274.838863 35237.918983
324 -17.602393 -5.055602 6.120828 51.874758 27012.729844
324 -18.731553 -5.215236 3.116737 58.621817 7004.037257
324 -16.562339 -4.903971 11.882883 241.562965 101810.293850
324 -7.604618 -3.322965 13.058873 170.041322 122958.753387
324 -14.750131 -4.627911 7.505474 280.768908 40616.675529
324 -13.351836 -4.403090 17.725913 178.114402 226550.635477
324 -4.482630 -2.551253 4.742291 40.028374 16215.278057
324 -16.706961 -4.925335 5.071872 234.179500 18547.472054
324 -14.549770 -4.596371 17.030921 118.111615 209133.847280
324 -18.984582 -5.250342 9.945398 30.059903 71316.886597
324 -9.601722 -3.733891 8.815319 309.622576 56030.459949
324 -10.054954 -3.821000 3.724145 166.802129 10000.029232
325 0.857051 1.115554 14.819932 130.915463 158358.185833
325 11.298085 4.050321 3.579568 136.038012 9238.666185
325 8.052916 3.419508 5.182218 225.342182 19363.306207
325 26.231592 6.171623 5.945157 195.768371 25484.416256
325 24.830475 6.004537 5.532310 301.835435 22067.906085
325 15.758225 4.783444 6.427170 203.218116 29784.321564
325 15.104591 4.683187 4.761061 343.751233 16343.893117
325 11.317620 4.053821 6.306199 1.159714 28673.676947
325 2.008370 1.707690 4.571661 80.860987 15069.404646
325 13.134390 4.367089 5.545619 242.633007 22174.208218
325 2.210890 1.791722 4.777852 249.353940 16459.377680
325 10.485869 3.902018 6.179523 81.603696 27533.283122
325 14.522324 4.592034 6.136884 150.773192 27154.630469
325 6.631434 3.103064 5.956242 284.205983 25579.537834
325 10.845212 3.968314 18.036912 345.246625 234569.980052
325 10.264513 3.860612 1.815730 314.387848 2377.116240
325 18.927481 5.242440 7.625739 306.306328 41928.755209
325 22.436567 5.707754 10.021656 254.137989 72414.757984
325 6.129872 2.983409 7.210998 274.614195 37492.016480
325 7.049295 3.199336 6.373305 129.171212 29287.171395
325 9.194617 3.653876 14.233747 157.710655 146078.576582
325 9.826894 3.777419 5.670128 214.391269 23181.090490
325 12.892369 4.326666 3.371877 233.734272 8197.690923
325 -14.586135 -4.602112 11.584279 47.397436 96757.824196
325 -22.493757 -5.715024 3.441255 65.122906 8538.504750
325 -13.000327 -4.344744 3.677580 240.594881 9751.519744
325 -18.204980 -5.141409 17.421230 61.658112 218829.425733
325 -11.165198 -4.026431 4.184673 9.559084 12626.153271
325 -9.277042 -3.670218 6.395745 16.157343 29493.773373
325 -13.147553 -4.369276 3.507125 24.374832 8868.509700
325 -16.091411 -4.833749 3.683962 113.483566 9785.397370
325 -25.537172 -6.089385 8.130090 345.789430 47658.322279
325 -17.072650 -4.978947 10.959681 172.445498 86605.183798
325 -14.659983 -4.613747 10.154111 293.063518 74341.590341
325 -8.607476 -3.535289 1.888481 36.825809 2571.422523
325 -14.861586 -4.645363 5.338896 61.839949 20551.852931
325 -12.651339 -4.286031 5.945209 173.203352 25484.863979
325 -19.099180 -5.266164 4.181962 32.065440 12609.800095
325 -7.628504 -3.328179 5.345833 143.767887 20605.295907
325 -18.515494 -5.185071 5.218419 330.890796 19634.778043
325 -17.944348 -5.104473 4.253676 226.031667 13045.984386
326 10.192721 3.847088 6.798322 247.231155 33323.574100
326 2.911796 2.056210 8.087604 154.116664 47161.526284
326 20.022128 5.391904 3.375734 297.009085 8216.455271
326 2.408665 1.870145 3.204413 45.397266 7403.637042
326 13.741210 4.466831 13.796787 233.666643 137247.363265
326 16.850564 4.946457 2.179176 185.830056 3423.991308
326 16.941345 4.959764 13.655595 275.937452 134452.641141
326 13.905955 4.493528 13.277871 271.327855 127117.389903
326 15.284028 4.710922 3.705540 61.742021 9900.363825
326 11.369000 4.063013 8.379880 8.288057 50631.831867
326 7.581541 3.317919 5.071153 173.220244 18542.209431
326 14.399911 4.572639 8.028815 278.073201 46478.375758
326 13.379595 4.407664 6.714807 12.016897 32509.865024
326 3.340317 2.202322 13.660941 7.125851 134557.941851
326 17.534058 5.045779 4.554124 84.245040 14954.014596
326 9.220543 3.659024 10.111368 239.632082 73717.042846
326 12.228582 4.213811 6.740127 200.838329 32755.502167
326 10.959881 3.989238 15.616146 79.340237 175831.143711
326 13.698300 4.459851 6.292795 255.620866 28551.913947
326 11.466794 4.080450 5.364648 253.281225 20750.596847
326 4.847934 2.653172 11.423497 17.107391 94090.600735
326 20.189837 5.414439 15.735123 305.876002 178520.605957
326 15.280791 4.710424 4.810122 23.585250 16682.468859
326 -19.980798 -5.386336 11.849675 92.207064 101242.053586
326 -11.676480 -4.117589 4.144644 160.611227 12385.754272
326 -13.641425 -4.450583 3.718479 257.894303 9969.624139
326 -5.532990 -2.834438 12.953906 257.654453 120990.030181
326 -22.598894 -5.728364 10.403642 168.019696 78040.296546
326 -7.381039 -3.273752 3.744953 281.634387 10112.088717
326 -14.696682 -4.619518 6.971163 102.250131 35039.554569
326 -12.958621 -4.337769 13.131185 190.320129 124324.275965
326 -19.274957 -5.290342 9.759659 9.290282 68677.960892
326 -17.428118 -5.030513 5.193814 311.024301 19450.057923
326 -14.881152 -4.648420 4.218411 303.750971 12830.568311
326 -16.462144 -4.889115 18.103933 90.531098 236316.436671
326 -4.847463 -2.653043 2.882906 329.002876 5992.515176
326 -13.464943 -4.421700 6.124535 261.417691 27045.457420
326 -9.837340 -3.779426 4.408706 305.982277 14014.262920
326 -4.660668 -2.601424 9.442092 258.080243 64281.276922
326 -9.806189 -3.773438 6.290461 244.595539 28530.738200
326 -15.678702 -4.771359 6.880907 108.299772 34138.106766
327 13.523908 4.431371 11.495205 42.060921 95275.558054
327 7.392140 3.276213 1.948269 50.046393 2736.817817
327 24.834714 6.005050 9.728754 164.781073 68243.686374
327 13.985833 4.506415 1.997101 181.301442 2875.730739
327 9.537142 3.721313 7.560082 214.195045 41209.855627
327 13.650532 4.452068 3.648862 98.970222 9599.818091
327 20.769550 5.491621 10.049577 307.684691 72818.822005
327 11.989369 4.172393 1.371323 103.302116 1355.900684
327 14.432514 4.577813 5.111804 345.941107 18840.672055
327 19.812439 5.363596 15.080930 104.165633 163985.064467
327 -1.970837 1.691657 2.524726 253.214648 4595.962422
327 8.614820 3.536797 7.012209 270.047436 35453.388336
327 16.721807 4.927523 10.912372 234.402780 85859.113026
327 20.435417 5.447269 7.780579 131.543203 43648.755542
327 8.674627 3.549053 23.513599 295.008932 398644.966726
327 12.776597 4.307196 6.437488 205.698823 29880.026643
327 20.879482 5.506136 6.764235 69.622382 32990.236276
327 8.913210 3.597528 5.552112 236.724128 22226.164869
327 13.811502 4.478241 3.430753 68.131925 8486.469884
327 7.536618 3.308075 13.979937 116.859913 140915.419081
327 11.617889 4.107245 4.127899 89.292632 12285.878541
327 9.607722 3.735057 6.001526 255.728804 25969.972243
327 19.396955 5.307058 3.178374 92.128874 7283.802428
327 -13.060994 -4.354870 3.768541 285.381624 10239.873295
327 -12.851089 -4.319734 3.932536 131.476211 11150.477055
327 -13.978002 -4.505154 9.629179 167.769289 66853.879336
327 -20.775701 -5.492435 9.138828 187.085442 60218.376536
327 -11.930404 -4.162120 5.331822 51.622280 20497.426142
327 -4.206631 -2.471464 5.415579 18.017272 21146.466123
327 -15.323574 -4.717013 7.674586 271.201844 42467.628833
327 -26.114755 -6.157863 2.773674 109.324541 5547.008885
327 -14.153665 -4.533374 8.877346 343.576796 56821.725309
327 -18.881853 -5.236117 16.422290 109.569451 194453.376235
327 -16.010151 -4.821529 4.247969 356.987201 13011.001570
327 -14.840688 -4.642095 3.940414 221.976852 11195.199107
327 -23.282267 -5.814330 1.610706 165.612199 1870.598337
327 -14.620250 -4.607490 10.968101 5.020949 86738.312492
327 -17.607950 -5.056400 11.303549 307.675308 92125.047907
327 -10.956988 -3.988712 10.693296 176.218207 82446.311847
327 -7.853871 -3.376984 10.625368 19.983552 81402.172274
327 -17.258244 -5.005937 7.100710 229.915647 36353.949843
328 6.172910 2.993864 2.731578 247.308769 5379.915319
328 11.953391 4.166128 8.250658 223.623148 49082.334129
328 14.524291 4.592345 6.534008 157.619995 30782.749623
328 14.176590 4.537043 3.489138 181.761546 8777.772277
328 19.468824 5.316881 1.928140 61.631438 2680.556950
328 8.985268 3.612040 13.378940 175.895977 129059.948800
328 15.801208 4.789963 6.562400 35.686933 31050.845244
328 5.968808 2.943953 3.545876 334.387715 9065.573424
328 8.764298 3.567349 29.382476 188.980378 622479.208962
328 13.266905 4.389063 4.331509 147.994125 13527.782417
328 9.142025 3.643412 7.369353 332.945240 39156.766106
328 25.865651 6.128423 3.694681 42.493529 9842.419851
328 15.228309 4.702328 2.608512 268.040306 4906.071762
328 10.395390 3.885147 4.313039 190.682964 13412.659399
328 10.449929 3.895325 18.849555 189.975124 256182.987087
328 13.505038 4.428279 5.359557 135.979225 20711.232259
328 10.761980 3.953057 10.668484 339.167742 82064.152625
328 13.946136 4.500015 3.162644 11.796504 7211.885271
328 14.958303 4.660454 7.070576 87.490428 36046.043950
328 15.987811 4.818164 14.366136 211.170941 148808.600057
328 8.300146 3.471602 4.885992 191.657292 17212.878045
328 11.757551 4.131859 12.160958 136.619798 106631.039633
328 -0.235784 -0.585119 10.214495 104.731494 75228.403233
328 -17.380616 -5.023653 7.317132 83.244959 38603.778240
328 -20.344399 -5.435124 4.742246 245.722413 16214.972840
328 -7.248567 -3.244241 14.028315 265.520359 141892.385853
328 -8.517051 -3.516670 6.420480 324.205378 29722.346700
328 -0.984609 -1.195691 4.749394 176.084623 16263.894279
328 -19.029696 -5.256576 7.707784 353.404418 42835.829183
328 -17.444766 -5.032915 6.270929 245.488839 28353.839641
328 -12.198958 -4.208704 3.978595 45.053042 11413.202575
328 -10.957810 -3.988861 3.497769 278.618244 8821.255411
328 -24.156071 -5.922434 6.353035 292.549412 29101.178675
328 -12.856540 -4.320650 9.383686 299.218721 63488.491191
328 -20.744117 -5.488258 6.426710 252.887805 29780.056430
328 -13.707696 -4.461381 9.296607 194.960308 62315.632105
328 -11.068506 -4.008958 5.047242 44.480481 18367.766367
328 -14.749233 -4.627770 3.806293 246.009876 10446.058770
328 -26.067204 -6.152254 8.322026 148.519360 49935.130276
328 -12.654102 -4.286499 15.740662 253.541151 178646.320050
329 8.168957 3.444057 4.993358 136.253376 17977.672704
329 16.470822 4.890403 3.116834 253.738834 7004.474200
329 15.189513 4.696334 15.927506 266.215845 182912.606074
329 16.506939 4.895762 3.877550 100.545260 10840.837263
329 14.434345 4.578103 4.752904 139.554342 16287.939413
329 14.344490 4.563832 6.179989 334.643347 27537.430487
329 17.579657 5.052336 7.527876 148.282996 40859.491258
329 17.793741 5.083007 11.908887 189.611930 102256.387735
329 14.842486 4.642377 8.198821 125.283382 48467.526030
329 1.162870 1.299429 10.742342 127.920974 83204.345802
329 11.476554 4.082186 6.643582 339.799574 31823.846649
329 9.759114 3.764370 11.797253 181.623654 100348.271388
329 19.010159 5.253877 4.170117 205.753522 12538.472853
329 11.053685 4.006273 10.698649 319.926311 82528.884710
329 0.271711 0.628117 3.461229 294.646221 8637.909661
329 8.615782 3.536995 7.211264 351.452316 37494.787336
329 13.757996 4.469559 3.205377 123.698285 7408.090627
329 5.861601 2.917395 8.259019 65.231762 49181.871397
329 11.027918 4.001601 6.462203 159.231893 30109.900325
329 5.437112 2.809773 3.412204 320.003765 8394.946589
329 12.361484 4.236648 5.998189 301.718042 25941.094942
329 14.096154 4.524154 2.736171 249.661640 5398.020733
329 -9.278547 -3.670515 9.719041 49.132801 68107.495450
329 -19.506429 -5.322013 9.362771 308.386105 63205.793705
329 -15.070822 -4.677949 8.054663 170.578462 46778.130912
329 -9.278752 -3.670556 4.417956 95.241773 14073.135073
329 -12.197134 -4.208390 7.528529 10.472444 40866.579533
329 -6.106796 -2.977788 5.651528 199.702932 23029.255586
329 -22.254928 -5.684603 8.787690 22.815690 55679.780899
329 -20.640976 -5.474597 7.942624 206.502214 45485.825340
329 -22.745284 -5.746888 4.985786 258.245536 17923.193380
329 -2.610742 -1.947014 19.466059 44.600655 273214.745935
329 -14.664008 -4.614380 3.018467 273.016735 6569.327008
329 -7.781339 -3.361354 6.971319 7.496907 35041.125198
329 -15.940008 -4.810955 6.743061 229.120243 32784.027668
329 -11.040512 -4.003886 5.205626 59.740747 19538.624629
329 -17.540030 -5.046639 5.118332 333.242420 18888.826810
329 -20.804111 -5.496189 4.363783 80.474853 13730.120339
329 3.470264 -2.244752 10.938360 221.382006 86268.557073
329 -11.490624 -4.084688 2.386447 255.467665 4106.310609
330 14.670455 4.615395 11.515186 173.808681 95607.067759
330 -1.200582 1.320332 3.748064 297.106014 10128.892713
330 18.331587 5.159256 2.834267 143.127608 5792.014550
330 3.909589 2.382608 15.975601 8.982853 184018.920203
330 13.639143 4.450211 7.644699 155.259621 42137.509599
330 7.022760 3.193309 2.452115 282.919073 4335.407382
330 10.387647 3.883700 7.958822 209.129570 45671.544123
330 17.991648 5.111196 3.677993 274.326611 9753.709154
330 17.574755 5.051632 4.152134 38.884185 12430.562038
330 8.204914 3.451629 26.621654 126.292059 510996.767665
330 13.967092 4.503395 10.241323 184.823138 75624.098909
330 13.890404 4.491015 9.575657 101.380100 66112.751390
330 5.576504 2.845562 14.215462 114.743124 145703.520652
330 9.790344 3.770388 8.735454 324.443193 55019.800726
330 10.548274 3.913612 7.866684 304.907677 44620.193689
330 16.420124 4.882871 2.007976 293.462714 2907.134858
330 5.767460 2.893872 6.294295 229.772807 28565.526327
330 12.428830 4.248173 8.855876 132.938233 56547.207628
330 12.811272 4.313037 5.652584 324.668002 23037.856838
330 4.377790 2.521242 7.907160 78.826896 45080.546376
330 15.700543 4.774681 14.172098 20.164764 144815.949525
330 -19.866659 -5.370930 6.473123 203.927549 30211.742370
330 -23.248446 -5.810105 7.334298 18.125038 38785.127857
330 -14.008681 -4.510095 6.522537 357.413025 30674.764798
330 -13.304182 -4.395225 12.331890 271.080785 109649.681218
330 -5.761878 -2.892471 9.524526 319.491530 65408.591002
330 -13.248711 -4.386053 3.106164 356.232267 6956.596471
330 -6.162877 -2.991430 5.930982 96.901023 25363.038461
330 -16.243793 -4.856583 23.849307 195.393663 410109.272895
330 -6.860864 -3.156287 17.607527 228.267909 223534.626541
330 -10.988652 -3.994471 13.099156 286.054405 123718.518665
330 -15.458094 -4.737672 7.061667 216.653288 35955.273829
330 -12.646813 -4.285264 32.449049 87.464740 759192.671188
330 -18.632072 -5.201368 11.595834 274.542300 96950.949829
330 -27.464136 -6.314952 12.637928 315.821754 115159.509174
330 -11.197486 -4.032249 4.244115 73.819758 12987.404653
330 -7.509835 -3.302191 3.918865 205.637052 11073.086161
330 -10.861727 -3.971335 6.501764 304.672028 30479.689585
330 -17.073975 -4.979140 4.063805 265.405373 11907.314762
331 11.775252 4.134968 4.673563 353.295843 15748.683427
331 6.985593 3.184848 10.058858 352.610169 72953.378112
331 2.624190 1.952022 7.300531 302.610069 38428.808672
331 3.179557 2.148673 4.333255 75.245504 13538.686827
331 16.381371 4.877106 8.820831 79.144188 56100.548017
331 3.460252 2.241511 4.234548 201.115360 12928.920392
331 9.065514 3.628134 6.080312 336.656619 26656.296578
331 10.435890 3.892708 3.302174 103.938601 7862.271327
331 14.970840 4.662406 4.741763 204.006221 16211.673246
331 17.442186 5.032543 19.775736 140.770232 281976.815163
331 8.195667 3.449683 13.377488 91.504779 129031.942927
331 13.048074 4.352715 14.013657 64.404637 141596.026003
331 0.347736 0.710578 11.367094 280.465696 93163.757828
331 13.801202 4.476571 6.292786 190.657341 28551.830226
331 10.189002 3.846386 6.711374 315.297833 32476.625437
331 11.993590 4.173127 6.818880 133.034547 33525.414559
331 7.625244 3.327468 3.558335 299.921426 9129.391292
331 2.374005 1.856641 6.162696 169.978717 27383.536677
331 15.490901 4.742697 8.532085 266.919573 52487.811497
331 6.415533 3.052133 2.032090 358.892120 2977.376378
331 24.949424 6.018903 1.949940 207.814444 2741.514664
331 -1.974272 -1.693131 2.381861 242.674943 4090.543878
331 5.535520 -2.835086 4.563284 355.629204 15014.229864
331 -18.425754 -5.172490 11.789502 250.066347 100216.449286
331 -11.508062 -4.087786 7.416664 116.193625 39661.149391
331 -21.042873 -5.527638 5.775667 278.548283 24052.063782
331 -14.350992 -4.564866 4.437406 70.866613 14197.320394
331 -15.299834 -4.713358 10.549816 40.582649 80248.667255
331 -5.607145 -2.853369 1.600145 45.129717 1846.149372
331 -17.386845 -5.024553 7.288986 325.771862 38307.367490
331 -10.091270 -3.827894 3.431422 5.388870 8489.780292
331 -13.549801 -4.435612 9.559190 238.310783 65885.560236
331 -8.675547 -3.549241 3.558177 325.046878 9128.577481
331 -29.638865 -6.560211 6.676345 203.232629 32138.499683
331 -6.405696 -3.049792 1.915416 57.150151 2645.296563
331 -17.507608 -5.041972 4.216556 11.463363 12819.282610
331 -11.843592 -4.146950 2.396434 215.522225 4140.748802
331 -21.459043 -5.582031 3.971090 36.373804 11370.184288
331 -4.386039 -2.523616 8.965281 56.180175 57953.000253
332 8.884228 3.591674 8.919118 284.075663 57357.724657
332 13.529513 4.432290 3.622966 53.031261 9464.041843
332 7.561967 3.313633 7.845575 76.866458 44381.059361
332 13.890535 4.491036 8.768235 298.273416 55433.523176
332 22.689716 5.739864 5.857786 132.806291 24740.877144
332 2.580196 1.935590 11.620156 340.912077 97358.075950
332 6.126771 2.982654 5.751987 340.733791 23855.242063
332 13.676942 4.456373 5.166480 74.483890 19245.869009
332 6.680774 3.114587 10.326059 77.772331 76880.691161
332 16.371170 4.875587 7.579703 171.361835 41424.034402
332 13.473109 4.423041 6.024684 316.391223 26170.778299
332 13.996277 4.508098 8.172432 24.313799 48156.029342
332 12.382988 4.240331 8.482659 291.938754 51881.442490
332 18.151692 5.133879 9.500734 1.708328 65082.223374
332 19.803405 5.362372 4.470996 11.261290 14413.075695
332 13.933599 4.497992 10.788305 274.264385 83917.887087
332 1.458812 1.455414 10.342791 192.697611 77130.047309
332 13.139719 4.367974 6.742513 186.721275 32778.695612
332 6.037855 2.960932 17.038261 255.292352 209314.155891
332 4.879889 2.661902 4.554651 249.828599 14957.473346
332 -20.065976 -5.397805 7.357944 206.444674 39035.618967
332 -19.464639 -5.316309 6.929236 321.685874 34619.336180
332 -19.577778 -5.331737 9.463352 186.283142 64571.080316
332 -5.494781 -2.824634 13.323833 244.686258 127998.952322
332 -5.910331 -2.929496 6.174849 6.973882 27491.645932
332 -15.482082 -4.741347 3.650605 109.894638 9608.990680
332 -5.184080 -2.743613 9.714787 136.932937 68047.885807
332 -8.646642 -3.543323 3.515406 222.628920 8910.437304
332 -12.332219 -4.231630 12.682490 161.285583 115973.063898
332 -9.308773 -3.676489 4.008045 352.702993 11582.793427
332 -13.116639 -4.364137 8.274436 83.883956 49365.647469
332 -8.029066 -3.414441 8.138692 107.582464 47759.232166
332 -3.809826 -2.352012 4.470788 331.207357 14411.735977
332 -9.947503 -3.800529 8.522823 176.332618 52373.908928
332 -15.695880 -4.773972 4.127684 161.833715 12284.600285
332 -5.332888 -2.782712 3.414520 311.177302 8406.346361
332 -8.312222 -3.474126 6.887124 51.167847 34199.828351
332 -16.600743 -4.909653 10.605906 215.334587 81104.247434
333 6.816067 3.145966 7.468577 61.845036 40218.311105
333 4.101630 2.440424 5.305999 234.707927 20299.359926
333 4.588703 2.581262 4.275146 242.135173 13178.013321
333 22.377890 5.700286 6.896516 7.726792 34293.169046
333 16.666904 4.919427 11.835278 39.545691 100996.196745
333 12.618627 4.280486 11.754413 261.417853 99620.793899
333 15.312698 4.715339 13.820804 12.660561 137725.614357
333 13.416759 4.413782 5.865379 141.881208 24805.055447
333 6.436995 3.057234 6.778322 28.079299 33127.790865
333 3.168106 2.144800 4.145002 24.706305 12387.894681
333 10.443203 3.894071 11.116458 146.385633 89100.658929
333 7.577015 3.316929 11.004366 311.528009 87312.846467
333 5.520239 2.831170 5.051540 178.532887 18399.062791
333 8.148968 3.439841 14.391355 9.560595 149331.500355
333 10.105069 3.830511 5.178618 185.380734 19336.410469
333 7.061506 3.202106 4.460337 81.454881 14344.433443
333 25.339750 6.065802 2.698824 314.091643 5251.665306
333 16.754477 4.932334 9.745315 146.237665 68476.229187
333 1.281330 1.364010 5.253620 150.787344 19900.563886
333 -11.358280 -4.061097 2.615143 41.390024 4931.044929
333 -15.075606 -4.678692 5.572016 279.255345 22385.811909
333 -21.867025 -5.634844 4.784204 284.243006 16503.176439
333 -4.228128 -2.477771 4.015775 302.546023 11627.509746
333 -29.207190 -6.512263 6.738605 253.162526 32740.709991
333 4.395176 -2.526243 10.505109 236.407380 79569.975086
333 -22.439189 -5.708088 7.091921 310.738004 36264.007519
333 -8.093954 -3.428210 7.603400 353.859100 41683.457708
333 -24.946458 -6.018545 5.557860 112.671519 22272.211936
333 -2.912179 -2.056345 9.083684 101.569705 59493.849559
333 -15.449743 -4.736392 6.494475 205.031527 30411.383656
333 -12.815535 -4.313754 9.471818 172.089114 64686.666597
333 -15.070808 -4.677947 5.133354 310.643357 18999.864555
333 -19.984467 -5.386831 7.153766 232.555304 36899.250347
333 -10.419895 -3.889723 9.566360 109.410097 65984.439439
333 -17.937487 -5.103497 16.980944 17.951760 207908.256789
333 -9.597550 -3.733079 8.388659 247.666377 50737.981462
334 7.713365 3.346640 8.364739 11.650826 50449.030806
334 17.689059 5.068033 3.774843 235.317606 10274.146722
334 7.194167 3.232044 8.642052 285.560872 53849.515839
334 14.440780 4.579124 24.914256 224.595598 447552.440545
334 5.126937 2.728450 5.088552 237.878501 18669.667263
334 19.776156 5.358682 5.810801 83.333752 24345.574517
334 7.642395 3.331208 3.193740 96.090921 7354.397632
334 1.181133 1.309593 12.865209 172.741085 119338.829680
334 16.205886 4.850912 11.223567 205.508401 90825.934908
334 19.319107 5.296398 7.248496 244.553916 37882.960884
334 9.553500 3.724503 3.788674 208.371740 10349.573845
334 7.150004 3.222109 4.363352 332.948857 13727.411258
334 12.412201 4.245330 11.371466 258.583474 93235.430087
334 11.999228 4.174108 3.561009 59.243349 9143.116287
334 17.643658 5.061525 8.195947 28.344121 48433.559997
334 2.807336 2.018990 12.754178 23.460869 117287.857894
334 9.810797 3.774324 11.393583 15.067808 93598.462120
334 15.559783 4.753230 11.029131 260.636115 87706.275715
334 6.028675 2.958680 3.562571 289.591723 9151.139126
334 -12.530113 -4.265447 17.529220 246.724274 221550.769055
334 -15.127695 -4.686768 9.356013 140.151037 63114.587066
334 -14.068145 -4.519657 10.015173 350.885913 72321.091031
334 -15.282499 -4.710687 5.379517 198.139236 20865.783639
334 -1.229890 -1.336350 4.647330 40.967191 15572.380677
334 -6.353347 -3.037305 12.332271 159.475311 109656.449479
334 -8.946582 -3.604256 6.326925 122.067444 28862.465543
334 -1.742074 -1.590451 12.045050 246.849648 104608.085315
334 -5.319118 -2.779117 6.132591 263.611115 27116.656691
334 -13.579214 -4.440423 2.079956 339.759512 3119.295079
334 -20.681722 -5.479998 4.508419 305.160895 14655.364817
334 -16.960050 -4.962501 10.113449 200.227596 73747.395757
334 -7.406387 -3.279369 4.677981 19.133437 15778.476398
334 -10.953379 -3.988055 3.606043 319.581465 9375.833453
334 -15.178986 -4.694706 13.270613 34.254666 126978.446809
334 -6.966812 -3.180564 3.571644 93.595385 9197.811079
334 -15.327384 -4.717599 4.541561 89.975873 14871.620652
335 17.095940 4.982342 4.645149 217.482680 15557.767719
335 17.529187 5.045079 4.530147 66.762727 14796.964187
335 22.805234 5.754456 14.752637 149.264809 156923.283029
335 18.795037 5.224066 4.292679 359.297598 13286.326068
335 17.206053 4.998362 11.417957 61.523861 93999.351165
335 5.555221 2.840127 5.788301 354.152736 24157.407291
335 15.754609 4.782895 5.639423 228.474199 22930.709473
335 19.540589 5.326671 6.246477 345.408293 28133.151828
335 15.091844 4.681211 4.146211 24.987433 12395.121362
335 16.259617 4.858947 5.098827 302.835349 18745.133778
335 5.983177 2.947494 11.080481 118.373896 88524.864451
335 4.693398 2.610542 6.031078 119.867524 26226.353992
335 9.041196 3.623264 3.738533 153.233707 10077.448702
335 8.220432 3.454891 6.641387 138.457521 31802.817970
335 1.033012 1.224728 2.063668 117.641783 3070.633075
335 5.546206 2.837821 3.102411 110.939611 6939.798195
335 7.809895 3.367516 5.243303 351.860153 19822.477374
335 12.234012 4.214747 3.355168 149.841463 8116.646666
335 -6.423201 -3.053956 6.676194 205.011734 32137.051104
335 -27.594854 -6.329962 11.244487 346.691046 91164.839550
335 -8.238466 -3.458679 28.603418 67.994074 589907.519036
335 -28.053518 -6.382351 3.596756 140.441014 9327.599873
335 -5.343078 -2.785369 2.962939 249.316756 6329.850073
335 -8.602230 -3.534212 4.789407 295.275925 16539.089639
335 -8.838553 -3.582429 14.552847 154.916055 152701.754446
335 -12.163257 -4.202541 11.272103 326.542694 91613.182640
335 -17.475952 -5.037412 14.203853 200.323755 145465.637829
335 -4.690573 -2.609757 3.344601 194.937636 8065.600523
335 -16.336820 -4.870469 10.308270 91.818033 76616.029859
335 -3.046423 -2.103208 3.842669 133.090829 10646.674483
335 -16.923300 -4.957122 4.685077 189.924276 15826.378913
335 -14.858679 -4.644908 16.448765 163.963269 195080.854179
335 -16.825995 -4.942850 6.187362 40.175972 27603.183894
335 -10.729518 -3.947091 10.447876 226.277785 78705.317833
335 -10.109687 -3.831386 3.566690 352.071444 9172.310014
336 11.971141 4.169220 7.920577 109.420211 45233.656324
336 10.649593 3.932362 27.017177 66.193546 526293.509833
336 14.391796 4.571351 6.222625 110.432371 27918.713444
336 21.536310 5.592071 3.683661 77.565174 9783.793527
336 4.761023 2.629282 5.069492 174.772064 18530.064182
336 4.691453 2.610001 5.459387 315.863496 21489.972768
336 8.314964 3.474699 5.502572 168.394507 21831.299063
336 7.459684 3.291147 3.729566 70.570515 10029.161248
336 6.917235 3.169227 6.248334 250.477826 28149.880187
336 9.222673 3.659447 9.076538 338.388797 59400.282430
336 14.177042 4.537116 11.281315 205.552937 91762.990534
336 10.100188 3.829586 3.688256 217.667752 9808.222108
336 11.125589 4.019283 13.246569 320.135616 126518.756045
336 13.156126 4.370701 7.756098 11.446025 43374.521672
336 3.974112 2.402189 7.237128 190.068865 37764.227112
336 16.497641 4.894383 7.255059 77.906157 37951.586304
336 13.493012 4.426307 3.260711 147.878827 7666.068925
336 6.713125 3.122119 3.263712 87.406993 7680.187712
336 -12.547452 -4.268397 3.338287 68.964306 8035.176262
336 -15.230781 -4.702709 3.145220 295.572258 7132.637322
336 -23.454934 -5.835850 6.051609 170.628148 26405.218256
336 -13.835686 -4.482160 9.108228 136.140892 59815.788111
336 -8.639238 -3.541806 5.743436 336.581270 23784.365864
336 -11.583282 -4.101124 7.019606 246.923353 35528.228303
336 -12.735274 -4.300225 10.193904 221.481654 74925.418396
336 -18.197526 -5.140356 4.258550 276.440461 13075.898733
336 -13.622765 -4.447538 9.230058 40.903003 61426.660944
336 -12.089421 -4.189766 16.197040 23.455519 189155.673724
336 -15.946390 -4.811918 8.767002 151.348819 55417.932105
336 -7.826291 -3.371049 5.531048 185.504003 22057.840274
336 -17.628706 -5.059380 12.816078 134.131385 118429.084518
336 -10.954317 -3.988225 7.183368 183.497211 37205.258824
336 -7.044473 -3.198242 7.007019 316.456780 35400.927320
336 -10.655927 -3.933532 4.461116 316.760004 14349.446106
336 -6.822660 -3.147487 10.255646 122.599074 75835.772500
337 8.405470 3.493559 9.205920 66.178313 61105.804861
337 15.804665 4.790487 13.011013 261.347931 122059.138002
337 12.855789 4.320524 10.471963 170.271803 79068.642235
337 7.562588 3.313769 8.132815 59.074858 47690.283395
337 11.225218 4.037239 2.120124 204.013864 3240.938108
337 15.719024 4.777490 12.012212 137.712009 104038.495116
337 11.960712 4.167404 7.535824 279.085000 40945.821761
337 4.914353 2.671285 9.563101 123.578176 65939.482148
337 17.335564 5.017138 6.769601 120.810149 33042.598379
337 11.808451 4.140793 2.109655 277.026380 3209.010421
337 16.822618 4.942354 2.478464 188.608193 4429.076509
337 15.030665 4.671713 8.544422 11.460130 52639.701325
337 14.830254 4.640463 7.957900 30.489011 45660.962214
337 14.274675 4.552712 11.509872 169.102322 95518.837373
337 8.972841 3.609542 6.899496 191.286668 34322.808456
337 10.820945 3.963872 7.117741 351.362697 36528.545334
337 10.803067 3.960596 6.615245 16.904193 31552.948236
337 -2.299641 -1.827330 9.108744 96.067061 59822.575745
337 -4.222392 -2.476089 3.948621 137.642163 11241.883446
337 -22.335887 -5.694933 1.418338 19.496188 1450.466556
337 -17.644656 -5.061668 12.637273 266.049838 115147.575367
337 -15.209903 -4.699485 3.840516 246.288845 10634.748305
337 -18.771530 -5.220798 15.414349 107.336977 171316.205219
337 -15.585292 -4.757125 6.106269 332.260856 26884.371568
337 -5.851229 -2.914812 7.964114 189.143816 45732.292036
337 -12.329418 -4.231149 6.619293 233.962246 31591.570871
337 -16.118744 -4.837853 7.967427 196.205426 45770.350913
337 -9.503569 -3.714757 6.392038 233.889901 29459.593326
337 -10.701458 -3.941926 8.019763 4.274563 46373.635420
337 -18.224553 -5.144172 3.309365 345.306593 7896.548099
337 -21.094869 -5.534463 2.722046 119.231633 5342.431446
337 -15.846963 -4.796893 3.551678 249.927963 9095.260421
337 -5.409351 -2.802590 4.742077 207.160900 16213.816729
338 14.119590 4.527913 3.564653 60.875026 9161.839110
338 6.901103 3.165529 11.089541 52.364551 88669.702138
338 6.836624 3.150706 5.192142 160.421573 19437.535429
338 14.423219 4.576339 6.276615 137.735712 28405.282023
338 10.074767 3.824763 5.966494 141.983485 25667.672140
338 14.453438 4.581130 5.864384 248.017199 24796.645796
338 12.989159 4.342877 3.930162 324.002829 11137.019785
338 8.790074 3.572591 10.761043 284.241757 83494.290335
338 -0.883930 1.132911 10.357910 8.709784 77355.697687
338 8.860780 3.586931 12.687770 352.212935 116069.652012
338 10.668678 3.935884 7.645313 17.006263 42144.280959
338 17.859959 5.092456 14.724581 162.108197 156326.996565
338 14.604756 4.605048 10.903859 43.987432 85725.206849
338 4.917017 2.672009 3.849924 13.531313 10686.913836
338 12.991916 4.343338 4.708472 282.883870 15984.830933
338 8.443880 3.501532 3.164091 131.896213 7218.485429
338 -13.579729 -4.440507 5.319339 352.701809 20401.559477
338 -13.194579 -4.377083 5.178481 315.667758 19335.384391
338 -11.861433 -4.150072 6.875578 248.039554 34085.250663
338 -12.036767 -4.180632 14.585798 353.432986 153394.038795
338 -12.780253 -4.307812 4.576923 233.432346 15104.111980
338 0.809616 -1.084243 8.735539 358.531982 55020.880421
338 -15.673591 -4.770581 10.661367 352.106209 81954.693986
338 -7.486349 -3.297024 4.620311 79.976887 15391.839427
338 -5.292884 -2.772255 8.674368 282.725912 54253.002336
338 -22.102002 -5.665038 8.578215 17.951634 53056.901461
338 -14.664319 -4.614429 37.529109 327.864248 1015510.903853
338 -15.167192 -4.692882 10.408309 15.162582 78110.323047
338 -11.962494 -4.167714 8.935399 183.884675 57567.315182
338 -11.956487 -4.166667 4.036156 316.774323 11745.836655
338 -7.360310 -3.269152 12.361301 31.478423 110173.321985
338 -8.455265 -3.503892 4.687549 224.901628 15843.086874
339 3.983413 2.404998 5.289141 211.601089 20170.581579
339 15.848617 4.797144 9.321397 189.816027 62648.410268
339 10.590246 3.921390 6.815145 184.355825 33488.697861
339 12.778934 4.307590 9.047433 124.406611 59019.942525
339 10.184627 3.845560 4.690048 228.538663 15859.977630
339 12.411151 4.245150 5.597209 268.658144 22588.693199
339 7.618700 3.326040 5.162071 335.465015 19213.036257
339 4.236582 2.480247 10.488109 105.700175 79312.655773
339 8.169021 3.444071 11.438724 171.579602 94341.602723
339 10.039205 3.818007 7.394296 160.363923 39422.276221
339 13.244344 4.385330 13.537582 179.368088 132138.783269
339 5.066545 2.712333 4.020887 114.439329 11657.133199
339 11.917531 4.159874 2.539357 305.970528 4649.385847
339 -0.445235 0.804047 3.537862 264.234843 9024.637177
339 11.496418 4.085717 4.179858 4.405136 12597.113042
339 19.413533 5.309325 8.021126 259.689004 46389.400897
339 -6.326934 -3.030984 4.215549 253.470475 12813.160411
339 -24.349614 -5.946112 4.768345 191.865040 16393.940124
339 -1.293989 -1.370731 4.848258 344.179322 16948.038919
339 -11.276875 -4.046518 2.334149 186.056735 3928.305436
339 -7.855203 -3.377270 1.760783 201.899515 2235.422816
339 -17.928297 -5.102189 8.977269 263.481624 58108.078107
339 -13.773107 -4.472013 9.505758 190.035487 65151.071388
339 -5.419983 -2.805343 9.547287 149.377520 65721.584295
339 -17.472642 -5.036935 14.297255 298.507092 147385.031469
339 -9.890933 -3.789707 6.064159 39.666546 26514.854063
339 -15.557557 -4.752890 4.740707 206.555400 16204.449213
339 -10.420177 -3.889776 16.473344 242.473729 195664.317957
339 -14.810895 -4.637434 5.611753 173.383747 22706.234813
339 1.783140 -1.609088 21.001234 115.982419 318007.749623
339 -12.789982 -4.309452 6.207576 18.673663 27783.834141
339 -18.001666 -5.112619 6.999334 31.942626 35323.319067
340 12.218722 4.212112 3.641560 223.267920 9561.435928
340 5.212013 2.750995 6.783508 36.258996 33178.504486
340 5.983872 2.947666 9.125380 85.128372 60041.285813
340 4.245057 2.482726 8.491530 157.243529 51990.017468
340 13.930510 4.497494 14.911558 11.468188 160322.374071
340 7.680606 3.339526 2.677068 353.971803 5167.339039
340 10.731147 3.947391 24.039817 129.891949 416687.416566
340 9.249464 3.664758 6.907884 133.748006 34406.315140
340 13.599973 4.443816 8.825376 231.486760 56158.376546
340 10.636040 3.929860 19.403543 336.648116 271462.696061
340 10.005773 3.811644 4.479431 202.511710 14467.512008
340 18.073924 5.122869 2.808189 26.287412 5685.918863
340 10.923744 3.982656 13.072806 72.620398 123221.269439
340 10.960835 3.989412 10.124152 357.124583 73903.563075
340 9.546451 3.723128 13.524171 325.203430 131877.101459
340 -15.666724 -4.769536 12.730570 199.312761 116854.048647
340 -17.914089 -5.100167 9.761052 188.275068 68697.566098
340 -0.907491 -1.147911 2.361008 311.070220 4019.230526
340 -11.377858 -4.064595 5.241267 25.466205 19807.085919
340 -18.793602 -5.223866 5.648872 201.547904 23007.613530
340 -13.609643 -4.445396 7.173513 346.062889 37103.242713
340 -11.214110 -4.035241 6.315718 74.867404 28760.304144
340 -15.074137 -4.678464 3.843087 159.402457 10648.990012
340 -12.447769 -4.251408 8.550832 313.512839 52718.711924
340 -19.391171 -5.306267 7.469725 42.758315 40230.673384
340 -16.021728 -4.823272 11.598139 186.873365 96989.489678
340 -7.354305 -3.267818 6.304411 80.586562 28657.425321
340 -15.643394 -4.765984 5.082879 340.579550 18628.056540
340 -14.768412 -4.630778 7.740020 359.262519 43194.876260
340 -1.751172 -1.594599 2.185585 9.075031 3444.161881
341 10.995756 3.995762 5.963574 149.829308 25642.551592
341 6.484126 3.068406 7.462874 237.943224 40156.907853
341 10.309618 3.869086 5.446271 135.036381 21386.839577
341 1.570221 1.509967 7.692272 3.245470 42663.588873
341 15.970014 4.815481 9.514958 307.072309 65277.241692
341 9.828709 3.777768 16.206297 306.463653 189371.949361
341 11.901212 4.157025 3.077822 13.551700 6830.226286
341 20.684281 5.480337 5.608547 203.961144 22680.300209
341 -1.785991 1.610374 7.357292 176.073966 39028.693170
341 5.918424 2.931501 4.370845 223.224254 13774.598026
341 2.413896 1.872175 8.234967 240.728094 48895.829641
341 5.425389 2.806742 3.342448 142.843832 8055.219850
341 14.200097 4.540804 5.595976 118.494950 22578.743243
341 8.565297 3.526617 9.663831 51.335370 67335.909968
341 -11.319342 -4.054130 3.609918 250.008455 9395.996196
341 -17.942949 -5.104274 7.558929 175.723844 41197.285360
341 -15.657806 -4.768179 8.700752 359.298233 54583.529729
341 -11.713726 -4.124151 5.038505 259.742741 18304.231998
341 -9.403758 -3.695198 7.462131 77.629987 40148.912607
341 -3.566129 -2.275546 2.841677 71.246223 5822.338743
341 -12.496469 -4.259717 10.295758 209.823758 76430.145612
341 -7.303826 -3.256584 4.796904 197.323475 16590.906503
341 -19.162726 -5.274918 12.171838 152.657906 106821.918252
341 -16.530067 -4.899191 2.566654 167.493183 4749.882257
341 -7.182727 -3.229474 7.388200 196.587381 39357.302264
341 -7.034934 -3.196076 9.437463 212.979353 64218.269821
341 -14.232741 -4.546020 5.193015 271.677006 19444.074501
341 -1.898181 -1.660183 4.861705 67.135954 17042.186750
341 -8.319067 -3.475557 14.363088 298.236671 148745.467404
342 17.980333 5.109588 5.715176 155.171188 23550.889274
342 4.644747 2.596977 7.318981 16.451257 38623.298150
342 7.899963 3.386878 8.548537 221.742920 52690.426686
342 11.963339 4.167861 7.640937 65.409740 42096.044086
342 5.727951 2.883943 14.195826 231.798349 145301.268746
342 14.131745 4.529862 4.051490 9.050942 11835.256237
342 15.149063 4.690077 8.184932 326.500998 48303.459254
342 7.753935 3.355429 4.248448 51.690243 13013.934128
342 16.219155 4.852898 5.745817 242.212508 23804.092677
342 8.596261 3.532985 4.149217 89.624775 12413.105417
342 11.943716 4.164442 7.953510 128.505431 45610.589250
342 19.569666 5.330633 3.551707 227.272159 9095.409008
342 1.243698 1.343830 6.172681 330.742769 27472.349577
342 13.043253 4.351911 3.925554 119.982252 11110.919082
342 -12.424786 -4.247482 3.262272 243.259725 7673.412327
342 -4.907943 -2.669542 12.341633 271.859684 109823.001617
342 -8.363569 -3.484840 6.262540 209.668804 28278.025410
342 -6.652731 -3.108043 5.182185 64.364489 19363.056853
342 -6.774429 -3.136342 7.284097 103.953422 38255.999862
342 -1.044176 -1.231328 8.072570 250.154353 46986.354898
342 -16.016996 -4.822559 5.173903 64.763146 19301.215969
342 -21.202781 -5.548601 18.396296 8.952293 244010.694893
342 -13.612435 -4.445851 5.538552 323.811876 22117.730794
342 -9.028497 -3.620719 5.330799 280.307231 20489.563091
342 2.195287 -1.785388 5.019402 277.435637 18165.693849
342 -9.649252 -3.743121 10.392175 232.365832 77868.347813
342 -15.848809 -4.797173 4.585782 335.860811 15162.639023
342 -22.632650 -5.732641 6.183067 211.672074 27564.870344
342 -14.126919 -4.529088 15.834504 17.056440 180782.748236
343 15.795401 4.789083 6.844008 268.815405 33772.958234
343 7.469377 3.293284 9.793459 325.471218 69154.477394
343 10.222589 3.852720 4.630149 68.558013 15457.457068
343 6.552579 3.084560 7.752256 153.348602 43331.560539
343 7.920663 3.391312 6.441419 354.873345 29916.527868
343 14.705676 4.620932 7.329175 29.095002 38730.955354
343 6.599841 3.095664 6.176236 134.490089 27503.996004
343 22.193287 5.676725 5.289143 19.705152 20170.590711
343 11.101020 4.014842 10.445069 162.886517 78663.030565
343 14.398937 4.572485 8.829417 4.563776 56209.813295
343 5.954489 2.940419 18.646216 282.048565 250685.668865
343 13.873196 4.488232 6.529966 164.652503 30744.674847
343 11.287917 4.048498 6.137895 12.709646 27163.582619
343 -6.340419 -3.034213 4.492930 133.685343 14554.840997
343 -5.553632 -2.839721 7.532892 299.395522 40913.966920
343 -1.613808 -1.530781 3.184710 156.207743 7312.868928
343 -17.805859 -5.084737 10.551289 190.317697 80271.081669
343 -9.682944 -3.749650 7.375536 150.998699 39222.501671
343 -9.790432 -3.770405 6.295121 156.959053 28573.025500
343 -10.887308 -3.976009 5.698612 334.640198 23414.576377
343 -10.792194 -3.958603 7.007915 266.878407 35409.983109
343 0.196965 -0.534788 4.780326 13.708084 16476.427286
343 -17.692816 -5.068571 5.981844 331.107283 25799.908903
343 -5.219271 -2.752910 4.144542 129.301177 12385.144541
343 -7.558599 -3.312895 8.279570 268.139577 49426.931693
343 -22.608998 -5.729645 5.044246 168.620991 18345.968749
343 0.615183 -0.945125 8.590696 133.123841 53211.413246
344 9.782668 3.768909 7.132328 90.253684 36678.421505
344 3.620544 2.292841 3.495273 269.551821 8808.668355
344 11.690652 4.120087 7.089259 113.788124 36236.790377
344 12.978843 4.341152 9.425484 85.797555 64055.345511
344 4.190316 2.466667 5.920307 52.715017 25271.816624
344 3.177350 2.147927 11.407410 299.665303 93825.782188
344 15.026658 4.671090 6.370657 297.169600 29262.845652
344 -2.655918 1.963787 9.347999 51.676782 63006.502566
344 -3.697520 2.317087 5.174774 338.895933 19307.715125
344 1.892902 1.657873 4.785623 336.737124 16512.965672
344 13.157057 4.370855 5.339193 171.620050 20554.138661
344 12.679078 4.290727 7.334153 213.997317 38783.587127
344 -8.186732 -3.447802 15.318537 15.830994 169193.093816
344 -19.422073 -5.310493 6.976226 257.739408 35090.464633
344 -8.841545 -3.583036 17.320657 152.155204 216310.108075
344 -13.581540 -4.440804 3.161010 210.410908 7204.433489
344 -2.923790 -2.060441 2.877407 72.462473 5969.676654
344 -22.965840 -5.774684 3.309210 155.673271 7895.812113
344 -15.330110 -4.718019 7.949681 66.745856 45566.691592
344 -20.856716 -5.503133 7.784689 244.572717 43694.882959
344 -18.088750 -5.124970 1.553157 135.564796 1739.317284
344 -7.736310 -3.351614 4.114696 37.091537 12207.414023
344 -4.151126 -2.455105 5.328046 69.805685 20468.405534
344 -11.277174 -4.046571 8.697663 5.548881 54544.786546
344 -10.421652 -3.890051 4.114209 220.341286 12204.519847
344 -23.946131 -5.896642 20.960028 346.877329 316761.049218
345 12.417482 4.246233 4.264721 265.415105 13113.823485
345 6.431149 3.055845 7.172021 341.382926 37087.808132
345 14.771488 4.631260 8.427398 122.350260 51207.674383
345 11.682802 4.118704 5.289560 337.943881 20173.772639
345 5.511149 2.828838 7.420954 95.219086 39707.040647
345 12.184098 4.206140 14.348922 125.816971 148452.201794
345 6.845325 3.152710 12.306740 203.406117 109202.890359
345 3.820477 2.355298 8.875640 336.632435 56799.879546
345 4.739052 2.623208 10.092351 287.021460 73440.016601
345 5.800325 2.902105 3.555754 159.858809 9116.151099
345 18.725302 5.214365 7.870106 80.438336 44659.020074
345 15.305794 4.714276 2.623087 37.464501 4961.047736
345 -22.656445 -5.735654 5.987914 228.160205 25852.302530
345 -12.353974 -4.235361 15.022475 211.432495 162716.296576
345 -10.622643 -3.927384 10.817366 74.229187 84370.602614
345 -15.453508 -4.736970 5.153937 180.947357 19152.532253
345 -12.943485 -4.335235 3.745606 297.442843 10115.612744
345 -17.941171 -5.104021 3.741116 150.508186 10091.377588
345 -14.778563 -4.632369 5.037409 69.285138 18296.264618
345 -13.315119 -4.397031 12.815480 359.889318 118418.022952
345 -14.237110 -4.546717 7.031186 113.136659 35645.543758
345 -12.010166 -4.176010 8.172867 33.948390 48161.162958
345 -14.214697 -4.543137 7.295805 351.420758 38379.075824
345 -15.308345 -4.714668 10.447922 143.507664 78706.014617
345 -6.121324 -2.981328 3.314859 352.578512 7922.792218
346 8.164396 3.443096 6.357636 128.922157 29143.346858
346 3.783436 2.343852 4.032939 342.048064 11727.122079
346 13.191047 4.376497 14.666362 119.351548 155093.245342
346 7.791544 3.363557 5.343686 241.887943 20588.744832
346 7.604809 3.323007 25.431633 272.011262 466333.438531
346 9.176392 3.650254 7.688488 118.539428 42621.621149
346 8.501720 3.513504 13.296883 60.810227 127481.680017
346 8.181748 3.446752 3.656683 263.623473 9641.013825
346 4.855506 2.655243 3.947772 199.819086 11237.046414
346 16.237948 4.855709 5.230830 134.320990 19728.283806
346 3.031183 2.097940 2.950502 111.650870 6276.825026
346 -10.459993 -3.897200 3.693330 167.253373 9835.224801
346 -7.494414 -3.298799 12.696300 284.591535 116225.765326
346 -13.330495 -4.399570 8.828481 317.524720 56197.900271
346 -3.942538 -2.392627 7.627427 98.369592 41947.319089
346 -13.093461 -4.360279 9.002656 44.422985 58437.196275
346 -12.150795 -4.200388 11.267852 77.979919 91544.101763
346 -14.469139 -4.583618 7.492881 280.072363 40480.487496
346 -5.979637 -2.946622 5.306796 189.075237 20305.464591
346 -12.469528 -4.255122 1.810730 52.281046 2364.043400
346 -2.632851 -1.955240 9.395279 232.239753 63645.455928
346 -9.444857 -3.703265 8.984434 349.793810 58200.874029
346 -14.832796 -4.640861 7.038604 153.582594 35720.795813
346 -8.379341 -3.488125 3.047802 295.408043 6697.637943
347 15.361343 4.722823 6.291852 6.326236 28543.359160
347 11.388798 4.066549 10.196271 180.612455 74960.213898
347 10.399098 3.885840 10.077598 136.165806 73225.471230
347 14.978502 4.663599 10.131741 288.562184 74014.408674
347 -3.230875 2.165943 7.491101 11.508548 40461.257067
347 11.532128 4.092058 4.238421 16.805908 12952.581419
347 6.088030 2.973209 15.064014 205.811058 163617.400256
347 9.730662 3.758878 11.276334 160.893324 91681.971407
347 3.309523 2.192147 4.157995 177.360637 12465.681800
347 16.663590 4.918938 8.425608 182.803107 51185.927139
347 6.819921 3.146855 11.207337 355.035894 90563.450820
347 -7.238741 -3.242042 8.687961 36.425266 54423.164059
347 -14.775402 -4.631874 10.875763 274.008448 85284.000849
347 -13.248959 -4.386094 5.825250 258.943571 24466.799018
347 -7.133403 -3.218366 5.190581 350.695803 19425.849662
347 -5.125150 -2.727975 4.486530 322.294481 14513.400463
347 -11.709656 -4.123435 6.486849 268.129213 30340.002098
347 2.528965 -1.916278 9.704693 147.231673 67906.545520
347 -9.166516 -3.648289 12.515326 101.377923 112935.998626
347 -8.830044 -3.580704 2.442597 199.026695 4301.816564
347 -16.019736 -4.822972 3.622838 44.555350 9463.371599
347 -5.095758 -2.720141 2.525794 85.895597 4599.853652
347 -13.661977 -4.453935 6.149776 205.690274 27268.837510
347 -7.745791 -3.353667 17.792377 2.738928 228252.747682
348 24.938180 6.017546 6.434768 98.190705 29854.783113
348 10.445054 3.894416 14.705968 254.956002 155932.029490
348 18.994545 5.251719 8.718946 141.820570 54812.052868
348 12.314946 4.228665 1.998681 305.807047 2880.282296
348 5.064322 2.711738 2.388542 226.508506 4113.523167
348 12.342185 4.233339 6.280965 147.664627 28444.663951
348 7.575809 3.316665 8.324433 223.414523 49964.023444
348 6.969428 3.181161 5.430010 213.953859 21259.318114
348 12.814970 4.313659 9.823976 9.709104 69586.126492
348 6.966460 3.180483 13.478696 104.211627 130991.714158
348 4.345646 -2.511969 28.175479 57.139894 572388.238816
348 -12.089680 -4.189811 17.410043 114.794528 218548.456743
348 0.086877 -0.355172 5.183954 215.913941 19376.278233
348 -6.380957 -3.043897 10.633981 94.757348 81534.209220
348 -12.127213 -4.196310 4.670770 60.519271 15729.863787
348 -21.816411 -5.628319 6.362299 15.886923 29186.114598
348 -11.607541 -4.105416 4.267221 130.021589 13129.199919
348 -13.093434 -4.360275 8.851062 291.636988 56485.746393
348 -13.816383 -4.479033 6.543500 311.140135 30872.254651
348 -10.703448 -3.942293 6.310445 184.585408 28712.304974
348 -6.425275 -3.054449 9.649814 283.274501 67140.709889
348 -4.146154 -2.453634 8.384988 305.575756 50693.584457
349 11.685790 4.119230 5.067858 281.766021 18518.119921
349 14.328802 4.561335 6.479973 72.759837 30275.719533
349 15.287836 4.711509 6.459327 357.479050 30083.098261
349 8.584010 3.530467 6.685358 142.890883 32225.333599
349 3.725011 2.325685 2.018854 325.624671 2938.719214
349 4.054307 2.426305 8.146737 122.576081 47853.690340
349 8.137793 3.437481 5.930969 246.614700 25362.930029
349 13.254844 4.387068 5.032824 114.924946 18262.975440
349 11.271862 4.045618 9.969237 206.838207 71659.197413
349 -3.662942 -2.306227 5.138792 261.080089 19040.140667
349 -10.939172 -3.985467 6.142793 30.069599 27206.945839
349 -20.128255 -5.406175 5.053977 316.978941 18416.819647
349 -14.153579 -4.533360 8.877011 63.835811 56817.433837
349 -10.679640 -3.937906 6.688977 110.672926 32260.234465
349 -15.827508 -4.793948 4.124830 250.226290 12267.616063
349 -18.656229 -5.204739 8.910149 231.312991 57242.425192
349 -15.957099 -4.813534 20.432801 179.269804 301025.916199
349 -9.598390 -3.733243 9.761716 147.309576 68706.903634
349 -9.114453 -3.637913 14.570705 198.862807 153076.741237
349 -6.190028 -2.998012 5.994895 92.853748 25912.613849
349 -8.394515 -3.491281 5.266925 349.151973 20001.490871
350 12.584563 4.274705 3.594843 81.711269 9317.685045
350 9.134040 3.641820 3.846712 38.205787 10669.093077
350 18.611469 5.198492 5.623286 223.943894 22799.660876
350 9.801707 3.772575 4.149199 179.384351 12412.996517
350 2.317089 1.834250 10.913373 160.660222 85874.858479
350 7.448134 3.288598 9.056884 43.991600 59143.321028
350 15.936150 4.810373 8.379618 223.737027 50628.666566
350 16.960223 4.962526 5.459764 120.550791 21492.937986
350 3.867920 2.369877 2.724189 181.557338 5350.846894
350 -4.938329 -2.677793 7.019177 348.482735 35523.889038
350 -11.296359 -4.050012 4.085637 33.112163 12035.599150
350 -12.133225 -4.197350 4.027702 133.171277 11696.681290
350 -7.186227 -3.230260 2.422052 51.383791 4229.754317
350 -11.288606 -4.048622 8.128575 260.851362 47640.569455
350 -13.845209 -4.483703 17.418731 248.022521 218766.632705
350 -7.300385 -3.255817 4.332480 305.000546 13533.842259
350 -5.414264 -2.803863 11.601386 43.580448 97043.808748
350 -16.788524 -4.937343 7.704621 83.610535 42800.679441
350 -11.761774 -4.132601 14.058893 280.101905 142511.642668
350 -16.736184 -4.929641 3.826482 342.729424 10557.165367
351 15.273759 4.709340 4.286790 207.626284 13249.895692
351 19.181188 5.277458 10.762694 175.983074 83519.920555
351 21.398871 5.574199 12.610822 114.472449 114666.050806
351 22.566792 5.724294 10.728388 314.013950 82988.331757
351 16.420036 4.882858 8.574094 161.322663 53005.941963
351 15.062025 4.676584 5.115786 49.409785 18870.039359
351 17.085831 4.980869 6.128946 12.239558 27084.426992
351 13.686225 4.457885 3.140037 139.325707 7109.147225
351 -20.656998 -5.476721 12.240963 243.102861 108038.677304
351 -14.146213 -4.532180 9.867045 337.068770 70197.598522
351 -18.569577 -5.192638 6.746583 234.853085 32818.283189
351 -8.380268 -3.488317 3.944614 148.210327 11219.074680
351 -4.774725 -2.633063 7.920852 308.396290 45236.796252
351 -15.792577 -4.788655 6.367247 122.796768 29231.524429
351 -6.645034 -3.106244 5.511365 222.142956 21901.123909
351 -11.555850 -4.096265 9.119980 17.802447 59970.245719
351 -16.130423 -4.839605 11.709585 213.926471 98862.387771
351 -13.351962 -4.403111 10.233766 6.553062 75512.530535
351 -4.787952 -2.636708 6.557264 257.331834 31002.260252
352 4.150714 2.454983 12.164481 317.911194 106692.826473
352 13.225381 4.382189 11.350145 295.802909 92886.127668
352 4.187346 2.465792 6.739055 60.239279 32745.083362
352 6.452281 3.060862 7.374919 350.840261 39215.935695
352 6.101363 2.976463 3.154505 259.622547 7174.810932
352 5.654353 2.865356 16.900056 358.399027 205932.240453
352 12.750840 4.302852 5.548267 203.493793 22195.392942
352 -19.149453 -5.273091 4.451260 146.125860 14286.112121
352 -4.887434 -2.663959 9.255889 206.239767 61770.954075
352 -11.473865 -4.081708 11.815402 181.831021 100657.249038
352 -7.865948 -3.379579 4.414288 34.187633 14049.774435
352 -9.084297 -3.631890 10.089339 98.878870 73396.194222
352 -7.393575 -3.276531 4.556103 75.176931 14967.010299
352 -11.911363 -4.158797 5.743559 240.965222 23785.389444
352 -20.526233 -5.459359 5.476584 289.962292 21625.569965
352 -17.326983 -5.015896 3.581821 312.965811 9250.299911
352 -2.906721 -2.054418 12.406694 140.326664 110983.954472
353 13.265855 4.388890 5.220950 178.813094 19653.830149
353 21.175283 5.545001 14.250864 311.136729 146430.135811
353 5.979489 2.946586 5.979638 162.653879 25780.886392
353 6.715683 3.122714 20.968923 253.857329 317029.963060
353 2.565191 1.929954 10.029500 158.304511 72528.154529
353 18.032476 5.116992 17.486130 122.403279 220462.887486
353 4.578551 2.578405 14.496748 162.274559 151526.738769
353 1.717838 -1.579349 4.620547 105.378083 15393.410950
353 -4.448407 -2.541495 7.497052 133.928610 40525.568220
353 -9.348186 -3.684264 7.142039 115.420916 36778.377587
353 -12.517086 -4.263229 16.810288 90.470219 203750.365935
353 -3.198146 -2.154945 9.393520 222.334353 63621.634357
353 -12.339448 -4.232870 6.698995 99.731759 32356.932402
353 -20.191699 -5.414689 6.074074 258.451932 26601.625175
353 -13.837178 -4.482402 10.045058 160.408528 72753.346198
353 -11.551721 -4.095533 7.790841 225.565614 43763.970454
353 -3.029515 -2.097363 21.092538 263.402125 320778.870260
354 12.223631 4.212958 6.879600 172.947784 34125.141781
354 6.847846 3.153291 6.064636 269.348678 26519.025085
354 14.729631 4.624694 4.333435 202.628419 13539.809323
354 17.601876 5.055528 3.001953 28.895961 6497.644954
354 5.725339 2.883285 7.155299 75.913681 36915.067764
354 16.433463 4.884854 7.498661 229.892908 40542.963522
354 -4.996085 -2.693407 17.528837 205.728635 221541.079449
354 1.262795 -1.354108 13.374240 19.109530 128969.284346
354 -11.130109 -4.020099 6.438461 351.153471 29889.056600
354 -10.426154 -3.890891 3.749734 124.447432 10137.924533
354 -13.339551 -4.401064 4.690060 233.311481 15860.059931
354 -10.876643 -3.974061 3.800454 33.858903 10414.037579
354 -9.485978 -3.711317 5.528612 67.432817 22038.412866
354 -13.360324 -4.404489 12.689136 86.047924 116094.635902
354 -17.264981 -5.006914 8.490634 353.266700 51979.048616
355 14.774144 4.631676 8.046216 322.698629 46680.059048
355 19.466889 5.316616 4.487954 66.014324 14522.615699
355 5.239282 2.758182 30.409217 298.971499 666743.122830
355 1.987573 1.698825 3.345974 313.266380 8072.226150
355 7.113765 3.213933 8.776337 172.744707 55536.008784
355 1.795230 1.614533 12.266411 333.271124 108488.345698
355 -6.342615 -3.034738 5.515541 253.495353 21934.323298
355 -9.982439 -3.807197 3.759678 349.764148 10191.765480
355 -10.581037 -3.919685 10.737063 353.797181 83122.585464
355 -12.474866 -4.256033 9.515162 299.949595 65280.041912
355 -16.636251 -4.914901 5.720998 157.548193 23598.892009
355 -17.707570 -5.070684 15.822347 357.182003 180505.268983
355 -20.175045 -5.412455 2.361589 271.579751 4021.208281
355 -7.167558 -3.226062 2.918176 17.019136 6140.037339
355 -12.329366 -4.231140 3.628367 310.295500 9492.277575
356 17.641568 5.061225 20.731493 309.532023 309891.177699
356 12.373485 4.238704 9.066986 277.354198 59275.323356
356 9.596228 3.732822 11.854702 202.255527 101327.973681
356 11.620366 4.107683 12.298788 20.497189 109061.816522
356 6.754037 3.131618 3.954870 64.283588 11277.490025
356 -8.847223 -3.584186 8.391891 293.586388 50777.077142
356 -9.967090 -3.804269 4.266903 288.444719 13127.245357
356 -13.336765 -4.400604 4.327002 259.956561 13499.640990
356 -5.750393 -2.889587 12.074401 154.181954 105118.534572
356 -13.467355 -4.422096 16.470354 100.329663 195593.288712
356 -8.663764 -3.546830 3.491723 192.346372 8790.782487
356 -6.221519 -3.005628 8.664796 309.603201 54133.330442
356 -13.975942 -4.504821 11.717739 10.387408 99000.111905
356 -11.343771 -4.058502 5.063132 358.006659 18483.602188
357 1.532214 1.491581 5.390877 127.070022 20953.996408
357 9.541665 3.722195 4.416789 250.745312 14065.702400
357 15.602438 4.759741 5.267354 226.613631 20004.744408
357 10.187250 3.846055 2.985570 303.093750 6426.915921
357 7.819671 3.369623 13.249393 219.183690 126572.688998
357 -6.712158 -3.121894 9.326234 341.585328 62713.447824
357 -15.819927 -4.792800 5.494293 231.182972 21765.649701
357 -5.432494 -2.808579 3.520024 89.278817 8933.865495
357 -4.304220 -2.499967 10.730336 279.727428 83018.467323
357 -20.003414 -5.389384 6.136832 180.008797 27154.169032
357 -6.239844 -3.010051 17.747908 68.876104 227113.219251
357 -4.574548 -2.577277 6.604397 290.602878 31449.547432
357 -9.331551 -3.680984 4.811855 182.961422 16694.490775
358 1.153131 1.293977 4.203229 163.646855 12738.378043
358 9.784322 3.769228 19.521652 33.762923 274777.525194
358 3.807239 2.351214 12.712367 77.758123 116520.122202
358 1.730263 1.585050 19.274602 254.116098 267866.809960
358 -9.262721 -3.667384 6.456704 64.964244 30058.673456
358 -5.844893 -2.913234 17.203415 318.767893 213391.646512
358 -9.907499 -3.792880 11.029015 129.682180 87704.436612
358 -11.089987 -4.012847 7.413375 237.229297 39625.979287
358 -4.216018 -2.474220 5.297264 80.529771 20232.579472
358 -9.106016 -3.636229 5.547843 262.987323 22191.996762
358 -12.245346 -4.216699 3.180034 223.507935 7291.409546
358 -17.784512 -5.081688 5.024688 179.368057 18203.979306
359 16.178510 4.846814 3.016340 249.566743 6560.073646
359 4.996382 2.693487 5.012400 154.137834 18115.049086
359 7.961254 3.399991 8.400336 64.795530 50879.326299
359 6.081342 2.971576 5.732148 50.800522 23690.970000
359 -13.080173 -4.358066 7.933927 117.888074 45386.269104
359 -13.490943 -4.425967 12.914216 290.027700 120249.743967
359 -9.562168 -3.726192 5.364728 355.078334 20751.210467
359 -11.153602 -4.024340 3.391659 319.061973 8294.161208
359 -9.806500 -3.773498 3.106425 320.311133 6957.766039
359 -9.081057 -3.631243 6.513495 47.994485 30589.771235
359 -16.567991 -4.904808 3.488176 267.664736 8772.931933
360 10.439801 3.893437 4.954923 295.946059 17701.980873
360 10.532438 3.910673 4.012450 81.559846 11608.263181
360 14.302493 4.557146 12.677831 17.617556 115887.867413
360 -8.811190 -3.576880 8.785162 195.325558 55647.746911
360 -11.748285 -4.130230 2.102196 105.520722 3186.358767
360 -13.746142 -4.467633 3.697751 177.101063 9858.787488
360 -2.124422 -1.756335 6.561335 211.447718 31040.773421
360 -12.551145 -4.269025 9.684164 341.544183 67619.566469
360 -15.922368 -4.808292 3.269376 108.269842 7706.865729
360 -8.636596 -3.541264 10.123733 196.729427 73897.443608
361 5.054332 2.709062 3.988262 141.748943 11468.735518
361 13.150100 4.369700 3.508360 7.851002 8874.752899
361 15.969657 4.815427 8.137259 191.825466 47742.416127
361 -9.333781 -3.681424 3.571564 123.906603 9197.395545
361 -22.449863 -5.709445 8.278821 305.057871 49417.984731
361 -13.602538 -4.444235 10.911601 217.320949 85846.987279
361 -12.111602 -4.193608 9.774834 298.864174 68891.696896
361 -7.075841 -3.205355 8.682917 236.597047 54359.985668
361 -16.249011 -4.857362 4.709331 252.200011 15990.662994
362 9.529171 3.719757 5.910490 235.610167 25188.082348
362 13.456463 4.420308 5.422297 309.420148 21198.963892
362 -11.095517 -4.013847 6.894513 69.877138 34273.251734
362 -7.276313 -3.250444 9.568033 209.959592 66007.511134
362 -9.812296 -3.774613 5.489573 322.275399 21728.276498
362 -5.254721 -2.762243 17.877186 221.291697 230433.900973
362 -9.465334 -3.707277 5.038716 135.368862 18305.760038
362 -8.493270 -3.511757 3.722107 264.293754 9989.087091
363 10.722950 3.945883 4.016213 233.810837 11630.051175
363 2.065572 1.731838 5.966491 255.838561 25667.642778
363 -6.836800 -3.150747 4.886787 118.888213 17218.482856
363 -5.333808 -2.782952 17.314801 243.362891 216163.849183
363 -4.131670 -2.449344 2.542448 12.740218 4660.709999
363 -7.338857 -3.264384 4.403776 141.222667 13982.940098
363 -11.938914 -4.163604 5.816675 59.877887 24394.821948
364 11.540570 4.093555 13.701868 97.152971 135365.381178
364 18.626922 5.200650 2.544330 198.915652 4667.612742
364 -10.344131 -3.875556 8.708997 359.889446 54687.032397
364 -9.805498 -3.773305 7.184978 0.655746 37221.940067
364 -10.350616 -3.876771 13.539068 149.484206 132167.783265
364 -14.545474 -4.595693 4.151325 168.655179 12425.721945
364 -15.749256 -4.782083 2.488117 81.052149 4463.644209
365 -0.462585 0.819564 5.181110 94.169711 19355.026948
365 -6.439626 -3.057859 5.353767 318.563993 20666.504485
365 -11.798231 -4.139001 4.018840 350.319939 11645.271009
365 -11.334793 -4.056896 5.055029 343.306405 18424.488663
365 -7.130551 -3.217722 3.621408 290.680956 9455.901429
365 -10.539067 -3.911904 6.711841 354.621589 32481.146625
366 -6.758437 3.132638 4.841492 209.166767 16900.772112
366 -4.933033 -2.676357 5.997494 84.969285 25935.085112
366 -4.141079 -2.452132 8.403791 229.123552 50921.186315
366 -8.820973 -3.578865 5.734895 23.634054 23713.684363
366 -11.314024 -4.053177 4.584827 268.799840 15156.330066
367 6.402977 3.049145 5.577741 131.791242 22431.833282
367 -13.162226 -4.371714 5.228952 263.477361 19714.121976
367 -7.146201 -3.221252 9.384046 75.705785 63493.362870
367 -6.272338 -3.017879 7.403395 45.103975 39519.360869
367 -16.159905 -4.844026 4.869470 176.218266 17096.667684
368 -9.962025 -3.803302 9.168496 214.268084 60609.998069
368 -1.327393 -1.388311 8.581123 190.081973 53092.881484
368 -17.170892 -4.993252 6.041123 187.156072 26313.787572
368 -9.797136 -3.771695 7.246690 359.690781 37864.077537
369 -9.003914 -3.615786 3.873161 351.590465 10816.310015
369 -9.418243 -3.698043 6.328550 33.793665 28877.296806
369 -9.767615 -3.766009 3.808716 95.897065 10459.365932
370 -19.866766 -5.370944 5.764240 180.712139 23956.988352
370 -8.045270 -3.417884 5.377908 289.757335 20853.300058
370 -13.996123 -4.508073 5.393358 235.356173 20973.291821
371 -9.782685 -3.768913 8.223597 105.561055 48760.894078
371 -9.126847 -3.640386 5.504239 41.022330 21844.528542
372 -11.409017 -4.070157 7.627640 135.969889 41949.661159
372 -22.835177 -5.758233 13.956861 156.968016 140450.591779
373 -3.233834 -2.166935 21.316474 104.698097 327626.355176
373 0.499980 -0.852047 8.516547 318.269478 52296.809268
374 -0.869009 -1.123309 6.478034 247.253915 30257.605249
374 -10.795613 -3.959230 1.751104 187.638184 2210.915217
375 -4.138793 -2.451455 4.340324 278.397182 13582.899068
376 -12.010659 -4.176096 4.172545 333.786352 12553.077937
386 12.139410 -4.808149 11.309374 300.843001 92220.026360
387 29.556470 -7.502489 10.436917 290.309686 78540.294265
388 25.667478 -6.991505 4.191209 45.941107 12665.626428
389 28.476694 -7.364171 15.915560 230.166000 182638.316596
390 15.754272 -5.477448 7.639281 260.895533 42077.805580
391 19.707221 -6.126209 9.797012 271.517104 69204.664745
391 18.994936 -6.014479 18.306727 65.878327 241640.377170
392 20.643086 -6.269984 9.036923 347.206482 58882.908207
392 21.320456 -6.372023 6.629704 185.016186 31691.027202
393 19.442370 -6.084903 10.956735 63.685044 86558.628720
393 31.194927 -7.707634 2.046660 323.319724 3020.225582
394 17.212134 -5.725276 9.934275 350.991407 71157.455366
394 19.369641 -6.073512 8.617731 330.629328 53546.857534
394 13.654539 -5.099383 5.420296 293.612540 21183.324020
395 18.065284 -5.865452 12.274922 193.953809 108638.946940
395 16.357680 -5.581359 2.946392 269.701138 6259.347490
395 24.253790 -6.796243 10.381268 138.514874 77704.986181
396 30.163441 -7.579133 5.590064 154.828420 22531.061434
396 26.895446 -7.156793 7.083015 126.005234 36172.987889
396 25.960469 -7.031296 7.987363 57.586204 45999.685620
397 23.406686 -6.676503 12.829762 164.303186 118682.119490
397 20.521352 -6.251469 21.270099 169.577195 326202.368946
397 28.622646 -7.383019 2.613867 137.405851 4926.234103
397 20.082121 -6.184205 9.705684 358.371838 67920.415669
398 27.054506 -7.177925 10.387019 13.003837 77791.106208
398 16.589010 -5.620686 5.577994 286.754835 22433.868185
398 11.536388 -4.687206 3.626368 64.822888 9481.824457
398 25.614670 -6.984309 6.592404 183.320522 31335.436183
399 25.633895 -6.986930 14.725566 171.000486 156347.910693
399 23.562149 -6.698638 4.109048 293.194245 12173.919923
399 17.907952 -5.839855 3.107960 78.265993 6964.646083
399 26.778979 -7.141281 4.334886 33.235334 13548.881758
400 16.532643 -5.611129 5.094768 331.213656 18715.306231
400 19.403778 -6.078861 8.432825 24.020586 51273.650984
400 17.892657 -5.837360 3.837821 222.632525 10619.825933
400 22.232870 -6.506941 8.160617 278.375514 48016.889897
400 21.151654 -6.346748 10.669534 50.946072 82080.315461
400 -29.750366 7.527058 2.064225 306.638182 3072.289356
401 13.302621 -5.033241 2.468599 52.415326 4393.888264
401 10.072048 -4.379636 2.535080 157.945376 4633.736972
401 19.916925 -6.158717 8.872715 33.135022 56762.455309
401 19.757478 -6.134015 20.112234 248.612319 291654.520078
401 22.479421 -6.542921 8.929325 98.498474 57489.078972
401 -17.176966 5.719424 3.487714 210.714671 8770.611438
402 14.514897 -5.257582 5.101827 293.545902 18767.200344
402 11.383308 -4.656004 5.968033 212.345431 25680.914881
402 25.469975 -6.964555 12.536951 245.566793 113326.615162
402 32.916279 -7.917434 4.688242 355.757149 15847.767598
402 17.216178 -5.725949 18.511581 205.049636 247078.572015
402 23.970539 -6.756441 3.581433 72.513163 9248.295832
402 -11.425240 4.664571 10.822045 57.884953 84443.596824
403 25.489353 -6.967203 5.998229 190.111188 25941.448967
403 17.306572 -5.740961 3.433860 326.201033 8501.845797
403 23.852427 -6.739775 4.464805 348.681080 14373.184042
403 17.004929 -5.690711 1.860096 7.637715 2494.703575
403 27.809330 -7.277368 12.755288 30.653248 117308.266322
403 32.514012 -7.868906 5.772221 23.082598 24023.372324
403 -21.656023 6.421972 8.453791 162.736635 51528.920346
404 14.528249 -5.260000 8.612940 62.940876 53487.331518
404 11.823473 -4.745168 8.674559 180.256509 54255.388620
404 18.945438 -6.006637 4.638032 81.329912 15510.137412
404 15.884044 -5.499961 6.906896 244.434543 34396.470534
404 14.969742 -5.339324 12.593670 320.772388 114354.356423
404 22.181044 -6.499352 5.068408 148.400437 18522.142312
404 -19.767355 6.135548 3.896659 125.829210 10947.949767
405 23.392460 -6.674474 8.412541 272.619379 51027.285562
405 17.131625 -5.711871 6.844532 219.427486 33778.133178
405 14.287967 -5.216321 10.697436 58.336840 82510.163400
405 24.457224 -6.824686 5.414325 305.381047 21136.680066
405 19.780642 -6.137610 4.414539 167.275307 14051.371928
405 17.336200 -5.745873 3.056660 229.545080 6736.625855
405 25.518516 -6.971188 13.725847 275.606057 135839.599019
405 -14.762265 5.302194 3.220475 254.287532 7478.044215
406 16.357286 -5.581292 10.749369 160.890117 83313.234621
406 17.139006 -5.713101 14.305437 160.710902 147553.778564
406 25.012051 -6.901663 3.562655 120.985938 9151.570976
406 21.429778 -6.388339 6.993002 122.906396 35259.434949
406 29.722967 -7.523591 11.296244 52.598914 92006.005540
406 24.832939 -6.876907 19.990053 45.621249 288121.707014
406 24.461515 -6.825285 3.022239 96.404590 6585.758536
406 -24.789165 6.870843 6.986928 161.966381 35198.209641
406 -22.613159 6.562355 6.445399 112.901548 29953.509574
407 24.182269 -6.786215 6.165326 247.734273 27406.916841
407 15.618055 -5.453716 3.772637 342.486871 10262.141689
407 5.704899 -3.296120 7.688519 326.691274 42621.967403
407 13.739094 -5.115147 4.673779 310.453403 15750.140246
407 24.722480 -6.861595 8.785194 327.477780 55648.151453
407 22.374738 -6.527668 6.402358 347.393338 29554.795408
407 15.459460 -5.425956 4.261458 78.015756 13093.765882
407 13.549344 -5.079702 6.169633 167.689664 27445.217134
407 -20.785728 6.291609 4.621691 275.580560 15401.036720
407 -20.481428 6.245385 8.233716 137.641874 48880.969078
408 11.998149 -4.780092 8.426830 190.967661 51200.774670
408 11.472257 -4.674159 9.537661 97.327300 65589.129144
408 22.783920 -6.587086 22.414474 225.090519 362247.331876
408 10.775095 -4.529911 6.479836 4.091182 30274.437717
408 20.373839 -6.228960 2.706204 227.760147 5280.426978
408 25.420112 -6.957734 3.738748 267.731147 10078.603561
408 20.045662 -6.178589 2.516294 65.279575 4565.316848
408 16.225822 -5.558818 3.011374 39.814899 6538.489089
408 -13.777687 5.122326 10.786757 338.514914 83893.792331
408 -30.232195 7.587766 8.591594 289.654069 53222.542063
409 20.971793 -6.319706 3.750485 230.965746 10141.982950
409 14.858210 -5.319396 9.626379 323.230561 66815.003974
409 1.884140 -1.894243 6.999781 311.938985 35327.826343
409 15.430465 -5.420865 3.123460 27.633930 7034.286125
409 16.117054 -5.540155 8.428014 243.946010 51215.161887
409 12.712792 -4.920390 2.992108 61.676229 6455.095195
409 27.368536 -7.219463 6.828623 9.598872 33621.286660
409 22.455997 -6.539511 5.467201 340.527315 21551.532896
409 2.307418 -2.096246 4.309063 114.469926 13387.942804
409 -21.665626 6.423396 13.319168 224.277018 127909.345670
409 -14.594059 5.271900 6.032594 320.574820 26239.543942
410 17.250406 -5.731638 7.925100 297.382897 45285.334132
410 15.780560 -5.482016 8.647985 117.467256 53923.484726
410 22.967853 -6.613621 6.427631 23.043282 29788.589743
410 14.417741 -5.239957 2.505584 91.932018 4526.536259
410 8.237553 -3.960757 5.258157 232.628979 19934.953796
410 5.593405 -3.263753 11.670891 349.630153 98210.089848
410 20.962100 -6.318245 10.158774 305.785543 74409.887393
410 9.508604 -4.255371 6.022288 323.065730 26149.963428
410 27.660562 -7.257877 3.362925 127.715623 8154.219938
410 -26.652238 7.124361 24.403881 264.957510 429403.770742
410 -21.952831 6.465831 5.968099 200.068891 25681.487334
410 -27.255398 7.204525 9.600072 100.425082 66450.313492
411 21.822353 -6.446587 8.706725 262.534342 54658.508319
411 17.440139 -5.763072 12.114924 323.800296 105825.282787
411 14.349210 -5.227488 4.363780 72.197905 13730.103411
411 16.269066 -5.566220 1.847936 163.244948 2462.193115
411 18.027766 -5.859358 8.587461 46.298847 53171.336815
411 7.621069 -3.809667 7.949143 204.971638 45560.518796
411 11.695553 -4.719429 10.744546 347.070170 83238.498328
411 13.366547 -5.045320 7.058105 146.294578 35919.005757
411 10.275575 -4.423664 9.235781 323.516667 61502.856516
411 -22.911466 6.605497 5.218483 153.234516 19635.258315
411 -0.762704 1.205194 9.447754 43.663618 64358.402408
411 -5.567206 3.256100 4.270128 185.053407 13147.095635
412 20.071689 -6.182599 3.793314 249.200996 10374.942198
412 16.100241 -5.537265 13.385793 255.611738 129192.190348
412 32.039036 -7.811219 10.578263 89.879214 80682.031428
412 11.342404 -4.647631 7.061296 321.595994 35951.487479
412 20.316599 -6.220203 8.865566 206.332411 56671.018681
412 11.077884 -4.593117 7.102792 339.239777 36375.268846
412 20.033942 -6.176782 5.471774 204.545136 21587.604445
412 19.865378 -6.150742 6.995223 356.553238 35281.838243
412 1.586905 -1.738419 5.534679 221.601250 22086.809022
412 21.045584 -6.330814 8.195051 100.746257 48422.970534
412 -22.956678 6.612012 26.146095 330.229428 492903.310954
412 -27.337746 7.215400 9.487089 331.025844 64895.420878
412 -26.453236 7.097714 4.384536 16.326074 13861.025240
413 30.589981 -7.632533 7.191181 13.766146 37286.232609
413 22.992270 -6.617135 12.445563 278.907563 111680.449667
413 24.283670 -6.800428 3.292888 186.397331 7818.113337
413 13.253722 -5.023981 7.316360 357.742634 38595.634794
413 7.002603 -3.651816 4.765133 220.442451 16371.863765
413 15.819481 -5.488772 4.833195 197.374856 16842.894535
413 24.526848 -6.834393 5.309431 358.399881 20325.628980
413 7.622735 -3.810083 7.885266 278.066408 44831.242376
413 13.615867 -5.092157 2.229753 82.949258 3584.770927
413 10.116241 -4.389233 6.097577 212.514495 26807.887752
413 -29.572586 7.504534 12.952638 252.671655 120966.336787
413 -22.068042 6.482776 3.095996 305.439615 6911.126381
413 -16.771663 5.651544 3.220883 142.233821 7479.937036
414 20.014044 -6.173714 4.600007 61.516014 15256.858048
414 11.309205 -4.640824 14.232363 321.839773 146050.184423
414 8.931547 -4.124226 3.548042 279.207617 9076.650359
414 15.904502 -5.503502 7.228845 77.630910 37677.834868
414 27.142074 -7.189532 2.976563 230.671416 6388.195709
414 17.742085 -5.812747 4.541246 68.975462 14869.557946
414 12.544171 -4.887650 13.243379 244.524925 126457.827145
414 8.761193 -4.084705 5.423593 105.871821 21209.103055
414 17.633619 -5.794952 7.519015 234.897943 40763.357900
414 21.537674 -6.404400 20.134571 112.198575 292302.704970
414 20.114353 -6.189166 3.028726 153.364647 6614.056528
414 -23.171700 6.642905 9.130228 86.725216 60105.099685
414 -20.361753 6.227112 2.978264 73.240455 6395.497768
414 -18.606875 5.952725 6.093858 355.219352 26775.204941
414 -21.778756 6.440145 19.748190 0.229363 281191.817916
415 25.313433 -6.943119 5.272762 200.130730 20045.847616
415 15.166961 -5.374380 3.822971 142.327438 10537.802790
415 18.080523 -5.867925 4.292698 247.206420 13286.443147
415 23.305453 -6.662050 10.043411 113.948490 72729.489332
415 12.978442 -4.971534 3.297273 28.603727 7838.949669
415 19.363777 -6.072592 3.387280 45.237864 8272.758873
415 14.858943 -5.319527 5.085165 331.489750 18644.821653
415 13.378482 -5.047572 13.587142 18.740454 133108.042669
415 7.829436 -3.861396 10.156329 167.885349 74374.081652
415 16.578297 -5.618871 13.177578 332.840250 125204.300541
415 14.141232 -5.189466 9.028842 241.155018 58777.645771
415 -16.961213 5.683391 5.849362 195.815522 24669.767011
415 -13.150904 5.004456 5.658190 319.658530 23083.575201
415 -21.912690 6.459917 18.569509 29.351965 248627.345992
415 -14.995174 5.343857 13.923832 192.554522 139786.624029
416 13.630527 -5.094897 5.569246 83.514989 22363.555173
416 20.308389 -6.218947 4.462420 233.307052 14357.834125
416 11.305257 -4.640014 6.647537 126.129833 31861.746135
416 16.154983 -5.546670 5.315468 42.714531 20371.880997
416 17.217107 -5.726103 7.052301 93.316544 35859.959599
416 12.085147 -4.797390 7.495977 12.775176 40513.944432
416 16.822229 -5.660058 14.933431 157.173842 160793.040323
416 18.683465 -5.964964 6.033233 225.910183 26245.104121
416 3.616835 -2.624481 5.340166 338.679203 20561.634567
416 4.755354 -3.009335 8.594585 138.783546 53259.594983
416 19.048687 -6.022983 6.102764 30.163699 26853.515843
416 27.663851 -7.258308 6.455667 159.027783 30049.019556
416 -17.290032 5.738217 4.835878 331.978130 16861.596304
416 -30.640330 7.638812 9.328933 201.351380 62749.748735
416 -25.504745 6.969307 13.198725 296.072463 125606.479392
416 -19.098218 6.030808 4.148107 331.311603 12406.463877
417 23.519121 -6.692519 2.410990 165.879619 4191.203218
417 12.950087 -4.966100 3.811832 83.791326 10476.485657
417 8.636007 -4.055417 4.166985 118.898454 12519.642052
417 17.318328 -5.742911 3.716619 85.299283 9959.653980
417 10.389378 -4.448093 8.127103 266.203249 47623.308724
417 14.112359 -5.184166 8.114586 287.131780 47476.731561
417 12.464502 -4.872104 14.716530 172.726167 156156.076601
417 11.287488 -4.636366 11.223500 126.940514 90824.846614
417 18.083964 -5.868484 5.045706 311.434017 18356.585421
417 25.826718 -7.013159 1.819092 70.971855 2385.929350
417 0.948399 -1.343924 7.040300 12.737222 35738.011612
417 27.816477 -7.278303 6.186467 249.366609 27595.191503
417 -13.219972 5.017581 11.564509 3.147878 96427.853794
417 -20.389724 6.231388 3.982826 223.568475 11437.490177
417 -25.154542 6.921294 6.722576 75.251796 32585.137938
417 -19.343812 6.069461 7.595196 21.105185 41593.552596
417 -17.653563 5.798228 5.034461 225.954711 18274.859584
418 10.062672 -4.377597 3.983651 204.214338 11442.226374
418 19.436448 -6.083977 18.864230 177.834292 256582.032508
418 24.046877 -6.767191 6.772310 5.183284 33069.050657
418 17.072455 -5.701998 7.749829 352.666081 43304.427128
418 11.632866 -4.706764 11.541074 344.789327 96037.435649
418 16.872692 -5.668541 6.042070 275.012609 26322.045366
418 12.821353 -4.941355 8.821056 200.839247 56103.409447
418 18.709611 -5.969136 14.093550 106.531274 143215.111378
418 8.616241 -4.050774 3.860349 211.161980 10744.868538
418 24.336408 -6.807808 5.591686 131.490815 22544.135044
418 8.827115 -4.100044 17.914726 182.397364 231402.707646
418 16.934852 -5.678973 6.796923 139.419926 33309.859175
418 -36.761698 8.367137 6.014008 77.216994 26078.110940
418 -24.994719 6.899271 29.655879 43.134633 634117.408021
418 -20.995321 6.323250 11.502303 7.460440 95393.255358
418 -18.965768 6.009859 7.524587 321.812537 40823.796884
418 -27.211108 7.198669 9.768252 94.806467 68798.948728
419 12.392550 -4.858022 9.111103 348.729834 59853.559813
419 13.214177 -5.016481 4.219881 16.059597 12839.512221
419 12.110475 -4.802415 3.656726 160.962737 9641.242537
419 26.643082 -7.123137 3.939111 215.366828 11187.797182
419 29.302421 -7.470176 6.414864 143.318472 29670.368187
419 7.640072 -3.814414 6.892361 228.488383 34251.858027
419 18.692675 -5.966434 5.331578 44.993092 20495.547803
419 12.492695 -4.877611 3.176638 287.278198 7275.846749
419 22.056236 -6.481041 8.454273 337.798830 51534.797420
419 22.028728 -6.476998 2.959960 61.567147 6317.129348
419 14.487031 -5.252533 12.762528 1.145688 117441.479426
419 11.363321 -4.651914 4.661449 303.071771 15667.146775
419 24.904199 -6.886767 4.182796 276.476268 12614.828140
419 -12.551004 4.888981 1.624564 203.182462 1902.925793
419 -28.208236 7.329377 3.817075 204.537537 10505.322026
419 -17.522830 5.776719 4.950011 14.659385 17666.898643
419 -18.430418 5.924431 4.344107 222.013419 13606.584802
419 -20.439924 6.239054 14.716871 253.273307 156163.323934
420 10.903478 -4.556817 7.389159 51.272456 39367.523330
420 17.869210 -5.833534 11.026018 58.003199 87656.776313
420 14.697427 -5.290537 5.882207 229.363622 24947.593511
420 18.637884 -5.957683 3.810917 50.032159 10471.453557
420 18.036746 -5.860817 2.403839 67.667626 4166.380185
420 9.229269 -4.192400 4.905470 117.322342 17350.393630
420 16.867737 -5.667708 2.548553 88.976658 4683.120255
420 12.988353 -4.973431 8.481783 2.612861 51870.729506
420 29.716298 -7.522747 5.636931 167.528961 22910.440775
420 12.514870 -4.881938 2.600846 229.275210 4877.274441
420 20.384635 -6.230610 8.520162 278.008656 52341.211319
420 26.117321 -7.052505 5.241495 235.763351 19808.811774
420 25.213769 -6.929437 14.530813 196.914144 152239.688002
420 -16.758462 5.649320 5.549817 232.843493 22207.794210
420 -18.184343 5.884748 9.198367 298.273536 61005.581808
420 -27.227457 7.200831 7.149270 139.628025 36852.879254
420 -21.919442 6.460912 10.535817 105.384834 80035.842191
420 -17.981298 5.851802 8.465602 228.755227 51673.006233
420 -26.216308 7.065857 3.339855 63.461172 8042.724230
421 20.408661 -6.234281 7.329633 68.108179 38735.796879
421 10.981677 -4.573129 5.917391 101.146620 25246.929346
421 27.399103 -7.223493 7.574146 350.118546 41363.322330
421 23.912500 -6.748256 19.456561 343.882580 272948.201414
421 16.431961 -5.594017 3.045076 70.695194 6685.659693
421 15.671351 -5.463014 3.902885 200.992781 10982.965134
421 16.525206 -5.609867 3.593991 142.151759 9313.268218
421 15.243248 -5.387879 4.539605 227.568425 14858.813647
421 4.193062 -2.825822 9.433388 356.421330 64162.817544
421 18.449126 -5.927437 4.997427 263.682548 18006.985425
421 22.618677 -6.563155 14.921232 108.594088 160530.457873
421 10.654040 -4.504393 3.330319 127.934208 7996.864009
421 24.396697 -6.816236 8.062172 14.889111 46865.383571
421 16.069226 -5.531929 9.236771 272.369989 61516.042436
421 -20.738442 6.284448 19.039747 278.945373 261378.829014
421 -24.039563 6.766162 9.219197 91.506171 61282.182591
421 -14.669027 5.285423 7.021481 315.097867 35547.211044
421 -21.483355 6.396319 6.756184 307.188544 32911.753759
421 -17.989472 5.853132 11.846873 182.652161 101194.184044
421 -22.759883 6.583610 5.342726 14.700756 20581.351986
422 34.476581 -8.102913 6.568448 184.291585 31108.104814
422 11.156837 -4.609456 5.403383 17.343776 21051.330041
422 17.996741 -5.854314 8.174959 163.051919 48185.822927
422 23.343669 -6.667510 7.930424 84.191923 45346.195307
422 9.742660 -4.307426 5.078252 304.091679 18594.157026
422 16.182811 -5.551445 10.649311 137.109246 81769.454090
422 22.182388 -6.499549 11.888568 12.060917 101907.741037
422 9.307324 -4.210091 9.411002 9.687613 63858.654397
422 8.226242 -3.958037 11.177521 238.383058 90082.224051
422 21.225439 -6.357808 9.278711 47.889965 62075.944821
422 16.688058 -5.637441 11.049568 32.559643 88031.611828
422 12.510785 -4.881141 17.625223 283.792218 223984.176685
422 16.954157 -5.682209 4.331010 288.603166 13524.659824
422 12.068637 -4.794112 13.885567 306.962711 139019.367852
422 -24.935648 6.891114 5.973924 28.551177 25731.641075
422 -18.669786 5.962780 2.316089 44.642635 3867.752673
422 -21.955768 6.466264 11.138199 255.685328 89449.520596
422 -15.621010 5.454233 4.036315 341.032988 11746.759631
422 -26.604569 7.117987 7.039982 337.677861 35734.782411
422 -22.621545 6.563571 10.382162 167.653360 77718.366223
423 2.741596 -2.284972 5.297966 176.073651 20237.946071
423 20.870649 -6.304448 3.345283 244.038547 8068.889052
423 11.097985 -4.597282 13.027103 341.887993 122361.206506
423 28.071469 -7.311587 8.005242 348.962443 46205.852240
423 18.335102 -5.909092 7.170889 182.297842 37076.100847
423 16.355386 -5.580967 5.982863 42.234391 25808.700288
423 8.307578 -3.977556 4.287142 84.430747 13252.075171
423 20.409116 -6.234350 8.311535 228.465013 49809.308363
423 15.778057 -5.481581 11.571793 156.805128 96549.349940
423 32.306569 -7.843764 6.910442 249.926516 34431.795082
423 14.812925 -5.311284 6.292954 358.895446 28553.360073
423 -0.145358 -0.526136 3.095718 228.730849 6909.883707
423 6.584949 -3.541240 6.049887 289.065414 26390.192774
423 18.689186 -5.965877 8.440212 212.108244 51363.524380
423 -21.333855 6.374025 6.181056 351.272430 27546.941843
423 -13.838140 5.133552 6.657093 132.413308 31953.415027
423 -21.058692 6.332786 4.001667 51.124717 11545.955513
423 -17.740295 5.812454 11.660388 266.000270 98033.401549
423 -16.922268 5.676862 6.775117 161.346089 33096.473802
423 -14.016500 5.166529 9.983398 167.483775 71862.910670
424 10.612759 -4.495658 6.373849 268.263489 29292.176524
424 20.846309 -6.300771 4.671029 194.214236 15731.612542
424 17.752865 -5.814513 17.448520 258.417099 219515.541792
424 12.017696 -4.783984 3.643594 58.570712 9572.115314
424 5.747309 -3.308349 7.017341 98.822085 35505.307440
424 15.708221 -5.469437 7.571403 239.924347 41333.373211
424 14.125902 -5.186653 5.679927 7.409002 23261.280702
424 8.366814 -3.991711 3.822898 45.408427 10537.398302
424 13.628044 -5.094433 13.662227 301.755251 134583.262286
424 11.814945 -4.743457 7.671599 260.930607 42434.576658
424 25.280568 -6.938610 5.677543 186.673624 23241.759085
424 21.355104 -6.377198 6.121573 47.206882 27019.301214
424 19.122366 -6.034620 5.551226 41.021126 22219.071344
424 11.328941 -4.644872 6.650566 264.293155 31890.786515
424 21.489698 -6.397264 7.857248 177.186267 44513.220923
424 -22.333169 6.521602 3.308291 248.973452 7891.425628
424 -18.157147 5.880346 7.688893 87.705562 42626.110809
424 -15.444475 5.423325 2.306255 220.457327 3834.976513
424 -4.542127 2.941093 6.219671 335.831983 27892.208413
424 -17.105605 5.707531 2.818867 290.006538 5729.243215
424 -13.729589 5.113378 10.898542 167.103544 85641.621442
424 -19.869115 6.151320 10.173617 52.668280 74627.488434
425 22.554271 -6.553805 6.844271 138.815768 33775.555540
425 17.064484 -5.700667 8.783988 204.566679 55632.877176
425 2.000244 -1.951734 3.973756 310.284754 11385.457060
425 24.202073 -6.788993 6.838147 274.749112 33715.138776
425 13.972407 -5.158396 8.897885 334.876407 57084.955384
425 24.778528 -6.869369 5.138345 59.073587 19036.826209
425 15.363280 -5.409051 7.783912 119.229590 43686.162312
425 4.865960 -3.044131 2.707527 181.435909 5285.591328
425 15.921987 -5.506526 4.241668 101.376605 12972.433095
425 17.664458 -5.800017 15.456672 293.462523 172258.270497
425 8.846864 -4.104628 4.222042 226.057327 12852.663859
425 16.528861 -5.610487 5.019333 198.578471 18165.199526
425 18.624717 -5.955578 2.408565 190.788058 4182.776607
425 15.383979 -5.412693 3.170546 25.391937 7247.964846
425 9.128788 -4.169516 6.019770 201.869773 26128.106177
425 -20.459680 6.242068 12.849580 356.073715 119049.058624
425 -20.828014 6.298005 2.897373 301.791058 6052.807787
425 -4.876511 3.047430 7.229664 275.244947 37686.366952
425 -15.359039 5.408304 3.280319 19.151247 7758.546276
425 -13.360429 5.044165 31.334146 198.823203 707919.381813
425 -25.283612 6.939028 15.934509 63.101796 183073.488648
425 -13.559815 5.081664 5.288839 134.780065 20168.278050
426 13.064689 -4.988025 9.234290 330.478594 61483.008750
426 20.098309 -6.186697 10.789765 95.597894 83940.593446
426 15.858999 -5.495623 4.900864 304.181038 17317.825531
426 21.815783 -6.445617 19.274060 171.548829 267851.737023
426 19.357645 -6.071631 4.298828 348.723945 13324.414084
426 21.615881 -6.416018 9.063819 1.276530 59233.931789
426 6.946011 -3.637030 2.877196 191.699934 5968.797991
426 19.339072 -6.068717 6.284662 35.910406 28478.164314
426 26.940453 -7.162779 9.074453 28.144288 59372.996377
426 20.606492 -6.264424 6.717197 157.791821 32533.010572
426 20.219361 -6.205300 10.711519 108.297204 82727.557947
426 18.511293 -5.937416 2.400415 30.969819 4154.518650
426 15.101254 -5.362726 4.635703 283.350859 15494.562162
426 20.976404 -6.320401 27.456040 281.549810 543530.451892
426 23.027027 -6.622135 4.952030 235.563899 17681.317453
426 -12.510007 4.880989 8.552237 226.390017 52736.037905
426 -8.464925 4.015047 4.084298 295.364892 12027.707462
426 -23.755921 6.726126 11.246940 16.807811 91204.618489
426 -2.641624 2.242924 15.019552 52.318410 162652.989738
426 -22.280817 6.513953 3.120646 102.844055 7021.618339
426 -12.507554 4.880511 10.169229 224.062285 74563.135454
426 -26.679489 7.128002 5.482278 118.560189 21670.563602
427 9.425647 -4.236768 7.100629 123.374884 36353.117267
427 7.868271 -3.870960 5.396065 239.535098 20994.347449
427 13.128448 -5.000182 4.571735 199.159831 15069.890075
427 18.562210 -5.945576 12.508001 245.576253 112803.842318
427 16.021804 -5.523760 15.965123 317.993419 183777.608003
427 14.066148 -5.175671 3.086086 261.527918 6866.953996
427 18.794734 -5.982699 1.088949 236.026618 854.993702
427 13.085751 -4.992044 5.405693 279.857241 21069.336872
427 18.742201 -5.974332 6.911357 125.876167 34440.923317
427 18.804255 -5.984214 6.252172 72.065851 28184.468768
427 8.339512 -3.985193 5.260035 52.818932 19949.190405
427 14.453609 -5.246470 10.504284 349.220891 79557.476719
427 16.250689 -5.563076 3.837024 178.834868 10615.420315
427 17.816515 -5.824927 4.658311 127.688673 15646.060520
427 16.956588 -5.682616 8.041035 27.254411 46619.969766
427 -11.863459 4.753185 7.584413 314.048153 41475.537984
427 -17.136628 5.712705 3.902236 194.085193 10979.314389
427 -24.899853 6.886166 4.658611 39.567672 15648.074910
427 -27.836259 7.280891 6.419186 39.389267 29710.364817
427 -21.780459 6.440396 6.896188 226.440877 34289.899153
427 -32.931316 7.919242 2.965415 237.379587 6340.433582
427 -24.989986 6.898618 5.708625 344.093416 23496.932184
427 -25.470305 6.964600 3.983624 230.508893 11442.071366
428 4.722307 -2.998860 3.872048 199.096060 10810.095781
428 18.661545 -5.961463 8.462747 65.624537 51638.157920
428 13.665392 -5.101409 6.030136 78.406921 26218.166399
428 15.423752 -5.419686 8.021472 245.606211 46393.396661
428 8.199695 -3.951645 9.567946 206.574246 66006.315553
428 14.037205 -5.170344 8.704819 338.839502 54634.573513
428 4.913868 -3.059080 11.469883 314.660193 94856.266659
428 18.143694 -5.878167 7.614070 271.853347 41800.534903
428 14.784710 -5.306223 8.520582 5.168445 52346.377807
428 14.290595 -5.216801 7.375543 164.858629 39222.576497
428 15.843571 -5.492950 7.578934 130.668912 41415.639499
428 10.338710 -4.437233 4.882392 348.035854 17187.523479
428 28.391360 -7.353129 6.393884 180.030420 29476.612586
428 14.763520 -5.302419 6.402887 201.828451 29559.678274
428 17.974707 -5.850729 9.152339 333.632026 60396.564661
428 9.572982 -4.269753 4.129039 226.743492 12292.664512
428 -11.635380 4.707273 9.629410 105.063749 66857.087571
428 -25.038047 6.905248 7.395903 1.539562 39439.420365
428 -25.000744 6.900103 3.234274 42.294417 7542.263914
428 3.485224 2.576288 3.239493 92.408676 7566.622620
428 -22.361788 6.525779 4.709174 245.506521 15989.598505
428 -15.043013 5.352375 3.580412 342.783502 9243.023361
428 -19.210079 6.048444 5.637200 219.899951 22912.631035
428 -4.846660 3.038088 3.003703 180.029879 6505.222282
429 6.813337 -3.602127 7.164034 347.485789 37005.246228
429 8.597705 -4.046414 7.246925 328.508756 37866.538339
429 16.596530 -5.621960 7.531133 76.515141 40894.862699
429 13.143583 -5.003063 16.065378 71.436110 186092.961499
429 18.125190 -5.875169 8.693309 122.489915 54490.187885
429 3.636822 -2.631723 11.267756 151.450021 91542.530643
429 6.766609 -3.589754 14.806021 302.738575 158061.029060
429 14.763148 -5.302352 20.787578 284.945267 311570.161862
429 22.668775 -6.570420 11.827402 355.938122 100861.809567
429 22.791191 -6.588137 6.970964 224.898816 35037.547934
429 13.860353 -5.137670 5.515508 134.047839 21934.060593
429 20.480826 -6.245293 10.496070 275.690469 79433.099386
429 -2.560947 -2.208408 10.074936 31.804840 73186.779177
429 17.014964 -5.692389 8.318173 337.836621 49888.910204
429 9.153696 -4.175200 14.998031 2.385253 162187.198510
429 14.013132 -5.165908 7.632907 27.027814 42007.617100
429 -34.226470 8.073468 3.419874 252.113061 8432.729777
429 -12.838276 4.944615 4.745307 36.957880 16235.915526
429 -17.405809 5.757397 4.063614 232.397152 11906.196331
429 -17.865665 5.832956 7.144327 50.329517 36801.937258
429 -11.050423 4.587420 5.922139 287.570072 25287.466337
429 -21.538452 6.404516 15.065982 150.655405 163660.163186
429 -17.601440 5.789662 3.553520 137.519835 9104.699253
429 -23.452321 6.683008 6.513452 226.331022 30589.367698
430 14.348831 -5.227419 7.783112 282.302037 43677.180807
430 22.556787 -6.554170 6.170753 18.976327 27455.190444
430 9.294952 -4.207292 4.311293 6.350518 13401.800679
430 27.256355 -7.204652 6.663232 249.534762 32012.374171
430 15.026929 -5.349512 6.533633 133.775222 30779.210822
430 31.002916 -7.683876 7.166440 317.413117 37030.111780
430 6.749222 -3.585139 6.977148 75.461448 35099.739720
430 21.684721 -6.426226 12.342546 46.689280 109839.260110
430 28.509647 -7.368431 4.931185 247.982005 17532.773205
430 12.719893 -4.921764 2.983225 230.945824 6416.822563
430 12.049483 -4.790306 3.732013 307.718368 10042.324991
430 10.064022 -4.377890 8.830316 311.731385 56221.255470
430 16.388541 -5.586621 6.226050 116.452894 27949.450749
430 28.756100 -7.400211 12.885811 33.825378 119721.346736
430 11.601833 -4.700482 4.301871 254.561421 13343.289560
430 24.850628 -6.879356 10.890278 58.281849 85511.785813
430 -10.022924 4.368942 2.517351 163.989702 4569.153520
430 -17.647669 5.797260 23.134103 151.988745 385881.022570
430 -15.348905 5.406520 4.339166 101.585671 13575.646206
430 -20.427472 6.237153 7.916173 104.524886 45183.368135
430 -16.291127 5.569993 8.501512 327.596199 52112.327066
430 -17.219208 5.726453 5.432753 35.265115 21280.798314
430 -15.909099 5.504297 3.090213 273.589647 6885.333128
430 -25.649564 6.989065 5.152548 246.945322 19142.210469
430 -7.766630 3.845877 4.355368 191.800382 13677.217484
431 22.439291 -6.537078 4.918110 56.423384 17439.919076
431 11.781307 -4.736699 5.950117 103.516942 25526.957910
431 15.016686 -5.347689 9.274565 163.737002 62020.484461
431 25.387975 -6.953334 6.671162 162.337746 32088.615849
431 20.032027 -6.176487 5.689088 171.524558 23336.371229
431 11.752388 -4.730882 5.219340 355.494770 19641.705224
431 13.138664 -5.002127 6.261613 103.557818 28269.653149
431 10.986652 -4.574164 12.413795 277.477500 111111.038678
431 16.245361 -5.562164 3.207591 243.660098 7418.327585
431 2.627492 -2.236917 3.997356 330.319215 11521.095897
431 14.420587 -5.240474 8.034023 339.051995 46538.695183
431 6.577482 -3.539231 4.374558 76.700535 13798.009809
431 17.952219 -5.847068 5.907587 130.828625 25163.341303
431 7.743721 -3.840201 13.012456 144.973432 122086.210908
431 22.902480 -6.604202 11.934209 345.375627 102691.708469
431 21.557698 -6.407377 3.631997 324.257101 9511.281901
431 -11.372155 4.653722 4.116526 41.779134 12218.270712
431 -18.377699 5.915952 3.497897 63.863979 8821.900486
431 -13.411914 5.053875 4.274741 301.007487 13175.520060
431 -18.796774 5.983024 3.722647 242.287020 9991.987166
431 -7.439318 3.763966 5.260450 159.294596 19952.341907
431 -11.995028 4.779470 2.174823 353.177906 3410.325800
431 -22.472320 6.541887 6.941510 69.085570 34742.089297
431 -14.815358 5.311720 3.185163 83.754011 7314.952097
431 -24.908578 6.887372 4.994740 328.407949 17987.623792
432 9.305433 -4.209664 8.937095 295.432296 57589.170415
432 14.553635 -5.264593 2.331553 230.012161 3919.571964
432 13.455726 -5.062123 4.234091 217.868664 12926.128018
432 8.665292 -4.062288 3.075237 299.467480 6818.756182
432 23.633731 -6.708806 22.795294 1.348994 374660.972032
432 27.514955 -7.238749 7.235790 30.982854 37750.259554
432 16.429015 -5.593516 17.865882 90.736620 230142.582187
432 25.277920 -6.938247 4.638284 290.928650 15511.819407
432 15.004067 -5.345441 5.314049 275.905458 20361.004156
432 5.378314 -3.200385 7.018703 237.915016 35519.092398
432 2.371922 -2.125344 14.252130 157.576624 146456.144775
432 14.798608 -5.308716 11.457286 345.204657 94648.029170
432 8.790270 -4.091478 4.976322 55.998413 17855.214065
432 8.343353 -3.986111 8.201438 55.569952 48498.473348
432 15.282582 -5.394826 11.086182 214.227405 88615.985313
432 9.106661 -4.164460 8.467859 220.533489 51700.569301
432 22.294280 -6.515921 13.886665 276.047188 139041.357561
432 -15.687195 5.465775 11.857930 118.437256 101383.156320
432 -14.004177 5.164257 4.501298 55.848802 14609.105754
432 -22.029724 6.477145 5.379700 294.708403 20867.200346
432 -6.051372 3.394736 5.535635 153.744056 22094.434752
432 -17.736058 5.811759 9.155670 269.271306 60440.537228
432 -19.790202 6.139093 2.898611 167.768758 6057.979850
432 -17.851775 5.830688 5.158592 82.549551 19187.151383
432 -8.954805 4.129592 3.037697 178.354718 6653.299355
432 -9.169223 4.178740 5.540772 48.562877 22135.467975
433 -5.163699 -3.135881 3.119322 81.044347 7015.660299
433 25.991370 -7.035479 5.664940 167.393498 23138.687947
433 10.622610 -4.497744 9.390435 282.596517 63579.851658
433 4.802664 -3.024268 8.127898 344.064336 47632.624445
433 15.503621 -5.433700 12.078982 346.676198 105198.311892
433 13.844776 -5.134782 5.649792 191.697581 23015.109431
433 13.104644 -4.995647 7.454003 157.564544 40061.504613
433 11.905537 -4.761607 7.451940 175.146801 40039.325135
433 9.994483 -4.362739 5.624683 15.903978 22810.992530
433 13.202189 -5.014205 5.266757 84.700252 20000.214573
433 10.503578 -4.472473 12.336938 103.915933 109739.457005
433 16.481671 -5.602472 9.862168 79.236485 70128.231690
433 14.977026 -5.340622 7.677314 247.380540 42497.824673
433 6.835830 -3.608068 11.924970 244.806150 102532.765434
433 6.360956 -3.480489 7.701106 61.329969 42761.633845
433 20.037668 -6.177357 10.555012 1.253396 80327.739882
433 16.431995 -5.594023 8.391254 230.143474 50769.378660
433 -19.733571 6.130303 8.981123 110.758833 58157.992822
433 -10.712730 4.516782 3.652685 333.910488 9619.942270
433 -15.527856 5.437945 12.400191 70.200254 110867.643515
433 -20.840505 6.299893 4.239598 249.773029 12959.771682
433 -7.342162 3.739306 8.676038 286.915697 54273.895939
433 -10.343245 4.438206 5.887476 112.566337 24992.309703
433 -15.582886 5.447573 17.816013 33.372951 228859.577905
433 -11.019954 4.581092 2.024989 112.295582 2956.607151
433 -17.202197 5.723623 6.310708 248.328980 28714.698228
434 4.112044 -2.798388 9.788044 247.492471 69078.021421
434 9.716362 -4.301609 3.955842 76.858294 11283.036842
434 22.136961 -6.492891 13.218744 141.704574 125987.786231
434 13.713386 -5.110359 7.497831 9.918359 40533.987427
434 5.045881 -3.099899 5.175031 298.994210 19309.627755
434 18.160197 -5.880840 2.985157 41.255777 6425.136522
434 1.019452 -1.393357 3.714542 17.272087 9948.522508
434 27.433527 -7.228029 7.507449 119.699860 40638.052161
434 10.104671 -4.386723 3.183230 116.344543 7306.076894
434 11.328108 -4.644701 21.552627 131.978517 334925.729591
434 16.583263 -5.619712 5.533447 257.458565 22076.979529
434 9.307028 -4.210024 2.598508 252.149618 4868.511323
434 22.526291 -6.549738 9.434197 137.708080 64173.827950
434 25.273044 -6.937578 3.562634 234.821197 9151.462975
434 10.850148 -4.545660 7.926923 79.619104 45306.173419
434 19.306339 -6.063579 9.660276 298.565777 67286.374782
434 19.044169 -6.022268 3.369498 331.500335 8186.124846
434 -24.519029 6.833304 3.691187 14.599925 9823.815623
434 -18.514054 5.937859 12.643458 268.408375 115260.326707
434 -20.792100 6.292573 12.107793 191.321464 105700.747490
434 -19.572434 6.105223 3.844197 295.819763 10655.143293
434 -14.006395 5.164666 6.400594 296.324476 29538.511109
434 -20.973496 6.319962 10.375776 341.782866 77622.795948
434 -19.577470 6.106008 6.221207 102.077178 27905.983016
434 -22.098287 6.487216 7.014484 329.012766 35476.399057
434 -9.227762 4.192058 2.939364 120.009099 6229.522187
434 -6.653302 3.559571 4.701067 153.452559 15934.591219
435 16.965407 -5.684094 8.098882 229.162285 47293.145697
435 14.445440 -5.244988 4.376550 176.022486 13810.581354
435 25.490442 -6.967352 7.466521 60.310724 40196.170508
435 14.849098 -5.317765 4.539188 177.996899 14856.088286
435 4.007673 -2.762646 8.395029 33.251400 50815.069455
435 3.147194 -2.448166 8.453727 152.462429 51528.141093
435 20.507607 -6.249375 13.359682 122.698783 128688.670304
435 36.400089 -8.325883 3.237526 223.543030 7557.437591
435 4.489711 -2.924074 4.215151 357.923067 12810.743767
435 12.223490 -4.824771 9.089414 251.314305 59568.931490
435 29.061408 -7.439391 5.722578 325.592785 23611.929227
435 12.181889 -4.816554 11.241824 41.011949 91121.663728
435 21.493326 -6.397804 4.527264 313.880909 14778.138591
435 13.011538 -4.977868 14.497847 288.069230 151549.708879
435 14.242785 -5.208067 3.083581 251.256319 6855.808208
435 15.485116 -5.430456 7.015275 99.929403 35484.402125
435 6.401791 -3.491643 7.648198 5.920433 42176.086300
435 -26.407397 7.091562 6.394504 78.495308 29482.329407
435 -9.727680 4.304114 18.883989 286.803228 257119.812158
435 -22.535594 6.551090 11.507367 52.658524 95477.271861
435 -14.094260 5.180841 4.347443 354.472559 13627.491356
435 -23.600163 6.704040 3.639796 230.873175 9552.173345
435 -10.131868 4.392622 3.626008 80.332406 9479.942342
435 -12.131032 4.806489 7.229845 34.324569 37688.253355
435 -22.097786 6.487143 4.658492 65.634256 15647.274456
435 -14.008398 5.165036 6.632828 332.285433 31720.899122
435 -7.001769 3.651598 3.514158 334.685037 8904.113813
436 13.923938 -5.149442 2.725291 290.028504 5355.177594
436 17.236569 -5.729339 8.457866 351.262505 51578.614689
436 6.692274 -3.569981 1.864262 3.719088 2505.889397
436 17.348614 -5.747930 13.809816 138.159026 137506.700556
436 7.190829 -3.700569 8.777001 107.185590 55544.408857
436 14.064932 -5.175448 13.151194 90.226386 124703.445976
436 2.631485 -2.238616 4.328841 238.722677 13511.122380
436 2.283560 -2.085380 8.723672 263.048671 54871.486267
436 7.880503 -3.873968 6.074716 100.875963 26607.249627
436 16.733406 -5.645095 20.062433 248.309028 290211.951175
436 11.529447 -4.685795 10.462353 180.782664 78923.581998
436 19.522604 -6.097446 7.947621 55.755747 45543.072061
436 17.872365 -5.834049 3.049701 161.440343 6705.987453
436 8.785998 -4.090483 4.201272 142.081315 12726.522974
436 19.774848 -6.136711 3.102721 85.087652 6941.183615
436 13.348854 -5.041980 6.483995 177.415594 30313.315355
436 24.677434 -6.855341 10.930927 224.231391 86151.347389
436 -10.699203 4.513930 6.375279 95.312098 29305.323552
436 -26.020129 7.039370 4.393476 14.909381 13917.610774
436 -12.547507 4.888300 6.570661 350.381698 31129.070884
436 -6.333948 3.473092 4.467047 51.022127 14387.626436
436 -14.594300 5.271943 6.198985 3.134030 27706.980114
436 -15.295952 5.397186 3.482666 5.863807 8745.237605
436 -17.614169 5.791755 16.531839 84.998990 197056.339303
436 -17.595670 5.788713 4.976725 153.251594 17858.102317
436 -16.285763 5.569076 11.373952 231.514111 93276.203082
436 -27.946970 7.295355 4.578863 59.457327 15116.920067
437 19.678600 -6.121758 1.880659 18.481323 2550.164341
437 10.596298 -4.492170 9.797758 342.213955 69215.208126
437 14.991714 -5.343241 1.699001 92.074226 2081.304321
437 19.697091 -6.124634 15.381572 217.189573 170588.402090
437 8.809737 -4.096006 7.264704 336.736688 38052.562190
437 9.258406 -4.199013 3.150386 7.770873 7156.086665
437 21.566252 -6.408648 5.282206 221.743967 20117.715833
437 16.792803 -5.655105 5.381500 241.704857 20881.163129
437 13.191374 -5.012151 4.951848 315.986665 17680.016165
437 12.575167 -4.893685 22.607746 20.241819 368521.292482
437 25.782213 -7.007114 8.786413 300.122204 55663.596822
437 6.792088 -3.596505 6.551589 1.799313 30948.623959
437 11.267444 -4.632248 10.874084 116.463581 85257.662448
437 13.048169 -4.984870 2.868625 41.761896 5933.291187
437 14.123064 -5.186132 4.938746 101.936870 17586.582825
437 19.009610 -6.016802 7.915955 318.006827 45180.882089
437 28.546255 -7.373160 11.654585 352.362451 97935.852122
437 -17.617421 5.792289 8.164382 162.015411 48061.215981
437 -22.590631 6.559085 4.623778 101.500749 15414.944338
437 -26.850612 7.150825 3.346642 285.728267 8075.446745
437 -17.123185 5.710464 2.081408 258.735554 3123.652551
437 -7.363913 3.744841 3.024795 344.515459 6596.902500
437 -17.019743 5.693189 8.308679 193.479430 49775.085530
437 -16.703333 5.640020 3.833263 242.988667 10594.619522
437 -12.350337 4.849740 13.039441 2.161189 122593.095397
437 -24.612080 6.846258 2.503223 151.804158 4518.010228
437 -5.620979 3.271787 8.333341 307.463317 50071.010023
438 8.748163 -4.081666 10.095802 260.260255 73490.244567
438 16.779270 -5.652826 2.937090 144.859028 6219.889770
438 1.097416 -1.445655 3.432803 302.760781 8496.611045
438 15.765437 -5.479388 6.588926 106.218341 31302.377960
438 11.504055 -4.680633 4.624323 231.205578 15418.581415
438 17.190531 -5.721682 2.608597 262.831174 4906.391603
438 19.165268 -6.041385 8.741432 107.732875 55095.127840
438 2.637414 -2.241136 7.769043 169.092012 43519.427778
438 9.316371 -4.212137 5.689876 43.610403 23342.837523
438 11.173345 -4.612864 8.504737 135.993755 52151.868291
438 9.560756 -4.267025 6.881006 267.885759 34139.091708
438 14.602893 -5.273495 4.573461 247.074900 15081.272319
438 15.837833 -5.491955 7.714644 108.071620 42912.106875
438 6.133293 -3.417637 9.797259 165.805068 69208.149991
438 10.732277 -4.520901 4.906826 109.302929 17359.988895
438 12.330641 -4.845872 5.808108 276.317271 24323.016437
438 10.810987 -4.537449 3.813070 228.529147 10483.292230
438 14.027785 -5.168608 3.226768 283.304572 7507.298113
438 -13.431791 5.057618 11.286787 74.673856 91852.024120
438 -14.231159 5.205941 6.058927 105.250383 26469.120771
438 -24.941462 6.891917 7.797266 278.822873 43836.182884
438 -17.716690 5.808585 7.283189 229.253258 38246.454507
438 -21.050026 6.331482 2.862096 161.290777 5906.313380
438 -1.287575 1.565905 10.738810 347.543817 83149.646701
438 -1.028226 1.399341 10.805145 111.592600 84180.061324
438 -2.880628 2.342193 2.974010 65.232642 6377.243679
438 -8.314275 3.979159 2.128785 358.730118 3267.471439
438 -23.027326 6.622178 4.943414 254.508399 17619.844452
439 25.101098 -6.913937 5.344371 181.228272 20594.025076
439 15.615060 -5.453194 9.649214 128.499435 67132.361810
439 0.626132 -1.091974 8.536760 7.184091 52545.347171
439 21.970592 -6.468446 7.905012 297.327289 45056.057647
439 12.501334 -4.879297 5.708671 47.548596 23497.307022
439 7.774773 -3.847893 8.915751 149.215702 57314.422992
439 15.153118 -5.371927 8.012228 174.281067 46286.532904
439 4.760420 -3.010937 5.902753 230.589274 25122.174799
439 4.119507 -2.800927 7.992154 350.747646 46054.886913
439 11.828784 -4.746234 3.981240 203.441818 11428.385781
439 13.339003 -5.040119 6.425940 261.717326 29772.916788
439 3.153157 -2.450484 4.135780 24.043072 12332.835295
439 5.929801 -3.360463 3.412229 227.291078 8395.070478
439 0.488027 -0.964053 4.810636 28.920359 16686.033375
439 15.825586 -5.489831 17.118035 266.388790 211278.785398
439 24.201794 -6.788954 4.396947 319.475217 13939.609609
439 16.234052 -5.560227 12.105458 111.064171 105659.978604
439 17.035174 -5.695769 6.561334 25.262829 31040.759840
439 -15.260515 5.390930 5.601329 330.570985 22621.962223
439 -19.171880 6.042427 11.931199 65.182994 102639.915018
439 -8.329845 3.982883 5.705072 229.886290 23467.686033
439 -9.617656 4.279704 5.809820 184.943432 24337.355836
439 -16.971562 5.685125 17.093312 67.273557 210668.952667
439 -22.347554 6.523702 27.787086 204.286081 556716.499611
439 -5.533896 3.246344 3.178818 248.469572 7285.834754
439 -21.929338 6.462370 29.533233 37.568530 628883.273067
439 -20.951808 6.316694 5.089275 157.498903 18674.967120
439 -31.280978 7.718257 3.999400 57.353210 11532.880653
439 -12.925443 4.961372 3.410263 300.876906 8385.400017
440 29.157006 -7.451617 4.611079 332.362329 15330.388202
440 6.987340 -3.647834 4.741197 79.934375 16207.798767
440 12.064675 -4.793325 8.052768 311.295033 46756.119515
440 21.445219 -6.390640 14.800001 288.583841 157932.520604
440 14.584108 -5.270102 4.199128 228.090046 12713.532630
440 24.095178 -6.773984 10.020476 104.764999 72397.706579
440 12.750584 -4.927699 3.080161 116.490611 6840.613075
440 13.704652 -5.108732 4.044360 277.794595 11793.635899
440 8.312626 -3.978764 5.634578 194.768498 22891.322945
440 14.206208 -5.201375 3.273939 19.779443 7728.392680
440 8.842470 -4.103608 10.643349 146.218041 81677.926829
440 24.220102 -6.791521 6.307286 1.793423 28683.567780
440 25.679726 -6.993173 9.123031 294.500374 60010.381488
440 3.152420 -2.450198 3.289346 208.677682 7801.304142
440 16.715723 -5.642112 9.980185 6.793234 71816.663401
440 21.727695 -6.432591 11.216483 228.291891 90711.320049
440 11.266285 -4.632010 3.489773 284.867168 8780.967413
440 4.152776 -2.812214 2.797041 168.725584 5640.865421
440 -12.470691 4.873313 6.198841 140.313986 27705.695994
440 -19.499035 6.093764 6.956300 185.892574 34890.299250
440 -26.294961 7.076449 21.718053 250.090940 340086.854163
440 -23.791650 6.731183 2.507802 102.099207 4534.552755
440 -8.331363 3.983246 5.128668 166.607788 18965.192181
440 -9.585243 4.272486 9.880966 123.860234 70395.815805
440 -3.750442 2.672516 3.085693 4.496899 6865.203356
440 -13.456344 5.062239 3.444941 137.761532 8556.804874
440 -17.612766 5.791524 4.336060 298.427392 13556.222198
440 -23.162539 6.641592 18.072371 199.376908 235493.175742
440 -8.036070 3.912019 2.157238 292.469147 3355.400735
441 8.848757 -4.105067 8.098657 352.598185 47290.515897
441 9.943955 -4.351697 2.384296 65.099237 4098.910177
441 13.602794 -5.089711 8.430228 198.308968 51242.076881
441 19.002104 -6.015614 14.187485 358.042920 145130.561220
441 8.443915 -4.010061 5.930033 248.580420 25354.922250
441 10.712191 -4.516669 6.985228 131.998585 35181.086267
441 12.244265 -4.828869 7.540303 182.501471 40994.510918
441 16.807127 -5.657516 6.572205 270.489961 31143.705380
441 15.017661 -5.347862 17.271072 82.940340 215073.388213
441 5.707414 -3.296847 12.013334 49.128958 104057.929289
441 26.474275 -7.100536 3.567195 338.697036 9174.910833
441 11.400146 -4.659446 4.647566 195.127447 15573.968649
441 15.195550 -5.379443 4.739513 131.945169 16196.291372
441 17.652757 -5.798095 7.068474 351.932861 36024.620292
441 17.680932 -5.802721 22.368779 273.593517 360771.826008
441 14.595619 -5.272181 17.175278 53.420845 212694.178662
441 19.554228 -6.102382 2.900488 254.249129 6065.828625
441 21.859546 -6.452079 10.464646 280.503216 78958.187405
441 -15.651741 5.459595 3.673125 199.173451 9727.906366
441 -29.545907 7.501148 23.968236 40.901456 414209.641452
441 -6.059967 3.397146 8.394657 62.378163 50810.558860
441 -20.408263 6.234220 5.319773 206.976234 20404.888581
441 -14.227331 5.205241 7.472096 284.179423 40256.217084
441 -12.507674 4.880534 4.694171 1.248580 15887.877716
441 -7.678662 3.824035 9.488610 316.212105 64916.222989
441 -18.782570 5.980763 19.158183 53.515219 264640.741023
441 -19.495047 6.093141 15.605267 170.550664 175586.232607
441 -19.759624 6.134348 4.470011 311.235055 14406.722177
441 -22.163751 6.496818 7.552300 64.238810 41125.063677
442 13.994060 -5.162392 7.297651 6.012311 38398.497592
442 18.039046 -5.861191 5.791551 313.556268 24184.541745
442 7.343275 -3.739590 11.064043 240.247554 88262.412061
442 20.683315 -6.276090 4.945225 263.606910 17632.753749
442 12.893556 -4.955249 4.423740 175.797601 14110.007607
442 10.191531 -4.405536 11.530512 315.142783 95861.735812
442 22.063072 -6.482046 8.678784 201.703089 54308.254201
442 14.451407 -5.246071 10.134106 347.194153 74048.965312
442 21.214657 -6.356193 10.067631 199.150744 73080.695655
442 11.977844 -4.776045 5.566927 35.239887 22344.938437
442 12.554171 -4.889597 7.868996 117.908698 44646.433275
442 19.183223 -6.044215 3.885218 305.619505 10883.759624
442 17.692890 -5.804682 14.707531 216.150336 155965.162468
442 5.820527 -3.329356 1.781038 82.245949 2287.148728
442 11.740784 -4.728546 6.637360 57.383066 31764.266034
442 6.508021 -3.520494 10.112163 143.700305 73728.628431
442 2.874733 -2.339795 2.922924 339.139395 6160.035689
442 9.788112 -4.317462 4.132229 286.263250 12311.667803
442 -12.038890 4.788200 9.203646 308.155274 61075.624239
442 -12.250154 4.830030 3.545971 276.190728 9066.059051
442 -11.416016 4.662688 3.669335 213.964552 9707.846763
442 -23.031625 6.622796 2.578098 51.130882 4792.331853
442 -22.327326 6.520748 6.911848 230.360079 34445.814870
442 -12.170582 4.814318 9.008877 185.463414 58517.983188
442 -13.453539 5.061711 9.058864 143.667142 59169.173905
442 -16.668197 5.634085 6.103403 235.754742 26859.142505
442 -14.077255 5.177714 13.171238 91.408583 125083.864848
442 -18.954770 6.008117 4.704871 119.023795 15960.387343
442 -14.371296 5.231510 8.628215 59.280606 53677.211081
443 23.842712 -6.738402 8.359798 50.767214 50389.455714
443 15.329028 -5.403018 8.823354 143.482164 56132.637301
443 13.011223 -4.977808 5.906348 196.274887 25152.790031
443 20.067085 -6.181889 6.976872 242.979573 35096.964029
443 -0.202805 -0.621468 12.842812 324.701123 118923.679101
443 23.816494 -6.734696 3.336238 240.782478 8025.315013
443 24.052883 -6.768036 6.915321 283.747942 34480.437416
443 18.207656 -5.888519 5.945832 260.793313 25490.208091
443 21.309024 -6.370314 4.200512 74.447155 12721.914920
443 15.383416 -5.412594 6.709976 204.642540 32463.104373
443 10.912686 -4.558741 8.416218 204.041493 51071.895691
443 6.598174 -3.544794 7.013397 62.358223 35465.403051
443 14.812675 -5.311239 19.326943 211.806260 269323.605013
443 21.239812 -6.359961 7.571593 86.921878 41335.446382
443 15.204767 -5.381074 4.519166 239.324665 14725.314279
443 11.956551 -4.771798 8.719448 270.981105 54818.368132
443 14.810833 -5.310909 2.440779 218.515902 4295.414725
443 11.353680 -4.649941 5.858824 86.586153 24749.648814
443 -16.501599 5.605858 3.856965 288.908242 10726.039426
443 -8.827494 4.100132 5.289232 79.574953 20171.275786
443 -15.054955 5.354499 9.515919 184.790939 65290.430172
443 -2.181994 2.038477 20.299670 54.305537 297116.002435
443 -14.721835 5.294928 10.055137 327.297760 72899.412413
443 -11.690214 4.718352 4.856920 337.284215 17008.658457
443 -11.299692 4.638872 7.284000 52.489427 38254.975757
443 -13.032721 4.981919 2.839404 34.691808 5813.029349
443 -12.228708 4.825801 11.945729 167.154130 102890.055391
443 -14.605802 5.274020 8.527889 323.361993 52436.195723
443 -17.235275 5.729124 3.427555 325.293968 8470.655214
444 17.003269 -5.690433 3.130506 249.724566 7066.057527
444 10.378810 -4.445830 3.483281 65.580104 8748.328029
444 17.142111 -5.713619 9.481518 76.629023 64819.221869
444 10.488222 -4.469202 3.272524 15.265913 7721.712794
444 8.094695 -3.926263 9.563533 87.611737 65945.446008
444 19.119342 -6.034143 3.050370 237.674178 6708.929048
444 -1.073522 -1.429831 8.346930 173.619103 50234.450262
444 18.105941 -5.872049 7.385424 315.602412 39327.740061
444 9.232786 -4.193199 5.900183 226.060914 25100.309432
444 3.654076 -2.637958 5.228898 220.981123 19713.714102
444 12.142663 -4.808793 15.057872 102.176998 163484.011610
444 20.649644 -6.270979 7.362898 215.842367 39088.198268
444 15.034218 -5.350810 4.934187 355.094321 17554.126103
444 11.018451 -4.580779 6.979931 208.331846 35127.751835
444 14.943784 -5.334692 4.586617 53.944836 15168.161903
444 -0.157271 -0.547272 3.419892 62.006315 8432.819164
444 20.542908 -6.254751 8.991427 11.226123 58291.517211
444 5.208366 -3.149415 3.588249 38.339891 9283.529890
444 9.465407 4.245694 2.669703 355.415793 5138.943990
444 -7.441062 3.764407 8.592364 356.449531 53232.073216
444 -0.070487 0.366381 3.664756 105.970127 9683.628372
444 -11.426625 4.664854 10.418206 141.538061 78258.938348
444 -11.914154 4.763330 2.288578 126.223826 3776.414445
444 -14.064058 5.175287 3.421526 290.316237 8440.878951
444 -5.846457 3.336764 11.284771 100.673240 91819.212085
444 -16.833029 5.661874 19.306992 258.637962 268767.835521
444 -16.897424 5.672694 3.232174 5.732931 7532.471049
444 -21.683345 6.426022 7.936349 112.811768 45413.985510
444 -22.329145 6.521014 8.114438 180.234274 47474.994076
444 -19.265348 6.057139 5.034375 236.096036 18274.236991
445 4.077335 -2.786553 5.657328 292.248477 23076.547358
445 11.459387 -4.671537 9.225810 55.608143 61370.137391
445 15.057610 -5.354971 3.206703 317.872768 7414.220632
445 13.409861 -5.053488 4.192473 277.691135 12673.269823
445 13.550306 -5.079882 7.916470 114.901176 45186.761789
445 6.099123 -3.408104 3.256649 21.374025 7646.980301
445 4.981046 -3.079920 5.435819 255.480374 21304.828363
445 4.076545 -2.786283 8.143434 289.043073 47814.892693
445 12.222947 -4.824664 9.107504 272.091918 59806.278401
445 10.345216 -4.438629 9.756345 320.660156 68631.323411
445 11.393768 -4.658142 7.296832 355.351382 38389.886426
445 10.361322 -4.442083 14.572846 242.780077 153121.721528
445 5.752711 -3.309904 30.963445 155.167913 691268.250339
445 20.062857 -6.181238 8.348461 126.176320 50252.876258
445 5.236300 -3.157849 10.530823 197.384088 79959.987078
445 14.948461 -5.335527 8.990457 216.471085 58278.937762
445 7.186712 -3.699510 16.403026 54.282537 193997.447982
445 2.814059 -2.314972 6.765345 130.979353 33001.065369
445 -8.778747 4.088795 8.160225 131.706767 48012.278694
445 -8.054644 3.916537 17.279783 13.435870 215290.379103
445 -13.477558 5.066227 2.855374 181.935025 5878.602833
445 -20.940256 6.314952 6.450371 201.864796 29999.733640
445 -17.641797 5.796295 6.635942 12.831380 31750.695613
445 -11.701687 4.720667 7.552337 39.795772 41125.462530
445 -15.438553 5.422286 12.793668 345.679405 118015.272644
445 -23.504179 6.690393 12.428651 340.452769 111377.136616
445 -16.093887 5.536172 9.435599 88.190340 64192.908241
445 -20.382625 6.230303 2.445147 112.445834 4310.801041
445 -13.438705 5.058920 20.503958 308.103542 303126.188994
445 -19.179648 6.043651 20.507406 93.372481 303228.160089
446 2.286541 -2.086741 5.664376 256.403717 23134.082933
446 21.999395 -6.472685 4.106305 105.047905 12157.675691
446 10.830783 -4.541601 10.965634 72.179612 86699.301612
446 16.901292 -5.673343 6.059186 234.925620 26471.383560
446 9.321807 -4.213365 9.604577 85.775448 66512.700258
446 9.027635 -4.146351 2.250393 123.559394 3651.444703
446 15.160268 -5.373194 6.911082 278.671156 34438.178983
446 -0.075941 -0.380291 13.859201 200.250494 138491.927767
446 14.745797 -5.299235 3.068249 137.344096 6787.802695
446 10.793866 -4.533855 1.645893 243.251709 1953.221452
446 17.367146 -5.750999 14.063524 261.073042 142605.541220
446 8.739565 -4.079660 30.272457 104.172834 660759.513395
446 8.663953 -4.061974 5.357462 150.213906 20695.037444
446 21.237692 -6.359643 6.333137 182.615731 28919.167288
446 15.110743 -5.364410 5.478623 59.438452 21641.677486
446 5.853289 -3.338713 5.387675 166.885923 20929.115763
446 15.705426 -5.468950 3.866724 139.299219 10780.390338
446 12.433587 -4.866058 4.329781 285.832042 13516.985812
446 -14.100438 5.181976 4.598504 113.870901 15246.890758
446 -9.615200 4.279157 10.223549 286.659467 75361.832608
446 -18.176978 5.883557 16.902332 210.883999 205987.723240
446 -4.982742 3.080444 8.831991 189.747016 56242.590033
446 -21.646968 6.420630 8.362403 272.385090 50420.866949
446 0.050630 0.310516 8.539688 66.421125 52581.394267
446 -17.959407 5.848239 2.664005 351.067913 5117.032900
446 -21.558128 6.407441 3.663465 149.849984 9676.808677
446 -16.328080 5.576307 7.266468 52.417960 38071.041156
446 -22.071114 6.483227 12.347957 323.216935 109935.590250
446 -19.473696 6.089803 4.569938 62.992693 15058.047018
446 -3.965843 2.748191 10.596860 167.728668 80965.958216
447 15.274890 -5.393468 7.173285 264.589716 37100.881582
447 11.454200 -4.670479 8.465402 245.270239 51670.566086
447 5.646995 -3.279350 3.466632 349.082477 8664.899898
447 16.307286 -5.572755 11.380834 324.658142 93389.111063
447 16.319561 -5.574852 14.521496 44.887005 152044.521909
447 9.534393 -4.261138 5.359210 326.053774 20708.543267
447 17.665645 -5.800212 5.363055 64.008825 20738.272547
447 13.036168 -4.982577 15.813454 351.768692 180302.409430
447 12.755704 -4.928688 12.350247 247.101941 109976.358357
447 4.062971 -2.781640 26.090475 323.843575 490808.472966
447 -1.689304 -1.793630 3.033701 185.113594 6635.806317
447 8.599506 -4.046838 10.136568 32.254098 74084.944355
447 12.316260 -4.843045 5.018569 171.405536 18159.668387
447 18.762837 -5.977621 11.756830 53.567417 99661.765798
447 22.110852 -6.489061 7.595386 59.489016 41595.640342
447 8.535916 -4.031848 2.635991 319.581431 5009.977968
447 14.673996 -5.286318 5.477936 162.115354 21636.249860
447 -14.347284 5.227138 7.766794 334.063764 43494.233789
447 -5.711825 3.298121 4.031470 243.995785 11718.578635
447 -22.691728 6.573745 2.732691 315.370777 5384.299687
447 -14.536130 5.261426 3.154951 128.182605 7176.842338
447 -8.202094 3.952223 4.475040 187.899191 14439.160076
447 -17.174251 5.718972 2.906857 249.617076 6092.499242
447 -21.873126 6.454083 1.806375 226.771415 2352.685011
447 1.410799 1.639123 4.550554 236.923040 14930.578819
447 -4.654246 2.977171 6.956100 113.061340 34888.287198
447 2.085393 1.992843 3.206714 313.046456 7414.270521
447 -17.800916 5.822376 9.501176 113.348670 65088.278659
447 -15.952454 5.511792 4.777275 177.095598 16455.405713
448 10.064037 -4.377894 1.864402 325.640577 2506.266921
448 20.653073 -6.271500 9.092288 345.771939 59606.612831
448 19.126431 -6.035261 7.503022 169.029788 40590.138779
448 9.726955 -4.303953 6.050892 204.403426 26398.965244
448 8.598543 -4.046612 7.810966 136.541542 43990.363658
448 8.301022 -3.975986 2.924650 130.285724 6167.311194
448 4.094996 -2.792581 3.612639 124.510246 9410.166415
448 13.332723 -5.038932 9.380985 311.361234 63451.949440
448 8.857829 -4.107170 12.723101 85.618256 116716.982338
448 5.651868 -3.280765 7.550280 305.005624 41103.063134
448 16.518676 -5.608758 14.575206 242.608630 153171.318348
448 12.139694 -4.808205 3.008039 97.201086 6524.014930
448 14.039250 -5.170720 4.049452 306.349641 11823.348842
448 17.836024 -5.828115 7.140675 107.245347 36764.322604
448 21.239299 -6.359884 14.407803 93.504744 149673.052745
448 11.714642 -4.723279 6.192536 26.905511 27649.365560
448 13.409425 -5.053406 5.033218 297.344109 18265.837478
448 -9.201738 4.186143 5.669728 12.928433 23177.819052
448 -14.487791 5.252671 6.014069 350.763022 26078.633574
448 -11.064099 4.590258 8.902436 316.971866 57143.365973
448 -5.173276 3.138787 6.646686 185.032169 31853.592146
448 -10.778336 4.530592 5.914755 316.648069 25224.439405
448 -11.990870 4.778641 4.369688 298.210198 13767.302299
448 -19.651164 6.117489 4.011750 54.722169 11604.214066
448 -21.156847 6.347527 27.733141 146.287730 554557.008194
448 -18.113858 5.873332 11.801593 216.832999 100422.107579
448 -12.169773 4.814158 16.337089 99.651312 192440.915332
448 -13.235267 5.020482 10.715547 1.960602 82789.782219
448 -5.973362 3.372784 5.284625 98.483883 20136.152401
449 10.347298 -4.439076 14.595047 241.351827 153588.622246
449 5.879586 -3.346204 7.591833 219.836967 41556.734689
449 7.689942 -3.826843 10.303042 133.937804 76538.333278
449 14.000371 -5.163556 3.862819 320.820103 10758.628278
449 21.453226 -6.391833 3.244835 75.832313 7591.598252
449 18.213165 -5.889410 7.932529 239.256408 45370.269767
449 13.712263 -5.110150 8.695151 282.995315 54513.281235
449 13.899208 -5.144867 8.543249 100.633743 52625.247998
449 4.235430 -2.840062 10.531826 280.206836 79975.214135
449 17.281755 -5.736844 4.056612 201.774766 11865.197457
449 -2.391931 -2.134290 7.013838 118.876134 35469.862717
449 19.505371 -6.094754 4.916825 320.521787 17430.808585
449 16.122751 -5.541134 10.456008 44.938531 78827.894118
449 6.126455 -3.415731 9.861377 255.517042 70116.977310
449 14.433831 -5.242880 3.342509 122.610563 8055.514817
449 0.360373 -0.828429 10.062710 193.340341 73009.265173
449 8.449269 -4.011332 8.418703 91.624440 51102.069815
449 -14.173866 5.195451 7.650151 48.076475 42197.627314
449 -26.454781 7.097921 4.868956 107.463392 17093.057073
449 -6.158099 3.424541 6.325812 306.902351 28852.315032
449 -17.082507 5.703677 3.570099 299.671624 9189.851684
449 -10.420108 4.454666 7.330126 167.273877 38741.013262
449 -14.968213 5.339051 2.312083 37.423417 3854.384741
449 -11.460291 4.671721 9.300897 44.714460 62373.164584
449 -24.452728 6.824059 7.333881 188.158586 38780.710461
449 -9.277745 4.203396 2.757770 274.128295 5483.579335
449 -9.732656 4.305214 8.559846 194.033601 52829.925125
449 -12.699102 4.917740 8.299369 104.640522 49663.608180
449 -6.441706 3.502511 12.032908 156.001676 104397.296174
450 10.294565 -4.427750 4.862363 134.178744 17046.798285
450 19.626487 -6.113647 7.329467 55.544910 38734.043551
450 14.480499 -5.251349 6.234689 22.220136 28027.066241
450 18.711604 -5.969454 3.580252 193.458541 9242.198527
450 20.219384 -6.205304 4.171045 83.313343 12544.053379
450 17.576889 -5.785622 12.198998 258.327764 107299.173334
450 6.658067 -3.560846 3.828497 192.781012 10568.289439
450 -2.838488 -2.324998 4.407749 164.788377 14008.185458
450 11.010496 -4.579125 3.469334 120.226008 8678.410592
450 20.057372 -6.180393 3.874363 156.298491 10823.024984
450 6.795032 -3.597285 11.840928 32.627011 101092.644288
450 21.708883 -6.429805 5.561019 167.336954 22297.537160
450 7.633107 -3.812675 10.989450 160.471029 87076.301987
450 15.907543 -5.504028 3.522593 47.091313 8946.907761
450 18.340426 -5.909950 4.319807 87.230674 13454.783044
450 12.312272 -4.842261 5.576287 277.267739 22420.138015
450 17.725179 -5.809977 4.373522 187.911899 13791.472506
450 -15.000828 5.344865 6.994299 129.823030 35272.512859
450 -12.924964 4.961280 6.832343 5.971160 33657.926344
450 -19.765067 6.135193 3.741144 115.388014 10091.529265
450 -11.228789 4.624295 8.614476 289.241138 53506.414918
450 -24.155180 6.782413 6.681595 217.643169 32189.070237
450 -13.224418 5.018424 10.490252 349.933489 79345.067857
450 -11.934045 4.767305 4.266957 324.058359 13127.578995
450 -15.032145 5.350441 11.908466 317.682360 102249.148613
450 -23.313426 6.663189 6.095205 252.818866 26787.040383
450 -13.720270 5.111642 5.177274 201.198891 19326.376716
450 -19.106519 6.032119 3.160256 148.282010 7200.994902
450 -13.340649 5.040430 7.767566 256.777610 43502.880283
451 15.832613 -5.491050 3.030370 349.146938 6621.241621
451 5.011235 -3.089239 6.942651 237.199938 34753.512780
451 2.137851 -2.017752 6.811268 209.437380 33450.607202
451 15.562482 -5.444005 11.778715 318.285162 100033.135007
451 14.560433 -5.265823 4.662286 6.543140 15672.773421
451 8.448658 -4.011187 12.911573 86.768583 120200.536914
451 22.063661 -6.482132 8.587374 296.617599 53170.266101
451 4.681249 -2.985795 4.840932 347.900128 16896.862478
451 17.115609 -5.709200 9.650858 149.030414 67155.237156
451 3.262340 -2.492549 10.774468 73.285523 83702.748312
451 7.436976 -3.763373 6.988152 319.143738 35210.542937
451 14.323686 -5.222837 1.705186 109.724765 2096.484260
451 14.157954 -5.192534 9.024839 94.601104 58725.531151
451 6.817384 -3.603197 4.586713 319.993089 15168.798665
451 7.184900 -3.699044 8.226748 116.089087 48798.274266
451 19.667990 -6.120108 7.498715 271.173074 40543.549392
451 20.511879 -6.250026 6.818572 179.344966 33522.388538
451 -19.600326 6.109571 19.646147 76.147214 278293.362598
451 -19.629849 6.114171 2.311384 359.657952 3852.052193
451 -9.721659 4.302781 14.586529 173.459685 153409.411690
451 -16.313935 5.573891 2.171052 291.215877 3398.509873
451 -10.515263 4.474960 7.057810 30.721137 35915.997983
451 -15.751126 5.476901 3.865682 194.508216 10774.581881
451 -9.264754 4.200452 9.478529 13.385646 64778.366545
451 -5.580604 3.260016 4.550553 119.642713 14930.570781
451 1.128327 1.465874 8.594971 221.362763 53264.383870
451 -27.691135 7.261887 4.208443 167.352298 12770.003866
451 -14.849210 5.317785 6.621276 207.623776 31610.506785
451 -14.014507 5.166162 6.360686 17.726440 29171.314487
452 11.360969 -4.651433 3.001229 154.953635 6494.507818
452 15.561768 -5.443880 10.799790 104.746839 84096.645152
452 24.402287 -6.817017 3.741817 168.571310 10095.159278
452 14.563668 -5.266408 4.155794 280.067278 12452.488941
452 5.006755 -3.087858 12.924127 46.593208 120434.392488
452 10.338985 -4.437292 9.266335 330.840436 61910.466895
452 0.897128 -1.307092 3.540643 111.545735 9038.833046
452 13.250273 -5.023328 7.880647 350.651291 44778.735085
452 17.837234 -5.828313 16.028302 217.454706 185235.024491
452 9.333049 -4.215905 7.076979 279.633197 36111.367349
452 19.798203 -6.140334 6.994827 253.823913 35277.841781
452 10.430470 -4.456881 6.382234 124.105437 29369.294165
452 11.636868 -4.707574 7.301194 171.919051 38435.794922
452 14.601990 -5.273332 7.082408 48.241955 36166.789841
452 13.391048 -5.049942 11.915874 165.691546 102376.411450
452 8.535427 -4.031732 11.645050 14.115452 97775.670280
452 9.663293 -4.289846 8.455100 37.440304 51544.886176
452 -14.524358 5.259295 6.298730 297.241958 28605.795365
452 -15.890297 5.501044 7.626673 103.658239 41939.026176
452 -16.280751 5.568219 5.206372 79.063764 19544.228459
452 -14.182390 5.197013 6.737605 218.087966 32730.995801
452 -5.833289 3.333004 9.889626 135.727742 70519.272719
452 -1.450701 1.662142 10.018658 191.884641 72371.426730
452 -11.596613 4.699424 7.670833 77.963427 42426.105199
452 -18.858579 5.992852 2.348073 337.148833 3975.311288
452 -2.834644 2.323424 13.823398 161.037808 137777.311160
452 -2.745939 2.286781 5.923209 128.518920 25296.597781
452 -0.538463 1.012645 4.238323 25.417502 12951.982280
452 -17.065862 5.700897 5.688512 85.142969 23331.651330
453 13.890482 -5.143251 9.279552 222.302897 62087.208882
453 16.632016 -5.627967 2.360415 198.441259 4017.211398
453 16.367918 -5.583105 10.163793 36.161454 74483.433299
453 19.224144 -6.050658 3.697851 42.965348 9859.318303
453 16.784254 -5.653666 4.058445 356.589842 11875.922813
453 11.228926 -4.624323 2.564629 22.697996 4742.390223
453 17.243628 -5.730512 3.808822 55.119716 10459.943118
453 11.087931 -4.595199 5.711696 172.841756 23522.217940
453 14.434301 -5.242965 11.799255 172.346926 100382.326785
453 16.228342 -5.559249 9.272699 51.075068 61995.527544
453 25.185192 -6.925509 9.734907 168.890355 68330.045568
453 7.834883 -3.862739 5.955923 22.174413 25576.799203
453 7.984829 -3.899527 4.406976 42.409131 14003.266981
453 10.947683 -4.566045 5.331018 318.126090 20491.249162
453 17.710644 -5.807594 8.859058 296.953327 56587.850923
453 4.317608 -2.867482 8.320194 145.534314 49913.149375
453 -17.134334 5.712322 9.123046 2.150793 60010.571113
453 -16.701776 5.639757 6.751193 287.315173 32863.140015
453 -9.294641 4.207222 5.386864 328.173846 20922.815689
453 -6.248152 3.449490 3.900466 258.959077 10969.356526
453 -11.027401 4.582639 6.148280 92.792242 27255.572350
453 -13.216237 5.016872 8.642397 86.974424 53853.815572
453 -15.947434 5.510925 11.000540 266.918613 87252.137329
453 -12.334068 4.846545 6.596544 262.662303 31374.800991
453 -21.952106 6.465724 8.647266 265.252416 53914.512058
453 -3.909380 2.728557 7.224324 0.385196 37630.721801
453 -9.271034 4.201875 3.150639 78.809715 7157.237350
453 -17.950663 5.846815 4.892124 67.882593 17256.115513
454 14.442454 -5.244446 2.160861 270.103048 3366.678105
454 9.479658 -4.248889 3.601487 195.111739 9352.157246
454 5.492595 -3.234208 4.337611 95.534430 13565.920822
454 12.402829 -4.860036 7.780299 319.119418 43645.612864
454 1.807844 -1.855494 1.952233 191.791341 2747.967499
454 19.682945 -6.122434 6.582061 234.034009 31237.187362
454 0.446489 -0.922114 8.803194 308.282028 55876.421431
454 3.158630 -2.452610 4.492130 110.151595 14549.654695
454 20.636073 -6.268918 5.896725 328.085942 25070.893167
454 16.375724 -5.584436 3.883665 285.745023 10875.057739
454 14.542307 -5.262544 5.269198 207.276187 20018.754258
454 3.772822 -2.680478 1.861697 295.566873 2498.998087
454 15.772275 -5.480577 5.672008 9.732683 23196.460975
454 13.401961 -5.051999 15.437019 136.548904 171820.498909
454 16.976737 -5.685991 7.354304 106.027857 38996.998827
454 11.694395 -4.719196 12.704480 279.257598 116375.587355
454 -9.069536 4.155962 2.386300 200.994259 4105.804798
454 -16.087187 5.535019 2.815269 174.078931 5714.626217
454 -16.475308 5.601391 3.115007 80.474619 6996.262837
454 -15.314435 5.400445 10.400460 279.245910 77992.559103
454 -5.391293 3.204244 6.667730 282.696573 32055.615143
454 -11.071480 4.591789 10.128185 37.949048 73962.451670
454 -19.420729 6.081516 6.044800 201.252888 26345.830227
454 -21.226655 6.357990 5.010348 162.602245 18100.221889
454 -7.275039 3.722175 14.129305 12.777583 143942.705520
454 -9.157991 4.176180 2.105156 133.504031 3195.336277
454 -9.792343 4.318395 3.099951 154.083255 6928.794216
454 -15.446873 5.423746 6.743296 19.296953 32786.313310
455 7.756991 -3.843490 6.433365 335.743040 29841.765512
455 5.714931 -3.299017 16.095203 98.346223 186784.558219
455 10.499052 -4.471509 3.117999 20.708631 7009.709365
455 10.928943 -4.562135 5.923997 45.179873 25303.332275
455 4.803899 -3.024656 10.957618 313.368289 86572.592387
455 15.988583 -5.518030 4.354246 184.649509 13670.172574
455 3.008244 -2.393512 9.920472 14.605198 70959.855063
455 11.527944 -4.685490 6.114087 67.783357 26953.264235
455 10.879863 -4.551880 5.484762 329.497108 21690.203283
455 8.466311 -4.015376 6.073068 285.604932 26592.817083
455 16.843793 -5.663684 20.276254 148.580696 296430.936370
455 23.979631 -6.757722 3.916652 289.468394 11060.583137
455 20.105946 -6.187872 8.304028 319.172757 49719.378872
455 14.021317 -5.167417 8.630253 230.632399 53702.580743
455 17.939883 -5.845059 7.948379 114.464726 45551.759924
455 9.581624 -4.271679 7.145623 26.652109 36815.295396
455 -8.960723 4.130956 5.081091 144.955153 18614.956455
455 -16.650534 5.631099 25.258092 328.980935 459990.807288
455 -23.894968 6.745782 13.879680 189.750694 138901.515603
455 -20.458296 6.241857 2.166567 182.606236 3384.484162
455 -14.932921 5.332753 19.184934 321.614891 265380.307435
455 -7.810808 3.856800 9.133752 24.559402 60151.507512
455 -15.234752 5.386377 4.553470 182.012839 14949.718956
455 -12.221984 4.824474 8.721103 70.691089 54839.177214
455 -17.346945 5.747654 10.080208 308.014592 73263.405583
455 -7.745084 3.840539 5.812474 3.766850 24359.601258
455 -17.174916 5.719083 12.740551 62.764502 117037.357147
455 -27.334909 7.215026 9.788519 201.092693 69084.722731
456 10.408937 -4.452278 4.845736 75.791660 16930.413942
456 18.158504 -5.880566 8.864235 299.989455 56653.999132
456 13.921230 -5.148941 15.404553 27.991927 171098.527788
456 9.003392 -4.140780 8.819338 200.804603 56081.561343
456 10.263259 -4.421012 4.592309 174.843216 15205.832296
456 3.673660 -2.645018 5.147740 56.245653 19106.508675
456 9.352247 -4.220239 13.482400 214.997033 131063.712540
456 8.026579 -3.909708 3.965286 153.201070 11336.970971
456 19.108567 -6.032442 3.370300 315.278964 8190.025067
456 1.243686 -1.538985 2.319176 153.640758 3878.067614
456 6.489303 -3.515427 8.905155 248.084065 57178.278928
456 7.117220 -3.681580 5.670565 55.649574 23184.662639
456 10.107335 -4.387301 4.148718 87.133862 12410.116882
456 12.879503 -4.952547 5.208649 329.952003 19561.321516
456 12.265161 -4.832988 10.694203 111.562554 82460.302977
456 11.938951 -4.768285 6.834673 212.708088 33680.892633
456 -12.403122 4.860093 9.898939 283.470543 70652.143549
456 -14.109159 5.183578 8.951440 30.022173 57774.188459
456 -20.055300 6.180074 9.774338 148.121741 68884.705093
456 -28.994435 7.430814 3.441224 154.480617 8538.349871
456 -18.876770 5.995742 6.387587 157.389509 29418.577364
456 -22.003270 6.473255 2.378824 67.631872 4080.116308
456 -28.320845 7.343992 8.896596 310.193547 57068.410621
456 -12.047277 4.789868 4.704579 7.656370 15958.406405
456 -20.645616 6.270368 4.565658 46.634229 15029.857703
456 -10.772174 4.529297 7.056417 290.407770 35901.825700
456 -11.168821 4.611931 8.997032 222.858009 58364.211276
456 -12.290932 4.838063 10.047761 332.886163 72792.502073
457 18.231847 -5.892430 4.847348 301.402942 16941.678895
457 11.489602 -4.677692 4.793308 219.964957 16566.041085
457 17.999821 -5.854815 7.923297 330.944981 45264.728384
457 20.752728 -6.286612 4.502978 225.612518 14620.014301
457 5.407073 -3.208930 15.117194 346.420493 164774.669559
457 10.621713 -4.497554 14.420379 312.001524 149934.439559
457 12.249390 -4.829880 2.867435 132.011844 5928.371074
457 0.063520 -0.347803 7.160363 338.573078 36967.340742
457 11.714503 -4.723251 14.759235 346.760593 157063.687856
457 20.886635 -6.306862 25.242049 209.691017 459406.650027
457 15.588988 -5.448639 1.794335 289.382588 2321.428378
457 8.325542 -3.981854 18.547161 130.846775 248029.294673
457 17.767421 -5.816896 3.482212 125.158896 8742.961776
457 4.869172 -3.045136 6.160349 317.643028 27362.685844
457 14.010706 -5.165461 6.075870 209.450551 26617.359161
457 -15.333539 5.403813 9.306399 89.869284 62446.974540
457 3.259702 2.491541 11.159953 74.058322 89799.266365
457 -17.284366 5.737277 5.280569 145.074471 20105.248036
457 -13.162197 5.006605 15.227910 278.084664 167197.074236
457 -9.614859 4.279081 15.503697 109.815545 173307.999656
457 -5.083238 3.111353 8.951777 33.077375 57778.538593
457 -14.447342 5.245333 18.415532 29.613846 244521.262868
457 -16.260370 5.564733 6.080223 124.455468 26655.519763
457 -6.419759 3.496540 20.979210 255.262708 317341.105519
457 -13.260653 5.025295 4.679828 102.767751 15790.934700
457 -20.114499 6.189188 3.200924 42.459533 7387.523551
457 -7.132055 3.685415 3.372449 210.267757 8200.474228
458 5.326043 -3.184794 10.893885 84.931479 85568.449564
458 12.041580 -4.788735 8.834835 238.866040 56278.816792
458 17.220541 -5.726674 11.065137 247.259053 88279.866436
458 15.065078 -5.356299 7.532840 189.669119 40913.400229
458 14.839312 -5.316012 11.367198 144.829165 93165.462260
458 9.504026 -4.254347 6.687927 219.972009 32250.101654
458 13.200023 -5.013793 3.674640 178.078747 9735.936256
458 12.210678 -4.822242 5.927151 109.430354 25330.280445
458 9.705149 -4.299126 8.304740 304.878981 49727.904937
458 10.985117 -4.573845 5.247241 305.943979 19852.264462
458 9.004580 -4.141053 11.617086 105.992238 97306.637633
458 7.072696 -3.670047 3.388027 15.859042 8276.406621
458 14.684363 -5.288185 9.560685 70.119031 65906.179417
458 1.862116 -1.883139 6.175279 219.997132 27495.473951
458 18.637482 -5.957619 11.402880 9.698690 93751.269840
458 -16.820523 5.659771 4.484280 304.011301 14498.846605
458 -3.606488 2.620724 11.401254 211.597785 93724.535588
458 -19.000421 6.015347 2.525596 322.518687 4599.131954
458 -17.056350 5.699308 7.150853 71.853279 36869.205522
458 -8.540081 4.032832 3.782276 355.004740 10314.649897
458 -9.557945 4.266398 15.916722 22.552610 182664.996929
458 -7.115443 3.681121 4.073507 204.877516 11964.236426
458 -15.349455 5.406616 6.061307 78.684919 26489.917160
458 -10.205854 4.408631 14.868422 342.618107 159396.143737
458 -7.218792 3.707758 6.119273 48.850319 26999.003786
458 -20.720983 6.281802 4.528096 90.136618 14783.571751
458 -11.087415 4.595092 11.048306 228.049875 88011.506226
459 15.189547 -5.378380 18.457867 163.992067 245646.782576
459 13.065972 -4.988270 3.799101 236.971844 10406.619465
459 4.560935 -2.947176 11.875351 293.798216 101681.274997
459 3.519162 -2.588801 17.447722 51.441379 219495.464865
459 9.174556 -4.179955 6.809030 352.842944 33428.633725
459 7.041999 -3.662074 4.189034 147.772519 12652.487028
459 16.645908 -5.630317 8.366336 118.169882 50468.303773
459 18.521893 -5.939115 11.325245 334.589884 92479.026757
459 20.014380 -6.173766 5.596888 300.125238 22586.100803
459 12.340503 -4.847809 15.710471 80.295505 177961.685296
459 8.170147 -3.944519 7.239123 160.384822 37785.045140
459 8.566849 -4.039147 5.383193 74.798501 20894.306080
459 8.637861 -4.055853 10.037494 281.967737 72643.813208
459 5.532093 -3.245816 15.926591 255.427878 182891.591130
459 8.256023 -3.965195 3.741887 207.498080 10095.534552
459 -9.841596 4.329242 7.970656 167.789360 45807.461226
459 -14.733449 5.297016 11.059122 196.651769 88183.909889
459 -20.774911 6.289971 13.276034 332.138386 127082.212978
459 -17.642994 5.796492 18.866575 110.791631 256645.839288
459 -9.087448 4.160064 14.070838 125.140985 142753.911308
459 -6.385571 3.487217 6.179999 311.520718 27537.523572
459 -20.514588 6.250438 2.377901 324.077443 4076.950883
459 -16.664936 5.633534 9.493447 213.301835 64982.431442
459 -6.068764 3.399611 4.925085 96.778392 17489.423023
459 -12.214652 4.823026 5.048578 124.079369 18377.493660
459 -19.233665 6.052156 3.686449 66.649512 9798.611870
459 -7.818577 3.858717 10.210238 17.616144 75165.715127
460 10.541006 -4.480434 10.064489 50.227141 73035.078852
460 8.118116 -3.931938 10.596624 174.893925 80962.355807
460 8.044177 -3.913992 11.889360 40.378370 101921.316625
460 12.020704 -4.784582 21.267599 141.017484 326125.690928
460 9.234630 -4.193618 5.483508 17.745647 21680.289950
460 11.339357 -4.647007 4.551681 163.972792 14937.976357
460 15.182798 -5.377185 3.809452 254.332926 10463.403881
460 16.095078 -5.536377 3.903073 202.286236 10984.022714
460 8.628248 -4.053595 2.402248 8.046980 4160.864855
460 11.392343 -4.657851 10.329461 146.859287 76931.362234
460 8.604965 -4.048122 6.925136 191.518143 34578.385727
460 10.166570 -4.400138 2.798446 142.018920 5646.531898
460 8.422664 -4.005012 4.341114 215.187361 13587.840991
460 2.910073 -2.354133 3.554780 26.579672 9111.158533
460 0.442994 -0.918497 3.727679 356.114519 10019.015387
460 -17.051580 5.698511 2.321249 7.950183 3885.003525
460 -20.750041 6.286205 10.164106 275.231646 74488.019393
460 -15.038053 5.351492 2.045198 158.833628 3015.913665
460 -15.008249 5.346186 6.308519 310.400447 28694.784458
460 -20.754273 6.286846 6.021140 116.709956 26139.997357
460 -18.894048 5.998485 6.720247 272.562952 32562.556357
460 -10.808821 4.536994 9.029471 330.593296 58785.839415
460 -5.534140 3.246416 5.775747 80.567379 24052.731316
460 -12.715092 4.920835 14.393604 115.511019 149378.184366
460 -19.060333 6.024824 7.031488 340.464577 35648.606069
460 -11.946402 4.769772 13.717489 73.489272 135674.204914
460 -18.775825 5.979689 6.513985 54.713792 30594.378056
461 1.197469 -1.510119 4.811551 341.179567 16692.376643
461 15.485386 -5.430504 4.336162 241.895954 13556.858516
461 7.662115 -3.819913 8.315079 51.088217 49851.799237
461 12.987801 -4.973326 9.716120 216.551100 68066.568217
461 6.662715 -3.562088 8.137504 188.025850 47745.284048
461 17.134985 -5.712431 5.273217 74.210298 20049.306320
461 6.546724 -3.530946 12.336347 180.005061 109728.952649
461 16.237775 -5.560865 3.131909 189.808714 7072.393043
461 6.963517 -3.641610 5.266225 327.218798 19996.170366
461 7.162271 -3.693214 3.044232 356.263961 6681.953584
461 26.611480 -7.118912 7.816247 1.968576 44049.867056
461 1.066941 -1.425441 2.785784 280.479937 5595.552206
461 9.291413 -4.206491 6.969147 169.672882 35019.284515
461 13.604600 -5.090049 8.661435 0.393743 54091.339368
461 -8.163021 3.942798 7.272047 251.342647 38129.527971
461 -20.600295 6.263482 2.694796 40.471801 5236.001009
461 -15.869570 5.497455 7.788417 147.541795 43736.740165
461 -21.793233 6.442285 4.374263 284.863308 13796.147318
461 -16.870864 5.668234 4.467628 332.694610 14391.368395
461 -8.519112 4.027878 7.030506 250.477920 35638.653218
461 -13.673662 5.102952 5.239009 229.309563 19790.024773
461 -11.749149 4.730230 8.627021 73.470977 53662.362606
461 -3.845450 2.706155 4.307921 324.750088 13380.846520
461 -18.783633 5.980932 7.106787 146.969608 36416.208514
461 -10.439475 4.458804 11.345453 249.029873 92809.359058
461 -24.962097 6.894767 8.410319 340.907506 51000.332054
462 14.341919 -5.226160 3.211432 235.875347 7436.103155
462 0.711733 -1.164227 8.196458 26.767910 48439.595262
462 12.684891 -4.914988 8.131623 313.304785 47676.295838
462 14.523018 -5.259053 7.740597 322.784233 43201.317163
462 5.247118 -3.161109 6.133322 108.312123 27123.116503
462 14.163706 -5.193588 4.031268 356.721707 11717.402075
462 9.508517 -4.255352 5.211717 330.500849 19584.378882
462 11.829254 -4.746328 2.194433 306.528387 3472.102675
462 13.109113 -4.996498 3.587330 168.823980 9278.774789
462 4.073911 -2.785383 4.581082 206.093833 15131.578014
462 10.409909 -4.452486 10.286422 204.053044 76291.605963
462 10.044864 -4.373721 7.338244 125.169463 38826.871395
462 14.885104 -5.324208 4.165881 112.662540 12513.011684
462 14.508480 -5.256420 5.355923 45.633534 20683.151752
462 0.918413 1.322507 6.406867 108.380990 29596.439767
462 -14.142354 5.189672 9.547454 151.071221 65723.889747
462 -22.309515 6.518147 11.289618 160.282573 91898.111580
462 -15.279708 5.394319 16.693284 327.345909 200923.907830
462 -16.748561 5.647651 2.955164 33.411291 6296.674784
462 -17.805571 5.823137 7.376852 30.894739 39236.497809
462 -4.774232 3.015302 7.817822 144.592036 44067.622025
462 -5.100058 3.116497 2.923295 62.467652 6161.596305
462 -8.129137 3.934606 10.890820 88.899202 85520.309684
462 -10.022073 4.368757 3.725730 6.213477 10008.543217
462 -7.947129 3.890310 13.792932 73.808267 137170.664639
462 -15.503574 5.433692 4.753072 319.365251 16289.093560
463 18.872829 -5.995116 7.657647 313.465716 42280.364580
463 3.634861 -2.631013 4.052887 212.218335 11843.420443
463 13.567641 -5.083130 8.742424 350.142643 55107.643932
463 8.072958 -3.920987 8.276459 125.400543 49389.798927
463 11.346058 -4.648380 3.735661 54.052983 10061.970523
463 13.903099 -5.145587 9.836391 318.258494 69762.113791
463 2.578348 -2.215898 2.383549 1.759818 4096.343085
463 21.256785 -6.362501 7.267027 212.165599 38076.903950
463 1.153581 -1.482188 10.664882 298.531041 82008.748819
463 21.146629 -6.345994 7.711086 311.393183 42872.536485
463 11.964620 -4.773408 9.232402 281.972519 61457.865727
463 7.555889 -3.793341 5.328383 253.259280 20470.998198
463 13.374124 -5.046750 3.631044 273.965369 9506.291118
463 9.607134 -4.277362 3.794433 240.128331 10381.061521
463 -24.324076 6.806083 2.549592 314.560025 4686.941872
463 -21.275265 6.365266 7.322283 300.746021 38658.151377
463 -4.942699 3.068041 6.889241 252.147278 34220.857002
463 -15.623705 5.454703 10.170219 175.917233 74577.654853
463 -14.627857 5.278001 6.632558 10.108029 31718.321556
463 -1.406111 1.636398 4.498153 263.186144 14588.696089
463 -9.297834 4.207944 4.166983 350.984116 12519.632291
463 -10.066310 4.378388 1.976844 0.566079 2817.686631
463 -0.925634 1.327696 5.829952 281.527739 24506.315281
463 -11.670157 4.714302 8.432669 299.652631 51271.753948
463 -15.774079 5.480890 4.398966 352.013298 13952.412192
463 -5.883381 3.347284 5.261542 299.663249 19960.625156
464 12.733325 -4.924362 10.629691 356.251024 81468.436165
464 8.554504 -4.036236 5.018006 69.540032 18155.592049
464 10.442645 -4.459481 3.338224 28.223897 8034.872516
464 20.394060 -6.232050 5.764386 75.796895 23958.199793
464 12.679784 -4.913998 2.726752 139.071652 5360.919607
464 19.732922 -6.130202 10.093485 18.984632 73456.527501
464 14.005131 -5.164433 8.814928 351.112572 56025.480679
464 10.398580 -4.450062 5.733926 24.874803 23705.673401
464 7.222348 -3.708671 9.959014 197.567634 71512.308160
464 12.295331 -4.838928 2.967515 340.749556 6349.419272
464 5.333207 -3.186936 4.341058 162.652034 13587.492507
464 9.946405 -4.352233 4.499269 68.680702 14595.935944
464 13.468710 -5.064564 4.880690 288.405058 17175.544680
464 -9.607873 4.277527 12.849451 338.476515 119046.656934
464 -11.222680 4.623037 2.710223 323.725620 5296.124257
464 -9.118879 4.167253 2.634152 245.993312 5002.991624
464 -14.767710 5.303171 7.099148 168.997402 36337.963481
464 -12.917263 4.959802 7.521660 43.009517 40792.038826
464 -4.168661 2.817587 9.462191 291.755857 64555.237999
464 -12.928908 4.962037 5.641491 305.271281 22947.525354
464 -11.987341 4.777938 10.151355 10.738374 74301.246189
464 -10.097693 4.385208 7.556855 314.128800 41174.678088
464 -11.098643 4.597418 5.944390 260.330323 25477.846697
464 -16.431377 5.593918 4.903769 258.320211 17338.365225
464 -12.669934 4.912089 4.707089 195.027355 15975.443270
465 11.707586 -4.721856 2.942981 77.399863 6244.862161
465 7.363574 -3.744755 5.272400 332.147331 20043.097569
465 9.780528 -4.315789 5.519840 10.311685 21968.532592
465 5.141967 -3.129275 4.229930 207.387563 12900.734442
465 10.448422 -4.460715 12.764754 298.302959 117482.440254
465 13.064346 -4.987960 8.307789 90.274583 49764.425024
465 13.891637 -5.143465 9.100426 299.844177 59713.363861
465 18.601595 -5.951880 12.141463 25.999765 106289.439977
465 6.913235 -3.628438 12.554832 6.575326 113650.120686
465 13.154684 -5.005175 6.158098 165.250583 27342.691947
465 11.299755 -4.638885 7.915944 182.554184 45180.751537
465 8.432230 -4.007286 14.796899 49.969218 157866.317836
465 16.858294 -5.666122 13.050450 293.718596 122800.190845
465 -14.161704 5.193222 3.812906 163.753918 10482.388365
465 -9.838315 4.328520 4.955563 155.394135 17706.553331
465 -8.530115 4.030478 7.900789 280.904202 45007.928525
465 -10.130671 4.392363 5.291053 108.969136 20185.165172
465 -15.262929 5.391356 6.419828 188.831229 29716.308685
465 -15.099492 5.362413 8.643174 20.868476 53863.499182
465 -8.065121 3.919084 11.133897 106.963168 89380.438746
465 -11.666606 4.713585 9.758145 104.868536 68656.653642
465 -1.111566 1.454945 9.962495 337.516295 71562.305103
465 -10.302034 4.429356 5.890947 59.433470 25021.781946
465 -14.339859 5.225785 4.545857 349.181822 14899.771253
466 12.376978 -4.854968 18.668502 150.472375 251285.250229
466 20.952071 -6.316734 11.535738 174.591385 95948.649770
466 16.958048 -5.682861 7.105589 113.687764 36403.923705
466 13.665953 -5.101514 10.207321 127.560821 75122.770211
466 6.930502 -3.632967 13.701955 73.040234 135367.111316
466 13.885837 -5.142391 6.713917 20.215773 32501.247557
466 11.623759 -4.704922 5.339536 55.001829 20556.782567
466 8.411262 -4.002300 4.982366 175.285643 17898.608283
466 18.285354 -5.901070 28.373394 210.050122 580457.796106
466 0.739198 -1.186478 6.288003 111.231264 28508.447251
466 14.911327 -5.328896 9.419610 258.849987 63975.537422
466 9.340230 -4.217527 3.518424 21.700552 8925.745144
466 -12.087058 4.797770 5.481907 31.503898 21667.629783
466 -13.271070 5.027268 9.508171 178.109026 65184.148319
466 -16.601032 5.622722 5.556382 341.572143 22260.361981
466 -14.039094 5.170691 8.063287 86.843634 46878.344295
466 -17.818605 5.825268 3.952384 191.218980 11263.317352
466 -3.761245 2.676362 6.567048 29.794196 31094.844513
466 -14.122607 5.186048 3.050475 20.960432 6709.390602
466 -15.262926 5.391356 5.405051 66.139015 21064.333337
466 -11.077622 4.593063 7.616492 205.367452 41827.132538
466 -17.738078 5.812091 11.891975 315.737574 101966.148628
466 -13.290134 5.030878 23.283130 235.126887 390868.615098
467 8.332710 -3.983568 6.049675 246.779165 26388.342674
467 21.741915 -6.434695 7.690837 273.209961 42647.662628
467 7.099817 -3.677076 5.826294 347.758706 24475.572197
467 9.229650 -4.192487 7.673516 21.627408 42455.780354
467 9.291509 -4.206513 8.145805 284.135054 47842.749023
467 13.975087 -5.158891 7.961898 133.644920 45706.853816
467 11.424550 -4.664431 9.471091 274.457998 64676.740235
467 8.062752 -3.918508 10.486332 324.654076 79285.779305
467 4.890692 -3.051858 4.239776 73.849770 12960.861675
467 13.677408 -5.103651 4.749321 286.291439 16263.389008
467 18.384984 -5.917125 4.811684 107.359330 16693.299993
467 4.777345 -3.016285 4.287637 219.647575 13255.132422
467 -16.389934 5.586859 8.928987 297.072324 57484.730362
467 -5.526028 3.244036 2.678311 232.540642 5172.137361
467 -17.052723 5.698702 5.163027 109.985767 19220.150530
467 -14.583899 5.270064 10.675111 303.001702 82166.132102
467 -11.453088 4.670253 7.413454 340.309039 39626.821511
467 -21.812425 6.445121 4.130783 206.033270 12303.051267
467 -18.094330 5.870165 10.767837 58.670512 83599.765301
467 0.133369 0.503973 5.125640 200.081289 18942.803177
467 -11.406604 4.660766 7.376185 160.561886 39229.396753
467 -17.875243 5.834519 6.073139 122.208074 26593.439272
467 1.048919 1.413351 4.436945 241.787379 14194.372100
468 8.399632 -3.999532 2.515315 164.065222 4561.764523
468 5.189867 -3.143817 2.899971 230.845479 6063.668198
468 10.879686 -4.551843 4.738816 133.075213 16191.527061
468 13.083082 -4.991535 9.474373 200.737611 64721.563939
468 4.539007 -2.940082 2.002608 267.390060 2891.611951
468 11.336888 -4.646501 5.419770 42.649868 21179.208733
468 15.157907 -5.372776 6.822687 354.166526 33562.865396
468 -0.324838 -0.786525 26.281383 314.772147 498017.391097
468 14.427888 -5.241800 11.137609 267.806204 89440.037066
468 14.576350 -5.268700 3.914255 277.182778 11047.047672
468 1.171518 -1.493666 10.133524 176.120403 74040.449726
468 9.769438 -4.313342 6.768147 201.809061 33028.407040
468 -12.125672 4.805427 4.177758 253.935887 12584.458800
468 -25.251933 6.934680 2.911580 224.997927 6112.311527
468 -12.002641 4.780986 19.936795 273.280113 286588.501248
468 -6.673489 3.564967 3.154513 287.311141 7174.846322
468 -11.389182 4.657205 4.344666 286.025879 13610.087270
468 -8.069961 3.920259 3.364324 55.596491 8161.003701
468 -10.682401 4.510384 4.932377 102.544009 17541.249508
468 -6.851359 3.612164 5.938944 154.698218 25431.180449
468 -9.987582 4.361233 3.443977 167.034443 8552.017792
468 -11.750299 4.730462 3.885732 16.191300 10886.636810
468 -7.157158 3.691895 7.913683 336.408817 45154.950874
469 10.818059 -4.538933 6.337160 131.339535 28955.921299
469 9.495958 -4.252541 6.850098 225.292717 33833.091411
469 16.376726 -5.584607 4.975475 264.192220 17849.132764
469 12.290226 -4.837924 6.798060 328.028499 33321.004129
469 -3.181213 -2.461362 6.095136 335.107725 26786.429156
469 4.931265 -3.064490 4.981580 234.071044 17892.965386
469 17.250431 -5.731642 14.266623 270.849157 146754.161786
469 24.623262 -6.847813 3.893933 93.318879 10932.637977
469 14.828763 -5.314122 13.658823 332.247842 134516.209043
469 -2.476943 -2.171886 7.275698 212.891160 38167.823998
469 8.082730 -3.923360 3.261226 90.386760 7668.491195
469 -12.267047 4.833360 7.142130 185.066278 36779.309235
469 -10.918078 4.559867 6.966905 276.826238 34996.763920
469 -16.423304 5.592543 18.114117 15.730122 236582.400119
469 -19.131312 6.036031 6.497216 158.482225 30437.057066
469 -14.351874 5.227974 5.329162 218.899905 20476.979534
469 -12.902902 4.957044 5.817912 353.408816 24405.197284
469 -1.595185 1.742949 4.133191 196.224078 12317.401228
469 -14.869933 5.321494 2.151246 97.629640 3336.785198
469 -5.403122 3.207757 10.339747 299.094011 77084.648094
469 -8.839691 4.102963 9.203304 16.708481 61071.075191
469 -13.036905 4.982718 9.496731 219.322077 65027.389829
470 16.482509 -5.602615 5.527805 7.671542 22031.978447
470 12.012337 -4.782917 19.075478 88.189951 262360.792906
470 15.577979 -5.446715 5.332652 99.393477 20503.809922
470 12.376206 -4.854817 1.856806 186.486734 2485.884753
470 6.069484 -3.399813 6.607247 43.114832 31476.695871
470 14.875509 -5.322492 7.094686 329.069665 36292.292853
470 17.805837 -5.823181 3.674222 3.771533 9733.718310
470 11.170171 -4.612209 5.698396 128.507950 23412.802137
470 5.131549 -3.126103 12.041950 350.317439 104554.261183
470 13.036937 -4.982724 15.147368 54.952683 165433.099784
470 6.157614 -3.424406 7.178237 325.588009 37152.120322
470 -14.392595 5.235385 22.161851 345.539812 354127.880078
470 -18.284834 5.900986 4.208252 169.339053 12768.845008
470 -5.304001 3.178198 8.359252 50.461782 50382.874148
470 -5.454751 3.223046 16.739971 20.393395 202049.346460
470 -15.792468 5.484084 7.342162 298.777445 38868.343021
470 -1.672333 1.784598 7.091781 76.141968 36262.576441
470 -8.505088 4.024561 16.707516 65.748307 201266.660200
470 -0.529758 1.004425 13.953888 146.649519 140390.758406
470 -6.320349 3.469362 5.391848 119.877597 20961.550856
470 -14.225061 5.204825 7.608127 282.817395 41735.307898
471 11.813180 -4.743102 5.258994 324.135761 19941.300401
471 12.839423 -4.944835 5.059106 334.647714 18454.215690
471 15.383540 -5.412616 4.947858 130.682540 17651.534701
471 4.458819 -2.913996 7.134901 72.461636 36704.891118
471 11.674337 -4.715147 8.550324 184.748337 52712.454715
471 6.224245 -3.442884 4.834452 343.057857 16851.656735
471 14.413382 -5.239164 4.714868 70.787897 16028.286116
471 18.424917 -5.923547 2.984886 203.366481 6423.971046
471 9.728101 -4.304207 6.825022 101.622800 33585.839387
471 3.401032 -2.544980 11.741189 69.147540 99396.759103
471 -3.491793 2.578715 6.017987 352.473423 26112.624361
471 -6.309446 3.466368 2.294989 87.548249 3797.599424
471 -7.678672 3.824037 5.025070 270.437821 18206.743837
471 -18.334551 5.909003 15.325636 56.123449 169349.949554
471 -17.639063 5.795846 13.340476 141.573268 128318.919296
471 -4.331147 2.871974 7.741694 277.046779 43213.567981
471 -8.701929 4.070866 8.845601 13.457061 56416.064369
471 -5.772679 3.315643 6.835949 338.849411 33693.470210
471 -0.618310 1.085131 4.949265 134.456913 17661.580581
471 -14.776896 5.304821 4.894614 121.138874 17273.680544
472 12.464174 -4.872040 8.770577 219.955130 55463.138465
472 12.393091 -4.858127 7.200894 154.677724 37387.023552
472 6.163505 -3.426044 9.764226 61.649230 68742.242474
472 5.795991 -3.322331 3.948932 353.758613 11243.651101
472 1.610018 -1.751033 10.431924 79.290572 78465.174201
472 8.258583 -3.965809 8.379942 201.811550 50632.581979
472 6.211751 -3.439427 10.432199 256.845440 78469.301894
472 8.189394 -3.949162 4.358845 155.457976 13699.062579
472 5.472304 -3.228228 5.083443 68.399592 18632.195417
472 5.441809 -3.219221 2.771552 95.930719 5538.524005
472 -14.202949 5.200778 8.022285 166.464405 46402.806788
472 -11.465400 4.672762 10.712743 217.180802 82746.459948
472 -4.772199 3.014660 14.518155 198.500203 151974.570276
472 -19.905864 6.157006 5.681755 162.586163 23276.250400
472 -24.107269 6.775683 18.278282 58.662149 240890.023273
472 -14.056543 5.173904 8.479940 117.433059 51848.198688
472 -13.308052 5.034268 6.316835 20.126917 28770.479358
472 -0.594123 1.063695 5.746530 172.205565 23810.005899
472 -7.158405 3.692217 9.384932 329.945226 63505.356771
472 -12.384682 4.856479 5.117859 278.615159 18885.334565
473 0.478528 -0.954625 9.229941 319.676118 61425.102705
473 20.580547 -6.260479 16.767110 97.945872 202705.019376
473 13.981930 -5.160154 11.536030 181.593923 95953.504457
473 20.081809 -6.184157 6.525391 49.738053 30701.606444
473 11.840197 -4.748523 3.084523 144.875822 6860.001460
473 14.355887 -5.228705 2.442852 294.421215 4302.712692
473 9.635039 -4.283570 18.403123 187.135249 244191.842469
473 3.606211 -2.620624 3.951975 143.126045 11260.987207
473 10.041834 -4.373062 3.934973 321.240062 11164.302090
473 -8.229908 3.958919 4.339589 297.906605 13578.298447
473 -18.399982 5.919538 3.737543 338.855779 10072.108938
473 -10.290301 4.426833 5.580888 288.982700 22457.148588
473 -19.368275 6.073298 5.292127 340.399877 20193.359885
473 -18.338019 5.909562 7.612333 246.813281 41781.464686
473 -23.496065 6.689238 5.081853 258.771305 18620.540127
473 -20.243252 6.208965 6.407465 141.510007 29601.966326
473 -16.711960 5.641476 10.216415 197.579038 75256.689364
473 -13.925796 5.149785 8.624588 17.327211 53632.092656
473 -6.921279 3.630549 4.532360 8.872311 14811.426960
474 11.060707 -4.589554 8.225690 56.536182 48785.728607
474 11.208776 -4.620172 12.826224 319.419614 118616.669232
474 14.817263 -5.312061 7.903777 5.603634 45041.977058
474 7.523105 -3.785102 18.215941 42.764670 239249.639139
474 10.641263 -4.501691 21.886415 48.443291 345380.121814
474 14.057894 -5.174152 6.391724 196.931757 29456.698072
474 5.309264 -3.179774 5.292807 347.595865 20198.552782
474 12.469015 -4.872986 3.932255 40.535774 11148.883294
474 12.087359 -4.797829 4.321898 232.044660 13467.814916
474 -10.449696 4.460987 9.575428 196.050499 66109.583769
474 -13.789148 5.124456 16.505239 308.818557 196422.705144
474 -5.537631 3.247440 4.035110 76.238347 11739.746625
474 -8.291433 3.973689 5.009104 310.026541 18091.233356
474 -8.811629 4.096446 17.825271 112.771028 229097.515199
474 -12.669407 4.911987 2.780801 165.690184 5575.553400
474 -6.560474 3.534652 10.152735 357.481410 74321.450417
474 2.325496 2.104442 10.675309 127.633939 82169.180507
474 -9.972157 4.357864 8.596069 46.609299 53277.995519
474 -5.719446 3.300320 17.875316 342.844379 230385.696633
475 16.141203 -5.544304 8.147350 158.575158 47860.891742
475 9.827044 -4.326040 7.431400 265.633030 39818.913486
475 8.773873 -4.087660 7.514670 276.723019 40716.258358
475 13.108388 -4.996360 11.121643 48.669953 89183.799096
475 8.568368 -4.039505 5.342651 62.979917 20580.774481
475 3.972611 -2.750535 9.788817 171.884916 69088.927099
475 4.961132 -3.073757 9.301172 217.233113 62376.852747
475 6.404900 -3.492491 12.789428 221.855486 117937.056626
475 11.251998 -4.629072 6.951525 60.557327 34842.415603
475 -8.242220 3.961879 4.077047 54.360341 11985.038912
475 -5.853506 3.338775 6.012567 164.291074 26065.611410
475 -8.256602 3.965334 9.743447 254.759902 68449.981951
475 -8.396201 3.998715 4.460162 328.258643 14343.307427
475 -14.928676 5.331995 4.174041 299.565450 12562.076906
475 -16.326376 5.576016 3.304462 81.928132 7873.169118
475 -13.207041 5.015126 9.289627 58.882494 62222.090653
475 -14.005198 5.164446 12.653108 48.543402 115436.322844
475 -16.638036 5.628985 5.931550 192.322193 25367.900880
476 8.194334 -3.950353 5.501228 225.550631 21820.630801
476 21.672478 -6.424412 6.992614 285.472192 35255.521254
476 2.277380 -2.082557 12.360246 235.184507 110154.516937
476 6.977009 -3.645136 8.176983 76.593013 48209.680433
476 9.852702 -4.331684 7.980915 155.128997 45925.449330
476 14.034748 -5.169891 3.280802 122.978433 7760.827127
476 14.312193 -5.220741 7.949038 117.965910 45559.320798
476 12.541956 -4.887218 9.481459 335.847596 64818.421650
476 0.431287 0.906280 7.949504 192.780676 45564.661016
476 -19.006997 6.016388 7.867483 43.010981 44629.260036
476 -18.499234 5.935481 5.687438 146.600763 23322.835456
476 -8.303525 3.976586 6.653723 256.016100 31921.072996
476 -10.484211 4.468348 8.081819 110.631813 47094.076058
476 -2.044184 1.973054 3.881021 179.891147 10860.254244
476 -11.978094 4.776095 4.324087 335.153786 13481.459933
476 -8.096853 3.926786 5.651951 296.210454 23032.703330
476 -12.466089 4.872414 13.622524 106.426128 133802.204152
477 3.350996 -2.526190 13.058741 102.834701 122956.272282
477 10.055789 -4.376099 5.863742 82.352237 24791.211172
477 10.950555 -4.566644 4.038840 271.725892 11761.464565
477 11.578860 -4.695826 3.937439 224.567010 11178.298561
477 5.089343 -3.113221 8.175557 335.296214 48192.862971
477 9.637061 -4.284019 11.442596 199.195183 94405.478242
477 11.179902 -4.614218 6.894633 173.087175 34274.439001
477 12.065283 -4.793446 6.977781 304.264951 35106.110006
477 -10.118137 4.389645 2.481921 351.011524 4441.440328
477 -19.503112 6.094401 6.835862 351.498578 33692.609898
477 -2.391139 2.133936 13.723414 80.376025 135791.441317
477 -0.867755 1.285516 3.963606 143.775678 11327.368780
477 -16.259581 5.564597 10.451390 336.643089 78758.275871
477 -14.687213 5.288698 3.575352 329.055842 9216.918975
477 -9.928076 4.348221 14.133520 158.982050 144028.593768
477 -3.082156 2.422738 7.776952 47.244178 43608.074221
477 -4.723773 2.999326 14.350939 223.956556 148493.934174
478 7.870874 -3.871601 6.893955 37.431952 34267.698064
478 6.338917 -3.474454 14.798494 203.747462 157900.350668
478 10.075591 -4.380406 8.354852 129.298280 50329.841609
478 18.258165 -5.896681 5.976061 170.129168 25750.050437
478 6.371675 -3.483420 3.327205 37.055907 7981.915484
478 11.185550 -4.615383 6.189282 175.036126 27620.311611
478 9.329329 -4.215065 5.685938 294.850519 23310.536306
478 -4.725443 2.999856 11.913085 251.256923 102328.489047
478 -6.207642 3.438289 6.805742 204.500390 33396.348746
478 -13.112259 4.997098 5.648291 318.755405 23002.877749
478 -12.057898 4.791979 2.660400 359.781817 5103.192186
478 -10.157768 4.398233 8.601738 109.697507 53348.284244
478 -7.637611 3.813800 3.165244 322.511228 7223.746863
478 -15.719525 5.471404 7.285356 58.724607 38269.225852
478 -11.959839 4.772454 10.193824 31.203709 74924.245426
478 -13.817755 5.129769 5.759842 106.738892 23920.445129
479 7.922784 -3.884347 17.460722 92.285754 219822.662954
479 14.947756 -5.335401 5.030115 32.957363 18243.320008
479 8.953735 -4.129345 5.405053 71.223711 21064.342992
479 7.627909 -3.811376 11.341171 188.584445 92739.318200
479 12.452802 -4.869817 3.213730 279.999990 7446.752614
479 11.677993 -4.715885 17.934736 241.272620 231919.922467
479 2.138422 -2.018022 12.082496 246.663291 105259.519489
479 -17.055870 5.699228 7.746312 98.920438 43265.132908
479 -16.984445 5.687282 6.780682 83.432077 33150.860658
479 -18.465126 5.930007 9.575044 46.012366 66104.281678
479 -3.903941 2.726658 11.876308 184.406180 101697.669525
479 -6.343308 3.475658 7.686851 65.958325 42603.477573
479 -11.034048 4.584020 2.919767 220.755811 6146.734963
479 -14.670521 5.285692 7.363497 69.650256 39094.560879
479 -16.189773 5.552639 3.478330 218.574395 8723.478482
480 9.267457 -4.201065 7.873738 5.010856 44700.250518
480 6.913605 -3.628535 3.115694 51.479513 6999.349353
480 12.287669 -4.837420 10.791873 59.073049 83973.402359
480 8.559079 -4.037315 9.363238 254.787070 63212.103156
480 9.747875 -4.308579 3.788108 163.336520 10346.482212
480 10.595819 -4.492068 7.272189 76.715231 38131.016030
480 -15.472045 5.428164 6.587108 149.897850 31285.106044
480 -16.021273 5.523668 12.612614 64.709110 114698.648288
480 -4.766250 3.012781 6.826457 302.063833 33599.964127
480 -7.573387 3.797731 6.878532 174.817787 34114.549867
480 -13.749136 5.117016 5.404640 163.170764 21061.125066
480 -8.407591 4.001427 3.350220 343.656069 8092.726207
480 -11.139028 4.605775 11.708819 181.416303 98849.453659
480 -8.904486 4.117973 2.468149 322.661426 4392.286476
481 0.778789 -1.217836 8.503160 60.712889 52132.520724
481 10.821099 -4.539571 5.286397 228.496577 20149.658189
481 8.581902 -4.042694 7.632252 313.402868 42000.403519
481 9.860119 -4.333314 6.856876 134.245942 33900.078777
481 7.816204 -3.858131 8.105752 295.968582 47373.414663
481 12.813464 -4.939834 7.919302 5.069536 45219.094336
481 -17.764176 5.816365 3.954578 93.890708 11275.826576
481 -7.599416 3.804251 3.881612 283.777743 10863.561444
481 -13.505022 5.071387 19.393584 141.225579 271184.096195
481 -18.907826 6.000672 10.672611 110.907395 82127.657184
481 -12.121975 4.804695 5.612013 15.927794 22708.343979
481 -10.842706 4.544101 9.811902 232.635477 69415.179559
481 -12.719135 4.921618 3.308545 245.906887 7892.637316
481 -9.010514 4.142418 4.431531 133.303684 14159.750798
482 10.125771 -4.391300 7.750389 21.121224 43310.689000
482 11.466616 -4.673010 5.414808 136.927167 21140.445257
482 9.518142 -4.257505 5.858441 197.782413 24746.411085
482 14.701667 -5.291300 15.962486 187.335258 183716.900801
482 9.671551 -4.291678 3.644844 83.732206 9578.684963
482 13.581501 -5.085726 2.778805 270.115395 5567.553114
482 -15.706472 5.469132 2.262689 3.043831 3691.455626
482 -2.923690 2.359634 6.464063 184.091609 30127.229713
482 -11.106496 4.599045 3.076267 308.656610 6823.324592
482 -13.656489 5.099747 2.330422 215.354223 3915.771239
482 -4.642261 2.973335 3.597377 49.320992 9330.826161
482 -8.504787 4.024490 15.706571 81.680263 177873.330266
482 -11.679618 4.716213 2.849129 211.724996 5852.918076
483 3.054886 -2.411996 3.267720 350.912839 7699.058848
483 16.622891 -5.626423 3.572211 319.247584 9200.727884
483 15.613598 -5.452938 6.578448 133.129461 31202.902244
483 9.479342 -4.248818 2.371791 12.458101 4056.028713
483 8.709369 -4.072606 3.906063 229.611896 11000.860752
483 -14.486759 5.252484 3.494890 160.470012 8806.737486
483 -11.321535 4.643353 9.211423 98.249048 61178.878416
483 -11.746382 4.729673 13.237174 64.912814 126339.342646
483 -15.871065 5.497714 8.755079 263.450958 55267.295557
483 -11.611372 4.702414 3.945874 220.747630 11226.244156
483 -9.447042 4.241574 17.636954 60.118174 224282.434900
483 -12.295377 4.838937 5.874381 111.986633 24881.251508
484 12.895902 -4.955699 14.255702 263.115313 146529.566425
484 13.481815 -5.067028 7.742462 265.685803 43222.141287
484 15.686853 -5.465715 3.144286 229.531560 7128.401199
484 9.839870 -4.328862 7.026196 240.676678 35594.964414
484 -1.274802 -1.558118 11.634128 344.584765 97592.347457
484 -2.058704 1.980050 3.888183 110.050038 10900.375911
484 -7.814201 3.857637 9.991997 83.254500 71986.765823
484 -13.093472 4.993517 9.870374 65.809593 70244.978922
484 -8.159638 3.941981 10.852688 236.650198 84922.485211
484 -9.631983 4.282890 10.425013 255.808664 78361.239817
484 -12.947239 4.965553 16.534135 353.766071 197111.067920
484 -11.994538 4.779372 13.373472 247.591795 128954.467782
485 7.983191 -3.899127 5.063493 63.877282 18486.233931
485 16.166936 -5.548722 2.093476 192.872901 3159.979167
485 3.272470 -2.496416 5.086773 192.259859 18656.612980
485 9.861418 -4.333599 7.338856 319.508700 38833.344617
485 -7.579503 3.799264 4.320258 131.411806 13457.592390
485 -5.498396 3.235915 5.740529 290.951236 23760.296603
485 -9.063246 4.154521 7.411004 116.634968 39600.637595
485 -11.812557 4.742977 5.236087 328.082089 19767.953284
485 -13.785148 5.123713 15.959554 14.383619 183649.418168
485 -3.089661 2.425685 4.820784 81.474689 16756.502853
486 8.032144 -3.911063 10.939778 176.027539 86290.912738
486 18.356932 -5.912609 11.180374 294.520965 90128.203350
486 13.126487 -4.999808 6.126097 244.749362 27059.251458
486 8.719054 -4.074870 9.371557 9.278314 63324.469896
486 0.118742 0.475533 4.199347 135.481921 12714.859484
486 -7.951207 3.891308 4.241027 288.287674 12968.510844
486 -8.372893 3.993161 4.970696 145.180540 17814.862809
486 -1.114013 1.456546 9.683802 249.422342 67614.504019
486 -4.233601 2.839449 8.393188 356.188808 50792.774882
486 -4.782835 3.018018 13.047491 284.985601 122744.514401
487 8.350401 -3.987794 10.421550 315.544572 78309.177924
487 2.183844 -2.039341 6.216815 18.454719 27866.599846
487 8.794646 -4.092496 3.985364 107.740546 11452.073308
487 4.660414 -2.979143 9.501203 241.740779 65088.657418
487 -13.687408 5.105517 7.511525 118.748120 40682.187850
487 -7.936330 3.887666 9.595024 88.472340 66380.455049
487 -12.474131 4.873985 2.828126 121.212119 5766.940536
487 -8.574043 4.040842 7.283429 51.265815 38248.982548
487 -5.032813 3.095882 4.600953 82.178199 15263.133661
487 -12.464954 4.872192 7.652994 158.465602 42229.000814
488 12.921985 -4.960708 2.073651 20.541301 3100.411869
488 7.046120 -3.663145 9.672408 44.390519 67455.485361
488 3.501704 -2.582372 8.201978 265.120975 48504.863960
488 -19.621991 6.112947 8.089715 150.375039 47186.145067
488 -13.802844 5.127001 9.108266 240.204968 59816.292742
488 -12.115351 4.803381 7.353088 348.211354 38984.112355
488 -22.733678 6.579819 6.665533 236.230146 32034.494153
488 -11.157200 4.609530 3.847618 77.158955 10674.117379
488 -8.903163 4.117667 7.885920 309.434845 44838.673326
489 13.399203 -5.051479 6.940089 221.188462 34727.869431
489 7.500568 -3.779429 3.942106 253.150416 11204.813817
489 4.496755 -2.926366 5.345489 176.937099 20602.641357
489 -5.838841 3.334590 3.954785 129.044470 11277.006791
489 -8.581914 4.042697 19.072086 325.089230 262267.493487
489 -8.962232 4.131304 7.783591 180.841400 43682.555069
489 -9.753524 4.309827 2.648773 302.098010 5058.682668
489 -11.756710 4.731752 11.286978 356.292456 91855.127058
490 7.018582 -3.655980 23.358402 174.313690 393399.963785
490 10.074041 -4.380069 20.737615 2.593968 310074.247054
490 13.598407 -5.088891 8.050005 330.302938 46724.034103
490 -2.630373 2.238143 12.376566 156.413884 110445.595540
490 -11.165515 4.611248 11.904029 234.319538 102172.969188
490 -16.326117 5.575971 6.221369 271.465235 27907.442984
490 -7.449428 3.766522 6.484388 265.257095 30316.991380
490 -7.986122 3.899842 4.143354 46.268360 12378.048865
491 9.014988 -4.143446 4.499836 232.993334 14599.616298
491 8.335392 -3.984209 6.193623 214.311937 27659.070976
491 -11.129314 4.603767 10.224475 36.865307 75375.477112
491 -8.875238 4.111204 9.238834 302.848575 61543.535250
491 -2.939257 2.365908 12.076984 354.156419 105163.513179
491 -4.416371 2.900093 9.619068 120.902072 66713.555881
491 -7.028365 3.658527 5.424503 138.927838 21216.216540
492 11.886516 -4.757802 6.871136 354.256592 34041.225233
492 10.792393 -4.533545 8.589958 145.083777 53202.264537
492 -2.777742 2.299985 10.006533 31.097681 72196.370665
492 -10.793725 4.533825 2.229930 274.164995 3585.342789
492 -13.346840 5.041599 6.903159 338.182952 34359.258495
492 -7.533118 3.787621 2.878978 165.407758 5976.193781
493 2.740424 -2.284483 9.968240 5.277871 71644.855440
493 7.366207 -3.745424 5.914909 237.357828 25225.754833
493 -10.568644 4.486304 4.784770 348.673129 16507.079679
493 -9.874364 4.336443 10.457511 217.323345 78850.546367
493 -7.868167 3.870935 8.385075 101.204009 50694.629423
493 -13.749361 5.117058 12.628167 193.136820 114981.692531
494 7.464101 -3.770230 8.366852 99.562509 50474.530824
494 -9.039176 4.149001 4.529015 137.263716 14789.569488
494 -13.064342 4.987959 8.419836 52.851401 51115.815684
494 -9.427306 4.237141 4.479040 42.377452 14464.984114
494 -8.691081 4.068328 14.345051 230.190229 148372.114619
495 2.543774 -2.200991 1.893571 238.175601 2585.301715
495 -10.136294 4.393582 10.563576 176.128750 80458.148113
495 -12.403598 4.860186 4.306963 69.868805 13374.896888
495 -10.076996 4.380711 7.463441 253.345776 40163.009078
496 10.652943 -4.504161 9.827667 336.040343 69638.420216
496 -4.689055 2.988283 5.633351 12.419990 22881.352777
496 -0.324407 0.786003 14.426597 271.953045 150063.768879
496 -13.017120 4.978936 19.373914 49.356884 270634.290455
497 4.136849 -2.806816 5.635593 310.953340 22899.567728
497 -3.979957 2.753077 3.550802 136.546290 9090.776532
497 -9.699138 4.297795 6.839663 80.588845 33730.087621
497 -12.357681 4.851182 2.809201 211.858485 5690.018685
498 3.645757 -2.634953 14.410955 233.296521 149738.546096
498 -9.115387 4.166454 9.415655 321.010600 63921.822236
498 -5.448151 3.221096 16.467642 311.371765 195528.888808
498 -10.889927 4.553985 1.729240 255.712712 2156.047878
499 -7.438099 3.763657 13.956800 132.196782 140449.359097
499 -8.540144 4.032846 6.671678 100.982923 32093.580124
500 -9.310475 4.210804 14.427406 350.482513 150080.601719
500 -11.833750 4.747230 4.171009 98.380933 12543.833308
501 -13.025193 4.980480 5.627826 50.511680 22836.489649
501 -2.212270 2.052571 5.201333 164.335334 19506.412809
502 -9.932916 4.349281 4.869189 57.641626 17094.692972
502 -6.344886 3.476090 8.353776 58.898208 50316.878216
503 -3.710972 2.658416 9.377549 300.829391 63405.471814
504 -6.093491 3.406530 7.607498 244.873508 41728.405196
505 -3.677794 2.646505 5.569436 214.575041 22365.086557
506 -3.308583 2.510152 11.816314 151.772254 100672.801228
507 -3.805933 2.692214 5.076487 55.014279 18581.238302
508 -11.810623 4.742589 8.886208 269.679044 56935.218946
