0,1,2,3,4,5
1,10.317432,1.810987,3.49278,273.438431,8796.109164
1,10.799664,2.753583,3.545394,235.481793,9063.107109
1,12.717061,11.68554,4.028828,139.996422,11703.222429
2,14.235313,2.829405,4.736465,123.01019,16175.464921
2,12.405844,15.709794,5.749618,227.179268,23835.600369
2,21.048707,0.757999,6.545172,4.725644,30888.033497
3,15.565197,13.595043,4.547636,107.914305,14911.435947
3,25.840769,6.633967,6.245621,126.335106,28125.438582
3,33.26967,14.899952,2.068219,330.8011,3084.191358
4,19.990425,12.229829,5.906717,221.219335,25155.935216
4,17.050942,-5.239708,20.53073,171.50939,303918.294305
4,5.577355,-3.393072,8.445768,319.299167,51431.165318
4,15.022788,4.870222,4.22114,338.688829,12847.174771
5,9.613943,4.944304,6.42139,202.618653,29730.774323
5,8.940933,3.113369,5.569307,238.55254,22364.04909
5,24.303962,9.445872,15.899871,181.161958,182278.426857
5,26.145694,4.349942,5.168474,149.393407,19260.728843
6,30.730433,9.387341,9.283082,190.829621,62134.448526
6,30.55613,11.931382,8.836734,95.695277,56303.016682
6,27.926889,4.02844,3.123297,279.372861,7033.549492
6,10.775036,1.434168,20.929119,52.585382,315827.505252
7,33.022769,7.612331,14.364511,222.485452,148774.943471
7,-5.974224,-4.099355,14.176275,282.628774,144901.311757
7,27.634863,17.585946,6.243171,67.219643,28103.380874
7,14.535081,4.802099,4.945784,9.897258,17636.745248
7,25.487519,21.579786,4.96765,231.255493,17793.032679
8,6.621488,-3.442271,3.51403,351.573206,8903.463839
8,18.265592,10.25414,13.217246,222.232783,125959.239414
8,30.262918,7.965068,5.46473,314.054676,21532.056524
8,1.739975,-0.826497,11.574845,338.572341,96600.284602
8,21.263501,-1.09064,10.213139,155.778649,75208.436126
9,14.279095,6.224392,9.380464,284.823205,63444.902895
9,19.366889,13.294295,13.841793,23.947211,138144.230054
9,16.359024,-1.345368,4.841446,77.817537,16900.452807
9,18.119834,22.432954,5.389459,6.135319,20942.974613
9,5.11449,4.399059,6.181072,82.83923,27547.086525
10,20.800542,18.424151,2.664169,71.483484,5117.663171
10,25.964,9.052635,6.653587,85.182205,31919.765999
10,3.585495,4.726393,5.22101,139.05029,19654.282303
10,27.497933,12.230087,2.900149,97.341389,6064.412282
10,-5.049016,3.895653,3.733908,249.011651,10052.53025
10,12.181637,-12.644217,6.955043,134.037016,34877.692868
11,16.450046,4.015401,10.209529,339.72833,75155.275263
11,18.625045,1.812566,13.888167,128.417685,139071.441862
11,8.06329,7.055559,12.061779,121.998515,104898.861828
11,8.042065,4.584804,13.25746,220.848613,126726.86628
11,18.118094,5.412166,4.575436,245.384057,15094.29952
11,0.860311,1.050604,13.680219,143.266749,134937.972632
12,9.337513,6.879288,3.043114,256.343744,6677.048673
12,25.94315,9.930616,8.503812,318.870276,52140.518337
12,23.02749,-1.351678,11.643944,231.206284,97757.099939
12,18.9308,5.170208,8.400412,57.524641,50880.256701
12,27.160021,4.59062,8.172061,155.845281,48151.663331
12,11.693332,-2.318098,9.255334,317.773909,61763.549584
13,10.350793,-1.169706,3.916397,352.731894,11059.141878
13,13.709133,-9.099036,4.00869,196.424701,11586.52162
13,20.190392,2.694475,5.971866,170.116049,25713.91004
13,24.502647,20.265242,6.262512,306.029403,28277.770584
13,16.692947,4.652914,3.037691,293.135578,6653.2711
13,20.314786,-9.849199,9.112693,204.161961,59874.458308
13,16.354022,8.9547,5.89191,48.619711,25029.9635
14,13.938468,10.439606,1.870051,123.199649,2521.477488
14,-5.167472,4.846628,8.585613,85.043757,53148.464881
14,23.734153,9.276567,7.345203,272.566719,38900.541516
14,16.743017,3.722197,7.601519,325.343705,41662.835904
14,13.326236,0.001821,7.439677,146.237895,39907.659949
14,20.262097,4.438281,3.662585,93.900596,9672.158075
14,10.976378,1.169552,5.436965,137.307391,21313.813892
15,23.706911,9.259303,7.114822,75.044677,36498.59694
15,-4.767402,11.15119,6.033205,245.34603,26244.856944
15,1.011123,11.053477,7.33402,25.288734,38782.18511
15,10.546878,-17.268811,14.9414,93.811701,160964.695169
15,16.106952,-1.284388,13.775286,160.259031,136819.907496
15,24.89394,13.967939,4.871672,27.935517,17112.133906
15,10.798148,31.256349,1.025164,30.154678,757.765988
16,10.779118,-0.048531,8.416331,209.0937,51073.274604
16,16.385269,-6.891332,3.207211,247.331366,7416.57266
16,3.143447,6.861537,7.25113,306.813679,37910.490681
16,18.994398,-4.510626,13.724584,156.147474,135814.599921
16,14.134842,10.695831,8.124809,82.304204,47596.430793
16,19.170738,31.327462,10.547116,28.869667,80207.602381
16,12.18817,3.720851,9.397501,77.442006,63675.573229
16,20.380858,-7.323648,4.487165,227.362836,14517.511219
17,22.711737,15.164945,4.527607,83.739919,14780.377011
17,16.708969,8.489512,3.862636,252.583844,10757.607427
17,34.358513,3.108749,16.788858,200.039593,203231.203325
17,18.571973,8.000439,6.409106,349.024033,29617.129201
17,6.518085,-4.888066,6.792885,143.248645,33270.289786
17,15.497369,5.606828,11.240337,119.066458,91097.550451
17,13.646327,7.843242,5.480394,51.084795,21655.67385
17,11.102761,11.52132,14.185406,74.513184,145088.039913
18,19.448458,-1.154849,4.70505,108.274495,15961.60606
18,6.397722,11.955707,8.509993,290.390717,52216.342004
18,0.696271,3.768276,4.664452,33.412425,15687.342236
18,9.431276,15.21482,15.334496,351.755143,169545.82796
18,13.837524,7.482485,6.7645,169.075253,32992.822719
18,13.485538,16.345819,3.674847,108.139951,9737.032838
18,23.299838,-3.302069,2.169267,27.998092,3392.924934
18,12.090178,-3.981299,3.546281,39.299812,9067.640858
19,15.517424,3.136779,8.004094,145.171272,46192.599492
19,5.189501,10.741618,8.393347,48.660785,50794.70862
19,21.877318,11.222889,6.378258,154.501222,29332.717848
19,14.012313,-7.993164,5.376573,137.795195,20842.950292
19,-1.697518,-7.551591,9.176975,128.53494,60722.158517
19,18.821768,11.891327,19.257375,62.296378,267388.199753
19,31.178556,7.305631,3.253991,128.936849,7634.501609
19,5.13715,-2.926786,4.465515,92.966818,14377.760438
19,19.359236,12.574652,6.125615,185.755465,27054.999269
20,3.286084,0.276015,6.594968,3.804533,31359.816627
20,30.131012,19.258907,8.300568,348.758674,49677.950124
20,16.980162,-6.397861,3.576895,279.357768,9224.875529
20,-17.622709,1.367413,3.368451,245.513778,8181.042497
20,16.295923,4.722608,18.979789,271.359857,259735.222587
20,13.050808,6.113513,5.67597,322.161552,23228.883066
20,15.420136,-5.322972,9.739024,332.005714,68387.851093
20,19.803722,10.34158,6.255026,330.820161,28210.211318
20,28.035349,11.249445,12.128189,117.25912,106057.153453
21,28.714021,1.106759,5.653608,324.209022,23046.206418
21,17.814812,14.66642,11.856559,218.606721,101359.727645
21,24.620339,-2.213402,9.683359,210.145758,67608.320854
21,19.223891,-1.693451,19.857889,237.842257,284324.454353
21,11.235779,15.403909,18.038118,245.332369,234601.349399
21,16.445947,7.388417,4.157,129.512973,12459.717337
21,17.309249,-2.51664,7.871555,114.794077,44675.472484
21,25.205387,19.778699,3.534606,78.187114,9008.037825
21,16.646024,-3.023795,7.300823,231.179682,38431.888183
22,17.510037,-8.64723,14.853565,285.803218,159077.753326
22,20.761061,11.085538,4.094712,239.035705,12089.120805
22,8.806603,-1.962973,2.697862,94.026352,5247.924094
22,18.798353,13.846496,5.768114,39.963453,23989.201985
22,14.057571,3.580104,7.613071,14.57327,41789.564264
22,22.496188,-4.670521,6.609558,18.979722,31498.716837
22,25.518916,7.356665,5.631031,32.803377,22862.50663
22,17.217836,7.980706,6.35343,166.670911,29104.792422
22,11.836586,-3.10176,10.032918,84.603821,72577.592153
22,13.609889,-7.230277,6.280373,39.123828,28439.29896
23,10.820046,9.674182,12.050906,100.098361,104709.829166
23,11.950047,13.590359,14.883018,10.572122,159709.256176
23,25.634772,7.615205,12.676075,193.165682,115855.767757
23,20.179469,16.518754,10.252927,142.084198,75795.572556
23,19.672435,14.011755,9.225222,355.511214,61362.313054
23,18.844787,10.363036,4.381932,100.622934,13844.566022
23,15.466743,-10.217671,5.838741,47.384749,24580.260205
23,9.024431,-0.748689,3.773597,343.405899,10267.366445
23,21.014134,11.368785,7.975699,50.931023,45865.439837
23,12.055984,1.526284,3.816515,195.38649,10502.243142
24,25.56495,23.159237,6.266647,7.54808,28315.129961
24,21.264383,5.589076,42.370364,222.519832,1294411.811292
24,17.880003,-7.66655,4.197305,256.220599,12702.498242
24,16.495071,9.43322,14.409834,2.661893,149715.248829
24,8.905006,-5.458833,8.331575,178.702261,50049.793879
24,9.893856,2.313476,3.793325,67.150752,10375.001005
24,5.70345,2.57849,4.249123,274.740236,13018.07035
24,11.373188,-0.470122,5.661908,19.867446,23113.926881
24,12.506448,3.891282,11.197293,151.861538,90401.185102
24,20.319831,18.381913,4.844023,186.274857,16918.448697
25,21.690715,1.901438,14.813334,317.21585,158217.21278
25,15.284492,12.134632,5.179642,61.922097,19344.053257
25,14.428039,12.88428,10.380368,235.395345,77691.506672
25,15.609145,6.106474,9.836015,137.747831,69756.782615
25,28.479317,16.627085,4.203399,7.916121,12739.411241
25,5.965209,2.955908,6.538652,283.593647,30826.52191
25,12.21984,-10.404686,2.995239,269.028613,6468.610869
25,10.203251,17.555117,14.393858,303.632197,149383.460548
25,13.847414,9.784427,8.224973,74.027118,48777.214709
25,27.662232,-2.289838,6.447034,353.989358,29968.701785
25,17.521979,11.234563,16.000889,248.435143,184601.95842
26,21.667607,15.726394,3.718579,290.959376,9970.158619
26,15.473907,3.322192,2.86257,26.319096,5908.269831
26,27.139613,9.075745,13.983989,301.864366,140997.112185
26,9.065278,-3.983822,5.011448,140.216444,18108.169134
26,1.299884,4.257007,11.093076,162.056934,88726.235008
26,3.132188,-5.91466,3.165714,286.915057,7225.89087
26,17.308147,2.723014,5.134065,295.679006,19005.127849
26,14.126687,3.91028,9.266411,8.958403,61911.486021
26,11.283285,-17.760552,10.775581,218.138647,83720.052338
26,4.243415,-15.944434,8.80904,174.41463,55950.657627
26,10.234283,11.808933,9.989208,139.667166,71946.580454
27,4.858727,12.087205,6.890244,205.141122,34230.819526
27,27.114741,6.028426,10.863057,29.118007,85084.845099
27,10.905736,4.830519,14.118703,2.944043,143726.767044
27,22.520315,1.185804,4.922303,324.245707,17469.671542
27,25.067451,4.14523,3.857814,309.937129,10730.765156
27,10.500899,10.847268,16.501893,314.476905,196343.08084
27,13.11679,21.191641,7.402941,165.583378,39514.51029
27,28.580397,8.425627,6.611708,351.235964,31519.212618
27,6.99071,6.3684,5.539933,159.91845,22128.759312
27,9.367553,14.727964,3.150555,36.060737,7156.854353
27,19.980061,5.712576,4.945867,139.658235,17637.336318
28,15.23033,-9.811828,4.342114,333.567926,13594.104303
28,26.821484,1.911602,6.511816,182.620878,30574.006534
28,26.829334,11.2564,2.483635,151.690898,4447.579985
28,23.575828,4.176235,3.810662,150.886829,10470.054841
28,9.686802,0.71479,7.184189,310.864011,37213.757522
28,17.499511,13.969471,6.264715,53.424742,28297.667942
28,13.85102,8.373811,8.059965,312.368754,46839.726972
28,10.302425,11.469292,4.095579,242.827764,12094.245494
28,25.931845,14.860779,3.98592,15.270995,11455.265158
28,20.512606,10.163732,17.102832,32.008735,210903.678215
28,13.663058,5.815786,7.454949,165.399403,40071.672059
28,8.367107,6.849089,6.185087,204.347861,27582.889379
29,15.094544,-18.749978,2.842415,60.39793,5825.36412
29,9.743102,-3.427053,2.190204,204.644491,3458.734753
29,10.02226,6.614374,6.921891,282.051638,34545.990049
29,28.528886,-6.6783,7.960396,216.535147,45689.604215
29,2.030414,-15.611768,8.616476,280.149503,53531.261908
29,24.144071,11.399411,6.765426,106.596831,33001.853405
29,11.933548,14.451186,5.937571,99.607852,25419.42049
29,25.071836,6.232371,6.440498,353.540261,29907.968244
29,29.242162,10.831505,16.108949,136.097506,187103.749006
29,16.490907,-7.79719,20.384298,56.203262,299598.465454
29,-0.281463,-2.358295,22.158288,62.812967,354014.047354
29,17.520471,9.646676,5.499466,241.829121,21806.657647
30,29.556632,6.352012,13.003993,17.833125,121927.453811
30,22.264235,10.097581,5.305681,165.506374,20296.930802
30,15.576941,-2.300854,3.995306,310.062801,11509.28081
30,23.064358,17.727432,1.950732,291.569686,2743.741148
30,11.878377,-3.348999,6.209813,36.519692,27803.862943
30,19.150543,4.117067,20.459067,305.979922,301800.324005
30,25.255791,-10.116949,4.439982,265.036968,14213.809068
30,24.227188,9.876508,2.855329,35.694877,5878.418699
30,23.863235,13.214665,4.236219,2.113271,12939.121481
30,-0.575133,-4.024268,6.454502,340.459729,30038.177108
30,9.763006,6.302017,8.088472,356.01958,47171.646479
30,24.425685,23.246542,3.011513,218.368304,6539.093627
31,14.105517,-2.354516,19.430125,218.16678,272206.994658
31,21.432804,17.171269,5.027171,137.920362,18221.969938
31,14.727111,4.927109,8.670891,191.901661,54209.510845
31,11.360679,1.377317,24.354521,165.555363,427668.500075
31,18.734599,-0.860978,4.196861,13.33029,12699.809408
31,15.573834,10.26498,12.330207,309.897521,109619.742878
31,6.595975,1.320523,9.523387,211.606557,65392.945937
31,15.746883,0.353748,5.360946,179.789087,20721.964257
31,16.053116,15.196592,8.396443,306.362702,50832.181801
31,26.706713,2.394609,5.181195,105.646844,19355.655572
31,4.05474,-11.824905,10.569594,76.367336,80549.84067
31,0.018041,2.049064,6.358055,247.424562,29147.189213
31,-13.219765,-9.264855,7.133675,167.913447,36692.281215
32,3.61386,11.220875,4.36939,241.700174,13765.429779
32,17.490418,0.143823,4.113104,69.237525,12197.965043
32,13.598979,15.93385,3.13138,326.389354,7070.001955
32,11.823211,14.894609,6.980042,263.753062,35128.868931
32,20.210346,12.120968,10.569347,49.843483,80546.068937
32,8.712589,7.64285,8.680198,223.516317,54325.949505
32,19.218281,14.768555,9.684268,265.302121,67621.012941
32,11.191143,10.385222,11.778306,81.499902,100026.18987
32,19.326507,21.923348,6.472104,355.223282,30202.233802
32,-3.472904,0.804481,7.580011,38.400083,41427.405771
32,11.59096,19.05795,10.662791,276.905938,81976.598859
32,12.49786,20.63382,3.1617,258.826241,7207.579428
32,-27.999213,8.923924,6.777812,11.654608,33122.808891
33,19.587726,12.512844,4.810096,272.724661,16682.285312
33,17.965487,7.857813,4.88793,6.590246,17226.542131
33,-1.071494,8.378725,6.510125,67.556436,30558.129883
33,15.162508,6.533583,3.849631,132.870504,10685.28747
33,22.549045,13.677455,5.231831,325.210124,19735.833053
33,20.771735,10.739102,12.893681,141.440978,119867.625659
33,17.082858,17.191325,8.272604,178.808324,49343.800292
33,9.59186,-8.135602,7.75102,186.776157,43317.734699
33,20.404693,5.233747,16.347875,349.715609,192695.11881
33,26.820847,6.166665,3.999864,61.987973,11535.555831
33,18.403039,24.932736,6.48763,103.710369,30347.315194
33,7.978706,-3.129008,3.228978,149.033994,7517.581645
33,3.528783,10.249198,7.995481,250.973476,46093.24236
33,-28.312584,-1.016184,8.222163,239.958346,48743.898287
34,14.91779,-1.518175,3.514536,242.117037,8906.028603
34,5.056334,8.644828,2.872958,38.381556,5951.229592
34,13.28609,-2.09774,3.342595,200.965262,8055.927746
34,16.623001,-4.500186,15.125735,338.026467,164960.92049
34,6.398201,5.273517,7.041768,319.721708,35752.920138
34,32.816506,-0.851412,3.245103,164.232698,7592.852156
34,13.687775,-0.848477,19.210323,327.237479,266083.165799
34,23.037271,7.78943,5.142256,282.594138,19065.82003
34,12.598144,7.386993,11.165913,179.380679,89895.204718
34,12.015204,15.23887,2.692154,61.201332,5225.740255
34,16.416176,7.065614,7.612369,177.486613,41781.852998
34,7.018995,-2.76331,12.010621,111.780981,104010.937228
34,20.778175,2.659923,4.485418,62.289109,14506.20658
34,-20.226786,3.916917,6.755888,11.082812,32908.871596
35,11.0903,8.633084,12.178371,228.817289,106936.629357
35,2.308917,-7.848629,7.154943,325.758942,36911.389186
35,21.410498,16.325232,4.57336,46.033955,15080.60809
35,16.98152,21.044681,6.826011,99.041657,33595.56897
35,14.853747,1.331669,5.287459,247.284204,20157.748791
35,14.625195,-1.328746,4.789284,22.436563,16538.240133
35,11.961997,7.727423,8.178926,76.305013,48232.590992
35,4.667173,19.726352,8.20705,344.511392,48564.873278
35,12.160041,-6.388429,8.519681,59.710659,52335.297429
35,15.92154,-0.179932,11.524359,227.967001,95759.450716
35,15.447135,27.627357,6.854042,155.653455,33872.060329
35,17.821269,-3.327133,3.15166,286.097003,7161.876786
35,21.74709,4.958981,3.5938,356.081712,9312.279371
35,-26.250106,2.335287,5.468962,80.172055,21565.421635
36,11.303084,11.180385,4.452646,169.363803,14295.010817
36,9.092405,1.415163,8.427418,265.994953,51207.926067
36,1.223278,-5.990121,14.258018,177.430261,146577.197748
36,14.703038,-12.947611,4.964611,70.929107,17771.275388
36,12.064222,1.337825,4.673144,2.813074,15745.857333
36,17.07289,15.546364,6.370913,343.35977,29265.192841
36,2.905108,16.775181,9.193148,290.096123,60936.372198
36,12.932386,21.057763,8.055983,299.000251,46793.459606
36,-1.689786,-19.249062,5.662758,89.893043,23120.863831
36,16.988645,-1.377832,4.340993,118.682014,13587.086451
36,10.660238,-16.778911,7.403741,134.470046,39523.053405
36,17.047276,-4.045388,15.859242,166.758843,181348.055679
36,5.61585,-4.602811,6.360898,54.872384,29173.261209
36,-16.509472,-13.248155,3.110528,267.397819,6976.15639
37,8.012064,5.245977,3.940551,49.8762,11195.978833
37,29.1102,2.777649,5.19643,290.651037,19469.654512
37,14.176931,8.391978,4.805155,264.345554,16648.030863
37,11.754482,5.03979,4.44619,336.803445,14253.584368
37,11.799983,-11.207709,3.057672,342.230152,6741.088008
37,12.82849,26.702836,5.160018,262.397786,19197.759528
37,10.42045,11.508747,13.543053,174.638709,132245.608458
37,16.109111,7.654278,9.085457,49.32187,59517.077446
37,5.25643,10.562114,9.029116,29.917061,58781.216558
37,15.285724,3.027985,6.074817,228.512689,26608.140777
37,23.717276,-2.097058,5.52843,255.183852,22036.960874
37,10.418725,6.888266,3.155191,290.169121,7177.932923
37,13.051435,5.964778,5.477473,216.844454,21632.593923
37,-16.660891,8.100918,3.801976,281.285943,10422.378918
37,-16.945898,0.321953,14.356642,153.566798,148611.968051
38,6.848946,12.382652,5.651108,323.640792,23025.833574
38,18.045854,10.996844,10.239629,27.766869,75599.077975
38,9.53358,4.77918,11.749144,89.48557,99531.498459
38,4.39738,6.136888,5.105971,211.349684,18797.703978
38,18.412664,-2.603027,2.984002,247.27604,6420.166962
38,15.343293,-11.735888,7.275481,281.676661,38165.551568
38,17.860119,9.913404,14.548025,343.685635,152600.56553
38,16.101719,8.331002,3.540152,297.275569,9036.326452
38,4.239418,5.427027,4.988986,297.923158,17946.20238
38,16.865852,21.586831,8.66222,260.263485,54101.15066
38,11.141405,13.882544,4.606102,88.571434,15297.315964
38,-1.741916,7.739745,3.288937,289.822484,7799.36463
38,27.54297,-1.592578,11.866295,234.719459,101526.248846
38,17.819307,-7.222667,5.844203,50.952149,24626.272154
38,-29.633163,-3.7421,5.232066,181.18404,19737.603684
38,-12.974009,11.013398,9.317765,180.985739,62599.599752
39,-2.261319,-10.268549,8.060603,350.349113,46847.147162
39,18.107859,11.606982,2.724092,187.020883,5350.4669
39,11.969072,-7.692627,10.313478,45.042362,76693.465889
39,14.099207,5.218183,4.285615,129.57979,13242.632168
39,-1.801565,-7.756007,2.620151,159.408104,4949.948608
39,16.719356,17.752264,4.249023,111.326677,13017.457001
39,-2.102235,2.934875,3.289614,64.077193,7802.575936
39,4.769647,-2.969579,9.92595,124.191376,71038.248643
39,16.005984,1.848766,3.899725,350.095975,10965.184757
39,-14.68365,4.06651,8.000389,113.183083,46149.846799
39,11.617213,7.375721,7.655802,301.144,42259.993609
39,1.451741,8.068785,5.164831,300.591094,19233.586576
39,14.306756,8.941858,5.901723,294.085462,25113.408819
39,4.099788,-3.282748,2.820219,325.923301,5734.738894
39,10.846796,17.18282,7.140323,2.511124,36760.703087
39,-23.807791,-26.012576,6.543908,87.593308,30876.103513
40,11.243567,-1.703153,5.140536,326.522986,19053.065777
40,19.260235,15.874203,3.76985,277.719891,10246.986737
40,-13.53389,12.323426,6.432939,273.485644,29837.805994
40,18.537489,-3.367521,11.543848,67.919517,96083.596078
40,-3.511727,-5.801071,4.526897,144.786181,14775.739745
40,22.949135,1.304288,7.226468,275.922954,37653.055944
40,-18.490174,6.180288,9.889796,117.75611,70521.694474
40,14.446162,7.728053,6.238121,80.924066,28057.928937
40,17.528069,14.068235,8.01905,33.272044,46365.394739
40,18.877283,11.372951,9.010281,228.31419,58536.234047
40,12.600517,14.571156,2.863309,348.869639,5911.321695
40,15.133534,10.51249,15.55119,185.455044,174371.425481
40,14.159325,13.189615,8.945911,152.346018,57702.848575
40,14.24738,8.383235,5.120016,278.741029,18901.255363
40,-7.747423,-2.150838,5.097258,329.824611,18733.605329
40,-24.313403,-26.951052,8.66575,163.871558,54145.256076
41,0.491276,-3.755117,7.948224,118.574735,45549.986218
41,19.167312,10.942885,13.250072,24.177457,126585.670329
41,-6.630656,19.281693,8.544326,121.752939,52638.522081
41,9.268527,-1.904241,13.65141,150.23079,134370.233604
41,10.740713,9.803203,7.708671,46.503645,42845.685381
41,14.264103,7.408013,6.357788,38.246737,29144.740754
41,17.288609,10.77783,5.568477,245.594186,22357.385291
41,4.76715,-1.868752,6.768263,238.502743,33029.536273
41,10.499934,7.383635,4.673905,176.409841,15750.98673
41,20.517183,22.856899,4.676707,261.942657,15769.876941
41,18.530177,10.309684,3.276538,231.133197,7740.66969
41,2.931637,-3.476042,8.515975,279.155234,52289.787181
41,19.164125,6.113936,18.428412,341.382248,244863.407406
41,14.205164,10.360997,6.411132,182.722162,29635.862633
41,-24.979082,-8.647373,5.810377,33.599988,24342.021254
41,-24.197821,0.282663,8.975128,129.002837,58080.373263
42,3.452337,17.57713,10.185568,161.112311,74802.927779
42,31.143839,8.233964,3.499401,171.260024,8829.489763
42,3.638979,-12.692508,19.514843,301.301724,274585.882475
42,7.925318,-3.567693,11.043335,34.004963,87932.333254
42,19.409017,12.988104,3.759728,104.785926,10192.033977
42,9.764027,4.849215,10.816705,53.537683,84360.281738
42,15.904857,12.196231,2.57306,275.935946,4773.619968
42,12.195644,-3.187925,10.510788,332.039084,79656.018659
42,15.354834,1.439577,3.342237,171.412623,8054.202273
42,14.469246,-8.055312,11.048458,128.1862,88013.923155
42,16.047504,13.542503,8.648968,281.248856,53935.743185
42,12.354546,-12.082915,4.729846,197.430737,16130.286017
42,8.390359,3.878397,12.44502,213.043803,111670.713154
42,26.918281,-4.388543,6.57768,200.774158,31195.617406
42,-15.588735,-4.43665,10.413456,344.857228,78187.598381
42,-25.70787,-5.430349,8.959212,312.063372,57874.560368
43,18.305433,12.443878,4.684746,298.164474,15824.142241
43,18.562065,7.131449,2.653803,264.653718,5077.91463
43,15.908585,11.125014,3.885982,182.025332,10888.03874
43,18.489502,0.860697,18.750469,28.211376,253496.713151
43,12.793683,7.521187,9.519169,317.839469,65335.034981
43,10.738673,-8.10012,6.355669,192.776903,29125.309991
43,20.574971,6.238963,35.138294,72.955335,890244.738339
43,9.829625,17.086992,14.398865,259.429593,149487.405052
43,12.896864,3.861245,21.891067,1.466784,345526.955963
43,8.048384,9.587389,15.709197,100.0181,177932.8022
43,18.934112,7.779209,9.973642,26.553749,71722.529158
43,17.403779,10.685817,6.460878,169.998385,30097.547809
43,10.771608,-5.093129,1.710199,59.557682,2108.828859
43,17.506876,5.228783,14.34471,83.730715,148365.054363
43,0.350127,-10.655429,6.282365,6.724634,28457.348642
43,-23.314474,-0.844595,7.03052,83.424972,35638.788539
43,-27.565701,-5.479233,5.61056,323.674876,22696.582515
44,13.878572,-0.603426,6.076792,16.299924,26625.443974
44,9.939449,-12.74202,9.250116,95.371296,61693.928664
44,20.429284,1.28732,2.096446,327.786097,3168.950311
44,11.28224,-3.848491,3.319231,230.793528,7943.704168
44,11.431426,-2.950868,7.172751,168.289487,37095.356076
44,-6.92505,3.181933,4.487068,102.698985,14516.885125
44,4.634594,10.316241,24.125692,332.206264,419669.711727
44,21.76723,-6.473446,8.353128,345.601394,50309.073796
44,11.233473,20.522934,1.742853,80.685053,2190.128078
44,18.848003,4.611416,7.411597,330.419457,39606.970154
44,12.623748,-8.574892,10.982875,124.976838,86972.133161
44,13.289911,-2.074434,4.1315,153.390981,12307.323448
44,23.67776,21.114193,3.457084,330.242869,8617.236258
44,-8.552652,3.735326,14.562988,144.979653,152914.642498
44,-6.152168,-15.685157,15.050407,186.051917,163321.946125
44,-14.222572,8.126479,16.902087,322.844589,205981.756359
44,-24.131107,-10.796365,5.358241,8.791013,20701.05752
45,16.009211,-9.44448,15.463624,260.547108,172413.243243
45,5.202039,10.193756,2.647952,230.121512,5055.548982
45,18.187339,-3.066085,10.219327,247.747063,75299.606687
45,16.936996,6.009674,3.960815,124.667708,11311.419894
45,19.665385,7.851384,7.961519,63.973561,45702.497472
45,14.069504,18.154997,7.126785,339.148808,36621.441971
45,17.839208,17.435012,8.501522,59.477301,52112.438483
45,8.165201,10.906682,3.450479,144.358807,8584.340164
45,16.830117,2.908086,2.619397,357.983608,4947.101016
45,8.522999,6.530115,2.396812,345.757395,4142.056202
45,8.185416,-3.473067,5.845685,103.229455,24638.765396
45,23.018923,21.781569,5.879735,68.675372,24926.630773
45,13.071856,3.451032,4.378624,97.065348,13823.670105
45,12.598389,-11.213927,7.006798,71.950071,35398.696874
45,-25.722572,6.129583,3.244549,167.513861,7590.262068
45,-20.170743,-7.767112,5.412527,10.703219,21122.642365
45,3.06256,0.238844,12.702227,343.180146,116334.3041
46,8.007897,-4.377871,9.93428,116.48965,71157.537326
46,17.895599,7.394022,7.775891,280.958892,43596.1777
46,6.844104,15.467316,3.230679,183.985512,7525.507595
46,7.417947,-1.30738,8.736718,338.929913,55035.732698
46,14.471848,6.059815,2.035934,273.091537,2988.654106
46,12.784641,1.553259,5.703497,77.356602,23454.730265
46,11.636529,-1.262252,13.677478,286.938485,134883.909507
46,8.892011,-0.857887,3.750596,235.849655,10142.584759
46,21.875542,8.297352,6.643316,3.548433,31821.293789
46,9.262508,-6.333141,5.331383,347.802007,20494.051027
46,12.353161,10.195305,14.657968,317.508379,154915.758628
46,3.964067,1.402298,4.451145,178.913794,14285.369621
46,11.698518,18.46729,4.103263,107.437173,12139.667108
46,14.509158,4.112623,12.796272,95.797193,118063.32979
46,-17.53196,-16.546189,9.241459,22.524598,61578.502178
46,-27.788629,11.466829,16.408026,39.224308,194115.735247
46,19.244993,-16.754196,8.362781,101.323185,50425.421036
47,17.271547,-3.956672,4.914799,218.506612,17416.448364
47,5.98823,3.434002,13.69581,94.459657,135245.715234
47,10.924575,-2.395276,7.174875,53.574564,37117.329862
47,5.989828,3.906905,14.784991,346.172325,157612.329389
47,9.694308,-2.179329,7.613489,324.560137,41794.150982
47,20.823329,3.620474,12.018019,211.623009,104139.099337
47,11.933445,-6.243583,11.727832,209.427716,99170.739893
47,11.079472,1.027339,3.508409,24.805694,8875.005148
47,21.20383,19.656063,6.476821,187.529499,30246.26995
47,8.718724,-2.285656,2.589875,61.824819,4836.217232
47,-0.371124,3.410628,5.049185,357.40487,18381.907896
47,20.530028,-5.531757,9.603151,61.053743,66492.947272
47,15.071989,10.403214,8.937074,180.986539,57588.893335
47,7.64551,11.650383,12.259501,97.683596,108366.156837
47,-6.904782,-2.681858,7.014791,32.47608,35479.508251
47,-29.307275,-10.471543,4.958877,137.411323,17730.245252
47,-11.432349,11.966708,6.63666,95.960101,31757.562151
48,-12.206191,-8.240764,7.207799,79.693471,37458.759601
48,-10.84728,9.955535,6.281833,204.314907,28452.527099
48,21.538578,3.189446,16.984828,215.252548,208003.363973
48,6.213244,-5.280236,4.229,186.371593,12895.061791
48,14.797307,5.526628,17.970837,61.025259,232854.532715
48,7.109954,-0.169833,3.382127,24.725917,8247.605792
48,11.274313,14.400659,6.199751,210.954438,27713.827004
48,14.800465,9.464491,5.866321,39.002948,24813.024996
48,15.695529,-10.145812,2.724556,210.121259,5352.288774
48,8.817228,4.289115,3.208826,192.033568,7424.043274
48,14.558458,11.379777,10.635161,185.675622,81552.293408
48,14.564163,1.960303,5.857684,240.04149,24740.010434
48,19.185449,-10.532219,10.460668,122.268966,78898.171635
48,14.286916,20.966627,4.773824,55.073943,16431.639043
48,-14.358534,-1.865593,3.01725,3.100244,6564.031929
48,-19.231064,3.779592,9.169525,45.884878,60623.60491
48,3.376586,-0.988691,1.97293,333.377683,2806.541494
48,-19.485504,-5.264209,4.701541,113.374497,15937.802416
49,15.88597,1.820003,9.928243,25.787801,71071.074652
49,18.179215,5.578012,7.391381,327.46559,39391.20479
49,2.657012,-10.621897,8.596936,300.035524,53288.747269
49,-12.544548,4.73378,5.941297,53.488028,25451.336915
49,0.454771,-14.5815,6.351099,126.149506,29083.447499
49,4.838003,11.098667,9.434573,240.416524,64178.947706
49,-10.670224,3.600399,3.816675,99.55542,10503.120015
49,11.211852,19.455087,2.242962,16.967375,3627.36963
49,-1.156807,8.643624,6.406906,224.990996,29596.802439
49,11.717842,-0.201846,3.248854,159.813853,7610.419416
49,-6.903308,13.924497,12.104905,12.061592,105650.31889
49,16.374233,2.423062,13.223951,50.626254,126087.06673
49,18.31797,-0.916928,8.092082,273.669836,47213.767231
49,8.301265,-2.087101,9.057808,106.120348,59155.382988
49,-14.666182,-6.520797,5.179188,55.180329,19340.666377
49,-11.652594,-7.949926,6.309466,185.315986,28703.400311
49,-15.217933,-11.455084,7.34009,186.639009,38846.407955
49,-19.022367,-18.317655,5.688723,9.147762,23333.379258
50,9.460192,6.549856,2.062244,186.249027,3066.395135
50,9.556804,-1.09615,9.514685,44.782733,65273.506304
50,8.561828,1.360023,15.779492,93.155729,179528.790522
50,19.183186,5.057173,3.269318,16.160869,7706.593736
50,7.119514,5.641206,4.809569,43.561667,16678.633697
50,8.872821,10.622632,12.853205,197.161195,119116.228699
50,15.026218,-7.296531,9.129635,250.884214,60097.296882
50,1.79346,-1.073638,4.38199,358.316976,13844.93461
50,13.457635,13.574108,12.397093,237.787952,110812.260806
50,8.134739,13.807328,8.055292,3.394923,46785.428099
50,-1.164653,6.705559,5.562264,316.309147,22307.519455
50,11.396156,11.896876,3.908594,220.467316,11015.119231
50,7.263375,2.68917,4.343479,36.843698,13602.647624
50,9.289807,-1.753034,12.896842,168.193097,119926.410537
50,-25.959425,-12.233678,6.568634,236.808767,31109.870457
50,-14.451329,-0.402798,3.996836,347.542158,11518.098151
50,-14.639546,-6.061372,4.430624,169.97138,14153.957636
50,-31.531542,9.426478,5.901998,115.451214,25115.748429
51,20.78122,-5.253266,4.307564,85.130528,13378.627413
51,7.040989,4.36189,3.998295,74.513637,11526.510479
51,5.761724,0.311975,4.980021,281.740883,17881.764785
51,19.880533,-9.130839,9.95473,65.682508,71450.792709
51,9.611902,7.060289,7.592685,232.234775,41566.054751
51,1.654604,5.59745,4.994315,222.395775,17984.561321
51,18.467191,-12.359243,6.981695,98.009124,35145.504169
51,19.012605,22.627688,6.788536,152.255837,33227.70765
51,8.734839,6.657787,4.57517,307.45357,15092.547527
51,21.281969,5.484177,3.361379,111.059585,8146.72407
51,12.35143,-4.626334,3.927403,1.548961,11121.385703
51,22.084772,-1.726834,6.999675,209.279905,35326.759495
51,10.419649,-4.861835,7.60074,359.145542,41654.297525
51,6.656244,9.988744,6.014322,299.359657,26080.829094
51,-5.483129,-1.836847,5.588395,239.931414,22517.605761
51,-24.713761,-6.822039,6.770802,333.05158,33054.323991
51,-27.31189,-12.568416,6.969732,40.15582,35025.164929
51,-23.920584,-17.20743,6.534422,111.264212,30786.647956
52,6.514893,18.236216,4.637316,40.986318,15505.345288
52,10.71619,-3.71966,13.699327,302.763637,135315.186132
52,19.855905,10.58163,4.975926,137.769215,17852.373568
52,8.642732,3.85402,15.654186,281.338159,176688.814223
52,11.751984,13.081532,9.04111,101.658577,58937.484661
52,17.645197,5.956222,5.882503,139.596872,24950.103315
52,6.713413,11.122738,6.008459,142.313642,26030.002515
52,1.63587,0.49137,25.050181,318.558896,452449.170114
52,15.567685,-3.270542,6.899635,166.024787,34324.190894
52,18.410308,5.434003,11.101078,160.932356,88854.278393
52,6.699663,1.964443,2.458901,93.97411,4359.434155
52,15.858029,-3.571147,1.416326,73.684072,1446.354408
52,10.344908,-3.359159,9.683709,71.275351,67613.208617
52,13.798306,0.404426,7.950003,85.387807,45570.379917
52,-13.374603,18.997908,4.027846,134.495594,11697.517632
52,-23.226482,3.476422,3.808962,319.949551,10460.716147
52,-18.783436,1.512197,3.487504,266.283022,8769.553053
52,-13.08806,-17.205174,15.851036,26.227045,181160.449766
53,10.302985,16.258117,12.349309,283.703213,109959.653296
53,18.416657,1.087782,8.997745,46.838861,58373.460607
53,10.036606,8.864384,7.660955,153.28765,42316.899637
53,22.577111,2.304356,3.876862,90.551702,10836.99335
53,9.944013,2.704274,14.637326,334.623954,154479.752876
53,18.872334,10.361425,5.342761,249.24291,20581.621084
53,16.738212,4.438093,6.126541,288.301841,27063.173628
53,2.473552,4.18977,6.419149,40.372075,29710.019449
53,11.502003,-0.613537,6.013825,259.226892,26076.518144
53,6.629907,1.902226,28.046429,276.073017,567156.897094
53,13.212526,0.852468,3.412914,232.436973,8398.443533
53,14.22455,6.29135,9.561001,41.087943,65910.535591
53,6.309104,-11.358544,8.514062,173.937747,52266.298052
53,10.266049,2.206094,8.899182,186.117567,57101.595625
53,-10.617185,12.285347,4.111438,220.644909,12188.088665
53,-29.569961,1.385206,13.434352,167.093358,130131.230255
53,-2.056504,9.968733,14.833002,320.52444,158637.626198
53,-18.587237,1.602889,5.658619,163.838281,23087.075597
53,4.616978,-0.298285,6.08879,82.149851,26730.68438
54,9.671347,11.894769,7.228108,100.146361,37670.14761
54,9.871163,-6.196055,11.685178,177.368518,98450.68854
54,17.459848,-3.629135,4.638978,341.151985,15516.462846
54,12.321076,9.513947,3.838048,230.068211,10621.087506
54,8.173608,5.387409,12.646674,105.381438,115318.962345
54,11.060781,-13.233284,5.894689,317.642161,25053.582045
54,10.874946,10.432418,11.249678,219.353828,91249.033781
54,7.751711,13.414352,6.732545,159.688147,32681.851912
54,14.736401,-5.358968,3.216279,294.966072,7458.568286
54,16.324201,7.530497,7.568177,336.231827,41298.154557
54,11.226287,6.886026,3.406085,121.408671,8364.869051
54,24.434436,15.487377,6.352799,13.115017,29099.012368
54,16.820454,6.249165,2.014854,33.512122,2927.084688
54,8.237321,2.189484,6.95482,119.879427,34875.454127
54,-15.852729,-5.568361,8.105028,270.691621,47364.9548
54,-14.215575,12.882133,4.319556,61.188524,13453.224417
54,-17.100604,-6.923408,3.475255,164.852561,8708.059813
54,-15.304491,-21.460079,5.305912,318.806288,20298.696144
54,-26.901056,-11.079304,14.70942,129.54535,156005.237051
55,0.589703,-10.696174,5.926334,345.695224,25323.298172
55,25.472653,3.215936,4.315237,173.070876,13426.334535
55,13.604295,6.301586,7.903267,323.478551,45036.166386
55,12.923293,-10.693405,3.082192,338.625545,6849.633161
55,5.108398,6.180777,4.49311,301.223537,14556.004846
55,9.010578,3.488253,12.397701,304.935292,110823.131648
55,7.721264,-5.728685,3.934312,233.031809,11160.554538
55,7.657678,4.994444,4.501655,261.587561,14611.423579
55,16.991794,3.5203,3.892984,28.699726,10927.308908
55,6.614749,12.007346,9.409155,244.445609,63833.600858
55,15.85571,10.86187,12.582181,261.739665,114145.805259
55,5.511086,-1.958478,4.851558,35.763617,16971.121585
55,18.208445,-4.07682,4.709811,200.616926,15993.926273
55,-11.093896,-10.266638,10.91784,286.774565,85945.172937
55,-8.420264,3.091615,0.882147,7.964931,561.087046
55,-16.783801,-2.640826,12.215272,203.74541,107585.657715
55,-9.970151,-12.083085,5.597694,231.819589,22592.611175
55,-9.866692,-13.622593,6.854578,48.582633,33877.354352
56,6.199012,6.812374,5.735419,356.572237,23718.014918
56,5.651259,13.069273,5.251933,3.921244,19887.789121
56,5.174579,-7.231966,11.435272,111.736751,94284.666301
56,10.104538,-10.098255,5.285313,167.649276,20141.395633
56,12.502906,-6.853589,2.833557,292.315732,5789.110788
56,19.898725,6.821333,4.240029,316.328759,12962.41025
56,9.002458,12.45978,4.740916,235.706883,16205.88194
56,2.613945,-3.910939,6.127173,244.143513,27068.764163
56,6.578748,-12.870937,8.556451,305.440922,52788.02779
56,17.929223,-4.567804,12.544041,259.395788,113454.840829
56,13.796509,-2.36064,6.494326,59.074453,30409.984994
56,15.958903,11.793102,6.959642,89.613225,34923.834148
56,12.25038,8.788494,8.724073,312.366271,54876.53309
56,7.744198,-0.703584,3.5234,349.299762,8951.009106
56,-21.043314,-18.274123,4.367328,146.795723,13752.440253
56,-17.946718,6.056242,6.173126,123.484567,27476.307854
56,-25.096455,-6.185167,2.854966,55.515799,5876.922058
56,-12.79926,0.473107,4.239576,173.449839,12959.64051
57,19.909826,-8.928448,3.166165,214.486798,7227.95204
57,3.092009,8.746411,4.248928,49.101288,13016.875301
57,0.602944,-1.17931,5.512996,355.175283,21914.090966
57,12.167622,6.328494,7.688136,355.095891,42617.716023
57,10.342717,-6.045045,4.151932,190.46848,12429.355635
57,19.985535,6.135582,12.279224,81.984224,108715.118241
57,13.532128,2.638137,9.925149,179.121285,71026.785368
57,2.328262,-11.850129,4.328681,257.583867,13510.120943
57,18.129317,9.172419,1.609276,314.694743,1867.277674
57,15.103628,3.089316,2.398693,165.722722,4148.55922
57,13.790511,13.564468,2.358165,192.710001,4009.558575
57,3.979499,4.18765,3.66885,174.775547,9705.278241
57,21.544889,6.844526,3.864015,146.860736,10765.28692
57,-23.250908,-10.646688,8.758649,304.95117,55312.381112
57,-20.943343,-4.742262,4.973546,292.995153,17835.300174
57,-14.658046,-2.676436,6.287725,274.736523,28505.927931
57,-6.243102,0.183894,8.152893,59.724831,47926.038936
57,-13.348043,-10.388387,5.715291,284.621852,23551.833936
58,11.294996,9.994109,5.175822,114.011206,19315.536678
58,14.602134,8.839111,9.44838,158.460181,64366.933038
58,14.740067,-0.780557,7.773469,228.628285,43569.020576
58,11.202681,3.648657,7.023002,0.450969,35562.617271
58,7.180296,-7.896791,2.133586,169.751226,3282.2254
58,8.280314,-0.678358,11.25733,69.104327,91373.209096
58,5.460366,8.699818,29.970486,73.457177,647642.973587
58,15.646398,-3.559792,15.772815,139.710329,179376.895571
58,6.719157,-7.480672,15.811169,13.345822,180250.31336
58,14.401125,6.62756,11.262436,268.859315,91456.116783
58,-2.227374,5.7101,7.317689,274.366611,38609.662863
58,9.390601,5.630792,9.284922,40.826055,62159.081628
58,12.7413,12.618879,3.719404,238.417023,9974.583777
58,-13.731762,-25.415472,17.905192,335.465042,231156.449194
58,8.559767,1.493553,2.70472,6.475232,5274.636594
58,-1.505614,-6.783557,8.049988,327.619239,46723.838499
58,-13.782536,-3.004278,7.909274,84.153542,45104.654163
58,-12.768075,4.636013,11.292874,331.227765,91951.1285
58,-9.071049,-9.976712,2.517894,274.03499,4571.121885
59,5.850568,5.457853,13.105151,327.99711,123831.786449
59,15.23613,6.528592,3.498004,232.432144,8822.437939
59,14.642858,-0.965694,7.012878,323.928027,35460.15532
59,7.351323,1.485154,4.912498,231.208889,17400.14536
59,16.197936,2.870661,7.775128,347.125974,43587.616819
59,9.85432,12.535699,8.066405,89.750921,46914.612926
59,6.973884,8.04434,14.83334,32.243118,158644.842376
59,1.958361,-2.915535,5.365261,167.364913,20755.337492
59,-3.00245,2.644006,5.158947,351.390395,19189.787091
59,11.988614,3.999032,2.720217,218.884899,5335.256054
59,-4.710646,6.836829,7.647529,312.318515,42168.712075
59,3.489739,-4.214849,4.928809,118.92236,17515.885901
59,12.013842,5.371125,12.449807,336.886052,111756.635806
59,-19.608959,-18.777478,6.471672,85.55645,30198.201372
59,-6.427785,4.359445,7.410064,153.547912,39590.586571
59,-32.459017,10.263741,10.755,116.663663,83400.548482
59,-7.165285,-8.083144,4.529054,120.739263,14789.826751
59,-23.547854,-11.241906,1.968289,191.14306,2793.353014
59,-16.248742,9.527128,5.860206,139.923275,24761.326854
60,9.504462,12.922126,10.086254,124.862354,73351.314155
60,13.442857,3.228053,11.390798,169.561307,93552.71374
60,18.990537,17.587407,9.723669,158.743487,68172.365786
60,8.757359,5.291295,6.906122,93.303543,34388.760972
60,-1.807741,0.744423,4.119866,210.06746,12238.105628
60,16.106214,4.053201,2.556634,224.422539,4712.867573
60,3.465652,7.346876,7.629322,253.06992,41968.164622
60,13.542426,2.945701,6.541794,40.80387,30856.151969
60,-13.871934,2.758006,6.028764,208.15431,26206.235955
60,7.818422,3.719377,5.322404,195.217373,20425.075688
60,17.838438,0.379588,2.767438,10.183943,5522.094155
60,18.239223,-1.230999,2.941842,46.65424,6240.032204
60,-19.749056,-11.602469,7.699349,178.332718,42742.12736
60,-8.297719,2.829707,11.231609,53.514849,90956.132878
60,-25.015753,-4.362835,8.353306,214.998672,50311.219391
60,-23.394597,-5.211347,3.436617,268.028708,8515.501408
60,-16.529106,-13.529188,12.561702,111.443116,113774.524618
60,-19.367741,-8.911421,3.609839,19.535232,9395.581182
61,18.639508,17.243323,13.739872,203.373193,136117.347017
61,7.749899,4.503315,4.112332,247.704921,12193.388861
61,8.695064,6.263789,11.330943,150.548355,92572.118199
61,16.730563,16.040894,3.491164,231.580223,8787.9705
61,-8.953871,19.149271,4.389984,183.19638,13895.492703
61,21.748582,-2.163399,6.294216,221.567659,28564.808053
61,10.947973,-3.009725,6.867641,17.668327,34006.606905
61,10.660779,8.599294,7.884481,271.67672,44822.31058
61,7.997591,17.942598,13.667123,63.403462,134679.744656
61,11.301297,-7.532122,11.29387,312.800923,91967.344377
61,8.666463,-3.073156,7.14852,302.749979,36845.148059
61,-8.606149,6.507011,3.922654,197.391876,11094.510753
61,-26.475751,-1.143547,3.85614,172.282921,10721.455809
61,-12.588496,-16.697127,6.406845,230.969687,29596.235217
61,-12.105579,12.42274,8.718387,176.296826,54805.022484
61,-18.361121,-5.552479,6.954964,12.740753,34876.89755
61,-19.45992,7.292991,8.778434,276.521563,55562.554112
61,10.32029,7.95677,11.954789,102.445431,103046.178896
62,9.942925,16.177594,7.94955,255.67856,45565.192603
62,17.5401,-0.538667,6.022451,323.582559,26151.381292
62,9.73662,7.213628,3.860846,308.149651,10747.635405
62,6.871819,-4.485338,11.726076,179.894522,99141.049789
62,0.454946,1.792006,18.565228,325.788123,248512.7393
62,3.83851,7.27983,3.080949,143.586385,6844.110618
62,8.090041,0.026875,8.356263,202.760669,50346.842785
62,-11.039162,12.99694,7.628757,66.134948,41961.951566
62,7.580642,-12.162552,3.65841,146.570597,9650.122889
62,8.834866,4.175203,8.836155,249.300424,56295.630491
62,13.52947,-1.747308,7.956406,341.083114,45643.814764
62,1.479725,0.78678,8.050612,313.720787,46731.08277
62,-25.502368,-12.38657,9.7667,293.765611,68777.079259
62,-10.958166,3.942055,7.390595,169.103284,39382.825363
62,-21.611855,-4.751539,9.991408,333.265674,71978.274799
62,-18.106991,6.269865,8.973686,252.895391,58061.708718
62,-10.502122,-1.732033,1.764902,143.967336,2245.894889
62,2.220445,9.928054,3.148796,50.029608,7148.86764
63,12.036892,9.857568,4.873399,248.604872,17124.265813
63,16.446891,15.245725,8.391069,190.214987,50767.140172
63,11.652334,3.057431,8.308595,20.49251,49774.079708
63,9.69041,-3.236239,2.841397,247.973243,5821.190755
63,15.28013,-3.523428,5.779012,356.445952,24079.929396
63,6.384713,-5.272621,8.52521,165.761931,52403.249931
63,7.024326,16.728839,19.651271,2.871304,278438.54384
63,8.987198,1.689788,4.20553,22.395882,12752.328735
63,6.786395,2.152554,5.324177,178.626013,20438.691052
63,-2.84323,0.772521,7.058454,204.295769,35922.562141
63,8.786812,6.646141,5.531084,27.198503,22058.126903
63,3.19998,8.13021,8.994626,27.071619,58332.99228
63,-3.532785,9.36162,12.103845,196.438979,105631.828519
63,-10.786929,-7.690177,7.61151,323.006445,41772.432002
63,4.136967,-24.798331,11.052659,279.687783,88080.880151
63,-8.329843,-11.722564,2.710461,43.817235,5297.05232
63,-13.224796,17.692408,6.099657,243.49761,26826.187287
63,-34.225219,13.646209,3.67765,79.738267,9751.891142
63,-23.189686,-5.670536,3.606453,290.227111,9377.965378
64,15.334748,4.182977,3.866991,118.829066,10781.877525
64,19.858543,-2.818454,4.522673,237.027619,14748.177591
64,9.553105,6.656707,8.02886,322.645865,46478.901925
64,16.211155,11.819373,13.908199,328.25922,139472.910186
64,13.620514,-6.365603,11.069943,274.61031,88356.563551
64,4.397225,11.034654,6.051347,238.2059,26402.937802
64,6.023814,0.165266,5.283434,266.929739,20127.072914
64,-0.545758,-20.762487,3.887803,286.246014,10898.247948
64,14.918413,-1.413346,2.511472,222.848847,4547.836813
64,1.430692,0.249641,6.731145,148.757875,32668.255101
64,8.41339,-14.707094,12.38136,18.328591,110531.170145
64,8.875049,8.137504,9.094675,38.807902,59637.913452
64,-25.442024,-0.837832,9.782475,190.202398,68999.437379
64,-41.282971,-1.511669,4.382716,208.499521,13849.517234
64,-16.444427,-14.739766,5.702604,140.312271,23447.393691
64,-9.349467,-5.024097,3.059083,50.246313,6747.310663
64,-18.841133,-5.201911,3.684422,264.251867,9787.837097
64,-25.022247,-6.185917,3.128251,10.676271,7055.882686
64,-18.826168,3.086892,12.244706,220.522233,108104.750146
65,15.295018,-2.301788,7.947244,67.638994,45538.757727
65,13.568725,7.046385,5.796124,269.392689,24222.751548
65,-4.516187,6.415363,4.171424,29.709365,12546.329856
65,9.494212,-5.774203,6.210764,313.96975,27812.375807
65,11.288353,9.40742,10.405302,176.867523,78065.191082
65,5.089902,21.880476,6.271327,95.701824,28357.437695
65,2.390849,0.510664,4.484826,134.066108,14502.38116
65,17.014714,2.514738,16.232128,168.392616,189976.112121
65,8.917836,-4.076354,5.555238,148.816202,22251.196415
65,12.672572,10.203245,8.797725,180.312737,55807.023973
65,9.646018,8.853298,3.351657,183.751094,8099.667247
65,-6.760443,-1.599119,6.100534,252.617445,26833.895603
65,-18.805144,-20.622945,13.895255,217.9232,139213.431717
65,-19.717923,-9.538395,10.045623,217.174366,72761.53525
65,-12.224872,-1.717919,13.251626,232.812545,126615.35741
65,-11.078537,-6.932395,2.664057,111.554327,5117.231403
65,-27.438985,-1.745763,16.041967,221.106231,185550.997984
65,-8.861899,-1.146929,6.377962,137.546537,29329.991384
66,-3.072848,-1.595057,2.763083,24.949854,5504.727212
66,7.348214,5.658551,3.665768,93.353599,9688.977287
66,11.417822,2.909966,18.839732,144.899469,255916.037261
66,14.434285,8.849641,7.037739,116.893985,35712.013497
66,9.088701,-1.074741,14.809875,230.66747,158143.322596
66,19.690046,15.867571,4.377235,136.726833,13814.900274
66,14.48839,-0.229636,8.429291,227.526822,51230.685994
66,19.66367,3.005999,12.517838,162.398591,112981.348773
66,14.230394,8.492762,6.990955,58.682202,35238.795901
66,5.417773,1.899342,13.684499,220.050868,135022.416133
66,5.217592,5.95505,15.356149,2.164486,170024.966979
66,-11.433495,0.501734,8.48112,233.235363,51862.629715
66,-11.731157,-19.30378,11.953426,311.306814,103022.69082
66,-13.48152,-4.310149,3.965307,56.129161,11337.092998
66,5.625186,-7.837421,15.901922,235.794842,182325.464673
66,-9.673736,-16.20794,6.148898,173.806185,27261.051773
66,-6.199097,2.569306,7.062615,141.843121,35964.920293
66,-6.567999,1.971579,5.304853,221.577618,20290.596074
67,12.725538,4.34367,5.083819,343.255188,18634.949282
67,14.690359,6.099728,6.032081,268.42741,26235.077085
67,11.285106,-5.166009,8.249971,172.687659,49074.163952
67,15.451756,1.334351,7.070864,34.078357,36048.987773
67,3.770695,13.543805,3.399552,226.98269,8332.809214
67,7.663807,-2.856689,9.200936,87.81835,61039.65808
67,11.190743,-1.740073,4.59703,104.011587,15237.114988
67,14.195647,20.724782,10.367231,323.964014,77494.988286
67,14.395856,7.697837,5.038472,41.327946,18303.991072
67,10.043305,12.517542,6.27712,267.618996,28409.848326
67,13.980853,5.491944,17.71038,172.547685,226153.767541
67,-1.100338,1.501935,2.781907,191.866512,5579.987946
67,-18.334263,-14.026199,3.704437,255.560184,9894.467844
67,-24.770286,-20.246115,7.040817,153.438958,35743.260537
67,-17.462002,-16.190678,3.174176,192.450378,7264.57222
67,-19.254127,-4.086499,4.001283,307.876391,11543.742694
67,-18.781789,-13.686571,11.996346,46.92243,103763.846947
67,19.162305,-2.252765,8.592562,183.099747,53234.525233
68,9.776557,3.990211,5.67517,16.445817,23222.331939
68,12.414056,-10.819479,5.716325,245.322124,23560.357646
68,-0.980752,16.384119,19.188653,335.819794,265483.216864
68,3.04763,-7.130551,5.706955,335.517997,23483.184047
68,10.558686,-2.745183,4.439215,125.696447,14208.897825
68,9.535937,11.784425,6.896621,261.704299,34294.209521
68,8.309726,5.428714,6.260839,150.289165,28262.666512
68,21.216027,6.313391,11.169421,51.420087,89951.697165
68,11.615862,4.195534,7.730614,180.027038,43089.953581
68,9.741505,19.495364,4.337701,21.043367,13566.486215
68,-19.236118,-10.785983,8.046213,347.353301,46680.025742
68,-6.475227,7.751394,15.789392,87.706735,179754.126253
68,-14.983802,2.421064,8.064163,123.000416,46888.537053
68,-30.774061,-6.549208,5.533956,55.705032,22081.04006
68,-10.217872,-2.863491,2.592723,15.234821,4846.857705
68,-13.74022,-10.805205,7.514748,236.821227,40717.103884
68,-9.837708,2.818054,16.248276,36.535262,190354.287905
69,7.997795,-0.516841,4.474283,240.29024,14434.27703
69,20.632488,15.935235,11.885771,184.180131,101859.791627
69,12.24048,17.116996,8.136399,103.140178,47732.323571
69,14.399541,6.053978,5.055894,290.759018,18430.790189
69,9.64246,18.098886,6.056314,6.636727,26446.29535
69,13.234822,13.784342,14.706684,178.413883,155947.211595
69,5.251659,3.498407,11.415742,345.306125,93962.886242
69,11.861216,17.277853,4.649196,308.046097,15584.892181
69,11.4386,-9.859528,5.367006,203.530882,20768.838692
69,11.437926,6.330627,3.001045,354.533035,6493.712074
69,-20.460361,-15.26141,10.094082,301.490303,73465.210791
69,-6.00608,4.290262,2.802677,56.871977,5663.619803
69,-28.534723,-25.095783,1.606085,95.607011,1859.879929
69,-19.470934,-15.004393,19.208564,122.799851,266034.432979
69,-21.850975,-5.706527,5.3646,325.129326,20750.224327
69,-2.604798,5.788346,8.638248,300.243372,53802.122567
69,-8.918469,-15.192297,10.49295,17.546491,79385.888286
70,13.858732,1.890647,11.319745,310.560968,92389.227001
70,12.708085,-0.80019,5.023671,185.651494,18196.60825
70,11.910002,7.897341,8.02258,83.177588,46406.223648
70,11.080313,7.262644,7.453926,293.816103,40060.673167
70,18.706489,0.827093,3.049301,116.71598,6704.224301
70,12.78221,7.579831,12.799678,233.478302,118126.185911
70,14.149208,-0.72608,6.692857,331.294082,32297.666319
70,-1.510572,4.707508,5.2463,328.246067,19845.146221
70,12.913183,-5.417535,4.731097,206.933673,16138.820244
70,13.137328,3.655204,6.853942,54.278111,33871.07447
70,-12.872556,-7.057587,10.288462,314.111257,76321.87289
70,-5.148207,-17.557215,13.209708,124.90081,125815.598742
70,-19.685431,-5.266273,6.043354,309.397841,26333.23358
70,-24.007702,-7.823267,6.525961,283.852514,30706.97478
70,-4.901963,-14.067657,5.981348,305.225334,25795.633818
70,-4.95999,0.274482,6.325326,304.155299,28847.883005
70,-17.723423,-10.124767,7.625573,282.869008,41926.924278
70,-18.342611,2.696889,7.501984,67.810975,40578.905049
71,12.891902,-3.518078,7.276251,307.485016,38173.62416
71,14.053254,1.594524,6.662486,337.259191,32005.213995
71,0.973229,-3.323505,6.121256,8.541419,27016.504808
71,9.571325,6.178961,2.476177,46.332883,4420.907653
71,10.297388,12.835039,3.166324,197.117248,7228.676024
71,13.850543,-4.790816,11.515382,122.757826,95610.327147
71,8.584478,-0.009769,23.009583,279.711543,381738.167403
71,-1.778182,3.949604,11.737885,41.927564,99340.834186
71,13.932608,5.077383,9.547595,325.720083,65725.818938
71,-12.89473,15.809832,7.550131,66.515304,41101.438111
71,-30.103417,7.689832,14.781708,108.670678,157542.345074
71,-16.557456,-1.153576,6.574393,219.818981,31164.449302
71,-26.147596,-0.084443,3.429038,235.262362,8477.987296
71,-12.971712,3.800434,4.585637,141.590574,15161.680811
71,-3.448689,-6.726346,4.395367,316.151999,13929.592706
71,-3.864965,5.047574,6.12099,55.020687,27014.159767
71,-0.853796,-4.515404,4.710513,116.553598,15998.694745
72,11.538659,13.340063,1.915426,116.431027,2645.323775
72,8.201317,1.279399,10.730019,273.576982,83013.566478
72,13.021534,-2.165296,8.124164,244.564394,47588.875098
72,4.298682,-5.195984,7.816464,258.392046,44052.316369
72,6.071964,9.114851,5.230829,72.766729,19728.274393
72,7.899341,11.002474,9.162213,79.786296,60526.952266
72,-13.092863,14.480591,35.423808,328.115248,904770.759704
72,14.272766,1.373274,7.36481,309.346399,39108.500373
72,6.261857,0.430051,11.419731,189.898447,94028.574533
72,-8.343201,4.718571,11.213789,88.429106,90667.753382
72,-14.786031,7.190788,7.256171,151.063345,37963.224587
72,-22.008954,4.589998,8.779451,256.496544,55575.422631
72,-19.536166,-14.068389,8.334176,18.467965,50081.052318
72,-18.014875,5.651163,6.316074,103.536805,28763.547835
72,-3.804451,-6.264235,7.012242,126.759748,35453.729069
72,-8.019253,23.91394,5.768619,355.49431,23993.397533
72,-16.588941,6.986684,5.469462,255.542596,21569.365169
73,9.815232,1.806499,19.77916,157.305577,282074.45201
73,-2.175195,6.552729,8.501866,331.452884,52116.656149
73,5.659479,-10.385459,9.802121,71.103369,69276.85931
73,17.605459,12.688321,4.582481,338.518148,15140.817669
73,13.281899,5.109039,16.486931,124.892904,195987.197073
73,-0.027391,6.070403,13.6374,327.476664,134094.579669
73,6.043842,8.297101,6.117236,222.749066,26981.030212
73,10.073847,-1.724474,6.401442,62.732744,29546.341777
73,11.363421,-1.332832,5.9134,330.736221,25212.891346
73,-20.216922,-8.012649,6.251604,244.189193,28179.350877
73,-15.391434,-8.409475,4.577407,20.183626,15107.308662
73,-17.247733,-4.596274,3.80029,78.634936,10413.138504
73,-9.128343,16.93668,5.757667,358.016269,23902.381435
73,-20.802333,-10.914669,11.52766,96.046818,95814.310932
73,-18.572267,-15.602228,3.118452,62.17592,7011.748071
73,-5.328128,-15.28626,3.70578,176.917774,9901.645332
73,-20.861224,-31.051145,7.877324,222.168558,44740.982228
74,10.666076,8.483881,9.911326,196.354796,70829.079157
74,16.263818,8.526557,9.098909,98.08446,59693.449194
74,4.78382,11.013906,6.173503,274.572173,27479.664238
74,12.245383,-1.300698,7.179395,237.762817,37164.113575
74,1.258253,0.078852,6.8334,99.534752,33668.34018
74,5.135463,-3.030002,12.096369,45.731993,105501.369936
74,7.949957,4.509558,6.998303,59.220469,35312.909418
74,16.560761,-9.452993,17.674906,151.058771,225248.705688
74,-21.504121,-1.563984,11.21522,6.26059,90690.892214
74,-22.55034,-22.892315,11.818394,309.137968,100708.231654
74,6.920065,-6.23906,7.767558,199.400758,43502.786703
74,-23.538917,1.913063,4.819809,339.257537,16749.72645
74,-12.304187,-7.150402,12.559793,348.561836,113739.958076
74,-14.608908,-6.095512,6.876972,61.14192,34099.073271
74,-19.277927,4.714519,10.222441,264.739561,75345.490571
74,-3.419786,-2.430978,6.569626,348.770904,31119.264297
75,12.261759,2.553174,6.910698,329.106253,34434.348558
75,11.840016,15.819582,4.037301,0.424946,11752.503905
75,10.116952,5.381855,10.469374,86.77205,79029.548727
75,14.648626,5.388406,16.268928,201.554587,190838.479274
75,2.087051,-4.530985,2.69498,85.273784,5236.716143
75,9.337706,-11.258976,3.12778,176.948663,7053.758829
75,14.362493,12.788509,2.314444,122.839035,3862.257859
75,13.451713,8.135958,8.126212,145.178279,47612.867756
75,-22.344536,-27.774968,4.645106,266.055665,15557.486134
75,-14.516991,-18.121425,8.094568,140.172297,47242.774274
75,-6.713633,0.564565,14.374726,14.5069,148986.613523
75,-2.228135,4.970375,5.577293,119.795673,22428.229254
75,-12.018991,-0.533764,4.136799,53.601244,12338.915946
75,-8.349384,-1.67132,7.665925,104.887492,42371.829364
75,-8.089181,-0.486776,4.253012,48.087239,13041.909927
75,-16.012957,-2.31386,2.20903,22.74067,3518.449935
76,5.40748,8.326248,6.651315,166.936523,31897.97427
76,-0.421322,17.683209,2.089277,70.335981,3147.314655
76,-0.049586,9.399478,4.496455,12.49277,14577.686458
76,1.96106,-5.364605,12.620443,173.799434,114841.083666
76,13.640382,-10.88094,5.190207,79.374522,19423.04861
76,6.045042,19.828989,3.115304,324.985329,6997.598691
76,-9.618,-10.40539,6.08955,9.293632,26737.359953
76,15.395087,-6.150692,3.437017,261.823997,8517.485462
76,-6.783344,-5.81574,11.330603,306.101674,92566.563867
76,-11.027748,-1.956397,13.208475,353.741422,125792.125361
76,-12.410926,1.49513,5.027439,139.423102,18223.913346
76,-20.184174,5.835947,5.152464,356.545103,19141.587744
76,-4.238517,4.518233,7.320534,96.869509,38639.683448
76,-5.947017,-6.718494,3.883474,249.468454,10873.99024
76,8.724637,-11.85302,7.486888,67.610524,40415.760596
76,-16.246047,-7.89982,10.683456,90.400206,82294.646056
77,9.072789,-7.488445,7.827781,344.255346,44179.969857
77,11.990281,-4.993358,3.632236,293.768142,9512.534559
77,6.738098,-12.497328,8.761153,342.220442,55344.005889
77,15.584496,-2.209003,6.760763,263.59476,32956.37807
77,6.049791,3.486999,5.695978,17.392648,23392.930249
77,16.694108,0.70274,11.522304,349.198442,95725.303737
77,10.908636,4.759881,1.6589,314.641825,1984.214022
77,-0.945241,8.594425,1.550363,147.301792,1733.064221
77,-8.839668,-10.04029,8.423015,13.623715,51154.432737
77,0.141331,-6.755426,8.453763,139.204697,51528.580589
77,-26.485068,-3.779816,3.823148,206.623032,10538.777179
77,-10.913231,-10.252135,12.599749,327.732312,114464.783733
77,17.37205,-7.867141,11.843619,321.144585,101138.604548
77,-17.213467,2.872126,3.34671,285.466665,8075.775387
77,-11.472981,-7.136235,4.031746,67.712401,11720.184936
78,15.72064,-9.728083,7.791622,281.729546,43772.748326
78,-0.636098,12.138326,2.538764,225.18852,4647.214981
78,13.033235,10.901255,10.354187,248.876673,77300.101831
78,9.411938,-0.918485,8.931521,163.85936,57517.353747
78,1.039256,10.272859,3.46391,203.821245,8651.299538
78,14.248387,5.853222,9.321369,335.523459,62648.042634
78,11.617692,2.669723,13.717961,23.313552,135683.549457
78,-5.184688,5.192688,8.699453,133.535326,54567.242173
78,-11.893624,-1.132564,6.900071,4.699415,34328.527591
78,-5.910336,4.501606,9.897468,274.784979,70631.157732
78,3.338488,-5.718286,5.477459,172.880014,21632.480083
78,-18.524598,5.187929,6.238833,284.662751,28064.338282
78,-7.117665,-3.400034,7.121665,71.112536,36568.834429
78,-15.153578,-3.91861,2.807667,70.039941,5683.805235
78,2.441528,-8.501338,3.014282,300.0232,6551.12561
79,14.713964,-11.542387,7.781275,6.908221,43656.571898
79,6.471696,-1.777303,3.718101,315.163578,9967.598458
79,6.513032,-1.206473,3.397588,5.602073,8323.182788
79,14.711561,7.271501,9.416553,122.613267,63934.020474
79,6.536224,-4.84661,15.284917,157.634561,168451.255483
79,5.051164,12.108017,5.403767,86.527947,21054.327732
79,11.846972,12.21715,7.085127,166.745021,36194.565372
79,-5.6234,-9.075018,4.967577,179.878024,17792.514729
79,-5.179795,-1.875838,4.901074,73.095697,17319.311829
79,-18.270968,5.087702,16.072385,107.091585,186255.328668
79,-23.247646,-5.645033,7.763197,357.556714,43453.957549
79,14.681546,-0.608238,6.945226,56.103885,34779.295112
79,-5.51365,4.326839,5.125556,205.495553,18942.180703
79,1.582398,8.588403,15.836813,134.878111,180835.473467
79,-5.939131,-2.45199,6.208382,26.517563,27791.048057
80,8.577486,-6.572261,7.197996,120.990554,37356.941551
80,10.587143,-1.29773,6.096669,47.255867,26799.909112
80,1.688747,-7.064368,10.419896,152.322726,78284.331608
80,11.409364,-7.072255,7.06019,320.218766,35940.226709
80,11.538463,8.722482,12.034852,264.30824,104431.028463
80,12.365885,3.70379,5.337927,303.760189,20544.397098
80,-4.529757,-2.632711,7.971527,219.21373,45817.47058
80,-20.494303,-8.84408,9.708538,99.690291,67960.365736
80,-6.08745,-4.945268,6.252953,58.674232,28191.5102
80,-8.401271,-11.762765,10.215922,213.440417,75249.434136
80,-9.369778,9.131237,5.597557,75.234251,22591.501636
80,-6.860175,-22.468097,10.883696,176.693602,85408.463386
80,-11.353869,-4.722313,9.353755,311.246607,63084.11939
80,-14.043339,-0.710318,29.752189,314.856495,638242.778764
81,10.635918,10.569947,2.797309,26.558773,5641.946271
81,10.182166,6.561797,3.752348,324.998668,10152.063488
81,8.368479,6.379292,4.786235,47.51288,16517.189966
81,10.10385,-1.530625,10.218048,83.083831,75280.757742
81,1.38292,6.993642,8.046726,237.922506,46685.979555
81,0.512284,8.060358,19.604833,307.468487,277124.145335
81,-25.537324,-28.058166,4.218005,61.446909,12828.095055
81,1.241906,3.180366,10.577402,178.937941,80668.886367
81,-16.324724,-9.198736,6.462804,348.722475,30115.497234
81,-23.741077,6.703454,4.791294,151.228958,16552.121294
81,-3.038072,1.1214,8.267495,167.477636,49282.861885
81,-3.034209,5.568136,15.745545,278.18916,178757.160291
81,-7.827169,-3.759179,5.955451,193.72193,25572.746645
81,-23.96897,5.440305,9.762206,128.54001,68713.808987
82,9.751442,-2.261769,10.943265,197.392809,86345.929342
82,7.398153,4.046512,4.03814,331.050368,11757.384318
82,10.229281,-1.985115,16.343668,46.955018,192595.947675
82,11.057292,-2.134914,9.42971,14.432124,64112.798158
82,7.698327,7.040984,8.316051,264.575155,49863.448849
82,13.934032,14.801152,4.451944,40.843971,14290.503999
82,1.353611,5.085649,12.83773,297.012619,118829.579516
82,-21.740533,-20.055023,7.255998,292.94012,37961.410747
82,-0.237397,-14.919742,4.917318,185.144836,17434.307191
82,-8.311165,-8.210123,7.508588,265.774254,40650.385799
82,-3.425686,10.075382,9.151167,104.602859,60381.096603
82,-5.449603,-12.098451,4.813174,86.162031,16703.642806
82,-15.007084,-4.518616,9.179263,124.703139,60752.437838
82,-7.072667,4.202478,5.714009,187.173818,23541.270541
83,12.368162,7.057926,6.292022,254.043192,28544.902786
83,3.336937,-3.472944,3.539089,193.513173,9030.902125
83,7.565314,-4.608207,3.742562,110.623715,10099.17953
83,2.996147,-10.347092,6.631047,179.329131,31703.872909
83,14.910537,6.222548,6.267216,145.636419,28320.267085
83,-17.04719,5.208235,6.904398,339.62417,34371.595346
83,-13.670652,-10.859656,7.96787,222.992484,45775.441649
83,-6.077572,-9.471034,4.104208,96.406646,12145.259423
83,-10.516303,-8.000671,9.425458,202.738981,64054.997358
83,-5.242239,10.116226,12.512881,117.852231,112891.876903
83,-3.849611,-3.516341,12.109107,54.531884,105723.689833
83,-10.289485,-10.291588,12.573214,314.259873,113983.151168
83,6.593656,-20.34891,6.231199,73.282835,27995.703404
84,-2.368064,-3.278402,13.359294,250.337143,128681.188733
84,10.010929,10.643912,6.915132,296.98777,34478.557303
84,-6.152921,8.488575,3.451588,172.184696,8589.860078
84,-0.680825,19.457683,8.891004,21.577278,56996.692196
84,11.989521,14.619605,3.959709,225.81706,11305.106985
84,-14.23636,-17.848135,7.161536,165.658983,36979.446702
84,-17.704514,-6.232892,16.285629,288.441662,191230.505255
84,-14.001465,1.822733,10.714533,20.562184,82774.11768
84,-16.301346,-9.752412,5.97439,209.015879,25735.657168
84,-19.272005,0.076325,5.764194,127.130364,23956.60541
84,-11.262734,-19.568175,9.767218,4.861637,68784.374354
84,-17.796694,-4.69664,3.759159,180.535215,10188.94954
84,-9.240813,-4.038602,6.397342,352.167302,29508.505148
85,14.670826,2.882933,9.302053,111.767087,62388.664501
85,12.947901,4.355469,7.719211,245.703929,42962.934374
85,14.227864,12.975838,14.825603,325.615862,158479.395785
85,15.13571,5.675306,14.639311,108.555809,154521.657333
85,3.011482,1.403531,4.776396,275.475302,16449.349512
85,-16.590944,2.235289,8.370515,38.020029,50518.733556
85,-10.38679,-4.720883,6.539602,253.359348,30835.477356
85,-1.194023,-11.653762,7.536051,228.111194,40948.291376
85,-5.858421,2.897496,7.631636,232.101552,41993.621811
85,-9.382753,11.016226,4.382626,272.712631,13848.95395
85,-8.385904,1.923344,2.432962,38.676862,4267.944599
85,-0.640094,5.14304,7.609874,340.639051,41754.468772
85,-7.336064,-7.645022,4.551325,241.941351,14935.635894
86,14.056556,4.257716,17.797843,211.416239,228393.010181
86,-2.095293,-3.920698,7.788964,26.501766,43742.885632
86,8.696288,5.424255,8.626493,258.742518,53655.798612
86,3.57375,-8.203037,2.122862,104.168485,3249.314038
86,-19.579244,-11.878869,5.480477,289.211168,21656.32711
86,-11.486228,-8.271062,7.101558,73.607422,36362.639198
86,3.583344,-0.640819,2.001314,354.918057,2887.876635
86,-4.016652,1.665516,2.733803,304.64456,5388.682739
86,-13.859928,-7.706514,8.1251,289.768356,47599.842381
86,-16.920897,-13.66311,8.340052,138.408113,50151.687023
86,-14.484911,1.443451,2.891119,235.131788,6026.704413
86,10.818556,9.852366,7.038461,307.299474,35719.345691
87,8.195442,6.157582,10.196137,156.636325,74958.239776
87,6.860087,10.662573,7.212789,63.840453,37510.639847
87,2.996624,1.820559,17.766211,28.886918,227581.904007
87,3.011803,1.905336,3.421882,73.086316,8442.63659
87,-10.901988,-15.982192,8.840621,297.588445,56352.555101
87,-7.320737,-19.530706,8.080901,312.164315,47083.386926
87,-17.562895,-6.256016,2.532624,65.116079,4624.763698
87,-5.314319,-4.478931,11.802459,190.285376,100436.842798
87,-14.714399,8.671484,10.615592,232.522661,81252.457934
87,-16.887668,-12.792845,4.237423,147.587356,12946.478168
87,8.360406,-26.090682,15.616056,212.151225,175829.112347
87,-14.959384,3.722287,10.199737,269.528226,75011.181633
88,9.792225,-10.151703,5.866671,305.225546,24815.989667
88,14.19633,4.691912,5.872154,98.241382,24862.39288
88,10.517494,15.710827,6.946081,292.258169,34787.867205
88,11.788278,1.242923,9.408207,234.883499,63820.736023
88,7.560695,-19.388687,2.183437,236.677779,3437.394988
88,-22.905661,3.200401,3.822586,46.116138,10535.678105
88,-14.687889,-4.799138,10.761996,359.458393,83509.079016
88,-19.663474,15.085099,3.629982,154.596322,9500.73309
88,-9.892236,9.634312,3.820067,262.623007,10521.800044
88,27.604184,9.171824,2.448696,253.261816,4323.322804
88,-12.919845,-0.50978,6.07453,205.831837,26605.624941
88,-7.827748,0.901467,7.029462,179.324105,35628.062061
89,6.038544,-10.239469,3.411688,296.948446,8392.408638
89,11.893308,20.938799,12.924547,255.002821,120442.212398
89,5.004658,-4.186274,3.19941,97.42536,7380.536373
89,-5.735478,-5.556713,2.150975,204.678133,3335.943345
89,-8.71202,-8.317623,3.469795,10.523421,8680.721238
89,8.303807,-18.775701,3.374469,280.741922,8210.300568
89,-19.431722,-5.00653,8.435995,63.943122,51312.202773
89,-4.570729,0.451723,6.364899,277.218512,29209.972008
89,-17.167622,-13.078969,15.188156,125.475285,166325.24173
89,-12.493767,6.836798,11.027834,217.17254,87685.647918
89,-11.372627,-12.839263,7.633902,139.93821,42018.564425
90,11.656189,11.347655,9.993263,200.494521,72005.007467
90,11.013697,5.182509,5.67177,120.650069,23194.518914
90,16.347714,6.771798,6.191288,55.476526,27638.22048
90,-21.703178,-2.318562,3.57704,42.197616,9225.623285
90,-7.011148,-3.761537,4.773512,119.514442,16429.490076
90,-12.530074,-9.944184,9.060391,130.807699,59189.130617
90,-8.680851,-3.014,2.492935,9.491591,4480.949115
90,-23.056327,0.164332,7.391675,316.583044,39394.334804
90,-11.446294,-14.678772,3.777129,304.659811,10286.595575
90,-6.020277,-1.963532,2.980784,334.857359,6406.324876
90,12.964301,-11.970102,11.125183,87.086544,89240.585479
91,9.362082,13.431602,9.50636,136.638432,65159.329652
91,0.359278,-3.894327,3.732232,246.363855,10043.503714
91,8.177097,-1.051483,7.662908,88.086052,42338.484418
91,-17.765592,-2.759503,1.542849,323.583429,1716.306564
91,-4.264977,7.605074,1.611391,289.695252,1872.190034
91,-16.280262,-0.156963,13.994639,284.086633,141211.948529
91,-13.571275,5.39982,3.7631,94.926826,10210.323753
91,-16.031539,1.586197,17.856605,136.691314,229903.647033
91,-5.797958,13.58175,5.928473,248.942601,25341.587961
91,-12.503557,0.488398,8.929438,87.711961,57490.536558
91,0.543954,6.273378,11.760965,182.416762,99731.869225
92,2.631464,1.074872,5.508967,347.778544,21882.072843
92,13.960363,6.399389,2.645953,60.694815,5047.916853
92,10.823601,9.204689,8.016418,10.381835,46334.959581
92,-11.840046,-10.597337,3.199008,262.90179,7378.682825
92,-9.687169,-14.559474,5.687211,241.102261,23320.976834
92,6.968662,4.239962,1.631964,164.842367,1920.300436
92,-18.453225,-2.621638,4.164923,135.38256,12507.253066
92,-10.522665,-2.987622,7.675874,21.424227,42481.879925
92,-8.676451,-17.279298,10.348076,313.307972,77208.893301
92,-12.521128,4.895893,4.050404,140.15584,11828.908026
92,-16.877644,-11.458823,4.735463,251.236138,16168.623514
93,5.8741,10.477955,8.236092,101.834253,48909.18245
93,15.408448,5.356737,6.985817,261.82652,35187.017335
93,-10.044417,-4.866962,5.188869,260.966343,19413.040064
93,0.313042,5.421032,7.827606,296.880946,44177.993135
93,-14.402712,-13.069335,7.425958,311.480387,39760.613948
93,-16.386114,-13.869266,4.628147,63.934313,15444.090595
93,-6.495036,2.629809,16.582333,348.419486,198261.932156
93,-9.552377,-14.345387,8.781833,75.174906,55605.589153
93,-5.728237,-6.83437,6.011592,49.497755,26057.156212
93,-3.874582,-2.490786,14.323733,156.058342,147931.449569
94,6.451401,12.815784,11.3841,6.649283,93442.717758
94,12.498328,15.781861,5.329603,145.308804,20480.372672
94,-21.030121,-0.424696,7.273452,321.822124,38144.258172
94,-14.12175,0.350749,3.555788,280.805177,9116.327369
94,-16.858074,-0.221639,3.249533,240.276102,7613.599798
94,-6.529586,-10.260901,3.373576,258.699594,8205.953456
94,-10.128709,-1.062551,15.685828,61.030137,177403.821984
94,-24.57796,-0.936056,3.947742,350.863172,11236.873625
94,-3.906894,8.368712,4.989508,177.182317,17949.964642
94,-11.58512,-3.990754,5.99056,163.325581,25875.155606
95,8.130588,9.85082,6.97202,107.723018,35048.169994
95,10.316629,-2.213727,4.534443,78.009967,14825.044442
95,-6.226517,-4.94621,3.705628,164.149436,9900.833879
95,-17.258034,-8.135487,14.120046,177.535486,143754.115758
95,-9.769745,-17.351949,8.833655,279.652411,56263.779587
95,6.45639,-8.437819,5.028015,190.376352,18228.088679
95,-9.435725,-4.224362,12.353013,220.594096,110025.637311
95,-8.599255,4.923878,2.112972,199.124319,3219.107678
95,-18.548989,0.513725,7.103492,249.215163,36382.444344
96,7.253959,-3.95576,3.237847,0.086916,7558.936662
96,-7.732087,8.241093,6.840918,27.213582,33742.469463
96,-8.728945,0.252546,6.261928,225.130377,28272.501375
96,-24.124734,6.495541,5.040602,279.627067,18319.470749
96,-20.34549,14.789738,4.810319,283.462547,16683.836068
96,-12.800138,-13.247499,13.109302,280.784636,123910.23864
96,-19.971693,1.073504,4.90991,269.252037,17381.817601
96,-14.068489,-2.756918,23.284489,61.939074,390914.236359
96,-8.037347,10.591962,17.284219,104.897896,215400.928161
97,6.733641,-5.881485,1.72144,102.683959,2136.642862
97,-14.828365,-3.945553,5.153518,335.426937,19149.418824
97,-18.116287,-10.091806,7.594104,287.501012,41581.598598
97,-2.417692,4.596794,15.142059,332.444514,165317.170995
97,-1.721236,-0.404639,4.146427,188.375642,12396.415541
97,-16.50238,4.314344,3.412374,101.271997,8395.785613
97,-4.550171,-1.869451,5.909595,112.966279,25180.455495
97,-12.778676,-11.156895,9.34845,340.940618,63012.586879
98,9.460424,12.147031,13.460471,139.295386,130637.712961
98,9.273142,-11.464193,7.012257,50.695182,35453.875999
98,-16.779916,-0.556599,5.191028,103.967811,19429.195485
98,-1.38557,-19.178947,9.899559,123.933609,70660.997249
98,-10.201633,5.241039,14.023595,235.882759,141796.917738
98,-11.579349,-11.390185,20.96676,177.071646,316964.560771
98,-6.520995,4.974498,4.38253,88.612609,13848.34555
98,-10.307461,0.904038,4.963569,148.331038,17763.81197
99,2.005966,7.000522,5.454457,341.822359,21451.176424
99,-6.538332,1.589747,4.433609,237.904847,14173.034302
99,-10.295374,-4.455573,3.614056,40.805231,9417.546203
99,-3.597662,-0.285642,4.237134,321.446351,12944.716678
99,-8.638631,-16.090963,9.333272,96.254733,62808.131829
99,2.007348,-9.685209,1.953921,224.272191,2752.720654
99,-5.718349,-6.40492,9.540322,296.68839,65625.724231
99,3.939141,-0.835136,3.627149,228.993166,9485.909692
100,15.249049,2.583418,3.696494,205.687452,9852.085737
100,-19.272451,-17.449653,15.226491,254.491458,167165.91624
100,0.206136,13.699769,4.973804,257.073027,17837.146026
100,-6.896737,1.551389,5.132288,178.380651,18991.971856
100,-22.267676,-19.745855,2.675225,84.51203,5160.225676
100,-0.819571,5.329832,8.152415,161.470141,47920.426252
100,1.130363,18.356753,6.736265,221.768414,32717.971386
100,-15.985964,7.588548,8.077866,275.334514,47048.017891
101,-14.365066,5.469834,5.180895,297.728486,19353.415941
101,-10.025528,-12.340188,14.157922,52.481676,144526.372141
101,-2.386889,3.214574,9.945861,34.142609,71323.528824
101,-15.157703,7.067111,3.090981,48.256296,6888.756111
101,-4.963992,-6.452643,7.937347,27.484819,45425.408988
101,-12.768679,-13.071132,11.72465,258.048182,99116.937383
101,-3.13256,-8.477236,4.715038,238.682351,16029.443506
102,-11.31611,0.874661,19.997409,330.762559,288333.780097
102,-10.816475,-16.260595,7.703705,60.384985,42790.498296
102,-8.198065,0.708691,3.468994,247.188784,8676.710744
102,11.89597,3.536818,6.999313,331.425616,35323.109482
102,-8.329633,-9.525658,6.205875,165.007037,27768.605488
102,-13.164492,2.233557,11.811486,210.668803,100590.548498
103,-9.765758,-3.929203,3.96395,239.313193,11329.335268
103,-11.5532,-3.374193,4.864294,35.752879,17060.339591
103,-15.565333,1.171381,1.897654,144.293167,2596.462316
103,-4.138785,-6.773967,10.470529,144.636765,79046.987468
103,-9.318278,6.932965,3.285482,325.564882,7782.988373
103,-7.136174,0.261156,3.56971,64.612486,9187.850635
104,-4.647015,6.687494,5.12132,92.820761,18910.889735
104,-2.783061,9.707107,12.54069,36.328504,113394.218717
104,-2.353684,-18.965531,10.05532,17.796928,72902.071814
104,-12.642352,-6.926944,3.867907,176.476584,10786.988895
104,-6.367984,3.87197,3.711778,221.017733,9933.725077
104,-13.36914,-2.859409,9.430936,124.997354,64129.47827
105,-18.7148,-10.396753,6.657967,173.590804,31961.809879
105,1.055096,4.530596,5.777122,1.256336,24064.188122
105,-13.099032,-5.584714,3.863228,271.929404,10760.906533
105,7.460119,5.023479,4.668899,140.730476,15717.268925
105,6.127548,-1.235673,10.059866,241.952925,72967.997703
105,-12.458858,-11.113134,10.283904,22.666948,76254.25815
106,-4.215976,-3.903338,8.037823,340.740508,46582.727954
106,-20.184537,13.672801,11.809506,339.781843,100556.81733
106,1.809506,14.967101,4.189569,112.077366,12655.718815
106,-12.760914,-1.304097,12.83497,315.15568,118778.491164
106,-6.284612,16.81136,10.212972,323.49188,75205.984011
106,-10.880321,0.555305,15.751793,100.359605,178899.071508
107,-23.142613,-3.795619,4.330104,289.789193,13519.006083
107,-9.605545,0.811237,3.351654,255.883567,8099.653785
107,-4.013505,6.011923,5.664488,282.996985,23134.993987
107,-12.432251,-15.562622,7.187946,56.697217,37252.690044
107,-10.594657,10.376672,10.532981,223.623756,79992.757093
108,-5.185293,-6.885261,7.623074,313.639519,41899.447841
108,-20.120831,-14.617226,2.841424,238.256613,5821.304265
108,-13.053857,-3.306973,4.481834,107.979635,14483.033034
108,-0.455619,3.272111,7.381781,43.325869,39288.943333
108,-4.630898,-2.178976,7.076246,80.397419,36103.887433
109,-12.641996,-8.47928,1.770941,39.395753,2261.289502
109,-6.484603,-1.734459,8.34865,68.858095,50255.151924
109,-14.034339,-14.105812,7.136122,71.56413,36717.460856
109,-5.777273,-0.619422,4.142805,199.408552,12374.768401
109,-9.801034,-9.956312,26.15678,4.389184,493306.275362
110,-18.854891,-12.115378,6.596146,227.566825,31371.016334
110,-0.17015,5.385387,7.749881,227.455569,43305.008506
110,-13.170494,0.304653,4.192276,63.973808,12672.079215
110,-10.952201,-5.965396,4.146039,174.142464,12394.092837
110,-8.69473,-0.621016,4.362452,166.192202,13721.749274
111,-14.271319,15.937547,7.281164,296.080448,38225.194351
111,-21.502981,21.463937,7.26009,350.363623,38004.241395
111,-11.577239,-12.646683,8.130047,259.747461,47657.825807
111,-18.748311,-0.284148,4.340112,206.594045,13581.570578
111,1.321443,-14.876739,17.244343,266.396199,214408.203781
112,-18.941331,-6.809878,9.271975,336.909683,61985.848741
112,-2.706511,-4.794911,10.425163,81.474652,78363.489217
112,-5.951982,-4.131651,11.526419,94.811918,95793.684281
112,-4.431027,-4.308652,6.623987,204.207996,31636.394128
122,30.853301,-8.023014,11.3099,233.070234,92228.604772
123,29.277196,-5.528166,17.973643,24.567092,232927.237673
124,26.236539,8.105153,3.79934,78.29561,10407.932477
125,31.70302,-7.075643,6.890865,326.718824,34236.987322
125,28.158666,-16.460189,5.032903,293.252407,18263.550402
126,4.031655,1.339257,1.367168,80.930529,1347.696637
126,19.417886,-8.28337,9.725167,273.198459,68193.384087
127,31.809196,4.895513,5.356808,228.490137,20689.985876
127,17.74128,-11.065206,7.611982,180.740668,41777.609954
128,28.587116,-10.299575,3.886894,116.301094,10893.149179
128,16.77489,-11.176233,20.361571,84.049798,298930.789926
128,22.360244,-4.155842,1.664547,95.533598,1997.746481
129,29.418954,-3.185999,7.276239,308.503091,38173.500339
129,19.032614,-1.1819,10.739406,39.993815,83158.874861
129,22.470274,-8.228202,2.597409,281.580843,4864.39301
130,29.180128,12.293548,9.53808,146.588249,65594.893042
130,23.859583,4.131488,4.325667,233.954254,13491.311448
130,15.12243,-2.329389,4.526119,7.623279,14770.66605
131,23.379633,-22.434084,3.485498,307.041881,8759.467548
131,9.403524,-20.339346,10.647936,177.100914,81748.340085
131,26.426107,-4.948888,14.709374,296.766986,156004.259027
131,26.729724,-5.033335,4.871076,335.808875,17107.948497
132,18.449037,2.039597,5.350991,178.951729,20645.075989
132,20.414846,-0.536875,5.647435,349.684131,22995.90838
132,34.833584,-13.15774,18.105567,156.861283,236359.114795
132,33.410266,-3.709403,4.596106,157.961593,15230.993711
133,19.83888,-8.32597,6.818423,23.612118,33520.918093
133,31.401918,-0.703376,2.441117,178.428318,4296.603675
133,25.024485,-6.222574,7.226904,32.838451,37657.605422
133,34.967966,-13.145413,14.666193,58.869353,155089.670574
133,16.784528,0.238975,6.413298,202.924256,29655.888544
134,24.022077,-1.572139,2.957702,292.131842,6307.494033
134,18.798162,-1.845034,9.997395,292.149302,72064.560068
134,18.247222,-23.028349,3.028501,169.591721,6613.073915
134,28.505198,-20.025041,8.964859,2.84631,57947.536249
134,15.772939,-16.949999,8.229769,278.811043,48834.117308
135,30.763829,-12.976039,4.9191,280.616241,17446.947773
135,17.212558,-8.070662,10.500211,175.244671,79495.792371
135,10.11375,1.683763,3.725207,304.507976,10005.734596
135,12.480738,2.208401,6.915667,175.594034,34483.892388
135,11.152115,3.49435,15.9665,359.174721,183809.328346
136,-6.583335,-5.091951,8.227419,1.84724,48806.229739
136,18.554178,-10.142545,5.982951,347.99008,25809.461846
136,17.360426,-15.926904,13.032274,236.945853,122458.366473
136,20.352358,-18.82193,9.499533,57.754284,65065.765817
136,23.442851,-1.449128,2.78315,190.427711,5584.975924
136,-9.454762,-0.122144,14.651531,144.562167,154779.733746
137,17.70146,0.562467,2.90598,69.889324,6088.823666
137,22.973826,-6.71585,8.253364,128.85855,49114.538393
137,27.618039,3.625095,3.350318,233.728327,8093.197519
137,18.701926,-18.177183,3.092874,350.573424,6897.195061
137,26.235309,5.147569,13.004027,326.699888,121928.104055
137,22.629506,-14.605154,6.511282,203.121805,30568.987104
138,27.374414,-10.027309,9.855909,231.104717,70039.236929
138,26.591214,-2.766376,4.627649,288.979962,15440.769891
138,24.731454,-11.634892,5.493889,39.897808,21762.449016
138,24.299743,-1.535045,17.406621,295.817656,218462.564122
138,28.636574,-1.231384,6.703061,298.953641,32396.224701
138,-6.18086,-9.963256,6.446955,310.69268,29967.971876
138,1.993445,4.115123,12.430731,240.870161,111414.422616
139,23.997975,-8.74704,3.92806,164.29041,11125.108547
139,29.106798,-10.909293,4.386166,245.036964,13871.335531
139,9.733185,-14.389496,6.469968,251.564842,30182.297324
139,18.114393,1.25006,8.657694,3.755121,54044.63209
139,9.811986,10.362694,12.935573,9.577501,120647.804724
139,3.132787,4.774267,8.689114,97.209072,54437.612141
139,9.188926,-16.145102,3.679213,58.448748,9760.181297
140,18.845298,-6.541912,2.955312,304.636572,6297.304212
140,16.29161,-15.33758,7.126387,228.923429,36617.351642
140,27.766451,-5.745749,1.983163,102.319057,2835.729442
140,2.379984,20.513407,3.85306,235.083504,10704.331126
140,26.15481,-27.035686,3.331543,156.055588,8002.745609
140,22.2884,-0.679577,4.883799,172.676035,17197.432454
140,21.532472,-11.173134,2.845874,331.993027,5839.548886
140,30.613338,-5.739614,13.437115,71.668013,130184.755663
141,24.298135,16.23851,8.02203,54.657226,46399.858325
141,27.865593,2.93743,5.494516,349.444594,21767.418188
141,32.760176,-2.184737,4.109977,112.730731,12179.428687
141,26.914259,-7.467011,3.731517,81.233278,10039.657546
141,20.978488,1.146682,4.740123,289.074197,16200.456556
141,21.610491,-3.200234,10.579502,315.367634,80700.92944
141,11.10641,-14.100839,9.872122,12.824802,70269.861542
141,36.545489,0.896779,9.612504,202.915266,66622.533183
142,15.711168,5.752264,4.552794,106.502011,14945.281445
142,20.356319,-17.076881,5.500629,23.9813,21815.884939
142,23.004007,-7.954463,5.505624,291.946485,21855.523142
142,17.929174,-10.291571,6.299413,313.676732,28611.997869
142,27.706652,-6.097479,14.386617,295.28476,149233.185098
142,20.092413,-13.383539,6.096819,211.580496,26801.224092
142,0.605476,0.620569,5.769363,337.605184,23999.589014
142,29.128551,-14.729299,3.444846,59.242436,8556.335604
142,26.973764,-8.33929,14.820728,133.362848,158375.191969
143,17.172537,-10.344026,11.682544,19.49197,98406.30588
143,20.870801,-9.521654,29.994952,248.508445,648700.754675
143,20.087535,-8.402574,5.065474,37.089395,18500.700727
143,26.582137,-18.31151,18.101789,68.382549,236260.465556
143,13.662206,-9.390111,6.458249,317.223716,30073.057933
143,-8.725019,3.248591,3.452254,329.966379,8593.173982
143,16.375104,-16.841747,22.547936,186.685253,366573.986283
143,-13.581513,-2.811693,7.156708,137.770921,36929.600459
143,15.887493,-7.787038,13.494101,42.783612,131291.310064
144,6.628348,-0.023291,9.702788,272.01141,67879.887831
144,26.202649,-2.531722,6.978741,61.48984,35115.773805
144,22.794209,4.289864,11.255636,300.769019,91345.714882
144,24.022785,-15.301026,17.012956,100.570283,208692.871058
144,19.969674,3.883264,6.400056,273.10268,29533.548089
144,2.762868,1.2752,6.056247,149.05019,26445.705756
144,6.037004,-11.192045,6.85327,124.180597,33864.424594
144,20.045809,-14.167911,6.544245,108.726808,30879.282208
144,9.296226,-4.629445,2.197498,125.470882,3481.811397
144,11.004251,-18.97909,5.437819,281.617811,21320.512457
145,15.555164,-7.344558,3.363149,161.051913,8155.306974
145,24.779426,9.18621,7.123247,162.398398,36585.083452
145,23.243329,-8.419441,8.973539,152.808803,58059.803674
145,18.827053,-6.146632,7.312347,128.419509,38553.305786
145,-8.819505,-0.855754,7.433417,340.294426,39840.528789
145,25.756678,-6.040645,4.194233,23.32447,12683.90839
145,17.331573,-11.250447,5.12572,355.768881,18943.39715
145,20.964144,-3.336401,15.688768,348.548999,177470.320821
145,20.39306,-2.442926,8.542856,140.690945,52620.409783
145,22.628445,-9.670316,16.484384,283.440567,195926.664486
146,24.011343,-10.294951,6.01935,23.199147,26124.457682
146,16.561166,1.36719,5.179837,268.737052,19345.516493
146,26.720847,-3.040242,26.48518,31.428153,505771.009944
146,24.32534,-9.656734,14.787017,340.589422,157655.537294
146,9.808685,3.619733,8.704792,23.753699,54634.234226
146,12.094114,5.246125,6.173536,310.764386,27479.956923
146,4.129223,-11.690573,13.709071,177.670806,135507.747736
146,15.592161,13.973432,6.666013,336.895334,32039.103043
146,20.687053,-13.33288,4.037787,77.899118,11755.330093
146,20.038058,-12.302065,4.180263,264.837923,12599.557576
146,25.337514,-11.248287,7.512597,7.013292,40693.801542
147,10.188684,1.091855,14.372528,331.163607,148941.035855
147,10.049327,-6.178308,12.503135,334.85959,112716.08931
147,31.449619,-2.18957,7.762847,345.691065,43450.031582
147,-1.913428,-16.356937,6.370624,324.687295,29262.541962
147,21.7969,-19.993841,5.916647,126.111579,25240.584555
147,30.080932,-7.345317,1.832938,4.966253,2422.388133
147,19.363887,-8.503114,9.7847,317.144927,69030.827094
147,18.404825,4.486713,4.327397,128.075528,13502.109158
147,21.11776,-19.324639,9.759008,8.470617,68668.787943
147,9.959448,-0.692363,7.480226,225.784314,40343.860741
147,28.275153,-19.679994,21.845984,330.507249,344105.256542
148,13.610791,-16.980173,9.331144,330.987732,62779.504096
148,22.537538,-4.562127,5.437083,330.44798,21314.741463
148,21.885521,-7.312122,15.409216,216.762576,171202.125527
148,3.888602,1.265686,3.236821,196.923529,7554.147757
148,5.864228,-15.23779,2.839206,42.70589,5812.218511
148,17.354593,-20.545128,3.571535,132.102502,9197.250038
148,-4.053342,-10.010839,5.108268,214.787647,18814.619886
148,20.843515,-5.866163,7.098107,197.115501,36327.299607
148,13.346679,2.692022,5.30473,7.027629,20289.651872
148,24.319953,-20.511679,6.823298,116.973545,33568.877099
148,21.717841,-1.941534,2.344694,4.75103,3963.878083
148,18.433788,-1.669175,7.930488,229.114989,45346.930898
149,14.874906,7.566113,14.095345,121.02428,143251.598144
149,10.353833,-8.571178,7.044764,188.778316,35783.351602
149,23.078677,-17.088555,7.948318,176.329908,45551.067816
149,16.460403,-10.660196,5.283758,276.45167,20129.546395
149,12.646731,-5.48201,2.834625,282.197077,5793.478849
149,24.319779,1.493227,3.360976,85.293167,8144.769144
149,5.47325,-2.163412,5.829585,99.705888,24503.230918
149,18.703269,-7.520353,11.806576,277.962109,100506.927972
149,24.042015,-10.823389,7.98227,78.416517,45941.045152
149,13.244106,-11.171929,7.62217,161.7233,41889.517325
149,12.385992,-21.86105,8.668015,58.483456,54173.558882
149,25.289845,-11.226562,7.107074,94.927924,36419.143495
150,11.255862,-2.090843,7.544027,7.143363,41035.006556
150,5.040412,-11.813868,13.566041,226.573443,132694.92567
150,13.410899,-4.698671,7.084008,185.546748,36183.129496
150,10.569297,-0.166857,10.830938,204.021053,84582.442702
150,0.051595,-0.451247,5.668303,268.789913,23166.168311
150,11.401517,-21.966451,31.478021,233.404964,714435.297524
150,19.456503,-4.206494,22.14925,74.760068,353725.285742
150,15.740125,-15.492429,9.284274,57.128033,62150.412275
150,19.077963,11.453714,6.004013,169.201014,25991.500493
150,20.100737,-4.132323,7.113618,317.707585,36486.244833
150,20.971856,-10.924173,6.314603,139.427726,28750.151866
150,14.51451,-25.243426,5.04745,238.949254,18369.276436
150,13.689194,3.780635,9.629755,49.812552,66861.880569
151,17.835412,-6.252801,17.093517,88.048053,210673.996826
151,26.286457,-7.750602,12.651681,304.055749,115410.300572
151,25.963014,-13.278965,7.913923,233.995311,45157.68676
151,22.174704,1.373825,4.885988,284.080751,17212.849714
151,13.513429,8.031787,5.798958,51.812263,24246.444883
151,-3.271278,0.385883,3.219069,119.809267,7471.515296
151,0.022313,-7.712103,5.390578,70.483558,20951.673595
151,15.186937,-25.193389,12.301454,82.646999,109109.102017
151,17.831004,-15.720047,3.235779,156.887245,7549.284583
151,32.17749,-3.511925,6.84024,348.192498,33735.77958
151,15.002958,-8.817715,5.968986,172.619626,25689.117736
151,-9.674183,-9.460741,4.181749,26.363276,12608.518154
151,12.527539,-5.06413,8.404164,337.058558,50925.710102
152,19.495054,-20.737653,3.528275,27.814003,8975.79442
152,17.834242,-13.702493,9.550341,270.237006,65763.638771
152,13.454353,-4.877006,2.775856,235.758648,5555.739652
152,-11.028149,-9.075971,4.444346,168.003499,14241.764026
152,16.951581,-3.619925,2.841827,63.607924,5822.955151
152,12.59358,5.080202,3.16392,47.531119,7217.705817
152,-9.819689,0.478091,8.833398,223.081681,56260.51536
152,23.552913,-1.598989,8.434931,281.933391,51299.265438
152,22.397799,5.330686,4.540778,19.741832,14866.498746
152,17.497152,-2.980458,4.552232,293.53988,14941.592443
152,-16.607085,-7.927403,2.775971,88.057915,5556.199412
152,19.223539,-15.04339,22.786609,176.948518,374375.539009
152,16.120521,9.844998,5.108657,32.419969,18817.481954
152,16.228334,-5.835539,11.44485,138.59486,94442.673133
153,17.760559,-10.77167,3.171829,61.654491,7253.832719
153,20.594844,1.630138,11.844399,50.897795,101151.912891
153,15.950659,-8.274662,6.154755,28.389083,27313.010504
153,20.17102,-0.157743,12.948955,202.848183,120897.551606
153,1.82413,-7.344169,4.661604,1.653911,15668.190071
153,-3.029055,-3.526848,6.732198,145.597245,32678.478386
153,3.198568,-6.668961,3.532159,32.718316,8995.568693
153,-1.519415,-6.861189,7.130857,113.490201,36663.299491
153,15.597383,-7.765304,3.870583,150.819042,10801.916526
153,25.810608,12.514772,4.965118,34.221272,17774.903555
153,15.982366,0.740019,9.767927,281.374501,68794.36199
153,17.170341,-13.472564,5.751465,35.649177,23850.914462
153,11.260439,-5.858971,3.692785,15.342478,9832.32104
153,5.570367,-14.05897,3.27047,158.947716,7712.026086
154,25.673308,-5.333249,11.911866,218.271457,102307.544618
154,30.791689,1.569875,4.976777,95.111425,17858.478702
154,21.861648,-11.313472,2.463548,178.90751,4375.927112
154,13.210538,-4.962602,2.863318,339.378148,5911.35627
154,-1.895847,-8.707129,8.943537,318.638984,57672.217167
154,14.165893,-11.941805,4.067734,65.412883,11930.351804
154,13.772443,-10.287635,8.113195,94.748239,47460.457649
154,21.838997,-13.363032,6.522731,336.372158,30676.581582
154,18.753806,-5.603199,5.152798,327.532343,19144.072421
154,20.192004,4.141826,8.30376,100.03224,49716.163346
154,18.291058,-3.102124,20.580087,236.334881,305381.327895
154,23.110145,-1.779521,4.973798,177.118159,17837.106719
154,18.584346,-18.498601,4.612782,226.925488,15341.717893
154,14.307188,1.200109,6.978954,231.853361,35117.916448
154,18.77662,20.343707,23.447165,86.507169,396395.517559
155,24.251791,5.631346,13.792067,65.547607,137153.461006
155,12.68033,-7.626475,8.237948,113.137711,48931.239468
155,15.614019,-1.136641,4.218367,53.726064,12830.29803
155,21.113083,-13.545658,12.729132,113.951282,116827.66032
155,10.728653,7.17429,6.8563,133.185709,33894.379565
155,17.967903,-8.737391,5.560982,43.152952,22297.236247
155,32.028536,-7.37159,13.342879,68.16237,128365.151179
155,22.211793,3.526438,3.278723,45.727804,7750.995416
155,22.118886,-2.197777,11.118003,236.767002,89125.427764
155,19.511376,-3.913809,1.406314,220.876566,1425.977996
155,2.598857,9.04207,4.460424,130.803141,14344.994109
155,21.149813,-13.314265,3.963536,57.459217,11326.967284
155,11.089747,-9.841286,4.934766,116.796384,17558.252088
155,27.208082,3.125756,6.551229,65.907536,30945.226086
155,2.556133,9.300456,7.745437,253.760592,43255.354115
156,-6.250971,-1.735232,4.469385,346.17028,14402.692378
156,8.508983,-6.395227,6.481082,252.746981,30286.082869
156,21.645857,-9.469427,4.072792,22.416301,11960.035267
156,23.223363,-9.334214,6.19384,327.541217,27661.009469
156,25.139784,-19.687652,2.192182,1.200012,3464.983995
156,8.370782,-3.391904,17.021813,33.837791,208910.233913
156,25.708113,-6.158702,5.136162,238.678043,19020.653482
156,24.743705,-1.423232,6.102598,55.768201,26852.062375
156,13.03283,-10.809053,10.378676,38.573747,77666.18385
156,15.555988,1.66939,9.322963,243.564071,62669.462568
156,15.945427,-5.43409,15.083615,125.503426,164043.464465
156,18.223303,-22.746207,5.194856,223.298691,19457.858616
156,11.08246,5.438074,1.888834,46.295744,2572.384506
156,34.939383,-11.533493,4.625509,91.078093,15426.489653
156,-16.270085,-3.868715,7.103925,284.335492,36386.877286
156,9.831184,-2.45955,11.115677,224.654569,89088.145274
157,12.663277,7.030927,7.733707,123.460118,43124.438483
157,4.301777,-1.437049,5.337829,344.110639,20543.63667
157,9.146885,2.026056,6.207301,61.209923,27781.369982
157,19.376279,-6.43071,3.338176,156.28322,8034.642365
157,19.134765,-1.117732,3.508971,351.490904,8877.846487
157,14.785379,-4.158121,11.761366,33.80196,99738.676796
157,19.251266,0.820084,2.839588,294.251978,5813.783708
157,8.490144,-10.512935,3.078833,138.731412,6834.714178
157,15.511125,-11.475122,5.183566,6.740798,19373.375536
157,17.331919,9.767166,7.590563,49.954498,41542.829694
157,12.377093,-6.428974,12.81793,318.054758,118463.304588
157,13.666843,5.277736,3.163959,36.140401,7217.882307
157,22.504679,-19.498629,7.620136,11.17572,41867.157412
157,25.993611,-10.079659,7.53617,176.713173,40949.582209
157,28.167371,-6.54542,11.15068,189.965312,89650.10796
157,26.351356,0.631638,7.900711,22.877124,45007.034757
158,15.038396,6.046718,8.702416,285.233878,54604.409283
158,26.352934,-1.421306,6.517203,213.41113,30624.607179
158,23.917877,2.506609,1.784025,31.813753,2294.826404
158,0.489247,4.15802,3.017277,43.132755,6564.147586
158,17.135333,-0.969966,7.965415,242.839177,45747.240044
158,-6.085582,-7.1499,16.770585,195.406765,202789.038506
158,18.853681,9.98247,3.056288,29.224134,6734.985753
158,16.937991,-9.520149,11.812662,228.667691,100610.578048
158,20.729235,-5.543278,7.596679,55.068365,41609.799862
158,7.345914,-5.360673,4.389993,124.352636,13895.546526
158,4.07587,-8.357666,2.746817,307.241843,5440.108668
158,5.664632,2.958579,8.441995,222.989423,51385.222477
158,22.402526,5.84027,2.538112,89.524467,4644.828114
158,22.751977,-12.341287,3.217119,338.896024,7462.464425
158,16.103286,8.057656,20.538668,188.270316,304153.348403
158,11.713245,-4.466139,3.732621,53.606341,10045.597233
158,11.515375,-11.033139,8.653945,120.377412,53997.839437
159,4.469848,-8.579893,6.306611,130.089033,28677.429682
159,-12.140939,-2.0885,3.878274,14.733679,10844.889857
159,22.392094,-13.274279,3.037059,87.727191,6650.505641
159,25.174837,4.685585,3.591535,314.463238,9300.542338
159,6.546459,-4.155562,6.661028,47.316036,31991.201307
159,13.633109,0.256396,5.906388,292.030524,25153.125144
159,18.176529,-5.426006,7.220882,22.048416,37594.873253
159,12.03825,-7.922495,5.862929,92.515016,24784.34001
159,19.940048,-3.683374,20.172822,7.61382,293414.375696
159,7.828307,-4.36474,3.381968,261.523656,8246.829261
159,21.11685,-3.475229,13.650143,105.665612,134345.30609
159,21.598295,2.972319,6.013723,132.891562,26075.636908
159,18.451097,-16.587738,4.241568,153.840408,12971.819252
159,14.508359,0.051551,7.540729,127.010606,40999.138621
159,18.603676,-8.007374,10.346149,149.518634,77180.131525
159,22.510546,-6.59904,5.862882,157.719669,24783.938561
159,10.122579,8.57037,7.162733,176.163783,36991.814518
160,16.810297,6.978157,4.517313,32.412772,14713.242069
160,12.589145,-9.579477,5.000184,229.50697,18026.86114
160,22.784688,-4.490716,12.806438,42.58747,118250.991141
160,12.106205,8.109692,6.484633,313.338045,30319.275158
160,19.061925,-12.330942,11.741801,84.030813,99407.117468
160,8.262156,-5.720242,6.06369,166.913741,26510.752869
160,13.596083,-4.948905,29.144995,118.093119,612457.635154
160,22.107064,-16.164097,3.798465,142.846931,10403.135068
160,28.694791,0.588121,10.484501,168.680181,79258.095255
160,15.768946,-12.088061,10.471406,249.118374,79060.22721
160,12.253382,-16.07087,4.195835,266.817947,12693.60226
160,21.488828,-11.127128,5.923127,243.879959,25295.897339
160,7.515301,-9.784288,1.360318,28.318547,1334.225046
160,22.079875,-19.090073,5.000118,31.528492,18026.385751
160,28.683112,-2.085907,5.170582,326.656313,19276.442965
160,13.674197,-15.45749,4.705775,249.336355,15966.522258
160,25.904429,-4.301599,17.667033,357.317846,225048.072397
160,15.804423,-10.417761,3.744949,70.354123,10112.063465
160,-34.189015,6.69693,6.400754,262.866835,29539.988652
161,12.364292,-12.882722,14.914506,57.103329,160385.759955
161,33.231532,-18.420502,5.107219,179.265992,18806.894685
161,15.281965,-12.474889,7.023896,147.42238,35571.668408
161,7.245709,-2.486576,4.499532,248.627058,14597.642528
161,26.203091,4.499724,2.902043,49.340632,6072.33526
161,19.725007,-0.054114,2.790746,162.797896,5615.503293
161,6.132553,-9.809548,8.353301,4.68525,50311.158654
161,16.31531,-2.994129,3.678698,315.940651,9757.447709
161,18.350234,0.515163,6.897424,204.232001,34302.194725
161,-1.529905,10.056145,6.670202,228.36224,32079.385149
161,14.980263,5.550294,2.774476,56.773066,5550.219471
161,6.026532,-7.239906,4.416632,323.389738,14064.698881
161,11.834799,-10.492778,10.7251,174.396324,82937.469047
161,5.600771,-13.033085,3.910647,333.048442,11026.694426
161,5.249338,4.052044,8.470142,50.701733,51728.450088
161,8.066826,0.23213,3.388676,57.1358,8279.577155
161,16.953329,5.032814,3.865214,345.18545,10771.968677
161,27.223143,-2.744837,11.719012,161.512389,99021.627472
161,3.142529,-2.541518,2.824756,213.64839,5753.207837
162,22.898911,-6.404389,11.192947,320.100431,90331.030474
162,8.363392,-16.073396,10.790135,346.167225,83946.344681
162,22.314417,-3.48093,7.299059,311.403371,38413.313872
162,5.188423,-7.381984,4.673116,253.268053,15745.673771
162,12.423296,-23.559288,3.863529,140.501238,10762.581094
162,14.763312,7.334295,6.990549,224.025058,35234.709302
162,27.344135,-3.818839,8.748456,349.164774,55183.715978
162,22.608085,-11.423817,7.337344,199.060072,38817.345435
162,7.072762,0.677026,3.571979,187.545333,9199.534696
162,11.551163,-4.542755,3.839827,315.402128,10630.933121
162,21.723922,-6.925505,3.859568,23.838956,10740.526396
162,13.114474,-3.819774,5.474704,108.405735,21610.723296
162,15.218826,4.948731,2.223833,5.33681,3565.763206
162,24.516182,4.237088,5.87119,329.629014,24854.232045
162,21.810086,-9.024293,5.143726,160.684735,19076.719487
162,26.516738,-0.834566,8.259962,337.797863,49193.102364
162,0.425597,-0.279283,7.929509,118.351667,45335.738482
162,25.045647,-0.154013,6.906146,191.679488,34389.005381
162,-33.589024,2.849442,5.099699,114.228641,18751.549591
163,14.078095,1.220242,7.184519,79.253789,37217.17946
163,24.663237,7.23917,8.829625,229.150656,56212.457617
163,18.812959,-3.293824,8.398152,227.811153,50852.882799
163,11.461797,1.872226,9.506536,105.828037,65161.744565
163,11.771796,-13.454255,3.246405,13.473706,7598.950048
163,29.330235,-20.051369,5.849473,69.866748,24670.706356
163,9.718886,10.212639,6.262665,164.133981,28279.152279
163,25.71443,3.470662,8.656525,262.255551,54030.03401
163,15.697542,-14.143196,9.66635,71.51946,67371.013682
163,5.888513,-5.008073,4.55222,24.278747,14941.515507
163,7.606931,-9.234684,2.419504,44.04739,4220.857142
163,0.599285,10.675128,3.302017,270.806467,7861.522211
163,-7.461561,-20.880491,6.180533,23.080685,27542.283641
163,19.818832,-12.542046,8.507564,122.086843,52186.546715
163,30.411192,-21.943572,6.793395,82.278565,33275.288576
163,3.549466,-5.907323,4.768632,219.114358,16395.914354
163,10.848819,-2.664628,7.143064,230.046976,36788.93086
163,18.768092,-7.663002,12.983308,284.225136,121539.87065
163,12.665963,-4.114274,3.18834,100.219298,7329.551626
163,-26.090383,3.985104,1.676401,166.986869,2026.300051
164,15.261099,0.063462,8.345373,6.513006,50215.70562
164,0.694407,3.877199,5.609917,249.393549,22691.381779
164,16.350085,-2.092218,7.460914,192.970979,40135.818272
164,10.478106,-13.019126,6.018054,175.615002,26113.206006
164,17.927212,1.969415,7.8505,217.174898,44436.797344
164,8.156581,6.071728,7.329561,243.698918,38735.040893
164,12.346441,-7.67059,7.19154,85.212186,37289.954204
164,16.17671,12.139913,11.731007,306.302557,99224.433771
164,-0.414029,-3.935746,17.05404,122.901808,209702.017481
164,25.221403,-4.080308,6.421732,198.169111,29733.940573
164,22.22989,-7.989872,3.215125,159.087355,7453.218489
164,3.325336,1.985386,5.3216,33.648989,20418.906095
164,15.914691,-6.204411,6.515132,334.432643,30605.15268
164,15.375708,-8.478928,4.814151,246.101878,16710.424616
164,-12.822305,-6.961511,3.409075,50.208196,8379.561269
164,-5.090994,2.897661,14.805746,76.135649,158055.147643
164,-2.635758,-1.65172,7.155602,159.82119,36918.189346
164,10.902476,-21.143563,7.760397,110.463806,43422.607354
164,0.347003,8.025143,4.233114,96.879062,12920.161313
164,-30.754569,9.925115,8.705553,107.347304,54643.787958
165,7.543387,-3.951871,10.396883,21.03861,77938.923907
165,8.756012,-8.158865,6.783952,265.84416,33182.844397
165,12.842785,-15.167032,14.551948,48.090149,152682.879495
165,12.609526,-7.853394,5.975545,139.320147,25745.602208
165,6.038145,-1.588398,2.388716,271.082949,4114.12289
165,5.354079,3.468327,11.543152,53.013792,96072.013476
165,25.376426,5.614598,9.160781,269.935479,60508.044129
165,11.451369,-13.821724,10.745663,200.629773,83255.808707
165,6.397788,0.135378,2.317088,256.083947,3871.089402
165,17.493134,-4.819083,4.755965,283.315349,16308.929299
165,5.148084,-1.437643,4.795002,298.31194,16577.751908
165,19.858566,-3.429868,2.778394,109.3582,5565.904319
165,9.909789,2.530592,3.118964,112.375713,7014.047141
165,22.677146,-6.746396,9.577628,94.172685,66139.97739
165,11.684659,-0.855363,5.754578,157.162556,23876.744344
165,10.868334,-4.780845,2.65032,251.120027,5064.594023
165,21.218138,-16.615593,5.861945,314.724982,24776.019464
165,20.769985,-5.60057,6.882441,257.961408,34153.331986
165,15.262511,-2.967913,15.027533,57.544649,162825.890792
165,-23.559766,1.797635,6.416396,295.798488,29684.54414
165,-25.811745,-2.377691,6.172201,350.393009,27468.071108
166,12.102128,2.200789,3.267223,64.60696,7696.719519
166,9.752714,5.345572,12.541284,120.715862,113404.965017
166,18.292354,-15.527173,4.230373,344.004832,12903.433998
166,17.045178,-7.50321,6.273825,50.084094,28380.027602
166,15.567729,-18.993943,5.673535,2.769909,23208.955534
166,20.179365,4.539365,4.40862,81.097337,14013.720351
166,18.613172,-10.396797,6.557916,202.129896,31008.426538
166,7.263451,-8.962494,6.87496,19.822799,34079.121956
166,3.421931,-15.455194,8.185524,227.321223,48310.447082
166,33.862261,-7.469424,4.766705,207.933551,16382.664661
166,16.634872,-8.360391,4.929364,89.040199,17519.830389
166,16.015074,-6.575342,5.939771,194.078507,25438.265708
166,21.143031,4.497294,12.100183,136.427975,105567.912286
166,14.403535,6.55897,12.767382,89.347351,117530.815466
166,17.278383,-9.817582,2.937139,9.957186,6220.096587
166,17.419676,-25.098714,7.863088,216.336712,44579.417698
166,19.749204,-0.493481,1.949654,276.798313,2740.711776
166,18.114851,-17.68731,10.342304,114.239709,77122.780316
166,-4.100915,11.064983,5.148237,345.739549,19110.196565
166,26.516228,-3.740222,12.226277,65.003247,107779.584566
166,-19.417895,13.286782,10.803218,185.421506,84150.051147
166,-15.538111,8.418749,5.616502,127.045986,22744.680675
167,17.639064,-9.600545,5.541373,66.038003,22140.267216
167,14.228421,-12.62852,8.986499,110.78017,58227.626668
167,26.677771,-18.524994,14.225603,213.285368,145911.468316
167,18.094095,-2.3085,7.188666,168.018495,37260.157325
167,24.64026,-16.483766,5.360822,204.340799,20721.009619
167,17.69918,-15.352373,7.039259,130.901192,35727.450271
167,19.964802,-3.780004,12.502534,106.573839,112705.255886
167,24.715668,-9.313508,3.016915,50.658831,6562.575761
167,14.551893,-2.374518,13.062411,162.432678,123025.392566
167,-2.659728,-7.912681,7.744588,351.59997,43245.877483
167,16.660032,-6.816515,15.975858,283.551157,184024.83808
167,6.270599,-9.975245,12.679656,312.157307,115921.235362
167,10.490326,-16.280262,2.515526,128.241485,4562.530692
167,9.603436,4.207331,4.499381,243.055436,14596.663885
167,15.381502,-7.393131,6.279433,26.740418,28430.786593
167,17.359292,-17.136111,4.855461,233.090982,16998.435284
167,22.856422,-6.379544,18.828299,39.903597,255605.518839
167,15.270084,2.845359,9.784742,73.812857,69031.428444
167,9.714659,-25.232264,6.362234,317.095945,29185.515604
167,4.879171,-1.897527,4.614632,358.317029,15354.027
167,-21.888194,6.982677,9.607822,313.564836,66557.652212
167,-12.252584,5.277927,11.741037,36.647979,99394.187713
168,22.82205,-18.428818,7.627053,114.360533,41943.199782
168,24.090104,-9.262262,5.981434,297.455437,25796.372763
168,25.999372,0.207214,13.595803,342.917802,133277.795378
168,13.849745,-1.405974,9.014949,187.633095,58596.896883
168,20.645067,-19.666869,4.982764,236.300059,17901.471619
168,16.002274,-2.521071,5.099626,318.612907,18751.014462
168,17.171633,-0.217,13.830433,293.813678,137917.577224
168,16.608848,-12.40612,8.650216,40.79807,53951.303662
168,20.312961,-8.501473,2.565269,148.343927,4744.756821
168,15.837615,-13.399083,7.678721,154.928881,42513.397324
168,7.898648,2.3621,4.661992,97.435718,15670.798357
168,8.283261,-3.664463,27.719024,282.740111,553992.553536
168,1.115711,-2.338433,5.766923,323.048981,23979.295599
168,-13.577976,4.112933,5.388174,54.546869,20932.99152
168,15.201617,-5.899272,4.249275,242.145786,13019.002331
168,18.863027,9.706257,5.849728,302.59091,24672.853338
168,15.37659,-3.901554,19.970736,260.341583,287565.119628
168,10.162293,2.275631,6.384361,184.460633,29388.871638
168,12.044412,-21.189517,4.824589,46.189132,16782.968502
168,19.341061,2.971942,11.931957,9.380382,102652.942985
168,-6.338059,-19.993153,11.080592,101.262141,88526.637921
168,-34.133895,12.09358,4.272409,157.533255,13161.14465
169,8.855228,1.073568,12.389327,230.728205,110673.46483
169,21.608295,4.994707,13.178403,353.596965,125219.991946
169,22.999836,-4.829331,2.613728,284.151912,4925.710973
169,8.959997,-9.354701,16.820407,298.195777,203995.737707
169,16.6775,-9.665913,9.653857,135.476411,67196.990168
169,-1.867885,-6.619533,5.373008,101.193107,20815.320383
169,7.97826,-7.557176,11.069005,303.381232,88341.590218
169,-8.01355,-2.798983,10.942688,214.160506,86336.836412
169,-2.281022,-11.074481,4.840725,166.568704,16895.413498
169,2.541988,-2.372178,13.184569,296.765387,125337.196533
169,5.113926,-23.071568,7.237317,173.370101,37766.202994
169,20.165864,1.151942,5.448754,227.75174,21406.341777
169,8.439843,-9.899362,6.921705,325.639665,34544.128536
169,6.798846,-6.637832,8.749718,15.385053,55199.632073
169,2.86538,12.284286,13.995596,89.69891,141231.261303
169,18.558946,-13.878409,4.353986,19.87793,13668.542806
169,-7.330103,6.897255,8.494428,67.544479,52025.510265
169,13.23746,-6.629705,9.515892,133.932993,65290.058869
169,24.467311,2.924085,9.521892,132.546415,65372.419381
169,-7.740797,5.013188,6.019321,348.368981,26124.208385
169,-12.679553,-0.149406,14.116084,10.743112,143673.450132
169,-32.785397,-4.695219,3.970967,228.173112,11369.478761
169,3.661487,-3.055979,5.019765,23.772717,18168.320359
170,14.309289,-7.141787,11.476205,105.459896,94960.871271
170,11.556804,2.525755,4.533346,160.004945,14817.873491
170,5.325191,1.780459,5.456649,50.513932,21468.420489
170,25.710169,4.37473,11.883602,333.699543,101822.612921
170,17.27732,8.965811,6.52436,46.899571,30691.907544
170,18.689065,-0.274154,5.255758,97.825174,19916.765199
170,6.397312,-0.734786,4.481227,90.360107,14479.115778
170,4.459344,-6.391383,6.006763,103.129351,26015.312
170,15.523972,-13.956842,5.514342,105.984925,21924.789487
170,15.108554,-2.440027,6.600737,250.15365,31414.699725
170,9.962417,-0.563684,4.304826,57.209694,13361.622659
170,1.613675,-5.726012,8.164495,243.65476,48062.543287
170,0.892411,-8.185465,9.431692,221.819271,64139.759611
170,11.991296,6.360644,3.274362,229.49514,7730.390946
170,17.708614,3.999873,11.500339,334.713366,95360.680797
170,8.973615,-3.197994,6.937618,235.710851,34703.1412
170,6.271455,7.796295,6.23211,58.355275,28003.889301
170,13.264348,-0.735233,2.202836,145.145926,3498.744503
170,21.340143,-9.414982,13.530146,183.744864,131993.641448
170,1.128292,-5.645874,8.455413,292.880921,51548.69877
170,13.016887,11.744311,8.76729,63.58064,55421.573654
170,-26.602524,4.233913,7.823782,289.433427,44134.844415
170,-17.05966,-5.13182,1.51671,29.819233,1658.64418
170,-12.68871,24.944908,4.952657,284.483367,17685.796931
171,27.31982,-9.88665,15.42728,133.028256,171603.749717
171,16.20523,-8.703845,7.714235,230.780867,42907.561655
171,9.655414,-3.348622,1.149332,35.628555,952.442859
171,19.25249,-5.415908,5.111887,86.159757,18841.283468
171,17.822924,-8.706308,20.047507,179.390568,289780.272777
171,18.306996,5.801155,11.285665,267.336739,91833.756905
171,-0.533001,-12.480844,13.863282,95.5585,138573.507151
171,-3.292755,2.807333,8.667883,181.003253,54171.906612
171,19.144333,-1.512495,11.520609,219.552811,95697.13127
171,27.453521,-14.480186,2.317988,327.037003,3874.096227
171,17.135543,-9.125549,6.007703,45.732564,26023.456984
171,15.314096,-15.786227,12.392409,96.390379,110728.52851
171,23.190791,-11.845972,11.213021,272.819384,90655.328906
171,15.639581,-0.165808,6.77652,285.25568,33110.174316
171,17.561957,-0.226986,5.367877,310.776036,20775.57961
171,25.576365,-2.484506,3.84068,258.779519,10635.656813
171,15.101751,-12.202077,5.415637,187.489447,21146.919847
171,14.622915,-3.727847,8.816238,286.854436,56042.137905
171,10.927889,7.528236,8.190557,233.11077,48369.873399
171,0.850455,3.511347,4.960966,29.476173,17745.18969
171,21.57809,-9.983108,2.945457,43.950402,6255.376842
171,-13.293555,2.454563,6.032707,209.326753,26240.52424
171,-16.414204,-22.341547,9.887023,76.593094,70482.153144
171,-5.915345,-1.130523,3.771031,241.028642,10253.408606
172,13.476615,-8.372043,10.994625,322.684753,87158.336745
172,20.245171,-1.53915,3.903509,226.790262,10986.47544
172,20.668989,-7.660563,3.179068,62.596365,7286.981451
172,17.523527,-15.23312,2.131686,85.908936,3276.381443
172,20.892163,-6.648066,2.629098,199.870593,4983.811689
172,18.541118,-0.619761,4.12296,147.631293,12256.493751
172,16.423255,2.271572,11.795463,204.897684,100317.813876
172,7.548718,14.692039,7.943067,241.976767,45490.899013
172,1.196809,-6.611938,10.259073,319.027825,75886.45755
172,12.960249,7.380772,5.25566,5.503896,19916.021284
172,23.068281,6.864684,7.8535,158.081852,44470.76084
172,-8.671284,-12.136843,3.228071,151.598925,7513.35968
172,8.570477,-15.33781,12.91613,76.653489,120285.396667
172,11.78295,-11.56196,6.609384,37.156889,31497.061231
172,14.733714,-8.217308,11.893508,33.768518,101992.450182
172,12.660313,-12.831977,7.197633,157.361404,37353.174503
172,21.224652,1.550195,4.61486,307.253008,15355.544336
172,10.061819,5.943302,4.501778,354.031199,14612.222203
172,16.532196,-11.690144,4.395486,191.398796,13930.344488
172,17.926994,-21.246867,7.50241,20.754807,40583.512073
172,15.006604,-6.751688,8.328772,236.054945,50016.117623
172,-24.488816,12.748004,3.262038,182.353166,7672.310891
172,-17.78804,-0.313081,10.491905,128.740356,79370.078902
172,-19.265562,4.504959,9.158275,52.029835,60474.934028
173,2.145316,2.156266,12.69487,116.151736,116199.587739
173,22.983802,-6.424914,14.134155,85.784944,144041.547746
173,7.799665,-6.217325,6.666091,63.812281,32039.853657
173,-4.634243,9.152146,13.946057,354.234611,140233.229899
173,13.509445,-12.524347,3.847589,322.294707,10673.957332
173,22.308914,-2.099706,7.288832,255.065696,38305.74742
173,12.42243,1.920221,6.929678,132.865943,34623.755907
173,21.774475,-6.013556,2.595257,200.558179,4856.337176
173,8.227045,9.114398,4.359162,80.663381,13701.056474
173,15.799594,-2.349586,23.845921,76.014192,409992.85687
173,16.401024,-29.346883,8.686267,344.357615,54401.944903
173,-2.510634,6.353932,10.210396,149.75402,75168.048786
173,10.358861,-10.163787,8.137371,201.415182,47743.72336
173,5.682129,-5.87376,6.856623,68.772706,33897.576156
173,-1.346945,-1.864529,10.296317,176.006945,76438.457191
173,7.729715,-9.334271,5.987983,12.527523,25852.89735
173,6.002619,-2.191233,1.835067,145.234667,2428.017378
173,15.585399,-1.496073,6.820206,201.515356,33538.454919
173,12.185868,3.987633,15.04176,83.053389,163134.347365
173,14.038654,-8.415375,7.31446,257.118325,38575.592474
173,9.474245,-11.052568,5.584621,166.308928,22487.207124
173,-12.277149,-6.640377,9.39348,151.527929,63621.096052
173,-31.616113,-7.95377,12.465115,348.910344,112031.632508
173,-16.860867,2.275342,10.336755,282.72365,77040.047292
173,-19.145783,17.284969,4.493346,77.56116,14557.533654
174,8.03987,2.188903,5.312236,293.961547,20347.115022
174,23.419629,-24.610097,4.91168,238.172771,17394.346913
174,3.916071,-6.960698,3.794838,221.363176,10383.279871
174,19.899599,-8.558728,3.264976,36.412971,7686.135646
174,25.039989,-9.390771,4.113357,344.949445,12199.468187
174,16.080159,12.069592,7.166433,229.316921,37030.036962
174,16.945608,-9.307864,6.904918,203.510434,34376.771291
174,-1.483085,-0.319051,4.539133,73.297545,14855.724489
174,10.700453,-10.647808,12.974131,88.751918,121368.114595
174,26.862907,-12.024735,13.63873,346.803864,134120.739578
174,19.083298,-5.421244,8.948334,347.117526,57734.105787
174,7.190337,1.301039,13.366594,63.975983,128821.875015
174,-13.758882,-6.547088,13.91705,113.960915,139650.485828
174,21.550845,-0.519451,6.378611,325.437169,29335.960538
174,13.460506,-0.55227,4.976477,242.395315,17856.324091
174,15.041916,5.90123,11.807593,323.175049,100524.239907
174,17.708709,3.908318,4.211239,310.236349,12786.975632
174,28.235563,-22.498144,8.068854,307.354546,46943.100009
174,2.223822,0.031698,4.438887,336.53793,14206.798617
174,9.578896,-6.596004,3.728394,250.420939,10022.861666
174,-0.494401,-4.771828,8.984504,167.293713,58201.78567
174,-22.136988,17.055296,12.201975,352.721446,107351.558345
174,3.073844,-5.569767,3.450756,211.707245,8585.71626
174,-29.760702,-3.761324,15.922595,105.726311,182799.81378
174,-12.090304,-0.378609,6.295999,354.027797,28580.993944
175,1.373387,-8.811103,19.419138,287.623591,271899.23129
175,-2.711749,-12.869445,6.585594,29.556173,31270.72581
175,13.230778,-7.864817,5.021242,22.435087,18179.016059
175,23.815666,9.246105,5.262679,93.505926,19969.251896
175,16.695277,3.974781,3.22052,43.172495,7478.251377
175,26.70787,4.921598,5.599893,18.798295,22610.361048
175,9.94876,-12.994842,5.150435,284.873574,19126.517842
175,12.402879,-10.270714,3.182878,257.773487,7304.461321
175,27.377978,-10.23075,4.073618,83.630759,11964.886646
175,26.285376,1.368383,8.723678,230.485568,54871.560313
175,11.348143,-16.255859,4.733597,283.672701,16155.880435
175,19.43599,-6.447391,6.299161,239.689308,28609.712678
175,18.206779,-7.40429,3.740992,178.969259,10090.706882
175,6.663144,-3.632034,7.616885,117.606489,41831.449443
175,15.692199,-6.951555,8.529828,68.383895,52460.043461
175,13.690585,2.167747,7.197797,347.555822,37354.877145
175,16.830133,-5.64218,5.693844,201.520244,23375.405467
175,-9.781036,2.402751,5.768036,157.861329,23988.551898
175,23.256074,14.663239,3.34862,25.561057,8084.993638
175,17.872143,-7.824258,9.345563,318.758507,62973.673994
175,12.533171,1.237251,9.163256,296.863437,60540.741999
175,-16.480325,-0.821017,3.243237,73.036979,7584.125033
175,-29.604417,-15.546673,4.515592,231.050969,14702.032397
175,6.086222,7.461677,14.486908,299.588546,151321.09478
175,-9.015633,-16.318448,2.357558,69.098211,4007.494363
176,18.059812,11.785576,34.104644,3.28684,838639.097962
176,13.870624,-10.101572,6.426724,22.111611,29780.18059
176,14.248782,-21.679244,12.09508,32.510088,105478.892584
176,2.765704,-11.553959,10.650108,134.60508,81781.696386
176,18.644137,-7.051405,15.744994,201.134407,178744.652352
176,17.033478,5.030051,2.736589,349.124186,5399.670573
176,23.808818,-16.653649,2.484934,276.370035,4452.231048
176,22.067578,-18.532086,6.476259,351.383473,30241.028058
176,9.749267,6.936599,21.461399,32.379274,332096.373696
176,7.362766,-24.218366,11.626117,102.15322,97457.995747
176,9.256367,-7.911062,8.298578,129.016955,49654.135432
176,4.011094,10.652004,7.503245,80.804993,40592.548215
176,14.774315,-7.420438,9.189553,301.124588,60888.720707
176,12.607001,-4.048821,18.929602,173.740956,258363.420555
176,-2.2129,2.484226,6.4944,36.395682,30410.680914
176,12.964559,-12.460732,3.20368,164.667728,7400.246865
176,12.220634,-0.569619,8.13579,68.496245,47725.175028
176,2.422256,-9.353507,5.109402,94.02945,18822.972264
176,15.146454,-13.109042,7.903982,272.23171,45044.316067
176,2.111683,-4.699164,8.364038,107.914951,50440.580584
176,17.593905,4.055301,2.321167,208.727412,3884.729284
176,-15.38085,14.373628,4.526445,328.643885,14772.7944
176,-20.954609,-0.220169,16.455701,123.799212,195245.417188
176,2.201504,-2.422584,13.889586,333.715081,139099.861853
176,-13.611904,8.124539,16.393707,291.635448,193777.09342
176,-11.175883,-15.532303,4.358436,134.945996,13696.497235
177,3.909618,-5.963914,2.765279,197.65023,5513.482173
177,21.177775,0.079182,5.825931,5.341977,24472.526871
177,11.360789,-9.402479,5.401046,212.172181,21033.126883
177,19.640262,-1.912051,2.988057,358.488903,6437.625652
177,4.840301,1.636354,26.639696,249.741065,511689.61547
177,-4.734951,-3.842764,5.921469,348.036352,25281.742824
177,20.14999,-10.338374,13.917694,66.094248,139663.404981
177,10.004297,-11.220421,2.950144,112.854791,6275.301688
177,16.764841,-6.63409,8.490462,183.286122,51976.945743
177,11.501145,-7.52164,12.555327,1.694721,113659.078607
177,6.330477,-11.899162,20.613772,168.219464,306381.832809
177,15.035566,-4.780714,9.478904,210.367386,64783.481561
177,11.39314,1.760178,6.650209,95.478798,31887.370642
177,15.662968,-10.409514,3.37954,6.267088,8234.995522
177,14.183653,-11.031717,6.193564,185.349772,27658.542548
177,10.043546,-4.023908,10.518351,243.916534,79770.700167
177,10.841329,-12.705494,3.734929,100.502557,10058.027719
177,15.27048,-11.492465,9.513938,76.669303,65263.253297
177,20.331303,-1.054977,9.376059,341.762259,63385.325524
177,19.662885,-13.332124,3.524205,332.758834,8955.097371
177,18.15653,-12.4647,5.030754,164.390443,18247.953998
177,-15.744837,-6.357676,6.231749,179.737561,28000.643598
177,-20.554826,1.706911,10.761362,51.284681,83499.252721
177,-12.425141,-10.21148,14.859819,231.450738,159211.757865
177,-20.84668,3.401853,7.322862,89.357193,38664.263881
177,-24.104493,2.65169,3.655453,12.730018,9634.529544
178,4.388534,-0.065875,16.303203,115.770731,191643.435429
178,15.409559,-15.224192,9.033241,187.932429,58834.928578
178,10.109041,-7.686536,6.114388,84.911081,26955.910086
178,20.345279,-4.854081,2.765146,228.720559,5512.953878
178,12.955295,3.682557,17.778326,129.833655,227892.373637
178,1.69839,-20.539919,21.341153,273.296193,328385.3845
178,7.564884,-3.097791,21.699735,223.123907,339513.426421
178,19.26985,-16.482139,7.495645,64.222395,40510.364094
178,17.390115,-3.575136,6.013259,301.012678,26071.608567
178,8.643018,-14.567209,7.302835,117.609861,38453.06873
178,14.362911,0.777665,2.642234,91.157464,5033.738063
178,17.384065,-10.380533,7.039428,98.990018,35729.16279
178,25.509352,-2.079385,25.148363,2.930127,456002.788441
178,16.883768,14.440189,4.214176,222.884789,12804.816226
178,19.460549,-3.935563,10.403397,10.289413,78036.615325
178,12.534904,-8.478402,5.721845,83.566028,23605.881051
178,14.60773,6.456866,15.092515,59.924173,164237.119131
178,18.363143,-10.497501,9.801117,87.552079,69262.667293
178,17.355171,-2.891096,2.907433,76.290176,6094.913099
178,10.119177,4.309741,9.839729,122.777977,69809.475201
178,9.038331,1.116042,3.384417,83.392665,8258.779043
178,-22.27743,9.99038,6.488202,266.207266,30352.660138
178,-2.955905,-7.831802,8.161682,6.544115,48029.427058
178,-20.413113,4.173747,4.006405,101.253201,11573.314493
178,-14.193783,5.626645,11.03183,298.325519,87749.207248
178,-9.707247,11.31472,4.066669,125.904379,11924.104935
179,14.604362,-14.674409,4.034075,109.552446,11733.730518
179,6.167249,-0.40452,7.311991,85.017514,38549.553373
179,14.220644,0.748931,9.727877,34.768283,68231.382665
179,-0.406086,6.038137,10.035836,324.421618,72619.817166
179,13.275642,-13.98709,5.972116,102.785128,25716.064898
179,13.189232,2.051962,4.896869,312.392065,17289.604746
179,17.670408,-11.595717,6.113644,256.055763,26949.358049
179,11.547621,-4.571134,11.705375,300.765372,98791.314934
179,-0.529192,-2.772657,5.608781,55.177711,22682.193479
179,5.778268,6.112725,5.888386,43.553693,25000.039097
179,16.978426,-5.966484,10.756179,336.415881,83418.832675
179,14.105575,0.146834,12.255655,222.956151,108298.167245
179,3.651343,-14.883456,11.041941,101.170608,87910.122342
179,11.931616,-4.76784,5.927661,74.98652,25334.644311
179,12.039863,-10.042504,7.588241,237.787225,41517.412963
179,11.722729,-3.893558,6.47989,197.766503,30274.943215
179,19.693055,-8.710976,11.96654,108.717501,103248.857698
179,19.363576,-1.698721,22.864225,223.360125,376930.280975
179,17.160169,-8.223171,8.030013,101.979256,46492.251811
179,3.482359,3.538921,9.220271,141.377197,61296.465355
179,11.988509,-3.84738,4.314432,251.827009,13421.323544
179,-17.753488,-4.493302,14.23232,265.347468,146049.306223
179,-13.388004,-1.553382,5.51872,194.404302,21959.617275
179,-17.313159,-3.683806,11.016788,102.886576,87510.071008
179,-18.763646,-4.033323,9.59147,145.162494,66331.289551
179,-33.409812,11.938491,3.498227,305.812694,8823.561707
180,16.074525,-25.866585,2.070013,170.934157,3089.54173
180,6.842401,4.088142,5.277472,80.234196,20081.679139
180,10.736764,1.044617,5.756802,315.789983,23895.198404
180,10.359296,0.815808,5.117419,295.76336,18882.0909
180,11.205656,-6.251901,19.380754,60.77906,270825.403435
180,20.818037,-1.790299,17.71321,143.319967,226226.049844
180,16.417778,0.536775,12.144904,286.325035,106349.686166
180,-1.238624,-1.655919,4.274175,346.136311,13172.027605
180,11.722101,-9.30923,3.75998,210.842346,10193.404374
180,3.500441,-2.088629,5.141015,355.901688,19056.617324
180,11.461913,3.586788,4.444407,70.420858,14242.154031
180,28.240874,-5.577712,3.892207,223.646045,10922.952243
180,8.543739,4.44095,9.696085,294.465634,67786.140501
180,4.205943,4.173034,3.088218,171.112995,6876.444893
180,17.146888,2.609334,8.758362,184.383656,55308.753481
180,17.037441,-7.766749,11.021992,291.5435,87592.766204
180,19.268269,9.13143,6.757646,37.517785,32926.001411
180,15.666359,-2.110331,9.313329,79.218288,62540.01651
180,8.409296,1.420003,7.296494,183.125077,38386.320298
180,13.80409,-1.537863,5.324087,54.20549,20437.996266
180,-4.822141,-5.043247,19.029214,214.760967,261089.721111
180,-2.557598,0.079357,6.216784,313.758641,27866.319965
180,-11.842674,-20.837199,14.558434,247.395258,152819.020497
180,-26.587356,12.75224,19.965566,345.620733,287416.250615
180,-31.174889,14.658443,5.49722,199.290248,21788.84757
180,-20.548267,11.447691,2.217191,28.84315,3544.495547
180,13.062749,9.249704,3.98845,301.318706,11469.815137
181,15.067794,-8.05092,4.797733,214.532373,16596.643275
181,14.118762,-17.398317,12.344692,130.978184,109877.454981
181,11.312973,5.703252,3.287573,23.598282,7792.896475
181,13.301872,-3.515122,5.224239,175.679536,19678.598981
181,16.127188,2.243008,5.466309,69.462482,21544.4967
181,22.211519,-8.238471,4.830318,212.32775,16822.848805
181,16.565733,10.699664,9.315309,248.515097,62566.602424
181,14.97075,-20.163024,11.42067,332.15946,94044.03564
181,11.066571,1.99816,4.84427,6.270376,16920.169556
181,17.444463,-6.379963,3.901239,303.42003,10973.702329
181,16.640494,-0.455211,4.593643,241.633852,15214.669293
181,7.344162,-6.974061,4.931683,340.752638,17536.317591
181,5.918468,-9.032696,6.676542,15.720554,32140.393544
181,2.915891,-5.418928,16.940932,161.33562,206929.636509
181,-3.691076,-11.869235,5.334281,181.730505,20516.338533
181,16.580006,-16.666043,5.858613,317.925344,24747.862993
181,24.683229,-9.628192,8.024829,302.5359,46432.240791
181,10.110862,4.848658,8.143261,178.861654,47812.872352
181,18.187042,-15.179693,9.215392,228.812039,61231.608141
181,16.68411,2.606578,4.835784,69.682192,16860.943151
181,1.69571,-0.186406,11.775112,171.990014,99971.947022
181,-25.144213,-5.61682,5.012249,293.314327,18113.959908
181,-15.296982,1.026235,10.775919,215.233173,83725.296096
181,-9.147115,7.546958,3.077499,257.996459,6828.794018
181,-12.612648,8.430749,17.225198,341.231832,213932.389301
181,-16.61992,-2.202473,6.42228,228.979252,29739.008829
181,-24.436865,5.094274,10.901585,272.697269,85689.444475
182,9.310007,0.109361,8.182014,358.713334,48269.019471
182,16.450092,-22.300753,15.22783,253.751118,167195.327183
182,26.315689,-12.325647,5.842997,83.17463,24616.108708
182,12.240827,-8.575002,5.700473,108.64516,23429.870176
182,12.376431,-8.826783,7.105571,50.632594,36403.741149
182,13.775435,9.213161,5.516202,236.136718,21939.581239
182,29.604347,-2.556994,7.884811,69.514815,44826.065113
182,7.749838,-20.152277,8.418505,180.736873,51099.665904
182,11.680318,-19.342577,5.833254,212.72147,24534.084981
182,11.09316,-18.898176,5.823144,215.308944,24449.118385
182,4.370776,-8.254394,3.121638,89.152507,7026.081694
182,25.628229,-23.472221,11.400168,307.114054,93706.68193
182,2.46752,-3.193378,6.200447,65.21109,27720.056018
182,2.730733,-6.969985,7.024987,5.211734,35582.715674
182,17.896206,-5.612571,9.296089,83.917961,62308.685954
182,11.94519,-12.376908,3.147947,359.66248,7145.008888
182,12.515274,7.693598,4.102553,268.805737,12135.465448
182,3.138867,-11.57006,16.926981,164.243415,206588.945627
182,6.700239,-11.934138,2.435751,140.822988,4277.733868
182,10.852587,-7.010965,20.498576,151.431909,302967.085465
182,11.418305,2.871715,7.246291,181.553959,37859.912035
182,-21.569056,8.582035,7.626413,66.337246,41936.16493
182,-11.668692,16.381817,5.721423,27.198913,23602.39923
182,-15.072916,11.606709,4.609513,244.902997,15319.980262
182,-18.248498,-24.928616,8.192445,92.567334,48392.171437
182,-16.605524,2.936237,8.928717,211.500653,57481.247677
182,-20.339399,-2.324725,14.004587,85.494865,141412.789251
183,-1.423037,3.310989,7.756572,206.884229,43379.817599
183,10.907704,-5.705863,8.021879,336.613042,46398.110813
183,23.449408,0.685357,18.284116,87.810318,241043.825952
183,10.161482,-0.845227,7.35312,172.519239,38984.44252
183,11.242249,-12.800308,2.991502,242.765101,6452.480824
183,11.522856,3.151884,6.001707,220.470406,25971.53889
183,18.393389,-4.405434,8.890877,90.371924,56995.065175
183,21.516657,-10.238126,8.621965,80.048471,53599.477983
183,25.580597,-20.056587,5.838489,324.297243,24578.137958
183,12.501541,-0.301792,16.162425,61.766442,188348.053954
183,7.789411,-8.456203,7.699098,242.793501,42739.336903
183,9.576977,-7.597867,5.550727,133.579252,22215.080284
183,17.179105,-23.971274,10.625992,67.485267,81411.748508
183,8.762508,-4.603835,7.171176,143.359292,37079.070506
183,1.236261,-23.345127,22.024574,93.826102,349754.324576
183,13.934619,4.570404,4.875029,340.413896,17135.722732
183,19.649995,-9.03107,15.923837,216.649608,182828.353112
183,-6.452462,6.456255,6.374044,63.461661,29293.967682
183,15.384755,-6.745195,10.904663,36.809643,85737.841774
183,13.357633,-3.826226,1.917327,28.458144,2650.575932
183,11.763208,5.781524,6.855043,61.140673,33881.949269
183,-26.066334,22.430035,2.482997,138.576248,4445.294728
183,-10.525994,3.034032,3.309513,220.170732,7897.258577
183,-19.382263,2.481596,13.140513,201.873778,124500.972306
183,-9.135203,10.959921,33.384349,179.328818,803588.838598
183,-9.572252,3.971946,8.031678,229.701535,46511.530056
183,-12.338259,-2.469516,7.238139,186.483767,37774.775082
183,-15.196641,-4.526568,6.718179,167.849371,32542.524911
184,13.006668,-18.806827,11.461573,236.077246,94718.878593
184,12.98624,-16.731029,1.376423,59.033696,1366.00289
184,5.226887,-10.679416,6.471816,169.595803,30199.548459
184,15.819391,4.55503,10.520329,350.217492,79800.700068
184,-4.816334,-16.841005,14.488502,62.606721,151354.388464
184,14.351996,-12.124708,7.917615,68.484236,45199.831419
184,-6.392556,9.349589,1.661665,122.372973,1990.834038
184,13.259962,-8.579791,8.918075,92.605228,57344.313802
184,14.776987,-10.032461,4.107973,45.135047,12167.555422
184,17.891244,-13.703295,8.966276,191.655724,57965.854093
184,16.691826,-9.037935,6.94399,348.711522,34766.919506
184,4.690539,-20.807855,3.799164,76.201306,10406.96726
184,15.72767,-4.518288,4.14198,272.008157,12369.840429
184,8.444798,-3.719728,5.312953,20.208967,20352.608898
184,11.029356,-7.836272,9.036316,310.199334,58874.994382
184,21.000408,-5.954595,4.534194,268.146354,14823.413192
184,12.382204,3.336225,4.939869,36.596285,17594.583155
184,-8.648946,0.066692,9.192781,87.574228,60931.505197
184,21.63444,-16.056708,12.120453,271.403094,105921.897835
184,13.952571,-3.9634,7.76547,169.848159,43479.399733
184,23.802605,-10.218693,5.408287,246.284023,21089.558526
184,-27.677255,-0.604688,10.197696,290.695384,74981.16292
184,-22.571416,-5.412711,5.642675,262.890505,22957.156437
184,-8.273422,13.699371,5.22336,289.761075,19671.979518
184,-25.225689,5.134503,0.992808,286.403687,710.686945
184,-28.070075,1.75572,8.368831,337.443873,50498.409637
184,-20.535094,10.484038,5.959728,51.424986,25609.489557
184,-12.531612,-11.867401,12.055874,253.055247,104796.188419
185,22.563279,-3.191657,5.863646,177.536375,24790.398626
185,12.364311,-1.004044,2.869464,324.597115,5936.762692
185,22.397078,-7.629643,8.150209,54.611625,47894.48996
185,-2.996883,-0.271763,5.984041,359.134737,25818.867163
185,12.808316,-6.913693,6.512865,162.259828,30583.853737
185,11.732654,-15.64424,17.603166,219.510649,223423.909518
185,12.029394,11.276101,4.65716,292.344362,15638.331838
185,9.357161,-7.815879,6.485649,271.403958,30328.779842
185,11.666295,10.433394,4.016895,164.50958,11633.996647
185,3.756473,-5.300982,9.230044,185.324866,61426.474433
185,10.4337,3.297833,4.15356,257.864121,12439.101806
185,4.915665,-9.599441,2.043268,284.892828,3010.222417
185,0.858005,4.131196,2.013139,30.552692,2922.104401
185,8.544666,11.38524,7.592369,153.946705,41562.595187
185,11.434845,-5.564369,7.138849,83.259683,36745.525837
185,11.438784,-11.830626,6.447056,187.866019,29968.910569
185,4.9107,-0.019821,18.513555,198.391019,247131.26878
185,14.012357,0.730696,10.881495,69.623363,85373.913941
185,4.161675,4.80837,6.533129,107.171447,30774.46929
185,24.559954,-12.894959,9.617956,357.784722,66698.123885
185,2.042525,-4.765559,5.703908,153.707736,23458.115214
185,-26.219785,15.723164,10.146737,250.681148,74233.655227
185,-1.804038,-1.474862,4.897309,167.124815,17292.71049
185,-23.524073,-4.390936,4.656482,31.976504,15633.774358
185,-20.500298,3.429635,16.089072,137.928039,186642.294897
185,-10.915497,11.137491,4.336893,20.956171,13561.432813
185,-5.83159,2.391817,3.265612,308.129694,7689.132394
185,-16.335266,-3.156232,3.930603,47.268796,11139.516193
186,12.559719,0.263974,8.774082,277.637022,55507.476124
186,7.537618,-4.786485,3.202303,291.568437,7393.889567
186,-1.733607,10.090718,7.117296,120.782531,36523.984328
186,6.013756,13.080618,8.011971,55.28485,46283.569598
186,26.95238,-1.124902,5.987245,298.982413,25846.521515
186,24.359677,-20.583751,16.457063,283.904875,195277.747962
186,6.935023,1.027801,1.466883,8.419848,1551.453483
186,2.517594,-15.562469,13.062009,331.432538,123017.822273
186,-5.813846,-12.02799,2.366796,306.516104,4038.960011
186,-9.272231,-8.87757,4.648244,345.885048,15578.507299
186,14.549798,-6.114151,12.940212,91.058937,120734.343682
186,15.761716,9.536788,5.23677,84.206617,19773.111417
186,19.198154,-5.106806,8.553873,318.483959,52756.216377
186,12.142681,-12.823339,8.524055,298.734141,52389.049798
186,23.236194,-11.691614,6.858175,262.722971,33912.921328
186,8.514022,-10.984583,7.809496,230.260998,43973.811081
186,15.375014,-9.562769,3.490479,163.290154,8784.519895
186,-5.988966,5.675453,4.012332,296.236255,11607.584864
186,11.36568,1.306967,7.474906,154.54398,40286.505162
186,6.283453,-5.517817,5.87374,273.580779,24875.830222
186,17.95236,-5.080766,13.121296,81.153318,124137.087268
186,-11.964414,12.058711,1.303868,122.236668,1225.787486
186,-13.062438,9.472319,8.554789,106.869733,52767.513516
186,-21.858578,3.475353,17.809068,328.597959,228681.208528
186,-14.691295,33.552145,6.500374,29.658394,30466.655883
186,-24.512266,3.913266,7.097234,240.964412,36318.363298
186,-23.140058,-0.075869,6.11518,285.71812,26962.901152
186,-18.04407,11.28234,3.777048,95.078807,10286.155403
186,-18.181703,-2.341723,4.010914,31.223934,11599.38059
187,10.490522,-9.426526,3.977243,35.55938,11405.45023
187,21.236669,-10.634163,6.337376,115.251715,28957.895031
187,16.296956,-20.441152,11.132417,205.667761,89356.678275
187,5.4061,-6.252335,1.43892,208.75839,1492.867037
187,16.179556,-21.421956,15.113264,118.524137,164689.002241
187,18.125002,8.406519,6.494139,252.138084,30408.23207
187,3.5379,-5.072999,2.489969,116.056778,4470.293629
187,22.188783,-0.196857,11.804308,22.810377,100468.323885
187,-2.265738,8.021647,4.970709,156.169415,17814.955683
187,13.453932,-5.283558,9.148782,166.817427,60349.634157
187,8.107901,-5.694984,2.968834,171.348247,6355.061769
187,8.178241,-13.71261,17.962586,246.887063,232640.747037
187,6.286384,-12.995853,11.575496,95.049871,96611.155548
187,13.224621,6.005141,11.309284,231.94095,92218.545898
187,11.574492,-1.482837,15.259811,235.71442,167898.331736
187,10.470509,-2.103616,11.300759,145.826144,92079.571519
187,11.737978,-11.505523,5.106123,243.607475,18798.819065
187,1.162785,0.010884,3.219808,16.282157,7474.946935
187,-5.657316,-5.45855,5.997768,206.747759,25937.453075
187,11.97099,-4.128177,6.172526,138.774414,27470.965915
187,-14.45806,1.331557,7.102345,5.699806,36370.690771
187,-11.694519,-9.963372,15.450173,164.180955,172113.443326
187,-19.29742,4.615658,8.486546,116.524053,51929.006404
187,-22.511238,7.484396,11.492965,72.069396,95238.433095
187,-11.088316,3.610723,5.018556,225.785211,18159.57005
187,-17.731661,10.570901,7.113985,206.640608,36490.011244
187,-15.720005,-17.959905,10.383001,73.938624,77730.937499
187,-19.59988,23.392538,3.798799,307.450945,10404.965394
188,13.424769,2.95143,3.184268,49.264403,7310.839294
188,12.632992,-12.172463,9.392084,134.5807,63602.183889
188,14.333769,5.251554,16.112417,91.201463,187184.318573
188,16.226168,-3.805614,3.480224,347.791162,8732.981826
188,16.708951,-3.45324,10.225402,239.941328,75389.157659
188,7.429466,8.200152,5.596737,230.074961,22584.880735
188,12.004425,-1.335525,13.80306,131.910212,137372.189057
188,6.666122,2.476813,20.942451,130.201071,316230.018023
188,13.117943,-1.047421,8.695063,353.235829,54512.174475
188,9.873636,-1.270975,5.527863,129.525048,22032.442173
188,8.970245,10.04423,5.767562,205.258089,23984.607485
188,14.815615,-2.914642,19.219536,279.486387,266338.460885
188,10.642429,10.923899,3.081478,30.497919,6846.463117
188,5.315221,-3.40547,5.91351,220.114188,25213.824037
188,12.742146,-3.713047,5.308313,199.712475,20317.074358
188,7.855307,7.098757,2.813193,177.088758,5706.199919
188,12.096238,-9.031377,5.60867,105.574251,22681.296689
188,16.244078,-11.240548,4.813848,154.536917,16708.324158
188,-0.502786,-12.078279,1.228757,235.573603,1088.628826
188,16.905164,-7.902392,3.38591,21.446728,8266.067995
188,15.871651,-1.704181,6.955128,341.048402,34878.543783
188,-25.391715,11.5352,9.837651,323.992235,69779.990747
188,-10.936833,-0.817161,6.831411,254.89286,33648.745641
188,-1.303672,3.088154,3.690471,154.256789,9820.004808
188,-17.576281,9.450842,3.478237,119.51606,8723.00945
188,-9.486323,0.06335,4.87753,116.474492,17153.310539
188,-6.884065,0.099371,3.669275,241.317105,9707.528426
188,-23.851559,-19.836898,14.061,127.34898,142554.363033
189,4.958564,5.467233,5.058031,132.414521,18446.378481
189,9.045766,-7.31079,6.125865,74.987569,27057.207894
189,15.654061,2.088267,4.475903,144.898661,14444.731977
189,-6.034382,-8.387704,7.354153,326.748465,38995.406135
189,3.00702,-2.803095,5.632259,92.962323,22872.479403
189,1.817609,-1.683673,3.053798,318.101613,6724.01518
189,12.673794,-7.726461,16.783896,92.945046,203111.08796
189,11.654148,-11.491314,7.525296,176.424033,40831.491057
189,16.882223,-9.907758,14.602905,309.553727,153754.051126
189,1.664303,-7.984196,5.062306,163.932832,18477.567461
189,14.879769,-1.298241,13.311481,93.793054,127761.74881
189,10.200806,4.045488,9.253097,185.891076,61733.694149
189,11.722922,-8.647765,6.338901,296.30668,28971.836145
189,11.867138,-9.184653,10.8401,168.646113,84725.597831
189,18.543817,-16.988353,15.705957,256.989381,177859.431133
189,17.949422,-3.575936,7.233894,189.372483,37730.482772
189,11.013719,-12.765032,9.602148,303.988138,66479.061065
189,5.083735,-1.381518,5.680466,93.322803,23265.691209
189,4.72711,-1.248167,15.602169,275.159201,175516.532408
189,20.240619,-6.123883,5.666373,195.926924,23150.393702
189,-4.800491,6.317142,5.995021,351.899899,25913.705641
189,-25.626984,12.739472,4.215648,260.898673,12813.764399
189,-24.185757,5.182169,10.379269,71.47967,77675.06783
189,-33.895982,11.825089,3.764028,56.292865,10215.363139
189,3.023509,0.688706,8.969646,142.126461,58009.436848
189,-11.657572,23.356274,7.4994,165.288081,40550.952987
189,-32.226344,6.149898,6.87675,232.004513,34096.874112
189,-13.968436,0.663271,7.187568,203.067203,37248.778453
190,22.945066,-3.782064,2.395858,110.578352,4138.758225
190,12.92076,2.424095,9.133055,36.299337,60142.322486
190,0.805258,2.486718,13.148782,283.158016,124657.700845
190,-7.473806,-13.018668,11.175815,303.506656,90054.723385
190,0.630391,-11.851593,17.066854,28.872188,210017.26323
190,11.150898,-13.942844,3.234154,245.639293,7541.703296
190,8.611617,-12.6023,22.112168,44.34932,352541.895455
190,0.666864,-7.022855,1.459461,41.799936,1535.794595
190,1.679641,-5.235773,6.119717,36.84482,27002.920615
190,29.438585,-13.836824,3.641008,257.535418,9558.534352
190,15.810872,-4.175241,5.878107,183.191514,24912.827957
190,19.170378,-18.116937,5.711997,190.726201,23524.69208
190,15.19084,0.405731,9.791279,101.643664,69123.692977
190,17.126519,-10.566389,4.110985,191.194663,12185.39986
190,3.881046,2.291587,4.693572,173.440253,15883.823537
190,8.230186,7.057958,4.94471,182.360561,17629.082183
190,12.970486,-2.219935,5.636071,116.084193,22903.455219
190,10.982484,-8.748679,2.134695,349.304724,3285.638082
190,4.753304,2.205209,6.776157,248.598506,33106.629227
190,10.11122,-4.000138,13.09306,114.550028,123603.390646
190,-34.087753,-17.262777,6.405701,259.405964,29585.669029
190,-5.305599,-0.675274,5.374879,193.041832,20829.819086
190,-15.664699,-10.248058,13.829264,93.185612,137894.257579
190,-27.703002,-2.453426,11.244012,34.123061,91157.13823
190,-6.305635,2.908381,11.717242,245.650193,98991.712337
190,-9.142317,1.095753,8.661925,143.739442,54097.462966
190,-2.223553,-16.891966,14.637491,66.415817,154483.244599
190,-12.419756,14.105343,5.309535,141.528681,20326.429568
190,-12.762668,-4.49306,6.212601,7.506177,27828.837129
191,10.930759,-3.719429,3.049751,195.352263,6706.206356
191,13.378795,-1.587615,8.949321,294.435509,57746.839508
191,21.30889,0.062507,4.528994,110.72792,14789.43555
191,20.764301,0.015288,21.378927,193.760487,329548.905144
191,9.026015,-10.681837,3.393844,104.099933,8304.852233
191,12.507888,-9.385921,4.448763,242.75563,14270.087084
191,12.006011,-10.503573,6.549097,306.379445,30925.090557
191,2.763424,-7.490387,2.977298,0.16345,6391.349191
191,13.461134,3.838704,4.179355,274.584733,12594.085871
191,9.712121,-13.905841,4.72435,286.743677,16092.818784
191,4.013548,0.788763,4.62498,174.84162,15422.960017
191,9.400602,2.142435,5.152125,96.991389,19139.073657
191,3.950126,-0.630811,3.787017,331.801286,10340.524526
191,4.318698,-8.718137,5.854183,221.805516,24710.448343
191,6.295337,3.000882,4.803078,326.219758,16633.645122
191,7.567366,3.289841,9.217509,210.003298,61259.752622
191,22.60692,-3.18423,6.880659,323.210148,34135.651994
191,5.977163,-0.666459,3.148106,39.116516,7145.731694
191,13.743524,-2.482108,4.475437,184.563123,14441.720215
191,-24.677605,0.534842,15.845318,265.87888,181029.77302
191,-28.36784,6.467876,11.57796,125.516477,96652.292918
191,-3.820715,-5.86497,6.970812,230.61281,35036.020336
191,-14.048137,26.441944,7.170242,239.132557,37069.416776
191,-25.046486,20.196543,7.600171,303.432055,41648.06413
191,-27.94871,-8.156204,4.582264,103.980351,15139.389186
191,-13.121374,3.989524,4.598126,214.872954,15244.378761
191,-24.336682,10.925641,6.837564,81.72131,33709.389049
191,-8.155137,-5.861527,4.3239,115.660841,13480.294141
192,15.267574,1.998378,4.967862,314.639748,17794.554459
192,21.221421,-1.689975,4.381181,216.784832,13839.823267
192,14.915067,-19.484983,7.812731,258.441469,44010.242738
192,16.994473,-19.358157,8.873003,285.857414,56766.132177
192,17.033201,-20.709269,7.091568,208.472053,36260.403915
192,8.753283,-10.498823,3.905863,355.794407,10999.730815
192,13.575046,-8.632418,7.055411,104.820276,35891.588325
192,15.507106,-9.831114,4.755163,147.846337,16303.425946
192,16.867829,-13.214281,10.104566,339.316802,73617.896312
192,9.497579,-0.697447,1.110006,294.32133,888.379802
192,0.244755,-8.509455,9.25279,350.622228,61729.600616
192,8.380742,13.600298,3.77204,205.576796,10258.894939
192,8.208783,-3.813559,5.301162,285.030559,20262.366523
192,8.391449,-5.401774,8.484493,8.352007,51903.887838
192,-10.165576,-5.904657,5.872514,326.584462,24865.440508
192,0.21253,-2.115439,9.290536,204.42969,62234.270258
192,11.770837,-3.203584,5.396568,150.675411,20998.264032
192,9.164244,-11.151085,18.42714,284.508896,244829.6205
192,19.520725,-25.349779,9.709985,7.797297,67980.625871
192,-16.963265,15.508459,4.350058,155.604743,13643.889239
192,-16.316404,11.240001,14.737667,261.735556,156604.97691
192,-21.534442,5.689264,4.65006,347.052655,15590.686419
192,-17.084771,8.712167,4.651013,194.724324,15597.072919
192,-22.597513,13.250648,5.499952,338.339795,21810.508643
192,-3.710344,-5.766576,8.272532,3.923838,49342.936918
192,-16.608602,15.820787,2.761417,301.971976,5498.091568
192,-28.317243,19.104436,3.925182,301.568794,11108.811462
192,14.581838,9.26175,4.781064,118.609695,16481.517797
193,12.658718,-2.079449,8.598006,203.180476,53302.00271
193,4.756407,-4.450327,4.117531,8.424749,12224.241196
193,10.376897,4.988525,3.580555,324.894051,9243.76078
193,13.932146,-13.45738,8.786536,202.073872,55665.163867
193,9.759294,-12.158606,3.985103,325.327545,11450.57462
193,11.766101,-1.433325,4.100133,28.477993,12121.152098
193,25.570904,-6.81681,13.581222,348.235291,132992.077987
193,14.060008,-5.973571,11.344073,66.683707,92786.782427
193,18.927508,-10.068375,14.684342,263.180791,155473.747475
193,13.016766,-21.318355,14.866206,93.563093,159348.645276
193,8.827771,-22.507749,5.39448,204.797167,20982.015565
193,13.499071,-15.3549,5.750399,225.199281,23842.070356
193,11.63852,1.841158,12.000675,330.40301,103838.736948
193,10.228109,1.279492,5.948656,7.293721,25514.423823
193,-0.751181,-6.257534,5.254932,118.335715,19910.504431
193,8.482017,-4.500799,8.235169,104.917685,48898.224197
193,11.893838,-9.805454,6.06838,45.035565,26551.782475
193,4.826103,-4.760532,7.017025,239.772119,35502.105773
193,8.638436,-6.513016,3.493496,324.516398,8799.712946
193,-26.84206,-10.846279,3.481026,324.058297,8737.007535
193,-7.286917,5.572113,3.948735,307.077791,11242.529785
193,-4.414661,0.053609,4.82551,327.636361,16789.375141
193,-20.488874,-3.719327,3.784754,217.591176,10328.171213
193,1.030058,8.444619,9.57595,341.919667,66116.797127
193,-22.782419,-18.783029,22.671148,81.725092,370591.204713
193,-27.623952,7.900513,6.739077,143.018621,32745.295384
193,-20.928112,2.425686,5.456096,88.853057,21464.069269
193,-11.243682,-11.428404,3.653373,317.923196,9623.570104
193,-6.629596,11.501634,2.768406,61.723995,5525.958096
194,9.685111,-5.302763,2.914531,224.265172,6124.706905
194,4.718439,6.565956,3.340965,246.685864,8048.075368
194,2.18204,-1.740016,7.725278,300.24997,43030.489361
194,9.868817,-3.00217,9.47254,235.202821,64696.533039
194,7.649134,-1.241521,5.991236,10.196934,25880.995919
194,11.39649,-1.664265,5.506427,114.297339,21861.89633
194,7.954112,-10.87932,9.176034,77.391196,60709.701634
194,15.4202,-1.894957,4.261248,60.830054,13092.472309
194,11.986501,6.442841,2.779734,193.535538,5571.275159
194,20.583444,2.384341,2.537251,198.856899,4641.677404
194,6.09608,-0.215677,2.564104,208.724737,4740.447476
194,16.456249,-7.434242,6.5584,190.742467,31013.003387
194,3.42908,6.238873,9.181097,15.624857,60776.718811
194,7.016759,-0.657432,4.906179,152.697864,17355.410406
194,9.911527,2.392007,5.900289,327.640009,25101.206845
194,12.122539,-7.193049,8.32345,103.85229,49952.217517
194,-3.045106,-6.882334,5.361958,109.30835,20729.786536
194,15.355647,-22.901718,10.093625,122.011559,73458.555142
194,-10.682125,-0.051663,5.691373,152.476385,23355.122184
194,-17.613361,-13.031666,4.824531,293.910697,16782.564368
194,-12.769043,1.50487,4.227999,57.937057,12888.958841
194,-13.10868,-1.280582,4.067722,346.585445,11930.278446
194,11.87369,3.590704,13.140673,11.78922,124503.998334
194,-22.361658,13.238825,7.486756,24.791596,40414.337285
194,-17.375145,-23.641407,11.519751,2.576234,95682.88762
194,-3.13682,6.136939,13.43569,99.137572,130157.148402
194,-0.536059,3.8808,10.12243,132.975281,73878.422367
194,-18.116612,6.857834,10.179166,267.128327,74708.919748
195,17.043003,-2.226802,8.13048,124.323243,47662.901896
195,14.50672,-3.097806,7.326865,119.31699,38706.545587
195,-4.426245,-4.631219,13.607203,87.660351,133501.397533
195,1.004038,-5.054857,3.064567,337.091943,6771.521189
195,12.483182,-12.221961,18.109938,316.850902,236473.238033
195,16.351533,-8.297058,5.885847,103.380655,24978.478537
195,12.211799,6.162552,6.268913,46.161626,28335.605767
195,17.083161,-3.093312,23.391533,342.770566,394516.757751
195,1.060317,2.090664,5.121299,179.637912,18910.728647
195,17.611045,-2.931587,9.215505,92.481657,61233.11398
195,8.206644,8.40005,9.881475,91.136502,70403.080516
195,14.1861,-2.75036,5.417062,186.549916,21158.05292
195,21.409974,0.745109,12.282007,58.502693,108764.391933
195,12.268148,-12.746761,14.990981,205.546176,162034.752569
195,18.575924,14.79836,8.461873,196.957792,51627.496493
195,12.743888,3.038167,3.337273,111.747633,8030.293895
195,10.741384,-9.115068,2.035123,26.526653,2986.273663
195,10.312603,-0.95827,5.238045,317.190439,19782.742515
195,6.014065,-2.350744,2.490505,88.578502,4472.215816
195,-11.272199,-2.516937,5.810701,53.488111,24344.738226
195,-15.020957,12.976641,6.270792,265.467791,28352.59461
195,-5.350595,21.334072,3.955938,141.355229,11283.585789
195,-19.44348,1.636954,5.21316,187.773621,19595.219063
195,-11.488371,-9.035708,8.486777,85.824754,51931.835067
195,-7.660976,2.651042,6.620713,120.616867,31605.131676
195,-18.241867,-1.293475,7.231204,287.586851,37702.422224
195,-32.012303,-1.750502,8.43397,15.380959,51287.582352
195,-21.918533,-3.377202,4.310684,127.851435,13398.014033
196,9.547339,11.720931,5.357994,146.156264,20699.148263
196,13.639741,7.013456,6.680702,207.308884,32180.463087
196,12.102706,2.061816,12.838465,186.400842,118843.190478
196,8.436822,-4.110655,4.207294,35.771634,12763.030425
196,11.770778,-4.50119,11.984997,179.867298,103567.600701
196,17.143147,4.71567,19.099692,53.341188,263027.279625
196,8.276473,-1.548907,9.408104,49.636753,63819.338678
196,8.723525,-7.078592,9.227128,175.156756,61387.674532
196,11.164458,-10.18296,8.094781,2.369527,47245.261256
196,7.474807,0.780007,5.556152,104.63836,22258.519196
196,14.501898,4.070956,5.122797,168.681436,18921.79319
196,19.677913,8.952062,8.848824,166.488856,56457.181662
196,25.48196,-1.921434,10.178565,234.031872,74700.100596
196,13.322454,-9.077556,7.733499,191.733283,43122.125629
196,8.400116,-7.284681,4.484378,161.128808,14499.479526
196,4.464012,-1.500511,1.182308,20.054943,1007.881058
196,4.314606,-1.32772,4.579135,136.116385,15118.717365
196,3.084197,2.614341,10.680729,337.589836,82252.645329
196,-31.221174,-14.513078,4.20957,164.164382,12776.844188
196,15.578793,-3.917444,12.494055,0.036992,112552.433034
196,-11.51848,10.268633,4.679332,126.663565,15787.58642
196,-13.623279,3.929387,10.163927,83.958442,74485.396719
196,-25.83573,7.446967,5.159445,355.322867,19193.492729
196,-1.292434,1.894094,4.00834,178.070527,11584.495667
196,-6.450322,-6.156182,4.183447,238.908251,12618.760503
196,-11.475251,-14.595025,10.659323,52.045921,81923.276232
196,-26.040401,5.208119,3.81686,222.444844,10504.138722
196,-21.014349,8.006424,13.083938,190.750089,123431.226681
197,8.942233,-7.64172,4.413258,184.833553,14043.222376
197,7.379516,-4.273997,13.831276,96.071699,137934.391951
197,7.728735,12.945258,9.131307,74.587506,60119.300618
197,-0.86011,-2.024775,4.856202,122.844453,17003.627875
197,9.269926,-2.386776,3.995886,44.167954,11512.62371
197,9.221151,6.380897,6.605076,247.815878,31456.015363
197,2.471763,-17.240174,7.948329,149.206586,45551.187736
197,26.670838,1.972763,8.08052,271.505287,47078.939648
197,13.667162,3.418128,4.515595,217.924095,14702.05641
197,10.428158,-20.551572,10.208232,334.630987,75136.187686
197,11.304029,-8.215828,11.897954,357.57105,102068.719548
197,8.900658,-1.54922,8.891729,199.103471,57005.991069
197,6.031722,-0.376848,5.31964,86.423843,20403.87102
197,22.405532,3.346337,4.050803,323.824708,11831.243921
197,19.414109,0.117706,8.849014,271.039314,56459.605419
197,3.188907,5.316295,4.276084,304.550236,13183.795161
197,9.982189,-1.42618,3.854195,135.892815,10710.642749
197,-17.165981,-3.366992,5.534703,180.825107,22087.003161
197,-16.681887,-2.126661,8.812793,223.278801,55998.347271
197,-23.248741,4.229128,10.080801,164.585626,73272.012776
197,2.439015,5.206807,11.112835,329.740459,89042.588551
197,-19.474803,2.964026,3.371268,331.929389,8194.731719
197,-1.827207,4.645905,6.733671,139.95373,32692.7817
197,3.6394,-3.46081,13.505398,11.41327,131511.228002
197,-21.953243,7.090329,7.053127,164.121731,35868.354225
197,-14.669201,-8.694765,4.951646,133.795635,17678.571855
197,-12.181051,0.280753,7.356673,15.652811,39022.12973
197,-27.746399,1.190443,12.559038,233.521443,113726.284374
198,-7.53018,-7.43636,8.996267,13.58542,58354.279077
198,17.629109,10.23926,12.694193,195.33422,116187.197045
198,9.953735,-2.355767,11.143496,100.078405,89534.627241
198,12.868512,1.059565,7.490042,184.445004,40449.818732
198,7.060511,-11.268369,10.112364,277.053961,73731.566639
198,11.738778,-0.289875,5.389529,276.347043,20943.523868
198,7.354581,-12.47379,1.909843,30.76816,2629.926174
198,21.593114,-8.615144,15.229583,177.753624,167233.821182
198,6.017376,-7.824245,9.087598,354.587109,59545.137899
198,11.096833,-5.833536,9.975104,299.034082,71743.561055
198,8.328655,21.067029,6.927878,306.429785,34605.766998
198,7.129015,-7.706057,5.939614,348.914158,25436.917174
198,9.034469,-3.871709,3.4141,332.383835,8404.280213
198,19.531074,-15.805397,7.049632,309.619778,35832.820374
198,11.884677,1.667523,3.524872,237.859895,8958.491059
198,14.799664,-2.410256,8.208231,177.971676,48578.853822
198,-1.511139,6.264229,18.125976,122.172104,236892.261079
198,-1.400977,-6.846758,6.245658,215.559026,28125.772685
198,1.357748,-2.191346,12.430729,163.756254,111414.385127
198,-19.854349,12.855323,12.28521,80.995455,108821.127395
198,-18.529902,10.748623,9.555385,185.285547,65833.120135
198,-17.42359,6.188438,13.512219,212.126326,131644.097894
198,-13.530886,-5.603863,4.735138,224.616992,16166.40377
198,-9.439877,-24.273029,31.644363,50.346358,722005.991559
198,-12.544282,0.379007,6.484221,4.724757,30315.422507
198,-12.98528,14.032114,16.073595,63.531862,186283.37799
198,-38.314682,-1.027765,4.031972,150.35221,11721.498643
198,-18.149032,-21.361878,6.707155,91.384413,32435.815654
199,13.934841,-1.989645,4.582515,177.366613,15141.045234
199,12.761795,1.068152,2.388006,247.794763,4111.677199
199,15.999186,-21.263521,7.40198,24.192594,39504.254747
199,-0.656633,-1.462788,3.77419,337.124581,10270.59617
199,5.41232,-7.858457,2.246076,258.286582,3637.450232
199,5.740952,0.570472,6.467403,80.250012,30158.37395
199,16.26778,4.175486,3.434947,199.686828,8507.228695
199,13.72054,-25.225281,10.186742,323.85689,74820.174105
199,14.962419,-9.054898,2.857769,349.689752,5888.469892
199,8.134124,-2.076344,6.203973,356.637562,27751.586756
199,16.000311,-24.142235,7.513199,6.704709,40700.322117
199,5.659292,9.62519,3.587658,211.467763,9280.475585
199,6.526473,4.539049,8.430812,228.141992,51249.169968
199,9.28777,-8.158374,14.229405,193.290989,145989.484578
199,4.451254,8.383253,12.98642,21.573942,121598.14128
199,3.079107,-16.855566,13.427473,354.98436,129997.995428
199,-21.515204,22.060681,13.560835,122.110167,132593.111824
199,-13.927435,-1.891476,3.92814,60.915719,11125.562462
199,-22.951364,-11.708336,15.072563,67.061593,163803.160849
199,-22.090845,-10.393365,5.460713,62.696755,21500.410479
199,-14.376074,4.860281,3.224188,176.567388,7495.298049
199,4.520408,8.285165,5.05341,359.43498,18412.687754
199,-29.294727,8.334141,9.708966,264.428124,67966.359239
199,-12.746339,5.611901,3.454743,317.127224,8605.566871
199,10.825107,23.337844,9.717608,126.964208,68087.417238
199,-6.39421,-11.593736,4.973891,14.268219,17837.775114
199,-14.141188,1.280957,7.805115,287.115386,43924.490173
200,5.853825,4.612912,9.139521,163.885195,60227.520295
200,10.32272,-13.688661,5.216897,93.907621,19623.32787
200,14.955517,-14.82973,10.998719,66.402281,87223.246863
200,9.253399,-0.668999,16.766716,63.842608,202695.501638
200,9.883682,-14.06225,12.504424,191.307601,112739.330322
200,2.405515,-1.633139,12.267156,102.493615,108501.51817
200,14.000539,-9.879692,4.338623,137.517645,13572.250555
200,15.352321,-14.723208,8.859043,318.808148,56587.658524
200,15.570357,-21.963188,7.547697,171.118439,41074.949984
200,7.535723,7.444601,2.840212,66.909246,5816.338844
200,11.147349,-11.152583,7.049923,141.247952,35835.781668
200,23.594251,0.818591,3.644684,95.583248,9577.845089
200,-2.558379,5.092917,4.688401,162.428939,15848.844288
200,13.773353,-0.93816,5.928384,164.418735,25340.820763
200,12.736995,-6.806726,7.713342,35.649037,42897.620828
200,6.010889,9.929188,6.5703,33.982266,31125.649706
200,-6.813581,-3.390019,4.046881,147.735663,11808.340228
200,-17.223102,-8.444522,7.389657,29.679579,39372.828686
200,-13.577058,-7.812206,3.448644,42.620867,8575.210432
200,-25.829928,-6.117139,7.060271,75.668613,35941.056652
200,-12.522016,7.040607,7.760635,45.029757,43425.276705
200,-10.326686,-5.400819,11.787171,110.513909,100176.814891
200,-12.106981,-9.436564,8.334577,186.228533,50085.869805
200,-18.95904,-19.888206,6.27109,204.021254,28355.291645
200,-21.327408,3.029433,8.156773,254.538481,47971.669984
200,-5.146356,-1.280413,7.851159,222.272619,44444.25773
200,-7.221629,1.263424,10.540556,14.422165,80107.849422
201,16.188965,-14.85217,8.524719,190.337956,52397.213692
201,24.627978,1.236449,5.239987,129.553526,19797.412596
201,17.59233,3.441582,7.204113,106.90198,37420.455242
201,13.017712,-4.257361,3.049276,150.310885,6704.117849
201,10.689665,-5.447451,6.534638,251.698966,30788.684437
201,10.163413,-11.198559,11.946782,144.669501,102908.187572
201,7.329753,1.325461,7.658779,20.481451,42292.866045
201,9.378803,-3.984276,6.136338,230.673981,27149.795793
201,14.119557,4.376781,12.600482,347.154497,114478.088399
201,20.034969,-8.176398,7.861059,214.385179,44556.409755
201,9.410219,-3.894173,3.808754,307.698093,10459.572511
201,-5.647081,-0.801657,12.977639,328.455613,121433.757137
201,14.221478,-18.29964,2.103772,112.070026,3191.137766
201,19.095501,-11.808579,2.48069,301.830519,4437.036097
201,10.062268,4.766417,10.755373,203.685461,83406.336529
201,-26.526415,-2.019429,5.593315,339.932154,22557.276512
201,10.805962,15.948845,14.883314,175.672203,159715.618284
201,-19.578151,3.985896,16.669258,160.252674,200345.960752
201,-17.420556,-8.059779,22.513133,94.093911,365443.251458
201,-11.58193,-3.950332,7.430356,261.183835,39807.725664
201,-9.843023,13.971214,5.505984,15.381091,21858.379151
201,-8.517406,-5.188498,2.293186,169.053522,3791.635115
201,-10.650955,2.213687,8.317311,344.657861,49878.56483
201,-19.87405,3.135958,9.653648,227.608112,67194.073969
201,-4.18423,-17.241487,6.577209,207.695464,31191.147601
201,-12.14102,3.716816,5.179882,143.092252,19345.850636
202,15.955228,-13.42811,4.139552,213.357041,12355.339043
202,16.785319,-9.710087,4.420019,238.347389,14086.282582
202,17.356937,-13.300187,10.436081,58.379984,78527.708105
202,10.921973,-8.315031,4.835675,18.887329,16860.182222
202,10.466932,0.549232,8.983009,357.127474,58182.415061
202,7.701014,-5.304888,5.16058,263.276192,19201.936251
202,18.500677,-8.291158,7.084153,250.864887,36184.608418
202,13.798767,1.05036,10.745112,206.658915,83247.269448
202,16.103321,3.102865,9.531823,254.102866,65508.861418
202,14.773518,-6.658716,5.534137,75.122073,22082.478437
202,5.276811,5.912601,5.015696,213.499726,18138.87859
202,12.612493,-12.902351,28.74051,129.240781,595575.770649
202,2.797828,-10.678241,7.242114,288.276307,37816.273879
202,6.938889,-6.237912,2.606796,100.821492,4899.619161
202,11.15519,-14.643128,3.354349,139.894007,8112.682627
202,0.290252,8.323569,7.18081,215.570439,37178.760801
202,2.905033,18.248049,8.693693,29.709451,54495.007275
202,-1.551805,17.274768,10.952937,203.250826,86498.631743
202,-16.427696,3.060488,9.608833,261.04525,66571.652267
202,-6.237862,10.184592,15.454416,93.119488,172207.974791
202,-17.26516,6.328778,2.056924,33.349483,3050.5965
202,-4.578096,-20.462215,2.272012,243.137251,3721.940257
202,-17.216404,-3.478087,10.369422,319.947992,77527.748283
202,-23.879808,9.899477,6.992567,332.151055,35255.053055
202,2.96081,15.436982,4.23056,166.581372,12904.575434
202,-15.862418,2.072366,10.443897,59.75366,78645.376859
202,-14.422755,0.580199,6.105827,95.093334,26880.485686
203,15.763325,-14.713838,5.710214,5.514943,23510.013787
203,13.646459,-1.91462,4.502699,49.181662,14618.197593
203,1.484617,-21.090611,6.026558,12.695072,26187.059695
203,5.853485,-1.83649,4.148837,153.82937,12410.831491
203,-16.996431,4.302619,6.714014,344.394235,32502.18139
203,11.474386,-6.044831,3.475589,319.807536,8709.734177
203,14.756841,3.234718,14.522057,160.637268,152056.267531
203,10.054913,-10.320972,4.763043,286.556667,16357.504949
203,12.513297,-10.012165,5.753571,84.127953,23868.384696
203,5.861214,-10.414551,13.504959,337.364462,131502.673432
203,9.261444,5.183685,3.103778,54.742259,6945.914316
203,6.66407,4.610913,20.902772,338.416844,315032.848947
203,14.183229,18.00905,5.317254,332.823623,20385.568696
203,4.788268,-1.912364,2.219888,155.25093,3553.123665
203,14.372735,11.183668,4.687654,255.840624,15843.795407
203,2.49455,11.81801,4.486236,56.424013,14511.497718
203,-13.734701,1.631207,5.515733,55.897175,21935.857659
203,-12.532671,8.452402,26.165933,23.77726,493651.553503
203,-28.060523,4.656426,8.454359,252.301791,51535.85061
203,5.272999,11.006422,9.793355,67.46559,69153.007161
203,-21.203569,9.744295,5.458592,276.685974,21483.714168
203,7.773981,3.237837,7.507216,261.810926,40635.531905
203,-8.219846,1.786737,11.971093,39.532517,103327.443791
203,-2.572503,-3.367645,9.335649,235.49185,62840.138523
203,-12.556655,4.596245,9.646611,316.032495,67096.147075
203,-13.488215,-1.133885,16.939909,15.634977,206904.624941
204,10.016914,-7.98122,5.608262,35.587976,22677.995522
204,9.916013,-7.42645,7.593205,242.946254,41571.746873
204,7.754249,-3.729232,4.486563,190.392426,14513.613883
204,2.454045,5.55734,2.961278,192.725562,6322.75524
204,10.331087,-15.86217,6.757647,141.266903,32926.010205
204,9.931503,0.493809,4.576649,1.812361,15102.307813
204,8.596587,-2.7501,9.88848,159.034717,70502.924518
204,5.795534,4.968902,27.982094,313.981025,564557.906928
204,9.748372,-6.188915,6.01877,333.459171,26119.426313
204,13.05359,-2.632654,4.540857,262.347928,14867.011467
204,2.201458,-13.778447,10.785971,272.255907,83881.570587
204,3.968636,-0.779326,4.403388,263.892464,13980.477284
204,11.221691,-18.080479,10.025444,36.424931,72469.506137
204,16.62763,1.704308,3.449383,135.504115,8578.884629
204,-8.081798,10.582567,8.899774,254.049426,57109.199215
204,-3.431886,14.78708,2.878216,28.973907,5973.032592
204,-13.780425,3.668428,6.032324,334.026889,26237.19837
204,-1.27525,18.76043,10.04278,26.096798,72720.344777
204,-9.531274,5.61733,3.941247,113.877822,11199.930307
204,5.53741,-11.795654,10.652176,259.598943,81813.463647
204,-6.94324,10.413584,3.651554,6.158466,9613.9891
204,-26.909771,2.954728,9.180773,338.750503,60772.429192
204,-1.297042,9.175796,5.897487,78.645244,25077.376503
204,-19.298855,-9.82798,7.899297,129.561987,44990.930717
204,-26.141352,3.494572,9.341227,262.084806,62915.249186
204,-16.29169,-10.283188,4.937053,102.742885,17574.529659
205,7.245812,-21.558281,8.161481,230.901686,48027.064058
205,-1.267328,-1.734109,9.627723,206.443939,66833.6637
205,5.943331,0.593858,6.873471,163.523057,34064.365909
205,12.199173,-0.760315,3.885484,7.915746,10885.250006
205,1.014093,-0.816788,8.858421,204.497302,56579.703719
205,9.990886,-4.958623,11.98572,313.781169,103580.098334
205,7.049371,0.492059,8.281191,349.796627,49446.290624
205,1.986913,-5.473113,6.290098,166.766428,28527.449899
205,12.820459,-5.47246,5.603237,269.606949,22637.37081
205,3.888454,-7.357817,3.631971,244.39874,9511.146468
205,14.506187,-4.681586,5.707203,257.368452,23485.22299
205,13.79714,-10.405168,6.609286,209.104451,31496.129312
205,7.311729,-1.099881,9.828552,25.415509,69650.97339
205,-19.524211,18.690756,4.248696,47.181583,13015.455324
205,4.577977,-9.338973,1.386938,332.84814,1386.955178
205,-24.100254,-1.820742,3.783508,169.201999,10321.372615
205,-9.474694,3.020874,5.188906,292.019055,19413.316529
205,-25.190167,27.840966,4.518949,56.210127,14723.90563
205,-12.615495,8.393283,4.572699,348.057358,15076.249733
205,-18.003771,5.195179,2.258797,171.403029,3678.768786
205,-19.094865,12.625699,5.578185,231.993119,22435.406986
205,-31.214217,27.594533,8.770029,327.3531,55456.20403
205,-19.56267,-0.894532,12.304063,250.810764,109155.392458
205,-18.996504,-5.681339,7.837566,174.103727,44290.496252
205,-12.744034,-5.7952,11.82652,22.100632,100846.770694
206,10.949506,-4.299168,9.762979,232.980847,68724.689273
206,9.742548,-0.661286,6.14664,254.136877,27241.037942
206,18.691053,-20.126707,5.64023,313.336563,22937.272039
206,6.461957,-5.711214,8.797523,294.820419,55804.458766
206,14.8165,-13.17988,15.27896,5.838519,168319.987186
206,11.143721,-2.19858,12.172718,161.919114,106837.367548
206,16.713505,-14.504712,4.119523,274.221478,12236.07087
206,17.24864,-11.429014,5.651285,163.469061,23027.272472
206,15.715625,-6.523346,9.792175,209.613023,69136.343172
206,18.633556,-6.846463,18.665686,349.470354,251209.463547
206,11.16075,-14.544347,14.476814,67.669584,151110.301629
206,15.15462,-10.655206,6.472264,177.55362,30203.727058
206,16.030157,-3.666048,7.893634,158.089766,44926.444205
206,-0.068083,-12.049155,7.725536,129.873085,43033.365046
206,-11.857629,5.805143,13.207997,47.652411,125783.011324
206,-7.847451,-8.364583,12.347431,59.558005,109926.213548
206,-7.107885,-4.35495,12.277292,327.124269,108680.907179
206,-16.284577,-3.4268,6.851646,172.392921,33848.380614
206,-4.562412,11.298252,8.911019,103.417736,57253.595858
206,-11.442037,8.202724,11.649977,42.903279,97858.424024
206,-20.592939,10.106774,12.531493,131.112724,113227.969342
206,9.823786,-2.353625,4.121969,155.227492,12250.602904
206,-17.171349,34.590378,4.893515,14.727566,17265.929962
206,-27.515029,-5.436184,8.914449,190.084576,57297.68135
206,-14.842778,8.799001,8.265401,331.888464,49257.898678
207,12.648252,-1.515544,5.155861,224.992423,19166.839387
207,14.122369,14.179836,11.502381,59.716637,95394.550416
207,3.121605,-3.754421,5.344465,89.351191,20594.75293
207,11.75799,-13.552217,5.67585,201.886542,23227.898931
207,12.981618,-18.345504,4.508753,88.251909,14657.534257
207,5.568183,1.681198,1.955463,257.116178,2757.065453
207,-12.106961,-13.396005,5.72288,159.863105,23614.427046
207,3.075203,-5.853458,3.190119,141.072993,7337.731291
207,0.399618,2.536184,3.762254,45.270137,10205.737455
207,0.118549,13.377078,8.305166,244.895907,49733.000059
207,-15.620636,2.356427,5.022626,295.264168,18189.040753
207,20.462235,-9.686931,14.247453,108.977076,146360.049864
207,2.643943,-4.707446,9.937946,353.981088,71210.060265
207,-10.77517,19.451136,5.895777,32.517471,25062.832277
207,0.182599,-7.357869,3.336801,10.769942,8028.023337
207,-12.061286,-6.559723,9.242127,220.197666,61587.411459
207,-3.368659,6.103136,7.212532,72.067105,37507.971695
207,-9.059382,11.717865,4.144915,122.980281,12387.375796
207,-18.838228,9.399143,4.889859,116.347298,17240.140642
207,-6.43901,-4.563273,5.132546,161.453307,18993.882328
207,-8.676972,-2.284586,8.681139,185.655868,54337.733275
207,-17.483281,4.609693,5.04639,236.029711,18361.568103
207,-0.841232,1.268907,3.313474,33.668737,7916.169937
207,-3.142108,-0.142348,8.211015,205.490576,48611.803428
208,9.209985,-2.052531,4.774574,115.467005,16436.805208
208,12.120886,-1.942911,11.086006,161.256951,88613.173059
208,10.338848,-6.149078,4.377751,112.214324,13818.156341
208,16.446172,-15.16384,9.671172,184.767245,67438.254175
208,6.990931,-6.718404,7.348607,263.519817,38936.605148
208,20.314028,-3.26358,7.862538,221.83783,44573.178729
208,5.455791,7.044853,8.747052,133.732143,55165.999117
208,14.757556,1.814724,3.488423,350.23056,8774.174316
208,9.675779,-7.548589,6.181464,271.47932,27550.58135
208,5.396152,-3.389964,7.139848,148.74843,36755.814741
208,12.464941,2.889557,10.957918,349.210439,86577.319152
208,8.728302,-6.279802,2.142964,102.744713,3311.141694
208,-4.615313,4.449289,8.316704,177.652686,49871.286378
208,-30.238142,-5.596665,6.153934,342.182789,27305.730115
208,2.940531,-8.443187,8.916103,79.313248,57318.951989
208,-14.538214,1.368236,5.04674,243.619422,18364.111157
208,-23.326273,-6.940649,5.504028,304.146548,21842.853623
208,-21.117573,-17.240613,7.671522,195.526224,42433.72648
208,-11.004843,-1.055675,13.328369,117.944676,128086.121788
208,11.224565,-3.466176,3.604799,90.343106,9369.366215
208,-5.636542,-4.55462,4.36148,35.680137,13715.634988
208,-16.007845,1.003231,8.530156,316.185827,52464.077993
208,-16.788676,-9.064543,6.54533,89.121517,30889.520096
208,-20.436305,15.04534,7.491621,109.663952,40466.874323
209,10.062569,-7.98573,11.140304,34.006478,89483.3379
209,2.033467,-5.669441,5.107836,334.689922,18811.438667
209,9.582014,3.581646,8.48276,2.93582,51882.684166
209,15.039916,3.102115,8.141524,151.338112,47792.476149
209,13.426236,-9.96131,3.151909,119.974789,7163.007443
209,12.686421,-3.488817,5.531368,268.5051,22060.38995
209,14.457382,-18.002567,6.545589,321.841379,30891.96481
209,16.601164,7.107103,2.875766,47.803735,5962.86675
209,7.353978,-2.963423,5.044666,224.905251,18349.023213
209,-3.249072,0.995248,8.709045,345.495489,54687.638532
209,12.34866,-11.900424,7.539896,184.04818,40990.082493
209,-12.940457,-13.991822,2.66188,264.597797,5108.872769
209,-1.966636,-7.821151,7.98156,178.91124,45932.875795
209,-5.410111,-14.790856,3.806442,161.682879,10446.875639
209,-23.215815,-8.555894,4.028044,99.912089,11698.672496
209,-28.81265,4.23153,3.966145,141.456011,11341.88279
209,-9.886858,37.152531,5.120933,266.650142,18908.028259
209,-17.02855,22.782501,3.314226,229.161828,7919.765755
209,-25.942085,1.394907,8.121745,211.610185,47560.537233
209,-7.109246,7.547905,4.735856,205.553481,16171.307241
209,-10.886834,11.892617,5.670839,10.70426,23186.898221
209,-19.359252,6.216207,8.535399,6.781776,52528.582319
209,-0.983817,6.707916,4.134534,258.275162,12325.407112
210,10.261477,-19.058858,4.791454,70.789552,16553.228769
210,8.458861,7.283957,8.857463,98.538546,56567.468318
210,5.348984,-10.261161,5.040848,265.223348,18321.258547
210,6.568238,-10.275457,10.606204,265.602933,81108.806106
210,12.537128,-5.562602,5.062562,345.508563,18479.436801
210,14.374573,-18.836692,9.717984,21.16212,68092.685406
210,13.150875,12.598376,5.990459,66.744085,25874.282484
210,11.071341,8.583372,6.179004,323.956308,27528.656996
210,12.082506,-15.569591,8.179356,66.235508,48237.671596
210,10.535386,-3.118111,12.073006,199.746211,105094.23201
210,8.731542,-4.218533,5.446118,300.014071,21385.633595
210,-9.666839,1.80793,4.090277,1.441724,12062.948004
210,-12.819001,7.23622,6.735322,165.35129,32708.818733
210,-16.127473,10.639576,4.045864,284.663036,11802.409396
210,-11.164356,11.056014,9.242817,230.087864,61596.606956
210,-12.854601,16.067952,3.692071,157.749452,9828.518453
210,-12.39885,9.673111,2.615739,11.895017,4933.294286
210,-0.3681,0.495555,4.006483,118.813558,11573.76589
210,-11.232814,-6.60053,5.110186,154.298679,18828.750698
210,-17.259772,6.763553,9.266774,284.493422,61916.329497
210,-15.881646,-9.750393,6.032376,90.549707,26237.649876
210,-5.119478,6.425258,12.45562,278.384078,111861.026865
210,-13.917749,-4.013706,4.495617,76.243428,14572.251785
211,5.876274,7.384663,7.815209,40.752541,44038.169566
211,16.343666,-2.386702,4.989713,63.339289,17951.437838
211,-2.170921,5.134565,4.806475,213.962006,16657.180241
211,6.692749,8.119356,15.40054,116.528146,171009.398671
211,5.556408,-3.495926,10.511995,285.696186,79674.31328
211,4.872026,-1.279948,4.995494,349.493437,17993.059667
211,22.571991,5.071605,8.412861,105.809925,51031.172257
211,6.981852,-3.858852,8.608852,150.808542,53436.569797
211,-1.416503,-5.170375,10.900249,226.561885,85668.456218
211,9.810939,-4.466274,3.817423,333.544237,10507.240838
211,-7.739837,6.667099,5.718813,52.434795,23580.871309
211,-16.738037,6.671201,3.778597,296.792184,10294.591724
211,-5.953303,15.69191,2.602722,127.39233,4884.313147
211,-8.685051,-13.091117,11.239252,109.29071,91079.966394
211,1.392299,6.993732,8.009578,23.041422,46255.924383
211,-9.225978,-3.35297,13.343942,70.025282,128385.606946
211,-24.526478,4.067615,4.306772,161.556264,13373.71031
211,1.886219,13.483956,9.698738,258.099972,67823.237074
211,-12.728548,12.153019,14.968189,284.245259,161542.41739
211,-10.161331,-2.090436,3.779793,31.500383,10301.112676
211,0.048677,16.07231,10.277259,168.603537,76155.751536
211,6.674704,-4.807446,4.746189,19.992456,16241.949126
211,-8.888153,-9.237682,20.936283,73.099407,316043.782655
212,12.395603,-0.575688,3.23626,182.067252,7551.529934
212,2.947836,2.712315,10.199506,56.48719,75007.783502
212,5.099803,-7.058288,4.61532,133.759776,15358.601676
212,5.30466,0.96926,7.292383,308.294404,38343.081253
212,6.056364,-6.411477,21.009783,359.456164,318266.698485
212,12.068977,-18.824425,6.924772,300.037862,34574.753347
212,11.008034,-26.772554,11.136138,2.614777,89416.413857
212,10.045145,5.302399,7.57458,14.701362,41368.062721
212,12.824171,4.53386,2.007437,259.972042,2905.575006
212,13.682105,7.444379,7.760061,282.957851,43418.847348
212,-27.244294,15.843166,3.092149,165.13168,6893.96195
212,23.655996,-2.216415,8.427278,50.186194,51206.21907
212,-14.692203,13.673578,1.872193,113.365382,2527.257168
212,-19.751531,4.06997,11.826175,280.538408,100840.897553
212,-15.216898,-0.180881,9.362086,341.626844,63196.540129
212,-5.317491,15.407869,4.57269,192.980476,15076.18644
212,-33.28607,7.51434,15.177263,196.254447,166086.752703
212,-17.162211,6.815545,7.031181,72.18389,35645.49835
212,-4.017076,-4.681054,6.712283,57.20633,32485.426548
212,-19.245138,18.126597,4.368206,275.94841,13757.966943
212,-4.738059,15.348398,4.056366,141.62243,11863.760385
212,-1.559287,2.562367,5.543529,169.956466,22157.498265
212,-0.409413,-7.987267,2.653316,259.666157,5076.051799
213,15.312231,1.815322,5.474385,134.792891,21608.210566
213,8.529669,-7.264146,5.235313,335.889963,19762.114668
213,15.841103,-7.622884,4.759492,83.340373,16333.125015
213,8.414677,-12.791437,7.364288,151.136271,39102.955941
213,9.578416,-2.299755,2.611716,324.056553,4918.13094
213,8.21553,-0.362074,3.760308,328.788029,10195.178845
213,0.370533,-13.642292,2.677226,4.703232,5167.949937
213,14.61207,1.487823,18.110478,185.278757,236487.332454
213,4.109505,4.270895,13.859175,298.984459,138491.414051
213,-18.615899,-1.222881,21.899788,191.607186,345802.306288
213,-12.498449,-7.055908,4.610987,177.237418,15329.778125
213,-13.162424,4.407235,3.715198,17.546114,9952.037856
213,-16.169881,4.263652,6.540592,333.963149,30844.81445
213,-14.096661,-1.143692,13.273454,280.156878,127032.823495
213,11.402786,16.425064,12.494867,313.579015,112567.066674
213,-15.944394,5.57842,9.14095,333.540288,60246.34767
213,-11.015063,14.439154,5.873439,350.764945,24873.273034
213,-19.979408,3.235736,29.014758,256.816618,606996.210043
213,-20.224279,15.649008,5.646781,275.208719,22990.584213
213,-15.185657,1.402377,4.138751,135.907168,12350.559567
213,-10.078196,22.995638,4.29842,84.395894,13321.887531
213,5.810752,-17.697847,7.762451,4.919884,43445.601818
214,2.514114,-9.425074,5.576298,199.682671,22420.230338
214,10.92646,-7.942336,7.884286,242.014666,44820.098048
214,18.340307,4.724365,2.31642,1.284706,3868.856794
214,5.42553,-8.843888,4.862989,130.502296,17051.186892
214,11.152538,-3.61317,13.436332,116.730917,130169.594022
214,2.083934,8.698617,2.899704,156.154474,6062.552867
214,13.375828,-3.555521,6.953776,279.42613,34864.981665
214,10.53385,-11.919692,1.034904,125.491133,772.232568
214,18.630601,-17.195713,14.562518,311.227688,152904.76372
214,-15.286001,-2.827192,8.146501,357.80885,47850.918421
214,-9.751862,-1.347252,12.036688,221.374157,104462.907295
214,-20.372007,-5.543156,2.985877,58.628961,6428.235951
214,-21.710048,12.415777,8.465984,237.701728,51677.673261
214,-12.778484,18.77917,1.990999,213.546491,2858.183181
214,-15.931054,6.643786,22.226824,65.978209,356207.365605
214,-6.200252,4.214816,8.003572,146.785081,46186.57425
214,-5.703515,10.438931,15.642936,46.257059,176434.935618
214,-1.331137,3.008005,5.227985,195.872086,19706.82828
214,-21.658045,8.574449,5.166728,278.27983,19247.719686
214,-25.914196,-18.031651,3.983281,265.172763,11440.103817
214,-12.273989,-2.516965,6.826249,118.83629,33597.914387
214,-1.320612,2.404313,4.718083,192.349523,16050.158031
215,8.271194,-7.746442,7.488913,46.293325,40437.63018
215,-8.607794,-2.6304,6.609367,304.074444,31496.900295
215,11.306718,-2.508001,6.973613,216.762077,35064.183255
215,18.274915,-5.20139,4.039154,215.952188,11763.29535
215,4.352414,-1.008149,9.891369,49.175975,70544.122767
215,13.177123,2.496958,3.919327,183.965619,11075.694723
215,13.628232,-5.673027,3.143673,95.128887,7125.623975
215,16.665097,-6.535925,10.093221,101.086826,73452.68406
215,-25.961383,8.584819,3.619205,327.135209,9444.400864
215,0.129453,-12.379978,8.968779,124.565238,57998.224137
215,-27.979911,8.906397,8.089297,55.885652,47181.272619
215,-22.041191,-8.963341,11.467048,249.934438,94809.384708
215,-16.591047,27.709082,7.133886,38.634499,36694.456581
215,-9.750421,7.416562,4.652737,76.847727,15608.641884
215,-7.31524,9.119437,11.070891,140.120033,88371.697739
215,-6.886116,13.942906,10.072535,150.170579,73151.912126
215,-22.287464,-0.453748,4.577631,26.471583,15108.786865
215,-6.698179,3.849513,4.622118,148.651442,15403.877466
215,-14.681784,-4.736349,4.161536,206.439836,12486.922286
215,9.250845,-6.180799,6.712725,95.78582,32489.704616
215,-7.202179,10.930667,5.498266,182.194975,21797.140918
216,-0.41777,5.179714,3.201047,264.057594,7388.087685
216,12.355223,-5.162284,6.746542,344.170295,32817.882742
216,12.668456,0.182698,3.937718,51.278983,11179.881706
216,14.959252,1.431481,5.74186,353.951397,23771.317966
216,15.103389,-9.542022,4.481624,244.492928,14481.675502
216,16.698449,-11.991709,13.946453,55.870329,140241.199005
216,8.763365,-4.273741,14.044949,181.022771,142229.080285
216,8.332529,-16.772754,8.663023,339.49967,54111.174388
216,-14.581729,6.150587,3.686054,43.333058,9796.510428
216,-8.166051,1.924975,12.623769,142.347117,114901.619178
216,-1.517499,2.42784,6.368763,23.386275,29245.447335
216,-20.7128,-1.89849,4.430327,181.392729,14152.059108
216,-22.930355,9.224259,4.884311,330.724519,17201.041417
216,-25.190706,1.724601,10.605678,185.37019,81100.759305
216,-16.130644,-2.549904,3.77929,245.359496,10298.369428
216,0.874897,2.371144,12.174833,319.641562,106874.507932
216,-14.560858,-0.923604,12.95218,43.918514,120957.774588
216,-11.896121,14.776907,4.190717,358.639289,12662.656175
216,-3.296149,10.314762,3.948311,52.846601,11240.116758
216,-23.271028,11.958567,5.350404,225.448712,20640.548685
216,-25.500839,-14.524809,7.533602,49.31236,40921.676391
217,9.272496,-11.951174,6.573739,30.687741,31158.242558
217,1.563094,10.821923,4.035466,80.710316,11741.823084
217,14.233391,-1.985201,12.793607,270.661325,118014.158977
217,4.365776,5.666058,4.546329,247.257998,14902.867298
217,12.24898,-10.672643,5.864178,107.37191,24794.904045
217,17.37581,2.619037,11.854195,199.797667,101319.313025
217,12.836721,-6.116404,8.003873,72.481481,46190.053393
217,-19.723272,-2.546753,6.421388,87.916068,29730.752848
217,-4.177753,11.539838,11.076487,131.630233,88461.058257
217,-14.153011,-14.511035,5.136618,322.880995,19024.032924
217,-13.361923,-9.131115,7.100132,70.022084,36348.038225
217,-23.082643,-14.616644,4.921266,172.897908,17462.311926
217,-5.109107,18.93646,6.731196,224.252531,32668.747961
217,-8.662316,12.831526,6.92353,157.714143,34562.344383
217,0.085318,23.30293,4.145199,127.935892,12389.076046
217,-19.31464,-13.680682,9.448595,328.553445,64369.851078
217,-7.529469,4.14798,6.27984,263.479839,28434.476121
217,-15.12624,-4.033784,4.468144,186.497177,14394.689852
217,-14.115989,-11.721676,7.154902,115.467708,36910.971231
217,-8.872251,4.165714,4.016898,273.62308,11634.014322
218,-10.368996,-3.845767,5.305053,184.281528,20292.12562
218,7.777535,2.531968,9.709246,185.408706,67970.284453
218,10.040136,-11.94233,6.475373,154.658298,30232.747824
218,4.912235,4.354327,6.902006,166.028355,34347.789631
218,3.257335,-4.123626,14.531287,117.23767,152249.629098
218,11.517338,-3.799567,9.766396,33.372575,68772.797598
218,11.256462,4.380542,9.833545,99.170412,69721.75144
218,-14.277037,23.183172,7.463428,116.892879,40162.873893
218,-9.829604,17.537937,11.126417,128.693344,89260.387178
218,-15.177086,-5.053623,4.966524,300.635886,17784.972714
218,-14.278174,4.30082,4.609678,115.879912,15321.077932
218,-22.910763,25.510139,15.65357,28.317451,176674.908806
218,-12.919748,-6.871713,3.9629,94.778527,11323.33149
218,-6.325265,-4.774796,9.3158,339.487749,62573.207935
218,8.475825,-1.133661,2.146198,209.1026,3321.144234
218,-0.092776,0.166847,8.579898,239.831209,53077.731186
218,-20.43367,16.176159,3.387911,98.971343,8275.838126
218,-19.336892,0.313811,4.34178,253.383503,13592.011819
218,-12.279379,6.940252,2.82793,337.442317,5766.14133
219,10.442745,-20.904363,4.751742,12.455927,16279.979513
219,11.198387,-8.903707,6.473823,95.266263,30218.276552
219,10.077307,-15.868154,5.446714,319.526309,21390.315488
219,7.386722,-2.057343,6.178856,164.177973,27527.33451
219,14.631365,-11.250008,17.466224,214.184676,219961.232807
219,14.284782,-6.281859,6.497177,330.279114,30436.696061
219,-10.014982,19.10513,15.36221,196.335735,170159.220665
219,17.213331,-7.308166,9.295156,269.849637,62296.185264
219,-6.310176,-8.340126,1.703471,181.055815,2092.269158
219,-7.364836,9.026561,6.551477,174.784663,30947.568988
219,-3.165217,4.315886,6.277889,84.867633,28416.813556
219,-17.060278,7.787465,2.599396,243.616893,4871.838558
219,-13.878829,-4.199718,4.363397,215.611374,13727.691394
219,-9.165951,0.454307,5.554905,165.160814,22248.5323
219,-6.48317,6.470056,4.502362,148.021876,14616.01391
219,-16.685514,7.728347,1.977873,203.598798,2820.621756
219,-17.220039,-13.636526,5.662904,356.544531,23122.055565
219,4.423577,-14.858453,7.209093,147.727133,37472.21123
220,7.275572,18.122029,6.739323,32.123818,32747.690561
220,0.94843,1.023615,6.208431,288.983496,27791.483663
220,13.31884,-21.958194,5.7195,273.97128,23586.5421
220,6.093591,-3.618211,5.221098,323.17964,19654.942204
220,12.566745,-8.359101,3.211592,90.209443,7436.845411
220,14.548338,-9.380982,6.508799,356.173235,30545.681729
220,-18.229054,-26.935691,11.117559,276.92476,89118.311044
220,-7.372583,4.425743,5.272308,101.123757,20042.398536
220,-18.457613,2.472293,3.34488,60.625759,8066.947265
220,-7.023843,-20.003736,3.137003,344.24271,7095.415243
220,-15.42174,6.941356,12.605578,326.432811,114570.706246
220,-13.681544,11.015885,7.982625,271.413602,45945.132657
220,-8.012789,-3.63116,5.75032,107.045884,23841.420181
220,8.646842,-2.785912,6.621968,92.9589,31617.114596
220,-15.206382,1.888864,5.158106,269.042309,19183.536252
220,-4.82136,1.514073,8.169739,90.572959,48124.302793
220,9.943825,-12.775303,3.321333,192.449221,7953.766434
220,-7.756795,19.754864,3.347173,1.328987,8078.009918
221,12.217605,-3.228063,5.270226,173.927552,20026.56783
221,8.228258,-7.640093,3.74065,337.82716,10088.861539
221,5.205336,4.091976,9.798199,151.537668,69221.425884
221,4.829134,-9.11603,3.283797,310.248957,7775.002885
221,5.621633,4.269345,2.750596,39.629873,5455.088212
221,-9.051795,14.48586,4.604494,125.399587,15286.63295
221,-15.899924,11.218374,3.216192,188.800763,7458.164967
221,-8.34126,-6.169029,9.984038,165.630695,71872.12869
221,-1.388999,-0.465974,8.605199,57.051996,53391.226242
221,-7.774271,17.183183,12.908394,286.733384,120141.351365
221,-3.218926,-2.36033,6.901186,33.608041,34339.624056
221,-24.272835,14.726473,16.995809,293.841061,208272.428749
221,-20.56693,-1.803598,11.758912,324.188636,99697.054
221,-4.996413,-5.35406,6.206083,155.597948,27770.470722
221,-18.754438,-3.379138,12.936355,115.787317,120662.38471
221,-6.904553,-12.928006,2.581787,302.63562,4806.05549
221,-12.162854,9.264501,7.503197,28.240059,40592.028404
222,-0.077619,-2.969078,2.049158,140.20765,3027.602746
222,13.757195,8.952101,5.4814,108.373925,21663.617842
222,1.951623,-9.494656,4.268924,124.317915,13139.683371
222,9.226527,-10.358707,4.6398,164.596691,15521.962474
222,12.883831,-9.657196,9.805444,282.02863,69323.845108
222,1.064604,9.847365,13.452087,123.583678,130475.033193
222,-3.729128,1.102454,5.123278,313.503094,18925.348572
222,-5.381325,-4.26786,5.310989,196.273207,20337.558239
222,-18.178827,-2.498007,7.858403,226.746199,44526.309288
222,-9.139499,12.001459,6.614283,253.734818,31543.771628
222,-13.314719,-2.408896,9.384348,121.74651,63497.450467
222,-20.42747,-8.634055,7.955969,87.884005,45638.802854
222,-13.726249,4.998955,5.574028,204.926655,22401.976915
222,-15.939569,8.943337,3.825274,195.021117,10550.50518
222,-11.12266,-1.090831,12.019827,67.913322,104170.437475
222,-18.625448,-3.79409,6.098629,31.636416,26817.14223
222,-12.542477,3.07933,6.392952,119.340078,29468.017965
223,5.195155,-3.066369,6.834342,91.104512,33677.628384
223,15.374369,-11.267951,6.581281,9.178298,31229.785531
223,13.244567,-11.97151,8.010033,358.386287,46261.182634
223,12.140322,-8.9454,11.928862,32.821545,102599.69494
223,16.702009,2.416264,7.224807,346.917135,37635.75209
223,8.825253,-6.486677,7.409397,348.199178,39583.467272
223,-19.000704,11.061298,3.579729,140.88196,9239.498346
223,11.734358,-7.355187,5.113139,327.158964,18850.520735
223,-13.600952,-3.307781,5.465329,310.205073,21536.774516
223,-1.11124,-0.713107,10.778116,82.166688,83759.450234
223,-12.891412,6.775675,11.879044,184.072951,101744.523898
223,-9.318402,-3.79038,5.325768,235.094725,20450.909331
223,-10.171483,0.086948,13.372596,145.338978,128937.580704
223,-16.435359,17.826042,4.68905,271.865641,15853.22898
223,-17.796219,21.267925,3.563934,312.570645,9158.140378
223,-10.797197,9.605961,2.969127,101.686092,6356.319884
223,-6.991021,-1.30603,9.463431,247.373359,64572.154607
224,16.75928,-7.323144,4.783641,248.149775,16499.287388
224,8.521007,0.692098,8.740664,202.19725,55085.45376
224,8.594056,2.760514,5.525785,45.488142,22015.881764
224,2.274109,0.804811,6.724098,357.849513,32599.890979
224,-23.832201,-14.184864,2.433766,329.579415,4270.765887
224,-12.794267,10.619941,19.879624,171.745124,284947.212215
224,-10.465515,-13.886877,2.473731,238.577338,4412.176515
224,-4.839571,0.876027,3.981494,318.183604,11429.839202
224,-8.853847,3.895198,7.868716,221.05573,44643.250945
224,-9.261179,-13.421304,3.877899,357.761051,10842.792314
224,-17.585394,1.804523,18.633016,229.201796,250330.859266
224,-10.766614,7.769832,9.246573,346.209715,61646.683687
224,-14.646138,-4.13643,5.624889,105.270955,22812.662048
224,-8.936827,-9.959882,3.046551,9.543362,6692.137984
224,-11.233062,15.232225,9.594817,194.806359,66377.588472
224,-6.711788,6.442892,5.320456,149.56053,20410.12876
225,15.124558,-13.76157,5.75221,127.283145,23857.093922
225,5.885649,0.137422,8.329452,120.535095,50024.287
225,6.521563,3.992454,6.073807,111.874197,26599.291254
225,11.952065,7.125284,8.95978,299.040707,57881.901501
225,-10.924602,-6.569251,5.34926,197.996414,20631.723731
225,-19.061307,-3.321273,5.599943,17.936554,22610.770073
225,-5.756661,-3.020486,5.268072,38.479207,20010.203591
225,-6.658544,7.358588,15.192366,292.535697,166417.47461
225,-17.4889,-2.878693,6.554038,108.002936,30971.767272
225,-13.259679,8.883162,3.260717,268.860579,7666.095094
225,-7.402183,-6.949364,10.987776,249.461777,87049.7858
225,-10.550631,0.066757,2.485599,169.684691,4454.614569
225,-9.39817,15.767572,8.553223,277.741428,52748.200719
225,-24.343629,3.35256,4.966993,17.11397,17788.327986
225,-17.05219,7.443998,10.057218,189.802241,72929.590241
225,-14.247174,5.160997,6.77274,277.884049,33073.250109
226,-6.056721,-11.468225,3.419167,73.855085,8429.244585
226,-1.960858,8.518755,8.412101,171.929936,51021.942957
226,6.755005,-11.028838,10.33081,257.875757,76951.456024
226,-20.139622,-2.104102,5.465633,174.371538,21539.175316
226,-4.942863,16.26134,5.410224,12.364565,21104.672352
226,1.548743,-2.29244,6.609187,270.761343,31495.181695
226,-7.664988,6.174844,10.204673,288.06473,75083.808427
226,-11.878716,5.031181,5.905226,109.274958,25143.232175
226,-15.343955,-11.194623,3.298818,228.915433,7846.297221
226,-27.486149,11.159095,21.908218,3.994163,346068.583162
226,-11.132326,7.999139,7.757567,129.705507,43390.9524
226,-10.3075,0.68995,6.860996,79.019766,33940.822345
226,-19.088808,13.119034,7.372574,13.37331,39190.996691
226,-11.608979,-2.101223,4.894892,287.128371,17275.643994
226,-11.930036,-3.486987,7.929564,124.977424,45336.362138
227,8.017116,-0.109669,10.271919,38.856424,76076.623264
227,8.492227,-13.012241,5.437109,115.471912,21314.941216
227,13.507541,-9.905332,5.126497,24.851698,18949.13622
227,-8.217542,-8.376227,6.337367,312.733618,28957.819574
227,-19.279974,1.230186,3.894587,258.847521,10936.311279
227,-6.117566,3.029035,6.227932,103.44632,27966.350348
227,-12.653826,11.049911,7.881965,13.797792,44793.709739
227,11.346323,-6.302796,9.282254,253.538444,62123.366049
227,-2.346523,0.195693,6.32423,56.082889,28837.883936
227,7.431237,8.05831,7.426003,80.156146,39761.08876
227,-10.97003,4.609423,4.068762,12.869348,11936.380787
227,-9.312515,-12.648195,4.448896,271.416946,14270.938751
227,-11.804096,11.998573,2.346476,22.608277,3969.90626
227,-6.221388,8.218921,6.976795,249.549915,35096.191122
228,14.051489,-0.513983,3.472471,332.286754,8694.11287
228,9.120629,-0.550048,4.302915,133.074308,13349.764876
228,13.482535,-21.453203,8.932687,146.433167,57532.370292
228,-4.896323,4.165791,14.543456,310.475035,152504.721436
228,-13.672791,5.9724,2.485916,317.101803,4455.753163
228,28.042056,20.901616,3.475054,38.727599,8707.050783
228,-16.761772,10.051847,7.747904,43.958559,43282.920208
228,-13.138711,6.83478,7.369939,293.593091,39162.987356
228,-21.160514,4.668386,30.0701,277.929996,651955.279411
228,-13.324893,6.976253,5.462974,220.958553,21518.221961
228,-6.705929,10.557495,22.666479,313.323528,370438.553485
228,-1.18722,-11.564296,10.09773,297.424728,73518.326209
228,-24.154909,-11.698798,5.740856,130.348121,23763.005613
228,-0.077569,-0.434686,8.010736,187.581697,46269.299632
229,11.658401,-12.408236,4.570288,37.597731,15060.356895
229,7.137504,3.219956,7.63703,310.767075,42053.00464
229,-17.067989,-10.632738,13.232379,68.901533,126247.842043
229,-19.535277,-10.063486,13.537296,45.490945,132133.190216
229,-21.664434,5.21608,3.533972,12.553489,9004.805749
229,-10.899943,-0.694493,17.804448,295.07333,228562.559168
229,-10.926737,18.104714,3.866678,207.810505,10780.129827
229,-20.328413,-6.705077,3.534407,174.255987,9007.022073
229,-17.258863,-4.245732,3.410612,284.545179,8387.119037
229,-14.114652,11.77434,8.545652,342.283129,52654.8633
229,-13.512087,0.851574,7.390323,163.978823,39379.92562
229,-3.57255,-3.658375,5.994377,231.269187,25908.138706
229,-24.488136,0.665516,12.183016,35.197403,107018.210973
230,7.773759,-10.615143,6.304542,19.773523,28658.615377
230,5.253507,10.654736,6.59384,106.606563,31349.089915
230,-12.237152,-8.398747,15.540074,293.912323,174122.232604
230,20.274786,2.137432,7.831484,5.320255,44221.774434
230,-10.419602,-18.673655,8.506646,227.317808,52175.278819
230,-10.044278,9.636716,4.554026,344.584468,14953.370728
230,-18.501545,-7.211983,1.837847,131.30825,2435.379736
230,-10.864898,-0.916976,2.88782,291.805982,6012.960593
230,-5.043163,-4.491723,5.122841,58.903254,18922.119003
230,-8.592617,-0.191229,4.084625,43.959694,12029.636556
230,-10.927291,0.5279,3.269962,142.299457,7709.628971
230,1.616781,-5.380567,5.126886,264.503776,18952.017454
230,5.490537,-7.344726,11.112096,253.802779,89030.757213
231,7.411212,-3.296454,2.341687,249.200367,3953.717344
231,12.467732,-9.286099,2.261526,257.45538,3687.663399
231,-8.342725,5.575162,4.127091,170.412186,12281.067534
231,-3.960707,10.451818,11.825025,306.503702,100821.275702
231,0.126184,0.405474,6.048728,180.745712,26380.084739
231,-2.938345,-3.414055,4.138304,36.15577,12347.894075
231,-11.960688,3.797026,2.440059,241.592777,4292.878332
231,-8.111776,-8.326419,4.044532,28.125117,11794.638057
231,-21.350874,6.704371,11.049299,66.530493,88027.333583
231,-2.076048,14.009527,7.687781,186.863886,42613.784125
231,-11.799338,-7.393385,4.780379,23.128159,16476.791507
231,-5.574871,3.566211,1.466793,69.264646,1551.263753
231,-12.425865,-7.916971,5.602861,142.717659,22634.335112
232,9.569295,-18.411216,6.762014,277.626104,32968.578594
232,5.375078,-10.199935,8.467107,164.541635,51691.389491
232,10.168993,14.702792,5.465409,109.91705,21537.410595
232,-10.036909,-6.927773,2.499668,73.833467,4505.185276
232,-2.524079,17.783536,6.304656,293.133032,28659.652271
232,-17.831615,-13.328044,9.763178,114.791612,68727.488097
232,-8.217557,1.161895,6.203446,198.444146,27746.87779
232,-12.375418,17.5581,10.777613,350.780959,83751.619514
232,-4.868302,8.506903,8.197503,4.406226,48451.951217
232,-9.25226,10.683843,12.757767,298.854504,117353.858835
232,-10.177452,-4.910912,24.206466,259.471144,422484.567923
233,5.813633,-3.113841,11.015878,33.358325,87495.624781
233,-16.119634,-1.372673,2.469142,204.051037,4395.823499
233,-13.141431,-3.841679,18.421454,214.810894,244678.546178
233,-22.517868,5.506327,12.258595,231.992829,108350.136563
233,-7.940764,0.605779,5.655258,240.223599,23059.658323
233,0.613302,3.047219,8.225687,244.532777,48785.692846
233,-17.924571,-16.256096,3.679025,122.443738,9759.187457
233,-13.958416,-1.376311,2.939284,191.472035,6229.184717
233,-13.298453,10.115971,5.733479,315.816901,23701.973057
233,-11.127147,8.36005,9.430598,104.792917,64124.872641
233,-6.326241,1.575859,8.170338,188.85113,48131.355644
234,6.666258,-14.747994,9.631072,211.13346,66880.16377
234,-7.587466,-3.590875,5.671745,58.725921,23194.311873
234,-6.518915,-13.933284,5.251799,100.472447,19886.768417
234,-11.384838,13.523289,7.907664,277.78844,45086.288612
234,-13.147715,1.206389,6.17961,108.679857,27534.054723
234,-1.349553,7.616474,10.734258,227.23156,83079.161893
234,-23.103409,-5.837766,10.434921,53.524681,78510.261966
234,-11.913363,14.196731,10.578009,92.005586,80678.148236
234,4.393394,13.387818,2.892513,144.366969,6032.519441
234,2.402466,-0.818794,3.639604,57.893277,9551.165734
234,-10.382762,14.775943,10.210585,185.775001,75170.81922
235,1.471886,-1.41243,9.623596,263.487352,66776.370443
235,-16.040361,12.055847,10.221209,254.354817,75327.329382
235,-7.433623,-9.656491,4.324757,46.423239,13485.637372
235,-9.43018,-10.590883,4.720983,74.661306,16069.889257
235,-23.911711,14.928102,3.345533,209.62057,8070.094498
235,-14.43188,-6.73981,8.822195,75.970167,56117.894756
235,2.634859,-5.245254,3.322683,233.99113,7960.235096
235,-5.528704,-6.145702,5.800197,289.518504,24256.798912
235,-10.785809,3.587712,6.71852,90.904495,32545.828309
235,8.56295,8.022905,6.877937,226.116159,34108.642058
236,-13.326753,-6.177185,3.703084,112.966513,9887.242942
236,-1.706252,11.151148,4.978434,333.840442,17870.373001
236,-13.405341,12.864409,16.035993,183.678368,185412.825626
236,-21.269208,11.929393,19.940797,20.39497,286703.554025
236,5.923149,17.756266,5.220373,215.447118,19649.483066
236,-5.992374,2.976315,6.115809,15.454871,26968.441311
236,4.526834,23.17211,3.42815,94.945455,8473.596922
236,-14.453209,5.601859,14.27708,64.078491,146969.380069
236,4.509925,9.309019,3.316839,206.760415,7932.258871
237,-13.737473,-2.23156,9.497732,27.156966,65041.102803
237,-16.118686,13.566563,4.543677,142.093178,14885.485563
237,-11.849369,0.203339,9.478669,138.440152,64780.277736
237,-9.377217,2.996406,9.124376,282.024637,60028.077207
237,-12.12197,2.874263,9.905144,206.83051,70740.75506
237,13.717275,-4.778509,10.354353,18.730066,77302.585027
237,-9.571162,13.714725,4.288229,125.567673,13258.792487
237,-9.256309,-22.03739,3.522803,173.447923,8947.978056
237,-19.265007,9.423515,15.774231,303.219942,179409.101208
238,-4.985419,0.200904,4.352971,207.834023,13662.166786
238,-20.200172,-9.274214,9.956339,358.042327,71473.896101
238,-13.291015,8.608301,5.229803,91.027581,19720.536113
238,-17.740628,14.420748,9.212137,55.071325,61188.358862
238,8.274816,6.451585,10.512898,269.942353,79688.013147
238,-4.074642,-11.441421,4.569577,212.534691,15055.669561
238,-5.811124,15.013622,5.109889,28.112798,18826.558226
238,-12.060697,-13.836341,8.763926,183.536943,55379.044511
238,8.657249,-2.695914,10.822486,100.417627,84450.485389
239,-2.812036,9.178426,11.328142,143.066266,92526.356032
239,5.245153,-2.702546,9.078618,260.381968,59427.512102
239,-20.176261,-18.548224,11.529739,44.192083,95848.878437
239,-20.731771,6.745936,12.623339,21.733693,114893.78471
239,-8.260462,-18.968156,9.381302,321.01806,63456.239915
239,-23.195276,5.376791,5.892872,218.903119,25038.14458
239,-25.123677,-0.350866,7.145751,289.650335,36816.611881
239,-18.057214,12.004142,6.495348,158.035021,30419.555283
240,-26.903689,10.058718,13.857114,226.508832,138450.219001
240,-8.558949,17.773544,5.492662,142.84801,21752.734838
240,-13.882414,14.273049,7.422999,22.047264,39728.928868
240,2.267571,4.537279,5.46016,311.211315,21496.056469
240,-18.577135,-14.412536,12.043477,207.205727,104580.765958
240,-13.843943,8.734636,7.359471,281.627456,39051.818107
240,-5.026746,8.960883,13.215717,149.394465,125930.08787
240,-12.318817,-14.524211,5.84762,213.086195,24655.077724
241,-12.110764,12.846704,10.220201,150.37549,75312.482692
241,14.318499,-7.976898,6.695335,113.313563,32321.591906
241,-20.837339,-5.614681,2.383357,5.400032,4095.68236
241,-15.515595,4.291482,2.212957,337.356538,3530.969556
241,-7.764302,5.91853,2.394582,178.012103,4134.353362
241,-16.095147,-2.658903,2.914984,211.062135,6126.612276
241,-17.673781,8.117736,2.687159,169.748389,5206.368164
241,6.832986,-11.559644,2.035793,247.619634,2988.238655
242,-4.779132,-7.802555,7.859676,135.914786,44540.727902
242,-12.592063,28.339991,6.518706,144.480924,30638.740336
242,1.615582,10.770989,22.41776,75.04093,362353.544629
242,-2.660378,5.958144,5.647173,108.933921,22993.770256
242,-3.158183,-11.336579,3.655272,311.492634,9633.575344
242,-13.317789,8.116767,5.824468,234.936459,24460.229858
242,-8.356992,-9.784322,3.320765,352.151489,7951.04782
242,-10.867637,26.914898,12.259104,285.133458,108359.134476
243,-11.015717,9.366563,9.989434,312.966282,71949.840892
243,15.643851,-1.997084,3.282234,195.635909,7767.60544
243,-11.159676,1.072851,9.703,271.760819,67882.854909
243,-21.575273,-5.306748,6.166531,337.722574,27417.631487
243,7.585425,-3.732185,8.201675,19.815767,48501.274534
243,-10.738047,13.04339,19.371478,136.544153,270566.220243
243,-10.868448,12.603846,10.888966,355.4374,85491.1932
244,-13.37649,-7.81163,2.4641,226.699766,4377.889664
244,-7.357797,5.710389,9.673211,88.917817,67466.682693
244,-11.202855,10.633425,16.030668,216.999397,185289.709065
244,-13.096338,-4.069681,8.366333,186.712866,50468.261786
244,-6.36197,23.681703,9.103554,162.90561,59754.411971
244,-7.804447,2.526596,3.833967,31.367859,10598.510623
244,-3.604516,5.447563,6.767288,340.851059,33020.028235
253,27.744469,3.583293,3.145676,38.651379,7134.706647
254,30.574831,17.335749,9.716515,246.964689,68072.096915
255,16.392896,2.559991,7.794642,133.604335,43806.684054
256,36.362422,3.074138,4.623965,260.893694,15416.193798
256,19.108173,8.542698,3.930562,38.105474,11139.283932
257,20.869711,0.424204,2.803543,52.842965,5667.121368
257,25.736729,9.515712,10.188613,201.523161,74847.656625
258,14.629892,8.543195,5.386817,105.534711,20922.446334
258,17.738155,8.434435,7.389553,34.330286,39371.724688
259,2.741117,-5.711818,15.820293,56.730677,180458.411381
259,24.289693,2.204476,10.255044,276.931635,75826.876224
259,30.797927,16.848009,14.563324,251.691585,152921.692916
260,2.385099,9.029583,5.111967,345.582212,18841.874211
260,30.78065,9.643205,5.541587,70.783578,22141.972548
260,22.726025,8.545248,4.603188,304.079135,15277.96477
261,23.43608,-9.874551,10.639629,103.800468,81620.840963
261,16.220299,5.754093,14.78925,104.316502,157703.142682
261,22.065827,-0.06352,4.947476,194.35794,17648.809113
261,0.318506,7.148156,10.018396,151.492228,72367.649947
262,27.451487,9.537294,10.583244,3.258082,80758.031991
262,32.767942,3.582537,5.961808,174.172455,25627.367087
262,14.074996,9.984786,4.807009,248.93165,16660.879582
262,15.968407,6.679528,4.801528,51.761235,16622.91107
263,32.176529,17.395469,28.907568,148.849624,602519.616485
263,21.814125,-0.097262,9.316271,175.098653,62579.525338
263,-4.60443,11.896527,6.412471,158.782471,29648.238667
263,32.83978,-5.31487,12.226518,188.846414,107783.838973
263,23.060573,-3.742222,7.022393,353.592377,35556.445888
264,19.023192,8.641053,5.110099,19.759679,18828.109157
264,25.537387,15.646169,8.332677,39.061965,50063.032441
264,23.605396,7.830195,2.796366,244.538344,5638.143297
264,24.734528,10.092185,5.812629,204.924542,24360.89801
264,7.14101,-3.564181,4.773738,181.862659,16431.045899
265,27.145295,7.564049,2.748765,60.92169,5447.825037
265,23.870186,11.312841,6.324582,274.153249,28841.08944
265,15.662218,14.244304,6.080574,217.588489,26658.596945
265,32.06104,14.212059,7.090937,177.846882,36253.952438
265,35.266129,9.831798,11.567967,38.894518,96485.527216
265,18.362459,23.165336,10.713098,329.332804,82751.953724
266,12.634931,9.857668,7.526794,167.373303,40847.751858
266,-1.345625,-6.218133,4.214276,7.937996,12805.425648
266,9.961939,-7.641741,6.271889,273.94405,28362.517062
266,20.035534,7.393316,3.403129,195.753494,8350.352145
266,22.802062,-7.116818,2.476739,169.826401,4422.913505
266,27.420953,-8.989313,8.247691,67.324148,49047.049344
267,12.795564,11.150307,2.065462,191.05007,3075.972346
267,7.276689,1.564865,7.12567,95.727605,36609.980775
267,32.33504,11.974586,4.061415,26.618813,11893.309546
267,24.07158,17.009004,3.664788,79.123414,9683.79714
267,-2.626952,-11.497533,10.750974,273.205599,83338.123453
267,16.02645,16.732143,6.562429,247.314572,31051.126247
267,26.356306,-17.592736,12.328265,92.252455,109585.21765
268,6.689348,11.964856,3.252214,346.094128,7626.165938
268,28.323428,21.354583,7.071816,174.403735,36058.691875
268,22.304752,16.824004,7.148876,293.368501,36848.818182
268,16.757073,-0.79861,6.052391,346.531667,26412.04327
268,17.873805,-5.013744,3.147923,15.109352,7144.900969
268,28.865745,-0.778965,3.507729,250.502264,8871.562076
268,8.528431,-8.913666,4.65743,142.878111,15640.143272
269,16.937349,12.272214,8.716015,64.774747,54775.20554
269,13.648721,20.363777,3.992646,126.581445,11493.960831
269,21.023971,2.987629,5.350794,304.080911,20643.555247
269,27.12128,10.597298,9.644558,239.924852,67067.598497
269,27.593236,-3.141449,10.74179,30.331714,83195.790348
269,29.515553,5.027594,7.043085,310.279138,35766.294896
269,27.439711,9.475293,6.941702,225.166944,34744.018164
269,22.458816,-0.077961,13.537848,323.447324,132143.968456
270,28.256412,-13.759178,34.094041,308.017874,838117.756242
270,21.13462,5.037158,3.52246,113.365549,8946.233205
270,25.5642,-3.662424,5.377803,331.226403,20852.489139
270,19.201278,1.513092,5.000949,26.799573,18032.376308
270,31.277358,-5.123934,6.262355,272.42267,28276.358132
270,18.803346,7.369757,7.396872,335.926348,39449.753893
270,2.884648,-6.095254,3.58223,249.685703,9252.41178
270,16.011703,20.055671,6.619171,202.625024,31590.40755
270,9.76065,-1.30838,4.854639,60.003396,16992.683097
271,15.005951,2.39915,21.396913,36.075568,330103.628286
271,27.100958,12.410149,5.201345,167.727066,19506.504888
271,13.205365,-3.078803,10.407629,277.857522,78100.114539
271,7.859603,3.268569,4.723794,12.642287,16089.032571
271,15.719285,-7.346654,5.567269,270.82246,22347.68251
271,32.737564,2.847671,11.650046,260.371591,97859.57973
271,5.239958,6.86243,4.041493,59.424632,11776.919348
271,20.273641,8.853045,4.437664,124.065956,14198.970528
271,17.751986,0.249795,5.549937,31.484551,22208.753486
272,39.16385,3.417662,5.301285,5.616398,20263.309099
272,26.710229,4.443649,4.196785,249.465571,12699.349916
272,22.502065,-0.508972,7.101616,3.297427,36363.234186
272,16.353967,9.01024,2.873154,56.987282,5952.040129
272,25.675797,-2.075799,7.109549,140.378815,36444.513712
272,22.989576,12.784805,7.737986,258.167893,43172.172923
272,16.002597,-13.211295,15.154617,331.313408,165591.477148
272,21.66029,3.720781,12.241081,323.133323,108040.75568
272,32.253745,1.448847,7.559606,54.752299,41204.666658
272,25.254494,8.704221,23.213523,8.986593,388535.039043
273,18.657402,12.392033,2.410795,250.705583,4190.526495
273,11.382698,-0.014806,11.709239,206.415556,98856.537061
273,26.888659,-1.858427,15.288254,210.492378,168524.820097
273,8.553144,-13.669391,3.194224,72.227955,7356.629945
273,16.505323,8.099798,10.434954,24.580803,78510.749574
273,23.589717,3.102304,30.677549,205.6677,678561.760829
273,18.159109,16.77555,7.244613,40.455914,37842.381639
273,17.586635,1.943084,10.268944,132.178117,76032.561227
273,16.823965,-1.699586,13.645599,111.509776,134255.874227
273,18.313707,-3.328179,7.94107,317.185792,45468.033786
273,24.892607,9.294651,8.089513,178.297871,47183.794197
274,28.67373,7.651108,9.971399,157.095992,71690.275682
274,16.765813,17.413196,4.668146,339.443597,15712.200362
274,28.84178,8.13174,2.28477,194.074569,3763.856911
274,20.28694,13.44981,5.466396,134.055104,21545.183985
274,24.047496,-1.004814,5.336555,349.853952,20533.832196
274,12.873635,5.759654,23.253867,150.136383,389886.70641
274,25.809407,5.553065,5.46576,355.894751,21540.17432
274,22.038933,0.051099,11.089507,325.93966,88669.148559
274,8.842303,3.170055,12.763068,215.635978,117451.418377
274,15.981854,7.740606,9.015792,181.869819,58607.862043
274,-13.51922,4.304425,14.342022,6.895897,148309.446081
275,35.15665,15.60226,4.941597,152.965785,17606.896017
275,24.33033,5.366486,3.134623,262.671857,7084.65631
275,42.214627,20.161482,6.691807,278.791557,32287.537691
275,19.808515,-1.073805,4.683324,185.699779,15814.537715
275,23.015235,15.580134,4.391311,347.823309,13903.89523
275,29.058039,0.873788,3.29243,242.667808,7815.937152
275,3.989597,13.025597,7.583577,268.926476,41466.397753
275,20.361477,9.081469,14.637163,275.551576,154476.312717
275,18.96724,3.969008,15.133827,232.155183,165137.466445
275,-12.548182,11.694255,6.455909,289.701266,30051.269931
275,19.686596,7.840661,8.2395,343.869672,48949.668235
275,3.072861,1.523606,1.985815,219.314452,2843.319978
276,17.80549,7.642718,4.811171,54.783687,16689.745305
276,31.022748,5.006268,7.891873,154.264124,44906.398473
276,22.400716,-1.703052,6.018757,219.116058,26119.307375
276,34.663192,14.880688,6.491625,38.072692,30384.697876
276,37.114589,5.513773,7.105546,91.359602,36403.489886
276,19.133327,12.692383,7.973041,216.313948,45834.873746
276,6.298546,8.671526,3.343174,92.42805,8058.718966
276,18.389409,3.142595,10.562862,60.168195,80447.272392
276,24.112758,13.407104,3.820897,112.901159,10526.374931
276,29.415951,4.692047,10.209022,122.743045,75147.814449
276,30.991624,-8.678636,5.567164,346.353906,22346.835241
276,5.781526,2.741992,8.44674,272.992013,51443.003808
277,10.300223,11.663109,10.518801,99.537045,79777.530038
277,13.518833,9.79746,8.170837,188.772859,48137.234004
277,9.458532,19.243212,7.316188,284.113686,38593.825925
277,22.12992,8.35257,3.217245,91.169762,7463.048235
277,31.64816,16.358873,4.47047,143.345591,14409.680468
277,16.139402,-0.506131,18.757199,191.340028,253678.721193
277,2.86125,-3.322497,3.964094,265.374676,11330.158328
277,6.326172,3.106236,2.886611,62.677658,6007.927576
277,0.381151,13.94472,8.116581,285.306745,47500.080231
277,20.599026,16.36683,20.876951,117.194328,314255.010086
277,26.322511,5.875749,6.224502,165.472127,27935.554225
277,2.425458,0.374323,9.340862,334.701332,62910.328383
277,-1.862002,0.602493,6.453775,239.143075,30031.408443
278,22.690763,8.721613,8.80553,229.969331,55906.079447
278,16.603054,11.580987,14.248445,285.382773,146380.428632
278,25.255458,6.835974,14.726949,117.274311,156377.27215
278,9.364352,-7.180194,11.115033,89.470444,89077.819793
278,22.592653,-1.664611,6.751711,53.17488,32868.192403
278,21.531897,5.95353,11.508698,347.884616,95499.353563
278,25.48522,5.552157,3.486975,62.325595,8766.894098
278,5.367829,-19.801264,11.18703,45.749173,90235.554538
278,21.368976,8.693787,14.190532,148.51714,145192.915314
278,13.902713,18.541908,12.030231,123.234929,104350.855917
278,17.327535,1.191798,6.122711,79.792809,27029.35058
278,13.094247,21.725827,4.974859,274.801565,17844.716514
278,10.156803,5.629089,6.18477,47.018991,27580.061147
278,20.760603,-3.333668,7.17707,41.81051,37140.043628
279,21.724862,-3.622155,4.080434,243.756415,12004.964507
279,-0.960864,-12.583605,3.160437,93.893385,7201.821264
279,9.850699,10.97753,9.274028,310.708884,62013.309534
279,14.536574,8.766915,6.160972,164.965226,27368.220405
279,15.089019,7.433383,3.578985,291.9282,9235.657236
279,24.857285,14.495946,4.750091,159.909589,16268.66658
279,24.409099,1.679915,3.622493,206.012366,9461.568953
279,13.012242,0.688302,12.285627,111.011225,108828.515172
279,32.557153,14.711495,7.815026,227.701337,44036.111766
279,9.832773,-7.11162,15.890526,76.248371,182064.218897
279,27.980629,11.614012,5.593683,323.935964,22560.242593
279,8.932749,-2.746023,4.913262,229.925145,17405.555648
279,19.393743,7.060386,5.171898,324.810536,19286.256775
279,23.972359,1.754869,5.859271,120.826632,24753.424201
280,-3.758064,-0.256201,14.599224,322.556036,153676.563702
280,13.483187,8.575986,5.198807,90.802751,19487.469038
280,19.727746,10.317606,23.894911,56.50068,411679.186298
280,9.293618,4.925329,4.952164,180.120237,17682.272365
280,7.177685,-6.385001,6.36126,298.284274,29176.578135
280,18.916656,0.176681,7.835023,57.674837,44261.75099
280,13.268709,1.433615,6.171929,147.101689,27465.654017
280,20.972201,4.840804,3.17591,68.402513,7272.511513
280,-0.730596,0.268694,11.374625,89.478138,93287.235446
280,20.042511,10.05109,13.145451,11.113483,124594.549951
280,14.458838,-5.282829,4.758365,110.390375,16325.390256
280,30.575012,3.182713,6.884828,142.35906,34177.025713
280,21.687014,3.981181,4.403468,212.556485,13980.986541
280,23.0373,0.095648,13.998103,271.705026,141281.877616
280,19.839227,4.724472,9.17851,354.521968,60742.472584
281,26.224647,3.605212,3.516004,255.377069,8913.467326
281,14.178522,2.586829,9.753313,79.457094,68588.674267
281,25.780768,7.296525,6.627911,233.305674,31673.887436
281,19.721255,9.099239,4.444141,312.09273,14240.447753
281,6.060765,11.797265,8.356898,337.7927,50354.499822
281,30.729748,2.000821,7.164175,54.217711,37006.70282
281,9.544943,-4.373954,4.328119,295.366331,13506.614199
281,19.786639,2.664741,6.024842,63.542807,26172.151995
281,22.222888,10.362829,4.392569,302.490123,13911.863127
281,11.030903,26.737036,6.448376,238.620732,29981.181962
281,12.363779,7.57341,9.09673,39.61793,59664.872769
281,15.7361,9.366248,2.812406,48.101945,5703.009162
281,25.255373,9.855624,5.823985,343.611853,24456.176154
281,29.408241,18.796045,7.762072,31.044531,43441.362215
281,9.703967,5.451777,9.857077,158.746804,70055.838254
281,-14.740771,-1.085044,11.860775,285.461107,101431.818147
282,17.055117,-0.38561,11.702676,353.410835,98745.757696
282,27.112596,6.995759,5.783886,268.005469,24120.569518
282,8.987399,12.914203,6.806688,57.594609,33405.63535
282,28.131497,-9.807704,12.369731,356.949859,110323.640675
282,11.999161,4.840232,6.314508,15.838232,28749.287161
282,12.050101,18.126651,9.964053,310.375137,71584.682078
282,15.583486,2.042995,9.375747,91.657011,63381.103795
282,20.930768,-1.294106,6.958377,157.175811,34911.131858
282,17.983749,8.7825,4.58272,38.567648,15142.401591
282,16.219331,-1.482334,5.104924,287.065791,18789.996663
282,13.173348,-2.803696,6.147807,329.246104,27251.380549
282,15.568498,0.80536,12.29257,282.380666,108951.552862
282,14.250114,6.207103,4.076377,9.423225,11981.102498
282,28.991232,12.682565,3.071785,100.554766,6803.459911
282,21.019228,6.99117,10.990406,29.332905,87091.461443
282,13.120818,12.440803,7.254716,44.891462,37948.002787
283,12.476789,2.296608,7.470178,336.670824,40235.554335
283,16.696222,3.431962,10.169152,227.577258,74561.996693
283,29.380682,10.761245,3.669568,359.404964,9709.077318
283,12.684968,-0.657801,26.192407,79.840057,494651.004827
283,19.370502,10.416727,4.366153,281.136836,13745.042046
283,24.719651,10.402997,6.901199,77.976144,34339.751421
283,17.344242,8.158455,5.144729,80.452177,19084.157653
283,2.61074,7.049867,11.318456,191.839309,92368.187301
283,13.328766,12.767166,10.054491,238.372973,72890.057089
283,16.967828,11.976317,8.149026,32.925076,47880.583304
283,25.804116,1.633918,9.366359,8.92529,63254.238012
283,23.761689,7.322074,10.602127,267.472516,81046.460922
283,8.919715,7.371593,6.817076,325.066278,33507.677765
283,18.438491,6.354206,9.183989,285.333414,60815.013845
283,21.245608,1.07688,5.108214,209.722772,18814.21802
283,21.054647,18.688418,2.90884,120.642389,6100.811662
283,21.831182,11.185454,3.007612,48.893877,6522.163565
284,12.66877,15.31416,6.246871,251.475902,28136.701535
284,20.294081,10.112695,6.243284,175.729765,28104.394688
284,26.12785,0.940424,9.630658,88.635804,66874.414151
284,22.82131,8.088176,22.095897,306.734829,352023.245601
284,7.246638,3.900992,10.054624,240.255341,72891.979104
284,25.559691,-1.613684,3.755378,292.292131,10168.463033
284,23.801501,1.178861,9.970123,241.708221,71671.936849
284,15.816339,1.837052,3.951379,153.708635,11257.592168
284,28.587909,6.036388,7.650281,81.369451,42199.064005
284,22.085594,9.615021,5.125857,282.654956,18944.405165
284,12.202744,3.124754,23.787976,334.288687,408002.724258
284,13.799425,8.758366,2.997271,174.259961,6477.389302
284,17.438669,10.115312,12.542029,340.846687,113418.442242
284,13.42612,29.919306,5.573942,236.443482,22401.290197
284,11.838958,5.360377,2.83135,218.895729,5780.09898
284,28.463758,11.183591,8.108871,185.92659,47409.878868
284,12.907538,8.420838,3.59769,166.625548,9332.449862
284,9.883574,-1.379027,6.310456,128.534118,28712.402864
285,12.487422,15.664654,4.064118,329.781298,11909.147063
285,24.642566,16.475754,4.894192,44.343886,17270.707692
285,7.01702,5.173136,11.868545,35.299135,101564.762366
285,18.818529,19.581554,5.146232,190.759785,19095.314718
285,10.719899,10.776773,3.278618,231.536882,7750.500905
285,11.571219,2.224783,3.698064,313.186688,9860.454006
285,19.202883,13.82598,7.772249,112.417806,43555.344292
285,23.457824,1.887653,5.422815,330.357885,21203.013772
285,20.017875,-2.653426,5.878773,3.103808,24918.471002
285,14.190798,3.635664,3.904827,232.930871,10993.897891
285,17.559537,24.82464,6.034778,40.906947,26258.542803
285,33.841123,13.40435,7.710655,95.111387,42867.745457
285,15.789405,-7.826406,7.998416,112.86618,46127.085108
285,31.794972,2.69992,1.760541,124.265399,2234.809048
285,16.690504,11.503748,13.535028,256.456822,132088.920922
285,22.175296,0.162668,4.832075,218.169215,16835.091796
285,9.975844,-7.075844,5.458407,236.759781,21482.254102
285,19.689128,4.643571,5.691256,327.694545,23354.166251
286,21.078994,5.555821,7.16287,324.55327,36993.225444
286,21.374407,13.210827,7.520882,303.635916,40783.60632
286,10.23213,15.928276,11.89703,315.391116,102052.853479
286,12.481807,-7.634266,7.951868,32.179425,45591.760664
286,-2.390778,-1.877129,8.861283,134.908847,56616.274354
286,7.166603,7.623489,9.377091,53.37787,63399.282382
286,17.083973,3.636607,5.915706,94.242838,25232.558787
286,2.177575,8.978047,3.678776,132.451595,9757.865009
286,14.034516,-1.237659,4.44721,90.236167,14260.126245
286,9.911182,5.001208,2.906433,59.310171,6090.719746
286,8.408343,10.525055,5.509226,46.998599,21884.128142
286,15.665089,5.830568,10.091974,121.722838,73434.536209
286,21.832468,-3.662611,5.058698,324.248236,18451.239456
286,-3.983256,12.099601,9.342157,69.681721,62927.775521
286,22.234449,19.036908,11.194811,185.733588,90361.118812
286,20.810688,0.630951,6.191656,82.700077,27641.505303
286,5.479338,-5.664873,9.17906,64.11714,60749.745134
286,22.475827,0.450954,5.294328,35.157618,20210.164151
286,19.157425,15.840295,6.670046,183.838145,32077.884482
287,1.126175,2.082602,1.740113,278.795674,2183.248218
287,32.472621,6.714688,16.814413,274.981363,203850.373939
287,18.964593,20.523399,11.856442,287.302199,101357.714632
287,21.116492,1.240742,7.126837,311.609684,36621.970573
287,13.301054,3.358968,5.561984,216.930239,22305.273264
287,20.832092,4.230863,5.001395,187.557811,18035.587907
287,16.935791,-6.138563,6.635875,323.292604,31750.054703
287,15.996632,-3.468814,8.68409,91.432514,54374.684203
287,26.277656,4.356798,4.159564,333.962741,12475.09263
287,10.063233,2.884342,4.87521,282.014874,17136.99415
287,21.279415,-10.640761,29.69352,298.464124,635728.158913
287,11.209416,-3.126745,8.069928,139.531657,46955.597232
287,29.155858,-2.390672,6.495653,167.519985,30422.41183
287,28.19993,-9.647412,23.984177,300.335198,414760.81135
287,17.829925,4.302197,9.867055,269.864548,70197.74743
287,14.772593,-2.735947,4.974771,330.936238,17844.08737
287,28.113003,-12.388641,2.367122,303.161674,4040.07336
287,14.676371,14.288255,3.381916,7.454675,8246.57638
287,15.493695,-3.501709,5.50652,186.381903,21862.633095
288,12.550348,-9.741317,4.632856,140.137061,15475.535599
288,18.691267,-9.714234,15.267179,266.955925,168060.513424
288,-3.908536,7.650771,10.421628,71.853055,78310.359285
288,25.211009,-0.612991,7.914819,33.13251,45167.910938
288,15.401606,8.754304,13.116844,235.039384,124052.855701
288,5.977097,11.22745,7.172189,66.414527,37089.545438
288,20.619306,1.714205,4.895444,5.153939,17279.539951
288,20.629301,9.444237,13.796087,122.411338,137233.437938
288,7.967206,7.416286,3.393212,341.661885,8301.757249
288,25.788598,13.594397,10.193038,218.813888,74912.678609
288,11.860571,1.992873,9.606697,199.614838,66542.068744
288,28.172138,0.020691,3.15782,176.545909,7189.898337
288,22.666557,13.985605,4.442679,279.886156,14231.080694
288,14.449976,13.487949,3.959536,283.498156,11304.116176
288,28.787968,-3.214689,3.677707,111.187714,9752.192531
288,14.944026,13.819268,10.85184,72.964053,84909.220331
288,11.337267,7.984723,5.90228,158.271576,25118.15196
288,22.652228,-2.635622,4.892151,92.873784,17256.302787
288,18.122591,10.897613,2.875964,299.653004,5963.687745
288,-17.094698,5.227288,10.643826,150.450212,81685.247515
289,23.363228,5.455875,7.193291,13.2548,37308.115214
289,8.248691,-4.57688,23.386849,94.869384,394358.76456
289,9.534493,-4.404146,11.233184,259.794365,90981.644743
289,2.388303,-7.562876,9.691056,335.317161,67715.844886
289,20.478757,16.706528,7.530431,291.571107,40887.23764
289,9.754635,-1.632441,5.929924,267.242447,25353.994376
289,20.804073,-0.590887,6.475125,2.525825,30230.429876
289,17.002209,5.857123,5.518784,9.875908,21960.125418
289,21.464204,-2.545011,5.185518,218.652538,19387.971814
289,22.57048,7.767146,6.192279,126.120153,27647.069797
289,23.658718,-1.16779,4.721731,175.82603,16074.985615
289,31.614107,16.920901,4.772932,134.343816,16425.498912
289,17.943744,10.207825,9.851185,127.43547,69972.119579
289,26.051137,18.262693,9.056643,153.166406,59140.167453
289,18.436705,4.272339,6.536536,18.315569,30806.577042
289,5.975493,-9.823619,2.756707,55.701456,5479.354111
289,15.255868,-7.695763,9.729858,172.768284,68259.184831
289,-1.275882,5.990365,5.29889,343.769058,20245.006463
289,12.631212,13.234155,4.239342,310.404081,12958.21113
289,10.840194,7.84266,6.799995,118.680278,33339.971403
289,5.4744,7.604455,4.269162,254.212003,13141.147131
290,21.218002,0.497904,6.508148,102.784907,30539.566062
290,16.955292,-8.544824,3.163403,59.080355,7215.343531
290,21.592818,-8.969231,8.103445,343.274715,47346.456808
290,36.464123,-4.383334,18.754761,245.478088,253612.783119
290,11.087657,-1.434021,14.008475,75.2805,141491.326753
290,-3.552305,-4.972736,4.487821,218.584135,14521.755828
290,14.870706,-4.118123,9.807443,304.828259,69352.106774
290,12.151121,11.102748,3.429833,343.59372,8481.917617
290,-4.167612,4.254718,8.037342,132.968737,46577.157302
290,20.003633,5.529618,8.027726,319.982876,46465.772862
290,18.59074,-24.339452,8.936872,358.31048,57586.292421
290,13.846783,0.420664,3.942155,13.784732,11205.094177
290,9.708698,3.407742,10.019916,132.406542,72389.608646
290,2.224384,7.372014,18.661895,261.849822,251107.429338
290,5.763488,13.831991,4.990899,259.799096,17959.973177
290,19.194861,5.870749,10.461244,355.739489,78906.853851
290,22.262312,11.055685,6.608022,26.79977,31484.084916
290,9.932179,25.143209,4.841539,352.492908,16901.097004
290,3.679907,8.696597,12.859745,164.151892,119237.473912
290,21.254455,5.939977,8.391203,212.876764,50768.759115
290,20.993659,-0.319537,4.30766,288.150783,13379.220595
291,12.0543,-3.761708,6.325937,132.013311,28853.457628
291,-2.896557,11.561855,6.935003,155.766403,34676.990967
291,8.459684,5.168549,2.449977,352.479876,4327.847989
291,8.936622,-6.209182,4.379412,178.058285,13828.649651
291,31.646129,2.044323,9.678712,324.798372,67543.444407
291,22.53313,14.821322,5.94153,139.91427,25453.336514
291,22.054244,5.438396,3.303888,196.873863,7870.432315
291,19.310173,8.041199,8.027037,87.676237,46457.792881
291,21.57473,1.144763,11.907379,100.110837,102230.488943
291,8.735351,12.062285,5.754611,192.539725,23877.01641
291,23.425266,0.273088,11.985351,207.272161,103573.73146
291,17.422372,6.060676,11.849029,282.159565,101231.008869
291,19.448174,10.0388,5.796886,278.179935,24229.113866
291,10.393318,13.825874,2.537213,356.278056,4641.538754
291,10.666786,22.50173,16.074633,188.160418,186307.439257
291,19.239628,3.320821,4.498059,317.99263,14588.087541
291,28.544272,-5.523952,5.292147,139.044446,20193.515764
291,15.948611,9.627263,10.597026,36.547729,80968.491136
291,25.220989,6.75131,6.663032,304.115826,32010.45602
291,24.118773,2.286672,4.265298,336.326329,13117.372509
291,13.50984,-10.098516,11.290899,59.619758,91918.961274
291,7.402518,11.377889,11.206319,32.961792,90546.988634
291,-28.937402,-25.871237,5.829721,3.221176,24504.370643
292,26.346751,-3.78176,8.377483,295.401416,50602.878978
292,15.056092,21.844098,4.942599,88.079532,17614.031158
292,8.694392,13.001209,5.777047,45.298339,24063.561688
292,0.829752,-8.213345,4.993246,119.879521,17976.865956
292,22.666614,2.983019,7.072978,97.879836,36070.543478
292,21.337713,-4.666772,8.996313,162.109393,58354.874595
292,28.240377,2.477353,7.694537,145.038398,42688.714205
292,19.639409,6.418425,6.109228,46.56786,26910.434311
292,14.053703,-2.462561,4.803586,126.115428,16637.158477
292,21.841918,0.312884,4.014897,330.518454,11622.430885
292,11.569558,-7.705804,12.524646,144.245976,113104.267353
292,1.92141,3.329371,6.927213,294.389823,34599.131515
292,11.121501,-1.107617,5.83772,144.608144,24571.664286
292,19.295815,12.111251,4.817643,175.222234,16734.677826
292,6.7713,0.809649,2.598433,55.114868,4868.229702
292,15.485091,-3.187298,3.453471,14.321902,8599.231149
292,15.038659,11.275076,3.226044,40.104619,7503.92697
292,30.570923,3.752596,10.661033,127.084637,81949.570824
292,12.765411,-0.78516,1.5612,211.449119,1757.377107
292,24.067525,7.265611,5.331661,106.536947,20496.186688
292,20.476738,-3.67011,6.373288,247.16941,29287.019643
292,15.325372,-1.655704,9.705793,275.327764,67921.951415
292,-21.813156,-4.364498,6.305561,251.721829,28667.881595
293,16.529843,2.522074,6.259725,317.772764,28252.607591
293,27.923422,-0.132768,11.721257,43.578967,99059.57323
293,16.61004,10.14701,9.939126,358.579475,71226.967666
293,14.567027,2.111536,5.40716,241.492516,21080.77104
293,16.305377,-0.456456,5.470885,350.019631,21580.582923
293,16.263454,8.840943,8.329545,64.628284,50025.411644
293,31.081461,2.591778,2.363434,356.455472,4027.494333
293,11.411869,13.539841,9.028845,117.807767,58777.683546
293,27.954622,-4.549775,4.65969,353.069359,15655.325271
293,14.93139,3.215442,7.589271,95.393013,41528.682616
293,0.142656,5.821902,8.590899,133.517388,53213.921545
293,17.653984,6.736689,8.705884,216.459677,54647.938207
293,-2.769275,-9.89557,4.478967,72.365243,14464.509447
293,30.287819,11.034574,3.549617,75.060518,9084.709865
293,22.668691,-4.548607,3.593269,339.702463,9309.522946
293,6.595096,-6.885115,5.633492,256.6326,22882.497687
293,24.742333,10.487461,10.890003,114.386437,85507.473689
293,23.885567,-4.281974,7.996103,54.064097,46100.417745
293,17.616514,12.172699,4.255216,276.142436,13055.431981
293,22.326322,13.663442,4.952347,155.6165,17683.577809
293,17.381258,11.112315,8.937893,151.183491,57599.450018
293,-2.144876,16.42087,4.956655,156.723846,17714.357914
293,24.642513,-2.949668,3.386896,323.989904,8270.880552
293,-16.710798,1.561891,5.443753,278.621593,21367.064613
294,20.573161,11.193659,11.086182,217.090551,88615.988606
294,15.442002,13.218071,18.853418,242.559434,256288.009122
294,12.279903,2.541333,8.687674,104.404876,54419.57292
294,14.603634,19.509566,5.386829,18.512841,20922.542537
294,5.703231,4.00644,4.842804,334.55673,16909.933286
294,15.598903,19.428068,3.113294,132.478714,6988.572497
294,15.769864,8.593693,6.969502,284.377065,35022.855256
294,31.5121,6.523089,9.996127,126.624049,72046.284599
294,28.183586,-7.138975,2.122398,188.448657,3247.894232
294,20.349187,9.115592,5.200928,310.813329,19503.3761
294,5.576288,17.129622,13.910822,144.954764,139525.531935
294,10.526577,4.46746,5.962677,296.224441,25634.839533
294,27.454172,1.150453,10.502926,249.357612,79536.90095
294,12.085733,-0.861654,12.289801,44.360469,108902.476648
294,8.282715,2.435807,7.041755,248.531077,35752.781708
294,25.039565,6.68568,6.918917,91.507302,34516.306852
294,20.087795,1.18315,3.217511,211.640238,7464.284888
294,9.84849,18.648241,23.158046,243.023543,386680.181946
294,25.020351,-1.347048,4.653124,42.737752,15611.240396
294,18.313271,2.427495,13.937341,156.042534,140057.997548
294,5.53805,16.009328,8.851633,62.760936,56493.028759
294,18.572886,3.241092,9.946167,159.082427,71327.925138
294,11.618679,-5.020781,5.301072,282.881248,20261.678114
294,-16.196538,11.205019,13.670918,10.499127,134754.551714
295,18.175848,0.974546,6.552941,60.237262,30961.397445
295,3.21341,-6.500028,14.003055,102.545476,141381.851933
295,21.551796,-11.310758,7.602437,170.417276,41672.906152
295,11.071526,1.560725,14.876416,323.078615,159567.595032
295,12.57013,8.217358,5.098605,220.307715,18743.507414
295,26.150782,12.034821,5.693393,91.17732,23371.70238
295,32.936854,-5.063304,5.606767,110.250722,22665.904567
295,17.167778,-6.712,3.007577,124.085787,6522.01271
295,15.232803,10.3279,4.261617,155.58718,13094.740039
295,29.667519,5.89181,7.016509,125.781018,35496.882065
295,29.833205,2.654071,5.475815,253.53792,21619.500829
295,15.093785,2.37522,6.024184,307.06848,26166.431229
295,11.029989,3.158085,5.817328,188.765876,24400.296543
295,30.87206,14.168824,12.761794,252.211971,117427.958292
295,20.255093,-4.702761,8.363742,234.570698,50437.012592
295,0.014555,6.279109,14.938347,344.082528,160898.938489
295,13.140434,-4.10998,8.290638,7.069443,49559.161252
295,11.740636,5.708551,2.617367,79.567943,4939.434699
295,16.147547,18.699665,6.286394,236.499846,28493.855464
295,10.499064,1.692631,2.789123,1.729726,5608.973129
295,7.864676,-15.627148,12.185616,98.885239,107063.900978
295,19.421218,7.746487,3.588985,135.676494,9287.337923
295,22.880405,-12.837066,16.589023,175.255757,198421.949009
295,-30.106766,-10.827207,7.627683,154.521974,41950.129584
296,6.639868,8.788567,4.930307,8.372127,17526.532834
296,24.314573,0.344821,12.470423,252.13772,112127.055271
296,23.431078,4.887733,13.848269,196.056677,138273.528741
296,5.609083,5.354231,3.640425,304.85297,9555.472104
296,15.179897,11.001419,3.2675,195.673801,7698.022464
296,11.740323,-0.411128,5.725725,205.04868,23637.908981
296,24.208823,18.061919,7.555319,51.407859,41157.940833
296,23.252242,16.819302,8.549027,297.955949,52696.461627
296,23.950049,9.210617,8.854522,261.016621,56529.918242
296,19.239285,-7.789458,7.498487,128.160697,40541.083772
296,18.058822,-0.39046,8.341126,60.666005,50164.612642
296,13.240489,-4.79769,2.733669,274.278457,5388.154093
296,15.080488,9.137586,7.8695,359.522266,44652.142405
296,8.060829,12.819375,6.220167,206.188695,27896.658314
296,23.875843,8.008844,2.430013,202.966866,4257.602389
296,11.1071,6.575639,3.982916,356.2903,11438.004418
296,14.901798,15.378593,8.790141,77.041177,55710.845007
296,16.861804,24.059273,3.923841,63.731067,11101.226796
296,15.017755,0.42208,3.564775,286.962409,9162.464232
296,7.77134,12.824734,6.52142,241.859037,30664.255837
296,9.527909,17.870249,3.624202,306.600513,9470.496946
296,-3.168721,0.042883,8.090494,282.784577,47195.232363
296,19.828483,12.05908,7.81642,103.714664,44051.815006
296,25.567803,14.429699,7.811778,209.629229,43999.515807
296,-23.568488,-5.41012,5.362662,90.641278,20735.23691
296,-24.721567,-8.182967,24.143354,252.028809,420284.409194
297,14.402341,-1.949383,5.536136,167.734981,22098.435869
297,9.411648,-8.423314,5.114925,330.412302,18863.688469
297,21.088643,-0.608033,6.957824,79.431857,34905.587934
297,25.439054,5.621049,2.583829,328.991723,4813.661662
297,35.358493,-20.007392,6.537395,107.450847,30814.669625
297,13.563462,4.365616,2.233026,248.297604,3595.302652
297,17.859821,7.464505,8.817848,158.552458,56062.603404
297,20.027704,16.14682,19.486604,286.46905,273791.781714
297,-1.960127,2.371029,6.590211,264.908555,31314.587936
297,17.296973,-6.503031,18.007084,47.01118,233794.804547
297,7.344534,10.463759,6.47032,193.636862,30185.586078
297,17.177397,7.898386,11.739792,337.865884,99373.113624
297,31.835759,5.949032,4.179322,107.226844,12593.883743
297,9.111963,4.741847,7.283501,331.664104,38249.731648
297,20.29084,7.028751,7.229495,116.824607,37684.605075
297,13.453296,9.341073,5.119425,67.92682,18896.897315
297,2.355385,0.941853,4.773868,240.790709,16431.94163
297,18.095408,1.946479,15.124604,3.327102,164936.246579
297,10.954714,3.085368,5.327309,2.112668,20462.744342
297,-2.838161,4.031402,3.05075,155.670998,6710.599281
297,1.43896,2.014783,4.326295,76.067313,13495.230699
297,6.400024,-1.41055,6.842665,33.270569,33759.708183
297,19.60787,13.827465,18.212139,144.534057,239149.791957
297,20.596972,0.059774,3.516516,83.569201,8916.063763
297,-27.494681,3.874678,12.555454,170.592617,113661.375875
297,-18.571319,2.021975,7.118366,177.683923,36534.970004
298,9.834548,11.310001,11.294338,98.059818,91974.958565
298,16.742292,7.107358,3.40101,160.690481,8339.958545
298,7.947473,1.374386,6.626491,323.394802,31660.320456
298,11.666203,5.345021,10.067153,283.882481,73073.754293
298,-6.078463,0.706195,5.345757,152.989415,20604.712613
298,12.456234,-10.040998,5.657359,113.995931,23076.795559
298,2.179563,1.37871,7.227608,133.393098,37664.93343
298,20.318929,6.055633,6.798506,19.414733,33325.370833
298,14.303662,1.090785,14.359507,210.661534,148671.293849
298,22.993059,5.552578,4.837268,164.960989,16871.293871
298,15.28573,-0.444671,4.79935,81.130351,16607.829124
298,19.184413,9.151291,3.741541,135.835168,10093.672006
298,17.356512,7.480377,10.716685,116.719558,82807.366329
298,17.491506,16.226834,14.678521,199.99677,155350.500828
298,0.302461,9.890384,8.445021,217.923603,51422.063815
298,22.525284,16.147874,4.394367,194.312727,13923.250316
298,9.882312,22.328191,7.520709,23.930269,40781.725441
298,12.647139,8.921703,15.38491,338.917986,170662.466141
298,20.329113,3.873755,8.470591,278.658653,51733.93751
298,19.165397,10.066182,14.425616,129.731756,150043.367619
298,13.84758,20.306523,14.76566,209.324678,157200.46108
298,16.034163,12.606545,10.3099,232.890859,76640.256664
298,12.058435,2.567691,10.571465,240.524223,80578.362497
298,6.3466,10.243246,9.477832,93.073621,64768.840849
298,-3.161789,2.980332,6.43317,72.674232,29839.949875
298,-23.085098,-11.19194,5.328357,259.814824,20470.796345
298,11.02145,-8.73258,2.889618,173.369969,6020.449212
299,11.355418,1.626398,4.710104,244.103112,15995.912331
299,0.59681,-4.698834,7.829091,304.645026,44194.761056
299,23.98101,-2.79633,4.641959,240.006074,15536.409883
299,16.050306,10.371929,12.574381,64.021833,114004.320465
299,3.386724,15.504804,6.863309,347.918744,33963.71377
299,12.403808,17.918771,4.734715,131.851575,16163.516057
299,12.142598,2.223012,5.106373,327.503481,18800.660451
299,14.263219,-1.738254,7.261223,218.648362,38016.108868
299,13.813505,10.170308,6.057189,313.109106,26453.936792
299,4.223568,3.158516,5.966754,205.686969,25669.906123
299,17.11274,-13.48613,5.236589,69.01862,19771.749397
299,24.696599,7.57174,5.920161,173.5224,25270.571805
299,12.104687,4.816507,5.683549,337.314471,23290.95784
299,30.023065,6.709728,4.697504,70.813267,15910.444963
299,10.558129,4.544113,6.403618,65.338675,29566.428434
299,11.730304,6.062088,6.409135,275.176824,29617.39542
299,16.460183,0.214018,6.444478,90.888129,29944.952621
299,19.607222,23.493782,4.635778,150.67141,15495.060253
299,19.585504,7.949365,3.225218,155.673927,7500.086828
299,6.289843,-1.360043,5.445021,130.14714,21377.020183
299,9.829523,2.020691,12.183915,96.326368,107034.009315
299,13.947475,-3.800315,3.494581,177.643268,8805.179845
299,7.909917,7.486619,5.861015,227.826372,24768.159764
299,23.961748,1.637132,8.578872,189.970149,53065.038676
299,19.295339,12.15132,4.050118,162.57904,11827.238247
299,-26.15553,-14.43238,6.407482,136.064122,29602.120368
299,-18.706907,-24.855577,26.188525,5.9009,494504.379886
299,-23.889581,1.639983,7.429757,121.417942,39801.306359
300,24.750983,4.999854,5.934512,265.279014,25393.237966
300,8.853947,0.536606,11.432614,220.62728,94240.843267
300,5.004397,-4.450528,6.456066,258.784998,30052.737956
300,5.74632,5.171993,8.348613,308.35315,50254.70553
300,30.167364,2.378287,18.74982,148.531366,253479.173508
300,24.462317,9.57738,1.054934,80.946964,802.414298
300,-19.364391,7.139898,10.313093,266.843926,76687.739089
300,6.707033,-4.322959,5.7618,158.321442,23936.705776
300,7.334703,1.691746,4.485435,109.664193,14506.317354
300,15.589359,10.39178,3.925444,111.274992,11110.296953
300,19.579516,4.141335,4.192599,53.50259,12674.027113
300,25.496346,12.916419,9.650583,232.561089,67151.410433
300,27.248169,4.25192,10.51379,267.588662,79701.536289
300,19.027828,1.322204,4.899664,75.677402,17309.34557
300,20.300966,15.28873,5.142717,241.044879,19069.239936
300,7.302222,6.007317,7.021377,281.521479,35546.153253
300,17.883404,-5.838367,16.66033,198.620342,200131.406871
300,17.707787,7.715245,17.121145,181.684386,211355.567045
300,7.085216,16.392646,1.883472,178.914649,2557.799413
300,1.11935,-9.858098,4.629967,245.843391,15456.24075
300,9.849555,-7.543608,5.805281,303.343147,24299.345427
300,11.464701,-2.556134,11.112981,34.823748,89044.933433
300,10.223355,-5.546725,9.391556,204.486318,63595.033698
300,17.408384,8.34952,8.497032,241.922844,52057.415811
300,21.189689,15.951618,12.592357,304.527689,114330.513711
300,-17.297807,-8.255153,4.671625,110.587361,15735.623607
300,-18.754611,-8.368502,10.524235,214.587596,79859.968948
300,8.557715,-0.900105,2.564328,139.043086,4741.274177
301,26.601365,-6.611615,6.927457,177.557918,34601.570647
301,-1.288629,-6.39765,8.46971,288.885622,51723.169226
301,16.539792,2.893493,4.79657,316.914411,16588.596926
301,10.328148,5.105939,3.83686,320.497772,10614.510576
301,2.770047,-7.698048,4.846955,312.172265,16938.930343
301,5.911558,-0.887498,4.641951,122.557398,15536.35785
301,19.441947,8.442055,5.244896,214.215573,19834.529001
301,21.917139,8.547122,2.909557,146.715562,6103.822978
301,5.111146,-7.741104,9.382343,41.541744,63470.325669
301,1.662362,-16.01131,6.625959,85.020104,31655.24084
301,14.524181,3.668996,20.847627,211.895486,313372.814511
301,-17.853204,7.984571,7.109872,168.122986,36447.822641
301,12.527208,9.1727,7.630065,193.585809,41976.334425
301,12.409576,16.082681,12.423374,150.86091,111282.584507
301,20.819031,1.817503,3.532676,164.657924,8998.198435
301,12.724728,10.46464,4.443363,106.36464,14235.465445
301,-4.361689,16.471892,7.248691,101.490411,37885.000564
301,17.440665,2.875231,11.047194,330.674367,87993.785486
301,14.606905,-7.467979,10.738696,17.925097,83147.874259
301,12.743919,-0.098178,8.462902,288.643097,51640.05145
301,9.348002,6.750267,5.613845,40.19649,22723.171638
301,5.913376,5.609338,14.761731,21.005285,157116.808156
301,20.351529,8.661463,4.656332,81.272387,15632.771054
301,15.190503,8.5172,5.112569,233.2423,18846.318017
301,2.516371,-5.347835,4.85297,275.266308,16980.99796
301,7.317935,5.787213,7.040514,243.566594,35740.182928
301,-22.082636,-17.737821,4.912948,121.060401,17403.333074
301,-25.662365,-5.425094,2.948448,239.268614,6268.087127
301,-29.552304,-6.130211,8.722474,348.776759,54856.41594
302,18.43125,1.751117,2.227006,130.537273,3575.943871
302,1.335733,-6.564503,12.155992,95.081361,106543.970036
302,-3.218804,8.581017,5.285814,234.372874,20145.211053
302,9.445479,0.337584,4.306853,56.477423,13374.209824
302,17.929549,21.505451,9.875923,164.203793,70323.981837
302,22.548971,18.851218,3.03692,170.51076,6649.896073
302,4.937659,7.702452,9.574695,275.543465,66099.471813
302,3.606876,3.23879,1.642192,243.271738,1944.445176
302,21.293637,6.70771,7.128068,251.105565,36634.62426
302,24.615068,5.53227,3.96025,154.548684,11308.194109
302,4.803255,4.994547,5.666363,132.906043,23150.316502
302,16.304076,5.08496,3.109389,249.772095,6971.048509
302,18.966853,8.452681,5.870225,357.553943,24846.064841
302,8.226446,9.793404,2.711483,119.428523,5301.049314
302,17.387331,11.305427,11.314134,309.854133,92297.668687
302,5.093535,6.678342,3.629944,180.589451,9500.531433
302,2.414056,-7.966235,8.914862,120.837241,57302.998229
302,17.934358,-2.662823,12.916329,81.048881,120289.099901
302,14.432782,10.39443,23.201791,10.193249,388142.392328
302,8.58939,3.840321,4.634587,41.845589,15487.101671
302,10.621608,8.623498,7.991682,259.435311,46049.455545
302,16.620638,-7.515017,6.087444,63.274365,26718.865466
302,21.679481,11.616052,6.759898,263.967871,32947.951364
302,9.77049,17.775466,18.204371,13.245043,238945.822834
302,17.351998,19.197801,7.36006,314.903904,39058.065951
302,-4.362269,6.865571,7.656594,46.441063,42268.738454
302,-21.509003,7.631398,31.538686,180.082211,717191.719154
302,-23.957282,-27.357036,7.311284,152.649572,38542.100204
302,-19.844992,-3.667024,2.750909,248.800302,5456.327484
302,-22.516002,3.648214,6.397829,301.199971,29513.000042
303,4.374004,-1.522615,11.041358,158.917855,87900.843393
303,18.764129,-0.398494,4.997839,320.857133,18009.951432
303,21.614898,1.415028,23.006311,89.728712,381629.597567
303,17.813957,10.006669,5.736464,188.758082,23726.659446
303,20.268823,-4.363266,2.928367,144.782083,6182.995914
303,18.786095,-5.823177,3.00183,94.730623,6497.109334
303,17.572498,0.326128,2.712661,262.92329,5305.655781
303,25.26898,17.758837,6.614042,68.450147,31541.468617
303,13.803032,16.10745,10.388951,118.460485,77820.049135
303,15.796017,-1.513616,13.749084,311.228443,136299.926734
303,19.483232,8.490296,17.43033,3.971776,219058.094277
303,20.766586,4.299438,3.329626,102.795509,7993.537722
303,19.328353,22.798353,12.867311,286.810279,119377.817775
303,9.63429,3.240047,12.962684,224.860448,121154.045999
303,-5.869197,5.227339,9.614992,282.865794,66657.02399
303,19.637538,13.174461,8.491207,324.189219,51986.060845
303,0.501977,-10.78304,2.131732,14.939145,3276.524851
303,12.338682,5.002325,7.613989,73.148879,41799.638465
303,18.863531,15.778709,8.358241,341.756739,50370.685561
303,20.475326,2.726866,14.741039,289.294877,156676.635495
303,22.513388,5.540815,11.940915,51.683297,102807.144288
303,14.431504,0.121183,4.408603,52.796484,14013.613835
303,7.440985,8.448751,7.174894,239.354702,37117.529926
303,22.083293,4.412422,8.727742,225.515756,54922.696044
303,20.020792,10.646297,11.398153,348.217499,93673.556287
303,16.384086,7.214061,5.297784,336.548931,20236.55192
303,3.96499,2.792988,7.498828,220.345534,40544.772525
303,-26.331935,-12.701042,10.470674,272.312692,79049.174824
303,-15.488529,-3.966041,10.677977,51.313658,82210.263309
303,-16.699555,-23.499927,21.541134,310.717436,334568.61896
304,16.003731,-7.485614,4.054471,108.393808,11852.67635
304,22.804406,-0.350315,14.328036,2.234902,148020.347202
304,18.259489,0.09739,4.88354,307.732752,17195.612713
304,15.791276,9.510648,4.473246,330.942607,14427.58483
304,-4.607263,11.193491,5.903328,260.080044,25127.07047
304,-2.501169,-5.045418,8.371937,243.648758,50535.901603
304,14.075197,9.71129,5.633915,169.88711,22885.931612
304,19.429852,-0.0887,9.676826,131.464343,67517.124353
304,4.571996,5.053836,7.038412,221.350524,35718.848294
304,16.29603,-1.220778,6.741078,241.412978,32764.741719
304,16.68468,13.72646,9.585241,271.509103,66245.153505
304,8.321853,-11.746266,3.932967,135.686268,11152.920199
304,13.945385,6.327997,6.184062,68.014362,27573.747712
304,-7.799963,-0.356248,6.803267,193.671068,33372.062746
304,16.543297,-0.608924,8.724239,180.367483,54878.617642
304,27.534651,4.68986,2.919024,159.249216,6143.606341
304,17.818645,12.218458,1.818998,110.887953,2385.681989
304,23.479367,7.444122,2.544579,257.063474,4668.529586
304,12.548117,9.708946,4.107345,143.558529,12163.832299
304,14.51147,7.252972,10.994442,320.550516,87155.431616
304,18.510047,7.836846,7.600609,329.577381,41652.867379
304,11.165802,-8.282145,4.629536,83.809826,15453.362445
304,37.448024,10.856096,8.070735,151.011734,46964.985777
304,19.631977,14.929269,7.239067,292.680354,37784.467416
304,13.188899,13.320071,2.98466,133.646448,6422.998721
304,-6.533202,9.506649,6.697424,18.752848,32341.76374
304,-19.616948,0.487136,4.46057,308.48938,14345.935289
304,-10.937768,3.349236,6.232131,115.553762,28004.070856
304,-16.583321,12.862801,3.3994,17.473925,8332.062281
304,-22.143531,-8.31638,2.736096,347.059397,5397.723487
305,10.133554,-5.088598,4.717743,207.224845,16047.842778
305,18.570176,2.825514,3.707836,240.279076,9912.636017
305,16.640506,2.83932,13.230851,118.44632,126218.674523
305,5.068314,6.51519,7.823937,291.022725,44136.593959
305,-6.987914,14.659619,5.628121,320.104699,22838.885715
305,13.296012,17.478462,14.994874,313.760063,162118.934257
305,25.969779,14.972302,3.606335,262.97764,9377.353048
305,21.060603,3.264976,10.154624,286.378564,74349.114854
305,26.926871,-5.490202,1.212521,244.103917,1060.050792
305,12.918072,2.829498,10.481754,24.623389,79216.563403
305,13.974921,3.890742,27.887273,89.790437,560738.222227
305,12.086205,-0.104038,3.386781,148.813859,8270.317747
305,17.714823,11.40281,4.876915,257.27324,17148.988832
305,7.479467,0.565294,5.54109,298.287589,22138.002462
305,-0.702514,-8.069576,4.067267,209.802707,11927.610458
305,7.626398,11.500224,8.446128,233.21357,51435.545124
305,11.743946,0.193278,10.94814,73.390164,86422.888911
305,5.387958,5.497495,10.288042,60.66911,76315.640583
305,21.178861,4.105216,13.616671,311.734754,133687.244831
305,5.975094,9.656823,2.346192,315.271111,3968.945916
305,16.703794,13.325673,8.199553,56.560453,48476.183844
305,17.077405,7.379682,5.514894,259.715084,21929.183025
305,25.656657,-2.878942,4.416166,281.550078,14061.733406
305,16.676002,12.839877,10.889756,76.560425,85503.595217
305,8.683378,-6.406021,4.971619,266.730287,17821.480467
305,4.337023,5.578667,2.66539,304.547049,5122.353391
305,-20.599685,-12.414901,21.251012,307.62194,325617.185854
305,-17.923286,-17.403977,7.99401,288.596849,46076.279541
305,-16.870332,6.932728,9.525742,278.48728,65425.293776
305,-4.1023,1.738605,6.260258,303.416758,28257.422705
305,-33.923374,-10.393473,7.178695,156.09458,37156.868485
306,32.246201,5.629726,4.866588,339.136788,17076.433815
306,12.047806,-0.450691,6.538382,188.817048,30823.972319
306,22.258412,2.171535,3.437218,308.144372,8518.480792
306,30.479328,12.762076,4.385261,115.602066,13865.609909
306,-0.449159,10.056164,3.436214,162.016237,8513.509092
306,10.336631,-3.394681,10.994661,41.772055,87158.900916
306,8.995957,13.023261,8.322347,160.465944,49938.98049
306,21.662713,15.723486,11.298389,33.259701,92040.952325
306,19.709095,8.128279,8.839824,227.765934,56342.394146
306,2.809402,-9.633856,10.145886,262.692036,74221.208146
306,11.794846,4.31262,10.619883,115.433792,81318.153678
306,11.72146,12.113777,4.189766,287.180597,12656.905303
306,14.127088,-0.568347,1.589237,278.238858,1821.064976
306,2.542182,3.583163,8.594615,67.090285,53259.976147
306,20.73853,8.467741,4.532133,5.969035,14809.943105
306,3.653632,10.370952,8.969841,220.7946,58011.967347
306,18.957189,-5.322782,5.651871,279.650926,23032.047369
306,7.729623,7.239761,8.566016,55.412472,52906.115972
306,8.190044,-2.077564,5.048855,306.807191,18379.504135
306,28.676712,1.683588,4.491749,310.779496,14547.186718
306,8.052656,-2.949171,3.324,61.789725,7966.546139
306,32.305937,-3.810884,2.650994,222.978063,5067.172611
306,9.543937,9.483135,2.824543,318.985915,5752.340619
306,3.500966,3.806904,3.35811,237.906054,8130.884607
306,8.474828,9.916671,9.66682,11.798498,67377.573741
306,-6.539872,-6.821155,11.539068,359.248796,96004.048678
306,30.184474,3.806571,5.92939,7.946459,25349.423285
306,-19.47457,-3.240384,4.902521,236.324692,17329.540307
306,-20.417434,-8.556484,4.243114,51.895117,12981.276816
306,-28.810835,-14.666484,33.802216,102.44053,823831.560493
306,-20.408797,-14.651518,6.282414,321.16926,28457.791234
306,-9.156495,6.732166,4.739517,66.069892,16196.318382
307,13.329501,8.506144,2.727741,304.006557,5364.811562
307,23.295964,2.762989,6.484533,196.897564,30318.341956
307,21.388245,-10.332278,3.067376,217.158015,6783.943786
307,5.537644,22.901176,9.202954,119.653061,61066.4422
307,11.037141,18.036709,4.595448,346.169538,15226.626976
307,12.670644,18.699223,8.202498,78.780627,48511.011901
307,11.447684,-10.6413,2.198336,7.029902,3484.466533
307,11.340529,6.76608,7.417842,111.349393,39673.74433
307,5.141078,-0.672824,5.052785,78.96911,18408.13363
307,18.444754,0.596162,6.057663,111.115808,26458.079621
307,1.174927,3.579074,8.991208,230.768072,58288.674369
307,13.273109,12.139459,2.948062,124.601372,6266.443853
307,7.823232,-1.446111,11.53431,273.070491,95924.89581
307,6.345216,-3.098057,1.510527,121.604517,1645.149136
307,13.308102,-13.049423,7.718028,261.997526,42949.766847
307,3.401513,-0.995377,7.100053,36.837923,36347.229661
307,2.241034,-1.192949,2.877028,179.052998,5968.103275
307,11.694753,5.33319,5.169503,83.544429,19268.399458
307,12.143176,1.799495,8.081843,234.106117,47094.356544
307,14.872668,15.602767,14.710031,233.205008,156018.186992
307,19.56909,3.869385,12.275438,150.425458,108648.074211
307,12.518909,12.871371,2.794034,97.525957,5628.742716
307,13.07725,6.34484,3.039946,222.274089,6663.152055
307,22.110533,0.107657,10.524416,121.748564,79862.720553
307,17.434179,5.538643,10.896917,40.183735,85616.085251
307,24.596738,26.63837,8.067922,84.759312,46932.256324
307,13.318349,3.131436,6.700977,326.177696,32376.080541
307,-21.277794,-11.223669,11.648082,108.993657,97826.583542
307,-15.890043,17.063526,7.160546,165.248207,36969.226657
307,-19.431358,-10.420814,6.648074,20.619439,31866.898464
307,-9.326214,-3.91496,4.725484,43.370204,16100.548986
307,-18.448508,-1.251545,3.971376,50.54102,11371.821122
308,15.660616,2.11209,7.440401,306.898208,39915.423475
308,30.629941,3.101298,12.260873,14.872404,108390.416417
308,23.390112,-10.009435,6.517345,186.974274,30625.943881
308,6.761958,4.124554,1.691177,88.312217,2062.178252
308,11.942628,-12.566388,11.240359,190.081253,91097.922172
308,4.090361,0.964812,6.942515,293.033524,34752.152365
308,3.511113,5.584191,4.904632,143.480868,17344.467483
308,21.79262,8.906287,2.66879,115.748131,5135.431936
308,19.882436,0.940976,7.053699,356.70634,35874.170022
308,2.95387,5.72727,9.283589,184.985022,62141.229091
308,10.361852,-9.197815,4.734745,312.789965,16163.717006
308,14.347692,8.456964,7.14521,356.80712,36811.040737
308,22.928744,-6.248166,13.86327,132.133248,138573.257221
308,12.753984,14.441508,4.224901,209.264001,12870.075448
308,15.08855,-13.799215,3.738653,213.299101,10078.093609
308,17.899734,4.94866,11.098594,202.674001,88814.520829
308,3.592104,10.530203,13.280554,170.164023,127168.77419
308,17.191626,3.697745,13.635509,209.203775,134057.390547
308,17.235836,23.024763,3.291838,69.070146,7813.126851
308,-4.939286,-16.604951,7.201833,143.692449,37396.774575
308,18.866102,9.812118,3.485328,158.255812,8758.61408
308,25.577684,-1.019612,6.863497,308.04001,33965.57003
308,17.419687,0.316678,7.737911,193.024477,43171.34424
308,20.822764,6.316207,3.678607,126.616653,9756.966531
308,28.017682,3.389981,14.030269,283.200235,141931.92331
308,5.767322,-2.991472,7.869362,25.840062,44650.580754
308,15.331844,9.852942,7.324537,96.763082,38681.956666
308,-12.19552,-7.048937,4.962439,49.585815,17755.72547
308,-13.776916,-14.245206,15.285715,307.889544,168468.840401
308,-5.131225,10.885941,20.420733,283.592875,300670.435949
308,-20.284634,-4.636194,13.171812,135.593492,125094.757572
308,-32.277856,9.0318,5.930346,16.240142,25357.600254
308,-15.152541,-4.812374,11.787639,279.705533,100184.781526
309,19.936213,-12.04596,5.793413,234.054041,24200.090825
309,9.452236,7.891587,10.24891,245.126525,75736.184767
309,3.380985,1.743233,9.711411,15.440429,68000.603567
309,2.092856,0.287455,6.569709,126.536798,31120.049173
309,14.991185,9.255684,4.847722,325.668738,16944.295753
309,22.942631,0.632908,6.810569,68.554833,33443.742983
309,28.518306,7.177342,10.20185,89.198818,75042.26372
309,25.985895,13.839927,13.951334,203.549865,140339.377383
309,15.342315,3.682325,11.966721,10.835237,103251.985671
309,-4.808722,2.425569,41.859905,57.652247,1263410.67061
309,5.42564,9.760798,18.036448,107.397768,234557.920243
309,9.149456,-14.430497,11.949132,202.278294,102948.684776
309,22.185821,4.151029,4.904164,47.701222,17341.153072
309,10.36405,10.054284,5.843957,30.741982,24624.195654
309,19.497603,7.555649,6.494346,236.677949,30410.177124
309,27.286934,11.723304,4.244214,10.149164,12988.01219
309,15.841807,7.447729,8.930522,289.070271,57504.491863
309,1.552048,-4.50134,2.570288,154.663951,4763.339257
309,22.477955,-5.562915,7.581715,217.868738,41446.037237
309,18.727019,-6.546304,3.328689,239.454162,7989.037563
309,13.707,-3.793398,4.128225,120.335103,12287.81993
309,15.401223,-0.557149,9.185111,353.405563,60829.875631
309,20.715911,3.284056,6.355575,108.894385,29124.448157
309,-7.548666,0.129842,5.2683,24.774931,20011.932118
309,3.284975,7.558084,11.9687,197.590931,103286.132755
309,18.773122,2.947863,4.646068,65.882245,15563.928271
309,21.011835,6.054245,7.559225,76.562481,41200.511415
309,-20.430047,7.351676,8.036049,181.824005,46562.170448
309,2.196207,-5.547232,5.507411,324.933259,21869.71415
309,-30.628037,-0.993689,17.91854,191.175318,231501.231614
309,-28.961378,-14.086861,8.502196,163.092124,52120.709654
309,-13.306504,-9.912048,2.498806,98.707869,4502.079077
309,-32.594588,-3.976243,3.358975,225.755632,8135.074043
310,10.047178,-17.854555,5.351159,193.640542,20646.371681
310,25.964761,0.169563,4.12662,100.308021,12278.268749
310,12.205119,5.166057,10.463115,206.461189,78935.087207
310,21.132081,4.848932,8.040627,147.21914,46615.23263
310,12.990917,7.804917,2.725274,112.526213,5355.111566
310,11.884911,9.432525,7.362569,115.945488,39084.704487
310,17.38338,-1.11407,3.462036,87.248775,8641.940501
310,16.914329,19.693076,9.203932,83.258226,61079.415688
310,-3.573193,-7.889722,4.150186,261.589445,12418.899694
310,7.696308,1.704443,2.712318,15.072231,5304.314098
310,16.218767,-4.671665,4.3238,323.194838,13479.673016
310,9.157268,1.082259,3.349281,105.69242,8088.186877
310,18.916601,11.177904,19.964403,149.755678,287382.783812
310,8.330953,5.102483,8.908098,227.578765,57216.066982
310,5.69884,8.303386,7.137294,245.826299,36729.516783
310,-1.146931,2.536506,11.565081,143.467121,96437.394076
310,11.05253,7.927435,6.136061,111.822175,27147.352259
310,9.904587,-0.457198,14.793412,108.901848,157791.91637
310,16.795048,6.525807,3.343187,30.574006,8058.782819
310,10.649063,-9.493598,5.196676,284.179749,19471.497312
310,23.719366,12.941229,20.068218,243.646428,290379.326607
310,10.124769,9.992825,4.003798,205.714128,11558.258352
310,16.992078,0.418549,9.579927,126.946004,66171.728041
310,19.217464,3.654007,7.593866,27.300664,41578.988496
310,5.631856,-5.679711,6.906098,293.99777,34388.528994
310,20.729019,-6.476967,13.361523,2.009437,128724.141855
310,23.354641,-1.305778,3.274221,295.272107,7729.72686
310,-15.520388,-5.460102,4.610697,212.047112,15327.853183
310,-7.36416,3.364962,2.101237,315.034049,3183.449699
310,-1.082789,14.115395,2.672462,185.329973,5149.573688
310,-20.772,1.501028,2.908189,31.822348,6098.080917
310,-13.097361,-10.454921,4.187617,194.237588,12643.927867
310,-15.467524,-1.999046,10.013178,267.667927,72292.285444
310,-21.378816,-15.238298,6.814841,176.030208,33485.707822
311,23.871611,6.07153,3.896187,227.08043,10945.297853
311,15.797008,15.531112,7.291248,97.173164,38331.143034
311,25.303248,8.54042,4.974913,95.838175,17845.103782
311,6.643072,-2.294491,6.588816,18.764629,31301.330199
311,12.120832,21.371892,35.368119,312.597756,901928.260552
311,10.189393,11.536118,33.690394,43.934805,818389.897004
311,12.894751,4.715042,4.382936,22.00595,13850.912025
311,14.484001,5.967828,10.874097,134.618041,85257.867085
311,15.355998,3.060206,3.21258,291.066406,7441.420901
311,8.01015,14.872104,10.48303,220.243485,79235.849986
311,8.287996,7.035174,3.78846,356.738832,10348.407037
311,17.197707,10.65272,8.194494,161.990518,48416.38733
311,8.967151,-13.624292,6.756724,2.842192,32917.0149
311,10.351853,0.633708,5.736036,167.475724,23723.119855
311,10.271545,5.075209,3.624909,310.904714,9474.195651
311,12.376235,15.283323,3.271521,58.80143,7716.981286
311,16.684413,4.600455,2.254579,237.138129,3665.04188
311,7.634541,8.3e-05,6.168843,276.308548,27438.194059
311,7.098756,3.330823,2.723108,347.862338,5346.602792
311,12.724666,-1.083169,5.409621,359.211629,21099.9645
311,-6.372933,-4.945342,7.109052,40.488944,36439.423878
311,9.31613,4.625178,29.625887,324.797675,632835.433754
311,6.678777,8.198511,11.170167,321.40616,89963.727759
311,9.466177,-6.330986,3.056432,154.932412,6735.617736
311,15.013767,4.432284,5.626231,124.259997,22823.552813
311,17.88262,6.909804,8.004479,142.111279,46197.041412
311,19.947532,9.604122,4.59002,334.826516,15190.677556
311,-17.497486,-1.053944,5.721867,94.190968,23606.060715
311,-38.07724,-12.931962,4.503192,123.456924,14621.402362
311,-16.918324,-3.666216,5.831961,238.079555,24523.208393
311,-26.581455,-6.781314,10.537112,67.569267,80055.509972
311,-23.446497,0.740684,8.060861,327.428091,46850.140407
311,-13.153852,-1.140479,6.43265,310.765873,29835.125924
311,-22.259123,17.26022,2.477491,209.100769,4425.600469
312,1.508785,-4.558685,6.020582,341.537564,26135.153832
312,19.132239,-7.245668,6.112303,309.769424,26937.537058
312,15.237458,10.69872,6.72961,288.081047,32653.363784
312,3.60047,-0.529152,14.947003,128.091277,161085.440138
312,16.473745,23.249367,9.875001,142.584717,70310.847751
312,9.346849,-2.881278,4.931717,61.630141,17536.55648
312,2.220462,8.808179,7.646001,263.388188,42151.862672
312,21.161761,6.298095,13.212567,64.889338,125870.074483
312,20.40008,3.628143,5.313082,11.851899,20353.597553
312,6.262291,8.188651,3.457963,326.910757,8621.615419
312,12.476738,-3.284805,3.121837,157.85729,7026.977783
312,20.626804,-6.368832,7.194129,230.36686,37316.812556
312,10.869396,10.257199,9.01327,88.270809,58575.067441
312,16.67159,0.136274,8.000793,142.700561,46154.510041
312,15.991681,12.746198,9.619315,78.802632,66716.979441
312,18.929671,16.786152,3.702065,244.966546,9881.803428
312,11.013922,8.467784,3.345481,183.736486,8069.843924
312,12.937981,6.65182,7.055446,109.496608,35891.94326
312,18.658516,3.077562,15.082739,240.286978,164024.418025
312,22.390641,9.73491,10.256471,326.646601,75847.968633
312,20.957398,5.766171,12.925422,57.590645,120458.527813
312,8.248117,12.581699,5.313668,246.046518,20358.08182
312,8.950137,-2.655614,10.724605,211.243783,82929.815484
312,17.09587,9.206392,2.591446,109.426481,4842.086556
312,8.444731,11.12074,4.899758,30.866064,17310.009737
312,10.795826,6.505327,5.694631,296.330595,23381.867032
312,14.474254,10.221685,7.515338,168.975042,40723.501284
312,-24.232996,-5.179343,13.239945,138.032993,126392.2466
312,-8.982152,10.320747,5.03054,357.672692,18246.405135
312,-23.125794,-6.15978,5.449411,26.58549,21411.506895
312,-15.26883,9.452514,4.84959,58.496746,16957.35609
312,-26.459858,-15.18427,3.659688,77.775525,9656.866196
312,-13.985694,-6.213613,7.497534,19.003389,40530.783566
312,-23.591215,-14.659713,19.602404,233.671732,277055.483617
313,15.941149,7.940774,6.377744,314.478847,29327.989857
313,22.692477,1.576085,4.629014,189.796583,15449.88104
313,12.068803,2.198775,8.276446,328.568837,49389.63917
313,27.094048,-6.096595,4.844588,143.997155,16922.395895
313,10.8686,6.692949,12.163007,208.700905,106666.975295
313,18.536535,2.61507,7.130196,234.375349,36656.505542
313,7.369774,3.10933,4.96971,55.181782,17807.799263
313,34.058237,16.764421,6.707214,198.853297,32436.383657
313,5.616125,0.696236,6.583186,88.039739,31247.867688
313,13.073541,6.984968,13.667748,264.274478,134692.055729
313,5.362159,0.380654,5.535901,333.133945,22096.564219
313,6.286216,17.415905,4.824761,247.430197,16784.159357
313,8.287851,-2.494723,3.289938,58.840035,7804.111136
313,-0.460446,2.191042,11.539624,270.459269,96013.297202
313,12.592431,5.915338,10.702251,189.720542,82584.461109
313,9.405793,11.749858,8.95117,130.800725,57770.70872
313,8.596216,-2.410384,13.903752,54.411225,139383.741411
313,20.083061,-0.106831,9.260801,284.364162,61836.533644
313,6.337718,-0.190832,4.691333,9.485554,15868.673262
313,9.941303,4.847875,8.232346,143.886651,48864.704683
313,11.340603,-6.570672,5.712049,27.725477,23525.123016
313,15.98915,2.728464,4.232909,167.086656,12918.90912
313,16.951435,8.530816,4.167564,118.44696,12523.124979
313,7.684507,5.878297,3.157559,111.781378,7188.710532
313,-0.374091,0.967564,12.288766,279.662027,108884.137362
313,14.079388,11.040123,8.068519,127.372904,46939.199345
313,-6.467824,6.969394,6.155469,279.386924,27319.350424
313,-3.513532,7.305286,2.929173,277.830325,6186.400582
313,-26.51394,-12.107702,5.776695,228.10827,24060.628538
313,-20.53077,6.013875,6.665877,96.732561,32037.803027
313,-19.163638,-11.205735,6.838056,142.959724,33714.235533
313,14.209524,11.979912,22.211537,338.220211,355717.553115
313,-40.055762,5.672594,6.737234,81.205645,32727.387996
313,-18.629291,12.311014,4.916434,87.861218,17428.037599
313,-22.384534,-7.575156,3.356466,70.530775,8122.925248
314,-2.308246,0.546245,9.500081,47.747674,65073.279559
314,9.388073,20.416944,16.143855,201.506124,187915.486264
314,1.869839,2.26406,8.629742,4.90551,53696.213045
314,11.695471,-15.791397,7.278609,331.248719,38198.370504
314,12.052678,7.160654,12.855649,263.888203,119161.536529
314,9.039483,5.357133,6.271424,260.713156,28358.315235
314,15.709829,11.597128,11.419735,129.739686,94028.633673
314,19.610605,5.565061,3.845791,113.859168,10663.980718
314,10.851861,-0.155057,7.624466,25.602954,41914.752402
314,16.912508,14.958114,3.061535,334.691625,6758.128497
314,11.509008,9.143767,2.96916,357.507249,6356.45884
314,14.047964,-8.311725,18.205827,15.687441,238984.049915
314,0.172608,5.149516,10.10175,176.054617,73576.865327
314,19.788454,11.660279,4.64263,226.849427,15540.902002
314,4.464134,6.27766,4.669785,171.219222,15723.230977
314,18.961505,12.670654,11.731416,302.370498,99231.358767
314,14.590708,-2.325026,10.290501,345.10834,76352.124217
314,-16.49907,5.191893,7.770852,3.996581,43539.694008
314,27.581198,-2.15953,2.912029,194.544011,6114.195984
314,14.967197,18.963514,5.310597,125.500967,20334.558703
314,12.117784,-7.845036,4.228363,270.270973,12891.17614
314,-2.282137,1.035168,5.940163,199.704586,25441.623761
314,4.229625,-11.304589,7.931445,215.753454,45357.880173
314,15.953246,-8.583138,5.35077,132.631641,20643.372584
314,13.524553,9.676175,4.655285,154.016077,15625.74407
314,8.599381,3.773063,5.318399,259.904873,20394.349795
314,28.143909,2.988573,13.430632,13.466223,130059.167287
314,-4.767467,9.210141,15.492303,173.60743,173053.368185
314,-17.575525,8.106104,8.829104,56.325726,56205.832155
314,-12.194575,-5.090105,5.685401,19.998841,23306.13524
314,-8.775642,-12.152422,2.99261,106.901886,6457.260088
314,-3.920196,3.783147,2.619158,141.633054,4946.197575
314,-23.228542,-11.628469,4.004641,249.167409,11563.128037
314,-7.642786,-3.541868,6.789186,270.84218,33234.061891
314,-12.535172,-13.371279,15.842646,270.124632,180968.711766
315,3.08535,7.831899,4.219157,82.986247,12835.104695
315,7.907362,2.963242,3.3071,92.665052,7885.744482
315,20.76089,5.224662,9.373654,318.347883,63352.820317
315,14.814157,-5.228846,5.974421,270.148077,25735.919137
315,19.691565,7.679857,6.155792,265.9795,27322.21541
315,11.692309,6.235065,9.157102,94.61913,60459.454279
315,17.686354,22.425386,7.450385,167.571744,40022.622693
315,18.049686,15.350836,5.447572,185.395019,21397.058676
315,15.059798,4.634675,5.885892,279.126995,24978.861758
315,12.148489,2.869116,3.428561,202.058607,8475.624567
315,13.757228,-7.963304,16.333377,65.441,192353.471908
315,21.020979,-0.299261,13.45858,2.288361,130601.020835
315,6.10489,4.440604,5.809559,43.69521,24335.170328
315,9.50107,16.270166,5.613982,182.980909,22724.276774
315,14.565517,1.582103,8.298224,343.64808,49649.896769
315,8.199021,4.361003,9.683797,17.330086,67614.437308
315,5.403495,-0.687042,22.234895,318.49686,356466.097227
315,19.204745,15.590829,5.360636,305.847754,20719.567466
315,12.9331,-2.422027,12.329493,211.399187,109607.052719
315,16.177666,1.39641,4.439252,292.670007,14209.132954
315,24.117571,21.774994,8.498728,103.407989,52078.201841
315,26.31842,6.432031,9.768327,220.334435,68799.99917
315,24.069686,3.885402,3.788794,180.829207,10350.229417
315,19.377491,2.896188,6.320233,106.458391,28801.446415
315,11.167509,5.719065,8.904551,254.835715,57170.516574
315,9.675595,10.330288,8.081966,109.983117,47095.79639
315,-14.066183,-0.942843,13.235195,124.766087,126301.571249
315,-7.19058,-2.87347,10.171151,70.082812,74591.316848
315,4.522045,-17.868298,8.390219,335.383311,50756.849045
315,-14.236586,-15.086861,10.968519,261.966396,86744.92055
315,-19.281954,-18.155708,8.984741,282.957937,58204.85719
315,-27.596192,-4.531212,5.414932,237.242257,21141.418208
315,-14.578407,-6.134414,10.798884,94.196895,84082.544968
315,-28.634322,-17.924981,5.365812,151.029478,20759.596768
316,14.702717,-6.864859,5.101495,34.809612,18764.76005
316,27.014663,18.996569,5.396693,35.234319,20999.235418
316,11.601585,-2.213367,4.642965,243.1487,15543.146468
316,21.090953,21.478151,4.019421,287.953444,11648.634013
316,12.348922,-2.393834,7.170905,6.584549,37076.270289
316,-6.602047,-1.628631,13.168003,295.731753,125022.429549
316,13.242716,-4.139619,9.939631,22.576936,71234.203293
316,10.698242,8.440473,7.361704,156.738231,39075.525591
316,8.081492,-8.852599,10.681493,167.141849,82264.417517
316,22.121545,12.812616,25.019474,104.079702,451340.607732
316,2.75319,-20.077486,10.827872,214.372756,84534.568111
316,13.355138,-4.617057,1.508515,13.007468,1640.767977
316,19.396172,6.656105,2.96678,100.337214,6346.271614
316,8.853487,13.623154,2.123957,225.439284,3252.6659
316,25.734624,3.085121,8.483953,71.360731,51897.273204
316,2.469462,-0.81,9.333195,298.934937,62807.10195
316,17.794,-10.034319,5.440978,257.051627,21345.288269
316,10.911977,13.040061,1.415892,243.325208,1445.466818
316,10.680562,3.293709,11.98663,117.185751,103595.824325
316,10.56402,-2.785201,3.821251,268.812965,10528.320882
316,16.512851,14.156613,10.62757,15.371638,81435.923372
316,10.086168,-5.562544,11.063325,149.291928,88250.954071
316,14.935772,14.794144,6.614743,222.330082,31548.163531
316,-3.213049,7.469248,1.799256,335.079356,2334.177146
316,14.850283,13.779109,8.547064,358.229232,52672.267694
316,16.809844,10.202971,13.575018,273.35365,132870.609526
316,13.496404,12.359814,18.217778,147.646173,239297.905389
316,-34.619452,-14.45217,6.577868,174.440925,31197.403281
316,-4.784137,-14.873651,9.189501,305.309534,60888.027722
316,-4.323312,-4.990273,15.692919,164.771134,177564.250592
316,-11.171565,3.153521,7.687308,95.94016,42608.536191
316,-30.043483,-13.814216,6.349807,102.145393,29071.612836
316,-35.942155,6.633035,3.425241,273.830932,8459.222742
316,-22.289115,-12.666873,7.943306,331.234375,45493.63389
316,-32.103067,6.409685,3.622473,167.642866,9461.465361
317,21.101141,0.332325,3.980752,319.88252,11425.582663
317,15.823418,8.579112,5.807888,140.534287,24321.170389
317,18.136658,6.807564,9.613358,120.543912,66634.366337
317,16.550996,19.030707,6.724705,200.58063,32605.779095
317,-0.185563,-2.943123,11.327399,191.659133,92514.212705
317,18.013582,3.619798,5.634686,204.621682,22892.197105
317,14.516179,-2.798154,4.124903,81.349776,12268.050155
317,3.880224,3.683992,2.539545,176.024784,4650.075967
317,3.832537,-1.142079,7.462385,140.9512,40151.646286
317,9.875864,5.099393,10.146587,133.034918,74231.461322
317,23.372741,17.062679,8.971346,231.237973,58031.435702
317,18.92709,2.960319,11.325906,43.049546,92489.827767
317,13.541098,21.284713,3.678737,80.617057,9757.657281
317,12.350818,-4.467186,4.353598,320.749016,13666.104103
317,20.030543,5.361169,6.310526,126.246643,28713.044679
317,-13.735855,9.269222,8.153932,301.441589,47938.261146
317,4.836138,-5.629409,13.464957,48.627471,130724.813977
317,16.908241,13.563618,8.433928,176.395236,51287.069311
317,16.992412,2.855688,12.87039,43.8701,119434.965312
317,20.035773,12.862452,4.799681,90.1273,16610.120625
317,11.578173,6.452781,4.36774,77.338788,13755.031318
317,14.643267,0.929302,8.598282,28.737051,53305.430286
317,8.013066,-0.686492,6.081765,96.347647,26669.039649
317,8.78951,-1.955719,4.280164,258.867683,13208.968763
317,14.835317,9.016577,8.565558,324.984124,52900.458281
317,1.029699,-1.354784,5.357426,110.644399,20694.764377
317,-10.545147,3.787695,4.198798,187.307172,12711.533735
317,-13.793237,0.070407,3.631134,293.855459,9506.76245
317,-13.401507,-4.146747,7.528337,329.356451,40864.4998
317,-17.351133,-8.288783,9.695346,111.259418,67775.802811
317,-29.302593,-15.918344,8.179242,88.493684,48236.324192
317,-26.966999,-19.540806,4.113489,343.712002,12200.250897
317,-9.524461,-13.577261,4.267622,314.126216,13131.67257
317,-15.339976,0.443469,5.812325,55.218679,24358.352299
317,-15.744628,-18.632042,4.473223,280.72892,14427.436922
318,9.96909,-1.04045,7.919531,130.448246,45221.707099
318,9.87528,-2.389015,1.520166,235.765554,1666.211306
318,6.900995,-2.643528,5.167926,354.525161,19256.644589
318,12.041616,-14.022829,15.957707,52.484212,183606.9188
318,8.174364,23.02798,7.599194,238.434045,41637.354422
318,18.688281,5.808431,2.972097,273.192015,6369.040192
318,13.191876,-11.766407,5.312132,108.390398,20346.318029
318,8.315476,-2.748172,18.417945,178.07393,244585.334162
318,11.105081,-2.263405,3.315513,99.5953,7925.916317
318,6.922536,8.280204,10.68344,226.819047,82294.40348
318,23.274676,11.203923,7.709824,53.073328,42858.503562
318,7.302829,1.03015,9.283973,270.951565,62146.380115
318,2.536109,7.769314,5.149851,51.745621,19122.17857
318,-10.466155,7.16608,1.757941,167.683087,2228.211977
318,11.531937,3.413179,12.269965,65.501092,108551.223996
318,9.8701,0.170694,12.795735,209.306237,118053.412255
318,22.72443,0.104614,11.839017,112.003374,101060.020589
318,-4.578528,2.429522,4.844826,130.405493,16924.056413
318,26.578367,19.093458,5.006259,173.054424,18070.687183
318,12.379793,9.37826,6.917604,258.214081,34503.206813
318,18.805373,2.863722,20.994231,135.483773,317795.710944
318,11.624921,-1.907212,8.728534,164.678273,54932.662015
318,7.779582,-8.225342,15.634365,261.892417,176241.657782
318,20.466118,2.439112,11.263892,261.051039,91479.763017
318,13.412392,2.13999,12.453891,357.19727,111829.958748
318,-9.469275,0.375199,3.464622,171.584146,8654.856533
318,-10.56091,-8.618922,8.38665,191.813562,50713.674362
318,-22.145092,0.777919,11.620837,116.775054,97369.494936
318,-1.580327,-5.527577,5.01507,15.413754,18134.356111
318,-23.525391,1.231964,5.256106,271.867978,19919.401832
318,-6.775446,12.161214,9.189717,1.105324,60890.897354
318,-2.285435,12.259154,4.118085,257.945455,12227.531337
318,-23.496111,-11.741931,7.537905,287.211628,40968.442014
318,-30.03146,-9.485489,10.267597,11.356148,76012.621894
318,-20.208482,-14.210737,10.008889,248.543343,72230.365034
318,-16.264275,2.800834,12.984364,199.433331,121559.657366
319,19.27926,12.215827,6.512638,343.444168,30581.725192
319,11.695758,-16.976026,8.530536,241.707372,52468.750966
319,13.368707,12.52557,2.45225,330.118293,4335.883807
319,8.93195,0.722433,10.584028,302.888841,80769.993076
319,9.801777,6.25135,9.90936,128.587515,70800.976441
319,3.774641,5.449505,6.473837,126.702857,30218.406705
319,8.367307,-4.546522,3.103819,109.892664,6946.098946
319,20.162595,-0.230861,4.998857,296.349432,18017.290191
319,2.094348,7.256226,5.598174,340.82256,22596.487411
319,19.827015,1.659641,6.912075,116.716014,34448.069998
319,13.870808,-8.088277,25.656845,243.595024,474629.343226
319,14.885205,5.501783,2.835156,325.998519,5795.649884
319,20.39771,11.474737,4.843486,217.544031,16914.691584
319,8.585388,9.924547,12.137729,90.719748,106224.067333
319,9.752897,13.349731,3.834536,25.202509,10601.657289
319,8.432846,10.21708,5.089051,4.813351,18673.325591
319,10.930567,8.780234,5.206728,82.345564,19546.90162
319,18.528925,6.522269,16.454612,357.011614,195219.579786
319,22.328255,9.209195,5.593554,242.700088,22559.198634
319,18.162214,17.004031,2.736372,30.573737,5398.813653
319,8.542508,1.713798,6.191903,182.162617,27643.715217
319,4.863919,-8.036597,9.60924,211.980807,66577.29863
319,19.991824,9.87058,10.512347,130.273827,79679.654859
319,7.904551,1.01868,4.704209,182.773136,15955.901642
319,16.416286,11.749644,4.134838,175.12568,12327.21517
319,16.462378,3.82182,4.623131,216.813953,15410.631392
319,14.050442,5.232477,28.308397,173.784015,577801.453172
319,-24.336409,-14.726618,1.784648,186.059578,2296.430761
319,-18.191795,3.720855,6.381531,178.509431,29362.829618
319,-23.872868,5.087427,10.330131,47.861822,76941.335225
319,-20.617201,-23.762605,9.520268,174.476479,65350.121468
319,-20.486653,-19.468519,4.411548,134.465709,14032.340481
319,-8.824459,3.935891,6.965213,158.177405,34979.764862
319,-34.050405,-4.5569,3.568931,172.841091,9183.841154
319,-18.85867,-4.892177,9.933286,98.940006,71143.29075
319,26.303568,3.961077,8.64013,276.625071,53825.570707
320,8.991665,5.952752,3.787722,43.838011,10344.37264
320,10.883038,0.687371,7.369941,118.529921,39163.008896
320,28.180163,-3.635933,3.276051,155.47796,7738.367987
320,19.316282,17.074585,6.908396,198.639113,34411.416192
320,12.642435,4.477186,3.410506,217.907829,8386.596199
320,27.135234,-7.023961,5.49115,279.808674,21740.761539
320,4.534281,5.852589,4.70769,226.964531,15979.524019
320,14.250497,17.978598,10.269431,45.513112,76039.773442
320,4.918797,4.226159,15.291851,1.004242,168604.11221
320,-18.629981,1.580866,3.186564,244.206703,7321.389176
320,18.791408,17.169641,10.162014,57.836401,74457.364809
320,7.903233,7.424873,7.067781,144.334428,36017.551697
320,18.370341,4.852054,12.462478,41.916177,111984.237817
320,3.426554,-4.721998,3.243376,306.639005,7584.776534
320,21.557768,-0.022281,2.426768,54.77481,4246.24183
320,17.707239,-4.790656,3.680886,108.742618,9769.061942
320,19.875654,-7.082547,5.010013,174.879716,18097.801738
320,16.540548,10.133235,6.432359,181.907225,29832.431804
320,19.637499,-6.508199,3.3285,255.308353,7988.133156
320,4.622277,12.838111,9.166728,314.603782,60586.630725
320,19.979136,0.963031,5.050774,232.441645,18393.482043
320,13.87971,17.241657,20.630039,351.459554,306865.579332
320,14.503663,-3.510663,5.135933,10.995934,19018.963911
320,7.170607,6.375857,6.665432,202.597855,32033.521247
320,15.128195,19.791163,4.208,85.041715,12767.315296
320,-20.219487,21.864533,7.246573,175.574664,37862.859727
320,-10.659399,-9.460999,3.822674,225.215464,10536.164171
320,-2.600279,-16.984004,10.689994,108.942034,82395.399878
320,-23.335974,1.02603,6.690527,149.925625,32275.180353
320,-9.567564,10.255174,9.077574,351.931605,59413.846279
320,-33.25259,-20.138935,6.354367,10.070833,29113.385392
320,-8.32893,-3.345714,8.163993,32.176442,48056.63289
320,-17.706802,-3.833244,12.160403,29.744985,106621.310622
320,-26.05003,12.198192,3.90447,247.619617,10991.888851
320,-20.790703,-26.789072,6.403773,265.721825,29567.863021
321,9.203423,1.743528,4.98516,102.162389,17918.690183
321,19.587321,1.221517,7.796639,91.884947,43829.142906
321,14.492792,-0.485856,5.275019,44.468228,20063.009577
321,6.446339,10.044651,4.072772,217.38278,11959.920899
321,14.786888,7.426628,15.34638,176.292839,169808.703137
321,0.469928,-0.050218,12.46996,145.475115,112118.730373
321,8.723417,-2.716358,7.627143,280.189394,41944.191369
321,7.409634,2.974277,8.841775,138.553876,56367.273747
321,14.281307,-2.736502,9.154286,125.464155,60422.26761
321,11.235884,-3.954491,3.902093,174.059007,10978.509049
321,2.328802,15.416605,4.475435,2.093111,14441.706921
321,17.415969,5.284212,3.144031,141.273923,7127.247105
321,13.973508,4.028061,4.568085,132.818696,15045.839775
321,19.993066,10.2102,2.63368,137.37333,5001.199445
321,18.299481,8.178722,8.513473,135.021639,52259.060522
321,13.780243,-0.691168,10.076599,249.342307,73210.953144
321,8.348562,13.486983,7.08063,300.148938,36148.632392
321,15.594645,-5.201177,10.835497,314.82351,84653.659857
321,7.627205,-6.732446,8.996234,328.140636,58353.85376
321,-8.672815,12.010541,7.613904,297.269079,41798.706111
321,10.240098,5.429406,3.646843,227.805744,9589.193816
321,4.0712,-1.567671,9.475785,149.844519,64740.854612
321,13.137359,12.449472,2.05922,133.591051,3057.410243
321,-2.910278,-2.739823,2.104457,44.209693,3193.215878
321,7.340491,4.790636,7.377307,33.144878,39241.335418
321,-20.666992,3.567345,2.084915,172.186462,3134.184719
321,-7.389402,-6.439769,4.102521,4.337135,12135.278492
321,-20.596498,0.726768,7.02241,260.416945,35556.621387
321,-24.49242,8.778121,3.693135,194.831754,9834.18611
321,-17.585252,-3.616546,1.845278,238.437105,2455.113138
321,-3.403498,0.126367,2.693693,64.710235,5231.71611
321,-22.768648,-9.737478,8.505796,302.362029,52164.851652
321,-27.058262,1.992449,6.234575,218.60547,28026.04132
321,-1.374371,2.76072,9.611088,119.218094,66602.906806
321,12.291554,-1.128934,5.539608,108.120829,22126.161609
321,-26.205953,-0.78109,12.932156,215.733197,120584.079146
322,8.900909,2.829406,9.075516,281.011241,59386.909789
322,15.281156,-3.118949,9.271359,311.384669,61977.616493
322,17.277917,-3.206736,4.230993,189.673206,12907.220142
322,15.988402,1.398519,4.697087,161.442401,15907.625962
322,13.573967,7.026858,18.76944,314.171303,254009.938148
322,21.652717,-2.259486,6.592674,149.032143,31337.997338
322,8.627686,-0.465597,6.853878,132.560216,33870.438388
322,11.586312,19.590366,6.161411,58.777628,27372.122147
322,8.690157,2.197222,6.025711,45.784656,26179.701482
322,8.112337,9.626798,3.660167,257.610717,9659.39212
322,20.815912,1.625089,11.623865,172.046585,97420.230251
322,16.027185,8.08498,7.776879,122.466134,43607.253995
322,-3.892778,-3.172301,5.25708,213.581105,19926.787166
322,9.212795,3.923821,3.396861,108.948409,8319.622557
322,22.340031,11.403557,23.048412,52.192308,383027.614999
322,14.242109,9.977867,3.435116,76.630136,8508.065708
322,16.779193,-1.57944,3.995621,241.191812,11511.094987
322,10.133124,-0.492871,4.230827,84.108485,12906.207034
322,13.291952,0.436918,3.752779,230.204766,10154.394561
322,4.036682,-7.794407,8.935464,282.086215,57568.157059
322,29.994307,10.697297,22.597464,156.855946,368186.177326
322,12.748612,-1.139908,6.503182,260.451297,30492.981053
322,18.443429,-3.39581,3.761591,56.418769,10202.139883
322,12.968565,3.179822,7.342495,185.302473,38871.866952
322,15.312915,-5.651276,8.101351,264.513668,47321.985539
322,-23.409818,-16.585862,6.106142,229.180365,26883.26047
322,-4.961361,-2.64163,8.863305,61.558124,56642.117169
322,-27.946865,-7.140293,9.608194,355.248541,66562.805214
322,-10.513124,-6.51681,6.493231,261.162139,30399.735206
322,-27.099597,-1.601805,8.506867,230.873468,52177.989249
322,-29.031343,-10.420143,8.966327,115.512419,57966.516241
322,-26.815048,-17.717812,6.368216,232.077086,29240.419401
322,-30.935992,-11.045036,4.542039,25.52848,14874.75571
322,-17.190513,-21.29798,18.120467,40.515574,236748.285895
322,-22.716423,-20.271063,6.867935,313.622837,34009.514427
322,-17.199523,1.270923,4.679582,11.943561,15789.276697
323,4.28134,-1.30643,11.604812,194.511866,97101.125405
323,15.156459,-2.329969,6.438679,72.579761,29891.077592
323,17.977631,8.518816,7.171211,273.820222,37079.430864
323,16.474472,7.60048,5.651977,350.661439,23032.908755
323,4.316815,8.02952,5.759778,246.780344,23919.914816
323,16.734457,5.431397,4.707626,332.168484,15979.08551
323,15.237819,11.003342,1.87686,274.070517,2539.871658
323,8.823885,12.264019,6.083391,212.928461,26683.299465
323,7.733869,-10.231727,8.559262,135.387206,52822.716308
323,21.781124,9.871007,6.433384,100.607777,29841.940533
323,5.504837,6.749925,7.030439,237.667508,35637.972652
323,18.630056,12.98776,5.973124,204.91508,25724.748832
323,7.189187,-1.75315,4.237282,23.338901,12945.616994
323,-13.793357,11.862757,7.666723,139.956554,42380.654721
323,14.939011,14.138341,7.699868,49.907918,42747.88186
323,11.5342,-1.45018,3.901468,204.575037,10974.993215
323,9.752949,3.535165,6.371144,191.447242,29267.31455
323,8.295127,-1.647551,3.228982,197.036288,7517.602443
323,-1.604557,-0.159541,3.768494,46.257381,10239.618847
323,6.321442,-9.877732,11.743384,80.347731,99433.936225
323,12.413028,11.688851,8.111556,81.781892,47441.276506
323,7.846128,-2.7554,8.58083,146.361964,53089.257643
323,17.556301,-14.024728,4.386741,14.604363,13874.972088
323,13.720157,0.171594,3.356367,303.353879,8122.447906
323,-14.543398,-10.439032,5.343258,333.908632,20585.447047
323,-10.036381,-28.479185,6.772373,56.11398,33069.664354
323,-17.640016,12.067516,6.56166,119.187329,31043.848952
323,-9.715612,-12.742864,13.277323,199.392108,127106.903136
323,-5.438535,5.403231,6.051275,76.928142,26402.30719
323,-12.050711,-0.354195,5.77149,187.743696,24017.290392
323,-8.531781,-4.614691,19.629917,45.497127,277833.739209
323,-16.95807,-9.661875,4.048116,358.756074,11815.550118
323,-24.268203,-3.7968,16.584664,23.230867,198317.683783
323,-20.089866,-6.35968,7.976377,33.920638,45873.243622
323,-13.50727,11.062242,5.381815,215.239795,20883.607754
324,9.482397,16.174472,2.934914,320.314971,6210.676693
324,3.023765,-9.286722,5.301702,66.340588,20266.496275
324,9.72985,6.760498,3.840885,138.929363,10636.794642
324,18.654142,-8.725216,9.515621,120.898077,65286.338696
324,13.442905,-4.231539,11.079745,76.20251,88513.112163
324,0.076474,6.127352,7.187914,262.553033,37252.366137
324,13.952761,4.170789,14.150269,337.612849,144370.16361
324,13.937274,-3.286578,3.819012,17.189025,10515.986432
324,-0.755895,-8.915642,5.501763,343.321866,21824.880389
324,6.419594,12.193638,21.343593,265.774013,328460.480264
324,6.414031,-2.805516,6.698755,248.524092,32354.619037
324,24.781126,10.982729,8.701384,164.938936,54591.466993
324,7.659785,16.194033,2.192451,158.673399,3465.835271
324,16.994676,0.585495,20.009933,144.186365,288695.048768
324,15.027775,-10.819197,10.559099,222.228286,80389.953222
324,15.308453,1.490883,16.624141,107.994587,199262.926508
324,8.320286,0.421127,12.992579,357.646387,121713.510955
324,10.636578,-4.968053,8.226847,71.204064,48799.453329
324,10.806376,0.818583,4.125965,348.96801,12274.368725
324,3.841319,3.498119,24.227496,283.242832,423218.974896
324,23.043642,11.468188,4.835607,258.550539,16859.70604
324,16.790573,14.341507,2.556352,2.076794,4711.827313
324,10.681627,-10.8872,32.624833,149.956193,767440.422504
324,20.541854,-4.545987,12.252268,171.121533,108238.316294
324,-26.200969,9.448444,4.24015,289.667229,12963.147306
324,-35.110538,4.356091,1.358479,119.812746,1330.620343
324,-5.36957,-4.299042,12.070714,53.820216,105054.332733
324,-4.547812,-8.037266,8.014762,250.420273,46315.816574
324,-24.669259,3.513611,4.38589,59.627356,13869.589049
324,-16.150962,21.605333,4.586681,198.565917,15168.59032
324,-14.409227,-28.679128,5.269758,185.000703,20023.012889
324,-20.284005,11.645524,7.609612,154.635727,41751.593334
324,-16.411781,-4.23826,8.820341,177.25789,56094.310541
324,-31.447222,-11.821388,4.895195,206.84373,17277.788482
324,-8.691156,-6.820563,5.96368,167.082546,25643.470391
324,-34.871194,-9.605441,23.1124,35.152801,385157.313773
325,21.614703,-0.318898,5.120382,149.665953,18903.961868
325,-12.725728,-8.556243,2.583493,293.179184,4812.411521
325,5.329422,1.572754,7.661315,137.678227,42320.882399
325,19.340742,4.406665,3.315732,245.945708,7926.96379
325,7.150174,8.211607,5.279719,246.304078,20098.783459
325,9.808312,3.26873,16.51948,105.851676,196761.803021
325,2.001094,-13.414073,8.161457,159.082093,48026.776683
325,25.274485,12.724105,2.652094,185.741203,5071.378136
325,13.634008,4.837279,8.421898,302.050667,51140.859656
325,22.519149,10.106074,8.396951,189.648447,50838.339192
325,12.980036,14.598593,2.26353,169.219069,3694.20291
325,15.8692,10.715528,18.356399,85.163259,242953.442902
325,6.511531,7.191451,3.477554,314.674999,8719.585989
325,20.317146,8.62529,9.370386,215.345345,63308.645751
325,3.419383,-1.069115,11.687359,102.447956,98487.435313
325,5.990747,18.735437,9.57368,300.788843,66085.455528
325,1.137681,1.12829,3.875496,220.848357,10829.358078
325,-4.875257,-8.87708,11.649995,66.398809,97858.71782
325,7.961029,5.842937,5.409156,299.70551,21096.334886
325,11.792548,7.415771,9.966181,210.525295,71615.270686
325,21.506431,17.709319,2.406497,328.963131,4175.599273
325,7.06172,19.414738,4.9842,146.406598,17911.788857
325,5.264197,-2.24907,3.23559,257.14141,7548.4043
325,-21.219025,-11.594626,6.437068,352.850239,29876.122708
325,-12.287159,-8.010782,8.597359,282.27617,53293.985542
325,-20.155472,9.80695,11.245707,359.750609,91184.617581
325,-0.738238,-4.945931,7.741921,252.86368,43216.095887
325,-9.408699,4.89417,6.926552,203.250183,34592.525562
325,-19.390586,0.202602,5.158532,341.674354,19186.69837
325,-34.427382,-5.808871,13.6169,331.356133,133691.746094
325,-15.205541,-0.49987,3.971818,46.070917,11374.351946
325,-21.007364,2.202629,3.064995,293.4164,6773.412927
325,-31.726256,-3.939521,5.136233,134.474536,19021.183229
325,0.563937,-14.256609,7.884472,261.90762,44822.218331
325,-25.919467,-19.423293,2.462489,102.364911,4372.165305
326,15.576404,-5.620472,6.647722,127.943841,31863.520644
326,10.33281,11.350004,5.237529,288.422445,19778.847067
326,17.56085,-12.58347,5.995149,46.870534,25914.807701
326,4.391621,-1.015194,3.996414,93.890137,11515.667256
326,9.957752,-0.525302,8.505232,110.112226,52157.936916
326,11.647511,10.552673,20.564084,72.458147,304906.598321
326,11.572684,-7.810092,9.441114,299.026149,64267.970738
326,20.280606,9.757589,2.143824,265.664395,3313.800635
326,16.055936,5.671671,3.662463,216.27963,9671.518198
326,19.128116,14.757165,3.775976,351.209738,10280.316032
326,12.031357,7.631273,15.050583,256.017981,163325.767216
326,14.313207,-0.100318,6.24938,112.101133,28159.306312
326,10.219062,7.449439,2.588369,22.419675,4830.593413
326,17.944462,13.895576,8.799235,297.983667,55826.183166
326,9.64205,-1.506929,5.712279,90.033993,23527.022454
326,12.722293,9.251554,6.630603,94.008978,31699.622302
326,15.774622,0.091245,9.576314,223.250799,66121.829799
326,9.84138,7.170321,12.31388,292.118038,109329.628848
326,18.848381,-0.581493,5.640735,287.328512,22941.373063
326,3.064734,4.848768,11.486339,236.844491,95128.653441
326,10.024915,15.113349,2.764755,117.296581,5511.39157
326,8.720236,2.076475,22.653538,231.326784,370015.687573
326,11.790835,10.589012,16.562838,224.169642,197796.038538
326,-39.565564,-3.995951,4.503173,349.300564,14621.281109
326,-24.951037,-5.805165,18.286454,272.23278,241105.460239
326,-22.710005,27.851183,7.918773,333.529232,45213.053624
326,-34.027694,3.958094,5.604933,57.347603,22651.081667
326,-14.680468,-9.059276,7.00434,302.998839,35373.866224
326,-31.065093,5.116931,2.864439,200.467006,5915.985865
326,-15.276889,-2.560862,6.516641,248.988492,30619.329975
326,-27.47014,-10.249032,5.079289,237.053528,18601.758207
326,-29.037802,-7.341963,3.168817,26.269424,7240.063317
326,-2.056459,18.350073,6.766551,354.067694,33012.833302
326,-24.718156,-16.473522,7.893958,34.503424,44930.137665
326,-11.262865,-0.028195,4.192304,122.893624,12672.248005
327,4.346827,-0.10066,4.649445,102.084684,15586.560354
327,10.048822,15.641814,3.902856,250.598245,10982.80091
327,10.75336,-2.927489,4.87402,3.145424,17128.631972
327,15.112839,0.474777,3.445795,44.156009,8561.046438
327,8.49443,14.923446,8.104124,79.056546,47354.387473
327,16.285942,11.996025,13.284513,334.726633,127244.594253
327,1.776479,6.687516,7.417144,195.492433,39666.282537
327,8.586505,12.800491,13.283817,13.124803,127231.267052
327,22.613164,-2.997726,13.048538,52.731468,122764.209889
327,15.313618,22.426635,5.313895,190.493341,20359.824371
327,11.134963,5.448629,4.380982,151.751772,13838.564993
327,15.91314,-0.157358,7.910911,55.154219,45123.324065
327,8.069979,5.081151,2.541427,125.199055,4656.969199
327,14.943395,-0.328167,9.261842,272.197897,61850.445413
327,11.498572,15.915984,2.402475,107.069401,4161.652235
327,17.532901,13.447474,8.36728,244.550182,50479.688796
327,-5.880776,1.04889,7.519538,224.458828,40769.030143
327,11.679708,22.245517,12.637271,168.577838,115147.549131
327,10.977973,2.740653,13.404087,154.979035,129545.569371
327,12.93041,9.960669,3.338473,190.19796,8036.07059
327,25.711291,-17.56658,11.593427,131.533706,96910.706681
327,7.584778,3.339614,9.181331,334.195254,60779.808452
327,13.020482,25.670774,8.189238,97.739073,48354.298627
327,-17.112444,-22.201272,4.876634,223.508714,17147.006876
327,-32.174563,-5.360473,13.125033,42.703262,124207.806012
327,-5.494793,13.749958,12.742921,82.377492,117080.908692
327,-17.027037,-9.104078,19.166921,82.342294,264882.198073
327,-14.567382,-10.68639,6.968172,199.206441,35009.496081
327,-17.46683,-21.802574,10.540209,11.97062,80102.575742
327,12.992521,1.590031,31.87116,139.18942,732392.35643
327,-16.162478,-5.781747,4.652005,149.437231,15603.732909
327,-9.601315,4.992613,6.580831,236.755783,31225.50826
327,-12.836116,-4.828314,6.498151,341.114429,30445.815538
327,-19.650021,-7.784759,10.520846,91.97271,79808.543561
327,20.328797,-9.547077,7.552523,228.307514,41127.488141
327,-14.100917,8.646515,2.636146,337.183746,5010.570066
328,-4.662552,5.885391,9.501588,230.702345,65093.921823
328,4.383743,-5.223521,7.382137,186.879451,39292.738496
328,-1.976562,7.832965,5.60004,348.151085,22611.550527
328,20.418067,-23.591065,14.181423,312.829125,145006.571298
328,11.915482,2.637359,3.412267,287.459209,8395.259403
328,11.502725,8.718299,9.677605,132.127957,67527.988898
328,0.982798,-4.715079,2.998783,288.94112,6483.926797
328,13.865056,3.353947,6.479011,96.067091,30266.729394
328,18.822129,0.899245,5.350732,110.152332,20643.07555
328,4.862828,6.900765,8.201406,340.792448,48498.098439
328,13.577854,15.288034,6.472355,210.685589,30204.570905
328,19.448051,5.509388,5.079732,288.598259,18604.99947
328,8.541407,4.986525,7.154478,25.885656,36906.593619
328,20.583065,13.030469,13.200576,303.274209,125641.702403
328,10.544046,2.74445,24.212162,57.130407,422683.434547
328,11.537907,1.121275,6.874053,155.933054,34070.134866
328,-9.242306,7.339193,4.09979,229.589701,12119.126477
328,18.848177,10.162297,13.755383,319.68808,136424.838136
328,7.974841,13.145011,7.234168,140.144393,37733.341257
328,9.491346,-6.336318,11.077295,162.722118,88473.973298
328,9.766253,18.200447,3.734046,31.484918,10053.273031
328,2.898732,2.82322,3.830499,30.961735,10579.345802
328,-22.249097,9.054933,6.709562,119.606223,32459.093036
328,-11.549043,-9.320992,3.192503,342.507476,7348.703069
328,-17.539723,-7.768323,6.976815,158.723989,35096.392876
328,-28.04502,20.943105,6.925971,146.592997,34586.7197
328,-29.248012,9.259099,5.718116,337.800388,23575.123471
328,-37.771152,-15.776323,10.127549,177.479536,73953.166125
328,-3.845773,10.387817,11.536839,76.277599,95966.963178
328,-6.55924,13.016172,6.436132,220.853556,29867.433185
328,-25.50194,-3.233538,6.297117,315.533101,28591.149527
328,-19.09874,-1.558665,5.612204,30.789702,22709.888291
328,-8.863892,-5.430393,8.87286,179.868289,56764.308036
328,-13.435458,12.035885,8.875835,91.409622,56802.380034
328,-11.23025,0.89218,8.070352,274.54031,46960.535291
329,12.729499,-0.278875,10.551757,190.401827,80278.208832
329,12.242236,2.256085,6.410304,310.204538,29628.205767
329,6.561562,14.660518,9.00638,328.031486,58485.552757
329,-6.338878,15.797689,6.532563,144.586188,30769.138566
329,21.730485,4.386569,3.336488,209.612649,8026.517586
329,12.812881,-10.508413,8.169213,16.053482,48118.102686
329,2.021936,13.741656,13.130328,338.86733,124308.042787
329,17.409325,15.647587,8.442342,306.125511,51389.445796
329,7.938834,3.244985,2.523863,189.79698,4592.823183
329,13.695887,5.32478,5.073043,120.678567,18556.034949
329,6.608226,6.139149,4.684142,57.914666,15820.064336
329,11.400372,22.094621,6.057727,81.751401,26458.634079
329,0.642479,-0.694251,6.197704,261.524207,27695.530612
329,-1.388306,11.37496,1.404235,82.176163,1421.763542
329,3.00368,-6.476376,20.141794,74.441298,292512.463732
329,21.886775,2.907717,3.934739,93.040975,11162.973394
329,20.517518,1.132645,4.695817,260.88687,15899.023845
329,13.617422,8.297048,10.92343,299.874008,86033.219065
329,9.87854,-0.592627,5.891971,128.543326,25030.484513
329,17.365651,8.130963,10.051432,22.18128,72845.704495
329,13.00379,12.71451,6.935769,301.849648,34684.646004
329,19.458661,7.052101,6.440436,274.902741,29907.393685
329,-33.273134,1.701417,7.282001,221.977675,38233.978219
329,-6.654569,-0.622167,10.678455,143.036893,82217.6235
329,4.644678,10.783101,5.307611,157.672399,20311.700688
329,-12.873924,-13.927802,4.537645,260.306231,14845.98629
329,-24.968126,-5.769239,5.24476,141.648988,19833.495583
329,-13.228579,0.475922,19.114208,171.746612,263427.250097
329,-28.791222,1.545823,7.370147,211.03427,39165.197139
329,-26.542547,7.294435,3.26841,102.489951,7702.311765
329,-27.761209,-7.364473,4.364104,115.134874,13732.141957
329,-12.602899,-14.13203,28.03475,184.644437,566684.629595
329,-9.596726,11.421359,2.863915,141.580825,5913.825011
329,-12.455714,-3.85827,8.673454,283.848059,54241.5698
329,-26.138059,-14.157137,5.486009,33.996582,21700.069668
330,17.34456,11.486051,12.301194,261.62341,109104.478388
330,-0.0855,-1.55458,2.974169,88.330144,6377.924043
330,11.147863,0.491736,4.076731,2.516713,11983.182971
330,13.015974,-0.768145,5.982383,226.181578,25804.560406
330,6.781291,14.30106,6.003542,142.109627,25987.418528
330,17.390066,-3.787329,10.030477,165.18045,72542.281366
330,21.465391,6.05399,6.692728,86.377211,32296.427078
330,15.188293,9.236397,7.353871,30.851442,38992.414553
330,11.164171,15.19783,2.322689,301.482745,3889.826744
330,15.529643,1.32069,3.03972,268.155764,6662.164001
330,-1.074446,2.943937,4.327523,159.106667,13502.892626
330,7.696101,-7.948773,9.863869,210.201495,70152.423323
330,18.550539,9.79913,5.144454,189.212176,19082.120063
330,11.084803,7.025854,11.708281,18.718043,98840.374509
330,7.415726,-7.138598,4.589929,168.987517,15190.080924
330,14.507482,3.504107,6.572052,346.894871,31142.251193
330,-1.428523,1.832064,9.405968,25.783343,63790.366471
330,6.436856,-7.960281,9.752132,310.339678,68572.059842
330,12.939063,-1.676461,10.640578,203.351316,81635.393875
330,7.183537,-6.709764,10.474591,276.362212,79108.326831
330,11.772077,7.700968,4.96916,251.027943,17803.853355
330,-22.90736,-17.89185,6.119088,302.581856,26997.367874
330,-19.905414,-20.736484,18.227617,183.520486,239556.455278
330,-5.46484,5.061221,7.854237,287.859993,44479.10979
330,-5.747722,-16.284104,2.959904,207.08051,6316.890747
330,-14.737645,10.994714,6.837985,117.927612,33713.542467
330,-7.845964,2.284711,1.577096,102.607925,1793.347621
330,-6.302914,-3.864983,5.183525,249.196825,19373.072505
330,-16.685139,1.839577,6.447974,54.709075,29977.448215
330,-16.042373,-4.028306,10.92282,207.664004,86023.604957
330,-22.87348,1.286909,6.60452,84.039546,31450.720767
330,-26.329478,-12.9719,5.046358,204.496938,18361.335357
330,-22.388619,-12.23557,6.683043,58.016013,32203.022654
330,-0.891561,-11.486743,7.877713,177.269824,44745.402783
330,3.230107,-11.356976,4.745974,152.868038,16240.478779
331,-0.127915,1.417733,5.878919,90.391804,24919.713166
331,12.757931,0.660696,4.585664,205.56848,15161.864792
331,9.522867,0.927805,3.720638,253.49201,9981.205025
331,14.944461,-9.682862,6.625127,138.509965,31647.28595
331,7.685466,0.118475,7.861533,95.979744,44561.785332
331,10.135263,0.790227,7.158192,163.95782,36944.919729
331,11.186414,-2.058227,11.521552,320.302982,95712.802642
331,16.913189,6.547307,5.573545,125.494662,22398.093675
331,0.276681,1.028907,6.60121,9.041523,31419.203025
331,21.173233,-3.352841,4.9229,72.143369,17473.913043
331,5.324316,4.162849,4.046193,285.305351,11804.32983
331,6.799155,-9.348556,4.208574,94.900434,12770.795377
331,14.326607,11.463506,8.202629,137.712805,48512.557693
331,13.712712,9.889362,17.402616,293.094479,218362.049772
331,26.514418,3.908657,18.468366,91.197615,245926.330477
331,3.958038,1.700238,4.996357,319.345244,17999.276192
331,18.444729,2.510106,3.779315,101.601891,10298.505031
331,7.688984,2.566923,8.70241,102.790389,54604.337311
331,16.569889,5.47973,21.255908,267.96654,325767.221155
331,3.788278,10.985907,10.551223,130.976877,80270.075337
331,2.749471,1.17168,5.739269,194.546942,23749.866867
331,-4.443241,5.672524,11.128118,9.842439,89287.672989
331,-10.505983,-18.022119,4.452339,242.449021,14293.038353
331,0.927862,14.00395,12.031038,26.335513,104364.854934
331,-29.392202,5.327137,3.521332,153.511862,8940.504872
331,-16.954401,-8.01403,16.31487,277.158883,191917.811722
331,-10.099182,0.478153,3.356362,254.214128,8122.42414
331,-18.377541,-5.32615,4.707455,79.97308,15977.924077
331,-19.381246,-8.147401,30.230921,359.848799,658947.504301
331,-9.519271,-18.974967,9.996686,306.311585,72054.347337
331,-9.66444,10.344486,5.967885,38.98815,25679.643482
331,-9.540874,-6.11292,6.777792,142.579769,33122.613108
331,-17.731942,-27.118711,8.440016,268.788767,51361.139605
331,-12.499204,0.985717,7.981262,120.354869,45929.447883
331,-19.072234,6.093206,4.86972,88.706047,17098.422449
332,10.061731,-5.15396,5.592049,212.537421,22547.06656
332,-3.783061,11.213653,11.320152,3.013914,92395.884725
332,0.920906,-19.472379,5.018902,27.089969,18162.077
332,4.161873,-1.820462,5.242555,222.187168,19816.821204
332,21.269878,11.232034,5.498019,181.353195,21795.184018
332,14.481894,15.897842,7.624131,222.326121,41911.073525
332,15.197799,26.617528,12.017395,70.063364,104128.28497
332,17.535407,6.821032,12.687768,115.100568,116069.61634
332,16.695556,-1.23425,5.37256,189.84342,20811.844366
332,11.334824,-6.421591,8.904343,108.787957,57167.849853
332,9.258104,4.177462,12.835211,332.100412,118782.941537
332,11.537061,-2.699848,4.276065,239.378125,13183.67883
332,6.359956,-10.821657,4.94324,290.146287,17618.603387
332,16.270756,14.700675,4.119984,321.394204,12238.809749
332,6.787632,6.490526,11.929422,207.536802,102609.329632
332,9.548024,11.193248,6.408031,166.99075,29607.193936
332,8.262637,-12.896187,13.653672,128.847272,134414.772288
332,7.481222,5.663863,4.591524,154.030311,15200.634769
332,7.497801,21.076627,7.701241,219.510651,42763.137142
332,9.436967,6.381516,16.652775,187.837234,199949.953824
332,-27.884701,-21.078209,6.984529,197.810303,35174.047745
332,-22.043625,-18.870739,13.834504,83.189507,137998.77468
332,-17.795481,7.587978,3.352769,319.030482,8105.045302
332,-16.223594,-2.991463,6.582919,149.213148,31245.326016
332,-3.33025,1.380896,4.041759,325.467827,11778.468287
332,-22.067773,10.550602,2.46956,59.714769,4397.310294
332,-7.164962,6.952861,5.191058,306.334968,19429.423068
332,-18.663512,1.799903,7.747224,182.747708,43275.320567
332,-26.879678,-4.282284,4.57053,76.635987,15061.949854
332,-27.835515,-9.198265,2.547889,9.265819,4680.682536
332,-29.2389,-17.903114,3.920516,203.085825,11082.41892
332,12.859678,-9.696949,6.561459,215.155703,31041.94649
332,-21.367038,-1.533972,12.662782,160.523263,115612.906304
332,-25.032065,-19.289953,10.184698,339.493018,74790.147191
333,12.363948,-6.578887,19.11738,153.943585,263514.692483
333,3.308369,-15.119734,8.830518,94.243531,56223.834593
333,11.217284,12.646996,2.391815,49.699008,4124.804274
333,0.35555,-10.051091,6.022113,29.926812,26148.444128
333,16.328158,18.720409,5.72191,282.888908,23606.417313
333,12.018863,7.959294,9.433434,202.494014,64163.446461
333,18.580157,-0.964459,15.802907,292.907665,180061.997801
333,17.899202,2.066184,5.351865,266.555435,20651.821767
333,9.486953,10.659489,6.514598,74.741351,30600.133487
333,11.473858,7.048822,7.058378,257.790669,35921.783316
333,8.673186,1.215898,4.708146,286.150128,15982.617448
333,8.796521,0.553832,4.265295,131.315214,13117.350831
333,22.475483,7.066001,3.215622,345.256522,7455.520048
333,16.636608,0.110841,9.548748,32.591108,65741.700025
333,13.460545,12.258065,12.299485,305.919715,109074.174621
333,12.550675,-1.562069,19.075203,120.418327,262353.234917
333,12.862018,8.633472,2.982827,283.489446,6415.110431
333,0.410376,5.169528,13.588711,269.752312,133138.794472
333,12.979882,-9.141167,11.132664,271.419862,89360.644734
333,-16.170346,1.289721,11.85302,153.833015,101299.222307
333,17.49092,-1.671159,9.54535,274.152102,65694.921977
333,-13.406222,-16.371944,4.544024,205.036469,14887.75949
333,3.828074,-17.210804,10.486322,332.005294,79285.618423
333,-14.808357,-2.61443,1.837531,69.457878,2434.541642
333,-8.440008,0.566691,7.536941,131.942921,40957.953849
333,-15.474294,-1.366461,3.567041,21.198173,9174.118016
333,-16.27704,15.828185,5.281703,267.317048,20113.889569
333,-9.320195,-3.340259,6.264109,167.686956,28292.19533
333,-15.489094,-3.25667,9.916592,169.995214,70904.367181
333,-14.466012,6.142388,5.015587,261.229509,18138.092256
333,-8.566296,14.875664,6.169558,141.360352,27444.551921
333,-20.197339,-15.227062,2.675343,342.487153,5160.682145
333,-25.38074,13.035163,8.144106,295.362411,47822.789822
334,6.646263,12.453223,4.933235,301.294863,17547.354411
334,10.304365,-3.994606,4.914205,92.616389,17412.236519
334,21.979943,-1.880775,21.494409,25.371509,333118.763324
334,15.582487,14.079847,8.643647,156.419714,53869.391304
334,14.390912,14.003981,11.189097,127.038882,90268.904733
334,-3.204979,1.87711,7.229759,103.451711,37687.359468
334,13.029786,-3.890295,8.274069,171.116847,49361.27045
334,13.695008,3.801481,5.189972,340.539199,19421.291713
334,2.428261,4.1367,2.78604,199.522152,5596.582593
334,13.448452,20.446991,6.251009,283.39427,28173.989484
334,8.994416,9.6954,8.27109,175.372528,49325.737693
334,13.089305,-5.222992,17.02508,153.619852,208990.430073
334,10.99296,6.280014,3.539278,117.824926,9031.865734
334,4.073438,12.075341,10.848363,79.644753,84854.822494
334,15.177543,11.452076,6.816158,101.405827,33498.65096
334,8.958668,11.796951,9.794654,127.960278,69171.354695
334,8.68655,8.929879,4.565187,318.472751,15026.753748
334,5.496706,-11.30557,3.187705,81.782915,7326.63316
334,8.241981,0.778925,8.619043,26.08846,53563.152394
334,-19.513281,-9.575129,11.145388,343.309716,89565.033751
334,-10.150725,-4.17075,4.979076,291.988658,17874.978503
334,-19.758323,14.596053,5.648417,348.445723,23003.909405
334,-15.987657,4.194826,9.43631,16.833509,64202.577661
334,-19.35788,3.012802,2.98899,159.559272,6441.647982
334,-19.73201,3.876572,12.15227,315.911716,106478.729434
334,-21.563966,9.56751,21.260785,351.685532,325916.726909
334,-26.780437,-16.788847,10.326142,324.264794,76881.93255
334,-11.581406,-6.700936,5.13092,25.067354,18981.853591
334,-24.602043,-4.489657,5.109775,230.936274,18825.718316
334,-22.519897,-11.325817,3.705468,355.076907,9899.978595
334,-15.221225,-10.884647,5.056281,202.399447,18433.611354
334,6.276564,0.532428,6.502373,316.983801,30485.398007
334,-10.643209,-6.978469,2.562614,33.659891,4734.939957
334,-14.222,-8.583641,5.120623,313.458153,18905.736325
335,10.135285,11.484045,19.896776,229.896715,285439.131498
335,-3.018892,6.075644,14.630125,105.112258,154327.798431
335,10.253839,7.545059,11.215499,323.741164,90695.403134
335,-12.702922,-3.139407,8.167472,131.476224,48097.59293
335,9.136331,22.303294,5.040829,102.950132,18321.122108
335,9.511681,8.28166,5.705056,0.849883,23467.559577
335,13.763094,10.049689,16.690775,51.07701,200863.525165
335,17.618086,-5.386161,4.668451,296.062374,15714.252849
335,6.986738,6.495,4.21141,72.402062,12788.017312
335,13.888242,13.892046,9.005165,121.639894,58469.770251
335,18.888746,18.319005,7.471024,255.242886,40244.668391
335,14.169911,23.023977,8.434389,257.931635,51292.668729
335,10.395191,-4.593777,4.883081,146.903072,17192.379844
335,8.988582,20.744378,11.556704,302.387488,96297.73025
335,11.098359,20.50439,23.348282,134.029439,393059.170347
335,12.054992,0.381832,12.196694,45.769094,107258.648101
335,8.755867,6.726817,5.373616,15.793189,20820.029534
335,17.447696,10.057792,2.628376,229.948933,4981.075067
335,-25.993078,-4.145953,7.497778,97.862308,40533.419475
335,-17.140056,7.532712,4.550562,215.980574,14930.633153
335,-28.169623,-14.186092,6.9602,107.945288,34929.428031
335,-28.793384,-12.020209,4.307361,78.193009,13377.365276
335,-15.406699,-11.799518,9.314797,318.393601,62559.734141
335,-11.925052,10.208813,9.311813,232.131997,62519.653411
335,13.777529,-30.538257,13.568468,251.563836,132742.411411
335,-9.953907,1.91825,8.509448,171.947787,52209.660935
335,26.164783,-1.51796,11.403315,74.968799,93758.420209
335,-1.786047,-0.502302,4.740172,359.674359,16200.794994
335,-12.147179,-1.182546,5.500966,32.200365,21818.552886
335,-11.146587,-11.448002,5.646567,219.961337,22988.838102
335,-13.907185,-11.571808,1.834764,138.865671,2427.215783
335,-8.744427,20.100929,5.659747,95.255249,23096.284668
335,-5.268178,9.598549,2.451528,79.814182,4333.329692
336,19.739158,16.832026,9.862069,131.272881,70126.821389
336,14.373055,-4.107416,4.686916,53.074203,15838.804804
336,10.924984,-2.375932,9.704258,294.460784,67900.46276
336,14.401258,-1.589174,20.288577,338.058609,296791.34388
336,10.218009,15.675591,12.174222,200.859685,106863.775238
336,14.425063,-2.209156,9.231323,45.513499,61443.499285
336,12.042495,10.134553,4.440081,214.77935,14214.445207
336,-5.242459,-3.155465,8.236919,125.538123,48919.008871
336,19.251717,0.392927,3.335992,153.402739,8024.13299
336,2.713514,-1.338093,11.563095,340.328742,96404.265664
336,9.977666,7.854559,3.377076,78.70034,8222.98897
336,10.265033,-9.434471,7.777461,310.273748,43613.783781
336,9.124916,0.400179,4.825671,297.864937,16790.495749
336,10.220387,2.262797,3.174148,194.538087,7264.444835
336,7.179904,6.869582,3.668948,87.267055,9705.795169
336,6.989941,15.203637,14.304488,332.211531,147534.200238
336,5.998393,-7.907875,4.811736,315.340502,16693.66098
336,7.697881,7.136019,3.911715,159.373944,11032.719788
336,24.197324,-0.042239,9.004899,235.948875,58466.323761
336,-19.32787,-14.823705,4.969,325.450408,17802.71013
336,-8.097667,-8.823729,8.970714,128.143321,58023.259041
336,-14.914551,-5.690505,5.263619,84.51667,19976.384628
336,0.304222,-3.750832,13.293048,343.082267,127408.143693
336,-21.928913,-0.924498,13.350683,151.235288,128515.356547
336,-0.466851,10.26548,9.981008,253.853749,71828.520782
336,-34.891873,-2.054198,5.704349,7.220535,23461.738889
336,11.87834,2.643373,11.069503,251.199006,88349.541486
336,2.643265,-17.985301,13.387002,164.712429,129215.537903
336,-16.167075,-14.182213,13.411739,216.671523,129693.516324
336,-1.960537,16.673582,17.779696,42.203526,227927.502537
336,-9.821884,9.853138,26.526183,147.945378,507338.250654
336,-8.097417,-26.388844,4.110575,53.297998,12182.971011
336,-18.12683,-4.805502,2.158173,120.675086,3358.309775
337,15.173913,20.061146,5.296296,278.092416,20225.189868
337,11.514435,8.980249,6.997185,28.693634,35301.629335
337,4.415287,-12.817677,6.443469,20.099603,29935.572467
337,7.440433,11.503749,8.344169,345.331014,50201.220696
337,17.446296,5.253575,2.316046,195.591169,3867.60732
337,9.914083,2.446679,11.946983,140.560255,102911.662666
337,-9.862701,1.034276,8.086411,90.56762,47147.612531
337,28.508846,9.974576,20.430508,134.405918,300958.350047
337,23.190491,7.519896,1.346771,130.726095,1307.781925
337,-7.605419,-5.11011,11.025238,66.479097,87644.375875
337,7.028137,6.720861,7.605519,65.783098,41706.692377
337,1.290797,-5.340723,5.890711,205.526766,25019.777015
337,12.969842,5.677502,5.879466,77.587047,24924.353514
337,14.96642,-2.70702,14.666103,212.596743,155087.757959
337,10.250867,6.405764,6.955379,177.388921,34881.057565
337,8.66038,6.360748,8.068753,235.908661,46941.932518
337,11.215688,8.564257,2.044371,206.196084,3013.474441
337,-16.140021,-6.2544,4.479698,327.365162,14469.234298
337,-24.938195,-10.178633,3.235566,289.135817,7548.289324
337,-2.080119,-1.594981,2.61551,191.867315,4932.427209
337,-2.620857,-15.658229,4.408487,256.012732,14012.872691
337,-11.060387,-1.894095,14.276509,106.024403,146957.621652
337,10.057376,1.861171,8.404005,246.191862,50923.784438
337,-5.962426,-15.923478,4.655006,207.608048,15623.865848
337,-17.425023,-2.363194,14.124273,31.769957,143840.195396
337,-18.606604,10.983309,4.050098,331.4203,11827.126537
337,14.848341,-0.719699,7.601802,344.150066,41665.934399
337,-8.007513,9.440501,5.941618,173.332353,25454.083741
337,-14.63893,-6.371602,4.119989,38.076588,12238.838011
337,-37.928093,-2.454566,4.267956,169.534719,13133.724546
337,-24.307242,5.221812,5.777807,334.278514,24069.887908
337,-20.542685,1.069304,5.314238,112.576668,20362.454755
338,5.126453,5.411595,6.646324,279.686479,31850.124569
338,11.063031,4.42519,3.567156,19.282095,9174.70729
338,22.551127,-2.31392,10.160432,36.10495,74434.188139
338,5.716852,-6.321735,11.389146,305.09787,93525.570725
338,0.779757,10.730622,7.237168,224.690217,37764.645919
338,18.90366,-1.33632,9.295045,323.516941,62294.70004
338,19.799986,4.988252,5.423447,347.658331,21207.961002
338,9.038444,7.567305,5.117123,0.479902,18879.904318
338,8.258729,3.141236,11.30688,189.757303,92179.351595
338,11.129258,12.545831,3.013749,261.460874,6548.807009
338,12.703838,-0.355132,6.393567,69.067799,29473.693844
338,14.29957,15.043486,5.824873,208.689918,24463.633811
338,3.926853,2.524763,5.395447,228.296679,20989.540892
338,18.574034,3.846804,9.441623,57.314503,64274.900926
338,10.542006,2.832494,10.884203,220.529964,85416.416472
338,5.837117,-1.019943,1.346371,159.652537,1307.006638
338,-13.629769,0.566799,5.053086,351.687106,18410.326276
338,-23.375575,3.401385,9.425237,48.851316,64051.98632
338,-2.054051,-11.98364,5.495225,240.278401,21773.035866
338,-13.292901,-1.239852,7.9677,238.786479,45773.484875
338,-11.239417,-11.730964,4.414374,156.942224,14050.320771
338,-21.636423,-4.152669,9.60828,47.432137,66563.99478
338,-14.254173,-11.9428,4.593457,331.344827,15213.439487
338,-11.922536,17.674707,7.132113,25.723503,36676.217369
338,-24.026709,-0.974088,5.690743,25.581324,23349.95452
338,-7.707964,2.723166,5.078658,321.055093,18597.133071
338,-3.159506,6.045221,4.543742,255.282418,14885.910426
338,-24.037757,-10.901212,7.513864,126.422734,40707.531879
338,-4.506045,-8.146437,6.728019,359.360493,32637.92374
338,-6.174574,8.49878,9.712526,129.449963,68016.211403
338,-16.096923,-4.309558,4.598329,151.500049,15245.724672
339,18.940737,11.880992,3.627157,241.849278,9485.946537
339,22.70663,9.505021,10.028408,69.91122,72512.357833
339,20.351941,-1.821722,2.881966,253.426527,5988.606142
339,15.37552,6.76035,12.358674,297.524178,110126.490998
339,6.990276,6.453984,5.733137,246.77967,23699.143512
339,8.336643,9.7611,13.158304,25.825557,124838.319394
339,16.518565,-11.2884,5.100749,175.946227,18759.27196
339,6.635246,0.121959,11.578635,154.237591,96663.563297
339,-2.096715,14.382363,10.318849,248.929056,76773.367446
339,5.939013,2.59116,16.958482,153.383366,207358.590078
339,9.404633,-7.350348,4.431494,292.442463,14159.513012
339,8.068499,-2.231367,8.607378,337.083617,53418.274896
339,10.40255,-4.546619,9.202198,240.479469,61056.399442
339,15.900101,-0.922407,11.198116,350.820515,90414.476855
339,10.372533,10.548977,3.225377,262.053622,7500.824525
339,1.691061,13.573514,9.6288,99.075522,66848.618727
339,-1.460324,-0.317881,6.103321,348.003409,26858.419271
339,-12.54861,5.36038,2.466481,64.305756,4386.354958
339,-11.924588,-2.37128,4.986696,90.62884,17929.738136
339,-10.294509,-0.320297,9.581406,258.826733,66192.165658
339,-1.066053,-18.52136,6.231,259.883378,27993.909015
339,-6.658546,-23.426667,6.046846,245.100582,26363.667743
339,-14.611312,-9.675665,6.758863,110.566833,32937.861308
339,-1.026735,-2.874559,12.135502,261.118468,106185.093893
339,-17.958982,-12.825209,5.098036,154.929311,18739.318344
339,-18.979208,0.221246,6.908961,79.699133,34417.042844
339,-14.493942,-4.338522,3.737885,152.387437,10073.954166
339,-27.457283,3.241828,4.62296,54.833868,15409.492244
339,-12.056053,-1.812062,9.94729,83.085108,71344.023474
339,-14.833684,-0.090044,14.383798,183.24532,149174.714229
339,-20.425077,-11.850092,7.607334,64.611019,41726.602804
340,11.122714,-5.144963,3.609899,142.863587,9395.893655
340,8.0733,-2.274468,4.77515,125.059037,16440.769305
340,4.702613,3.372849,6.542107,224.904166,30859.11026
340,10.105731,16.567187,13.137637,69.805242,124446.476849
340,11.845951,-2.291283,12.049162,142.657235,104679.524342
340,16.150683,8.360816,12.353565,109.949807,110035.465509
340,14.620877,0.787836,4.943082,79.694226,17617.478984
340,15.657679,16.613263,18.486207,169.773953,246401.688967
340,16.873003,-1.568681,8.095239,255.197619,47250.605092
340,2.696926,17.930776,6.829317,299.462254,33628.125377
340,7.789322,-3.04396,7.738583,194.731985,43178.833937
340,3.651038,10.568879,18.175692,51.197867,238193.549087
340,9.599166,10.085457,10.797077,217.404236,84054.401606
340,24.499145,17.704755,3.271041,202.594381,7714.720181
340,8.381891,-6.377764,8.218966,116.107027,48705.993995
340,-13.170437,-5.66672,14.766736,17.235588,157223.360334
340,-14.523266,-3.339831,4.4013,234.401024,13967.222652
340,-10.444771,-13.55263,8.227175,90.518036,48803.336321
340,-11.132572,-16.696113,2.808478,307.041779,5687.091121
340,-19.999069,-4.666032,3.234339,77.465016,7542.5656
340,-3.673551,-0.652877,7.200157,0.086753,37379.371453
340,-25.359162,4.584233,6.666594,199.591194,32044.695635
340,-3.924981,-4.908718,6.219268,97.703421,27888.590492
340,13.382713,-4.496309,4.385238,70.915107,13865.463926
340,-9.422921,0.685717,6.203295,249.373349,27745.523296
340,14.336077,-22.696866,3.376267,148.309943,8219.051475
340,-10.156748,5.530094,4.38379,246.031455,13856.311191
340,-15.167722,-2.807026,10.795477,317.777978,84029.494788
340,-11.656615,-13.574113,2.494917,93.555444,4488.075793
340,-8.717715,-4.709035,11.631451,288.488939,97547.442606
340,-3.025153,3.03818,15.559504,263.708159,174557.92149
341,13.864595,9.333457,8.055023,352.207205,46782.307541
341,1.57394,-9.50429,6.417212,239.222844,29692.09364
341,2.358566,-7.681434,4.230092,140.217763,12901.72533
341,8.547294,11.064465,5.506946,319.280711,21866.016404
341,14.576058,19.961952,3.034328,246.856259,6638.547302
341,10.01705,-1.282897,11.635449,290.864546,97614.505378
341,11.425933,8.944405,3.096611,199.682445,6913.871864
341,-1.41373,6.932325,4.890669,221.151121,17245.84949
341,11.537442,7.345309,10.079697,22.060546,73255.967757
341,-0.749986,-10.373546,6.345599,154.24231,29033.096023
341,-15.713344,-2.765795,7.803273,261.535528,43903.755947
341,-1.931735,24.450143,7.256782,244.058094,37969.617721
341,10.387194,18.730551,13.190386,110.199599,125447.812517
341,11.363265,-0.139733,14.544486,260.769149,152526.326592
341,-29.554783,-0.272444,6.024927,307.526592,26172.887608
341,-11.503463,-4.420849,5.619247,24.182459,22766.923421
341,-8.176897,-5.278604,11.306489,340.269832,92172.974777
341,-24.446431,-12.696871,7.849275,131.470307,44422.923771
341,-16.329465,4.721962,9.278984,33.242277,62079.601621
341,-17.062972,-5.763505,18.706516,119.14475,252309.656012
341,-11.520185,-0.536545,13.220723,106.303549,126025.506833
341,-24.684891,-1.17842,3.939376,324.384975,11189.302803
341,-9.164804,7.810375,4.41598,0.317586,14060.550893
341,6.287915,0.812575,3.723587,311.445064,9997.030764
341,-11.491423,2.413678,8.442459,131.181687,51390.873421
341,-13.161416,9.49344,10.376815,4.758451,77638.335391
341,-2.894544,0.400045,8.486092,186.214712,51923.448002
341,-23.250107,-2.352608,6.772831,197.438291,33074.140255
341,-16.313744,5.51415,22.391861,35.662794,361516.768154
341,-15.109532,11.980971,4.484024,275.391885,14497.194938
342,10.530926,12.476891,9.086076,140.773331,59525.195202
342,13.036389,1.989294,4.681646,263.613622,15803.206049
342,11.853034,4.531796,8.49465,333.295798,52028.225343
342,15.722071,1.864236,11.258492,269.572852,91392.072556
342,5.550869,12.307505,14.602083,258.32001,153736.749558
342,9.055569,-8.820427,5.689997,305.030153,23343.829597
342,14.441094,2.008461,4.228043,23.268006,12889.22452
342,20.908984,3.007329,3.724808,331.635354,10003.590797
342,4.906585,12.433089,7.635315,47.139176,42034.120241
342,13.333844,13.704878,2.939046,24.713955,6228.176766
342,18.870061,17.758607,12.716211,267.910581,116590.589541
342,19.146131,0.856131,5.85697,211.122477,24733.980888
342,3.658557,18.675564,4.525502,233.641597,14766.635664
342,12.278942,9.510888,12.463343,165.558139,111999.774269
342,-2.906497,6.976907,5.496984,154.43675,21786.977412
342,-5.623722,3.939992,5.579169,230.315181,22443.32416
342,-15.45644,-8.729958,6.175011,51.236088,27493.088891
342,-4.533184,-17.285417,7.250202,33.917166,37900.790895
342,-18.243223,-24.914035,1.222834,344.92449,1078.158811
342,7.692079,8.713459,4.571137,11.834447,15065.950551
342,-24.480945,-0.647661,9.869075,25.269288,70226.495133
342,0.1881,-10.955852,5.158413,92.645525,19185.820371
342,-9.163747,8.130121,8.662367,20.531699,54102.987618
342,8.324897,15.241094,6.561188,72.96752,31039.384621
342,-13.788149,5.625983,11.242567,42.952941,91133.704061
342,0.200358,-0.272341,4.916511,238.587412,17428.580666
342,-18.54837,-7.855332,8.201262,22.455147,48496.398224
342,-3.20012,-12.612047,8.172137,0.123381,48152.556346
342,-4.68598,8.377165,4.386091,182.945363,13870.855767
342,-13.206685,7.08687,3.038375,254.319543,6656.266951
343,4.271448,-1.612277,7.417574,339.300368,39670.876151
343,12.21315,3.259257,10.272732,64.406922,76088.672599
343,4.856896,18.648994,13.17445,244.796472,125144.875194
343,8.171963,-2.56966,5.065985,239.820546,18504.433722
343,11.774307,-5.585601,4.358967,18.164183,13699.828869
343,6.652584,-1.577755,15.549001,18.187096,174322.345259
343,7.219855,-8.786895,11.148258,35.224513,89611.165069
343,7.834075,5.212048,7.086844,321.571923,36212.107082
343,9.524131,3.436271,10.758431,319.829066,83453.761519
343,-4.79019,-4.882215,22.382683,335.250093,361220.462643
343,5.093178,2.243939,3.866844,99.333374,10781.059742
343,13.53486,16.266447,11.516547,112.942045,95629.67273
343,11.116048,5.946234,5.70325,78.53166,23452.699561
343,-20.053453,0.595271,10.94183,264.982086,86323.295372
343,2.725157,7.43784,2.525919,285.524014,4600.307797
343,-25.437006,6.749745,4.87355,266.165844,17125.327785
343,-14.036517,3.810699,15.621928,280.201883,175961.36068
343,-15.057697,-5.776865,7.441102,166.647719,39922.94389
343,8.107448,-4.465993,9.006813,64.740615,58491.176843
343,-15.109086,4.703441,4.522751,273.960036,14748.688732
343,-16.235681,-0.966915,7.574095,351.002147,41362.7659
343,-12.429873,11.654956,3.7937,212.391652,10377.055416
343,-19.494025,-7.880769,5.324784,172.417111,20443.353529
343,-10.595248,-7.69281,8.32678,113.028333,49992.19641
343,4.727705,2.47524,6.220743,77.720785,27901.822189
343,-5.217073,-14.77674,5.86195,292.480019,24776.06127
343,-15.146884,6.202984,9.670315,11.22636,67426.302548
343,-16.897855,-11.116914,7.175316,104.092281,37121.895423
343,-12.343365,0.123019,3.627435,165.187647,9487.400928
344,11.295623,-6.709645,12.710651,333.619367,116488.658962
344,13.713968,-2.734476,2.695315,336.965896,5238.018139
344,2.969086,-1.179057,6.73667,154.473941,32721.904528
344,18.427499,1.65782,3.932745,152.012893,11151.663964
344,1.79738,1.005627,2.22448,265.315148,3567.838731
344,13.218983,8.208705,6.761556,299.725745,32964.112985
344,-5.4245,-3.690583,4.695306,122.406778,15895.559646
344,-19.204694,8.715371,13.100088,259.671621,123736.126672
344,3.094063,-12.058459,6.560636,190.467677,31034.154981
344,6.907885,19.74896,8.811423,347.235365,55980.942142
344,9.331695,9.145671,6.000788,138.934769,25963.586642
344,13.095791,-2.770289,6.180937,52.765694,27545.883443
344,-12.456259,-10.557796,5.472413,354.570154,21592.643987
344,-10.250371,-6.907739,4.020145,191.92361,11652.831863
344,-15.215877,-5.757806,2.411734,12.318416,4193.793424
344,4.589989,4.649153,5.594363,109.848769,22565.728796
344,-30.136032,14.546189,2.767159,142.205509,5520.981068
344,6.733463,-7.994023,4.067194,251.456346,11927.182724
344,11.681486,10.732598,9.341839,124.220294,62923.500297
344,-24.154459,-0.985367,5.500215,232.310474,21812.597924
344,-3.025619,-27.606687,9.589912,84.512509,66309.740487
344,-8.673491,-0.709436,1.692415,37.178676,2065.197586
344,-20.003358,-7.491431,17.851882,329.454482,229782.0315
344,-1.150644,11.210914,12.052615,236.386598,104739.530038
344,-9.389593,1.4799,15.130742,294.485665,165070.137112
344,-27.926156,7.844277,3.828169,209.770979,10566.477258
344,-6.106797,3.570146,21.155408,21.946712,322693.998291
344,-7.730475,-12.784581,7.396978,347.27846,39450.888201
345,14.834266,-11.260347,6.416477,14.926531,29685.293578
345,12.376688,-3.889442,3.216204,227.372107,7458.223181
345,8.802881,11.314598,6.861728,112.243617,33948.066784
345,10.01751,-2.349553,18.221399,25.096273,239393.043505
345,0.589192,-6.833796,6.44606,215.755934,29959.654843
345,-7.234096,9.797315,2.746645,214.058774,5439.426084
345,13.333926,3.969209,14.127259,250.762756,143901.022772
345,13.354163,8.432979,7.186768,292.523462,37240.481171
345,1.310347,-8.354243,18.72167,294.793994,252718.61107
345,4.452336,-4.015155,8.164755,29.545657,48065.597798
345,0.448631,-7.800315,6.303185,244.714829,28646.273771
345,15.158341,-11.191194,3.89503,150.30694,10938.801618
345,-10.594345,7.445993,8.856254,147.742953,56552.036302
345,-20.98124,-2.749803,7.404554,334.761927,39531.739559
345,-19.996529,-7.240267,5.880627,259.407692,24934.192805
345,-4.509968,1.83527,7.615764,196.128562,41819.137959
345,-6.500204,-14.013241,4.636192,351.261253,15497.829873
345,-12.721042,-13.70272,2.334301,293.982886,3928.815746
345,-16.199457,-5.304202,8.663721,85.218452,54119.894277
345,1.989247,-3.544807,9.802051,59.236218,69275.875575
345,12.398657,-3.336063,4.978634,169.606759,17871.808622
345,-14.01548,-16.48217,12.242037,133.258675,108057.636451
345,5.605952,5.90228,14.619636,358.28783,154106.5875
345,-2.059236,-2.571123,3.479674,15.327611,8730.221119
345,-15.944249,3.021122,3.820952,311.30976,10526.674569
345,-15.095684,5.551792,9.054535,257.201529,59112.648362
345,9.315696,-2.610476,5.608392,68.399859,22679.043407
345,9.450444,-1.920813,8.690576,179.247134,54455.936096
346,7.825967,20.56999,3.207481,97.980466,7417.817455
346,7.817774,8.114388,9.661741,215.125793,67306.783665
346,12.353595,7.252846,3.344335,328.854646,8064.317051
346,17.608304,7.163906,2.734854,283.435572,5392.825004
346,-9.15252,20.109967,5.967978,263.658805,25680.441966
346,10.237663,0.457554,27.852786,62.282354,559352.209839
346,7.175089,7.510517,6.141822,152.561463,27198.34615
346,5.962786,6.314545,7.435837,168.52456,39866.474208
346,21.112952,-6.589635,2.677786,176.906295,5170.110279
346,18.256186,11.932336,8.196742,272.786485,48442.957474
346,17.213042,15.787112,10.592466,88.254605,80898.828278
346,-23.630217,-3.095292,6.742334,213.788496,32776.954976
346,-2.26616,-1.489828,2.766325,235.698298,5517.654341
346,-3.74514,12.681968,2.388113,125.948662,4112.044011
346,-19.652685,-8.587713,3.612606,226.012399,9409.99287
346,-21.62297,-12.739651,7.235318,119.893464,37745.339474
346,-16.186284,-17.580856,8.392471,2.828429,50784.104064
346,-11.529993,4.988506,11.989383,191.385398,103643.417758
346,12.238672,3.623765,7.192231,340.051959,37297.124359
346,-18.702524,3.18498,8.410879,73.197696,51007.125075
346,-4.433659,-19.086076,8.590224,281.363857,53205.561218
346,-24.070462,-14.14743,11.42721,307.204919,94151.770519
346,-7.386794,-1.535813,3.955414,50.46265,11280.591584
346,0.870158,-2.175898,10.362768,176.385907,77428.280957
346,-14.901894,3.627981,6.219632,280.350954,27891.856071
346,1.413586,-12.041102,6.719086,247.287452,32551.309303
346,-16.95956,-13.808228,15.59782,279.245385,175418.686466
347,9.92256,-4.828392,5.975151,26.700276,25742.209236
347,14.030366,-0.933661,9.099822,184.286143,59705.441202
347,13.310136,22.830462,8.887474,328.653763,56951.44639
347,6.413733,18.928727,8.974078,28.25405,58066.787429
347,-9.515433,10.724885,5.753438,188.740166,23867.280261
347,13.19014,9.077007,11.328,317.14363,92524.033399
347,9.137097,-12.556708,10.174241,283.532031,74636.643247
347,13.974019,19.227963,10.640267,49.58109,81630.618843
347,15.83184,17.166038,5.458416,311.671293,21482.326004
347,10.439404,6.873364,8.399667,204.974753,50871.225263
347,9.546483,8.113043,7.275697,52.198518,38167.809029
347,-13.2958,5.384906,6.065591,41.060834,26527.374823
347,-12.640365,-2.612965,9.145571,9.878579,60307.283234
347,-6.822026,11.39739,6.893452,88.818028,34262.70156
347,-15.302481,2.111046,5.893037,233.304193,25039.544581
347,0.925081,-8.22035,11.375751,230.147927,93305.715539
347,-18.362066,-4.600473,5.525733,267.453866,22015.466087
347,-0.04165,0.085012,16.705742,314.595047,201223.929929
347,-26.169993,-10.841235,5.73818,280.221546,23740.859714
347,-20.611956,-11.010476,5.060382,117.693513,18463.52696
347,-9.596393,-0.08538,10.62654,324.7979,81420.135517
347,-19.379235,-3.415344,9.574148,51.540169,66091.910675
347,-0.576807,4.693234,11.348558,102.311512,92860.163723
347,-10.695272,9.293779,13.712485,235.015114,135575.237957
347,-15.363709,-1.223762,8.207284,347.569094,48567.63382
347,1.784514,2.550835,16.631756,275.697399,199445.508323
347,-6.411769,4.88314,4.898252,13.176485,17299.371873
348,17.630837,5.856559,6.048451,176.528461,26377.671323
348,7.378796,9.328611,3.562079,181.297319,9148.609816
348,9.251749,-13.022235,13.802883,113.734183,137368.672323
348,-5.676162,1.7863,6.921536,151.802104,34542.437498
348,8.064043,-5.295767,8.956519,82.564351,57839.778611
348,13.569938,4.823803,3.456658,226.613897,8615.112818
348,16.533618,1.091572,2.734575,347.959575,5391.727098
348,13.126546,11.726455,4.507475,24.751239,14649.229175
348,4.674947,4.428921,10.656707,196.011868,81883.076848
348,15.427212,1.74945,2.712412,80.716423,5304.682079
348,-23.457406,-15.181061,4.061558,150.018197,11894.152201
348,-8.023191,1.687122,16.275952,272.308582,191003.291318
348,-11.002253,4.820979,5.855279,18.781542,24719.701924
348,-16.011926,-3.571759,4.138012,21.706781,12346.147763
348,14.077452,-2.231862,8.668393,239.358663,54178.281927
348,-3.330118,7.434097,11.208381,314.489167,90580.319196
348,-11.287445,1.175864,9.519335,278.696631,65337.311183
348,-8.941314,13.714595,3.897377,1.085822,10951.98768
348,-34.086382,-5.218166,4.646813,220.623173,15568.916809
348,-14.432351,-9.746607,6.242574,55.27513,28098.000139
348,-25.484526,-5.346382,8.073684,58.648492,46999.320045
348,-18.874221,-10.980721,3.62923,50.056666,9496.792995
348,-1.30646,-8.629678,4.392451,289.153396,13911.112247
348,-17.773835,-4.937108,7.048474,2.776257,35821.044108
348,-18.199398,16.916096,9.403836,144.744132,63761.452029
348,-23.455197,-17.92819,5.506412,302.348548,21861.776089
349,15.622304,7.13384,15.211811,139.448021,166843.739625
349,8.244069,7.059762,4.101143,92.750337,12127.127966
349,9.714298,-6.426115,7.223397,307.388716,37621.056607
349,8.995036,9.341874,1.95961,236.432972,2768.772474
349,15.894657,7.929284,4.901979,272.470179,17325.703759
349,6.864118,-2.44292,15.642451,298.108545,176424.012788
349,13.386449,6.138102,4.813567,311.981687,16706.373469
349,2.456025,2.644653,8.008031,345.257115,46238.059971
349,3.057016,10.341304,5.165938,227.357322,19241.83531
349,4.029178,-18.49892,11.91816,197.140166,102415.692556
349,-0.332144,16.812433,5.361416,294.946627,20725.598498
349,-2.208835,-6.828331,6.761168,241.320549,32960.332135
349,-8.61808,4.457535,3.304602,11.447639,7873.838558
349,-3.496604,-1.68091,10.534817,186.867591,80020.650259
349,-9.304612,3.957271,5.84184,278.570871,24606.358391
349,-0.990494,8.511325,3.865249,231.887566,10772.165135
349,-13.523895,-8.205647,8.087535,286.202688,47160.723649
349,-6.590305,6.315526,6.394709,255.814975,29484.216776
349,-17.348316,3.559004,5.044079,195.319914,18344.748777
349,-15.21571,-13.53714,7.316457,253.468934,38596.655461
349,-8.957059,-4.219381,4.465123,282.981985,14375.234828
349,-11.584264,-12.132509,4.122141,264.690854,12251.627228
349,-20.350861,-16.289272,4.023684,308.443074,11673.357842
349,-16.302979,-8.054059,6.925682,99.416191,34583.834345
349,-9.770691,19.850466,8.018283,289.571703,46356.523475
350,3.37164,13.544917,10.678565,43.378876,82219.313087
350,9.073762,7.267824,15.558659,186.857224,174538.969957
350,10.543211,10.25414,8.155489,99.203587,47956.566676
350,10.012225,-5.513279,6.305443,256.114588,28666.805112
350,15.143077,-1.174476,6.855552,89.143353,33886.980368
350,12.508337,4.447233,6.032981,305.915613,26242.913802
350,13.043096,9.546175,1.402788,159.400386,1418.836504
350,8.789956,6.577702,9.331713,189.280717,62787.156282
350,7.066568,-2.645966,4.173384,220.616686,12558.121304
350,-15.425241,-9.219109,8.089502,36.426921,47183.658082
350,3.505444,-26.353641,10.257883,268.646482,75868.861255
350,15.754189,10.881788,3.522494,167.692011,8946.403802
350,0.462299,-10.290404,5.667982,35.867965,23163.541724
350,-17.977142,2.634135,1.717684,126.646298,2127.328117
350,-2.106319,13.540324,5.679156,112.05963,23254.967463
350,-15.207505,-2.672091,4.467656,320.823478,14391.551121
350,0.330722,-4.89223,4.727206,3.670279,16112.285895
350,-13.185647,-15.89773,4.061272,131.622017,11892.475034
350,-10.423415,-12.3094,7.814793,120.739792,44033.484765
350,-21.359886,-1.61729,8.758448,21.174543,55309.842127
350,-21.707065,-14.530246,14.504977,339.716628,151698.799521
350,-2.087247,3.612625,9.173769,117.438084,60679.736884
350,-10.334667,-5.900735,5.078297,170.908166,18594.489568
350,-0.072901,5.849322,4.080861,294.935813,12007.47326
350,-8.214445,-2.270599,10.116559,43.764937,73792.758559
351,9.99876,5.377934,6.908981,20.818701,34417.242253
351,10.35976,-7.406444,13.97774,244.792802,140871.122508
351,1.360517,2.970138,10.482675,303.757359,79230.483424
351,8.407399,-1.517803,8.916772,134.184501,57327.555471
351,14.488685,-5.976963,4.534275,116.436139,14823.942507
351,9.26484,4.500503,9.881066,157.901717,70397.252629
351,8.970794,0.452739,2.786058,17.873932,5596.654688
351,9.967685,-5.236336,15.16718,291.437325,165866.140063
351,-7.553275,-26.39951,5.624384,48.46901,22808.565014
351,-14.908947,-7.776863,4.741089,3.573335,16207.062906
351,-0.785612,14.358826,8.6948,42.251394,54508.88279
351,-12.287476,-1.674114,8.464326,138.40486,51657.432456
351,-16.060204,5.998641,7.130072,261.728935,36655.228447
351,-22.99186,1.551681,14.776699,237.53822,157435.587822
351,-22.307899,7.786777,7.797176,5.697634,43835.169719
351,-7.614761,-2.365251,3.209025,253.44047,7424.96046
351,-4.033497,-16.471695,3.415045,305.978889,8408.93606
351,-3.127099,2.387714,9.342537,245.768021,62932.898977
351,-10.19431,-28.930365,2.711561,283.877627,5301.35241
351,-1.07569,-5.686362,9.298199,182.63749,62336.974985
351,4.555492,9.130549,7.369715,305.645616,39160.607724
351,-5.026739,15.524566,11.793195,80.469711,100279.241195
351,-19.448902,4.759872,3.80303,254.0695,10428.155015
351,-25.004815,-1.397264,5.192218,337.658636,19438.102858
352,0.031962,-7.796127,22.455136,17.967357,363562.815913
352,11.311797,-0.929622,4.8619,181.643501,17043.550789
352,10.528737,-2.110182,3.078116,117.875404,6831.532935
352,6.879954,11.957667,2.870153,313.120762,5939.613778
352,14.460715,3.863781,3.897706,133.869107,10953.834406
352,11.038424,1.262334,6.178103,38.623526,27520.626268
352,-1.872352,-3.241636,9.462504,263.567685,64559.508277
352,-14.731066,-3.766613,5.98931,350.836386,25864.352106
352,-22.170389,-8.564116,11.486726,350.769969,95135.063163
352,-21.27312,-12.318668,6.73076,111.85005,32664.520146
352,-25.292765,-4.046075,4.389875,316.580012,13894.800699
352,-15.612589,-3.104679,12.37811,258.403232,110473.151275
352,-0.324539,-15.292251,3.427758,76.939648,8471.659487
352,-11.933148,5.56092,14.356636,55.326012,148611.861038
352,2.634804,8.414568,9.00539,152.206357,58472.701451
352,-2.779931,-10.683346,3.794476,43.576605,10381.298086
352,-2.200083,-7.579641,6.44834,339.42876,29980.850363
352,-20.025138,8.972687,4.422646,66.665852,14103.027649
352,-12.43568,4.787657,2.975901,116.82374,6385.35587
352,-11.277078,-8.149091,8.847931,135.344467,56445.791481
352,-16.889941,6.294227,5.001228,356.918506,18034.385332
352,-5.074207,-10.21216,5.786851,261.542313,24145.300604
352,-8.004819,-2.334276,8.954951,308.641208,57819.525431
353,9.801015,8.613015,8.607922,77.028706,53425.028511
353,-9.144907,-5.309307,6.529396,189.582231,30739.306522
353,10.782003,7.684475,3.79615,248.014703,10390.461293
353,12.677585,3.567214,2.58827,235.727202,4830.223679
353,-2.176921,4.705685,18.685191,54.239996,251734.740736
353,-11.104548,-6.773624,10.052458,123.180838,72860.579932
353,10.556304,-3.815277,4.428637,359.046986,14141.266424
353,0.098706,8.338852,10.552909,243.746624,80295.724101
353,-7.712911,-6.298808,10.349899,265.272108,77236.099871
353,-1.726344,-11.558217,10.379256,113.270615,77674.869035
353,-29.784824,-6.324061,15.168111,293.143022,165886.503228
353,-7.324456,-4.365301,7.570714,178.302378,41325.851482
353,-24.66294,-0.061826,6.051356,64.552975,26403.012448
353,-7.863377,-11.440633,1.707548,142.672556,2102.29537
353,-18.551309,1.684197,5.747903,253.805357,23821.379713
353,-15.121886,-9.757279,8.881748,82.174933,56878.087283
353,-14.894399,-7.873117,3.380122,177.133258,8237.827945
353,-10.913794,-4.551521,13.354722,357.566304,128593.134101
353,0.268412,2.249945,5.439271,305.482477,21331.897343
353,-3.466744,-2.466714,4.216298,116.304611,12817.716732
353,-14.694201,11.015874,6.87645,97.286689,34093.89385
353,-23.91252,-10.964032,8.832106,20.454221,56244.04851
354,6.062878,7.385527,3.534951,216.890791,9009.79203
354,14.828884,4.783788,6.038876,124.326832,26294.220491
354,4.829993,-5.300925,13.853196,261.851429,138371.945558
354,6.34071,3.878074,5.016138,53.301885,18142.08069
354,3.320788,1.628499,7.90983,223.366984,45110.99591
354,1.964696,-22.189087,7.502026,130.535088,40579.35912
354,-7.098262,3.177214,4.800609,49.556855,16616.548323
354,-16.460219,-8.40762,2.863552,353.220566,5912.324458
354,-18.776996,-2.076273,6.566563,100.949587,31090.255145
354,-13.558164,0.865328,11.216433,322.308132,90710.511281
354,-15.70523,-20.20108,4.794732,66.2382,16575.889081
354,-0.453944,-6.238018,3.639458,77.525927,9550.400999
354,-13.569469,11.632244,3.83302,316.019653,10593.274429
354,-14.492119,-2.813274,8.544875,278.452796,52645.286228
354,-13.901314,-1.84386,10.137312,219.089592,74095.811553
354,-19.795703,2.472844,8.737457,155.057094,55045.039048
354,-14.226691,-0.91853,37.66659,24.130896,1022964.781768
354,-0.098888,8.879343,4.925781,125.472738,17494.371824
354,3.450479,-16.761199,7.844035,199.258621,44363.631999
354,-26.22117,-23.483937,6.320763,28.547075,28806.276802
354,-14.227352,-15.409518,2.724672,65.182649,5352.745918
355,10.981169,18.923863,9.069801,334.761719,59312.139913
355,15.614697,6.714466,3.791121,32.827691,10362.949059
355,16.42969,12.028775,11.303213,319.039233,92119.572356
355,3.414388,6.2228,9.731281,249.276116,68279.144465
355,9.202196,8.951029,10.944581,295.023517,86366.710217
355,9.972251,14.09675,16.278234,211.021382,191056.860538
355,-21.425902,-16.282893,10.926151,34.562286,86076.082566
355,-10.414982,11.699924,4.869963,76.892663,17100.131424
355,-22.181826,4.00627,8.48572,167.541996,51918.902171
355,-21.283502,-3.781887,4.224783,255.643107,12869.360915
355,-17.990424,-16.759311,9.055153,135.956266,59120.716486
355,-5.691389,-2.098584,1.987203,294.304788,2847.295539
355,-14.051845,1.081364,7.935001,49.561449,45398.551505
355,-3.515832,-3.477055,4.73814,344.511182,16186.908648
355,-4.984931,-14.721387,3.752282,92.477634,10151.706478
355,-10.316549,-7.918307,9.548461,218.549063,65737.745258
355,-17.017659,-17.840162,7.906944,226.672478,45078.077435
355,-4.518202,4.933752,17.006673,309.287755,208538.767013
355,-3.234962,10.186286,2.72593,139.452396,5357.69031
355,-11.965313,-1.978398,4.643473,322.204618,15546.546091
355,-0.137295,0.655129,4.915273,289.441754,17419.805363
356,7.134149,16.881976,8.899975,354.510716,57111.775515
356,8.009283,-18.276495,4.708773,35.049484,15986.876991
356,13.146924,-9.77206,7.427089,203.477203,39772.724042
356,7.12743,17.826079,6.13636,134.885556,27149.996682
356,6.826135,23.375117,6.415086,65.867599,29672.422465
356,-9.713103,11.158073,8.822569,111.777406,56122.657583
356,-15.813385,-13.32631,14.937144,202.155809,160873.024503
356,1.044905,-7.051507,11.518145,297.674507,95656.211309
356,0.542378,-9.455368,3.202442,325.356629,7394.532496
356,-9.765574,-8.25249,2.884997,57.587383,6001.210675
356,-23.821038,8.832616,6.203626,16.766437,27748.487245
356,-33.290654,-0.407519,13.53255,80.052782,132040.568176
356,-30.400292,-12.356704,8.884589,19.974406,56914.474289
356,-12.788991,6.194361,4.778255,243.560734,16462.154668
356,-19.013714,6.737485,6.584882,280.540949,31263.961862
356,-10.349014,8.12846,8.020073,118.883374,46377.222018
356,-15.765095,-27.721134,6.214437,291.123168,27845.28622
356,-15.8151,7.50576,10.958655,284.890692,86588.974963
356,-14.486821,-9.00843,6.878379,313.580624,34113.029116
356,-13.987083,-19.576075,6.62056,355.070506,31603.666221
357,11.874852,-0.562444,10.025677,182.691824,72472.874595
357,17.083516,-7.256934,4.831863,328.864608,16833.614197
357,14.757389,10.572118,17.932974,31.922399,231874.347484
357,12.292984,18.211313,15.159985,323.652968,165708.819825
357,5.236953,1.520585,5.074106,49.24666,18563.812966
357,-15.642844,-9.395722,5.503382,258.070595,21837.728644
357,-13.491677,7.617434,2.304179,45.554873,3828.07407
357,-9.228136,-8.906065,7.399742,325.932226,39480.375495
357,-24.745209,-7.540624,5.176892,341.240645,19323.521363
357,-21.31609,-10.562218,9.61444,225.598981,66649.376238
357,-5.067779,-4.493038,5.257724,291.50272,19931.668562
357,-13.045542,13.651274,9.157798,337.86265,60468.641724
357,26.606602,-2.59269,6.297201,133.864334,28591.908542
357,-5.987047,1.189439,7.623757,231.825102,41906.961043
357,-7.950884,-1.31749,7.15529,263.342476,36914.974132
357,-10.845429,-2.538158,7.679936,54.697762,42526.855206
357,-3.037862,8.396089,6.606921,286.784997,31473.588484
357,-3.018041,-16.884869,3.56986,193.389887,9188.621044
357,-14.051904,-1.458815,19.844902,344.092056,283952.679585
357,-15.363885,-6.559836,10.279725,351.782632,76192.299154
358,8.984636,1.352279,18.025971,194.269007,234285.508426
358,8.254253,18.778789,16.513905,170.422982,196629.039905
358,3.303907,0.662607,7.184926,229.448713,37221.393395
358,-3.301054,0.622715,3.184095,285.875035,7310.04442
358,-24.870941,-5.765176,12.421211,195.247313,111243.830984
358,-11.493372,-20.639577,2.166001,29.889248,3382.714508
358,-21.93859,1.998643,11.941629,62.50967,102819.434321
358,-19.798907,6.201174,9.114114,76.461218,59893.133262
358,-12.988391,-3.387833,7.874072,318.408228,44704.05074
358,-12.804001,10.612554,6.256455,243.455352,28223.0964
358,-9.159317,3.046782,9.458511,43.906149,64505.037713
358,3.732894,5.343029,6.785089,193.33434,33193.966024
358,-10.878072,-0.023856,1.431779,29.880949,1478.088031
358,-15.148788,-4.888298,6.821062,26.944993,33546.878551
358,-12.327978,0.021542,3.489375,66.404951,8778.965299
358,-10.856486,-0.346547,7.193315,65.545523,37308.366147
358,-4.438308,-20.215908,4.865436,346.344014,17068.351223
358,5.932718,-9.164632,14.765487,183.367032,157196.765029
358,-17.568425,9.864321,10.366607,88.006673,77485.655326
359,10.117097,-4.993338,4.327654,114.032195,13503.710487
359,9.790917,10.435088,13.225463,24.976386,126115.904762
359,-0.741828,7.842089,6.488293,98.14077,30353.51483
359,5.358209,8.234999,8.472077,355.70626,51752.086797
359,-11.332354,-16.691023,8.882288,7.226828,56885.005881
359,0.629993,-24.379524,2.746177,214.226594,5437.575176
359,3.432365,3.239736,4.879836,221.007829,17169.533973
359,4.823544,-15.045067,15.329132,133.810498,169427.224974
359,-20.666538,-19.943181,3.339604,306.45038,8041.515236
359,-4.865759,-5.913259,16.655952,262.440208,200026.244403
359,23.237982,-13.659493,5.921632,157.982979,25283.137587
359,3.362046,2.134989,7.319885,213.288964,38632.834864
359,-6.057902,2.430608,4.359179,213.280934,13701.166711
359,-17.20239,-11.944856,3.667174,137.672699,9696.413645
359,-4.281302,-7.803063,2.666657,338.596637,5127.223255
359,13.088767,2.222669,5.134949,115.992939,19011.675166
359,-18.585949,6.042833,5.011762,288.182137,18110.437799
359,-3.482307,-9.054277,10.618563,6.767556,81297.946457
360,9.325864,-4.128609,13.603965,198.395295,133437.874842
360,18.745347,5.082294,10.164328,95.219197,74491.276342
360,3.668075,-4.385729,11.870099,266.948,101591.356249
360,-9.408976,-12.953975,8.687756,194.630508,54420.597456
360,-1.018393,-14.016971,4.56695,158.851633,15038.36683
360,-13.357742,2.968681,14.011045,78.237955,141543.238534
360,-16.777394,-9.16485,9.412629,159.039409,63880.741229
360,-7.741977,6.852063,1.961862,22.0596,2775.140958
360,-4.470166,-3.53159,4.500713,253.392542,14605.30695
360,-16.660099,-7.295684,4.261871,249.587684,13096.29934
360,-13.678163,-12.512115,7.435298,292.583688,39860.695136
360,-12.578571,-10.605179,5.187094,343.295542,19399.757759
360,3.499807,-2.631469,3.634149,330.116559,9522.55844
360,-20.042056,-21.409359,7.680951,107.644768,42538.09954
360,1.764944,9.220827,4.959966,146.016543,17738.033868
360,-13.88686,-2.514011,6.369719,173.863495,29254.227968
360,-13.660584,16.749869,7.463094,142.457757,40159.277511
361,3.076702,2.862215,12.627856,55.587317,114976.040236
361,-1.273676,-12.96477,13.383203,275.428936,129142.215159
361,7.409153,2.204006,8.370555,108.508284,50519.21533
361,-4.759711,-4.57654,9.527115,264.564008,65444.154114
361,-4.368396,-1.699798,3.159126,150.198368,7195.846117
361,-11.105598,14.048807,6.822819,2.095967,33564.157684
361,-12.508667,-3.696,6.643002,214.944105,31818.287934
361,-4.471431,-10.749063,9.534673,4.282308,65548.039198
361,-3.09707,6.310942,9.163189,127.75877,60539.847536
361,1.193178,2.698845,4.624984,344.254663,15422.991935
361,8.381476,-14.601747,11.4576,230.395369,94653.222806
361,1.944695,-21.17623,4.149144,253.561463,12412.666616
361,-15.927553,-1.19507,4.668331,168.33576,15713.443789
361,-8.952418,-0.446029,8.786022,72.603291,55658.645712
361,-26.668968,-16.5125,5.414148,120.758655,21135.29917
361,-18.350228,6.508125,7.531061,312.313308,40894.072121
361,-17.284544,-0.716588,3.925386,118.988744,11109.966983
362,9.404504,20.114098,5.473071,29.218178,21597.83624
362,6.761702,7.427136,4.351849,172.644236,13655.125245
362,14.253395,-6.150768,8.343192,289.795412,50189.458605
362,-12.286366,-4.406628,24.899574,203.420537,447025.097273
362,-21.175662,-11.344129,13.208271,314.530832,125788.234954
362,-12.573787,-6.561454,5.296188,319.058512,20224.361969
362,-25.377536,7.666549,4.786698,253.009682,16520.386575
362,-14.322779,-10.730974,12.362797,196.456731,110199.99165
362,-14.156059,6.620682,11.436576,164.665739,94306.165091
362,-5.64121,17.667138,9.295976,310.703475,62307.173729
362,-7.531356,-7.978083,8.445768,43.082738,51431.159869
362,-24.04453,-11.921966,9.920974,96.460608,70967.035175
362,-24.570697,-1.199396,9.313911,17.06932,62547.834037
362,-10.551052,15.89558,3.895948,169.703342,10943.957281
362,-18.728798,-10.241074,1.833072,276.961791,2422.7425
362,-15.349918,17.421701,18.718972,259.850047,252645.792355
363,14.828721,11.548259,18.403952,132.725932,244213.81937
363,11.950925,-5.218523,3.760712,216.89264,10197.372888
363,-18.94401,-18.768085,5.987027,300.211543,25844.639656
363,-23.636072,3.503658,5.677145,1.698464,23238.496544
363,-10.212441,1.212761,21.880125,199.346771,345181.630235
363,-12.772094,-8.296932,8.292061,173.005614,49576.184157
363,-6.908358,-7.711611,13.458168,191.217592,130593.015903
363,-15.911082,6.631258,3.46003,297.733914,8631.928875
363,-0.985683,4.032267,6.498204,331.178674,30446.32062
363,-11.942031,-4.193005,8.553685,75.926664,52753.905404
363,-3.716325,14.186924,8.201502,93.61657,48499.23
363,-0.936494,-12.640472,5.151411,260.70125,19133.7696
363,0.099923,-15.253324,12.128141,213.716281,106056.320533
363,-3.626431,8.743732,14.206458,65.761213,145519.000493
363,-22.520869,-7.572853,11.131321,127.395666,89339.08263
364,-12.754892,7.32879,5.179135,196.165909,19340.26972
364,4.848955,4.682447,2.418221,281.38958,4216.382307
364,-8.137741,4.612209,11.774089,353.630456,99954.5732
364,-8.81042,-7.521757,4.593763,343.484315,15215.463829
364,-7.992299,0.738381,4.578287,268.632487,15113.118706
364,-4.014381,-9.103863,5.089032,244.528955,18673.18801
364,6.648457,12.02637,5.670868,224.121083,23187.138571
364,-13.81881,1.364733,2.818966,199.788884,5729.646966
364,-9.203144,-7.61428,11.791521,292.902672,100250.76779
364,8.9149,4.678853,3.437589,332.328016,8520.321248
364,-10.560365,8.808176,2.464349,173.111587,4378.775175
364,-24.738914,6.753239,5.219241,287.555031,19640.963343
364,-15.989395,-21.087042,24.107924,241.167643,419051.790226
364,-2.717632,-3.336869,11.195902,290.969099,90378.729942
364,-15.856204,-12.558235,2.284653,11.239369,3763.470855
365,12.998965,10.412069,16.594448,153.791872,198551.739571
365,-5.928121,-5.13648,9.586466,333.249192,66262.087934
365,-5.37544,9.615625,9.105348,53.177006,59777.97522
365,-17.052888,25.137927,6.074102,231.532098,26601.87838
365,-6.343398,-3.661165,9.270822,38.07371,61970.432385
365,-8.502643,-8.325228,10.499526,260.213924,79485.419463
365,-8.432986,-0.115003,4.648862,24.263084,15582.650191
365,-12.139387,2.628813,4.4384,208.947582,14203.683694
365,-19.471213,-15.93066,3.931305,27.445871,11143.498747
365,-9.234997,-5.593421,16.357387,117.364754,192919.402903
365,-15.169016,-10.495643,2.411076,124.773873,4191.504632
365,-8.298213,-6.856517,10.755715,217.918543,83411.629876
365,-24.894779,-11.624198,4.201219,110.802586,12726.19764
365,-18.660144,-10.664268,5.861556,127.025298,24772.731387
366,7.880547,-4.559402,6.818165,23.526104,33518.380849
366,-18.47738,-11.634561,4.911525,161.248082,17393.249848
366,-15.102996,4.27125,4.005125,0.247881,11565.920953
366,2.817697,0.669487,10.001521,188.701458,72124.066114
366,-11.387682,-7.972482,6.47732,19.946276,30250.932881
366,-10.768432,-14.402776,15.553221,303.700357,174416.969933
366,-18.841503,-2.807835,16.250394,243.740442,190403.920867
366,-10.173584,6.817098,3.649421,306.360841,9602.759719
366,4.068847,7.985774,17.544133,121.346228,221927.887691
366,-16.583675,-9.582368,3.98629,81.348199,11457.39689
366,-8.079587,-6.946486,4.845207,18.337663,16926.716205
366,-2.305579,5.907867,20.928422,135.381883,315806.47817
366,-26.216119,2.858033,13.940314,182.350604,140117.757171
367,6.69121,12.471319,16.77293,102.856742,202845.757173
367,-6.307468,-2.923065,4.891108,213.859239,17248.94363
367,-24.63343,8.522318,6.700048,233.897983,32367.110032
367,-4.555937,3.106584,3.460461,159.436927,8634.076002
367,-5.537456,6.491201,7.566966,161.336263,41284.932845
367,-2.247093,-1.226715,5.245811,210.826026,19841.449995
367,-7.510312,-15.59128,7.041798,31.891737,35753.220865
367,-4.138655,-0.416826,17.264646,239.979072,214913.376937
367,-18.279024,-23.065595,5.803078,291.545002,24280.903693
367,-17.689715,-0.571901,4.460945,97.671364,14348.343617
367,-22.447711,-7.865269,4.467623,295.527047,14391.33361
367,-15.998155,-4.050164,5.297471,218.59027,20234.165385
367,-14.949841,10.14602,7.219013,68.621622,37575.407286
368,-1.692585,-11.909046,10.438847,345.125561,78569.349208
368,-24.338036,-14.259338,12.645215,221.507635,115292.35712
368,3.479403,-10.600822,2.768798,109.706232,5527.521993
368,-15.958472,-13.983465,10.698354,27.050174,82524.323411
368,-7.077539,-4.39818,8.49835,294.261319,52073.560368
368,-7.817934,-19.244185,7.031385,193.413461,35647.558907
368,-14.08125,6.333868,8.467141,222.896139,51691.797215
368,-18.361903,-8.580904,6.8347,342.15155,33681.160454
368,-13.519657,-6.506232,9.454045,110.378283,64444.13964
368,-19.832398,-14.512849,4.626901,304.870965,15435.778207
368,-7.183547,14.949222,2.934463,261.162886,6208.767227
368,-3.400685,17.7781,6.568374,267.047663,31107.409275
369,-3.557382,9.978264,5.963725,143.066735,25643.849844
369,0.45594,8.08548,5.187315,176.822511,19401.411349
369,-15.129391,-20.537564,8.711644,323.424075,54720.283347
369,-12.017262,-10.524326,8.541397,169.697039,52602.445197
369,-1.81263,9.380874,11.707976,182.094411,98835.22151
369,-5.627727,12.915391,5.894679,104.839569,25053.500757
369,8.601538,-2.163314,7.971642,64.852473,45818.788664
369,-15.06384,7.35802,23.53918,50.0909,399512.848321
369,-17.099145,18.221414,8.99261,17.910863,58306.847782
369,-7.645874,1.91302,4.783747,56.532483,16500.020822
369,-11.459411,1.874211,13.15399,165.499034,124756.478137
370,-12.243655,-11.970566,2.220038,115.879138,3553.603941
370,-13.789242,-16.263206,13.744712,323.253626,136213.255126
370,-14.588136,9.353753,5.312601,311.023426,20349.910311
370,-5.476126,6.307033,9.225817,289.604522,61370.228749
370,-5.289954,-6.23329,4.459679,53.248089,14340.199937
370,-4.812258,-11.213735,6.359678,41.874615,29162.071075
370,-5.539515,3.624662,4.702059,146.369463,15941.315358
370,-2.219878,0.350641,16.964901,338.58482,207515.584945
370,-4.525845,-22.524243,6.426284,142.617514,29776.109872
370,-18.943803,-23.019509,3.448307,298.467388,8573.535388
370,-21.713172,11.201529,9.144909,281.238736,60298.544654
371,-2.380771,4.409119,4.005898,124.1356,11570.388044
371,-10.08176,-6.000541,5.906176,115.827324,25151.325864
371,-16.794337,-14.806368,8.023346,317.944113,46415.087101
371,2.078796,0.634128,6.960478,247.346206,34932.224222
371,-6.590124,-20.331443,11.725285,190.70241,99127.672797
371,-18.040194,-2.606684,7.669783,1.012653,42414.489324
371,1.08145,-7.661832,7.64121,189.978413,42099.056366
371,-9.926146,3.426146,4.640025,266.075559,15523.46686
371,-11.235106,-7.025606,7.923727,149.23025,45269.63876
371,-8.488438,-6.396515,8.215575,105.0977,48665.809973
371,-17.088074,-23.308109,7.182388,293.357397,37195.109227
372,-20.121319,-9.658313,2.14476,18.655255,3316.693451
372,4.427184,10.827124,6.379524,231.006655,29344.361283
372,-21.694406,-11.435719,3.915683,346.779035,11055.110089
372,-19.873232,5.636587,14.94015,326.673237,160937.77598
372,-15.578618,-9.599317,3.79647,52.363763,10392.213573
372,-4.037226,11.281594,6.155645,93.125943,27320.912301
372,0.966002,-3.468901,7.28097,154.684074,38223.15438
372,-5.229745,-0.555911,7.607726,8.9152,41730.901963
372,-11.712869,-7.330495,2.928746,285.551352,6184.599401
372,4.610411,3.589697,9.723652,227.86784,68172.130184
373,-5.720231,10.94978,12.281343,51.00978,108752.643708
373,-10.415634,-2.96126,11.837809,4.115945,101039.391643
373,-11.210839,-4.258272,7.384311,129.490476,39315.880579
373,23.52983,-10.573148,15.398896,254.955009,170972.885508
373,15.939335,-13.588656,15.658926,221.217549,176795.838836
373,-7.53879,2.705505,8.26573,159.014843,49261.825097
373,-11.051511,-17.05496,4.817195,282.437628,16731.561589
373,-16.756353,26.803319,10.187679,110.584557,74833.928806
373,0.072826,1.95258,6.244019,130.682622,28111.016597
373,13.612037,-9.465179,2.55864,24.119712,4720.264367
374,10.683218,17.486902,11.75304,249.186598,99597.511431
374,-10.944195,11.444925,8.592153,194.387146,53229.463085
374,-7.641435,-7.353089,4.304108,94.677667,13357.171239
374,-18.028381,4.773645,19.453937,308.768857,272874.59015
374,-7.515322,-9.794355,2.94036,47.771364,6233.743785
374,-15.278387,12.428113,3.79403,319.244611,10378.857332
374,-10.680763,-7.255712,3.468947,43.608873,8676.479138
374,-6.466023,-2.078352,11.277428,105.041338,91699.758128
374,-11.71865,-7.333628,5.321188,317.145723,20415.745889
374,4.189078,-18.402834,3.978594,167.577611,11413.197244
375,-18.906117,-6.212786,9.433964,159.314145,64170.654763
375,-13.164017,-2.546746,5.896039,108.153777,25065.060941
375,-32.979542,-6.458087,6.358505,21.426382,29151.309048
375,-11.318346,-8.628688,5.683274,341.404189,23288.704255
375,-3.371788,-1.211331,8.521296,15.917045,52355.151146
375,-12.222061,11.567503,4.363895,152.002615,13730.826202
375,-21.302798,10.392457,11.698387,31.134036,98673.389558
375,-14.266948,9.29547,4.485019,238.520329,14503.625724
375,-13.047693,-11.286411,2.413821,162.082178,4201.053076
376,-1.084465,1.274474,4.882156,206.564721,17185.862624
376,1.609328,-1.635454,12.224279,296.475783,107744.37692
376,-20.249976,-4.467057,7.549042,356.069891,41089.585887
376,-11.251927,-3.913031,6.535417,256.238064,30796.03021
376,-18.315609,-0.596561,9.402986,43.888711,63749.923542
376,9.794967,-15.362043,5.015774,257.168114,18139.446828
376,-13.528943,-1.393142,6.278682,33.616907,28423.987069
376,-5.371985,8.803347,3.899655,318.791727,10964.792717
376,-15.338207,-5.540516,17.626319,314.48469,224012.013769
386,26.594061,-13.627092,3.60798,30.344142,9385.909549
387,14.70539,-15.370076,7.396714,284.849475,39448.071101
388,23.751726,-21.402362,5.685172,34.449058,23304.256721
389,21.509459,-4.643435,17.228432,244.126852,214012.707189
390,-18.15443,-6.014517,6.338659,44.54183,28969.623589
391,23.561618,-12.54944,9.95389,98.444086,71438.734563
391,25.62308,-15.208123,12.586381,176.83729,114222.01584
392,24.110091,-17.699818,9.768967,309.680786,68809.014054
392,23.767852,-4.08632,8.101879,270.687023,47328.15997
393,18.376042,-31.216746,9.487796,254.177918,64905.088721
393,19.306945,-12.281917,15.383202,354.062879,170624.574219
394,21.300005,-9.599277,4.528559,215.738396,14786.593294
394,20.029597,-9.795469,5.125913,81.928351,18944.823963
394,12.739718,-9.635877,18.151287,123.793729,237554.324673
395,22.766146,-6.749607,15.320024,179.435044,169225.952011
395,20.708773,2.477147,12.263772,147.053842,108441.674324
395,24.435945,6.419613,7.796418,57.665812,43826.65256
396,28.906529,-6.340488,4.107134,183.004574,12162.582966
396,20.907765,-5.328955,10.372336,354.218502,77571.324891
396,9.242461,17.223196,8.18451,332.021176,48298.472906
397,22.076836,0.073111,2.955768,115.260275,6299.249708
397,22.22598,-0.797477,5.198063,340.95619,19481.891933
397,13.574498,2.31228,4.159626,133.217295,12475.460134
397,-3.364794,-10.429391,14.381663,268.41228,149130.443799
398,24.724403,-4.297913,20.516513,306.048815,303497.547402
398,24.49841,-6.603436,3.764053,173.077189,10215.497312
398,10.892625,-21.378392,2.1959,241.941754,3476.747239
398,6.949015,3.992363,9.022796,30.433662,58698.952558
399,15.009479,11.543286,9.953165,137.644146,71428.332676
399,21.541414,-17.597938,4.762251,32.657986,16352.066968
399,13.50658,-18.971934,4.551938,11.763253,14939.662927
399,12.383487,-3.746435,3.33191,195.995921,8004.506345
400,18.484589,-9.063862,2.864905,80.112463,5917.914122
400,28.007652,-17.711428,2.69409,15.264628,5233.260845
400,20.151783,6.763589,39.90707,359.98196,1148279.894865
400,28.202367,-4.435973,8.688367,65.948223,54428.256775
400,12.631032,8.046206,13.042561,318.792835,122651.77844
401,-7.771334,-1.223462,6.557877,307.518037,31008.05709
401,15.896982,-6.364805,10.145519,181.898813,74215.837546
401,11.61172,-16.97902,8.767678,284.975686,55426.480383
401,17.090487,1.60664,2.830278,95.229887,5775.720099
401,0.062569,0.662295,5.065089,149.157995,18497.895428
402,18.675116,-10.210644,5.61684,254.596264,22747.419734
402,19.597099,5.270158,7.640159,79.014678,42087.476652
402,13.025677,-7.425891,5.895884,182.909159,25063.743969
402,31.538447,5.435003,4.468982,282.174009,14400.091822
402,19.363902,-19.827495,6.248409,220.601571,28150.554931
402,0.008707,8.95592,6.048823,237.911804,26380.915307
403,-0.038369,5.127294,4.503593,181.215605,14624.005928
403,12.473873,4.821103,3.695248,211.085389,9845.444059
403,30.36428,-5.24821,4.498685,213.648168,14592.150999
403,7.123818,-17.656158,6.30247,188.855616,28639.781254
403,15.370172,-12.254175,4.334419,239.494874,13545.962935
403,13.780792,-18.119315,2.086434,190.331494,3138.753791
404,19.46174,-14.082592,20.600575,225.631819,305989.672165
404,18.655709,3.001894,9.944531,20.640301,71304.459043
404,25.058441,-2.24939,19.648691,183.53433,278365.450512
404,22.602925,-20.266659,3.2619,12.418042,7671.661112
404,32.461736,-7.549131,18.061601,242.865813,235212.589579
404,-3.754329,10.404659,3.971582,105.615753,11373.003001
405,27.273156,-9.893934,4.840117,318.448035,16891.169668
405,21.397303,-12.234216,7.821964,231.373924,44114.331541
405,15.873451,5.229671,12.738028,156.84125,116991.011669
405,24.568164,-12.651071,4.200526,80.896305,12722.000045
405,0.181305,-1.713532,12.393559,318.89016,110749.093801
405,16.820766,5.441271,9.879845,100.501902,70379.854664
405,23.212069,-10.889937,14.788262,245.126161,157682.085222
406,22.264832,-18.126082,3.703613,243.741144,9890.068199
406,5.466426,-0.039535,5.142542,60.725065,19067.94042
406,11.14592,-2.985981,8.836931,182.836646,56305.52507
406,14.024294,-13.120988,2.957488,28.155995,6306.583515
406,19.036528,5.826218,7.802113,51.242007,43890.70327
406,12.49819,-2.602518,7.109492,275.835626,36443.927473
406,24.012571,-5.84143,12.128845,290.554518,106068.63397
407,13.885315,-5.999984,3.242072,235.21291,7578.674618
407,24.688106,-6.217026,2.817725,321.716901,5724.60342
407,10.774977,-0.897045,4.196921,282.671267,12700.171559
407,15.333977,-2.920129,12.407917,224.95274,111005.843112
407,24.667792,-14.213664,15.045357,236.135414,163212.366114
407,4.362759,-2.153048,7.582214,150.972334,41451.489884
407,17.502043,-8.843537,19.382182,208.784708,270865.33139
407,16.931894,-2.856572,5.097959,23.677804,18738.752199
408,12.972933,-10.409846,13.12153,336.271091,124141.506519
408,22.449467,-3.292432,11.953212,109.502798,103018.993766
408,16.882027,-13.331633,5.530639,309.996511,22054.573971
408,18.000466,-10.887848,9.457875,15.147748,64496.361028
408,30.27561,-3.513417,4.958822,268.133332,17729.853137
408,6.493859,-17.814768,4.372037,262.983558,13782.109598
408,14.307087,-7.279286,6.77101,171.363089,33056.352707
408,8.192042,-1.601121,8.826173,221.010027,56168.514531
409,20.911343,-10.690207,6.996112,35.089095,35290.80756
409,-2.869145,-4.012171,10.776039,78.390738,83727.170162
409,23.285197,-13.429906,6.11292,48.490602,26942.972353
409,17.905293,0.179763,6.419574,115.896965,29713.957885
409,16.817705,-23.585764,14.918474,81.898619,160471.116523
409,21.265582,-3.077655,5.408546,229.87438,21091.58428
409,-3.170268,-3.053839,10.637788,222.64989,81592.591786
409,9.75613,-1.25823,4.144111,213.950578,12382.570868
409,-3.011282,0.498676,5.748954,170.964453,23830.089943
410,14.622623,-6.588153,5.777989,184.891503,24071.40457
410,21.777495,-3.519305,3.610439,143.772465,9398.705138
410,11.378747,14.212798,4.072672,24.675995,11959.333259
410,16.897787,1.118769,22.539551,225.762285,366301.403921
410,20.937023,-6.536251,2.671416,306.045689,5145.541443
410,22.397784,7.351891,12.202828,151.724806,107366.56304
410,21.648435,-2.851915,6.740903,183.664974,32763.042307
410,15.880932,-8.2259,14.125736,270.26042,143870.004435
410,26.058554,-14.329197,5.548084,245.275469,22193.924933
411,30.659987,-19.059403,12.694174,232.775706,116186.849276
411,-7.318987,-15.75361,1.661223,44.155459,1989.774326
411,11.164019,12.831766,4.872963,328.914823,17121.200831
411,11.359336,-15.381885,8.877755,276.335833,56826.954783
411,15.345604,-12.446546,6.014971,111.10475,26086.456404
411,15.448536,2.487364,13.414841,169.439562,129753.519513
411,0.593,9.026661,14.125572,53.176845,143866.649587
411,18.596301,11.987467,2.829325,303.928524,5771.834561
411,24.207193,12.645128,5.094516,98.201447,18713.452177
412,16.63303,6.009354,6.166308,159.420423,27415.647592
412,18.224764,-10.665151,5.134088,134.04627,19005.295861
412,15.675427,-7.975915,5.64073,115.544106,22941.332627
412,7.796678,-3.103568,7.368758,8.040659,39150.444709
412,16.255762,-18.257937,11.96562,320.582592,103232.981107
412,4.17327,-11.556811,4.455067,264.879041,14310.55575
412,7.037845,7.138502,24.882328,121.234619,446406.09016
412,18.891021,-10.131692,12.023807,119.541593,104239.436918
412,0.215509,-2.924929,15.696272,156.347919,177640.140376
412,22.223902,0.92761,8.943173,116.080451,57667.525834
413,13.179957,-15.032722,6.924612,258.367745,34573.149138
413,16.505564,-12.340654,9.626932,165.754669,66822.673302
413,22.869936,-6.830079,3.163598,300.203014,7216.232698
413,8.540161,-6.692921,6.396449,300.94761,29500.266552
413,22.495866,-11.021834,12.01461,296.395796,104080.039203
413,6.533576,-2.681738,5.698857,299.583385,23416.586375
413,24.172732,-22.389475,11.964135,204.666916,103207.370462
413,26.171292,-0.052037,1.940165,302.265232,2714.098332
413,5.671645,-6.017422,4.129429,218.076881,12294.986479
413,18.262133,-8.648088,5.013102,58.224708,18120.122338
414,22.686733,-5.104995,15.533717,294.696944,173979.812751
414,11.280268,-13.942473,5.856459,270.569651,24729.6696
414,13.859288,-8.030046,14.318889,321.065504,147831.401788
414,13.232212,5.58558,8.295317,203.227325,49615.114188
414,15.936537,-6.934438,12.175511,134.01566,106886.403924
414,18.903436,-9.831805,11.421935,113.90701,94064.861954
414,9.979797,11.29459,5.062263,102.297216,18477.257907
414,24.521284,-9.527631,5.939868,338.617952,25439.092951
414,24.016999,3.004925,4.671707,130.005071,15736.178735
414,-9.716586,-1.649943,19.451923,265.00965,272818.087916
414,10.077978,-13.998676,4.243515,193.090001,12983.734998
415,23.700197,1.67471,6.182465,215.483526,27559.506278
415,0.420211,-13.1586,3.753473,171.800898,10158.153471
415,23.466933,-11.843167,10.341184,143.301704,77106.081214
415,16.75856,-6.829272,8.876413,115.219899,56809.770001
415,26.025222,-5.977102,6.567469,139.582692,31098.834903
415,16.710975,-8.041384,10.883095,173.632285,85399.022998
415,18.288747,-1.706386,12.238446,71.256829,107994.254213
415,22.545649,-9.707984,4.224609,221.055124,12868.297126
415,13.419629,17.298099,6.611587,0.031912,31518.062104
415,-12.661801,-15.575582,3.670385,155.234173,9713.398576
415,19.601841,-17.324383,19.421143,264.94484,271955.385636
416,22.455235,-2.501308,4.662843,283.071214,15676.522627
416,22.274818,-16.122874,13.88626,51.373374,139033.251901
416,-13.765911,-0.505954,4.598498,163.866045,15246.848862
416,25.779729,-2.789949,3.647817,222.03232,9594.318395
416,23.917969,-2.338502,31.373272,111.667899,709688.412361
416,26.015109,-20.550497,3.691541,100.818331,9825.700942
416,11.258236,8.134877,4.704339,265.114189,15956.783632
416,15.863327,-3.468912,1.857135,33.919418,2486.767661
416,26.051583,-11.390071,11.003973,131.874254,87306.60765
416,17.83491,-7.13736,6.587382,238.292646,31287.70522
416,17.931901,-13.836922,5.896639,295.6008,25070.165996
416,0.256988,-6.736185,3.304432,209.81615,7873.027117
417,17.954349,-22.447193,7.474465,287.473729,40281.749038
417,-4.62905,-1.822856,17.592371,39.909695,223149.972969
417,1.387552,1.763796,9.793309,131.778158,69152.351954
417,27.935351,-13.697922,12.420669,354.689366,111234.12561
417,11.311853,-3.706212,9.122711,205.823311,60006.168731
417,-1.831939,8.26177,5.172355,295.850932,19289.669161
417,9.105399,-3.841632,8.945229,138.412355,57694.043551
417,8.694487,-4.044864,12.526103,247.818908,113130.591515
417,17.497145,-10.685553,7.029302,21.979291,35626.443736
417,8.795387,-8.222265,5.165739,47.979945,19240.350508
417,31.394465,-1.798505,6.930719,79.392132,34634.16155
417,24.469958,0.9492,33.171954,41.940175,793396.338885
418,8.548804,-5.250533,2.146766,49.77628,3322.90215
418,29.189671,-14.243653,4.410511,5.787025,14025.746633
418,21.710704,1.100933,7.851505,317.04525,44448.175216
418,15.334387,-12.796778,2.454037,231.597242,4342.203983
418,29.37336,-3.7158,4.410045,343.447121,14022.779756
418,25.17228,-5.159186,7.756602,248.331242,43380.155546
418,7.257112,-3.977613,7.072614,78.182973,36066.835095
418,22.002067,-17.140669,4.309917,38.620071,13393.248158
418,5.259232,-0.368317,3.059017,131.458974,6747.019586
418,20.168679,2.112483,2.845609,59.254395,5838.46263
418,27.377681,-9.71189,7.018676,100.171302,35518.811536
418,18.795559,-6.611892,3.436426,312.640046,8514.555626
419,17.917236,4.400013,5.813081,40.303517,24364.685396
419,15.863849,-6.174784,3.362045,47.89784,8149.954009
419,23.999128,-6.08317,2.418714,321.612182,4218.100768
419,18.992621,-11.004895,4.187969,244.480348,12646.05035
419,12.257507,4.742794,23.471184,69.402038,397208.07661
419,14.070762,-15.864417,10.831699,220.280493,84594.31912
419,19.601506,-16.436538,4.435616,134.518266,14185.869975
419,4.398389,7.13394,62.768752,30.903242,2840763.384428
419,-7.628569,-0.076678,5.125134,42.089477,18939.061475
419,6.761651,-8.107684,12.453444,100.377099,111821.944537
419,4.627209,-10.149272,10.778729,91.485228,83768.967504
419,17.352415,-4.08259,5.110395,307.029918,18830.29066
419,21.945051,-9.585658,16.575055,138.883421,198087.948347
420,6.262089,-17.813401,6.376731,356.306652,29318.671816
420,-1.432747,-6.86294,15.498017,354.740963,173181.028062
420,6.688859,6.830616,7.808376,144.178755,43961.192425
420,19.748922,-14.347343,5.667986,319.923082,23163.577154
420,18.17523,-10.166192,6.606903,165.84821,31473.420283
420,18.475138,0.333716,4.715273,53.435086,16031.039787
420,31.990096,-11.697293,4.212509,189.407476,12794.691153
420,23.043742,-18.791455,7.391909,82.337129,39396.831742
420,12.750055,-9.46893,12.107599,135.932703,105697.351449
420,13.487177,-7.817613,6.194703,261.510433,27668.717403
420,24.084419,2.166893,13.131827,266.579561,124336.431588
420,23.789327,-22.743867,9.389062,109.702187,63561.252639
420,18.134256,-6.943291,9.115193,292.983815,59907.30908
421,-0.505278,-11.869032,6.044866,121.362798,26346.412706
421,21.358779,5.754688,12.295396,142.655073,109001.668101
421,10.72938,-1.474033,4.267758,119.844584,13132.507566
421,27.762813,-17.549101,7.950862,99.906663,45580.224399
421,8.23187,2.96539,3.559381,242.586913,9134.75646
421,26.548579,-7.816683,7.910965,261.960179,45123.941566
421,21.148985,1.231311,10.580077,203.111631,80709.703862
421,33.239639,-3.878672,27.85641,221.371393,559497.786599
421,20.904783,-9.80485,11.716454,224.170508,98978.405847
421,9.793997,6.993238,6.511053,166.168571,30566.84224
421,3.902848,-11.250943,4.789321,224.884393,16538.491704
421,29.339422,-18.546981,7.040074,15.639161,35735.723056
421,14.366255,-14.088848,8.872947,72.927308,56765.422794
421,18.021093,-8.463919,2.741258,45.883245,5418.111613
422,14.805742,-9.6497,5.799231,112.610469,24248.727467
422,29.018184,-14.574082,11.061518,173.173986,88222.125828
422,20.255045,-5.32387,13.888367,297.239051,139075.443132
422,19.402969,-11.192087,19.950444,120.346807,286981.025559
422,5.808267,-15.079092,8.875706,164.092855,56800.73275
422,16.644849,-4.425231,5.742827,276.269797,23779.323975
422,16.654959,-1.834881,7.118744,170.758951,36538.849323
422,25.025772,-11.816818,3.400191,294.648728,8335.943704
422,18.729944,-3.652492,13.251737,136.437443,126617.487946
422,18.291651,0.77457,14.262589,11.945931,146671.195866
422,16.726151,0.536277,7.700629,62.715136,42756.333141
422,-8.99296,-10.099704,9.049646,347.025103,59048.82369
422,12.630088,-6.564053,13.555095,241.201446,132480.880327
422,17.483031,-14.112677,8.421835,348.481983,51140.092163
423,11.400566,-4.831418,5.901281,151.066775,25109.652441
423,18.283969,-8.682059,14.665536,292.82291,155075.765958
423,13.594799,-1.573405,4.826049,261.584503,16793.127101
423,7.309169,3.9715,3.361785,191.902161,8148.695153
423,13.378124,-15.134201,6.783206,51.396681,33175.545679
423,17.979407,-13.590431,6.927423,136.300876,34601.227603
423,17.463925,-10.486238,2.716039,151.643518,5318.878811
423,21.612396,-19.637022,6.191099,253.173452,27636.536222
423,-12.53277,4.016852,11.023413,288.718563,87615.34978
423,23.239829,-26.578489,2.09893,101.456445,3176.463542
423,16.280441,-1.031754,4.058672,217.685117,11877.254139
423,17.815764,-8.286866,4.470409,294.90195,14409.287215
423,8.981893,-20.165044,10.902236,315.403756,85699.693497
423,16.34851,8.175255,17.113336,183.084813,211162.808801
424,22.924852,2.467203,11.038672,90.449211,87858.084076
424,15.962136,-18.965234,10.343442,252.804422,77139.745514
424,13.374381,-1.808551,3.765063,177.574616,10220.982364
424,22.254079,0.79743,16.903281,263.653811,206010.854285
424,12.565136,-0.88912,2.388519,227.782187,4113.441729
424,19.244607,-10.603263,1.425333,69.69503,1464.808423
424,11.191931,-5.156618,2.715116,255.08476,5315.265919
424,8.277389,-3.510299,2.662759,166.195501,5112.247919
424,13.794433,4.122652,7.364686,166.42571,39107.184005
424,11.722136,-18.601655,3.692409,161.027515,9830.321757
424,-12.080125,-8.820339,9.203127,58.914221,61068.73011
424,22.656326,-2.274999,7.673452,223.37355,42455.077384
424,24.63664,-6.788382,3.475729,98.911842,8710.436865
424,17.958125,-6.945397,11.609257,217.883424,97175.530665
424,17.711016,2.369917,8.613469,154.588509,53493.905659
425,-11.754732,-7.156418,9.821671,22.022841,69553.472368
425,15.658914,-11.229341,8.364847,338.798165,50450.34153
425,17.885645,-15.07438,10.754583,130.214512,83394.081329
425,25.885871,0.90947,6.087896,33.967674,26722.834624
425,17.121489,-24.220002,3.887958,274.263544,10899.114348
425,-7.313295,4.108808,5.79822,165.121009,24240.268768
425,11.179808,-11.971364,6.430836,302.661936,29818.302852
425,-1.35225,-0.772128,5.18674,325.544621,19397.106463
425,12.776172,6.182695,7.055312,133.501424,35890.588633
425,28.430052,-21.28208,9.579171,91.762557,66161.280513
425,21.622428,-1.769041,4.354376,293.495368,13670.986194
425,9.991238,-0.195875,6.53647,292.889948,30805.954255
425,7.005053,-20.98904,3.807456,210.742791,10452.44638
425,19.107647,-13.662511,9.107517,16.700629,59806.458014
425,11.114545,16.669079,8.083513,270.037897,47113.829464
425,-34.030003,-17.228644,12.029964,15.773128,104346.215536
426,26.954717,-2.477561,4.822136,217.680474,16765.900823
426,15.270983,-2.268051,4.022041,73.712133,11663.827523
426,6.046938,-3.750615,5.207299,272.185827,19551.182388
426,15.407078,-4.357512,5.001037,218.148748,18033.008938
426,25.630856,-6.925712,4.863092,50.929184,17051.910535
426,27.515129,-8.197537,3.208825,67.316653,7424.035221
426,8.921119,-4.68746,8.419949,148.974106,51117.19628
426,15.130679,2.613928,6.072265,93.401116,26585.788462
426,13.764631,-2.442274,6.717028,207.569868,32531.369268
426,11.063899,0.260594,3.945969,119.373162,11226.785923
426,16.574579,-7.485852,9.892183,261.348637,70555.740104
426,10.48955,-16.564799,5.649979,111.359963,23016.630911
426,13.784395,4.011539,9.722111,149.858374,68150.52625
426,11.864452,-6.822201,8.922268,285.695894,57398.249439
426,9.684808,-5.931663,4.877154,153.618141,17150.665571
426,-21.395333,20.242208,1.950428,185.732703,2742.886475
427,3.911274,3.17606,5.709622,344.938921,23505.134237
427,18.291671,-9.747685,13.976312,62.785217,140842.347435
427,6.773472,-6.94179,6.368397,325.681247,29242.083778
427,16.574827,-4.523625,13.112947,140.602605,123979.16255
427,13.77745,-4.421142,6.414743,25.449969,29669.253195
427,13.675781,-11.847844,23.693172,317.319941,404757.104889
427,17.618017,-9.849081,4.459429,85.275217,14338.593644
427,25.127116,-3.694255,11.478309,59.649362,94995.681751
427,28.932911,-9.632088,2.246601,80.683551,3639.148516
427,26.304251,-9.667711,2.538757,73.260012,4647.188479
427,4.342881,-1.707183,15.79227,8.779779,179819.671617
427,4.471819,-6.395865,2.359646,265.879499,4014.595179
427,14.537211,-12.67073,14.542795,265.294183,152490.878042
427,15.405511,-26.329362,9.000463,108.999831,58408.734884
427,4.731655,3.319001,19.5166,313.929753,274635.328121
427,-19.649025,-10.906052,5.753343,122.316018,23866.488899
428,13.65293,-4.498988,6.795448,74.105935,33295.403805
428,10.172693,-5.582458,6.240561,23.684221,28079.890073
428,12.844234,6.348047,5.327896,342.824098,20467.254935
428,19.697625,-7.081045,4.468486,218.560895,14396.893575
428,19.068938,-6.824268,27.601377,233.964669,549299.949523
428,20.196826,-14.009647,3.439416,306.065664,8529.382651
428,16.456906,-8.397109,5.028444,149.750019,18231.199046
428,15.108858,-7.34673,4.901472,10.654189,17322.124533
428,10.567724,2.939526,17.203941,14.920594,213404.679453
428,-5.931044,-9.579547,6.832359,59.853684,33658.086053
428,16.620724,0.185954,1.778051,104.608675,2279.483537
428,21.086642,-10.405391,18.854948,32.51737,256329.585186
428,22.133212,-7.142029,10.247757,178.711228,75719.147811
428,11.683564,-3.743661,5.099194,90.065918,18747.837486
428,23.966606,-0.522628,8.22028,39.166568,48721.566865
428,9.754363,-5.321966,4.087191,193.410673,12044.753133
428,-22.920379,11.579665,6.516095,47.694453,30614.200219
429,23.591,-15.881377,9.27329,335.50802,62003.435598
429,8.72189,-6.376707,6.019164,247.797991,26122.837968
429,18.895449,-0.529072,9.685731,109.216335,67641.443217
429,15.819394,-28.588854,10.227873,201.341229,75425.594789
429,18.121384,0.712107,3.507913,305.63038,8872.494055
429,23.016135,-1.683106,12.955115,15.484527,121012.612685
429,19.984234,-10.910031,3.368056,150.031556,8179.121782
429,20.542338,-20.193421,3.970276,237.456125,11365.522102
429,10.954214,-11.462553,6.700119,304.936957,32367.797385
429,33.627651,5.646464,7.398707,193.747125,39469.3271
429,8.859213,8.256818,5.566286,289.859521,22339.790237
429,11.439932,5.69535,13.863405,313.658982,138575.969418
429,3.765251,-1.073686,12.312808,14.64856,109310.602542
429,25.28621,-8.333537,10.490048,359.549446,79341.981113
429,18.26944,-6.305002,12.016878,260.30566,104119.333558
429,10.549964,-18.902012,13.2444,70.184152,126477.319871
429,-15.12624,13.032167,7.735462,173.567335,43144.022202
430,-6.116113,-2.767687,6.534327,133.094078,30785.759057
430,20.770488,-17.931284,2.804504,211.64548,5671.00875
430,0.342304,3.174652,7.162917,285.002194,36993.708511
430,23.982684,-8.630916,13.917962,243.266394,139668.798363
430,3.589094,-24.957161,6.331999,196.891045,28908.777037
430,17.848687,-8.899311,4.350542,135.850185,13646.925846
430,11.392888,-14.579988,7.235932,335.218698,37751.742534
430,18.899043,-9.861063,1.370606,58.635381,1354.48253
430,19.729312,-4.722039,4.917281,236.25577,17434.042988
430,14.66911,-13.044566,4.870205,171.892741,17101.828407
430,16.237044,-5.354551,11.808039,131.871831,100531.836181
430,17.634744,-0.101007,4.744759,271.100374,16232.159412
430,25.214641,4.069907,4.734953,5.745334,16165.140418
430,14.395069,-7.01415,3.538801,310.649759,9029.429038
430,17.876524,-1.035496,7.422727,229.982797,39726.016164
430,1.600692,-9.802918,2.614638,11.82585,4929.141901
430,6.084092,9.161545,12.062549,153.157718,104912.26093
431,13.064885,0.575439,3.878576,341.675184,10846.576852
431,15.986593,-17.748739,4.218295,303.315364,12829.858634
431,15.11994,-3.823882,6.612511,2.014693,31526.869741
431,7.398384,12.518477,10.084741,256.120869,73329.298971
431,18.321283,-11.301756,8.245198,344.980242,49017.392459
431,16.867856,-29.078044,6.647428,252.542849,31860.702189
431,13.174812,6.498145,3.989899,240.105579,11478.150612
431,11.989508,-3.134974,5.013042,102.450087,18119.691808
431,5.191945,3.423053,7.75625,239.350622,43376.212198
431,29.780768,-4.129321,3.881231,3.550698,10861.433278
431,-1.543062,-15.904161,6.780732,127.453849,33151.354999
431,16.257837,-7.842216,5.717596,94.826299,23570.833465
431,10.67718,-8.555095,8.124076,258.294225,47587.849538
431,13.654706,8.462044,2.278202,171.10009,3742.246814
431,13.904183,8.045616,3.645097,212.499136,9580.015488
431,7.179619,-7.982281,9.337515,23.739393,62865.263217
431,-0.728003,4.181599,2.869705,198.060506,5937.757933
431,-24.879924,8.164564,5.855569,81.651001,24722.151914
432,6.547854,3.598194,17.237993,250.11257,214250.305808
432,11.088606,-2.894515,5.305797,72.004058,20297.819243
432,-0.073126,3.806795,5.432579,168.65839,21279.441278
432,19.379986,8.404243,2.462116,323.231505,4370.84359
432,17.485875,-4.119841,5.931058,359.510055,25363.685585
432,16.459887,-2.820983,5.89493,79.180845,25055.634863
432,12.849106,12.690152,11.937799,220.492231,102753.500407
432,22.441562,-8.208729,8.181852,54.554178,48267.10724
432,4.897697,-1.135044,4.622877,106.356596,15408.939276
432,10.00557,0.587048,5.890516,279.643034,25018.124692
432,15.292469,1.98773,7.576778,198.386933,41392.077346
432,15.445538,-12.724028,7.478481,94.068412,40325.042176
432,16.816095,0.658422,6.246717,228.352057,28135.313454
432,18.27228,2.46086,6.287935,134.743278,28507.831211
432,13.501168,-7.032154,6.318461,70.558823,28785.292964
432,2.70736,-8.785368,8.116123,86.06082,47494.720716
432,14.177658,4.931996,2.778718,275.306286,5567.200733
432,-16.227218,11.126403,5.65825,89.884785,23084.068897
432,-25.959323,11.542015,3.944757,212.578571,11219.890833
433,16.976994,1.674536,1.548989,77.473875,1729.994606
433,9.902579,-5.084964,3.73985,12.680107,10084.548683
433,13.671076,-14.466574,8.807843,199.471727,55935.454281
433,16.693581,-12.308121,4.384727,163.159223,13862.229856
433,10.678231,-1.326223,7.741002,260.393429,43205.832932
433,19.593503,-21.983565,2.993117,331.134657,6459.449241
433,14.735976,-6.838466,1.786317,208.224742,2300.726569
433,21.332483,-13.319189,7.938944,333.994008,45443.685158
433,16.271204,-1.465796,8.490849,240.97404,51981.676563
433,7.281732,-12.425142,5.103366,61.384036,18778.523627
433,7.017109,-0.329827,3.580317,29.795075,9242.532271
433,14.783693,6.919786,8.932103,251.016867,57524.855501
433,-2.670131,0.318051,5.448404,254.146514,21403.59373
433,16.480721,-15.930724,6.395023,106.291636,29487.119023
433,18.406567,-4.330375,7.285132,173.737149,38266.868803
433,12.43725,-2.905117,7.722059,212.294671,42994.63453
433,14.218362,-4.047224,3.304151,130.638225,7871.686269
433,-22.211854,-8.166673,6.714157,135.321634,32503.566861
433,-28.850435,12.563275,11.353922,28.158392,92947.961547
434,19.297314,-1.966351,3.660754,306.819354,9662.493917
434,13.63478,-10.250155,8.514932,8.302121,52276.971014
434,12.379282,2.322875,5.843756,326.801859,24622.504335
434,5.061879,0.723323,5.689627,277.727417,23340.794857
434,16.479444,-6.641246,7.182274,132.478024,37193.925661
434,12.60579,5.201439,12.796825,127.068488,118073.532584
434,3.858505,4.340141,5.813925,74.045349,24371.761486
434,19.323829,1.087454,10.308015,165.088327,76612.237382
434,13.471374,-7.992481,3.742886,272.757741,10100.930417
434,15.099528,10.221214,3.830052,144.618097,10576.877591
434,12.839439,7.780189,6.063853,106.400841,26512.178434
434,11.082748,0.440578,7.545671,91.164405,41052.899186
434,6.870819,7.249403,4.114374,186.671367,12205.503314
434,9.883282,8.8369,8.635405,41.916884,53766.719445
434,3.168986,-9.053241,3.168564,203.163867,7238.905548
434,6.866263,-0.218049,3.743085,334.914298,10102.003667
434,18.498115,-4.362009,5.803326,61.337533,24282.978187
434,-13.26469,7.983282,3.019819,254.599395,6575.212674
434,-27.382927,11.62885,7.543673,228.43698,41031.153748
435,20.053238,-7.125383,4.003222,283.876263,11554.935435
435,16.007387,3.093676,5.849129,233.981593,24667.80137
435,17.036777,-14.307185,4.255291,348.225594,13055.892943
435,0.779787,4.477298,7.11861,219.606445,36537.4654
435,16.144765,-26.662327,10.558182,166.778269,80375.99735
435,8.835905,3.891435,6.587782,344.857359,31291.504651
435,13.955966,-17.420772,7.461937,287.434511,40146.822558
435,10.188576,8.575287,8.436159,269.619868,51314.197309
435,2.466007,-15.81948,6.488138,185.526179,30352.064745
435,10.536096,-4.089393,4.412294,153.019699,14037.082988
435,2.388382,7.591365,18.279525,7.426243,240922.803785
435,16.33277,-7.722142,7.773872,53.629067,43573.537913
435,20.021201,-3.976922,3.485398,24.579733,8758.96663
435,11.263113,-4.82514,6.418309,88.91751,29702.250398
435,11.409269,-3.665546,4.73945,148.300173,16195.860978
435,7.565702,5.975069,6.588955,242.884268,31302.658385
435,18.687207,-12.879101,2.931541,81.30031,6196.408254
435,-19.504309,-14.198683,1.815351,177.55059,2376.12431
435,-22.533022,17.157446,6.611451,208.823176,31516.768991
436,13.290322,-0.033924,8.834299,208.47049,56271.992545
436,14.86723,4.296509,7.917373,6.819968,45197.074972
436,13.396168,-8.228035,2.795106,265.777688,5633.061736
436,12.41595,8.272899,6.183591,156.851882,27569.545497
436,1.469854,-13.730622,3.739524,299.984955,10082.789529
436,10.037877,-9.002044,8.572625,152.80968,52987.774986
436,22.872738,-1.912009,4.33414,5.661363,13544.21806
436,-11.508098,12.125581,4.642382,54.335946,15539.244524
436,-4.825361,-7.492138,4.270686,141.615715,13150.531492
436,18.085029,7.608108,4.796637,269.683792,16589.058402
436,12.56755,-11.281447,3.960067,137.269837,11307.147641
436,13.553897,0.232205,14.219015,128.016383,145776.355918
436,-11.887638,-4.92933,9.442069,37.686484,64280.967338
436,21.418992,-5.886846,10.439266,157.254075,78575.649642
436,18.426921,-6.641283,9.17786,131.855622,60733.870712
436,4.639609,4.915335,5.807815,86.508091,24320.561413
436,18.469478,-12.225023,13.843839,356.882431,138185.087807
436,-25.661233,16.513499,19.19265,241.177565,265593.807368
436,-29.767351,10.624791,2.027268,3.88139,2963.264493
436,-16.943613,-1.082317,9.79746,239.572674,69210.987829
437,15.594412,-6.19058,10.834413,318.039751,84636.725705
437,27.226933,-6.086781,1.637943,103.678402,1934.39665
437,4.722923,0.995975,8.854752,174.012806,56532.847446
437,20.746031,-7.688405,5.252673,256.507734,19893.387015
437,4.821603,-0.241662,1.696808,322.414848,2075.933007
437,5.12328,-2.95681,9.546227,215.04569,65706.986351
437,-2.42591,5.380164,7.181236,287.355403,37183.180134
437,7.251528,-6.517383,3.582077,190.551479,9251.621403
437,19.071999,-19.998581,12.687259,304.422022,116060.298101
437,21.630027,10.40764,11.097465,30.419196,88796.465583
437,11.158824,-8.9495,9.525245,201.732608,65418.475723
437,12.755478,2.394186,5.777372,201.73641,24066.263585
437,12.116213,-10.107438,4.987987,279.237813,17939.019499
437,11.108943,-16.202165,6.43444,357.554577,29851.734765
437,-2.415553,-14.30961,4.48899,359.844296,14529.325098
437,10.809401,6.112701,4.159921,286.022312,12477.231933
437,-6.007187,-1.477472,7.493898,42.346634,40491.473443
437,-20.738001,4.738621,3.014986,197.34266,6554.186811
437,-6.093971,-4.440059,16.458128,231.834891,195303.013428
437,-24.120083,0.930651,2.807373,18.553962,5682.617673
438,11.93006,-15.569826,2.988552,221.385941,6439.758571
438,11.679457,-17.53973,4.140884,279.683841,12363.29442
438,17.528545,-13.550901,6.164419,347.889469,27398.853742
438,21.116267,-25.350632,11.659768,259.42036,98022.971607
438,3.814074,1.927424,6.693849,291.889185,32307.244494
438,12.947244,0.789536,3.727825,295.250603,10019.798636
438,22.333948,-14.350754,6.511972,238.374994,30575.473101
438,5.667062,-16.063269,8.150513,275.026487,47898.060433
438,8.674281,-11.216719,8.466223,289.537175,51680.591666
438,15.24139,-14.493735,3.106544,75.678334,6958.297943
438,24.162915,-4.440331,4.366591,151.116575,13747.79389
438,12.964146,0.299403,11.622553,116.045456,97398.239542
438,3.168772,-8.09662,5.00176,147.728891,18038.221943
438,16.839403,-4.230485,8.0254,4.791707,46438.844091
438,15.05928,-14.591127,6.799653,4.825094,33336.624101
438,22.168759,-0.333745,4.957919,351.972229,17723.398913
438,0.638636,5.203694,6.013055,315.155638,26069.84183
438,5.314992,-2.292519,5.013794,323.273164,18125.125896
438,-24.444285,11.559994,3.634195,224.047482,9522.798674
438,-10.000113,0.850968,14.047155,191.524332,142273.763475
438,-20.945482,28.606308,3.272911,52.114566,7723.542152
439,23.147279,-12.44614,4.955719,248.493564,17707.666775
439,9.756079,-5.23043,5.017548,300.442601,18152.278843
439,25.092178,-9.639778,7.650355,74.702981,42199.878264
439,19.180474,6.142542,8.995728,254.205433,58347.297945
439,11.262104,-20.358657,3.819307,153.138073,10517.613842
439,20.945006,-3.5607,3.988056,139.311922,11467.548154
439,14.679138,9.340045,4.56447,82.275767,15022.034289
439,0.316348,-21.243229,14.229964,265.198113,146000.950433
439,12.993231,-0.069393,8.323518,298.170346,49953.043941
439,19.557997,-17.529063,4.616527,100.839617,15366.638688
439,8.257056,-3.638693,4.317388,303.165357,13439.718939
439,16.104179,-9.118387,6.528869,302.875506,30734.343587
439,3.450194,-11.6102,12.721029,85.999841,116678.962795
439,6.829083,2.703413,5.948544,241.351172,25513.465297
439,13.316395,-13.653205,14.307627,0.672975,147598.957368
439,17.431983,-9.455447,10.512877,91.661627,79687.682884
439,17.275144,-11.742408,12.81345,130.537719,118380.522819
439,-1.749474,-18.106123,6.135436,248.680347,27141.816
439,-17.35231,-3.980687,5.378362,92.36384,20856.821817
439,-33.462555,-13.968546,23.702489,262.205489,405075.505764
439,-22.568212,-4.865111,10.174526,117.706604,74640.82514
440,-1.938871,-3.473066,9.700375,298.106814,67846.13603
440,10.387405,-10.844388,5.972465,31.386588,25719.069261
440,20.238353,-4.892913,6.384046,67.646475,29385.974658
440,3.0596,-1.706955,3.157304,102.174098,7187.5502
440,15.652803,-13.08312,5.203742,236.828704,19524.483593
440,28.606435,-15.073438,6.748512,98.799153,32837.04686
440,16.649647,-12.228447,6.373856,155.273764,29292.243211
440,-2.019304,1.56273,6.034918,258.104164,26259.767029
440,8.021587,-3.849312,3.62422,123.476703,9470.593944
440,19.819194,-0.222258,2.761199,155.453408,5497.223985
440,4.330571,-14.248989,3.567838,121.849005,9178.218093
440,15.02921,-20.851802,28.576445,338.362716,588795.491221
440,20.447259,-9.039269,18.780385,356.077234,254306.274166
440,12.034683,2.253672,9.79248,18.052899,69140.654748
440,11.479863,0.504506,7.054696,13.158686,35884.316561
440,7.336546,-7.514703,19.134237,220.86064,263979.606047
440,-7.394217,-2.254189,9.401992,79.378319,63736.438087
440,17.235289,-9.589475,17.386199,37.965589,217950.241718
440,18.191091,1.083149,5.218465,165.472105,19635.121142
440,-17.500299,8.349568,7.014688,35.803014,35478.464299
440,-3.551316,-0.269616,9.261089,339.909685,61840.391996
440,-23.250173,33.609344,2.588469,113.723421,4830.966475
441,4.261229,-1.770476,2.98335,212.310465,6417.361966
441,4.715257,-1.386184,5.391242,54.181403,20956.838807
441,16.555468,-14.866545,2.025429,115.974696,2957.889873
441,12.002603,6.657036,42.60159,328.327514,1308578.221416
441,12.909006,3.784234,4.816921,258.625864,16729.662806
441,20.197285,5.147851,9.463247,324.858082,64569.652687
441,18.239767,10.67796,7.368136,152.440812,39143.834509
441,2.612231,-8.422368,5.617647,209.099177,22753.956688
441,23.475962,-10.023174,2.538559,228.874034,4646.465738
441,14.795263,-2.570784,32.019364,256.307539,739219.589083
441,-0.830031,-2.019771,2.579196,97.474198,4796.413425
441,22.735527,-17.492783,21.222995,274.190568,324759.175959
441,14.222853,-5.880876,10.219417,13.54305,75300.930539
441,5.029203,11.462445,2.544443,334.565502,4668.028787
441,15.304899,-0.65043,4.898673,9.512734,17302.348502
441,21.842334,-15.581717,2.671569,317.673296,5146.130574
441,10.27865,-6.712824,9.308974,215.343665,62481.542489
441,-0.648523,0.221561,12.388973,162.829341,110667.133389
441,-17.744642,-7.000245,6.464759,189.477544,30133.719451
441,-19.01561,12.995761,11.239595,154.956211,91085.539067
441,-3.889224,-6.190307,6.406108,40.937464,29589.426224
441,-15.477069,20.063231,16.15381,123.750882,188147.313639
442,-0.601349,1.635505,7.23797,174.544773,37773.012438
442,18.692909,-2.03039,3.124503,348.159853,7038.98355
442,17.101977,-4.549678,5.256737,73.470644,19924.183019
442,11.699208,-17.614317,6.04131,309.890845,26315.419258
442,10.113381,6.85266,4.068244,59.17159,11933.344087
442,8.864263,-2.097208,8.384085,270.757589,50682.665109
442,18.944836,-3.316526,4.117861,282.99163,12226.196266
442,10.95363,-12.625335,6.494875,208.265567,30415.131308
442,27.520044,-6.577248,3.36634,24.425153,8170.789638
442,19.378997,6.985326,22.50884,221.321772,365303.884417
442,10.727607,-9.475305,16.634362,259.056804,199508.020722
442,18.392376,7.690706,4.398414,91.822411,13948.908216
442,17.418538,-6.921133,6.02006,82.943729,26130.61792
442,17.804097,-14.202314,7.889498,140.099874,44879.379222
442,7.56068,10.188499,12.914797,46.807593,120260.567862
442,28.105139,3.96807,13.564259,93.738283,132660.066756
442,11.209028,0.928864,7.674066,69.865331,42461.874655
442,9.192952,0.745402,7.095275,271.171881,36298.325722
442,-19.624261,6.382157,3.249134,185.290241,7611.731042
442,-7.043114,-1.571101,9.110467,75.396496,59845.198659
442,-0.591231,-17.700718,5.349517,199.319809,20633.705012
442,-20.603561,7.171524,13.264714,4.635923,126865.599213
443,16.264544,-14.889952,9.636749,89.566119,66959.038505
443,6.233993,-6.800152,2.040342,238.912544,3001.606997
443,19.999054,-17.639658,4.829448,180.695714,16816.790419
443,11.929191,4.601368,17.297748,106.100156,215738.280211
443,17.943708,-11.998089,10.479584,32.919924,79183.763168
443,6.396398,-0.841776,7.638513,324.392704,42069.338543
443,7.975929,-8.942311,10.994173,219.730328,87151.16397
443,4.610113,-0.932707,5.855162,333.991233,24718.717806
443,14.951977,-15.197675,8.957117,302.228001,57847.495631
443,13.23456,-2.625329,7.39167,10.953321,39394.281712
443,9.412603,-4.915777,6.979777,261.017766,35126.19944
443,6.261612,12.407044,6.668033,78.509535,32058.525871
443,12.716086,-17.536812,19.164882,194.087822,264825.858412
443,17.317314,-7.826891,4.097507,258.03749,12105.630476
443,24.437016,-8.694763,21.560118,22.708906,335158.589727
443,7.011153,-10.393733,13.082541,201.972422,123404.861876
443,9.559982,6.538412,4.955791,202.160091,17708.181425
443,26.211325,-8.09504,11.756862,71.005106,99662.309182
443,-19.8716,-8.639511,4.932723,208.54958,17543.71483
443,-15.24989,14.629695,7.02281,255.80514,35560.669267
443,-12.234916,-2.743072,7.164108,235.877036,37006.017885
443,-29.561923,2.062138,5.17684,189.881563,19323.131484
444,22.770356,-10.118837,7.239249,64.03053,37786.364144
444,-2.279473,-1.906325,18.900684,76.666379,257574.650498
444,7.509531,-2.346386,15.981975,114.077133,184165.793287
444,15.254821,-17.914057,5.54836,193.984348,22196.135348
444,9.408492,2.886597,2.10206,279.345298,3185.946473
444,17.944948,-1.328705,18.943233,28.884396,258735.65773
444,16.053976,-0.005872,5.731175,293.557742,23682.92496
444,9.398527,-8.021314,3.033422,215.227637,6634.586621
444,19.976454,-11.079571,1.412785,312.785095,1439.131161
444,9.918451,-2.693819,9.648367,165.889308,67120.581041
444,10.872966,-9.546184,4.529543,235.464856,14793.018353
444,23.154733,2.445921,10.913288,283.045795,85873.525683
444,9.472576,-4.494888,3.868592,288.594952,10790.805706
444,25.415634,-2.33339,6.270521,233.475526,28350.148638
444,7.787893,-12.314267,16.147673,9.100605,188004.390197
444,19.013591,-12.598598,5.153973,301.302467,19152.806768
444,17.544058,-1.215627,5.256303,310.430102,19920.896746
444,11.451326,11.112482,2.603433,169.38603,4886.985028
444,-24.968228,-8.880071,6.682535,300.6738,32198.124747
444,-28.531424,-22.303091,4.382099,329.071749,13845.61948
444,-15.395225,-7.610263,8.374146,297.698287,50562.572187
444,-12.628846,-10.015563,2.810596,62.464672,5695.669523
444,-35.181334,4.822164,4.756149,296.795857,16310.188617
445,16.011093,-2.060805,7.081394,84.440326,36156.438435
445,10.953008,2.734556,5.065736,175.138603,18502.618782
445,12.862851,-9.308645,25.518858,116.742682,469537.798141
445,15.250889,-16.16042,3.486983,112.820207,8766.933295
445,18.221121,-4.499193,2.742567,224.0984,5423.2869
445,-3.014287,4.130309,11.206912,323.366111,90556.576262
445,1.920821,-14.027327,11.591916,312.71227,96885.446003
445,15.503668,-4.971468,2.983516,323.565072,6418.074232
445,15.395702,1.447168,6.107311,230.399926,26893.55323
445,20.09897,-2.019018,6.520636,256.944192,30656.8866
445,16.977802,-11.853316,9.523343,154.984735,65392.341668
445,12.489339,-22.019807,18.848913,295.179422,256165.535539
445,12.186012,-11.287976,7.550778,225.722548,41108.490408
445,17.643372,-12.322696,3.890325,130.763218,10912.386639
445,12.886347,-5.953546,7.111825,191.221058,36467.855641
445,18.635954,-10.343724,11.515568,346.051844,95613.40154
445,0.199125,3.505819,8.927253,197.222717,57462.393729
445,-1.406481,6.622757,4.274361,72.205458,13173.175993
445,-24.959523,4.806255,3.09868,66.446125,6923.11657
445,-27.509406,-6.776315,13.831526,2.254151,137939.379837
445,-32.740536,2.291421,4.420065,357.560184,14086.572642
445,-7.973407,-4.270671,8.215356,62.519469,48663.215216
445,-14.156514,22.489357,14.368443,48.432995,148856.397044
446,11.874606,3.964206,5.749237,198.945645,23832.439899
446,6.69092,-2.32151,9.748416,97.760474,68519.818984
446,6.21993,-10.523544,12.95023,50.835545,120921.355969
446,12.699508,-4.3603,12.136722,317.206527,106206.450074
446,17.896595,3.006836,1.220889,337.824861,1074.733203
446,9.143598,2.119232,3.30182,79.015462,7860.587141
446,24.658118,-1.881194,5.829852,182.002483,24505.477736
446,6.248049,-8.663177,12.043352,273.945621,104578.606469
446,6.936097,-20.066122,2.042119,252.668387,3006.839149
446,10.676161,-24.988429,3.503459,113.515061,8849.979682
446,14.215635,-21.185525,12.759278,11.755432,117381.664077
446,9.607667,-0.390019,6.534007,230.177647,30782.735134
446,14.760456,-6.32126,11.653796,273.268905,97922.588394
446,22.656331,-26.882699,8.232274,128.07359,48863.855852
446,8.701323,-3.684683,15.447629,265.130473,172056.757184
446,7.709831,-13.119233,6.740564,241.928053,32759.748361
446,13.696857,-0.514787,3.183585,325.575276,7307.704094
446,26.41728,-3.421978,24.174888,263.905973,421382.988428
446,-2.958695,-0.000514,3.882536,239.630653,10868.735601
446,-19.436018,8.703516,4.257638,81.427068,13070.300401
446,-37.465435,4.835428,13.423355,82.07597,129918.270404
446,-26.604618,-14.74126,8.890029,17.980442,56984.19947
446,-22.875145,0.701413,3.486059,91.498026,8762.289281
447,2.224937,-6.400598,6.925364,204.099718,34580.655558
447,-5.970672,5.80604,2.904929,138.746722,6084.418996
447,7.731188,-7.610546,6.917615,288.877854,34503.317303
447,12.138783,-10.963873,6.662987,120.69152,32010.027898
447,10.23386,-1.827339,6.008311,265.696794,26028.728235
447,16.201533,-12.17599,3.353343,32.059438,8107.819406
447,21.907716,-7.889451,11.109003,288.604151,88981.193174
447,14.818746,-2.885491,3.011229,19.288541,6537.859856
447,16.093752,-1.159808,13.370213,36.61481,128891.623982
447,11.729855,-5.274486,3.897167,265.641418,10950.8084
447,-8.319204,-4.785212,4.360541,147.770208,13709.726527
447,6.918082,-1.717593,2.786153,151.557125,5597.036373
447,13.824727,12.298544,2.619055,208.119174,4945.809881
447,12.152407,-12.396354,9.193068,198.868536,60935.306636
447,0.389879,-0.109302,7.426801,5.324722,39769.637831
447,-5.185034,-11.538317,3.7747,90.05454,10273.369518
447,13.623596,-4.875443,2.61584,292.769162,4933.672681
447,-6.71231,-14.070883,6.701423,205.075222,32380.39245
447,-19.257151,1.323099,7.850508,345.255859,44436.878306
447,-25.71352,12.277697,10.501104,340.935691,79509.310995
447,-23.541616,-3.117039,5.225548,120.884673,19688.457533
447,-28.129535,-0.351657,3.719733,54.240397,9976.350138
448,9.902007,-7.251294,3.74476,138.265074,10111.045713
448,1.859737,-1.789887,5.984109,217.284138,25819.452393
448,2.788052,-5.796281,13.823264,248.837797,137774.632587
448,11.496153,-2.277439,6.669119,259.272569,32068.968391
448,16.001263,2.825678,3.844363,18.086207,10656.063971
448,3.019955,-3.508426,5.865435,325.545214,24805.534871
448,10.651421,7.96258,6.978216,243.035086,35110.492382
448,10.939184,-4.942731,6.811484,269.049603,33452.729097
448,19.055274,-2.862245,4.746062,15.33494,16241.079185
448,2.928281,4.79647,9.146597,57.965645,60320.80969
448,12.058973,-5.506394,7.799874,331.774484,43865.521334
448,8.752605,-11.52375,7.574202,14.913106,41363.935203
448,14.538996,-8.535096,3.643689,38.675161,9572.618026
448,19.899627,-23.547325,19.861923,149.487702,284440.002152
448,20.176304,-23.537864,7.758469,351.245123,43401.040826
448,3.034485,5.710521,3.888308,69.915392,10901.075985
448,-1.384778,19.577124,8.576527,196.907416,53036.022322
448,-11.886346,-4.878855,8.470954,300.394838,51738.361798
448,-23.444603,8.843756,13.48058,151.807391,131028.341142
448,-16.878202,-13.795105,5.714805,115.549238,23547.830271
448,-20.297157,12.170612,5.628461,286.065643,22841.642595
448,-9.166761,1.538458,6.274972,144.3018,28390.412615
448,-23.688475,6.045356,4.699251,267.999894,15922.280478
449,11.951922,-5.352959,9.218438,110.088074,61272.096632
449,13.043352,4.268479,6.938542,192.918347,34712.391582
449,11.285712,-0.053328,2.709747,14.244671,5294.262543
449,20.815625,-7.517277,4.571364,311.546843,15067.447924
449,4.822772,-3.849979,6.862314,152.464211,33953.872038
449,3.510806,-11.848003,3.862614,93.108682,10757.48223
449,19.689872,-12.553881,1.467217,31.35313,1552.160237
449,16.065384,2.674127,6.695965,266.578964,32327.668411
449,11.823261,4.27003,3.774918,268.145246,10274.556725
449,13.961105,-17.386952,12.059904,327.549203,104866.257534
449,16.145638,-0.984905,5.184061,78.769806,19377.080782
449,10.074191,8.81523,3.036329,301.386044,6647.306735
449,17.576041,-13.672472,12.699671,156.735421,116287.496293
449,13.565643,-0.509077,4.175527,161.160922,12571.027087
449,4.369502,-7.912431,6.420923,188.143567,29726.444485
449,15.717183,-15.620619,5.758952,305.025184,23913.048226
449,-16.746123,2.84817,10.745682,218.039542,83256.089695
449,-10.077125,-0.366196,10.218291,12.99726,75284.326262
449,0.274871,-17.900793,8.588802,293.058459,53187.954988
449,-8.002451,5.910338,12.204541,343.705925,107396.70553
449,-35.198616,11.912175,4.689262,214.410301,15854.666462
449,-10.440822,4.201104,4.348166,125.695084,13632.023196
449,-14.271989,15.469465,8.816281,303.121999,56042.67991
450,-9.170559,-4.392313,2.306121,114.456351,3834.529889
450,15.896514,-6.699589,4.777257,126.422638,16455.283671
450,15.344913,-3.96134,6.943554,315.193324,34762.558897
450,17.130171,3.39272,9.692907,160.089917,67741.705811
450,25.384034,-0.399437,9.607174,218.990872,66548.675091
450,13.902017,4.944423,2.661296,78.902935,5106.631171
450,12.892313,-13.567768,1.68788,282.153131,2054.145764
450,19.400973,0.918125,6.423676,209.254608,29751.938999
450,7.092183,-1.738133,9.998647,308.517576,72082.611309
450,18.150883,0.621514,15.973263,24.280107,183965.065282
450,5.895028,-6.599866,9.938551,118.453199,71218.732902
450,8.540495,-11.038106,6.590433,6.131361,31316.70324
450,20.139628,-1.611065,12.581022,69.614389,114124.765956
450,17.041043,-2.67959,19.32169,166.593296,269177.19996
450,12.100314,-8.666295,5.756173,137.474451,23889.975644
450,25.125598,-7.570433,6.403822,256.95582,29568.316109
450,21.909835,-2.281429,6.437997,308.922598,29884.752331
450,-7.448521,23.867034,14.014373,7.560232,141610.489807
450,-21.194449,3.106028,6.349753,14.381175,29071.12274
450,-8.325352,-3.374208,6.828601,217.478043,33621.068341
450,-21.168922,18.914618,2.339655,138.0619,3946.861424
450,11.281763,2.569166,14.550826,326.957773,152659.34546
450,-1.312414,-7.271866,5.400955,181.203272,21032.418446
451,1.749799,6.115395,3.837446,205.65502,10617.752928
451,1.224835,13.442989,3.129921,110.855672,7063.415476
451,13.190954,-17.237362,3.947703,114.094603,11236.656035
451,18.901752,-9.377248,5.417414,70.177872,21160.798555
451,17.351579,-20.431144,23.483503,171.693309,397625.130672
451,17.340548,-12.730612,5.413029,247.866264,21126.562855
451,12.656363,3.365363,21.463445,329.155531,332159.689864
451,18.093396,5.57292,11.587556,32.940329,96812.5704
451,9.749863,9.478481,4.000925,179.250379,11541.6765
451,-16.132076,4.123661,8.655931,321.463598,54022.61821
451,11.06202,-1.389372,14.140183,51.489298,144164.43123
451,12.224851,-2.693644,7.779485,32.301994,43636.481196
451,10.812704,-7.315195,2.870826,240.515166,5942.398384
451,22.555265,3.400612,5.963596,212.155622,25642.742669
451,1.444371,-19.187879,9.354864,48.841961,63099.075411
451,22.164425,-3.545024,9.433628,158.667008,64166.08813
451,16.611362,-5.728327,3.390786,192.581391,8289.890916
451,-20.498579,3.25717,9.720508,269.678641,68128.053334
451,-15.661625,4.57912,11.654633,73.582867,97936.665174
451,-4.35489,14.71901,2.171483,152.83129,3399.85798
451,9.535491,-22.569772,5.365749,113.289697,20759.114499
451,11.097492,3.553912,4.594655,120.633777,15221.372563
451,-14.814831,-2.660217,4.34465,352.42915,13609.986176
452,13.422274,1.975829,22.175104,208.528557,354551.561989
452,9.706085,4.085627,3.25641,293.218924,7645.859032
452,4.665076,-3.300701,8.643037,219.45745,53861.79369
452,15.86649,-3.807139,4.358221,234.549461,13695.145513
452,18.195698,-9.163176,3.732924,299.993718,10047.231299
452,6.275968,-5.948666,9.187725,281.887373,60864.503858
452,12.792339,-13.366291,9.593435,218.126344,66358.470227
452,3.010793,0.940044,15.809126,47.294261,180203.732503
452,4.524408,-3.520404,4.306685,6.13793,13373.164637
452,7.721897,-9.792336,5.899598,212.565222,25095.332871
452,7.263387,-5.886818,8.146382,24.440547,47849.527422
452,10.209142,-3.785858,7.062373,247.422905,35962.460969
452,3.266682,-6.738525,6.770237,83.320809,33048.809198
452,17.371641,-6.714616,9.401179,8.904246,63725.422097
452,12.83511,-6.774273,4.536002,337.592613,14835.239712
452,8.538124,-9.06055,7.906724,279.211082,45075.569136
452,11.750851,-10.357705,3.353038,161.383822,8106.341662
452,-12.615311,11.638069,5.331209,254.445089,20492.716751
452,-19.278661,4.827269,11.791484,245.016044,100250.151147
452,-30.04108,8.838758,6.29889,144.10168,28607.252133
452,10.690595,8.730995,8.790877,235.842452,55720.180724
452,-15.375963,5.922466,10.523341,254.106679,79846.40215
452,-5.927482,-2.23298,9.576265,72.250403,66121.150543
452,-21.556034,23.746428,4.835471,224.270412,16858.75879
453,4.963035,-13.30868,8.328588,27.953677,50013.91597
453,10.951191,-11.654391,35.475961,106.570999,907436.856424
453,-8.106018,2.396475,8.064382,293.410462,46891.077009
453,3.991266,-4.317739,7.489469,254.493124,40443.628319
453,7.377803,-1.238016,9.440763,247.838788,64263.19246
453,16.82517,10.149421,4.69619,294.35096,15901.544487
453,7.013885,-18.821812,10.679425,232.166228,82232.562398
453,7.615798,-0.709612,7.370951,76.183935,39173.744366
453,15.709319,-12.418348,3.364781,121.883671,8163.224229
453,14.252826,-1.910706,13.558591,235.875639,132549.228887
453,12.156591,2.633067,4.628047,260.73627,15443.421382
453,18.268089,-3.915186,3.729323,249.722961,10027.856582
453,19.774274,-3.678694,7.520287,76.364232,40777.156175
453,7.73357,-14.421774,6.081007,44.090523,26662.390591
453,5.580782,-11.296132,7.223514,87.570976,37622.283185
453,9.441139,2.31624,11.077206,284.732976,88472.556195
453,-18.927038,-6.56339,9.142105,188.394143,60261.574246
453,-20.002219,16.494419,9.551092,81.982685,65773.982644
453,-16.510204,18.186988,5.31752,79.304604,20387.610786
453,-28.908773,-5.115688,4.370484,68.039788,13772.324174
453,-12.516064,9.687582,5.451021,121.249869,21424.159176
453,2.835099,12.709912,5.634023,243.531608,22886.813474
453,-4.477027,-6.686952,5.815283,272.801746,24383.145694
454,15.14052,-8.100146,7.645308,45.971161,42144.223415
454,-2.109232,6.426619,6.701098,86.002261,32377.249295
454,15.427143,-12.454292,13.027482,254.961474,122368.32746
454,18.883517,-3.878034,9.497017,344.74289,65031.312541
454,6.244049,-4.39446,10.119591,326.157398,73836.988888
454,14.184197,-18.677814,11.242805,83.581371,91137.573704
454,11.156931,-5.39686,2.610998,85.468957,4915.427524
454,17.372395,-5.555173,9.045679,132.272886,58997.06781
454,9.419948,-15.205175,2.427412,297.350709,4248.492816
454,10.84815,-17.84465,10.890287,26.165219,85511.93049
454,14.952469,-2.070791,8.478676,115.494935,51832.73628
454,9.819573,-2.971827,6.083412,137.116591,26683.486834
454,4.541158,-13.707701,4.921226,213.638713,17462.030528
454,-0.259402,-5.863094,8.595813,167.854208,53274.821413
454,14.283626,-0.156094,4.62965,265.673131,15454.121927
454,8.650628,14.338305,5.75092,342.42276,23846.392986
454,-24.931607,14.709952,11.695274,176.128403,98620.880054
454,-10.862971,5.88875,7.284714,60.408326,38262.475732
454,-11.848342,3.392446,7.267701,51.936014,38083.965742
454,-18.872983,-1.183483,6.031546,151.685579,26230.42961
454,-25.237939,-0.464075,4.3965,147.060658,13936.773962
454,-10.802407,-7.068059,6.499615,307.966194,30459.542934
454,-9.172391,17.538754,6.607061,353.700551,31474.928142
455,12.193705,-9.594225,5.730978,257.615074,23681.302952
455,-6.787802,-0.36719,16.823262,194.727468,204064.985829
455,17.381733,3.314979,7.778067,276.558995,43620.584036
455,7.220067,8.15438,4.753039,40.915246,16288.863703
455,19.640826,-6.682022,7.613383,108.365206,41792.989665
455,8.088854,-3.60625,10.317528,34.241057,76753.717947
455,23.731697,5.745405,10.591672,68.686075,80886.701325
455,12.549167,-36.649827,8.008831,229.964867,46247.293409
455,7.147825,-16.430972,17.003022,85.439004,208449.2367
455,6.480483,-5.5608,8.936214,295.83406,57577.815357
455,4.503224,-12.274212,9.757988,156.086351,68654.444598
455,15.376341,-2.933082,6.598328,346.736054,31391.77265
455,9.451902,-15.236145,7.861474,106.243809,44561.115519
455,15.275805,-7.623392,7.776257,59.11596,43600.276461
455,4.981598,-0.86697,4.378246,128.330154,13821.28515
455,7.729006,0.164622,11.161691,300.000344,89827.248071
455,-23.935114,-2.270862,8.34877,121.966339,50256.599647
455,6.476946,-3.286107,3.841661,180.69604,10641.092294
455,-8.526243,-2.976052,20.85232,211.536128,313513.916653
455,2.367274,-4.595653,8.983869,62.919546,58193.562005
455,-26.972927,10.267348,8.073166,229.294159,46993.292712
455,-14.780172,3.348257,9.192678,287.106047,60930.133219
455,-19.717068,11.105328,4.396875,337.703713,13939.152329
456,14.294688,-11.607783,6.649547,122.856124,31881.01877
456,-2.147687,-5.193916,10.9316,153.59069,86161.953693
456,-2.65038,-6.15211,5.609054,28.092595,22684.400615
456,7.089525,-5.838096,4.286019,183.18185,13245.130668
456,11.399894,-1.346425,7.241446,175.539725,37809.304923
456,9.252488,-22.372059,9.497344,51.123419,65035.785558
456,11.773222,-10.752034,5.017512,299.285492,18152.020678
456,4.945495,1.612538,9.413463,220.994378,63892.058474
456,7.632338,-4.513154,4.329099,296.026606,13512.727435
456,12.418635,-0.435728,6.782138,233.800757,33165.099502
456,14.006935,1.259474,3.91271,42.546605,11038.329911
456,7.387736,1.181218,8.694508,355.222127,54505.21913
456,3.773929,-8.501572,9.964391,318.411983,71589.541431
456,18.657618,-7.17842,6.330516,12.106663,28895.234841
456,0.045681,5.678079,2.903621,13.126461,6078.941798
456,15.678607,-19.088203,30.692036,60.460342,679202.798626
456,-2.507955,-5.75197,8.151738,353.366839,47912.462456
456,-7.744067,-4.342326,9.240909,107.419047,61571.176802
456,-20.747541,-4.667558,3.259037,181.881425,7658.200041
456,-16.689981,-13.419992,6.673976,214.39606,32115.69258
456,-25.046845,1.994048,8.023504,322.154586,46416.909956
456,-24.864955,1.97062,6.38528,169.25958,29397.335089
456,-33.840489,-0.979409,7.614202,120.234838,41801.978159
456,-24.326459,8.747715,28.450103,21.074976,583600.630622
457,15.493532,-5.555318,17.418098,14.742089,218750.748496
457,19.556445,-6.351143,6.737077,290.304278,32725.866524
457,13.209205,-4.289913,2.782168,55.237659,5581.035709
457,6.160113,-13.728315,8.503778,242.531504,52140.110752
457,17.475377,-12.655247,8.887052,5.499031,56946.033536
457,1.579466,-7.420961,11.321769,82.795039,92422.270663
457,24.666334,-12.724222,7.492855,315.503547,40480.202967
457,5.270609,-15.453276,2.882494,260.023158,5990.799011
457,16.637625,-9.867859,5.994312,117.512296,25907.57329
457,-9.412634,-9.88276,4.859558,322.996214,17027.135675
457,13.394866,3.463634,6.475,335.497925,30229.270091
457,16.356268,-7.408744,4.907917,311.85857,17367.705447
457,8.473649,-7.83133,9.489294,349.998206,64925.592319
457,14.491724,-10.164547,6.824876,134.853313,33584.405316
457,12.674773,-13.386216,3.122215,301.935864,7028.679053
457,-5.071413,1.304353,6.865119,97.479387,33981.626513
457,-14.369654,-6.06189,2.791331,95.119284,5617.857577
457,-14.883242,0.790428,4.472609,273.928902,14423.475507
457,-4.620769,-1.179263,3.096284,9.121538,6912.413514
457,-25.947079,-2.742483,8.089939,112.067608,47188.759102
457,-21.633992,6.07123,5.48326,269.950706,21678.326172
457,-2.872487,-12.264304,5.692702,305.486775,23366.035539
457,-12.271974,16.219044,5.393203,26.608086,20972.081205
458,2.144462,-9.311895,5.629453,60.858705,22849.695706
458,11.774925,-3.271875,4.340285,50.946733,13582.651426
458,15.194546,-5.223467,11.755578,267.64684,99640.541554
458,19.845448,-4.945044,3.127196,159.729895,7051.122269
458,16.475368,2.233733,2.192657,272.886844,3466.487122
458,12.159451,-9.344328,5.3529,161.078702,20659.808706
458,10.273669,6.034184,4.422293,351.713782,14100.776589
458,3.864803,13.080206,7.096803,262.851454,36313.961794
458,10.459433,-0.883913,6.405709,15.658802,29585.743349
458,5.54813,-0.531928,3.941443,185.382655,11201.046457
458,11.058411,-16.457046,3.343529,180.697607,8060.429381
458,10.038415,-4.387541,3.754958,296.619338,10166.189034
458,18.952792,-9.392719,6.668909,343.792815,32066.946
458,11.745934,-1.51037,21.007678,256.528998,318202.922233
458,21.041243,-11.154163,26.569093,127.759707,508980.953805
458,-16.41205,10.611035,6.228534,325.997478,27971.756618
458,-20.729239,2.110036,7.424654,258.145766,39746.649163
458,1.947225,-6.380704,4.892325,122.92043,17257.528546
458,-7.45875,11.774187,10.823396,262.557724,84464.67983
458,-30.257249,-2.998726,5.432528,199.417555,21279.042847
458,3.073185,-11.944483,7.993818,223.347672,46074.066563
458,-21.166035,-4.396846,6.033596,327.576321,26248.258721
458,13.029509,-13.270514,2.095666,38.650262,3166.593582
459,12.576684,-9.303911,2.853926,116.15419,5872.642651
459,10.377508,-9.96347,15.885798,83.541147,181955.892143
459,9.850939,-0.796516,4.411069,187.200297,14029.29423
459,8.645776,5.588774,4.832253,245.480371,16836.327911
459,12.495277,-8.130347,11.166021,113.993675,89896.945109
459,15.302109,6.494837,6.047174,127.479187,26366.528061
459,6.289299,0.39442,3.160739,278.285936,7203.199665
459,3.190799,-1.699264,3.909225,261.918651,11018.673486
459,15.386596,15.426524,6.957416,220.485407,34901.495455
459,13.094538,4.149395,4.898024,18.395877,17297.76359
459,22.025522,-11.563531,4.161826,241.107544,12488.664029
459,8.079662,-7.773662,3.191221,34.937854,7342.801864
459,3.796154,-3.043202,6.632576,198.881215,31718.497218
459,3.916349,-2.432221,6.726459,338.288504,32622.79252
459,-4.123182,-3.589077,11.908792,206.853977,102254.751377
459,-12.46936,19.981324,8.934718,9.198909,57558.537148
459,-19.916121,-7.457254,5.238071,247.22953,19782.937108
459,-20.33236,5.952348,6.81412,254.706353,33478.62377
459,-7.830662,-5.078724,3.892631,328.287934,10925.331966
459,-10.499408,-4.229954,4.506573,19.088442,14643.362404
459,-21.896608,16.803053,5.308101,36.363297,20315.445901
459,-17.562798,-5.245107,6.832605,196.581777,33660.511359
459,-27.680618,4.838242,6.302076,60.259984,28636.201693
460,17.653481,-2.384105,8.770427,182.294863,55461.233554
460,-0.632356,-13.541355,4.039846,101.369697,11767.323189
460,9.672997,5.440496,8.346216,9.626443,50225.85401
460,10.075519,-4.725249,5.735724,141.956425,23720.538498
460,4.589327,-10.36474,3.435714,37.625957,8511.031394
460,21.870915,-2.809413,8.120885,190.03548,47550.463734
460,9.419711,-12.892856,7.645962,109.021369,42151.435697
460,8.380594,0.701155,9.905991,228.686013,70752.854058
460,6.457165,-7.169321,9.54865,8.958326,65740.351436
460,6.43919,-1.800472,6.924434,44.996625,34571.370146
460,17.38333,-17.252016,5.649349,23.576114,23011.498271
460,6.435629,-8.091514,9.234465,135.603711,61485.339307
460,13.331887,-0.762823,13.953384,73.967951,140380.619577
460,6.551439,15.263418,5.197108,129.168634,19474.733252
460,8.197214,14.659531,3.600758,329.346436,9348.372897
460,-17.099131,-0.966269,5.556177,266.144844,22258.720636
460,-25.336414,9.946484,4.913933,15.234236,17410.31232
460,-11.318844,-0.459876,4.824956,301.343926,16785.518271
460,-23.24226,1.123692,8.390968,179.508374,50765.907174
460,-26.859607,-2.75063,8.543796,253.560068,52631.992482
460,5.509238,-13.15485,4.919311,210.357561,17448.443924
460,-12.905935,5.355369,12.24732,162.816956,108150.915167
460,-14.890847,8.474089,2.829358,127.222825,5771.96945
460,-17.027581,-5.761269,5.112422,206.602642,18845.232901
461,5.023232,-20.732228,3.25422,333.062395,7635.577823
461,13.795404,-7.007886,10.212653,22.32041,75201.275034
461,6.301594,-2.203646,4.189312,271.384047,12654.164726
461,11.162491,9.948802,8.858977,70.358748,56586.812103
461,6.316766,-24.090365,10.384698,124.934287,77756.343491
461,16.509177,3.349972,9.239233,316.143354,61548.851816
461,11.383635,-19.562316,10.956319,141.625421,86552.062674
461,-2.091541,-0.358749,11.582015,38.230133,96720.000859
461,10.088367,0.4569,7.837449,319.129428,44289.163931
461,13.150448,-7.08983,4.417485,305.345676,14070.135867
461,-4.861943,-1.526197,10.929568,138.728426,86129.931039
461,5.573562,-0.499788,4.671374,65.619694,15733.935011
461,1.268096,9.730505,6.652653,118.029703,31910.81065
461,11.680254,-18.232028,6.013636,223.534927,26074.882759
461,4.250684,20.224121,7.178898,324.12913,37158.972593
461,-5.216484,22.616707,6.290207,75.178942,28528.437288
461,6.707253,5.015705,5.362927,349.0316,20737.282309
461,1.200702,4.041453,5.999194,278.746377,25949.789308
461,-18.042377,8.33808,5.152365,269.980477,19140.85652
461,-0.027995,-2.887787,6.641707,203.182323,31805.886963
461,-16.804498,-14.610316,3.798483,335.469823,10403.235013
461,-25.107341,-6.088591,4.059164,339.212597,11880.133635
461,-0.186694,4.960089,1.640318,114.064921,1940.010316
462,14.348001,3.892056,6.912032,312.020044,34447.649346
462,11.71335,0.635771,7.597786,20.124781,41621.932549
462,8.136969,-21.689927,3.385744,191.637715,8265.257183
462,4.704039,-2.422588,3.170774,35.062783,7249.008595
462,2.511182,-3.744704,11.061253,258.403621,88217.90157
462,11.112749,-7.861911,2.518575,247.067389,4573.59802
462,15.651886,-11.875956,6.63983,275.996105,31787.915521
462,5.107061,-1.564063,9.793052,156.189762,69148.724568
462,15.488142,0.011183,8.776315,320.339275,55535.727607
462,21.253483,3.152576,26.174556,297.555085,493976.989473
462,10.398587,-8.010288,6.317208,108.405946,28773.876706
462,-0.76503,-8.339113,6.658282,302.534945,31964.832258
462,7.807238,-7.115329,5.120576,43.665762,18905.391314
462,1.915687,3.350737,12.664921,220.706744,115651.972874
462,-18.504998,3.2677,12.369699,166.76659,110323.065894
462,-7.856061,-16.826223,7.910802,194.57883,45122.083411
462,-11.724942,-4.749896,12.877425,274.035106,119565.569706
462,-24.49972,12.17515,3.916287,85.376765,11058.524079
462,-15.954935,16.332798,13.392823,119.915243,129327.937353
462,-5.184601,19.27444,2.880833,330.940992,5983.897081
462,-6.103013,-5.843244,4.732421,342.468292,16147.855514
462,-26.677577,5.465635,10.776069,110.154252,83727.631459
462,-18.93655,-11.424705,5.451439,243.44074,21427.446368
463,20.730587,-16.813647,6.621755,50.404758,31615.076391
463,-5.703396,7.437072,2.96904,220.384207,6355.946928
463,14.346235,-9.813351,10.773659,147.321115,83690.190999
463,11.450276,-2.023171,11.200327,118.20597,90450.191986
463,0.3155,4.979546,4.582092,228.136894,15138.250992
463,6.054468,-6.194942,6.485836,182.946729,30330.531373
463,11.119853,1.357637,7.766413,72.950138,43489.957881
463,9.200756,12.952984,4.472964,219.871313,14425.763086
463,9.656973,3.509192,4.719786,303.663246,16061.745242
463,3.067343,-14.065968,9.366014,123.300417,63249.590115
463,20.206964,-14.916622,10.853643,180.690295,84937.435707
463,10.257341,-9.751212,8.407389,213.97697,50964.805624
463,-1.318664,-16.081765,12.44405,288.422917,111653.304552
463,6.635087,9.39916,4.214748,5.197056,12808.297255
463,-8.215115,14.400624,4.903938,72.950967,17339.556656
463,-12.071018,4.943341,2.398076,144.633722,4146.427766
463,-6.293084,10.234607,5.275232,252.176814,20064.634095
463,11.077231,8.902059,4.918836,119.94443,17445.0715
463,-9.365462,9.388368,12.880328,96.867815,119619.479114
463,-11.016461,20.004525,4.922692,297.936218,17472.437045
463,-13.544006,13.861257,8.856313,111.313247,56552.78089
463,-18.601141,2.369818,5.620719,347.123402,22778.848207
463,-33.270565,13.118294,12.185848,97.649075,107067.983068
464,6.494855,-3.922763,19.394257,164.532969,271202.913073
464,7.533731,4.509682,4.413038,354.732896,14041.821027
464,-1.537557,-10.269928,7.270269,235.804846,38110.88914
464,8.005304,-9.417321,10.092912,114.0464,73448.18243
464,8.867409,10.063653,4.375873,315.006777,13806.30281
464,1.727223,0.224299,10.960254,341.220334,86614.246141
464,14.97107,-5.978326,5.257318,38.421975,19928.590401
464,4.951486,8.713306,3.113891,187.363108,6991.250649
464,12.886322,4.289433,8.578134,333.845287,53055.899648
464,16.571743,2.601626,27.443299,350.981102,543026.095972
464,16.986594,-5.099401,4.662098,238.082299,15671.50844
464,16.541898,-13.311523,6.410826,320.851057,29633.026735
464,17.671282,-9.802325,2.726636,64.60335,5360.46471
464,-8.811202,11.873126,7.466846,312.065496,40199.670211
464,-9.330815,4.483601,3.559264,142.625716,9134.157461
464,-10.950291,4.017627,13.327833,301.833315,128075.81464
464,3.969556,-1.051831,4.103614,213.550095,12141.746601
464,-24.812621,-3.506259,5.25731,322.318737,19928.528393
464,-16.746668,-4.163117,10.011966,106.562667,72274.783588
464,-28.837773,7.629724,19.926459,253.552967,286291.416059
464,0.870945,-3.451293,5.943678,278.35519,25471.741249
464,-1.823893,-17.695952,11.648806,173.806447,97838.745094
465,10.707361,-14.635465,7.466679,160.456799,40197.873079
465,10.614458,6.931724,5.938987,346.85938,25431.550722
465,9.415034,-32.891535,2.979642,148.029104,6401.419328
465,2.661084,1.893554,6.827274,4.930111,33608.003694
465,12.786443,-11.764359,9.047516,237.044174,59021.034704
465,4.106,2.174371,3.887772,100.813729,10898.073096
465,2.533097,-9.392906,4.379449,92.015513,13828.880062
465,14.646467,4.853315,8.032212,23.246762,46517.719576
465,15.31159,-3.924459,5.691029,262.952067,23352.302941
465,-0.244693,1.552943,12.168791,253.397891,106768.443446
465,6.552191,-0.55887,5.72869,200.10476,23662.395014
465,16.584955,-7.390567,4.751092,88.052787,16275.52282
465,11.862191,-2.126135,13.015742,355.038624,122147.884022
465,-13.068592,16.643134,5.023598,12.917439,18196.07829
465,-10.353338,-1.99412,11.533937,74.165022,95918.68985
465,-17.425787,1.406298,5.730642,70.909032,23678.521185
465,-13.704554,-3.142872,4.415191,17.074986,14055.526944
465,-20.803275,-5.821197,2.057908,0.536199,3053.51347
465,-9.703232,10.315446,6.404396,160.899453,29573.611534
465,-3.0727,7.24516,15.140906,194.845687,165291.976157
465,-14.450095,-13.664993,8.009939,161.420837,46260.090398
465,-12.294422,-4.958512,2.816408,133.079704,5719.252862
466,3.302607,-11.193877,11.186921,61.184892,90233.788596
466,11.706197,-6.68006,12.148499,164.335658,106412.671185
466,1.573757,-4.344736,4.016332,342.746277,11630.738756
466,10.829117,-11.51469,2.660831,231.601412,5104.844922
466,6.98247,-8.381083,7.125876,129.945367,36612.097761
466,6.757904,7.793012,4.650226,276.266105,15591.801001
466,18.073432,-17.29863,4.847821,153.656498,16944.988212
466,13.047616,-4.726452,7.650746,329.265462,42204.198305
466,15.323322,-12.031057,6.116052,10.451911,26970.590166
466,6.818738,11.078549,5.069963,193.959402,18533.505578
466,16.39231,4.023208,7.352197,179.55665,38974.658764
466,9.328663,-14.614943,5.07191,146.383231,18547.749425
466,-10.776181,3.770159,6.073726,130.377843,26598.582377
466,5.360993,-6.174731,15.425072,264.688769,171554.631826
466,-12.295425,4.896804,6.291937,178.202113,28544.125573
466,-12.858609,16.150909,5.435066,227.578693,21298.922778
466,-23.950842,23.241648,3.385604,330.359649,8264.573579
466,-22.029924,-15.229255,4.399644,128.387123,13956.710636
466,-11.137529,-14.026947,12.556512,97.917144,113680.54026
466,-24.039626,26.053868,10.242194,166.646929,75636.960518
466,-7.722431,-0.906037,6.878643,40.255642,34115.650816
466,5.766855,-29.673003,6.164492,155.02669,27399.501547
467,8.013622,-11.142642,5.384874,26.753284,20907.361395
467,-11.770289,2.357748,11.600081,87.088476,97021.972817
467,7.370966,-0.588091,5.723814,56.871116,23622.133708
467,5.432589,-3.797434,3.618029,165.972709,9438.264462
467,16.908096,-15.892912,6.168765,191.688669,27437.496211
467,4.030698,-0.634281,5.266426,265.162052,19997.696872
467,22.742285,5.782987,6.588795,75.245581,31301.133044
467,10.582989,-10.996576,4.103682,113.70788,12142.147501
467,6.703758,1.848883,7.357154,168.430525,39027.234234
467,9.027064,-15.312914,14.479711,67.381518,151170.790123
467,4.849476,0.418513,7.463171,169.17232,40160.104163
467,14.790219,0.103735,5.042386,226.496283,18332.441346
467,-11.545012,4.30944,6.108831,236.119291,26906.934632
467,-26.412129,-9.226655,4.351144,352.290324,13650.70308
467,-17.2366,7.898883,17.119498,205.099761,211314.911804
467,2.099648,14.362983,12.035139,30.821648,104436.022789
467,-17.537238,2.830097,5.211402,90.141441,19582.007092
467,-2.057402,9.073726,2.748069,181.627227,5445.06876
467,-18.368776,-15.967886,7.917544,131.068462,45199.025396
467,-24.894054,2.148476,3.08941,251.390514,6881.753619
467,-15.594447,0.618141,8.046748,29.644931,46686.238171
467,-8.934297,20.039397,3.418645,345.97883,8426.670673
468,6.218402,-2.469472,20.608973,11.794949,306239.180645
468,21.428005,-6.418954,8.491784,53.279949,51993.1324
468,7.850378,10.200261,17.731631,69.544206,226696.832124
468,7.09413,2.646542,12.493404,315.436945,112540.716236
468,7.401721,7.643247,8.056207,134.463651,46796.060852
468,9.152304,-8.026345,9.340093,190.47169,62899.976198
468,11.547645,9.23854,3.128222,316.376522,7055.751959
468,10.837345,-22.525952,5.604567,141.222847,22648.124543
468,16.514535,1.629671,13.079489,147.75882,123347.297765
468,19.418789,-12.399046,6.223688,234.968814,27928.250656
468,1.062567,-3.289717,6.142179,304.511114,27201.51395
468,13.440676,-6.781977,7.658763,18.021259,42292.689023
468,-4.98362,8.26125,8.565761,50.992687,52902.962236
468,-20.059778,8.735703,7.480226,28.012328,40343.869973
468,-14.168668,-6.500413,5.905605,174.611426,25146.4623
468,-20.751954,-0.988133,10.257113,321.163276,75857.466808
468,-11.741473,1.313144,7.567278,177.496415,41288.338513
468,-18.702983,-2.225377,13.60173,321.033267,133394.023549
468,-19.447064,24.413118,5.572673,275.349161,22391.089609
468,-12.488693,-2.71032,6.378429,245.726538,29334.282574
468,-8.755457,0.803125,7.646392,308.005821,42156.176491
468,-15.080754,11.857698,4.070592,40.065123,11947.122577
469,12.582811,7.959763,19.714859,3.417107,280243.416744
469,11.87058,-5.713649,9.686608,152.519669,67653.702165
469,9.202892,-12.150533,7.051858,78.549561,35855.448481
469,4.582452,-2.675233,8.458358,85.60008,51584.613232
469,15.623158,2.217143,8.382096,221.019116,50658.623338
469,10.80292,-3.245401,7.269286,102.283479,38100.585064
469,11.28181,8.4215,5.801256,21.053214,24265.665059
469,0.965321,-7.491538,3.777401,91.837041,10288.075569
469,13.863841,-10.0082,11.400292,100.971713,93708.717371
469,14.44073,-6.956523,4.223046,141.337066,12858.778474
469,11.418957,10.178875,4.425317,234.582961,14120.06805
469,-18.522906,3.513353,5.167286,190.7918,19251.876953
469,-5.353692,-11.085985,4.722078,3.905035,16077.347186
469,-11.033983,9.896556,11.88909,333.075137,101916.689275
469,-9.264726,8.333981,9.509878,206.873188,65207.55569
469,-25.879818,0.332575,3.717185,308.707597,9962.68458
469,-38.28212,9.727229,4.030362,122.793211,11712.137212
469,2.058406,8.537512,8.952516,168.238379,57788.088241
469,-21.741138,1.611752,23.214075,219.759688,388553.521525
469,-13.142537,7.602731,3.464268,220.861121,8653.084686
469,-17.935434,0.500434,10.043216,157.977285,72726.665418
470,5.283578,6.09783,17.803033,281.114602,228526.237354
470,8.596496,-4.46785,5.141301,258.352294,19058.739809
470,12.355394,-15.565666,5.26783,79.844015,20008.363961
470,12.907592,-11.851884,11.246525,32.76661,91197.880648
470,-1.904024,-2.908128,7.966273,168.692001,45757.094271
470,18.041294,-7.255885,8.185312,330.689315,48307.938404
470,2.167959,0.444805,19.787644,158.339869,282316.498083
470,10.275185,-8.64383,5.67415,57.890384,23213.984026
470,13.88406,-12.546521,6.796609,107.531938,33306.780559
470,11.712963,2.265979,9.831899,293.062137,69698.411036
470,12.183051,-20.603275,2.764481,204.092401,5510.300181
470,1.601862,-1.453106,10.66842,192.749991,82063.171675
470,-12.737475,1.55456,8.988858,248.660907,58258.210299
470,-22.275542,11.956968,12.771352,337.045857,117603.921447
470,-11.456232,-1.461177,14.246459,243.398944,146339.616185
470,-14.115692,-10.275645,8.774638,118.099864,55514.508981
470,-1.502365,-2.734752,12.8884,130.179877,119769.450716
470,-17.642864,3.838711,10.325812,182.291465,76877.019706
470,-27.245591,5.110237,4.246281,339.745819,13000.665853
470,-17.610252,-5.477372,5.886345,204.914145,24982.709272
470,0.966498,-8.57445,3.650607,56.497072,9609.002862
471,14.967484,9.006424,7.496742,241.31171,40522.216404
471,11.644132,3.775093,8.555473,226.556049,52775.958806
471,11.829355,2.009529,9.194636,202.79754,60956.099031
471,12.53069,1.891382,2.665596,271.042016,5123.14758
471,0.894109,-5.675806,2.339526,359.905086,3946.425068
471,16.212742,-9.93211,7.999138,141.555241,46135.41965
471,-5.998237,2.383817,5.8215,28.280305,24435.308944
471,4.428369,-9.082292,4.547758,72.827959,14912.237274
471,16.756955,-3.101319,8.632661,153.143845,53732.545537
471,8.533746,-13.038411,10.101326,252.611234,73570.698911
471,6.370052,18.025544,3.174103,291.743344,7264.240887
471,0.153671,-1.843023,10.695419,93.159692,82479.058392
471,-18.651801,-3.207002,7.725645,50.248716,43034.57669
471,-22.146756,10.542997,5.303628,179.426267,20281.225272
471,-19.133966,4.739513,9.838895,201.296856,69797.632885
471,-21.483374,-5.917441,7.849137,204.947104,44421.362678
471,-9.30742,8.961863,7.671126,190.706727,42429.341911
471,-14.939051,13.417617,12.555788,196.489216,113667.419411
471,-13.020665,6.607061,4.270711,12.06364,13150.686811
471,-17.597377,8.042518,6.021815,305.976604,26145.859134
472,12.853133,3.305603,6.328904,79.263746,28880.525164
472,-0.66311,9.487888,8.383696,49.833638,50677.962543
472,5.416279,-13.445338,6.233775,214.415739,28018.848161
472,-0.941857,-0.990526,5.771825,337.567123,24020.074732
472,7.881113,-3.000907,9.519724,282.299552,65342.652242
472,10.551056,8.60543,6.112547,75.551486,26939.68647
472,13.484911,2.241367,6.046958,143.478058,26364.645876
472,-5.221697,-1.38744,3.265874,47.276995,7690.365997
472,14.272179,-8.30647,6.148013,313.547331,27253.203394
472,9.018932,-7.191849,10.449435,251.689935,78728.81421
472,-10.816426,8.405974,7.625948,268.351551,41931.051575
472,4.898164,5.087283,13.785747,230.440709,137027.790341
472,16.460133,-6.027749,5.157803,285.63071,19181.276337
472,-8.578685,6.646579,4.833025,338.707678,16841.706942
472,-15.951797,3.758635,7.081514,32.895867,36157.663083
472,-19.040901,-5.603769,3.853034,113.937291,10704.191148
472,-21.52772,-1.40911,6.88347,164.468911,34163.542914
472,-7.962944,-22.833345,4.128915,333.28385,12291.925654
472,-9.074829,-7.216069,33.935352,140.762345,830333.935363
472,-23.921079,1.925612,7.312806,8.638142,38558.148126
473,14.090714,-3.64525,12.551508,241.671265,113589.950569
473,5.521358,1.970265,3.496078,126.753801,8812.725801
473,6.259379,-9.851343,10.217076,204.765183,75266.430372
473,6.776845,-3.21506,7.004724,90.476527,35377.747
473,1.189941,-0.414839,14.18989,242.824111,145179.77303
473,5.789313,-5.730485,4.885294,148.559421,17207.963975
473,8.542809,-3.11766,1.939453,210.677803,2712.105748
473,11.170588,-9.077168,10.345587,46.796494,77171.746637
473,11.160607,-1.405088,9.167198,7.333139,60592.833939
473,-17.261706,9.824553,4.463294,321.741121,14363.462473
473,-12.737472,1.073181,5.482387,325.923207,21671.426483
473,-25.512482,17.437744,8.461298,349.104938,51620.487435
473,-20.902696,2.021431,5.699336,260.632184,23420.520857
473,-10.977856,-1.322808,2.315914,214.43881,3867.167932
473,-9.673281,6.461896,4.47303,129.184397,14426.193181
473,-15.262595,17.022289,5.466759,147.860146,21548.0491
473,-9.865423,2.213822,11.68339,167.077727,98420.561289
473,-7.289719,-2.131945,2.078748,120.667818,3115.673363
473,-14.83292,-4.445489,5.036854,106.800258,18292.234008
474,17.265403,-18.751829,4.932405,304.604133,17541.451886
474,7.212027,-9.329242,3.284225,133.785612,7777.033061
474,10.240528,0.737218,7.886359,274.597557,44843.675373
474,6.738673,-3.94735,3.248586,110.401809,7609.161049
474,12.415791,-7.514354,4.809535,72.644195,16678.393152
474,5.649383,-17.037829,6.953482,60.299307,34862.035143
474,5.586305,-9.673168,2.059678,323.260704,3058.770748
474,14.795428,10.503929,12.586942,280.981791,114232.202588
474,8.297709,-4.197427,21.459907,145.852353,332050.207588
474,-13.717347,-16.581671,4.870899,309.089545,17106.703511
474,-10.529818,-3.111491,9.641544,357.311498,67025.688774
474,-12.316824,5.239889,3.875208,322.815297,10827.749307
474,-23.575425,-7.125495,3.809701,323.844184,10464.775481
474,-9.751789,-4.808115,3.572272,27.803048,9201.046299
474,-12.717736,-16.837274,13.847867,357.414881,138265.504622
474,-3.039105,3.532421,15.55678,124.174045,174496.817972
474,-6.230332,4.674437,8.241626,234.941452,48974.937289
474,-5.151394,-15.196735,13.6001,108.754987,133362.059469
474,-22.319075,6.438925,8.474142,225.969386,51777.321441
475,4.238407,-11.576944,6.027182,153.484666,26192.481885
475,15.202843,-15.885111,5.410754,219.662669,21108.808606
475,11.765662,-11.715459,5.09252,19.131606,18698.79079
475,4.120317,-8.567816,12.10318,21.469285,105620.212021
475,14.317262,-14.293698,3.621543,165.538271,9456.605341
475,7.801119,10.846967,12.487756,27.554067,112438.981901
475,6.158781,1.057014,4.098204,204.397768,12109.7523
475,12.200609,2.396567,8.555522,231.370471,52776.566979
475,12.392554,0.103511,9.487618,302.22483,64902.658962
475,-3.547845,6.726509,7.963039,64.426514,45719.94604
475,-10.292153,4.698204,11.725561,244.99805,99132.336626
475,-2.153072,27.045297,8.765082,300.632365,55393.656899
475,3.156517,-7.397123,13.913825,274.219979,139585.776294
475,-20.92856,3.317278,5.966419,144.107967,25667.030267
475,-17.003753,-11.68211,3.143888,256.442006,7126.596808
475,-17.02306,3.237794,2.31612,145.319155,3867.85475
475,-4.17744,6.19788,10.450462,34.871424,78744.283356
475,-19.127381,3.045626,16.382588,168.453189,193514.318349
475,-13.042725,10.021576,6.488464,317.712561,30355.11709
476,7.812273,-8.310271,4.265972,58.824575,13121.516022
476,9.228346,0.464875,5.657704,296.69995,23079.613084
476,13.219418,-8.963898,12.413418,112.028888,111104.286369
476,5.717988,3.349252,6.848519,136.470195,33817.488784
476,8.775909,5.463362,8.291989,133.254723,49575.314468
476,6.210332,-2.295462,7.919401,41.490211,45220.230795
476,13.489453,-1.478861,10.075499,57.08584,73194.968246
476,10.996237,-12.646566,5.067211,171.708783,18513.393114
476,-15.081958,-2.186098,4.042948,152.40703,11785.399646
476,-27.539729,3.094834,5.138161,260.299938,19035.464321
476,-19.928416,-8.757988,4.307574,121.260764,13378.687229
476,-23.669315,12.466688,3.209704,145.955367,7428.106989
476,-20.785654,6.660637,7.523368,219.079279,40810.56939
476,12.883241,5.11207,24.331444,4.054579,426858.425937
476,-8.614095,8.940687,11.899024,227.638948,102087.079957
476,-10.915277,11.588824,16.329268,24.099351,192256.700971
476,-13.466632,-1.47301,8.298353,295.839161,49651.441329
476,-18.47824,-14.252736,4.084167,127.318092,12026.938113
477,11.644724,-12.674072,11.778459,331.886689,100028.792635
477,11.041497,4.860827,9.633096,28.363623,66908.270863
477,-4.128647,0.520114,6.211079,85.676993,27815.198831
477,-5.746163,-11.62813,9.169018,173.033297,60616.899431
477,3.519733,-0.024104,6.634091,251.487118,31732.988439
477,9.394044,-14.49028,3.53286,29.84146,8999.136262
477,15.722614,3.000552,12.845543,284.27818,118974.264869
477,8.388422,0.827765,5.62398,137.604917,22805.291487
477,-19.94605,14.041587,13.158373,263.543703,124839.630033
477,-11.256243,4.979669,4.858231,359.443344,17017.836134
477,0.382211,-3.599489,2.768362,213.698839,5525.781703
477,-2.499012,14.497626,10.164125,200.979262,74488.293922
477,-3.00395,15.699324,9.201462,258.630702,61046.638368
477,-15.898335,16.475779,6.644834,285.585112,31835.838991
477,-16.934088,-2.154054,10.270381,90.881431,76053.846058
477,8.805381,-16.91313,5.990192,33.772387,25871.976035
477,-20.5337,20.415897,7.339701,61.89761,38842.284047
477,8.989127,-5.741817,11.965101,213.829816,103224.024532
478,8.041442,-2.540941,7.692961,315.377442,42671.231104
478,-1.117484,-1.102502,6.109766,233.982853,26915.175636
478,9.727768,-2.186788,7.441503,226.44733,39927.251501
478,9.662835,1.273798,5.389211,40.931357,20941.052734
478,9.034002,-3.55588,6.226513,180.97634,27953.607656
478,10.230434,-1.732561,5.584305,197.926002,22484.662922
478,7.717205,3.611323,3.319082,21.50814,7942.991987
478,-21.460259,3.026198,7.609722,247.310831,41752.803321
478,-7.761973,10.990599,6.464123,75.598784,30127.788304
478,-5.800681,-9.76678,7.375549,89.984622,39222.639311
478,-26.415381,-5.83268,3.403982,134.12847,8354.538436
478,22.733763,4.968936,10.440789,255.484736,78598.58028
478,-3.461299,-8.104476,5.163995,271.123785,19227.360732
478,-17.369967,-2.460418,2.484742,160.825625,4451.544467
478,-18.90842,3.751112,5.369904,321.083773,20791.275029
478,-12.17413,2.057107,6.428025,250.553921,29792.242353
478,-21.62841,10.716612,4.603914,159.591047,15282.787386
479,5.475434,-10.673125,8.663094,277.33621,54112.064268
479,13.170451,-8.750372,3.319059,159.365785,7942.88232
479,9.071208,-2.572569,10.053619,187.790301,72877.414277
479,15.526545,1.872576,2.363685,174.318056,4028.35121
479,5.379975,-9.674299,7.379847,317.758035,39268.361761
479,1.483457,-4.005087,3.696824,129.975422,9853.843836
479,2.897518,10.686401,7.459628,221.472278,40121.981445
479,-26.524119,16.851079,10.654311,317.343572,81846.252013
479,-16.604306,-7.463562,6.73598,219.776812,32715.201227
479,8.425225,-2.617484,8.135738,90.246706,47724.566957
479,-10.163575,3.857614,8.161533,115.660408,48027.671872
479,8.305446,0.64518,4.523014,189.970144,14750.402425
479,-16.470189,11.616855,4.620445,253.158227,15392.729848
479,-24.932052,-3.848171,3.115534,80.341862,6998.63046
479,-20.519938,1.710195,7.894662,24.381566,44938.148276
479,-7.779408,-4.585937,15.277358,261.673476,168284.682679
479,-8.184916,7.808837,6.376605,227.901885,29317.514199
480,5.906488,2.00634,2.747142,122.959091,5441.396675
480,0.356434,-15.558795,5.456099,26.895858,21464.095086
480,9.925491,-6.436003,1.782424,172.760846,2290.711284
480,13.372376,-8.341467,7.940931,341.132756,45466.439633
480,8.644884,5.310691,3.130371,174.322169,7065.449507
480,8.959176,-0.60716,10.372536,105.285607,77574.313493
480,-17.121246,-2.317408,12.297852,324.019678,109045.219664
480,-30.729178,5.325537,5.508622,154.642967,21879.333199
480,-31.61416,6.501548,2.880907,319.840435,5984.204376
480,-17.355474,-14.313297,7.393848,242.520433,39417.500119
480,-16.970409,8.702322,4.859146,201.734499,17024.252484
480,-13.017201,3.000488,5.031551,262.038554,18253.737813
480,-16.563392,21.253531,11.839428,315.883137,101067.030883
480,-20.486854,6.943117,3.942665,279.932179,11207.994104
480,-10.691525,23.33879,10.379535,328.191866,77679.039013
480,-8.824369,0.035354,16.141278,172.095971,187855.500214
481,9.563703,-1.273942,21.84063,64.212323,343936.593033
481,5.082202,12.182465,6.951323,200.947199,34840.391322
481,6.188913,-7.137423,8.410099,116.129996,50997.661019
481,2.734293,8.134188,5.358098,73.426913,20699.950763
481,9.375596,-0.482806,3.968862,190.806559,11357.431136
481,8.406156,-4.124566,6.215137,57.570758,27851.556238
481,-3.855555,-2.092121,6.217129,303.389955,27869.415411
481,11.228076,-5.632853,3.560346,257.596603,9139.711345
481,-20.425674,-3.359184,5.269987,118.113615,20024.753241
481,-12.980295,6.425006,9.239317,211.960537,61549.962621
481,-11.107081,-3.774806,5.716635,201.398551,23562.911695
481,-10.545837,7.684806,7.300782,280.811082,38431.45755
481,-12.525071,-3.452538,13.353179,139.223073,128563.420475
481,-22.086704,15.962395,12.734291,287.291045,116922.375378
481,4.053233,10.343747,7.764965,338.521322,43473.747604
481,-3.833516,11.682554,5.075678,330.552519,18575.312655
482,10.277167,4.736068,5.456728,268.748291,21469.04151
482,1.821366,10.813439,4.990461,115.410817,17956.817127
482,6.322048,2.64246,10.459556,159.128199,78881.389207
482,3.060076,-7.697554,10.667934,177.023017,82055.692422
482,15.623245,-14.175924,1.790335,153.144127,2311.087896
482,6.530457,-6.568269,20.91241,320.788342,315323.421861
482,-2.735981,6.329324,10.201613,141.708801,75038.784839
482,-23.404793,16.932604,4.343189,304.782715,13600.835715
482,-8.995398,7.781364,3.388517,18.632309,8278.802209
482,-10.204961,-0.158719,3.774664,172.118377,10273.175361
482,-11.97155,1.342819,12.426978,279.976498,111347.148801
482,-14.602602,22.876216,8.178649,39.453301,48229.32744
482,-5.776184,2.199298,6.117014,138.438219,26979.071042
482,1.068421,-19.442476,9.934924,327.579098,71166.76173
482,-3.126455,10.287059,6.955605,204.454506,34883.330685
482,-15.851136,4.746674,2.788827,310.393223,5607.781398
483,6.703015,-3.229942,3.70868,33.353116,9917.147115
483,13.112308,-3.458589,8.729439,239.435657,54944.057475
483,12.032035,-6.073882,7.766758,104.612967,43493.826904
483,12.037628,-15.15046,4.930524,321.56148,17528.074861
483,8.512045,-0.754422,5.996541,146.38458,25926.849135
483,-2.253707,-14.231921,10.720122,143.434063,82860.495292
483,-13.468734,12.318884,8.10191,214.781336,47328.521193
483,-20.408895,-0.168352,5.82522,19.018734,24466.554063
483,-16.307948,-21.715534,4.063589,46.814138,11906.047516
483,-17.883339,12.407843,5.267422,47.889813,20005.265817
483,-6.027269,0.643826,11.176532,265.190316,90066.270788
483,-4.989596,13.90164,3.911841,96.452542,11033.429067
483,-15.836214,11.263541,12.008815,259.882183,103979.664963
483,3.49191,-10.93514,10.429017,275.753376,78421.448504
483,-13.50116,-5.366354,5.33287,269.599619,20505.486455
484,22.716799,-26.100242,11.392476,4.140984,93580.269445
484,3.870295,10.051286,10.023569,350.787576,72442.397495
484,5.866068,4.790403,4.113012,65.913104,12197.419904
484,1.411622,0.873458,4.930426,221.33997,17527.381098
484,11.321713,-19.348992,4.450247,199.87928,14279.608293
484,16.113958,-0.11285,8.393245,295.262237,50793.474929
484,-13.110674,-6.164511,2.838761,92.229459,5810.396465
484,-12.438845,9.231506,4.798615,286.195552,16602.746252
484,-17.521178,5.034063,14.786689,26.235387,157648.545419
484,-21.045257,-1.329123,4.589889,307.006642,15189.810595
484,-18.808153,15.832982,6.529889,285.879387,30743.952654
484,-22.35105,2.577798,7.077781,68.688691,36119.551317
484,-20.058909,-5.464102,5.081151,352.165636,18615.393648
484,-13.533657,-6.811957,7.031074,91.493399,35644.411469
484,-10.084802,-8.759216,4.122637,267.583345,12254.57346
485,21.324151,-4.195953,4.750666,301.789484,16272.607682
485,8.551723,-10.104518,6.391088,247.784302,29450.841466
485,7.026494,-14.644663,6.067832,359.219591,26546.985165
485,-8.795727,9.723451,5.353247,76.743962,20662.486719
485,-14.379311,13.715559,21.727193,219.00874,340373.161465
485,3.630025,24.516858,3.510302,157.378359,8884.585114
485,-1.54581,-0.58728,6.287726,79.978121,28505.93589
485,-15.497189,-2.034981,3.316424,88.301313,7930.27259
485,-11.049608,-1.167384,12.679493,101.549939,115918.256007
485,-28.135312,6.914162,4.19329,313.732461,12678.210112
485,-8.384683,15.909244,2.850118,23.256476,5856.981074
485,-13.085019,-0.108574,7.774424,328.609668,43579.73381
485,-11.47104,19.852026,8.857614,352.382128,56569.402217
485,-20.690539,-15.705939,6.031154,258.765462,26227.018768
486,6.769953,19.274815,5.094896,64.367494,18716.245415
486,8.322978,0.49564,6.653446,129.71881,31918.421621
486,15.608259,-9.775852,6.978029,326.213832,35108.604737
486,6.817888,-0.285737,27.372827,319.764239,540240.803719
486,-16.292492,5.981624,6.028314,339.75058,26202.325377
486,-14.29783,7.037729,7.344233,357.207832,38890.265703
486,6.029733,-4.981278,8.027829,295.721114,46466.960942
486,0.171328,-7.329804,5.517093,238.912494,21946.674216
486,-12.372709,9.719635,5.073907,326.061632,18562.353389
486,-5.981459,6.759983,9.292436,275.092608,62259.736335
486,-21.94671,2.447208,6.752606,281.354887,32876.905231
486,2.48094,10.878575,4.220975,49.826422,12846.166144
486,-1.313503,-14.186912,19.954669,307.64642,287102.599511
486,1.662105,-1.842441,6.752227,307.407793,32873.207832
487,5.682468,-7.750471,2.160915,262.194159,3366.845957
487,7.412804,-20.615187,16.292679,260.087164,191396.103374
487,11.856949,-2.569296,1.815542,163.329558,2376.624688
487,4.806997,-3.21219,8.758169,305.803256,55306.313449
487,-10.222263,3.242577,13.645039,207.193439,134244.856274
487,-11.766739,11.485496,6.56376,286.753438,31063.72146
487,-4.075969,-2.489256,8.542346,122.993011,52614.124691
487,-20.884064,5.785156,9.250114,243.396899,61693.898437
487,11.369318,23.047306,4.64992,344.716926,15589.747601
487,-15.330007,6.329736,4.869876,183.925311,17099.515965
487,19.331997,-1.678498,12.746599,186.569737,117148.490732
487,-16.95865,8.505689,7.072228,215.874602,36062.896872
487,-20.952361,11.738281,2.783554,308.943523,5586.595445
487,-27.115355,14.560104,3.605414,246.859644,9372.564983
488,10.212721,-1.292476,6.55084,14.837243,30941.547279
488,9.928742,-0.632044,2.854887,264.899767,5876.595455
488,12.354115,3.779582,8.005687,152.712734,46210.986896
488,7.821789,-12.645665,4.036727,283.862305,11749.160556
488,14.729968,10.955506,6.435354,237.422751,29860.216126
488,-19.057856,-3.536602,4.831838,261.984056,16833.435435
488,-12.700614,22.611614,11.779632,119.879509,100048.719871
488,-18.395239,7.675609,8.807531,235.143164,55931.493663
488,-4.632651,0.48196,4.358462,109.709065,13696.65557
488,-3.192437,3.267578,4.796197,269.124789,16586.018236
488,-22.028456,-10.24123,9.252781,246.38605,61729.478266
488,-15.065441,-1.504988,2.872913,89.507123,5951.04029
488,10.412887,12.93404,9.448374,154.191787,64366.847761
489,10.689908,-4.239525,2.561882,9.313543,4732.233998
489,10.128632,-7.66737,10.683145,217.203589,82289.86305
489,13.230931,-3.037355,8.493224,44.586622,52010.767225
489,-9.521352,-4.411411,4.358189,264.368257,13694.941835
489,-13.291643,-4.835869,19.310492,79.580128,268865.295085
489,7.454444,9.608889,2.671419,20.62472,5145.553357
489,20.168936,5.703414,10.844309,54.245154,84791.411872
489,-4.611953,3.523964,24.651538,69.514913,438163.427114
489,-20.752195,30.210008,4.003889,279.702433,11558.784566
489,9.317259,-9.678179,8.868037,289.240927,56702.617402
489,-3.835798,14.189642,5.616504,240.219437,22744.701887
489,-11.165768,13.723116,7.089705,252.784385,36241.348702
489,-11.134073,-1.760125,9.568674,241.49795,66016.358266
490,0.021536,-5.232442,4.082685,137.73183,12018.210297
490,5.714808,-5.314467,6.71192,52.130884,32481.913682
490,6.516495,-1.964068,9.217648,274.214651,61261.599395
490,-6.366004,7.406714,6.529775,232.322196,30742.875682
490,-20.449357,6.55594,10.65322,345.231522,81829.499279
490,-7.831825,2.540859,5.301121,271.766604,20262.056287
490,-8.602156,-0.706361,4.051636,339.366542,11836.110831
490,-8.671304,-0.499511,6.774011,347.870609,33085.664847
490,-6.166599,-1.104844,9.648592,37.676146,67123.708829
490,-9.607191,-4.473209,4.582587,286.747981,15141.520347
490,-17.930339,-4.131363,10.358692,154.907262,77367.391279
490,-18.462457,21.737439,6.039341,194.844481,26298.266654
490,-6.344346,-18.892942,5.648602,35.640197,23005.412356
491,3.373686,-9.131623,5.825152,37.42029,24465.977109
491,-15.324575,12.989005,5.623927,173.243411,22804.856846
491,-17.57436,1.561013,6.711519,329.682223,32478.028835
491,-8.231799,-2.104752,5.035217,1.896974,18280.347925
491,-5.322409,1.201191,8.682023,222.916304,54348.796757
491,0.379915,-0.334478,9.30336,245.036363,62406.196181
491,-10.2477,-12.326337,5.098005,258.316014,18739.093376
491,-4.431323,13.628122,14.386532,209.195704,149231.43428
491,-19.652919,8.107766,2.737818,240.526445,5404.520577
491,-12.387135,7.003559,13.132785,224.347545,124354.569732
491,-5.622104,-8.903262,5.906243,316.135274,25151.896068
492,2.097263,-21.307713,19.755573,348.040393,281402.094822
492,10.092527,-4.102476,13.156309,295.72446,124800.468053
492,0.755392,-11.226424,12.38488,220.704658,110594.020353
492,-18.927431,-6.083219,5.762263,27.242144,23940.551933
492,-24.499457,25.465703,10.497843,113.409364,79459.93994
492,-12.211038,2.010303,13.048612,277.168481,122765.610258
492,-4.964639,-4.522949,7.995723,126.136449,46096.032167
492,-13.864203,12.193536,5.43531,46.345588,21300.835171
492,-7.086554,6.194754,5.40157,69.937542,21037.209284
492,-4.503619,4.676127,21.819525,182.213889,343272.232815
492,-3.078281,-6.616184,6.629952,118.971698,31693.40116
493,11.231473,-8.184258,3.801484,215.75649,10419.683206
493,2.181669,-9.991159,5.834336,48.480106,24543.188676
493,-14.367542,10.11289,4.830412,169.12843,16823.505092
493,-15.677437,8.929025,5.943064,77.447536,25466.475037
493,-4.330828,2.880375,6.59858,65.339664,31394.175045
493,-19.976593,4.542094,4.197922,125.735394,12706.234271
493,-16.734888,-7.129515,5.621565,185.477657,22785.710912
493,-5.92743,2.571121,12.52456,215.460579,113102.705937
493,-10.955163,2.732391,9.101802,276.471688,59731.416325
493,-10.194359,-3.009272,7.225186,193.782459,37639.702774
493,2.087456,0.675108,4.623387,136.628517,15412.34117
494,9.31556,3.406462,7.719302,60.933864,42963.946373
494,-18.794891,3.750796,4.543596,267.074134,14884.953318
494,10.31654,11.105311,4.554289,58.719166,14955.1001
494,-11.915946,-5.738143,4.713884,35.339141,16021.600489
494,-13.616536,-1.160866,4.43044,10.97416,14152.781214
494,11.465843,2.24275,10.918374,40.147687,85953.588205
494,-16.242081,9.472951,4.304849,16.982555,13361.767093
494,-9.566924,-11.152626,9.023788,146.898663,58711.85676
494,-10.542753,-10.509679,8.272502,116.100741,49342.576362
494,-15.121585,-11.107618,8.640195,316.943518,53826.380978
495,-9.654333,0.650433,13.497868,95.794143,131364.623306
495,-0.155442,-0.461046,9.465266,32.72556,64597.209948
495,-8.129086,11.927502,3.274436,42.804576,7730.738999
495,-13.474129,-2.858383,3.995769,199.956818,11511.950671
495,-5.180505,1.818096,5.365395,165.150913,20756.374127
495,-15.974221,-1.939933,8.529197,210.158383,52452.282453
495,-2.597629,1.809115,18.758147,56.58374,253704.372197
495,-15.178556,2.161552,8.552599,356.160334,52740.502789
495,-18.466985,5.187125,10.012729,195.768879,72285.805412
495,-14.709996,7.160951,16.795553,187.645564,203393.319589
496,10.258258,-11.944818,9.882238,219.64104,70413.940787
496,-0.707731,16.156561,6.527841,6.398397,30724.670855
496,-11.287204,10.241573,9.141566,36.671839,60254.473864
496,1.721981,-13.478943,11.172536,43.222307,90001.890845
496,7.64366,-3.130476,6.895966,159.932639,34287.70036
496,-1.70424,5.054789,4.256529,254.418794,13063.494314
496,-1.927555,-5.230944,12.639196,180.98856,115182.627428
496,0.513731,21.051392,3.842981,123.477429,10648.406723
496,-17.980915,-4.11238,4.431321,5.675912,14158.409972
496,-12.480251,5.517772,3.090329,113.828363,6885.848704
497,14.319055,0.281934,7.49056,13.340122,40455.412244
497,-16.416906,2.219978,8.285256,129.944276,49494.835761
497,-3.368825,9.246807,3.497837,64.484039,8821.596425
497,-1.299166,3.119234,8.091943,3.087975,47212.141371
497,-3.567506,4.259195,5.293513,244.497781,20203.938454
497,8.131877,8.263411,16.502494,1.216955,196357.389891
497,-11.24002,-5.081375,8.66852,50.557193,54179.876381
497,-18.658033,-8.878214,8.901606,340.672832,57132.703158
497,-2.173833,11.179118,2.530797,15.378874,4618.092761
498,8.05996,-22.428427,4.170969,296.632027,12543.592235
498,-3.300877,-5.670264,14.503105,245.370273,151659.647622
498,-8.033193,-1.536833,7.790462,320.13639,43759.71662
498,-10.638345,9.066431,4.439469,263.097754,14210.525792
498,-4.997148,0.224912,2.610411,247.420641,4913.214652
498,-6.888334,3.446883,7.618801,252.811137,41852.494519
498,-12.444991,0.423263,9.56147,337.992613,65916.996985
498,-17.453968,4.861081,9.40434,81.057626,63768.286639
498,1.427115,4.005156,9.769129,340.87283,68811.302602
499,-12.205942,4.865603,6.068319,190.197435,26551.243636
499,-18.822639,0.905474,1.962546,236.341633,2777.074892
499,-12.622068,19.242954,6.223274,260.806525,27924.529774
499,-10.447044,-9.538854,9.669471,272.654555,67414.531688
499,-23.764641,-8.41615,5.861885,250.450365,24775.510634
499,-16.028941,10.179496,2.171793,93.475896,3400.830333
499,1.158391,-12.446598,2.953048,188.748831,6287.658655
499,-3.916381,4.96644,22.076907,220.030977,351418.422064
500,-14.257037,19.024576,9.527898,314.278904,65454.915818
500,-10.037382,-2.552664,7.597334,211.688237,41616.970643
500,-5.648911,-3.558741,5.056398,55.327365,18434.466516
500,-11.332838,10.305055,1.692174,50.859181,2064.610165
500,-16.807097,19.225887,4.658964,356.016251,15650.451306
500,-16.562273,4.250062,6.496346,176.644228,30428.909936
500,-19.350752,0.512037,22.557647,351.888361,366889.82547
500,-6.951783,19.340573,18.750083,339.164327,253486.28345
501,-9.478577,-6.531705,2.448755,320.472561,4323.532711
501,2.247332,7.813022,11.296516,88.387878,92010.447145
501,-6.272392,0.760532,3.943104,203.932879,11210.489731
501,-1.646229,-3.308818,4.670645,322.996915,15729.023592
501,-22.729443,4.352481,5.687126,64.995088,23320.279699
501,-19.852025,-9.552133,6.00919,31.11254,26036.339083
501,-13.553746,2.296074,9.388562,171.10749,63554.494552
502,-14.820953,7.632844,4.988886,0.893593,17945.489652
502,-7.011089,9.032663,33.118162,321.866758,790825.262158
502,-7.937867,-2.34936,8.345186,80.994904,50213.452322
502,-14.271522,-3.485941,7.945909,18.123007,45523.454149
502,-11.154377,9.392585,7.609969,325.981229,41755.520084
502,-1.831485,-19.799219,7.378078,339.825375,39249.539463
502,0.038798,13.63195,5.623023,232.24596,22797.533043
503,-5.012366,-13.988264,11.1334,64.332235,89372.454183
503,-6.394404,15.75952,4.656978,68.565179,15637.106139
503,-6.966156,20.483198,7.76859,264.396313,43514.35122
503,-21.540428,10.693643,5.347313,278.419523,20616.710031
503,-14.626435,11.097482,5.68461,329.645097,23299.650398
503,-15.105095,6.273797,10.558431,341.344413,80379.791245
503,-19.634097,22.298204,7.589722,281.588943,41533.62761
504,-3.885984,6.966168,5.702706,75.304177,23448.231339
504,2.979988,5.12394,21.167481,153.872443,323062.414607
504,-27.773535,3.229887,1.73337,119.098123,2166.35958
504,-14.142099,-4.579052,2.487644,124.227338,4461.946792
504,-10.361725,-12.299434,2.909091,193.905629,6101.866378
504,-14.749241,4.783779,5.174438,170.940705,19305.206284
504,-4.989186,8.19247,16.071605,342.41617,186237.253685
505,-7.858758,3.22767,6.032541,343.686483,26239.084891
505,-10.126219,4.697355,1.888996,75.913529,2572.825542
505,-12.096232,-6.0436,7.949519,71.497143,45564.834493
505,-12.473191,-6.742523,8.564674,323.222103,52889.53905
505,-2.671111,3.896573,4.785474,207.712538,16511.934631
505,-5.409251,8.256748,11.097616,224.033779,88798.879202
506,-13.237888,18.527688,2.928775,329.631483,6184.722102
506,-22.726341,17.418029,6.42847,222.086492,29796.365843
506,-4.1046,10.960858,17.474986,303.102623,220181.963867
506,-7.048135,-3.165179,6.232339,339.860787,28005.945256
506,-19.34793,7.397971,5.303944,135.522383,20283.641251
506,-9.071909,-20.633493,4.579367,196.392839,15120.249618
507,3.747373,-12.470912,7.531471,103.237588,40898.534154
507,-3.080206,8.200647,19.542239,39.800271,275357.365536
507,-0.626882,2.338831,4.282223,137.629277,13221.678414
507,-0.50583,5.131427,11.626895,208.191844,97471.038874
507,-3.659557,19.455608,5.51404,212.348483,21922.391641
507,-4.098347,10.35189,6.706217,68.871849,32426.740567
508,-13.558811,12.354172,5.898465,16.579487,25085.691758
508,-6.807547,-8.030227,7.621474,208.238566,41881.870818
508,-6.599439,4.25251,6.740661,327.309345,32760.690152
508,-1.762911,0.139245,5.673573,134.259898,23209.265963
508,0.630993,-14.8656,9.555357,266.232013,65832.732754
508,-1.30785,-2.907121,5.80927,332.76282,24332.749239
