0,1,2,3,4,5
1,21.346552,6.699338,11.150864,165.372908,134479.584404
1,14.804223,5.579057,15.690912,253.371556,266278.252776
1,22.707557,6.909605,7.815813,245.804547,66067.463103
2,-19.450875,-6.394956,6.589898,322.641949,15655.808197
2,20.131357,6.505857,3.83742,87.576168,15926.412239
2,21.109898,6.662099,7.076054,277.444385,54152.889287
3,-17.342195,-6.038374,8.220624,232.883612,24362.827829
3,21.658806,6.748158,10.480739,102.761754,118801.829883
3,25.2348,7.283966,4.043744,287.696669,17685.064102
4,18.851266,6.295616,7.106279,221.970061,54616.499298
4,13.666811,5.360454,4.982544,134.660686,26849.829599
4,25.123475,7.267882,10.729783,193.668318,124514.878037
4,11.065833,4.823475,5.269734,35.8902,30034.248414
5,-16.523579,-5.894135,4.562257,332.78227,7503.736554
5,-15.719106,-5.748863,22.186186,155.087341,177453.015725
5,17.92863,6.139621,10.176626,255.317198,112007.462452
5,17.785296,6.115029,10.08434,80.068192,109985.20255
6,17.678962,6.096722,7.757097,250.89969,65078.542558
6,26.912389,7.522187,7.518309,167.771219,61133.565691
6,15.671402,5.740133,13.220855,78.650902,189042.053994
6,24.141962,7.124498,4.295634,11.448958,19956.93963
7,8.217591,4.15662,4.889021,14.075665,25851.340689
7,-13.480975,-5.323885,11.236214,324.346652,45515.374344
7,22.28689,6.845304,4.906536,37.253506,26036.898333
7,18.42937,6.224769,11.296837,336.317757,138023.50514
7,5.91891,3.527677,4.34727,118.226361,20439.610531
8,11.334416,4.881661,16.783334,300.552211,304646.232127
8,24.464882,7.171988,4.224825,13.451484,19304.422969
8,14.206848,5.465336,4.500704,307.287771,21907.871894
8,-29.026117,-7.812004,2.728978,282.8104,2684.838134
8,32.573297,8.275588,7.432169,43.359324,59740.731672
9,-28.174771,-7.696587,6.647725,180.843077,15931.775963
9,-18.835186,-6.292931,8.503474,318.507679,26068.188178
9,13.431931,5.314192,8.590265,41.371027,79809.112442
9,22.09329,6.815508,2.785446,307.432638,8391.293312
9,20.970844,6.64012,3.050717,340.7198,10065.6786
10,8.450239,4.215048,8.652578,256.438271,80971.156969
10,-18.737754,-6.276633,6.67229,75.667769,16049.735459
10,15.571137,5.721741,15.534205,314.078874,260986.125963
10,26.141871,7.413723,7.363715,211.757101,58645.316375
10,14.725467,5.564198,5.595413,325.896666,33861.299737
10,19.298904,6.369925,3.811035,297.950068,15708.152646
11,29.634883,7.8935,4.051675,73.755728,17754.503917
11,17.379824,6.044922,1.636222,251.653037,2895.500068
11,11.921778,5.006549,2.588017,347.971893,7243.918974
11,20.9525,6.637216,5.197574,228.039606,29217.337504
11,14.324566,5.487932,12.536405,136.30884,169975.11968
11,20.198338,6.516671,6.061991,205.147878,39743.84203
12,18.320707,6.206391,11.272769,89.984536,137436.025084
12,11.232793,4.859727,3.276517,253.95013,11610.857364
12,12.364923,5.09875,6.862015,173.31091,50926.357003
12,-9.13853,-4.38335,6.448644,17.219015,14991.839092
12,-15.166078,-5.646829,7.546485,128.758787,20530.877792
12,12.313011,5.088036,11.916358,326.607946,153577.080367
13,18.084848,6.166311,10.130612,151.105735,110996.862737
13,23.232546,6.989022,4.955237,94.702947,26556.337637
13,20.893436,6.627854,9.742043,113.9776,102645.381309
13,-1.433502,1.73607,8.797545,62.446126,83707.101708
13,23.224165,6.987761,8.875881,258.258928,85204.443663
13,11.872288,4.996147,3.449784,137.935921,12871.320147
13,-21.585732,-6.736765,13.147729,334.594162,62318.867948
14,15.488705,5.706575,8.900292,201.887288,85673.76919
14,28.739179,7.773296,16.934852,269.60691,310171.664394
14,19.406267,6.387619,10.037232,140.45311,108960.04657
14,9.702438,4.516567,12.215038,293.980853,161372.304439
14,18.21306,6.18813,11.956447,91.637515,154612.149149
14,17.611169,6.085021,3.983993,211.147195,17166.291322
14,4.567569,3.098921,6.217147,265.96506,41804.36814
15,10.913625,4.790188,6.470031,158.755402,45274.337549
15,13.311806,5.290375,4.004897,46.317269,17346.907678
15,18.251019,6.194576,2.671359,211.952422,7717.986145
15,17.43047,6.053723,8.129382,315.430389,71475.04382
15,31.115384,8.088269,3.401983,84.480544,12517.098216
15,-24.84576,-7.227601,11.536495,149.024243,47980.618716
15,18.100995,6.169063,8.273044,205.661043,74023.566316
16,6.216884,3.615384,12.788013,263.304197,176866.449301
16,18.425937,6.224189,14.443537,224.386154,225624.611817
16,28.524818,7.744251,7.361582,37.041151,58611.341528
16,3.925628,2.872914,11.061896,309.786346,132342.243238
16,7.978393,4.095677,5.516307,183.496609,32910.632179
16,34.495786,8.516301,6.131454,250.618641,40659.899864
16,25.634153,7.341376,10.606191,15.201927,121662.908503
16,22.484569,6.875595,3.919976,303.839518,16619.048626
17,15.383389,5.687141,5.669896,327.51217,34768.790909
17,7.910962,4.078333,4.836422,59.945804,25298.091555
17,-17.342355,-6.038402,5.377671,125.818033,10425.732934
17,19.776344,6.448237,9.220909,286.968464,91957.422443
17,21.241859,6.682889,8.410839,16.997613,76509.964946
17,-5.243089,-3.32018,9.453688,255.944056,32219.63422
17,13.798975,5.386311,2.980992,235.821753,9610.832318
17,14.240534,5.471812,8.255497,195.768331,73709.895209
18,23.506173,7.030059,5.699449,74.331172,35132.181827
18,13.980229,5.421571,3.664956,35.247502,14527.03274
18,10.693861,4.741713,9.960742,211.315801,107305.686873
18,-11.600977,-4.93873,6.167283,99.402437,13712.157382
18,12.187977,5.062136,2.906809,79.801587,9138.44418
18,19.608847,6.420872,10.057476,164.801233,109400.003358
18,25.104755,7.265174,7.981282,174.51582,68894.508711
18,15.497976,5.708283,9.742859,239.614079,102662.578875
19,19.334423,6.375784,8.995003,164.974381,87506.840043
19,12.468743,5.120111,13.012747,223.665966,183137.504261
19,-14.884885,-5.594235,2.392051,261.971932,2062.809404
19,23.24083,6.990268,4.276762,199.135997,19781.97233
19,14.423135,5.506781,12.305083,124.667708,163760.218339
19,14.018684,5.429022,10.027421,253.17494,108747.14592
19,13.704227,5.367787,16.574884,291.097008,297125.777603
19,15.45573,5.700498,10.792717,64.458356,125979.797024
19,20.310007,6.534661,5.087526,24.894793,27993.203007
20,-13.55997,-5.33946,22.59896,273.053326,184117.462415
20,19.953609,6.477072,16.727866,166.899844,302635.861245
20,15.196974,5.652578,10.650825,36.360393,122689.053542
20,18.700308,6.270359,4.763606,304.691077,24542.063584
20,10.540066,4.707493,4.027082,298.390264,17539.620123
20,9.259012,4.412151,6.543067,26.472127,46302.249466
20,-15.372775,-5.685179,7.321629,64.958437,19325.625402
20,7.832685,4.058105,3.798256,294.586785,15602.99218
20,9.83878,4.54819,7.970444,339.368021,68707.536288
21,15.116966,5.637679,7.341836,85.776322,58297.339533
21,21.896449,6.785078,8.118764,283.412739,71288.450358
21,20.477858,6.561608,2.850595,224.990797,8788.409359
21,12.93288,5.214536,2.117536,246.006945,4849.5422
21,12.905452,5.209003,4.816879,23.125205,25094.050334
21,18.020794,6.155381,8.218087,311.880711,73043.361355
21,18.816742,6.289849,3.704099,201.792942,14838.997769
21,14.420332,5.506246,9.982827,69.750256,107782.047089
21,-1.417512,1.72636,10.261547,62.767697,113884.598625
22,32.740134,8.296754,8.489708,336.563358,77951.560541
22,15.18228,5.649844,5.697387,329.66575,35106.762881
22,-25.713116,-7.352675,5.328326,115.512617,10235.27872
22,10.243238,4.640733,10.038851,31.220318,108995.194757
22,-24.213607,-7.135062,3.027005,111.248003,3303.271301
22,-10.365334,-4.66831,6.939013,187.218836,17358.551614
22,10.451658,4.687709,5.440876,298.223822,32016.727237
22,-19.452154,-6.395166,7.515358,38.258274,20361.856577
22,-21.018209,-6.647615,3.679913,218.541196,4881.949389
22,-12.653073,-5.157818,8.181013,4.521963,24128.607622
23,16.884937,5.958236,6.735908,281.145221,49071.753894
23,16.229999,5.841539,4.512696,106.534287,22024.779744
23,12.165389,5.057443,5.684272,303.306425,34945.32706
23,8.960838,4.340526,7.937418,248.125417,68139.328564
23,12.788432,5.185333,5.199575,118.481005,29239.844122
23,24.471944,7.173023,8.446496,28.029284,77160.049554
23,2.939345,2.485955,7.623887,101.091722,62862.580094
23,20.839384,6.619275,4.453597,193.011699,21451.670885
23,20.954621,6.637552,10.793696,150.310164,126002.661869
23,21.364324,6.702126,7.952994,12.262416,68407.017187
24,13.743459,5.375465,9.280312,311.22082,93146.067705
24,10.108944,4.610212,3.993459,248.237044,17247.962474
24,17.047467,5.986844,9.510134,49.050671,97816.609032
24,21.379693,6.704536,4.003421,347.188028,17334.124776
24,17.182724,6.010547,3.016192,301.04364,9839.143062
24,17.291403,6.029525,3.831437,91.973608,15876.787472
24,8.932445,4.333643,8.160594,317.541388,72024.929093
24,14.994793,5.614851,7.54805,206.691229,61618.176549
24,14.092939,5.443382,3.638611,283.10407,14318.929255
24,-16.106007,-5.819182,7.840932,168.786577,22164.26937
25,12.592688,5.145496,9.349252,274.468476,94535.090519
25,13.085348,5.245183,6.304812,135.056195,42991.603666
25,4.860142,3.196631,15.001195,90.736176,243383.456449
25,16.016124,5.802922,7.014695,139.253317,53217.805566
25,-19.717519,-6.43864,4.687459,16.567429,7921.239175
25,-17.239562,-6.02048,7.432765,102.99419,19916.76672
25,17.671122,6.09537,10.23872,41.151522,113378.492346
25,-16.299728,-5.854074,10.163141,311.661198,37236.935984
25,12.34118,5.093852,7.311073,356.698688,57809.806492
25,15.39693,5.689644,10.320017,106.330212,115186.13004
25,19.187062,6.351441,6.756019,254.098547,49365.220514
26,13.260433,5.280157,3.072837,201.22731,10212.177126
26,18.381467,6.216674,7.909406,56.370173,67659.239972
26,25.253096,7.286607,5.353609,29.026359,30997.92474
26,-21.53207,-6.728386,6.159648,74.780913,13678.2281
26,8.532086,4.235411,6.674948,105.109742,48187.582478
26,18.778673,6.283483,11.740167,269.944786,149069.198733
26,17.273655,6.02643,6.418908,334.870559,44561.688799
26,15.27271,5.666646,3.80409,335.322724,15650.958342
26,16.078873,5.814278,8.496809,79.860163,78082.02221
26,-6.914567,-3.812857,4.591474,57.786682,7600.152363
26,18.668778,6.26507,11.084684,288.405205,132888.071376
27,17.373658,6.043849,5.3762,348.308767,31260.088315
27,16.750894,5.934539,4.737534,51.155199,24274.145447
27,11.052289,4.820523,5.079692,2.74961,27907.062821
27,9.679826,4.511301,8.501559,104.931149,78169.341804
27,10.805896,4.766487,11.554931,143.535399,144402.279912
27,16.890778,5.959267,9.746061,174.533013,102730.061407
27,2.937136,2.485021,6.616808,197.76185,47351.785826
27,25.11784,7.267067,7.052676,298.127426,53795.647304
27,22.728865,6.912846,3.746606,128.785918,15181.52568
27,18.423817,6.223831,2.725622,232.85385,8034.71599
27,13.278876,5.283828,3.746373,89.05684,15179.632611
28,18.467264,6.231165,6.912592,79.359558,51679.840274
28,13.712196,5.369348,37.265821,42.18296,1501968.142622
28,-24.565217,-7.18668,8.268912,238.631398,24649.878086
28,21.503766,6.723962,6.874398,280.820497,51110.322433
28,20.87613,6.625109,20.419769,195.625973,450963.064204
28,7.191958,3.888585,6.378963,254.50832,44008.793444
28,33.590107,8.403761,2.600704,351.236823,7315.11815
28,22.466723,6.872866,5.532479,149.934398,33103.873855
28,20.473774,6.560953,2.986269,281.008337,9644.886115
28,15.45255,5.699911,10.559284,16.948331,120589.163089
28,18.088914,6.167004,6.657091,135.294446,47930.100186
28,10.729038,4.749505,8.332246,283.754173,75086.790933
29,-14.834411,-5.584742,11.269325,39.320184,45784.012336
29,11.710472,4.961982,11.146581,201.025716,134376.292818
29,24.801067,7.221097,17.935011,161.960013,347890.556678
29,18.952394,6.31248,10.841912,188.832885,127130.888126
29,18.535036,6.242589,12.457987,309.292132,167855.310753
29,17.624547,6.087332,5.908056,108.287087,37751.001167
29,-17.742713,-6.107704,2.73782,334.526152,2702.265252
29,13.081793,5.24447,6.028257,21.990034,39302.748141
29,11.37504,4.890401,8.127803,152.807161,71447.274239
29,-29.57016,-7.884876,2.766593,204.569677,2759.362371
29,-25.02651,-7.253843,6.251172,90.563238,14087.726919
29,15.438256,5.697274,5.396666,164.223997,31498.539869
30,19.199172,6.353445,12.320103,39.352404,164160.261644
30,4.621891,3.117295,11.357002,359.852923,139497.595159
30,19.323517,6.373986,4.925098,46.468203,26234.280301
30,7.96273,4.091655,8.752285,283.904745,82848.044091
30,11.938906,5.010145,3.305584,21.459877,11817.777229
30,15.895195,5.780973,4.482892,121.353648,21734.807678
30,-13.848948,-5.396055,9.717317,202.481805,34041.669606
30,-15.392656,-5.688854,5.358294,174.447464,10350.734968
30,8.672095,4.270021,13.195792,314.96885,188325.996367
30,14.331408,5.489243,4.663815,53.850581,23524.581971
30,17.622759,6.087023,9.761608,296.507336,103058.082701
30,3.36121,2.658372,4.263661,1.036968,19660.957349
31,11.325672,4.879777,3.119806,161.755758,10526.754763
31,17.324542,6.0353,5.941462,244.360387,38179.127419
31,15.171946,5.647921,7.471151,74.54223,60369.049284
31,14.060318,5.437078,11.155908,59.58182,134601.270583
31,5.337372,3.349899,3.446518,30.964504,12846.960694
31,15.637511,5.733923,7.170404,44.529635,55606.636792
31,11.539294,4.925583,5.229226,101.231496,29574.282341
31,13.699916,5.366943,7.331987,244.250396,58141.023231
31,26.015201,7.395739,8.950779,299.604436,86648.49912
31,18.016865,6.15471,2.923007,79.079831,9240.574491
31,-1.014029,1.460135,10.004338,97.44109,108247.034647
31,-26.639994,-7.484022,4.029704,106.166831,5854.157111
32,25.670207,7.346537,5.216241,2.647203,29427.584409
32,14.012072,5.427742,13.508301,308.242076,197351.657906
32,17.173955,6.009013,5.929385,117.506257,38024.077644
32,-22.663811,-6.902946,1.522011,40.901207,835.128765
32,9.382054,4.44137,6.599177,20.964214,47099.784146
32,15.366067,5.683938,8.719156,108.332358,82222.036586
32,16.954507,5.970498,6.699758,32.080099,48546.459443
32,-11.424779,-4.901081,3.018753,14.4228,3285.287396
32,8.281145,4.172662,7.319166,170.914302,57937.870108
32,10.711635,4.745652,6.60764,12.910343,47220.659978
32,9.259896,4.412361,14.229703,29.421241,218993.389142
32,26.908899,7.521699,8.03351,54.768614,69799.123769
33,27.172898,7.558506,20.63218,310.770514,460393.898102
33,19.697307,6.435339,2.879313,202.670062,8966.381025
33,16.211702,5.838245,6.191051,154.075133,41454.159415
33,2.714107,2.388809,13.348105,141.429897,192698.607276
33,-17.518766,-6.069037,3.201481,215.969619,3695.045955
33,24.607605,7.192878,16.319561,13.636315,288042.288964
33,12.808317,5.189363,7.44145,238.366698,59890.020766
33,11.996869,5.022292,12.947042,228.532656,181292.756598
33,12.779299,5.183481,10.760655,164.807495,125232.415704
33,10.986144,4.806076,11.145264,23.570936,134344.54631
33,7.985045,4.097384,2.961609,162.466734,9486.254549
33,20.097447,6.500376,18.511027,289.961107,370595.683765
33,-19.758898,-6.445392,15.202711,85.445368,83322.089504
34,12.038401,5.030978,7.594349,290.157653,62376.414594
34,16.871957,5.955946,5.819008,357.22555,36621.592893
34,13.9416,5.414075,13.666727,225.348635,202007.919455
34,12.204824,5.065634,12.236223,335.450009,161932.540432
34,9.265301,4.413649,8.962032,303.089426,86866.490224
34,-24.609784,-7.193196,6.433249,158.179575,14920.343787
34,-20.191596,-6.515584,11.366008,253.858436,46572.973854
34,23.037995,6.959697,8.446693,61.998824,77163.639785
34,28.627644,7.758197,4.599658,117.46543,22881.815551
34,-19.277505,-6.366393,10.689668,8.644389,41195.190902
34,19.990367,6.483035,6.235198,38.628302,42047.469761
34,15.77133,5.758404,3.273765,30.189588,11591.358866
34,-19.657919,-6.428902,12.104816,11.439005,52824.390754
35,6.440784,3.679911,1.654774,314.147127,2961.535315
35,21.511499,6.725171,6.477148,96.608966,45373.993952
35,-18.665123,-6.264457,3.87212,243.022664,5405.249823
35,16.399294,5.871926,7.671558,145.376154,63651.182085
35,11.288832,4.871834,2.489384,278.897746,6702.288534
35,5.441254,3.382342,8.432467,226.952804,76903.940504
35,11.449674,4.906418,9.489068,334.223826,97383.730462
35,-17.918686,-6.137918,16.475181,101.080858,97853.978013
35,18.859063,6.296918,4.229395,20.137244,19346.205954
35,13.204708,5.269051,6.936021,349.36543,52030.749869
35,5.828862,3.50074,2.487645,23.916788,6692.928538
35,-18.462523,-6.230366,7.137751,298.482365,18367.109329
35,-27.950145,-7.665845,4.85455,333.873912,8496.031412
36,6.834437,3.7907,4.25248,31.340678,19557.976642
36,15.142615,5.642459,7.673521,346.237715,63683.760628
36,10.524853,4.704094,5.041586,71.909712,27489.928468
36,24.121412,7.121465,8.277254,30.444148,74098.917331
36,11.227537,4.85859,7.07265,143.518264,54100.791647
36,11.214827,4.855839,4.336611,103.32143,20339.50181
36,9.596722,4.491894,4.130153,98.682542,18448.949598
36,22.189574,6.830343,7.988305,226.088268,69015.806371
36,14.327125,5.488422,5.375607,265.000636,31253.193743
36,8.636955,4.261361,14.208329,306.109326,218336.007901
36,15.258558,5.66402,3.975449,161.283414,17092.739847
36,14.731692,5.565374,4.032317,108.946687,17585.25478
36,25.672814,7.34691,5.585624,302.530306,33742.924491
37,12.721205,5.171686,10.245159,48.629492,113521.131813
37,-11.395059,-4.894702,4.886454,332.379577,8608.06846
37,30.982287,8.070952,6.468947,145.861307,45259.157492
37,3.177637,2.58476,3.505931,182.689828,13293.706949
37,-24.118775,-7.121076,9.600261,101.40443,33226.46719
37,1.714055,1.898368,16.981057,81.874623,311866.529734
37,25.919236,7.382086,8.860973,223.779041,84918.47255
37,15.455927,5.700534,8.06651,207.43504,70373.74326
37,24.30062,7.147871,6.820656,261.87374,50314.31892
37,16.425736,5.876658,2.374229,141.170869,6096.555137
37,14.605725,5.541528,10.368386,124.552694,116268.390389
37,18.791322,6.285599,7.304275,204.997811,57702.355329
37,31.757918,8.171354,10.891464,47.522168,128295.636164
38,19.753765,6.444555,3.922506,106.099904,16640.509065
38,-17.166272,-6.007669,9.452963,300.199779,32214.691943
38,17.487701,6.063653,5.986627,283.911835,38761.776234
38,13.435634,5.314924,6.893598,34.90415,51396.226645
38,17.936333,6.14094,12.116779,343.003454,158786.54032
38,7.649573,4.01039,14.117667,102.803823,215558.535809
38,18.278353,6.199213,5.929816,96.547588,38029.604726
38,0.895314,1.372005,7.54016,129.103952,61489.420901
38,21.551541,6.731427,21.148505,122.549015,483725.151831
38,-20.200324,-6.516992,16.12982,266.331523,93794.442102
38,12.509939,5.128562,4.80963,52.141294,25018.575585
38,-10.299329,-4.653422,9.20238,12.932894,30529.407685
38,25.902064,7.37964,6.973726,112.845218,52597.980517
38,14.984705,5.612962,11.926358,152.351252,153834.957667
39,20.80067,6.613124,7.602266,41.961039,62506.532465
39,9.197623,4.3975,9.666072,196.450998,101050.717971
39,16.539365,5.89695,5.048735,113.4672,27567.954815
39,13.901753,5.406333,8.118002,240.22634,71275.068376
39,17.413949,6.050854,9.241876,41.592785,92376.088822
39,-14.304779,-5.484141,16.398198,75.362849,96941.631575
39,27.980273,7.669976,4.048876,202.266056,17729.980742
39,11.038564,4.817528,3.162836,139.727652,10819.139594
39,-25.836986,-7.370364,5.187114,240.428242,9699.954858
39,6.645481,3.73793,2.159091,180.937338,5041.751198
39,9.490875,4.467053,5.760596,181.049085,35890.052839
39,19.740343,6.442365,18.529919,108.012638,371352.507296
39,26.163005,7.416719,6.622315,253.893062,47430.642722
39,-7.933932,-4.084249,16.874406,66.663047,102653.805488
40,19.090113,6.335374,11.234818,157.285028,136512.179954
40,6.504196,3.697982,8.174502,245.732539,72270.641874
40,16.174703,5.831579,15.991443,328.623878,276576.083913
40,10.608981,4.722857,8.742553,95.524761,82663.891798
40,17.338213,6.037681,17.778852,237.913772,341858.797931
40,16.365666,5.865903,4.033778,153.573585,17598.002068
40,2.446747,2.268102,5.289467,75.182156,30259.595694
40,-7.972173,-4.09408,10.678501,119.820537,41109.167247
40,-4.92105,-3.216599,6.623253,54.714346,15814.692757
40,-11.495042,-4.916129,4.031106,343.443466,5858.232641
40,-20.826546,-6.617236,8.725786,184.608045,27449.039162
40,25.133693,7.26936,7.192687,325.220554,55952.774574
40,-4.987645,-3.23829,5.504788,13.812624,10924.443344
40,12.472327,5.120846,3.213384,7.980512,11167.72304
41,14.226623,5.469138,14.322417,173.431977,221856.411823
41,-9.750827,-4.527816,10.860639,282.362843,42523.486057
41,23.011697,6.955724,7.923412,276.848853,67899.071903
41,18.193435,6.184796,6.307071,92.430039,43022.411657
41,-20.901244,-6.629092,12.394195,311.90266,55380.227703
41,19.046459,6.328126,14.82238,257.446419,237615.736947
41,18.476265,6.232684,4.609773,223.407966,22982.559985
41,14.495104,5.520503,3.178303,191.428618,10925.214919
41,11.637261,4.946447,5.571327,232.95051,33570.412683
41,-13.575088,-5.342436,3.770136,333.955683,5124.272462
41,22.458595,6.871623,10.614217,335.932654,121847.113728
41,-16.596027,-5.907042,11.231643,155.741719,45478.345786
41,3.280392,2.626218,3.889155,282.695299,16358.738761
41,20.043498,6.491645,5.043557,194.650847,27511.435402
42,-10.832802,-4.772417,7.456441,292.595714,20043.853524
42,15.313271,5.674165,4.02498,145.697472,17521.322418
42,-7.380827,-3.939313,8.663302,56.854802,27057.334588
42,2.332838,2.214677,8.502298,249.034596,78182.933765
42,2.094195,2.098344,16.052763,245.183613,278701.243001
42,-11.390796,-4.893787,7.128838,251.406157,18321.269452
42,15.410491,5.692149,3.452412,356.032245,12890.943098
42,-6.403766,-3.669321,2.422396,6.388185,2115.477705
42,22.773559,6.919639,14.992388,236.846234,243097.762908
42,13.237354,5.27556,5.624444,231.996814,34213.581961
42,-29.779938,-7.912795,2.692213,256.159837,2612.984025
42,-20.960385,-6.638464,7.888145,359.057377,22431.990383
42,-15.725548,-5.75004,3.06884,330.080919,3395.208628
42,13.735364,5.373882,6.43363,313.506462,44766.323773
43,23.472086,7.02496,15.006619,343.151679,243559.482802
43,3.187614,2.588814,14.922436,8.175938,240834.540157
43,17.169932,6.008309,27.633908,143.030043,825893.29483
43,12.010176,5.025077,8.442981,292.282333,77095.834488
43,23.986386,7.101505,2.486965,297.699825,6689.270073
43,-18.623235,-6.257424,10.889352,229.308087,42748.621831
43,-14.575353,-5.535764,12.793923,9.886902,59009.993962
43,-11.640529,-4.947142,10.905696,68.086865,42877.042747
43,-21.633313,-6.744186,6.435162,70.900483,14929.216082
43,20.261339,6.526827,6.424149,121.188384,44634.480609
43,-26.149064,-7.414743,8.264399,300.772556,24622.98041
43,-15.096775,-5.633912,4.042493,1.180206,5891.375052
43,19.536182,6.408964,4.628054,226.211179,23165.210647
43,13.060417,5.240184,11.705379,83.283121,148187.058656
44,-9.243335,-4.408414,10.32542,333.982358,38435.590483
44,16.567268,5.901922,6.760731,295.027781,49434.104534
44,11.147373,4.841214,4.884085,70.332456,25799.172264
44,15.457526,5.700829,6.263039,320.965663,42423.79985
44,17.342064,6.038352,24.342645,339.611753,640877.268032
44,-15.313692,-5.674243,5.02323,139.769959,9096.70518
44,-9.67978,-4.51129,7.450976,137.643406,20014.486231
44,18.002726,6.152295,5.563186,143.681525,33472.377386
44,8.368463,4.194603,2.398747,18.844335,6223.119681
44,10.728011,4.749278,6.234128,135.422772,42033.036383
44,16.542657,5.897536,5.6291,84.707055,34270.251367
44,14.582174,5.537059,2.291065,265.552632,5676.939567
44,-4.858765,-3.196178,8.995928,236.095539,29174.943389
44,10.06728,4.600702,3.774075,221.704771,15404.952726
45,-11.607364,-4.940089,4.012805,208.278275,5805.160024
45,9.5882,4.489899,4.08651,202.352276,18061.108551
45,19.210148,6.35526,8.818232,50.560876,84101.233839
45,10.55987,4.711913,4.37397,286.295627,20691.446441
45,-4.711432,3.147346,14.827007,325.658978,237764.131681
45,19.657205,6.428785,4.778257,133.808854,24693.256447
45,10.961965,4.800784,3.905235,173.88154,16494.295617
45,-8.520443,-4.232521,4.516202,119.87113,7353.004541
45,17.695515,6.099575,5.326579,172.041296,30685.704833
45,15.371066,5.684863,7.145043,147.134253,55213.980409
45,5.394473,3.367771,2.74563,293.705131,8153.110483
45,-11.277129,-4.869308,9.840227,6.762004,34908.270661
45,22.836135,6.92914,8.053776,172.20173,70151.73029
45,25.465397,7.317171,7.425878,149.965909,59639.624673
46,21.1754,6.672427,6.926595,195.058306,51889.42707
46,18.222054,6.189658,4.911758,82.717561,26092.352666
46,18.783434,6.28428,12.257399,134.232389,162493.50664
46,12.861671,5.20016,4.694383,207.147579,23833.968794
46,18.282082,6.199845,2.979681,11.518871,9602.380925
46,14.813616,5.580827,6.750206,340.191455,49280.306356
46,14.429006,5.507902,2.259351,109.72994,5520.857691
46,-22.837228,-6.929305,8.878644,151.590868,28419.170702
46,6.272223,3.631439,3.468829,295.824894,13013.826187
46,11.769008,4.974368,1.630138,294.728197,2874.010345
46,12.124464,5.048929,4.537722,40.653047,22269.735959
46,1.951138,-2.025406,5.199747,68.606328,9747.25727
46,-19.760116,-6.445591,5.781408,200.702995,12049.951199
46,15.907281,5.78317,8.216048,233.077477,73007.132987
47,17.864465,6.128624,9.084102,22.173311,89249.002014
47,-13.161238,-5.260371,3.573694,287.971873,4604.184325
47,4.987452,3.238227,2.946889,176.53673,9392.192596
47,12.046095,5.032585,7.649062,238.548144,63278.437093
47,-10.51952,-4.702902,3.009027,177.143108,3264.150133
47,11.538768,4.92547,5.343074,25.51496,30876.045562
47,3.914001,2.868656,12.289109,165.448787,163335.335026
47,11.507535,4.9188,4.764551,233.483181,24551.796364
47,10.323454,4.658869,5.059704,292.608984,27687.866107
47,-1.666844,1.872042,3.323117,279.047838,11943.473227
47,13.772125,5.381068,9.521766,319.9442,98056.034529
47,0.88166,1.361503,4.576289,310.933234,22649.900378
47,14.437372,5.509499,8.300259,266.077259,74511.384188
47,7.030828,3.844778,7.105039,246.028681,54597.444965
48,-19.770618,-6.447304,9.942819,69.541197,35639.954285
48,12.022719,5.0277,6.964357,57.937433,52456.75699
48,-16.412763,-5.874337,7.874786,33.49979,22356.074759
48,14.901701,5.597395,6.983659,116.289218,52747.932331
48,14.385387,5.499571,8.095241,211.269382,70875.943372
48,14.844275,5.586599,9.280832,82.731505,93156.494046
48,15.754931,5.75541,12.941961,228.015189,181150.498299
48,13.083223,5.244757,2.452029,241.843154,6502.649764
48,-22.870503,-6.934352,5.233736,77.594394,9875.105654
48,-9.219228,-4.402661,5.218228,343.949592,9816.670801
48,15.437841,5.697198,6.990453,205.785965,52850.605711
48,17.953625,6.143899,6.591782,333.349991,46994.284156
48,12.507915,5.128147,2.5871,147.391325,7238.786227
48,5.893109,3.51998,10.631838,60.386591,122252.006898
49,17.982964,6.148917,5.948295,46.224506,38266.989413
49,12.3953,5.105009,5.619744,212.792201,34156.424128
49,16.769043,5.937753,1.6109,89.185276,2806.574232
49,11.600816,4.938696,7.822355,186.519656,66178.120464
49,27.088901,7.546815,6.954145,120.554077,52303.023894
49,10.709769,4.745239,1.856545,175.614725,3727.781295
49,12.498882,5.126295,5.355644,34.5483,31021.497959
49,5.492985,3.398382,5.909322,89.377427,37767.187237
49,-14.81498,-5.581084,8.312431,329.578738,24910.023351
49,18.414194,6.222206,2.435335,94.317138,6414.408137
49,13.843888,5.395069,4.415564,162.575067,21086.849233
49,14.739006,5.566755,9.569531,297.834027,99042.291466
49,17.832068,6.123065,7.11466,131.628962,54745.395764
49,18.541256,6.243636,11.20086,342.715168,135688.202859
50,18.003062,6.152352,5.94347,353.777539,38204.940555
50,-19.270329,-6.365208,3.524705,174.620138,4478.819398
50,15.971661,5.794861,1.887631,16.923554,3853.660676
50,18.09135,6.16742,11.713814,2.831649,148400.715043
50,25.98414,7.391323,13.333801,112.732239,192285.815144
50,11.23338,4.859854,5.050852,224.31748,27591.077986
50,16.25558,5.84614,9.521908,89.115917,98058.96774
50,6.48047,3.691231,14.577059,84.179015,229815.428645
50,20.166548,6.511541,9.036228,331.420112,88310.764804
50,14.836996,5.585229,7.292768,172.876259,57520.698643
50,18.89139,6.302313,15.111051,130.707848,246961.166266
50,5.109218,3.277519,10.131044,278.920797,111006.331245
50,13.241776,5.276441,7.456178,310.420447,60127.329467
50,14.057534,5.43654,4.618402,346.753753,23068.686604
51,-8.337773,-4.186904,6.639071,151.287596,15890.322113
51,-10.741578,-4.75228,5.993985,169.78686,12952.375355
51,16.99559,5.977728,9.189401,117.38675,91330.061349
51,3.43956,2.689177,5.810049,278.443575,36508.912426
51,3.737921,2.803387,5.252326,140.994505,29836.139106
51,6.335299,3.649653,10.81016,288.580486,126387.342248
51,-6.437983,-3.679111,4.060535,8.016042,5944.07961
51,-20.103603,-6.501371,6.500829,107.084289,15235.457408
51,-8.578805,-4.246992,7.872767,165.271567,22344.617268
51,4.249731,2.989157,10.185488,136.956488,112202.617667
51,4.654511,3.128276,6.478566,80.503816,45393.859524
51,15.550935,5.718028,8.997067,276.018955,87547.003289
51,16.662005,5.918772,6.256174,279.902462,42330.848971
51,13.243232,5.276732,6.810134,64.220636,50159.19889
52,-12.413146,-5.108683,3.369331,132.404103,4092.657435
52,-17.107513,-5.997378,3.873789,108.584377,5409.909143
52,-9.556792,-4.482539,7.578582,274.698087,20705.891376
52,-4.938918,-3.222433,5.870304,70.981433,12423.367428
52,-16.836118,-5.949617,3.30889,1.401961,3947.142777
52,-18.443544,-6.227162,4.93384,41.823189,8775.829993
52,5.811048,3.495387,10.089141,201.109897,110089.966433
52,1.969198,-2.034758,3.907016,64.839926,5503.114172
52,2.833361,2.440726,5.78291,224.622366,36168.638356
52,11.776227,4.975894,8.643182,167.944477,80795.395867
52,9.860149,4.553127,7.927642,223.853257,67971.586017
52,22.966789,6.948933,4.192602,34.50517,19011.068054
52,-16.95298,-5.97023,19.567597,173.910776,138036.223593
52,18.089895,6.167171,6.244068,354.235625,42167.1788
53,15.833939,5.769823,8.654145,337.358325,81000.493258
53,1.167468,1.566717,8.300273,106.381664,74511.624812
53,-10.15927,-4.621674,16.96829,319.01706,103799.2513
53,18.283775,6.200132,4.671028,144.657882,23597.410552
53,-19.311374,-6.371983,8.026465,37.945609,23225.586516
53,14.827632,5.583466,7.715237,135.491553,64378.065913
53,10.176502,4.625591,4.40705,62.014597,21005.614159
53,14.905693,5.598144,6.751882,194.701239,49304.781604
53,17.492162,6.064427,10.687356,111.151096,123532.116155
53,-7.312291,-3.920981,6.917682,268.881939,17251.993379
53,20.468846,6.560164,5.432649,200.827148,31919.980435
53,10.273537,4.647592,4.208708,103.661068,19157.414548
53,17.122475,6.0,21.19505,19.635733,485856.711121
53,26.654741,7.486093,8.384395,333.007492,76029.623086
54,20.413469,6.551284,5.412499,190.032074,31683.633286
54,12.315865,5.088625,6.32999,273.801112,43335.657053
54,11.853914,4.99228,5.666492,38.30906,34727.052395
54,-15.167685,-5.647128,3.079211,77.190881,3418.196056
54,5.266796,3.327678,7.263234,129.892749,57055.744874
54,13.737882,5.374374,7.207673,65.1596,56186.180223
54,9.148076,4.385639,5.472508,308.970649,32390.085733
54,12.799934,5.187664,6.388068,6.734381,44134.522981
54,13.435731,5.314944,21.845148,38.429614,516118.366928
54,16.782336,5.940106,5.42389,340.710827,31817.134102
54,-5.690348,-3.458895,6.136834,261.494385,13577.09598
54,-10.912134,-4.78986,14.195366,265.471166,72645.926305
54,14.186794,5.461477,8.392464,341.234267,76176.033729
54,12.454768,5.11724,5.240349,155.351483,29700.231725
55,10.895591,4.786228,3.949032,283.911319,16866.335071
55,-8.124571,-4.133027,5.43678,84.63163,10656.180588
55,14.268318,5.477147,15.016634,260.726435,243884.690569
55,17.373054,6.043744,18.056933,288.065551,352636.548015
55,8.891539,4.323709,5.483866,224.812933,32524.677463
55,-15.474047,-5.703875,8.201254,221.601856,24248.150405
55,18.797982,6.286713,12.229816,65.598263,161762.99781
55,4.989144,3.238777,1.942566,200.214991,4081.228528
55,7.192676,3.888779,13.340393,0.851907,192476.001378
55,11.558752,4.929734,12.750322,80.048121,175825.411482
55,-16.897094,-5.960381,7.033564,246.885254,17834.828228
55,-4.103639,-2.937329,14.584968,303.196535,76688.283144
55,13.484727,5.324626,7.839087,246.090258,66461.522022
56,4.573296,3.100864,3.642149,25.698835,14346.791802
56,11.472695,4.911348,3.787776,323.326938,15517.006101
56,10.408835,4.678095,3.323846,10.295549,11948.709256
56,-1.86778,-1.981668,9.187691,65.487262,30432.024926
56,18.221688,6.189596,4.079664,121.603232,18000.65091
56,13.007021,5.229461,5.268731,318.105653,30022.813347
56,2.972744,2.500039,13.167998,163.960202,187533.477578
56,12.871693,5.202185,13.835307,356.649801,207022.211064
56,4.713745,3.148118,16.815521,139.557317,305815.83885
56,13.333357,5.294656,4.291211,219.316589,19915.863585
56,-16.694589,-5.924557,3.477232,35.085178,4358.98569
56,5.326032,3.346339,12.513701,346.294563,169360.008252
56,10.481519,4.6944,5.593975,169.921313,33843.898294
57,18.824695,6.291178,8.68196,222.21038,81522.018657
57,8.504222,4.22849,7.048196,34.402538,53727.334375
57,-0.061649,0.360023,16.62162,278.088183,298803.754153
57,4.190505,2.968255,6.016067,16.655923,39143.949917
57,13.345728,5.297112,13.512219,244.492647,197466.165886
57,14.122532,5.449094,7.470152,234.800687,60352.911028
57,15.463813,5.701988,13.269578,303.240882,190437.973829
57,12.207095,5.066105,6.122905,104.546481,40546.588225
57,8.908598,4.327855,43.49732,155.866937,2046276.581982
57,15.173314,5.648176,13.592539,2.310888,199820.719573
57,6.362195,3.657392,3.55832,44.066233,13693.97038
57,14.970292,5.610262,10.73947,9.195834,124739.800581
57,13.665557,5.360208,6.261684,329.87179,42405.441953
58,16.19825,5.835822,24.118226,238.275428,629115.015034
58,-20.591649,-6.579813,13.099525,155.896841,61862.739703
58,-7.456953,-3.959576,9.524494,54.57776,32704.079767
58,6.304123,3.640662,4.130005,358.127645,18447.62179
58,2.137291,2.119824,5.921014,247.893477,37916.779987
58,7.019713,3.841738,9.332889,108.877288,94204.484296
58,7.257423,3.906243,5.700608,49.442867,35146.46615
58,-15.211016,-5.655189,5.279699,339.198496,10049.314746
58,9.785609,4.535884,5.461715,40.359305,32262.456472
58,5.500447,3.40069,8.405381,151.081,76410.694165
58,-12.245093,-5.073983,6.172855,198.20268,13736.94888
58,22.21458,6.83419,6.957802,342.57592,52358.04764
58,9.236238,4.406721,2.152293,227.174223,5010.051858
59,12.026644,5.028521,3.952609,133.049554,16896.897964
59,5.415417,3.374302,10.017276,3.179867,108527.205537
59,8.058655,4.116227,10.138097,49.551668,111160.937982
59,13.422762,5.312378,11.482782,210.358269,142604.611746
59,4.907772,3.212256,2.778693,282.40261,8350.650958
59,12.56686,5.140216,4.593496,355.528966,22820.541969
59,14.175917,5.459383,4.120118,78.326339,18359.404665
59,16.909241,5.962523,2.914753,203.008643,9188.464416
59,4.176031,2.963124,7.540078,127.44558,61488.088326
59,-16.330356,-5.859571,4.916354,62.341451,8713.736311
59,9.735758,4.524316,5.848044,278.419807,36987.983723
59,11.441768,4.904724,8.396985,56.872613,76258.113293
59,-0.081484,0.413908,3.458787,154.0765,12938.590326
60,-17.692872,-6.09912,12.885731,348.355379,59859.931346
60,-8.21151,-4.155081,8.529135,162.778595,26225.759817
60,11.267257,4.867177,10.714366,140.384948,124157.30331
60,12.949529,5.217891,1.519545,81.446491,2497.275887
60,12.179745,5.060426,4.547103,229.544753,22361.914659
60,-1.963388,-2.031754,5.578257,6.707251,11217.990811
60,-9.92882,-4.568954,6.64726,188.073271,15929.547858
60,-11.743623,-4.969001,7.119546,278.040062,18273.538357
60,5.595572,3.42997,10.284639,130.939991,114397.735389
60,3.710224,2.792982,5.171047,238.486286,28919.867997
60,6.745119,3.765848,9.142976,50.575866,90409.582125
60,12.965211,5.221049,4.883746,307.239876,25795.588225
61,16.510055,5.891722,7.555768,69.505815,61744.249546
61,14.566756,5.534131,7.080341,240.832924,54218.521227
61,-8.166445,-4.143664,12.51203,133.566163,56438.26386
61,10.227811,4.637238,9.192037,29.605035,91382.471374
61,10.795884,4.764278,11.360123,279.158845,139574.287113
61,-14.722548,-5.563646,13.488767,248.954248,65593.763753
61,-10.884366,-4.783762,8.004736,124.146807,23100.007804
61,15.98631,5.797518,7.694789,65.779806,64037.2556
61,-20.094974,-6.499976,3.477229,273.768133,4358.977285
61,20.326255,6.537274,7.636097,195.169761,63064.103249
61,14.927297,5.6022,11.034729,254.635967,131692.992934
61,8.725605,4.283175,12.834132,102.02741,178144.477616
62,7.982123,4.096634,2.045365,348.981508,4524.606354
62,18.777075,6.283216,2.627078,100.080981,7464.232817
62,2.353614,2.224517,7.784632,312.378143,65541.366311
62,10.33582,4.661659,4.619725,55.665512,23081.89948
62,14.020394,5.429353,6.50238,85.44745,45728.185443
62,-12.618265,-5.150719,8.615926,241.390021,26762.213347
62,11.684774,4.956535,2.316954,76.86073,5805.960861
62,-9.444453,-4.456115,6.014199,87.593107,13039.883175
62,13.689393,5.364881,8.781051,115.513867,83393.530028
62,16.705749,5.926537,5.372759,149.906837,31220.084
62,15.533659,5.714851,5.873275,25.062518,37307.836092
62,12.372005,5.10021,6.346361,159.98029,43560.103504
63,10.798968,4.764959,8.315306,351.036778,74781.779327
63,15.342675,5.67961,4.30692,229.745713,20061.936129
63,7.767109,4.041082,3.394125,114.803355,12459.341365
63,2.985547,2.505417,8.347565,274.32833,75363.132733
63,11.925809,5.007396,5.716183,193.209062,35338.784965
63,7.640148,4.007918,5.102403,255.825951,28157.161371
63,6.416995,3.673109,3.43279,220.227719,12744.819579
63,12.910837,5.21009,3.673297,254.119888,14593.226756
63,7.912334,4.078686,4.458991,72.612778,21503.662798
63,-16.740405,-5.932681,5.609226,103.72371,11342.897095
63,17.106676,5.997232,5.380527,13.659448,31310.427844
63,8.531486,4.235263,7.736228,3.531464,64728.846689
64,-11.830409,-4.987327,9.319849,66.149714,31313.807123
64,-9.069232,-4.366699,3.423822,130.712419,4226.105296
64,9.237621,4.407051,5.83579,99.528543,36833.134626
64,10.099328,4.608019,3.398492,101.347612,12491.422881
64,11.494235,4.915957,7.044148,197.5434,53665.631232
64,4.937971,3.222124,6.169459,356.41226,41165.503631
64,9.431906,4.453154,7.164387,356.53047,55513.343846
64,12.224473,5.069709,6.957826,219.546832,52358.412831
64,5.794007,3.490258,11.932114,280.539344,153983.482404
64,6.259817,3.627846,3.55633,93.015639,13678.658141
64,5.956579,3.538885,3.451259,215.493423,12882.332646
64,14.36936,5.496506,5.380392,277.227198,31308.857663
65,20.624973,6.585135,7.936618,15.032687,68125.590182
65,-16.838055,-5.949959,3.683658,188.504361,4891.889141
65,8.881124,4.321176,3.480903,254.92858,13104.579692
65,4.291133,3.003682,2.793068,259.422416,8437.276622
65,16.171198,5.830947,11.156877,75.13996,134624.656309
65,13.658802,5.358883,7.75035,272.419537,64965.374686
65,10.250461,4.642369,14.843629,135.682195,238297.509705
65,12.253373,5.075699,3.585142,292.510163,13901.191988
65,4.395191,3.039883,2.947034,322.702623,9393.113177
65,12.661409,5.159517,4.859058,228.3359,25535.446961
65,-14.125727,-5.44971,5.255855,355.753768,9958.751845
66,5.493317,3.398485,9.530252,177.098105,98230.884779
66,11.55525,4.928987,14.570568,61.029483,229610.802604
66,0.506848,1.032302,3.136078,45.240282,10636.849214
66,11.662095,4.951722,8.773615,346.70129,83252.342848
66,-5.850485,-3.507227,8.476456,337.132057,25902.799659
66,24.540933,7.183127,5.248036,109.602622,29787.41919
66,6.415034,3.672548,1.818087,215.250697,3574.939836
66,6.314012,3.643516,15.53058,77.215034,260864.324683
66,5.258046,3.324912,4.806882,8.629689,24990.002653
66,6.738877,3.764105,1.407385,279.857939,2142.223999
66,-11.618029,-4.942358,4.063908,62.171338,5953.959266
67,-17.002994,-5.97903,15.954888,302.631168,91771.030397
67,-12.82216,-5.192166,5.736217,283.277225,11862.308491
67,8.722308,4.282365,5.000946,46.327099,27048.53132
67,12.602615,5.147524,22.303744,278.268181,538015.616489
67,3.973252,2.890287,15.222336,165.880184,250612.031447
67,21.057986,6.653902,14.174789,231.883531,217306.400417
67,-14.965121,-5.609293,4.66968,52.607411,7861.264382
67,16.321323,5.85795,9.583534,235.751657,99332.358041
67,14.576061,5.535898,5.88141,178.651534,37411.248399
67,-7.514572,-3.974844,14.078421,180.739773,71453.904298
67,-1.117019,1.532493,13.224444,74.162714,189144.71393
68,10.128249,4.614612,6.711929,202.241006,48723.009046
68,-3.174238,-2.583377,3.830418,276.630007,5289.448934
68,11.183358,4.849022,21.654294,172.900371,507139.460577
68,15.548941,5.717661,4.762319,355.815307,24528.800657
68,0.632021,1.152746,7.228684,148.777892,56514.232808
68,12.500423,5.126611,5.918041,320.047201,37878.720639
68,14.566574,5.534096,7.080804,297.676127,54225.609439
68,8.177266,4.146408,6.541835,297.517559,46284.815049
68,12.887238,5.205326,11.406991,118.182719,140728.335971
68,-13.920781,-5.410032,4.899168,204.757395,8652.921982
69,6.873097,3.801406,4.785164,207.592559,24764.693701
69,13.867335,5.399636,2.966082,76.021748,9514.929676
69,9.711102,4.518583,35.32854,305.395542,1349866.132945
69,-12.35199,-5.096083,23.114453,51.358834,192612.870647
69,-12.785284,-5.184695,5.752831,221.135565,11931.12261
69,11.846505,4.990719,6.401511,125.144902,44320.468451
69,17.430406,6.053712,2.92699,217.887466,9265.775754
69,3.50709,2.715448,18.272542,0.45704,361108.116258
69,-19.897741,-6.467998,7.05161,281.531886,17926.466852
69,5.064339,3.263093,12.305016,232.836993,163758.443876
70,-9.047684,-4.361508,23.039839,254.473253,191371.374615
70,7.287444,3.914314,13.877533,346.105487,208287.818126
70,14.060231,5.437061,5.488744,231.553498,32582.562708
70,6.156524,3.59779,4.112409,95.549172,18290.764448
70,6.002435,3.552481,16.244476,134.606182,285397.865626
70,8.975415,4.344055,10.007818,135.18854,108322.364134
70,6.634259,3.734773,7.30929,196.076429,57781.627106
70,7.351069,3.931364,2.958659,126.755043,9467.363386
70,8.069955,4.119112,5.226431,138.628855,29542.667258
70,12.230468,5.070952,9.305399,135.721838,93650.326589
71,12.855243,5.19886,9.610826,46.521807,99898.906437
71,5.620323,3.437547,12.017207,338.749917,156187.553333
71,13.802648,5.387028,18.889199,191.592573,385892.586149
71,5.918977,3.527697,10.749564,143.381106,124974.393536
71,7.636306,4.006911,2.5081,325.765038,6803.446246
71,-10.835737,-4.773064,14.956485,112.335221,80644.947226
71,-6.218455,-3.61584,8.463286,244.510093,25822.373487
71,7.702141,4.024146,2.485294,101.846858,6680.283256
71,12.074823,5.038583,5.326745,318.358614,30687.615029
72,22.350311,6.855037,3.392211,68.931161,12445.294257
72,4.71101,3.147205,6.232543,111.958603,42011.666988
72,-15.546532,-5.717218,8.586655,256.890279,26580.681501
72,1.7192,1.901215,5.056619,147.267515,27654.115729
72,12.50575,5.127703,10.794221,158.381022,126014.921819
72,10.542346,4.708002,7.73444,272.358734,64698.92773
72,10.304167,4.654515,9.335264,175.994848,94252.4266
72,9.419423,4.450206,4.904466,272.89344,26014.932614
72,17.343832,6.038659,3.731103,335.315064,15056.142237
73,-3.298531,2.633469,2.472211,186.722649,6610.135465
73,7.207843,3.892877,2.246412,244.525299,5457.807729
73,9.7197,4.520583,3.424789,57.238209,12685.479929
73,12.783368,5.184306,20.370791,247.10034,448802.342657
73,4.386864,3.037002,9.01652,348.379457,87925.97609
73,-4.264097,-2.994205,5.226335,114.620281,9847.193863
73,4.846246,3.192058,6.584496,327.115943,46890.452376
73,7.505535,3.972454,9.431356,151.00789,96202.784028
73,1.93587,2.017466,4.893612,135.972462,25899.913558
74,-9.674473,-4.510053,6.634431,222.986223,15868.12011
74,-16.750497,-5.934469,4.032917,30.30375,5863.494843
74,-14.415864,-5.505393,10.490913,102.592709,39677.531939
74,10.416038,4.679714,5.810262,152.305795,36511.586056
74,-10.555665,-4.710975,13.079544,316.399194,61674.163064
74,14.814604,5.581013,28.688053,310.800596,890105.501783
74,10.586721,4.7179,7.748326,218.496669,64931.452753
74,8.321375,4.182785,14.248118,162.018539,219560.565281
75,5.153931,3.291829,5.317064,257.626319,30576.167478
75,17.898826,6.134516,8.273119,304.041411,74024.916171
75,-8.795496,-4.300294,3.238529,145.239015,3781.060309
75,-14.851092,-5.587882,8.847448,204.746005,28219.814198
75,19.552586,6.411654,4.100571,243.118738,18185.617143
75,5.913684,3.52612,4.962694,19.077068,26636.325006
75,-9.85682,-4.552358,7.312298,47.440359,19276.395428
75,12.386886,5.103276,3.427676,108.675868,12706.880061
76,14.195546,5.463162,10.120942,12.204122,110785.072197
76,7.146987,3.876408,5.64474,200.684364,34460.945593
76,-10.192593,-4.629247,15.134223,107.511088,82573.049278
76,10.527827,4.704759,5.975095,265.363155,38612.587255
76,15.999487,5.799907,3.193545,67.661771,11030.25153
76,11.923838,5.006982,3.783146,65.986404,15479.09152
76,8.317916,4.181916,7.314507,206.274199,57864.137067
76,17.784964,6.114972,11.560828,88.376811,144549.717477
77,10.998477,4.808773,1.191499,299.609904,1535.418098
77,-7.214079,-3.89456,12.110653,309.304648,52875.340199
77,7.743389,4.034907,9.743329,176.78982,102672.49256
77,13.682994,5.363627,5.494316,56.466131,32648.751921
77,3.85305,2.846232,3.302844,226.151255,11798.19265
77,0.629941,1.150848,7.612792,74.611433,62679.747856
77,9.14755,4.385513,8.587327,271.849912,79754.519585
78,-9.527121,-4.475575,4.412272,115.136716,7018.472322
78,-8.932379,-4.333627,9.183242,144.073825,30402.560471
78,15.837619,5.770493,16.267511,174.386107,286207.857057
78,7.530982,3.979182,5.84269,130.792371,36920.284819
78,-12.988725,-5.225782,6.701108,156.394963,16188.677067
78,-5.038559,-3.254776,5.564125,36.193582,11161.223826
78,10.89549,4.786206,2.76591,152.90934,8273.999499
79,-9.561609,-4.483669,4.115241,308.462177,6105.321749
79,-8.208766,-4.154387,7.753375,332.795763,21672.032859
79,-13.206953,-5.269499,8.256516,82.94835,24576.029815
79,9.46977,4.462084,5.473101,142.968727,32397.112469
79,11.507369,4.918764,7.58772,313.031209,62267.564013
79,12.459997,5.118315,2.432457,23.438241,6399.257461
79,7.044757,3.848584,5.017391,319.256844,27226.717686
80,9.935862,4.570574,8.42636,313.72286,76792.603725
80,7.724638,4.030019,7.839755,279.653563,66472.855144
80,6.096514,3.580212,1.970668,170.35489,4200.165079
80,-2.094683,-2.098588,8.081301,276.878691,23544.022684
80,10.361413,4.667427,19.993949,192.884682,432351.010637
80,-13.1232,-5.252764,5.789297,201.847254,12082.858326
81,-7.560362,-3.986936,7.330291,281.218576,19371.375815
81,13.256186,5.279312,6.555348,336.107142,46476.225204
81,13.117452,5.251613,14.811736,297.686523,237274.599219
81,8.897038,4.325046,6.526697,59.221176,46070.854746
81,10.156534,4.621051,9.650749,319.31101,100730.595457
81,12.116269,5.047223,3.431143,350.987805,12732.596791
82,-14.394748,-5.50136,7.367712,357.449507,19569.661929
82,11.015682,4.812533,9.805669,343.19248,103990.534763
82,16.695723,5.924758,1.396374,239.024461,2108.834688
82,6.671399,3.745212,5.353139,62.607247,30992.488595
82,10.263605,4.645345,6.109613,54.512582,40370.746343
82,-16.781578,-5.939972,4.592502,152.687527,7603.555418
83,8.66073,4.267222,3.684778,293.575095,14684.598614
83,-5.33707,-3.349804,4.946301,292.204298,8820.214378
83,5.815963,3.496865,14.577186,288.771362,229819.40425
83,10.238895,4.63975,14.141106,213.650558,216274.869919
83,11.463177,4.909311,5.661899,13.47045,34670.781662
84,0.317107,-0.816527,12.549016,175.882701,56772.421881
84,-10.038085,-4.594026,2.629675,269.224744,2492.999116
84,4.390779,3.038357,5.099325,307.977741,28123.194008
84,14.076971,5.440297,18.872724,276.207886,385219.732694
84,15.835726,5.770149,7.032779,181.856722,53492.542042
85,-12.361666,-5.098078,11.97,89.524594,51654.290103
85,12.836384,5.195045,8.682199,155.360039,81526.508039
85,10.143103,4.617995,8.312814,312.717657,74736.965301
85,6.193425,3.608556,3.713377,97.768809,14913.425382
85,10.769403,4.758431,6.05301,49.446825,39626.176029
86,-3.672479,-2.778738,4.690709,344.828418,7932.227093
86,9.854609,4.551848,14.480679,181.449923,226786.505982
86,9.86615,4.554512,6.419799,51.331755,44574.065223
86,4.063175,2.922811,4.241402,170.73318,19456.209962
87,-15.526755,-5.713581,6.554172,58.233079,15486.51751
87,-10.460794,-4.689757,7.800397,60.274541,21935.699014
87,5.658088,3.449077,5.808018,36.127169,36483.388533
87,2.115348,2.108914,3.492654,237.595578,13193.210182
88,10.744809,4.752995,5.624829,346.412349,34218.260263
88,10.08074,4.603776,5.785348,107.57226,36199.147394
88,-9.788838,-4.536632,7.047742,48.74114,17906.805027
88,10.515844,4.702081,3.983047,66.406195,17158.137033
89,12.956874,5.21937,6.197718,149.751882,41543.490197
89,5.278657,3.331423,5.58371,282.992086,33719.803548
89,0.517209,1.0428,5.095347,26.867127,28079.339159
90,5.250924,3.32266,3.257242,135.902333,11474.646993
90,2.858691,2.451611,4.087349,15.15427,18068.524089
90,6.720741,3.759037,15.27256,332.658139,252268.500694
91,-0.656056,-1.17446,9.66141,146.989998,33651.090014
91,6.724878,3.760193,8.363947,240.081591,75659.222841
91,9.87371,4.556257,5.156088,144.420419,28752.783745
92,3.811644,2.830898,13.014337,77.216652,183182.280457
92,1.107342,1.52584,8.459779,137.671109,77402.919861
92,3.444481,2.6911,7.606718,52.48116,62579.767036
93,-8.496791,-4.226642,3.660464,82.207601,4830.480809
93,-5.036244,-3.254029,9.791103,130.201911,34560.603862
94,3.426981,2.684255,5.368681,337.363626,31172.706251
94,9.538046,4.47814,5.501142,326.054259,32729.924988
95,-1.555969,-1.808708,11.111551,338.776589,44511.011321
95,4.388586,3.037598,2.331016,188.266267,5876.650533
96,3.693926,2.78684,16.100761,183.076146,280370.392001
96,-4.817317,-3.182516,9.812122,150.281579,34709.14949
97,-9.492095,-4.46734,7.454245,249.616669,20032.051061
98,12.347209,5.095096,14.363145,136.912469,223119.944564
99,5.730533,3.471087,6.850223,101.603827,50751.479579
100,8.638498,4.261742,11.649354,149.971555,146771.940507
122,38.974876,-8.178312,11.389379,190.126305,140294.105924
123,23.384581,-6.334846,4.850615,155.231258,25446.786011
124,29.368374,-7.09923,5.936023,125.075296,38109.252931
125,23.091013,-6.294957,11.127169,187.211939,133908.670586
125,26.432698,-6.735069,7.113915,25.171816,54733.9362
126,-21.397686,6.05975,4.733587,288.367291,8077.906153
126,-24.050897,6.424465,9.406048,1.263986,31895.725407
127,18.499535,-5.634452,6.067106,341.047824,39810.946225
127,19.144007,-5.731756,8.741879,150.763731,82651.150305
128,30.839161,-7.274825,6.474143,260.500384,45331.898249
128,22.824287,-6.258495,5.118175,320.896455,28331.500406
128,27.486199,-6.867974,8.695694,303.453931,81780.14394
129,-25.593804,6.627332,3.938928,311.308849,5593.37688
129,18.910499,-5.696693,5.31332,213.60534,30533.124108
129,-28.368492,6.977333,4.327507,73.355006,6751.397561
130,-22.292581,6.185168,6.650233,163.960309,15943.800774
130,-19.712285,5.816206,6.250907,301.685637,14086.535017
130,20.687097,-5.958282,2.235632,103.176559,5405.551388
131,32.190953,-7.432556,6.494589,279.688527,45618.675154
131,20.481929,-5.928663,2.517451,122.850125,6854.272979
131,25.256577,-6.583526,11.400169,280.282585,140560.054749
131,-23.801711,6.391097,13.711197,64.706417,67774.893978
132,25.453277,-6.609113,5.678542,334.130708,34874.900845
132,16.352427,-5.297396,8.469725,310.098254,77585.036235
132,25.952208,-6.673574,13.518657,192.533975,197654.362123
132,14.932408,-5.062164,8.470844,302.888704,77605.537777
133,27.690896,-6.8935,3.185593,204.167089,10975.389154
133,30.58449,-7.244725,6.989901,335.923228,52842.252305
133,-15.001952,5.073938,5.264954,169.425351,9993.263098
133,18.529012,-5.638939,24.067169,218.174929,626454.223802
133,-15.51696,5.160296,9.400917,6.420425,31860.935971
134,13.217982,-4.762707,4.138394,300.853905,18522.647529
134,19.005411,-5.710971,3.929124,127.455639,16696.703356
134,-23.087182,6.294435,4.99967,162.631847,9011.575824
134,15.252596,-5.116149,7.851528,72.484256,66672.653514
134,18.115374,-5.575643,3.808254,91.667017,15685.236212
135,-24.810447,6.525121,15.190611,350.400136,83189.509901
135,25.907483,-6.667821,5.717136,291.471726,35350.569798
135,-15.382398,5.137872,7.140847,347.610461,18383.049761
135,-24.604882,6.498033,1.480981,303.425342,790.709744
135,12.817579,-4.690016,5.959197,196.291119,38407.394244
136,26.294802,-6.717478,5.673559,281.698041,34813.718371
136,28.453992,-6.987839,6.241527,53.308071,42132.870206
136,19.362292,-5.764341,13.971724,262.385227,211124.834088
136,20.882938,-5.986419,3.780224,264.474282,15455.187977
136,25.797939,-6.653709,3.602424,175.653904,14035.536257
136,-21.051184,6.010486,8.793951,226.638142,27879.578136
137,26.639424,-6.761355,8.801137,235.188963,83775.468336
137,16.639397,-5.343676,6.676918,234.14471,48216.027552
137,23.644611,-6.36997,3.875595,200.677323,16244.863324
137,15.512671,-5.159583,7.358479,42.45476,58561.944389
137,23.931741,-6.40853,7.554413,82.873054,61722.110844
137,12.430106,-4.618583,5.787506,323.053023,36226.150685
138,-16.676774,5.349674,8.036801,250.066935,23285.445163
138,21.061208,-6.011916,11.446116,319.880641,141695.345622
138,-10.417432,4.228162,7.644036,60.582917,21065.099281
138,10.582428,-4.261514,4.020475,38.103665,17482.114744
138,19.780087,-5.8262,10.466789,195.974547,118485.78994
138,18.911517,-5.696846,11.074241,106.042627,132637.788575
138,-16.798285,5.369128,4.336132,186.787983,6778.336328
139,18.844664,-5.686768,8.629566,353.118184,80541.035484
139,24.081683,-6.428575,7.1611,259.421131,55462.420532
139,19.938818,-5.84953,8.355719,112.988998,75510.444
139,18.68809,-5.663094,8.447287,261.99945,77174.505287
139,-20.045585,5.865171,3.509298,320.314373,4439.751112
139,25.415608,-6.60422,2.563397,313.195007,7106.752252
139,23.605617,-6.364715,5.233687,284.542112,29624.76211
140,14.999133,-5.073462,7.282677,119.009175,57361.615206
140,22.844433,-6.261256,1.996726,319.169678,4311.976497
140,14.001222,-4.901785,6.638738,210.983904,47666.187904
140,14.44581,-4.979001,6.455485,61.662156,45070.981865
140,25.90804,-6.667892,4.008211,326.88859,17375.626161
140,20.329608,-5.906576,6.346796,312.163544,43566.075456
140,-16.028903,5.244731,5.970216,101.796823,12849.853389
140,9.939138,-4.129958,5.390605,304.744711,31427.829904
141,13.692741,-4.847485,4.690163,247.082673,23791.13865
141,23.96231,-6.412622,3.944538,192.896702,16827.967047
141,-26.398951,6.730768,3.546118,171.970002,4533.403871
141,15.923144,-5.2274,16.342858,1.914783,288865.285081
141,22.023446,-6.147718,6.704603,165.833224,48616.696148
141,30.81634,-7.272133,3.087322,232.764781,10308.683592
141,25.958559,-6.67439,6.810347,212.15033,50162.341841
141,16.751663,-5.361672,5.046888,308.590793,27547.78189
142,12.32756,-4.599492,2.695513,193.774608,7858.183655
142,26.575508,-6.753238,6.941395,293.964125,52111.411684
142,19.106153,-5.726087,3.925842,334.563991,16668.823329
142,-16.818315,5.372328,2.084965,121.753476,1567.1685
142,25.831716,-6.658063,3.089979,214.421446,10326.433646
142,12.513394,-4.63403,9.654906,74.283691,100817.382755
142,-19.626097,5.803477,6.35946,322.785151,14580.035346
142,16.416054,-5.307692,10.756155,295.473839,125127.696195
142,24.219822,-6.446987,6.996585,326.108339,52943.365938
143,26.907313,-6.795266,15.245495,269.971877,251375.170359
143,15.624693,-5.178179,5.632847,251.877469,34315.888775
143,14.29969,-4.953756,7.119397,219.384032,54818.330299
143,-20.873139,5.985014,4.814447,301.800178,8356.238804
143,11.424078,-4.427738,9.510724,176.954474,97828.754883
143,12.842791,-4.694626,14.565298,179.992853,229444.733642
143,22.431242,-6.204374,6.777696,3.206987,49682.507491
143,21.548064,-6.081006,12.146486,195.445287,159566.109001
143,14.663551,-5.016385,3.12934,214.41624,10591.189803
144,-18.671067,5.660514,12.889668,50.741172,59896.508859
144,23.692439,-6.376409,7.226043,320.342631,56472.943258
144,25.729655,-6.644897,8.401454,235.563003,76339.305898
144,7.484821,-3.58395,5.524056,134.889897,33003.158317
144,23.033378,-6.287096,3.554317,95.886348,13663.172416
144,22.796919,-6.254742,11.454471,214.228854,141902.301827
144,15.18601,-5.104969,12.694189,106.563614,174280.69532
144,19.277642,-5.751727,4.989188,297.926025,26921.49315
144,9.134909,-3.959346,13.184135,120.855978,187993.415532
144,26.465841,-6.73929,4.326849,161.957885,20248.031484
145,-25.923998,6.669946,14.031332,274.532378,70976.714295
145,21.258458,-6.040003,15.093383,115.37955,246384.022113
145,12.426509,-4.617914,9.300372,14.1142,93549.181016
145,-12.661828,4.661434,8.649962,22.212594,26974.070547
145,5.936633,-3.191842,4.71393,292.679627,24032.86711
145,25.576608,-6.625105,11.889785,327.27464,152892.902688
145,-17.326047,5.452818,2.306765,155.896669,1918.33698
145,-4.780897,2.864349,3.645233,249.108946,4790.365982
145,23.672946,-6.373786,6.330538,92.552512,43343.162793
145,17.679908,-5.50822,6.247009,256.108421,42206.919816
146,9.730924,-4.08647,10.404175,307.333025,117072.419786
146,13.635652,-4.837369,8.156044,316.330009,71944.643898
146,12.674676,-4.663798,3.876497,253.872284,16252.429976
146,9.312529,-3.997653,17.075341,260.289826,315339.288836
146,-26.461408,6.738726,5.255486,302.629057,9957.352796
146,22.04917,-6.151307,5.554111,299.173089,33363.26308
146,17.644428,-5.502691,4.375126,64.950287,20702.391979
146,13.308621,-4.779009,4.848287,116.576194,25422.368728
146,25.284614,-6.587179,4.755273,352.831866,24456.267022
146,-12.04376,4.54624,5.522161,306.296281,10993.5066
146,30.760291,-7.265517,5.246932,186.114148,29774.892381
147,-15.56475,5.168236,10.253697,70.531244,37903.476233
147,-19.722039,5.817645,5.107433,317.512908,9404.235152
147,28.603113,-7.006126,5.718933,284.533882,35372.789336
147,22.497051,-6.213468,9.504937,291.817124,97709.72729
147,-21.332705,6.050542,2.141693,182.619243,1653.607698
147,28.667148,-7.013964,10.052288,66.511539,109287.168676
147,23.249095,-6.316468,7.131512,17.021332,55005.047468
147,9.531683,-4.044419,4.893349,239.122903,25897.130368
147,16.933946,-5.390765,8.285186,237.71797,74241.00439
147,16.793648,-5.368387,5.12128,66.713109,28365.885021
147,22.855675,-6.262797,7.365011,137.552165,58665.954401
148,17.02083,-5.404576,15.533297,39.24241,260955.597075
148,18.238497,-5.594559,7.197424,10.843918,56026.494597
148,-20.440672,5.922688,11.730434,253.199789,49607.37472
148,16.05685,-5.249301,3.08171,252.101003,10271.242869
148,20.984809,-6.001002,2.563519,331.374101,7107.427955
148,20.133764,-5.878057,2.103697,144.493739,4786.362791
148,21.76319,-6.111285,2.766017,196.613415,8274.63772
148,22.657753,-6.235621,12.393065,188.919903,166110.374749
148,20.205651,-5.888541,5.331567,294.037395,30743.196002
148,14.940766,-5.063581,3.466484,136.954845,12996.242796
148,21.132603,-6.022098,4.840595,222.41397,25341.760898
148,21.030131,-6.007479,1.667775,126.976753,3008.251944
149,8.515742,-3.822809,5.047334,269.788739,27552.657642
149,15.154597,-5.099687,1.855964,253.667521,3725.448862
149,9.985183,-4.139514,11.893928,14.297582,152999.463416
149,9.249012,-3.983997,2.972325,5.258578,9555.028773
149,12.5397,-4.638898,8.360426,164.785522,75595.528974
149,-17.418041,5.467275,3.95305,317.580284,5633.557139
149,13.029971,-4.728714,4.459394,301.64542,21507.551222
149,-16.964759,5.395667,6.559523,228.421718,15511.815314
149,-19.743372,5.82079,2.727554,138.337263,2682.037111
149,25.709303,-6.642269,7.973636,229.38007,68762.569448
149,25.629006,-6.631888,5.282573,45.740124,30180.772234
149,16.678344,-5.349926,7.132896,54.382989,55026.409019
150,20.856357,-5.982608,8.0351,318.529477,69826.770821
150,-18.779956,5.676996,2.096179,303.379098,1584.071828
150,17.693418,-5.510324,3.737706,62.315748,15109.482963
150,4.536264,-2.790104,10.866397,40.793407,127705.75264
150,-23.066709,6.291644,13.79134,129.43293,68569.500597
150,-14.608255,5.006918,9.64766,303.94838,33555.372804
150,21.954745,-6.138122,6.96577,148.929491,52478.043169
150,14.667122,-5.016996,7.964386,174.402424,68603.135288
150,-13.973369,4.896907,6.837268,37.891653,16853.2348
150,25.502437,-6.615492,9.131837,122.515335,90189.42989
150,10.994062,-4.343606,10.26741,107.033176,114014.771457
150,-19.514053,5.786887,8.78128,264.985719,27799.29244
150,14.775992,-5.035581,10.512196,301.203336,119516.05973
151,-27.969078,6.92804,18.325949,298.50651,121074.032019
151,3.156511,-2.327421,3.986719,245.979216,17189.792753
151,16.280506,-5.285733,4.300385,223.580625,20001.102097
151,22.814907,-6.257209,4.849533,242.889547,25435.433584
151,-4.047527,2.635519,6.07098,233.717255,13287.266485
151,21.166644,-6.026946,9.097792,118.134516,89518.196511
151,21.029168,-6.007342,8.841029,218.811213,84536.6434
151,-16.757262,5.362568,4.13458,36.994619,6162.839295
151,15.028217,-5.078378,3.378181,309.25887,12342.559424
151,31.72341,-7.378384,10.714077,177.481516,124150.613903
151,10.105405,-4.164359,3.592812,128.321064,13960.737902
151,23.598954,-6.363817,11.812308,16.236551,150906.82798
151,25.645283,-6.633994,5.858017,267.458035,37114.235639
152,7.145337,-3.50173,31.99051,159.674766,1106831.848797
152,25.600474,-6.628195,11.6236,308.903033,146123.688336
152,13.845653,-4.874477,11.254311,7.117814,136986.297896
152,-2.041601,1.871788,4.590788,213.218433,7597.88153
152,-20.296458,5.901758,7.470414,141.780269,20119.046924
152,21.950861,-6.137579,6.855027,292.686796,50822.68733
152,15.111749,-5.092472,9.195274,48.147476,91446.840704
152,-24.046473,6.423874,16.074598,230.3392,93153.32015
152,-6.997858,3.465404,10.251316,298.058296,37885.874751
152,-11.076474,4.359855,15.069732,356.445434,81870.8244
152,10.687281,-4.282574,6.059111,16.154982,39706.095628
152,20.804734,-5.975199,5.529284,84.372626,33065.653742
152,12.542924,-4.639495,22.282375,191.789001,536985.167406
152,11.417221,-4.426409,7.921764,352.113514,67870.830951
153,11.491115,-4.44071,12.527787,150.490014,169741.496558
153,-21.377146,6.056841,4.327102,45.08026,6750.132363
153,19.052838,-5.718092,2.912014,354.929471,9171.198807
153,-7.436069,3.572259,5.461929,355.115469,10754.993634
153,-15.845356,5.214616,7.78024,49.876263,21822.479561
153,24.677459,-6.50761,5.042967,188.172258,27504.993549
153,25.592069,-6.627107,8.142076,141.587641,71698.428759
153,16.263604,-5.282989,6.653145,185.328563,47873.294915
153,9.946623,-4.131513,4.787581,286.888786,24789.716818
153,29.935019,-7.16739,9.801381,184.293242,103899.609881
153,8.921061,-3.912727,14.905571,197.410026,240290.492835
153,18.356,-5.612551,5.543468,293.025607,33235.510791
153,23.292889,-6.322415,10.264219,302.727563,113943.929415
153,14.097218,-4.91856,2.561528,197.482749,7096.391621
154,-20.367477,5.912075,7.418826,260.347383,19842.139639
154,9.102212,-3.952253,11.476021,134.839501,142436.741459
154,-17.035042,5.406832,4.719397,138.129614,8029.546945
154,12.66483,-4.661986,3.670918,175.402702,14574.333635
154,24.311982,-6.459241,6.946434,9.014036,52187.106589
154,8.385624,-3.79349,6.141057,22.102162,40787.353691
154,10.578307,-4.260685,7.830044,47.753362,66308.274561
154,19.859965,-5.837952,10.521828,165.231189,119735.164404
154,20.315955,-5.904592,5.99264,73.023255,38839.687918
154,20.51657,-5.933674,6.619452,338.754413,47389.639205
154,-16.398805,5.304902,21.060544,70.57172,159903.238607
154,-20.635777,5.950887,17.963762,197.980284,116335.606069
154,18.665828,-5.65972,7.842965,184.599029,66527.293514
154,7.686539,-3.631924,4.820714,58.914549,25134.026191
154,14.394745,-4.970193,5.605579,66.395153,33984.452153
155,16.863785,-5.379586,3.239787,213.254563,11351.997234
155,17.219396,-5.43601,10.782894,165.807512,125750.573863
155,21.460325,-6.068613,4.936719,41.617802,26358.224877
155,-16.006782,5.24111,6.144989,187.659976,13613.200581
155,17.313783,-5.450888,4.962657,141.560235,26635.929465
155,-22.44229,6.205901,2.884786,24.446798,3000.165783
155,-15.533228,5.163,10.995567,110.228589,43586.631164
155,6.430241,-3.321887,9.635677,334.45624,100416.208663
155,20.842911,-5.980679,5.86443,203.690774,37195.547483
155,29.47683,-7.112326,13.811067,335.489898,206297.414139
155,4.720603,-2.84623,20.535065,245.108916,456069.978421
155,16.457037,-5.314313,2.128772,102.368021,4901.14487
155,4.624934,-2.817242,30.008461,237.245286,973927.819477
155,15.050551,-5.08215,18.119096,121.44609,355068.697553
155,13.239153,-4.76652,4.510355,331.973713,22001.925704
156,23.774007,-6.387376,5.175913,18.882702,28974.325498
156,20.769057,-5.970074,8.643474,358.793625,80800.861854
156,25.099942,-6.563079,14.02575,34.966323,212760.744545
156,13.698107,-4.848435,8.016721,239.254728,69507.68956
156,16.350766,-5.297127,13.884743,4.973383,208504.316891
156,10.343394,-4.21311,2.862166,127.503315,8859.902027
156,21.870906,-6.126391,9.015524,278.284589,87906.550667
156,32.428943,-7.45998,2.783248,23.784023,8378.054186
156,-12.306114,4.595489,9.752215,185.976866,34286.616898
156,25.67819,-6.638248,4.563909,176.235514,22527.512245
156,-18.04934,5.565471,6.074556,91.508415,13302.92365
156,17.068295,-5.412107,5.051353,255.014002,27596.549867
156,12.260629,-4.586989,4.563648,190.802149,22524.937733
156,13.910922,-4.885953,8.158691,19.021553,71991.352438
156,8.34903,-3.785204,15.375553,125.453898,255682.395819
156,19.897643,-5.843487,7.10526,34.579476,54600.841049
157,32.515455,-7.469924,7.114586,290.286054,54744.267767
157,-19.102433,5.725529,8.488361,152.771038,25975.609177
157,21.613653,-6.090254,6.421951,151.259424,44603.9485
157,-14.62702,5.010133,4.363366,39.547542,6863.749432
157,18.455498,-5.627742,7.245716,171.669991,56780.858402
157,14.570343,-5.000417,4.818375,97.507045,25109.647183
157,12.712213,-4.670699,8.885881,74.69856,85396.539422
157,-6.927366,3.447906,28.022437,284.400536,283093.481976
157,14.742081,-5.0298,3.584859,289.697319,13898.995177
157,-10.408746,4.226399,5.365906,302.648607,10380.162449
157,19.88171,-5.841147,1.731492,206.869326,3242.503446
157,23.766349,-6.386347,4.110769,159.82542,18276.178481
157,18.96395,-5.704738,4.370856,80.93942,20661.997149
157,32.027869,-7.413705,5.165258,199.352027,28855.154667
157,14.3135,-4.956147,6.773747,63.500426,49624.634471
157,-15.965101,5.234282,6.278097,237.513881,14209.34818
158,38.306892,-8.107926,4.672826,56.564432,23615.580973
158,13.801859,-4.866762,7.061609,303.403704,53932.012807
158,19.191352,-5.73884,10.341847,315.963384,115673.941003
158,-14.682944,5.019701,11.550807,279.331064,48099.739541
158,26.615432,-6.758309,19.704157,128.462888,419908.862598
158,-20.90355,5.989372,10.479856,251.445635,39593.940887
158,11.944612,-4.527488,4.836975,311.939105,25303.871142
158,-10.466792,4.238167,6.573004,95.321755,15575.637637
158,14.587307,-5.003327,2.486448,254.915269,6686.48963
158,-32.380585,7.454416,3.927444,285.749136,5560.810395
158,-15.121238,5.094071,5.459764,77.082768,10746.468464
158,4.837422,-2.881232,3.057902,273.337428,10113.153193
158,31.600282,-7.364051,2.669268,171.067517,7705.907974
158,12.903419,-4.705694,9.477412,266.945645,97144.64085
158,29.761624,-7.146602,16.684748,259.893002,301077.749804
158,-24.315874,6.459758,4.30357,54.597306,6676.913665
158,11.173681,-4.378944,11.481719,147.808984,142578.213627
159,-14.32974,4.958958,7.384461,79.92773,19658.737404
159,14.04658,-4.909719,6.153591,283.443635,40954.018529
159,27.857367,-6.91419,5.653202,164.892378,34564.345778
159,9.220315,-3.977811,17.565014,351.288618,333684.743886
159,15.229145,-5.112214,2.483608,84.923427,6671.22414
159,-23.115259,6.298261,7.584919,110.930209,20740.534204
159,16.996596,-5.400728,18.647305,79.628096,376072.421575
159,0.992186,-1.304872,6.573639,259.149418,46735.942625
159,14.464068,-4.982147,3.834768,106.094599,15904.411873
159,26.774864,-6.778521,3.73663,9.982326,15100.786976
159,27.0417,-6.812214,4.458699,1.081174,21500.847418
159,20.490501,-5.929903,3.186103,187.994493,10978.902683
159,32.846556,-7.507861,13.944024,89.028644,210288.51948
159,-5.841812,3.166249,5.041417,24.071668,9162.696932
159,15.482826,-5.154617,6.997917,320.552199,52963.523039
159,-23.746981,6.383744,4.484359,226.777108,7249.67969
159,-19.56442,5.794351,5.537504,292.770957,11054.679447
160,15.292386,-5.122818,9.06606,12.680966,88894.830285
160,12.406307,-4.614159,3.307465,236.802612,11831.228267
160,13.79639,-4.865798,11.999706,31.240073,155732.966189
160,-20.473277,5.92741,16.670503,15.345109,100187.95033
160,22.064377,-6.153428,4.042592,228.094851,17674.988534
160,22.122873,-6.161579,13.340323,339.476669,192473.983247
160,14.239483,-4.943316,4.288946,229.629502,19894.846042
160,16.340823,-5.295516,6.041788,190.01442,39479.372703
160,10.028996,-4.148585,3.865468,105.291544,16160.076545
160,17.150285,-5.42509,11.498502,203.195426,142995.342935
160,16.385076,-5.302681,11.013246,31.287303,131180.726354
160,25.085422,-6.561181,8.347878,313.294308,75368.793897
160,7.225184,-3.521241,7.901262,357.82136,67519.9803
160,23.815422,-6.392937,6.557918,101.373175,46512.669321
160,23.211564,-6.311368,3.783242,250.025142,15479.877798
160,19.683427,-5.811947,8.896403,298.972355,85598.917076
160,15.408512,-5.142232,10.090102,182.963144,110110.933618
160,17.687375,-5.509383,3.564429,237.671119,13741.025632
161,13.111206,-4.743431,3.420576,165.064093,12654.289308
161,18.557335,-5.643247,6.879478,230.011334,51185.892403
161,6.447412,-3.32632,3.807662,128.46084,15680.361786
161,-18.941056,5.701293,16.908485,266.791753,103068.858758
161,8.008987,-3.70732,6.807998,177.219549,50127.745763
161,-17.279527,5.445493,3.065411,226.691974,3387.627287
161,21.609504,-6.089669,9.066764,226.697978,88908.646904
161,7.706525,-3.636642,5.030532,314.738731,27369.516767
161,16.63386,-5.342786,4.676711,16.215367,23654.862809
161,-2.267689,-1.972709,8.627614,317.553376,80504.607792
161,12.510801,-4.63355,6.04341,262.308477,39500.574003
161,25.256876,-6.583565,5.255557,132.837811,29872.862164
161,7.725697,-3.641163,7.650876,228.711896,63308.44662
161,14.14079,-4.926156,7.501231,157.531345,60856.148386
161,8.48035,-3.814856,4.502545,109.45547,21925.795836
161,17.50491,-5.480892,3.18568,250.008861,10975.991028
161,31.756544,-7.382236,8.617637,291.153208,80318.519178
161,17.198867,-5.432769,7.764832,114.193221,65208.385779
162,19.308319,-5.756301,6.658031,207.792967,47943.629079
162,20.918349,-5.991492,6.788434,311.22779,49840.060854
162,21.757018,-6.110419,12.069065,52.269252,157538.451905
162,6.829948,-3.423576,8.834641,357.519309,84414.510334
162,-18.208277,5.589922,8.778371,352.532842,27780.876992
162,25.338562,-6.594202,6.348413,27.66725,43588.276675
162,18.142864,-5.579872,3.593787,29.169822,13968.315783
162,11.663378,-4.473871,12.023976,314.735637,156363.555843
162,9.082943,-3.948068,7.741192,308.41039,64811.933494
162,-17.000143,5.401291,5.351953,17.885213,10326.25163
162,-8.126384,3.734393,7.517968,124.613264,20376.005724
162,18.711201,-5.666594,11.431509,183.972304,141333.933275
162,22.970262,-6.278476,4.343051,175.431082,20399.953857
162,17.469833,-5.475398,10.339171,103.247401,115614.084105
162,-1.475247,-1.591123,10.358651,188.896271,116050.155817
162,12.725888,-4.673211,3.898259,10.834518,16435.413586
162,12.064249,-4.550105,6.099113,37.598112,40232.101293
162,-35.329534,7.786464,1.636824,48.510534,965.877865
163,22.254278,-6.179852,19.597152,264.033666,415360.549987
163,-4.954794,2.915977,14.67748,268.833214,77664.232993
163,-18.741083,5.671117,10.377679,297.584325,38825.634665
163,20.193779,-5.886811,3.130351,355.37185,10598.037684
163,10.480426,-4.240927,6.038457,81.362647,39435.855704
163,18.423159,-5.622809,5.267568,265.597447,30009.555101
163,-12.508136,4.633057,4.649431,65.033194,7793.234636
163,10.555232,-4.256035,8.860508,131.952969,84909.551843
163,-24.191241,6.443182,5.413472,357.179121,10565.007181
163,-21.000663,6.003269,8.465685,293.676311,25837.010508
163,15.248962,-5.115539,3.028926,95.50687,9922.398384
163,3.307967,-2.382604,7.426652,292.111182,59652.060545
163,17.273799,-5.444591,15.407611,294.797403,256749.692436
163,-0.176625,-0.550551,5.38798,307.953122,31397.2212
163,8.117162,-3.732273,13.397754,237.888317,194134.786781
163,24.389119,-6.46948,21.267835,34.695685,489199.401292
163,17.89531,-5.541673,4.132199,167.408907,18467.227745
163,9.128089,-3.957867,10.273824,275.627512,114157.276299
163,21.170941,-6.027558,4.786668,305.043482,24780.262271
164,6.829656,-3.423503,12.333211,200.179535,164509.766187
164,18.866921,-5.690125,2.616991,33.751841,7407.024697
164,19.104953,-5.725907,8.804728,38.364447,83843.844996
164,14.616117,-5.008265,8.0378,326.796576,69873.692958
164,5.233893,-2.996979,7.535074,314.521997,61406.498535
164,-23.853396,6.398032,9.141536,39.168266,30127.035405
164,15.040945,-5.080528,6.987397,121.207229,52804.404873
164,15.864307,-5.217733,15.035884,177.352084,244510.355525
164,6.927498,-3.447938,8.713064,285.923686,82107.17724
164,11.887574,-4.516665,4.46413,91.511527,21553.261693
164,25.330607,-6.593167,4.728482,121.386216,24181.479554
164,31.545135,-7.357622,5.754615,42.160076,35815.572266
164,-17.209064,5.434379,9.485951,322.140299,32439.926283
164,9.129722,-3.958221,4.915015,100.830621,26126.964142
164,-19.928334,5.847992,4.740761,170.768848,8102.409794
164,13.857229,-4.876514,3.675539,339.731834,14611.052442
164,7.158304,-3.504906,4.542482,25.364998,22316.481605
164,11.862173,-4.511837,9.770602,328.944953,103248.084443
164,2.095663,-1.896409,7.374238,293.393421,58813.036349
165,14.321883,-4.957599,6.916878,43.597149,51743.943689
165,14.826559,-5.044191,18.334846,332.938422,363574.857124
165,-13.454551,4.805138,12.134531,309.947935,53084.05059
165,-12.078508,4.552793,5.390724,152.115791,10476.40404
165,22.253307,-6.179717,3.546809,264.490443,13605.51647
165,-16.79886,5.36922,6.082936,256.309449,13339.652234
165,9.286427,-3.992047,8.327381,284.4447,74999.133717
165,-3.314997,2.385134,4.898127,339.997906,8649.243782
165,21.237774,-6.037064,4.285136,31.626927,19859.509076
165,18.088424,-5.571494,11.209141,328.684803,135888.905009
165,8.982191,-3.92611,2.26933,356.702783,5569.737151
165,-27.179925,6.829602,4.385405,158.234544,6933.261344
165,26.393999,-6.730137,5.857,32.026001,37101.350271
165,16.741239,-5.360004,7.839017,302.220105,66460.340131
165,9.051345,-3.941194,4.513765,337.586315,22035.21109
165,13.59569,-4.830276,11.662026,178.943006,147091.42961
165,19.766836,-5.824248,6.336647,154.086597,43426.858694
165,19.930205,-5.848267,5.382036,320.462814,31327.984165
165,17.634219,-5.501098,9.535407,32.914226,98337.188306
166,-22.442507,6.205932,16.581332,201.617085,99119.000826
166,-23.326796,6.327015,6.644521,73.509079,15916.420345
166,4.308431,-2.719136,6.435897,342.936997,44797.88108
166,-12.602607,4.65052,4.719624,148.946637,8030.320291
166,-1.547285,-1.629508,5.960247,242.899228,38420.931824
166,14.427001,-4.975759,6.357534,285.449355,43713.613752
166,17.572336,-5.491437,5.067354,146.234064,27771.656894
166,10.431525,-4.231021,3.667424,24.818378,14546.604679
166,14.696824,-5.022073,5.138639,341.015767,28558.510608
166,11.018502,-4.348431,4.158244,245.124084,18700.763209
166,30.083705,-7.185169,4.991311,239.966344,26944.403993
166,25.179825,-6.573515,13.423279,121.498226,194875.184303
166,18.725605,-5.668775,6.987355,173.259582,52803.768683
166,-26.17599,6.702284,2.51946,310.274059,2288.405888
166,12.714056,-4.671038,4.241722,154.149615,19459.14622
166,-17.723508,5.515008,11.393452,266.113592,46798.156184
166,4.702631,-2.840807,6.243495,76.989377,42159.448558
166,-19.844802,5.835723,6.694178,132.232949,16155.207778
166,16.633992,-5.342808,15.896436,340.231742,273299.533737
166,14.45787,-4.981079,1.704858,19.105381,3143.517203
167,-21.010435,6.004666,5.466831,217.751397,10774.308161
167,15.622376,-5.177795,6.317871,69.525227,43169.879042
167,-22.626786,6.231358,4.011806,145.544671,5802.270858
167,19.101154,-5.725338,3.508682,323.784075,13314.576955
167,19.271441,-5.750802,4.516292,76.580845,22059.893806
167,18.740803,-5.671075,4.743844,94.973069,24338.856843
167,19.220287,-5.743164,6.839815,195.554025,50597.379241
167,4.140032,-2.665466,9.734062,319.62651,102477.268902
167,19.4573,-5.778466,6.786113,221.607759,49805.98528
167,11.291287,-4.401929,7.767352,355.702442,65250.714619
167,-10.274449,4.199045,4.369102,40.975386,6881.806736
167,26.146822,-6.698549,20.926189,299.413598,473608.629348
167,-16.706323,5.354411,12.918491,243.375713,60164.681745
167,-6.336385,3.297555,4.445013,170.38226,7123.01979
167,8.727746,-3.870102,6.818456,140.245069,50281.870656
167,18.959241,-5.70403,7.600697,302.856419,62480.739517
167,-0.680505,-1.080655,4.494069,152.293917,21843.331673
167,25.229597,-6.580009,7.099612,267.699517,54514.067497
167,16.498133,-5.320944,2.053387,216.811839,4560.16726
167,18.269973,-5.599384,7.651284,267.195407,63315.200508
168,18.876957,-5.691638,4.285139,80.211362,19859.543494
168,-13.848492,4.874977,4.934465,44.887963,8778.053312
168,17.033012,-5.40651,9.461387,38.812252,96816.412431
168,-9.888101,4.119341,7.632483,274.076298,21001.473811
168,19.405032,-5.7707,4.504782,134.655143,21947.589797
168,-15.45701,5.150318,9.756724,323.329863,34318.329671
168,16.635043,-5.342976,6.204109,259.259665,41629.205201
168,28.059751,-6.939261,10.311073,201.275025,114986.549716
168,-10.054447,4.153846,4.216179,289.179553,6408.497884
168,-16.982311,5.398458,4.900643,88.954772,8658.130678
168,1.562096,-1.637288,19.673755,139.926444,418614.076554
168,-29.235361,7.083135,14.251832,53.716332,73225.014461
168,12.607213,-4.65137,11.781267,319.975315,150114.735719
168,18.851616,-5.687817,11.932052,127.898422,153981.876387
168,-16.985536,5.39897,10.766122,97.396656,41786.561926
168,21.968366,-6.140026,7.253696,155.414658,56905.988773
168,2.625769,-2.122754,5.847012,13.539856,36974.919599
168,-5.688493,3.124424,7.095924,347.591835,18152.478615
168,4.610221,-2.812757,3.155477,190.87702,10768.852778
168,25.706856,-6.641953,6.856189,252.926379,50839.925233
169,22.121279,-6.161358,1.46114,122.342799,2308.993477
169,27.418935,-6.859565,12.649281,205.920131,173049.754157
169,-15.617797,5.177036,10.977094,4.648806,43440.299243
169,22.526337,-6.217511,5.492995,148.875757,32633.060837
169,-15.830594,5.212186,3.41499,233.38213,4204.332554
169,13.003017,-4.72382,12.391739,58.616202,166074.840979
169,-15.133444,5.096126,4.078082,312.658157,5995.561813
169,-5.137051,-2.969123,7.609948,269.320269,62632.926079
169,-10.00134,4.142861,15.978521,274.037972,92043.095242
169,12.146161,-4.565526,18.597462,148.083613,374064.667536
169,-9.551047,4.048525,2.920883,162.519094,3075.716477
169,12.996599,-4.722654,4.842953,200.080302,25366.455367
169,20.184001,-5.885386,9.764676,19.152399,103122.863667
169,6.150467,-3.248818,4.878616,99.948499,25741.425647
169,16.712467,-5.355396,7.904438,66.288862,67574.266833
169,6.748396,-3.403075,5.37164,93.000279,31207.080759
169,16.542532,-5.328099,7.266478,179.157945,57106.731532
169,12.954427,-4.714986,3.947096,120.683296,16849.802477
169,8.773016,-3.880125,3.875955,125.292173,16247.884833
169,7.735291,-3.643423,3.631652,93.760565,14264.209535
170,18.288687,-5.602251,3.066551,77.737663,10170.439506
170,4.943649,-2.912696,9.308568,315.986569,93714.138673
170,8.687595,-3.861189,6.432749,141.152199,44754.073995
170,-17.922479,5.545878,17.553124,78.14505,111077.711213
170,-21.082278,6.014923,8.518111,205.495363,26158.007008
170,-15.627013,5.178563,8.793591,343.088478,27877.292243
170,-7.339424,3.54897,8.110571,226.264291,23714.880622
170,13.682551,-4.845681,3.172938,298.07091,10888.362687
170,-9.774231,4.095553,4.638164,132.455541,7755.508088
170,14.721846,-5.026347,5.604719,241.572627,33974.021774
170,5.196246,-2.986181,11.781303,153.747213,150115.657243
170,24.129504,-6.434955,5.971069,255.798,38560.576919
170,20.765557,-5.969571,6.048526,212.547843,39567.480119
170,18.428407,-5.62361,10.918716,207.923375,128938.46381
170,20.226612,-5.891595,8.990085,307.90086,87411.171036
170,17.957432,-5.551284,4.632804,215.50869,23212.778466
170,7.319485,-3.544146,7.537533,291.006281,61446.594938
170,18.280227,-5.600955,3.416732,17.023481,12625.867571
170,20.112216,-5.874911,13.830674,104.770052,206883.592628
170,7.489663,-3.585109,6.353495,359.695903,43658.087097
170,21.727209,-6.106231,9.967438,80.758947,107449.994274
171,16.759483,-5.362924,2.104775,134.605055,4791.268918
171,16.290665,-5.287382,10.171496,184.015333,111894.574424
171,26.26362,-6.713494,11.534815,189.430827,143899.946178
171,17.129009,-5.421724,10.316376,1.494446,115104.855493
171,0.424784,0.853798,10.112658,143.217097,36867.925914
171,-16.826161,5.373581,3.866094,21.135686,5388.438091
171,13.340905,-4.784802,7.875571,337.067853,67081.595796
171,-13.470615,4.808006,13.26154,45.932329,63402.43935
171,9.887839,-4.119286,5.606365,305.842964,33993.983067
171,10.685134,-4.282144,11.573,38.071948,144854.243117
171,21.365894,-6.055247,15.524384,289.374252,260656.228306
171,21.123176,-6.020754,11.169763,277.877992,134935.810912
171,23.650533,-6.370768,19.386868,227.212165,406494.466077
171,10.146899,-4.1729,7.916477,221.655303,67780.258329
171,19.718712,-5.817154,1.894979,170.727052,3883.723554
171,-21.294843,6.04517,3.519425,79.266048,4465.410749
171,13.667382,-4.842994,8.834207,272.943539,84406.226781
171,16.74548,-5.360683,9.866274,158.100819,105279.943383
171,14.742587,-5.029886,3.704815,47.431117,14844.735819
171,-15.265131,5.118251,2.446601,140.564287,2157.964389
171,16.115503,-5.25888,13.734864,25.008859,204027.190706
172,6.096174,-3.234446,18.006006,234.37855,350650.211293
172,11.972991,-4.532863,5.652887,225.704589,34560.489149
172,-10.501921,4.245273,5.250457,289.893518,9938.305657
172,22.223235,-6.17554,2.873004,75.27864,8927.130211
172,12.655993,-4.660359,5.75099,340.191572,35770.467212
172,-15.381296,5.137688,8.089833,34.143177,23593.759529
172,6.025889,-3.215747,3.121142,220.741019,10535.769526
172,20.870924,-5.984697,12.353599,299.121582,165054.115329
172,19.069732,-5.720627,6.458897,175.020767,45118.650616
172,12.949267,-4.714047,9.744176,273.92042,102690.344793
172,-24.597664,6.49708,9.677465,272.828927,33763.021176
172,-12.894732,4.70411,7.814662,75.245807,22016.001441
172,-5.330101,3.024399,4.920706,349.421464,8729.169702
172,2.258775,-1.968828,4.747473,170.897032,24376.101556
172,11.228222,-4.389619,7.077578,96.164423,54176.214274
172,-15.471394,5.152714,8.632134,316.026718,26862.992839
172,21.379239,-6.057137,2.843401,315.071217,8744.111129
172,19.156139,-5.733572,10.832294,18.506562,126905.4223
172,-24.332442,6.461958,6.691189,103.620156,16140.785701
172,6.400817,-3.314279,2.174288,153.190919,5112.974948
172,-13.587568,4.828833,4.640559,69.902192,7763.518762
173,10.584134,-4.261858,7.721896,261.199979,64489.241037
173,11.067778,-4.358143,10.615073,92.08722,121866.775313
173,12.767163,-4.680783,5.918276,182.742296,37881.73133
173,10.405623,-4.225765,1.354636,56.845056,1984.652237
173,11.360407,-4.415382,5.103376,180.261337,28167.904039
173,-18.910139,5.696638,4.197056,126.338044,6350.495885
173,-29.769098,7.147499,6.86537,327.185564,16992.057073
173,24.101647,-6.431239,18.509863,48.079687,370549.088602
173,19.509561,-5.786221,3.468757,64.273143,13013.290856
173,8.60684,-3.843202,2.495001,107.156999,6732.568119
173,13.895407,-4.883227,2.806197,293.554677,8516.783433
173,-2.821738,2.200542,12.776497,133.947924,58849.350476
173,20.716198,-5.962472,5.718933,211.73673,35372.786739
173,12.238867,-4.582916,6.041208,253.560716,39471.804408
173,10.650141,-4.275127,1.499821,83.020462,2432.86622
173,-22.041922,6.150296,6.784522,295.902016,16594.211148
173,13.002607,-4.723746,5.025175,111.988605,27311.253473
173,-16.200925,5.272799,8.863587,121.101027,28322.859465
173,-19.328939,5.759374,8.582811,15.429794,26556.887297
173,12.612313,-4.65231,6.576183,102.222837,46772.126533
173,20.463238,-5.925957,14.517401,325.982703,227938.193468
174,11.797284,-4.49948,2.751299,2.084991,8186.815548
174,9.610484,-4.061102,6.230849,359.596194,41988.830068
174,-13.891353,4.882515,5.403724,113.684484,10526.994751
174,11.638024,-4.469006,4.191268,271.175502,18998.977661
174,21.762411,-6.111176,5.980742,97.190753,38685.606791
174,24.287358,-6.455969,14.492892,70.776566,227169.20926
174,15.243694,-5.114656,4.538693,98.598968,22279.271367
174,14.517905,-4.99141,4.035946,352.32577,17616.918432
174,25.7327,-6.645291,16.537272,17.786098,295778.804733
174,7.876341,-3.676491,3.950884,232.560424,16882.150995
174,26.952122,-6.800922,8.552002,50.268882,79099.708365
174,18.505155,-5.635308,6.58674,286.172813,46922.423875
174,11.506149,-4.443614,2.44172,244.206732,6448.090634
174,-10.81854,4.308793,3.427536,335.898211,4235.28104
174,11.817776,-4.503386,9.209789,159.394276,91735.767548
174,-25.219161,6.578647,6.200315,10.827002,13859.437126
174,11.268659,-4.397516,4.420514,136.848017,21134.151589
174,-17.274035,5.444628,10.654574,172.051182,40925.151716
174,16.831014,-5.374356,12.555158,142.666486,170484.02
174,13.394653,-4.794431,5.638458,171.989249,34384.283776
174,22.426152,-6.20367,3.876083,218.3762,16248.954936
175,16.203194,-5.273168,15.09996,270.881038,246598.781584
175,20.052744,-5.866218,14.786948,184.278149,236481.085733
175,5.497892,-3.071634,8.943612,171.749351,86509.789056
175,21.591355,-6.087111,6.058818,252.090222,39702.256389
175,-11.5036,4.443121,10.853101,85.985751,42464.477642
175,-0.447712,-0.876538,5.845017,357.949291,36949.691663
175,13.805492,-4.867402,5.218036,295.079291,29447.844738
175,7.611848,-3.614235,3.599325,119.155629,14011.400616
175,11.374179,-4.418057,14.78043,165.84559,236272.663254
175,30.431392,-7.22657,15.394172,235.052968,256302.001888
175,-1.766897,-1.741313,11.652315,328.282685,146846.556139
175,16.259535,-5.282328,14.640167,102.410865,231809.574645
175,14.619993,-5.008929,5.237463,227.735029,29667.518747
175,12.438679,-4.620175,3.510274,131.131801,13326.657967
175,-7.533886,3.595678,5.359649,214.761086,10355.969978
175,9.880479,-4.117753,8.048704,73.146237,70063.411526
175,11.754344,-4.491284,5.425933,125.978679,31841.109146
175,10.797534,-4.304608,5.472674,349.993827,32392.05444
175,14.857807,-5.049503,9.491159,47.144878,97426.662545
175,7.146621,-3.502045,8.448512,211.526475,77196.886348
175,18.7583,-5.673722,3.302454,161.34731,11795.40425
176,11.840258,-4.507668,7.787448,222.502197,65588.797829
176,10.958291,-4.336534,8.535039,82.879474,78786.237131
176,19.569493,-5.795102,11.264182,131.061015,137226.702247
176,22.644256,-6.233763,7.956042,99.319984,68459.45836
176,-16.44043,5.311631,4.125355,333.225016,6135.369447
176,24.534425,-6.488723,3.730245,235.150294,15049.219803
176,22.455206,-6.207687,8.68902,142.867417,81654.659097
176,8.803627,-3.886889,5.143548,346.032454,28613.099284
176,21.556429,-6.082186,8.443192,316.116,77099.687271
176,5.805045,-3.15627,4.173357,95.300827,18836.93853
176,12.520885,-4.635417,5.971538,96.032038,38566.632345
176,19.817513,-5.831709,6.991331,66.298211,52863.879248
176,-13.405528,4.796376,7.071487,113.164151,18027.671381
176,9.580591,-4.054781,4.944335,303.415309,26439.611829
176,2.392195,-2.026141,9.057997,37.799509,88736.788349
176,13.624486,-4.835388,4.201094,255.560838,19088.161514
176,8.846113,-3.896257,4.827708,27.650316,25207.009634
176,18.560663,-5.643753,4.59833,148.158098,22868.5976
176,11.246167,-4.393125,6.572155,239.983842,46714.846593
176,-14.460794,4.981583,7.241971,179.76322,18907.392521
176,-19.544719,5.791433,9.605891,189.05268,33265.44915
177,12.195296,-4.574751,10.520195,357.025235,119698.006074
177,10.661286,-4.277363,4.721615,341.398452,24111.292525
177,-18.710307,5.666459,19.869385,194.099547,142326.88483
177,17.984815,-5.555515,4.809067,56.25222,25012.724958
177,6.235949,-3.271317,6.109222,193.552956,40365.581871
177,-15.73546,5.196501,15.458397,299.669593,86148.355033
177,-14.763883,5.033518,4.750661,101.917258,8136.284068
177,15.511224,-5.159342,8.969007,75.87913,87001.764203
177,17.370971,-5.459883,9.083892,211.318438,89244.876663
177,-7.696968,3.634387,4.832933,135.198193,8420.533468
177,19.870745,-5.839536,21.856026,355.136041,516632.522808
177,-10.093962,4.162001,7.762958,117.161024,21725.639559
177,-6.588647,3.362555,6.057005,249.648407,13226.166559
177,5.743665,-3.139539,6.28314,23.761923,42696.557581
177,-14.903314,5.05723,11.801245,37.420133,50208.089455
177,4.540572,-2.791429,13.620369,36.431658,200639.783868
177,-18.172595,5.584442,6.458681,258.060004,15038.543517
177,22.115042,-6.160489,3.073185,15.129267,10214.488167
177,-11.564714,4.454908,15.757434,75.103596,89513.608867
177,12.051755,-4.547749,6.114847,202.708135,40439.941168
177,11.620364,-4.465614,12.296977,159.575367,163544.554389
178,-21.671498,6.098398,7.793751,39.661475,21898.339369
178,6.858527,-3.430731,17.90872,123.257041,346871.353103
178,11.148847,-4.374076,4.886952,341.569806,25829.472448
178,-23.31741,6.325742,5.605343,312.188039,11327.196248
178,21.147882,-6.024274,3.951148,225.467868,16884.414227
178,-11.847995,4.50914,4.221696,34.209442,6425.279307
178,-13.128387,4.746538,5.176778,135.971934,9661.336509
178,22.091705,-6.157238,6.678237,252.526426,48235.084633
178,-21.033311,6.007934,3.840594,358.382879,5317.590062
178,-7.91093,3.684555,11.71919,224.490818,49512.317099
178,-11.311568,4.40588,4.3798,333.56155,6915.549572
178,12.493556,-4.630356,3.694444,282.228897,14761.735051
178,14.906498,-5.05777,6.85888,309.326218,50879.838984
178,17.632359,-5.500808,6.384351,165.387082,44083.175102
178,11.062275,-4.35706,4.82735,257.66261,25203.273102
178,17.743176,-5.518067,4.593078,69.751351,22816.389591
178,14.545005,-4.996067,6.616416,248.691661,47346.173384
178,-5.209706,2.990046,6.838147,137.568587,16857.567289
178,14.722289,-5.026422,7.660101,265.157673,63461.209095
178,-21.507281,6.075249,3.254765,78.587281,3819.066777
178,-15.914164,5.225925,9.895736,260.548051,35303.218942
179,15.987712,-5.237987,5.38918,30.09929,31411.210903
179,17.006991,-5.402379,4.216124,325.435149,19224.989303
179,17.789445,-5.525257,5.391835,334.075675,31442.173597
179,-3.588173,2.481464,2.158417,165.029762,1679.533241
179,17.343329,-5.455537,6.328849,180.838722,43320.031983
179,-7.846124,3.669432,5.221264,2.729086,9828.097487
179,-7.21965,3.519892,6.791868,166.044732,16630.166478
179,9.457596,-4.02867,2.263885,86.991168,5543.040097
179,-10.922441,4.329434,5.081748,84.846338,9309.886862
179,12.035027,-4.544591,2.192117,359.507079,5197.166429
179,22.740376,-6.24698,4.397244,89.575286,20912.239864
179,14.450736,-4.97985,8.938335,13.960018,86407.729216
179,21.831473,-6.120865,5.902449,232.985991,37679.387837
179,9.814222,-4.103923,3.741562,67.854938,15140.672449
179,-11.144046,4.373134,4.091222,262.362861,6034.263172
179,8.381623,-3.792585,4.311295,210.80579,20102.715714
179,16.295922,-5.288235,5.868992,31.394623,37253.439082
179,6.239151,-3.272156,7.661421,18.300261,63483.087844
179,20.041172,-5.864525,3.141908,359.740653,10676.43385
179,21.014448,-6.005239,7.309218,119.583826,57780.484352
179,-17.849001,5.534498,8.421134,45.145909,25565.790542
180,13.740721,-4.855971,2.396123,71.103332,6209.511901
180,17.937134,-5.548145,10.608346,174.623397,121712.361136
180,23.187884,-6.308148,4.710743,184.620077,24000.384107
180,8.641389,-3.850907,4.392418,286.531917,20866.354993
180,13.148143,-4.750108,9.030046,99.786435,88189.98364
180,17.981364,-5.554981,3.588371,248.479302,13926.243708
180,1.726212,-1.721149,3.337679,133.665177,12048.371308
180,-13.715718,4.851551,6.814728,258.516912,16742.300668
180,3.784826,-2.548556,5.528489,304.030491,33056.148147
180,14.475969,-4.984196,3.346357,276.789885,12111.108041
180,8.410877,-3.799198,2.017552,313.655632,4402.394795
180,16.282138,-5.285998,3.254791,170.777618,11457.388161
180,7.099776,-3.490548,7.140844,115.602189,55149.095607
180,10.851359,-4.315324,9.883444,287.647425,105646.70516
180,-22.862189,6.263689,7.094777,177.370718,18146.613803
180,11.023032,-4.349325,7.488414,353.339545,60648.357568
180,-11.049995,4.354641,5.554295,310.981819,11121.820791
180,21.687964,-6.100714,5.681025,282.00868,34905.412417
180,18.311298,-5.605713,8.103423,125.746979,71019.293036
180,-11.833946,4.506466,7.937999,23.853597,22716.433523
180,8.431556,-3.803866,23.180532,350.187301,581147.163802
181,14.225662,-4.940917,5.373238,174.023006,31225.652887
181,2.866185,-2.217805,5.655484,86.660367,34592.259945
181,-17.815499,5.529302,6.78269,108.982266,16585.251863
181,10.808825,-4.306858,3.824189,262.050411,15816.776608
181,10.542914,-4.253551,3.747688,193.486713,15190.297937
181,-18.198018,5.588347,2.215322,234.422624,1769.260541
181,13.05661,-4.733545,9.762812,18.473583,103083.497542
181,23.938351,-6.409415,5.160416,201.314066,28801.083471
181,-13.656917,4.84114,19.415865,276.492253,135903.783284
181,22.221666,-6.175322,5.298747,151.347175,30365.871245
181,17.5276,-5.484443,13.749869,149.342429,204473.235836
181,19.793478,-5.828172,4.975414,162.495163,26773.043022
181,9.47446,-4.03226,1.58686,225.803216,2723.432477
181,6.927726,-3.447995,11.084716,103.955728,132888.834967
181,8.682349,-3.860023,7.623785,31.658726,62860.895489
181,10.792295,-4.303563,5.655486,324.126131,34592.275794
181,-0.941069,1.270814,3.544578,97.839238,4529.468404
181,19.987532,-5.856672,6.703745,202.006601,48604.260398
181,4.039261,-2.632826,14.312644,250.130698,221553.738788
181,-13.449305,4.804202,14.08368,292.921422,71507.302971
181,21.65829,-6.096539,21.21413,288.603171,486731.882196
182,17.366156,-5.459126,6.222168,232.111555,41871.915213
182,-6.7518,3.403934,5.782342,16.385846,12053.843801
182,-10.936436,4.332207,6.118789,128.475537,13497.366594
182,10.752076,-4.295537,6.100257,155.486876,40247.19101
182,12.741717,-4.676116,7.261443,265.31256,57027.60877
182,-18.085789,5.571088,4.489864,291.978588,7267.489266
182,13.266629,-4.771463,7.372791,266.495975,58789.969635
182,15.312442,-5.126176,2.556656,45.121061,7069.422605
182,-12.051859,4.547768,5.016886,277.012944,9073.742713
182,-19.228387,5.744374,7.454259,204.625115,20032.1264
182,6.19236,-3.259863,4.502105,218.725494,21921.512152
182,-11.970401,4.532373,6.388389,184.246345,14712.985956
182,-18.281161,5.601098,8.827838,262.600407,28094.854714
182,-2.590131,-2.108299,5.598158,83.690464,33894.531049
182,3.904669,-2.588591,4.954775,192.860734,26551.38499
182,11.566749,-4.4553,6.862895,284.967273,50939.42142
182,-18.143007,5.579894,5.486333,184.063282,10851.315851
182,14.911896,-5.058686,1.394339,135.283216,2102.695101
182,5.511623,-3.075467,9.152853,130.216581,90605.022129
182,9.672007,-4.07408,4.114536,330.959021,18309.695385
182,7.324162,-3.545278,5.914827,3.480359,37837.589687
183,6.012243,-3.212104,5.105905,68.353085,28195.825072
183,-11.481919,4.438932,18.571875,29.443054,124345.358687
183,10.895423,-4.324076,2.560793,338.859436,7092.319304
183,6.89985,-3.441051,4.373129,308.277206,20683.496959
183,6.955925,-3.455006,5.593701,283.736025,33840.580796
183,22.963721,-6.277582,2.433807,325.395086,6406.366074
183,11.801151,-4.500217,22.391428,42.186947,542254.196731
183,-6.121736,3.241221,4.896555,333.277065,8643.693116
183,21.916732,-6.132806,27.754652,300.160369,833126.420237
183,8.822336,-3.891017,13.238341,74.520989,189542.448119
183,15.866745,-5.218134,5.469325,285.322936,32352.418308
183,0.453356,0.882045,3.791062,163.730211,5181.312214
183,17.934196,-5.547691,9.939249,303.454854,106843.09984
183,11.178976,-4.379982,10.107754,156.37218,110496.535272
183,-15.339728,5.130741,4.400359,140.764433,6980.624903
183,-17.449433,5.4722,3.812255,231.117833,5239.405309
183,19.533641,-5.789791,8.524822,110.355312,78597.722906
183,22.774859,-6.251715,9.99761,312.398483,108101.506027
183,-11.545173,4.451143,2.205581,342.223911,1753.734811
183,6.9946,-3.464597,18.424423,235.465434,367136.120023
183,13.511169,-4.815238,4.699794,233.423127,23888.941511
184,9.405895,-4.017643,4.638235,280.178352,23267.237405
184,17.097025,-5.41666,5.441788,152.548993,32027.466136
184,16.357322,-5.298188,16.03625,7.695951,278128.180401
184,-14.922153,5.060425,4.558723,86.987185,7492.117291
184,13.986392,-4.899188,5.021916,281.620857,27275.843974
184,2.208115,-1.946624,10.938008,248.62053,129394.496886
184,13.77554,-4.862119,14.353214,98.006405,222811.518992
184,-16.837056,5.375321,3.942727,266.223273,5604.172457
184,15.311075,-5.125947,6.749525,279.356639,49270.363655
184,-18.109524,5.574743,3.44141,163.784745,4269.635882
184,2.03145,1.867129,9.211704,218.570649,30591.308709
184,15.151276,-5.099128,13.305466,290.899757,191469.464766
184,25.900194,-6.666882,2.562261,22.735433,7100.450717
184,14.587871,-5.003423,35.926718,334.734371,1395964.649672
184,11.011129,-4.346976,4.693121,354.580174,23821.151633
184,13.876886,-4.879972,1.674926,50.263805,3034.104704
184,11.595761,-4.460884,2.097479,107.115879,4758.109194
184,20.474867,-5.92764,15.072474,312.096094,245701.838067
184,4.40916,-2.750738,5.616084,304.4185,34111.9467
184,13.932134,-4.889676,7.179095,148.118848,55741.503073
184,9.955154,-4.133284,18.440516,117.652328,367777.777158
185,17.092154,-5.415888,3.131715,161.631285,10607.276106
185,4.206577,-2.686802,13.997985,136.054251,211919.22506
185,-14.753471,5.031742,12.064118,343.80552,52469.77679
185,2.691634,-2.149212,7.66831,350.524603,63597.298617
185,4.161073,-2.672231,5.610163,159.811724,34040.056225
185,21.269075,-6.041511,7.308339,39.631888,57766.593739
185,20.378955,-5.91374,6.198826,88.2413,41558.341567
185,-11.160777,4.376415,4.950379,143.276438,8834.763251
185,-12.610893,4.652048,11.415028,132.826752,46975.568632
185,8.637452,-3.85003,5.275439,90.122812,30099.308079
185,14.357449,-4.96375,7.376786,132.665563,58853.698409
185,7.874521,-3.676067,8.677157,317.244263,81431.830707
185,-17.969724,5.553183,2.197124,168.073468,1740.312089
185,-8.057925,3.718629,11.938485,292.934099,51382.648755
185,10.597083,-4.264464,4.06048,196.538508,17831.757016
185,13.695143,-4.84791,10.656075,170.944929,122810.036291
185,-23.642567,6.369695,3.618484,34.434582,4720.320066
185,20.537331,-5.936675,7.171728,196.812911,55627.161707
185,-4.830302,2.879111,5.437199,52.409997,10657.822194
185,16.833212,-5.374707,5.470911,253.125169,32371.184855
185,19.500963,-5.784946,8.787951,264.598142,83524.636152
186,14.883598,-5.053884,3.242146,324.298419,11368.532845
186,27.731613,-6.898567,4.162374,88.186335,18737.923952
186,2.893548,-2.228367,6.236155,97.887863,42060.373885
186,4.747441,-2.85431,3.24125,90.299708,11362.253343
186,11.510987,-4.444548,5.433125,119.559034,31925.576342
186,15.550125,-5.165808,4.932299,193.311846,26311.04567
186,13.412279,-4.797584,15.140488,308.436608,247924.305457
186,15.069671,-5.085377,6.02129,302.007203,39211.954551
186,16.185047,-5.270214,3.550273,294.830925,13632.102967
186,-6.475432,3.33354,5.058981,142.276196,9226.654137
186,21.448519,-6.066943,4.880374,31.069307,25759.986237
186,8.53773,-3.827741,10.297082,89.625358,114674.721955
186,18.488444,-5.632763,3.743299,221.386192,15154.731817
186,7.425836,-3.569801,9.755671,199.270073,102932.761404
186,11.528865,-4.447998,2.798137,102.612968,8467.933416
186,14.924012,-5.060741,11.413249,285.651188,140882.793211
186,17.449045,-5.472139,7.946761,228.035435,68299.830078
186,-2.123453,1.908942,3.993489,92.67061,5749.407772
186,-4.637777,-2.82115,14.715965,170.643238,234216.132882
186,21.688473,-6.100786,8.662622,98.523718,81159.248762
186,-25.664229,6.636444,20.480352,225.951747,151214.321903
187,-2.455587,2.052811,7.759995,82.721929,21709.057962
187,14.16495,-4.930362,10.518177,317.810853,119652.086536
187,14.646577,-5.013481,9.212346,111.773538,91786.712461
187,14.358015,-4.963848,5.175699,338.617665,28971.921249
187,-2.756516,2.174961,6.010922,293.924823,13025.67687
187,-17.555632,5.488827,18.141334,254.355371,118646.933263
187,9.770001,-4.094667,4.639752,80.133197,23282.463851
187,20.279212,-5.89925,7.98231,316.310099,68912.260699
187,11.031704,-4.351035,2.827477,289.574498,8646.442459
187,5.539483,-3.08323,4.583694,114.905036,22723.258472
187,-10.265474,4.197211,2.821136,192.085873,2869.234934
187,-12.505322,4.632535,7.25405,85.510872,18970.519283
187,-9.615565,4.062176,10.137996,270.289238,37052.911621
187,7.034118,-3.47437,9.387297,287.667082,95306.046569
187,15.017926,-5.076639,2.640906,119.80879,7543.020352
187,0.124194,-0.461658,8.777207,307.35118,83320.537113
187,7.322867,-3.544964,6.521728,256.26293,46000.724633
187,-14.869109,5.051423,4.346625,298.043294,6811.182298
187,19.599554,-5.799551,11.742735,343.053266,149134.401098
187,15.990417,-5.238431,3.71559,236.87829,14931.203006
188,-15.310739,5.125891,5.339272,288.657052,10277.373894
188,-1.232369,-1.454258,6.16227,313.002875,41069.624781
188,10.195367,-4.182854,9.085253,347.72126,89271.604922
188,-22.012045,6.146126,7.687101,32.322998,21303.122893
188,7.696039,-3.634167,2.536914,186.297516,6960.667508
188,12.649896,-4.659237,10.716706,171.982279,124211.544559
188,18.798513,-5.6798,4.590573,256.313174,22791.507615
188,15.833001,-5.212582,2.715425,140.249831,7974.712654
188,23.413854,-6.33881,7.284742,186.486145,57394.157333
188,-16.571455,5.332755,12.144724,247.795013,53173.272976
188,-7.80625,3.660096,5.561155,198.743667,11149.311157
188,21.209336,-6.033021,3.243437,138.843825,11377.588656
188,-23.783397,6.388637,7.206729,110.961794,18723.82228
188,5.653021,-3.114667,4.197151,101.806603,19052.345482
188,21.676471,-6.099098,5.605723,220.543576,33986.203094
188,-12.541202,4.639176,2.906126,129.226562,3044.716445
188,-17.392332,5.463239,9.217,61.814869,30626.492385
188,18.705934,-5.665797,26.28819,330.224089,747413.077196
188,7.726301,-3.641305,10.282912,152.469038,114359.326218
188,15.132941,-5.096042,3.845481,51.681187,15993.395079
189,-7.932394,3.68955,4.035965,181.678988,5872.361611
189,-7.918769,3.68638,4.453704,52.459277,7150.902165
189,11.330618,-4.409589,10.42971,359.964849,117647.793079
189,20.527424,-5.935243,4.764292,234.217755,24549.131846
189,-14.421617,4.97483,1.758042,2.927113,1114.234348
189,17.199394,-5.432852,5.018977,76.046874,27243.927784
189,9.751068,-4.090698,9.884943,37.941257,105678.741557
189,19.854974,-5.837219,3.347469,13.188203,12119.157909
189,7.775076,-3.652781,7.800657,13.539362,65811.477579
189,-8.805908,3.887392,12.255606,11.730285,54148.649891
189,13.881925,-4.880858,2.544361,61.080989,7001.593991
189,15.406947,-5.141971,4.128433,55.844513,18433.585835
189,16.662117,-5.347323,13.93077,350.25203,209888.947311
189,10.843041,-4.313669,10.465525,157.180688,118457.173189
189,14.700713,-5.022738,12.414551,106.38497,166686.866229
189,17.22061,-5.436202,4.994464,314.872704,26978.455624
189,24.257988,-6.452064,5.624766,4.496723,34217.504026
189,13.353769,-4.787108,7.057593,59.095748,53870.697979
189,-5.082151,2.953215,7.888595,206.743094,22434.55036
189,19.279739,-5.75204,9.799522,305.906491,103860.186877
190,19.503469,-5.785318,7.990511,359.318458,69053.941779
190,-7.481792,3.583225,9.413214,199.80342,31944.338269
190,3.744632,-2.534988,10.377303,60.513648,116468.45331
190,6.586657,-3.362047,7.652297,17.405125,63331.968808
190,-14.279431,4.950246,9.59279,116.644178,33174.775843
190,-11.858354,4.511111,5.858204,42.623391,12372.204227
190,-13.190724,4.757794,4.512374,347.297798,7340.544404
190,-27.938773,6.924285,6.390379,345.629094,14722.152782
190,-4.608327,2.812179,4.556717,330.999575,7485.523746
190,12.155727,-4.567323,17.898284,287.71722,346467.215863
190,18.203262,-5.589152,7.748436,161.35836,64933.290432
190,10.885421,-4.322091,9.612847,13.951757,99940.939353
190,-16.461592,5.315048,15.990209,9.155941,92177.802504
190,19.956387,-5.852107,5.32616,82.621401,30680.877284
190,14.985012,-5.071073,8.896569,18.733244,85602.102961
190,9.894971,-4.120772,8.296394,332.389476,74442.000278
190,20.60892,-5.947013,6.189744,299.171126,41436.656018
190,-8.59014,3.839471,11.420045,141.975398,47016.870146
190,7.922883,-3.687338,10.529594,26.212674,119911.988543
190,12.077108,-4.55253,16.568972,176.1128,296913.843583
191,10.443968,-4.233544,10.165027,10.31524,111752.280846
191,-0.251466,-0.656917,8.571402,173.672244,79458.996494
191,1.789026,-1.752183,9.546731,315.475772,98570.905958
191,10.580598,-4.261146,6.156971,275.673259,40999.033161
191,12.611399,-4.652142,6.527379,88.967464,46080.473533
191,-18.501714,5.634784,6.625004,277.044313,15823.054904
191,13.789419,-4.864568,6.015741,24.995718,39139.704036
191,12.975585,-4.718835,8.873329,165.109169,85155.451515
191,12.919949,-4.708707,1.162808,76.921181,1462.362416
191,-13.554447,4.822944,4.984455,167.362508,8956.811584
191,3.83178,-2.564316,4.839372,345.768623,25328.958985
191,21.504543,-6.074862,5.413915,16.110406,31700.21051
191,24.216713,-6.446573,4.727896,102.441421,24175.486791
191,12.390514,-4.611221,5.664075,22.531122,34697.432259
191,8.099859,-3.728293,2.093449,53.931228,4739.845753
191,1.860608,-1.786894,10.629435,53.321823,122196.751444
191,4.777788,-2.863418,2.803228,121.069298,8498.771505
191,13.969509,-4.896231,10.636737,84.007645,122364.714146
191,10.598571,-4.264764,6.365477,114.319773,43822.911615
192,3.329083,-2.390197,5.226138,140.001189,29539.35858
192,13.310847,-4.779408,7.344936,311.591982,58346.581869
192,-18.091836,5.572019,9.978842,33.758609,35898.669264
192,13.37344,-4.790633,9.534593,333.420968,98320.402769
192,12.479201,-4.627695,6.440134,311.854359,44856.887183
192,4.768948,-2.860768,6.525918,137.964543,46059.852581
192,10.766168,-4.298351,5.828392,81.886709,36739.798383
192,-13.036197,4.729843,9.568612,40.211501,33007.752773
192,-1.333521,1.512764,12.660329,179.066291,57784.058221
192,16.10837,-5.257716,1.735999,235.434476,3259.405535
192,8.522605,-3.824349,5.44094,247.848453,32017.486993
192,-2.643018,2.129714,4.352099,113.343584,6828.347048
192,14.839641,-5.046415,6.758582,80.183583,49402.675655
192,20.73691,-5.965451,6.497151,24.686577,45654.674964
192,-1.898632,-1.80506,6.137016,260.650563,40733.693027
192,9.19921,-3.973256,5.395934,141.247909,31489.991125
192,3.263966,-2.366705,12.397426,48.294344,166227.317319
192,0.480025,-0.907618,5.208613,88.238609,29341.584279
192,-10.839655,4.312996,9.766519,195.237444,34387.270697
193,31.627806,-7.367257,8.697798,126.632528,81819.712004
193,9.820548,-4.105246,13.874047,253.234843,208183.190685
193,7.651239,-3.623574,8.456824,123.464163,77348.852955
193,2.292533,-1.983486,7.064801,149.366521,53980.788728
193,7.976186,-3.699721,2.639529,188.63121,7535.153058
193,5.773084,-3.147569,6.309967,324.416555,43061.932731
193,10.552177,-4.255419,8.370482,288.884243,75777.500825
193,7.093179,-3.488926,5.246165,160.787427,29766.184567
193,-24.281999,6.455257,6.779996,69.382715,16572.07498
193,10.636332,-4.272354,3.389679,186.626006,12426.715934
193,2.702302,-2.153467,5.089866,90.668665,28018.95589
193,21.108609,-6.018678,10.89583,327.313778,128398.496407
193,16.579948,-5.334121,3.785137,310.019233,15495.38812
193,-13.272389,-4.772499,12.016714,269.650092,156174.727286
193,12.91796,-4.708345,12.64633,283.853124,172969.022174
193,10.5715,-4.259314,9.369785,229.437087,94950.795126
193,7.130548,-3.498104,11.191422,297.28041,135459.615876
193,14.029766,-4.906779,4.462824,311.2224,21540.648717
193,-10.100598,4.163368,2.850352,318.258602,2928.970276
194,-19.154046,5.733259,3.573167,129.223417,4602.828212
194,17.501677,-5.480386,7.172455,75.167069,55638.447064
194,18.666136,-5.659766,9.349178,157.560966,94533.606064
194,-24.677212,6.507577,3.898742,82.796854,5479.828748
194,4.99612,-2.928112,5.893942,59.873853,37570.848575
194,10.905795,-4.326134,6.087378,343.614173,40077.435007
194,12.745844,-4.676873,4.09183,199.554354,18108.169461
194,14.411928,-4.973159,4.817129,136.593454,25096.661575
194,2.090378,-1.894016,4.002536,187.975062,17326.460159
194,-22.675267,6.238031,3.84765,43.176911,5337.148751
194,-6.432977,3.322594,7.127726,257.141482,18315.556828
194,6.854521,-3.429729,22.131681,301.900667,529746.545578
194,18.09742,-5.572879,5.072237,230.163357,27825.205982
194,13.696614,-4.848171,11.014594,74.222503,131212.838855
194,-11.345639,4.412511,11.520387,219.517512,47846.7258
194,19.975024,-5.854839,2.910123,133.66411,9159.295453
194,-4.397585,2.747125,4.681176,241.258704,7900.016378
194,15.969726,-5.23504,4.308446,203.695584,20076.16193
195,11.60384,-4.462438,6.092128,320.524111,40139.999166
195,14.191551,-4.934989,10.277429,281.78971,114237.396001
195,5.186191,-2.983291,2.728414,43.573691,8051.184658
195,22.001334,-6.144631,3.360925,61.26972,12216.787243
195,8.316086,-3.777729,3.512399,177.519135,13342.804402
195,14.139749,-4.925974,11.393696,108.621835,140400.471523
195,19.794089,-5.828262,2.228307,161.055815,5370.188554
195,-26.073702,6.689176,19.273229,109.829524,133914.329573
195,-15.52946,5.162374,6.613991,91.788469,15770.491136
195,14.613373,-5.007795,3.914237,212.348019,16570.421703
195,8.473052,-3.813214,7.425125,30.60945,59627.53241
195,17.14453,-5.42418,10.888997,62.283476,128237.519937
195,7.878639,-3.677028,2.316252,282.936324,5802.443438
195,10.585511,-4.262135,19.947235,52.373074,430333.091207
195,-15.60713,5.175268,6.019332,293.67559,13062.151308
195,4.848063,-2.884399,7.630434,113.91589,62970.604072
195,16.282049,-5.285984,6.57171,335.422594,46708.524504
195,-13.339044,4.784468,5.459152,235.762742,10744.061259
196,-20.294418,5.901462,5.629528,220.177061,11425.155372
196,-11.470348,4.436695,1.584534,347.936337,905.151636
196,9.507927,-4.039375,7.102129,147.356308,54552.73012
196,-14.175615,4.932218,16.88129,287.576988,102737.576265
196,7.021443,-3.471239,4.696156,39.422823,23851.97817
196,-14.948792,5.064941,3.422506,277.521565,4222.857347
196,16.784056,-5.366854,5.008035,250.180909,27125.269202
196,-10.724456,4.290016,7.474323,276.919099,20140.109641
196,4.933208,-2.909618,5.695729,251.257984,35086.328177
196,16.048756,-5.247978,8.341558,66.077718,75254.717036
196,6.455454,-3.328394,12.003002,259.539442,155818.525195
196,15.899,-5.223435,3.970531,91.566417,17050.473578
196,9.955538,-4.133364,10.328915,289.28706,115384.831957
196,23.244775,-6.315881,3.03407,173.932459,9956.128757
196,21.508332,-6.075397,10.387794,322.719292,116704.066635
196,12.031216,-4.543872,12.544127,334.650307,170184.584718
196,-18.969986,5.705646,28.384028,129.60666,290446.496361
196,7.013298,-3.469225,5.774213,58.433479,36059.937698
197,-14.176948,4.93245,13.381954,179.19665,64559.047539
197,16.654633,-5.346122,7.43412,168.524169,59772.101213
197,2.839986,-2.207646,2.309597,188.97898,5769.147402
197,9.405832,-4.01763,6.521103,28.736636,45991.909327
197,-14.216876,4.939391,5.276858,340.598907,10038.499922
197,13.496586,-4.812639,4.747377,164.084314,24375.121361
197,9.647954,-4.069011,0.794381,102.817363,682.490731
197,-17.98178,5.555046,6.652173,273.765047,15953.102871
197,5.397434,-3.043442,12.394648,115.226151,166152.821921
197,9.518537,-4.041629,6.886987,146.789719,51297.700919
197,9.137764,-3.959964,3.148494,73.355862,10721.23932
197,7.106356,-3.492165,3.032761,236.219711,9947.543265
197,15.170097,-5.102294,8.551245,354.238717,79085.710259
197,5.672377,-3.119995,3.747206,102.989235,15186.389091
197,15.447384,-5.148714,2.953461,272.817787,9434.126549
197,-8.215425,3.754796,4.415003,10.719724,7027.164557
197,-22.409858,6.201416,6.55615,326.776388,15495.86408
198,15.672086,-5.186026,11.023452,172.748782,131423.964201
198,-5.472689,3.064585,5.680701,168.53787,11633.809385
198,7.902936,-3.682693,6.046311,276.143381,39538.503901
198,1.421587,-1.561917,6.049475,222.862986,39579.898304
198,20.89643,-5.988352,3.198548,277.014887,11064.835735
198,7.174177,-3.50879,12.808048,183.754469,177421.093242
198,8.906771,-3.909592,7.829325,240.816152,66296.095296
198,20.90338,-5.989348,6.319615,273.3893,43193.712635
198,13.88953,-4.882194,1.58392,353.993372,2713.351374
198,17.492402,-5.478933,14.372656,29.287959,223415.561035
198,-16.209548,5.274202,5.737879,211.882429,11869.185182
198,-0.426504,0.855525,7.925,212.03184,22642.094581
198,10.886548,-4.322315,4.04711,188.06175,17714.514483
198,7.361639,-3.554337,5.130738,80.654514,28470.75596
198,12.982251,-4.720047,6.330708,347.373258,43345.487488
198,13.105207,-4.742346,4.35224,35.459,20486.367139
198,1.946692,-1.827763,19.831363,146.925598,425348.048506
199,11.429791,-4.428845,5.892497,209.194638,37552.437664
199,6.985265,-3.462284,5.117903,256.429886,28328.488662
199,-12.927289,4.710045,13.787861,249.7135,68534.910148
199,7.241229,-3.525149,4.676272,98.283398,23650.420977
199,12.105562,-4.557889,2.172832,273.262837,5106.126138
199,-0.129454,-0.471334,22.322937,197.574566,538941.983268
199,-5.091145,2.955827,6.912587,266.881778,17226.588568
199,-0.680031,-1.080279,5.30018,118.581489,30382.293865
199,6.452349,-3.327593,9.359326,146.782322,94738.931976
199,10.795197,-4.304142,5.062672,240.897609,27720.368169
199,12.641063,-4.65761,8.459271,314.181868,77393.635329
199,9.852157,-4.111847,4.600012,290.895713,22885.337382
199,-10.122409,4.167861,9.212134,38.602941,30594.164815
199,13.375571,-4.791014,2.125624,156.36131,4886.662911
199,-1.254276,1.467128,13.316553,291.15159,63929.563991
199,12.32193,-4.598442,7.729952,17.500297,64623.859924
200,-2.642863,2.129652,3.025444,84.510073,3299.866566
200,6.468008,-3.331628,5.632081,312.89342,34306.558082
200,13.466976,-4.807357,9.433163,356.524486,96239.654498
200,8.859649,-3.899236,7.093563,218.814899,54421.215805
200,9.608686,-4.060722,6.809456,123.992142,50149.215448
200,3.599293,-2.485306,7.298928,236.348104,57617.905739
200,12.970879,-4.717979,4.317298,279.921633,20158.73716
200,-8.998398,3.92965,5.8749,85.01411,12442.826486
200,-9.815244,4.104137,6.600129,0.776311,15704.458092
200,14.781257,-5.036478,3.817167,159.074514,15758.745628
200,-14.07194,4.914149,6.662243,351.240577,16001.437687
200,-9.474978,4.03237,5.61159,96.759528,11352.458417
200,11.050588,-4.354758,9.827264,255.065708,104449.073469
200,12.800625,-4.686913,3.194388,304.513148,11036.072835
200,17.277962,-5.445247,8.232752,52.104593,73304.295381
200,10.311945,-4.2067,5.880344,41.919504,37397.692308
201,10.657165,-4.276536,20.378295,128.758085,449133.066627
201,20.250101,-5.895015,3.189301,337.350068,11000.956724
201,-17.628116,5.500146,12.18978,128.700592,53568.537813
201,11.887654,-4.516681,8.568294,153.511734,79401.382798
201,15.793968,-5.206153,14.079459,152.889904,214393.3192
201,6.002839,-3.209591,5.070753,172.031953,27808.930618
201,-8.99733,3.929417,3.557533,323.798833,4562.636686
201,-6.52083,3.345205,3.385769,110.581851,4132.68829
201,5.400445,-3.04429,8.293343,308.578494,74387.258994
201,-23.568865,6.359759,22.416457,54.687153,181155.703594
201,2.428735,-2.041556,7.535307,58.238002,61410.303129
201,-1.026468,-1.327224,3.674357,96.871419,14601.654633
201,-2.360438,2.012647,14.132197,171.245267,72000.817674
201,0.786249,-1.161586,12.194645,249.496617,160833.932119
201,-15.080646,5.087229,12.056739,139.013508,52405.611331
202,-0.292662,0.708687,9.432173,56.069533,32073.147773
202,13.358725,-4.787996,6.134221,16.521995,40696.600569
202,-17.484428,5.477684,4.026672,291.24222,5845.350758
202,6.916479,-3.445195,4.917194,106.826461,26150.144471
202,4.499468,-2.778765,4.69682,71.361355,23858.717844
202,9.528596,-4.043764,6.949889,134.519613,52239.029436
202,9.959838,-4.134257,2.999979,153.894292,9733.648837
202,10.156333,-4.174839,7.655534,301.422028,63385.562825
202,-9.688518,4.077556,5.766122,27.598981,11986.316011
202,10.42293,-4.229278,13.843105,5.578214,207255.651976
202,13.664095,-4.842412,24.954709,341.561957,673510.489685
202,9.845989,-4.11056,7.061916,226.543834,53936.71364
202,6.605421,-3.366833,24.392797,38.928009,643520.746264
202,10.910514,-4.32707,6.207144,308.295486,41669.953079
202,16.073314,-5.251991,3.537622,172.3289,13535.122346
203,15.260749,-5.117516,4.475713,339.259027,21665.253699
203,-12.408825,4.614627,6.646135,293.063449,15924.153424
203,5.136299,-2.968906,11.107541,145.527579,133436.656017
203,11.155818,-4.375443,9.037188,2.25092,88329.534435
203,6.365325,-3.305077,9.488592,51.33677,97373.966001
203,-13.469557,4.807817,18.569196,246.269793,124309.493608
203,-15.390898,5.139292,7.565992,245.548216,20637.155011
203,0.416633,0.845567,12.834576,51.186877,59385.599537
203,15.570646,-5.169215,3.022329,100.229815,9879.222114
203,10.630435,-4.27117,5.008943,337.264564,27135.10677
203,9.288356,-3.992461,4.465419,40.886833,21565.710905
203,6.439748,-3.324342,9.072942,118.027377,89029.847945
203,-14.932421,5.062166,6.636279,60.823405,15876.962063
203,13.172526,-4.754511,4.930005,166.531157,26286.581784
204,10.384738,-4.221522,9.590652,224.186368,99479.958276
204,11.918461,-4.522529,3.822125,190.57492,15799.712735
204,-6.880106,3.436124,5.289793,107.329274,10087.775012
204,11.203062,-4.384698,7.374869,315.510494,58823.101184
204,12.100841,-4.557,8.887164,173.27179,85421.218565
204,11.783044,-4.496764,1.401944,46.677314,2125.693616
204,0.271908,-0.683097,2.794816,318.977423,8447.842568
204,-10.438764,4.232489,7.473931,16.81338,20137.995323
204,15.771055,-5.202375,4.241439,201.306252,19456.544039
204,9.647546,-4.068925,3.349418,262.535469,12133.276975
204,8.915963,-3.911609,4.161031,207.758059,18725.840059
204,19.702054,-5.814696,4.426643,328.249617,21192.802514
204,8.814483,-3.889285,7.709974,325.555515,64290.264816
204,9.02632,-3.935742,5.080559,32.551672,27916.588334
205,17.525582,-5.484127,3.316272,256.821251,11894.318634
205,9.553957,-4.049141,2.264346,31.910887,5545.299447
205,14.7763,-5.035634,13.221045,357.023922,189047.486488
205,8.44362,-3.806586,13.886067,37.499705,208544.080837
205,-3.868866,2.576696,3.869257,319.343292,5397.257873
205,12.528301,-4.63679,9.202023,34.047057,91581.123017
205,18.733685,-5.669998,3.557481,182.871783,13687.51234
205,3.228202,-2.353703,2.954978,326.899041,9443.820212
205,3.33997,-2.394102,3.311368,286.593195,11859.164713
205,-7.359482,3.553816,6.691083,8.531647,16140.275312
205,-6.645285,3.376977,9.064325,119.188647,29620.270983
205,-18.704823,5.665628,10.388,354.845145,38902.8976
205,15.643436,-5.181284,9.113438,209.77786,89826.357668
206,13.168972,-4.753869,3.312782,323.632328,11869.301171
206,-3.2885,2.375583,7.275884,249.640185,19084.885234
206,10.350351,-4.214527,12.055496,121.177133,157184.427054
206,21.617198,-6.090753,5.138493,329.370447,28556.887554
206,4.998716,-2.928873,6.2468,190.598896,42204.087052
206,-15.145623,5.098176,11.948982,342.848295,51473.045786
206,15.745561,-5.198169,6.974202,57.537491,52605.159437
206,4.327902,-2.725273,25.767736,126.131624,718111.434612
206,9.739428,-4.088255,2.549662,319.978264,7030.796531
206,-17.563733,5.490093,22.784651,312.912985,187155.601516
206,2.060498,-1.880431,4.837274,171.975504,25307.005384
206,6.962755,-3.456701,6.719989,283.308295,48840.091174
206,-8.853058,3.897786,9.27482,228.031497,31011.949514
207,9.505372,-4.038833,3.841671,173.230722,15961.719976
207,-9.567073,4.05192,5.363923,218.39778,10372.492907
207,-9.814542,4.10399,9.73119,42.076653,34138.938671
207,-13.378971,4.791623,4.398599,190.450789,6975.042626
207,8.314172,-3.777294,4.648026,185.059322,23365.569344
207,15.13691,-5.09671,8.65991,329.068754,81108.439642
207,9.213335,-3.976305,4.311885,159.18991,20108.225409
207,7.207265,-3.516872,4.338252,94.750852,20354.897449
207,21.656824,-6.096333,5.540907,208.194887,33204.81297
207,8.403872,-3.797616,8.134874,116.816262,71571.636842
207,15.310124,-5.125788,9.374824,250.371067,95052.947162
207,7.12791,-3.497457,6.543143,256.603903,46303.319142
208,15.871463,-5.21891,7.406016,350.596891,59321.014566
208,15.017723,-5.076605,1.990745,295.90428,4286.183051
208,8.972485,-3.923988,4.2697,175.55445,19716.688372
208,6.403898,-3.315076,15.943656,345.421334,274925.574379
208,-10.509228,4.24675,1.922599,311.705814,1332.586411
208,12.083411,-4.553717,24.397689,45.986514,643778.870314
208,-5.616574,3.10461,3.313633,211.147669,3958.46633
208,10.004376,-4.14349,6.788373,256.749464,49839.159203
208,-16.726976,5.35772,5.895141,190.875626,12528.712617
208,6.955859,-3.454989,4.511009,178.195936,22008.311147
208,-10.359143,4.216317,19.056447,197.453373,130918.783017
208,14.744122,-5.030148,6.670467,235.97333,48122.902902
209,9.929147,-4.127882,26.489265,288.503672,758890.558784
209,9.040135,-3.938753,10.565521,170.831902,120731.664372
209,9.310308,-3.997177,6.272926,208.967038,42557.846286
209,19.905909,-5.844701,12.585297,179.646374,171303.514378
209,-5.242923,2.999563,6.408069,199.474936,14803.772472
209,19.864364,-5.838599,4.901648,351.991507,25985.048097
209,19.183946,-5.737732,1.439883,73.367203,2242.300253
209,11.121135,-4.368636,7.787766,280.702981,65594.153043
209,-6.256512,3.276706,10.144821,5.767085,37102.810944
209,9.209253,-3.975424,9.389444,283.839714,95349.641156
209,-11.088603,4.362242,4.797448,251.906941,8297.335715
210,-0.232914,-0.632222,7.884307,55.542845,67230.512711
210,1.860501,-1.786842,6.326291,255.839021,43285.01852
210,-14.644323,5.013095,6.054321,98.485275,13214.446669
210,1.949158,-1.82892,2.233538,121.878973,5395.43184
210,-10.429006,4.23051,14.611552,244.246032,76968.101532
210,1.511462,-1.610534,6.999816,144.164888,52992.279474
210,10.702475,-4.285618,5.23056,121.700085,29589.374328
210,14.322276,-4.957667,7.03308,177.708275,53497.132311
210,11.83548,-4.506758,9.796475,38.225274,103795.613038
210,12.963507,-4.716638,7.049828,102.87568,53752.209259
210,-17.84091,5.533244,4.566907,149.787622,7519.038879
211,12.225756,-4.580461,19.389225,286.113742,406593.299941
211,-0.743809,-1.129801,7.910903,137.460664,67684.85189
211,14.241483,-4.943663,3.724327,18.49876,15001.512862
211,-9.620135,4.063141,6.032499,306.396868,13119.360331
211,13.812786,-4.868688,3.890751,0.853545,16372.168937
211,4.405296,-2.749532,4.311015,318.125797,20100.106149
211,-3.707386,-2.522349,2.521503,331.5432,6876.357472
211,2.197514,-1.941946,12.311609,24.980938,163933.973367
211,8.881331,-3.904005,4.537339,239.316906,22265.981859
211,-7.558641,3.601581,3.272802,308.206035,3861.512754
212,16.415425,-5.30759,3.881453,148.245858,16294.007922
212,9.835075,-4.108281,3.005839,30.099205,9771.712914
212,11.651922,-4.471674,2.263054,218.082351,5538.971145
212,10.585342,-4.262101,12.030512,255.081634,156533.605383
212,19.381142,-5.767146,7.146845,172.685633,55241.831433
212,9.361715,-4.008196,9.272568,106.382451,92990.662297
212,-3.595534,2.484008,7.114283,330.110483,18246.532993
212,5.373574,-3.036707,2.199611,149.878959,5232.761901
212,-15.954641,5.232567,10.059398,128.220811,36480.607337
212,7.402961,-3.564298,3.8141,112.42586,15733.430919
213,16.434079,-5.310605,1.88863,131.295004,3857.740172
213,15.065482,-5.08467,3.618049,162.756563,14157.552757
213,-9.858552,4.113181,3.248717,103.089287,3804.88715
213,11.850274,-4.509574,3.29232,99.474032,11723.123206
213,-1.464788,1.585472,5.420286,169.68809,10591.62047
213,7.271125,-3.532418,3.400841,98.559663,12508.691341
213,3.593863,-2.483431,7.759411,238.32757,65117.370984
213,14.357529,-4.963764,4.942615,65.760899,26421.223873
213,14.363159,-4.964737,5.823821,163.708088,36682.196733
214,6.248628,-3.27464,11.437052,312.607295,141471.036754
214,10.242075,-4.192425,15.691596,163.071945,266301.475775
214,-10.566037,4.258213,5.879058,345.308797,12460.446584
214,10.652563,-4.275613,8.182869,146.757102,72418.67285
214,14.828695,-5.044554,18.368851,132.127469,364924.755998
214,-15.917148,5.226415,11.132543,24.071576,44679.347196
214,7.112966,-3.493789,9.910967,41.859646,106235.912039
214,10.492473,-4.243363,5.763191,312.264412,35922.40294
214,5.591831,-3.097764,2.732485,224.650237,8075.230103
215,13.968584,-4.896068,2.663408,98.337098,7672.108947
215,-9.843932,4.11013,3.851213,20.065807,5347.037942
215,2.77089,-2.180625,8.322481,185.026495,74910.891982
215,13.444752,-4.803388,5.04612,161.713139,27539.40391
215,9.427038,-4.022156,3.71078,352.367974,14892.569602
215,14.739405,-5.029343,6.227781,267.179924,41947.490773
215,-4.371783,2.739054,10.195785,163.607267,37476.531769
215,12.180132,-4.571906,4.522802,258.132785,22123.528353
216,5.758036,-3.143464,3.305382,108.264746,11816.328125
216,6.292307,-3.286066,8.017451,341.267356,69520.356291
216,16.133418,-5.261802,6.984057,44.174196,52753.941746
216,-12.979958,4.71963,9.21526,194.689576,30614.930731
216,0.4236,-0.852607,15.421332,208.243537,257207.180865
216,6.273081,-3.281042,19.741011,354.399283,421481.122847
216,14.97402,-5.069212,8.789153,54.404288,83547.484961
216,-3.174367,2.333995,13.921333,165.406532,69868.225364
217,-8.567954,3.83451,12.340225,19.399972,54898.976006
217,-16.053058,5.248681,5.642424,336.949554,11477.559927
217,8.981409,-3.925939,6.686326,73.23806,48351.993351
217,10.876111,-4.320242,8.303823,287.290083,74575.386698
217,6.316347,-3.292337,11.494773,200.088689,142902.60419
217,5.944489,-3.193953,6.900337,153.503513,51496.763939
217,12.774274,-4.682086,11.250087,72.997134,136883.500545
218,-4.05087,2.636607,17.619339,183.657806,111917.325851
218,15.392128,-5.139497,13.936077,359.576701,210048.905091
218,17.9266,-5.546516,9.424233,210.319617,96057.51921
218,7.586109,-3.608119,10.918303,38.441871,128928.697566
218,-10.049654,4.152856,4.680911,320.269257,7899.12182
218,-4.928127,2.908119,13.334237,109.010393,64099.466997
218,14.754078,-5.031846,8.140348,195.523346,71668.00416
219,-12.287746,4.592058,7.5439,258.068453,20516.812769
219,15.625409,-5.178297,6.213902,190.654549,41760.73345
219,-7.471223,3.580693,10.472855,120.734965,39541.053548
219,-8.39417,3.795423,20.445805,349.811722,150704.598283
219,18.348802,-5.611451,8.739928,296.906386,82614.264755
219,4.636456,-2.820748,6.715628,161.341111,48776.720781
220,17.52712,-5.484368,3.039185,25.459552,9989.725427
220,5.965898,-3.1997,3.935579,78.25685,16751.608702
220,9.259339,-3.98622,11.447965,212.273741,141741.137755
220,13.252495,-4.768921,4.767192,23.713455,24579.026122
220,8.56039,-3.832817,12.757386,11.363058,176020.289671
220,6.064247,-3.225966,7.410472,199.749115,59392.424111
221,12.144799,-4.56527,11.151817,124.873613,134502.568264
221,8.670229,-3.857328,14.703337,113.032371,233814.354124
221,-4.862518,2.888697,3.380202,261.75517,4119.111179
221,5.756937,-3.143164,6.279391,60.113107,42645.617936
221,-5.808112,3.157103,4.574709,170.130446,7544.751973
222,12.062316,-4.549741,5.115339,86.202963,28300.117328
222,10.058601,-4.154704,6.792616,158.008444,49901.482058
222,8.672784,-3.857896,5.891633,153.771021,37541.417936
222,8.903847,-3.90895,8.640264,178.810404,80740.858057
222,7.66296,-3.626349,9.333457,140.029677,94215.93978
223,-7.981619,3.700981,8.508102,231.919488,26096.570619
223,-10.949758,4.334845,5.504264,57.483419,10922.360906
223,1.925505,-1.81779,5.774267,65.025367,36060.602909
223,-0.160641,-0.525049,9.453412,300.010488,96653.252676
223,-24.342466,6.463289,13.972053,34.914667,70378.258928
224,9.38661,-4.013522,5.414698,97.705386,31709.382264
224,-13.29804,4.777109,14.040184,314.455762,71066.292461
224,11.889182,-4.516971,9.104509,53.245638,89650.433854
224,5.557058,-3.088117,7.288221,323.171532,57448.99739
225,3.781286,-2.547364,12.621297,143.806072,172284.923343
225,1.077315,-1.359699,5.203695,170.569295,29286.20011
225,-14.823481,5.043667,14.17636,241.681523,72451.53089
225,11.539102,-4.449972,16.081083,246.672813,279685.494583
226,-12.554474,4.64163,8.002192,96.050109,23085.328061
226,11.041874,-4.35304,7.597645,146.755106,62430.580742
226,-2.007558,1.856117,7.089332,280.868364,18118.768765
227,8.267556,-3.76669,10.441438,210.173214,117912.541279
227,-12.332726,4.600456,11.220633,63.015362,45389.228605
227,6.391706,-3.311919,5.161719,324.936426,28815.627932
228,17.03234,-5.406403,6.210614,93.639061,41716.557651
228,3.184533,-2.337729,4.077387,93.475354,17980.562388
228,-4.106124,2.654528,6.502767,12.074947,15244.546414
229,-7.847891,3.669845,7.760032,240.460219,21709.263672
229,8.946337,-3.918266,7.560145,99.955316,61815.819787
230,-5.730487,3.135935,10.318306,343.730768,38382.647142
230,11.173119,-4.378834,1.439239,206.061934,2240.295269
231,5.66426,-3.117761,19.132099,167.945594,395880.932828
231,5.344873,-3.028587,1.601822,328.564722,2775.030694
232,12.676119,-4.664063,12.578102,70.883955,171107.703299
233,12.144786,-4.565268,17.645507,135.589119,336749.995982
234,-6.618122,3.370068,6.048674,120.449128,13189.808218
253,-19.068926,-5.261992,5.154266,171.24457,9577.490514
254,26.346127,6.185082,11.694317,217.965896,147907.106692
255,24.959783,6.020152,4.711948,206.197642,24012.658567
256,24.313162,5.94166,5.608611,173.732018,34021.22831
256,21.560782,5.595247,9.252614,251.9386,92590.881836
257,26.579926,6.212465,10.908258,141.149798,128691.584348
257,-12.322514,-4.229964,3.085792,259.858577,3432.821949
258,27.981248,6.374125,4.668767,12.562063,23574.567409
258,21.266474,5.556928,6.146333,149.401363,40857.472123
259,-20.336161,-5.434024,9.156161,309.976166,30223.509618
259,-22.416751,-5.705233,7.363856,91.478114,19549.185961
259,24.75227,5.995074,5.830633,51.936566,36768.066341
260,24.943959,6.018243,4.838392,132.400073,25318.705334
260,-26.324821,-6.18258,2.690472,87.090055,2609.605984
260,20.87518,5.505568,6.540449,152.315025,46265.203604
261,16.438863,4.885657,3.667483,75.868098,14547.068357
261,23.560898,5.849018,5.949298,85.956901,38279.896021
261,26.221512,6.170437,7.883626,161.257403,67218.888316
261,11.721228,4.125472,4.186027,261.694587,18951.492444
262,22.796103,5.753304,10.331219,73.086552,115436.310324
262,21.534647,5.591855,7.334787,83.993194,58185.444252
262,13.812136,4.478344,7.829384,296.440266,66297.095608
262,-12.617527,-4.2803,2.920626,65.372047,3075.175959
263,-24.305319,-5.940701,9.616985,121.465461,33342.331418
263,23.685885,5.864512,5.571211,323.069126,33569.013049
263,-22.232602,-5.681751,5.465121,228.424929,10767.570333
263,24.547779,5.970259,3.817092,210.383505,15758.130645
263,19.760926,5.356618,9.472468,357.095251,97043.307299
264,28.519749,6.435168,8.097566,278.96643,70916.676073
264,12.113262,4.193896,6.872302,24.421813,51079.168359
264,-17.362531,-5.021039,9.653862,56.181328,33598.530017
264,25.916329,6.134424,18.693176,107.664662,377924.915176
264,-27.004282,-6.26186,6.197107,238.293184,13845.09743
265,19.56776,5.330373,4.945271,342.977407,26449.63062
265,25.261927,6.05648,8.445847,93.882532,77148.199814
265,24.768809,5.997077,8.463111,183.043051,77463.913019
265,20.333635,5.433686,11.880625,341.806318,152657.406512
265,24.050934,5.909531,3.951613,227.919029,16888.389626
265,-18.048983,-5.119333,6.568279,194.732771,15553.255356
266,-32.027602,-6.819449,3.10274,170.597883,3470.634754
266,31.724692,6.787124,8.369907,137.202678,75767.084623
266,26.83062,6.241693,14.659379,269.73318,232418.397708
266,19.796682,5.361462,6.682648,74.867699,48298.820986
266,21.655017,5.607462,12.928593,161.309759,180776.458832
266,25.647247,6.102495,3.722253,294.139331,14984.806835
267,4.96246,2.684328,3.941672,58.86682,16803.521941
267,16.663382,4.918907,6.733932,354.049356,49042.975659
267,25.017769,6.027141,3.396833,300.837672,12479.225474
267,-35.957403,-7.225721,8.45664,214.914658,25781.832919
267,-17.070502,-4.978634,7.58252,121.986285,20727.416171
267,22.526705,5.719208,20.531921,98.407972,455930.363253
267,26.31205,6.18108,6.130039,115.717986,40641.133414
268,-17.408564,-5.02769,8.876151,293.857423,28403.214257
268,-16.281135,-4.862162,8.486681,20.80206,25965.330336
268,16.847183,4.945961,8.821636,129.283195,84166.183894
268,-25.044972,-6.030417,5.579945,322.622168,11224.783606
268,-23.127532,-5.794977,4.68557,173.662009,7914.853237
268,15.841835,4.796117,7.022151,341.072585,53330.987434
268,27.360072,6.302976,8.06973,241.274206,70429.938013
269,18.164301,5.135662,6.868409,219.013299,51021.305997
269,-0.615783,0.945586,16.208597,49.607179,284138.573513
269,15.94429,4.811601,4.163654,336.628627,18749.455173
269,-12.964166,-4.338697,3.386418,75.983049,4134.272628
269,21.26744,5.557054,7.666931,100.07492,63574.430448
269,30.65797,6.672042,14.206973,177.718692,218294.312777
269,-15.381677,-4.725947,5.181924,258.355381,9680.551853
269,33.860245,7.011842,17.548629,39.812864,333062.503294
270,-20.143392,-5.408208,4.448596,305.379037,7134.507102
270,29.787918,6.576686,6.283318,194.325568,42698.976302
270,29.211385,6.512731,9.204308,288.122832,91626.619442
270,24.758375,5.995814,5.37776,229.979291,31278.231174
270,37.991817,7.427319,3.013517,206.30477,9821.699037
270,13.571132,4.439102,25.269382,162.87667,690603.205048
270,-18.669153,-5.206542,5.657713,162.032978,11539.843491
270,21.85908,5.63382,32.791101,56.754031,1162923.990653
270,-14.724302,-4.623857,2.730275,214.796244,2687.3919
271,30.107987,6.611925,2.674223,356.292697,7734.539049
271,15.379486,4.725611,13.313884,76.63975,191711.809227
271,-19.823787,-5.365131,2.972761,83.070913,3185.944068
271,24.549227,5.970435,11.301937,248.943623,138148.152021
271,7.151076,3.22235,7.581917,273.308789,62172.363509
271,33.760174,7.001472,5.12201,91.889456,28373.974142
271,13.116679,4.364143,4.567587,352.65022,22563.834086
271,17.660103,5.063883,5.609187,89.455283,34028.213865
271,26.086249,6.154501,2.228886,104.989536,5372.979271
272,17.254102,5.005336,14.608277,194.766874,230800.808744
272,15.083409,4.679902,2.714545,196.591638,7969.544486
272,15.377678,4.725333,4.406072,283.263801,20996.291249
272,19.822251,5.364924,7.328137,98.728405,58079.977814
272,21.291251,5.560165,8.764047,219.974539,83070.872173
272,21.673901,5.609906,6.903941,186.125353,51550.569339
272,20.792918,5.49471,3.710367,23.879826,14889.259967
272,-20.608637,-5.470307,4.025646,35.257694,5842.372405
272,18.061222,5.121069,7.405985,200.228823,59320.530415
272,24.436403,5.956699,6.348755,35.234212,43592.972747
273,22.867008,5.762245,13.197602,21.116974,188377.653887
273,39.947139,7.616052,7.599442,44.675478,62460.104756
273,-31.248039,-6.735943,8.738173,355.117281,27527.030518
273,23.947042,5.896754,3.606864,85.556576,14070.155697
273,10.282017,3.863903,2.910531,229.587419,9161.864802
273,23.078386,5.788816,10.388895,263.528281,116728.803681
273,25.930338,6.136082,6.041013,70.074979,39469.249193
273,23.130792,5.795385,1.966506,116.173443,4182.442758
273,20.928168,5.512551,5.898937,233.983748,37634.565059
273,25.90742,6.13337,8.98412,143.78849,87295.211739
273,10.246546,3.857232,3.99311,143.81032,17244.943632
274,29.661437,6.562709,3.196501,123.182971,11050.681936
274,6.070196,2.968851,4.927078,135.701375,26255.372405
274,18.039309,5.117961,3.968896,117.311128,17036.439741
274,26.8353,6.242237,4.155296,339.074613,18674.258278
274,22.141942,5.670155,8.311079,123.090395,74705.772749
274,-23.296411,-5.816096,4.541229,32.579722,7434.725435
274,29.092235,6.499435,4.448586,111.372703,21403.424228
274,-28.51705,-6.434864,5.376351,97.936498,10420.612676
274,13.563583,4.437867,24.536557,324.493989,651128.331633
274,-32.946851,-6.916621,5.91687,93.109817,12621.242716
274,15.923321,4.808436,3.445751,37.782541,12841.245319
275,28.45527,6.42789,4.169128,296.884212,18798.78177
275,29.461235,6.540524,10.574733,331.045864,120942.272035
275,-3.471243,-2.245068,7.317142,219.008665,19301.942007
275,30.558616,6.661222,4.526248,290.842517,22157.260231
275,15.255118,4.706465,12.081423,261.295105,157861.231749
275,-21.925932,-5.642429,5.223941,339.043725,9838.178142
275,-20.755016,-5.4897,3.001852,108.884293,3248.602489
275,32.359569,6.854699,4.796126,315.879537,24878.286862
275,19.757579,5.356164,6.927448,138.64308,51902.208902
275,22.076751,5.661801,6.927401,296.124878,51901.503431
275,18.513729,5.184824,9.793462,206.51417,103731.775238
275,-15.652562,-4.76738,6.470727,126.532565,15094.690601
276,20.233077,5.420234,10.830818,237.753602,126870.843224
276,14.779488,4.632514,13.327194,160.002765,192095.324492
276,27.63693,6.334786,4.602221,263.045767,22907.317665
276,16.632502,4.914347,12.383363,47.300158,165850.39672
276,22.919522,5.768858,14.210937,286.734116,218416.14482
276,25.345931,6.066541,4.494239,119.145541,21844.983053
276,-5.332527,-2.782618,4.164547,340.936283,6252.498584
276,23.187554,5.802492,2.865411,167.104882,8880.001437
276,28.429778,6.42501,11.866833,116.932774,152303.196051
276,13.260227,4.387959,9.432401,268.787918,96224.094213
276,-20.312514,-5.430863,9.070004,140.735682,29657.39632
276,-19.368532,-5.303168,11.505901,216.107567,47726.476188
277,26.787545,6.236681,8.599829,121.917119,79986.924104
277,12.145339,4.199445,4.662047,131.953467,23506.751246
277,26.964025,6.257191,4.834373,116.913464,25276.657801
277,18.046844,5.11903,5.974476,274.763149,38604.595593
277,17.556167,5.04896,13.700536,118.07147,203008.602918
277,19.018125,5.254978,2.010814,176.036156,4373.038857
277,-21.406698,-5.575218,6.75726,148.574082,16461.116637
277,-23.663314,-5.861717,5.35553,44.416139,10340.058198
277,13.342207,4.401502,8.884599,86.276667,85371.915098
277,-22.476203,-5.712793,12.390648,330.099354,55348.535768
277,11.418556,4.071858,5.488982,17.98927,32585.394607
277,17.286919,5.010094,4.72021,145.599226,24096.949186
277,-15.965886,-4.814859,4.811278,151.984713,8345.244072
278,-27.968328,-6.372653,8.375063,238.556645,25286.823888
278,10.885482,3.975675,8.270643,306.678121,73980.613662
278,-23.183394,-5.801971,7.608486,239.276045,20869.620254
278,-13.117551,-4.364288,7.628644,96.875053,20980.352397
278,26.387946,6.189988,6.343864,343.896383,43525.83106
278,25.091145,6.035973,7.559862,194.295005,61811.180115
278,21.21921,5.55075,7.157677,94.545511,55409.415944
278,22.546102,5.72167,1.660267,113.589949,2981.228679
278,-13.644391,-4.451067,12.027044,266.669004,52147.786151
278,20.906699,5.509723,7.85016,304.688774,66649.415461
278,13.782469,4.473532,17.175769,169.140372,319059.532953
278,-26.963489,-6.257129,10.293981,304.908062,38201.882532
278,24.003139,5.903656,12.71375,185.788205,174818.195479
278,30.484244,6.653111,2.246677,177.674411,5459.09589
279,17.984247,5.110144,3.070129,312.475646,10194.189226
279,20.121658,5.405289,9.867101,54.492543,105297.608189
279,25.242331,6.05413,8.879075,140.452604,85265.789431
279,-28.919636,-6.480126,7.025432,275.447847,17793.615026
279,14.726152,4.624148,5.959217,198.851508,38407.652244
279,5.793497,2.900397,9.235591,212.640317,92250.49163
279,-28.458894,-6.428299,6.618622,355.113319,15792.583373
279,-18.685226,-5.208783,12.154527,331.705323,53259.144016
279,15.993049,4.818953,5.354014,311.075954,31002.620833
279,-22.329019,-5.694058,7.281727,149.260146,19115.551271
279,-30.600883,-6.665827,6.385008,171.949461,14697.415227
279,19.815808,5.364052,6.678338,270.121167,48236.544096
279,13.639112,4.450206,5.896335,234.695181,37601.36751
279,3.023602,2.095315,4.381986,110.509684,20767.357554
280,-19.375579,-5.304133,4.524193,306.906899,7379.04795
280,23.602812,5.854218,7.233672,106.874169,56592.248452
280,8.340384,3.480007,10.264074,39.198061,113940.707907
280,23.720795,5.868832,6.505068,296.834702,45766.00242
280,14.318782,4.55974,6.262095,118.868299,42411.01256
280,24.391013,5.951165,6.118308,263.156297,40485.733086
280,12.322072,4.229888,4.748223,168.428684,24383.804468
280,17.736624,5.074842,2.342395,77.482798,5934.163574
280,27.239008,6.289016,5.86139,300.255069,37156.995228
280,-14.10477,-4.525536,4.994227,257.44738,8991.965345
280,15.809776,4.791262,5.27452,340.067919,30088.829254
280,-17.881746,-5.095561,3.863548,148.515014,5381.342622
280,-21.597758,-5.600043,5.310851,158.382576,10168.253422
280,12.351664,4.234965,13.061065,299.808764,184500.054789
280,25.075944,6.034144,4.253348,137.806104,19565.963324
281,-20.171097,-5.411925,4.050419,210.967628,5914.498407
281,15.632563,4.764333,12.840176,266.948158,178312.29283
281,18.408342,5.170046,6.022189,38.054826,39223.661005
281,23.110222,5.792808,5.917416,103.807103,37870.716955
281,16.156653,4.843538,7.874664,290.470738,67066.144987
281,-12.232172,-4.21443,3.061168,150.598431,3378.254792
281,16.672248,4.920216,5.657656,125.145739,34618.834909
281,13.224379,4.382023,6.181038,137.327373,41320.173236
281,-29.592951,-6.555128,6.789129,249.606188,16616.755053
281,28.913212,6.479406,10.40472,95.125058,117084.701262
281,21.683444,5.611141,16.303517,13.719017,287476.208231
281,25.719411,6.111074,9.223602,0.774701,92011.139298
281,13.655236,4.452835,4.1683,72.799148,18791.31726
281,-8.115983,-3.432872,4.702543,145.828954,7972.301178
281,22.50758,5.71678,5.128175,45.658889,28442.318078
281,32.171141,6.834713,4.00893,107.117387,17381.860459
282,26.096709,6.155735,5.630524,91.54995,34287.591318
282,-17.029601,-4.972666,3.240175,316.934972,3784.905018
282,-24.452789,-5.958696,6.069119,237.028738,13279.122462
282,21.402595,5.574684,8.356213,113.203925,75519.36136
282,-24.648742,-5.982524,7.111074,304.23852,18230.075239
282,31.824293,6.797769,4.329695,196.834391,20274.676766
282,-15.486469,-4.742019,4.492132,82.879911,7274.835555
282,20.449938,5.449204,4.874341,88.857952,25696.332085
282,13.846808,4.483962,6.137637,105.481007,40741.944071
282,28.493524,6.432209,5.741272,348.820853,35649.673257
282,20.741989,5.487977,24.320323,216.892693,639702.439798
282,14.299471,4.556664,19.220222,237.250173,399536.207294
282,29.142137,6.505007,4.778956,20.483832,24700.476908
282,-19.610451,-5.336185,10.332569,75.391935,38488.83268
282,15.142183,4.689011,5.820985,129.644855,36646.4768
282,17.646504,5.061933,8.314047,278.745917,74759.136059
283,22.099259,5.664687,4.928417,58.20904,26269.641333
283,15.006385,4.667938,3.802675,9.352634,15639.314884
283,-26.015078,-6.1461,3.564353,58.563719,4580.147316
283,-33.354547,-6.959284,4.703402,34.920068,7975.212899
283,25.294797,6.060419,2.540418,154.475424,6979.907677
283,22.83261,5.757909,12.799167,184.080666,177175.128436
283,17.231262,5.002022,5.026215,9.463224,27322.566069
283,24.182405,5.925661,4.755249,136.12143,24456.024375
283,28.695261,6.454939,4.491186,185.475041,21815.308255
283,11.188493,4.030629,10.652717,232.826569,122732.651215
283,8.620603,3.537984,7.376246,75.178364,58845.069868
283,23.816942,5.880714,8.600494,183.11357,79999.295025
283,20.626566,5.472686,13.44776,340.926312,195586.664191
283,10.451446,3.895608,4.116645,79.390929,18328.469917
283,22.278911,5.687665,5.848523,268.984356,36994.03906
283,17.469007,5.036411,3.568986,159.96662,13776.185696
283,26.278765,6.17717,11.654143,169.3058,146892.629105
284,-5.74242,-2.887583,2.253183,169.994489,1830.252383
284,30.695049,6.676075,8.441286,181.982768,77064.891129
284,21.658818,5.607954,9.608708,265.477072,99854.887226
284,18.475769,5.179506,20.686581,181.384338,462824.950301
284,18.023664,5.115742,7.976884,266.904228,68818.604114
284,15.830219,4.794359,10.230721,335.915528,113201.415072
284,12.634339,4.28315,5.137855,313.566427,28549.791597
284,22.308845,5.691485,14.522401,7.340169,228095.216092
284,18.987958,5.250808,9.436489,74.611767,96307.520151
284,-15.667045,-4.769585,4.366864,340.294896,6874.75887
284,16.585059,4.907333,3.269546,307.319514,11561.501452
284,25.383392,6.071023,5.141726,195.523664,28592.830473
284,22.86215,5.761633,3.963329,248.200491,16988.678283
284,-9.482783,-3.710692,14.26241,283.437611,73333.748829
284,10.586016,3.920607,6.604066,31.242093,47169.591608
284,14.74933,4.627785,5.603899,352.382316,33964.090564
284,12.806659,4.31226,6.209549,248.337295,41702.241673
284,-31.61142,-6.774996,5.222415,77.72036,9832.429446
285,9.487484,3.711612,14.079283,88.716802,214387.969331
285,10.89265,3.976984,5.482816,7.997295,32512.218899
285,25.462661,6.080495,11.686839,163.298036,147718.002321
285,21.287547,5.559681,6.266748,140.515206,42474.056196
285,-15.192204,-4.69675,8.403201,345.802381,25457.019775
285,10.901112,3.978528,10.223799,273.630138,113048.266892
285,21.961205,5.646965,6.69618,261.247072,48494.621834
285,26.555998,6.209668,6.684185,318.829086,48321.041353
285,5.586905,2.848215,4.232451,310.370824,19374.172853
285,-13.064342,-4.355428,22.254795,75.46902,178552.232844
285,18.560969,5.191434,5.430964,163.254853,31900.180891
285,-9.892304,-3.78997,2.317767,79.151599,1936.678303
285,21.956054,5.646303,1.733823,105.290122,3251.239155
285,32.988078,6.920948,5.224204,188.446486,29517.497282
285,17.139852,4.988737,7.421121,27.653294,59563.252057
285,28.318649,6.41244,7.578996,202.043429,62124.463346
285,8.130207,3.435879,6.133635,239.492466,40688.82504
285,8.861852,3.587148,4.508975,223.323711,21988.472526
286,-29.405964,-6.534386,8.551858,85.267102,26365.68153
286,13.765893,4.470841,8.89708,5.970569,85611.928212
286,-23.177763,-5.801266,16.910761,99.498801,103096.607487
286,17.986318,5.110439,8.257744,150.561175,73750.026836
286,22.848926,5.759966,6.361962,264.12379,43774.521574
286,20.040382,5.394361,7.540108,103.896494,61488.578923
286,13.604722,4.444592,8.754422,334.167567,82888.500337
286,-35.025017,-7.131423,9.25569,190.623184,30884.149284
286,17.826665,5.087707,3.566015,332.392831,13753.261452
286,-22.153017,-5.671572,7.879048,227.134387,22380.284551
286,15.575589,4.755643,25.893511,131.468335,725138.940653
286,-17.292923,-5.010964,6.229318,69.043535,13989.399372
286,16.811522,4.940724,2.809946,287.12125,8539.558062
286,17.683073,5.067175,2.312621,262.796063,5784.263658
286,16.720579,4.927342,4.125777,219.069681,18409.874963
286,23.844849,5.884158,3.322877,266.084333,11941.749905
286,16.647231,4.916523,6.762411,216.011623,49458.677058
286,10.594979,3.922266,11.276269,230.314051,137521.373135
286,-29.821428,-6.580384,8.381838,54.592276,25327.75124
287,11.72374,4.125914,7.396625,106.140534,59170.677629
287,23.80145,5.878801,10.986359,219.179443,130540.994453
287,24.778966,5.998306,4.520429,184.787347,22100.319535
287,-24.504108,-5.964946,2.048811,299.513423,1513.289103
287,-11.443234,-4.076256,17.366172,32.168807,108724.214487
287,28.621072,6.446589,10.821335,74.550082,126648.77442
287,9.662219,3.745635,2.23289,104.733242,5392.300537
287,28.024441,6.379043,3.46701,351.821585,13000.187314
287,14.532296,4.59361,18.620382,351.056043,374987.252522
287,1.425808,-1.438857,3.851862,53.27827,5348.838517
287,-21.924207,-5.642207,5.523389,124.320419,10998.396646
287,20.780476,5.493066,20.260329,249.895776,443948.2133
287,15.881826,4.802167,3.155203,27.426062,10766.982945
287,14.586072,4.602102,7.886265,160.183939,67263.900282
287,9.535735,3.721038,8.378526,261.77159,75923.208698
287,13.843764,4.483469,4.888221,196.848289,25842.885199
287,-18.753116,-5.218237,8.349489,199.999526,25132.625124
287,17.966037,5.107557,2.324132,124.238557,5841.990492
287,17.399534,5.026386,26.019652,352.531023,732221.191998
288,4.051073,2.425337,2.68291,308.99105,7784.87581
288,-24.004406,-5.903812,3.207344,311.482596,3708.593499
288,35.782758,7.208152,5.454196,186.947194,32173.68836
288,-14.72415,-4.623833,17.438151,202.589344,109627.354788
288,26.876247,6.246998,32.95782,299.375279,1174779.288608
288,22.937635,5.771137,8.776178,294.596456,83301.001325
288,24.273887,5.936859,3.641956,2.426251,14345.267496
288,9.333673,3.681403,5.347495,14.154753,30927.162289
288,-16.870508,-4.949384,7.570387,337.690654,20661.135506
288,13.35811,4.404124,4.319373,257.163085,20178.118672
288,-20.609014,-5.470357,9.339699,253.441843,31447.334933
288,-26.810665,-6.239371,5.120148,77.993171,9451.115172
288,13.86297,4.486578,2.198131,96.185613,5225.725081
288,25.425507,6.076057,6.583231,20.294591,46872.438648
288,20.192277,5.414766,9.299297,216.840085,93527.55642
288,22.911328,5.767826,6.522075,159.274173,46005.629063
288,20.261444,5.424032,2.348901,224.94105,5967.173425
288,11.398727,4.068321,3.442139,274.490998,12814.337348
288,16.708812,4.925608,3.129348,311.891843,10591.248245
288,10.700625,3.941773,17.412261,76.690056,327906.214579
289,10.816535,3.963064,3.449244,42.063032,12867.290334
289,-12.937224,-4.334186,3.358444,196.094183,4066.252824
289,5.308543,2.776353,8.353909,0.04849,75477.725043
289,-11.963923,-4.167963,1.262793,22.704971,574.887101
289,12.197169,4.208396,11.260144,8.821662,137128.352658
289,8.242127,3.459447,10.966432,17.789129,130067.871314
289,-22.470607,-5.712082,10.749651,214.873286,41658.803394
289,7.722312,3.34858,2.660206,234.302432,7653.67474
289,24.190201,5.926616,4.667667,134.060571,23563.455964
289,7.587619,3.319249,5.252429,209.787318,29837.308639
289,-9.275378,-3.669888,3.23143,350.744953,3764.502031
289,26.060841,6.151503,2.271288,22.357788,5579.350978
289,16.595574,4.908889,9.93919,350.146719,106841.827088
289,15.695935,4.773981,8.246017,347.938785,73540.702653
289,26.756595,6.233077,6.21306,120.804852,41749.421578
289,11.466327,4.080367,7.675498,354.650632,63716.571953
289,17.019435,4.971181,8.165169,79.650441,72105.720447
289,7.107915,3.212611,2.818748,179.278497,8593.137465
289,22.412115,5.704643,5.180845,244.284997,29029.561455
289,20.258948,5.423698,6.864964,340.109757,50970.15108
289,15.392048,4.72754,3.166566,289.335444,10844.67407
290,7.053209,3.200224,5.610188,81.412319,34040.358267
290,8.306766,3.472986,2.391481,229.608047,6185.474974
290,23.813827,5.880329,10.793614,122.0816,126000.741844
290,20.11863,5.404882,8.546739,58.103984,79002.381692
290,11.136311,4.021219,3.41269,244.09352,12596.011963
290,10.132068,3.835625,18.877051,265.96265,385396.392576
290,10.536086,3.91135,11.487851,26.347846,142730.550193
290,11.48693,4.084031,10.628061,7.464848,122165.173249
290,20.732358,5.486702,5.163296,346.085413,28833.233485
290,-23.063767,-5.786982,16.486011,209.668639,97982.663154
290,-12.803436,-4.311718,5.748011,114.193839,11911.137769
290,19.588289,5.333168,7.265444,317.597604,57090.468472
290,-25.360087,-6.068235,4.272121,33.153362,6579.685538
290,-20.617151,-5.471437,4.756643,289.349318,8156.788272
290,21.368585,5.570253,4.063615,3.944649,17859.299498
290,24.39975,5.95223,8.917442,316.988649,86004.247961
290,24.244464,5.933259,5.561182,235.819732,33448.260965
290,18.95522,5.24628,5.500481,190.465087,32722.064828
290,22.21048,5.678923,3.741828,143.282984,15142.828821
290,19.884454,5.373335,5.83872,137.233809,36870.121729
290,13.671745,4.455526,8.678489,201.058084,81456.835285
291,-21.942642,-5.644578,7.984971,9.951489,22986.071571
291,12.864159,4.32193,2.859965,0.656702,8846.282277
291,14.917996,4.654171,12.402393,65.867202,166360.540985
291,12.163559,4.202593,4.373093,125.62252,20683.157079
291,21.404609,5.574946,4.286453,64.42315,19871.724852
291,13.115049,4.363872,7.967735,261.181466,68660.838808
291,16.532255,4.899515,2.649831,221.85927,7594.08785
291,-20.425192,-5.445906,3.55425,52.968259,4554.2196
291,-8.284904,-3.468413,5.622487,88.731543,11396.591955
291,13.057953,4.354363,9.497647,181.30101,97559.903831
291,7.033102,3.19566,6.218398,36.487963,41821.192971
291,8.068751,3.422868,9.533534,64.131288,98298.557186
291,22.644226,5.734107,6.035226,38.965554,39393.667098
291,22.41753,5.705332,3.586713,189.908086,13913.37814
291,25.997211,6.143989,6.071241,277.587158,39865.235429
291,-22.240942,-5.682817,3.736232,148.99662,5032.523769
291,15.003216,4.667445,7.235781,271.375493,56625.259978
291,7.872719,3.381033,12.374346,22.511583,165608.960613
291,16.243361,4.856518,2.942732,136.933395,9365.71379
291,25.401307,6.073165,3.541857,3.818234,13567.546732
291,-15.356683,-4.722106,13.239905,73.237147,63195.739086
291,9.924508,3.796134,4.964641,107.290558,26657.233465
292,-11.171314,-4.027534,8.289657,283.028769,24773.721548
292,15.882034,4.802199,4.507194,290.203138,21971.099725
292,-24.350244,-5.946189,2.857021,150.468308,2942.692193
292,21.036284,5.526772,10.172302,185.982467,111912.302736
292,23.214831,5.805903,9.662294,355.295714,100971.735588
292,18.299403,5.154725,14.572775,125.75342,229680.369753
292,8.049973,3.418883,9.915673,359.001937,106336.843167
292,-8.208346,-3.45235,5.777539,266.578048,12033.829102
292,21.428174,5.578014,4.955437,159.085664,26558.478478
292,12.707916,4.295604,6.79427,210.11226,49925.79517
292,14.566625,4.599033,7.254697,241.840804,56921.706547
292,20.959533,5.516681,2.022164,101.556851,4422.541911
292,2.037435,1.720002,9.936096,237.977207,106775.32349
292,-15.282408,-4.710673,2.428223,14.511006,2125.667063
292,34.235763,7.050616,2.327003,126.07702,5856.432921
292,-17.659242,-5.06376,5.96811,227.825352,12840.787077
292,20.16094,5.410563,7.997755,337.28517,69179.204735
292,12.089624,4.189801,1.985183,356.063809,4262.264292
292,3.430516,2.231859,7.80015,64.76975,65802.932665
292,22.723834,5.744177,11.47332,334.421679,142369.690706
292,-29.804738,-6.578543,4.266388,235.749284,6562.039678
292,20.764532,5.490958,5.685018,358.535043,34954.495941
293,23.774667,5.875492,9.362372,91.253246,94800.602434
293,22.241565,5.682896,12.458634,322.032623,167872.733487
293,12.880503,4.324675,3.527019,196.110283,13454.109491
293,9.364668,3.68751,7.925444,74.192963,67933.897864
293,-5.200134,2.747858,4.768316,330.314547,24590.612897
293,6.253573,3.013361,5.775799,246.398377,36079.749668
293,16.534446,4.89984,3.527962,76.958568,13461.306196
293,14.393802,4.571669,9.318077,178.619695,93905.693655
293,22.472366,5.712306,10.764157,57.573263,125313.927942
293,29.055917,6.495377,13.840325,351.101868,207172.403483
293,11.391034,4.066948,6.540296,39.126802,46263.034782
293,7.254047,3.245467,13.582117,191.594503,199514.422218
293,26.28385,6.177767,7.669322,257.815786,63614.078027
293,24.144832,5.921056,5.320714,66.529462,30618.168884
293,-9.467876,-3.707775,14.484095,304.15479,75631.167842
293,-19.20717,-5.281031,3.293378,326.209047,3910.221411
293,19.690159,5.347018,6.650783,210.170936,47839.302857
293,21.945676,5.644969,12.829485,265.840954,178015.471337
293,15.255008,4.706448,3.196897,336.973653,11053.415837
293,12.205431,4.209821,16.459286,319.951494,292995.736632
293,26.722793,6.229138,4.602788,51.560652,22912.963843
293,11.745501,4.129741,21.01976,175.515814,477853.595272
293,-12.904338,-4.328674,6.392033,80.334522,14729.776374
294,30.549164,6.660191,15.197164,54.320072,249783.900501
294,11.864142,4.150546,2.757101,0.656022,8221.378266
294,11.293579,4.049513,14.288027,95.463965,220792.261726
294,-13.894368,-4.491656,7.037692,337.35674,17855.769331
294,-20.260652,-5.423926,11.73827,356.515234,49673.669015
294,14.306532,4.557789,21.849456,303.320567,516321.973004
294,-16.70896,-4.92563,7.590972,200.566112,20773.650705
294,11.054316,4.006388,6.516281,192.776937,45923.920763
294,25.74952,6.11465,6.389952,127.081521,44160.556291
294,9.028916,3.620803,15.178369,336.098722,249166.439081
294,-23.431142,-5.83289,10.045818,298.501173,36382.179884
294,21.968927,5.647958,6.967632,94.680718,52506.098278
294,-12.254602,-4.218292,6.308755,16.110087,14348.461373
294,25.503229,6.085337,9.483443,297.430389,97268.327346
294,26.27303,6.176495,3.886564,308.392961,16336.946109
294,22.10397,5.665291,7.69742,254.786067,64081.068938
294,16.652994,4.917374,15.768593,108.767874,268921.295194
294,2.307397,1.830409,11.859119,27.250431,152105.247953
294,-7.307362,-3.257372,10.237612,162.987371,37784.652355
294,22.228858,5.681273,8.39147,107.014305,76157.980613
294,-28.351473,-6.416155,6.453038,81.258835,15012.277191
294,-11.246552,-4.041073,5.48836,158.59435,10859.334554
294,17.673616,5.06582,5.664218,87.476049,34699.179986
295,9.0648,3.627991,5.472623,187.599472,32391.445274
295,33.914363,7.017443,25.110951,335.673737,681970.581529
295,15.055592,4.675585,8.565756,83.93992,79354.342317
295,18.103295,5.12703,6.13496,243.252272,40706.415997
295,7.267125,3.248391,6.653895,266.608484,47884.087473
295,14.172323,4.536361,12.509714,217.307033,169252.115263
295,-6.951312,-3.177024,16.232039,96.521554,94987.01234
295,-25.115171,-6.038862,3.651488,165.271536,4806.819222
295,-26.676872,-6.223784,15.080485,184.479412,81987.693754
295,2.472312,1.894692,9.538143,90.013198,98393.627089
295,11.911163,4.158763,28.855254,289.620829,900511.251882
295,-22.302381,-5.69066,3.74673,83.803603,5060.841992
295,-11.539737,-4.093408,7.986631,213.259502,22995.631084
295,0.327465,-0.689556,8.282678,132.278186,24732.024965
295,20.554194,5.463076,14.717419,64.193937,234262.432043
295,21.134102,5.539607,2.200635,75.410459,5237.638769
295,18.942476,5.244516,3.063873,264.032722,10152.685383
295,-15.832107,-4.794644,3.505173,296.316531,4429.319586
295,-19.144318,-5.272384,9.929806,281.305897,35546.726864
295,-5.350391,-2.787275,7.90871,21.738105,22549.106643
295,-20.237249,-5.420792,7.043908,114.45325,17887.328044
295,-6.420044,-3.053206,13.871187,70.41919,69365.788044
295,13.038573,4.35113,8.361877,33.800971,75621.786716
296,-2.757428,-2.000963,18.171277,5.138936,119038.913128
296,13.992628,4.50751,4.912693,277.374607,26102.283823
296,-15.731292,-4.779355,6.448153,159.557723,14989.556474
296,12.037431,4.180748,7.240152,89.022863,56693.690373
296,32.053592,6.822215,9.038691,71.986408,88358.930637
296,7.460113,3.291242,5.675975,310.767363,34843.379206
296,17.780612,5.081131,6.850318,167.118069,50752.891313
296,-26.581716,-6.212674,7.660204,251.732458,21154.30198
296,25.378903,6.070486,13.189798,116.439336,188154.943272
296,-10.821585,-3.963989,16.288809,232.059006,95652.596249
296,9.662031,3.745599,6.728989,197.043079,48971.005832
296,18.398028,5.168597,3.722857,357.446514,14989.668389
296,-20.810884,-5.497083,5.907363,150.477213,12580.71581
296,15.334067,4.718628,21.580195,245.799011,503674.633215
296,11.315195,4.053387,3.151115,151.547731,10739.099949
296,5.55893,2.841075,6.974271,279.790048,52606.208139
296,2.264389,1.81327,12.99557,225.323382,182654.354499
296,10.970578,3.991185,3.796767,152.621806,15590.754553
296,-2.340985,1.843683,5.577644,132.066792,33646.582782
296,-26.636293,-6.219048,7.571272,269.63009,20665.968274
296,17.75165,5.076991,9.521443,0.0058,98049.376613
296,10.326733,3.872296,13.423781,73.618513,194889.772778
296,13.923342,4.496336,8.011144,251.047366,69411.013465
296,9.461309,3.706489,16.301557,233.166995,287407.093599
297,19.442044,5.313223,5.404837,60.796703,31593.996128
297,9.111324,3.637289,8.653864,230.578078,80995.232569
297,12.588288,4.275337,12.085627,18.075226,157971.112759
297,10.7375,3.948559,5.911433,135.830776,37794.178892
297,17.993486,5.111457,8.580673,239.565472,79630.971217
297,25.864759,6.128318,10.713997,315.422369,124148.764204
297,-22.325966,-5.693668,3.541128,126.026344,4520.653521
297,17.176294,4.994037,4.188233,348.693802,18971.470586
297,16.553975,4.902732,12.390913,166.23435,166052.690332
297,22.257021,5.68487,2.81158,346.411015,8549.492687
297,24.993419,6.024207,6.924439,197.931327,51857.127793
297,11.370593,4.063297,5.080671,350.218469,27917.823327
297,-9.748816,-3.762383,27.004621,19.623088,262902.210701
297,3.763869,2.337784,4.83677,324.406349,25301.730752
297,-16.253357,-4.858012,4.034409,290.574205,5867.836726
297,20.357235,5.436839,9.162243,250.828279,90791.037914
297,12.036033,4.180505,4.269537,260.664338,19715.185799
297,19.093706,5.26541,13.912361,345.200117,209334.590677
297,12.651105,4.285991,12.548512,186.549423,170303.579553
297,7.502366,3.300549,5.374251,217.348995,31237.423388
297,15.127573,4.686749,2.860043,157.788206,8846.763662
297,13.882139,4.489679,5.785855,216.264386,36205.494474
297,20.704966,5.483077,5.279687,59.870167,30147.801745
297,23.481034,5.839097,3.923584,252.342071,16649.656447
298,10.082611,3.826252,4.511465,343.133305,22012.759912
298,33.129093,6.935724,8.232608,72.398417,73301.731262
298,17.612402,5.057039,9.332014,359.046351,94186.802504
298,-15.148842,-4.690042,9.856858,270.858755,35026.369031
298,-15.764933,-4.784462,1.936131,335.777676,1351.410931
298,10.859281,3.970887,9.677918,31.08666,101298.548598
298,13.913477,4.494743,9.023023,52.046898,88052.857837
298,23.119445,5.793963,5.415113,34.514849,31714.245818
298,-12.374436,-4.238867,11.543821,83.507663,48041.57304
298,14.959722,4.660675,10.313721,104.83836,115045.626637
298,7.699318,3.343591,3.597087,265.414507,13993.979391
298,8.339185,3.479756,6.306555,22.807437,43015.373701
298,5.982425,2.947309,8.022845,296.308349,69613.920487
298,26.841644,6.242975,4.770504,153.225648,24613.187536
298,12.092831,4.190357,9.692011,282.672162,101593.78869
298,9.429301,3.700214,1.880134,134.930384,3823.112091
298,-24.794779,-6.00022,2.015442,68.549051,1464.397232
298,-19.663081,-5.34334,5.960922,63.543517,12809.878299
298,11.57414,4.099505,6.494783,279.246639,45621.405633
298,10.876559,3.974045,8.378647,248.132889,75925.405065
298,-13.646153,-4.451354,6.853099,198.135693,16931.371867
298,4.945391,2.679707,4.641662,257.767612,23301.630665
298,-10.299936,-3.867268,4.453217,31.910598,7149.338227
298,22.253959,5.684479,3.859186,302.246576,16107.596368
298,10.789292,3.95807,5.828277,303.891776,36738.349038
299,15.447283,4.736015,6.085088,289.411761,40047.280644
299,17.936877,5.10341,9.548509,309.484464,98607.616295
299,10.366548,3.879754,11.309693,120.777714,138337.843126
299,10.756858,3.952117,11.025258,107.551792,131467.03365
299,20.665357,5.477829,7.640899,107.919857,63143.439964
299,20.229043,5.419693,7.795868,164.846667,65730.699875
299,23.633617,5.858037,8.383074,210.949047,76005.668249
299,17.452825,5.034078,2.940219,195.991162,9349.722737
299,11.015489,3.999346,5.279162,163.197478,30141.811009
299,9.433292,3.700997,9.852376,104.505285,104983.551003
299,17.703691,5.070128,5.735479,72.303133,35577.76858
299,12.289417,4.22428,5.390663,140.314738,31428.508939
299,18.541921,5.18877,5.55133,186.403276,33329.856932
299,6.211648,3.003243,21.272849,18.858852,489430.09096
299,-10.45906,-3.897027,4.714444,189.932355,8012.703286
299,12.888367,4.325995,5.02824,67.574291,27344.584053
299,-1.49624,1.473967,7.479773,85.095882,60508.461648
299,13.625716,4.44802,6.138766,32.991795,40756.938365
299,-25.825852,-6.123707,6.542669,323.917238,15432.202817
299,-14.117664,-4.527604,7.208821,244.577685,18734.692524
299,8.34987,3.481985,2.481242,258.258026,6658.519192
299,21.204713,5.548853,12.250784,84.726067,162318.143251
299,14.360357,4.566355,6.577634,64.793572,46792.769299
299,12.266841,4.220398,12.495052,256.170038,168855.594078
299,20.858885,5.503419,11.668777,198.750693,147261.763979
300,18.85677,5.232638,16.088026,309.602188,279927.023183
300,-29.335893,-6.526596,6.852924,323.455426,16930.505289
300,-3.067922,-2.110616,8.917067,138.178269,28665.670758
300,17.133482,4.98781,6.818543,151.862387,50283.15227
300,12.299014,4.225929,4.362542,95.077365,20583.470291
300,9.492828,3.712657,5.102503,226.254586,28158.268442
300,1.72437,1.582349,6.874484,179.722623,51111.603706
300,26.562105,6.210382,10.992968,94.978991,130698.10465
300,14.501805,4.588789,5.885287,137.269685,37460.586794
300,19.492342,5.320091,3.137376,246.69916,10645.65901
300,15.40176,4.729032,3.508089,55.380282,13310.074817
300,-19.571748,-5.330916,7.831501,186.097639,22110.982646
300,6.020313,2.956627,7.855902,86.149868,66746.959467
300,6.564074,3.087264,5.166041,104.532736,28863.900167
300,15.506984,4.745158,9.420098,166.722692,95973.249619
300,11.665761,4.115699,3.46443,143.229647,12980.846398
300,12.214104,4.211316,4.107558,355.022525,18247.637413
300,18.181083,5.138033,3.139521,162.532365,10660.216354
300,2.81114,2.020358,10.394518,249.493267,116855.193625
300,-11.039806,-4.003758,4.103017,149.541338,6069.105539
300,17.529379,5.045106,13.119352,215.801674,186150.450241
300,10.503854,3.905363,6.122209,137.876622,40537.381594
300,20.235791,5.420597,3.47636,213.891036,13070.398263
300,25.421371,6.075563,10.644553,174.611296,122544.592511
300,12.095104,4.190751,3.086388,165.92108,10302.444375
301,14.698833,4.619856,2.50453,205.141384,6784.092444
301,20.963594,5.517215,4.033142,49.114916,17592.4537
301,7.231172,3.240346,6.729594,223.76836,48979.807303
301,14.143976,4.531822,7.871304,149.551774,67008.93972
301,-9.855169,-3.78285,2.678426,172.998281,2586.290276
301,-18.881747,-5.236102,15.677319,188.624495,88605.702785
301,14.520564,4.591756,15.926587,15.229861,274337.23546
301,-19.15524,-5.273887,5.759525,334.595618,11958.904506
301,13.686872,4.457991,6.929615,206.214035,51934.697262
301,8.12068,3.433865,6.859998,114.529332,50896.428013
301,-13.151389,-4.369914,3.850832,99.366613,5345.978243
301,5.625527,2.858042,6.560879,41.65878,46554.686023
301,6.646399,3.106564,13.057385,175.812541,184396.111451
301,16.794661,4.938245,6.418928,133.446483,44561.965203
301,5.177543,2.741883,6.104375,84.144893,40301.553019
301,-4.08657,-2.43594,5.20353,305.999864,9761.448802
301,13.776421,4.47255,7.407912,30.450755,59351.394514
301,3.485904,2.249804,5.523437,288.567971,32995.75927
301,10.975623,3.992102,15.292232,285.926349,252918.796828
301,19.968078,5.384622,5.651099,113.685453,34538.633997
301,10.321901,3.87139,7.620527,314.920943,62807.183231
301,16.92696,4.957658,11.352638,326.180979,139390.409416
301,-5.436934,-2.809727,5.726562,330.288173,11822.410785
301,10.311085,3.869361,4.548864,342.443287,22379.236186
301,21.130684,5.539159,11.934403,88.321589,154042.548664
301,-8.601946,-3.534153,8.245338,168.255446,24509.532503
302,-19.548271,-5.327718,2.874806,18.847557,2979.443412
302,14.181266,4.537792,5.904834,206.28157,37709.848844
302,-15.928493,-4.809217,6.773116,263.816079,16538.461217
302,2.813272,2.021124,3.691249,318.557302,14736.219723
302,9.382955,3.691109,3.462627,359.188391,12967.337302
302,-15.701471,-4.774822,8.048299,147.871546,23352.118442
302,10.210527,3.850447,4.301501,192.349057,20011.487804
302,21.89335,5.638235,8.74815,74.616041,82769.775607
302,16.445669,4.886668,4.957026,340.816708,26575.522595
302,14.77939,4.632499,6.259711,221.947163,42378.729014
302,26.881525,6.247611,8.69096,287.880855,81691.123391
302,12.514855,4.262849,6.694756,233.61182,48473.992603
302,-20.824623,-5.498897,6.167087,174.709137,13711.288262
302,-10.695022,-3.940741,7.141714,227.53507,18387.510503
302,24.060727,5.910734,7.020756,13.2616,53309.79801
302,11.49614,4.085668,7.188635,62.732939,55889.752399
302,4.731208,2.621036,4.112118,218.736306,18288.181303
302,25.773844,6.117538,3.487077,340.959644,13151.107879
302,13.986217,4.506477,3.278249,283.418347,11623.13531
302,12.55733,4.270077,7.306857,40.242372,57743.157707
302,-24.721772,-5.99138,4.219505,1.334656,6418.613
302,-15.020995,-4.67021,11.664308,235.276034,49049.661812
302,12.134451,4.197562,5.208274,331.193674,29337.760671
302,24.960933,6.020291,9.315034,305.852758,93844.359684
302,12.741082,4.301206,7.347142,7.927769,58381.635185
302,5.263742,2.764613,5.006484,227.293917,27108.471629
303,16.313442,4.866983,7.362319,24.638952,58623.082298
303,-9.54531,-3.722906,5.274964,46.098725,10031.298441
303,5.178159,2.742046,5.646836,57.650872,34486.538647
303,22.649714,5.734802,28.466203,13.819653,876392.036923
303,9.327855,3.680255,7.128865,144.734376,54964.23152
303,-7.437074,-3.286155,7.646874,126.361954,21080.746405
303,12.730916,4.299489,3.341115,235.594855,12073.195693
303,18.049859,5.119458,7.064992,137.922573,53983.7074
303,18.82634,5.228414,10.776916,182.803042,125611.190276
303,15.576109,4.755723,4.298174,99.120389,19980.540601
303,15.629396,4.763851,10.410669,186.643107,117218.627564
303,-18.398041,-5.168599,12.891165,268.783993,59910.430892
303,12.708122,4.295639,10.999252,244.44081,130847.553232
303,12.179631,4.205369,4.547189,105.173212,22362.755743
303,10.521997,3.908734,3.644905,60.607376,14368.511874
303,-17.424934,-5.030054,10.51726,20.685315,39877.073806
303,10.334582,3.873767,8.903193,141.438722,85729.624532
303,-17.83964,-5.089558,13.941517,356.262211,70070.967736
303,19.737391,5.353427,5.555658,20.191545,33381.842911
303,10.284422,3.864355,11.54518,337.776033,144158.669915
303,26.686302,6.224884,7.908283,103.234889,67640.021587
303,17.6852,5.06748,3.229776,327.090223,11281.946426
303,-12.565806,-4.271518,4.728481,125.545737,8060.488173
303,17.816989,5.086326,11.531017,147.698155,143805.191489
303,18.482107,5.180394,12.216697,124.424699,161416.125063
303,15.694585,4.773775,3.142982,8.007694,10683.73791
304,9.498142,3.713696,5.912732,148.059368,37810.79169
304,2.961222,2.073588,4.986189,111.066878,26889.138219
304,-17.264017,-5.006774,8.467045,260.31121,25845.314642
304,-17.230561,-5.00192,3.171844,220.989413,3626.950197
304,-15.145255,-4.689487,11.616759,85.353028,48650.584177
304,26.177068,6.165205,16.729118,255.3055,302681.16525
304,19.143605,5.272285,8.798255,194.010519,83720.624601
304,19.864431,5.370629,5.283825,175.649705,30195.084619
304,1.77597,1.60585,6.371473,101.860998,43905.50877
304,21.746726,5.619323,27.406693,26.28573,812367.596683
304,30.077234,6.608547,5.811798,170.921968,36530.897198
304,5.752844,2.890203,10.03186,302.890692,108843.441599
304,-18.594773,-5.19616,5.031775,171.12844,9127.681731
304,9.810272,3.774223,5.304825,341.737019,30435.574291
304,12.67649,4.290289,8.711948,114.405518,82086.147065
304,6.609524,3.097934,15.883925,284.339327,272869.479817
304,-15.734384,-4.779824,9.685689,243.552807,33820.429283
304,22.904235,5.766933,8.182154,206.808925,72406.011762
304,17.219196,5.00027,9.37067,196.090978,94968.722668
304,21.919019,5.641539,17.917992,5.900102,347230.607287
304,16.645442,4.916259,4.718712,144.773032,24081.656708
304,-10.596651,-3.922576,5.727592,89.99537,11826.66202
304,15.515146,4.746407,9.693264,23.581044,101620.062558
304,16.93753,4.959205,4.643218,82.059265,23317.256469
304,-11.877412,-4.152866,23.65068,169.970487,201653.308764
304,7.987242,3.405536,6.605348,134.025841,47187.913422
305,-9.852539,-3.782345,11.47422,68.799525,47464.006628
305,18.184209,5.138475,3.742785,11.624393,15150.574723
305,3.665255,2.306955,1.585082,235.046609,2717.333282
305,23.307741,5.81751,4.911569,128.578088,26090.345969
305,4.73029,2.620782,1.291125,238.945754,1802.916474
305,4.322237,2.505194,4.831433,309.568649,25245.926204
305,-23.833451,-5.882752,4.432765,130.874935,7083.818973
305,-23.575782,-5.850865,4.795788,41.285114,8291.593293
305,-20.059585,-5.396945,10.211686,194.091596,37593.521234
305,-7.642475,-3.331226,6.899947,202.774231,17163.648981
305,-16.96787,-4.963645,3.870033,355.328742,5399.423577
305,-12.007007,-4.175461,9.709299,9.486331,33985.516278
305,17.275388,5.008422,7.897009,212.26784,67447.312612
305,1.945213,1.680624,2.845052,64.491328,8754.267569
305,-6.912652,-3.168177,7.658464,11.615831,21144.694891
305,-1.766145,-1.601402,5.678873,13.881496,11626.324769
305,14.274876,4.552744,6.651007,131.386663,47842.523573
305,-20.181381,-5.413305,6.179103,234.048693,13764.770104
305,4.382571,2.522618,2.048538,55.176644,4538.656508
305,-24.684953,-5.986916,3.248064,96.974271,3803.357089
305,-9.099893,-3.635007,13.014322,47.854424,61060.61851
305,13.265839,4.388887,8.627358,274.714651,80499.828004
305,3.952507,2.39565,7.648786,326.565499,63273.868938
305,5.739993,2.886973,4.154506,274.19132,18667.150982
305,8.104261,3.430392,16.114083,170.047719,280834.544412
305,29.204727,6.511988,20.357268,218.481796,448206.684226
306,25.497556,6.08466,7.266445,198.889115,57106.212068
306,20.277339,5.426159,2.892399,185.654427,9048.062443
306,23.483994,5.839465,10.668683,34.654088,123100.830496
306,22.434962,5.70755,6.162309,143.979417,41070.152192
306,13.668859,4.455056,12.858303,271.874083,178816.123908
306,10.542114,3.912469,3.208283,221.144667,11132.297
306,18.766383,5.220082,7.202623,152.369029,56107.475301
306,-20.536907,-5.460779,9.70428,174.113219,33950.387406
306,-12.036983,-4.18067,10.588938,130.96005,40422.477377
306,16.934001,4.958689,4.429523,164.739185,21220.383807
306,28.752717,6.461398,4.129755,263.221533,18445.390714
306,4.38624,2.523674,6.480545,266.517938,45421.602156
306,9.34001,3.682652,5.119843,354.801923,28349.972538
306,21.137043,5.539992,6.233746,18.391205,42027.889834
306,-18.786496,-5.222879,9.516457,58.63523,32648.905186
306,-6.701772,-3.119478,6.99026,266.064439,17615.897283
306,-23.657755,-5.861028,13.535439,319.323717,66048.473073
306,15.820038,4.792817,8.888308,6.805617,85443.213015
306,19.549924,5.327943,10.690934,82.958662,123614.856625
306,27.010509,6.262582,3.029345,2.221679,9925.146694
306,-11.446539,-4.076845,4.242902,55.875701,6489.991354
306,12.262965,4.219731,6.985925,254.935758,52782.160213
306,27.422331,6.310143,7.574709,346.901208,62054.214015
306,-10.761264,-3.952926,16.098241,319.495207,93427.545118
306,-25.179106,-6.046544,5.975682,186.43447,12873.394856
306,11.83055,4.144666,12.919059,112.857859,180509.938574
306,9.440992,3.702507,6.782058,207.806449,49746.473893
307,10.561991,3.916156,8.766503,133.929032,83117.438305
307,11.761691,4.132586,3.659548,10.20626,14484.188998
307,30.773158,6.684564,3.12709,90.306584,10575.965513
307,-15.972621,-4.815874,5.728365,210.45606,11829.85563
307,4.898592,2.666998,8.803921,83.382168,83828.490281
307,-16.434247,-4.884971,5.454581,182.00751,10726.074729
307,8.462369,3.505363,7.315945,336.241197,57886.894518
307,18.3766,5.165586,10.893802,333.713682,128350.703776
307,-28.525838,-6.435855,4.200147,81.272818,6359.85292
307,9.371646,3.688884,5.416069,217.598195,31725.438545
307,-14.11755,-4.527586,23.648553,147.714843,201617.040761
307,-8.848847,-3.584515,3.639008,121.397289,4774.019675
307,20.747548,5.488712,5.035831,335.914354,27427.211693
307,20.180939,5.413246,3.732228,145.262321,15065.225089
307,27.628155,6.33378,5.021428,107.340583,27270.54095
307,14.07365,4.520541,5.176244,76.493157,28978.023915
307,-16.437247,-4.885416,3.968005,80.893009,5676.264094
307,16.228492,4.854295,5.545916,324.211026,33264.879402
307,9.935807,3.798294,3.56692,158.605479,13760.244224
307,-15.863825,-4.799445,3.623756,192.823266,4734.084058
307,18.385266,5.166804,3.530196,200.730089,13478.355043
307,6.986165,3.184978,11.396137,295.459935,140460.653022
307,10.594048,3.922094,1.611938,2.523277,2810.190872
307,21.423092,5.577353,3.783146,347.605326,15479.093103
307,11.861883,4.150151,4.552311,256.426613,22413.168223
307,11.543104,4.094005,2.312727,116.297195,5784.797
307,11.905243,4.157729,5.502877,96.207988,32750.578659
308,-16.578298,-4.906333,7.95878,107.98163,22835.530754
308,9.608061,3.735123,8.848799,302.61099,84685.284593
308,11.743177,4.129332,5.348207,163.856178,30935.40173
308,9.063976,3.627826,7.918179,167.024222,67809.416469
308,3.365462,2.210596,5.941819,145.448458,38183.713559
308,13.507184,4.428631,10.085219,26.383657,110004.377553
308,20.422918,5.445603,3.855384,157.629427,16075.878263
308,14.771051,4.631192,4.139421,246.964154,18531.839343
308,11.003482,3.997165,6.96987,45.581536,52539.837061
308,-11.933804,-4.162713,5.899273,180.907949,12546.281987
308,-19.330914,-5.298016,2.633988,18.316504,2501.183845
308,9.667528,3.746664,8.867896,332.695219,85051.209726
308,15.646748,4.766495,9.421105,287.8337,95993.757431
308,20.50241,5.45619,8.448108,300.060509,77189.506267
308,3.201512,2.156079,5.793096,162.102763,36296.172153
308,16.086296,4.832981,6.497834,35.997582,45664.273458
308,10.429849,3.891581,19.513426,85.495969,411818.989349
308,19.165084,5.275242,6.44388,134.225702,44909.086504
308,7.927003,3.39267,3.652082,242.681419,14425.14933
308,-12.463199,-4.254042,8.264172,285.645417,24621.62971
308,-13.267487,-4.38916,4.565786,79.024955,7515.350631
308,11.111688,4.016771,14.695013,147.223614,233549.676133
308,17.290329,5.010588,7.830335,95.162511,66313.209474
308,17.35684,5.020216,5.483358,46.869293,32518.650536
308,-11.361975,-4.061757,16.22881,129.580018,94949.222703
308,9.778789,3.768162,12.693293,125.190287,174256.07211
308,21.759428,5.620964,5.437584,302.096983,31977.998714
309,19.742315,5.354095,10.314003,222.995288,115051.915375
309,10.716219,3.944644,4.195212,265.601598,19034.746593
309,28.05627,6.382664,6.656291,57.581894,47918.578202
309,26.730284,6.230011,2.453864,249.128487,6512.390771
309,-12.929694,-4.332925,6.274391,271.077376,14192.574575
309,9.915556,3.794422,4.516073,308.679669,22057.750957
309,-19.578682,-5.33186,8.373837,293.12981,25279.421542
309,12.231674,4.214344,28.659358,359.626064,888325.754143
309,8.883581,3.591543,12.302571,36.934753,163693.376971
309,14.441422,4.579225,22.636647,191.058012,554196.202612
309,10.192735,3.847091,5.833339,27.973303,36802.193237
309,19.093215,5.265342,9.490838,22.555918,97420.06735
309,21.636624,5.60508,10.817277,272.871507,126553.806639
309,-14.847495,-4.64316,5.346145,324.128173,10303.850903
309,19.485427,5.319147,10.118585,333.730398,110733.460927
309,10.640539,3.930691,14.671286,182.877202,232796.083899
309,24.133219,5.919631,4.847745,25.214016,25416.68258
309,-22.501306,-5.715983,11.561032,50.24555,48184.932784
309,28.428587,6.424875,10.031723,79.328188,108840.465463
309,14.863425,4.64565,6.389176,10.570511,44149.828771
309,7.882401,3.383111,9.966353,169.327751,107426.61064
309,7.939246,3.395289,6.990865,298.761915,52856.830269
309,13.493834,4.426441,20.932673,198.095165,473902.172156
309,16.744176,4.930818,4.890463,125.055924,25866.594181
309,4.784449,2.635743,13.375442,227.284978,193488.707171
309,8.589691,3.531635,5.813273,221.900596,36549.439156
309,-21.827535,-5.629754,8.588913,30.115942,26594.660214
310,-19.421271,-5.310383,3.772921,320.219551,5131.84422
310,-21.018998,-5.524501,8.187238,120.755238,24165.339421
310,-26.358357,-6.186517,7.910772,340.871119,22560.869146
310,-11.158865,-4.025289,6.323427,125.082217,14415.278786
310,8.288206,3.469104,5.196111,91.561582,29200.895913
310,10.719407,3.945231,5.043957,3.635896,27515.79988
310,24.146948,5.921315,3.478817,232.533383,13088.878801
310,9.117834,3.638588,3.954638,48.422767,16914.249016
310,-5.983016,-2.947455,4.201055,158.828868,6362.601661
310,7.53187,3.307032,4.335841,60.698209,20332.274448
310,14.256697,4.549844,3.275772,92.99896,11605.575918
310,-18.867311,-5.2341,7.159542,69.281077,18479.429752
310,-23.971608,-5.899777,10.709346,19.694814,41346.994906
310,11.275527,4.046276,5.492219,181.263473,32623.834272
310,9.197055,3.654361,8.168655,267.872894,72167.290344
310,10.996901,3.99597,7.81409,229.47737,66038.342912
310,7.849923,3.376135,2.173861,188.477648,5110.966421
310,12.916466,4.330708,12.16354,238.982248,160014.497802
310,22.049278,5.658277,3.583727,237.089742,13890.22352
310,-23.735807,-5.870689,2.098354,283.566644,1587.360411
310,13.026444,4.349106,13.824142,296.047614,206688.208546
310,-0.798258,1.076611,5.988569,38.068205,38786.934344
310,17.70659,5.070543,4.935797,331.636362,26348.377311
310,20.534022,5.460395,4.872425,201.92274,25676.13506
310,18.138014,5.131944,11.056665,310.560186,132217.107658
310,24.364658,5.947949,9.885615,174.674717,105693.123479
310,3.823363,-2.356187,21.304792,40.374618,163633.675503
311,-2.131502,-1.75926,6.226583,315.929453,13977.120247
311,24.164517,5.923469,6.084981,318.693523,40045.876243
311,20.340492,5.434602,15.833948,287.636873,271155.101474
311,18.90733,5.239648,8.714391,217.12058,82132.201568
311,-24.476936,-5.961638,4.316437,240.670145,6716.899212
311,-17.70255,-5.069965,5.355505,234.936743,10339.960459
311,9.893169,3.790136,10.165146,102.946366,111754.894533
311,17.073791,4.979114,5.325484,1.597127,30673.090499
311,15.975431,4.816298,5.662504,277.611735,34678.185167
311,14.211404,4.542611,9.301497,5.712428,93571.808402
311,-3.667902,-2.307788,4.976596,210.957051,8928.588869
311,11.066788,4.008647,6.32047,0.539976,43205.398887
311,10.409902,3.887858,4.389843,63.247687,20841.895989
311,26.11298,6.157654,14.276843,193.186721,220446.734233
311,4.370211,2.519059,20.228427,270.923955,442551.224391
311,-2.61249,1.947666,3.628116,211.397003,14236.45236
311,12.35309,4.235209,20.326615,102.045413,446857.91403
311,-19.471321,-5.317222,8.833411,203.324944,28130.337133
311,16.638387,4.915217,32.551223,80.172754,1145971.883866
311,17.408752,5.027718,4.939769,343.322495,26390.798804
311,10.484942,3.901845,3.519019,279.585237,13393.141132
311,19.883831,5.37325,7.043448,332.89918,53654.967674
311,18.032816,5.11704,3.136525,162.97507,10639.885856
311,10.751438,3.951121,4.29706,293.807636,19970.186976
311,6.397838,3.047921,5.491946,340.668069,32620.594789
311,8.67421,3.548967,5.619324,192.217832,34151.316337
311,17.088708,4.981288,26.137659,160.339738,738877.958275
312,7.801452,3.365695,2.169849,348.910622,5092.117431
312,1.380307,1.415712,3.488651,175.491479,13162.986174
312,0.118997,0.415676,4.73433,120.692401,24241.325966
312,-13.659999,-4.453612,4.9745,68.692689,8921.068722
312,12.994139,4.34371,6.058898,343.632389,39703.307328
312,18.151805,5.133895,9.510906,26.729833,97832.488355
312,-4.044046,-2.423233,3.717028,72.318632,4980.923234
312,-4.868423,-2.658773,3.122718,261.89174,3515.472307
312,16.203711,4.850587,14.920567,252.415977,240774.223188
312,8.839972,3.582717,34.732499,128.24709,1304702.218418
312,8.367023,3.48556,12.975187,19.934022,182081.81937
312,17.580647,5.052479,7.231769,175.863833,56562.482644
312,14.09738,4.524351,8.388709,187.537302,76107.873549
312,16.073818,4.831106,11.399352,338.451484,140539.916497
312,-23.196062,-5.803556,3.215252,119.544399,3726.902806
312,-10.79198,-3.958563,5.857364,160.899365,12368.655176
312,21.259882,5.556067,25.734703,256.205326,716271.477072
312,10.665623,3.935321,6.208632,142.182202,41689.931423
312,16.341095,4.871106,2.531027,38.530224,6928.400354
312,-23.293699,-5.815757,19.73406,127.499136,140394.783025
312,7.78445,3.362026,3.803732,333.827141,15648.013319
312,-3.83216,-2.358896,6.978175,123.011881,17555.03646
312,18.67499,5.207356,6.677262,41.550066,48220.99447
312,14.590083,4.602735,4.028877,258.997035,17555.264885
312,28.395188,6.4211,7.055314,53.016901,53835.898408
312,11.343425,4.05844,5.490342,247.205326,32601.54091
312,3.067565,2.110493,3.175135,102.896018,10903.447167
313,8.676123,3.549359,5.166371,343.403599,28867.584711
313,18.111896,5.128248,7.496066,149.328321,60772.369207
313,10.701994,3.942025,2.258951,214.669427,5518.905401
313,12.841868,4.318184,3.399263,111.516208,12497.090244
313,14.73571,4.625648,5.265263,342.938449,29983.299372
313,17.442032,5.032521,6.192177,336.106997,41469.234895
313,6.336125,3.033185,3.516989,334.899746,13377.694778
313,-11.693986,-4.120675,11.399435,288.312303,46847.318486
313,12.845155,4.318737,1.710106,126.351172,3162.89802
313,-23.556755,-5.848504,10.273061,241.919998,38046.774342
313,4.162764,2.458544,21.282456,254.149166,489872.228155
313,-11.675314,-4.117384,5.886665,100.018297,12492.71155
313,-5.462524,-2.816331,6.715291,316.650815,16257.273731
313,25.936329,6.13679,12.63866,27.834597,172759.293164
313,12.505651,4.261281,5.70378,247.754364,35185.598037
313,11.018224,3.999842,9.219993,15.13382,91939.151
313,-20.170986,-5.411911,6.727029,11.72924,16314.15769
313,0.523843,0.872143,6.452037,268.304516,45022.854703
313,15.127544,4.686744,10.909052,275.567662,128710.319208
313,11.984586,4.171561,6.392098,201.194633,44190.225219
313,16.48154,4.891994,5.679791,109.329224,34890.243409
313,22.497462,5.715494,7.106052,76.569789,54613.00728
313,12.099858,4.191574,2.097041,90.583481,4756.12331
313,-15.156662,-4.691253,22.385105,37.695975,180649.323696
313,18.240787,5.146463,4.999493,285.271474,27032.813051
313,17.616827,5.057675,7.78059,17.719509,65473.328395
313,-18.78547,-5.222736,5.488042,118.992056,10858.075446
314,7.307937,3.2575,4.4205,116.205721,21134.020637
314,20.433464,5.447008,2.167614,295.418021,5081.632985
314,14.616297,4.606868,4.454984,249.564611,21465.032227
314,-5.272356,-2.766874,12.714796,146.243048,58282.320767
314,7.80666,3.366818,5.471096,206.711437,32373.37473
314,13.389506,4.409297,7.109582,255.198231,54667.277738
314,14.075517,4.520841,9.32213,92.677663,93987.402025
314,-16.180245,-4.847073,8.313521,4.297871,24916.561807
314,10.200207,3.8485,6.265041,269.797762,42450.919367
314,8.501081,3.513372,2.149422,39.416757,4996.692649
314,10.144878,3.838048,8.428057,191.634316,76823.534687
314,8.905292,3.595929,3.665565,300.057561,14531.857985
314,2.874057,2.042842,5.157043,1.967256,28763.441016
314,-15.724476,-4.778319,12.348618,104.253481,54973.675991
314,27.565406,6.326583,1.554226,221.418789,2612.566838
314,4.219145,2.475137,16.643483,347.255464,299590.320548
314,9.893061,3.790115,6.288723,147.826031,42772.467483
314,-7.688099,-3.341154,6.579399,321.618681,15605.962365
314,12.95688,4.337478,8.373827,19.224446,75838.067129
314,-11.745443,-4.129731,6.895004,113.932751,17139.066566
314,11.076875,4.010474,7.190562,25.437132,55919.719833
314,21.5196,5.589901,7.114675,69.463714,54745.635154
314,9.822844,3.776641,4.185507,71.604376,18946.786062
314,11.647183,4.11242,2.48472,126.989299,6677.196022
314,12.953872,4.336974,4.775411,174.971503,24663.852383
314,6.193807,2.998927,8.419268,4.491298,76663.392817
314,24.113923,5.917264,5.120897,163.765557,28361.646699
315,21.820373,5.62883,12.296084,143.426097,163520.794382
315,16.514717,4.896916,5.583602,12.108226,33718.49964
315,13.311267,4.396395,7.721951,90.089779,64490.158008
315,7.919943,3.391158,14.393994,257.158006,224079.42684
315,21.266219,5.556895,8.02375,205.077868,69629.629307
315,-0.915937,-1.153241,17.119091,319.141145,105652.430219
315,3.143197,2.136352,8.706685,175.091157,81986.998034
315,5.719513,2.881818,8.433544,287.206491,76923.595374
315,8.215168,3.453785,4.289721,327.018477,19902.028183
315,20.387193,5.440838,5.103926,78.983139,28173.968786
315,16.781121,4.936254,5.777304,40.47633,36098.556067
315,-0.229558,-0.577342,4.964643,193.220347,8885.751042
315,5.725176,2.883244,6.682774,90.645237,48300.641151
315,19.669758,5.344247,3.819088,110.506748,15774.609289
315,13.019,4.347863,3.709216,209.551566,14880.020131
315,-16.7194,-4.927168,38.787224,357.821629,542369.755148
315,-1.520295,1.485768,9.19546,205.162206,91450.532443
315,4.116295,2.444783,4.564381,45.604812,22532.176979
315,7.057324,3.201158,12.423025,265.510726,166914.489744
315,10.016896,3.813762,11.149952,23.452953,134457.589271
315,10.301113,3.867489,9.16209,141.843194,90787.992698
315,-9.223721,-3.659655,10.124449,265.146223,36953.950748
315,-21.226407,-5.551691,4.244322,31.356311,6494.336833
315,15.867634,4.800021,7.67837,350.258028,63764.273785
315,18.467651,5.178368,6.176881,46.846505,41264.614086
315,-12.290742,-4.224508,5.266299,335.65755,9998.366525
316,20.027078,5.392571,6.630303,110.973463,47545.130476
316,-29.629692,-6.559196,3.741646,187.218025,5047.118069
316,9.303718,3.675491,6.056306,209.158781,39669.334725
316,-15.115628,-4.684898,3.824871,17.746217,5274.140983
316,8.564108,3.526372,17.385653,66.136405,326904.823875
316,4.81248,2.643453,14.772982,302.80664,236034.60995
316,23.520318,5.843979,7.133979,222.416933,55043.112932
316,7.388076,3.275312,5.652697,251.558838,34558.17211
316,16.967114,4.963534,11.021696,40.402363,131382.108667
316,0.88484,1.133494,4.441768,339.533168,21337.871725
316,7.63677,3.329982,5.812659,297.029361,36541.728389
316,-8.149535,-3.43996,6.401281,236.201458,14772.427842
316,13.102032,4.361706,10.596185,175.27391,121433.466057
316,13.193134,4.376844,8.740366,175.812159,82622.546831
316,21.865705,5.634674,7.331572,168.277014,58134.451323
316,26.923552,6.252493,7.958216,11.683926,68496.881702
316,13.350765,4.402913,2.772056,240.205346,8310.807475
316,10.233445,3.854766,10.02344,16.93614,108660.79715
316,6.498396,3.07178,14.96407,225.201808,242180.27673
316,2.406192,1.869185,1.996329,117.641562,4310.262702
316,-13.310421,-4.396256,2.84136,85.83886,2910.519848
316,16.374409,4.876069,10.952004,339.788907,129725.850068
316,20.713605,5.48422,10.011101,58.283096,108393.45453
316,-9.990445,-3.808724,10.417042,194.478356,39120.729166
316,11.716704,4.124675,4.439754,56.325108,21318.526106
316,23.373885,5.825759,4.861894,63.848863,25565.269168
317,14.303678,4.557335,5.148869,215.4569,28672.328428
317,15.661853,4.768795,8.436803,301.332265,76983.049959
317,11.949833,4.165508,9.354579,208.71218,94642.858742
317,15.152292,4.690576,8.494739,82.702028,78043.977641
317,-1.381362,1.416253,2.223107,5.971333,5345.152216
317,4.257411,2.486336,15.8378,91.6754,271287.023959
317,19.200882,5.280167,10.39848,200.680677,116944.306093
317,-10.62704,-3.928196,6.298353,237.176764,14301.186291
317,-19.902718,-5.375802,4.414215,169.059668,7024.6558
317,-12.767857,-4.305723,17.720552,239.776137,113206.808952
317,3.486328,2.249941,9.751479,1.058641,102844.327487
317,-14.33536,-4.562379,9.808426,245.440314,34683.003167
317,15.769614,4.785172,12.514235,208.484523,169374.47589
317,-1.061396,-1.24144,2.533782,345.016914,2314.497539
317,7.459348,3.291073,3.579163,51.935279,13854.864721
317,5.893488,2.925319,19.816617,60.843045,424715.750243
317,-10.483939,-3.901659,3.931544,86.693688,5572.425863
317,-3.213425,2.160086,5.266666,247.923236,29999.284928
317,17.712384,5.071373,5.383866,357.51591,31349.298703
317,23.594496,5.853187,5.721624,216.384551,35406.083294
317,11.407394,4.069867,2.044781,280.770859,4522.024577
317,16.304294,4.865618,6.359689,165.68497,43743.260701
317,-16.098531,-4.834819,6.287577,209.57076,14252.294158
317,23.744119,5.871716,8.267245,211.199483,73919.821092
317,25.876493,6.129708,6.44985,127.38353,44992.338579
317,3.320442,2.19576,2.414027,340.030012,6302.655628
318,12.731276,4.29955,4.463252,56.915596,21544.78902
318,18.388668,5.167282,14.792694,358.138923,236664.915129
318,11.676052,4.117514,2.326267,293.245498,5852.728092
318,25.309734,6.062208,6.335419,247.295177,43410.025574
318,-24.147965,-5.92144,5.585948,167.723156,11248.9461
318,20.003295,5.389368,3.327967,19.948319,11978.360465
318,16.036529,4.825499,4.381491,117.712124,20762.665489
318,29.473112,6.541842,8.721191,189.803829,82260.428489
318,19.467125,5.316649,7.005085,50.608401,53072.092244
318,6.922665,3.17047,16.496164,191.251719,294310.169778
318,15.684575,4.772253,3.495157,229.564781,13212.122808
318,8.584477,3.530563,10.845152,8.450878,127206.873778
318,19.501474,5.321337,9.184756,132.34419,91237.743065
318,-10.065351,-3.822975,9.532243,49.373653,32757.315336
318,12.916106,4.330648,5.161597,120.641339,28814.265093
318,-11.141427,-4.022143,7.223541,30.101908,18811.280281
318,5.653615,2.865168,11.358514,173.583998,139534.736205
318,12.291406,4.224622,16.030823,298.190097,277939.955873
318,-13.804887,-4.477169,11.149418,343.445774,44814.906543
318,11.640891,4.111309,9.409493,62.532674,95757.273615
318,17.250948,5.004878,5.367796,74.51008,31162.42851
318,14.598266,4.604025,7.333793,66.903909,58169.680464
318,-19.064538,-5.261386,14.223548,343.996698,72934.658117
318,6.615379,3.099306,6.879433,11.373832,51185.223562
318,9.430964,3.70054,4.973451,29.760094,26751.920608
318,9.18209,3.651387,4.361633,342.700467,20574.896554
319,-15.110134,-4.684047,14.594588,244.681715,76789.484641
319,7.953506,3.398336,6.566002,109.422025,46627.42259
319,24.99955,6.024946,6.130632,319.609351,40649.000982
319,21.25796,5.555816,9.168418,137.534796,90913.455815
319,15.636432,4.764923,11.033728,193.424631,131669.09462
319,12.303885,4.226766,6.28947,75.320651,42782.629073
319,-15.426248,-4.73279,3.12149,290.15594,3512.706718
319,6.112988,2.979297,4.839271,197.915082,25327.901262
319,21.181217,5.545778,12.082116,48.712357,157879.349341
319,6.53049,3.079356,4.290288,193.515428,19907.295122
319,-14.852733,-4.643979,11.392106,48.996425,46787.101947
319,6.412702,3.051459,6.147296,30.177613,40870.274467
319,24.023281,5.906133,5.181727,87.685726,29039.455621
319,10.763546,3.953345,8.023199,39.358926,69620.067301
319,6.99769,3.187604,4.291377,137.638693,19917.398408
319,15.340859,4.719673,14.359173,93.917364,222996.577412
319,9.691484,3.751303,3.600912,273.502213,14023.759452
319,-4.389235,2.524535,12.693335,295.936525,174257.238677
319,-24.732405,-5.992668,7.340632,115.812602,19426.072815
319,11.942194,4.164176,20.972224,139.022713,475694.681189
319,21.792022,5.625172,8.469598,134.070455,77582.704198
319,22.917087,5.768551,6.497924,178.569906,45665.543525
319,13.560534,4.437368,12.538811,15.85312,170040.382655
319,20.192462,5.414791,4.601392,124.500316,22899.064823
319,5.929282,2.934189,22.573521,111.195938,551109.544025
319,12.885854,4.325573,14.939438,253.194262,241383.63738
320,12.662843,4.287979,5.076581,110.800141,27872.883311
320,21.050855,5.528686,2.50012,91.814352,6760.222781
320,14.488392,4.586666,3.27563,113.083021,11604.567844
320,5.251835,2.761484,2.323669,211.928366,5839.662732
320,19.146963,5.272748,11.783694,114.473531,150176.591671
320,-6.560546,-3.086434,3.444233,55.698251,4276.643399
320,13.500639,4.427557,17.102249,170.848783,316333.952008
320,12.162388,4.202391,4.544711,71.934595,22338.388062
320,5.437975,2.809996,8.116233,323.772745,71244.014475
320,16.870149,4.949331,9.699308,30.24965,101746.809696
320,14.235443,4.546451,8.576454,145.443916,79552.691003
320,17.842231,5.089928,7.321544,128.623097,57975.521205
320,10.202608,3.848953,6.290194,190.485388,42792.477801
320,7.750202,3.354622,11.066429,113.188404,132450.728519
320,-18.045513,-5.118841,8.653623,43.666891,26996.910481
320,12.617418,4.280281,7.847079,23.455932,66597.118128
320,2.381937,1.85974,4.094603,159.798696,18132.715742
320,5.815653,2.905938,17.534579,203.935221,332529.379586
320,-17.822624,-5.08713,11.981979,224.118984,51757.72649
320,-7.279554,-3.251168,9.634971,193.66059,33467.161494
320,10.74733,3.950366,4.401367,146.7251,20951.468933
320,18.350453,5.16191,3.937743,187.038471,16770.037213
320,8.645056,3.542998,3.200175,217.025048,11076.100746
320,33.010885,6.92334,7.716169,153.597899,64393.615691
320,17.707731,5.070707,3.985315,139.028271,17177.685025
321,19.280825,5.291147,5.596453,165.292408,33873.88335
321,16.873354,4.949801,7.661084,190.902689,63477.493781
321,8.973955,3.609765,8.706368,242.660326,81981.028934
321,15.495466,4.743396,21.412559,261.950709,495879.855095
321,20.497367,5.455519,8.168912,72.888032,72171.840876
321,23.351736,5.822998,8.599951,113.8138,79989.186596
321,7.965447,3.400886,13.13342,10.98427,186549.887814
321,11.259633,4.043423,5.134826,53.193886,28516.148782
321,-19.164349,-5.275141,11.673536,284.266246,49127.306757
321,15.471853,4.73978,4.591867,4.018644,22804.363065
321,13.418543,4.414075,5.982477,121.936969,38708.058545
321,26.528974,6.206507,3.714061,9.157222,14918.917173
321,9.138258,3.642661,14.21476,112.786526,218533.689643
321,19.630229,5.338875,13.989366,186.81547,211658.35024
321,9.133857,3.641784,1.604845,219.715116,2785.516553
321,21.741992,5.618711,1.508497,355.289152,2461.092832
321,22.57034,5.724744,7.07273,287.574973,54102.0166
321,9.946844,3.800403,9.288444,79.609556,93309.368643
321,9.769782,3.766426,8.868833,212.102415,85069.190215
321,-15.785611,-4.787599,6.108607,258.31135,13452.484965
321,8.578043,3.52924,6.163775,244.812142,41089.688228
321,22.583339,5.726393,6.323171,17.722508,43242.342192
321,-10.164557,-3.841769,9.931956,169.361065,35562.122967
321,9.768883,3.766253,17.540846,17.531294,332767.109602
321,15.284403,4.71098,8.463389,92.149879,77468.997171
322,3.818452,2.354673,3.143765,162.803079,10689.062027
322,18.687489,5.209098,7.612304,274.093281,62671.723275
322,-11.464678,-4.080073,8.028596,201.473484,23237.923306
322,-6.298803,-3.024239,5.026268,176.132221,9107.715071
322,10.467641,3.898625,6.755067,303.036183,49351.308359
322,16.954908,4.961749,6.795775,234.978696,49947.907279
322,-7.283527,-3.252055,9.32211,170.562637,31328.998109
322,-18.030284,-5.116681,12.029142,126.701938,52165.97737
322,10.645458,3.931599,4.86693,176.291676,25618.254545
322,11.526768,4.091107,3.28452,197.633616,11667.641307
322,13.450474,4.419324,14.785463,235.766321,236433.596856
322,10.599784,3.923156,3.05521,89.558442,10095.349299
322,12.217647,4.211927,4.589627,254.056621,22782.116545
322,15.300652,4.713484,4.767582,117.078952,24583.042344
322,-13.778733,-4.472926,7.707293,158.503294,21415.186901
322,11.354919,4.060496,5.930554,128.25382,38039.071877
322,8.061892,3.421413,7.213938,296.519779,56283.894872
322,9.324123,3.679519,4.310832,171.7087,20098.405483
322,12.764746,4.305198,5.535125,217.764021,33135.549808
322,18.686771,5.208998,4.173924,225.150956,18842.060163
322,6.593049,3.094071,2.736116,353.235142,8096.703428
322,10.044343,3.818984,4.107066,208.728315,18243.273079
322,7.541018,3.30904,9.2109,311.728923,91757.894707
322,5.689131,2.874154,1.707974,298.862657,3155.016356
322,14.208493,4.542146,8.109741,145.65077,71130.078507
323,-5.989683,-2.949096,7.371087,359.160473,19587.595052
323,10.900944,3.978498,1.901905,303.683893,3912.161655
323,13.360733,4.404556,5.914273,187.017129,37830.494151
323,-21.829985,-5.63007,13.330207,105.870176,64060.723835
323,12.19114,4.207355,3.417706,317.179719,12633.064293
323,12.293674,4.225011,5.412365,137.171407,31682.059702
323,8.300309,3.471636,7.567248,208.833485,61932.018635
323,18.046619,5.118998,4.497848,235.815581,21880.081082
323,11.411976,4.070685,4.381486,53.861581,20762.620523
323,8.347902,3.481575,5.58973,120.572066,33792.555706
323,-19.301077,-5.293925,11.638619,206.064411,48833.855208
323,-7.657415,-3.33448,4.385862,63.215804,6934.706174
323,7.852831,3.37676,8.541688,106.505967,78909.043696
323,8.33176,3.478207,7.656645,348.90206,63403.959882
323,12.39728,4.242777,2.355264,144.482495,5999.546227
323,21.308613,5.562431,4.148807,21.677431,18615.977408
323,7.256404,3.245994,6.026898,175.672232,39285.023634
323,9.87555,3.786759,9.517638,140.586421,97971.043546
323,14.604877,4.605068,6.291698,219.567922,42812.946425
323,-17.617265,-5.057737,7.160899,304.79667,18486.435092
323,24.419904,5.954688,5.06428,311.213971,27737.975527
323,23.779314,5.876067,12.222075,274.04283,161558.292787
323,12.107189,4.192844,13.914693,71.450134,209404.769553
323,7.224952,3.238952,6.319875,261.828153,43197.267882
324,13.740299,4.466683,3.02477,141.882988,9895.189167
324,-4.189683,-2.46648,7.756125,341.702327,21687.407154
324,-15.055364,-4.67555,8.401585,212.878603,25447.230841
324,-8.706266,-3.555519,17.936888,85.800303,115987.787543
324,4.511347,2.559412,8.466492,297.154914,77525.808274
324,22.645493,5.734267,4.699533,101.79166,23886.292912
324,-22.099864,-5.664764,12.248524,96.290673,54086.090698
324,12.587332,4.275175,6.21077,220.157445,41718.643055
324,-22.836827,-5.758441,4.567448,186.793047,7520.823481
324,22.001495,5.652143,8.126912,194.50346,71431.617003
324,-8.61825,-3.537501,9.608381,55.343437,33282.698159
324,11.047035,4.005068,6.038883,260.010064,39441.423019
324,11.106608,4.015853,7.017751,267.705472,53264.180094
324,13.974979,4.504666,5.842533,304.382666,36918.295176
324,-17.168703,-4.992934,3.660337,303.334114,4830.144551
324,-5.553785,-2.83976,4.30662,341.966838,6686.38313
324,11.097477,4.014202,13.786473,223.772548,205563.361228
324,-7.071607,-3.204395,7.679973,13.371682,21263.633595
324,8.602852,3.53434,19.478365,71.182034,410340.454904
324,18.918866,5.241247,7.200185,255.918683,56069.489805
324,13.612021,4.445784,5.126363,39.787857,28422.223175
324,-12.395928,-4.242546,11.643184,304.146679,48872.168137
324,-20.35388,-5.436391,14.080215,136.583258,71472.11672
324,10.582505,3.919957,10.569477,41.513146,120822.077152
325,11.488464,4.084304,3.40186,133.25607,12516.191846
325,17.463369,5.035598,10.790735,206.707254,125933.524037
325,18.803426,5.225232,7.880998,195.70798,67174.083687
325,8.701078,3.55446,6.863716,341.841601,50951.617731
325,6.564439,3.08735,5.591229,215.452618,33810.682658
325,-17.980651,-5.109634,14.446176,207.953024,75235.686472
325,7.678788,3.33913,6.607953,223.709892,47225.130286
325,11.430426,4.073974,4.186469,355.928432,18955.49734
325,-22.375479,-5.699978,24.562932,229.518387,217509.623554
325,0.246846,0.598687,9.588024,357.423151,99425.454086
325,16.990202,4.96691,7.705233,249.751863,64211.217411
325,-2.657513,-1.964377,24.958438,162.968838,224570.58205
325,28.904068,6.478382,3.199827,256.52632,11073.689086
325,20.892521,5.507855,7.378373,135.973962,58879.009118
325,-16.244775,-4.856729,16.992248,74.898631,104092.577947
325,9.163591,3.647707,21.807275,309.45397,514330.316032
325,11.443892,4.076373,4.394013,234.332108,20881.513681
325,4.910302,2.670184,1.78981,5.789374,3464.599147
325,18.554181,5.190485,2.705633,295.615384,7917.300765
325,12.913037,4.330133,8.637314,355.169725,80685.727517
325,8.410686,3.494643,7.539661,358.196391,61481.287532
325,-9.398337,-3.694133,5.653859,73.224092,11524.12606
325,-11.840874,-4.146474,4.325267,225.505536,6744.408728
326,11.20597,4.033776,6.967922,88.109986,52510.462921
326,13.040753,4.351494,2.779699,232.639621,8356.700094
326,10.820051,3.963708,6.322081,18.656364,43227.437964
326,11.247893,4.041314,6.31107,1.425645,43076.993254
326,3.318138,2.194999,7.217399,307.633535,56337.913037
326,-11.736453,-4.12815,5.148384,320.079659,9555.64209
326,5.737289,2.886293,6.145114,66.37034,40841.266822
326,16.11756,4.837675,7.249503,167.844202,56840.234171
326,26.866653,6.245883,3.524304,281.536936,13433.406522
326,-28.438281,-6.42597,1.972727,331.386113,1402.982122
326,2.494271,1.903088,8.084573,12.337153,70689.267732
326,-11.494831,-4.085435,3.224629,236.810908,3748.674297
326,16.310979,4.866616,4.949845,238.659283,26498.578364
326,12.273979,4.221626,3.322606,354.538214,11939.795745
326,-7.845212,-3.375121,7.37327,285.106597,19599.197822
326,21.758716,5.620872,6.473254,141.30479,45319.449079
326,-2.733746,-1.992352,4.650199,84.917578,7795.809826
326,12.389874,4.24151,4.631994,44.809843,23204.667425
326,21.028264,5.525718,8.688826,255.460498,81651.013758
326,14.508555,4.589857,7.618818,147.337735,62779.019043
326,-11.715833,-4.124522,7.645612,354.98709,21073.788357
326,7.589006,3.319552,8.788192,344.528265,83529.207397
326,5.620285,2.85671,3.683348,134.11524,14673.201402
327,8.701689,3.554584,5.459661,335.750555,32238.193073
327,-22.171694,-5.673963,11.42941,349.431771,47094.011186
327,14.570586,4.599658,10.282313,242.229256,114345.994938
327,-1.979788,-1.695495,5.515163,273.271897,10965.658807
327,10.132626,3.83573,6.284011,268.511921,42708.392213
327,-9.101874,-3.635402,11.492985,231.015701,47619.384426
327,-21.769999,-5.622329,16.777551,292.409883,101478.778865
327,12.224616,4.213128,4.684056,319.567808,23729.221235
327,-22.378791,-5.7004,15.057407,330.635655,81736.954238
327,5.722756,2.882635,2.277071,284.488513,5607.798485
327,3.611859,2.29009,10.590617,238.790617,121305.890237
327,13.619725,4.447042,9.339063,291.794719,94329.151698
327,9.039971,3.623019,10.10386,183.381282,110411.413164
327,12.93821,4.334352,17.283739,69.436566,323083.478625
327,-13.715059,-4.462579,11.467696,170.351785,47410.051111
327,9.585785,3.730791,20.365119,284.8016,448552.452092
327,-15.955703,-4.813323,5.517928,220.051999,10976.659437
327,-7.581403,-3.317889,9.469679,8.334185,32328.725696
327,30.59343,6.665015,7.142652,230.150771,55177.023529
327,10.727261,3.946676,4.280816,108.619323,19819.493443
327,19.213761,5.281937,4.245492,14.83993,19493.749088
327,-0.876161,-1.127922,13.187298,9.296885,62694.536418
327,9.482786,3.710693,13.073175,13.144346,184842.358522
328,14.404141,4.573311,14.513373,275.943933,227811.721613
328,-12.428756,-4.24816,9.238852,264.654754,30771.883849
328,9.927502,3.796707,9.701289,312.856564,101788.382034
328,-5.429696,-2.807856,14.128713,115.412832,71965.326693
328,-0.670913,0.987007,4.021903,142.802582,17494.540447
328,2.287392,1.822457,11.172476,355.735759,135001.387253
328,17.203844,4.998041,14.22812,167.863798,218944.656952
328,17.779917,5.081032,10.93809,137.918886,129396.442264
328,-14.247267,-4.548339,10.935039,256.753807,43108.083869
328,12.675726,4.29016,5.06215,114.676428,27714.641625
328,-19.153257,-5.273614,2.387614,304.058652,2055.163376
328,11.555065,4.096125,4.63939,249.921118,23278.824181
328,2.443977,1.883804,7.728209,262.58486,64594.725363
328,9.234283,3.66175,9.870122,156.301746,105362.085179
328,11.252821,4.0422,6.695278,29.320348,48481.562169
328,7.921186,3.391425,6.128636,302.44495,40622.530341
328,16.392217,4.87872,12.514949,203.993785,169393.793849
328,14.465295,4.583009,12.359973,342.354631,165224.467572
328,6.210761,3.003029,9.837072,263.1876,104657.654169
328,-14.648507,-4.611941,13.994023,56.848306,70599.761556
328,7.793384,3.363954,7.329949,306.808018,58108.702839
328,-10.489165,-3.902631,7.792225,235.941127,21889.760231
329,1.685527,1.564426,12.220788,57.573554,161524.251541
329,2.594242,1.940851,4.281642,270.007771,19827.141913
329,17.644637,5.061665,13.248888,208.731894,189844.560604
329,13.923432,4.496351,4.161598,312.52748,18730.941794
329,4.614976,2.588641,6.306486,143.135398,43014.430952
329,10.469968,3.899058,2.864577,104.824577,8874.835595
329,-0.996995,1.203188,13.768836,104.701289,205037.719865
329,-2.80103,-2.016722,7.736027,322.426558,21575.158938
329,17.15368,4.990749,16.13268,249.184009,281483.129891
329,-16.628478,-4.913753,4.331706,312.219312,6764.504633
329,20.529178,5.459751,5.211006,68.429938,29368.551579
329,-15.948183,-4.812189,4.930729,3.232593,8764.765198
329,25.194092,6.048343,9.161534,256.845412,90776.983835
329,-4.51254,-2.55975,4.738441,285.259981,8094.480695
329,13.21461,4.380405,7.236673,99.651392,56639.22334
329,22.334622,5.694772,11.765383,305.12367,149710.234473
329,10.405936,3.887117,11.666943,157.801335,147215.489279
329,6.439328,3.057788,4.07325,287.88195,17944.090257
329,11.25079,4.041835,6.034471,358.650364,39383.815796
329,13.37772,4.407356,6.407845,354.403156,44408.215287
329,8.654665,3.544967,2.350047,5.748614,5972.999645
329,-8.123659,-3.434495,6.127664,217.262376,13536.549163
330,17.860698,5.092561,5.521792,106.870889,32976.107808
330,-19.174112,-5.276485,2.592814,275.402963,2423.599489
330,12.27536,4.221863,3.653313,199.588407,14434.875286
330,-14.603488,-4.604848,3.576379,83.832478,4611.107257
330,-7.513762,-3.303055,3.042492,171.888666,3337.15917
330,-5.66903,-2.869072,8.678319,46.719029,27151.21417
330,10.27889,3.863315,3.262716,43.27487,11513.247145
330,-11.487973,-4.084216,5.8781,165.106769,12456.382768
330,9.296102,3.673986,7.236223,275.60364,56632.171883
330,5.338508,2.784178,6.49668,131.69275,45648.054413
330,-2.56386,1.929453,7.250177,116.983962,56850.794315
330,6.140626,2.986024,13.280749,95.200974,190758.744692
330,13.530301,4.432419,5.624809,307.939135,34218.015732
330,-12.727526,-4.298917,4.620425,286.484709,7696.300349
330,-15.747689,-4.781845,2.407543,52.839533,2089.614713
330,19.410221,5.308872,11.835454,314.503016,151498.797163
330,6.479349,3.067275,16.527735,273.069288,295437.779611
330,12.673891,4.289849,17.808025,247.188113,342981.62822
330,20.815287,5.497665,3.667793,20.726634,14549.527107
330,6.809709,3.144498,5.074924,185.948192,27854.697833
330,5.06383,2.711606,5.716076,269.063381,35337.460024
331,5.546098,2.837794,5.42277,153.33997,31803.997387
331,16.325152,4.86873,11.861695,244.457952,152171.328799
331,7.138558,3.219529,7.788713,237.898669,65610.10722
331,2.961049,2.073528,5.856161,249.798764,37090.731335
331,-7.416044,-3.281506,2.589694,206.509848,2417.770219
331,15.771517,4.785461,2.486248,311.056996,6685.412074
331,10.941374,3.985869,8.930428,350.78092,86254.91626
331,10.230019,3.85412,7.803471,298.426906,65858.982263
331,9.523539,3.718658,4.312473,189.186257,20113.706458
331,9.501373,3.714328,4.055475,301.403742,17787.825676
331,0.562772,0.903969,5.990899,7.941747,38817.1186
331,4.406386,2.529463,6.371737,239.608349,43909.143598
331,16.190502,4.848609,7.048233,54.216146,53727.893754
331,8.981487,3.61128,5.122973,313.138137,28384.640716
331,-14.300215,-4.556783,9.492781,65.994656,32486.655322
331,4.7928,2.638042,10.089166,149.895537,110090.507463
331,-14.390142,-4.571088,4.34044,352.252411,6791.809608
331,6.604744,3.096813,5.623791,358.306975,34205.639737
331,14.632464,4.609415,7.214241,35.739526,56288.623155
331,0.80339,1.080066,7.202393,214.131581,56103.891313
331,-6.280266,-3.019785,9.827728,141.496574,34819.64568
332,11.582489,4.100983,6.748827,27.764069,49260.177967
332,13.805262,4.47723,7.982949,2.681434,68923.297195
332,-15.964941,-4.814716,6.170152,99.771093,13724.918671
332,14.510924,4.590231,4.271801,171.135659,19736.100839
332,13.87015,4.487739,3.825532,254.763956,15827.892848
332,10.064356,3.822787,5.121276,297.448337,28365.837543
332,17.836402,5.089096,6.916444,172.424041,51737.452893
332,15.481953,4.741327,3.560252,207.887246,13708.842246
332,13.450543,4.419335,5.028889,78.744456,27351.646562
332,13.092224,4.360073,6.282686,25.789307,42690.376633
332,8.251868,3.461491,8.933335,47.591699,86311.078309
332,-1.065611,1.243903,2.453692,113.326512,6511.476051
332,9.460352,3.706301,11.617206,150.29171,145962.983081
332,13.293087,4.393392,2.25674,314.5039,5508.107448
332,14.673023,4.615799,6.272459,9.878782,42551.516526
332,10.277746,3.8631,6.995521,157.679462,52927.265476
332,-11.790247,-4.1376,4.030358,113.636369,5856.055987
332,17.428188,5.030523,6.797545,123.916863,49973.924192
332,21.645824,5.606271,6.02601,85.444055,39273.447662
332,12.735212,4.300215,7.74984,167.482741,64956.825282
333,4.767636,2.631108,6.502429,258.856268,45728.878348
333,-8.426748,-3.497978,27.07453,138.090086,264265.174054
333,10.528479,3.909938,7.684359,138.29424,63863.784706
333,5.268166,2.765774,8.290535,265.794725,74336.908354
333,18.916588,5.240931,9.014655,172.546968,87889.604492
333,11.873682,4.152214,20.392206,196.641487,449746.464408
333,-13.575209,-4.439768,13.915937,245.459506,69814.072157
333,15.510208,4.745652,3.734969,242.779452,15087.360654
333,-15.174762,-4.694053,2.312617,20.563927,1928.081544
333,17.422119,5.029647,3.299559,139.722163,11774.737197
333,10.454069,3.896097,9.120796,325.605119,89971.46368
333,14.208454,4.542139,5.942162,124.716938,38188.116444
333,17.421492,5.029557,3.52512,174.97402,13439.624769
333,-13.989465,-4.507,6.087871,324.032516,13361.30968
333,7.642426,3.331215,20.511725,239.686726,455033.842073
333,-15.410105,-4.730313,8.891878,295.675577,28503.949312
333,12.898256,4.327654,16.617516,149.737243,298656.204883
333,-8.252552,-3.461634,3.764024,135.47754,5107.669567
333,16.019601,4.822951,24.728111,129.710599,661334.561235
334,-5.819305,-2.90685,4.769123,176.49047,8199.646443
334,8.713135,3.556921,7.968147,299.026629,68667.936092
334,14.262522,4.550773,3.147474,130.657179,10714.296409
334,8.179416,3.446261,10.121875,246.798925,110805.492063
334,18.810879,5.226267,6.642796,223.507046,47724.48061
334,18.484913,5.180787,3.486843,314.460561,13149.342124
334,-10.743362,-3.949637,7.720138,190.48477,21486.624449
334,12.202304,4.209281,4.931299,344.164553,26300.380527
334,18.334576,5.159677,4.800471,328.488037,24923.385088
334,-13.429905,-4.415944,5.648156,82.696496,11500.888294
334,20.528506,5.459662,5.606315,141.666999,33993.380439
334,-18.530672,-5.187196,10.630822,350.058745,40742.883467
334,-10.91562,-3.981175,7.051238,199.349235,17924.571366
334,17.629007,5.059423,3.642031,58.309625,14345.862993
334,-18.797079,-5.22435,5.757845,126.162071,11951.930265
334,9.526088,3.719156,4.810316,299.867195,25025.713899
334,13.708131,4.461451,3.439529,75.766491,12794.908949
334,-11.457111,-4.078727,4.541445,149.220195,7435.43202
334,-10.967076,-3.990547,3.944558,190.903454,5609.379719
335,11.345396,4.058793,7.57871,357.268209,62119.784981
335,3.575457,2.27852,4.400053,315.585817,20938.958124
335,13.527524,4.431964,6.835406,184.302071,50532.17701
335,-20.387655,-5.440899,2.360345,303.326319,2008.486464
335,9.972486,3.805299,5.974432,7.939082,38604.021573
335,4.786097,2.636197,10.729831,61.37995,124515.987353
335,-2.609525,-1.94656,17.874627,43.259277,115183.969517
335,6.154348,2.989359,10.189453,313.425771,112289.99753
335,8.075211,3.424238,5.334618,354.346694,30778.399687
335,16.111347,4.836743,9.977658,187.768393,107670.449496
335,21.878084,5.636269,7.191178,167.030753,55929.298694
335,5.478105,2.820345,24.272031,352.987394,637164.513105
335,13.356204,4.40381,5.173321,2.294713,28945.308105
335,13.221246,4.381504,1.824655,211.598778,3600.815002
335,8.561919,3.525921,4.968234,167.746513,26695.828393
335,9.330055,3.680689,8.069123,186.429004,70419.349539
335,6.518657,3.076565,4.784534,48.341617,24758.172761
335,19.751018,5.355275,5.443058,320.98849,32042.41304
336,7.685461,3.340581,6.820622,71.499199,50313.824082
336,27.190498,6.283413,6.686477,92.336493,48354.183601
336,13.741379,4.466859,5.647556,346.979998,34495.337365
336,12.513405,4.262602,5.87442,63.457916,37322.385024
336,-4.795763,-2.638857,11.301136,259.914907,46042.855344
336,20.875524,5.505614,8.141209,9.874745,71683.159167
336,9.006156,3.616236,8.162185,26.961341,72053.026863
336,10.748383,3.95056,5.808745,43.802679,36492.525471
336,10.794329,3.958994,4.944401,29.024349,26440.317186
336,8.607403,3.535274,4.846775,103.355678,25406.514781
336,13.976208,4.504864,2.097012,90.510151,4755.992882
336,-11.646293,-4.112263,9.693628,203.362337,33875.895476
336,-12.046445,-4.182313,7.057287,317.913993,17955.338424
336,17.715172,5.071772,5.391013,243.577782,31432.588124
336,-22.667531,-5.737057,8.650031,255.391207,26974.501435
336,8.26205,3.463626,4.686805,160.420479,23757.079355
336,6.055294,2.965205,4.964623,23.268591,26657.036372
336,-8.437692,-3.500248,10.01186,306.825314,36136.628272
337,19.285751,5.291823,13.297254,48.09354,191233.196827
337,8.265229,3.464292,8.450934,270.217951,77241.154914
337,9.179523,3.650876,3.278412,100.821161,11624.285918
337,15.64137,4.765675,3.724959,279.711501,15006.603392
337,10.702131,3.942051,7.231493,10.527969,56558.159194
337,-0.968281,-1.185736,5.243769,111.27815,9913.000677
337,6.14593,2.987314,5.725964,164.455177,35459.824931
337,18.441955,5.174764,2.740269,108.476792,8121.303427
337,18.634673,5.201731,7.773864,248.149809,65360.18177
337,9.529332,3.719789,4.515103,224.665158,22048.274136
337,12.697529,4.293848,7.220069,37.01428,56379.602648
337,7.462626,3.291796,6.743994,23.992842,49189.646241
337,-13.73301,-4.465498,8.392693,41.82817,25393.39512
337,14.105798,4.525701,2.181355,134.979002,5146.264387
337,7.380733,3.273684,7.475473,352.791163,60438.913889
337,19.945839,5.381622,7.373967,326.083155,58808.722023
337,6.330209,3.031769,14.946799,345.663312,241621.587362
338,10.897219,3.977818,5.733408,164.155012,35552.075764
338,12.139054,4.198358,2.863132,52.568976,8865.886868
338,0.155443,-0.475086,15.643911,129.508479,88228.472311
338,5.100764,2.721477,12.300919,276.921177,163649.422052
338,-6.511042,-3.074768,10.417762,197.669391,39126.137073
338,11.777941,4.13544,9.382117,41.001679,95200.893608
338,17.624114,5.058721,4.718649,302.390364,24081.006039
338,13.833311,4.481776,6.389796,228.760605,44158.394332
338,-12.712541,-4.296385,16.453136,323.70607,97592.280561
338,-12.01099,-4.176153,7.644185,152.016769,21065.923593
338,20.049364,5.39557,9.438482,280.615955,96348.200633
338,-4.722643,-2.618663,6.132268,99.081062,13556.900246
338,7.747383,3.354012,9.933986,37.408492,106729.976314
338,10.907997,3.979785,4.034839,85.193408,17607.262696
338,2.175159,1.777184,2.18785,61.977944,5176.956013
338,11.496362,4.085707,5.761869,351.126639,35905.928467
339,18.066018,5.121749,5.35121,322.884011,30970.145821
339,6.033562,2.959879,6.001162,172.43788,38950.234265
339,20.999227,5.521902,3.009936,140.505883,9798.372858
339,16.52244,4.89806,2.185538,322.671266,5166.020102
339,12.956313,4.337383,7.156183,293.871245,55386.278222
339,9.336959,3.682051,5.591186,127.977934,33810.163701
339,16.191346,4.848736,4.898079,10.849952,25947.228209
339,9.314388,3.677598,24.09558,62.161617,627934.148586
339,17.179735,4.994537,2.950309,316.68236,9414.005956
339,7.068224,3.203629,8.368551,11.254606,75742.533582
339,9.428369,3.700031,10.626512,86.310817,122129.552479
339,15.445638,4.735763,4.16847,181.794602,18792.848315
339,8.901487,3.595161,6.495972,48.95335,45638.107031
339,13.053417,4.353606,11.19362,75.31915,135512.84559
339,-20.767316,-5.491326,18.665949,198.753596,125608.273516
339,-15.986426,-4.817955,8.341357,146.427067,25083.692648
340,-0.914899,1.152587,8.327869,24.66458,75007.914031
340,-9.967168,-3.804284,3.943067,135.47633,5605.138085
340,11.086651,4.012243,7.469299,211.768843,60339.123436
340,-8.013457,-3.41112,15.732388,49.125028,89229.275246
340,-27.002132,-6.261611,2.957799,187.637906,3153.95516
340,21.640737,5.605613,13.414827,46.493148,194629.87319
340,10.34046,3.874869,4.858989,19.051967,25534.721125
340,6.769118,3.135112,5.172428,317.103295,28935.317743
340,7.317485,3.259627,5.754698,68.709042,35816.599066
340,15.544995,4.750971,9.370096,133.740951,94957.102951
340,11.495259,4.085511,6.701168,319.178295,48566.893594
340,13.967748,4.503501,6.442125,269.294592,44884.634024
340,13.606652,4.444907,2.627156,166.909048,7464.676223
340,14.041184,4.515324,8.780745,78.403539,83387.709004
340,14.513991,4.590716,3.918125,78.995635,16603.359059
341,-10.12127,-3.83358,8.395717,250.798327,25411.698323
341,12.906848,4.329095,5.299573,132.789597,30375.340849
341,3.205748,2.157505,7.045214,38.598521,53681.884407
341,16.931651,4.958344,8.628681,318.866079,80524.524928
341,6.589954,3.093344,8.294572,30.528872,74409.319612
341,-15.991904,-4.81878,8.786706,275.263126,27833.6543
341,6.815483,3.145831,6.484953,2.346539,45483.412885
341,13.76185,4.470185,8.437879,129.626383,77002.686141
341,7.017978,3.192222,6.645351,330.748706,47761.197299
341,6.357388,3.03827,8.7328,167.9636,82479.563263
341,3.94766,2.394181,5.954418,315.634365,38345.808425
341,-15.182465,-4.695244,5.802284,284.094963,12137.130796
341,18.118407,5.12917,8.216683,76.726809,73018.412312
341,3.046102,2.103097,5.441616,49.33997,32025.436939
342,10.552455,3.914387,5.264008,344.372972,29969.009182
342,-17.405965,-5.027315,7.905129,249.968048,22528.690509
342,9.6258,3.73857,3.92617,339.055044,16671.612953
342,12.001969,4.174585,4.567972,159.471343,22567.64484
342,7.703342,3.344465,15.671062,110.34211,265604.964748
342,15.705706,4.775466,6.438618,274.436825,44835.768439
342,-13.097568,-4.360963,6.813662,9.331692,16737.064079
342,-11.333808,-4.056719,11.109988,175.620508,44498.490614
342,7.80285,3.365997,7.975011,85.421112,68786.29801
342,11.333687,4.056698,12.4131,10.245781,166647.899561
342,15.234626,4.703303,6.413643,348.9618,44488.610615
342,-11.484238,-4.083552,2.805728,256.6206,2837.97906
342,11.331422,4.056292,7.594604,311.929136,62380.601886
342,11.063613,4.008072,6.132055,155.564632,40667.8699
343,-5.042545,-2.705901,13.220543,53.081945,63011.040275
343,15.112416,4.6844,5.71561,17.091716,35331.693232
343,-13.630195,-4.448751,7.182001,43.08174,18595.546666
343,18.288024,5.153122,5.238568,157.231397,29680.045963
343,0.903945,1.145666,8.89735,161.126668,85617.139806
343,4.395903,-2.526452,4.107335,115.873338,6081.885783
343,10.935677,3.984831,11.611549,190.900871,145820.866796
343,-3.296303,-2.187765,1.64223,191.218214,972.268192
343,13.304896,4.395343,10.367787,220.878028,116254.952121
343,10.046273,3.819351,8.662991,308.239433,81166.177953
343,9.803691,3.772957,11.453145,197.521708,141869.448471
343,16.526063,4.898597,8.296002,76.212171,74434.965823
343,10.673174,3.936714,2.184681,304.197687,5161.96972
344,8.366968,3.485548,11.17468,251.490943,135054.633426
344,-9.572746,-3.728252,6.222421,310.701749,13958.440945
344,-7.022331,-3.193212,3.477524,295.549793,4359.716555
344,3.212147,2.159657,6.741706,231.966532,49156.269315
344,-8.988388,-3.612667,10.802792,67.391128,42071.706845
344,-6.882544,3.16127,11.06048,73.989677,132308.366632
344,10.118698,3.833093,11.505321,25.385464,143164.975834
344,3.760639,2.33678,5.78161,96.929506,36152.385248
344,11.576617,4.099944,4.415026,357.30303,21081.713196
344,-8.633665,-3.540663,4.19904,145.480082,6356.500677
344,12.925734,4.332261,7.807313,151.024456,65923.839814
344,-10.480691,-3.901054,3.306759,64.263243,3942.060464
345,15.773101,4.785701,3.695883,326.816339,14773.240714
345,-3.167474,2.144587,10.449482,329.453442,118094.288075
345,2.123325,1.755882,9.086489,98.502644,89295.905704
345,7.285761,3.252554,3.076238,224.842242,10234.797937
345,8.791034,3.572786,11.46277,253.65725,142107.991306
345,2.897797,2.051261,14.038072,222.589817,213134.754784
345,-7.804687,-3.366393,4.347533,323.732945,6814.025933
345,-12.15655,-4.201382,14.652091,14.033718,77395.777549
345,12.00686,4.175435,16.381081,51.011414,290218.082239
345,3.909614,2.382616,12.560448,91.722574,170627.733953
345,12.434669,4.24917,12.940758,175.854445,181116.801422
345,8.879508,3.59072,20.672085,235.869242,462176.535784
346,-0.002564,0.061013,5.43991,304.77129,32005.361087
346,4.219793,2.475327,6.342648,215.261926,43509.149212
346,-4.694252,-2.61078,4.857332,307.187974,8505.771014
346,9.481329,3.710408,7.617673,5.263944,62760.153258
346,11.483181,4.083365,3.253518,220.338254,11448.426186
346,7.954873,3.398628,9.687409,272.549337,101497.324029
346,-20.763457,-5.490816,8.55232,339.20249,26368.535188
346,-7.494447,-3.298807,6.383447,251.519162,14690.230909
346,13.579296,4.440437,5.082866,2.865825,27941.947605
346,12.900549,4.328039,9.017256,111.598109,87940.342071
346,-0.954551,1.177298,9.451299,129.900067,96610.063093
347,-11.62476,-4.10846,3.245725,278.499773,3797.881518
347,8.421039,3.496793,5.90683,142.181121,37735.346854
347,-9.491229,-3.712345,14.640676,264.834554,77275.235056
347,4.258074,2.48653,5.925259,208.888879,37971.170971
347,-2.500151,1.90533,3.446113,179.881782,12843.939628
347,12.296235,4.225451,8.216708,257.811869,73018.85981
347,9.87388,3.786439,7.034138,165.891896,53513.221029
347,13.424854,4.415113,3.076576,5.564886,10237.047116
347,14.909446,4.652837,2.5895,169.097696,7252.223643
347,-9.390919,-3.692675,20.218844,329.336723,147377.345592
347,7.095798,3.209872,4.871267,61.04853,25663.934388
348,1.805067,1.618951,9.106488,317.206774,89689.419499
348,2.256122,1.809957,8.608221,178.353743,80143.097444
348,9.226537,3.660213,7.390051,170.455213,59065.550353
348,-8.621083,-3.538083,2.455458,79.895708,2173.617324
348,9.300576,3.67487,13.268206,204.647584,190398.589436
348,7.286334,3.252682,2.768733,266.71221,8290.894056
348,11.75758,4.131864,13.660525,58.194257,201824.614635
348,-9.506326,-3.715296,9.746735,185.063829,34248.091005
348,10.880216,3.974713,2.688077,110.556857,7814.885025
348,11.958086,4.166946,11.874777,153.601255,152507.159581
349,15.866244,4.799811,5.56777,59.234301,33527.556802
349,4.153884,2.45592,3.917587,129.754669,16598.801803
349,17.638859,5.060836,5.51083,333.097807,32845.315485
349,-6.985176,-3.184753,19.211389,267.071299,133056.348977
349,18.025126,5.115949,8.196056,21.620661,72652.260507
349,-7.744659,-3.353422,5.955094,110.624347,12784.839827
349,-10.758323,-3.952386,4.588798,233.232875,7591.295114
349,-7.82164,-3.370047,1.779707,53.906562,1141.866203
349,6.80526,3.143471,13.96795,15.7055,211010.791729
350,-9.733835,-3.759491,3.616125,192.896046,4714.167617
350,-3.775153,-2.341285,9.087527,322.692153,29772.10461
350,7.285472,3.25249,4.205936,27.444553,19132.187042
350,13.509363,4.428988,5.28743,294.96714,30236.296456
350,8.004738,3.409264,9.607431,6.811681,99828.343093
350,22.799962,5.753791,2.939032,332.762694,9342.172929
350,-10.511229,-3.906734,5.242283,116.848017,9907.38245
350,10.041964,3.818531,4.056431,181.620033,17796.207112
350,8.570396,3.527666,2.284381,319.392671,5643.863279
351,17.61611,5.057572,2.69767,235.272751,7870.765385
351,7.039504,3.197114,2.620276,65.266444,7425.631632
351,-7.601941,-3.32238,8.079238,132.257952,23532.001064
351,5.367476,2.791722,8.350983,40.282035,75424.863173
351,4.78894,2.636979,8.672018,290.581395,81335.403458
351,-12.842393,-4.318272,4.383167,195.371887,6926.184961
351,5.153967,2.735633,9.911788,50.645868,106253.53076
351,-6.889686,-3.16291,18.197131,111.398688,119377.893239
352,3.019885,2.094027,3.301296,4.310012,11787.133784
352,13.338125,4.400828,8.802389,184.362961,83799.314268
352,-10.712007,-3.943869,12.532221,205.755394,56620.562546
352,9.156862,3.646367,6.446638,8.309245,44947.534023
352,16.328323,4.869203,2.405706,207.50483,6259.27843
352,11.692969,4.120496,8.319481,173.440354,74856.902423
352,-7.4257,-3.283642,4.649247,82.848726,7792.617064
353,8.199985,3.450592,4.65468,212.838465,23432.519058
353,-9.54193,-3.722247,6.85981,26.596319,16964.547466
353,9.431367,3.700619,6.685315,137.839814,48337.378541
353,8.465844,3.506083,12.6497,150.401001,173061.218859
353,10.048607,3.819794,18.201506,41.248099,358305.900209
353,9.118543,3.63873,4.454972,138.436788,21464.919697
353,-9.237955,-3.662478,4.847193,109.16138,8470.297295
354,12.858361,4.320956,6.641521,56.677266,47706.155214
354,8.27105,3.465512,8.919279,283.130571,86039.695781
354,9.846003,3.78109,6.140662,226.146507,40782.117539
354,-8.018756,-3.412248,5.431053,71.080378,10633.742657
354,-11.972949,-4.169535,2.528348,234.468359,2304.580841
354,-4.701016,-2.61266,6.108488,114.318843,13451.956669
355,8.774553,3.569436,39.674033,309.733308,1702362.436628
355,0.37705,0.739923,8.195864,32.397605,72648.865476
355,-10.179905,-3.844669,6.978411,102.051214,17556.228065
355,13.548026,4.435321,4.828162,305.260893,25211.745376
355,-2.222627,1.796472,5.051956,171.352389,27603.139043
355,10.719044,3.945164,23.226872,352.126431,583473.022219
356,9.175257,3.650028,6.141744,127.743145,40796.479662
356,9.100291,3.635086,22.071647,0.933962,526876.482296
356,5.859499,2.916871,8.806389,172.120949,83875.482767
356,9.472467,3.708674,3.491678,348.205109,13185.839122
356,-8.59824,-3.533392,16.568045,115.492868,98960.205615
357,5.839448,2.911876,4.009324,38.639403,17385.281409
357,12.739584,4.300953,6.319131,19.58812,43187.098221
357,-10.668183,-3.935793,7.703734,316.364886,21395.408621
357,11.05005,4.005615,5.19607,167.236013,29200.434086
357,4.250705,2.484377,3.497401,82.35999,13229.097866
358,6.542238,3.082125,4.049555,54.843316,17735.933013
358,13.111741,4.363322,16.38255,13.165687,290270.131729
358,-16.292811,-4.863905,10.100106,51.828329,36776.463987
358,7.345294,3.265815,6.629697,280.518137,47536.438444
359,3.468333,2.244127,1.253251,217.2828,1698.694169
359,13.510166,4.429119,6.700277,327.804582,48553.982065
359,12.184316,4.206178,3.415814,299.553678,12619.078432
359,18.580596,5.194179,6.40905,139.681307,44424.923773
360,7.593157,3.32046,4.814316,125.701874,25067.356564
360,9.510205,3.716054,8.448257,150.927823,77192.224616
360,3.782269,2.343491,8.387634,86.156284,76088.365233
361,-13.386665,-4.408829,4.913801,8.863623,8704.687488
361,12.561224,4.270739,9.287277,345.831908,93285.92621
361,12.592929,4.276125,6.087628,34.658808,40080.723411
362,11.660828,4.114829,13.971713,250.24543,211124.517493
362,10.857135,3.970495,4.51959,55.613113,22092.121958
363,12.309743,4.227772,13.561093,263.914127,198897.237336
363,7.103859,3.211694,5.240553,271.886285,29702.540222
364,5.762852,2.892716,9.109524,114.70167,89749.218715
364,5.368566,2.792005,5.947006,317.909033,38250.406231
365,6.227652,3.007109,4.387458,30.438796,20819.26261
366,4.034973,2.420513,6.374797,266.797174,43951.326697
367,-10.896278,-3.977646,9.137716,60.197021,30101.863892
386,20.952488,-6.316797,8.132201,338.992065,71524.622748
387,20.083709,-6.184449,6.973903,218.818817,52600.648686
388,20.861164,-6.303015,10.618049,39.418236,121935.104449
389,13.94668,-5.153645,6.920714,25.454434,51801.358893
390,21.084823,-6.336713,8.104835,356.814041,71044.043418
391,19.371081,-6.073737,5.596043,359.593041,33868.926831
391,-26.165513,7.059009,17.208182,195.686456,106754.963268
392,25.770307,-7.005496,6.406395,235.4064,44388.11696
392,21.706721,-6.429485,4.837251,329.321636,25306.765938
393,20.404627,-6.233664,22.349654,104.931679,540232.802304
393,24.845336,-6.878623,2.515802,26.130186,6845.296632
394,16.879523,-5.669688,13.37572,198.016273,193496.751164
394,-11.655505,4.711342,6.130024,173.107077,13546.978364
394,-25.47241,6.964887,6.118184,237.810245,13494.695056
395,18.280046,-5.900214,4.569245,115.474121,22580.2206
395,15.631067,-5.455988,4.576875,242.054213,22655.702071
395,19.917632,-6.158826,10.286037,221.486034,114428.835087
396,25.914982,-7.025133,4.221194,75.318923,19271.253898
396,30.100881,-7.571269,11.025105,141.110374,131463.380255
396,-32.379697,7.852636,9.962939,138.240037,35784.338756
397,25.830222,-7.013635,1.660912,359.141295,2983.544945
397,24.252752,-6.796098,18.383717,239.40233,365515.66406
397,23.456506,-6.683605,16.11991,29.326494,281037.69401
397,-18.058416,5.864337,3.442655,57.704942,4272.727028
398,20.361816,-6.227122,6.173948,44.812538,41225.440547
398,20.097972,-6.186645,5.042835,269.730777,27503.55455
398,-21.62101,6.416779,5.145227,222.902386,9543.928314
398,31.210865,-7.709603,5.030292,74.909522,27366.912799
399,21.862529,-6.452519,6.287742,246.619921,42759.117347
399,-21.793736,6.442359,8.62525,175.611336,26820.165115
399,25.718696,-6.998477,7.241138,25.151771,56709.122223
399,19.638026,-6.115444,9.396172,79.45893,95486.335903
400,22.966811,-6.613471,4.120655,187.891776,18364.192732
400,18.294414,-5.902532,5.747893,289.786259,35731.94494
400,23.25466,-6.654786,3.055306,142.950343,10095.987568
400,16.826639,-5.6608,12.38647,8.941993,165933.643529
400,-17.794332,5.821299,3.596417,248.431022,4662.922216
401,16.684467,-5.636834,5.415687,164.20551,31720.964523
401,11.734465,-4.727274,4.462683,57.496524,21539.292526
401,19.770773,-6.136079,8.727899,250.024313,82387.01239
401,18.553992,-5.94426,6.2799,98.859432,42652.53223
401,15.719208,-5.471349,11.029049,332.518328,131557.444067
402,-19.209499,6.048353,8.078276,120.73255,23526.401536
402,27.612888,-7.251619,12.869216,96.497616,179119.757644
402,25.610651,-6.983761,7.132853,237.175442,55025.744513
402,32.130338,-7.822341,8.674603,48.639342,81383.91499
402,16.915601,-5.675744,2.523909,282.017482,6889.484674
402,21.708864,-6.429802,5.645456,129.679082,34469.693941
403,24.799826,-6.87232,13.336774,349.4466,192371.571738
403,24.669436,-6.85423,8.944648,73.928698,86529.820355
403,-22.854535,6.597286,4.173483,345.791231,6279.359018
403,21.357934,-6.377621,6.5658,91.835772,46624.541705
403,-20.356602,6.226324,9.375834,215.928437,31691.14536
403,9.012886,-4.142963,9.785361,52.147158,103560.243119
404,23.489444,-6.688296,6.114681,305.631011,40437.752524
404,23.834708,-6.737271,13.305858,283.22438,191480.730815
404,26.52596,-7.107464,13.713551,31.393714,203394.498921
404,31.272089,-7.71716,6.025237,262.945134,39263.368166
404,8.559378,-4.037385,4.145313,99.855281,18584.633557
404,-15.347609,5.406291,5.100023,6.054041,9376.966539
405,20.871843,-6.304628,8.930836,358.846812,86262.800868
405,20.062202,-6.181137,5.629884,331.522234,34279.800469
405,19.444396,-6.085221,3.955124,181.592563,16918.411558
405,26.636581,-7.122268,5.595387,235.027933,33860.99062
405,21.523454,-6.402286,5.985383,105.037721,38745.672209
405,24.141837,-6.780539,6.867598,37.253819,51009.268375
405,22.94833,-6.610809,2.439591,31.339193,6436.849398
406,25.763198,-7.00453,7.286654,109.853594,57424.292024
406,19.131973,-6.036135,14.665527,37.692421,232613.370254
406,25.642519,-6.988105,6.979705,139.901184,52688.206255
406,23.014048,-6.620268,8.131528,247.154858,71512.774135
406,15.082349,-5.359368,5.932664,337.148421,38066.145513
406,-21.324803,6.372672,2.876714,216.03481,2983.400593
406,16.875383,-5.668993,11.154679,344.129505,134571.618938
407,-29.07393,7.440994,2.652272,242.88018,2536.02846
407,18.221218,-5.890712,8.016468,192.675281,69503.302785
407,23.168225,-6.642407,4.301507,2.592068,20011.541486
407,21.254307,-6.36213,15.367378,13.643924,255410.589151
407,-16.46108,5.598971,11.18374,110.834855,45091.245723
407,23.048055,-6.625158,3.021753,4.283916,9875.461117
407,20.967309,-6.31903,8.50285,151.512165,78193.084175
407,9.317616,-4.212418,5.460451,5.04757,32247.524102
408,12.164054,-4.813026,6.901311,102.142327,51511.295569
408,-17.982969,5.852074,9.365346,268.86667,31620.278469
408,18.176828,-5.883532,6.603675,308.808572,47164.002467
408,19.360168,-6.072026,6.681158,347.590727,48277.284885
408,27.719893,-7.265656,13.384745,198.369344,193757.941717
408,12.194692,-4.819084,7.994761,65.465395,69127.407257
408,18.260194,-5.897009,4.16685,325.454307,18778.251985
408,20.172718,-6.198139,5.386291,226.298286,31377.550188
409,26.823976,-7.147278,1.819856,15.761015,3581.900859
409,8.679889,-4.065708,9.084708,46.696235,89260.90551
409,21.798671,-6.443089,2.545316,259.608935,7006.847881
409,19.114241,-6.033337,3.254551,41.139769,11455.696505
409,24.120392,-6.777527,8.08433,147.94813,70685.021689
409,-25.531274,6.97293,3.851044,295.724108,5346.566348
409,10.13103,-4.39244,5.801995,262.985495,36407.772227
409,18.000779,-5.854971,8.714574,177.20644,82135.64665
409,30.50901,-7.622425,12.334892,266.296988,164554.590519
410,14.563369,-5.266354,9.959536,331.410339,107279.69935
410,14.484737,-5.252117,7.560199,94.335641,61816.694047
410,-24.266991,6.798092,6.28623,215.360717,14246.184388
410,-25.010029,6.901384,3.811523,208.334274,5237.392761
410,-23.994273,6.759785,9.571465,294.360026,33027.43632
410,17.402095,-5.756783,6.111551,171.518282,40396.359799
410,23.799034,-6.732227,6.088955,101.609762,40098.197915
410,20.082147,-6.184209,7.440005,282.256766,59866.758636
410,22.782102,-6.586823,12.17464,266.543816,160306.671964
411,17.921754,-5.842105,4.177851,79.829028,18877.529149
411,-14.20144,5.200502,4.749486,108.761923,8132.260729
411,-25.050332,6.906942,3.053394,172.030417,3361.117565
411,-16.256403,5.564054,2.111443,57.283267,1607.225884
411,13.668248,-5.101942,15.773991,148.389979,269105.466907
411,13.753919,-5.117906,5.449045,18.18323,32112.94395
411,-12.384536,4.85645,3.080117,76.078568,3420.208674
411,21.379912,-6.380902,9.121718,277.612975,89989.654741
411,-26.548103,7.110429,7.863976,131.757097,22294.740408
412,23.399089,-6.67542,13.33674,221.196843,192370.587994
412,10.290537,-4.426884,16.07223,8.410033,279377.633317
412,17.8596,-5.831966,3.914889,317.948915,16575.945911
412,11.972232,-4.774926,2.711,171.088366,7948.743848
412,-19.105291,6.031925,2.886468,154.957314,3003.665254
412,22.615951,-6.56276,4.313731,178.189673,20125.447086
412,-23.481376,6.687147,6.920172,38.052467,17264.412669
412,12.903588,-4.957176,19.371575,349.716735,405853.416235
412,-19.306725,6.06364,6.132501,163.251369,13557.926419
412,19.666116,-6.119816,2.355321,69.892872,5999.839843
413,27.668259,-7.258886,3.450135,301.801195,12873.937416
413,30.651788,-7.64024,3.778553,9.873593,15441.530067
413,30.174933,-7.580577,8.445637,300.629051,77144.351949
413,15.153878,-5.372062,9.87787,263.770433,105527.572844
413,23.175544,-6.643456,5.074865,257.901819,27854.043602
413,-18.645708,5.958933,9.614598,337.65865,33325.783259
413,21.193163,-6.352972,3.654431,116.763731,14443.713685
413,24.523287,-6.833897,5.678455,275.420608,34873.840251
413,18.995848,-6.014623,5.513159,71.2383,32873.071968
413,21.785996,-6.441215,7.056538,343.816975,53854.584892
414,12.231789,-4.826408,3.009368,245.720377,9794.669962
414,10.289171,-4.42659,4.955414,279.713923,26558.235094
414,-16.36685,5.582923,5.340237,34.468447,10281.090575
414,18.161974,-5.881128,7.215646,250.503593,56310.547279
414,15.888869,-5.500797,4.907516,255.607194,26047.300828
414,12.725579,-4.922864,1.911192,56.146635,3950.464211
414,15.454138,-5.425022,4.798453,197.406943,24902.437178
414,18.50327,-5.936129,17.576058,99.808038,334104.46661
414,23.226832,-6.650803,4.827828,225.77222,25208.260947
414,-25.049954,6.90689,9.675967,323.695187,33752.569339
414,19.141464,-6.037632,5.41028,154.38989,31657.656942
415,17.000749,-5.690011,6.057987,31.537463,39691.359555
415,20.327456,-6.221865,4.086262,20.119074,18058.921656
415,21.256247,-6.362421,3.331315,213.412372,12002.471444
415,-19.938614,6.162069,4.991447,115.009389,8981.958191
415,-13.404255,5.052431,14.00203,353.769291,70680.578276
415,15.844091,-5.49304,6.20032,188.568947,41578.378925
415,23.363646,-6.670362,7.058125,82.975418,53878.812617
415,21.816629,-6.445742,11.654257,78.782093,146895.504277
415,18.999543,-6.015208,6.397945,171.030396,44271.103212
415,-23.024,6.6217,6.67993,37.679272,16086.512633
415,-13.799921,5.126458,10.37947,294.598382,38839.032835
416,32.951991,-7.921728,8.599274,335.04077,79976.60066
416,-27.878134,7.286365,12.715213,141.11097,58286.151265
416,24.723424,-6.861726,12.231245,213.541066,161800.79349
416,-14.714754,5.293654,9.383494,342.260615,31742.94451
416,10.502261,-4.472193,9.083457,235.939843,89236.330554
416,13.050754,-4.985364,10.689427,122.83516,123580.00698
416,21.485423,-6.396627,3.683192,220.852654,14671.957356
416,-10.202447,4.407895,7.977352,332.650644,22942.230357
416,-20.244909,6.209219,6.483185,231.036762,15152.871567
416,14.592644,-5.271644,7.52694,219.550492,61273.998608
416,15.960236,-5.513136,4.689303,19.655597,23782.41761
416,30.385253,-7.606949,3.295646,26.76206,11746.825015
417,14.309416,-5.220235,14.212315,184.149349,218458.517731
417,-21.857786,6.451819,6.90144,306.964826,17171.074547
417,14.113339,-5.184346,9.054857,266.74747,88675.272999
417,-23.364098,6.670426,5.646472,7.709983,11494.034664
417,20.826523,-6.29778,5.69059,215.001365,35023.050421
417,20.245851,-6.209364,6.296188,354.703413,42874.064629
417,-15.215678,5.383004,13.279736,348.023988,63576.553777
417,11.662974,-4.712851,1.69302,279.002255,3100.013063
417,19.964062,-6.166,9.558637,129.680892,98816.912843
417,18.595561,-5.950915,11.553112,341.640554,144356.812363
417,19.069303,-6.026241,7.962137,103.520566,68564.39066
417,30.288734,-7.594858,16.738988,57.43002,303038.441315
418,10.92197,-4.56068,9.716631,59.870211,102110.583117
418,19.822411,-6.144087,7.237078,101.116928,56645.547774
418,19.483078,-6.09127,8.343586,103.919442,75291.304567
418,-25.765763,7.004878,8.195401,209.090989,24213.55162
418,13.511985,-5.072694,5.011435,18.935235,27162.111952
418,11.24049,-4.626704,2.730131,216.209191,8061.321489
418,-1.056004,-1.418116,7.56382,109.295292,61875.927874
418,22.841425,-6.595393,6.006291,253.483832,39016.842174
418,13.917023,-5.148163,6.332431,294.233387,43369.088042
418,14.633667,-5.279049,2.817983,148.008061,8588.472522
418,11.160064,-4.610122,5.517051,77.472198,32919.504441
418,20.031077,-6.176341,11.55909,10.657017,144506.252309
419,18.606151,-5.952609,4.85554,90.079901,25498.491028
419,-22.935211,6.608919,7.474263,61.54963,20139.78711
419,29.950036,-7.552274,4.60207,66.006522,22905.814464
419,4.488392,-2.923644,3.377409,48.329882,12336.916971
419,7.202539,-3.703581,15.571926,341.33392,262255.125142
419,-19.595772,6.108861,6.918892,152.017861,17258.028044
419,-9.509749,4.255628,5.295609,63.509003,10109.971134
419,21.641735,-6.419854,13.942931,217.479711,210255.554926
419,-12.562772,4.891272,7.724445,78.399441,21510.60602
419,15.884356,-5.500015,4.867038,265.075199,25619.38838
419,11.941803,-4.768854,7.122355,163.233217,54863.888246
419,-23.666572,6.713466,4.136857,199.050857,6169.630151
419,17.843177,-5.829284,4.776473,7.977548,24674.816196
420,20.067983,-6.182028,5.279617,300.093577,30147.003298
420,-12.290471,4.837972,6.789238,327.210225,16617.286129
420,-5.237956,3.158348,6.359765,19.22431,14581.433327
420,-15.126001,5.367118,9.606768,263.426413,33271.525377
420,28.986688,-7.429822,11.749449,122.269812,149304.985842
420,-24.256245,6.796587,9.72437,245.683391,34091.097943
420,10.485628,-4.46865,4.400949,151.719371,20947.494671
420,7.774039,-3.847711,6.865563,331.574961,50979.037623
420,26.826844,-7.14766,5.799601,102.504088,36377.725531
420,19.404444,-6.078966,3.120709,78.286393,10532.850242
420,-0.694973,-1.150438,5.30143,56.13997,30396.632736
420,21.350521,-6.376514,5.287693,130.287194,30239.308504
420,19.842995,-6.147276,9.244027,300.518393,92419.097639
421,14.618171,-5.276253,3.578887,274.013263,13852.731382
421,-16.69154,5.638029,18.846316,277.495929,128047.475272
421,-19.224317,6.050685,5.757468,208.135954,11950.36374
421,24.223819,-6.792043,6.016395,226.175308,39148.216358
421,8.597848,-4.046448,17.534111,234.934245,332511.634978
421,14.796818,-5.308395,27.185092,59.190505,799283.660258
421,20.518127,-6.250978,4.491151,20.235502,21814.972095
421,9.985649,-4.360811,13.144263,101.417585,186858.053686
421,15.374811,-5.41108,3.737388,104.742169,15106.911795
421,-26.4515,7.097481,7.075979,208.744186,18050.578605
421,-16.595021,5.621704,15.627025,259.471311,88038.108823
421,-11.584201,4.696909,6.19681,213.769631,13843.771872
421,14.074518,-5.177211,8.93157,292.880162,86276.97844
421,-9.494339,4.252178,5.003287,176.800706,9024.620413
422,-14.043537,5.17151,6.680428,24.507182,16088.913448
422,21.141902,-6.345285,4.924108,81.153998,26223.732231
422,4.259386,-2.848083,15.116673,36.952019,247144.976823
422,-16.611516,5.624497,8.748196,88.826639,27590.216258
422,14.879829,-5.323265,6.196218,74.914854,41523.385344
422,-10.362276,4.442288,3.881362,233.541279,5431.083507
422,22.330666,-6.521236,3.055375,113.710228,10096.442368
422,9.427312,-4.237142,6.093033,298.228367,40151.923363
422,15.303311,-5.398484,2.157393,252.592391,5033.82294
422,4.83314,-3.033848,6.133948,196.902335,40692.983529
422,15.3672,-5.409741,9.199761,311.004486,91536.110108
422,16.517353,-5.608533,7.733303,22.539465,64679.912265
422,-20.025738,6.175517,4.585689,226.092612,7581.013725
422,11.006136,-4.578218,3.866437,138.12029,16168.185731
423,-27.452486,7.230527,9.163561,147.549879,30272.385317
423,-8.625431,4.052934,5.275278,155.086222,10032.489298
423,-29.936974,7.550627,9.79138,287.073675,34562.55637
423,6.478442,-3.512484,6.452183,268.146557,45024.886211
423,8.823207,-4.099136,1.896795,127.018822,3891.169077
423,24.760908,-6.866926,5.861556,10.959802,37159.101404
423,21.793621,-6.442342,8.608573,291.508843,80149.663054
423,21.127969,-6.343194,5.912233,246.864025,37804.402204
423,18.611939,-5.953535,10.307615,54.735815,114909.433504
423,18.556539,-5.944668,2.718431,278.838028,7992.377862
423,23.077599,-6.629403,3.796693,339.892605,15590.146536
423,9.612399,-4.278534,2.765388,8.268709,8270.876882
423,-19.76423,6.135063,8.974253,341.477203,29034.526185
423,16.203805,-5.555045,8.189594,337.045942,72537.750993
424,10.975314,-4.571803,5.463761,61.651402,32286.628205
424,-15.343196,5.405514,14.329955,128.963007,74030.001636
424,19.779283,-6.137399,6.470321,88.426275,45278.391742
424,17.421638,-5.760014,14.963714,150.161922,242168.780352
424,-15.566528,5.444713,2.790115,177.624019,2806.481224
424,18.988263,-6.013422,4.229061,133.36347,19343.150469
424,-20.215473,6.204704,2.8114,36.291234,2849.465853
424,-11.297171,4.638355,8.026483,51.360636,23225.690744
424,20.041423,-6.177935,16.236174,356.031968,285106.231569
424,-21.431812,6.388642,4.1984,153.668555,6354.563521
424,15.069787,-5.357136,6.318278,287.106887,43175.442371
424,18.674579,-5.963545,10.591299,237.588069,121321.496255
424,19.751686,-6.133116,4.261879,206.342169,19644.523795
424,-16.249072,5.562799,5.653173,90.93205,11521.331417
424,14.786219,-5.306494,7.912602,250.812611,67713.927074
425,-22.735502,6.580083,3.431302,60.90624,4244.59327
425,9.422918,-4.236155,7.529438,48.341758,61314.680573
425,12.289822,-4.837844,5.701245,336.55102,35154.321282
425,5.796031,-3.322343,11.505745,223.394637,143175.547732
425,-25.237867,6.932748,6.979308,56.068449,17560.742063
425,13.003735,-4.976375,9.613841,342.92657,99961.603554
425,17.185539,-5.720851,26.011445,30.997165,731759.360426
425,-15.906204,5.503796,5.514788,307.242646,10964.167974
425,30.405385,-7.609469,3.227247,122.746853,11264.287551
425,35.438918,-8.215222,16.088604,158.732854,279947.157997
425,14.397289,-5.236239,6.322259,108.486896,43229.864552
425,17.63489,-5.79516,14.118458,259.427059,215582.684014
425,22.707961,-6.576096,4.543701,282.971938,22328.4588
425,14.42384,-5.241065,4.283028,343.299627,19839.978337
425,18.760789,-5.977294,6.052623,149.173308,39621.10334
426,9.383743,-4.22734,13.339846,240.8216,192460.204688
426,2.641523,-2.242881,2.584059,214.115413,7221.776073
426,13.509044,-5.072142,5.977162,322.654909,38639.308655
426,6.978826,-3.64561,4.107588,35.208648,18247.910391
426,-8.750312,4.082168,3.017034,355.602864,3281.545498
426,16.875115,-5.668948,15.474057,194.298641,258968.951099
426,15.692853,-5.46676,5.29724,68.805754,30348.602489
426,19.752335,-6.133217,7.502311,296.254197,60873.668475
426,-10.617876,4.496741,10.888668,204.057062,42743.256699
426,34.129723,-8.06205,27.223003,314.589376,801514.507203
426,17.512683,-5.775046,12.778301,203.116072,176597.922762
426,-16.54772,5.613687,6.399208,354.243913,14762.860216
426,10.078628,-4.381066,5.976677,164.374862,38633.035855
426,12.546577,-4.888118,2.469267,148.711347,6594.40484
426,-13.666724,5.101658,3.338075,161.666618,4017.076778
427,-14.906595,5.32805,12.322507,237.050833,54741.438867
427,26.952095,-7.164326,12.334196,213.21435,164536.020384
427,12.467218,-4.872635,10.63474,26.172218,122318.754748
427,7.837438,-3.863369,15.61987,270.471766,263872.51191
427,17.269143,-5.73475,10.428318,59.748828,117616.386685
427,12.57739,-4.894117,3.801697,275.230591,15631.271997
427,9.798203,-4.319687,7.749147,91.64407,64945.205129
427,24.544748,-6.836887,9.755456,335.779095,102928.225683
427,24.560163,-6.839033,7.653999,199.712917,63360.143826
427,19.167309,-6.041707,6.005347,113.52857,39004.573282
427,7.26522,-3.719662,7.145338,156.885773,55218.534527
427,19.920132,-6.159213,2.33352,135.022217,5889.283866
427,7.134996,-3.686175,4.598744,265.756483,22872.722207
427,-8.71339,4.073546,4.086696,289.074109,6020.917491
427,7.929928,-3.886098,2.863252,192.066735,8866.629245
428,-21.658732,6.422374,9.63351,302.668559,33457.014201
428,11.620611,-4.704284,10.181468,76.69662,112114.080778
428,-14.715707,5.293826,11.391556,291.850816,46782.576816
428,13.621397,-5.09319,9.550159,200.069466,98641.705921
428,12.533702,-4.88561,8.477073,226.919688,77719.70315
428,18.185522,-5.884939,6.641689,219.269623,47708.570706
428,14.867858,-5.321123,10.259375,142.190944,113836.394286
428,-9.985245,4.360723,5.382806,119.964878,10445.651615
428,17.2708,-5.735025,3.909772,14.629411,16532.641068
428,10.901848,-4.556477,7.214299,355.87711,56289.520954
428,12.464004,-4.872007,2.498892,265.063693,6753.585806
428,15.71619,-5.470824,5.967551,135.025281,38515.155818
428,14.837864,-5.315753,7.009324,217.602838,53136.335319
428,16.121215,-5.54087,13.756579,294.710819,204672.846483
428,10.790654,-4.53318,8.06554,144.911798,70356.819434
428,14.63568,-5.279412,8.400591,41.760034,76323.621066
429,21.432727,-6.388778,8.913984,292.788084,85937.561167
429,25.401286,-6.955157,4.429986,72.311404,21224.824854
429,14.805171,-5.309893,16.259815,294.329181,285937.10347
429,-13.304869,5.033666,5.108484,349.167974,9408.104447
429,-23.156668,6.64075,4.723404,354.961069,8043.190031
429,23.656783,-6.712077,2.016408,23.874306,4397.403377
429,19.720093,-6.128209,9.94482,358.657675,106962.913223
429,9.437751,-4.239487,4.929022,148.406097,26276.092981
429,-16.308237,5.572917,8.064643,146.108523,23447.0576
429,8.312788,-3.978803,8.028691,67.298569,69715.417539
429,24.640964,-6.850274,4.843832,280.189032,25375.668855
429,20.240518,-6.208546,8.208284,345.730075,72869.207856
429,-10.569451,4.486475,8.38663,21.56218,25356.716292
429,21.335216,-6.374228,12.337508,330.59266,164624.398633
429,-17.404124,5.757119,4.671933,248.038927,7868.850677
429,-13.460657,5.06305,6.342844,1.179381,14503.943144
430,-12.170302,4.814263,3.579577,239.282553,4619.355395
430,17.369574,-5.751401,9.571998,202.148053,99093.356975
430,14.203995,-5.20097,9.764784,237.541878,103125.153479
430,19.269393,-6.057774,4.678039,312.111894,23668.293353
430,22.044544,-6.479323,15.911,114.9244,273800.545877
430,9.066094,-4.155174,7.735076,249.492833,64709.566795
430,12.990065,-4.973759,5.039618,297.094045,27468.473757
430,9.012221,-4.14281,8.183174,165.829988,72424.072423
430,13.523381,-5.074833,9.176194,152.009021,91067.73014
430,-23.601552,6.704237,5.341727,196.392418,10286.827625
430,27.627772,-7.253573,3.14837,122.217415,10720.394282
430,1.2793,-1.560865,15.579398,298.608119,262506.87496
430,12.842069,-4.945345,3.946717,319.770085,16846.565232
430,-25.561562,6.977065,6.665694,313.746554,16018.020806
430,8.896448,-4.116114,9.78063,187.014984,103460.127449
430,-10.416056,4.4538,11.018082,111.370203,43765.316667
431,19.537741,-6.099809,3.853649,279.169582,16061.409056
431,19.199625,-6.046798,7.403903,59.946768,59287.170248
431,7.960831,-3.893662,2.759177,28.73433,8233.767344
431,-20.321417,6.220941,7.248842,241.23109,18943.287331
431,8.939196,-4.125991,5.919262,97.250768,37894.347764
431,-12.953217,4.9667,3.755721,356.303298,5085.160547
431,13.690674,-5.106126,3.250164,120.958323,11424.830786
431,-12.806873,4.938563,5.44726,290.850522,10697.304289
431,12.118324,-4.803971,7.737747,210.935855,64754.265724
431,20.16351,-6.196724,11.776056,267.320814,149981.972785
431,28.375917,-7.351129,5.680957,218.244131,34904.577833
431,13.049491,-4.985123,18.251326,238.545418,360270.052094
431,-18.734734,5.973142,6.962541,235.491296,17476.467554
431,16.145241,-5.544997,3.071341,298.763824,10202.235954
431,8.502465,-4.02394,15.220676,304.081217,250557.400742
431,6.195126,-3.434821,30.937756,68.887791,1035182.60074
432,12.874208,-4.951529,1.572817,252.597094,2675.443261
432,8.704618,-4.071495,5.61059,153.757074,34045.235301
432,17.773691,-5.817922,6.375387,324.111181,43959.471621
432,13.299172,-5.032588,6.18593,106.385275,41385.608886
432,17.860846,-5.832169,6.109595,309.199703,40370.51062
432,15.188845,-5.378256,5.036149,163.697057,27430.673694
432,18.94679,-6.006852,7.102959,39.125659,54565.472935
432,12.713048,-4.92044,7.118616,268.336175,54806.294031
432,7.99196,-3.901268,16.400036,6.004938,290890.108885
432,-23.515663,6.692027,3.894144,329.207603,5466.913005
432,12.215238,-4.823142,9.64956,147.940182,100705.77225
432,-13.536525,5.077298,7.207841,67.100162,18729.597902
432,16.376777,-5.584616,6.145913,325.294679,40851.891483
432,-13.850982,5.135933,3.266933,154.449473,3847.676475
432,8.742186,-4.080272,28.928237,280.811021,905072.289578
432,20.68369,-6.276147,7.977091,323.899186,68822.171446
432,9.130635,-4.169938,4.192555,54.589908,19010.643972
433,22.056425,-6.481069,5.508265,156.257362,32814.742121
433,24.42691,-6.820455,20.589834,305.499775,458506.020946
433,-15.108809,5.364067,20.133318,89.100464,146133.155694
433,12.028363,-4.786106,3.238662,301.747348,11344.114195
433,13.068599,-4.988771,5.137508,175.265882,28545.943814
433,-4.380463,2.888279,8.207079,87.833022,24282.607804
433,19.817608,-6.143342,6.318794,288.757088,43182.496936
433,13.451903,-5.061403,10.095623,95.351677,110231.472102
433,10.54372,-4.481011,8.190367,274.339056,72551.441118
433,7.379308,-3.748754,5.680203,339.256934,34895.307912
433,-16.12578,5.541655,3.99803,213.343846,5762.490759
433,9.530929,-4.260364,5.716993,83.263744,35348.793263
433,11.19164,-4.616639,8.993135,29.784774,87470.495977
433,24.553185,-6.838062,15.846389,26.865022,271581.374325
433,10.733136,-4.521082,5.261107,76.064408,29935.984901
433,8.899904,-4.116914,4.252561,250.856272,19558.717363
433,12.617239,-4.901864,8.388859,70.519982,76110.596823
434,14.8944,-5.32587,2.119126,33.433903,4856.830424
434,23.965025,-6.755664,8.597859,294.016202,79950.26967
434,5.72372,-3.301553,4.962177,321.698171,26630.777532
434,15.771279,-5.480404,5.60769,210.751788,34010.055785
434,6.009541,-3.382982,2.827649,315.57704,8647.495262
434,23.352029,-6.668703,9.149942,281.662112,90547.404836
434,8.297562,-3.975158,3.206795,296.929716,11121.969924
434,0.991456,-1.374092,4.784479,167.947257,24757.60553
434,-15.557006,5.443047,11.634363,150.049493,48798.14196
434,17.313485,-5.742108,7.315844,168.836821,57885.283143
434,15.190715,-5.378587,5.387218,252.055277,31388.344846
434,-23.885232,6.744408,14.263191,163.418593,73341.783928
434,20.453293,-6.241094,7.717944,341.470307,64423.236089
434,8.32103,-3.980775,5.021845,313.33892,27275.069709
434,10.760136,-4.526765,3.721481,147.66004,14978.589109
434,12.699712,-4.917858,4.736313,48.17967,24261.637514
434,25.331368,-6.945578,10.887266,333.81659,128196.744036
435,-9.453015,4.242914,2.793432,128.943079,2813.159504
435,22.517895,-6.548517,29.389323,13.598249,934154.02164
435,15.603987,-5.45126,4.981687,56.5648,26840.594534
435,-14.18613,5.197698,6.542339,115.257787,15430.648517
435,19.820925,-6.143856,5.927225,168.557435,37996.374333
435,8.690265,-4.068137,9.052111,258.887313,88621.489349
435,-20.225573,6.206253,7.267095,144.201184,19038.809575
435,-22.532177,6.550594,12.254003,290.886199,54134.484886
435,10.749345,-4.524495,4.441128,67.184835,21331.722033
435,1.862456,-1.883311,8.731611,61.972011,82457.098677
435,11.01393,-4.579839,4.407789,77.476354,21012.655944
435,16.270008,-5.566381,2.590344,352.215858,7256.948984
435,16.164265,-5.548263,19.669681,332.376325,418440.728522
435,22.235192,-6.507281,3.595832,5.249609,13984.21907
435,30.747518,-7.652161,1.91051,147.031357,3947.644371
435,4.965574,-3.075132,10.009517,79.419272,108359.145869
435,-16.805628,5.657264,2.057123,339.069326,1525.592622
436,16.233959,-5.560211,4.270248,332.563927,19721.749936
436,15.760617,-5.478551,9.263121,300.715001,92801.280989
436,9.745603,-4.308077,4.852546,117.807219,25467.052041
436,4.752082,-3.008299,15.379781,293.155627,255823.019645
436,10.692601,-4.512537,2.457513,181.820185,6531.771576
436,15.855837,-5.495076,5.701458,119.23792,35156.952637
436,11.705067,-4.721348,10.225573,274.713493,113087.501586
436,9.452946,-4.242899,5.658713,132.022678,34631.770998
436,-16.856436,5.665809,8.852164,282.474125,28249.905949
436,0.675214,1.133965,3.427518,112.233483,4235.235509
436,8.254501,-3.964829,9.983042,86.153211,107786.694165
436,6.600014,-3.545288,10.246021,287.125794,113540.240764
436,15.677729,-5.464125,11.946967,120.491055,154367.077129
436,14.721958,-5.29495,7.383405,111.795757,58959.352941
436,6.110884,-3.411388,6.513841,312.559916,45889.530386
436,17.870061,-5.833673,8.994124,274.879795,87489.728767
436,18.140437,-5.87764,11.719632,253.856547,148548.156332
437,-0.205141,-0.625036,4.282636,43.028342,19836.34989
437,18.367389,-5.914293,7.572327,19.905184,62015.185196
437,16.919818,-5.676451,5.176141,298.630582,28976.875793
437,21.136821,-6.344522,11.02167,357.327453,131381.47887
437,14.504571,-5.255712,2.114951,174.282589,4837.711813
437,22.448969,-6.538487,7.754806,162.818008,65040.108367
437,16.789648,-5.654574,10.780875,188.966914,125703.498374
437,6.82133,-3.604239,8.192544,8.892895,72590.009784
437,-11.349376,4.649059,2.799142,263.06486,2824.671882
437,23.551974,-6.697192,11.900286,325.72711,153163.10159
437,-13.964641,5.156962,4.293696,211.033479,6646.311993
437,14.389727,-5.234864,11.264171,250.609049,137226.440462
437,10.445517,-4.460094,25.821115,196.587542,721089.721173
437,1.830951,-1.867314,7.781897,130.832944,65495.32759
437,17.967309,-5.849525,8.445214,90.056915,77136.630918
437,1.80842,-1.85579,9.379428,189.994653,95146.336475
437,16.573672,-5.618087,9.584572,145.601994,99353.871715
438,23.149138,-6.63967,12.917807,50.304149,180474.954737
438,5.280543,-3.171162,3.833402,259.445573,15893.077917
438,13.299163,-5.032586,6.044193,283.782875,39510.819012
438,-22.012603,6.474628,9.964249,45.529115,35793.748297
438,16.560248,-5.615811,5.981619,62.055389,38696.956735
438,21.267692,-6.364133,3.751487,240.705145,15221.106553
438,18.261927,-5.897289,5.640696,238.475253,34411.591249
438,12.980958,-4.972015,4.484361,198.297231,21749.05869
438,-15.641744,5.457851,6.680891,210.662085,16091.140409
438,14.900536,-5.326967,3.572847,237.80983,13806.012691
438,-14.895615,5.326088,2.123603,238.30181,1625.79079
438,16.494799,-5.604703,4.445676,30.688335,21375.434592
438,23.069976,-6.628308,3.422051,242.873511,12665.203176
438,10.97894,-4.572559,4.434359,152.857188,21266.742848
438,11.243671,-4.627358,7.007868,161.301549,53114.261066
438,14.849066,-5.317759,8.367384,168.92428,75721.418586
438,15.995214,-5.519174,7.699876,245.13631,64121.955475
438,18.578296,-5.948152,5.386637,208.682097,31381.578908
439,7.896824,-3.877978,10.768848,4.975929,125423.186657
439,-15.84953,5.493983,3.802668,340.679854,5213.084754
439,19.822362,-6.144079,8.079144,36.742778,70594.361424
439,12.509643,-4.880918,3.477088,234.469801,13075.871304
439,-6.95717,3.63995,21.82759,53.14483,171763.012258
439,8.261441,-3.966496,10.012854,223.116834,108431.416909
439,14.614743,-5.275634,9.900265,318.053789,106006.615777
439,4.228509,2.837741,2.687449,156.100985,2603.746144
439,11.882847,-4.757068,2.578418,230.091352,7190.281289
439,16.326406,-5.576021,3.245906,291.935695,11394.915548
439,9.912208,-4.344745,7.018668,242.044169,53278.103694
439,-18.006529,5.855906,6.61304,195.864315,15765.959908
439,-17.219783,5.726548,8.683475,143.757081,27183.489293
439,5.598314,-3.265184,6.074845,204.730098,39912.572183
439,-15.708073,5.469411,2.305195,250.985779,1915.725543
439,4.846308,-3.037978,2.821677,209.912712,8611.005141
439,20.230295,-6.206978,4.991371,265.192484,26945.047687
439,9.023858,-4.145484,7.099725,268.920386,54515.798915
440,15.587559,-5.448389,12.83977,92.619668,178301.024429
440,13.282578,-5.029447,9.973236,156.0447,107575.037826
440,14.614042,-5.275508,8.895287,120.165322,85577.426641
440,17.707797,-5.807127,5.442985,231.69822,32041.554671
440,14.581771,-5.26968,15.385913,53.346143,256027.069308
440,13.074928,-4.989979,10.024346,239.469258,108680.458234
440,14.847115,-5.31741,4.186344,17.081305,18954.360212
440,-10.948574,4.566231,14.129258,27.17656,71970.879146
440,19.993939,-6.170612,7.158582,337.687933,55423.42702
440,10.888782,-4.553745,2.682056,152.421035,7779.920448
440,18.640769,-5.958144,6.378546,155.381365,44003.038411
440,1.544644,-1.715115,14.60371,181.375034,230656.531558
440,-4.595837,-2.958431,6.013707,133.821765,39113.245653
440,9.365662,-4.223265,4.793632,209.452941,24852.42162
440,17.823017,-5.825989,1.775808,348.464366,3410.603305
440,21.674375,-6.424693,5.944373,254.031212,38216.552091
440,-15.639607,5.457478,5.585711,137.198319,11247.99109
440,15.039592,-5.351766,11.436923,327.431849,141467.843435
441,-21.223753,6.357556,13.323617,204.761875,63997.403921
441,-8.240583,3.961485,4.18091,330.649281,6301.728878
441,5.438029,-3.218102,7.06941,294.368649,54051.239369
441,11.99363,-4.779191,14.6347,322.446177,231636.489927
441,14.210095,-5.202087,4.170106,186.721983,18807.602756
441,19.206949,-6.047951,3.534006,184.708342,13507.46924
441,10.510749,-4.473999,11.241968,319.122393,136685.99737
441,10.627339,-4.498745,7.103384,182.593342,54572.004046
441,-8.841839,4.103462,9.848713,100.527258,34968.501226
441,5.952136,-3.366786,2.21019,343.414696,5283.219088
441,7.814016,-3.857591,9.508559,29.250747,97784.222573
441,13.514574,-5.07318,4.59596,6.717065,22845.038388
441,17.905441,-5.839445,9.68038,153.333032,101350.09807
441,6.906715,-3.626727,6.422222,225.631656,44607.712358
441,9.789788,-4.317832,5.617914,42.934678,34134.187534
441,14.432034,-5.242553,4.145681,244.503834,18587.928843
441,8.422738,-4.00503,12.16358,306.279798,160015.538509
441,23.808501,-6.733566,10.563125,296.403239,120676.89944
442,12.444297,-4.868154,4.252594,211.556393,19559.023427
442,10.261737,-4.420685,8.055469,126.422024,70181.225708
442,10.858539,-4.547417,5.503467,340.618559,32757.599676
442,-12.156512,4.811534,2.750228,224.814313,2726.813078
442,9.035483,-4.148153,4.049766,310.499989,17737.780677
442,7.864834,-3.870115,2.907792,278.812599,9144.627386
442,8.593229,-4.045361,5.153055,176.336924,28718.969234
442,-3.041454,-2.406687,11.057319,190.358883,132232.753753
442,7.643175,-3.815188,8.025185,79.659083,69654.550174
442,5.09989,-3.116445,5.385832,204.006339,31372.191992
442,24.346622,-6.809237,4.797173,108.826757,24889.155606
442,3.074733,-2.419818,2.750391,140.386748,8181.411375
442,23.675505,-6.714732,4.818327,60.943483,25109.139615
442,7.177648,-3.697176,5.760939,72.651677,35894.336713
442,-19.084919,6.028708,7.964628,89.342644,22869.101454
442,32.443326,-7.860348,3.829327,56.627423,15859.305322
442,19.016405,-6.017877,3.465855,137.373886,12991.523814
442,14.13292,-5.187941,15.826662,229.826338,270905.609426
443,-22.763612,6.584149,7.285185,28.389677,19133.713787
443,15.224692,-5.384599,4.146968,226.549558,18599.476354
443,21.282227,-6.366308,9.459325,223.840954,96774.207979
443,-6.58206,3.540463,6.462705,355.356628,15057.285641
443,18.500788,-5.935731,14.476727,236.482514,226662.723469
443,15.652799,-5.459779,6.984412,103.426977,52759.304515
443,-13.120637,4.998694,11.724563,223.773347,49557.733804
443,12.812894,-4.939724,5.619447,172.402836,34152.818375
443,11.43737,-4.667047,6.532179,10.63198,46148.279516
443,10.675235,-4.508871,6.749155,139.814571,49264.954529
443,16.126411,-5.541763,4.879419,314.205913,25749.900923
443,4.570494,-2.950262,2.564079,348.41591,7110.532037
443,13.553761,-5.08053,5.133121,337.280986,28497.206935
443,12.175407,-4.815272,3.301814,355.844984,11790.835504
443,18.719062,-5.970643,9.87651,157.974558,105498.504831
443,20.99797,-6.323649,17.723562,341.33312,339735.823105
443,1.925694,-1.915018,7.565131,51.822772,61897.370327
443,25.185266,-6.92552,7.146932,205.699549,55243.169822
444,17.13727,-5.712812,10.240343,32.740321,113414.431787
444,11.775526,-4.735537,8.219537,277.579046,73069.155956
444,19.451048,-6.086261,5.090618,274.616885,28027.239048
444,14.753443,-5.300609,5.214624,211.598524,29409.340943
444,9.62416,-4.281151,19.037922,16.135583,391993.113207
444,25.026823,-6.903701,8.285078,112.972618,74239.077155
444,19.555208,-6.102535,4.739678,49.506669,24296.129335
444,7.659799,-3.819335,10.684795,224.788924,123472.910958
444,-15.663834,5.461704,4.162925,245.515126,6247.628677
444,1.099657,1.447131,5.745505,139.418026,11900.752751
444,12.067124,-4.793812,7.418974,189.040661,59528.790125
444,1.21334,-1.520094,9.429865,190.007074,96172.364986
444,5.92171,-3.35817,4.079477,164.618933,17998.996521
444,13.898945,-5.144818,18.394334,125.625585,365937.979036
444,5.575201,-3.258437,4.006765,269.06834,17363.09443
444,13.157242,-5.005662,3.375733,268.744713,12324.67562
444,8.118328,-3.93199,9.385404,4.235435,95267.62011
444,10.671174,-4.508013,8.952509,121.398677,86681.993634
445,14.49713,-5.254363,6.012238,310.879891,39094.140064
445,4.25671,-2.847188,5.373553,325.277489,31229.316348
445,17.095618,-5.705865,10.661916,335.775981,122944.71134
445,10.27739,-4.424055,22.328255,209.761665,539198.765123
445,9.280114,-4.203933,6.045163,47.072624,39523.491326
445,-16.670791,5.634523,3.968265,300.442923,5677.006209
445,17.277334,-5.73611,5.467226,112.957543,32327.591651
445,-23.721063,6.72119,3.07738,357.250604,3414.131381
445,15.164606,-5.373963,5.150927,183.088786,28695.254738
445,13.715522,-5.110757,14.918691,148.151571,240713.680626
445,5.184553,-3.142207,4.983072,25.826421,26855.528643
445,9.498095,-4.253019,3.106007,328.406949,10433.837481
445,0.087498,-0.408205,8.586955,236.683303,79747.622039
445,18.474615,-5.931531,5.433969,70.757459,31935.498259
445,15.882872,-5.499758,6.068305,150.379148,39826.679708
445,17.14246,-5.713677,3.528736,57.745072,13467.213286
445,-9.936257,4.350012,9.910472,209.297796,35408.435164
445,-9.50857,4.255364,8.788963,313.483231,27847.959369
446,-16.524822,5.609801,22.02099,238.42637,174820.252634
446,27.572198,-7.246274,6.3052,185.667514,42996.898898
446,18.53157,-5.940667,10.005314,54.40004,108268.169712
446,18.060882,-5.864737,5.984034,38.639969,38728.209523
446,-19.677187,6.121539,7.260909,282.146219,19006.410442
446,15.233963,-5.386238,3.061713,155.537535,10138.37077
446,17.784885,-5.819754,5.54022,293.568529,33196.580943
446,15.399058,-5.415346,6.912875,266.026855,51684.07433
446,20.470384,-6.243701,4.491376,22.6773,21817.15794
446,16.798924,-5.656136,5.54576,248.312451,33263.006297
446,17.016319,-5.692616,13.92465,235.833461,209704.580221
446,7.9456,-3.889936,11.734807,329.97644,148933.11148
446,14.588553,-5.270905,5.568836,169.469258,33540.396767
446,-13.553681,5.080515,11.271799,143.055486,45804.123648
446,9.561851,-4.26727,14.391509,172.658109,224002.047543
446,-8.852212,4.105868,3.159526,286.642092,3598.833967
446,-6.008056,3.382564,4.442532,23.636457,7115.069669
446,-7.526036,3.78584,9.684346,130.040824,33811.049831
447,4.581557,-2.953831,7.146427,116.067015,55235.370768
447,15.788752,-5.483439,13.118777,108.547507,186134.136421
447,20.69784,-6.278293,4.012543,294.536705,17413.206612
447,-15.483718,5.430211,11.380797,224.372385,46694.252615
447,8.64578,-4.057712,5.331163,91.669279,30738.545117
447,6.306764,-3.465631,4.404148,182.360188,20977.950572
447,19.379229,-6.075015,4.45266,253.723425,21442.651629
447,10.33726,-4.436922,11.906539,298.853279,153324.091285
447,-7.234043,3.711672,15.02135,224.812479,81345.961014
447,14.633353,-5.278992,6.037738,303.336652,39426.471814
447,2.728558,-2.279532,7.690271,201.935466,63962.093849
447,7.607186,-3.806196,1.855761,24.382855,3724.631312
447,13.94329,-5.153019,7.465978,263.817932,60285.479147
447,-1.11359,-1.45627,15.231073,143.648922,250899.820736
447,-0.525717,-1.000587,9.60799,248.005584,99839.973166
447,5.715974,-3.299318,5.599157,69.937138,33906.633679
447,-16.980642,5.686645,2.860296,159.854546,2949.442813
448,-15.969489,5.514734,2.16524,193.835855,1690.16957
448,6.667068,-3.563252,6.552943,341.596345,46442.126167
448,6.99471,-3.649757,5.854275,170.102609,37066.839485
448,11.832013,-4.746882,3.935643,68.845791,16752.154013
448,11.485615,-4.67688,7.116463,277.144994,54773.146292
448,-8.961207,4.131068,4.255263,349.590708,6527.859646
448,13.307595,-5.034182,5.518814,313.234864,32940.544115
448,-14.027668,5.168587,10.950378,197.01,43229.108325
448,28.765573,-7.401429,7.141556,197.550693,55160.09669
448,11.488948,-4.677558,9.774984,0.518194,103340.719082
448,-15.783697,5.482561,11.029705,43.217022,43857.700851
448,4.580375,-2.95345,8.044303,48.312391,69986.812489
448,8.444481,-4.010196,10.020086,39.948752,108588.108995
448,13.655501,-5.099562,5.76035,284.589726,35886.994007
448,28.558264,-7.374711,12.681596,229.979738,173935.070252
448,3.085768,-2.424157,4.740278,22.522995,24302.275646
448,6.937569,-3.634819,15.210067,141.067997,250208.216195
449,10.213591,-4.410302,10.023229,26.507283,108656.228931
449,10.309996,-4.431067,3.991635,328.187589,17232.205621
449,23.928286,-6.750483,10.38279,254.202248,116591.664671
449,17.102556,-5.707023,6.390619,218.953511,44169.778645
449,-6.967462,3.642641,7.256255,325.333094,18982.049621
449,11.081906,-4.593951,26.850634,157.362965,779737.525091
449,10.569526,-4.486492,2.865015,32.145856,8877.55229
449,14.777654,-5.304957,4.500085,355.640369,21901.851693
449,4.895381,-3.05332,3.293027,115.127953,11728.160875
449,12.413261,-4.862079,7.836218,158.388318,66412.890544
449,15.587761,-5.448425,3.331537,148.901101,12004.070884
449,12.616676,-4.901754,9.030108,16.122721,88191.192147
449,17.949784,-5.846672,12.983906,229.727695,182326.621439
449,-10.492825,4.470183,3.810469,113.406722,5234.496077
449,0.253673,-0.695051,7.191792,166.028797,55938.861208
449,-17.063105,5.700437,4.470179,342.030582,7203.903296
449,13.013246,-4.978195,8.895861,121.651997,85588.485355
450,7.9247,-3.884816,6.628924,103.066124,47525.36424
450,2.968831,-2.377781,4.130968,297.638198,18456.230086
450,-13.217299,5.017073,7.5758,190.804414,20690.695792
450,9.93329,-4.349363,5.491944,126.539326,32620.566897
450,-9.954319,4.353964,9.549346,109.723729,32874.967258
450,13.340083,-5.040323,6.130978,143.65351,40653.580103
450,-6.34209,3.475324,2.847627,3.866376,2923.373468
450,6.521732,-3.5242,4.080069,129.686706,18004.223058
450,9.165179,-4.177818,15.853694,283.142284,271831.819543
450,9.694751,-4.296823,7.606474,294.311262,62575.751659
450,-14.982838,5.341659,9.700664,103.525834,33925.088578
450,4.654007,-2.977094,11.260412,263.042923,137134.858677
450,10.34316,-4.438188,10.821381,28.432746,126649.85275
450,6.505775,-3.519886,4.970867,94.961315,26724.132001
450,6.516655,-3.522828,12.634895,38.823946,172656.357634
450,-14.125795,5.186633,6.756631,21.327222,16458.054461
450,17.760387,-5.815744,22.895914,111.382015,566963.760667
451,4.731977,-3.001929,11.479872,55.036749,142532.333633
451,13.553575,-5.080495,13.402332,58.874291,194267.464973
451,14.199546,-5.200155,4.627943,2.528417,23164.09858
451,7.869603,-3.871288,5.532763,269.307909,33107.278333
451,14.16443,-5.193721,4.082463,276.838236,18025.356549
451,26.455643,-7.098037,6.930448,205.728869,51947.177522
451,-2.010121,1.956547,7.506559,238.391144,20314.209056
451,-19.076699,6.02741,5.295031,6.852453,10107.762906
451,-22.684479,6.572695,6.491787,216.165702,15193.108011
451,9.274453,-4.20265,4.26623,270.722829,19684.660418
451,-15.673791,5.463439,5.334089,69.096922,10257.429064
451,21.432806,-6.38879,19.036422,296.236621,391931.316103
451,8.618325,-4.051264,8.854246,92.932028,84789.584159
451,-3.564503,2.605425,7.481444,85.850859,20178.50418
451,20.692283,-6.27745,4.969249,256.656116,26706.734648
451,18.45189,-5.927882,6.276249,240.351586,42602.952078
451,-9.737159,4.30621,9.213332,155.548122,30602.122769
452,5.737734,-3.305592,5.436021,16.279636,31959.612793
452,-9.311332,4.210998,11.377804,268.43509,46669.695451
452,13.958343,-5.155799,11.96635,129.477798,154868.371348
452,14.141214,-5.189463,7.507358,148.289272,60955.604402
452,7.070737,-3.669538,6.154098,236.958199,40960.774559
452,9.475059,-4.247859,3.914139,309.765067,16569.589441
452,13.560894,-5.081866,9.632574,311.909575,100351.548313
452,10.968499,-4.570384,19.375599,183.630904,406022.050165
452,-3.38806,2.540122,14.019771,11.473441,70859.794232
452,15.686021,-5.46557,6.660106,245.219404,47973.5203
452,21.134266,-6.344139,6.323236,122.217339,43243.226821
452,-15.406326,5.416623,7.49321,192.443568,20242.022839
452,11.562006,-4.692407,13.137787,7.911643,186673.967516
452,8.837909,-4.10255,10.82657,170.803373,126771.349241
452,-6.994741,3.649765,6.884511,75.378324,17086.941572
452,5.028125,-3.09444,4.00315,311.211876,17331.771691
452,22.161325,-6.496463,3.794004,30.783243,15568.072863
453,10.281784,-4.425,4.542848,344.083801,22320.075192
453,-0.206785,-0.627536,10.376242,214.531327,116444.639011
453,22.871513,-6.599736,10.354626,188.915913,115959.987649
453,10.293147,-4.427445,4.119554,119.718763,18354.377503
453,-9.626748,4.281726,4.479415,332.9342,7233.702451
453,-10.119796,4.390004,10.787231,139.497492,41950.583256
453,-16.389139,5.586723,6.13475,305.913495,13567.873429
453,19.385018,-6.075922,6.024208,339.481509,39249.964607
453,-9.399279,4.230838,3.846717,33.092622,5334.558509
453,-20.961857,6.318209,18.62228,101.095741,125021.240885
453,12.028886,-4.786211,11.44167,188.24063,141585.310581
453,18.013686,-5.857069,20.226159,312.442926,442452.023271
453,-11.974172,4.775313,7.239938,303.834486,18896.779617
453,3.859518,-2.711101,9.891957,171.499288,105828.777792
453,17.253048,-5.732077,5.830484,160.475047,36766.184896
453,-12.300598,4.839965,3.380058,235.068468,4118.758315
454,-12.487078,4.876514,3.976622,186.383399,5700.943263
454,14.03578,-5.170081,4.66928,3.58242,23579.743502
454,17.500792,-5.773085,17.075349,192.225483,315339.580558
454,6.577992,-3.539368,8.80924,108.345481,83929.809174
454,-3.011246,-2.394706,7.359684,119.525861,58581.121901
454,-17.391364,5.755008,16.522871,33.792701,98421.299718
454,9.952662,-4.353602,16.622718,226.568793,298843.214975
454,6.433041,-3.500155,18.668483,329.19471,376927.120995
454,11.300072,-4.63895,8.297214,259.810517,74456.727485
454,-10.057106,4.376386,2.34963,289.6534,1990.292268
454,11.771729,-4.734774,5.31047,146.681752,30500.380808
454,-1.845871,1.874907,3.61368,169.266308,4707.794778
454,-2.892204,2.346895,12.090593,145.233847,52700.324662
454,8.70764,-4.072202,1.484971,46.03541,2384.929605
454,12.502759,-4.879575,7.484553,262.172362,60585.832901
454,12.625899,-4.903546,7.138177,185.148002,55107.909926
455,-14.473179,5.250021,12.488408,154.660234,56225.359958
455,18.992221,-6.014049,4.852649,214.302013,25468.133651
455,-16.463951,5.59946,11.819594,263.64693,50364.34307
455,12.675593,-4.913186,7.753512,110.055429,65018.403885
455,-13.210705,5.015822,5.454357,60.412567,10725.193221
455,13.354081,-5.042967,10.163394,213.42312,111716.373862
455,10.180463,-4.403144,5.482513,104.259536,32508.625076
455,-12.276343,4.835191,3.928238,185.560973,5563.058913
455,-6.320305,3.46935,10.758983,8.49254,41731.169413
455,15.357832,-5.408092,7.584467,251.208488,62214.195177
455,11.214794,-4.621412,4.457167,110.958626,21486.081648
455,17.640617,-5.796101,1.424758,191.275327,2195.440389
455,11.132415,-4.604408,4.973493,229.487131,26752.374623
455,-17.243392,5.730473,7.034729,250.880773,17840.738837
455,-1.654498,-1.775057,7.242382,154.189751,56728.612415
455,-18.046475,5.862398,5.221671,290.96087,9829.62852
456,11.151246,-4.6083,10.300986,226.916031,114761.689246
456,11.966445,-4.773772,6.582842,248.731899,46866.894664
456,-22.346337,6.523524,7.449449,264.966993,20006.282127
456,-13.346811,5.041594,5.199448,289.086504,9746.137884
456,7.602761,-3.805088,7.589904,169.646057,62303.424611
456,14.578102,-5.269017,6.360737,309.301938,43757.667705
456,8.991354,-4.138011,6.523134,324.840721,46020.560362
456,15.144277,-5.37036,5.535119,154.866106,33135.479363
456,-8.984025,4.136324,12.123049,233.196216,52983.637226
456,13.703059,-5.108435,4.887884,322.261917,25839.321723
456,12.157876,-4.811804,15.100077,63.929464,246602.615165
456,12.47693,-4.874532,3.10915,346.148739,10454.966845
456,6.828139,-3.606038,9.894384,294.700543,105880.721206
456,10.499164,-4.471533,14.505192,289.691751,227554.943554
456,22.022576,-6.476094,2.159408,114.753807,5043.231945
456,21.927148,-6.462048,2.220704,54.537815,5333.60427
457,0.590118,-1.060104,10.41344,317.974711,117281.022703
457,17.888658,-5.836708,4.490688,337.980001,21810.474804
457,-5.366412,3.196841,4.723816,72.353778,8044.593413
457,21.909198,-6.459402,4.433959,266.404986,21262.908166
457,14.39474,-5.235775,5.644145,88.385119,34453.687165
457,-11.862051,4.752903,2.281491,285.749056,1876.529761
457,0.62613,1.091971,9.846212,345.139631,34950.748665
457,16.095428,-5.536437,16.938252,141.729182,310296.229932
457,-11.210035,4.620432,5.486923,130.481627,10853.648916
457,10.814154,-4.538114,2.843519,159.928706,8744.83255
457,9.71052,-4.300316,3.965751,250.880291,17009.448175
457,8.097019,-3.926826,12.614668,317.085117,172104.014222
457,19.119733,-6.034204,3.45222,207.395278,12889.506339
457,15.688015,-5.465918,6.768042,157.691588,49541.077319
457,18.755856,-5.976508,11.95077,223.228891,154465.36646
458,6.713088,-3.575529,7.686716,215.942152,63902.969046
458,10.053094,-4.375513,3.615993,129.89773,14141.466041
458,-9.24511,4.195997,3.789992,75.860646,5178.388432
458,5.621233,-3.271861,4.811734,74.842729,25040.473617
458,17.792707,-5.821033,9.393997,87.595482,95442.137236
458,11.436084,-4.666785,10.625414,20.082581,122104.334002
458,-6.5532,3.532692,4.766846,28.977504,8191.816979
458,-7.814258,3.857651,7.093905,16.009848,18142.153898
458,5.47035,-3.227652,8.130641,348.15336,71497.185681
458,10.323797,-4.434032,1.916575,346.022882,3972.747858
458,9.088835,-4.160382,1.572649,289.45896,2674.872258
458,2.908152,-2.353356,4.681943,153.733386,23707.819576
458,-16.926817,5.677625,3.013259,347.243539,3273.33917
458,9.144571,-4.173119,5.750575,320.611226,35765.300549
458,-17.571642,5.784759,9.455053,223.122209,32228.940245
459,8.476498,-4.017791,7.273707,11.301187,57220.413938
459,7.735187,-3.838084,7.739525,46.069477,64784.029236
459,9.617837,-4.279744,4.270273,73.738358,19721.982086
459,-4.571335,2.950534,21.758959,225.080908,170684.582479
459,-20.692888,6.277542,7.916742,18.156172,22594.935571
459,8.834771,-4.101821,7.672326,198.222386,63663.9209
459,10.396421,-4.449601,7.779271,272.022893,65451.128052
459,6.549328,-3.531648,14.648514,231.085858,232074.005645
459,14.845023,-5.317035,4.949778,62.975355,26497.855866
459,18.461126,-5.929365,3.893107,145.217338,16391.99841
459,5.710332,-3.29769,14.08944,320.451754,214697.406023
459,2.944859,-2.368161,6.525993,186.288816,46060.908285
459,23.047668,-6.625102,6.792561,309.944282,49900.671427
459,-9.866905,4.334805,5.110885,92.959304,9416.950835
459,8.516021,-4.027147,2.113235,16.229507,4829.864111
460,11.782934,-4.737026,6.714328,61.644431,48757.838282
460,-11.164706,4.611081,3.329006,242.146149,3995.280817
460,14.166386,-5.19408,4.910136,45.964116,26075.127691
460,10.04453,-4.373649,6.515029,181.632339,45906.27116
460,-16.591348,5.621082,6.397277,177.639471,14753.954571
460,13.575399,-5.084584,2.811808,75.614288,8550.878707
460,5.043587,-3.099195,5.515005,297.4161,32895.094292
460,14.325388,-5.223147,4.779883,47.980291,24710.066702
460,6.775988,-3.59224,6.116329,211.148044,40459.541479
460,7.398253,-3.753563,3.529488,41.299398,13472.952962
460,-0.381982,0.852905,14.612439,161.922982,76977.447182
460,11.069225,-4.591321,5.291091,257.217592,30278.186841
460,6.59395,-3.543659,4.297264,59.315926,19972.087949
460,5.259355,-3.164793,7.725276,348.994578,64545.700763
460,11.815899,-4.743648,3.47247,178.57587,13041.165634
461,0.28327,-0.734479,3.526661,108.430656,13451.377814
461,5.566286,-3.255831,5.592444,217.296862,33825.369118
461,4.597344,-2.958916,10.75249,250.090547,125042.428066
461,5.580067,-3.259859,10.599772,245.352804,121515.692634
461,-12.341954,4.848094,12.937473,138.313101,60341.626955
461,-12.375775,4.854732,6.160175,354.780399,13680.567908
461,10.919305,-4.560123,9.13595,245.956986,90270.697017
461,9.884385,-4.338643,6.956453,263.527183,52337.752163
461,-22.491357,6.544657,7.161962,146.976809,18491.923882
461,19.31296,-6.064619,4.896645,37.954846,25932.033968
461,5.756237,-3.310918,5.884444,91.402944,37449.859043
461,10.445691,-4.460132,7.851969,68.651953,66680.130729
461,-10.001286,4.364224,2.358609,271.82555,2005.533521
461,16.216443,-5.557211,13.371925,301.085932,193386.952932
462,13.583515,-5.086103,9.055864,222.634051,88694.993657
462,13.32168,-5.036845,7.005761,269.293452,53082.323865
462,-15.598386,5.450281,7.72708,318.905185,21525.285654
462,7.138125,-3.686983,12.226869,52.217781,161685.057632
462,21.998934,-6.472617,6.894003,287.711107,51402.264854
462,5.724226,-3.301699,9.940684,191.594438,106873.956384
462,15.488614,-5.43107,7.660212,55.757206,63463.049843
462,12.532833,-4.88544,2.209729,68.838108,5281.014147
462,11.885571,-4.757613,9.312452,348.333519,93792.359423
462,13.512712,-5.072831,3.767818,73.545959,15353.912475
462,15.786536,-5.483054,4.316477,241.600264,20151.071879
462,16.539658,-5.612319,4.361925,160.096185,20577.648843
462,12.019812,-4.784405,11.25229,355.452902,136937.113016
462,14.054107,-5.173456,8.088821,253.363186,70763.582931
463,8.598842,-4.046682,44.277458,173.245365,2120336.041051
463,-9.762644,4.311842,24.327952,298.291495,213367.944636
463,-7.359023,3.743598,6.242985,99.075023,14050.851289
463,10.4359,-4.458041,4.782739,208.960316,24739.604698
463,8.18168,-3.947302,7.149847,155.82644,55288.249673
463,0.997559,-1.378315,8.841793,160.029449,84551.250959
463,16.801279,-5.656532,6.247746,213.815662,42216.877954
463,11.921837,-4.764866,7.682449,185.143125,63832.036048
463,18.273525,-5.899161,6.345644,252.409973,43550.257979
463,20.418042,-6.235713,6.237919,1.849991,42084.170226
463,15.463138,-5.426601,2.425472,0.915416,6362.55788
463,-3.842144,2.704991,11.755904,143.008124,49823.027911
463,12.847392,-4.94637,9.898504,98.229707,105968.899513
463,5.270929,-3.168273,10.485933,8.952449,118919.605955
464,-6.416842,3.495745,6.528767,62.805702,15366.695361
464,11.90069,-4.760638,7.495905,64.336671,60769.759901
464,6.645585,-3.557506,3.344337,104.419831,12096.489854
464,-5.413737,3.210907,7.581039,88.611383,20719.319913
464,16.099655,-5.537164,7.241392,26.088548,56713.1016
464,-12.790809,4.935465,9.8473,140.544411,34958.46857
464,4.689234,-2.98834,8.047544,329.434263,70043.204305
464,9.965727,-4.356459,19.236128,126.739029,400197.746528
464,6.56818,-3.536728,11.159527,325.740298,134688.626629
464,-8.93729,4.125552,4.493976,102.948189,7280.808979
464,-7.845122,3.865262,8.953915,136.666884,28903.074293
464,7.330557,-3.73635,6.639988,315.054289,47684.140989
464,9.419363,-4.235355,3.279667,64.131406,11633.1877
465,14.211438,-5.202332,16.822155,45.288394,306057.194577
465,11.903489,-4.761198,5.167026,324.475727,28874.91008
465,-7.709003,3.831583,5.09502,338.599064,9358.577256
465,7.974022,-3.896887,4.790996,134.076111,24825.101419
465,-17.413142,5.75861,11.001474,14.353561,43633.475799
465,13.584372,-5.086264,13.081722,45.598916,185084.117994
465,16.002034,-5.520351,4.263387,83.539148,19658.430294
465,0.438246,-0.913562,5.690052,168.51998,35016.431005
465,-15.454977,5.425169,22.841074,51.649187,188083.679587
465,7.548636,-3.79152,3.887284,203.138584,16343.004
465,12.790177,-4.935343,6.856257,54.317198,50840.93522
465,9.448216,-4.241837,9.792658,236.933307,103714.737675
465,16.615698,-5.625205,6.278865,48.096054,42638.474172
466,10.970649,-4.570832,8.118665,91.771161,71286.706342
466,4.315882,-2.866909,9.628171,293.430684,100259.825454
466,-14.248425,5.209098,4.113629,321.819574,6100.540775
466,14.261882,-5.211557,6.69434,239.45263,48467.967047
466,2.519109,-2.190295,3.664304,269.626338,14521.863349
466,13.490381,-5.068637,9.010209,51.158819,87802.94059
466,11.492254,-4.678231,7.357006,55.160462,58538.500929
466,13.530179,-5.076108,6.072278,94.892011,39878.846036
466,3.511344,-2.585924,5.888201,344.632212,37497.691237
466,14.130207,-5.187443,8.144715,254.315913,71744.906524
466,3.017946,-2.397369,4.355489,212.083351,20516.964938
466,-9.891978,4.340309,7.69502,151.766869,21347.037875
467,-9.441787,4.240394,10.66706,32.301806,41021.126781
467,-17.289998,5.738212,3.937058,240.91058,5588.068215
467,11.998083,-4.780078,8.783637,328.549536,83442.649532
467,13.241478,-5.02166,8.618298,158.065388,80330.850314
467,-6.975816,3.644824,10.048945,192.823475,36404.833864
467,6.76474,-3.589258,7.355547,21.536444,58515.280124
467,-4.045468,2.775642,15.512181,104.086948,86748.870371
467,15.268305,-5.392306,5.056675,190.398468,27654.724356
467,6.037833,-3.390936,7.010607,51.027348,53155.796665
467,2.045775,-1.973822,9.84558,60.109449,104838.783839
467,2.52266,-2.191838,8.747099,94.031416,82749.882359
467,20.605735,-6.264309,6.227723,110.841109,41946.708305
468,13.115224,-4.997663,5.649149,192.045811,34514.799365
468,13.410916,-5.053687,5.094475,234.435067,28069.726352
468,-10.278255,4.424241,9.25554,68.674839,30883.152587
468,-14.168856,5.194533,3.168271,70.958138,3618.783362
468,17.842895,-5.829237,8.751884,188.444267,82840.448099
468,-4.897272,3.05391,4.16607,213.885991,6257.073088
468,8.803508,-4.094558,13.187568,263.94852,188091.310175
468,11.847212,-4.74993,3.771008,71.379028,15379.927498
468,13.834913,-5.132953,14.531962,116.638807,228395.644732
468,-2.022661,1.96264,5.808936,79.132012,12164.974519
468,13.756695,-5.118423,4.734392,251.627226,24241.956996
468,-13.428905,5.057075,6.890796,337.336052,17118.152167
469,-7.739621,3.839184,10.280231,136.195193,38099.898623
469,15.57722,-5.446582,5.026073,166.914218,27321.024138
469,11.771089,-4.734645,16.072495,21.357909,279386.844476
469,12.975646,-4.970998,4.352864,203.89462,20492.243342
469,13.523534,-5.074861,6.790027,132.274778,49863.450574
469,19.001053,-6.015447,18.162956,9.286945,356789.782715
469,-14.283377,5.215483,8.872106,239.979965,28377.327097
469,9.26082,-4.19956,14.181343,145.27835,217507.404599
469,8.701109,-4.070675,2.762658,297.790492,8254.5513
469,4.963233,-3.074407,1.988735,266.028526,4277.532591
469,9.197519,-4.185183,2.219148,65.736609,5326.130028
470,7.590155,-3.801932,4.68805,230.632588,23769.707356
470,13.322555,-5.03701,7.572132,54.526982,62011.99592
470,5.995637,-3.379066,4.927196,272.107941,26256.630057
470,-0.765544,-1.207436,2.68223,147.816429,7780.925682
470,14.56916,-5.267401,5.99731,93.375776,38900.239457
470,6.056032,-3.396043,5.993471,317.531945,38850.464593
470,6.415145,-3.495283,8.616217,313.600913,80292.065516
470,11.455357,-4.670715,4.572476,103.172272,22612.17254
470,9.149497,-4.174243,5.464837,319.1145,32299.343149
470,8.281788,-3.971377,9.477487,180.000313,97146.187134
470,-8.657039,4.060353,25.370309,21.394583,232043.603532
471,-10.024975,4.369389,4.654428,228.315963,7809.995182
471,8.494598,-4.022078,14.324142,212.163008,221909.844011
471,-9.471442,4.247048,7.959692,159.67344,22840.761144
471,4.708797,-2.994567,6.927203,88.82051,51898.547514
471,-2.211993,2.052442,8.609575,303.431816,26722.770352
471,15.44526,-5.423463,13.789014,85.177219,205639.142461
471,20.335279,-6.223062,2.49146,125.053881,6713.471521
471,-3.916525,2.731049,12.91792,283.056631,60159.366054
471,9.108323,-4.16484,2.913776,256.782252,9182.302781
471,-12.355043,4.850664,3.584097,179.279721,4631.029539
472,16.070311,-5.532115,5.35902,248.214463,31060.612449
472,-13.23265,5.019986,3.584015,115.783389,4630.818212
472,9.645995,-4.286004,6.151484,6.808404,40925.980293
472,5.419642,-3.212657,3.260023,286.586168,11494.25228
472,5.347707,-3.191265,4.283876,64.66418,19847.832315
472,7.511709,-3.782235,20.094594,117.725478,436714.70581
472,11.185656,-4.615405,6.19843,34.353655,41553.028664
472,-14.687626,5.288773,6.934958,160.252306,17338.269226
472,-7.289306,3.725823,17.863514,93.636371,115040.798203
472,2.798463,-2.308548,2.197706,57.292809,5223.705196
473,10.098513,-4.385386,15.281451,141.665369,252562.284734
473,2.970616,-2.378496,3.622716,204.283898,14194.101509
473,9.468419,-4.24637,2.692295,291.805722,7839.43291
473,3.594241,-2.616271,6.528949,275.414777,46102.653079
473,17.660935,-5.799438,8.449196,292.718393,77209.386175
473,17.567012,-5.783997,7.463501,324.257106,60245.491006
473,10.024576,-4.369302,3.747587,266.745844,15189.478659
473,-5.673106,3.286923,6.340621,175.345106,14493.780935
473,-18.145472,5.878455,1.90362,118.304957,1306.4072
474,-13.879216,5.141165,9.560819,127.4232,32954.013074
474,12.604668,-4.899421,4.023003,243.038239,17504.110506
474,7.659652,-3.819298,2.774904,257.185618,8327.897155
474,10.125499,-4.391241,3.149648,169.011992,10729.104369
474,15.145983,-5.370662,6.752392,39.183528,49312.225848
474,-12.41929,4.86326,6.987266,36.215232,17600.807004
474,8.166615,-3.943666,5.15968,282.257736,28792.864845
474,2.964877,-2.376197,10.934379,10.736104,129308.649837
474,4.121115,-2.801473,5.360672,62.271293,31079.76641
475,-12.138576,4.807983,13.009857,149.423267,61018.724979
475,5.029289,-3.094799,6.453872,152.239985,45048.470117
475,3.047536,-2.409093,7.097557,104.322866,54482.509172
475,-8.343701,3.986194,12.46448,4.764161,56010.103397
475,10.376285,-4.445289,7.097483,19.055437,54481.377376
475,5.752502,-3.309844,5.343394,327.98723,30879.748346
475,15.745133,-5.475859,4.473943,283.306169,21648.118687
475,8.201209,-3.95201,6.460952,34.470513,45147.364796
475,8.625678,-4.052992,6.95194,127.143671,52269.870397
476,-10.552277,4.482829,7.075625,11.92117,18048.772166
476,8.247569,-3.963164,3.796171,213.386222,15585.864846
476,4.658632,-2.978573,11.535632,147.993188,143920.316541
476,11.520621,-4.684002,5.878855,116.54764,37378.760597
476,-15.624868,5.454906,5.180215,335.928022,9674.167288
476,8.612109,-4.049803,6.100131,85.64214,40245.525128
476,2.60939,-2.229198,1.167351,216.440371,1473.812182
476,11.461186,-4.671904,5.21738,349.930763,29440.433801
477,12.287628,-4.837412,12.257895,319.756462,162506.642292
477,-6.884715,3.620946,19.975934,17.69091,143857.420287
477,3.613415,-2.62324,6.562602,75.575613,46579.145343
477,13.588339,-5.087006,3.030696,191.991903,9933.998243
477,12.971415,-4.970187,4.852129,50.674837,25462.673376
477,13.94998,-5.154255,6.303693,1.913784,42976.342339
477,4.42158,-2.901802,8.004402,344.591132,69294.233707
477,11.814281,-4.743323,4.957052,117.150289,26575.799706
478,13.541289,-5.078192,2.813616,335.557639,8561.874958
478,12.490233,-4.87713,7.899651,197.913282,67492.441574
478,6.735432,-3.581474,6.925626,234.162014,51874.913923
478,13.751984,-5.117546,19.36363,333.820912,405520.562079
478,10.221738,-4.412061,5.771436,22.137417,36025.25888
478,14.339116,-5.22565,4.945745,242.874515,26454.697595
478,17.533581,-5.77849,8.419621,37.671588,76669.810887
479,8.137148,-3.936545,9.899589,66.729785,105992.134035
479,7.375669,-3.747829,8.779245,77.681994,83359.224222
479,5.574578,-3.258255,8.123978,358.837883,71380.049818
479,11.306708,-4.640312,11.879924,231.095692,152639.402811
479,22.281328,-6.514028,3.231492,14.610904,11293.938095
479,9.357439,-4.22141,3.238087,117.198166,11340.086768
479,13.649778,-5.098494,9.109294,63.227263,89744.685265
480,-0.837793,-1.263128,4.719208,81.631078,24086.713491
480,9.325461,-4.214191,6.267003,200.285142,42477.514374
480,6.833392,-3.607425,5.917029,169.525408,37865.762031
480,9.071013,-4.156301,3.735155,300.876937,15088.867125
480,-9.730804,4.304805,6.327066,98.967655,14431.875779
480,-16.872074,5.668437,1.949078,29.130459,1369.545513
481,-7.218366,3.707648,12.062724,277.730398,52457.653543
481,7.723082,-3.83508,3.226621,281.246211,11259.92063
481,-11.795944,4.739641,11.503712,242.005932,47708.312561
481,10.252216,-4.418633,5.37381,299.133187,31232.296767
481,11.64865,-4.709956,11.272416,92.141046,137427.401505
481,12.908203,-4.958062,11.987532,318.004899,155417.129895
482,9.237365,-4.194239,17.346882,136.722396,325448.446984
482,13.837693,-5.133469,15.032151,89.502447,244388.970849
482,6.007313,-3.382355,4.957351,302.828055,26579.006295
482,11.151872,-4.60843,7.311261,234.885125,57812.789576
482,2.286689,-2.086809,4.226024,98.261435,19315.381941
482,18.405503,-5.920426,11.800472,13.561409,150604.54611
483,10.549392,-4.482216,6.736896,223.054291,49086.158574
483,7.77055,-3.846847,3.689321,191.672942,14720.824766
483,12.667315,-4.911582,8.187328,113.760593,72497.605217
483,7.712818,-3.832531,6.066644,272.766202,39804.883147
483,8.327106,-3.982228,6.014839,234.894716,39127.968313
484,12.379778,-4.855517,7.49048,266.037617,60681.816409
484,-3.587266,2.613731,5.039522,238.185718,9155.808936
484,-9.718468,4.302075,11.810773,164.24244,50289.197912
484,12.421563,-4.863705,10.542429,267.037178,120204.486046
484,9.482694,-4.24957,4.102112,203.422774,18199.282813
485,-12.315245,4.842845,6.972161,197.28692,17524.793409
485,8.283097,-3.971691,7.715652,150.08074,64384.992372
485,7.352274,-3.741881,9.903428,197.554272,106074.364344
485,10.748477,-4.524312,7.194695,270.907433,55984.016246
486,10.915691,-4.559368,8.941112,272.171316,86461.435722
486,10.792612,-4.533591,5.014054,151.311267,27190.510324
486,-16.056279,5.5297,12.663803,243.262321,57815.774197
486,-13.091816,4.993201,7.418464,99.243584,19840.198774
487,-10.081564,4.381704,4.714218,90.287598,8011.934098
487,14.932326,-5.332647,8.124913,209.058764,71396.469401
487,13.877859,-5.140914,6.129239,65.890498,40630.52108
487,-4.914127,3.059161,13.596379,86.824556,66644.540777
488,17.436706,-5.762505,6.1234,93.40384,40553.144338
488,10.913725,-4.558958,10.186959,89.584259,112235.035649
488,9.833828,-4.327533,56.650565,56.234714,3470945.718785
489,11.467442,-4.673178,1.896147,55.869065,3888.511028
489,-2.882581,2.342987,7.707696,44.80276,21417.425146
489,5.498887,-3.23606,8.237052,267.447839,73380.884344
490,4.611155,-2.963357,12.289863,47.15847,163355.374551
490,14.786859,-5.306609,4.804025,216.500971,24960.301456
490,-12.721205,4.922018,6.816896,346.113764,16752.95518
491,8.098777,-3.927252,7.687063,318.626217,63908.738863
491,-11.724758,4.725318,8.958051,142.860169,28929.780151
492,4.642993,-2.973569,4.891758,309.794195,25880.300185
492,4.568032,-2.949468,7.22904,50.003486,56519.791834
493,5.906437,-3.353836,5.250109,232.733363,29810.957824
493,4.544054,-2.941717,5.670935,56.736393,34781.52738
494,2.481105,-2.17371,4.305605,303.086144,20049.68979
495,5.683413,-3.289907,4.9778,170.619322,26798.731479
496,11.266934,-4.632143,4.221623,312.760936,19275.171774
497,11.808281,-4.742119,4.254735,133.579875,19578.719869
498,-6.071311,3.400324,8.453818,67.950117,25764.629754
