0,1,2,3,4,5
1,-22,-4.312603,7.49428415,63,108140.586
2,23,4.40952778,6.45249128,155,82313.4531
2,-26,-4.68829393,4.0260272,308,32045.6719
3,34,5.361269,4.46025467,183,48038.2734
3,-21,-4.21344948,1.50857139,192,5495.40625
3,34,5.361269,1.56252623,52,5895.52783
3,-34,-5.361269,5.38190079,279,69942.2188
3,38,5.66787052,7.61517477,209,140032.188
3,-24,-4.50436687,1.26893139,120,3888.16211
3,30,5.03603554,5.95478153,353,85624.8281
3,-28,-4.86527205,4.01395607,349,38905.7031
4,23,4.40952778,4.5636816,202,48355.7031
4,-18,-3.90089607,3.81385946,89,33771.1914
4,41,5.88735294,1.5532136,161,5601.17773
4,-29,-4.95138979,2.87812042,171,19232.4648
4,21,4.21344948,3.57028079,80,29595.2324
4,-42,-5.95871735,2.7306838,95,17312.502
5,28,4.86527205,3.60510969,202,30537.8867
5,-21,-4.21344948,7.0916996,30,118168.75
5,41,5.88735294,2.21802521,66,11559.3906
5,-20,-4.11190557,4.37613201,3,44996.9258
5,22,4.312603,1.6718328,285,6567.3125
5,-19,-4.00779009,1.51934767,343,5423.95752
6,27,4.7776022,7.68523788,22,126035.195
6,-24,-4.50436687,2.82315087,260,17007.6914
6,21,4.21344948,3.72352862,148,29586.0215
6,-38,-5.66787052,2.36093736,271,11894.498
7,28,4.86527205,5.27696228,306,58978.0781
7,-26,-4.68829393,7.91553402,222,132703.719
7,28,4.86527205,2.38091278,79,12006.3135
8,-38,-5.66787052,5.02434444,4,61964.0742
8,41,5.88735294,4.17874622,352,42862.0742
8,-33,-5.28183842,2.18965673,346,11768.8281
8,22,4.312603,3.56934619,195,31272.2051
8,-34,-5.361269,1.00947952,198,2501.36011
8,40,5.81511259,6.33625221,107,98547.6094
8,-23,-4.40952778,3.41195107,122,28575.0352
8,39,5.74196386,1.68282437,180,6951.18408
8,-29,-4.95138979,4.25351572,335,44409.6406
9,30,5.03603554,5.84421444,330,94022.8516
9,-32,-5.20119476,7.7406168,248,164942.375
9,38,5.66787052,2.54295921,52,17801.6348
9,-36,-5.51670027,5.52652073,52,84078.4609
9,29,4.95138979,2.23819256,137,13790.373
9,-41,-5.88735294,7.32978249,359,147898.344
9,33,5.28183842,6.6784029,266,122779.641
9,-28,-4.86527205,6.93846035,239,132527.906
9,38,5.66787052,2.7230351,327,20412.0977
10,-34,-5.361269,1.07187247,287,3224.50366
10,35,5.43953991,4.9747839,67,69458.4453
10,-42,-5.95871735,4.20669079,267,49665.8438
10,41,5.88735294,2.85318995,221,22847.4629
10,-39,-5.74196386,4.58785725,259,59074.0078
10,24,4.50436687,4.12532187,178,47763.0742
10,-30,-5.03603554,7.29573154,48,149387.516
10,30,5.03603554,1.37041569,231,5270.85742
10,-19,-4.00779009,3.6001296,82,36375.8281
10,27,4.7776022,7.39630461,324,153534.578
10,-31,-5.11928129,4.6916399,317,61776.8828
10,39,5.74196386,5.4148407,315,82290.1797
11,-28,-4.86527205,1.23614025,20,3576.08472
11,36,5.51670027,7.83051348,214,143500.297
11,-40,-5.81511259,1.45370698,273,4945.68066
11,36,5.51670027,3.47419381,40,28247.5234
11,-38,-5.66787052,4.79085636,93,53715.3789
11,35,5.43953991,6.93521261,340,112562.023
11,-36,-5.51670027,4.14575624,216,40223.4961
12,16,3.67780018,7.72780228,80,154851.625
12,-40,-5.81511259,4.19319248,145,45592.4922
12,30,5.03603554,7.00791931,350,127345.016
12,-28,-4.86527205,1.12988949,169,3310.36353
12,17,3.79098964,7.07448816,358,129775.812
12,-35,-5.43953991,6.92961502,284,124515.102
12,29,4.95138979,1.04627275,206,2838.53076
12,-34,-5.361269,1.73275709,218,7785.3667
12,35,5.43953991,3.47397184,334,31293.6582
13,-20,-4.11190557,1.05690384,247,2991.47949
13,40,5.81511259,5.38802767,136,77745.3984
13,-39,-5.74196386,5.60214138,190,84047.1953
13,39,5.74196386,6.20851231,326,103226.266
13,-30,-5.03603554,5.47699165,349,80333.9766
13,18,3.90089607,2.79908156,169,20981.9648
13,-27,-4.7776022,5.19053841,220,72150.5938
13,42,5.95871735,4.39693546,17,51774.418
13,-21,-4.21344948,1.29368663,244,4482.01465
13,27,4.7776022,2.00031328,107,10715.4668
13,-23,-4.40952778,6.27508926,79,105452.016
13,29,4.95138979,4.44227505,56,52847.6836
14,-39,-5.74196386,7.32123756,172,125863.438
14,27,4.7776022,3.06866717,280,22112.1113
14,-28,-4.86527205,7.10952377,103,118689.32
14,37,5.59279633,7.77597284,249,141984.219
14,-25,-4.59724998,1.77699709,8,7414.87842
15,20,4.11190557,5.00213909,10,64286.0898
15,-42,-5.95871735,1.96697974,357,9940.43066
15,19,4.00779009,6.03225613,135,93489.9688
15,-32,-5.20119476,4.15275908,66,44307.6719
15,32,5.20119476,6.42601871,130,106093.664
15,-15,-3.56101489,7.10775852,341,129798.828
16,15,3.56101489,6.12107658,314,103910.711
16,-36,-5.51670027,5.94394302,12,97983.7422
16,35,5.43953991,3.87581015,286,41661.0039
16,-23,-4.40952778,6.75210762,168,126439.695
16,26,4.68829393,6.69297886,184,124234.906
16,-34,-5.361269,6.89984322,258,132033.188
16,34,5.361269,4.6707201,153,60502.3789
16,-20,-4.11190557,3.80907297,173,40238.6406
16,38,5.66787052,5.10972023,73,72410.0781
16,-34,-5.361269,4.09193516,109,46436.793
17,38,5.66787052,6.15399313,171,106552.734
17,-17,-3.79098964,6.17670536,308,107340.695
17,17,3.79098964,2.90002346,172,23662.1191
17,-36,-5.51670027,7.7158432,142,167501.0
17,32,5.20119476,6.18937302,294,107781.414
17,-20,-4.11190557,5.80650711,195,94859.4297
17,20,4.11190557,3.97851443,35,44534.0781
17,-17,-3.79098964,3.89456224,121,42674.4453
17,25,4.59724998,6.91171741,70,134407.188
17,-41,-5.88735294,1.25452352,337,4428.00635
17,41,5.88735294,1.79420543,122,9057.21973
17,-25,-4.59724998,7.23143768,44,147129.547
18,22,4.312603,5.79192352,44,85627.1172
18,-34,-5.361269,3.88433337,184,38512.2305
18,22,4.312603,3.01368761,28,23182.5977
18,-36,-5.51670027,7.06340981,203,127348.688
18,36,5.51670027,2.74414873,147,19221.2188
18,-26,-4.68829393,5.91447639,309,89289.0625
18,22,4.312603,5.63116264,205,80939.7422
19,-19,-4.00779009,3.95002747,351,41018.625
19,14,3.44026709,1.13311553,110,3375.43091
19,-19,-4.00779009,5.29216099,53,73628.6719
19,41,5.88735294,4.37539434,310,50328.6484
19,-20,-4.11190557,3.27451968,34,28188.7695
19,36,5.51670027,1.87526536,352,9244.98828
19,-17,-3.79098964,4.60824871,276,55828.0781
19,25,4.59724998,3.83357954,48,38635.7969
19,-30,-5.03603554,3.97771001,193,41595.5703
19,18,3.90089607,4.37558937,346,50333.1367
20,-37,-5.59279633,6.53491497,296,106753.273
20,18,3.90089607,3.33396697,173,27785.8672
20,-41,-5.88735294,6.98502684,112,121965.641
20,21,4.21344948,1.35068727,195,4560.48438
20,-20,-4.11190557,1.01391053,319,2569.80762
20,16,3.67780018,3.80198002,102,36134.4141
20,-20,-4.11190557,4.89862919,245,59986.082
20,31,5.11928129,5.26523113,94,69300.4766
21,-33,-5.28183842,6.75403023,171,130642.633
21,36,5.51670027,3.99890041,227,45797.3242
21,-33,-5.28183842,3.52787328,317,35643.875
21,35,5.43953991,3.98783708,229,45544.2695
21,-32,-5.20119476,6.58312988,220,124114.852
21,31,5.11928129,1.695328,68,8231.26172
21,-15,-3.56101489,4.3900342,220,55194.3594
21,30,5.03603554,4.33214235,177,53748.25
21,-20,-4.11190557,4.32093525,176,53470.5234
21,22,4.312603,4.98292828,232,71109.5938
21,-33,-5.28183842,1.09249377,272,3418.19507
22,17,3.79098964,1.56989789,230,7277.02832
22,-35,-5.43953991,3.28962016,57,31952.3496
22,28,4.86527205,3.66315675,137,39620.7148
22,-29,-4.95138979,2.6895597,181,21358.6445
22,30,5.03603554,5.45270348,331,87787.9688
22,-23,-4.40952778,7.60357904,288,170705.469
22,33,5.28183842,2.35628104,114,16393.2656
22,-18,-3.90089607,4.03542662,274,48082.8516
22,18,3.90089607,1.41757965,267,5933.43555
22,-27,-4.7776022,5.27762985,75,82241.1406
22,38,5.66787052,5.1436348,79,78118.0781
22,-36,-5.51670027,7.06867361,37,147532.312
22,29,4.95138979,7.19983149,307,153057.969
22,-34,-5.361269,6.59051037,312,128247.656
22,22,4.312603,6.70680952,112,132813.812
23,-17,-3.79098964,1.36601138,118,5240.56445
23,28,4.86527205,6.56813145,336,121158.273
23,-22,-4.312603,1.60230851,87,7210.43896
23,30,5.03603554,2.00058532,131,11240.4463
23,-28,-4.86527205,3.84598637,131,41541.7617
23,26,4.68829393,2.50898647,312,17679.3398
23,-21,-4.21344948,1.54240227,208,6681.35791
23,24,4.50436687,3.17441559,172,28300.6895
23,-25,-4.59724998,6.42132759,56,115802.82
23,26,4.68829393,5.26123714,149,77740.1172
23,-27,-4.7776022,2.62056112,56,19286.7031
23,24,4.50436687,7.79365015,113,170589.094
23,-21,-4.21344948,4.88125038,274,66916.25
23,16,3.67780018,7.20181561,17,145664.406
24,-24,-4.50436687,4.93909216,290,77641.0469
24,21,4.21344948,6.32512856,267,127331.492
24,-32,-5.20119476,5.4465723,95,94415.5938
24,32,5.20119476,2.54736519,232,20652.832
24,-28,-4.86527205,2.57035136,183,21027.2324
24,34,5.361269,3.91732478,87,48840.0742
24,-34,-5.361269,4.49608612,297,64337.8281
24,40,5.81511259,1.72625661,56,9484.35645
24,-26,-4.68829393,6.20967865,180,122725.672
24,40,5.81511259,4.07743692,109,52914.1328
24,-23,-4.40952778,7.4826231,313,178198.859
24,26,4.68829393,6.47110319,294,133276.578
24,-28,-4.86527205,1.83247566,125,10687.4375
24,32,5.20119476,6.42350006,166,131322.953
24,-25,-4.59724998,6.79510403,316,146956.719
24,30,5.03603554,1.32942843,349,5625.05957
24,-41,-5.88735294,7.70671082,223,189031.984
25,17,3.79098964,6.71227694,330,141226.188
25,-31,-5.11928129,2.2388835,142,15712.2559
25,22,4.312603,4.93091297,326,76213.1953
25,-28,-4.86527205,1.85175848,58,10748.4102
25,27,4.7776022,1.53041935,322,7341.69727
25,-36,-5.51670027,4.77603769,325,71500.8203
25,13,3.31512427,2.87386298,287,25888.5488
25,-20,-4.11190557,2.02314758,342,12830.1182
25,31,5.11928129,5.05288506,162,80030.2812
25,-28,-4.86527205,7.84824562,22,193072.625
25,38,5.66787052,5.48108196,295,94169.0391
25,-20,-4.11190557,1.55598235,194,7589.00488
25,40,5.81511259,7.41072083,157,172145.828
25,-19,-4.00779009,2.01114464,312,12678.332
25,36,5.51670027,6.33522224,75,125805.398
25,-32,-5.20119476,7.08517599,17,157353.641
25,25,4.59724998,4.56826782,349,65415.1953
26,-35,-5.43953991,3.89752293,351,46602.6641
26,13,3.31512427,7.69310045,348,181566.688
26,-17,-3.79098964,1.95201111,271,11689.5537
26,32,5.20119476,6.45722437,201,127916.086
26,-32,-5.20119476,6.5918169,265,133304.141
26,25,4.59724998,7.67811346,340,180859.953
26,-29,-4.95138979,2.0547905,104,12952.9443
26,34,5.361269,4.8801589,136,73063.6328
26,-40,-5.81511259,2.83961153,312,24737.2402
26,32,5.20119476,7.3751626,308,166869.359
26,-20,-4.11190557,6.38500977,170,125070.977
26,34,5.361269,3.88300323,163,46256.082
26,-17,-3.79098964,1.65324926,57,8385.13477
26,13,3.31512427,4.18426704,291,53712.1016
27,-26,-4.68829393,3.97989631,155,44779.6953
27,14,3.44026709,6.13396263,172,106370.18
27,-16,-3.67780018,5.53677273,77,86666.4531
27,39,5.74196386,6.54129982,235,120966.672
27,-35,-5.43953991,5.65373611,93,90366.7578
27,34,5.361269,5.3487277,294,80879.5234
27,-25,-4.59724998,3.06894922,40,26626.6836
27,12,3.18506837,4.85047197,131,66512.8672
27,-29,-4.95138979,7.89574337,270,176247.797
27,27,4.7776022,5.79060173,126,94794.9062
27,-14,-3.44026709,2.6579535,354,19972.5
28,28,4.86527205,6.24531698,213,115864.148
28,-23,-4.40952778,1.06272173,101,3354.89722
28,18,3.90089607,5.18174458,324,79761.2812
28,-23,-4.40952778,3.59009767,277,38287.1094
28,30,5.03603554,6.77433777,70,136324.469
28,-31,-5.11928129,2.2978785,184,15685.3496
28,33,5.28183842,2.46341634,198,18026.6797
28,-28,-4.86527205,5.65385151,215,94957.4141
28,20,4.11190557,7.30596066,48,158560.406
28,-36,-5.51670027,5.30208445,249,83509.0234
28,23,4.40952778,3.14065647,283,29300.9023
28,-32,-5.20119476,6.03803587,145,108300.75
28,21,4.21344948,3.2868681,9,32092.584
28,-12,-3.18506837,6.40918922,135,122024.289
28,15,3.56101489,4.25702858,127,53833.5781
28,-27,-4.7776022,1.9088459,150,10823.8525
29,35,5.43953991,1.9855082,72,12725.8984
29,-18,-3.90089607,2.45890021,74,19517.623
29,13,3.31512427,6.74088097,350,146682.547
29,-14,-3.44026709,6.9830389,38,157410.625
29,16,3.67780018,2.93910313,236,27885.2656
29,-33,-5.28183842,6.51639652,49,137075.594
29,-20,-4.11190557,7.09857559,13,162662.547
29,-13,-3.31512427,5.78583384,340,108063.0
29,-26,-4.68829393,6.52092552,240,137266.172
29,-25,-4.59724998,6.21584034,336,124722.5
29,27,4.7776022,2.63964033,148,22492.3398
29,-25,-4.59724998,6.44963264,43,134281.156
29,16,3.67780018,4.98449373,72,80202.375
29,-20,-4.11190557,6.40229797,37,132317.375
29,37,5.59279633,7.442307,94,178797.031
30,-32,-5.20119476,7.87837315,107,195448.609
30,-29,-4.95138979,7.84919214,112,194003.422
30,-32,-5.20119476,7.38559532,181,171763.344
30,21,4.21344948,6.70291233,15,141477.234
30,-13,-3.31512427,5.87832594,0,108809.508
30,41,5.88735294,7.04973602,106,156496.719
30,-28,-4.86527205,3.93207312,68,48685.8398
30,12,3.18506837,7.37485695,276,171264.234
30,-37,-5.59279633,1.2260015,140,4733.0542
30,12,3.18506837,5.40920162,75,92135.2578
30,-23,-4.40952778,4.47014952,232,62922.1523
30,26,4.68829393,6.81435537,77,146220.75
30,-29,-4.95138979,2.87403822,20,26010.252
30,34,5.361269,4.96064138,196,77488.125
30,-32,-5.20119476,4.52552128,315,64490.6484
30,28,4.86527205,6.46064091,185,131434.922
30,-13,-3.31512427,1.01104665,183,3218.85815
30,15,3.56101489,4.68150282,291,69012.875
31,-40,-5.81511259,3.01900315,309,28424.2559
31,16,3.67780018,5.40808296,23,91211.3203
31,-21,-4.21344948,6.66599751,63,138577.375
31,29,4.95138979,1.44306755,287,6494.34521
31,-29,-4.95138979,6.65698051,337,138202.703
31,14,3.44026709,3.88277459,235,47016.0742
31,-27,-4.7776022,4.79827785,30,71801.3828
31,39,5.74196386,5.66826248,355,100198.672
31,-21,-4.21344948,4.51118517,77,63466.3203
31,36,5.51670027,3.50768256,54,38370.957
31,-40,-5.81511259,7.64077759,161,182069.469
31,18,3.90089607,4.56656551,297,65034.1406
31,-18,-3.90089607,3.26348305,40,33214.2734
31,23,4.40952778,5.3860569,95,90469.8516
31,-35,-5.43953991,7.47269821,355,174147.375
31,37,5.59279633,7.64826107,230,182426.297
31,-18,-3.90089607,4.34545231,306,58888.707
31,33,5.28183842,4.02354383,239,50486.9883
31,-31,-5.11928129,4.70514154,193,69041.0469
31,24,4.50436687,1.33741093,78,5578.17041
31,-18,-3.90089607,1.89284086,60,11173.5254
32,30,5.03603554,5.99511433,252,119099.109
32,-14,-3.44026709,2.90717649,125,28006.3398
32,17,3.79098964,1.94034028,285,12475.8262
32,-14,-3.44026709,6.31811237,150,132278.188
32,27,4.7776022,6.51721907,198,140746.703
32,-11,-3.0494709,6.92730188,209,159016.344
32,16,3.67780018,4.16521597,341,57489.5078
32,-28,-4.86527205,5.78892469,231,111047.648
32,23,4.40952778,2.47994041,4,20379.6191
32,-13,-3.31512427,3.38211393,7,37904.4297
32,31,5.11928129,4.19432211,221,58295.7812
32,-22,-4.312603,4.99866772,235,82798.4375
32,36,5.51670027,6.62512207,84,145445.844
32,-14,-3.44026709,7.43363667,206,183111.75
32,40,5.81511259,2.14392805,304,15231.1943
32,-11,-3.0494709,5.00999165,280,83173.9922
32,13,3.31512427,7.9500556,230,209437.25
32,-25,-4.59724998,1.61157274,176,8606.23926
32,34,5.361269,3.72330165,66,45937.7773
33,-39,-5.74196386,5.55116224,176,88707.1484
33,18,3.90089607,3.39168525,297,33114.7773
33,-21,-4.21344948,4.06755829,263,47627.5625
33,34,5.361269,2.45914388,233,17408.3926
33,-25,-4.59724998,3.85914755,196,42871.9844
33,33,5.28183842,6.69331121,85,128965.281
33,-31,-5.11928129,5.48206329,114,86512.5078
33,31,5.11928129,4.05041504,141,47226.9414
33,-33,-5.28183842,1.34997129,66,5246.13916
33,12,3.18506837,2.98551607,250,25658.4023
33,-17,-3.79098964,2.58615613,346,19253.0801
33,17,3.79098964,3.54531527,169,36182.6602
33,-27,-4.7776022,3.12557769,93,28122.3359
33,30,5.03603554,4.59024715,310,60654.4883
33,-29,-4.95138979,2.31167722,356,15383.1455
33,22,4.312603,3.37494588,15,32788.7148
34,-17,-3.79098964,2.73129296,217,21514.8203
34,18,3.90089607,6.86122227,189,135770.094
34,-30,-5.03603554,6.5753994,223,124693.961
34,15,3.56101489,4.74612904,40,64965.1133
34,-33,-5.28183842,4.19341278,114,50714.9922
34,15,3.56101489,3.69470286,139,39369.5273
34,-12,-3.18506837,7.89882612,134,179939.406
34,30,5.03603554,1.5848248,126,7243.75342
34,-14,-3.44026709,2.16455936,251,13512.6387
34,39,5.74196386,1.77433515,215,9079.71973
34,-25,-4.59724998,2.27458024,226,14921.1963
34,29,4.95138979,2.87542176,295,23845.3809
34,-38,-5.66787052,7.21680784,42,150207.438
34,11,3.0494709,4.9045186,276,69373.5469
35,-28,-4.86527205,6.25401878,182,126445.156
35,32,5.20119476,7.29915953,345,172238.219
35,-25,-4.59724998,2.98621368,151,28828.7344
35,12,3.18506837,7.30660629,78,172589.844
35,-24,-4.50436687,2.14378953,315,14857.5811
35,26,4.68829393,2.67627835,288,23155.0859
35,-34,-5.361269,6.2231617,90,125200.484
35,12,3.18506837,6.68296909,183,144385.203
35,-24,-4.50436687,6.67506504,283,144043.875
35,40,5.81511259,6.81970787,171,150354.125
35,-25,-4.59724998,1.82775092,274,10799.8535
35,20,4.11190557,4.0216279,117,52286.2617
35,-24,-4.50436687,7.50467968,113,182074.078
35,33,5.28183842,6.18107653,86,123512.828
35,-17,-3.79098964,6.35744095,22,130661.758
35,16,3.67780018,2.53158545,0,20719.0098
35,-22,-4.312603,3.36009407,23,36499.4805
35,39,5.74196386,5.11727524,245,84656.7109
35,-39,-5.74196386,5.06616592,86,82974.1094
35,18,3.90089607,7.07504892,311,161823.906
35,-13,-3.31512427,2.36346579,67,18058.5312
36,13,3.31512427,5.77533627,192,102593.531
36,-25,-4.59724998,5.09889412,135,79968.2109
36,14,3.44026709,4.13244152,332,52526.5469
36,-25,-4.59724998,7.95550966,195,194671.078
36,13,3.31512427,2.25851345,190,15689.5596
36,-35,-5.43953991,5.85321331,323,105379.008
36,21,4.21344948,4.98617268,96,76471.5781
36,-22,-4.312603,6.6095109,353,134370.531
36,19,4.00779009,4.072999,294,51026.2891
36,-31,-5.11928129,2.91023064,60,26050.748
36,27,4.7776022,4.25591087,171,55712.2188
36,-36,-5.51670027,4.10513306,88,51834.6172
36,32,5.20119476,3.98033857,192,48731.0117
36,-35,-5.43953991,6.55574131,62,132193.172
36,30,5.03603554,3.34741855,121,34465.5664
36,-21,-4.21344948,2.09075928,282,13445.3906
36,38,5.66787052,7.40843964,77,168818.031
37,-28,-4.86527205,5.65103436,140,104423.578
37,20,4.11190557,1.94118142,305,12321.8223
37,-26,-4.68829393,6.4482069,150,135962.969
37,23,4.40952778,2.02220964,87,13371.959
37,-22,-4.312603,3.28944159,339,35382.3789
37,17,3.79098964,7.66994572,288,192365.531
37,-12,-3.18506837,4.79940939,116,75321.3828
37,22,4.312603,3.68601942,29,44428.1211
37,-24,-4.50436687,1.94332433,79,12349.042
37,18,3.90089607,7.46079874,182,182017.578
37,-13,-3.31512427,3.65669632,51,43724.0625
37,16,3.67780018,6.11002016,322,122075.344
37,-34,-5.361269,2.10893393,206,14543.4902
37,25,4.59724998,4.87462807,211,77700.8359
37,-30,-5.03603554,7.90123463,147,204142.125
37,35,5.43953991,7.06329155,356,163138.672
37,-17,-3.79098964,7.76017952,311,196918.359
37,31,5.11928129,2.3482585,228,18031.6094
37,-17,-3.79098964,2.19319654,333,15728.8789
37,21,4.21344948,7.05888557,258,162935.219
37,-12,-3.18506837,3.70396709,22,44861.8281
38,23,4.40952778,2.57634616,137,20384.5996
38,-16,-3.67780018,6.65927315,244,136190.688
38,33,5.28183842,7.42652416,117,169381.094
38,-24,-4.50436687,1.59497857,357,7812.74219
38,10,2.9075563,4.82851219,179,71601.2266
38,-17,-3.79098964,2.82394028,45,24490.9043
38,29,4.95138979,2.96622324,157,27021.002
38,-22,-4.312603,7.32227898,189,164659.312
38,15,3.56101489,6.57404137,297,132726.797
38,-38,-5.66787052,2.91640568,94,26120.9902
38,14,3.44026709,3.04541564,195,28483.0742
38,-33,-5.28183842,1.32412291,258,5384.56152
38,38,5.66787052,2.53910232,298,19799.498
38,-15,-3.56101489,3.70134521,171,42073.9141
38,28,4.86527205,7.52510262,18,173907.609
38,-11,-3.0494709,6.4056778,320,126015.5
38,20,4.11190557,1.24499226,255,4760.22021
38,-18,-3.90089607,2.59788871,254,20726.9238
38,25,4.59724998,4.7373333,149,68922.6016
38,-34,-5.361269,3.37342715,27,34949.1406
38,35,5.43953991,5.19186974,163,82783.0234
38,-31,-5.11928129,5.77945042,7,102580.984
39,19,4.00779009,4.24093056,2,62458.8633
39,-34,-5.361269,4.32717896,32,65025.168
39,28,4.86527205,4.90762615,220,83640.1328
39,-11,-3.0494709,2.47304106,38,21239.0176
39,11,3.0494709,6.41383076,85,142858.703
39,-14,-3.44026709,5.26091003,153,96115.5312
39,33,5.28183842,4.13032341,94,59243.3906
39,-11,-3.0494709,7.37757778,279,189016.328
39,25,4.59724998,4.96970558,191,85769.5391
39,-37,-5.59279633,2.84102178,314,28029.8555
39,16,3.67780018,3.05821133,161,32479.3066
39,-16,-3.67780018,6.36112404,84,140520.438
39,12,3.18506837,1.41307354,307,6934.27783
39,-30,-5.03603554,6.55415726,278,149178.234
39,31,5.11928129,4.74517584,224,78194.5312
39,-24,-4.50436687,2.17735839,213,16463.8574
39,17,3.79098964,6.87121582,337,163960.391
39,-31,-5.11928129,6.54416895,6,148723.891
39,21,4.21344948,4.86455441,115,82178.4297
39,-16,-3.67780018,6.56904125,185,149856.578
39,16,3.67780018,2.87833238,166,28770.9141
39,-23,-4.40952778,7.13697624,277,176888.766
39,24,4.50436687,7.18379784,46,179217.312
39,-35,-5.43953991,3.10738301,163,33532.1445
39,39,5.74196386,6.79902124,324,160533.094
40,-23,-4.40952778,4.16559649,314,59116.2617
40,11,3.0494709,5.20819855,322,92411.8438
40,-25,-4.59724998,7.22069168,201,177627.484
40,10,2.9075563,7.17903662,278,175583.984
40,-32,-5.20119476,7.07767773,109,170660.938
40,27,4.7776022,4.54723263,310,70444.4688
40,-34,-5.361269,7.35829973,170,184462.25
40,19,4.00779009,2.94534659,138,29554.6211
40,-16,-3.67780018,6.45221615,247,141830.734
40,26,4.68829393,6.39431906,91,139296.797
40,-22,-4.312603,6.34492874,78,137153.234
40,22,4.312603,2.23405361,198,17003.5547
40,-39,-5.74196386,7.74525261,252,204373.109
40,39,5.74196386,3.46866131,331,40989.8516
40,-35,-5.43953991,2.81703258,228,27035.6172
40,36,5.51670027,5.88870001,65,118138.492
40,-19,-4.00779009,6.38442039,204,138865.859
40,14,3.44026709,7.96660995,32,216221.891
40,-39,-5.74196386,6.83032036,105,158940.531
40,29,4.95138979,5.21638489,273,92702.5781
41,-24,-4.50436687,4.7888937,284,71314.7578
41,37,5.59279633,1.93856788,337,11686.1396
41,-30,-5.03603554,4.51869392,27,63494.3203
41,34,5.361269,3.70737004,18,42740.6289
41,-26,-4.68829393,3.79309297,40,44740.0
41,27,4.7776022,2.51700735,294,19700.5352
41,-14,-3.44026709,3.36984062,119,35312.4414
41,38,5.66787052,7.92669058,178,195385.734
41,-34,-5.361269,7.90093231,148,194117.953
41,14,3.44026709,1.97977543,133,12188.2354
41,-11,-3.0494709,4.09988213,277,52269.9102
41,20,4.11190557,6.73409653,314,141015.766
41,-13,-3.31512427,4.96245718,52,76577.7422
41,12,3.18506837,7.0257988,7,153497.188
41,-25,-4.59724998,7.61095572,109,180130.562
41,10,2.9075563,7.35746384,150,168331.453
41,-26,-4.68829393,2.90767384,141,26290.5957
41,35,5.43953991,3.27696633,62,33392.8125
41,-25,-4.59724998,7.97542858,162,197795.812
41,30,5.03603554,1.03960538,336,3360.82642
42,-31,-5.11928129,1.67187619,231,9276.62207
42,29,4.95138979,2.22820568,74,16477.5332
42,-9,-2.75835013,7.45732403,93,184564.297
42,14,3.44026709,1.26399803,261,5302.42383
42,-29,-4.95138979,7.04192734,102,164575.312
42,19,4.00779009,5.68793106,108,107371.82
42,-10,-2.9075563,6.06734562,118,122174.094
42,13,3.31512427,5.88755703,276,115040.805
42,-36,-5.51670027,1.19491434,138,4738.65527
42,15,3.56101489,7.93771076,165,209108.719
42,-20,-4.11190557,4.11840916,316,56291.2148
42,26,4.68829393,3.12332129,69,32375.3867
42,-14,-3.44026709,1.66841316,62,9238.23145
42,9,2.75835013,7.03377295,343,164194.391
42,-29,-4.95138979,1.63601923,16,8882.97461
42,31,5.11928129,1.59262204,248,8417.96387
42,-30,-5.03603554,7.21843672,315,172929.047
42,11,3.0494709,4.26667881,196,60417.332
42,-26,-4.68829393,3.09203553,207,31730.0391
42,36,5.51670027,7.84635162,78,204322.953
42,-36,-5.51670027,1.64493799,348,8980.09082
42,21,4.21344948,4.48368454,309,66719.3359
42,-24,-4.50436687,3.30307007,185,36209.0586
42,33,5.28183842,5.71125603,203,108254.227
42,-36,-5.51670027,6.1030407,97,123615.859
42,27,4.7776022,3.81223392,58,48232.6016
43,-30,-5.03603554,2.24320769,82,16498.7383
43,24,4.50436687,7.60792351,165,189777.203
43,-23,-4.40952778,5.37695599,56,94794.8438
43,13,3.31512427,1.51643872,57,7539.82861
43,-38,-5.66787052,7.78890038,236,198913.406
43,26,4.68829393,2.07643652,334,14136.7334
43,-17,-3.79098964,4.6883707,223,72070.1875
43,24,4.50436687,6.45072746,305,136436.047
43,-29,-4.95138979,2.37381649,312,18475.918
43,29,4.95138979,4.74466181,262,73811.1953
43,-11,-3.0494709,7.55486631,118,187139.438
43,25,4.59724998,2.66464925,202,23280.4746
43,-27,-4.7776022,6.78178453,281,150799.438
43,29,4.95138979,1.46526098,235,7039.49902
43,-23,-4.40952778,1.64993644,271,8925.78027
43,26,4.68829393,4.50669241,140,66592.8438
43,-26,-4.68829393,5.00126648,248,82010.9375
43,22,4.312603,1.31133556,255,5638.18701
43,-13,-3.31512427,4.63325596,261,70385.6875
43,24,4.50436687,4.13762665,229,56132.4961
43,-30,-5.03603554,4.10627937,136,55285.1836
43,9,2.75835013,2.24451613,223,16517.9902
43,-10,-2.9075563,1.58667731,62,8254.46582
43,24,4.50436687,5.28970909,302,91743.5156
43,-18,-3.90089607,5.1647315,21,87459.5469
44,10,2.9075563,4.66113186,227,73277.3281
44,-16,-3.67780018,3.64542603,137,44821.1953
44,12,3.18506837,5.67653894,81,108681.117
44,-20,-4.11190557,3.61121798,269,43983.9531
44,25,4.59724998,4.76387453,153,76543.3516
44,-26,-4.68829393,1.44469142,8,7039.42188
44,27,4.7776022,5.94107246,177,119046.477
44,-37,-5.59279633,4.63135481,289,72344.0703
44,32,5.20119476,7.18238115,211,173989.781
44,-24,-4.50436687,7.29192162,213,179337.375
44,23,4.40952778,7.33507156,154,181466.125
44,-28,-4.86527205,4.5490799,36,69796.5469
44,29,4.95138979,3.40570927,222,39120.2812
44,-21,-4.21344948,1.77089214,85,10577.208
44,23,4.40952778,7.41110134,359,185247.5
44,-23,-4.40952778,1.39256406,112,6540.59473
44,30,5.03603554,4.82769108,89,78607.8281
44,-25,-4.59724998,3.01915503,326,30743.8086
44,17,3.79098964,7.96093559,157,213754.406
44,-27,-4.7776022,2.45096111,261,20260.9434
44,17,3.79098964,6.32069397,215,134746.141
44,-30,-5.03603554,7.90891171,86,210969.812
44,24,4.50436687,3.0968771,309,32347.0547
44,-37,-5.59279633,5.21942902,69,91882.5078
44,16,3.67780018,6.96344757,121,163544.312
45,-21,-4.21344948,2.67772198,86,24025.4941
45,26,4.68829393,2.48511744,182,20693.5605
45,-32,-5.20119476,6.37773323,31,136293.172
45,36,5.51670027,7.57521248,288,192278.656
45,-29,-4.95138979,1.61222363,221,8709.47461
45,33,5.28183842,7.64844322,90,196014.188
45,-24,-4.50436687,7.4111433,303,184039.828
45,15,3.56101489,2.08515,170,14568.54
45,-13,-3.31512427,4.13271523,13,57228.5039
45,35,5.43953991,5.55653763,82,103454.641
45,-16,-3.67780018,2.74570918,157,25260.998
45,28,4.86527205,4.1548686,319,57843.6914
45,-9,-2.75835013,6.89492798,289,159294.547
45,37,5.59279633,6.07517958,18,123668.648
45,-17,-3.79098964,4.55113125,215,69403.2969
45,34,5.361269,2.87556696,348,27706.9297
45,-17,-3.79098964,2.67658043,12,24005.0156
45,37,5.59279633,4.31056643,187,62260.1445
45,-24,-4.50436687,5.71754646,222,109536.992
45,12,3.18506837,6.82507133,291,156083.078
45,-21,-4.21344948,7.99956131,55,214424.172
45,30,5.03603554,7.64615536,222,195896.938
45,-22,-4.312603,3.93735361,312,51945.7734
45,12,3.18506837,5.1047368,51,87314.8594
45,-31,-5.11928129,4.32844067,249,62777.5508
46,11,3.0494709,5.11731243,9,84200.6484
46,-22,-4.312603,5.69350529,330,104229.586
46,19,4.00779009,1.74953318,313,9841.83203
46,-17,-3.79098964,5.41927671,94,94430.9219
46,31,5.11928129,5.79396152,297,107940.086
46,-19,-4.00779009,3.1223433,289,31346.7754
46,18,3.90089607,6.24394035,5,125357.141
46,-10,-2.9075563,5.91081142,282,112337.766
46,26,4.68829393,7.01762438,140,158347.75
46,-23,-4.40952778,3.21521759,233,33239.3359
46,15,3.56101489,6.1646328,78,122192.906
46,-12,-3.18506837,2.9855361,114,28660.002
46,38,5.66787052,2.93113565,52,27625.0703
46,-34,-5.361269,5.59947968,43,100815.406
46,23,4.40952778,3.45257449,58,38328.1406
46,-20,-4.11190557,5.4294138,214,94784.5391
46,33,5.28183842,1.15873528,239,4317.1792
46,-13,-3.31512427,1.87692094,137,11327.2256
46,13,3.31512427,4.41093063,311,62559.3242
46,-10,-2.9075563,5.53907776,355,98652.1406
47,13,3.31512427,3.28167272,132,35663.7891
47,-23,-4.40952778,3.07428813,3,31298.6836
47,20,4.11190557,3.58148599,89,42477.9414
47,-35,-5.43953991,2.0489676,239,13902.9541
47,21,4.21344948,5.02031708,280,83464.0156
47,-21,-4.21344948,6.48888397,125,139436.656
47,28,4.86527205,6.69997215,54,148656.172
47,-18,-3.90089607,5.42915821,255,97611.7109
47,10,2.9075563,3.86827993,254,49553.3164
47,-33,-5.28183842,6.20377064,317,127452.508
47,35,5.43953991,2.79527807,21,25875.3965
47,-36,-5.51670027,4.24350548,216,59632.9727
47,36,5.51670027,5.61828661,74,104530.898
47,-32,-5.20119476,4.55354786,234,68665.2109
47,14,3.44026709,1.48765469,252,7328.93994
47,-26,-4.68829393,7.01685667,260,163050.5
47,9,2.75835013,4.33415508,58,62207.9375
47,-33,-5.28183842,3.16986609,191,33275.0547
47,24,4.50436687,6.94358063,181,159662.859
47,-34,-5.361269,4.77690887,343,75566.7734
47,17,3.79098964,3.51071501,97,40815.7812
47,-35,-5.43953991,2.5999198,51,22384.9863
47,26,4.68829393,3.85963821,297,49332.1602
47,-20,-4.11190557,7.94901943,162,209249.312
47,33,5.28183842,5.1701889,23,88521.7031
48,-23,-4.40952778,5.36937571,167,96890.1484
48,36,5.51670027,7.11083221,51,169931.109
48,-20,-4.11190557,1.76803827,173,10505.4658
48,25,4.59724998,1.43552732,112,6925.56104
48,-30,-5.03603554,5.93508625,10,118382.125
48,34,5.361269,2.00308371,311,13484.3564
48,-18,-3.90089607,3.83831596,21,49512.3438
48,13,3.31512427,6.59050369,167,145971.891
48,-30,-5.03603554,6.60940266,326,146810.266
48,29,4.95138979,2.24670076,274,16963.7754
48,-34,-5.361269,3.30429173,324,36693.4727
48,10,2.9075563,5.24276543,229,92374.6641
48,-29,-4.95138979,7.17954922,96,173231.297
48,34,5.361269,1.67995381,283,9484.76758
48,-18,-3.90089607,4.99169159,35,83738.9453
48,10,2.9075563,1.39213681,93,6513.22168
48,-12,-3.18506837,4.65134859,315,72709.2812
48,20,4.11190557,7.23354387,304,175846.719
48,-10,-2.9075563,6.19437981,94,128951.875
48,28,4.86527205,5.96439457,9,119554.188
48,-24,-4.50436687,4.59895229,114,71080.3984
48,32,5.20119476,1.59676433,301,8568.6748
48,-34,-5.361269,6.81830597,226,156237.406
48,31,5.11928129,6.29048491,199,132984.266
48,-27,-4.7776022,4.19989491,217,59280.0938
48,34,5.361269,7.63494682,323,195904.344
48,-34,-5.361269,4.55617428,212,69764.2109
48,22,4.312603,3.6518631,15,44818.8789
49,-11,-3.0494709,1.88688612,51,11091.6641
49,19,4.00779009,3.92290735,306,47942.5781
49,-19,-4.00779009,7.3229599,2,167062.375
49,28,4.86527205,3.99706459,113,49772.2891
49,-11,-3.0494709,7.68431664,256,183956.797
49,10,2.9075563,1.32705855,170,5486.375
49,-12,-3.18506837,2.87607265,226,25769.4453
49,22,4.312603,4.15707016,176,53836.8945
49,-29,-4.95138979,1.89550614,157,11193.2363
49,15,3.56101489,1.77696538,39,9837.0127
49,-19,-4.00779009,4.47637129,213,62424.8516
49,37,5.59279633,6.38990974,57,127202.234
49,-26,-4.68829393,2.2223177,53,15385.7119
49,28,4.86527205,6.49554634,154,131442.766
49,-35,-5.43953991,6.65577698,173,138007.531
49,18,3.90089607,4.6485815,97,67320.3281
49,-33,-5.28183842,2.71080351,218,22892.9297
49,31,5.11928129,5.49112892,343,93935.25
49,-20,-4.11190557,2.4225626,3,18283.3301
49,10,2.9075563,5.01805115,32,78446.8438
49,-22,-4.312603,3.40691423,176,36159.9414
49,22,4.312603,1.0273838,295,3288.29492
49,-21,-4.21344948,6.24973297,332,121682.523
50,22,4.312603,5.28926039,72,89422.4141
50,-30,-5.03603554,4.61053991,34,67945.3984
50,35,5.43953991,7.36264563,286,173270.375
50,-17,-3.79098964,6.00952053,316,115434.648
50,12,3.18506837,7.02025461,218,157529.625
50,-11,-3.0494709,5.42002106,239,93898.4609
50,10,2.9075563,4.3211689,27,59684.1484
50,-37,-5.59279633,1.89909434,157,11527.8838
50,20,4.11190557,6.10246325,68,119032.859
50,-15,-3.56101489,1.11662316,112,3985.38062
50,36,5.51670027,1.10128236,28,3876.62573
50,-33,-5.28183842,2.26618052,197,16415.1738
50,13,3.31512427,1.70617437,226,9304.7207
50,-11,-3.0494709,4.68480873,203,70152.0312
50,13,3.31512427,2.60946941,321,21765.1113
50,-18,-3.90089607,3.3711307,118,36325.1719
50,25,4.59724998,1.60138893,332,8196.91016
50,-21,-4.21344948,7.57061577,70,183197.234
50,25,4.59724998,1.36130166,310,5923.3208
50,-20,-4.11190557,4.41448736,9,62289.8164
50,19,4.00779009,2.29591084,139,16848.7051
50,-19,-4.00779009,4.38623714,229,61495.1289
50,26,4.68829393,3.50295115,295,39221.5352
50,-20,-4.11190557,5.10676479,82,83358.1797
50,12,3.18506837,3.39212584,51,36779.043
51,-28,-4.86527205,4.47487259,203,67745.1562
51,37,5.59279633,2.18795943,27,16195.54
51,-28,-4.86527205,3.04997015,306,31470.8203
51,20,4.11190557,7.86257029,270,209144.281
51,-33,-5.28183842,1.23051596,156,5122.61133
51,32,5.20119476,4.28607178,80,62149.2344
51,-31,-5.11928129,7.00925446,56,166211.312
51,19,4.00779009,2.5699842,250,22344.8691
51,-8,-2.60059738,4.74523926,182,76178.625
51,22,4.312603,3.24483609,119,35620.6992
51,-27,-4.7776022,6.96783018,252,164252.516
51,27,4.7776022,6.33208942,33,135647.25
51,-27,-4.7776022,3.44929671,94,40251.1211
51,31,5.11928129,6.35638762,114,136690.281
51,-19,-4.00779009,5.81655025,7,114458.453
51,18,3.90089607,4.78740501,85,77538.4688
51,-19,-4.00779009,4.93685579,131,82455.1484
51,18,3.90089607,3.74065685,16,47338.293
51,-28,-4.86527205,3.23656321,0,35439.2969
51,12,3.18506837,7.93145704,203,212825.078
51,-16,-3.67780018,4.00426769,273,54245.4258
51,28,4.86527205,2.73907518,45,25381.9375
51,-33,-5.28183842,4.64205074,200,72901.5312
51,17,3.79098964,4.97738934,130,83814.6875
51,-12,-3.18506837,6.00510311,254,121999.453
51,26,4.68829393,2.77854037,122,26118.625
51,-8,-2.60059738,2.93945527,157,29231.4668
51,35,5.43953991,5.42989922,210,99747.1484
52,-19,-4.00779009,2.34130573,7,18507.2988
52,23,4.40952778,4.34441566,316,63722.0234
52,-18,-3.90089607,7.59815502,52,194914.031
52,15,3.56101489,2.21445537,227,16556.1992
52,-16,-3.67780018,7.35436106,357,182606.703
52,33,5.28183842,6.75006294,237,153830.484
52,-11,-3.0494709,7.33931923,136,181860.5
52,27,4.7776022,5.93569565,339,118951.539
52,-9,-2.75835013,5.24347305,39,92824.9766
52,21,4.21344948,5.06259823,134,86531.4062
52,-19,-4.00779009,3.10751319,295,32602.6406
52,12,3.18506837,1.99856758,148,13485.4209
52,-30,-5.03603554,4.94019032,200,82397.5312
52,27,4.7776022,3.79476523,58,48617.9531
52,-8,-2.60059738,2.62971854,97,23347.7676
52,31,5.11928129,7.68173981,145,199225.984
52,-24,-4.50436687,7.0242815,144,166582.984
52,16,3.67780018,3.10730791,195,32598.334
52,-20,-4.11190557,5.53492165,42,103430.773
52,17,3.79098964,3.44513273,96,40071.793
52,-23,-4.40952778,6.34776926,325,136040.766
52,29,4.95138979,7.9686842,352,214387.812
52,-33,-5.28183842,6.68038368,303,150670.984
52,14,3.44026709,5.2278204,82,92271.625
52,-21,-4.21344948,7.99491119,215,215801.328
52,19,4.00779009,6.48695946,238,142072.234
52,-9,-2.75835013,2.34846878,345,18620.7168
53,10,2.9075563,5.72504807,258,110434.586
53,-14,-3.44026709,6.90576744,212,160683.297
53,24,4.50436687,6.25134516,52,131672.125
53,-32,-5.20119476,4.37327957,129,64440.8594
53,20,4.11190557,2.72710395,47,25058.2188
53,-33,-5.28183842,6.45229244,74,140273.266
53,16,3.67780018,7.70120621,73,199831.672
53,-13,-3.31512427,5.18248224,1,90494.5547
53,18,3.90089607,1.98877931,144,13326.6201
53,-36,-5.51670027,1.43753171,47,6962.76465
53,25,4.59724998,4.60580158,207,71475.5156
53,-19,-4.00779009,4.71676254,112,74960.9062
53,21,4.21344948,7.63393879,337,196356.016
53,-26,-4.68829393,1.60916615,72,8724.66211
53,36,5.51670027,5.27693844,156,93823.3516
53,-20,-4.11190557,7.52354908,139,190718.312
53,9,2.75835013,1.31079483,22,5789.16992
53,-21,-4.21344948,2.53178239,331,21597.3086
53,25,4.59724998,6.68688774,22,150658.938
53,-30,-5.03603554,2.54257035,19,21781.752
53,33,5.28183842,5.99849892,272,121236.117
53,-11,-3.0494709,3.77987671,190,48139.5586
53,11,3.0494709,4.39690876,178,65139.1016
53,-27,-4.7776022,7.85146523,72,207705.625
53,33,5.28183842,3.58913136,86,43403.582
54,-24,-4.50436687,4.55196381,293,68487.1875
54,26,4.68829393,2.87521982,14,27324.6016
54,-35,-5.43953991,3.84125495,317,48770.5898
54,8,2.60059738,6.99880409,321,161904.688
54,-33,-5.28183842,1.90052962,166,11938.8105
54,13,3.31512427,2.20400953,31,16056.0479
54,-35,-5.43953991,6.81288147,1,153416.984
54,22,4.312603,6.11474657,270,123585.82
54,-15,-3.56101489,4.56559229,20,68897.8984
54,28,4.86527205,7.92956924,248,207831.281
54,-24,-4.50436687,7.28684139,303,175505.344
54,31,5.11928129,5.96348476,188,117547.117
54,-31,-5.11928129,3.31153321,119,36246.8242
54,26,4.68829393,7.94135189,351,208449.391
54,-28,-4.86527205,2.31914568,230,17777.3809
54,26,4.68829393,2.8974967,113,27749.6602
54,-17,-3.79098964,7.23417807,37,172977.719
54,22,4.312603,2.83918929,77,26644.0625
54,-26,-4.68829393,7.27234173,218,174807.594
54,17,3.79098964,7.26538038,250,174473.078
54,-32,-5.20119476,2.27284455,231,17074.627
54,20,4.11190557,1.72602296,223,9847.02051
54,-33,-5.28183842,2.27795315,36,17151.4688
54,15,3.56101489,3.57034421,290,42133.9219
54,-34,-5.361269,3.79251719,56,47540.8359
55,11,3.0494709,6.86297798,113,157599.531
55,-19,-4.00779009,1.08818293,200,3962.17358
55,31,5.11928129,6.11602497,74,125160.758
55,-34,-5.361269,5.03830147,281,84937.2109
55,17,3.79098964,7.74047947,77,200477.391
55,-22,-4.312603,7.25060701,131,175905.094
55,23,4.40952778,5.9768343,91,119528.68
55,-30,-5.03603554,3.6837163,353,45404.832
55,34,5.361269,5.24749184,312,92136.8281
55,-26,-4.68829393,2.6217978,334,23000.0137
55,14,3.44026709,7.57382536,329,191937.672
55,-34,-5.361269,6.30790186,77,133137.234
55,24,4.50436687,2.91743708,273,28479.5254
55,-11,-3.0494709,6.37821722,339,136122.0
55,14,3.44026709,1.72277522,104,9930.86133
55,-32,-5.20119476,3.71119189,346,46084.6758
55,13,3.31512427,5.01306248,69,84088.3672
55,-12,-3.18506837,3.5444808,154,42037.3125
55,31,5.11928129,3.08998609,247,31947.9277
55,-24,-4.50436687,1.40404963,234,6596.21191
55,25,4.59724998,1.88380194,214,11874.085
55,-31,-5.11928129,1.07055736,80,3834.8606
55,26,4.68829393,3.88520122,331,50507.5977
55,-18,-3.90089607,3.5873189,162,43059.5664
55,32,5.20119476,2.07792854,202,14447.4395
55,-26,-4.68829393,1.7711091,155,10495.915
55,11,3.0494709,4.03948402,215,54598.5938
56,-8,-2.60059738,6.62652397,90,147927.0
56,26,4.68829393,3.01111412,69,30544.3125
56,-25,-4.59724998,5.80681705,351,113593.164
56,20,4.11190557,2.1798718,18,16008.0273
56,-24,-4.50436687,7.11933565,4,170747.688
56,8,2.60059738,4.67521572,173,73634.1406
56,-17,-3.79098964,2.38029861,45,19087.0488
56,31,5.11928129,1.70358586,351,9776.96387
56,-18,-3.90089607,3.19291568,204,34343.9961
56,26,4.68829393,2.36159325,145,18788.2402
56,-24,-4.50436687,2.30197573,1,17851.6094
56,9,2.75835013,1.32922816,313,5952.16553
56,-28,-4.86527205,4.35389519,318,63860.4336
56,15,3.56101489,5.92383575,85,118217.547
56,-20,-4.11190557,1.91885448,105,12403.9502
56,12,3.18506837,2.21439528,334,16519.0938
56,-10,-2.9075563,6.36725235,16,136577.781
56,33,5.28183842,6.4149971,359,138633.719
56,-35,-5.43953991,3.86245036,183,50257.6016
56,24,4.50436687,6.22915649,12,130717.703
56,-8,-2.60059738,2.44288683,70,20104.0059
56,27,4.7776022,3.61626315,349,44055.0781
56,-21,-4.21344948,5.55824852,297,104076.305
56,23,4.40952778,3.50728869,89,41439.9219
56,-33,-5.28183842,1.00170732,127,3380.31836
57,20,4.11190557,1.71857119,176,9762.25391
57,-27,-4.7776022,3.04669237,148,30681.1934
57,13,3.31512427,1.77239752,282,10383.3438
57,-21,-4.21344948,4.68903828,318,72674.5781
57,15,3.56101489,3.66529465,81,44405.0938
57,-34,-5.361269,3.6327405,97,43619.8125
57,14,3.44026709,2.47854686,154,20305.2949
57,-34,-5.361269,7.96055317,249,209460.219
57,21,4.21344948,3.02724934,161,30290.8477
57,-11,-3.0494709,3.99801755,304,52832.8945
57,34,5.361269,2.68377185,43,23807.084
57,-32,-5.20119476,6.15889645,74,125377.852
57,14,3.44026709,4.59184122,87,69692.9297
57,-8,-2.60059738,1.08041239,74,3858.28394
57,29,4.95138979,1.49171519,317,7355.0708
57,-9,-2.75835013,5.26053476,328,91469.1875
57,34,5.361269,4.83234406,252,77184.6172
57,-25,-4.59724998,4.20946789,27,58569.2188
57,24,4.50436687,7.544065,171,188116.062
57,-11,-3.0494709,3.11740994,82,32122.0195
57,11,3.0494709,7.33629131,311,177896.812
57,-31,-5.11928129,4.05741644,135,54414.4414
57,22,4.312603,6.99882698,242,161906.984
57,-26,-4.68829393,2.29125285,299,17352.4629
57,-16,-3.67780018,7.75412989,323,206931.016
57,22,4.312603,3.09654498,258,31693.4727
57,-22,-4.312603,6.65298653,125,146301.328
57,11,3.0494709,6.76393366,111,151221.547
57,-14,-3.44026709,7.69970608,216,209414.75
57,-33,-5.28183842,2.43715239,223,19632.7168
58,26,4.68829393,5.24798775,80,95970.3594
58,-15,-3.56101489,3.94226193,104,54155.4883
58,18,3.90089607,3.60561037,351,45301.1367
58,-18,-3.90089607,1.50529695,338,7895.79639
58,31,5.11928129,2.54948974,275,22649.4746
58,-14,-3.44026709,3.27686286,335,37416.9258
58,11,3.0494709,6.24045563,236,135701.344
58,-28,-4.86527205,3.34811783,170,39061.8711
58,26,4.68829393,6.81723595,53,161945.234
58,-13,-3.31512427,2.29100919,237,18289.6406
58,31,5.11928129,6.01783371,40,126192.023
58,-8,-2.60059738,6.73469543,1,158047.438
58,10,2.9075563,1.05027151,134,3843.74585
58,-13,-3.31512427,5.92090225,71,122159.516
58,18,3.90089607,1.60221004,125,8945.20703
58,-29,-4.95138979,7.36230659,177,188877.109
58,28,4.86527205,7.30386925,46,185890.625
58,-26,-4.68829393,5.15810108,275,92710.9844
58,24,4.50436687,5.22758675,124,95225.6641
58,-17,-3.79098964,4.07414246,240,57839.4258
58,12,3.18506837,1.13277173,313,4471.32617
58,-16,-3.67780018,6.5058136,138,147487.344
58,12,3.18506837,4.227108,220,62264.1758
58,-14,-3.44026709,3.03560901,182,32110.2148
58,26,4.68829393,4.48673058,33,70147.3828
58,-19,-4.00779009,5.47893906,345,104603.078
58,32,5.20119476,7.54875946,40,198565.0
58,-24,-4.50436687,5.01115656,344,87503.9141
58,17,3.79098964,6.53581905,347,148850.922
58,-20,-4.11190557,4.53022432,116,71513.9766
58,27,4.7776022,1.4882822,187,7718.30859
58,-31,-5.11928129,3.55905557,259,44138.8555
58,30,5.03603554,3.05016208,330,32418.8301
59,-31,-5.11928129,4.09491539,129,60861.1562
59,15,3.56101489,7.25778341,16,191187.031
59,-15,-3.56101489,7.57337475,103,208175.328
59,12,3.18506837,5.72429037,69,118930.617
59,-22,-4.312603,1.16840672,24,4954.94092
59,10,2.9075563,3.42190623,68,42499.7656
59,-35,-5.43953991,1.00064421,44,3634.20752
59,29,4.95138979,4.84794998,158,85303.4531
59,-11,-3.0494709,7.50277567,334,204312.203
59,12,3.18506837,2.1581707,24,16905.2637
59,-19,-4.00779009,6.39890528,315,148614.688
59,29,4.95138979,6.41412926,31,149322.688
59,-13,-3.31512427,3.29210687,135,39336.7266
59,20,4.11190557,3.46050858,54,43464.0547
59,-8,-2.60059738,5.77016258,293,120844.375
59,34,5.361269,2.12431145,234,16378.9756
59,-10,-2.9075563,4.32512617,236,67896.5859
59,15,3.56101489,5.40905952,248,106192.516
59,-21,-4.21344948,2.0867455,285,15804.8125
59,30,5.03603554,2.95404172,39,31672.5957
59,-15,-3.56101489,5.60724354,311,114116.703
59,13,3.31512427,7.94271755,8,228975.281
59,-15,-3.56101489,4.25487614,273,65708.9062
59,18,3.90089607,7.72483349,167,216585.125
59,-13,-3.31512427,3.27884889,355,39020.5312
59,33,5.28183842,4.61495113,93,77300.8984
59,-29,-4.95138979,4.48805237,278,73108.2188
59,25,4.59724998,6.7070179,233,163271.094
59,-24,-4.50436687,4.86082935,314,85757.3047
59,-33,-5.28183842,5.62530279,32,114852.969
59,13,3.31512427,3.4650948,81,43579.3359
59,-11,-3.0494709,5.85925007,86,124604.695
60,29,4.95138979,1.41988611,110,6677.79834
60,-26,-4.68829393,2.03350496,177,13696.7256
60,7,2.43263602,4.14054585,114,56786.0234
60,-27,-4.7776022,4.1555748,22,57199.0039
60,10,2.9075563,4.76576233,209,75229.9922
60,-24,-4.50436687,6.88496113,211,170250.938
60,-32,-5.20119476,5.1722517,306,88610.5859
60,25,4.59724998,5.05809879,9,84742.4219
60,-16,-3.67780018,4.47076511,183,66204.875
60,17,3.79098964,3.17034006,95,33291.8516
60,-16,-3.67780018,7.85041237,192,219474.156
60,-13,-3.31512427,7.91145134,176,207318.766
60,16,3.67780018,3.76826096,176,47033.6016
60,-7,-2.43263602,5.17713499,36,88777.9844
60,32,5.20119476,3.12622857,303,32371.8633
60,-28,-4.86527205,1.52870202,1,7740.55273
60,18,3.90089607,3.91743493,341,50831.1406
60,-27,-4.7776022,6.35306454,286,133688.109
60,30,5.03603554,5.96032524,290,117670.117
60,-31,-5.11928129,6.19568634,120,127146.711
60,-16,-3.67780018,5.23057938,145,90620.375
60,33,5.28183842,5.35516167,21,94988.5938
60,16,3.67780018,5.01260185,82,83224.7812
60,-9,-2.75835013,2.81191063,308,26189.623
60,23,4.40952778,3.78223324,102,47383.0391
61,-28,-4.86527205,2.01164198,106,14470.6523
61,30,5.03603554,7.67370892,309,210570.422
61,-20,-4.11190557,5.04848719,183,91140.0391
61,29,4.95138979,3.92472148,257,55081.332
61,-24,-4.50436687,2.80082893,314,28051.7461
61,-17,-3.79098964,6.31215954,14,143100.938
61,16,3.67780018,2.43790174,217,21252.9453
61,-14,-3.44026709,3.82143307,359,52220.2891
61,32,5.20119476,2.84426451,133,28928.5547
61,-24,-4.50436687,1.5803771,67,8931.16602
61,27,4.7776022,4.41608953,344,69736.875
61,-11,-3.0494709,1.22198606,312,5339.729
61,28,4.86527205,7.93869877,44,225364.406
61,-14,-3.44026709,6.72158957,313,161558.844
61,24,4.50436687,4.78013659,86,81708.5156
61,-30,-5.03603554,1.77873611,268,11313.833
61,15,3.56101489,6.22829056,199,138715.328
61,-24,-4.50436687,1.89692307,246,12867.2637
61,10,2.9075563,4.58782578,301,75266.2969
61,-17,-3.79098964,3.59610248,255,46243.5156
61,10,2.9075563,2.71049643,11,26271.4707
61,-14,-3.44026709,7.33852959,86,192577.156
61,10,2.9075563,6.6782093,300,159480.203
61,-12,-3.18506837,3.67571044,118,48313.5898
61,28,4.86527205,3.67146134,183,48201.9531
61,-8,-2.60059738,2.25789261,105,18230.2793
61,19,4.00779009,2.40398574,100,20665.7188
61,-33,-5.28183842,7.80755043,315,217979.828
61,-12,-3.18506837,6.06371403,330,131481.359
61,26,4.68829393,7.85577774,69,220681.062
61,-9,-2.75835013,6.05850887,86,131255.719
61,30,5.03603554,4.37964153,194,68590.4844
62,-11,-3.0494709,4.65204144,265,75580.6562
62,10,2.9075563,4.86611986,69,82696.8906
62,-29,-4.95138979,4.88656902,46,83393.3828
62,-33,-5.28183842,5.57853794,143,108683.68
62,-8,-2.60059738,1.50818419,330,7943.87402
62,8,2.60059738,2.05751419,159,14784.5869
62,-30,-5.03603554,1.64468098,256,9446.84668
62,10,2.9075563,7.1619482,207,179137.25
62,-29,-4.95138979,6.87338209,262,164992.625
62,-13,-3.31512427,7.94113016,52,220235.953
62,-18,-3.90089607,5.58289194,180,108853.406
62,23,4.40952778,4.67820168,205,76433.0859
62,-25,-4.59724998,3.54259825,209,43829.5898
62,-34,-5.361269,5.92257261,256,122502.328
62,29,4.95138979,1.68254232,262,9886.79492
62,-18,-3.90089607,6.50237751,326,147661.703
62,7,2.43263602,2.46224308,75,21173.1445
62,-10,-2.9075563,6.92888069,133,167667.828
62,34,5.361269,2.72467232,177,25926.9883
62,-31,-5.11928129,7.58523941,236,200938.031
62,25,4.59724998,2.12286782,154,15738.7217
62,-30,-5.03603554,1.04870772,195,3840.89551
62,13,3.31512427,7.63246346,150,203447.797
62,-13,-3.31512427,2.2326951,331,17409.3438
62,13,3.31512427,5.91662455,215,122256.398
62,-7,-2.43263602,6.73595572,186,158460.844
62,19,4.00779009,1.23119688,64,5293.93408
63,-18,-3.90089607,1.73999357,279,10386.9346
63,33,5.28183842,6.08835411,310,127172.125
63,-7,-2.43263602,1.98143768,239,13469.5449
63,21,4.21344948,4.04791021,343,56215.2148
63,-17,-3.79098964,1.22785735,4,5172.35107
63,31,5.11928129,1.61285782,314,8924.50781
63,-29,-4.95138979,4.31609917,279,63910.8945
63,24,4.50436687,7.67789316,20,202244.266
63,-16,-3.67780018,5.36351442,292,98694.0625
63,24,4.50436687,6.608531,199,149831.109
63,-25,-4.59724998,1.61181974,228,8913.02344
63,7,2.43263602,3.65860891,190,45922.3516
63,-34,-5.361269,3.24819064,234,36197.2148
63,12,3.18506837,7.35601521,204,185642.5
63,-24,-4.50436687,6.54726982,8,147066.125
63,22,4.312603,7.96836376,135,217836.406
63,-17,-3.79098964,1.3159318,253,5940.99072
63,10,2.9075563,4.88708019,164,81939.0703
63,-19,-4.00779009,7.17210388,339,176475.859
63,10,2.9075563,2.55108523,325,22327.6016
63,-23,-4.40952778,2.10262704,10,15167.5908
63,22,4.312603,3.87308645,177,51464.3555
63,-20,-4.11190557,2.97334123,153,30330.6426
63,31,5.11928129,7.97186852,354,218028.078
63,-20,-4.11190557,7.05783081,335,186969.5
63,-9,-2.75835013,4.19993782,22,60517.0625
63,17,3.79098964,1.3713603,338,6452.01367
63,-9,-2.75835013,5.47281265,76,102757.438
63,15,3.56101489,2.57904983,334,22819.7891
64,-30,-5.03603554,3.11239982,260,32647.9023
64,32,5.20119476,7.12334442,305,171014.266
64,-30,-5.03603554,2.06863761,7,14422.2588
64,34,5.361269,6.61318254,329,147395.938
64,-29,-4.95138979,2.78098536,140,26065.248
64,29,4.95138979,2.04306793,93,14067.9268
64,-30,-5.03603554,3.86942315,7,50461.125
64,19,4.00779009,4.40154982,253,65294.3672
64,-24,-4.50436687,1.85961914,67,11655.0049
64,-21,-4.21344948,7.08805466,321,176586.797
64,26,4.68829393,7.6302433,47,196219.094
64,-29,-4.95138979,2.50453877,81,21140.7305
64,20,4.11190557,3.80899787,39,48897.418
64,-12,-3.18506837,3.83230948,124,49497.7617
64,18,3.90089607,3.62569094,33,44304.3203
64,-33,-5.28183842,3.00890946,138,30512.8477
64,20,4.11190557,3.76082253,137,47668.3555
64,-17,-3.79098964,6.16430044,115,128065.484
64,21,4.21344948,4.41640997,231,65735.9922
64,-13,-3.31512427,6.61415863,327,147439.453
64,32,5.20119476,5.18628407,171,90651.9375
64,-34,-5.361269,2.89844966,338,28313.6602
64,10,2.9075563,2.25477839,334,17134.5293
64,-23,-4.40952778,6.5584631,91,151747.656
64,-19,-4.00779009,6.086133,109,124838.172
64,26,4.68829393,6.63369036,126,148311.516
64,-14,-3.44026709,4.46137905,181,67081.4922
64,18,3.90089607,6.40612984,246,138310.734
64,-27,-4.7776022,1.83731389,241,11377.0898
64,7,2.43263602,3.74847746,232,47355.9219
64,-23,-4.40952778,7.46014977,162,189258.422
65,-14,-3.44026709,1.68236876,132,10233.7422
65,11,3.0494709,3.57315469,342,46163.1836
65,-28,-4.86527205,2.02504849,102,14827.3291
65,13,3.31512427,1.99131107,12,14337.3984
65,-26,-4.68829393,1.98789644,92,14288.2695
65,-17,-3.79098964,7.59468842,82,208550.891
65,-27,-4.7776022,6.95444536,241,174870.719
65,26,4.68829393,5.37792873,247,104573.617
65,-22,-4.312603,3.86169267,112,53919.7031
65,23,4.40952778,7.48637199,294,202644.547
65,-28,-4.86527205,6.45776176,38,150784.281
65,6,2.25218344,1.60913944,62,9362.2334
65,-23,-4.40952778,4.83455372,303,84509.3672
65,15,3.56101489,6.35007381,62,145797.359
65,-24,-4.50436687,7.09686661,183,184739.031
65,-19,-4.00779009,4.7199564,45,80550.4688
65,19,4.00779009,5.33307648,210,102836.602
65,-20,-4.11190557,6.01879311,104,130981.789
65,14,3.44026709,1.87456274,49,12705.5088
65,-30,-5.03603554,6.80156612,261,167266.875
65,9,2.75835013,4.951756,269,88656.5
65,-17,-3.79098964,2.16756845,52,16987.8242
65,16,3.67780018,3.33552241,357,40227.2031
65,-29,-4.95138979,5.134202,55,95309.8906
65,7,2.43263602,2.54153228,146,23355.1875
65,-18,-3.90089607,2.55903101,230,23677.9023
65,27,4.7776022,2.65270805,344,25443.1582
65,-14,-3.44026709,2.07988286,7,15641.1914
65,32,5.20119476,6.59710073,36,157361.422
65,-33,-5.28183842,5.48507595,313,108782.086
65,-33,-5.28183842,5.67290592,208,116359.875
65,-26,-4.68829393,5.54508734,271,111175.438
65,15,3.56101489,6.30811691,272,143877.047
65,-28,-4.86527205,6.534863,320,154406.328
65,11,3.0494709,2.45927572,62,21867.8711
65,-22,-4.312603,6.05874729,33,132726.547
66,21,4.21344948,1.38866878,230,6570.53564
66,-13,-3.31512427,2.35786653,34,18942.6992
66,11,3.0494709,2.66999316,184,24289.7871
66,-22,-4.312603,5.58204556,314,106167.148
66,20,4.11190557,4.46483421,288,67922.5703
66,-26,-4.68829393,1.47554326,255,7418.35059
66,23,4.40952778,6.47399044,62,142806.375
66,-33,-5.28183842,1.38043761,91,6492.87451
66,28,4.86527205,4.02865219,20,55299.7227
66,-9,-2.75835013,7.66226673,106,207369.781
66,-21,-4.21344948,6.57055664,36,147098.328
66,10,2.9075563,7.34631538,327,183883.406
66,-8,-2.60059738,4.54181862,107,70285.0547
66,20,4.11190557,7.35288572,282,184212.484
66,-29,-4.95138979,7.45105219,226,203638.828
66,-12,-3.18506837,2.96792889,281,30013.0703
66,22,4.312603,7.98546505,92,217272.031
66,-15,-3.56101489,1.72780704,285,10171.709
66,25,4.59724998,4.26993799,261,62122.1602
66,-7,-2.43263602,1.86747146,351,11882.5967
66,29,4.95138979,6.59567881,270,148225.328
66,-30,-5.03603554,2.59768176,348,22991.9238
66,15,3.56101489,1.24514413,239,5282.53809
66,-10,-2.9075563,5.16005516,154,90721.8906
66,26,4.68829393,3.05226493,42,31742.9922
66,-24,-4.50436687,4.42138481,249,66607.0234
66,17,3.79098964,6.23745966,339,132561.953
66,-22,-4.312603,1.98656631,64,13446.5088
66,21,4.21344948,6.22351408,355,131969.875
66,-19,-4.00779009,5.60545588,29,107059.523
66,23,4.40952778,5.92317486,220,119539.805
66,-31,-5.11928129,4.81319809,59,78935.2344
66,23,4.40952778,4.4353323,354,67027.9141
67,-13,-3.31512427,2.63703012,225,23668.8359
67,7,2.43263602,4.58454609,252,71538.4375
67,-23,-4.40952778,4.48872662,4,68579.3047
67,15,3.56101489,4.04895973,310,55799.9258
67,-6,-2.25218344,4.89725542,317,81630.4609
67,10,2.9075563,3.1887033,57,34607.875
67,-23,-4.40952778,1.56188536,243,8303.19141
67,17,3.79098964,1.61448336,85,8871.84277
67,-21,-4.21344948,3.63623857,326,45004.0352
67,26,4.68829393,5.28952599,1,95231.4062
67,-16,-3.67780018,2.065732,129,14524.2842
67,16,3.67780018,6.77469826,342,156216.391
67,-15,-3.56101489,7.54756832,13,193719.891
67,-16,-3.67780018,1.3616004,134,6310.24316
67,8,2.60059738,2.44245124,277,20304.793
67,-22,-4.312603,3.30098724,317,37088.0859
67,17,3.79098964,5.71382284,196,111122.055
67,-9,-2.75835013,7.23505402,333,178168.219
67,15,3.56101489,3.55799913,201,43088.2031
67,-25,-4.59724998,6.31283188,264,135642.312
67,21,4.21344948,1.77106905,30,10676.2246
67,-30,-5.03603554,3.35779929,313,38375.6875
67,20,4.11190557,1.55363917,163,8215.74707
67,-33,-5.28183842,3.03194571,180,31288.8496
67,7,2.43263602,5.92167664,347,119353.766
67,-19,-4.00779009,7.62072563,195,197669.359
67,9,2.75835013,3.55524707,358,43021.5742
67,-33,-5.28183842,2.04209995,108,14193.8662
67,21,4.21344948,1.58459449,22,8546.39551
67,-25,-4.59724998,5.30734158,33,95873.9922
67,-17,-3.79098964,6.20265388,280,127432.828
67,10,2.9075563,6.91153717,67,158225.172
68,17,3.79098964,6.97820091,25,176740.984
68,-7,-2.43263602,7.71166563,283,213663.938
68,9,2.75835013,7.50698662,113,189881.312
68,-19,-4.00779009,2.94714069,170,29265.2773
68,7,2.43263602,1.61655283,291,8805.02832
68,-18,-3.90089607,3.41661572,342,39331.7461
68,31,5.11928129,3.08849573,176,32139.9336
68,-18,-3.90089607,4.36196136,199,64108.3438
68,30,5.03603554,1.50231624,0,7604.55322
68,-33,-5.28183842,1.43189406,281,6908.32422
68,21,4.21344948,7.84753513,155,207499.688
68,-9,-2.75835013,7.52840042,88,190966.141
68,29,4.95138979,5.83672142,87,114785.984
68,-11,-3.0494709,7.78329468,7,204116.406
68,24,4.50436687,5.85286808,110,115421.945
68,-24,-4.50436687,6.16169357,183,127923.742
68,33,5.28183842,2.60912228,225,22937.168
68,-18,-3.90089607,4.52495718,281,68989.0078
68,10,2.9075563,3.97825074,9,53325.5391
68,-9,-2.75835013,6.48462152,331,141683.797
68,13,3.31512427,5.05115747,200,85967.2031
68,-33,-5.28183842,6.81241608,102,156369.938
68,22,4.312603,5.28707075,122,94184.8828
68,-29,-4.95138979,2.8106389,96,26617.1191
68,7,2.43263602,3.42128539,270,39439.332
68,-31,-5.11928129,4.5603466,213,70072.3438
68,32,5.20119476,3.75394487,61,47481.7539
68,-19,-4.00779009,2.559021,4,22064.7324
68,13,3.31512427,2.46868682,181,20534.4434
68,19,4.00779009,6.55469322,79,153635.453
69,-18,-3.90089607,3.23187017,159,36381.7578
69,18,3.90089607,6.04915905,232,127457.633
69,-30,-5.03603554,1.24452329,300,5394.88184
69,11,3.0494709,1.71685219,330,10266.9551
69,-16,-3.67780018,2.15774012,276,16217.1357
69,27,4.7776022,6.14805508,255,131659.234
69,-28,-4.86527205,4.38877583,291,67090.75
69,24,4.50436687,4.16288471,231,60362.1406
69,-26,-4.68829393,1.62468553,346,9194.21094
69,25,4.59724998,7.10432053,328,175800.828
69,-14,-3.44026709,4.32071018,97,65025.8594
69,10,2.9075563,1.1818099,102,4864.86816
69,-25,-4.59724998,4.68801165,93,76551.4141
69,31,5.11928129,7.42140865,159,191844.141
69,-10,-2.9075563,6.63489723,320,153336.031
69,6,2.25218344,3.73852396,60,48682.8711
69,-10,-2.9075563,2.37298536,179,19613.9922
69,10,2.9075563,4.77645683,34,79467.1406
69,-11,-3.0494709,2.90902567,332,29476.1641
69,24,4.50436687,4.9985981,119,87030.6562
69,-24,-4.50436687,5.45503187,195,103650.281
69,20,4.11190557,4.74508238,354,78426.5938
69,-15,-3.56101489,7.61462736,80,201963.625
69,19,4.00779009,6.0633688,204,128057.156
69,-14,-3.44026709,2.05145931,64,14658.9102
69,8,2.60059738,4.89946175,111,83612.7656
69,-30,-5.03603554,5.27091026,159,96771.4141
69,18,3.90089607,4.2028017,130,61525.2891
69,-10,-2.9075563,7.50323486,65,196097.875
69,24,4.50436687,2.87145805,177,28719.7598
69,-32,-5.20119476,3.59754777,127,45080.5273
69,30,5.03603554,5.9950242,243,125186.578
69,-24,-4.50436687,1.38827491,308,6713.15674
69,11,3.0494709,2.74410701,92,26228.7734
69,-19,-4.00779009,7.56505203,214,214808.797
69,-10,-2.9075563,5.21520662,51,94736.8359
69,-29,-4.95138979,6.39592457,349,143780.453
70,13,3.31512427,7.52008438,295,202223.734
70,7,2.43263602,5.99286652,43,122682.25
70,-18,-3.90089607,7.49414062,182,197421.641
70,-11,-3.0494709,7.12570095,124,173447.359
70,9,2.75835013,6.661129,236,151568.234
70,-16,-3.67780018,3.60503292,304,44394.6836
70,21,4.21344948,5.81001472,113,115310.008
70,-32,-5.20119476,6.93214989,334,164152.828
70,13,3.31512427,1.67054272,29,9532.95801
70,-7,-2.43263602,7.83297825,205,209587.969
70,7,2.43263602,7.89271259,83,212796.797
70,-30,-5.03603554,3.83409023,162,50215.4297
70,30,5.03603554,5.5615778,170,105659.492
70,-30,-5.03603554,3.44317007,276,40497.6211
70,21,4.21344948,1.38503551,5,6552.9126
70,-11,-3.0494709,4.29485846,83,63010.1055
70,19,4.00779009,7.69781351,287,202417.141
70,-28,-4.86527205,4.15874195,307,59079.4531
70,31,5.11928129,1.98443842,245,13452.0283
70,-22,-4.312603,5.47706509,121,102472.727
70,21,4.21344948,4.04499292,307,55891.7969
70,-19,-4.00779009,1.21718454,237,5060.87207
70,-15,-3.56101489,7.54756832,13,193719.891
70,26,4.68829393,4.23059654,174,61138.6367
70,-15,-3.56101489,5.64278793,52,108767.703
70,11,3.0494709,3.34790587,284,38287.6719
70,-20,-4.11190557,3.26379848,230,36388.0859
70,16,3.67780018,3.66290808,246,45831.5469
70,-28,-4.86527205,5.51097584,291,103745.555
70,32,5.20119476,6.98069763,244,166460.094
70,-7,-2.43263602,5.61039925,307,107522.672
71,8,2.60059738,6.47676086,290,146500.562
71,13,3.31512427,5.00569582,352,89931.9219
71,-17,-3.79098964,5.74693298,55,118537.898
71,29,4.95138979,3.69944763,313,49120.0391
71,-27,-4.7776022,3.63954306,183,47542.1328
71,12,3.18506837,4.80378532,31,82823.2266
71,-25,-4.59724998,7.24533653,47,188409.203
71,27,4.7776022,1.3810668,111,6845.64453
71,-16,-3.67780018,7.6128149,239,208005.844
71,24,4.50436687,3.59218216,92,46312.8633
71,-16,-3.67780018,6.82710266,336,167285.328
71,19,4.00779009,7.13802767,209,182869.547
71,-19,-4.00779009,3.84727979,347,53124.2109
71,8,2.60059738,3.24066043,49,37692.2461
71,-16,-3.67780018,6.80718422,232,166310.609
71,26,4.68829393,1.36268854,36,6664.66309
71,-12,-3.18506837,6.70889235,239,161542.406
71,14,3.44026709,1.36853981,295,6722.02002
71,-10,-2.9075563,7.0672183,36,179259.422
71,25,4.59724998,3.75560713,122,50622.6953
71,-22,-4.312603,2.51219749,254,22651.2676
71,22,4.312603,6.5143137,67,152307.844
71,-14,-3.44026709,7.07057285,64,179429.625
71,10,2.9075563,4.13124657,236,61255.793
71,-10,-2.9075563,1.87230301,33,12581.6377
71,17,3.79098964,3.79804802,125,51773.3008
71,-19,-4.00779009,1.81395555,131,11809.6826
71,10,2.9075563,3.17589426,247,36200.7031
71,-30,-5.03603554,3.26542401,100,38270.5039
71,16,3.67780018,2.99975872,74,32296.6582
71,-6,-2.25218344,3.95578527,328,56163.0117
71,-20,-4.11190557,4.99459743,136,89533.5859
72,25,4.59724998,7.87504196,207,212763.891
72,31,5.11928129,1.21352959,206,5104.36475
72,-9,-2.75835013,5.7922039,254,116286.305
72,14,3.44026709,1.59213805,357,8786.22656
72,-14,-3.44026709,6.07092714,152,127747.078
72,15,3.56101489,3.0884757,329,33062.0195
72,-10,-2.9075563,4.01665449,52,55920.3516
72,14,3.44026709,7.92356491,14,217611.688
72,-15,-3.56101489,4.36947298,293,66175.7734
72,22,4.312603,1.74506378,92,10555.1289
72,-21,-4.21344948,7.30511761,78,184967.484
72,6,2.25218344,5.13846111,301,91518.1172
72,-14,-3.44026709,4.12778378,125,59057.4688
72,8,2.60059738,6.66269493,177,153865.359
72,-20,-4.11190557,1.92497277,36,12843.6992
72,18,3.90089607,7.0238595,312,170998.609
72,-13,-3.31512427,3.02979612,196,31817.623
72,12,3.18506837,4.80850029,109,80142.0078
72,-17,-3.79098964,2.46258521,145,21019.5508
72,23,4.40952778,5.69506931,140,112418.805
72,-14,-3.44026709,7.03161669,115,171376.516
72,6,2.25218344,7.38484097,109,189026.734
72,-31,-5.11928129,1.02866387,197,3667.65015
72,8,2.60059738,6.76961136,289,158843.141
72,-14,-3.44026709,6.87841892,140,163990.312
72,30,5.03603554,1.60758233,120,8957.51172
72,-15,-3.56101489,6.66034126,336,153756.656
72,10,2.9075563,4.36984539,337,66187.0625
72,-31,-5.11928129,7.99341106,353,221465.047
72,9,2.75835013,2.26057625,331,17712.4746
72,-7,-2.43263602,5.51514673,69,105427.789
73,-26,-4.68829393,4.57479477,11,72895.9062
73,11,3.0494709,1.5895195,354,8800.18262
73,-8,-2.60059738,4.08115196,359,58013.0234
73,12,3.18506837,6.93266773,118,167402.031
73,-17,-3.79098964,3.35932302,194,39306.4258
73,12,3.18506837,6.16461086,136,132364.438
73,-13,-3.31512427,2.63217688,151,24131.8223
73,20,4.11190557,7.00000048,201,170669.578
73,-28,-4.86527205,1.01918101,27,3617.95044
73,28,4.86527205,1.39911795,58,6818.18213
73,-23,-4.40952778,2.98864365,346,31110.5859
73,20,4.11190557,6.15147305,231,131800.844
73,-25,-4.59724998,5.81249809,231,117675.383
73,-28,-4.86527205,2.30635333,147,18527.2793
73,25,4.59724998,4.89742088,350,83540.0703
73,-12,-3.18506837,5.95549059,135,123536.438
73,31,5.11928129,1.93228769,46,13004.7949
73,-12,-3.18506837,3.96359086,121,54718.9336
73,15,3.56101489,5.08952808,163,90222.5312
73,-13,-3.31512427,7.69606304,301,206299.031
73,25,4.59724998,2.73624134,168,26077.6699
73,-31,-5.11928129,6.03446579,267,126834.562
73,25,4.59724998,6.29517269,185,138030.562
73,-17,-3.79098964,5.98714018,260,124852.953
73,22,4.312603,1.86825418,56,12157.1533
73,-18,-3.90089607,5.75175953,262,115228.898
73,8,2.60059738,7.83032322,262,213559.703
73,-10,-2.9075563,5.2581234,76,96298.9453
73,28,4.86527205,6.27991724,231,137362.375
74,-19,-4.00779009,1.58175063,316,8826.60938
74,30,5.03603554,6.49984741,357,149047.312
74,-29,-4.95138979,1.95504856,185,13484.4395
74,13,3.31512427,1.50243306,334,7963.5752
74,-22,-4.312603,3.40594625,204,40925.4453
74,31,5.11928129,5.75537586,216,116859.828
74,-20,-4.11190557,5.6144228,162,111205.969
74,27,4.7776022,2.61814618,301,24182.7461
74,-7,-2.43263602,2.19635415,240,17018.5527
74,10,2.9075563,4.14739513,28,60683.2344
74,-31,-5.11928129,7.27228642,106,186577.734
74,25,4.59724998,6.33552265,279,141606.344
74,-28,-4.86527205,5.13669872,307,93086.3516
74,6,2.25218344,2.50208712,157,22086.2871
74,-19,-4.00779009,4.59712839,174,74557.4609
74,15,3.56101489,5.96209955,27,125405.414
74,-31,-5.11928129,1.03263092,93,3761.90747
74,11,3.0494709,3.445081,319,41871.3281
74,-11,-3.0494709,5.49230766,254,106421.055
74,21,4.21344948,1.23075128,348,5343.90137
74,-29,-4.95138979,1.24064136,70,5430.13135
74,20,4.11190557,6.47515011,102,147916.812
74,-8,-2.60059738,6.87202549,135,166604.75
74,26,4.68829393,6.15309858,258,133568.984
74,-26,-4.68829393,5.13669348,193,93086.1719
74,24,4.50436687,2.41717196,196,20612.6074
74,-7,-2.43263602,5.41212702,269,103336.516
74,28,4.86527205,4.64435387,174,76097.1562
74,-7,-2.43263602,1.67870045,160,9941.78223
74,31,5.11928129,4.92055511,50,85417.3438
74,-13,-3.31512427,2.78513598,229,27365.957
74,18,3.90089607,1.79666543,292,11388.127
74,-16,-3.67780018,6.73269653,267,162093.188
74,25,4.59724998,7.10914707,276,178300.641
74,-30,-5.03603554,1.45410419,304,7459.48535
74,23,4.40952778,3.15555668,14,35129.3281
75,-29,-4.95138979,4.46905613,110,71321.6016
75,10,2.9075563,2.44316554,327,21315.4902
75,-27,-4.7776022,1.30472827,96,6078.96436
75,13,3.31512427,5.5856142,188,111411.844
75,-18,-3.90089607,1.431602,115,7318.70264
75,29,4.95138979,2.94973755,153,31071.0723
75,-24,-4.50436687,3.25981641,1,37946.8555
75,16,3.67780018,6.7368536,276,162070.406
75,-10,-2.9075563,2.32018709,320,19223.6367
75,29,4.95138979,6.38632488,30,145643.641
75,-11,-3.0494709,4.97017574,28,88213.0859
75,20,4.11190557,3.7589817,300,50457.9883
75,-15,-3.56101489,3.23308849,141,37327.1367
75,12,3.18506837,5.53240347,293,109299.242
75,-26,-4.68829393,3.12749195,287,34928.6562
75,12,3.18506837,1.76654959,220,11144.002
75,-23,-4.40952778,4.41086102,32,69476.2344
75,14,3.44026709,4.35671568,334,67780.9922
75,-19,-4.00779009,4.34186554,297,67319.7109
75,17,3.79098964,6.75584269,356,162985.328
75,-21,-4.21344948,6.47145557,315,149552.422
75,23,4.40952778,7.77134323,32,215665.984
75,-6,-2.25218344,7.98020172,46,227414.031
75,27,4.7776022,4.27053547,95,65125.9648
75,-15,-3.56101489,4.8917346,316,85450.6328
75,20,4.11190557,1.40394282,152,7038.6333
75,-31,-5.11928129,7.07371902,214,178683.766
75,25,4.59724998,1.01091647,232,3649.38794
75,-26,-4.68829393,2.48628402,89,22074.5059
75,25,4.59724998,4.98480749,338,88733.2266
75,-17,-3.79098964,4.67126083,52,77921.5703
75,-27,-4.7776022,4.82796144,344,81405.0078
75,-23,-4.40952778,7.57608175,190,200453.156
75,16,3.67780018,5.89049435,221,123906.188
76,30,5.03603554,7.0922575,96,174345.172
76,-12,-3.18506837,1.56064701,285,8382.4082
76,-14,-3.44026709,7.84855461,233,211335.031
76,24,4.50436687,1.79480791,255,11086.5244
76,-11,-3.0494709,3.33837128,139,38355.5977
76,23,4.40952778,4.03384304,26,56001.2148
76,-16,-3.67780018,2.81939077,285,27357.0977
76,13,3.31512427,3.50080323,68,42178.8633
76,-14,-3.44026709,4.00996685,264,55340.2422
76,-23,-4.40952778,6.09663391,237,127920.359
76,30,5.03603554,1.13220263,281,4411.71826
76,-26,-4.68829393,3.93204308,215,53210.3359
76,29,4.95138979,6.86546993,179,162218.344
76,-6,-2.25218344,7.95752239,144,217929.078
76,31,5.11928129,1.08120179,245,4023.2124
76,-7,-2.43263602,7.767663,207,207653.969
76,16,3.67780018,2.12594032,301,15554.6982
76,-10,-2.9075563,3.69643688,241,47024.7031
76,26,4.68829393,2.0147512,272,13970.1904
76,-6,-2.25218344,3.9365592,121,53332.6328
76,21,4.21344948,5.77477074,223,114770.148
76,-29,-4.95138979,2.58922195,103,23072.6777
76,8,2.60059738,6.06528616,180,126608.266
76,-20,-4.11190557,6.28501081,345,135947.578
76,7,2.43263602,3.19756532,101,35188.3008
76,-20,-4.11190557,3.50561142,5,42294.8047
76,15,3.56101489,7.83909035,315,211490.484
76,-18,-3.90089607,5.59019661,297,107550.789
76,16,3.67780018,1.45396233,92,7275.54932
76,-20,-4.11190557,7.53248262,185,212963.188
76,20,4.11190557,5.67721844,288,110925.32
76,-30,-5.03603554,1.01731348,251,3561.7959
76,24,4.50436687,5.01554918,304,86575.7891
77,-20,-4.11190557,3.35202146,52,41097.0234
77,5,2.05595279,2.43278813,233,21647.3789
77,-12,-3.18506837,1.87378836,134,12842.1533
77,15,3.56101489,7.76782179,53,220696.391
77,-24,-4.50436687,4.78627968,175,83790.1406
77,19,4.00779009,7.02138138,0,180319.141
77,-19,-4.00779009,3.37587214,200,41683.9375
77,11,3.0494709,4.28940296,47,67296.1875
77,-8,-2.60059738,7.01411152,250,179945.953
77,9,2.75835013,7.19583797,359,189391.062
77,-14,-3.44026709,2.47123027,80,22336.9141
77,26,4.68829393,3.9795692,35,57925.3828
77,-11,-3.0494709,7.63183737,173,213036.969
77,9,2.75835013,1.31480026,271,6322.8999
77,-15,-3.56101489,6.86526966,216,172389.953
77,21,4.21344948,4.60339022,276,77509.0391
77,-18,-3.90089607,6.19441319,272,140345.047
77,6,2.25218344,6.50594044,78,154816.375
77,-17,-3.79098964,6.35620213,33,147772.0
77,14,3.44026709,2.7070334,53,26803.0352
77,-7,-2.43263602,5.11418438,214,95664.2188
77,17,3.79098964,2.11947823,107,16430.6465
77,-8,-2.60059738,7.08079147,162,183383.547
77,-16,-3.67780018,1.60025907,205,9366.5
77,14,3.44026709,2.56666636,185,24095.4805
77,-30,-5.03603554,4.96182156,335,90049.0234
77,28,4.86527205,3.34915924,132,41026.8672
77,-14,-3.44026709,3.33882523,90,40774.0742
77,16,3.67780018,4.64418888,116,78889.0078
77,-25,-4.59724998,5.90150404,47,127386.148
77,30,5.03603554,4.60489559,59,77559.7344
77,-12,-3.18506837,3.48094964,182,44319.2305
77,19,4.00779009,6.3387022,338,146959.422
77,-19,-4.00779009,2.57150126,106,24186.3418
77,8,2.60059738,2.22292018,203,18073.5918
78,-18,-3.90089607,2.62499714,14,23432.4531
78,17,3.79098964,5.33191156,270,96677.625
78,7,2.43263602,6.7343483,353,154223.766
78,-10,-2.9075563,2.20902967,67,16594.4629
78,9,2.75835013,7.16656971,349,174655.703
78,14,3.44026709,6.00174522,293,122494.117
78,-11,-3.0494709,2.34515929,237,18702.7207
78,9,2.75835013,6.09354973,255,126270.188
78,-27,-4.7776022,5.29009628,50,95167.2031
78,11,3.0494709,4.67724895,316,74394.5469
78,-28,-4.86527205,1.54308987,49,8097.34326
78,-30,-5.03603554,5.91756582,212,119082.055
78,11,3.0494709,1.54865074,217,8155.80957
78,-12,-3.18506837,3.17679715,146,34319.3516
78,19,4.00779009,4.44595814,143,67218.8125
78,-23,-4.40952778,6.24359798,70,132565.344
78,18,3.90089607,7.15306139,186,173997.922
78,-17,-3.79098964,4.50841618,78,69120.6953
78,14,3.44026709,5.95815277,233,120721.164
78,-27,-4.7776022,4.68367767,278,74599.1875
78,15,3.56101489,4.5877142,26,71573.5938
78,-5,-2.05595279,1.72318244,313,10097.7041
78,28,4.86527205,3.53395486,103,42469.9883
78,-29,-4.95138979,1.18448019,285,4771.06934
78,19,4.00779009,7.57378864,187,195068.203
79,-30,-5.03603554,5.68089151,273,121132.664
79,15,3.56101489,6.76753998,23,171905.547
79,25,4.59724998,6.96745634,158,182211.906
79,-15,-3.56101489,7.06396723,318,187294.75
79,6,2.25218344,5.09784889,60,97544.3594
79,8,2.60059738,5.84319305,64,128152.992
79,-19,-4.00779009,4.57249641,202,78475.6719
79,30,5.03603554,4.96244383,182,92431.3828
79,-22,-4.312603,6.80161953,68,173641.25
79,10,2.9075563,5.84255219,12,128124.883
79,-19,-4.00779009,7.79861546,221,228277.594
79,26,4.68829393,4.33329391,15,70479.7812
79,-12,-3.18506837,2.69221663,214,27204.9727
79,12,3.18506837,1.10849547,141,4612.07227
79,-30,-5.03603554,4.49361992,246,75791.5781
79,30,5.03603554,2.27092528,199,19356.8184
79,-20,-4.11190557,4.46195698,13,74727.25
79,13,3.31512427,2.11401248,324,16774.2598
79,-18,-3.90089607,6.23049164,278,145704.484
79,7,2.43263602,3.87936664,344,56487.1797
79,-26,-4.68829393,3.51655626,21,46415.543
79,22,4.312603,2.78381085,237,29087.5879
79,10,2.9075563,4.46257591,351,74747.9844
79,-10,-2.9075563,5.53475332,35,114980.664
79,9,2.75835013,7.61156321,188,217458.297
79,-12,-3.18506837,3.56542087,198,47714.4453
79,10,2.9075563,5.03936148,119,95318.9688
79,-25,-4.59724998,4.56552029,68,78236.3984
79,27,4.7776022,6.71844673,8,169420.531
79,-25,-4.59724998,7.94566441,23,236967.469
79,7,2.43263602,4.79548073,138,86316.25
80,11,3.0494709,1.74412918,238,10744.5498
80,-24,-4.50436687,5.6040206,76,110925.25
80,18,3.90089607,2.79018116,99,27497.6602
80,-15,-3.56101489,2.59810734,10,23842.1328
80,27,4.7776022,1.39968204,61,6919.73926
80,-13,-3.31512427,5.48138762,183,106123.594
80,20,4.11190557,6.70239162,12,158668.438
80,-25,-4.59724998,4.10868454,150,59626.1133
80,30,5.03603554,7.66967678,331,207771.062
80,-29,-4.95138979,7.2784214,72,187113.562
80,26,4.68829393,4.43578291,345,69497.8672
80,-25,-4.59724998,3.21729875,133,36560.6289
80,22,4.312603,6.1669426,202,134329.281
80,-26,-4.68829393,6.80156612,220,163398.766
80,21,4.21344948,4.92748642,72,85759.4219
80,-24,-4.50436687,7.26888657,299,186623.688
80,15,3.56101489,5.2034173,270,95633.1016
80,-20,-4.11190557,3.86014223,310,52630.5039
80,15,3.56101489,2.4303298,169,20862.2578
80,-25,-4.59724998,2.5665946,274,23267.2734
80,17,3.79098964,3.76735306,222,50130.6836
80,-22,-4.312603,3.92039561,10,54286.3555
80,26,4.68829393,7.09894657,131,177999.484
80,-19,-4.00779009,5.00240469,3,88387.0312
80,12,3.18506837,6.43296337,222,146168.266
80,-20,-4.11190557,4.83491755,29,82567.4922
80,17,3.79098964,5.48457861,103,106247.188
80,-28,-4.86527205,4.32674837,252,66123.2578
80,16,3.67780018,4.67474556,251,77187.4844
80,-11,-3.0494709,1.45844841,184,7512.99463
80,17,3.79098964,6.15442848,5,133784.672
80,-5,-2.05595279,6.48579121,261,148578.812
80,22,4.312603,3.69805908,202,48303.5039
80,19,4.00779009,4.84082699,224,85953.6797
81,-7,-2.43263602,1.30426764,3,6239.62939
81,-22,-4.312603,6.79336166,246,169275.797
81,22,4.312603,7.05742168,65,182691.156
81,21,4.21344948,5.06512451,359,94103.4688
81,-30,-5.03603554,3.56441617,83,46601.7422
81,12,3.18506837,2.16318917,84,17163.8379
81,-25,-4.59724998,6.73911667,235,166583.25
81,5,2.05595279,5.33888102,220,104550.438
81,-7,-2.43263602,5.57589579,180,114039.328
81,6,2.25218344,6.08057022,1,135616.953
81,-29,-4.95138979,4.15168571,101,63222.8906
81,10,2.9075563,2.40320468,200,21183.9492
81,-25,-4.59724998,1.6800139,129,10352.6396
81,11,3.0494709,6.00575542,151,132300.234
81,-12,-3.18506837,6.74334574,160,166792.391
81,24,4.50436687,6.43294621,4,151790.734
81,-12,-3.18506837,4.53113747,354,75307.7812
81,17,3.79098964,2.84533262,352,29695.5566
81,-28,-4.86527205,5.50616789,304,111205.0
81,28,4.86527205,3.16987443,4,36856.1055
81,-28,-4.86527205,7.09812832,311,184804.734
81,11,3.0494709,5.25361061,344,101237.438
81,-24,-4.50436687,7.44901276,348,203527.344
81,22,4.312603,1.56407499,80,8973.05957
81,-17,-3.79098964,3.41427588,356,42758.5117
81,17,3.79098964,5.73607159,185,120685.336
81,-10,-2.9075563,3.16022468,96,36632.0586
81,18,3.90089607,5.91094017,353,128155.867
81,-28,-4.86527205,2.17695785,175,17383.0293
81,26,4.68829393,7.14865398,332,187445.047
81,30,5.03603554,7.85018539,110,226039.922
81,-28,-4.86527205,3.07577348,289,34700.3672
81,13,3.31512427,7.54257631,304,195793.781
82,24,4.50436687,7.82312346,129,214210.234
82,9,2.75835013,7.53378296,48,199489.203
82,-12,-3.18506837,5.29741144,206,98632.6172
82,15,3.56101489,1.59912086,62,8987.84863
82,-24,-4.50436687,4.43358803,288,69088.1953
82,24,4.50436687,1.32037449,143,6127.55762
82,-24,-4.50436687,2.55162096,353,22883.6621
82,16,3.67780018,4.11321211,313,59464.1758
82,-16,-3.67780018,6.77549076,3,161352.141
82,21,4.21344948,7.69244289,176,207980.078
82,-21,-4.21344948,4.91390324,243,84868.4844
82,23,4.40952778,2.98080969,207,31229.2617
82,-25,-4.59724998,7.49113178,6,197236.844
82,12,3.18506837,2.4569509,163,21217.1055
82,-24,-4.50436687,1.99509287,354,13990.0537
82,10,2.9075563,2.53670073,281,22616.8262
82,-8,-2.60059738,5.33606386,359,100077.203
82,24,4.50436687,7.22897434,140,183673.516
82,7,2.43263602,5.32458305,81,99647.0312
82,-16,-3.67780018,3.29421139,277,38141.3516
82,26,4.68829393,3.8379271,79,51771.0078
82,-21,-4.21344948,7.06083775,344,175228.859
82,28,4.86527205,1.5281496,179,8207.76465
82,-16,-3.67780018,1.6367085,338,9415.33691
82,28,4.86527205,6.16082573,55,133404.672
82,-25,-4.59724998,2.0123179,164,14232.6689
82,15,3.56101489,5.02704811,303,88821.7344
82,-11,-3.0494709,7.60393143,351,203221.453
82,25,4.59724998,1.29657388,10,5908.64209
83,-5,-2.05595279,1.53200483,40,8214.8584
83,10,2.9075563,3.4131794,147,40775.3828
83,-7,-2.43263602,1.3142612,252,6045.65234
83,25,4.59724998,4.80450153,196,80793.5156
83,-6,-2.25218344,5.28068733,24,97602.4453
83,27,4.7776022,7.53398466,318,198668.594
83,-24,-4.50436687,1.69926,265,10106.4697
83,25,4.59724998,7.47180367,341,195402.766
83,-17,-3.79098964,6.62095976,354,153434.031
83,25,4.59724998,7.72415733,127,202890.812
83,23,4.40952778,7.47996616,223,195829.922
83,-28,-4.86527205,3.82287169,180,51151.6016
83,15,3.56101489,6.00793839,224,126337.055
83,-10,-2.9075563,1.42359781,252,7093.39941
83,14,3.44026709,1.42460084,275,7103.39893
83,-7,-2.43263602,4.28614664,320,64300.4258
83,13,3.31512427,1.26842403,207,5631.30029
83,-7,-2.43263602,4.42164373,227,68430.1172
83,9,2.75835013,3.57431626,192,44716.2852
83,-14,-3.44026709,7.54726124,102,199369.438
83,-26,-4.68829393,3.23765969,64,36689.5352
83,28,4.86527205,5.36351109,131,100688.109
83,-24,-4.50436687,6.5429554,305,149839.984
83,15,3.56101489,5.4566927,195,104217.055
83,-24,-4.50436687,4.65804768,95,75942.9844
83,22,4.312603,7.819098,179,213989.812
83,-16,-3.67780018,5.60192585,160,109838.477
84,14,3.44026709,2.58916855,169,23562.6855
84,-19,-4.00779009,5.1691761,212,93917.5469
84,19,4.00779009,2.33980703,285,19242.6191
84,-21,-4.21344948,7.14378071,249,179374.359
84,28,4.86527205,2.52415705,34,22394.2676
84,-22,-4.312603,4.52317333,76,71910.2188
84,5,2.05595279,1.98232222,257,13811.874
84,-20,-4.11190557,4.89245033,5,84131.1719
84,8,2.60059738,6.4229126,69,145000.047
84,10,2.9075563,7.88716507,321,227529.984
84,-26,-4.68829393,3.91804576,118,53956.418
84,10,2.9075563,6.90027857,356,170890.609
84,21,4.21344948,2.61542249,5,24042.9531
84,-12,-3.18506837,5.41117907,91,102917.203
84,10,2.9075563,2.69683623,173,25563.0859
84,-15,-3.56101489,1.73162222,320,10539.2676
84,21,4.21344948,5.40170479,242,102557.125
84,-11,-3.0494709,4.46406937,265,70043.2031
84,8,2.60059738,2.6438427,314,24568.3105
84,19,4.00779009,3.94124889,210,54597.3789
84,-21,-4.21344948,7.58080816,198,201992.422
84,6,2.25218344,4.64475822,0,75828.1328
84,-26,-4.68829393,1.46924973,291,7587.44141
84,9,2.75835013,5.68243694,85,113494.109
84,-10,-2.9075563,4.74293804,156,79067.6797
84,22,4.312603,6.5836277,210,152347.25
84,-23,-4.40952778,3.05200458,86,32739.6855
84,27,4.7776022,7.04716444,226,174555.25
84,-22,-4.312603,2.71536303,285,25915.5156
84,22,4.312603,5.12714863,182,92396.5859
84,-9,-2.75835013,2.99557972,120,31540.3047
84,10,2.9075563,3.73432827,144,49015.0117
84,-5,-2.05595279,1.88226318,150,12452.7363
84,25,4.59724998,3.20083976,323,36010.7305
85,-23,-4.40952778,2.51415682,119,22710.125
85,10,2.9075563,4.44143724,288,70873.1719
85,-15,-3.56101489,7.24746275,315,188715.172
85,11,3.0494709,2.1096015,268,15989.5293
85,-21,-4.21344948,2.0832808,335,15593.0273
85,25,4.59724998,7.71759033,75,213992.359
85,-6,-2.25218344,7.55955267,191,205317.984
85,19,4.00779009,4.4263649,100,70392.9688
85,-20,-4.11190557,5.93882656,71,126717.375
85,15,3.56101489,1.87628341,289,12648.2871
85,22,4.312603,5.99120045,64,128962.242
85,-5,-2.05595279,7.11341095,127,181798.641
85,21,4.21344948,6.66896486,153,154909.047
85,14,3.44026709,3.11058903,240,34763.2266
85,-17,-3.79098964,4.67933178,22,78668.7969
85,7,2.43263602,1.54348207,62,8559.29492
85,-20,-4.11190557,7.31342697,179,192166.078
85,15,3.56101489,4.79061222,277,82454.9766
85,-5,-2.05595279,2.84877563,26,29157.5703
85,10,2.9075563,7.39966774,339,196724.875
85,-12,-3.18506837,5.23168755,100,98337.3203
85,20,4.11190557,2.98926115,216,32104.248
85,-14,-3.44026709,2.52087927,303,22831.7344
85,18,3.90089607,5.43721771,43,106215.594
85,-23,-4.40952778,6.33971167,177,144402.203
85,6,2.25218344,5.542943,123,110386.43
85,-23,-4.40952778,5.2588191,232,99359.9375
85,6,2.25218344,3.98814917,205,57144.9141
85,-9,-2.75835013,4.84973764,17,84502.8438
85,16,3.67780018,2.5506413,233,23374.0293
85,-25,-4.59724998,1.63510466,53,9605.63086
85,13,3.31512427,7.22406769,140,187498.766
85,-13,-3.31512427,7.91077566,308,224839.688
85,25,4.59724998,6.40714312,73,147490.375
86,-23,-4.40952778,4.87312794,217,84110.5547
86,11,3.0494709,3.6826849,3,48035.6836
86,-24,-4.50436687,1.89929628,350,12776.7471
86,21,4.21344948,2.48831511,160,21930.3516
86,-26,-4.68829393,4.12606812,98,60298.6562
86,25,4.59724998,5.8313756,49,120441.695
86,-14,-3.44026709,1.94490314,335,13397.7178
86,9,2.75835013,6.00119114,19,127558.609
86,-18,-3.90089607,7.02695847,37,174891.875
86,17,3.79098964,6.09838104,211,131723.734
86,-13,-3.31512427,2.50380611,169,22204.2578
86,22,4.312603,5.49177837,5,106822.039
86,-28,-4.86527205,6.34595203,316,142635.766
86,10,2.9075563,5.41356754,161,103801.109
86,-8,-2.60059738,7.8447876,286,217970.266
86,10,2.9075563,3.35491204,37,39865.4961
86,-24,-4.50436687,2.00726604,226,14270.6836
86,24,4.50436687,4.12896538,267,60383.375
86,-14,-3.44026709,5.53410435,199,108474.984
86,25,4.59724998,3.70981503,145,48746.043
86,-19,-4.00779009,2.87188864,5,29212.5898
86,5,2.05595279,3.85020542,271,52505.2422
86,-23,-4.40952778,3.40560746,238,41079.3984
86,16,3.67780018,7.06232643,159,176656.828
86,-28,-4.86527205,5.52810955,315,108240.094
86,13,3.31512427,7.95028114,352,223872.031
86,-22,-4.312603,5.37604141,311,102367.016
86,8,2.60059738,7.13632393,352,180378.188
86,-26,-4.68829393,3.19992685,9,36267.2773
86,12,3.18506837,1.18783975,297,4997.47461
86,-21,-4.21344948,1.04321861,279,3854.65503
86,8,2.60059738,6.38984966,103,144615.922
87,-11,-3.0494709,1.22545743,198,5278.94922
87,26,4.68829393,3.26439428,311,37459.0078
87,-5,-2.05595279,6.69467831,254,157547.125
87,19,4.00779009,7.46397781,332,195835.641
87,-27,-4.7776022,1.08223987,98,4117.16357
87,24,4.50436687,4.22164726,212,62649.1133
87,-18,-3.90089607,2.25570631,295,17886.1211
87,10,2.9075563,7.66133404,173,206328.828
87,-5,-2.05595279,7.06511021,254,175464.391
87,18,3.90089607,3.32384157,80,38835.7539
87,-20,-4.11190557,4.82312012,278,81772.4844
87,8,2.60059738,3.18711782,259,35706.5039
87,-6,-2.25218344,2.89247489,62,29409.6758
87,12,3.18506837,6.84378338,41,164643.109
87,13,3.31512427,4.04722786,244,57579.3008
87,-10,-2.9075563,3.78067279,18,50244.5859
87,5,2.05595279,3.78779411,197,50434.043
87,-23,-4.40952778,4.48082733,225,70577.6953
87,6,2.25218344,4.27298546,240,64182.0938
87,-11,-3.0494709,4.09308481,119,58891.4961
87,23,4.40952778,4.48736286,264,70783.7266
87,-13,-3.31512427,2.13322687,134,15996.5068
87,12,3.18506837,7.14896774,0,179654.359
87,-13,-3.31512427,5.71563196,246,114836.406
87,28,4.86527205,2.63721037,64,24447.8457
87,-19,-4.00779009,7.61906528,159,204058.391
87,21,4.21344948,3.635324,350,46455.5195
87,-13,-3.31512427,3.90053535,277,53481.0
87,8,2.60059738,2.31290555,117,18804.7188
87,-17,-3.79098964,3.02966595,41,32265.6602
87,18,3.90089607,2.60719967,215,23894.5938
87,-21,-4.21344948,7.22352886,261,183421.359
88,21,4.21344948,5.85291147,281,123035.516
88,16,3.67780018,6.54227448,287,153724.844
88,-22,-4.312603,1.03520274,35,3848.90625
88,8,2.60059738,4.67154264,336,78380.3438
88,-12,-3.18506837,3.63610005,312,47485.1875
88,5,2.05595279,2.94540167,334,31158.4297
88,-15,-3.56101489,7.39357948,161,196334.234
88,24,4.50436687,7.89101553,336,223641.469
88,-27,-4.7776022,3.30868769,234,39318.6094
88,18,3.90089607,2.1305716,227,16303.4238
88,-18,-3.90089607,4.5213356,261,73420.9531
88,18,3.90089607,6.0985527,46,133579.594
88,-28,-4.86527205,5.39051628,159,104363.18
88,22,4.312603,5.41570854,127,105340.914
88,-7,-2.43263602,1.83541131,327,12099.1074
88,17,3.79098964,6.76282692,312,164264.266
88,-15,-3.56101489,4.84370279,284,84263.8984
88,16,3.67780018,6.13703346,113,135270.641
88,-18,-3.90089607,1.13168859,122,4599.81592
88,19,4.00779009,2.30659366,114,19108.5938
88,-8,-2.60059738,1.93761826,116,13484.1318
88,22,4.312603,2.57632446,210,23838.9805
88,13,3.31512427,4.46254444,235,71523.9766
88,-19,-4.00779009,4.98773003,61,89349.5469
88,5,2.05595279,4.7778616,322,81988.6406
88,-26,-4.68829393,5.53142548,61,109890.625
88,23,4.40952778,7.68839073,240,212303.641
88,-17,-3.79098964,6.79946184,213,166048.75
88,14,3.44026709,4.56611824,27,74882.5938
88,-16,-3.67780018,2.7622149,80,27403.2109
89,7,2.43263602,1.54609561,194,8512.77441
89,-20,-4.11190557,2.23998165,296,17868.4707
89,4,1.83890009,2.38416886,58,20242.8887
89,-20,-4.11190557,3.72631407,117,49448.9805
89,8,2.60059738,7.18285656,342,183735.406
89,-10,-2.9075563,1.27523994,39,5791.3833
89,26,4.68829393,6.98201752,212,173604.234
89,-21,-4.21344948,6.780406,342,163723.062
89,23,4.40952778,6.30737782,31,141675.969
89,-10,-2.9075563,1.12248445,332,4487.03174
89,11,3.0494709,1.6049521,216,9173.23633
89,-19,-4.00779009,4.44151068,128,70252.1953
89,24,4.50436687,1.4975915,48,7987.02783
89,-14,-3.44026709,6.03511524,43,129708.867
89,14,3.44026709,3.18821096,249,36198.668
89,-14,-3.44026709,7.27911234,4,188692.797
89,5,2.05595279,2.06868768,191,15240.1182
89,-13,-3.31512427,7.43407583,197,196812.406
89,19,4.00779009,2.51650834,0,22552.5273
89,-16,-3.67780018,1.97410274,234,13878.3545
89,9,2.75835013,6.76445961,57,162953.891
89,-21,-4.21344948,4.2915473,353,65588.2812
89,20,4.11190557,1.05075383,65,3931.88184
89,-16,-3.67780018,7.04594803,121,176798.0
89,12,3.18506837,3.26696277,135,38009.0391
89,6,2.25218344,6.90077782,161,169587.781
89,-13,-3.31512427,6.39159536,329,145484.594
89,23,4.40952778,2.5533433,156,23217.5762
89,-4,-1.83890009,5.05404663,318,90965.5547
89,16,3.67780018,6.36382961,195,144223.359
89,-6,-2.25218344,4.90038633,73,85518.3125
89,21,4.21344948,6.80803871,239,165060.234
89,-19,-4.00779009,1.70288157,119,10326.8389
90,17,3.79098964,5.34580517,346,100377.391
90,-16,-3.67780018,2.95555544,263,30682.293
90,20,4.11190557,3.03474116,256,32348.4141
90,-16,-3.67780018,3.90257978,198,53495.0
90,21,4.21344948,1.67763233,1,9885.60449
90,-27,-4.7776022,7.98824596,12,224136.438
90,20,4.11190557,6.46037388,27,146596.938
90,-26,-4.68829393,3.50128889,15,43059.1523
90,13,3.31512427,5.18799114,356,94538.3594
90,-19,-4.00779009,3.58661628,253,45183.457
90,8,2.60059738,4.27716637,199,64257.2148
90,-15,-3.56101489,4.33185387,232,65910.8984
90,11,3.0494709,6.46696758,131,146896.344
90,-20,-4.11190557,2.32595825,84,19002.6211
90,20,4.11190557,5.38243198,304,101757.562
90,-24,-4.50436687,2.54752874,32,22795.4316
90,15,3.56101489,5.31960678,279,99395.9531
90,-23,-4.40952778,3.64308119,274,46617.3203
90,8,2.60059738,1.28927231,179,5838.46826
90,-14,-3.44026709,4.80324936,169,81036.3594
90,9,2.75835013,5.21760321,216,95620.6484
90,-4,-1.83890009,4.27936935,320,64323.4258
90,16,3.67780018,6.36245251,269,142186.641
90,-24,-4.50436687,2.74770856,66,26518.6191
90,12,3.18506837,2.75321436,34,26625.0039
90,-15,-3.56101489,4.27867985,21,64302.7031
90,20,4.11190557,1.78838754,103,11233.9609
90,-8,-2.60059738,7.43202496,258,194009.922
90,18,3.90089607,3.04445934,55,32555.9199
90,-12,-3.18506837,6.2378335,40,136671.266
90,23,4.40952778,1.29550409,75,5895.04639
90,-14,-3.44026709,4.54452705,142,72541.5781
90,5,2.05595279,3.87854719,100,52838.168
91,-23,-4.40952778,3.75697064,234,50907.0898
91,8,2.60059738,4.40925026,164,70118.4375
91,-25,-4.59724998,5.28190041,16,100619.711
91,23,4.40952778,6.91374016,181,172396.625
91,-23,-4.40952778,7.25805569,135,189995.469
91,5,2.05595279,5.15232468,332,95743.4531
91,-26,-4.68829393,6.14338684,190,136118.891
91,11,3.0494709,2.90744686,87,30487.8105
91,-21,-4.21344948,6.47864008,257,151380.656
91,7,2.43263602,2.52993488,215,23084.5469
91,-23,-4.40952778,3.64221668,282,47844.7422
91,22,4.312603,7.75524998,46,216917.328
91,-5,-2.05595279,3.50147581,352,44218.5938
91,22,4.312603,1.30917931,294,6181.60059
91,-18,-3.90089607,3.3826797,141,41269.043
91,5,2.05595279,6.70207787,143,162002.469
91,-17,-3.79098964,5.8390646,333,122967.188
91,18,3.90089607,5.17231512,339,96487.8359
91,-5,-2.05595279,6.12530231,207,135318.688
91,11,3.0494709,6.96355629,244,174889.953
91,-17,-3.79098964,4.51207447,282,73426.8984
91,12,3.18506837,4.44343996,143,71210.0469
91,-19,-4.00779009,5.90875387,359,125919.93
91,22,4.312603,7.45178318,217,200273.297
91,-21,-4.21344948,6.13009548,348,135530.516
91,21,4.21344948,3.52149463,340,44725.6523
91,-20,-4.11190557,1.77533484,356,11367.4541
91,7,2.43263602,5.07635498,3,92940.8438
92,-21,-4.21344948,3.3036108,208,35725.1445
92,11,3.0494709,7.81218195,358,199774.906
92,-5,-2.05595279,1.34613442,237,5931.61719
92,7,2.43263602,1.48357081,137,7204.64795
92,-17,-3.79098964,1.38371539,8,6267.43408
92,24,4.50436687,3.1210165,186,31885.1426
92,-9,-2.75835013,4.94261551,141,79966.8359
92,18,3.90089607,2.53658223,120,21061.7344
92,-10,-2.9075563,3.34037066,166,36524.6055
92,24,4.50436687,2.61914921,142,22455.1875
92,-6,-2.25218344,5.06118584,12,83849.5703
92,13,3.31512427,7.37554312,316,178067.328
92,-18,-3.90089607,5.77974033,357,109348.516
92,22,4.312603,2.12125063,35,14729.2344
92,-13,-3.31512427,1.87188244,42,11469.7354
92,19,4.00779009,3.74080706,62,45806.4727
92,-22,-4.312603,5.77040482,148,108995.555
92,6,2.25218344,6.21113205,282,126280.93
92,-26,-4.68829393,7.51656628,124,184941.859
92,18,3.90089607,2.92983556,75,28098.4746
92,-26,-4.68829393,4.764534,161,74308.2656
92,12,3.18506837,5.54667759,233,100707.555
92,-24,-4.50436687,5.02891397,105,82783.6641
92,10,2.9075563,3.98268008,1,51921.4805
92,-15,-3.56101489,3.90591931,221,49939.3359
92,8,2.60059738,1.79781032,59,10579.959
92,-24,-4.50436687,4.8234086,311,76156.0391
93,20,4.11190557,1.03078675,297,3496.73853
93,-5,-2.05595279,7.44571686,179,182447.75
93,6,2.25218344,2.17724323,4,15600.5312
93,-22,-4.312603,4.93293715,195,80082.3203
93,9,2.75835013,7.89555836,19,205159.281
93,-5,-2.05595279,2.65045834,217,23118.9141
93,10,2.9075563,6.27736855,243,129682.312
93,-20,-4.11190557,7.74431515,16,197374.719
93,9,2.75835013,1.70489097,67,9565.74219
93,-19,-4.00779009,4.11414671,22,55703.8281
93,12,3.18506837,1.47160292,223,7126.99951
93,-11,-3.0494709,3.25115132,239,34785.6289
93,11,3.0494709,1.12298846,186,4150.26709
93,-5,-2.05595279,3.08368754,310,31294.3711
93,26,4.68829393,7.56198597,101,188190.297
93,-10,-2.9075563,3.30141783,101,35869.5938
93,19,4.00779009,5.94878483,317,116461.398
93,-9,-2.75835013,1.23869705,297,5049.58447
93,25,4.59724998,1.80841804,68,10762.7471
93,-6,-2.25218344,1.08888555,324,3902.02417
93,22,4.312603,3.91941762,3,50555.5195
93,-11,-3.0494709,4.67425299,20,71903.4844
93,19,4.00779009,7.19638538,347,170433.219
93,-13,-3.31512427,4.65761852,330,71392.6172
93,8,2.60059738,7.61530828,148,190853.641
93,-21,-4.21344948,3.51329184,142,40621.3125
93,10,2.9075563,3.91474795,155,50435.1211
93,-16,-3.67780018,3.19659567,357,33627.9883
94,4,1.83890009,1.20336413,64,4858.29688
94,-10,-2.9075563,2.94176507,277,29033.9336
94,14,3.44026709,2.26011729,198,17137.6719
94,-24,-4.50436687,4.8156662,64,77804.1328
94,25,4.59724998,3.92627358,311,51719.1094
94,-16,-3.67780018,7.88168812,50,208414.75
94,23,4.40952778,7.55218601,22,191353.0
94,-11,-3.0494709,6.59895992,233,146096.875
94,23,4.40952778,1.73162723,280,10060.0166
94,-4,-1.83890009,5.47747231,118,100658.453
94,8,2.60059738,3.88139772,171,50543.6016
94,-10,-2.9075563,2.65896821,64,23720.084
94,8,2.60059738,2.2799809,266,17440.2344
94,-15,-3.56101489,2.66087413,200,23754.0996
94,21,4.21344948,6.32468987,281,134204.906
94,-8,-2.60059738,5.08368826,259,86705.7266
94,15,3.56101489,7.55857277,343,191676.766
94,-8,-2.60059738,1.95094299,138,12769.6523
94,8,2.60059738,2.50486422,283,21050.2988
94,-18,-3.90089607,2.26724029,68,17245.8652
94,23,4.40952778,5.52190256,92,102298.047
94,-14,-3.44026709,1.62268114,26,8833.97656
94,10,2.9075563,1.40796494,318,6650.79541
94,-7,-2.43263602,4.68923664,196,73772.4375
94,11,3.0494709,7.02315187,143,165483.234
94,-8,-2.60059738,5.13151646,20,88344.8828
94,19,4.00779009,6.4084034,185,137781.078
94,-5,-2.05595279,5.04775429,40,85484.2812
94,4,1.83890009,5.61385727,343,105733.5
95,-11,-3.0494709,7.12315559,272,170864.062
95,9,2.75835013,5.89409065,294,116987.508
95,-10,-2.9075563,5.99248075,131,120925.852
95,-16,-3.67780018,7.63898706,42,196506.734
95,-12,-3.18506837,2.45925736,210,20366.3789
95,11,3.0494709,5.75704956,149,111610.695
95,-23,-4.40952778,5.73847294,229,110891.578
95,10,2.9075563,1.52830148,233,7865.45703
95,-24,-4.50436687,4.16605711,104,58446.2031
95,11,3.0494709,5.93781185,162,118729.523
95,-20,-4.11190557,5.80715942,58,113562.094
95,18,3.90089607,7.95263243,198,212974.547
95,-21,-4.21344948,2.9180212,23,28673.6367
95,24,4.50436687,2.18328977,149,16051.9814
95,-15,-3.56101489,1.55220723,29,8113.44434
95,-21,-4.21344948,6.94897127,94,162609.875
95,-21,-4.21344948,4.36458778,309,64149.3672
95,10,2.9075563,3.65869069,0,45077.2344
95,-16,-3.67780018,4.63259649,162,72269.4688
95,11,3.0494709,7.07535934,31,168578.781
95,-6,-2.25218344,7.57271194,187,193111.766
95,5,2.05595279,1.59020042,244,8515.48828
95,-19,-4.00779009,1.51255846,73,7704.24707
95,8,2.60059738,5.57754993,257,104759.352
95,-13,-3.31512427,5.89426613,218,116994.469
95,15,3.56101489,1.93085241,201,12554.6328
95,-11,-3.0494709,7.84385681,14,207188.281
95,15,3.56101489,1.69944859,74,9725.72461
95,-25,-4.59724998,3.65582848,221,45006.7305
96,17,3.79098964,5.5339241,303,106744.078
96,-4,-1.83890009,7.66001225,87,204520.234
96,25,4.59724998,5.8319912,209,118552.609
96,-15,-3.56101489,5.30143547,128,97963.5156
96,-18,-3.90089607,6.24625015,242,135992.891
96,-17,-3.79098964,2.72694874,55,25919.7812
96,8,2.60059738,3.85550427,317,51813.1172
96,-10,-2.9075563,1.46309972,138,7461.48486
96,7,2.43263602,7.33657694,223,187613.625
96,-13,-3.31512427,1.87500834,253,12254.167
96,24,4.50436687,7.26815748,349,184130.656
96,-7,-2.43263602,6.94777775,229,168255.469
96,12,3.18506837,5.31310272,12,98395.1875
96,-23,-4.40952778,6.32088089,308,139262.0
96,8,2.60059738,4.06171036,222,57503.6328
96,-20,-4.11190557,2.17406559,53,16474.8965
96,21,4.21344948,7.53423834,257,197859.141
96,-23,-4.40952778,5.95854139,159,123753.445
96,22,4.312603,4.22994232,216,62365.7734
96,-11,-3.0494709,1.66061592,72,9612.0459
96,16,3.67780018,1.9720633,157,13555.6113
96,-17,-3.79098964,7.47435045,125,194726.172
96,5,2.05595279,7.41423893,257,191606.641
96,-21,-4.21344948,5.1387229,101,92042.3672
96,6,2.25218344,1.53854537,116,8250.83594
96,-13,-3.31512427,1.33472395,327,6209.55273
96,20,4.11190557,5.70563841,149,113471.258
96,-11,-3.0494709,2.68925929,350,25208.2559
96,18,3.90089607,7.3911562,100,190415.422
96,-15,-3.56101489,2.16985321,303,16411.1152
96,15,3.56101489,6.72625732,125,157697.328
97,-23,-4.40952778,6.23560715,64,126908.727
97,7,2.43263602,5.86212921,187,112161.742
97,-13,-3.31512427,7.80305624,312,198730.016
97,9,2.75835013,1.97898936,259,12782.6504
97,-12,-3.18506837,4.8903327,123,78056.8125
97,14,3.44026709,5.83528614,294,111136.906
97,-24,-4.50436687,4.65391731,53,70692.1641
97,25,4.59724998,1.40823531,214,6472.68457
97,-14,-3.44026709,2.21570373,144,16023.499
97,7,2.43263602,7.34984016,134,176315.188
97,-19,-4.00779009,7.78126669,352,197621.688
97,15,3.56101489,6.75735283,56,149034.625
97,-23,-4.40952778,3.83995152,179,48126.6289
97,17,3.79098964,6.0678215,269,120170.961
97,-12,-3.18506837,6.89443398,124,155142.656
97,20,4.11190557,4.77060366,187,74281.5
97,-25,-4.59724998,2.54105663,329,21074.7598
97,11,3.0494709,1.55697536,125,7912.2041
97,-12,-3.18506837,3.10429716,19,31452.8906
97,25,4.59724998,3.92941451,183,50395.2578
97,-22,-4.312603,4.68701553,160,71701.2578
97,6,2.25218344,4.68871784,58,71753.3438
97,-6,-2.25218344,5.29076242,76,91363.0312
97,6,2.25218344,1.87132835,104,11429.6777
97,-21,-4.21344948,1.43608475,290,6731.22559
97,21,4.21344948,1.28330755,18,5375.20996
97,-21,-4.21344948,2.57720733,268,21678.6719
98,12,3.18506837,7.1266222,214,175329.266
98,-11,-3.0494709,1.15787911,127,4628.21338
98,7,2.43263602,1.50166368,90,7784.52686
98,-9,-2.75835013,4.48472786,253,69431.9062
98,6,2.25218344,6.84021854,81,161520.219
98,-4,-1.83890009,3.56155896,105,43789.2148
98,6,2.25218344,3.13009214,118,33822.1484
98,-19,-4.00779009,3.47889519,325,41780.1133
98,19,4.00779009,6.81515503,355,160338.703
98,-5,-2.05595279,2.31658554,118,18526.082
98,16,3.67780018,1.87094283,200,12083.9229
98,-24,-4.50436687,1.96010876,323,13263.168
98,16,3.67780018,2.55128217,292,22470.043
98,-16,-3.67780018,5.41972399,148,101400.773
98,25,4.59724998,6.32306242,247,138019.953
98,-16,-3.67780018,5.71068001,197,112580.336
98,5,2.05595279,3.40918231,221,40122.4414
98,-9,-2.75835013,4.13477325,3,59018.793
98,12,3.18506837,5.15705776,236,91810.1875
98,-9,-2.75835013,1.67477012,344,9682.71777
98,9,2.75835013,1.88518882,157,12268.6455
98,-21,-4.21344948,3.38386464,269,39528.7305
98,25,4.59724998,5.62158966,89,109095.086
98,-10,-2.9075563,4.05515337,39,56767.7188
98,6,2.25218344,3.97065544,176,54426.6133
98,-4,-1.83890009,4.80942154,39,79849.5703
98,18,3.90089607,3.94810653,159,53810.2031
98,-16,-3.67780018,3.8349731,177,50770.5117
98,18,3.90089607,6.41269207,5,141960.547
98,-15,-3.56101489,7.12996864,61,175493.953
99,12,3.18506837,1.39869404,271,6310.87695
99,-23,-4.40952778,2.86029291,110,26391.5742
99,22,4.312603,4.95557785,8,79219.6484
99,-6,-2.25218344,3.41777897,303,37681.8516
99,8,2.60059738,1.62500763,85,8518.34277
99,-22,-4.312603,5.51331091,150,98054.8984
99,14,3.44026709,4.24300289,77,58075.2344
99,-24,-4.50436687,4.15450668,50,55677.9531
99,6,2.25218344,7.80178642,320,196350.688
99,-16,-3.67780018,1.64559889,350,8735.58984
99,7,2.43263602,1.58358979,24,8089.64893
99,-13,-3.31512427,2.40185952,4,18609.7051
99,7,2.43263602,7.07156563,129,161315.25
99,-12,-3.18506837,6.82564402,299,150290.516
99,7,2.43263602,3.60203886,183,41854.3984
99,-18,-3.90089607,4.48840094,88,64987.168
99,13,3.31512427,5.57576227,209,100288.891
99,-18,-3.90089607,3.83894849,291,47541.0547
99,10,2.9075563,3.22994423,272,33653.8203
99,-14,-3.44026709,1.68242717,25,9130.96875
99,16,3.67780018,4.56787872,32,67309.0391
99,-20,-4.11190557,4.34638309,297,60939.6953
99,8,2.60059738,5.67215824,321,103786.516
99,-9,-2.75835013,6.96101427,264,156310.938
99,8,2.60059738,3.77779722,100,46038.543
100,-16,-3.67780018,4.44806767,217,69687.4375
100,16,3.67780018,6.70160389,73,158186.422
100,-13,-3.31512427,4.8883419,227,84165.6484
100,5,2.05595279,7.38025618,112,191846.812
100,-4,-1.83890009,7.9901433,214,224864.469
100,10,2.9075563,3.33968639,130,39284.6719
100,-19,-4.00779009,5.13602591,336,92910.7891
100,22,4.312603,5.21460056,125,95775.3594
100,-12,-3.18506837,2.80063367,254,27626.4043
100,22,4.312603,3.25342774,226,37281.5625
100,-9,-2.75835013,4.38366556,75,67684.0938
100,8,2.60059738,2.29012966,26,18472.7617
100,-12,-3.18506837,5.23333645,354,96464.8281
100,20,4.11190557,2.69755054,124,25630.1367
100,-6,-2.25218344,6.74911499,234,160437.312
100,15,3.56101489,5.38538933,2,102151.781
100,-15,-3.56101489,3.25917053,114,37413.2891
100,20,4.11190557,2.88386321,320,29292.8145
100,-17,-3.79098964,2.10707474,307,15637.6553
100,14,3.44026709,1.61832523,11,9224.51074
100,-20,-4.11190557,5.20058537,274,95261.2344
100,17,3.79098964,5.24275064,129,96812.2031
100,-15,-3.56101489,6.93126392,1,169214.109
100,11,3.0494709,7.77516174,130,212926.922
100,-19,-4.00779009,2.16845131,210,16561.9355
100,7,2.43263602,4.17535114,303,61404.1523
101,-6,-2.25218344,1.14350963,193,4460.46533
101,15,3.56101489,4.97231722,338,84336.9922
101,-15,-3.56101489,4.75097561,316,76995.6406
101,18,3.90089607,1.66011691,43,9401.08203
101,-16,-3.67780018,7.59977245,267,197016.062
101,9,2.75835013,1.39933324,197,6679.48193
101,-19,-4.00779009,6.59840107,311,148517.609
101,6,2.25218344,6.32549763,100,136486.562
101,-11,-3.0494709,4.65525389,341,73924.3047
101,5,2.05595279,2.86931181,45,28083.8066
101,-6,-2.25218344,2.53926587,41,21994.6406
101,4,1.83890009,6.44293022,184,141601.344
101,-7,-2.43263602,4.34382629,351,64364.3477
101,19,4.00779009,4.7056489,23,75533.4922
101,-10,-2.9075563,2.84485531,17,27607.1055
101,9,2.75835013,4.49392176,219,68889.2578
101,-20,-4.11190557,7.35926247,165,184743.469
101,8,2.60059738,5.14953089,130,90455.6719
101,-6,-2.25218344,1.18105388,217,4758.16943
101,14,3.44026709,5.98971176,132,122380.531
101,-9,-2.75835013,3.09707069,290,32719.2012
101,9,2.75835013,1.48842573,283,7557.09424
101,-9,-2.75835013,5.98217678,234,122072.82
101,6,2.25218344,2.46474981,347,20722.6934
101,-14,-3.44026709,7.05872011,291,169962.219
101,6,2.25218344,7.92512846,225,214246.188
102,-23,-4.40952778,2.63774943,306,22840.0879
102,20,4.11190557,2.67796898,81,23541.9102
102,-22,-4.312603,6.6520319,87,145257.766
102,17,3.79098964,4.72689629,100,73347.0781
102,-10,-2.9075563,2.96085596,348,28778.3047
102,8,2.60059738,1.11546159,96,4084.50977
102,-17,-3.79098964,2.58098745,139,21867.668
102,7,2.43263602,7.66112709,133,192670.859
102,-7,-2.43263602,3.57971525,210,42065.6562
102,17,3.79098964,7.28527069,242,174229.656
102,-6,-2.25218344,7.54893303,276,187069.016
102,5,2.05595279,7.93736649,309,206815.703
102,-4,-1.83890009,5.33096504,133,93291.5547
102,6,2.25218344,5.55974579,205,101470.672
102,-7,-2.43263602,7.64475632,133,191848.297
102,8,2.60059738,1.43421888,334,6752.45264
102,-20,-4.11190557,4.91929865,24,79439.6016
102,21,4.21344948,2.65351582,161,23113.9414
102,-9,-2.75835013,1.66563773,332,9107.34375
102,11,3.0494709,2.38584948,134,18686.0176
102,-13,-3.31512427,3.98584771,314,52152.1328
102,8,2.60059738,1.1436615,257,4293.64014
102,-17,-3.79098964,7.52867603,253,186066.391
102,17,3.79098964,3.46486783,150,39409.7773
102,-4,-1.83890009,2.04892755,217,13781.0996
102,19,4.00779009,4.32696342,33,61460.6523
103,-8,-2.60059738,1.29315758,180,5771.29004
103,4,1.83890009,7.11326742,243,174625.75
103,-21,-4.21344948,7.69667053,4,204444.672
103,8,2.60059738,5.95318413,262,122311.891
103,-18,-3.90089607,5.17153549,187,92301.5625
103,7,2.43263602,7.01863766,104,170010.453
103,-5,-2.05595279,6.26050949,15,135266.234
103,21,4.21344948,4.39110088,320,66545.2188
103,-16,-3.67780018,1.24051118,99,5310.93994
103,5,2.05595279,4.27160549,17,62972.6953
103,-15,-3.56101489,1.88162231,85,12218.9795
103,22,4.312603,6.45221233,61,143677.016
103,-22,-4.312603,6.35744905,42,139487.656
103,21,4.21344948,2.67040873,230,24610.7871
103,-11,-3.0494709,5.57737923,305,107357.0
103,10,2.9075563,3.04448104,290,31988.6992
103,-14,-3.44026709,6.60220623,186,150434.75
103,7,2.43263602,7.30030632,80,183929.844
103,-23,-4.40952778,1.26151299,32,5492.29053
103,7,2.43263602,7.25273991,29,181540.781
103,-18,-3.90089607,6.80124283,18,159641.797
103,23,4.40952778,6.49208832,249,145458.422
103,-7,-2.43263602,4.53809643,199,71075.1016
104,16,3.67780018,7.81836367,264,189267.578
104,-17,-3.79098964,7.2608223,24,163236.062
104,22,4.312603,2.64948201,258,21735.3418
104,-5,-2.05595279,3.84960794,100,45885.7188
104,19,4.00779009,7.37548161,274,168432.25
104,-7,-2.43263602,4.73225975,319,69339.6562
104,12,3.18506837,2.10368514,217,13702.6953
104,-13,-3.31512427,7.65555954,162,181467.297
104,6,2.25218344,1.00715137,279,3140.75464
104,-13,-3.31512427,2.20335031,352,15031.8203
104,10,2.9075563,2.71363401,88,22800.6426
104,-11,-3.0494709,4.06513214,315,51167.457
104,11,3.0494709,3.67612934,140,41843.3203
104,-16,-3.67780018,3.73357725,4,43161.3281
104,18,3.90089607,3.24948573,70,32694.4336
104,-22,-4.312603,1.11086369,229,3820.90332
104,19,4.00779009,2.29544187,11,16314.625
104,-4,-1.83890009,3.5039959,10,38016.4648
104,21,4.21344948,1.66653728,130,8599.52637
104,-14,-3.44026709,3.51817346,226,38324.7227
104,12,3.18506837,1.95691109,196,11857.3242
104,-11,-3.0494709,4.81215191,323,71700.6641
105,17,3.79098964,7.85200119,284,206553.375
105,-14,-3.44026709,5.58224106,60,104397.172
105,16,3.67780018,7.73048782,42,200209.828
105,-11,-3.0494709,7.32763815,69,179886.906
105,13,3.31512427,5.6175456,268,105721.852
105,-22,-4.312603,6.11043406,263,125088.008
105,19,4.00779009,2.0844357,9,14556.2188
105,-19,-4.00779009,6.13752079,172,126199.477
105,9,2.75835013,2.32401061,123,18094.5508
105,-19,-4.00779009,7.67017269,256,197097.828
105,5,2.05595279,1.60907435,183,8674.08691
105,-17,-3.79098964,3.72976708,241,46605.2617
105,15,3.56101489,2.21282482,30,16404.5996
105,-22,-4.312603,7.96146584,94,212352.625
105,10,2.9075563,4.3631525,176,63778.2148
105,-5,-2.05595279,7.53002596,221,189961.047
105,6,2.25218344,5.15790224,29,89128.7422
105,-13,-3.31512427,1.88945293,223,11960.3457
105,18,3.90089607,5.05059338,200,85458.7188
105,-4,-1.83890009,4.32832718,229,62764.1602
105,19,4.00779009,3.21694493,171,34670.3984
106,-15,-3.56101489,7.21393871,66,167835.031
106,4,1.83890009,5.68761921,202,104327.477
106,-15,-3.56101489,7.82884312,18,197666.406
106,16,3.67780018,1.38444138,332,6181.39941
106,-12,-3.18506837,1.32855558,302,5692.42236
106,22,4.312603,7.05840969,123,160676.141
106,-18,-3.90089607,2.69571972,198,23436.1992
106,14,3.44026709,3.98154354,101,51125.8555
106,-18,-3.90089607,5.82499695,165,109428.156
106,3,1.59253418,6.72418499,245,145819.969
106,-9,-2.75835013,6.37973595,240,131263.234
106,12,3.18506837,6.24965286,319,125964.875
106,-22,-4.312603,3.93788934,332,50010.8984
106,11,3.0494709,7.11219931,307,163134.375
106,-6,-2.25218344,3.74726748,91,45286.3281
106,7,2.43263602,2.34989071,353,17808.7305
106,-10,-2.9075563,1.63413668,147,8612.20605
106,19,4.00779009,4.95627689,17,79222.5391
106,-14,-3.44026709,1.17433143,256,4447.53174
106,6,2.25218344,5.00729799,58,80862.0078
106,-14,-3.44026709,4.67136383,185,70376.0703
106,19,4.00779009,7.62897348,288,187702.406
106,-4,-1.83890009,2.18106341,86,15341.7275
106,12,3.18506837,6.16063213,320,122401.922
106,-18,-3.90089607,5.75082636,352,106659.18
107,10,2.9075563,6.1530571,348,135182.375
107,-11,-3.0494709,4.44240856,78,70465.2812
107,9,2.75835013,2.56844711,173,23554.7988
107,-8,-2.60059738,6.908391,213,170408.781
107,21,4.21344948,1.33250093,312,6339.76611
107,-9,-2.75835013,3.36430144,169,40413.6406
107,13,3.31512427,5.83217669,213,121450.57
107,-15,-3.56101489,1.41018629,253,7100.53662
107,6,2.25218344,7.02876616,92,176399.094
107,-8,-2.60059738,1.49500465,24,7980.37451
107,21,4.21344948,4.56765509,280,74494.6094
107,-22,-4.312603,7.6013093,242,206307.484
107,13,3.31512427,6.20977545,166,137686.047
107,-21,-4.21344948,5.70223713,356,116099.062
107,12,3.18506837,1.51666903,124,8213.33984
107,-3,-1.59253418,4.66962147,102,77857.7031
107,8,2.60059738,6.35176277,167,144054.453
107,-22,-4.312603,5.0985918,313,92819.375
107,21,4.21344948,6.03594112,163,130085.289
107,-3,-1.59253418,3.0740211,55,33740.5234
107,3,1.59253418,6.09512138,263,132648.672
107,-4,-1.83890009,3.72190642,238,49461.7031
107,21,4.21344948,3.09223747,249,34141.5977
107,-6,-2.25218344,4.2632103,221,64895.0625
107,13,3.31512427,7.80709839,224,217629.359
107,-21,-4.21344948,6.92206478,351,171084.047
107,9,2.75835013,7.15361547,90,182721.375
108,-9,-2.75835013,6.83006859,45,143866.328
108,10,2.9075563,7.96148443,14,195477.656
108,-5,-2.05595279,4.69191551,223,67890.5703
108,21,4.21344948,3.0378921,208,28461.2324
108,-12,-3.18506837,7.87067318,294,191043.734
108,15,3.56101489,4.40554523,319,59856.0938
108,-12,-3.18506837,6.00393486,324,111168.305
108,14,3.44026709,4.14686775,258,53033.3984
108,-21,-4.21344948,5.42013788,168,90600.3125
108,13,3.31512427,6.28410149,100,121785.461
108,-13,-3.31512427,1.89173937,268,11036.5068
108,10,2.9075563,1.47332358,260,6694.30225
108,-16,-3.67780018,4.15621042,104,53272.6211
108,13,3.31512427,1.45209813,303,6502.80908
108,-11,-3.0494709,4.41970253,30,60241.4062
108,4,1.83890009,5.96636677,185,109781.438
108,-18,-3.90089607,2.74444747,289,23228.377
108,5,2.05595279,3.94101691,228,47898.9102
108,-21,-4.21344948,3.69636178,138,42136.4531
109,14,3.44026709,7.75744438,217,199066.188
109,-16,-3.67780018,5.39089489,300,96135.0859
109,15,3.56101489,4.77976131,344,75574.0312
109,-5,-2.05595279,2.44552875,61,19783.6191
109,18,3.90089607,6.00859594,299,119428.008
109,-5,-2.05595279,5.49172831,89,99765.0156
109,15,3.56101489,5.47997093,183,99338.2969
109,-13,-3.31512427,3.88884783,172,50026.7266
109,7,2.43263602,1.87149191,33,11586.0684
109,-10,-2.9075563,4.17646456,8,57700.2578
109,17,3.79098964,5.84521294,60,113021.445
109,-15,-3.56101489,3.51395774,246,40846.3438
109,16,3.67780018,1.09436464,353,3961.72485
109,-6,-2.25218344,5.00775862,348,82955.8359
109,17,3.79098964,5.40387917,18,96598.7344
109,-14,-3.44026709,6.0159626,174,119721.031
109,20,4.11190557,3.28423619,31,35680.3398
109,-7,-2.43263602,4.16017246,78,57250.9688
109,5,2.05595279,5.04352713,228,84145.1094
109,-14,-3.44026709,4.58082294,57,69414.0234
109,10,2.9075563,4.89958525,261,79410.6641
109,-21,-4.21344948,7.33963108,275,178200.406
109,7,2.43263602,4.19172859,61,58122.7969
110,-18,-3.90089607,3.39123464,319,37499.2578
110,8,2.60059738,3.4848783,123,39598.8203
110,-20,-4.11190557,2.3631103,62,18208.5332
110,14,3.44026709,6.81986952,171,151655.844
110,-4,-1.83890009,4.55054522,356,67520.2188
110,12,3.18506837,7.01812172,285,160601.188
110,-21,-4.21344948,4.59627247,114,68884.0156
110,16,3.67780018,5.56197166,355,100870.578
110,-6,-2.25218344,3.07933664,317,30918.707
110,18,3.90089607,4.43250847,95,64062.8281
110,-12,-3.18506837,4.1820755,310,57028.3398
110,4,1.83890009,2.15227437,255,15104.3574
110,-7,-2.43263602,5.28575706,306,91100.6172
110,5,2.05595279,1.7335465,185,9798.91406
110,-11,-3.0494709,2.73622465,103,24412.4004
110,4,1.83890009,5.73117971,352,107101.383
110,-5,-2.05595279,4.9428072,242,79662.5703
110,21,4.21344948,5.76969337,167,108545.656
110,-11,-3.0494709,1.25834203,47,5163.02686
110,14,3.44026709,2.95577574,219,28487.2129
110,-20,-4.11190557,6.72393417,277,147419.141
110,9,2.75835013,2.18515563,25,15569.3955
111,-4,-1.83890009,4.91440868,299,83789.2031
111,18,3.90089607,4.48743153,305,69862.0312
111,-15,-3.56101489,3.28074479,244,37341.3828
111,8,2.60059738,1.48254108,198,7625.33643
111,-11,-3.0494709,5.07918215,322,89502.0781
111,8,2.60059738,1.83685327,257,11705.6211
111,-12,-3.18506837,3.0169487,281,31577.7656
111,7,2.43263602,5.86914158,222,119507.367
111,-10,-2.9075563,6.67625475,107,154636.25
111,15,3.56101489,5.81542206,101,117329.703
111,-21,-4.21344948,6.82728291,156,161711.656
111,14,3.44026709,3.14898777,95,34402.3008
111,-8,-2.60059738,6.06513405,342,127622.234
111,11,3.0494709,3.7202158,160,48015.5352
111,-16,-3.67780018,2.68593812,31,25028.6562
111,7,2.43263602,7.57426453,317,199033.625
111,-8,-2.60059738,6.68705606,306,155137.031
111,21,4.21344948,5.37328911,309,100167.289
111,-4,-1.83890009,2.90109158,268,29199.0273
111,10,2.9075563,4.66886044,222,75625.3281
111,-12,-3.18506837,7.56312418,354,198448.578
111,6,2.25218344,1.43356466,129,7129.84521
111,-16,-3.67780018,7.93723488,71,218566.719
111,7,2.43263602,3.11920238,191,33754.5781
111,-8,-2.60059738,2.45466447,234,20904.0195
111,6,2.25218344,5.55828381,78,107183.258
112,-13,-3.31512427,4.07233667,166,56632.5273
112,15,3.56101489,5.7669363,137,113571.375
112,-15,-3.56101489,3.91162372,322,52250.7734
112,15,3.56101489,6.6689167,349,151876.0
112,-17,-3.79098964,1.50140333,232,7697.91895
112,7,2.43263602,7.10437202,164,172357.406
112,-10,-2.9075563,5.19249725,215,92072.7578
112,20,4.11190557,2.30756831,151,18183.9277
112,-5,-2.05595279,4.3204565,34,63743.7852
112,6,2.25218344,3.91825438,239,52428.0664
112,-5,-2.05595279,6.11024046,201,127495.578
112,5,2.05595279,5.8212471,141,115720.586
112,-18,-3.90089607,6.71983051,119,154203.859
112,4,1.83890009,3.19613338,271,34884.1719
112,-7,-2.43263602,7.41496849,197,187757.453
112,14,3.44026709,3.37496924,62,38897.1836
112,-13,-3.31512427,3.13494539,283,33561.2773
112,9,2.75835013,1.05418348,264,3794.99316
112,-20,-4.11190557,1.6754961,176,9586.61719
112,9,2.75835013,7.08533287,258,171434.844
112,-11,-3.0494709,7.19644833,250,176854.047
112,5,2.05595279,5.73369789,187,112265.977
112,-7,-2.43263602,5.27195168,354,94912.0547
113,12,3.18506837,7.71146202,234,194023.859
113,-13,-3.31512427,2.55598688,96,21315.668
113,18,3.90089607,7.49513721,355,183290.891
113,-8,-2.60059738,6.77772903,167,149882.203
113,20,4.11190557,3.29422641,356,35406.957
113,-3,-1.59253418,4.08549976,359,54459.3047
113,18,3.90089607,2.99569154,14,29280.3242
113,-7,-2.43263602,5.59130669,133,102001.914
113,19,4.00779009,6.11633015,24,122057.25
113,-7,-2.43263602,3.18684745,263,33136.3203
113,20,4.11190557,5.34825897,78,93326.8359
113,-7,-2.43263602,2.18939304,120,15639.7256
113,19,4.00779009,6.13152122,42,122664.297
113,-5,-2.05595279,6.4797802,63,136994.234
113,-9,-2.75835013,7.67238235,251,192062.312
113,-12,-3.18506837,3.7343967,67,45501.1719
113,3,1.59253418,3.01235914,304,29607.0527
113,-10,-2.9075563,5.73129463,343,107173.445
113,8,2.60059738,6.90025997,50,155350.484
113,-8,-2.60059738,4.68588734,330,71641.6172
113,13,3.31512427,6.70547581,214,146703.656
114,-17,-3.79098964,6.94027138,319,170142.156
114,19,4.00779009,5.13768291,244,93238.1328
114,-19,-4.00779009,5.06724739,182,90699.1484
114,18,3.90089607,4.24337006,312,63603.4688
114,-4,-1.83890009,3.34176755,79,39446.7695
114,19,4.00779009,5.10480881,151,92048.7578
114,-12,-3.18506837,5.52274513,322,107738.023
114,18,3.90089607,1.78378296,75,11239.3965
114,-5,-2.05595279,7.06567097,97,176346.078
114,5,2.05595279,5.75966501,347,117180.0
114,5,2.05595279,7.96579552,314,224138.969
114,-15,-3.56101489,7.13077784,294,179610.938
114,14,3.44026709,7.99973488,27,226052.953
114,-18,-3.90089607,3.54234123,19,44324.0898
114,18,3.90089607,2.15354443,184,16381.9902
114,-7,-2.43263602,5.6322422,188,112052.531
114,13,3.31512427,1.1030097,187,4297.51758
114,-3,-1.59253418,3.29735398,54,38405.207
114,12,3.18506837,7.63520193,12,205920.719
114,-20,-4.11190557,1.84498596,154,12023.8936
114,9,2.75835013,6.70207644,355,158663.766
114,-19,-4.00779009,5.82542229,225,119870.906
114,12,3.18506837,6.90195084,9,168268.453
115,-20,-4.11190557,5.10522556,148,89535.2969
115,8,2.60059738,5.53637695,123,105296.93
115,-16,-3.67780018,6.89877987,74,163496.688
115,13,3.31512427,7.79757881,236,208873.781
115,-11,-3.0494709,7.90998793,340,214939.375
115,6,2.25218344,7.19058228,357,177620.266
115,-6,-2.25218344,5.11645937,206,89929.7656
115,16,3.67780018,5.35177708,231,98392.1484
115,-13,-3.31512427,5.33121395,164,97637.4844
115,12,3.18506837,2.73361778,18,25670.8301
115,-9,-2.75835013,3.93101335,295,53085.1953
115,3,1.59253418,3.55299234,344,43366.3555
115,-11,-3.0494709,6.16250467,146,130460.469
115,16,3.67780018,2.21613431,7,16871.6113
115,-20,-4.11190557,7.5703392,305,196877.047
115,11,3.0494709,3.70307755,65,47107.4922
115,-17,-3.79098964,1.64913535,346,9342.79883
115,17,3.79098964,5.03056145,80,86935.5312
115,-5,-2.05595279,3.66231728,78,46076.1641
115,3,1.59253418,2.57431173,225,22765.9941
115,-9,-2.75835013,7.47489786,342,191944.156
116,17,3.79098964,2.62473345,303,22031.3398
116,-9,-2.75835013,7.91085052,271,200132.125
116,15,3.56101489,7.68439198,341,188838.031
116,-14,-3.44026709,2.57707715,236,21238.5723
116,9,2.75835013,4.96005726,205,78676.2812
116,-9,-2.75835013,1.68352532,83,9063.78906
116,7,2.43263602,2.03592658,153,13255.457
116,-6,-2.25218344,2.82735825,357,25564.1973
116,16,3.67780018,4.41865301,302,62438.1836
116,-9,-2.75835013,2.30896688,296,17049.2734
116,5,2.05595279,6.81603098,317,148570.844
116,-18,-3.90089607,3.03818917,208,29518.8965
116,7,2.43263602,5.87042332,118,110207.039
116,-12,-3.18506837,7.21689463,120,166560.203
116,7,2.43263602,6.37433338,286,129939.156
116,-12,-3.18506837,6.44524479,83,132846.266
116,7,2.43263602,1.24548292,232,4960.73535
116,-6,-2.25218344,3.85693955,72,47572.5117
116,5,2.05595279,4.59209347,357,67436.0156
116,-12,-3.18506837,5.33585835,108,91049.8125
116,19,4.00779009,3.79633737,84,46089.2969
116,-12,-3.18506837,1.05358267,135,3549.8313
117,12,3.18506837,5.58587456,10,94582.8516
117,-9,-2.75835013,5.80500126,297,102149.133
117,9,2.75835013,6.66036654,287,134470.297
117,-9,-2.75835013,4.78067398,5,69280.0703
117,8,2.60059738,3.80652285,114,43922.4922
117,-13,-3.31512427,4.2507534,249,54772.4141
117,11,3.0494709,1.43652201,40,6255.39355
117,-19,-4.00779009,1.64285016,114,8181.36914
117,11,3.0494709,4.39936161,218,58669.0977
117,-17,-3.79098964,7.10255957,204,152918.422
117,18,3.90089607,2.72673512,354,22538.0273
117,-17,-3.79098964,7.23889923,112,158845.578
117,11,3.0494709,5.19351053,334,81762.1094
117,-4,-1.83890009,5.33916473,171,86412.5312
117,8,2.60059738,3.35579491,47,34136.6484
117,-15,-3.56101489,2.86391449,340,24862.8086
118,5,2.05595279,2.81297874,258,24676.4551
118,-18,-3.90089607,7.7607255,314,187825.5
118,16,3.67780018,4.54089212,210,64303.1523
118,-12,-3.18506837,5.79609108,55,104765.992
118,17,3.79098964,3.91338611,308,47759.0117
118,-16,-3.67780018,1.3067193,48,5324.93799
118,17,3.79098964,4.05592775,162,51301.5352
118,-18,-3.90089607,2.98867702,125,27855.3027
118,3,1.59253418,6.71547985,52,140638.422
118,-9,-2.75835013,7.08319998,6,156462.016
118,5,2.05595279,6.36650801,45,126401.578
118,-7,-2.43263602,7.92811108,84,196015.031
118,7,2.43263602,3.76838446,259,44285.3711
118,-7,-2.43263602,7.24925184,266,163883.906
118,11,3.0494709,4.2025547,72,55077.8047
119,-6,-2.25218344,3.34941292,133,35418.4961
119,3,1.59253418,7.58501387,11,181637.484
119,-5,-2.05595279,5.33960867,87,90014.3203
119,3,1.59253418,3.81345558,104,45912.4141
119,-4,-1.83890009,1.77531981,256,9950.52344
119,12,3.18506837,4.81284094,130,73130.0234
119,-6,-2.25218344,5.42628479,144,92960.3672
119,5,2.05595279,4.58098316,182,66253.6953
119,-5,-2.05595279,7.59619236,36,182173.266
119,12,3.18506837,4.21068764,276,55975.6055
119,-11,-3.0494709,7.02791166,20,155935.609
119,9,2.75835013,1.12878799,35,4022.69849
119,-12,-3.18506837,2.56759763,63,20813.5742
119,10,2.9075563,6.6265974,63,138635.328
119,-14,-3.44026709,4.23056459,193,56505.3281
119,14,3.44026709,5.10420132,349,82252.3438
119,-7,-2.43263602,2.31193924,294,16875.0684
119,5,2.05595279,7.77233982,326,190720.016
119,-17,-3.79098964,3.73677993,250,44084.6836
119,4,1.83890009,1.06799889,82,3601.09277
120,-13,-3.31512427,2.86637282,153,24272.3301
120,18,3.90089607,2.14104581,201,13542.4756
120,-12,-3.18506837,5.57247448,60,91736.5234
120,5,2.05595279,4.60617256,224,62679.6484
120,-13,-3.31512427,3.9384284,304,45823.9023
120,5,2.05595279,2.17707634,255,14002.1074
120,-17,-3.79098964,2.12730885,304,13369.2559
120,17,3.79098964,5.70311356,56,96088.2266
120,-3,-1.59253418,2.23213768,149,14719.3311
120,12,3.18506837,3.5434761,210,37094.1289
120,-13,-3.31512427,7.21397734,252,153743.125
120,3,1.59253418,6.33993864,97,118745.25
120,-12,-3.18506837,2.37194729,257,16620.9648
120,6,2.25218344,1.33244085,316,5244.95801
121,-15,-3.56101489,2.35840225,256,14978.5205
121,5,2.05595279,4.6748805,169,58853.7617
121,-7,-2.43263602,3.72494054,238,37365.5859
121,4,1.83890009,5.10326147,272,70134.0312
121,-5,-2.05595279,7.52028275,26,152300.562
121,10,2.9075563,2.40031409,215,15515.625
121,-16,-3.67780018,2.09792066,66,11852.5352
121,13,3.31512427,1.76430988,62,8382.68066
121,-10,-2.9075563,1.77308512,19,8466.27344
121,5,2.05595279,2.24283218,189,13546.4883
121,-11,-3.0494709,1.29810929,299,4537.90771
121,17,3.79098964,6.32370996,90,107690.406
121,-9,-2.75835013,2.61555099,286,18422.9629
122,6,2.25218344,7.58629036,38,169801.531
122,-10,-2.9075563,5.81045389,251,99609.9688
122,6,2.25218344,7.31837225,138,158019.859
122,-15,-3.56101489,3.90501976,314,44991.3633
122,6,2.25218344,7.66745901,91,173454.516
122,-7,-2.43263602,4.99986649,21,73756.3594
122,13,3.31512427,5.77483749,9,98392.5391
122,-6,-2.25218344,3.70222473,22,40439.7266
122,-16,-3.67780018,7.76224899,359,176365.609
122,6,2.25218344,1.31721354,133,5119.1167
122,-8,-2.60059738,5.42909145,153,86963.4844
122,4,1.83890009,2.75012684,151,22314.5508
122,-8,-2.60059738,1.39997911,168,5782.63525
122,3,1.59253418,3.46289515,210,35380.2852
122,-17,-3.79098964,3.89915848,74,44856.4062
123,-12,-3.18506837,7.52483225,318,181580.172
123,15,3.56101489,7.1630764,89,148772.922
123,-5,-2.05595279,4.85459757,327,68333.1094
123,13,3.31512427,7.22333527,318,151286.516
123,-9,-2.75835013,2.61475825,77,19823.8398
123,6,2.25218344,1.25665307,292,4578.84033
123,-10,-2.9075563,2.59582257,216,19537.7578
123,17,3.79098964,5.0017705,332,72539.1172
123,-3,-1.59253418,2.75983167,128,22084.6191
123,6,2.25218344,3.49171591,6,35351.0664
123,-11,-3.0494709,5.28248787,315,80909.9141
123,5,2.05595279,2.79583883,175,22664.6484
123,-3,-1.59253418,6.68239641,157,129475.977
124,15,3.56101489,4.0576849,98,47722.8672
124,-14,-3.44026709,4.52951145,145,59466.5312
124,11,3.0494709,3.51680827,48,35848.1914
124,-3,-1.59253418,7.0175643,346,142739.016
124,14,3.44026709,2.2143569,117,14212.3252
124,-6,-2.25218344,5.71767139,72,94756.3359
124,3,1.59253418,1.9101193,94,10575.2559
124,-14,-3.44026709,2.37631488,31,16367.3301
124,15,3.56101489,4.72685623,184,64761.1641
124,-11,-3.0494709,2.29494953,358,15265.6797
124,11,3.0494709,2.22275829,147,14320.374
124,-3,-1.59253418,6.90214777,279,138082.406
124,15,3.56101489,1.41465235,204,5800.55176
124,-6,-2.25218344,5.07932091,337,74779.2656
125,4,1.83890009,4.14290047,299,46830.168
125,-6,-2.25218344,1.75776267,111,8430.18555
125,15,3.56101489,3.73293138,249,38020.4023
125,-9,-2.75835013,6.39627504,61,111627.438
125,10,2.9075563,4.21469307,262,48467.2773
125,-11,-3.0494709,4.37049294,337,52116.7812
125,9,2.75835013,4.89220047,29,65301.8047
125,-13,-3.31512427,2.23282361,236,13602.7119
125,3,1.59253418,1.08549261,69,3214.92212
125,-6,-2.25218344,2.88241959,295,22668.9336
125,5,2.05595279,5.84489918,162,93211.7734
126,-15,-3.56101489,5.24050236,208,84633.9531
126,10,2.9075563,4.14348793,254,52909.1719
126,-14,-3.44026709,4.60803127,213,65437.9414
126,16,3.67780018,7.19308901,101,159451.875
126,-10,-2.9075563,5.25479031,288,85096.0859
126,12,3.18506837,6.27073288,54,121181.242
126,-11,-3.0494709,1.21550059,291,4553.12061
126,12,3.18506837,3.92411399,334,47455.0
126,-3,-1.59253418,6.58679199,213,133704.703
126,6,2.25218344,7.21814299,188,160564.594
126,-5,-2.05595279,6.3388052,12,123826.5
126,8,2.60059738,4.32373095,307,57612.4219
126,-16,-3.67780018,2.95523167,132,26914.2227
126,6,2.25218344,4.58937263,146,64909.0781
126,-4,-1.83890009,1.59264874,178,7816.97656
126,8,2.60059738,7.65139866,14,180418.234
127,-5,-2.05595279,1.06865644,61,3662.27539
127,4,1.83890009,6.93406439,241,154187.984
127,-7,-2.43263602,5.83029938,199,109007.523
127,9,2.75835013,4.86127853,241,75783.6953
127,9,2.75835013,1.858284,276,11073.8594
127,-7,-2.43263602,6.18625832,91,122724.398
127,11,3.0494709,2.4595077,251,19398.6348
127,-8,-2.60059738,2.95793033,111,28057.6074
127,13,3.31512427,7.96163654,116,203272.922
127,-9,-2.75835013,7.24104214,162,168142.297
127,8,2.60059738,6.21086884,96,123702.797
127,-12,-3.18506837,3.08016443,320,30424.4414
127,10,2.9075563,4.34001303,185,60402.7656
127,-3,-1.59253418,3.62083268,44,42042.8086
127,9,2.75835013,5.34344721,27,91562.5469
127,-9,-2.75835013,5.32208633,57,90831.9531
127,11,3.0494709,3.31103253,113,35156.1836
128,-11,-3.0494709,6.52408314,222,124588.43
128,9,2.75835013,3.29645944,330,31807.8477
128,-16,-3.67780018,6.61787033,63,128196.227
128,6,2.25218344,4.55864429,350,60828.9297
128,-5,-2.05595279,3.14258575,277,28907.666
128,10,2.9075563,3.44848728,282,34809.3594
128,-9,-2.75835013,6.73359776,60,132719.016
128,16,3.67780018,3.59098887,4,37745.6484
128,8,2.60059738,2.13367581,40,13325.8711
128,-14,-3.44026709,7.7025013,186,173661.016
129,11,3.0494709,5.96494198,322,100198.008
129,-9,-2.75835013,6.80226898,199,130302.961
129,4,1.83890009,2.74873996,64,21277.1738
129,-6,-2.25218344,6.07407284,127,103897.875
129,12,3.18506837,6.95066833,356,136050.375
129,-15,-3.56101489,4.90675497,31,67800.8906
129,4,1.83890009,1.84363914,257,9571.90625
129,-2,-1.30029869,5.0610323,276,72131.4766
129,4,1.83890009,4.79042387,182,64624.1016
129,-6,-2.25218344,6.66447735,80,125077.398
130,12,3.18506837,3.8828814,178,43575.0703
130,-6,-2.25218344,6.60545731,37,126105.961
130,8,2.60059738,5.92738581,174,101544.453
130,-15,-3.56101489,5.58052874,294,90007.875
130,12,3.18506837,6.95099545,33,139644.5
130,-8,-2.60059738,3.39080071,274,33230.3008
130,2,1.30029869,3.21332002,21,29842.6777
130,-11,-3.0494709,2.28876948,103,15140.2812
130,11,3.0494709,3.3589642,250,32609.2344
130,-4,-1.83890009,7.12647343,346,146784.156
130,3,1.59253418,5.65016985,272,92268.3672
131,-5,-2.05595279,1.42666364,279,6283.03125
131,12,3.18506837,3.9386003,261,47886.1406
131,-9,-2.75835013,5.08224773,97,79732.9219
131,8,2.60059738,4.34888172,119,58382.3047
131,-9,-2.75835013,5.66552734,106,99084.7266
131,4,1.83890009,7.53705692,354,175359.641
131,-11,-3.0494709,4.34030533,111,58152.2578
131,10,2.9075563,1.52081966,224,7139.72461
131,-4,-1.83890009,4.44261217,22,60926.0234
131,13,3.31512427,5.99144268,22,110812.531
131,-14,-3.44026709,4.19617796,260,54354.293
131,10,2.9075563,1.16545439,65,4192.92041
131,-11,-3.0494709,2.7965498,283,24141.8848
131,4,1.83890009,4.64050198,255,66474.6328
131,-2,-1.30029869,6.93263435,254,148362.0
132,8,2.60059738,2.79142618,138,22933.0176
132,-7,-2.43263602,2.51962757,356,18684.5059
132,11,3.0494709,5.3987875,165,85783.0391
132,-13,-3.31512427,4.42912722,301,57735.8086
132,7,2.43263602,3.36290121,61,33284.125
132,-5,-2.05595279,3.28263903,6,31714.3047
132,14,3.44026709,5.33720207,9,83837.0859
132,-5,-2.05595279,5.3698864,159,84867.0547
132,4,1.83890009,1.70669842,91,8572.79688
132,-12,-3.18506837,6.48304939,232,123699.398
132,14,3.44026709,6.6286068,125,129316.359
132,-13,-3.31512427,3.00662971,325,26605.3418
132,9,2.75835013,7.44804478,61,163265.141
133,-9,-2.75835013,6.31080246,280,106975.289
133,8,2.60059738,2.68042898,93,19298.4688
133,-3,-1.59253418,5.98409748,291,96185.9375
133,9,2.75835013,6.75445557,9,122544.812
133,-12,-3.18506837,4.14045429,103,46047.9453
133,10,2.9075563,2.62801623,241,18551.1289
133,-13,-3.31512427,7.08873415,185,134974.469
133,4,1.83890009,1.3698616,317,5040.43066
134,-3,-1.59253418,1.26670003,105,4736.36963
134,11,3.0494709,3.42860031,8,34700.1836
134,-9,-2.75835013,1.49739289,84,6618.65234
134,7,2.43263602,2.69621372,313,21458.8613
134,-3,-1.59253418,5.27395821,187,82105.3359
134,3,1.59253418,6.42534781,226,121868.445
134,-3,-1.59253418,2.83210468,333,23676.4512
134,3,1.59253418,7.2097168,107,153438.547
134,-4,-1.83890009,4.71051884,323,65499.1289
134,14,3.44026709,7.7058444,234,175282.453
134,-7,-2.43263602,6.14122105,108,111328.773
134,5,2.05595279,1.50029683,61,6644.34863
134,-3,-1.59253418,2.49810171,319,18421.2148
135,6,2.25218344,7.6226449,198,162480.438
135,-7,-2.43263602,7.81547832,347,170805.078
135,11,3.0494709,7.75252438,73,168064.484
135,-13,-3.31512427,6.67784023,124,124698.641
135,5,2.05595279,4.48192883,289,56171.957
135,-8,-2.60059738,1.79746151,170,9034.59863
135,6,2.25218344,5.96151209,215,99380.8125
135,-12,-3.18506837,5.14823246,254,74114.9766
135,9,2.75835013,7.34862995,234,151008.859
136,-8,-2.60059738,1.43898368,326,6070.02539
136,6,2.25218344,1.00148702,359,2940.14941
136,-4,-1.83890009,4.99771166,304,73218.5469
136,3,1.59253418,4.5622263,207,61014.4102
136,-12,-3.18506837,7.35648727,277,158642.562
136,2,1.30029869,7.49141693,301,164515.453
136,-4,-1.83890009,7.26868153,282,154878.109
136,9,2.75835013,1.74262047,143,8901.93359
136,-4,-1.83890009,1.24483871,337,4542.60449
137,8,2.60059738,7.02367115,276,135194.984
137,-4,-1.83890009,6.85420799,227,128749.891
137,7,2.43263602,7.69327068,36,162201.281
137,-4,-1.83890009,4.82507896,154,63803.0
137,9,2.75835013,1.11079025,353,3381.39844
137,-11,-3.0494709,1.06119967,217,3086.21704
137,10,2.9075563,7.60019302,10,158300.219
137,-2,-1.30029869,1.44041228,254,5685.98779
137,4,1.83890009,4.01641941,305,44208.9648
137,-8,-2.60059738,3.9652698,189,43090.1211
138,11,3.0494709,5.29159021,296,67291.8281
138,-7,-2.43263602,1.77488923,306,7570.63721
138,9,2.75835013,4.57979679,119,50406.0117
138,-13,-3.31512427,1.64939904,233,6537.94775
138,10,2.9075563,2.45386839,270,14470.7949
138,-12,-3.18506837,6.18941975,64,92063.9844
139,6,2.25218344,6.5903101,320,126573.547
139,-8,-2.60059738,3.35645914,92,32831.7461
139,13,3.31512427,7.01197338,353,143288.656
139,-13,-3.31512427,6.26378059,292,114341.609
139,9,2.75835013,3.36058307,208,32912.4727
139,-9,-2.75835013,6.33775711,317,117058.359
139,2,1.30029869,7.70270681,347,172909.156
139,-7,-2.43263602,2.41445327,199,16989.041
139,8,2.60059738,1.74008203,165,8824.10547
139,-10,-2.9075563,7.57252359,242,167113.875
140,5,2.05595279,5.41296816,232,88056.7734
140,-6,-2.25218344,4.77439404,160,68505.9609
140,7,2.43263602,3.26292562,151,31996.7754
140,-7,-2.43263602,2.99345851,356,26930.123
140,5,2.05595279,3.07931662,31,28497.0918
140,-13,-3.31512427,4.07777739,156,49973.3945
140,2,1.30029869,6.23182678,112,116713.906
140,-5,-2.05595279,5.34104538,323,85732.2812
140,11,3.0494709,6.96852779,243,145939.859
140,-13,-3.31512427,4.05851126,150,49502.3008
140,7,2.43263602,4.4111042,356,58477.1836
140,-3,-1.59253418,1.43394852,189,6179.57959
141,1,0.919450045,7.39951563,276,152350.344
141,-11,-3.0494709,2.66009974,48,19689.4082
141,-6,-2.25218344,7.3028326,111,148395.094
141,-6,-2.25218344,1.72411203,138,8271.18652
141,6,2.25218344,5.1768713,227,74571.2734
141,-5,-2.05595279,5.68084335,94,89797.1406
141,9,2.75835013,5.93349934,168,97962.2266
141,-1,-0.919450045,3.33882356,313,31018.7148
141,7,2.43263602,4.61948204,172,59377.6992
142,-5,-2.05595279,3.63670754,25,37767.4883
142,-6,-2.25218344,6.15889311,301,108319.516
142,-9,-2.75835013,4.52248383,345,58405.7148
142,6,2.25218344,4.39253235,192,55097.4258
142,-7,-2.43263602,4.31734896,118,53227.4492
142,-4,-1.83890009,7.70306587,244,169444.922
142,-7,-2.43263602,1.44908571,208,5996.38477
142,10,2.9075563,2.79315853,48,22278.8359
142,-5,-2.05595279,3.63467646,278,37725.3203
142,5,2.05595279,7.01829052,342,140657.875
142,-3,-1.59253418,7.41154194,212,156862.25
142,10,2.9075563,1.80897212,125,9344.69336
143,-11,-3.0494709,3.40341616,343,31584.7715
143,3,1.59253418,5.22336292,355,74395.7344
143,-4,-1.83890009,3.08164811,184,25894.8652
143,2,1.30029869,1.27494287,202,4432.29883
143,-7,-2.43263602,1.98692346,91,10764.8975
143,10,2.9075563,5.23404026,209,74700.1875
143,-8,-2.60059738,7.52214527,216,154287.609
143,2,1.30029869,5.72093582,0,89244.5625
144,-10,-2.9075563,7.77611303,143,148292.5
144,11,3.0494709,4.14938784,133,42224.2695
144,-11,-3.0494709,5.78878307,254,82180.4688
144,9,2.75835013,7.09708548,191,123524.797
145,-4,-1.83890009,1.72944593,35,8403.0459
145,10,2.9075563,3.81990099,191,40994.6289
145,-3,-1.59253418,5.08625174,72,72680.5938
145,11,3.0494709,1.64818239,253,7631.91064
145,-8,-2.60059738,3.02497125,227,25707.8203
145,5,2.05595279,7.70485115,3,166782.812
145,-9,-2.75835013,3.46396995,293,33710.9492
145,4,1.83890009,7.96985435,235,178452.875
145,-7,-2.43263602,5.33901119,303,80083.7578
145,7,2.43263602,7.76327896,259,169321.906
145,-5,-2.05595279,5.44544029,61,83308.3906
146,2,1.30029869,4.52758074,61,52173.7266
146,-7,-2.43263602,6.06992579,330,93774.8203
146,3,1.59253418,7.26243114,357,134240.484
146,-5,-2.05595279,1.68978214,26,7267.43018
146,11,3.0494709,2.19608712,331,12274.917
146,-3,-1.59253418,6.65379763,227,112683.07
147,5,2.05595279,6.40430927,160,97308.9141
147,-1,-0.919450045,6.22812557,100,92028.6016
147,4,1.83890009,6.1183033,143,88811.6875
148,-6,-2.25218344,1.33228731,64,4428.70312
148,8,2.60059738,6.77174759,107,114414.82
148,-4,-1.83890009,7.77820921,208,150952.406
148,7,2.43263602,4.38792992,273,48039.6836
148,-2,-1.30029869,3.94140911,125,38760.0039
148,5,2.05595279,3.28448153,268,26916.2422
148,-10,-2.9075563,1.29443765,250,4180.64307
149,6,2.25218344,7.61703873,208,134100.656
149,-10,-2.9075563,4.58106136,341,48505.4805
149,8,2.60059738,1.91447353,295,8471.44141
149,-7,-2.43263602,5.56725883,2,71637.6641
150,7,2.43263602,7.94398737,48,168122.5
150,-1,-0.919450045,4.61566019,64,56756.6055
150,8,2.60059738,2.4138341,3,15522.5693
150,-3,-1.59253418,5.3309021,51,75709.4688
150,9,2.75835013,4.47276306,193,53296.7227
151,-2,-1.30029869,1.75597525,291,7148.37793
151,8,2.60059738,1.67783427,16,6526.32812
151,-2,-1.30029869,4.37842512,87,44443.332
151,5,2.05595279,5.21021461,289,62933.5117
151,-8,-2.60059738,6.08112621,160,85731.1797
152,6,2.25218344,6.50023746,189,108824.516
152,-2,-1.30029869,1.50191569,270,5809.77637
152,6,2.25218344,1.70374441,345,7476.13574
152,-6,-2.25218344,5.83643723,270,87733.1953
152,2,1.30029869,3.01183176,50,23363.0605
152,-4,-1.83890009,3.86726022,6,38519.0117
152,5,2.05595279,3.04293895,259,23848.1562
152,-3,-1.59253418,1.67644238,354,7238.44971
152,9,2.75835013,1.98716044,205,10170.3096
