0,1,2,3,4,5
1.0,22.0,-4.312603,7.494284,63.0,108140.586
1.0,-22.0,-4.312603,7.494284,63.0,108140.586
2.0,23.0,4.409528,6.452491,155.0,82313.4531
2.0,-23.0,4.409528,6.452491,155.0,82313.4531
3.0,34.0,5.361269,1.562526,52.0,5895.52783
3.0,-34.0,5.361269,1.562526,52.0,5895.52783
3.0,30.0,5.036036,5.954782,353.0,85624.8281
3.0,-30.0,5.036036,5.954782,353.0,85624.8281
3.0,34.0,-5.361269,5.381901,279.0,69942.2188
3.0,-34.0,-5.361269,5.381901,279.0,69942.2188
3.0,24.0,-4.504367,1.268931,120.0,3888.16211
3.0,-24.0,-4.504367,1.268931,120.0,3888.16211
4.0,29.0,-4.95139,2.87812,171.0,19232.4648
4.0,-29.0,-4.95139,2.87812,171.0,19232.4648
4.0,23.0,4.409528,4.563682,202.0,48355.7031
4.0,-23.0,4.409528,4.563682,202.0,48355.7031
4.0,42.0,-5.958717,2.730684,95.0,17312.502
4.0,-42.0,-5.958717,2.730684,95.0,17312.502
5.0,20.0,-4.111906,4.376132,3.0,44996.9258
5.0,-20.0,-4.111906,4.376132,3.0,44996.9258
5.0,21.0,-4.213449,7.0917,30.0,118168.75
5.0,-21.0,-4.213449,7.0917,30.0,118168.75
5.0,22.0,4.312603,1.671833,285.0,6567.3125
5.0,-22.0,4.312603,1.671833,285.0,6567.3125
6.0,27.0,4.777602,7.685238,22.0,126035.195
6.0,-27.0,4.777602,7.685238,22.0,126035.195
6.0,24.0,-4.504367,2.823151,260.0,17007.6914
6.0,-24.0,-4.504367,2.823151,260.0,17007.6914
7.0,28.0,4.865272,5.276962,306.0,58978.0781
7.0,-28.0,4.865272,5.276962,306.0,58978.0781
7.0,26.0,-4.688294,7.915534,222.0,132703.719
7.0,-26.0,-4.688294,7.915534,222.0,132703.719
8.0,39.0,5.741964,1.682824,180.0,6951.18408
8.0,-39.0,5.741964,1.682824,180.0,6951.18408
8.0,38.0,-5.667871,5.024344,4.0,61964.0742
8.0,-38.0,-5.667871,5.024344,4.0,61964.0742
8.0,33.0,-5.281838,2.189657,346.0,11768.8281
8.0,-33.0,-5.281838,2.189657,346.0,11768.8281
8.0,40.0,5.815113,6.336252,107.0,98547.6094
8.0,-40.0,5.815113,6.336252,107.0,98547.6094
8.0,22.0,4.312603,3.569346,195.0,31272.2051
8.0,-22.0,4.312603,3.569346,195.0,31272.2051
9.0,38.0,5.667871,2.542959,52.0,17801.6348
9.0,-38.0,5.667871,2.542959,52.0,17801.6348
9.0,29.0,4.95139,2.238193,137.0,13790.373
9.0,-29.0,4.95139,2.238193,137.0,13790.373
9.0,33.0,5.281838,6.678403,266.0,122779.641
9.0,-33.0,5.281838,6.678403,266.0,122779.641
9.0,41.0,-5.887353,7.329782,359.0,147898.344
9.0,-41.0,-5.887353,7.329782,359.0,147898.344
9.0,30.0,5.036036,5.844214,330.0,94022.8516
9.0,-30.0,5.036036,5.844214,330.0,94022.8516
10.0,35.0,5.43954,4.974784,67.0,69458.4453
10.0,-35.0,5.43954,4.974784,67.0,69458.4453
10.0,41.0,5.887353,2.85319,221.0,22847.4629
10.0,-41.0,5.887353,2.85319,221.0,22847.4629
10.0,24.0,4.504367,4.125322,178.0,47763.0742
10.0,-24.0,4.504367,4.125322,178.0,47763.0742
10.0,39.0,-5.741964,4.587857,259.0,59074.0078
10.0,-39.0,-5.741964,4.587857,259.0,59074.0078
10.0,27.0,4.777602,7.396305,324.0,153534.578
10.0,-27.0,4.777602,7.396305,324.0,153534.578
10.0,31.0,-5.119281,4.69164,317.0,61776.8828
10.0,-31.0,-5.119281,4.69164,317.0,61776.8828
11.0,28.0,-4.865272,1.23614,20.0,3576.08472
11.0,-28.0,-4.865272,1.23614,20.0,3576.08472
11.0,40.0,-5.815113,1.453707,273.0,4945.68066
11.0,-40.0,-5.815113,1.453707,273.0,4945.68066
11.0,38.0,-5.667871,4.790856,93.0,53715.3789
11.0,-38.0,-5.667871,4.790856,93.0,53715.3789
11.0,36.0,-5.5167,4.145756,216.0,40223.4961
11.0,-36.0,-5.5167,4.145756,216.0,40223.4961
12.0,40.0,-5.815113,4.193192,145.0,45592.4922
12.0,-40.0,-5.815113,4.193192,145.0,45592.4922
12.0,16.0,3.6778,7.727802,80.0,154851.625
12.0,-16.0,3.6778,7.727802,80.0,154851.625
12.0,34.0,-5.361269,1.732757,218.0,7785.3667
12.0,-34.0,-5.361269,1.732757,218.0,7785.3667
12.0,30.0,5.036036,7.007919,350.0,127345.016
12.0,-30.0,5.036036,7.007919,350.0,127345.016
12.0,35.0,-5.43954,6.929615,284.0,124515.102
12.0,-35.0,-5.43954,6.929615,284.0,124515.102
13.0,18.0,3.900896,2.799082,169.0,20981.9648
13.0,-18.0,3.900896,2.799082,169.0,20981.9648
13.0,40.0,5.815113,5.388028,136.0,77745.3984
13.0,-40.0,5.815113,5.388028,136.0,77745.3984
13.0,42.0,5.958717,4.396935,17.0,51774.418
13.0,-42.0,5.958717,4.396935,17.0,51774.418
13.0,27.0,-4.777602,5.190538,220.0,72150.5938
13.0,-27.0,-4.777602,5.190538,220.0,72150.5938
13.0,30.0,-5.036036,5.476992,349.0,80333.9766
13.0,-30.0,-5.036036,5.476992,349.0,80333.9766
13.0,21.0,-4.213449,1.293687,244.0,4482.01465
13.0,-21.0,-4.213449,1.293687,244.0,4482.01465
14.0,28.0,-4.865272,7.109524,103.0,118689.32
14.0,-28.0,-4.865272,7.109524,103.0,118689.32
14.0,25.0,-4.59725,1.776997,8.0,7414.87842
14.0,-25.0,-4.59725,1.776997,8.0,7414.87842
14.0,39.0,-5.741964,7.321238,172.0,125863.438
14.0,-39.0,-5.741964,7.321238,172.0,125863.438
15.0,32.0,5.201195,6.426019,130.0,106093.664
15.0,-32.0,5.201195,6.426019,130.0,106093.664
15.0,19.0,4.00779,6.032256,135.0,93489.9688
15.0,-19.0,4.00779,6.032256,135.0,93489.9688
15.0,15.0,-3.561015,7.107759,341.0,129798.828
15.0,-15.0,-3.561015,7.107759,341.0,129798.828
16.0,23.0,-4.409528,6.752108,168.0,126439.695
16.0,-23.0,-4.409528,6.752108,168.0,126439.695
16.0,26.0,4.688294,6.692979,184.0,124234.906
16.0,-26.0,4.688294,6.692979,184.0,124234.906
16.0,34.0,-5.361269,4.091935,109.0,46436.793
16.0,-34.0,-5.361269,4.091935,109.0,46436.793
16.0,35.0,5.43954,3.87581,286.0,41661.0039
16.0,-35.0,5.43954,3.87581,286.0,41661.0039
16.0,15.0,3.561015,6.121077,314.0,103910.711
16.0,-15.0,3.561015,6.121077,314.0,103910.711
17.0,17.0,3.79099,2.900023,172.0,23662.1191
17.0,-17.0,3.79099,2.900023,172.0,23662.1191
17.0,17.0,-3.79099,3.894562,121.0,42674.4453
17.0,-17.0,-3.79099,3.894562,121.0,42674.4453
17.0,41.0,5.887353,1.794205,122.0,9057.21973
17.0,-41.0,5.887353,1.794205,122.0,9057.21973
17.0,20.0,4.111906,3.978514,35.0,44534.0781
17.0,-20.0,4.111906,3.978514,35.0,44534.0781
17.0,25.0,4.59725,6.911717,70.0,134407.188
17.0,-25.0,4.59725,6.911717,70.0,134407.188
17.0,25.0,-4.59725,7.231438,44.0,147129.547
17.0,-25.0,-4.59725,7.231438,44.0,147129.547
18.0,36.0,5.5167,2.744149,147.0,19221.2188
18.0,-36.0,5.5167,2.744149,147.0,19221.2188
18.0,22.0,4.312603,5.791924,44.0,85627.1172
18.0,-22.0,4.312603,5.791924,44.0,85627.1172
18.0,22.0,4.312603,3.013688,28.0,23182.5977
18.0,-22.0,4.312603,3.013688,28.0,23182.5977
18.0,34.0,-5.361269,3.884333,184.0,38512.2305
18.0,-34.0,-5.361269,3.884333,184.0,38512.2305
19.0,17.0,-3.79099,4.608249,276.0,55828.0781
19.0,-17.0,-3.79099,4.608249,276.0,55828.0781
19.0,30.0,-5.036036,3.97771,193.0,41595.5703
19.0,-30.0,-5.036036,3.97771,193.0,41595.5703
19.0,19.0,-4.00779,5.292161,53.0,73628.6719
19.0,-19.0,-4.00779,5.292161,53.0,73628.6719
19.0,41.0,5.887353,4.375394,310.0,50328.6484
19.0,-41.0,5.887353,4.375394,310.0,50328.6484
19.0,19.0,-4.00779,3.950027,351.0,41018.625
19.0,-19.0,-4.00779,3.950027,351.0,41018.625
20.0,20.0,-4.111906,1.013911,319.0,2569.80762
20.0,-20.0,-4.111906,1.013911,319.0,2569.80762
20.0,21.0,4.213449,1.350687,195.0,4560.48438
20.0,-21.0,4.213449,1.350687,195.0,4560.48438
20.0,18.0,3.900896,3.333967,173.0,27785.8672
20.0,-18.0,3.900896,3.333967,173.0,27785.8672
20.0,16.0,3.6778,3.80198,102.0,36134.4141
20.0,-16.0,3.6778,3.80198,102.0,36134.4141
21.0,36.0,5.5167,3.9989,227.0,45797.3242
21.0,-36.0,5.5167,3.9989,227.0,45797.3242
21.0,22.0,4.312603,4.982928,232.0,71109.5938
21.0,-22.0,4.312603,4.982928,232.0,71109.5938
21.0,33.0,-5.281838,6.75403,171.0,130642.633
21.0,-33.0,-5.281838,6.75403,171.0,130642.633
21.0,31.0,5.119281,1.695328,68.0,8231.26172
21.0,-31.0,5.119281,1.695328,68.0,8231.26172
21.0,33.0,-5.281838,1.092494,272.0,3418.19507
21.0,-33.0,-5.281838,1.092494,272.0,3418.19507
21.0,15.0,-3.561015,4.390034,220.0,55194.3594
21.0,-15.0,-3.561015,4.390034,220.0,55194.3594
22.0,28.0,4.865272,3.663157,137.0,39620.7148
22.0,-28.0,4.865272,3.663157,137.0,39620.7148
22.0,38.0,5.667871,5.143635,79.0,78118.0781
22.0,-38.0,5.667871,5.143635,79.0,78118.0781
22.0,23.0,-4.409528,7.603579,288.0,170705.469
22.0,-23.0,-4.409528,7.603579,288.0,170705.469
22.0,35.0,-5.43954,3.28962,57.0,31952.3496
22.0,-35.0,-5.43954,3.28962,57.0,31952.3496
22.0,33.0,5.281838,2.356281,114.0,16393.2656
22.0,-33.0,5.281838,2.356281,114.0,16393.2656
22.0,22.0,4.312603,6.70681,112.0,132813.812
22.0,-22.0,4.312603,6.70681,112.0,132813.812
22.0,27.0,-4.777602,5.27763,75.0,82241.1406
22.0,-27.0,-4.777602,5.27763,75.0,82241.1406
22.0,34.0,-5.361269,6.59051,312.0,128247.656
22.0,-34.0,-5.361269,6.59051,312.0,128247.656
23.0,26.0,4.688294,5.261237,149.0,77740.1172
23.0,-26.0,4.688294,5.261237,149.0,77740.1172
23.0,24.0,4.504367,3.174416,172.0,28300.6895
23.0,-24.0,4.504367,3.174416,172.0,28300.6895
23.0,17.0,-3.79099,1.366011,118.0,5240.56445
23.0,-17.0,-3.79099,1.366011,118.0,5240.56445
23.0,25.0,-4.59725,6.421328,56.0,115802.82
23.0,-25.0,-4.59725,6.421328,56.0,115802.82
23.0,30.0,5.036036,2.000585,131.0,11240.4463
23.0,-30.0,5.036036,2.000585,131.0,11240.4463
23.0,24.0,4.504367,7.79365,113.0,170589.094
23.0,-24.0,4.504367,7.79365,113.0,170589.094
23.0,26.0,4.688294,2.508986,312.0,17679.3398
23.0,-26.0,4.688294,2.508986,312.0,17679.3398
24.0,23.0,-4.409528,7.482623,313.0,178198.859
24.0,-23.0,-4.409528,7.482623,313.0,178198.859
24.0,32.0,5.201195,6.4235,166.0,131322.953
24.0,-32.0,5.201195,6.4235,166.0,131322.953
24.0,25.0,-4.59725,6.795104,316.0,146956.719
24.0,-25.0,-4.59725,6.795104,316.0,146956.719
24.0,34.0,-5.361269,4.496086,297.0,64337.8281
24.0,-34.0,-5.361269,4.496086,297.0,64337.8281
24.0,26.0,-4.688294,6.209679,180.0,122725.672
24.0,-26.0,-4.688294,6.209679,180.0,122725.672
24.0,24.0,-4.504367,4.939092,290.0,77641.0469
24.0,-24.0,-4.504367,4.939092,290.0,77641.0469
24.0,40.0,5.815113,1.726257,56.0,9484.35645
24.0,-40.0,5.815113,1.726257,56.0,9484.35645
24.0,34.0,5.361269,3.917325,87.0,48840.0742
24.0,-34.0,5.361269,3.917325,87.0,48840.0742
24.0,30.0,5.036036,1.329428,349.0,5625.05957
24.0,-30.0,5.036036,1.329428,349.0,5625.05957
25.0,20.0,-4.111906,2.023148,342.0,12830.1182
25.0,-20.0,-4.111906,2.023148,342.0,12830.1182
25.0,38.0,5.667871,5.481082,295.0,94169.0391
25.0,-38.0,5.667871,5.481082,295.0,94169.0391
25.0,19.0,-4.00779,2.011145,312.0,12678.332
25.0,-19.0,-4.00779,2.011145,312.0,12678.332
25.0,17.0,3.79099,6.712277,330.0,141226.188
25.0,-17.0,3.79099,6.712277,330.0,141226.188
25.0,22.0,4.312603,4.930913,326.0,76213.1953
25.0,-22.0,4.312603,4.930913,326.0,76213.1953
25.0,40.0,5.815113,7.410721,157.0,172145.828
25.0,-40.0,5.815113,7.410721,157.0,172145.828
25.0,20.0,-4.111906,1.555982,194.0,7589.00488
25.0,-20.0,-4.111906,1.555982,194.0,7589.00488
25.0,36.0,5.5167,6.335222,75.0,125805.398
25.0,-36.0,5.5167,6.335222,75.0,125805.398
25.0,28.0,-4.865272,1.851758,58.0,10748.4102
25.0,-28.0,-4.865272,1.851758,58.0,10748.4102
26.0,29.0,-4.95139,2.054791,104.0,12952.9443
26.0,-29.0,-4.95139,2.054791,104.0,12952.9443
26.0,13.0,3.315124,7.6931,348.0,181566.688
26.0,-13.0,3.315124,7.6931,348.0,181566.688
26.0,25.0,4.59725,7.678113,340.0,180859.953
26.0,-25.0,4.59725,7.678113,340.0,180859.953
26.0,34.0,5.361269,4.880159,136.0,73063.6328
26.0,-34.0,5.361269,4.880159,136.0,73063.6328
26.0,32.0,5.201195,6.457224,201.0,127916.086
26.0,-32.0,5.201195,6.457224,201.0,127916.086
26.0,35.0,-5.43954,3.897523,351.0,46602.6641
26.0,-35.0,-5.43954,3.897523,351.0,46602.6641
26.0,32.0,5.201195,7.375163,308.0,166869.359
26.0,-32.0,5.201195,7.375163,308.0,166869.359
27.0,12.0,3.185068,4.850472,131.0,66512.8672
27.0,-12.0,3.185068,4.850472,131.0,66512.8672
27.0,14.0,-3.440267,2.657954,354.0,19972.5
27.0,-14.0,-3.440267,2.657954,354.0,19972.5
27.0,25.0,-4.59725,3.068949,40.0,26626.6836
27.0,-25.0,-4.59725,3.068949,40.0,26626.6836
27.0,35.0,-5.43954,5.653736,93.0,90366.7578
27.0,-35.0,-5.43954,5.653736,93.0,90366.7578
27.0,16.0,-3.6778,5.536773,77.0,86666.4531
27.0,-16.0,-3.6778,5.536773,77.0,86666.4531
27.0,26.0,-4.688294,3.979896,155.0,44779.6953
27.0,-26.0,-4.688294,3.979896,155.0,44779.6953
28.0,33.0,5.281838,2.463416,198.0,18026.6797
28.0,-33.0,5.281838,2.463416,198.0,18026.6797
28.0,27.0,-4.777602,1.908846,150.0,10823.8525
28.0,-27.0,-4.777602,1.908846,150.0,10823.8525
28.0,15.0,3.561015,4.257029,127.0,53833.5781
28.0,-15.0,3.561015,4.257029,127.0,53833.5781
28.0,20.0,4.111906,7.305961,48.0,158560.406
28.0,-20.0,4.111906,7.305961,48.0,158560.406
28.0,12.0,-3.185068,6.409189,135.0,122024.289
28.0,-12.0,-3.185068,6.409189,135.0,122024.289
28.0,36.0,-5.5167,5.302084,249.0,83509.0234
28.0,-36.0,-5.5167,5.302084,249.0,83509.0234
28.0,30.0,5.036036,6.774338,70.0,136324.469
28.0,-30.0,5.036036,6.774338,70.0,136324.469
28.0,32.0,-5.201195,6.038036,145.0,108300.75
28.0,-32.0,-5.201195,6.038036,145.0,108300.75
29.0,26.0,-4.688294,6.520926,240.0,137266.172
29.0,-26.0,-4.688294,6.520926,240.0,137266.172
29.0,35.0,5.43954,1.985508,72.0,12725.8984
29.0,-35.0,5.43954,1.985508,72.0,12725.8984
29.0,13.0,3.315124,6.740881,350.0,146682.547
29.0,-13.0,3.315124,6.740881,350.0,146682.547
29.0,13.0,-3.315124,5.785834,340.0,108063.0
29.0,-13.0,-3.315124,5.785834,340.0,108063.0
29.0,20.0,-4.111906,7.098576,13.0,162662.547
29.0,-20.0,-4.111906,7.098576,13.0,162662.547
29.0,14.0,-3.440267,6.983039,38.0,157410.625
29.0,-14.0,-3.440267,6.983039,38.0,157410.625
29.0,16.0,3.6778,4.984494,72.0,80202.375
29.0,-16.0,3.6778,4.984494,72.0,80202.375
29.0,16.0,3.6778,2.939103,236.0,27885.2656
29.0,-16.0,3.6778,2.939103,236.0,27885.2656
30.0,26.0,4.688294,6.814355,77.0,146220.75
30.0,-26.0,4.688294,6.814355,77.0,146220.75
30.0,28.0,-4.865272,3.932073,68.0,48685.8398
30.0,-28.0,-4.865272,3.932073,68.0,48685.8398
30.0,29.0,-4.95139,7.849192,112.0,194003.422
30.0,-29.0,-4.95139,7.849192,112.0,194003.422
30.0,15.0,3.561015,4.681503,291.0,69012.875
30.0,-15.0,3.561015,4.681503,291.0,69012.875
30.0,13.0,-3.315124,5.878326,0.0,108809.508
30.0,-13.0,-3.315124,5.878326,0.0,108809.508
30.0,37.0,-5.592796,1.226001,140.0,4733.0542
30.0,-37.0,-5.592796,1.226001,140.0,4733.0542
30.0,32.0,-5.201195,4.525521,315.0,64490.6484
30.0,-32.0,-5.201195,4.525521,315.0,64490.6484
30.0,12.0,3.185068,5.409202,75.0,92135.2578
30.0,-12.0,3.185068,5.409202,75.0,92135.2578
30.0,23.0,-4.409528,4.47015,232.0,62922.1523
30.0,-23.0,-4.409528,4.47015,232.0,62922.1523
31.0,36.0,5.5167,3.507683,54.0,38370.957
31.0,-36.0,5.5167,3.507683,54.0,38370.957
31.0,37.0,5.592796,7.648261,230.0,182426.297
31.0,-37.0,5.592796,7.648261,230.0,182426.297
31.0,29.0,4.95139,1.443068,287.0,6494.34521
31.0,-29.0,4.95139,1.443068,287.0,6494.34521
31.0,24.0,4.504367,1.337411,78.0,5578.17041
31.0,-24.0,4.504367,1.337411,78.0,5578.17041
31.0,14.0,3.440267,3.882775,235.0,47016.0742
31.0,-14.0,3.440267,3.882775,235.0,47016.0742
31.0,33.0,5.281838,4.023544,239.0,50486.9883
31.0,-33.0,5.281838,4.023544,239.0,50486.9883
31.0,18.0,-3.900896,3.263483,40.0,33214.2734
31.0,-18.0,-3.900896,3.263483,40.0,33214.2734
31.0,40.0,-5.815113,7.640778,161.0,182069.469
31.0,-40.0,-5.815113,7.640778,161.0,182069.469
31.0,21.0,-4.213449,6.665998,63.0,138577.375
31.0,-21.0,-4.213449,6.665998,63.0,138577.375
31.0,29.0,-4.95139,6.656981,337.0,138202.703
31.0,-29.0,-4.95139,6.656981,337.0,138202.703
31.0,18.0,-3.900896,1.892841,60.0,11173.5254
31.0,-18.0,-3.900896,1.892841,60.0,11173.5254
32.0,14.0,-3.440267,6.318112,150.0,132278.188
32.0,-14.0,-3.440267,6.318112,150.0,132278.188
32.0,11.0,-3.049471,6.927302,209.0,159016.344
32.0,-11.0,-3.049471,6.927302,209.0,159016.344
32.0,34.0,5.361269,3.723302,66.0,45937.7773
32.0,-34.0,5.361269,3.723302,66.0,45937.7773
32.0,11.0,-3.049471,5.009992,280.0,83173.9922
32.0,-11.0,-3.049471,5.009992,280.0,83173.9922
32.0,36.0,5.5167,6.625122,84.0,145445.844
32.0,-36.0,5.5167,6.625122,84.0,145445.844
32.0,40.0,5.815113,2.143928,304.0,15231.1943
32.0,-40.0,5.815113,2.143928,304.0,15231.1943
32.0,14.0,-3.440267,2.907176,125.0,28006.3398
32.0,-14.0,-3.440267,2.907176,125.0,28006.3398
32.0,13.0,3.315124,7.950056,230.0,209437.25
32.0,-13.0,3.315124,7.950056,230.0,209437.25
32.0,23.0,4.409528,2.47994,4.0,20379.6191
32.0,-23.0,4.409528,2.47994,4.0,20379.6191
32.0,16.0,3.6778,4.165216,341.0,57489.5078
32.0,-16.0,3.6778,4.165216,341.0,57489.5078
33.0,29.0,-4.95139,2.311677,356.0,15383.1455
33.0,-29.0,-4.95139,2.311677,356.0,15383.1455
33.0,31.0,-5.119281,5.482063,114.0,86512.5078
33.0,-31.0,-5.119281,5.482063,114.0,86512.5078
33.0,21.0,-4.213449,4.067558,263.0,47627.5625
33.0,-21.0,-4.213449,4.067558,263.0,47627.5625
33.0,34.0,5.361269,2.459144,233.0,17408.3926
33.0,-34.0,5.361269,2.459144,233.0,17408.3926
33.0,31.0,5.119281,4.050415,141.0,47226.9414
33.0,-31.0,5.119281,4.050415,141.0,47226.9414
33.0,39.0,-5.741964,5.551162,176.0,88707.1484
33.0,-39.0,-5.741964,5.551162,176.0,88707.1484
33.0,17.0,3.79099,3.545315,169.0,36182.6602
33.0,-17.0,3.79099,3.545315,169.0,36182.6602
33.0,22.0,4.312603,3.374946,15.0,32788.7148
33.0,-22.0,4.312603,3.374946,15.0,32788.7148
34.0,39.0,5.741964,1.774335,215.0,9079.71973
34.0,-39.0,5.741964,1.774335,215.0,9079.71973
34.0,29.0,4.95139,2.875422,295.0,23845.3809
34.0,-29.0,4.95139,2.875422,295.0,23845.3809
34.0,17.0,-3.79099,2.731293,217.0,21514.8203
34.0,-17.0,-3.79099,2.731293,217.0,21514.8203
34.0,15.0,3.561015,3.694703,139.0,39369.5273
34.0,-15.0,3.561015,3.694703,139.0,39369.5273
34.0,14.0,-3.440267,2.164559,251.0,13512.6387
34.0,-14.0,-3.440267,2.164559,251.0,13512.6387
34.0,12.0,-3.185068,7.898826,134.0,179939.406
34.0,-12.0,-3.185068,7.898826,134.0,179939.406
34.0,33.0,-5.281838,4.193413,114.0,50714.9922
34.0,-33.0,-5.281838,4.193413,114.0,50714.9922
35.0,40.0,5.815113,6.819708,171.0,150354.125
35.0,-40.0,5.815113,6.819708,171.0,150354.125
35.0,32.0,5.201195,7.29916,345.0,172238.219
35.0,-32.0,5.201195,7.29916,345.0,172238.219
35.0,13.0,-3.315124,2.363466,67.0,18058.5312
35.0,-13.0,-3.315124,2.363466,67.0,18058.5312
35.0,24.0,-4.504367,7.50468,113.0,182074.078
35.0,-24.0,-4.504367,7.50468,113.0,182074.078
35.0,12.0,3.185068,7.306606,78.0,172589.844
35.0,-12.0,3.185068,7.306606,78.0,172589.844
35.0,28.0,-4.865272,6.254019,182.0,126445.156
35.0,-28.0,-4.865272,6.254019,182.0,126445.156
35.0,24.0,-4.504367,2.14379,315.0,14857.5811
35.0,-24.0,-4.504367,2.14379,315.0,14857.5811
35.0,18.0,3.900896,7.075049,311.0,161823.906
35.0,-18.0,3.900896,7.075049,311.0,161823.906
35.0,39.0,5.741964,5.117275,245.0,84656.7109
35.0,-39.0,5.741964,5.117275,245.0,84656.7109
35.0,25.0,-4.59725,1.827751,274.0,10799.8535
35.0,-25.0,-4.59725,1.827751,274.0,10799.8535
35.0,22.0,-4.312603,3.360094,23.0,36499.4805
35.0,-22.0,-4.312603,3.360094,23.0,36499.4805
36.0,25.0,-4.59725,5.098894,135.0,79968.2109
36.0,-25.0,-4.59725,5.098894,135.0,79968.2109
36.0,14.0,3.440267,4.132442,332.0,52526.5469
36.0,-14.0,3.440267,4.132442,332.0,52526.5469
36.0,38.0,5.667871,7.40844,77.0,168818.031
36.0,-38.0,5.667871,7.40844,77.0,168818.031
36.0,31.0,-5.119281,2.910231,60.0,26050.748
36.0,-31.0,-5.119281,2.910231,60.0,26050.748
36.0,35.0,-5.43954,5.853213,323.0,105379.008
36.0,-35.0,-5.43954,5.853213,323.0,105379.008
36.0,27.0,4.777602,4.255911,171.0,55712.2188
36.0,-27.0,4.777602,4.255911,171.0,55712.2188
36.0,22.0,-4.312603,6.609511,353.0,134370.531
36.0,-22.0,-4.312603,6.609511,353.0,134370.531
36.0,21.0,4.213449,4.986173,96.0,76471.5781
36.0,-21.0,4.213449,4.986173,96.0,76471.5781
36.0,25.0,-4.59725,7.95551,195.0,194671.078
36.0,-25.0,-4.59725,7.95551,195.0,194671.078
37.0,20.0,4.111906,1.941181,305.0,12321.8223
37.0,-20.0,4.111906,1.941181,305.0,12321.8223
37.0,35.0,5.43954,7.063292,356.0,163138.672
37.0,-35.0,5.43954,7.063292,356.0,163138.672
37.0,24.0,-4.504367,1.943324,79.0,12349.042
37.0,-24.0,-4.504367,1.943324,79.0,12349.042
37.0,18.0,3.900896,7.460799,182.0,182017.578
37.0,-18.0,3.900896,7.460799,182.0,182017.578
37.0,30.0,-5.036036,7.901235,147.0,204142.125
37.0,-30.0,-5.036036,7.901235,147.0,204142.125
37.0,23.0,4.409528,2.02221,87.0,13371.959
37.0,-23.0,4.409528,2.02221,87.0,13371.959
37.0,28.0,-4.865272,5.651034,140.0,104423.578
37.0,-28.0,-4.865272,5.651034,140.0,104423.578
37.0,17.0,-3.79099,2.193197,333.0,15728.8789
37.0,-17.0,-3.79099,2.193197,333.0,15728.8789
37.0,34.0,-5.361269,2.108934,206.0,14543.4902
37.0,-34.0,-5.361269,2.108934,206.0,14543.4902
37.0,12.0,-3.185068,3.703967,22.0,44861.8281
37.0,-12.0,-3.185068,3.703967,22.0,44861.8281
37.0,17.0,-3.79099,7.76018,311.0,196918.359
37.0,-17.0,-3.79099,7.76018,311.0,196918.359
38.0,34.0,-5.361269,3.373427,27.0,34949.1406
38.0,-34.0,-5.361269,3.373427,27.0,34949.1406
38.0,28.0,4.865272,7.525103,18.0,173907.609
38.0,-28.0,4.865272,7.525103,18.0,173907.609
38.0,15.0,-3.561015,3.701345,171.0,42073.9141
38.0,-15.0,-3.561015,3.701345,171.0,42073.9141
38.0,11.0,-3.049471,6.405678,320.0,126015.5
38.0,-11.0,-3.049471,6.405678,320.0,126015.5
38.0,20.0,4.111906,1.244992,255.0,4760.22021
38.0,-20.0,4.111906,1.244992,255.0,4760.22021
38.0,15.0,3.561015,6.574041,297.0,132726.797
38.0,-15.0,3.561015,6.574041,297.0,132726.797
38.0,17.0,-3.79099,2.82394,45.0,24490.9043
38.0,-17.0,-3.79099,2.82394,45.0,24490.9043
38.0,18.0,-3.900896,2.597889,254.0,20726.9238
38.0,-18.0,-3.900896,2.597889,254.0,20726.9238
38.0,25.0,4.59725,4.737333,149.0,68922.6016
38.0,-25.0,4.59725,4.737333,149.0,68922.6016
38.0,14.0,3.440267,3.045416,195.0,28483.0742
38.0,-14.0,3.440267,3.045416,195.0,28483.0742
38.0,10.0,2.907556,4.828512,179.0,71601.2266
38.0,-10.0,2.907556,4.828512,179.0,71601.2266
39.0,28.0,4.865272,4.907626,220.0,83640.1328
39.0,-28.0,4.865272,4.907626,220.0,83640.1328
39.0,11.0,-3.049471,7.377578,279.0,189016.328
39.0,-11.0,-3.049471,7.377578,279.0,189016.328
39.0,16.0,3.6778,2.878332,166.0,28770.9141
39.0,-16.0,3.6778,2.878332,166.0,28770.9141
39.0,11.0,3.049471,6.413831,85.0,142858.703
39.0,-11.0,3.049471,6.413831,85.0,142858.703
39.0,33.0,5.281838,4.130323,94.0,59243.3906
39.0,-33.0,5.281838,4.130323,94.0,59243.3906
39.0,17.0,3.79099,6.871216,337.0,163960.391
39.0,-17.0,3.79099,6.871216,337.0,163960.391
39.0,24.0,4.504367,7.183798,46.0,179217.312
39.0,-24.0,4.504367,7.183798,46.0,179217.312
39.0,16.0,-3.6778,6.569041,185.0,149856.578
39.0,-16.0,-3.6778,6.569041,185.0,149856.578
39.0,11.0,-3.049471,2.473041,38.0,21239.0176
39.0,-11.0,-3.049471,2.473041,38.0,21239.0176
39.0,24.0,-4.504367,2.177358,213.0,16463.8574
39.0,-24.0,-4.504367,2.177358,213.0,16463.8574
39.0,31.0,5.119281,4.745176,224.0,78194.5312
39.0,-31.0,5.119281,4.745176,224.0,78194.5312
39.0,25.0,4.59725,4.969706,191.0,85769.5391
39.0,-25.0,4.59725,4.969706,191.0,85769.5391
39.0,14.0,-3.440267,5.26091,153.0,96115.5312
39.0,-14.0,-3.440267,5.26091,153.0,96115.5312
40.0,19.0,-4.00779,6.38442,204.0,138865.859
40.0,-19.0,-4.00779,6.38442,204.0,138865.859
40.0,36.0,5.5167,5.8887,65.0,118138.492
40.0,-36.0,5.5167,5.8887,65.0,118138.492
40.0,27.0,4.777602,4.547233,310.0,70444.4688
40.0,-27.0,4.777602,4.547233,310.0,70444.4688
40.0,35.0,-5.43954,2.817033,228.0,27035.6172
40.0,-35.0,-5.43954,2.817033,228.0,27035.6172
40.0,10.0,2.907556,7.179037,278.0,175583.984
40.0,-10.0,2.907556,7.179037,278.0,175583.984
40.0,39.0,-5.741964,7.745253,252.0,204373.109
40.0,-39.0,-5.741964,7.745253,252.0,204373.109
40.0,34.0,-5.361269,7.3583,170.0,184462.25
40.0,-34.0,-5.361269,7.3583,170.0,184462.25
40.0,16.0,-3.6778,6.452216,247.0,141830.734
40.0,-16.0,-3.6778,6.452216,247.0,141830.734
40.0,39.0,-5.741964,6.83032,105.0,158940.531
40.0,-39.0,-5.741964,6.83032,105.0,158940.531
40.0,14.0,3.440267,7.96661,32.0,216221.891
40.0,-14.0,3.440267,7.96661,32.0,216221.891
41.0,26.0,-4.688294,3.793093,40.0,44740.0
41.0,-26.0,-4.688294,3.793093,40.0,44740.0
41.0,12.0,3.185068,7.025799,7.0,153497.188
41.0,-12.0,3.185068,7.025799,7.0,153497.188
41.0,30.0,5.036036,1.039605,336.0,3360.82642
41.0,-30.0,5.036036,1.039605,336.0,3360.82642
41.0,34.0,-5.361269,7.900932,148.0,194117.953
41.0,-34.0,-5.361269,7.900932,148.0,194117.953
41.0,24.0,-4.504367,4.788894,284.0,71314.7578
41.0,-24.0,-4.504367,4.788894,284.0,71314.7578
41.0,26.0,-4.688294,2.907674,141.0,26290.5957
41.0,-26.0,-4.688294,2.907674,141.0,26290.5957
41.0,13.0,-3.315124,4.962457,52.0,76577.7422
41.0,-13.0,-3.315124,4.962457,52.0,76577.7422
41.0,25.0,-4.59725,7.610956,109.0,180130.562
41.0,-25.0,-4.59725,7.610956,109.0,180130.562
41.0,37.0,5.592796,1.938568,337.0,11686.1396
41.0,-37.0,5.592796,1.938568,337.0,11686.1396
41.0,38.0,5.667871,7.926691,178.0,195385.734
41.0,-38.0,5.667871,7.926691,178.0,195385.734
42.0,36.0,5.5167,7.846352,78.0,204322.953
42.0,-36.0,5.5167,7.846352,78.0,204322.953
42.0,36.0,-5.5167,6.103041,97.0,123615.859
42.0,-36.0,-5.5167,6.103041,97.0,123615.859
42.0,9.0,-2.75835,7.457324,93.0,184564.297
42.0,-9.0,-2.75835,7.457324,93.0,184564.297
42.0,29.0,-4.95139,7.041927,102.0,164575.312
42.0,-29.0,-4.95139,7.041927,102.0,164575.312
42.0,11.0,3.049471,4.266679,196.0,60417.332
42.0,-11.0,3.049471,4.266679,196.0,60417.332
42.0,10.0,-2.907556,6.067346,118.0,122174.094
42.0,-10.0,-2.907556,6.067346,118.0,122174.094
42.0,9.0,2.75835,7.033773,343.0,164194.391
42.0,-9.0,2.75835,7.033773,343.0,164194.391
42.0,19.0,4.00779,5.687931,108.0,107371.82
42.0,-19.0,4.00779,5.687931,108.0,107371.82
42.0,26.0,4.688294,3.123321,69.0,32375.3867
42.0,-26.0,4.688294,3.123321,69.0,32375.3867
42.0,27.0,4.777602,3.812234,58.0,48232.6016
42.0,-27.0,4.777602,3.812234,58.0,48232.6016
42.0,29.0,-4.95139,1.636019,16.0,8882.97461
42.0,-29.0,-4.95139,1.636019,16.0,8882.97461
42.0,14.0,3.440267,1.263998,261.0,5302.42383
42.0,-14.0,3.440267,1.263998,261.0,5302.42383
42.0,36.0,-5.5167,1.644938,348.0,8980.09082
42.0,-36.0,-5.5167,1.644938,348.0,8980.09082
43.0,10.0,-2.907556,1.586677,62.0,8254.46582
43.0,-10.0,-2.907556,1.586677,62.0,8254.46582
43.0,29.0,-4.95139,2.373816,312.0,18475.918
43.0,-29.0,-4.95139,2.373816,312.0,18475.918
43.0,23.0,-4.409528,1.649936,271.0,8925.78027
43.0,-23.0,-4.409528,1.649936,271.0,8925.78027
43.0,11.0,-3.049471,7.554866,118.0,187139.438
43.0,-11.0,-3.049471,7.554866,118.0,187139.438
43.0,26.0,-4.688294,5.001266,248.0,82010.9375
43.0,-26.0,-4.688294,5.001266,248.0,82010.9375
43.0,24.0,4.504367,4.137627,229.0,56132.4961
43.0,-24.0,4.504367,4.137627,229.0,56132.4961
43.0,17.0,-3.79099,4.688371,223.0,72070.1875
43.0,-17.0,-3.79099,4.688371,223.0,72070.1875
43.0,24.0,4.504367,5.289709,302.0,91743.5156
43.0,-24.0,4.504367,5.289709,302.0,91743.5156
43.0,29.0,4.95139,1.465261,235.0,7039.49902
43.0,-29.0,4.95139,1.465261,235.0,7039.49902
43.0,38.0,-5.667871,7.7889,236.0,198913.406
43.0,-38.0,-5.667871,7.7889,236.0,198913.406
43.0,24.0,4.504367,6.450727,305.0,136436.047
43.0,-24.0,4.504367,6.450727,305.0,136436.047
43.0,25.0,4.59725,2.664649,202.0,23280.4746
43.0,-25.0,4.59725,2.664649,202.0,23280.4746
43.0,13.0,3.315124,1.516439,57.0,7539.82861
43.0,-13.0,3.315124,1.516439,57.0,7539.82861
44.0,30.0,-5.036036,7.908912,86.0,210969.812
44.0,-30.0,-5.036036,7.908912,86.0,210969.812
44.0,27.0,-4.777602,2.450961,261.0,20260.9434
44.0,-27.0,-4.777602,2.450961,261.0,20260.9434
44.0,37.0,-5.592796,5.219429,69.0,91882.5078
44.0,-37.0,-5.592796,5.219429,69.0,91882.5078
44.0,10.0,2.907556,4.661132,227.0,73277.3281
44.0,-10.0,2.907556,4.661132,227.0,73277.3281
44.0,25.0,4.59725,4.763875,153.0,76543.3516
44.0,-25.0,4.59725,4.763875,153.0,76543.3516
44.0,20.0,-4.111906,3.611218,269.0,43983.9531
44.0,-20.0,-4.111906,3.611218,269.0,43983.9531
44.0,25.0,-4.59725,3.019155,326.0,30743.8086
44.0,-25.0,-4.59725,3.019155,326.0,30743.8086
44.0,28.0,-4.865272,4.54908,36.0,69796.5469
44.0,-28.0,-4.865272,4.54908,36.0,69796.5469
44.0,24.0,4.504367,3.096877,309.0,32347.0547
44.0,-24.0,4.504367,3.096877,309.0,32347.0547
44.0,17.0,3.79099,6.320694,215.0,134746.141
44.0,-17.0,3.79099,6.320694,215.0,134746.141
44.0,26.0,-4.688294,1.444691,8.0,7039.42188
44.0,-26.0,-4.688294,1.444691,8.0,7039.42188
44.0,32.0,5.201195,7.182381,211.0,173989.781
44.0,-32.0,5.201195,7.182381,211.0,173989.781
44.0,17.0,3.79099,7.960936,157.0,213754.406
44.0,-17.0,3.79099,7.960936,157.0,213754.406
45.0,21.0,-4.213449,7.999561,55.0,214424.172
45.0,-21.0,-4.213449,7.999561,55.0,214424.172
45.0,34.0,5.361269,2.875567,348.0,27706.9297
45.0,-34.0,5.361269,2.875567,348.0,27706.9297
45.0,37.0,5.592796,6.07518,18.0,123668.648
45.0,-37.0,5.592796,6.07518,18.0,123668.648
45.0,24.0,-4.504367,5.717546,222.0,109536.992
45.0,-24.0,-4.504367,5.717546,222.0,109536.992
45.0,15.0,3.561015,2.08515,170.0,14568.54
45.0,-15.0,3.561015,2.08515,170.0,14568.54
45.0,12.0,3.185068,5.104737,51.0,87314.8594
45.0,-12.0,3.185068,5.104737,51.0,87314.8594
45.0,28.0,4.865272,4.154869,319.0,57843.6914
45.0,-28.0,4.865272,4.154869,319.0,57843.6914
45.0,12.0,3.185068,6.825071,291.0,156083.078
45.0,-12.0,3.185068,6.825071,291.0,156083.078
45.0,30.0,5.036036,7.646155,222.0,195896.938
45.0,-30.0,5.036036,7.646155,222.0,195896.938
45.0,29.0,-4.95139,1.612224,221.0,8709.47461
45.0,-29.0,-4.95139,1.612224,221.0,8709.47461
45.0,32.0,-5.201195,6.377733,31.0,136293.172
45.0,-32.0,-5.201195,6.377733,31.0,136293.172
45.0,21.0,-4.213449,2.677722,86.0,24025.4941
45.0,-21.0,-4.213449,2.677722,86.0,24025.4941
45.0,16.0,-3.6778,2.745709,157.0,25260.998
45.0,-16.0,-3.6778,2.745709,157.0,25260.998
46.0,17.0,-3.79099,5.419277,94.0,94430.9219
46.0,-17.0,-3.79099,5.419277,94.0,94430.9219
46.0,31.0,5.119281,5.793962,297.0,107940.086
46.0,-31.0,5.119281,5.793962,297.0,107940.086
46.0,38.0,5.667871,2.931136,52.0,27625.0703
46.0,-38.0,5.667871,2.931136,52.0,27625.0703
46.0,34.0,-5.361269,5.59948,43.0,100815.406
46.0,-34.0,-5.361269,5.59948,43.0,100815.406
46.0,33.0,5.281838,1.158735,239.0,4317.1792
46.0,-33.0,5.281838,1.158735,239.0,4317.1792
46.0,13.0,-3.315124,1.876921,137.0,11327.2256
46.0,-13.0,-3.315124,1.876921,137.0,11327.2256
46.0,11.0,3.049471,5.117312,9.0,84200.6484
46.0,-11.0,3.049471,5.117312,9.0,84200.6484
46.0,15.0,3.561015,6.164633,78.0,122192.906
46.0,-15.0,3.561015,6.164633,78.0,122192.906
46.0,12.0,-3.185068,2.985536,114.0,28660.002
46.0,-12.0,-3.185068,2.985536,114.0,28660.002
46.0,10.0,-2.907556,5.539078,355.0,98652.1406
46.0,-10.0,-2.907556,5.539078,355.0,98652.1406
47.0,33.0,5.281838,5.170189,23.0,88521.7031
47.0,-33.0,5.281838,5.170189,23.0,88521.7031
47.0,9.0,2.75835,4.334155,58.0,62207.9375
47.0,-9.0,2.75835,4.334155,58.0,62207.9375
47.0,18.0,-3.900896,5.429158,255.0,97611.7109
47.0,-18.0,-3.900896,5.429158,255.0,97611.7109
47.0,35.0,-5.43954,2.048968,239.0,13902.9541
47.0,-35.0,-5.43954,2.048968,239.0,13902.9541
47.0,21.0,4.213449,5.020317,280.0,83464.0156
47.0,-21.0,4.213449,5.020317,280.0,83464.0156
47.0,33.0,-5.281838,6.203771,317.0,127452.508
47.0,-33.0,-5.281838,6.203771,317.0,127452.508
47.0,17.0,3.79099,3.510715,97.0,40815.7812
47.0,-17.0,3.79099,3.510715,97.0,40815.7812
47.0,33.0,-5.281838,3.169866,191.0,33275.0547
47.0,-33.0,-5.281838,3.169866,191.0,33275.0547
47.0,14.0,3.440267,1.487655,252.0,7328.93994
47.0,-14.0,3.440267,1.487655,252.0,7328.93994
47.0,20.0,4.111906,3.581486,89.0,42477.9414
47.0,-20.0,4.111906,3.581486,89.0,42477.9414
47.0,36.0,-5.5167,4.243505,216.0,59632.9727
47.0,-36.0,-5.5167,4.243505,216.0,59632.9727
47.0,10.0,2.907556,3.86828,254.0,49553.3164
47.0,-10.0,2.907556,3.86828,254.0,49553.3164
47.0,34.0,-5.361269,4.776909,343.0,75566.7734
47.0,-34.0,-5.361269,4.776909,343.0,75566.7734
48.0,30.0,-5.036036,5.935086,10.0,118382.125
48.0,-30.0,-5.036036,5.935086,10.0,118382.125
48.0,36.0,5.5167,7.110832,51.0,169931.109
48.0,-36.0,5.5167,7.110832,51.0,169931.109
48.0,30.0,-5.036036,6.609403,326.0,146810.266
48.0,-30.0,-5.036036,6.609403,326.0,146810.266
48.0,20.0,-4.111906,1.768038,173.0,10505.4658
48.0,-20.0,-4.111906,1.768038,173.0,10505.4658
48.0,25.0,4.59725,1.435527,112.0,6925.56104
48.0,-25.0,4.59725,1.435527,112.0,6925.56104
48.0,22.0,4.312603,3.651863,15.0,44818.8789
48.0,-22.0,4.312603,3.651863,15.0,44818.8789
48.0,28.0,4.865272,5.964395,9.0,119554.188
48.0,-28.0,4.865272,5.964395,9.0,119554.188
48.0,10.0,-2.907556,6.19438,94.0,128951.875
48.0,-10.0,-2.907556,6.19438,94.0,128951.875
48.0,34.0,-5.361269,3.304292,324.0,36693.4727
48.0,-34.0,-5.361269,3.304292,324.0,36693.4727
48.0,23.0,-4.409528,5.369376,167.0,96890.1484
48.0,-23.0,-4.409528,5.369376,167.0,96890.1484
48.0,34.0,5.361269,2.003084,311.0,13484.3564
48.0,-34.0,5.361269,2.003084,311.0,13484.3564
48.0,18.0,-3.900896,3.838316,21.0,49512.3438
48.0,-18.0,-3.900896,3.838316,21.0,49512.3438
48.0,18.0,-3.900896,4.991692,35.0,83738.9453
48.0,-18.0,-3.900896,4.991692,35.0,83738.9453
48.0,32.0,5.201195,1.596764,301.0,8568.6748
48.0,-32.0,5.201195,1.596764,301.0,8568.6748
49.0,19.0,-4.00779,4.476371,213.0,62424.8516
49.0,-19.0,-4.00779,4.476371,213.0,62424.8516
49.0,20.0,-4.111906,2.422563,3.0,18283.3301
49.0,-20.0,-4.111906,2.422563,3.0,18283.3301
49.0,22.0,4.312603,4.15707,176.0,53836.8945
49.0,-22.0,4.312603,4.15707,176.0,53836.8945
49.0,21.0,-4.213449,6.249733,332.0,121682.523
49.0,-21.0,-4.213449,6.249733,332.0,121682.523
49.0,37.0,5.592796,6.38991,57.0,127202.234
49.0,-37.0,5.592796,6.38991,57.0,127202.234
49.0,11.0,-3.049471,7.684317,256.0,183956.797
49.0,-11.0,-3.049471,7.684317,256.0,183956.797
49.0,28.0,4.865272,6.495546,154.0,131442.766
49.0,-28.0,4.865272,6.495546,154.0,131442.766
49.0,12.0,-3.185068,2.876073,226.0,25769.4453
49.0,-12.0,-3.185068,2.876073,226.0,25769.4453
49.0,18.0,3.900896,4.648581,97.0,67320.3281
49.0,-18.0,3.900896,4.648581,97.0,67320.3281
49.0,35.0,-5.43954,6.655777,173.0,138007.531
49.0,-35.0,-5.43954,6.655777,173.0,138007.531
49.0,28.0,4.865272,3.997065,113.0,49772.2891
49.0,-28.0,4.865272,3.997065,113.0,49772.2891
49.0,11.0,-3.049471,1.886886,51.0,11091.6641
49.0,-11.0,-3.049471,1.886886,51.0,11091.6641
50.0,35.0,5.43954,7.362646,286.0,173270.375
50.0,-35.0,5.43954,7.362646,286.0,173270.375
50.0,13.0,3.315124,2.609469,321.0,21765.1113
50.0,-13.0,3.315124,2.609469,321.0,21765.1113
50.0,30.0,-5.036036,4.61054,34.0,67945.3984
50.0,-30.0,-5.036036,4.61054,34.0,67945.3984
50.0,10.0,2.907556,4.321169,27.0,59684.1484
50.0,-10.0,2.907556,4.321169,27.0,59684.1484
50.0,26.0,4.688294,3.502951,295.0,39221.5352
50.0,-26.0,4.688294,3.502951,295.0,39221.5352
50.0,13.0,3.315124,1.706174,226.0,9304.7207
50.0,-13.0,3.315124,1.706174,226.0,9304.7207
50.0,37.0,-5.592796,1.899094,157.0,11527.8838
50.0,-37.0,-5.592796,1.899094,157.0,11527.8838
50.0,20.0,4.111906,6.102463,68.0,119032.859
50.0,-20.0,4.111906,6.102463,68.0,119032.859
50.0,18.0,-3.900896,3.371131,118.0,36325.1719
50.0,-18.0,-3.900896,3.371131,118.0,36325.1719
50.0,19.0,-4.00779,4.386237,229.0,61495.1289
50.0,-19.0,-4.00779,4.386237,229.0,61495.1289
50.0,17.0,-3.79099,6.009521,316.0,115434.648
50.0,-17.0,-3.79099,6.009521,316.0,115434.648
50.0,15.0,-3.561015,1.116623,112.0,3985.38062
50.0,-15.0,-3.561015,1.116623,112.0,3985.38062
50.0,11.0,-3.049471,4.684809,203.0,70152.0312
50.0,-11.0,-3.049471,4.684809,203.0,70152.0312
51.0,22.0,4.312603,3.244836,119.0,35620.6992
51.0,-22.0,4.312603,3.244836,119.0,35620.6992
51.0,35.0,5.43954,5.429899,210.0,99747.1484
51.0,-35.0,5.43954,5.429899,210.0,99747.1484
51.0,31.0,5.119281,6.356388,114.0,136690.281
51.0,-31.0,5.119281,6.356388,114.0,136690.281
51.0,27.0,-4.777602,6.96783,252.0,164252.516
51.0,-27.0,-4.777602,6.96783,252.0,164252.516
51.0,12.0,-3.185068,6.005103,254.0,121999.453
51.0,-12.0,-3.185068,6.005103,254.0,121999.453
51.0,17.0,3.79099,4.977389,130.0,83814.6875
51.0,-17.0,3.79099,4.977389,130.0,83814.6875
51.0,27.0,4.777602,6.332089,33.0,135647.25
51.0,-27.0,4.777602,6.332089,33.0,135647.25
51.0,19.0,4.00779,2.569984,250.0,22344.8691
51.0,-19.0,4.00779,2.569984,250.0,22344.8691
51.0,37.0,5.592796,2.187959,27.0,16195.54
51.0,-37.0,5.592796,2.187959,27.0,16195.54
51.0,8.0,-2.600597,2.939455,157.0,29231.4668
51.0,-8.0,-2.600597,2.939455,157.0,29231.4668
51.0,33.0,-5.281838,1.230516,156.0,5122.61133
51.0,-33.0,-5.281838,1.230516,156.0,5122.61133
51.0,28.0,-4.865272,3.236563,0.0,35439.2969
51.0,-28.0,-4.865272,3.236563,0.0,35439.2969
51.0,19.0,-4.00779,4.936856,131.0,82455.1484
51.0,-19.0,-4.00779,4.936856,131.0,82455.1484
51.0,31.0,-5.119281,7.009254,56.0,166211.312
51.0,-31.0,-5.119281,7.009254,56.0,166211.312
52.0,33.0,5.281838,6.750063,237.0,153830.484
52.0,-33.0,5.281838,6.750063,237.0,153830.484
52.0,29.0,4.95139,7.968684,352.0,214387.812
52.0,-29.0,4.95139,7.968684,352.0,214387.812
52.0,31.0,5.119281,7.68174,145.0,199225.984
52.0,-31.0,5.119281,7.68174,145.0,199225.984
52.0,15.0,3.561015,2.214455,227.0,16556.1992
52.0,-15.0,3.561015,2.214455,227.0,16556.1992
52.0,9.0,-2.75835,5.243473,39.0,92824.9766
52.0,-9.0,-2.75835,5.243473,39.0,92824.9766
52.0,23.0,4.409528,4.344416,316.0,63722.0234
52.0,-23.0,4.409528,4.344416,316.0,63722.0234
52.0,33.0,-5.281838,6.680384,303.0,150670.984
52.0,-33.0,-5.281838,6.680384,303.0,150670.984
52.0,20.0,-4.111906,5.534922,42.0,103430.773
52.0,-20.0,-4.111906,5.534922,42.0,103430.773
52.0,16.0,3.6778,3.107308,195.0,32598.334
52.0,-16.0,3.6778,3.107308,195.0,32598.334
52.0,19.0,-4.00779,3.107513,295.0,32602.6406
52.0,-19.0,-4.00779,3.107513,295.0,32602.6406
52.0,21.0,-4.213449,7.994911,215.0,215801.328
52.0,-21.0,-4.213449,7.994911,215.0,215801.328
52.0,19.0,-4.00779,2.341306,7.0,18507.2988
52.0,-19.0,-4.00779,2.341306,7.0,18507.2988
52.0,21.0,4.213449,5.062598,134.0,86531.4062
52.0,-21.0,4.213449,5.062598,134.0,86531.4062
52.0,14.0,3.440267,5.22782,82.0,92271.625
52.0,-14.0,3.440267,5.22782,82.0,92271.625
53.0,14.0,-3.440267,6.905767,212.0,160683.297
53.0,-14.0,-3.440267,6.905767,212.0,160683.297
53.0,13.0,-3.315124,5.182482,1.0,90494.5547
53.0,-13.0,-3.315124,5.182482,1.0,90494.5547
53.0,19.0,-4.00779,4.716763,112.0,74960.9062
53.0,-19.0,-4.00779,4.716763,112.0,74960.9062
53.0,9.0,2.75835,1.310795,22.0,5789.16992
53.0,-9.0,2.75835,1.310795,22.0,5789.16992
53.0,33.0,5.281838,3.589131,86.0,43403.582
53.0,-33.0,5.281838,3.589131,86.0,43403.582
53.0,27.0,-4.777602,7.851465,72.0,207705.625
53.0,-27.0,-4.777602,7.851465,72.0,207705.625
53.0,10.0,2.907556,5.725048,258.0,110434.586
53.0,-10.0,2.907556,5.725048,258.0,110434.586
53.0,24.0,4.504367,6.251345,52.0,131672.125
53.0,-24.0,4.504367,6.251345,52.0,131672.125
53.0,26.0,-4.688294,1.609166,72.0,8724.66211
53.0,-26.0,-4.688294,1.609166,72.0,8724.66211
53.0,21.0,4.213449,7.633939,337.0,196356.016
53.0,-21.0,4.213449,7.633939,337.0,196356.016
53.0,32.0,-5.201195,4.37328,129.0,64440.8594
53.0,-32.0,-5.201195,4.37328,129.0,64440.8594
53.0,20.0,4.111906,2.727104,47.0,25058.2188
53.0,-20.0,4.111906,2.727104,47.0,25058.2188
53.0,25.0,4.59725,4.605802,207.0,71475.5156
53.0,-25.0,4.59725,4.605802,207.0,71475.5156
54.0,26.0,4.688294,2.897497,113.0,27749.6602
54.0,-26.0,4.688294,2.897497,113.0,27749.6602
54.0,33.0,-5.281838,2.277953,36.0,17151.4688
54.0,-33.0,-5.281838,2.277953,36.0,17151.4688
54.0,20.0,4.111906,1.726023,223.0,9847.02051
54.0,-20.0,4.111906,1.726023,223.0,9847.02051
54.0,31.0,-5.119281,3.311533,119.0,36246.8242
54.0,-31.0,-5.119281,3.311533,119.0,36246.8242
54.0,34.0,-5.361269,3.792517,56.0,47540.8359
54.0,-34.0,-5.361269,3.792517,56.0,47540.8359
54.0,15.0,3.561015,3.570344,290.0,42133.9219
54.0,-15.0,3.561015,3.570344,290.0,42133.9219
54.0,33.0,-5.281838,1.90053,166.0,11938.8105
54.0,-33.0,-5.281838,1.90053,166.0,11938.8105
54.0,31.0,5.119281,5.963485,188.0,117547.117
54.0,-31.0,5.119281,5.963485,188.0,117547.117
54.0,35.0,-5.43954,6.812881,1.0,153416.984
54.0,-35.0,-5.43954,6.812881,1.0,153416.984
54.0,24.0,-4.504367,4.551964,293.0,68487.1875
54.0,-24.0,-4.504367,4.551964,293.0,68487.1875
54.0,8.0,2.600597,6.998804,321.0,161904.688
54.0,-8.0,2.600597,6.998804,321.0,161904.688
54.0,35.0,-5.43954,3.841255,317.0,48770.5898
54.0,-35.0,-5.43954,3.841255,317.0,48770.5898
54.0,22.0,4.312603,2.839189,77.0,26644.0625
54.0,-22.0,4.312603,2.839189,77.0,26644.0625
55.0,30.0,-5.036036,3.683716,353.0,45404.832
55.0,-30.0,-5.036036,3.683716,353.0,45404.832
55.0,34.0,5.361269,5.247492,312.0,92136.8281
55.0,-34.0,5.361269,5.247492,312.0,92136.8281
55.0,17.0,3.79099,7.740479,77.0,200477.391
55.0,-17.0,3.79099,7.740479,77.0,200477.391
55.0,24.0,4.504367,2.917437,273.0,28479.5254
55.0,-24.0,4.504367,2.917437,273.0,28479.5254
55.0,19.0,-4.00779,1.088183,200.0,3962.17358
55.0,-19.0,-4.00779,1.088183,200.0,3962.17358
55.0,25.0,4.59725,1.883802,214.0,11874.085
55.0,-25.0,4.59725,1.883802,214.0,11874.085
55.0,14.0,3.440267,7.573825,329.0,191937.672
55.0,-14.0,3.440267,7.573825,329.0,191937.672
55.0,14.0,3.440267,1.722775,104.0,9930.86133
55.0,-14.0,3.440267,1.722775,104.0,9930.86133
55.0,12.0,-3.185068,3.544481,154.0,42037.3125
55.0,-12.0,-3.185068,3.544481,154.0,42037.3125
55.0,13.0,3.315124,5.013062,69.0,84088.3672
55.0,-13.0,3.315124,5.013062,69.0,84088.3672
55.0,11.0,3.049471,6.862978,113.0,157599.531
55.0,-11.0,3.049471,6.862978,113.0,157599.531
55.0,32.0,-5.201195,3.711192,346.0,46084.6758
55.0,-32.0,-5.201195,3.711192,346.0,46084.6758
55.0,34.0,-5.361269,6.307902,77.0,133137.234
55.0,-34.0,-5.361269,6.307902,77.0,133137.234
55.0,23.0,4.409528,5.976834,91.0,119528.68
55.0,-23.0,4.409528,5.976834,91.0,119528.68
56.0,23.0,4.409528,3.507289,89.0,41439.9219
56.0,-23.0,4.409528,3.507289,89.0,41439.9219
56.0,9.0,2.75835,1.329228,313.0,5952.16553
56.0,-9.0,2.75835,1.329228,313.0,5952.16553
56.0,15.0,3.561015,5.923836,85.0,118217.547
56.0,-15.0,3.561015,5.923836,85.0,118217.547
56.0,27.0,4.777602,3.616263,349.0,44055.0781
56.0,-27.0,4.777602,3.616263,349.0,44055.0781
56.0,24.0,4.504367,6.229156,12.0,130717.703
56.0,-24.0,4.504367,6.229156,12.0,130717.703
56.0,8.0,-2.600597,6.626524,90.0,147927.0
56.0,-8.0,-2.600597,6.626524,90.0,147927.0
56.0,8.0,-2.600597,2.442887,70.0,20104.0059
56.0,-8.0,-2.600597,2.442887,70.0,20104.0059
56.0,24.0,-4.504367,2.301976,1.0,17851.6094
56.0,-24.0,-4.504367,2.301976,1.0,17851.6094
56.0,20.0,4.111906,2.179872,18.0,16008.0273
56.0,-20.0,4.111906,2.179872,18.0,16008.0273
56.0,8.0,2.600597,4.675216,173.0,73634.1406
56.0,-8.0,2.600597,4.675216,173.0,73634.1406
56.0,26.0,4.688294,2.361593,145.0,18788.2402
56.0,-26.0,4.688294,2.361593,145.0,18788.2402
56.0,10.0,-2.907556,6.367252,16.0,136577.781
56.0,-10.0,-2.907556,6.367252,16.0,136577.781
56.0,25.0,-4.59725,5.806817,351.0,113593.164
56.0,-25.0,-4.59725,5.806817,351.0,113593.164
57.0,27.0,-4.777602,3.046692,148.0,30681.1934
57.0,-27.0,-4.777602,3.046692,148.0,30681.1934
57.0,34.0,-5.361269,7.960553,249.0,209460.219
57.0,-34.0,-5.361269,7.960553,249.0,209460.219
57.0,22.0,-4.312603,6.652987,125.0,146301.328
57.0,-22.0,-4.312603,6.652987,125.0,146301.328
57.0,26.0,-4.688294,2.291253,299.0,17352.4629
57.0,-26.0,-4.688294,2.291253,299.0,17352.4629
57.0,22.0,4.312603,3.096545,258.0,31693.4727
57.0,-22.0,4.312603,3.096545,258.0,31693.4727
57.0,34.0,5.361269,2.683772,43.0,23807.084
57.0,-34.0,5.361269,2.683772,43.0,23807.084
57.0,20.0,4.111906,1.718571,176.0,9762.25391
57.0,-20.0,4.111906,1.718571,176.0,9762.25391
57.0,33.0,-5.281838,2.437152,223.0,19632.7168
57.0,-33.0,-5.281838,2.437152,223.0,19632.7168
57.0,11.0,-3.049471,3.11741,82.0,32122.0195
57.0,-11.0,-3.049471,3.11741,82.0,32122.0195
57.0,13.0,3.315124,1.772398,282.0,10383.3438
57.0,-13.0,3.315124,1.772398,282.0,10383.3438
57.0,11.0,-3.049471,3.998018,304.0,52832.8945
57.0,-11.0,-3.049471,3.998018,304.0,52832.8945
57.0,9.0,-2.75835,5.260535,328.0,91469.1875
57.0,-9.0,-2.75835,5.260535,328.0,91469.1875
57.0,34.0,5.361269,4.832344,252.0,77184.6172
57.0,-34.0,5.361269,4.832344,252.0,77184.6172
57.0,25.0,-4.59725,4.209468,27.0,58569.2188
57.0,-25.0,-4.59725,4.209468,27.0,58569.2188
57.0,11.0,3.049471,6.763934,111.0,151221.547
57.0,-11.0,3.049471,6.763934,111.0,151221.547
58.0,31.0,-5.119281,3.559056,259.0,44138.8555
58.0,-31.0,-5.119281,3.559056,259.0,44138.8555
58.0,20.0,-4.111906,4.530224,116.0,71513.9766
58.0,-20.0,-4.111906,4.530224,116.0,71513.9766
58.0,28.0,4.865272,7.303869,46.0,185890.625
58.0,-28.0,4.865272,7.303869,46.0,185890.625
58.0,14.0,-3.440267,3.276863,335.0,37416.9258
58.0,-14.0,-3.440267,3.276863,335.0,37416.9258
58.0,26.0,-4.688294,5.158101,275.0,92710.9844
58.0,-26.0,-4.688294,5.158101,275.0,92710.9844
58.0,11.0,3.049471,6.240456,236.0,135701.344
58.0,-11.0,3.049471,6.240456,236.0,135701.344
58.0,24.0,4.504367,5.227587,124.0,95225.6641
58.0,-24.0,4.504367,5.227587,124.0,95225.6641
58.0,14.0,-3.440267,3.035609,182.0,32110.2148
58.0,-14.0,-3.440267,3.035609,182.0,32110.2148
58.0,12.0,3.185068,1.132772,313.0,4471.32617
58.0,-12.0,3.185068,1.132772,313.0,4471.32617
58.0,17.0,3.79099,6.535819,347.0,148850.922
58.0,-17.0,3.79099,6.535819,347.0,148850.922
58.0,26.0,4.688294,6.817236,53.0,161945.234
58.0,-26.0,4.688294,6.817236,53.0,161945.234
58.0,30.0,5.036036,3.050162,330.0,32418.8301
58.0,-30.0,5.036036,3.050162,330.0,32418.8301
58.0,13.0,-3.315124,2.291009,237.0,18289.6406
58.0,-13.0,-3.315124,2.291009,237.0,18289.6406
58.0,28.0,-4.865272,3.348118,170.0,39061.8711
58.0,-28.0,-4.865272,3.348118,170.0,39061.8711
58.0,17.0,-3.79099,4.074142,240.0,57839.4258
58.0,-17.0,-3.79099,4.074142,240.0,57839.4258
58.0,31.0,5.119281,2.54949,275.0,22649.4746
58.0,-31.0,5.119281,2.54949,275.0,22649.4746
58.0,10.0,2.907556,1.050272,134.0,3843.74585
58.0,-10.0,2.907556,1.050272,134.0,3843.74585
59.0,29.0,-4.95139,4.488052,278.0,73108.2188
59.0,-29.0,-4.95139,4.488052,278.0,73108.2188
59.0,30.0,5.036036,2.954042,39.0,31672.5957
59.0,-30.0,5.036036,2.954042,39.0,31672.5957
59.0,11.0,-3.049471,5.85925,86.0,124604.695
59.0,-11.0,-3.049471,5.85925,86.0,124604.695
59.0,13.0,-3.315124,3.278849,355.0,39020.5312
59.0,-13.0,-3.315124,3.278849,355.0,39020.5312
59.0,22.0,-4.312603,1.168407,24.0,4954.94092
59.0,-22.0,-4.312603,1.168407,24.0,4954.94092
59.0,29.0,4.95139,6.414129,31.0,149322.688
59.0,-29.0,4.95139,6.414129,31.0,149322.688
59.0,35.0,-5.43954,1.000644,44.0,3634.20752
59.0,-35.0,-5.43954,1.000644,44.0,3634.20752
59.0,11.0,-3.049471,7.502776,334.0,204312.203
59.0,-11.0,-3.049471,7.502776,334.0,204312.203
59.0,33.0,5.281838,4.614951,93.0,77300.8984
59.0,-33.0,5.281838,4.614951,93.0,77300.8984
59.0,25.0,4.59725,6.707018,233.0,163271.094
59.0,-25.0,4.59725,6.707018,233.0,163271.094
59.0,13.0,3.315124,7.942718,8.0,228975.281
59.0,-13.0,3.315124,7.942718,8.0,228975.281
59.0,24.0,-4.504367,4.860829,314.0,85757.3047
59.0,-24.0,-4.504367,4.860829,314.0,85757.3047
59.0,8.0,-2.600597,5.770163,293.0,120844.375
59.0,-8.0,-2.600597,5.770163,293.0,120844.375
59.0,15.0,-3.561015,7.573375,103.0,208175.328
59.0,-15.0,-3.561015,7.573375,103.0,208175.328
59.0,10.0,2.907556,3.421906,68.0,42499.7656
59.0,-10.0,2.907556,3.421906,68.0,42499.7656
59.0,13.0,3.315124,3.465095,81.0,43579.3359
59.0,-13.0,3.315124,3.465095,81.0,43579.3359
60.0,30.0,5.036036,5.960325,290.0,117670.117
60.0,-30.0,5.036036,5.960325,290.0,117670.117
60.0,16.0,-3.6778,5.230579,145.0,90620.375
60.0,-16.0,-3.6778,5.230579,145.0,90620.375
60.0,32.0,5.201195,3.126229,303.0,32371.8633
60.0,-32.0,5.201195,3.126229,303.0,32371.8633
60.0,16.0,-3.6778,4.470765,183.0,66204.875
60.0,-16.0,-3.6778,4.470765,183.0,66204.875
60.0,25.0,4.59725,5.058099,9.0,84742.4219
60.0,-25.0,4.59725,5.058099,9.0,84742.4219
60.0,18.0,3.900896,3.917435,341.0,50831.1406
60.0,-18.0,3.900896,3.917435,341.0,50831.1406
60.0,31.0,-5.119281,6.195686,120.0,127146.711
60.0,-31.0,-5.119281,6.195686,120.0,127146.711
60.0,28.0,-4.865272,1.528702,1.0,7740.55273
60.0,-28.0,-4.865272,1.528702,1.0,7740.55273
60.0,13.0,-3.315124,7.911451,176.0,207318.766
60.0,-13.0,-3.315124,7.911451,176.0,207318.766
60.0,16.0,-3.6778,7.850412,192.0,219474.156
60.0,-16.0,-3.6778,7.850412,192.0,219474.156
60.0,27.0,-4.777602,4.155575,22.0,57199.0039
60.0,-27.0,-4.777602,4.155575,22.0,57199.0039
60.0,7.0,-2.432636,5.177135,36.0,88777.9844
60.0,-7.0,-2.432636,5.177135,36.0,88777.9844
60.0,16.0,3.6778,3.768261,176.0,47033.6016
60.0,-16.0,3.6778,3.768261,176.0,47033.6016
61.0,30.0,-5.036036,1.778736,268.0,11313.833
61.0,-30.0,-5.036036,1.778736,268.0,11313.833
61.0,17.0,-3.79099,3.596102,255.0,46243.5156
61.0,-17.0,-3.79099,3.596102,255.0,46243.5156
61.0,12.0,-3.185068,3.67571,118.0,48313.5898
61.0,-12.0,-3.185068,3.67571,118.0,48313.5898
61.0,11.0,-3.049471,1.221986,312.0,5339.729
61.0,-11.0,-3.049471,1.221986,312.0,5339.729
61.0,33.0,-5.281838,7.80755,315.0,217979.828
61.0,-33.0,-5.281838,7.80755,315.0,217979.828
61.0,8.0,-2.600597,2.257893,105.0,18230.2793
61.0,-8.0,-2.600597,2.257893,105.0,18230.2793
61.0,28.0,4.865272,7.938699,44.0,225364.406
61.0,-28.0,4.865272,7.938699,44.0,225364.406
61.0,12.0,-3.185068,6.063714,330.0,131481.359
61.0,-12.0,-3.185068,6.063714,330.0,131481.359
61.0,9.0,-2.75835,6.058509,86.0,131255.719
61.0,-9.0,-2.75835,6.058509,86.0,131255.719
61.0,15.0,3.561015,6.228291,199.0,138715.328
61.0,-15.0,3.561015,6.228291,199.0,138715.328
61.0,29.0,4.95139,3.924721,257.0,55081.332
61.0,-29.0,4.95139,3.924721,257.0,55081.332
61.0,10.0,2.907556,6.678209,300.0,159480.203
61.0,-10.0,2.907556,6.678209,300.0,159480.203
61.0,24.0,4.504367,4.780137,86.0,81708.5156
61.0,-24.0,4.504367,4.780137,86.0,81708.5156
61.0,19.0,4.00779,2.403986,100.0,20665.7188
61.0,-19.0,4.00779,2.403986,100.0,20665.7188
61.0,26.0,4.688294,7.855778,69.0,220681.062
61.0,-26.0,4.688294,7.855778,69.0,220681.062
61.0,24.0,-4.504367,1.896923,246.0,12867.2637
61.0,-24.0,-4.504367,1.896923,246.0,12867.2637
62.0,33.0,-5.281838,5.578538,143.0,108683.68
62.0,-33.0,-5.281838,5.578538,143.0,108683.68
62.0,34.0,5.361269,2.724672,177.0,25926.9883
62.0,-34.0,5.361269,2.724672,177.0,25926.9883
62.0,19.0,4.00779,1.231197,64.0,5293.93408
62.0,-19.0,4.00779,1.231197,64.0,5293.93408
62.0,10.0,-2.907556,6.928881,133.0,167667.828
62.0,-10.0,-2.907556,6.928881,133.0,167667.828
62.0,8.0,-2.600597,1.508184,330.0,7943.87402
62.0,-8.0,-2.600597,1.508184,330.0,7943.87402
62.0,23.0,4.409528,4.678202,205.0,76433.0859
62.0,-23.0,4.409528,4.678202,205.0,76433.0859
62.0,18.0,-3.900896,5.582892,180.0,108853.406
62.0,-18.0,-3.900896,5.582892,180.0,108853.406
62.0,29.0,4.95139,1.682542,262.0,9886.79492
62.0,-29.0,4.95139,1.682542,262.0,9886.79492
62.0,7.0,2.432636,2.462243,75.0,21173.1445
62.0,-7.0,2.432636,2.462243,75.0,21173.1445
62.0,30.0,-5.036036,1.644681,256.0,9446.84668
62.0,-30.0,-5.036036,1.644681,256.0,9446.84668
62.0,13.0,-3.315124,7.94113,52.0,220235.953
62.0,-13.0,-3.315124,7.94113,52.0,220235.953
62.0,34.0,-5.361269,5.922573,256.0,122502.328
62.0,-34.0,-5.361269,5.922573,256.0,122502.328
62.0,11.0,-3.049471,4.652041,265.0,75580.6562
62.0,-11.0,-3.049471,4.652041,265.0,75580.6562
62.0,10.0,2.907556,4.86612,69.0,82696.8906
62.0,-10.0,2.907556,4.86612,69.0,82696.8906
63.0,10.0,2.907556,4.88708,164.0,81939.0703
63.0,-10.0,2.907556,4.88708,164.0,81939.0703
63.0,34.0,-5.361269,3.248191,234.0,36197.2148
63.0,-34.0,-5.361269,3.248191,234.0,36197.2148
63.0,15.0,3.561015,2.57905,334.0,22819.7891
63.0,-15.0,3.561015,2.57905,334.0,22819.7891
63.0,17.0,-3.79099,1.227857,4.0,5172.35107
63.0,-17.0,-3.79099,1.227857,4.0,5172.35107
63.0,19.0,-4.00779,7.172104,339.0,176475.859
63.0,-19.0,-4.00779,7.172104,339.0,176475.859
63.0,9.0,-2.75835,5.472813,76.0,102757.438
63.0,-9.0,-2.75835,5.472813,76.0,102757.438
63.0,22.0,4.312603,3.873086,177.0,51464.3555
63.0,-22.0,4.312603,3.873086,177.0,51464.3555
63.0,31.0,5.119281,7.971869,354.0,218028.078
63.0,-31.0,5.119281,7.971869,354.0,218028.078
63.0,12.0,3.185068,7.356015,204.0,185642.5
63.0,-12.0,3.185068,7.356015,204.0,185642.5
63.0,7.0,-2.432636,1.981438,239.0,13469.5449
63.0,-7.0,-2.432636,1.981438,239.0,13469.5449
63.0,31.0,5.119281,1.612858,314.0,8924.50781
63.0,-31.0,5.119281,1.612858,314.0,8924.50781
63.0,22.0,4.312603,7.968364,135.0,217836.406
63.0,-22.0,4.312603,7.968364,135.0,217836.406
63.0,16.0,-3.6778,5.363514,292.0,98694.0625
63.0,-16.0,-3.6778,5.363514,292.0,98694.0625
63.0,7.0,2.432636,3.658609,190.0,45922.3516
63.0,-7.0,2.432636,3.658609,190.0,45922.3516
63.0,17.0,-3.79099,1.315932,253.0,5940.99072
63.0,-17.0,-3.79099,1.315932,253.0,5940.99072
64.0,18.0,3.900896,6.40613,246.0,138310.734
64.0,-18.0,3.900896,6.40613,246.0,138310.734
64.0,21.0,4.213449,4.41641,231.0,65735.9922
64.0,-21.0,4.213449,4.41641,231.0,65735.9922
64.0,19.0,4.00779,4.40155,253.0,65294.3672
64.0,-19.0,4.00779,4.40155,253.0,65294.3672
64.0,30.0,-5.036036,2.068638,7.0,14422.2588
64.0,-30.0,-5.036036,2.068638,7.0,14422.2588
64.0,20.0,4.111906,3.760823,137.0,47668.3555
64.0,-20.0,4.111906,3.760823,137.0,47668.3555
64.0,32.0,5.201195,5.186284,171.0,90651.9375
64.0,-32.0,5.201195,5.186284,171.0,90651.9375
64.0,27.0,-4.777602,1.837314,241.0,11377.0898
64.0,-27.0,-4.777602,1.837314,241.0,11377.0898
64.0,33.0,-5.281838,3.008909,138.0,30512.8477
64.0,-33.0,-5.281838,3.008909,138.0,30512.8477
64.0,23.0,-4.409528,6.558463,91.0,151747.656
64.0,-23.0,-4.409528,6.558463,91.0,151747.656
64.0,26.0,4.688294,6.63369,126.0,148311.516
64.0,-26.0,4.688294,6.63369,126.0,148311.516
64.0,32.0,5.201195,7.123344,305.0,171014.266
64.0,-32.0,5.201195,7.123344,305.0,171014.266
64.0,13.0,-3.315124,6.614159,327.0,147439.453
64.0,-13.0,-3.315124,6.614159,327.0,147439.453
64.0,29.0,-4.95139,2.780985,140.0,26065.248
64.0,-29.0,-4.95139,2.780985,140.0,26065.248
64.0,14.0,-3.440267,4.461379,181.0,67081.4922
64.0,-14.0,-3.440267,4.461379,181.0,67081.4922
64.0,23.0,-4.409528,7.46015,162.0,189258.422
64.0,-23.0,-4.409528,7.46015,162.0,189258.422
64.0,26.0,4.688294,7.630243,47.0,196219.094
64.0,-26.0,4.688294,7.630243,47.0,196219.094
65.0,29.0,-4.95139,5.134202,55.0,95309.8906
65.0,-29.0,-4.95139,5.134202,55.0,95309.8906
65.0,17.0,-3.79099,7.594688,82.0,208550.891
65.0,-17.0,-3.79099,7.594688,82.0,208550.891
65.0,17.0,-3.79099,2.167568,52.0,16987.8242
65.0,-17.0,-3.79099,2.167568,52.0,16987.8242
65.0,22.0,-4.312603,3.861693,112.0,53919.7031
65.0,-22.0,-4.312603,3.861693,112.0,53919.7031
65.0,28.0,-4.865272,6.534863,320.0,154406.328
65.0,-28.0,-4.865272,6.534863,320.0,154406.328
65.0,9.0,2.75835,4.951756,269.0,88656.5
65.0,-9.0,2.75835,4.951756,269.0,88656.5
65.0,33.0,-5.281838,5.672906,208.0,116359.875
65.0,-33.0,-5.281838,5.672906,208.0,116359.875
65.0,23.0,4.409528,7.486372,294.0,202644.547
65.0,-23.0,4.409528,7.486372,294.0,202644.547
65.0,15.0,3.561015,6.350074,62.0,145797.359
65.0,-15.0,3.561015,6.350074,62.0,145797.359
65.0,14.0,3.440267,1.874563,49.0,12705.5088
65.0,-14.0,3.440267,1.874563,49.0,12705.5088
65.0,30.0,-5.036036,6.801566,261.0,167266.875
65.0,-30.0,-5.036036,6.801566,261.0,167266.875
65.0,27.0,-4.777602,6.954445,241.0,174870.719
65.0,-27.0,-4.777602,6.954445,241.0,174870.719
65.0,28.0,-4.865272,2.025048,102.0,14827.3291
65.0,-28.0,-4.865272,2.025048,102.0,14827.3291
65.0,26.0,4.688294,5.377929,247.0,104573.617
65.0,-26.0,4.688294,5.377929,247.0,104573.617
65.0,6.0,2.252183,1.609139,62.0,9362.2334
65.0,-6.0,2.252183,1.609139,62.0,9362.2334
65.0,19.0,4.00779,5.333076,210.0,102836.602
65.0,-19.0,4.00779,5.333076,210.0,102836.602
65.0,15.0,3.561015,6.308117,272.0,143877.047
65.0,-15.0,3.561015,6.308117,272.0,143877.047
65.0,14.0,-3.440267,1.682369,132.0,10233.7422
65.0,-14.0,-3.440267,1.682369,132.0,10233.7422
66.0,23.0,4.409528,6.47399,62.0,142806.375
66.0,-23.0,4.409528,6.47399,62.0,142806.375
66.0,26.0,4.688294,3.052265,42.0,31742.9922
66.0,-26.0,4.688294,3.052265,42.0,31742.9922
66.0,33.0,-5.281838,1.380438,91.0,6492.87451
66.0,-33.0,-5.281838,1.380438,91.0,6492.87451
66.0,22.0,-4.312603,1.986566,64.0,13446.5088
66.0,-22.0,-4.312603,1.986566,64.0,13446.5088
66.0,10.0,2.907556,7.346315,327.0,183883.406
66.0,-10.0,2.907556,7.346315,327.0,183883.406
66.0,12.0,-3.185068,2.967929,281.0,30013.0703
66.0,-12.0,-3.185068,2.967929,281.0,30013.0703
66.0,25.0,4.59725,4.269938,261.0,62122.1602
66.0,-25.0,4.59725,4.269938,261.0,62122.1602
66.0,9.0,-2.75835,7.662267,106.0,207369.781
66.0,-9.0,-2.75835,7.662267,106.0,207369.781
66.0,8.0,-2.600597,4.541819,107.0,70285.0547
66.0,-8.0,-2.600597,4.541819,107.0,70285.0547
66.0,21.0,4.213449,6.223514,355.0,131969.875
66.0,-21.0,4.213449,6.223514,355.0,131969.875
66.0,20.0,4.111906,4.464834,288.0,67922.5703
66.0,-20.0,4.111906,4.464834,288.0,67922.5703
66.0,22.0,-4.312603,5.582046,314.0,106167.148
66.0,-22.0,-4.312603,5.582046,314.0,106167.148
66.0,29.0,4.95139,6.595679,270.0,148225.328
66.0,-29.0,4.95139,6.595679,270.0,148225.328
66.0,17.0,3.79099,6.23746,339.0,132561.953
66.0,-17.0,3.79099,6.23746,339.0,132561.953
66.0,28.0,4.865272,4.028652,20.0,55299.7227
66.0,-28.0,4.865272,4.028652,20.0,55299.7227
66.0,26.0,-4.688294,1.475543,255.0,7418.35059
66.0,-26.0,-4.688294,1.475543,255.0,7418.35059
66.0,21.0,-4.213449,6.570557,36.0,147098.328
66.0,-21.0,-4.213449,6.570557,36.0,147098.328
67.0,10.0,2.907556,3.188703,57.0,34607.875
67.0,-10.0,2.907556,3.188703,57.0,34607.875
67.0,15.0,-3.561015,7.547568,13.0,193719.891
67.0,-15.0,-3.561015,7.547568,13.0,193719.891
67.0,19.0,-4.00779,7.620726,195.0,197669.359
67.0,-19.0,-4.00779,7.620726,195.0,197669.359
67.0,7.0,2.432636,4.584546,252.0,71538.4375
67.0,-7.0,2.432636,4.584546,252.0,71538.4375
67.0,25.0,-4.59725,6.312832,264.0,135642.312
67.0,-25.0,-4.59725,6.312832,264.0,135642.312
67.0,17.0,3.79099,5.713823,196.0,111122.055
67.0,-17.0,3.79099,5.713823,196.0,111122.055
67.0,20.0,4.111906,1.553639,163.0,8215.74707
67.0,-20.0,4.111906,1.553639,163.0,8215.74707
67.0,8.0,2.600597,2.442451,277.0,20304.793
67.0,-8.0,2.600597,2.442451,277.0,20304.793
67.0,26.0,4.688294,5.289526,1.0,95231.4062
67.0,-26.0,4.688294,5.289526,1.0,95231.4062
67.0,6.0,-2.252183,4.897255,317.0,81630.4609
67.0,-6.0,-2.252183,4.897255,317.0,81630.4609
67.0,15.0,3.561015,3.557999,201.0,43088.2031
67.0,-15.0,3.561015,3.557999,201.0,43088.2031
67.0,16.0,3.6778,6.774698,342.0,156216.391
67.0,-16.0,3.6778,6.774698,342.0,156216.391
67.0,23.0,-4.409528,4.488727,4.0,68579.3047
67.0,-23.0,-4.409528,4.488727,4.0,68579.3047
67.0,21.0,-4.213449,3.636239,326.0,45004.0352
67.0,-21.0,-4.213449,3.636239,326.0,45004.0352
67.0,15.0,3.561015,4.04896,310.0,55799.9258
67.0,-15.0,3.561015,4.04896,310.0,55799.9258
67.0,17.0,3.79099,1.614483,85.0,8871.84277
67.0,-17.0,3.79099,1.614483,85.0,8871.84277
68.0,31.0,5.119281,3.088496,176.0,32139.9336
68.0,-31.0,5.119281,3.088496,176.0,32139.9336
68.0,21.0,4.213449,7.847535,155.0,207499.688
68.0,-21.0,4.213449,7.847535,155.0,207499.688
68.0,11.0,-3.049471,7.783295,7.0,204116.406
68.0,-11.0,-3.049471,7.783295,7.0,204116.406
68.0,31.0,-5.119281,4.560347,213.0,70072.3438
68.0,-31.0,-5.119281,4.560347,213.0,70072.3438
68.0,13.0,3.315124,2.468687,181.0,20534.4434
68.0,-13.0,3.315124,2.468687,181.0,20534.4434
68.0,9.0,-2.75835,7.5284,88.0,190966.141
68.0,-9.0,-2.75835,7.5284,88.0,190966.141
68.0,22.0,4.312603,5.287071,122.0,94184.8828
68.0,-22.0,4.312603,5.287071,122.0,94184.8828
68.0,19.0,4.00779,6.554693,79.0,153635.453
68.0,-19.0,4.00779,6.554693,79.0,153635.453
68.0,32.0,5.201195,3.753945,61.0,47481.7539
68.0,-32.0,5.201195,3.753945,61.0,47481.7539
68.0,13.0,3.315124,5.051157,200.0,85967.2031
68.0,-13.0,3.315124,5.051157,200.0,85967.2031
68.0,7.0,2.432636,1.616553,291.0,8805.02832
68.0,-7.0,2.432636,1.616553,291.0,8805.02832
68.0,19.0,-4.00779,2.559021,4.0,22064.7324
68.0,-19.0,-4.00779,2.559021,4.0,22064.7324
68.0,18.0,-3.900896,3.416616,342.0,39331.7461
68.0,-18.0,-3.900896,3.416616,342.0,39331.7461
68.0,29.0,-4.95139,2.810639,96.0,26617.1191
68.0,-29.0,-4.95139,2.810639,96.0,26617.1191
68.0,33.0,-5.281838,6.812416,102.0,156369.938
68.0,-33.0,-5.281838,6.812416,102.0,156369.938
69.0,28.0,-4.865272,4.388776,291.0,67090.75
69.0,-28.0,-4.865272,4.388776,291.0,67090.75
69.0,8.0,2.600597,4.899462,111.0,83612.7656
69.0,-8.0,2.600597,4.899462,111.0,83612.7656
69.0,29.0,-4.95139,6.395925,349.0,143780.453
69.0,-29.0,-4.95139,6.395925,349.0,143780.453
69.0,24.0,4.504367,2.871458,177.0,28719.7598
69.0,-24.0,4.504367,2.871458,177.0,28719.7598
69.0,32.0,-5.201195,3.597548,127.0,45080.5273
69.0,-32.0,-5.201195,3.597548,127.0,45080.5273
69.0,25.0,4.59725,7.104321,328.0,175800.828
69.0,-25.0,4.59725,7.104321,328.0,175800.828
69.0,11.0,3.049471,2.744107,92.0,26228.7734
69.0,-11.0,3.049471,2.744107,92.0,26228.7734
69.0,10.0,-2.907556,6.634897,320.0,153336.031
69.0,-10.0,-2.907556,6.634897,320.0,153336.031
69.0,14.0,-3.440267,2.051459,64.0,14658.9102
69.0,-14.0,-3.440267,2.051459,64.0,14658.9102
69.0,10.0,-2.907556,7.503235,65.0,196097.875
69.0,-10.0,-2.907556,7.503235,65.0,196097.875
69.0,16.0,-3.6778,2.15774,276.0,16217.1357
69.0,-16.0,-3.6778,2.15774,276.0,16217.1357
69.0,18.0,-3.900896,3.23187,159.0,36381.7578
69.0,-18.0,-3.900896,3.23187,159.0,36381.7578
69.0,10.0,-2.907556,5.215207,51.0,94736.8359
69.0,-10.0,-2.907556,5.215207,51.0,94736.8359
69.0,14.0,-3.440267,4.32071,97.0,65025.8594
69.0,-14.0,-3.440267,4.32071,97.0,65025.8594
69.0,26.0,-4.688294,1.624686,346.0,9194.21094
69.0,-26.0,-4.688294,1.624686,346.0,9194.21094
69.0,20.0,4.111906,4.745082,354.0,78426.5938
69.0,-20.0,4.111906,4.745082,354.0,78426.5938
69.0,24.0,-4.504367,1.388275,308.0,6713.15674
69.0,-24.0,-4.504367,1.388275,308.0,6713.15674
69.0,6.0,2.252183,3.738524,60.0,48682.8711
69.0,-6.0,2.252183,3.738524,60.0,48682.8711
69.0,18.0,3.900896,4.202802,130.0,61525.2891
69.0,-18.0,3.900896,4.202802,130.0,61525.2891
70.0,19.0,-4.00779,1.217185,237.0,5060.87207
70.0,-19.0,-4.00779,1.217185,237.0,5060.87207
70.0,16.0,3.6778,3.662908,246.0,45831.5469
70.0,-16.0,3.6778,3.662908,246.0,45831.5469
70.0,21.0,4.213449,1.385036,5.0,6552.9126
70.0,-21.0,4.213449,1.385036,5.0,6552.9126
70.0,30.0,5.036036,5.561578,170.0,105659.492
70.0,-30.0,5.036036,5.561578,170.0,105659.492
70.0,30.0,-5.036036,3.44317,276.0,40497.6211
70.0,-30.0,-5.036036,3.44317,276.0,40497.6211
70.0,7.0,2.432636,7.892713,83.0,212796.797
70.0,-7.0,2.432636,7.892713,83.0,212796.797
70.0,21.0,4.213449,4.044993,307.0,55891.7969
70.0,-21.0,4.213449,4.044993,307.0,55891.7969
70.0,19.0,4.00779,7.697814,287.0,202417.141
70.0,-19.0,4.00779,7.697814,287.0,202417.141
70.0,11.0,-3.049471,4.294858,83.0,63010.1055
70.0,-11.0,-3.049471,4.294858,83.0,63010.1055
70.0,18.0,-3.900896,7.494141,182.0,197421.641
70.0,-18.0,-3.900896,7.494141,182.0,197421.641
70.0,22.0,-4.312603,5.477065,121.0,102472.727
70.0,-22.0,-4.312603,5.477065,121.0,102472.727
70.0,7.0,-2.432636,5.610399,307.0,107522.672
70.0,-7.0,-2.432636,5.610399,307.0,107522.672
70.0,7.0,-2.432636,7.832978,205.0,209587.969
70.0,-7.0,-2.432636,7.832978,205.0,209587.969
70.0,21.0,4.213449,5.810015,113.0,115310.008
70.0,-21.0,4.213449,5.810015,113.0,115310.008
70.0,13.0,3.315124,1.670543,29.0,9532.95801
70.0,-13.0,3.315124,1.670543,29.0,9532.95801
70.0,26.0,4.688294,4.230597,174.0,61138.6367
70.0,-26.0,4.688294,4.230597,174.0,61138.6367
71.0,25.0,4.59725,3.755607,122.0,50622.6953
71.0,-25.0,4.59725,3.755607,122.0,50622.6953
71.0,13.0,3.315124,5.005696,352.0,89931.9219
71.0,-13.0,3.315124,5.005696,352.0,89931.9219
71.0,10.0,2.907556,4.131247,236.0,61255.793
71.0,-10.0,2.907556,4.131247,236.0,61255.793
71.0,25.0,-4.59725,7.245337,47.0,188409.203
71.0,-25.0,-4.59725,7.245337,47.0,188409.203
71.0,16.0,-3.6778,6.807184,232.0,166310.609
71.0,-16.0,-3.6778,6.807184,232.0,166310.609
71.0,14.0,3.440267,1.36854,295.0,6722.02002
71.0,-14.0,3.440267,1.36854,295.0,6722.02002
71.0,27.0,-4.777602,3.639543,183.0,47542.1328
71.0,-27.0,-4.777602,3.639543,183.0,47542.1328
71.0,16.0,-3.6778,6.827103,336.0,167285.328
71.0,-16.0,-3.6778,6.827103,336.0,167285.328
71.0,26.0,4.688294,1.362689,36.0,6664.66309
71.0,-26.0,4.688294,1.362689,36.0,6664.66309
71.0,16.0,3.6778,2.999759,74.0,32296.6582
71.0,-16.0,3.6778,2.999759,74.0,32296.6582
71.0,27.0,4.777602,1.381067,111.0,6845.64453
71.0,-27.0,4.777602,1.381067,111.0,6845.64453
71.0,19.0,4.00779,7.138028,209.0,182869.547
71.0,-19.0,4.00779,7.138028,209.0,182869.547
71.0,16.0,-3.6778,7.612815,239.0,208005.844
71.0,-16.0,-3.6778,7.612815,239.0,208005.844
71.0,29.0,4.95139,3.699448,313.0,49120.0391
71.0,-29.0,4.95139,3.699448,313.0,49120.0391
71.0,12.0,-3.185068,6.708892,239.0,161542.406
71.0,-12.0,-3.185068,6.708892,239.0,161542.406
71.0,12.0,3.185068,4.803785,31.0,82823.2266
71.0,-12.0,3.185068,4.803785,31.0,82823.2266
72.0,15.0,-3.561015,4.369473,293.0,66175.7734
72.0,-15.0,-3.561015,4.369473,293.0,66175.7734
72.0,31.0,-5.119281,1.028664,197.0,3667.65015
72.0,-31.0,-5.119281,1.028664,197.0,3667.65015
72.0,13.0,-3.315124,3.029796,196.0,31817.623
72.0,-13.0,-3.315124,3.029796,196.0,31817.623
72.0,12.0,3.185068,4.8085,109.0,80142.0078
72.0,-12.0,3.185068,4.8085,109.0,80142.0078
72.0,25.0,4.59725,7.875042,207.0,212763.891
72.0,-25.0,4.59725,7.875042,207.0,212763.891
72.0,8.0,2.600597,6.662695,177.0,153865.359
72.0,-8.0,2.600597,6.662695,177.0,153865.359
72.0,21.0,-4.213449,7.305118,78.0,184967.484
72.0,-21.0,-4.213449,7.305118,78.0,184967.484
72.0,14.0,-3.440267,6.070927,152.0,127747.078
72.0,-14.0,-3.440267,6.070927,152.0,127747.078
72.0,14.0,3.440267,7.923565,14.0,217611.688
72.0,-14.0,3.440267,7.923565,14.0,217611.688
72.0,7.0,-2.432636,5.515147,69.0,105427.789
72.0,-7.0,-2.432636,5.515147,69.0,105427.789
72.0,23.0,4.409528,5.695069,140.0,112418.805
72.0,-23.0,4.409528,5.695069,140.0,112418.805
72.0,15.0,-3.561015,6.660341,336.0,153756.656
72.0,-15.0,-3.561015,6.660341,336.0,153756.656
72.0,15.0,3.561015,3.088476,329.0,33062.0195
72.0,-15.0,3.561015,3.088476,329.0,33062.0195
72.0,18.0,3.900896,7.02386,312.0,170998.609
72.0,-18.0,3.900896,7.02386,312.0,170998.609
72.0,10.0,-2.907556,4.016654,52.0,55920.3516
72.0,-10.0,-2.907556,4.016654,52.0,55920.3516
72.0,20.0,-4.111906,1.924973,36.0,12843.6992
72.0,-20.0,-4.111906,1.924973,36.0,12843.6992
73.0,10.0,-2.907556,5.258123,76.0,96298.9453
73.0,-10.0,-2.907556,5.258123,76.0,96298.9453
73.0,28.0,4.865272,1.399118,58.0,6818.18213
73.0,-28.0,4.865272,1.399118,58.0,6818.18213
73.0,18.0,-3.900896,5.75176,262.0,115228.898
73.0,-18.0,-3.900896,5.75176,262.0,115228.898
73.0,17.0,-3.79099,3.359323,194.0,39306.4258
73.0,-17.0,-3.79099,3.359323,194.0,39306.4258
73.0,12.0,-3.185068,5.955491,135.0,123536.438
73.0,-12.0,-3.185068,5.955491,135.0,123536.438
73.0,25.0,4.59725,2.736241,168.0,26077.6699
73.0,-25.0,4.59725,2.736241,168.0,26077.6699
73.0,25.0,-4.59725,5.812498,231.0,117675.383
73.0,-25.0,-4.59725,5.812498,231.0,117675.383
73.0,13.0,-3.315124,2.632177,151.0,24131.8223
73.0,-13.0,-3.315124,2.632177,151.0,24131.8223
73.0,28.0,-4.865272,1.019181,27.0,3617.95044
73.0,-28.0,-4.865272,1.019181,27.0,3617.95044
73.0,20.0,4.111906,7.0,201.0,170669.578
73.0,-20.0,4.111906,7.0,201.0,170669.578
73.0,12.0,3.185068,6.164611,136.0,132364.438
73.0,-12.0,3.185068,6.164611,136.0,132364.438
73.0,20.0,4.111906,6.151473,231.0,131800.844
73.0,-20.0,4.111906,6.151473,231.0,131800.844
73.0,31.0,-5.119281,6.034466,267.0,126834.562
73.0,-31.0,-5.119281,6.034466,267.0,126834.562
73.0,28.0,4.865272,6.279917,231.0,137362.375
73.0,-28.0,4.865272,6.279917,231.0,137362.375
73.0,8.0,2.600597,7.830323,262.0,213559.703
73.0,-8.0,2.600597,7.830323,262.0,213559.703
74.0,26.0,-4.688294,5.136693,193.0,93086.1719
74.0,-26.0,-4.688294,5.136693,193.0,93086.1719
74.0,27.0,4.777602,2.618146,301.0,24182.7461
74.0,-27.0,4.777602,2.618146,301.0,24182.7461
74.0,28.0,4.865272,4.644354,174.0,76097.1562
74.0,-28.0,4.865272,4.644354,174.0,76097.1562
74.0,13.0,3.315124,1.502433,334.0,7963.5752
74.0,-13.0,3.315124,1.502433,334.0,7963.5752
74.0,15.0,3.561015,5.9621,27.0,125405.414
74.0,-15.0,3.561015,5.9621,27.0,125405.414
74.0,31.0,5.119281,5.755376,216.0,116859.828
74.0,-31.0,5.119281,5.755376,216.0,116859.828
74.0,31.0,5.119281,4.920555,50.0,85417.3438
74.0,-31.0,5.119281,4.920555,50.0,85417.3438
74.0,26.0,4.688294,6.153099,258.0,133568.984
74.0,-26.0,4.688294,6.153099,258.0,133568.984
74.0,23.0,4.409528,3.155557,14.0,35129.3281
74.0,-23.0,4.409528,3.155557,14.0,35129.3281
74.0,7.0,-2.432636,5.412127,269.0,103336.516
74.0,-7.0,-2.432636,5.412127,269.0,103336.516
74.0,24.0,4.504367,2.417172,196.0,20612.6074
74.0,-24.0,4.504367,2.417172,196.0,20612.6074
74.0,21.0,4.213449,1.230751,348.0,5343.90137
74.0,-21.0,4.213449,1.230751,348.0,5343.90137
74.0,22.0,-4.312603,3.405946,204.0,40925.4453
74.0,-22.0,-4.312603,3.405946,204.0,40925.4453
74.0,7.0,-2.432636,1.6787,160.0,9941.78223
74.0,-7.0,-2.432636,1.6787,160.0,9941.78223
74.0,25.0,4.59725,7.109147,276.0,178300.641
74.0,-25.0,4.59725,7.109147,276.0,178300.641
74.0,29.0,-4.95139,1.240641,70.0,5430.13135
74.0,-29.0,-4.95139,1.240641,70.0,5430.13135
74.0,29.0,-4.95139,1.955049,185.0,13484.4395
74.0,-29.0,-4.95139,1.955049,185.0,13484.4395
74.0,7.0,-2.432636,2.196354,240.0,17018.5527
74.0,-7.0,-2.432636,2.196354,240.0,17018.5527
75.0,27.0,-4.777602,4.827961,344.0,81405.0078
75.0,-27.0,-4.777602,4.827961,344.0,81405.0078
75.0,16.0,3.6778,6.736854,276.0,162070.406
75.0,-16.0,3.6778,6.736854,276.0,162070.406
75.0,26.0,-4.688294,3.127492,287.0,34928.6562
75.0,-26.0,-4.688294,3.127492,287.0,34928.6562
75.0,15.0,-3.561015,3.233088,141.0,37327.1367
75.0,-15.0,-3.561015,3.233088,141.0,37327.1367
75.0,11.0,-3.049471,4.970176,28.0,88213.0859
75.0,-11.0,-3.049471,4.970176,28.0,88213.0859
75.0,15.0,-3.561015,4.891735,316.0,85450.6328
75.0,-15.0,-3.561015,4.891735,316.0,85450.6328
75.0,20.0,4.111906,3.758982,300.0,50457.9883
75.0,-20.0,4.111906,3.758982,300.0,50457.9883
75.0,23.0,-4.409528,7.576082,190.0,200453.156
75.0,-23.0,-4.409528,7.576082,190.0,200453.156
75.0,19.0,-4.00779,4.341866,297.0,67319.7109
75.0,-19.0,-4.00779,4.341866,297.0,67319.7109
75.0,31.0,-5.119281,7.073719,214.0,178683.766
75.0,-31.0,-5.119281,7.073719,214.0,178683.766
75.0,12.0,3.185068,5.532403,293.0,109299.242
75.0,-12.0,3.185068,5.532403,293.0,109299.242
75.0,18.0,-3.900896,1.431602,115.0,7318.70264
75.0,-18.0,-3.900896,1.431602,115.0,7318.70264
75.0,23.0,-4.409528,4.410861,32.0,69476.2344
75.0,-23.0,-4.409528,4.410861,32.0,69476.2344
75.0,23.0,4.409528,7.771343,32.0,215665.984
75.0,-23.0,4.409528,7.771343,32.0,215665.984
75.0,10.0,2.907556,2.443166,327.0,21315.4902
75.0,-10.0,2.907556,2.443166,327.0,21315.4902
75.0,29.0,4.95139,2.949738,153.0,31071.0723
75.0,-29.0,4.95139,2.949738,153.0,31071.0723
75.0,25.0,4.59725,4.984807,338.0,88733.2266
75.0,-25.0,4.59725,4.984807,338.0,88733.2266
76.0,8.0,2.600597,6.065286,180.0,126608.266
76.0,-8.0,2.600597,6.065286,180.0,126608.266
76.0,12.0,-3.185068,1.560647,285.0,8382.4082
76.0,-12.0,-3.185068,1.560647,285.0,8382.4082
76.0,23.0,-4.409528,6.096634,237.0,127920.359
76.0,-23.0,-4.409528,6.096634,237.0,127920.359
76.0,24.0,4.504367,1.794808,255.0,11086.5244
76.0,-24.0,4.504367,1.794808,255.0,11086.5244
76.0,14.0,-3.440267,7.848555,233.0,211335.031
76.0,-14.0,-3.440267,7.848555,233.0,211335.031
76.0,26.0,4.688294,2.014751,272.0,13970.1904
76.0,-26.0,4.688294,2.014751,272.0,13970.1904
76.0,30.0,5.036036,7.092257,96.0,174345.172
76.0,-30.0,5.036036,7.092257,96.0,174345.172
76.0,20.0,-4.111906,3.505611,5.0,42294.8047
76.0,-20.0,-4.111906,3.505611,5.0,42294.8047
76.0,31.0,5.119281,1.081202,245.0,4023.2124
76.0,-31.0,5.119281,1.081202,245.0,4023.2124
76.0,10.0,-2.907556,3.696437,241.0,47024.7031
76.0,-10.0,-2.907556,3.696437,241.0,47024.7031
76.0,18.0,-3.900896,5.590197,297.0,107550.789
76.0,-18.0,-3.900896,5.590197,297.0,107550.789
76.0,24.0,4.504367,5.015549,304.0,86575.7891
76.0,-24.0,4.504367,5.015549,304.0,86575.7891
76.0,14.0,-3.440267,4.009967,264.0,55340.2422
76.0,-14.0,-3.440267,4.009967,264.0,55340.2422
76.0,20.0,-4.111906,6.285011,345.0,135947.578
76.0,-20.0,-4.111906,6.285011,345.0,135947.578
76.0,30.0,-5.036036,1.017313,251.0,3561.7959
76.0,-30.0,-5.036036,1.017313,251.0,3561.7959
76.0,7.0,2.432636,3.197565,101.0,35188.3008
76.0,-7.0,2.432636,3.197565,101.0,35188.3008
76.0,7.0,-2.432636,7.767663,207.0,207653.969
76.0,-7.0,-2.432636,7.767663,207.0,207653.969
77.0,15.0,-3.561015,6.86527,216.0,172389.953
77.0,-15.0,-3.561015,6.86527,216.0,172389.953
77.0,14.0,3.440267,2.566666,185.0,24095.4805
77.0,-14.0,3.440267,2.566666,185.0,24095.4805
77.0,15.0,3.561015,7.767822,53.0,220696.391
77.0,-15.0,3.561015,7.767822,53.0,220696.391
77.0,14.0,-3.440267,2.47123,80.0,22336.9141
77.0,-14.0,-3.440267,2.47123,80.0,22336.9141
77.0,28.0,4.865272,3.349159,132.0,41026.8672
77.0,-28.0,4.865272,3.349159,132.0,41026.8672
77.0,14.0,3.440267,2.707033,53.0,26803.0352
77.0,-14.0,3.440267,2.707033,53.0,26803.0352
77.0,16.0,3.6778,4.644189,116.0,78889.0078
77.0,-16.0,3.6778,4.644189,116.0,78889.0078
77.0,8.0,-2.600597,7.014112,250.0,179945.953
77.0,-8.0,-2.600597,7.014112,250.0,179945.953
77.0,20.0,-4.111906,3.352021,52.0,41097.0234
77.0,-20.0,-4.111906,3.352021,52.0,41097.0234
77.0,30.0,5.036036,4.604896,59.0,77559.7344
77.0,-30.0,5.036036,4.604896,59.0,77559.7344
77.0,19.0,4.00779,7.021381,0.0,180319.141
77.0,-19.0,4.00779,7.021381,0.0,180319.141
77.0,9.0,2.75835,1.3148,271.0,6322.8999
77.0,-9.0,2.75835,1.3148,271.0,6322.8999
77.0,24.0,-4.504367,4.78628,175.0,83790.1406
77.0,-24.0,-4.504367,4.78628,175.0,83790.1406
77.0,16.0,-3.6778,1.600259,205.0,9366.5
77.0,-16.0,-3.6778,1.600259,205.0,9366.5
77.0,9.0,2.75835,7.195838,359.0,189391.062
77.0,-9.0,2.75835,7.195838,359.0,189391.062
77.0,12.0,-3.185068,1.873788,134.0,12842.1533
77.0,-12.0,-3.185068,1.873788,134.0,12842.1533
77.0,11.0,-3.049471,7.631837,173.0,213036.969
77.0,-11.0,-3.049471,7.631837,173.0,213036.969
77.0,26.0,4.688294,3.979569,35.0,57925.3828
77.0,-26.0,4.688294,3.979569,35.0,57925.3828
78.0,10.0,-2.907556,2.20903,67.0,16594.4629
78.0,-10.0,-2.907556,2.20903,67.0,16594.4629
78.0,17.0,3.79099,5.331912,270.0,96677.625
78.0,-17.0,3.79099,5.331912,270.0,96677.625
78.0,15.0,3.561015,4.587714,26.0,71573.5938
78.0,-15.0,3.561015,4.587714,26.0,71573.5938
78.0,11.0,-3.049471,2.345159,237.0,18702.7207
78.0,-11.0,-3.049471,2.345159,237.0,18702.7207
78.0,14.0,3.440267,5.958153,233.0,120721.164
78.0,-14.0,3.440267,5.958153,233.0,120721.164
78.0,9.0,2.75835,7.16657,349.0,174655.703
78.0,-9.0,2.75835,7.16657,349.0,174655.703
78.0,11.0,3.049471,4.677249,316.0,74394.5469
78.0,-11.0,3.049471,4.677249,316.0,74394.5469
78.0,14.0,3.440267,6.001745,293.0,122494.117
78.0,-14.0,3.440267,6.001745,293.0,122494.117
78.0,23.0,-4.409528,6.243598,70.0,132565.344
78.0,-23.0,-4.409528,6.243598,70.0,132565.344
78.0,19.0,4.00779,4.445958,143.0,67218.8125
78.0,-19.0,4.00779,4.445958,143.0,67218.8125
78.0,30.0,-5.036036,5.917566,212.0,119082.055
78.0,-30.0,-5.036036,5.917566,212.0,119082.055
78.0,19.0,4.00779,7.573789,187.0,195068.203
78.0,-19.0,4.00779,7.573789,187.0,195068.203
78.0,28.0,4.865272,3.533955,103.0,42469.9883
78.0,-28.0,4.865272,3.533955,103.0,42469.9883
79.0,25.0,-4.59725,4.56552,68.0,78236.3984
79.0,-25.0,-4.59725,4.56552,68.0,78236.3984
79.0,20.0,-4.111906,4.461957,13.0,74727.25
79.0,-20.0,-4.111906,4.461957,13.0,74727.25
79.0,30.0,-5.036036,4.49362,246.0,75791.5781
79.0,-30.0,-5.036036,4.49362,246.0,75791.5781
79.0,7.0,2.432636,4.795481,138.0,86316.25
79.0,-7.0,2.432636,4.795481,138.0,86316.25
79.0,10.0,2.907556,5.842552,12.0,128124.883
79.0,-10.0,2.907556,5.842552,12.0,128124.883
79.0,12.0,-3.185068,2.692217,214.0,27204.9727
79.0,-12.0,-3.185068,2.692217,214.0,27204.9727
79.0,12.0,-3.185068,3.565421,198.0,47714.4453
79.0,-12.0,-3.185068,3.565421,198.0,47714.4453
79.0,10.0,2.907556,4.462576,351.0,74747.9844
79.0,-10.0,2.907556,4.462576,351.0,74747.9844
79.0,15.0,3.561015,6.76754,23.0,171905.547
79.0,-15.0,3.561015,6.76754,23.0,171905.547
79.0,10.0,-2.907556,5.534753,35.0,114980.664
79.0,-10.0,-2.907556,5.534753,35.0,114980.664
79.0,26.0,4.688294,4.333294,15.0,70479.7812
79.0,-26.0,4.688294,4.333294,15.0,70479.7812
79.0,30.0,5.036036,2.270925,199.0,19356.8184
79.0,-30.0,5.036036,2.270925,199.0,19356.8184
79.0,22.0,4.312603,2.783811,237.0,29087.5879
79.0,-22.0,4.312603,2.783811,237.0,29087.5879
79.0,30.0,5.036036,4.962444,182.0,92431.3828
79.0,-30.0,5.036036,4.962444,182.0,92431.3828
79.0,26.0,-4.688294,3.516556,21.0,46415.543
79.0,-26.0,-4.688294,3.516556,21.0,46415.543
79.0,30.0,-5.036036,5.680892,273.0,121132.664
79.0,-30.0,-5.036036,5.680892,273.0,121132.664
80.0,17.0,3.79099,6.154428,5.0,133784.672
80.0,-17.0,3.79099,6.154428,5.0,133784.672
80.0,21.0,4.213449,4.927486,72.0,85759.4219
80.0,-21.0,4.213449,4.927486,72.0,85759.4219
80.0,26.0,4.688294,7.098947,131.0,177999.484
80.0,-26.0,4.688294,7.098947,131.0,177999.484
80.0,28.0,-4.865272,4.326748,252.0,66123.2578
80.0,-28.0,-4.865272,4.326748,252.0,66123.2578
80.0,22.0,4.312603,6.166943,202.0,134329.281
80.0,-22.0,4.312603,6.166943,202.0,134329.281
80.0,11.0,-3.049471,1.458448,184.0,7512.99463
80.0,-11.0,-3.049471,1.458448,184.0,7512.99463
80.0,20.0,-4.111906,3.860142,310.0,52630.5039
80.0,-20.0,-4.111906,3.860142,310.0,52630.5039
80.0,24.0,-4.504367,5.604021,76.0,110925.25
80.0,-24.0,-4.504367,5.604021,76.0,110925.25
80.0,15.0,3.561015,5.203417,270.0,95633.1016
80.0,-15.0,3.561015,5.203417,270.0,95633.1016
80.0,20.0,4.111906,6.702392,12.0,158668.438
80.0,-20.0,4.111906,6.702392,12.0,158668.438
80.0,19.0,4.00779,4.840827,224.0,85953.6797
80.0,-19.0,4.00779,4.840827,224.0,85953.6797
80.0,22.0,4.312603,3.698059,202.0,48303.5039
80.0,-22.0,4.312603,3.698059,202.0,48303.5039
80.0,29.0,-4.95139,7.278421,72.0,187113.562
80.0,-29.0,-4.95139,7.278421,72.0,187113.562
80.0,18.0,3.900896,2.790181,99.0,27497.6602
80.0,-18.0,3.900896,2.790181,99.0,27497.6602
80.0,30.0,5.036036,7.669677,331.0,207771.062
80.0,-30.0,5.036036,7.669677,331.0,207771.062
80.0,27.0,4.777602,1.399682,61.0,6919.73926
80.0,-27.0,4.777602,1.399682,61.0,6919.73926
80.0,26.0,4.688294,4.435783,345.0,69497.8672
80.0,-26.0,4.688294,4.435783,345.0,69497.8672
81.0,22.0,-4.312603,6.793362,246.0,169275.797
81.0,-22.0,-4.312603,6.793362,246.0,169275.797
81.0,12.0,-3.185068,4.531137,354.0,75307.7812
81.0,-12.0,-3.185068,4.531137,354.0,75307.7812
81.0,25.0,-4.59725,6.739117,235.0,166583.25
81.0,-25.0,-4.59725,6.739117,235.0,166583.25
81.0,28.0,-4.865272,3.075773,289.0,34700.3672
81.0,-28.0,-4.865272,3.075773,289.0,34700.3672
81.0,12.0,-3.185068,6.743346,160.0,166792.391
81.0,-12.0,-3.185068,6.743346,160.0,166792.391
81.0,10.0,-2.907556,3.160225,96.0,36632.0586
81.0,-10.0,-2.907556,3.160225,96.0,36632.0586
81.0,24.0,4.504367,6.432946,4.0,151790.734
81.0,-24.0,4.504367,6.432946,4.0,151790.734
81.0,10.0,2.907556,2.403205,200.0,21183.9492
81.0,-10.0,2.907556,2.403205,200.0,21183.9492
81.0,28.0,4.865272,3.169874,4.0,36856.1055
81.0,-28.0,4.865272,3.169874,4.0,36856.1055
81.0,30.0,5.036036,7.850185,110.0,226039.922
81.0,-30.0,5.036036,7.850185,110.0,226039.922
81.0,7.0,-2.432636,5.575896,180.0,114039.328
81.0,-7.0,-2.432636,5.575896,180.0,114039.328
81.0,21.0,4.213449,5.065125,359.0,94103.4688
81.0,-21.0,4.213449,5.065125,359.0,94103.4688
81.0,11.0,3.049471,6.005755,151.0,132300.234
81.0,-11.0,3.049471,6.005755,151.0,132300.234
81.0,26.0,4.688294,7.148654,332.0,187445.047
81.0,-26.0,4.688294,7.148654,332.0,187445.047
81.0,25.0,-4.59725,1.680014,129.0,10352.6396
81.0,-25.0,-4.59725,1.680014,129.0,10352.6396
81.0,28.0,-4.865272,5.506168,304.0,111205.0
81.0,-28.0,-4.865272,5.506168,304.0,111205.0
81.0,28.0,-4.865272,2.176958,175.0,17383.0293
81.0,-28.0,-4.865272,2.176958,175.0,17383.0293
82.0,7.0,2.432636,5.324583,81.0,99647.0312
82.0,-7.0,2.432636,5.324583,81.0,99647.0312
82.0,12.0,3.185068,2.456951,163.0,21217.1055
82.0,-12.0,3.185068,2.456951,163.0,21217.1055
82.0,15.0,3.561015,1.599121,62.0,8987.84863
82.0,-15.0,3.561015,1.599121,62.0,8987.84863
82.0,11.0,-3.049471,7.603931,351.0,203221.453
82.0,-11.0,-3.049471,7.603931,351.0,203221.453
82.0,12.0,-3.185068,5.297411,206.0,98632.6172
82.0,-12.0,-3.185068,5.297411,206.0,98632.6172
82.0,16.0,-3.6778,1.636708,338.0,9415.33691
82.0,-16.0,-3.6778,1.636708,338.0,9415.33691
82.0,24.0,-4.504367,1.995093,354.0,13990.0537
82.0,-24.0,-4.504367,1.995093,354.0,13990.0537
82.0,21.0,4.213449,7.692443,176.0,207980.078
82.0,-21.0,4.213449,7.692443,176.0,207980.078
82.0,24.0,4.504367,7.823123,129.0,214210.234
82.0,-24.0,4.504367,7.823123,129.0,214210.234
82.0,16.0,-3.6778,6.775491,3.0,161352.141
82.0,-16.0,-3.6778,6.775491,3.0,161352.141
82.0,28.0,4.865272,1.52815,179.0,8207.76465
82.0,-28.0,4.865272,1.52815,179.0,8207.76465
82.0,24.0,-4.504367,2.551621,353.0,22883.6621
82.0,-24.0,-4.504367,2.551621,353.0,22883.6621
82.0,25.0,4.59725,1.296574,10.0,5908.64209
82.0,-25.0,4.59725,1.296574,10.0,5908.64209
82.0,21.0,-4.213449,4.913903,243.0,84868.4844
82.0,-21.0,-4.213449,4.913903,243.0,84868.4844
82.0,15.0,3.561015,5.027048,303.0,88821.7344
82.0,-15.0,3.561015,5.027048,303.0,88821.7344
83.0,14.0,3.440267,1.424601,275.0,7103.39893
83.0,-14.0,3.440267,1.424601,275.0,7103.39893
83.0,13.0,3.315124,1.268424,207.0,5631.30029
83.0,-13.0,3.315124,1.268424,207.0,5631.30029
83.0,25.0,4.59725,4.804502,196.0,80793.5156
83.0,-25.0,4.59725,4.804502,196.0,80793.5156
83.0,25.0,4.59725,7.471804,341.0,195402.766
83.0,-25.0,4.59725,7.471804,341.0,195402.766
83.0,7.0,-2.432636,4.421644,227.0,68430.1172
83.0,-7.0,-2.432636,4.421644,227.0,68430.1172
83.0,5.0,-2.055953,1.532005,40.0,8214.8584
83.0,-5.0,-2.055953,1.532005,40.0,8214.8584
83.0,26.0,-4.688294,3.23766,64.0,36689.5352
83.0,-26.0,-4.688294,3.23766,64.0,36689.5352
83.0,23.0,4.409528,7.479966,223.0,195829.922
83.0,-23.0,4.409528,7.479966,223.0,195829.922
83.0,28.0,-4.865272,3.822872,180.0,51151.6016
83.0,-28.0,-4.865272,3.822872,180.0,51151.6016
83.0,28.0,4.865272,5.363511,131.0,100688.109
83.0,-28.0,4.865272,5.363511,131.0,100688.109
83.0,10.0,-2.907556,1.423598,252.0,7093.39941
83.0,-10.0,-2.907556,1.423598,252.0,7093.39941
83.0,27.0,4.777602,7.533985,318.0,198668.594
83.0,-27.0,4.777602,7.533985,318.0,198668.594
83.0,10.0,2.907556,3.413179,147.0,40775.3828
83.0,-10.0,2.907556,3.413179,147.0,40775.3828
83.0,25.0,4.59725,7.724157,127.0,202890.812
83.0,-25.0,4.59725,7.724157,127.0,202890.812
84.0,10.0,2.907556,6.900279,356.0,170890.609
84.0,-10.0,2.907556,6.900279,356.0,170890.609
84.0,12.0,-3.185068,5.411179,91.0,102917.203
84.0,-12.0,-3.185068,5.411179,91.0,102917.203
84.0,14.0,3.440267,2.589169,169.0,23562.6855
84.0,-14.0,3.440267,2.589169,169.0,23562.6855
84.0,27.0,4.777602,7.047164,226.0,174555.25
84.0,-27.0,4.777602,7.047164,226.0,174555.25
84.0,10.0,-2.907556,4.742938,156.0,79067.6797
84.0,-10.0,-2.907556,4.742938,156.0,79067.6797
84.0,9.0,2.75835,5.682437,85.0,113494.109
84.0,-9.0,2.75835,5.682437,85.0,113494.109
84.0,22.0,-4.312603,4.523173,76.0,71910.2188
84.0,-22.0,-4.312603,4.523173,76.0,71910.2188
84.0,5.0,2.055953,1.982322,257.0,13811.874
84.0,-5.0,2.055953,1.982322,257.0,13811.874
84.0,21.0,-4.213449,7.580808,198.0,201992.422
84.0,-21.0,-4.213449,7.580808,198.0,201992.422
84.0,21.0,-4.213449,7.143781,249.0,179374.359
84.0,-21.0,-4.213449,7.143781,249.0,179374.359
84.0,8.0,2.600597,2.643843,314.0,24568.3105
84.0,-8.0,2.600597,2.643843,314.0,24568.3105
84.0,9.0,-2.75835,2.99558,120.0,31540.3047
84.0,-9.0,-2.75835,2.99558,120.0,31540.3047
84.0,5.0,-2.055953,1.882263,150.0,12452.7363
84.0,-5.0,-2.055953,1.882263,150.0,12452.7363
84.0,10.0,2.907556,2.696836,173.0,25563.0859
84.0,-10.0,2.907556,2.696836,173.0,25563.0859
84.0,19.0,4.00779,2.339807,285.0,19242.6191
84.0,-19.0,4.00779,2.339807,285.0,19242.6191
84.0,8.0,2.600597,6.422913,69.0,145000.047
84.0,-8.0,2.600597,6.422913,69.0,145000.047
84.0,21.0,4.213449,2.615422,5.0,24042.9531
84.0,-21.0,4.213449,2.615422,5.0,24042.9531
85.0,6.0,-2.252183,7.559553,191.0,205317.984
85.0,-6.0,-2.252183,7.559553,191.0,205317.984
85.0,25.0,4.59725,6.407143,73.0,147490.375
85.0,-25.0,4.59725,6.407143,73.0,147490.375
85.0,20.0,-4.111906,5.938827,71.0,126717.375
85.0,-20.0,-4.111906,5.938827,71.0,126717.375
85.0,10.0,2.907556,7.399668,339.0,196724.875
85.0,-10.0,2.907556,7.399668,339.0,196724.875
85.0,6.0,2.252183,3.988149,205.0,57144.9141
85.0,-6.0,2.252183,3.988149,205.0,57144.9141
85.0,5.0,-2.055953,7.113411,127.0,181798.641
85.0,-5.0,-2.055953,7.113411,127.0,181798.641
85.0,25.0,4.59725,7.71759,75.0,213992.359
85.0,-25.0,4.59725,7.71759,75.0,213992.359
85.0,12.0,-3.185068,5.231688,100.0,98337.3203
85.0,-12.0,-3.185068,5.231688,100.0,98337.3203
85.0,21.0,-4.213449,2.083281,335.0,15593.0273
85.0,-21.0,-4.213449,2.083281,335.0,15593.0273
85.0,7.0,2.432636,1.543482,62.0,8559.29492
85.0,-7.0,2.432636,1.543482,62.0,8559.29492
85.0,20.0,-4.111906,7.313427,179.0,192166.078
85.0,-20.0,-4.111906,7.313427,179.0,192166.078
85.0,22.0,4.312603,5.9912,64.0,128962.242
85.0,-22.0,4.312603,5.9912,64.0,128962.242
85.0,13.0,3.315124,7.224068,140.0,187498.766
85.0,-13.0,3.315124,7.224068,140.0,187498.766
85.0,15.0,3.561015,4.790612,277.0,82454.9766
85.0,-15.0,3.561015,4.790612,277.0,82454.9766
85.0,13.0,-3.315124,7.910776,308.0,224839.688
85.0,-13.0,-3.315124,7.910776,308.0,224839.688
85.0,9.0,-2.75835,4.849738,17.0,84502.8438
85.0,-9.0,-2.75835,4.849738,17.0,84502.8438
85.0,11.0,3.049471,2.109602,268.0,15989.5293
85.0,-11.0,3.049471,2.109602,268.0,15989.5293
86.0,9.0,2.75835,6.001191,19.0,127558.609
86.0,-9.0,2.75835,6.001191,19.0,127558.609
86.0,28.0,-4.865272,6.345952,316.0,142635.766
86.0,-28.0,-4.865272,6.345952,316.0,142635.766
86.0,18.0,-3.900896,7.026958,37.0,174891.875
86.0,-18.0,-3.900896,7.026958,37.0,174891.875
86.0,24.0,-4.504367,2.007266,226.0,14270.6836
86.0,-24.0,-4.504367,2.007266,226.0,14270.6836
86.0,25.0,4.59725,3.709815,145.0,48746.043
86.0,-25.0,4.59725,3.709815,145.0,48746.043
86.0,14.0,-3.440267,1.944903,335.0,13397.7178
86.0,-14.0,-3.440267,1.944903,335.0,13397.7178
86.0,19.0,-4.00779,2.871889,5.0,29212.5898
86.0,-19.0,-4.00779,2.871889,5.0,29212.5898
86.0,12.0,3.185068,1.18784,297.0,4997.47461
86.0,-12.0,3.185068,1.18784,297.0,4997.47461
86.0,14.0,-3.440267,5.534104,199.0,108474.984
86.0,-14.0,-3.440267,5.534104,199.0,108474.984
86.0,11.0,3.049471,3.682685,3.0,48035.6836
86.0,-11.0,3.049471,3.682685,3.0,48035.6836
86.0,5.0,2.055953,3.850205,271.0,52505.2422
86.0,-5.0,2.055953,3.850205,271.0,52505.2422
86.0,22.0,4.312603,5.491778,5.0,106822.039
86.0,-22.0,4.312603,5.491778,5.0,106822.039
86.0,24.0,4.504367,4.128965,267.0,60383.375
86.0,-24.0,4.504367,4.128965,267.0,60383.375
86.0,21.0,4.213449,2.488315,160.0,21930.3516
86.0,-21.0,4.213449,2.488315,160.0,21930.3516
86.0,28.0,-4.865272,5.52811,315.0,108240.094
86.0,-28.0,-4.865272,5.52811,315.0,108240.094
86.0,21.0,-4.213449,1.043219,279.0,3854.65503
86.0,-21.0,-4.213449,1.043219,279.0,3854.65503
87.0,19.0,-4.00779,7.619065,159.0,204058.391
87.0,-19.0,-4.00779,7.619065,159.0,204058.391
87.0,18.0,-3.900896,2.255706,295.0,17886.1211
87.0,-18.0,-3.900896,2.255706,295.0,17886.1211
87.0,17.0,-3.79099,3.029666,41.0,32265.6602
87.0,-17.0,-3.79099,3.029666,41.0,32265.6602
87.0,13.0,3.315124,4.047228,244.0,57579.3008
87.0,-13.0,3.315124,4.047228,244.0,57579.3008
87.0,13.0,-3.315124,2.133227,134.0,15996.5068
87.0,-13.0,-3.315124,2.133227,134.0,15996.5068
87.0,13.0,-3.315124,5.715632,246.0,114836.406
87.0,-13.0,-3.315124,5.715632,246.0,114836.406
87.0,6.0,-2.252183,2.892475,62.0,29409.6758
87.0,-6.0,-2.252183,2.892475,62.0,29409.6758
87.0,12.0,3.185068,6.843783,41.0,164643.109
87.0,-12.0,3.185068,6.843783,41.0,164643.109
87.0,12.0,3.185068,7.148968,0.0,179654.359
87.0,-12.0,3.185068,7.148968,0.0,179654.359
87.0,13.0,-3.315124,3.900535,277.0,53481.0
87.0,-13.0,-3.315124,3.900535,277.0,53481.0
87.0,23.0,-4.409528,4.480827,225.0,70577.6953
87.0,-23.0,-4.409528,4.480827,225.0,70577.6953
87.0,10.0,-2.907556,3.780673,18.0,50244.5859
87.0,-10.0,-2.907556,3.780673,18.0,50244.5859
87.0,5.0,2.055953,3.787794,197.0,50434.043
87.0,-5.0,2.055953,3.787794,197.0,50434.043
87.0,26.0,4.688294,3.264394,311.0,37459.0078
87.0,-26.0,4.688294,3.264394,311.0,37459.0078
87.0,19.0,4.00779,7.463978,332.0,195835.641
87.0,-19.0,4.00779,7.463978,332.0,195835.641
87.0,11.0,-3.049471,4.093085,119.0,58891.4961
87.0,-11.0,-3.049471,4.093085,119.0,58891.4961
88.0,7.0,-2.432636,1.835411,327.0,12099.1074
88.0,-7.0,-2.432636,1.835411,327.0,12099.1074
88.0,5.0,2.055953,2.945402,334.0,31158.4297
88.0,-5.0,2.055953,2.945402,334.0,31158.4297
88.0,16.0,3.6778,6.137033,113.0,135270.641
88.0,-16.0,3.6778,6.137033,113.0,135270.641
88.0,17.0,3.79099,6.762827,312.0,164264.266
88.0,-17.0,3.79099,6.762827,312.0,164264.266
88.0,19.0,-4.00779,4.98773,61.0,89349.5469
88.0,-19.0,-4.00779,4.98773,61.0,89349.5469
88.0,28.0,-4.865272,5.390516,159.0,104363.18
88.0,-28.0,-4.865272,5.390516,159.0,104363.18
88.0,8.0,2.600597,4.671543,336.0,78380.3438
88.0,-8.0,2.600597,4.671543,336.0,78380.3438
88.0,18.0,-3.900896,4.521336,261.0,73420.9531
88.0,-18.0,-3.900896,4.521336,261.0,73420.9531
88.0,26.0,-4.688294,5.531425,61.0,109890.625
88.0,-26.0,-4.688294,5.531425,61.0,109890.625
88.0,21.0,4.213449,5.852911,281.0,123035.516
88.0,-21.0,4.213449,5.852911,281.0,123035.516
88.0,8.0,-2.600597,1.937618,116.0,13484.1318
88.0,-8.0,-2.600597,1.937618,116.0,13484.1318
88.0,19.0,4.00779,2.306594,114.0,19108.5938
88.0,-19.0,4.00779,2.306594,114.0,19108.5938
88.0,13.0,3.315124,4.462544,235.0,71523.9766
88.0,-13.0,3.315124,4.462544,235.0,71523.9766
88.0,16.0,3.6778,6.542274,287.0,153724.844
88.0,-16.0,3.6778,6.542274,287.0,153724.844
88.0,15.0,-3.561015,7.393579,161.0,196334.234
88.0,-15.0,-3.561015,7.393579,161.0,196334.234
89.0,16.0,-3.6778,7.045948,121.0,176798.0
89.0,-16.0,-3.6778,7.045948,121.0,176798.0
89.0,24.0,4.504367,1.497591,48.0,7987.02783
89.0,-24.0,4.504367,1.497591,48.0,7987.02783
89.0,10.0,-2.907556,1.27524,39.0,5791.3833
89.0,-10.0,-2.907556,1.27524,39.0,5791.3833
89.0,23.0,4.409528,6.307378,31.0,141675.969
89.0,-23.0,4.409528,6.307378,31.0,141675.969
89.0,11.0,3.049471,1.604952,216.0,9173.23633
89.0,-11.0,3.049471,1.604952,216.0,9173.23633
89.0,26.0,4.688294,6.982018,212.0,173604.234
89.0,-26.0,4.688294,6.982018,212.0,173604.234
89.0,20.0,-4.111906,2.239982,296.0,17868.4707
89.0,-20.0,-4.111906,2.239982,296.0,17868.4707
89.0,14.0,-3.440267,7.279112,4.0,188692.797
89.0,-14.0,-3.440267,7.279112,4.0,188692.797
89.0,16.0,-3.6778,1.974103,234.0,13878.3545
89.0,-16.0,-3.6778,1.974103,234.0,13878.3545
89.0,6.0,-2.252183,4.900386,73.0,85518.3125
89.0,-6.0,-2.252183,4.900386,73.0,85518.3125
89.0,20.0,-4.111906,3.726314,117.0,49448.9805
89.0,-20.0,-4.111906,3.726314,117.0,49448.9805
89.0,10.0,-2.907556,1.122484,332.0,4487.03174
89.0,-10.0,-2.907556,1.122484,332.0,4487.03174
89.0,8.0,2.600597,7.182857,342.0,183735.406
89.0,-8.0,2.600597,7.182857,342.0,183735.406
89.0,16.0,3.6778,6.36383,195.0,144223.359
89.0,-16.0,3.6778,6.36383,195.0,144223.359
89.0,13.0,-3.315124,7.434076,197.0,196812.406
89.0,-13.0,-3.315124,7.434076,197.0,196812.406
89.0,12.0,3.185068,3.266963,135.0,38009.0391
89.0,-12.0,3.185068,3.266963,135.0,38009.0391
89.0,4.0,1.8389,2.384169,58.0,20242.8887
89.0,-4.0,1.8389,2.384169,58.0,20242.8887
90.0,26.0,-4.688294,3.501289,15.0,43059.1523
90.0,-26.0,-4.688294,3.501289,15.0,43059.1523
90.0,21.0,4.213449,1.677632,1.0,9885.60449
90.0,-21.0,4.213449,1.677632,1.0,9885.60449
90.0,27.0,-4.777602,7.988246,12.0,224136.438
90.0,-27.0,-4.777602,7.988246,12.0,224136.438
90.0,8.0,-2.600597,7.432025,258.0,194009.922
90.0,-8.0,-2.600597,7.432025,258.0,194009.922
90.0,23.0,-4.409528,3.643081,274.0,46617.3203
90.0,-23.0,-4.409528,3.643081,274.0,46617.3203
90.0,5.0,2.055953,3.878547,100.0,52838.168
90.0,-5.0,2.055953,3.878547,100.0,52838.168
90.0,13.0,3.315124,5.187991,356.0,94538.3594
90.0,-13.0,3.315124,5.187991,356.0,94538.3594
90.0,14.0,-3.440267,4.544527,142.0,72541.5781
90.0,-14.0,-3.440267,4.544527,142.0,72541.5781
90.0,15.0,-3.561015,4.331854,232.0,65910.8984
90.0,-15.0,-3.561015,4.331854,232.0,65910.8984
90.0,12.0,3.185068,2.753214,34.0,26625.0039
90.0,-12.0,3.185068,2.753214,34.0,26625.0039
90.0,19.0,-4.00779,3.586616,253.0,45183.457
90.0,-19.0,-4.00779,3.586616,253.0,45183.457
90.0,8.0,2.600597,1.289272,179.0,5838.46826
90.0,-8.0,2.600597,1.289272,179.0,5838.46826
90.0,20.0,-4.111906,2.325958,84.0,19002.6211
90.0,-20.0,-4.111906,2.325958,84.0,19002.6211
90.0,8.0,2.600597,4.277166,199.0,64257.2148
90.0,-8.0,2.600597,4.277166,199.0,64257.2148
90.0,20.0,4.111906,3.034741,256.0,32348.4141
90.0,-20.0,4.111906,3.034741,256.0,32348.4141
90.0,15.0,-3.561015,4.27868,21.0,64302.7031
90.0,-15.0,-3.561015,4.27868,21.0,64302.7031
90.0,12.0,-3.185068,6.237833,40.0,136671.266
90.0,-12.0,-3.185068,6.237833,40.0,136671.266
91.0,17.0,-3.79099,5.839065,333.0,122967.188
91.0,-17.0,-3.79099,5.839065,333.0,122967.188
91.0,18.0,3.900896,5.172315,339.0,96487.8359
91.0,-18.0,3.900896,5.172315,339.0,96487.8359
91.0,20.0,-4.111906,1.775335,356.0,11367.4541
91.0,-20.0,-4.111906,1.775335,356.0,11367.4541
91.0,5.0,2.055953,5.152325,332.0,95743.4531
91.0,-5.0,2.055953,5.152325,332.0,95743.4531
91.0,23.0,-4.409528,3.756971,234.0,50907.0898
91.0,-23.0,-4.409528,3.756971,234.0,50907.0898
91.0,5.0,-2.055953,3.501476,352.0,44218.5938
91.0,-5.0,-2.055953,3.501476,352.0,44218.5938
91.0,12.0,3.185068,4.44344,143.0,71210.0469
91.0,-12.0,3.185068,4.44344,143.0,71210.0469
91.0,25.0,-4.59725,5.2819,16.0,100619.711
91.0,-25.0,-4.59725,5.2819,16.0,100619.711
91.0,7.0,2.432636,2.529935,215.0,23084.5469
91.0,-7.0,2.432636,2.529935,215.0,23084.5469
91.0,5.0,-2.055953,6.125302,207.0,135318.688
91.0,-5.0,-2.055953,6.125302,207.0,135318.688
91.0,23.0,-4.409528,7.258056,135.0,189995.469
91.0,-23.0,-4.409528,7.258056,135.0,189995.469
91.0,21.0,-4.213449,6.130095,348.0,135530.516
91.0,-21.0,-4.213449,6.130095,348.0,135530.516
91.0,11.0,3.049471,2.907447,87.0,30487.8105
91.0,-11.0,3.049471,2.907447,87.0,30487.8105
91.0,7.0,2.432636,5.076355,3.0,92940.8438
91.0,-7.0,2.432636,5.076355,3.0,92940.8438
92.0,26.0,-4.688294,7.516566,124.0,184941.859
92.0,-26.0,-4.688294,7.516566,124.0,184941.859
92.0,21.0,-4.213449,3.303611,208.0,35725.1445
92.0,-21.0,-4.213449,3.303611,208.0,35725.1445
92.0,8.0,2.600597,1.79781,59.0,10579.959
92.0,-8.0,2.600597,1.79781,59.0,10579.959
92.0,10.0,-2.907556,3.340371,166.0,36524.6055
92.0,-10.0,-2.907556,3.340371,166.0,36524.6055
92.0,18.0,-3.900896,5.77974,357.0,109348.516
92.0,-18.0,-3.900896,5.77974,357.0,109348.516
92.0,24.0,-4.504367,4.823409,311.0,76156.0391
92.0,-24.0,-4.504367,4.823409,311.0,76156.0391
92.0,24.0,4.504367,3.121017,186.0,31885.1426
92.0,-24.0,4.504367,3.121017,186.0,31885.1426
92.0,9.0,-2.75835,4.942616,141.0,79966.8359
92.0,-9.0,-2.75835,4.942616,141.0,79966.8359
92.0,7.0,2.432636,1.483571,137.0,7204.64795
92.0,-7.0,2.432636,1.483571,137.0,7204.64795
92.0,19.0,4.00779,3.740807,62.0,45806.4727
92.0,-19.0,4.00779,3.740807,62.0,45806.4727
92.0,22.0,-4.312603,5.770405,148.0,108995.555
92.0,-22.0,-4.312603,5.770405,148.0,108995.555
92.0,10.0,2.907556,3.98268,1.0,51921.4805
92.0,-10.0,2.907556,3.98268,1.0,51921.4805
92.0,12.0,3.185068,5.546678,233.0,100707.555
92.0,-12.0,3.185068,5.546678,233.0,100707.555
92.0,24.0,-4.504367,5.028914,105.0,82783.6641
92.0,-24.0,-4.504367,5.028914,105.0,82783.6641
93.0,11.0,-3.049471,3.251151,239.0,34785.6289
93.0,-11.0,-3.049471,3.251151,239.0,34785.6289
93.0,16.0,-3.6778,3.196596,357.0,33627.9883
93.0,-16.0,-3.6778,3.196596,357.0,33627.9883
93.0,9.0,2.75835,7.895558,19.0,205159.281
93.0,-9.0,2.75835,7.895558,19.0,205159.281
93.0,9.0,-2.75835,1.238697,297.0,5049.58447
93.0,-9.0,-2.75835,1.238697,297.0,5049.58447
93.0,13.0,-3.315124,4.657619,330.0,71392.6172
93.0,-13.0,-3.315124,4.657619,330.0,71392.6172
93.0,26.0,4.688294,7.561986,101.0,188190.297
93.0,-26.0,4.688294,7.561986,101.0,188190.297
93.0,11.0,-3.049471,4.674253,20.0,71903.4844
93.0,-11.0,-3.049471,4.674253,20.0,71903.4844
93.0,25.0,4.59725,1.808418,68.0,10762.7471
93.0,-25.0,4.59725,1.808418,68.0,10762.7471
93.0,20.0,4.111906,1.030787,297.0,3496.73853
93.0,-20.0,4.111906,1.030787,297.0,3496.73853
93.0,21.0,-4.213449,3.513292,142.0,40621.3125
93.0,-21.0,-4.213449,3.513292,142.0,40621.3125
93.0,6.0,2.252183,2.177243,4.0,15600.5312
93.0,-6.0,2.252183,2.177243,4.0,15600.5312
93.0,19.0,-4.00779,4.114147,22.0,55703.8281
93.0,-19.0,-4.00779,4.114147,22.0,55703.8281
93.0,5.0,-2.055953,7.445717,179.0,182447.75
93.0,-5.0,-2.055953,7.445717,179.0,182447.75
93.0,10.0,2.907556,3.914748,155.0,50435.1211
93.0,-10.0,2.907556,3.914748,155.0,50435.1211
94.0,7.0,-2.432636,4.689237,196.0,73772.4375
94.0,-7.0,-2.432636,4.689237,196.0,73772.4375
94.0,8.0,-2.600597,1.950943,138.0,12769.6523
94.0,-8.0,-2.600597,1.950943,138.0,12769.6523
94.0,8.0,2.600597,3.881398,171.0,50543.6016
94.0,-8.0,2.600597,3.881398,171.0,50543.6016
94.0,8.0,2.600597,2.279981,266.0,17440.2344
94.0,-8.0,2.600597,2.279981,266.0,17440.2344
94.0,14.0,3.440267,2.260117,198.0,17137.6719
94.0,-14.0,3.440267,2.260117,198.0,17137.6719
94.0,8.0,-2.600597,5.131516,20.0,88344.8828
94.0,-8.0,-2.600597,5.131516,20.0,88344.8828
94.0,4.0,-1.8389,5.477472,118.0,100658.453
94.0,-4.0,-1.8389,5.477472,118.0,100658.453
94.0,18.0,-3.900896,2.26724,68.0,17245.8652
94.0,-18.0,-3.900896,2.26724,68.0,17245.8652
94.0,14.0,-3.440267,1.622681,26.0,8833.97656
94.0,-14.0,-3.440267,1.622681,26.0,8833.97656
94.0,4.0,1.8389,1.203364,64.0,4858.29688
94.0,-4.0,1.8389,1.203364,64.0,4858.29688
94.0,10.0,2.907556,1.407965,318.0,6650.79541
94.0,-10.0,2.907556,1.407965,318.0,6650.79541
94.0,8.0,-2.600597,5.083688,259.0,86705.7266
94.0,-8.0,-2.600597,5.083688,259.0,86705.7266
94.0,10.0,-2.907556,2.941765,277.0,29033.9336
94.0,-10.0,-2.907556,2.941765,277.0,29033.9336
94.0,10.0,-2.907556,2.658968,64.0,23720.084
94.0,-10.0,-2.907556,2.658968,64.0,23720.084
94.0,11.0,3.049471,7.023152,143.0,165483.234
94.0,-11.0,3.049471,7.023152,143.0,165483.234
95.0,11.0,3.049471,5.937812,162.0,118729.523
95.0,-11.0,3.049471,5.937812,162.0,118729.523
95.0,23.0,-4.409528,5.738473,229.0,110891.578
95.0,-23.0,-4.409528,5.738473,229.0,110891.578
95.0,11.0,3.049471,7.075359,31.0,168578.781
95.0,-11.0,3.049471,7.075359,31.0,168578.781
95.0,13.0,-3.315124,5.894266,218.0,116994.469
95.0,-13.0,-3.315124,5.894266,218.0,116994.469
95.0,16.0,-3.6778,4.632596,162.0,72269.4688
95.0,-16.0,-3.6778,4.632596,162.0,72269.4688
95.0,24.0,4.504367,2.18329,149.0,16051.9814
95.0,-24.0,4.504367,2.18329,149.0,16051.9814
95.0,20.0,-4.111906,5.807159,58.0,113562.094
95.0,-20.0,-4.111906,5.807159,58.0,113562.094
95.0,8.0,2.600597,5.57755,257.0,104759.352
95.0,-8.0,2.600597,5.57755,257.0,104759.352
95.0,10.0,-2.907556,5.992481,131.0,120925.852
95.0,-10.0,-2.907556,5.992481,131.0,120925.852
95.0,16.0,-3.6778,7.638987,42.0,196506.734
95.0,-16.0,-3.6778,7.638987,42.0,196506.734
95.0,5.0,2.055953,1.5902,244.0,8515.48828
95.0,-5.0,2.055953,1.5902,244.0,8515.48828
95.0,19.0,-4.00779,1.512558,73.0,7704.24707
95.0,-19.0,-4.00779,1.512558,73.0,7704.24707
95.0,21.0,-4.213449,2.918021,23.0,28673.6367
95.0,-21.0,-4.213449,2.918021,23.0,28673.6367
95.0,18.0,3.900896,7.952632,198.0,212974.547
95.0,-18.0,3.900896,7.952632,198.0,212974.547
95.0,11.0,-3.049471,7.123156,272.0,170864.062
95.0,-11.0,-3.049471,7.123156,272.0,170864.062
96.0,25.0,4.59725,5.831991,209.0,118552.609
96.0,-25.0,4.59725,5.831991,209.0,118552.609
96.0,17.0,-3.79099,2.726949,55.0,25919.7812
96.0,-17.0,-3.79099,2.726949,55.0,25919.7812
96.0,21.0,4.213449,7.534238,257.0,197859.141
96.0,-21.0,4.213449,7.534238,257.0,197859.141
96.0,15.0,-3.561015,2.169853,303.0,16411.1152
96.0,-15.0,-3.561015,2.169853,303.0,16411.1152
96.0,23.0,-4.409528,5.958541,159.0,123753.445
96.0,-23.0,-4.409528,5.958541,159.0,123753.445
96.0,13.0,-3.315124,1.875008,253.0,12254.167
96.0,-13.0,-3.315124,1.875008,253.0,12254.167
96.0,22.0,4.312603,4.229942,216.0,62365.7734
96.0,-22.0,4.312603,4.229942,216.0,62365.7734
96.0,23.0,-4.409528,6.320881,308.0,139262.0
96.0,-23.0,-4.409528,6.320881,308.0,139262.0
96.0,12.0,3.185068,5.313103,12.0,98395.1875
96.0,-12.0,3.185068,5.313103,12.0,98395.1875
96.0,18.0,3.900896,7.391156,100.0,190415.422
96.0,-18.0,3.900896,7.391156,100.0,190415.422
96.0,7.0,2.432636,7.336577,223.0,187613.625
96.0,-7.0,2.432636,7.336577,223.0,187613.625
96.0,20.0,4.111906,5.705638,149.0,113471.258
96.0,-20.0,4.111906,5.705638,149.0,113471.258
96.0,20.0,-4.111906,2.174066,53.0,16474.8965
96.0,-20.0,-4.111906,2.174066,53.0,16474.8965
96.0,10.0,-2.907556,1.4631,138.0,7461.48486
96.0,-10.0,-2.907556,1.4631,138.0,7461.48486
96.0,8.0,2.600597,3.855504,317.0,51813.1172
96.0,-8.0,2.600597,3.855504,317.0,51813.1172
96.0,8.0,2.600597,4.06171,222.0,57503.6328
96.0,-8.0,2.600597,4.06171,222.0,57503.6328
97.0,25.0,-4.59725,2.541057,329.0,21074.7598
97.0,-25.0,-4.59725,2.541057,329.0,21074.7598
97.0,17.0,3.79099,6.067821,269.0,120170.961
97.0,-17.0,3.79099,6.067821,269.0,120170.961
97.0,23.0,-4.409528,3.839952,179.0,48126.6289
97.0,-23.0,-4.409528,3.839952,179.0,48126.6289
97.0,7.0,2.432636,5.862129,187.0,112161.742
97.0,-7.0,2.432636,5.862129,187.0,112161.742
97.0,12.0,-3.185068,4.890333,123.0,78056.8125
97.0,-12.0,-3.185068,4.890333,123.0,78056.8125
97.0,9.0,2.75835,1.978989,259.0,12782.6504
97.0,-9.0,2.75835,1.978989,259.0,12782.6504
97.0,19.0,-4.00779,7.781267,352.0,197621.688
97.0,-19.0,-4.00779,7.781267,352.0,197621.688
97.0,11.0,3.049471,1.556975,125.0,7912.2041
97.0,-11.0,3.049471,1.556975,125.0,7912.2041
97.0,15.0,3.561015,6.757353,56.0,149034.625
97.0,-15.0,3.561015,6.757353,56.0,149034.625
97.0,6.0,2.252183,1.871328,104.0,11429.6777
97.0,-6.0,2.252183,1.871328,104.0,11429.6777
97.0,6.0,2.252183,4.688718,58.0,71753.3438
97.0,-6.0,2.252183,4.688718,58.0,71753.3438
97.0,25.0,4.59725,1.408235,214.0,6472.68457
97.0,-25.0,4.59725,1.408235,214.0,6472.68457
97.0,14.0,-3.440267,2.215704,144.0,16023.499
97.0,-14.0,-3.440267,2.215704,144.0,16023.499
97.0,13.0,-3.315124,7.803056,312.0,198730.016
97.0,-13.0,-3.315124,7.803056,312.0,198730.016
98.0,19.0,4.00779,6.815155,355.0,160338.703
98.0,-19.0,4.00779,6.815155,355.0,160338.703
98.0,11.0,-3.049471,1.157879,127.0,4628.21338
98.0,-11.0,-3.049471,1.157879,127.0,4628.21338
98.0,16.0,3.6778,2.551282,292.0,22470.043
98.0,-16.0,3.6778,2.551282,292.0,22470.043
98.0,9.0,-2.75835,1.67477,344.0,9682.71777
98.0,-9.0,-2.75835,1.67477,344.0,9682.71777
98.0,21.0,-4.213449,3.383865,269.0,39528.7305
98.0,-21.0,-4.213449,3.383865,269.0,39528.7305
98.0,18.0,3.900896,6.412692,5.0,141960.547
98.0,-18.0,3.900896,6.412692,5.0,141960.547
98.0,16.0,-3.6778,3.834973,177.0,50770.5117
98.0,-16.0,-3.6778,3.834973,177.0,50770.5117
98.0,5.0,-2.055953,2.316586,118.0,18526.082
98.0,-5.0,-2.055953,2.316586,118.0,18526.082
98.0,24.0,-4.504367,1.960109,323.0,13263.168
98.0,-24.0,-4.504367,1.960109,323.0,13263.168
98.0,19.0,-4.00779,3.478895,325.0,41780.1133
98.0,-19.0,-4.00779,3.478895,325.0,41780.1133
98.0,6.0,2.252183,3.130092,118.0,33822.1484
98.0,-6.0,2.252183,3.130092,118.0,33822.1484
98.0,4.0,-1.8389,3.561559,105.0,43789.2148
98.0,-4.0,-1.8389,3.561559,105.0,43789.2148
98.0,6.0,2.252183,3.970655,176.0,54426.6133
98.0,-6.0,2.252183,3.970655,176.0,54426.6133
98.0,4.0,-1.8389,4.809422,39.0,79849.5703
98.0,-4.0,-1.8389,4.809422,39.0,79849.5703
98.0,16.0,-3.6778,5.71068,197.0,112580.336
98.0,-16.0,-3.6778,5.71068,197.0,112580.336
99.0,14.0,-3.440267,1.682427,25.0,9130.96875
99.0,-14.0,-3.440267,1.682427,25.0,9130.96875
99.0,8.0,2.600597,1.625008,85.0,8518.34277
99.0,-8.0,2.600597,1.625008,85.0,8518.34277
99.0,22.0,-4.312603,5.513311,150.0,98054.8984
99.0,-22.0,-4.312603,5.513311,150.0,98054.8984
99.0,7.0,2.432636,7.071566,129.0,161315.25
99.0,-7.0,2.432636,7.071566,129.0,161315.25
99.0,7.0,2.432636,3.602039,183.0,41854.3984
99.0,-7.0,2.432636,3.602039,183.0,41854.3984
99.0,6.0,2.252183,7.801786,320.0,196350.688
99.0,-6.0,2.252183,7.801786,320.0,196350.688
99.0,8.0,2.600597,5.672158,321.0,103786.516
99.0,-8.0,2.600597,5.672158,321.0,103786.516
99.0,12.0,3.185068,1.398694,271.0,6310.87695
99.0,-12.0,3.185068,1.398694,271.0,6310.87695
99.0,24.0,-4.504367,4.154507,50.0,55677.9531
99.0,-24.0,-4.504367,4.154507,50.0,55677.9531
99.0,18.0,-3.900896,4.488401,88.0,64987.168
99.0,-18.0,-3.900896,4.488401,88.0,64987.168
99.0,6.0,-2.252183,3.417779,303.0,37681.8516
99.0,-6.0,-2.252183,3.417779,303.0,37681.8516
99.0,7.0,2.432636,1.58359,24.0,8089.64893
99.0,-7.0,2.432636,1.58359,24.0,8089.64893
99.0,8.0,2.600597,3.777797,100.0,46038.543
99.0,-8.0,2.600597,3.777797,100.0,46038.543
100.0,4.0,-1.8389,7.990143,214.0,224864.469
100.0,-4.0,-1.8389,7.990143,214.0,224864.469
100.0,12.0,-3.185068,5.233336,354.0,96464.8281
100.0,-12.0,-3.185068,5.233336,354.0,96464.8281
100.0,15.0,3.561015,5.385389,2.0,102151.781
100.0,-15.0,3.561015,5.385389,2.0,102151.781
100.0,22.0,4.312603,5.214601,125.0,95775.3594
100.0,-22.0,4.312603,5.214601,125.0,95775.3594
100.0,7.0,2.432636,4.175351,303.0,61404.1523
100.0,-7.0,2.432636,4.175351,303.0,61404.1523
100.0,19.0,-4.00779,5.136026,336.0,92910.7891
100.0,-19.0,-4.00779,5.136026,336.0,92910.7891
100.0,20.0,4.111906,2.697551,124.0,25630.1367
100.0,-20.0,4.111906,2.697551,124.0,25630.1367
100.0,6.0,-2.252183,6.749115,234.0,160437.312
100.0,-6.0,-2.252183,6.749115,234.0,160437.312
100.0,14.0,3.440267,1.618325,11.0,9224.51074
100.0,-14.0,3.440267,1.618325,11.0,9224.51074
100.0,22.0,4.312603,3.253428,226.0,37281.5625
100.0,-22.0,4.312603,3.253428,226.0,37281.5625
100.0,10.0,2.907556,3.339686,130.0,39284.6719
100.0,-10.0,2.907556,3.339686,130.0,39284.6719
100.0,20.0,4.111906,2.883863,320.0,29292.8145
100.0,-20.0,4.111906,2.883863,320.0,29292.8145
100.0,17.0,-3.79099,2.107075,307.0,15637.6553
100.0,-17.0,-3.79099,2.107075,307.0,15637.6553
101.0,19.0,4.00779,4.705649,23.0,75533.4922
101.0,-19.0,4.00779,4.705649,23.0,75533.4922
101.0,6.0,-2.252183,2.539266,41.0,21994.6406
101.0,-6.0,-2.252183,2.539266,41.0,21994.6406
101.0,6.0,2.252183,7.925128,225.0,214246.188
101.0,-6.0,2.252183,7.925128,225.0,214246.188
101.0,4.0,1.8389,6.44293,184.0,141601.344
101.0,-4.0,1.8389,6.44293,184.0,141601.344
101.0,9.0,-2.75835,3.097071,290.0,32719.2012
101.0,-9.0,-2.75835,3.097071,290.0,32719.2012
101.0,7.0,-2.432636,4.343826,351.0,64364.3477
101.0,-7.0,-2.432636,4.343826,351.0,64364.3477
101.0,11.0,-3.049471,4.655254,341.0,73924.3047
101.0,-11.0,-3.049471,4.655254,341.0,73924.3047
101.0,9.0,2.75835,1.399333,197.0,6679.48193
101.0,-9.0,2.75835,1.399333,197.0,6679.48193
101.0,8.0,2.600597,5.149531,130.0,90455.6719
101.0,-8.0,2.600597,5.149531,130.0,90455.6719
101.0,15.0,-3.561015,4.750976,316.0,76995.6406
101.0,-15.0,-3.561015,4.750976,316.0,76995.6406
101.0,15.0,3.561015,4.972317,338.0,84336.9922
101.0,-15.0,3.561015,4.972317,338.0,84336.9922
101.0,20.0,-4.111906,7.359262,165.0,184743.469
101.0,-20.0,-4.111906,7.359262,165.0,184743.469
101.0,6.0,2.252183,6.325498,100.0,136486.562
101.0,-6.0,2.252183,6.325498,100.0,136486.562
102.0,7.0,-2.432636,7.644756,133.0,191848.297
102.0,-7.0,-2.432636,7.644756,133.0,191848.297
102.0,21.0,4.213449,2.653516,161.0,23113.9414
102.0,-21.0,4.213449,2.653516,161.0,23113.9414
102.0,11.0,3.049471,2.385849,134.0,18686.0176
102.0,-11.0,3.049471,2.385849,134.0,18686.0176
102.0,10.0,-2.907556,2.960856,348.0,28778.3047
102.0,-10.0,-2.907556,2.960856,348.0,28778.3047
102.0,17.0,-3.79099,7.528676,253.0,186066.391
102.0,-17.0,-3.79099,7.528676,253.0,186066.391
102.0,7.0,-2.432636,3.579715,210.0,42065.6562
102.0,-7.0,-2.432636,3.579715,210.0,42065.6562
102.0,17.0,3.79099,4.726896,100.0,73347.0781
102.0,-17.0,3.79099,4.726896,100.0,73347.0781
102.0,19.0,4.00779,4.326963,33.0,61460.6523
102.0,-19.0,4.00779,4.326963,33.0,61460.6523
102.0,20.0,4.111906,2.677969,81.0,23541.9102
102.0,-20.0,4.111906,2.677969,81.0,23541.9102
102.0,23.0,-4.409528,2.637749,306.0,22840.0879
102.0,-23.0,-4.409528,2.637749,306.0,22840.0879
102.0,13.0,-3.315124,3.985848,314.0,52152.1328
102.0,-13.0,-3.315124,3.985848,314.0,52152.1328
102.0,9.0,-2.75835,1.665638,332.0,9107.34375
102.0,-9.0,-2.75835,1.665638,332.0,9107.34375
102.0,4.0,-1.8389,2.048928,217.0,13781.0996
102.0,-4.0,-1.8389,2.048928,217.0,13781.0996
103.0,23.0,-4.409528,1.261513,32.0,5492.29053
103.0,-23.0,-4.409528,1.261513,32.0,5492.29053
103.0,10.0,2.907556,3.044481,290.0,31988.6992
103.0,-10.0,2.907556,3.044481,290.0,31988.6992
103.0,5.0,-2.055953,6.260509,15.0,135266.234
103.0,-5.0,-2.055953,6.260509,15.0,135266.234
103.0,21.0,4.213449,2.670409,230.0,24610.7871
103.0,-21.0,4.213449,2.670409,230.0,24610.7871
103.0,8.0,-2.600597,1.293158,180.0,5771.29004
103.0,-8.0,-2.600597,1.293158,180.0,5771.29004
103.0,5.0,2.055953,4.271605,17.0,62972.6953
103.0,-5.0,2.055953,4.271605,17.0,62972.6953
103.0,21.0,-4.213449,7.696671,4.0,204444.672
103.0,-21.0,-4.213449,7.696671,4.0,204444.672
103.0,18.0,-3.900896,5.171535,187.0,92301.5625
103.0,-18.0,-3.900896,5.171535,187.0,92301.5625
103.0,14.0,-3.440267,6.602206,186.0,150434.75
103.0,-14.0,-3.440267,6.602206,186.0,150434.75
103.0,7.0,2.432636,7.018638,104.0,170010.453
103.0,-7.0,2.432636,7.018638,104.0,170010.453
103.0,18.0,-3.900896,6.801243,18.0,159641.797
103.0,-18.0,-3.900896,6.801243,18.0,159641.797
103.0,21.0,4.213449,4.391101,320.0,66545.2188
103.0,-21.0,4.213449,4.391101,320.0,66545.2188
104.0,16.0,-3.6778,3.733577,4.0,43161.3281
104.0,-16.0,-3.6778,3.733577,4.0,43161.3281
104.0,19.0,4.00779,2.295442,11.0,16314.625
104.0,-19.0,4.00779,2.295442,11.0,16314.625
104.0,13.0,-3.315124,7.65556,162.0,181467.297
104.0,-13.0,-3.315124,7.65556,162.0,181467.297
104.0,5.0,-2.055953,3.849608,100.0,45885.7188
104.0,-5.0,-2.055953,3.849608,100.0,45885.7188
104.0,11.0,-3.049471,4.812152,323.0,71700.6641
104.0,-11.0,-3.049471,4.812152,323.0,71700.6641
104.0,7.0,-2.432636,4.73226,319.0,69339.6562
104.0,-7.0,-2.432636,4.73226,319.0,69339.6562
104.0,12.0,3.185068,1.956911,196.0,11857.3242
104.0,-12.0,3.185068,1.956911,196.0,11857.3242
104.0,22.0,-4.312603,1.110864,229.0,3820.90332
104.0,-22.0,-4.312603,1.110864,229.0,3820.90332
104.0,12.0,3.185068,2.103685,217.0,13702.6953
104.0,-12.0,3.185068,2.103685,217.0,13702.6953
104.0,4.0,-1.8389,3.503996,10.0,38016.4648
104.0,-4.0,-1.8389,3.503996,10.0,38016.4648
104.0,18.0,3.900896,3.249486,70.0,32694.4336
104.0,-18.0,3.900896,3.249486,70.0,32694.4336
105.0,5.0,2.055953,1.609074,183.0,8674.08691
105.0,-5.0,2.055953,1.609074,183.0,8674.08691
105.0,4.0,-1.8389,4.328327,229.0,62764.1602
105.0,-4.0,-1.8389,4.328327,229.0,62764.1602
105.0,5.0,-2.055953,7.530026,221.0,189961.047
105.0,-5.0,-2.055953,7.530026,221.0,189961.047
105.0,18.0,3.900896,5.050593,200.0,85458.7188
105.0,-18.0,3.900896,5.050593,200.0,85458.7188
105.0,11.0,-3.049471,7.327638,69.0,179886.906
105.0,-11.0,-3.049471,7.327638,69.0,179886.906
105.0,19.0,-4.00779,7.670173,256.0,197097.828
105.0,-19.0,-4.00779,7.670173,256.0,197097.828
105.0,17.0,-3.79099,3.729767,241.0,46605.2617
105.0,-17.0,-3.79099,3.729767,241.0,46605.2617
105.0,10.0,2.907556,4.363152,176.0,63778.2148
105.0,-10.0,2.907556,4.363152,176.0,63778.2148
105.0,13.0,3.315124,5.617546,268.0,105721.852
105.0,-13.0,3.315124,5.617546,268.0,105721.852
105.0,16.0,3.6778,7.730488,42.0,200209.828
105.0,-16.0,3.6778,7.730488,42.0,200209.828
105.0,22.0,-4.312603,7.961466,94.0,212352.625
105.0,-22.0,-4.312603,7.961466,94.0,212352.625
106.0,14.0,-3.440267,4.671364,185.0,70376.0703
106.0,-14.0,-3.440267,4.671364,185.0,70376.0703
106.0,12.0,3.185068,6.160632,320.0,122401.922
106.0,-12.0,3.185068,6.160632,320.0,122401.922
106.0,9.0,-2.75835,6.379736,240.0,131263.234
106.0,-9.0,-2.75835,6.379736,240.0,131263.234
106.0,16.0,3.6778,1.384441,332.0,6181.39941
106.0,-16.0,3.6778,1.384441,332.0,6181.39941
106.0,10.0,-2.907556,1.634137,147.0,8612.20605
106.0,-10.0,-2.907556,1.634137,147.0,8612.20605
106.0,22.0,4.312603,7.05841,123.0,160676.141
106.0,-22.0,4.312603,7.05841,123.0,160676.141
106.0,18.0,-3.900896,5.824997,165.0,109428.156
106.0,-18.0,-3.900896,5.824997,165.0,109428.156
106.0,4.0,1.8389,5.687619,202.0,104327.477
106.0,-4.0,1.8389,5.687619,202.0,104327.477
106.0,19.0,4.00779,4.956277,17.0,79222.5391
106.0,-19.0,4.00779,4.956277,17.0,79222.5391
106.0,11.0,3.049471,7.112199,307.0,163134.375
106.0,-11.0,3.049471,7.112199,307.0,163134.375
106.0,12.0,3.185068,6.249653,319.0,125964.875
106.0,-12.0,3.185068,6.249653,319.0,125964.875
106.0,22.0,-4.312603,3.937889,332.0,50010.8984
106.0,-22.0,-4.312603,3.937889,332.0,50010.8984
106.0,14.0,3.440267,3.981544,101.0,51125.8555
106.0,-14.0,3.440267,3.981544,101.0,51125.8555
107.0,9.0,2.75835,2.568447,173.0,23554.7988
107.0,-9.0,2.75835,2.568447,173.0,23554.7988
107.0,22.0,-4.312603,7.601309,242.0,206307.484
107.0,-22.0,-4.312603,7.601309,242.0,206307.484
107.0,10.0,2.907556,6.153057,348.0,135182.375
107.0,-10.0,2.907556,6.153057,348.0,135182.375
107.0,9.0,-2.75835,3.364301,169.0,40413.6406
107.0,-9.0,-2.75835,3.364301,169.0,40413.6406
107.0,21.0,-4.213449,5.702237,356.0,116099.062
107.0,-21.0,-4.213449,5.702237,356.0,116099.062
107.0,13.0,3.315124,5.832177,213.0,121450.57
107.0,-13.0,3.315124,5.832177,213.0,121450.57
107.0,13.0,3.315124,6.209775,166.0,137686.047
107.0,-13.0,3.315124,6.209775,166.0,137686.047
107.0,21.0,4.213449,4.567655,280.0,74494.6094
107.0,-21.0,4.213449,4.567655,280.0,74494.6094
107.0,21.0,-4.213449,6.922065,351.0,171084.047
107.0,-21.0,-4.213449,6.922065,351.0,171084.047
107.0,13.0,3.315124,7.807098,224.0,217629.359
107.0,-13.0,3.315124,7.807098,224.0,217629.359
107.0,4.0,-1.8389,3.721906,238.0,49461.7031
107.0,-4.0,-1.8389,3.721906,238.0,49461.7031
107.0,12.0,3.185068,1.516669,124.0,8213.33984
107.0,-12.0,3.185068,1.516669,124.0,8213.33984
107.0,8.0,-2.600597,6.908391,213.0,170408.781
107.0,-8.0,-2.600597,6.908391,213.0,170408.781
107.0,11.0,-3.049471,4.442409,78.0,70465.2812
107.0,-11.0,-3.049471,4.442409,78.0,70465.2812
108.0,10.0,2.907556,1.473324,260.0,6694.30225
108.0,-10.0,2.907556,1.473324,260.0,6694.30225
108.0,13.0,-3.315124,1.891739,268.0,11036.5068
108.0,-13.0,-3.315124,1.891739,268.0,11036.5068
108.0,11.0,-3.049471,4.419703,30.0,60241.4062
108.0,-11.0,-3.049471,4.419703,30.0,60241.4062
108.0,5.0,-2.055953,4.691916,223.0,67890.5703
108.0,-5.0,-2.055953,4.691916,223.0,67890.5703
108.0,21.0,-4.213449,5.420138,168.0,90600.3125
108.0,-21.0,-4.213449,5.420138,168.0,90600.3125
108.0,21.0,-4.213449,3.696362,138.0,42136.4531
108.0,-21.0,-4.213449,3.696362,138.0,42136.4531
108.0,13.0,3.315124,6.284101,100.0,121785.461
108.0,-13.0,3.315124,6.284101,100.0,121785.461
108.0,12.0,-3.185068,7.870673,294.0,191043.734
108.0,-12.0,-3.185068,7.870673,294.0,191043.734
108.0,18.0,-3.900896,2.744447,289.0,23228.377
108.0,-18.0,-3.900896,2.744447,289.0,23228.377
108.0,5.0,2.055953,3.941017,228.0,47898.9102
108.0,-5.0,2.055953,3.941017,228.0,47898.9102
109.0,15.0,3.561015,5.479971,183.0,99338.2969
109.0,-15.0,3.561015,5.479971,183.0,99338.2969
109.0,10.0,2.907556,4.899585,261.0,79410.6641
109.0,-10.0,2.907556,4.899585,261.0,79410.6641
109.0,7.0,-2.432636,4.160172,78.0,57250.9688
109.0,-7.0,-2.432636,4.160172,78.0,57250.9688
109.0,17.0,3.79099,5.845213,60.0,113021.445
109.0,-17.0,3.79099,5.845213,60.0,113021.445
109.0,7.0,2.432636,4.191729,61.0,58122.7969
109.0,-7.0,2.432636,4.191729,61.0,58122.7969
109.0,14.0,-3.440267,6.015963,174.0,119721.031
109.0,-14.0,-3.440267,6.015963,174.0,119721.031
109.0,5.0,-2.055953,5.491728,89.0,99765.0156
109.0,-5.0,-2.055953,5.491728,89.0,99765.0156
109.0,18.0,3.900896,6.008596,299.0,119428.008
109.0,-18.0,3.900896,6.008596,299.0,119428.008
109.0,14.0,3.440267,7.757444,217.0,199066.188
109.0,-14.0,3.440267,7.757444,217.0,199066.188
109.0,6.0,-2.252183,5.007759,348.0,82955.8359
109.0,-6.0,-2.252183,5.007759,348.0,82955.8359
109.0,17.0,3.79099,5.403879,18.0,96598.7344
109.0,-17.0,3.79099,5.403879,18.0,96598.7344
109.0,20.0,4.111906,3.284236,31.0,35680.3398
109.0,-20.0,4.111906,3.284236,31.0,35680.3398
110.0,7.0,-2.432636,5.285757,306.0,91100.6172
110.0,-7.0,-2.432636,5.285757,306.0,91100.6172
110.0,9.0,2.75835,2.185156,25.0,15569.3955
110.0,-9.0,2.75835,2.185156,25.0,15569.3955
110.0,6.0,-2.252183,3.079337,317.0,30918.707
110.0,-6.0,-2.252183,3.079337,317.0,30918.707
110.0,21.0,4.213449,5.769693,167.0,108545.656
110.0,-21.0,4.213449,5.769693,167.0,108545.656
110.0,11.0,-3.049471,2.736225,103.0,24412.4004
110.0,-11.0,-3.049471,2.736225,103.0,24412.4004
110.0,5.0,-2.055953,4.942807,242.0,79662.5703
110.0,-5.0,-2.055953,4.942807,242.0,79662.5703
110.0,12.0,-3.185068,4.182075,310.0,57028.3398
110.0,-12.0,-3.185068,4.182075,310.0,57028.3398
110.0,12.0,3.185068,7.018122,285.0,160601.188
110.0,-12.0,3.185068,7.018122,285.0,160601.188
110.0,8.0,2.600597,3.484878,123.0,39598.8203
110.0,-8.0,2.600597,3.484878,123.0,39598.8203
110.0,14.0,3.440267,6.81987,171.0,151655.844
110.0,-14.0,3.440267,6.81987,171.0,151655.844
110.0,20.0,-4.111906,6.723934,277.0,147419.141
110.0,-20.0,-4.111906,6.723934,277.0,147419.141
111.0,4.0,-1.8389,2.901092,268.0,29199.0273
111.0,-4.0,-1.8389,2.901092,268.0,29199.0273
111.0,11.0,-3.049471,5.079182,322.0,89502.0781
111.0,-11.0,-3.049471,5.079182,322.0,89502.0781
111.0,4.0,-1.8389,4.914409,299.0,83789.2031
111.0,-4.0,-1.8389,4.914409,299.0,83789.2031
111.0,8.0,-2.600597,2.454664,234.0,20904.0195
111.0,-8.0,-2.600597,2.454664,234.0,20904.0195
111.0,12.0,-3.185068,3.016949,281.0,31577.7656
111.0,-12.0,-3.185068,3.016949,281.0,31577.7656
111.0,10.0,-2.907556,6.676255,107.0,154636.25
111.0,-10.0,-2.907556,6.676255,107.0,154636.25
111.0,12.0,-3.185068,7.563124,354.0,198448.578
111.0,-12.0,-3.185068,7.563124,354.0,198448.578
111.0,8.0,2.600597,1.482541,198.0,7625.33643
111.0,-8.0,2.600597,1.482541,198.0,7625.33643
111.0,16.0,-3.6778,2.685938,31.0,25028.6562
111.0,-16.0,-3.6778,2.685938,31.0,25028.6562
111.0,21.0,-4.213449,6.827283,156.0,161711.656
111.0,-21.0,-4.213449,6.827283,156.0,161711.656
111.0,15.0,3.561015,5.815422,101.0,117329.703
111.0,-15.0,3.561015,5.815422,101.0,117329.703
111.0,14.0,3.440267,3.148988,95.0,34402.3008
111.0,-14.0,3.440267,3.148988,95.0,34402.3008
111.0,8.0,-2.600597,6.687056,306.0,155137.031
111.0,-8.0,-2.600597,6.687056,306.0,155137.031
112.0,15.0,3.561015,5.766936,137.0,113571.375
112.0,-15.0,3.561015,5.766936,137.0,113571.375
112.0,14.0,3.440267,3.374969,62.0,38897.1836
112.0,-14.0,3.440267,3.374969,62.0,38897.1836
112.0,6.0,2.252183,3.918254,239.0,52428.0664
112.0,-6.0,2.252183,3.918254,239.0,52428.0664
112.0,10.0,-2.907556,5.192497,215.0,92072.7578
112.0,-10.0,-2.907556,5.192497,215.0,92072.7578
112.0,5.0,-2.055953,6.11024,201.0,127495.578
112.0,-5.0,-2.055953,6.11024,201.0,127495.578
112.0,11.0,-3.049471,7.196448,250.0,176854.047
112.0,-11.0,-3.049471,7.196448,250.0,176854.047
112.0,5.0,2.055953,5.821247,141.0,115720.586
112.0,-5.0,2.055953,5.821247,141.0,115720.586
112.0,7.0,-2.432636,7.414968,197.0,187757.453
112.0,-7.0,-2.432636,7.414968,197.0,187757.453
112.0,15.0,-3.561015,3.911624,322.0,52250.7734
112.0,-15.0,-3.561015,3.911624,322.0,52250.7734
112.0,5.0,2.055953,5.733698,187.0,112265.977
112.0,-5.0,2.055953,5.733698,187.0,112265.977
112.0,7.0,-2.432636,5.271952,354.0,94912.0547
112.0,-7.0,-2.432636,5.271952,354.0,94912.0547
112.0,13.0,-3.315124,3.134945,283.0,33561.2773
112.0,-13.0,-3.315124,3.134945,283.0,33561.2773
113.0,12.0,-3.185068,3.734397,67.0,45501.1719
113.0,-12.0,-3.185068,3.734397,67.0,45501.1719
113.0,18.0,3.900896,7.495137,355.0,183290.891
113.0,-18.0,3.900896,7.495137,355.0,183290.891
113.0,13.0,-3.315124,2.555987,96.0,21315.668
113.0,-13.0,-3.315124,2.555987,96.0,21315.668
113.0,8.0,-2.600597,6.777729,167.0,149882.203
113.0,-8.0,-2.600597,6.777729,167.0,149882.203
113.0,7.0,-2.432636,2.189393,120.0,15639.7256
113.0,-7.0,-2.432636,2.189393,120.0,15639.7256
113.0,20.0,4.111906,3.294226,356.0,35406.957
113.0,-20.0,4.111906,3.294226,356.0,35406.957
113.0,20.0,4.111906,5.348259,78.0,93326.8359
113.0,-20.0,4.111906,5.348259,78.0,93326.8359
113.0,12.0,3.185068,7.711462,234.0,194023.859
113.0,-12.0,3.185068,7.711462,234.0,194023.859
113.0,7.0,-2.432636,3.186847,263.0,33136.3203
113.0,-7.0,-2.432636,3.186847,263.0,33136.3203
113.0,9.0,-2.75835,7.672382,251.0,192062.312
113.0,-9.0,-2.75835,7.672382,251.0,192062.312
113.0,18.0,3.900896,2.995692,14.0,29280.3242
113.0,-18.0,3.900896,2.995692,14.0,29280.3242
114.0,14.0,3.440267,7.999735,27.0,226052.953
114.0,-14.0,3.440267,7.999735,27.0,226052.953
114.0,19.0,-4.00779,5.067247,182.0,90699.1484
114.0,-19.0,-4.00779,5.067247,182.0,90699.1484
114.0,17.0,-3.79099,6.940271,319.0,170142.156
114.0,-17.0,-3.79099,6.940271,319.0,170142.156
114.0,5.0,2.055953,5.759665,347.0,117180.0
114.0,-5.0,2.055953,5.759665,347.0,117180.0
114.0,12.0,-3.185068,5.522745,322.0,107738.023
114.0,-12.0,-3.185068,5.522745,322.0,107738.023
114.0,4.0,-1.8389,3.341768,79.0,39446.7695
114.0,-4.0,-1.8389,3.341768,79.0,39446.7695
114.0,5.0,2.055953,7.965796,314.0,224138.969
114.0,-5.0,2.055953,7.965796,314.0,224138.969
114.0,19.0,-4.00779,5.825422,225.0,119870.906
114.0,-19.0,-4.00779,5.825422,225.0,119870.906
114.0,5.0,-2.055953,7.065671,97.0,176346.078
114.0,-5.0,-2.055953,7.065671,97.0,176346.078
114.0,3.0,-1.592534,3.297354,54.0,38405.207
114.0,-3.0,-1.592534,3.297354,54.0,38405.207
114.0,18.0,3.900896,2.153544,184.0,16381.9902
114.0,-18.0,3.900896,2.153544,184.0,16381.9902
114.0,9.0,2.75835,6.702076,355.0,158663.766
114.0,-9.0,2.75835,6.702076,355.0,158663.766
115.0,16.0,-3.6778,6.89878,74.0,163496.688
115.0,-16.0,-3.6778,6.89878,74.0,163496.688
115.0,9.0,-2.75835,7.474898,342.0,191944.156
115.0,-9.0,-2.75835,7.474898,342.0,191944.156
115.0,3.0,1.592534,2.574312,225.0,22765.9941
115.0,-3.0,1.592534,2.574312,225.0,22765.9941
115.0,9.0,-2.75835,3.931013,295.0,53085.1953
115.0,-9.0,-2.75835,3.931013,295.0,53085.1953
115.0,11.0,3.049471,3.703078,65.0,47107.4922
115.0,-11.0,3.049471,3.703078,65.0,47107.4922
115.0,11.0,-3.049471,6.162505,146.0,130460.469
115.0,-11.0,-3.049471,6.162505,146.0,130460.469
115.0,16.0,3.6778,2.216134,7.0,16871.6113
115.0,-16.0,3.6778,2.216134,7.0,16871.6113
115.0,13.0,-3.315124,5.331214,164.0,97637.4844
115.0,-13.0,-3.315124,5.331214,164.0,97637.4844
115.0,11.0,-3.049471,7.909988,340.0,214939.375
115.0,-11.0,-3.049471,7.909988,340.0,214939.375
115.0,17.0,-3.79099,1.649135,346.0,9342.79883
115.0,-17.0,-3.79099,1.649135,346.0,9342.79883
115.0,5.0,-2.055953,3.662317,78.0,46076.1641
115.0,-5.0,-2.055953,3.662317,78.0,46076.1641
116.0,12.0,-3.185068,1.053583,135.0,3549.8313
116.0,-12.0,-3.185068,1.053583,135.0,3549.8313
116.0,6.0,-2.252183,2.827358,357.0,25564.1973
116.0,-6.0,-2.252183,2.827358,357.0,25564.1973
116.0,7.0,2.432636,6.374333,286.0,129939.156
116.0,-7.0,2.432636,6.374333,286.0,129939.156
116.0,9.0,2.75835,4.960057,205.0,78676.2812
116.0,-9.0,2.75835,4.960057,205.0,78676.2812
116.0,5.0,2.055953,4.592093,357.0,67436.0156
116.0,-5.0,2.055953,4.592093,357.0,67436.0156
116.0,7.0,2.432636,5.870423,118.0,110207.039
116.0,-7.0,2.432636,5.870423,118.0,110207.039
116.0,7.0,2.432636,2.035927,153.0,13255.457
116.0,-7.0,2.432636,2.035927,153.0,13255.457
116.0,9.0,-2.75835,1.683525,83.0,9063.78906
116.0,-9.0,-2.75835,1.683525,83.0,9063.78906
116.0,12.0,-3.185068,5.335858,108.0,91049.8125
116.0,-12.0,-3.185068,5.335858,108.0,91049.8125
116.0,9.0,-2.75835,2.308967,296.0,17049.2734
116.0,-9.0,-2.75835,2.308967,296.0,17049.2734
116.0,14.0,-3.440267,2.577077,236.0,21238.5723
116.0,-14.0,-3.440267,2.577077,236.0,21238.5723
117.0,18.0,3.900896,2.726735,354.0,22538.0273
117.0,-18.0,3.900896,2.726735,354.0,22538.0273
117.0,9.0,2.75835,6.660367,287.0,134470.297
117.0,-9.0,2.75835,6.660367,287.0,134470.297
117.0,8.0,2.600597,3.355795,47.0,34136.6484
117.0,-8.0,2.600597,3.355795,47.0,34136.6484
117.0,4.0,-1.8389,5.339165,171.0,86412.5312
117.0,-4.0,-1.8389,5.339165,171.0,86412.5312
117.0,9.0,-2.75835,5.805001,297.0,102149.133
117.0,-9.0,-2.75835,5.805001,297.0,102149.133
117.0,8.0,2.600597,3.806523,114.0,43922.4922
117.0,-8.0,2.600597,3.806523,114.0,43922.4922
117.0,19.0,-4.00779,1.64285,114.0,8181.36914
117.0,-19.0,-4.00779,1.64285,114.0,8181.36914
117.0,11.0,3.049471,4.399362,218.0,58669.0977
117.0,-11.0,3.049471,4.399362,218.0,58669.0977
118.0,7.0,2.432636,3.768384,259.0,44285.3711
118.0,-7.0,2.432636,3.768384,259.0,44285.3711
118.0,16.0,-3.6778,1.306719,48.0,5324.93799
118.0,-16.0,-3.6778,1.306719,48.0,5324.93799
118.0,18.0,-3.900896,7.760726,314.0,187825.5
118.0,-18.0,-3.900896,7.760726,314.0,187825.5
118.0,12.0,-3.185068,5.796091,55.0,104765.992
118.0,-12.0,-3.185068,5.796091,55.0,104765.992
118.0,7.0,-2.432636,7.249252,266.0,163883.906
118.0,-7.0,-2.432636,7.249252,266.0,163883.906
118.0,5.0,2.055953,2.812979,258.0,24676.4551
118.0,-5.0,2.055953,2.812979,258.0,24676.4551
118.0,17.0,3.79099,3.913386,308.0,47759.0117
118.0,-17.0,3.79099,3.913386,308.0,47759.0117
118.0,5.0,2.055953,6.366508,45.0,126401.578
118.0,-5.0,2.055953,6.366508,45.0,126401.578
119.0,12.0,3.185068,4.812841,130.0,73130.0234
119.0,-12.0,3.185068,4.812841,130.0,73130.0234
119.0,3.0,1.592534,3.813456,104.0,45912.4141
119.0,-3.0,1.592534,3.813456,104.0,45912.4141
119.0,6.0,-2.252183,3.349413,133.0,35418.4961
119.0,-6.0,-2.252183,3.349413,133.0,35418.4961
119.0,5.0,2.055953,7.77234,326.0,190720.016
119.0,-5.0,2.055953,7.77234,326.0,190720.016
119.0,14.0,-3.440267,4.230565,193.0,56505.3281
119.0,-14.0,-3.440267,4.230565,193.0,56505.3281
119.0,5.0,-2.055953,5.339609,87.0,90014.3203
119.0,-5.0,-2.055953,5.339609,87.0,90014.3203
119.0,6.0,-2.252183,5.426285,144.0,92960.3672
119.0,-6.0,-2.252183,5.426285,144.0,92960.3672
119.0,12.0,-3.185068,2.567598,63.0,20813.5742
119.0,-12.0,-3.185068,2.567598,63.0,20813.5742
119.0,3.0,1.592534,7.585014,11.0,181637.484
119.0,-3.0,1.592534,7.585014,11.0,181637.484
119.0,10.0,2.907556,6.626597,63.0,138635.328
119.0,-10.0,2.907556,6.626597,63.0,138635.328
120.0,5.0,2.055953,4.606173,224.0,62679.6484
120.0,-5.0,2.055953,4.606173,224.0,62679.6484
120.0,13.0,-3.315124,3.938428,304.0,45823.9023
120.0,-13.0,-3.315124,3.938428,304.0,45823.9023
120.0,3.0,-1.592534,2.232138,149.0,14719.3311
120.0,-3.0,-1.592534,2.232138,149.0,14719.3311
120.0,12.0,-3.185068,5.572474,60.0,91736.5234
120.0,-12.0,-3.185068,5.572474,60.0,91736.5234
120.0,3.0,1.592534,6.339939,97.0,118745.25
120.0,-3.0,1.592534,6.339939,97.0,118745.25
120.0,12.0,-3.185068,2.371947,257.0,16620.9648
120.0,-12.0,-3.185068,2.371947,257.0,16620.9648
120.0,17.0,-3.79099,2.127309,304.0,13369.2559
120.0,-17.0,-3.79099,2.127309,304.0,13369.2559
121.0,5.0,2.055953,4.674881,169.0,58853.7617
121.0,-5.0,2.055953,4.674881,169.0,58853.7617
121.0,10.0,-2.907556,1.773085,19.0,8466.27344
121.0,-10.0,-2.907556,1.773085,19.0,8466.27344
121.0,16.0,-3.6778,2.097921,66.0,11852.5352
121.0,-16.0,-3.6778,2.097921,66.0,11852.5352
121.0,7.0,-2.432636,3.724941,238.0,37365.5859
121.0,-7.0,-2.432636,3.724941,238.0,37365.5859
121.0,13.0,3.315124,1.76431,62.0,8382.68066
121.0,-13.0,3.315124,1.76431,62.0,8382.68066
121.0,5.0,-2.055953,7.520283,26.0,152300.562
121.0,-5.0,-2.055953,7.520283,26.0,152300.562
121.0,4.0,1.8389,5.103261,272.0,70134.0312
121.0,-4.0,1.8389,5.103261,272.0,70134.0312
122.0,16.0,-3.6778,7.762249,359.0,176365.609
122.0,-16.0,-3.6778,7.762249,359.0,176365.609
122.0,6.0,-2.252183,3.702225,22.0,40439.7266
122.0,-6.0,-2.252183,3.702225,22.0,40439.7266
122.0,4.0,1.8389,2.750127,151.0,22314.5508
122.0,-4.0,1.8389,2.750127,151.0,22314.5508
122.0,8.0,-2.600597,5.429091,153.0,86963.4844
122.0,-8.0,-2.600597,5.429091,153.0,86963.4844
122.0,10.0,-2.907556,5.810454,251.0,99609.9688
122.0,-10.0,-2.907556,5.810454,251.0,99609.9688
122.0,3.0,1.592534,3.462895,210.0,35380.2852
122.0,-3.0,1.592534,3.462895,210.0,35380.2852
122.0,13.0,3.315124,5.774837,9.0,98392.5391
122.0,-13.0,3.315124,5.774837,9.0,98392.5391
122.0,7.0,-2.432636,4.999866,21.0,73756.3594
122.0,-7.0,-2.432636,4.999866,21.0,73756.3594
123.0,13.0,3.315124,7.223335,318.0,151286.516
123.0,-13.0,3.315124,7.223335,318.0,151286.516
123.0,9.0,-2.75835,2.614758,77.0,19823.8398
123.0,-9.0,-2.75835,2.614758,77.0,19823.8398
123.0,3.0,-1.592534,2.759832,128.0,22084.6191
123.0,-3.0,-1.592534,2.759832,128.0,22084.6191
123.0,15.0,3.561015,7.163076,89.0,148772.922
123.0,-15.0,3.561015,7.163076,89.0,148772.922
123.0,17.0,3.79099,5.001771,332.0,72539.1172
123.0,-17.0,3.79099,5.001771,332.0,72539.1172
123.0,10.0,-2.907556,2.595823,216.0,19537.7578
123.0,-10.0,-2.907556,2.595823,216.0,19537.7578
123.0,3.0,-1.592534,6.682396,157.0,129475.977
123.0,-3.0,-1.592534,6.682396,157.0,129475.977
124.0,11.0,-3.049471,2.29495,358.0,15265.6797
124.0,-11.0,-3.049471,2.29495,358.0,15265.6797
124.0,14.0,-3.440267,4.529511,145.0,59466.5312
124.0,-14.0,-3.440267,4.529511,145.0,59466.5312
124.0,6.0,-2.252183,5.079321,337.0,74779.2656
124.0,-6.0,-2.252183,5.079321,337.0,74779.2656
124.0,3.0,-1.592534,6.902148,279.0,138082.406
124.0,-3.0,-1.592534,6.902148,279.0,138082.406
124.0,14.0,3.440267,2.214357,117.0,14212.3252
124.0,-14.0,3.440267,2.214357,117.0,14212.3252
124.0,3.0,-1.592534,7.017564,346.0,142739.016
124.0,-3.0,-1.592534,7.017564,346.0,142739.016
124.0,3.0,1.592534,1.910119,94.0,10575.2559
124.0,-3.0,1.592534,1.910119,94.0,10575.2559
125.0,11.0,-3.049471,4.370493,337.0,52116.7812
125.0,-11.0,-3.049471,4.370493,337.0,52116.7812
125.0,3.0,1.592534,1.085493,69.0,3214.92212
125.0,-3.0,1.592534,1.085493,69.0,3214.92212
125.0,4.0,1.8389,4.1429,299.0,46830.168
125.0,-4.0,1.8389,4.1429,299.0,46830.168
125.0,13.0,-3.315124,2.232824,236.0,13602.7119
125.0,-13.0,-3.315124,2.232824,236.0,13602.7119
125.0,5.0,2.055953,5.844899,162.0,93211.7734
125.0,-5.0,2.055953,5.844899,162.0,93211.7734
125.0,9.0,2.75835,4.8922,29.0,65301.8047
125.0,-9.0,2.75835,4.8922,29.0,65301.8047
126.0,12.0,3.185068,3.924114,334.0,47455.0
126.0,-12.0,3.185068,3.924114,334.0,47455.0
126.0,8.0,2.600597,4.323731,307.0,57612.4219
126.0,-8.0,2.600597,4.323731,307.0,57612.4219
126.0,10.0,-2.907556,5.25479,288.0,85096.0859
126.0,-10.0,-2.907556,5.25479,288.0,85096.0859
126.0,11.0,-3.049471,1.215501,291.0,4553.12061
126.0,-11.0,-3.049471,1.215501,291.0,4553.12061
126.0,16.0,-3.6778,2.955232,132.0,26914.2227
126.0,-16.0,-3.6778,2.955232,132.0,26914.2227
126.0,3.0,-1.592534,6.586792,213.0,133704.703
126.0,-3.0,-1.592534,6.586792,213.0,133704.703
126.0,8.0,2.600597,7.651399,14.0,180418.234
126.0,-8.0,2.600597,7.651399,14.0,180418.234
126.0,14.0,-3.440267,4.608031,213.0,65437.9414
126.0,-14.0,-3.440267,4.608031,213.0,65437.9414
127.0,5.0,-2.055953,1.068656,61.0,3662.27539
127.0,-5.0,-2.055953,1.068656,61.0,3662.27539
127.0,12.0,-3.185068,3.080164,320.0,30424.4414
127.0,-12.0,-3.185068,3.080164,320.0,30424.4414
127.0,11.0,3.049471,2.459508,251.0,19398.6348
127.0,-11.0,3.049471,2.459508,251.0,19398.6348
127.0,13.0,3.315124,7.961637,116.0,203272.922
127.0,-13.0,3.315124,7.961637,116.0,203272.922
127.0,7.0,-2.432636,5.830299,199.0,109007.523
127.0,-7.0,-2.432636,5.830299,199.0,109007.523
127.0,9.0,2.75835,4.861279,241.0,75783.6953
127.0,-9.0,2.75835,4.861279,241.0,75783.6953
127.0,8.0,2.600597,6.210869,96.0,123702.797
127.0,-8.0,2.600597,6.210869,96.0,123702.797
127.0,9.0,-2.75835,5.322086,57.0,90831.9531
127.0,-9.0,-2.75835,5.322086,57.0,90831.9531
127.0,3.0,-1.592534,3.620833,44.0,42042.8086
127.0,-3.0,-1.592534,3.620833,44.0,42042.8086
128.0,10.0,2.907556,3.448487,282.0,34809.3594
128.0,-10.0,2.907556,3.448487,282.0,34809.3594
128.0,6.0,2.252183,4.558644,350.0,60828.9297
128.0,-6.0,2.252183,4.558644,350.0,60828.9297
128.0,16.0,3.6778,3.590989,4.0,37745.6484
128.0,-16.0,3.6778,3.590989,4.0,37745.6484
128.0,5.0,-2.055953,3.142586,277.0,28907.666
128.0,-5.0,-2.055953,3.142586,277.0,28907.666
128.0,9.0,2.75835,3.296459,330.0,31807.8477
128.0,-9.0,2.75835,3.296459,330.0,31807.8477
129.0,11.0,3.049471,5.964942,322.0,100198.008
129.0,-11.0,3.049471,5.964942,322.0,100198.008
129.0,6.0,-2.252183,6.074073,127.0,103897.875
129.0,-6.0,-2.252183,6.074073,127.0,103897.875
129.0,4.0,1.8389,4.790424,182.0,64624.1016
129.0,-4.0,1.8389,4.790424,182.0,64624.1016
129.0,4.0,1.8389,1.843639,257.0,9571.90625
129.0,-4.0,1.8389,1.843639,257.0,9571.90625
129.0,9.0,-2.75835,6.802269,199.0,130302.961
129.0,-9.0,-2.75835,6.802269,199.0,130302.961
130.0,11.0,3.049471,3.358964,250.0,32609.2344
130.0,-11.0,3.049471,3.358964,250.0,32609.2344
130.0,15.0,-3.561015,5.580529,294.0,90007.875
130.0,-15.0,-3.561015,5.580529,294.0,90007.875
130.0,8.0,-2.600597,3.390801,274.0,33230.3008
130.0,-8.0,-2.600597,3.390801,274.0,33230.3008
130.0,6.0,-2.252183,6.605457,37.0,126105.961
130.0,-6.0,-2.252183,6.605457,37.0,126105.961
130.0,3.0,1.592534,5.65017,272.0,92268.3672
130.0,-3.0,1.592534,5.65017,272.0,92268.3672
130.0,2.0,1.300299,3.21332,21.0,29842.6777
130.0,-2.0,1.300299,3.21332,21.0,29842.6777
131.0,13.0,3.315124,5.991443,22.0,110812.531
131.0,-13.0,3.315124,5.991443,22.0,110812.531
131.0,11.0,-3.049471,2.79655,283.0,24141.8848
131.0,-11.0,-3.049471,2.79655,283.0,24141.8848
131.0,4.0,-1.8389,4.442612,22.0,60926.0234
131.0,-4.0,-1.8389,4.442612,22.0,60926.0234
131.0,10.0,2.907556,1.52082,224.0,7139.72461
131.0,-10.0,2.907556,1.52082,224.0,7139.72461
131.0,8.0,2.600597,4.348882,119.0,58382.3047
131.0,-8.0,2.600597,4.348882,119.0,58382.3047
131.0,12.0,3.185068,3.9386,261.0,47886.1406
131.0,-12.0,3.185068,3.9386,261.0,47886.1406
131.0,9.0,-2.75835,5.665527,106.0,99084.7266
131.0,-9.0,-2.75835,5.665527,106.0,99084.7266
131.0,5.0,-2.055953,1.426664,279.0,6283.03125
131.0,-5.0,-2.055953,1.426664,279.0,6283.03125
132.0,14.0,3.440267,6.628607,125.0,129316.359
132.0,-14.0,3.440267,6.628607,125.0,129316.359
132.0,9.0,2.75835,7.448045,61.0,163265.141
132.0,-9.0,2.75835,7.448045,61.0,163265.141
132.0,11.0,3.049471,5.398788,165.0,85783.0391
132.0,-11.0,3.049471,5.398788,165.0,85783.0391
132.0,8.0,2.600597,2.791426,138.0,22933.0176
132.0,-8.0,2.600597,2.791426,138.0,22933.0176
132.0,7.0,-2.432636,2.519628,356.0,18684.5059
132.0,-7.0,-2.432636,2.519628,356.0,18684.5059
132.0,4.0,1.8389,1.706698,91.0,8572.79688
132.0,-4.0,1.8389,1.706698,91.0,8572.79688
132.0,13.0,-3.315124,4.429127,301.0,57735.8086
132.0,-13.0,-3.315124,4.429127,301.0,57735.8086
133.0,13.0,-3.315124,7.088734,185.0,134974.469
133.0,-13.0,-3.315124,7.088734,185.0,134974.469
133.0,9.0,-2.75835,6.310802,280.0,106975.289
133.0,-9.0,-2.75835,6.310802,280.0,106975.289
133.0,4.0,1.8389,1.369862,317.0,5040.43066
133.0,-4.0,1.8389,1.369862,317.0,5040.43066
133.0,9.0,2.75835,6.754456,9.0,122544.812
133.0,-9.0,2.75835,6.754456,9.0,122544.812
134.0,3.0,1.592534,6.425348,226.0,121868.445
134.0,-3.0,1.592534,6.425348,226.0,121868.445
134.0,7.0,2.432636,2.696214,313.0,21458.8613
134.0,-7.0,2.432636,2.696214,313.0,21458.8613
134.0,11.0,3.049471,3.4286,8.0,34700.1836
134.0,-11.0,3.049471,3.4286,8.0,34700.1836
134.0,14.0,3.440267,7.705844,234.0,175282.453
134.0,-14.0,3.440267,7.705844,234.0,175282.453
134.0,3.0,1.592534,7.209717,107.0,153438.547
134.0,-3.0,1.592534,7.209717,107.0,153438.547
134.0,5.0,2.055953,1.500297,61.0,6644.34863
134.0,-5.0,2.055953,1.500297,61.0,6644.34863
134.0,3.0,-1.592534,2.498102,319.0,18421.2148
134.0,-3.0,-1.592534,2.498102,319.0,18421.2148
135.0,13.0,-3.315124,6.67784,124.0,124698.641
135.0,-13.0,-3.315124,6.67784,124.0,124698.641
135.0,12.0,-3.185068,5.148232,254.0,74114.9766
135.0,-12.0,-3.185068,5.148232,254.0,74114.9766
135.0,5.0,2.055953,4.481929,289.0,56171.957
135.0,-5.0,2.055953,4.481929,289.0,56171.957
135.0,6.0,2.252183,5.961512,215.0,99380.8125
135.0,-6.0,2.252183,5.961512,215.0,99380.8125
135.0,9.0,2.75835,7.34863,234.0,151008.859
135.0,-9.0,2.75835,7.34863,234.0,151008.859
136.0,9.0,2.75835,1.74262,143.0,8901.93359
136.0,-9.0,2.75835,1.74262,143.0,8901.93359
136.0,4.0,-1.8389,4.997712,304.0,73218.5469
136.0,-4.0,-1.8389,4.997712,304.0,73218.5469
136.0,3.0,1.592534,4.562226,207.0,61014.4102
136.0,-3.0,1.592534,4.562226,207.0,61014.4102
136.0,4.0,-1.8389,1.244839,337.0,4542.60449
136.0,-4.0,-1.8389,1.244839,337.0,4542.60449
136.0,4.0,-1.8389,7.268682,282.0,154878.109
136.0,-4.0,-1.8389,7.268682,282.0,154878.109
137.0,10.0,2.907556,7.600193,10.0,158300.219
137.0,-10.0,2.907556,7.600193,10.0,158300.219
137.0,11.0,-3.049471,1.0612,217.0,3086.21704
137.0,-11.0,-3.049471,1.0612,217.0,3086.21704
137.0,8.0,-2.600597,3.96527,189.0,43090.1211
137.0,-8.0,-2.600597,3.96527,189.0,43090.1211
137.0,8.0,2.600597,7.023671,276.0,135194.984
137.0,-8.0,2.600597,7.023671,276.0,135194.984
137.0,4.0,-1.8389,6.854208,227.0,128749.891
137.0,-4.0,-1.8389,6.854208,227.0,128749.891
138.0,12.0,-3.185068,6.18942,64.0,92063.9844
138.0,-12.0,-3.185068,6.18942,64.0,92063.9844
138.0,10.0,2.907556,2.453868,270.0,14470.7949
138.0,-10.0,2.907556,2.453868,270.0,14470.7949
138.0,11.0,3.049471,5.29159,296.0,67291.8281
138.0,-11.0,3.049471,5.29159,296.0,67291.8281
139.0,9.0,-2.75835,6.337757,317.0,117058.359
139.0,-9.0,-2.75835,6.337757,317.0,117058.359
139.0,2.0,1.300299,7.702707,347.0,172909.156
139.0,-2.0,1.300299,7.702707,347.0,172909.156
139.0,13.0,-3.315124,6.263781,292.0,114341.609
139.0,-13.0,-3.315124,6.263781,292.0,114341.609
139.0,7.0,-2.432636,2.414453,199.0,16989.041
139.0,-7.0,-2.432636,2.414453,199.0,16989.041
139.0,6.0,2.252183,6.59031,320.0,126573.547
139.0,-6.0,2.252183,6.59031,320.0,126573.547
140.0,13.0,-3.315124,4.077777,156.0,49973.3945
140.0,-13.0,-3.315124,4.077777,156.0,49973.3945
140.0,7.0,-2.432636,2.993459,356.0,26930.123
140.0,-7.0,-2.432636,2.993459,356.0,26930.123
140.0,7.0,2.432636,4.411104,356.0,58477.1836
140.0,-7.0,2.432636,4.411104,356.0,58477.1836
140.0,13.0,-3.315124,4.058511,150.0,49502.3008
140.0,-13.0,-3.315124,4.058511,150.0,49502.3008
140.0,7.0,2.432636,3.262926,151.0,31996.7754
140.0,-7.0,2.432636,3.262926,151.0,31996.7754
140.0,2.0,1.300299,6.231827,112.0,116713.906
140.0,-2.0,1.300299,6.231827,112.0,116713.906
141.0,1.0,-0.91945,3.338824,313.0,31018.7148
141.0,-1.0,-0.91945,3.338824,313.0,31018.7148
141.0,7.0,2.432636,4.619482,172.0,59377.6992
141.0,-7.0,2.432636,4.619482,172.0,59377.6992
141.0,6.0,2.252183,5.176871,227.0,74571.2734
141.0,-6.0,2.252183,5.176871,227.0,74571.2734
141.0,5.0,-2.055953,5.680843,94.0,89797.1406
141.0,-5.0,-2.055953,5.680843,94.0,89797.1406
141.0,9.0,2.75835,5.933499,168.0,97962.2266
141.0,-9.0,2.75835,5.933499,168.0,97962.2266
142.0,10.0,2.907556,1.808972,125.0,9344.69336
142.0,-10.0,2.907556,1.808972,125.0,9344.69336
142.0,7.0,-2.432636,1.449086,208.0,5996.38477
142.0,-7.0,-2.432636,1.449086,208.0,5996.38477
142.0,7.0,-2.432636,4.317349,118.0,53227.4492
142.0,-7.0,-2.432636,4.317349,118.0,53227.4492
142.0,3.0,-1.592534,7.411542,212.0,156862.25
142.0,-3.0,-1.592534,7.411542,212.0,156862.25
142.0,4.0,-1.8389,7.703066,244.0,169444.922
142.0,-4.0,-1.8389,7.703066,244.0,169444.922
142.0,5.0,-2.055953,3.636708,25.0,37767.4883
142.0,-5.0,-2.055953,3.636708,25.0,37767.4883
143.0,7.0,-2.432636,1.986923,91.0,10764.8975
143.0,-7.0,-2.432636,1.986923,91.0,10764.8975
143.0,2.0,1.300299,5.720936,0.0,89244.5625
143.0,-2.0,1.300299,5.720936,0.0,89244.5625
143.0,8.0,-2.600597,7.522145,216.0,154287.609
143.0,-8.0,-2.600597,7.522145,216.0,154287.609
143.0,4.0,-1.8389,3.081648,184.0,25894.8652
143.0,-4.0,-1.8389,3.081648,184.0,25894.8652
144.0,11.0,3.049471,4.149388,133.0,42224.2695
144.0,-11.0,3.049471,4.149388,133.0,42224.2695
144.0,9.0,2.75835,7.097085,191.0,123524.797
144.0,-9.0,2.75835,7.097085,191.0,123524.797
145.0,7.0,-2.432636,5.339011,303.0,80083.7578
145.0,-7.0,-2.432636,5.339011,303.0,80083.7578
145.0,10.0,2.907556,3.819901,191.0,40994.6289
145.0,-10.0,2.907556,3.819901,191.0,40994.6289
145.0,5.0,2.055953,7.704851,3.0,166782.812
145.0,-5.0,2.055953,7.704851,3.0,166782.812
145.0,7.0,2.432636,7.763279,259.0,169321.906
145.0,-7.0,2.432636,7.763279,259.0,169321.906
145.0,9.0,-2.75835,3.46397,293.0,33710.9492
145.0,-9.0,-2.75835,3.46397,293.0,33710.9492
145.0,5.0,-2.055953,5.44544,61.0,83308.3906
145.0,-5.0,-2.055953,5.44544,61.0,83308.3906
146.0,3.0,-1.592534,6.653798,227.0,112683.07
146.0,-3.0,-1.592534,6.653798,227.0,112683.07
146.0,7.0,-2.432636,6.069926,330.0,93774.8203
146.0,-7.0,-2.432636,6.069926,330.0,93774.8203
146.0,3.0,1.592534,7.262431,357.0,134240.484
146.0,-3.0,1.592534,7.262431,357.0,134240.484
147.0,1.0,-0.91945,6.228126,100.0,92028.6016
147.0,-1.0,-0.91945,6.228126,100.0,92028.6016
147.0,5.0,2.055953,6.404309,160.0,97308.9141
147.0,-5.0,2.055953,6.404309,160.0,97308.9141
148.0,10.0,-2.907556,1.294438,250.0,4180.64307
148.0,-10.0,-2.907556,1.294438,250.0,4180.64307
148.0,5.0,2.055953,3.284482,268.0,26916.2422
148.0,-5.0,2.055953,3.284482,268.0,26916.2422
148.0,6.0,-2.252183,1.332287,64.0,4428.70312
148.0,-6.0,-2.252183,1.332287,64.0,4428.70312
148.0,2.0,-1.300299,3.941409,125.0,38760.0039
148.0,-2.0,-1.300299,3.941409,125.0,38760.0039
149.0,6.0,2.252183,7.617039,208.0,134100.656
149.0,-6.0,2.252183,7.617039,208.0,134100.656
149.0,7.0,-2.432636,5.567259,2.0,71637.6641
149.0,-7.0,-2.432636,5.567259,2.0,71637.6641
150.0,9.0,2.75835,4.472763,193.0,53296.7227
150.0,-9.0,2.75835,4.472763,193.0,53296.7227
150.0,1.0,-0.91945,4.61566,64.0,56756.6055
150.0,-1.0,-0.91945,4.61566,64.0,56756.6055
150.0,7.0,2.432636,7.943987,48.0,168122.5
150.0,-7.0,2.432636,7.943987,48.0,168122.5
151.0,5.0,2.055953,5.210215,289.0,62933.5117
151.0,-5.0,2.055953,5.210215,289.0,62933.5117
151.0,2.0,-1.300299,4.378425,87.0,44443.332
151.0,-2.0,-1.300299,4.378425,87.0,44443.332
151.0,8.0,2.600597,1.677834,16.0,6526.32812
151.0,-8.0,2.600597,1.677834,16.0,6526.32812
152.0,6.0,2.252183,1.703744,345.0,7476.13574
152.0,-6.0,2.252183,1.703744,345.0,7476.13574
152.0,2.0,-1.300299,1.501916,270.0,5809.77637
152.0,-2.0,-1.300299,1.501916,270.0,5809.77637
152.0,5.0,2.055953,3.042939,259.0,23848.1562
152.0,-5.0,2.055953,3.042939,259.0,23848.1562
152.0,6.0,2.252183,6.500237,189.0,108824.516
152.0,-6.0,2.252183,6.500237,189.0,108824.516
152.0,9.0,2.75835,1.98716,205.0,10170.3096
152.0,-9.0,2.75835,1.98716,205.0,10170.3096
