1.000000 22.000000 -4.312603 7.494284 63.000000 108140.586000
1.000000 -22.000000 -4.312603 7.494284 63.000000 108140.586000
2.000000 23.000000 4.409528 6.452491 155.000000 82313.453100
2.000000 -23.000000 4.409528 6.452491 155.000000 82313.453100
3.000000 34.000000 5.361269 1.562526 52.000000 5895.527830
3.000000 -34.000000 5.361269 1.562526 52.000000 5895.527830
3.000000 30.000000 5.036036 5.954782 353.000000 85624.828100
3.000000 -30.000000 5.036036 5.954782 353.000000 85624.828100
3.000000 34.000000 -5.361269 5.381901 279.000000 69942.218800
3.000000 -34.000000 -5.361269 5.381901 279.000000 69942.218800
3.000000 24.000000 -4.504367 1.268931 120.000000 3888.162110
3.000000 -24.000000 -4.504367 1.268931 120.000000 3888.162110
4.000000 29.000000 -4.951390 2.878120 171.000000 19232.464800
4.000000 -29.000000 -4.951390 2.878120 171.000000 19232.464800
4.000000 23.000000 4.409528 4.563682 202.000000 48355.703100
4.000000 -23.000000 4.409528 4.563682 202.000000 48355.703100
4.000000 42.000000 -5.958717 2.730684 95.000000 17312.502000
4.000000 -42.000000 -5.958717 2.730684 95.000000 17312.502000
5.000000 20.000000 -4.111906 4.376132 3.000000 44996.925800
5.000000 -20.000000 -4.111906 4.376132 3.000000 44996.925800
5.000000 21.000000 -4.213449 7.091700 30.000000 118168.750000
5.000000 -21.000000 -4.213449 7.091700 30.000000 118168.750000
5.000000 22.000000 4.312603 1.671833 285.000000 6567.312500
5.000000 -22.000000 4.312603 1.671833 285.000000 6567.312500
6.000000 27.000000 4.777602 7.685238 22.000000 126035.195000
6.000000 -27.000000 4.777602 7.685238 22.000000 126035.195000
6.000000 24.000000 -4.504367 2.823151 260.000000 17007.691400
6.000000 -24.000000 -4.504367 2.823151 260.000000 17007.691400
7.000000 28.000000 4.865272 5.276962 306.000000 58978.078100
7.000000 -28.000000 4.865272 5.276962 306.000000 58978.078100
7.000000 26.000000 -4.688294 7.915534 222.000000 132703.719000
7.000000 -26.000000 -4.688294 7.915534 222.000000 132703.719000
8.000000 39.000000 5.741964 1.682824 180.000000 6951.184080
8.000000 -39.000000 5.741964 1.682824 180.000000 6951.184080
8.000000 38.000000 -5.667871 5.024344 4.000000 61964.074200
8.000000 -38.000000 -5.667871 5.024344 4.000000 61964.074200
8.000000 33.000000 -5.281838 2.189657 346.000000 11768.828100
8.000000 -33.000000 -5.281838 2.189657 346.000000 11768.828100
8.000000 40.000000 5.815113 6.336252 107.000000 98547.609400
8.000000 -40.000000 5.815113 6.336252 107.000000 98547.609400
8.000000 22.000000 4.312603 3.569346 195.000000 31272.205100
8.000000 -22.000000 4.312603 3.569346 195.000000 31272.205100
9.000000 38.000000 5.667871 2.542959 52.000000 17801.634800
9.000000 -38.000000 5.667871 2.542959 52.000000 17801.634800
9.000000 29.000000 4.951390 2.238193 137.000000 13790.373000
9.000000 -29.000000 4.951390 2.238193 137.000000 13790.373000
9.000000 33.000000 5.281838 6.678403 266.000000 122779.641000
9.000000 -33.000000 5.281838 6.678403 266.000000 122779.641000
9.000000 41.000000 -5.887353 7.329782 359.000000 147898.344000
9.000000 -41.000000 -5.887353 7.329782 359.000000 147898.344000
9.000000 30.000000 5.036036 5.844214 330.000000 94022.851600
9.000000 -30.000000 5.036036 5.844214 330.000000 94022.851600
10.000000 35.000000 5.439540 4.974784 67.000000 69458.445300
10.000000 -35.000000 5.439540 4.974784 67.000000 69458.445300
10.000000 41.000000 5.887353 2.853190 221.000000 22847.462900
10.000000 -41.000000 5.887353 2.853190 221.000000 22847.462900
10.000000 24.000000 4.504367 4.125322 178.000000 47763.074200
10.000000 -24.000000 4.504367 4.125322 178.000000 47763.074200
10.000000 39.000000 -5.741964 4.587857 259.000000 59074.007800
10.000000 -39.000000 -5.741964 4.587857 259.000000 59074.007800
10.000000 27.000000 4.777602 7.396305 324.000000 153534.578000
10.000000 -27.000000 4.777602 7.396305 324.000000 153534.578000
10.000000 31.000000 -5.119281 4.691640 317.000000 61776.882800
10.000000 -31.000000 -5.119281 4.691640 317.000000 61776.882800
11.000000 28.000000 -4.865272 1.236140 20.000000 3576.084720
11.000000 -28.000000 -4.865272 1.236140 20.000000 3576.084720
11.000000 40.000000 -5.815113 1.453707 273.000000 4945.680660
11.000000 -40.000000 -5.815113 1.453707 273.000000 4945.680660
11.000000 38.000000 -5.667871 4.790856 93.000000 53715.378900
11.000000 -38.000000 -5.667871 4.790856 93.000000 53715.378900
11.000000 36.000000 -5.516700 4.145756 216.000000 40223.496100
11.000000 -36.000000 -5.516700 4.145756 216.000000 40223.496100
12.000000 40.000000 -5.815113 4.193192 145.000000 45592.492200
12.000000 -40.000000 -5.815113 4.193192 145.000000 45592.492200
12.000000 16.000000 3.677800 7.727802 80.000000 154851.625000
12.000000 -16.000000 3.677800 7.727802 80.000000 154851.625000
12.000000 34.000000 -5.361269 1.732757 218.000000 7785.366700
12.000000 -34.000000 -5.361269 1.732757 218.000000 7785.366700
12.000000 30.000000 5.036036 7.007919 350.000000 127345.016000
12.000000 -30.000000 5.036036 7.007919 350.000000 127345.016000
12.000000 35.000000 -5.439540 6.929615 284.000000 124515.102000
12.000000 -35.000000 -5.439540 6.929615 284.000000 124515.102000
13.000000 18.000000 3.900896 2.799082 169.000000 20981.964800
13.000000 -18.000000 3.900896 2.799082 169.000000 20981.964800
13.000000 40.000000 5.815113 5.388028 136.000000 77745.398400
13.000000 -40.000000 5.815113 5.388028 136.000000 77745.398400
13.000000 42.000000 5.958717 4.396935 17.000000 51774.418000
13.000000 -42.000000 5.958717 4.396935 17.000000 51774.418000
13.000000 27.000000 -4.777602 5.190538 220.000000 72150.593800
13.000000 -27.000000 -4.777602 5.190538 220.000000 72150.593800
13.000000 30.000000 -5.036036 5.476992 349.000000 80333.976600
13.000000 -30.000000 -5.036036 5.476992 349.000000 80333.976600
13.000000 21.000000 -4.213449 1.293687 244.000000 4482.014650
13.000000 -21.000000 -4.213449 1.293687 244.000000 4482.014650
14.000000 28.000000 -4.865272 7.109524 103.000000 118689.320000
14.000000 -28.000000 -4.865272 7.109524 103.000000 118689.320000
14.000000 25.000000 -4.597250 1.776997 8.000000 7414.878420
14.000000 -25.000000 -4.597250 1.776997 8.000000 7414.878420
14.000000 39.000000 -5.741964 7.321238 172.000000 125863.438000
14.000000 -39.000000 -5.741964 7.321238 172.000000 125863.438000
15.000000 32.000000 5.201195 6.426019 130.000000 106093.664000
15.000000 -32.000000 5.201195 6.426019 130.000000 106093.664000
15.000000 19.000000 4.007790 6.032256 135.000000 93489.968800
15.000000 -19.000000 4.007790 6.032256 135.000000 93489.968800
15.000000 15.000000 -3.561015 7.107759 341.000000 129798.828000
15.000000 -15.000000 -3.561015 7.107759 341.000000 129798.828000
16.000000 23.000000 -4.409528 6.752108 168.000000 126439.695000
16.000000 -23.000000 -4.409528 6.752108 168.000000 126439.695000
16.000000 26.000000 4.688294 6.692979 184.000000 124234.906000
16.000000 -26.000000 4.688294 6.692979 184.000000 124234.906000
16.000000 34.000000 -5.361269 4.091935 109.000000 46436.793000
16.000000 -34.000000 -5.361269 4.091935 109.000000 46436.793000
16.000000 35.000000 5.439540 3.875810 286.000000 41661.003900
16.000000 -35.000000 5.439540 3.875810 286.000000 41661.003900
16.000000 15.000000 3.561015 6.121077 314.000000 103910.711000
16.000000 -15.000000 3.561015 6.121077 314.000000 103910.711000
17.000000 17.000000 3.790990 2.900023 172.000000 23662.119100
17.000000 -17.000000 3.790990 2.900023 172.000000 23662.119100
17.000000 17.000000 -3.790990 3.894562 121.000000 42674.445300
17.000000 -17.000000 -3.790990 3.894562 121.000000 42674.445300
17.000000 41.000000 5.887353 1.794205 122.000000 9057.219730
17.000000 -41.000000 5.887353 1.794205 122.000000 9057.219730
17.000000 20.000000 4.111906 3.978514 35.000000 44534.078100
17.000000 -20.000000 4.111906 3.978514 35.000000 44534.078100
17.000000 25.000000 4.597250 6.911717 70.000000 134407.188000
17.000000 -25.000000 4.597250 6.911717 70.000000 134407.188000
17.000000 25.000000 -4.597250 7.231438 44.000000 147129.547000
17.000000 -25.000000 -4.597250 7.231438 44.000000 147129.547000
18.000000 36.000000 5.516700 2.744149 147.000000 19221.218800
18.000000 -36.000000 5.516700 2.744149 147.000000 19221.218800
18.000000 22.000000 4.312603 5.791924 44.000000 85627.117200
18.000000 -22.000000 4.312603 5.791924 44.000000 85627.117200
18.000000 22.000000 4.312603 3.013688 28.000000 23182.597700
18.000000 -22.000000 4.312603 3.013688 28.000000 23182.597700
18.000000 34.000000 -5.361269 3.884333 184.000000 38512.230500
18.000000 -34.000000 -5.361269 3.884333 184.000000 38512.230500
19.000000 17.000000 -3.790990 4.608249 276.000000 55828.078100
19.000000 -17.000000 -3.790990 4.608249 276.000000 55828.078100
19.000000 30.000000 -5.036036 3.977710 193.000000 41595.570300
19.000000 -30.000000 -5.036036 3.977710 193.000000 41595.570300
19.000000 19.000000 -4.007790 5.292161 53.000000 73628.671900
19.000000 -19.000000 -4.007790 5.292161 53.000000 73628.671900
19.000000 41.000000 5.887353 4.375394 310.000000 50328.648400
19.000000 -41.000000 5.887353 4.375394 310.000000 50328.648400
19.000000 19.000000 -4.007790 3.950027 351.000000 41018.625000
19.000000 -19.000000 -4.007790 3.950027 351.000000 41018.625000
20.000000 20.000000 -4.111906 1.013911 319.000000 2569.807620
20.000000 -20.000000 -4.111906 1.013911 319.000000 2569.807620
20.000000 21.000000 4.213449 1.350687 195.000000 4560.484380
20.000000 -21.000000 4.213449 1.350687 195.000000 4560.484380
20.000000 18.000000 3.900896 3.333967 173.000000 27785.867200
20.000000 -18.000000 3.900896 3.333967 173.000000 27785.867200
20.000000 16.000000 3.677800 3.801980 102.000000 36134.414100
20.000000 -16.000000 3.677800 3.801980 102.000000 36134.414100
21.000000 36.000000 5.516700 3.998900 227.000000 45797.324200
21.000000 -36.000000 5.516700 3.998900 227.000000 45797.324200
21.000000 22.000000 4.312603 4.982928 232.000000 71109.593800
21.000000 -22.000000 4.312603 4.982928 232.000000 71109.593800
21.000000 33.000000 -5.281838 6.754030 171.000000 130642.633000
21.000000 -33.000000 -5.281838 6.754030 171.000000 130642.633000
21.000000 31.000000 5.119281 1.695328 68.000000 8231.261720
21.000000 -31.000000 5.119281 1.695328 68.000000 8231.261720
21.000000 33.000000 -5.281838 1.092494 272.000000 3418.195070
21.000000 -33.000000 -5.281838 1.092494 272.000000 3418.195070
21.000000 15.000000 -3.561015 4.390034 220.000000 55194.359400
21.000000 -15.000000 -3.561015 4.390034 220.000000 55194.359400
22.000000 28.000000 4.865272 3.663157 137.000000 39620.714800
22.000000 -28.000000 4.865272 3.663157 137.000000 39620.714800
22.000000 38.000000 5.667871 5.143635 79.000000 78118.078100
22.000000 -38.000000 5.667871 5.143635 79.000000 78118.078100
22.000000 23.000000 -4.409528 7.603579 288.000000 170705.469000
22.000000 -23.000000 -4.409528 7.603579 288.000000 170705.469000
22.000000 35.000000 -5.439540 3.289620 57.000000 31952.349600
22.000000 -35.000000 -5.439540 3.289620 57.000000 31952.349600
22.000000 33.000000 5.281838 2.356281 114.000000 16393.265600
22.000000 -33.000000 5.281838 2.356281 114.000000 16393.265600
22.000000 22.000000 4.312603 6.706810 112.000000 132813.812000
22.000000 -22.000000 4.312603 6.706810 112.000000 132813.812000
22.000000 27.000000 -4.777602 5.277630 75.000000 82241.140600
22.000000 -27.000000 -4.777602 5.277630 75.000000 82241.140600
22.000000 34.000000 -5.361269 6.590510 312.000000 128247.656000
22.000000 -34.000000 -5.361269 6.590510 312.000000 128247.656000
23.000000 26.000000 4.688294 5.261237 149.000000 77740.117200
23.000000 -26.000000 4.688294 5.261237 149.000000 77740.117200
23.000000 24.000000 4.504367 3.174416 172.000000 28300.689500
23.000000 -24.000000 4.504367 3.174416 172.000000 28300.689500
23.000000 17.000000 -3.790990 1.366011 118.000000 5240.564450
23.000000 -17.000000 -3.790990 1.366011 118.000000 5240.564450
23.000000 25.000000 -4.597250 6.421328 56.000000 115802.820000
23.000000 -25.000000 -4.597250 6.421328 56.000000 115802.820000
23.000000 30.000000 5.036036 2.000585 131.000000 11240.446300
23.000000 -30.000000 5.036036 2.000585 131.000000 11240.446300
23.000000 24.000000 4.504367 7.793650 113.000000 170589.094000
23.000000 -24.000000 4.504367 7.793650 113.000000 170589.094000
23.000000 26.000000 4.688294 2.508986 312.000000 17679.339800
23.000000 -26.000000 4.688294 2.508986 312.000000 17679.339800
24.000000 23.000000 -4.409528 7.482623 313.000000 178198.859000
24.000000 -23.000000 -4.409528 7.482623 313.000000 178198.859000
24.000000 32.000000 5.201195 6.423500 166.000000 131322.953000
24.000000 -32.000000 5.201195 6.423500 166.000000 131322.953000
24.000000 25.000000 -4.597250 6.795104 316.000000 146956.719000
24.000000 -25.000000 -4.597250 6.795104 316.000000 146956.719000
24.000000 34.000000 -5.361269 4.496086 297.000000 64337.828100
24.000000 -34.000000 -5.361269 4.496086 297.000000 64337.828100
24.000000 26.000000 -4.688294 6.209679 180.000000 122725.672000
24.000000 -26.000000 -4.688294 6.209679 180.000000 122725.672000
24.000000 24.000000 -4.504367 4.939092 290.000000 77641.046900
24.000000 -24.000000 -4.504367 4.939092 290.000000 77641.046900
24.000000 40.000000 5.815113 1.726257 56.000000 9484.356450
24.000000 -40.000000 5.815113 1.726257 56.000000 9484.356450
24.000000 34.000000 5.361269 3.917325 87.000000 48840.074200
24.000000 -34.000000 5.361269 3.917325 87.000000 48840.074200
24.000000 30.000000 5.036036 1.329428 349.000000 5625.059570
24.000000 -30.000000 5.036036 1.329428 349.000000 5625.059570
25.000000 20.000000 -4.111906 2.023148 342.000000 12830.118200
25.000000 -20.000000 -4.111906 2.023148 342.000000 12830.118200
25.000000 38.000000 5.667871 5.481082 295.000000 94169.039100
25.000000 -38.000000 5.667871 5.481082 295.000000 94169.039100
25.000000 19.000000 -4.007790 2.011145 312.000000 12678.332000
25.000000 -19.000000 -4.007790 2.011145 312.000000 12678.332000
25.000000 17.000000 3.790990 6.712277 330.000000 141226.188000
25.000000 -17.000000 3.790990 6.712277 330.000000 141226.188000
25.000000 22.000000 4.312603 4.930913 326.000000 76213.195300
25.000000 -22.000000 4.312603 4.930913 326.000000 76213.195300
25.000000 40.000000 5.815113 7.410721 157.000000 172145.828000
25.000000 -40.000000 5.815113 7.410721 157.000000 172145.828000
25.000000 20.000000 -4.111906 1.555982 194.000000 7589.004880
25.000000 -20.000000 -4.111906 1.555982 194.000000 7589.004880
25.000000 36.000000 5.516700 6.335222 75.000000 125805.398000
25.000000 -36.000000 5.516700 6.335222 75.000000 125805.398000
25.000000 28.000000 -4.865272 1.851758 58.000000 10748.410200
25.000000 -28.000000 -4.865272 1.851758 58.000000 10748.410200
26.000000 29.000000 -4.951390 2.054791 104.000000 12952.944300
26.000000 -29.000000 -4.951390 2.054791 104.000000 12952.944300
26.000000 13.000000 3.315124 7.693100 348.000000 181566.688000
26.000000 -13.000000 3.315124 7.693100 348.000000 181566.688000
26.000000 25.000000 4.597250 7.678113 340.000000 180859.953000
26.000000 -25.000000 4.597250 7.678113 340.000000 180859.953000
26.000000 34.000000 5.361269 4.880159 136.000000 73063.632800
26.000000 -34.000000 5.361269 4.880159 136.000000 73063.632800
26.000000 32.000000 5.201195 6.457224 201.000000 127916.086000
26.000000 -32.000000 5.201195 6.457224 201.000000 127916.086000
26.000000 35.000000 -5.439540 3.897523 351.000000 46602.664100
26.000000 -35.000000 -5.439540 3.897523 351.000000 46602.664100
26.000000 32.000000 5.201195 7.375163 308.000000 166869.359000
26.000000 -32.000000 5.201195 7.375163 308.000000 166869.359000
27.000000 12.000000 3.185068 4.850472 131.000000 66512.867200
27.000000 -12.000000 3.185068 4.850472 131.000000 66512.867200
27.000000 14.000000 -3.440267 2.657954 354.000000 19972.500000
27.000000 -14.000000 -3.440267 2.657954 354.000000 19972.500000
27.000000 25.000000 -4.597250 3.068949 40.000000 26626.683600
27.000000 -25.000000 -4.597250 3.068949 40.000000 26626.683600
27.000000 35.000000 -5.439540 5.653736 93.000000 90366.757800
27.000000 -35.000000 -5.439540 5.653736 93.000000 90366.757800
27.000000 16.000000 -3.677800 5.536773 77.000000 86666.453100
27.000000 -16.000000 -3.677800 5.536773 77.000000 86666.453100
27.000000 26.000000 -4.688294 3.979896 155.000000 44779.695300
27.000000 -26.000000 -4.688294 3.979896 155.000000 44779.695300
28.000000 33.000000 5.281838 2.463416 198.000000 18026.679700
28.000000 -33.000000 5.281838 2.463416 198.000000 18026.679700
28.000000 27.000000 -4.777602 1.908846 150.000000 10823.852500
28.000000 -27.000000 -4.777602 1.908846 150.000000 10823.852500
28.000000 15.000000 3.561015 4.257029 127.000000 53833.578100
28.000000 -15.000000 3.561015 4.257029 127.000000 53833.578100
28.000000 20.000000 4.111906 7.305961 48.000000 158560.406000
28.000000 -20.000000 4.111906 7.305961 48.000000 158560.406000
28.000000 12.000000 -3.185068 6.409189 135.000000 122024.289000
28.000000 -12.000000 -3.185068 6.409189 135.000000 122024.289000
28.000000 36.000000 -5.516700 5.302084 249.000000 83509.023400
28.000000 -36.000000 -5.516700 5.302084 249.000000 83509.023400
28.000000 30.000000 5.036036 6.774338 70.000000 136324.469000
28.000000 -30.000000 5.036036 6.774338 70.000000 136324.469000
28.000000 32.000000 -5.201195 6.038036 145.000000 108300.750000
28.000000 -32.000000 -5.201195 6.038036 145.000000 108300.750000
29.000000 26.000000 -4.688294 6.520926 240.000000 137266.172000
29.000000 -26.000000 -4.688294 6.520926 240.000000 137266.172000
29.000000 35.000000 5.439540 1.985508 72.000000 12725.898400
29.000000 -35.000000 5.439540 1.985508 72.000000 12725.898400
29.000000 13.000000 3.315124 6.740881 350.000000 146682.547000
29.000000 -13.000000 3.315124 6.740881 350.000000 146682.547000
29.000000 13.000000 -3.315124 5.785834 340.000000 108063.000000
29.000000 -13.000000 -3.315124 5.785834 340.000000 108063.000000
29.000000 20.000000 -4.111906 7.098576 13.000000 162662.547000
29.000000 -20.000000 -4.111906 7.098576 13.000000 162662.547000
29.000000 14.000000 -3.440267 6.983039 38.000000 157410.625000
29.000000 -14.000000 -3.440267 6.983039 38.000000 157410.625000
29.000000 16.000000 3.677800 4.984494 72.000000 80202.375000
29.000000 -16.000000 3.677800 4.984494 72.000000 80202.375000
29.000000 16.000000 3.677800 2.939103 236.000000 27885.265600
29.000000 -16.000000 3.677800 2.939103 236.000000 27885.265600
30.000000 26.000000 4.688294 6.814355 77.000000 146220.750000
30.000000 -26.000000 4.688294 6.814355 77.000000 146220.750000
30.000000 28.000000 -4.865272 3.932073 68.000000 48685.839800
30.000000 -28.000000 -4.865272 3.932073 68.000000 48685.839800
30.000000 29.000000 -4.951390 7.849192 112.000000 194003.422000
30.000000 -29.000000 -4.951390 7.849192 112.000000 194003.422000
30.000000 15.000000 3.561015 4.681503 291.000000 69012.875000
30.000000 -15.000000 3.561015 4.681503 291.000000 69012.875000
30.000000 13.000000 -3.315124 5.878326 0.000000 108809.508000
30.000000 -13.000000 -3.315124 5.878326 0.000000 108809.508000
30.000000 37.000000 -5.592796 1.226001 140.000000 4733.054200
30.000000 -37.000000 -5.592796 1.226001 140.000000 4733.054200
30.000000 32.000000 -5.201195 4.525521 315.000000 64490.648400
30.000000 -32.000000 -5.201195 4.525521 315.000000 64490.648400
30.000000 12.000000 3.185068 5.409202 75.000000 92135.257800
30.000000 -12.000000 3.185068 5.409202 75.000000 92135.257800
30.000000 23.000000 -4.409528 4.470150 232.000000 62922.152300
30.000000 -23.000000 -4.409528 4.470150 232.000000 62922.152300
31.000000 36.000000 5.516700 3.507683 54.000000 38370.957000
31.000000 -36.000000 5.516700 3.507683 54.000000 38370.957000
31.000000 37.000000 5.592796 7.648261 230.000000 182426.297000
31.000000 -37.000000 5.592796 7.648261 230.000000 182426.297000
31.000000 29.000000 4.951390 1.443068 287.000000 6494.345210
31.000000 -29.000000 4.951390 1.443068 287.000000 6494.345210
31.000000 24.000000 4.504367 1.337411 78.000000 5578.170410
31.000000 -24.000000 4.504367 1.337411 78.000000 5578.170410
31.000000 14.000000 3.440267 3.882775 235.000000 47016.074200
31.000000 -14.000000 3.440267 3.882775 235.000000 47016.074200
31.000000 33.000000 5.281838 4.023544 239.000000 50486.988300
31.000000 -33.000000 5.281838 4.023544 239.000000 50486.988300
31.000000 18.000000 -3.900896 3.263483 40.000000 33214.273400
31.000000 -18.000000 -3.900896 3.263483 40.000000 33214.273400
31.000000 40.000000 -5.815113 7.640778 161.000000 182069.469000
31.000000 -40.000000 -5.815113 7.640778 161.000000 182069.469000
31.000000 21.000000 -4.213449 6.665998 63.000000 138577.375000
31.000000 -21.000000 -4.213449 6.665998 63.000000 138577.375000
31.000000 29.000000 -4.951390 6.656981 337.000000 138202.703000
31.000000 -29.000000 -4.951390 6.656981 337.000000 138202.703000
31.000000 18.000000 -3.900896 1.892841 60.000000 11173.525400
31.000000 -18.000000 -3.900896 1.892841 60.000000 11173.525400
32.000000 14.000000 -3.440267 6.318112 150.000000 132278.188000
32.000000 -14.000000 -3.440267 6.318112 150.000000 132278.188000
32.000000 11.000000 -3.049471 6.927302 209.000000 159016.344000
32.000000 -11.000000 -3.049471 6.927302 209.000000 159016.344000
32.000000 34.000000 5.361269 3.723302 66.000000 45937.777300
32.000000 -34.000000 5.361269 3.723302 66.000000 45937.777300
32.000000 11.000000 -3.049471 5.009992 280.000000 83173.992200
32.000000 -11.000000 -3.049471 5.009992 280.000000 83173.992200
32.000000 36.000000 5.516700 6.625122 84.000000 145445.844000
32.000000 -36.000000 5.516700 6.625122 84.000000 145445.844000
32.000000 40.000000 5.815113 2.143928 304.000000 15231.194300
32.000000 -40.000000 5.815113 2.143928 304.000000 15231.194300
32.000000 14.000000 -3.440267 2.907176 125.000000 28006.339800
32.000000 -14.000000 -3.440267 2.907176 125.000000 28006.339800
32.000000 13.000000 3.315124 7.950056 230.000000 209437.250000
32.000000 -13.000000 3.315124 7.950056 230.000000 209437.250000
32.000000 23.000000 4.409528 2.479940 4.000000 20379.619100
32.000000 -23.000000 4.409528 2.479940 4.000000 20379.619100
32.000000 16.000000 3.677800 4.165216 341.000000 57489.507800
32.000000 -16.000000 3.677800 4.165216 341.000000 57489.507800
33.000000 29.000000 -4.951390 2.311677 356.000000 15383.145500
33.000000 -29.000000 -4.951390 2.311677 356.000000 15383.145500
33.000000 31.000000 -5.119281 5.482063 114.000000 86512.507800
33.000000 -31.000000 -5.119281 5.482063 114.000000 86512.507800
33.000000 21.000000 -4.213449 4.067558 263.000000 47627.562500
33.000000 -21.000000 -4.213449 4.067558 263.000000 47627.562500
33.000000 34.000000 5.361269 2.459144 233.000000 17408.392600
33.000000 -34.000000 5.361269 2.459144 233.000000 17408.392600
33.000000 31.000000 5.119281 4.050415 141.000000 47226.941400
33.000000 -31.000000 5.119281 4.050415 141.000000 47226.941400
33.000000 39.000000 -5.741964 5.551162 176.000000 88707.148400
33.000000 -39.000000 -5.741964 5.551162 176.000000 88707.148400
33.000000 17.000000 3.790990 3.545315 169.000000 36182.660200
33.000000 -17.000000 3.790990 3.545315 169.000000 36182.660200
33.000000 22.000000 4.312603 3.374946 15.000000 32788.714800
33.000000 -22.000000 4.312603 3.374946 15.000000 32788.714800
34.000000 39.000000 5.741964 1.774335 215.000000 9079.719730
34.000000 -39.000000 5.741964 1.774335 215.000000 9079.719730
34.000000 29.000000 4.951390 2.875422 295.000000 23845.380900
34.000000 -29.000000 4.951390 2.875422 295.000000 23845.380900
34.000000 17.000000 -3.790990 2.731293 217.000000 21514.820300
34.000000 -17.000000 -3.790990 2.731293 217.000000 21514.820300
34.000000 15.000000 3.561015 3.694703 139.000000 39369.527300
34.000000 -15.000000 3.561015 3.694703 139.000000 39369.527300
34.000000 14.000000 -3.440267 2.164559 251.000000 13512.638700
34.000000 -14.000000 -3.440267 2.164559 251.000000 13512.638700
34.000000 12.000000 -3.185068 7.898826 134.000000 179939.406000
34.000000 -12.000000 -3.185068 7.898826 134.000000 179939.406000
34.000000 33.000000 -5.281838 4.193413 114.000000 50714.992200
34.000000 -33.000000 -5.281838 4.193413 114.000000 50714.992200
35.000000 40.000000 5.815113 6.819708 171.000000 150354.125000
35.000000 -40.000000 5.815113 6.819708 171.000000 150354.125000
35.000000 32.000000 5.201195 7.299160 345.000000 172238.219000
35.000000 -32.000000 5.201195 7.299160 345.000000 172238.219000
35.000000 13.000000 -3.315124 2.363466 67.000000 18058.531200
35.000000 -13.000000 -3.315124 2.363466 67.000000 18058.531200
35.000000 24.000000 -4.504367 7.504680 113.000000 182074.078000
35.000000 -24.000000 -4.504367 7.504680 113.000000 182074.078000
35.000000 12.000000 3.185068 7.306606 78.000000 172589.844000
35.000000 -12.000000 3.185068 7.306606 78.000000 172589.844000
35.000000 28.000000 -4.865272 6.254019 182.000000 126445.156000
35.000000 -28.000000 -4.865272 6.254019 182.000000 126445.156000
35.000000 24.000000 -4.504367 2.143790 315.000000 14857.581100
35.000000 -24.000000 -4.504367 2.143790 315.000000 14857.581100
35.000000 18.000000 3.900896 7.075049 311.000000 161823.906000
35.000000 -18.000000 3.900896 7.075049 311.000000 161823.906000
35.000000 39.000000 5.741964 5.117275 245.000000 84656.710900
35.000000 -39.000000 5.741964 5.117275 245.000000 84656.710900
35.000000 25.000000 -4.597250 1.827751 274.000000 10799.853500
35.000000 -25.000000 -4.597250 1.827751 274.000000 10799.853500
35.000000 22.000000 -4.312603 3.360094 23.000000 36499.480500
35.000000 -22.000000 -4.312603 3.360094 23.000000 36499.480500
36.000000 25.000000 -4.597250 5.098894 135.000000 79968.210900
36.000000 -25.000000 -4.597250 5.098894 135.000000 79968.210900
36.000000 14.000000 3.440267 4.132442 332.000000 52526.546900
36.000000 -14.000000 3.440267 4.132442 332.000000 52526.546900
36.000000 38.000000 5.667871 7.408440 77.000000 168818.031000
36.000000 -38.000000 5.667871 7.408440 77.000000 168818.031000
36.000000 31.000000 -5.119281 2.910231 60.000000 26050.748000
36.000000 -31.000000 -5.119281 2.910231 60.000000 26050.748000
36.000000 35.000000 -5.439540 5.853213 323.000000 105379.008000
36.000000 -35.000000 -5.439540 5.853213 323.000000 105379.008000
36.000000 27.000000 4.777602 4.255911 171.000000 55712.218800
36.000000 -27.000000 4.777602 4.255911 171.000000 55712.218800
36.000000 22.000000 -4.312603 6.609511 353.000000 134370.531000
36.000000 -22.000000 -4.312603 6.609511 353.000000 134370.531000
36.000000 21.000000 4.213449 4.986173 96.000000 76471.578100
36.000000 -21.000000 4.213449 4.986173 96.000000 76471.578100
36.000000 25.000000 -4.597250 7.955510 195.000000 194671.078000
36.000000 -25.000000 -4.597250 7.955510 195.000000 194671.078000
37.000000 20.000000 4.111906 1.941181 305.000000 12321.822300
37.000000 -20.000000 4.111906 1.941181 305.000000 12321.822300
37.000000 35.000000 5.439540 7.063292 356.000000 163138.672000
37.000000 -35.000000 5.439540 7.063292 356.000000 163138.672000
37.000000 24.000000 -4.504367 1.943324 79.000000 12349.042000
37.000000 -24.000000 -4.504367 1.943324 79.000000 12349.042000
37.000000 18.000000 3.900896 7.460799 182.000000 182017.578000
37.000000 -18.000000 3.900896 7.460799 182.000000 182017.578000
37.000000 30.000000 -5.036036 7.901235 147.000000 204142.125000
37.000000 -30.000000 -5.036036 7.901235 147.000000 204142.125000
37.000000 23.000000 4.409528 2.022210 87.000000 13371.959000
37.000000 -23.000000 4.409528 2.022210 87.000000 13371.959000
37.000000 28.000000 -4.865272 5.651034 140.000000 104423.578000
37.000000 -28.000000 -4.865272 5.651034 140.000000 104423.578000
37.000000 17.000000 -3.790990 2.193197 333.000000 15728.878900
37.000000 -17.000000 -3.790990 2.193197 333.000000 15728.878900
37.000000 34.000000 -5.361269 2.108934 206.000000 14543.490200
37.000000 -34.000000 -5.361269 2.108934 206.000000 14543.490200
37.000000 12.000000 -3.185068 3.703967 22.000000 44861.828100
37.000000 -12.000000 -3.185068 3.703967 22.000000 44861.828100
37.000000 17.000000 -3.790990 7.760180 311.000000 196918.359000
37.000000 -17.000000 -3.790990 7.760180 311.000000 196918.359000
38.000000 34.000000 -5.361269 3.373427 27.000000 34949.140600
38.000000 -34.000000 -5.361269 3.373427 27.000000 34949.140600
38.000000 28.000000 4.865272 7.525103 18.000000 173907.609000
38.000000 -28.000000 4.865272 7.525103 18.000000 173907.609000
38.000000 15.000000 -3.561015 3.701345 171.000000 42073.914100
38.000000 -15.000000 -3.561015 3.701345 171.000000 42073.914100
38.000000 11.000000 -3.049471 6.405678 320.000000 126015.500000
38.000000 -11.000000 -3.049471 6.405678 320.000000 126015.500000
38.000000 20.000000 4.111906 1.244992 255.000000 4760.220210
38.000000 -20.000000 4.111906 1.244992 255.000000 4760.220210
38.000000 15.000000 3.561015 6.574041 297.000000 132726.797000
38.000000 -15.000000 3.561015 6.574041 297.000000 132726.797000
38.000000 17.000000 -3.790990 2.823940 45.000000 24490.904300
38.000000 -17.000000 -3.790990 2.823940 45.000000 24490.904300
38.000000 18.000000 -3.900896 2.597889 254.000000 20726.923800
38.000000 -18.000000 -3.900896 2.597889 254.000000 20726.923800
38.000000 25.000000 4.597250 4.737333 149.000000 68922.601600
38.000000 -25.000000 4.597250 4.737333 149.000000 68922.601600
38.000000 14.000000 3.440267 3.045416 195.000000 28483.074200
38.000000 -14.000000 3.440267 3.045416 195.000000 28483.074200
38.000000 10.000000 2.907556 4.828512 179.000000 71601.226600
38.000000 -10.000000 2.907556 4.828512 179.000000 71601.226600
39.000000 28.000000 4.865272 4.907626 220.000000 83640.132800
39.000000 -28.000000 4.865272 4.907626 220.000000 83640.132800
39.000000 11.000000 -3.049471 7.377578 279.000000 189016.328000
39.000000 -11.000000 -3.049471 7.377578 279.000000 189016.328000
39.000000 16.000000 3.677800 2.878332 166.000000 28770.914100
39.000000 -16.000000 3.677800 2.878332 166.000000 28770.914100
39.000000 11.000000 3.049471 6.413831 85.000000 142858.703000
39.000000 -11.000000 3.049471 6.413831 85.000000 142858.703000
39.000000 33.000000 5.281838 4.130323 94.000000 59243.390600
39.000000 -33.000000 5.281838 4.130323 94.000000 59243.390600
39.000000 17.000000 3.790990 6.871216 337.000000 163960.391000
39.000000 -17.000000 3.790990 6.871216 337.000000 163960.391000
39.000000 24.000000 4.504367 7.183798 46.000000 179217.312000
39.000000 -24.000000 4.504367 7.183798 46.000000 179217.312000
39.000000 16.000000 -3.677800 6.569041 185.000000 149856.578000
39.000000 -16.000000 -3.677800 6.569041 185.000000 149856.578000
39.000000 11.000000 -3.049471 2.473041 38.000000 21239.017600
39.000000 -11.000000 -3.049471 2.473041 38.000000 21239.017600
39.000000 24.000000 -4.504367 2.177358 213.000000 16463.857400
39.000000 -24.000000 -4.504367 2.177358 213.000000 16463.857400
39.000000 31.000000 5.119281 4.745176 224.000000 78194.531200
39.000000 -31.000000 5.119281 4.745176 224.000000 78194.531200
39.000000 25.000000 4.597250 4.969706 191.000000 85769.539100
39.000000 -25.000000 4.597250 4.969706 191.000000 85769.539100
39.000000 14.000000 -3.440267 5.260910 153.000000 96115.531200
39.000000 -14.000000 -3.440267 5.260910 153.000000 96115.531200
40.000000 19.000000 -4.007790 6.384420 204.000000 138865.859000
40.000000 -19.000000 -4.007790 6.384420 204.000000 138865.859000
40.000000 36.000000 5.516700 5.888700 65.000000 118138.492000
40.000000 -36.000000 5.516700 5.888700 65.000000 118138.492000
40.000000 27.000000 4.777602 4.547233 310.000000 70444.468800
40.000000 -27.000000 4.777602 4.547233 310.000000 70444.468800
40.000000 35.000000 -5.439540 2.817033 228.000000 27035.617200
40.000000 -35.000000 -5.439540 2.817033 228.000000 27035.617200
40.000000 10.000000 2.907556 7.179037 278.000000 175583.984000
40.000000 -10.000000 2.907556 7.179037 278.000000 175583.984000
40.000000 39.000000 -5.741964 7.745253 252.000000 204373.109000
40.000000 -39.000000 -5.741964 7.745253 252.000000 204373.109000
40.000000 34.000000 -5.361269 7.358300 170.000000 184462.250000
40.000000 -34.000000 -5.361269 7.358300 170.000000 184462.250000
40.000000 16.000000 -3.677800 6.452216 247.000000 141830.734000
40.000000 -16.000000 -3.677800 6.452216 247.000000 141830.734000
40.000000 39.000000 -5.741964 6.830320 105.000000 158940.531000
40.000000 -39.000000 -5.741964 6.830320 105.000000 158940.531000
40.000000 14.000000 3.440267 7.966610 32.000000 216221.891000
40.000000 -14.000000 3.440267 7.966610 32.000000 216221.891000
41.000000 26.000000 -4.688294 3.793093 40.000000 44740.000000
41.000000 -26.000000 -4.688294 3.793093 40.000000 44740.000000
41.000000 12.000000 3.185068 7.025799 7.000000 153497.188000
41.000000 -12.000000 3.185068 7.025799 7.000000 153497.188000
41.000000 30.000000 5.036036 1.039605 336.000000 3360.826420
41.000000 -30.000000 5.036036 1.039605 336.000000 3360.826420
41.000000 34.000000 -5.361269 7.900932 148.000000 194117.953000
41.000000 -34.000000 -5.361269 7.900932 148.000000 194117.953000
41.000000 24.000000 -4.504367 4.788894 284.000000 71314.757800
41.000000 -24.000000 -4.504367 4.788894 284.000000 71314.757800
41.000000 26.000000 -4.688294 2.907674 141.000000 26290.595700
41.000000 -26.000000 -4.688294 2.907674 141.000000 26290.595700
41.000000 13.000000 -3.315124 4.962457 52.000000 76577.742200
41.000000 -13.000000 -3.315124 4.962457 52.000000 76577.742200
41.000000 25.000000 -4.597250 7.610956 109.000000 180130.562000
41.000000 -25.000000 -4.597250 7.610956 109.000000 180130.562000
41.000000 37.000000 5.592796 1.938568 337.000000 11686.139600
41.000000 -37.000000 5.592796 1.938568 337.000000 11686.139600
41.000000 38.000000 5.667871 7.926691 178.000000 195385.734000
41.000000 -38.000000 5.667871 7.926691 178.000000 195385.734000
42.000000 36.000000 5.516700 7.846352 78.000000 204322.953000
42.000000 -36.000000 5.516700 7.846352 78.000000 204322.953000
42.000000 36.000000 -5.516700 6.103041 97.000000 123615.859000
42.000000 -36.000000 -5.516700 6.103041 97.000000 123615.859000
42.000000 9.000000 -2.758350 7.457324 93.000000 184564.297000
42.000000 -9.000000 -2.758350 7.457324 93.000000 184564.297000
42.000000 29.000000 -4.951390 7.041927 102.000000 164575.312000
42.000000 -29.000000 -4.951390 7.041927 102.000000 164575.312000
42.000000 11.000000 3.049471 4.266679 196.000000 60417.332000
42.000000 -11.000000 3.049471 4.266679 196.000000 60417.332000
42.000000 10.000000 -2.907556 6.067346 118.000000 122174.094000
42.000000 -10.000000 -2.907556 6.067346 118.000000 122174.094000
42.000000 9.000000 2.758350 7.033773 343.000000 164194.391000
42.000000 -9.000000 2.758350 7.033773 343.000000 164194.391000
42.000000 19.000000 4.007790 5.687931 108.000000 107371.820000
42.000000 -19.000000 4.007790 5.687931 108.000000 107371.820000
42.000000 26.000000 4.688294 3.123321 69.000000 32375.386700
42.000000 -26.000000 4.688294 3.123321 69.000000 32375.386700
42.000000 27.000000 4.777602 3.812234 58.000000 48232.601600
42.000000 -27.000000 4.777602 3.812234 58.000000 48232.601600
42.000000 29.000000 -4.951390 1.636019 16.000000 8882.974610
42.000000 -29.000000 -4.951390 1.636019 16.000000 8882.974610
42.000000 14.000000 3.440267 1.263998 261.000000 5302.423830
42.000000 -14.000000 3.440267 1.263998 261.000000 5302.423830
42.000000 36.000000 -5.516700 1.644938 348.000000 8980.090820
42.000000 -36.000000 -5.516700 1.644938 348.000000 8980.090820
43.000000 10.000000 -2.907556 1.586677 62.000000 8254.465820
43.000000 -10.000000 -2.907556 1.586677 62.000000 8254.465820
43.000000 29.000000 -4.951390 2.373816 312.000000 18475.918000
43.000000 -29.000000 -4.951390 2.373816 312.000000 18475.918000
43.000000 23.000000 -4.409528 1.649936 271.000000 8925.780270
43.000000 -23.000000 -4.409528 1.649936 271.000000 8925.780270
43.000000 11.000000 -3.049471 7.554866 118.000000 187139.438000
43.000000 -11.000000 -3.049471 7.554866 118.000000 187139.438000
43.000000 26.000000 -4.688294 5.001266 248.000000 82010.937500
43.000000 -26.000000 -4.688294 5.001266 248.000000 82010.937500
43.000000 24.000000 4.504367 4.137627 229.000000 56132.496100
43.000000 -24.000000 4.504367 4.137627 229.000000 56132.496100
43.000000 17.000000 -3.790990 4.688371 223.000000 72070.187500
43.000000 -17.000000 -3.790990 4.688371 223.000000 72070.187500
43.000000 24.000000 4.504367 5.289709 302.000000 91743.515600
43.000000 -24.000000 4.504367 5.289709 302.000000 91743.515600
43.000000 29.000000 4.951390 1.465261 235.000000 7039.499020
43.000000 -29.000000 4.951390 1.465261 235.000000 7039.499020
43.000000 38.000000 -5.667871 7.788900 236.000000 198913.406000
43.000000 -38.000000 -5.667871 7.788900 236.000000 198913.406000
43.000000 24.000000 4.504367 6.450727 305.000000 136436.047000
43.000000 -24.000000 4.504367 6.450727 305.000000 136436.047000
43.000000 25.000000 4.597250 2.664649 202.000000 23280.474600
43.000000 -25.000000 4.597250 2.664649 202.000000 23280.474600
43.000000 13.000000 3.315124 1.516439 57.000000 7539.828610
43.000000 -13.000000 3.315124 1.516439 57.000000 7539.828610
44.000000 30.000000 -5.036036 7.908912 86.000000 210969.812000
44.000000 -30.000000 -5.036036 7.908912 86.000000 210969.812000
44.000000 27.000000 -4.777602 2.450961 261.000000 20260.943400
44.000000 -27.000000 -4.777602 2.450961 261.000000 20260.943400
44.000000 37.000000 -5.592796 5.219429 69.000000 91882.507800
44.000000 -37.000000 -5.592796 5.219429 69.000000 91882.507800
44.000000 10.000000 2.907556 4.661132 227.000000 73277.328100
44.000000 -10.000000 2.907556 4.661132 227.000000 73277.328100
44.000000 25.000000 4.597250 4.763875 153.000000 76543.351600
44.000000 -25.000000 4.597250 4.763875 153.000000 76543.351600
44.000000 20.000000 -4.111906 3.611218 269.000000 43983.953100
44.000000 -20.000000 -4.111906 3.611218 269.000000 43983.953100
44.000000 25.000000 -4.597250 3.019155 326.000000 30743.808600
44.000000 -25.000000 -4.597250 3.019155 326.000000 30743.808600
44.000000 28.000000 -4.865272 4.549080 36.000000 69796.546900
44.000000 -28.000000 -4.865272 4.549080 36.000000 69796.546900
44.000000 24.000000 4.504367 3.096877 309.000000 32347.054700
44.000000 -24.000000 4.504367 3.096877 309.000000 32347.054700
44.000000 17.000000 3.790990 6.320694 215.000000 134746.141000
44.000000 -17.000000 3.790990 6.320694 215.000000 134746.141000
44.000000 26.000000 -4.688294 1.444691 8.000000 7039.421880
44.000000 -26.000000 -4.688294 1.444691 8.000000 7039.421880
44.000000 32.000000 5.201195 7.182381 211.000000 173989.781000
44.000000 -32.000000 5.201195 7.182381 211.000000 173989.781000
44.000000 17.000000 3.790990 7.960936 157.000000 213754.406000
44.000000 -17.000000 3.790990 7.960936 157.000000 213754.406000
45.000000 21.000000 -4.213449 7.999561 55.000000 214424.172000
45.000000 -21.000000 -4.213449 7.999561 55.000000 214424.172000
45.000000 34.000000 5.361269 2.875567 348.000000 27706.929700
45.000000 -34.000000 5.361269 2.875567 348.000000 27706.929700
45.000000 37.000000 5.592796 6.075180 18.000000 123668.648000
45.000000 -37.000000 5.592796 6.075180 18.000000 123668.648000
45.000000 24.000000 -4.504367 5.717546 222.000000 109536.992000
45.000000 -24.000000 -4.504367 5.717546 222.000000 109536.992000
45.000000 15.000000 3.561015 2.085150 170.000000 14568.540000
45.000000 -15.000000 3.561015 2.085150 170.000000 14568.540000
45.000000 12.000000 3.185068 5.104737 51.000000 87314.859400
45.000000 -12.000000 3.185068 5.104737 51.000000 87314.859400
45.000000 28.000000 4.865272 4.154869 319.000000 57843.691400
45.000000 -28.000000 4.865272 4.154869 319.000000 57843.691400
45.000000 12.000000 3.185068 6.825071 291.000000 156083.078000
45.000000 -12.000000 3.185068 6.825071 291.000000 156083.078000
45.000000 30.000000 5.036036 7.646155 222.000000 195896.938000
45.000000 -30.000000 5.036036 7.646155 222.000000 195896.938000
45.000000 29.000000 -4.951390 1.612224 221.000000 8709.474610
45.000000 -29.000000 -4.951390 1.612224 221.000000 8709.474610
45.000000 32.000000 -5.201195 6.377733 31.000000 136293.172000
45.000000 -32.000000 -5.201195 6.377733 31.000000 136293.172000
45.000000 21.000000 -4.213449 2.677722 86.000000 24025.494100
45.000000 -21.000000 -4.213449 2.677722 86.000000 24025.494100
45.000000 16.000000 -3.677800 2.745709 157.000000 25260.998000
45.000000 -16.000000 -3.677800 2.745709 157.000000 25260.998000
46.000000 17.000000 -3.790990 5.419277 94.000000 94430.921900
46.000000 -17.000000 -3.790990 5.419277 94.000000 94430.921900
46.000000 31.000000 5.119281 5.793962 297.000000 107940.086000
46.000000 -31.000000 5.119281 5.793962 297.000000 107940.086000
46.000000 38.000000 5.667871 2.931136 52.000000 27625.070300
46.000000 -38.000000 5.667871 2.931136 52.000000 27625.070300
46.000000 34.000000 -5.361269 5.599480 43.000000 100815.406000
46.000000 -34.000000 -5.361269 5.599480 43.000000 100815.406000
46.000000 33.000000 5.281838 1.158735 239.000000 4317.179200
46.000000 -33.000000 5.281838 1.158735 239.000000 4317.179200
46.000000 13.000000 -3.315124 1.876921 137.000000 11327.225600
46.000000 -13.000000 -3.315124 1.876921 137.000000 11327.225600
46.000000 11.000000 3.049471 5.117312 9.000000 84200.648400
46.000000 -11.000000 3.049471 5.117312 9.000000 84200.648400
46.000000 15.000000 3.561015 6.164633 78.000000 122192.906000
46.000000 -15.000000 3.561015 6.164633 78.000000 122192.906000
46.000000 12.000000 -3.185068 2.985536 114.000000 28660.002000
46.000000 -12.000000 -3.185068 2.985536 114.000000 28660.002000
46.000000 10.000000 -2.907556 5.539078 355.000000 98652.140600
46.000000 -10.000000 -2.907556 5.539078 355.000000 98652.140600
47.000000 33.000000 5.281838 5.170189 23.000000 88521.703100
47.000000 -33.000000 5.281838 5.170189 23.000000 88521.703100
47.000000 9.000000 2.758350 4.334155 58.000000 62207.937500
47.000000 -9.000000 2.758350 4.334155 58.000000 62207.937500
47.000000 18.000000 -3.900896 5.429158 255.000000 97611.710900
47.000000 -18.000000 -3.900896 5.429158 255.000000 97611.710900
47.000000 35.000000 -5.439540 2.048968 239.000000 13902.954100
47.000000 -35.000000 -5.439540 2.048968 239.000000 13902.954100
47.000000 21.000000 4.213449 5.020317 280.000000 83464.015600
47.000000 -21.000000 4.213449 5.020317 280.000000 83464.015600
47.000000 33.000000 -5.281838 6.203771 317.000000 127452.508000
47.000000 -33.000000 -5.281838 6.203771 317.000000 127452.508000
47.000000 17.000000 3.790990 3.510715 97.000000 40815.781200
47.000000 -17.000000 3.790990 3.510715 97.000000 40815.781200
47.000000 33.000000 -5.281838 3.169866 191.000000 33275.054700
47.000000 -33.000000 -5.281838 3.169866 191.000000 33275.054700
47.000000 14.000000 3.440267 1.487655 252.000000 7328.939940
47.000000 -14.000000 3.440267 1.487655 252.000000 7328.939940
47.000000 20.000000 4.111906 3.581486 89.000000 42477.941400
47.000000 -20.000000 4.111906 3.581486 89.000000 42477.941400
47.000000 36.000000 -5.516700 4.243505 216.000000 59632.972700
47.000000 -36.000000 -5.516700 4.243505 216.000000 59632.972700
47.000000 10.000000 2.907556 3.868280 254.000000 49553.316400
47.000000 -10.000000 2.907556 3.868280 254.000000 49553.316400
47.000000 34.000000 -5.361269 4.776909 343.000000 75566.773400
47.000000 -34.000000 -5.361269 4.776909 343.000000 75566.773400
48.000000 30.000000 -5.036036 5.935086 10.000000 118382.125000
48.000000 -30.000000 -5.036036 5.935086 10.000000 118382.125000
48.000000 36.000000 5.516700 7.110832 51.000000 169931.109000
48.000000 -36.000000 5.516700 7.110832 51.000000 169931.109000
48.000000 30.000000 -5.036036 6.609403 326.000000 146810.266000
48.000000 -30.000000 -5.036036 6.609403 326.000000 146810.266000
48.000000 20.000000 -4.111906 1.768038 173.000000 10505.465800
48.000000 -20.000000 -4.111906 1.768038 173.000000 10505.465800
48.000000 25.000000 4.597250 1.435527 112.000000 6925.561040
48.000000 -25.000000 4.597250 1.435527 112.000000 6925.561040
48.000000 22.000000 4.312603 3.651863 15.000000 44818.878900
48.000000 -22.000000 4.312603 3.651863 15.000000 44818.878900
48.000000 28.000000 4.865272 5.964395 9.000000 119554.188000
48.000000 -28.000000 4.865272 5.964395 9.000000 119554.188000
48.000000 10.000000 -2.907556 6.194380 94.000000 128951.875000
48.000000 -10.000000 -2.907556 6.194380 94.000000 128951.875000
48.000000 34.000000 -5.361269 3.304292 324.000000 36693.472700
48.000000 -34.000000 -5.361269 3.304292 324.000000 36693.472700
48.000000 23.000000 -4.409528 5.369376 167.000000 96890.148400
48.000000 -23.000000 -4.409528 5.369376 167.000000 96890.148400
48.000000 34.000000 5.361269 2.003084 311.000000 13484.356400
48.000000 -34.000000 5.361269 2.003084 311.000000 13484.356400
48.000000 18.000000 -3.900896 3.838316 21.000000 49512.343800
48.000000 -18.000000 -3.900896 3.838316 21.000000 49512.343800
48.000000 18.000000 -3.900896 4.991692 35.000000 83738.945300
48.000000 -18.000000 -3.900896 4.991692 35.000000 83738.945300
48.000000 32.000000 5.201195 1.596764 301.000000 8568.674800
48.000000 -32.000000 5.201195 1.596764 301.000000 8568.674800
49.000000 19.000000 -4.007790 4.476371 213.000000 62424.851600
49.000000 -19.000000 -4.007790 4.476371 213.000000 62424.851600
49.000000 20.000000 -4.111906 2.422563 3.000000 18283.330100
49.000000 -20.000000 -4.111906 2.422563 3.000000 18283.330100
49.000000 22.000000 4.312603 4.157070 176.000000 53836.894500
49.000000 -22.000000 4.312603 4.157070 176.000000 53836.894500
49.000000 21.000000 -4.213449 6.249733 332.000000 121682.523000
49.000000 -21.000000 -4.213449 6.249733 332.000000 121682.523000
49.000000 37.000000 5.592796 6.389910 57.000000 127202.234000
49.000000 -37.000000 5.592796 6.389910 57.000000 127202.234000
49.000000 11.000000 -3.049471 7.684317 256.000000 183956.797000
49.000000 -11.000000 -3.049471 7.684317 256.000000 183956.797000
49.000000 28.000000 4.865272 6.495546 154.000000 131442.766000
49.000000 -28.000000 4.865272 6.495546 154.000000 131442.766000
49.000000 12.000000 -3.185068 2.876073 226.000000 25769.445300
49.000000 -12.000000 -3.185068 2.876073 226.000000 25769.445300
49.000000 18.000000 3.900896 4.648581 97.000000 67320.328100
49.000000 -18.000000 3.900896 4.648581 97.000000 67320.328100
49.000000 35.000000 -5.439540 6.655777 173.000000 138007.531000
49.000000 -35.000000 -5.439540 6.655777 173.000000 138007.531000
49.000000 28.000000 4.865272 3.997065 113.000000 49772.289100
49.000000 -28.000000 4.865272 3.997065 113.000000 49772.289100
49.000000 11.000000 -3.049471 1.886886 51.000000 11091.664100
49.000000 -11.000000 -3.049471 1.886886 51.000000 11091.664100
50.000000 35.000000 5.439540 7.362646 286.000000 173270.375000
50.000000 -35.000000 5.439540 7.362646 286.000000 173270.375000
50.000000 13.000000 3.315124 2.609469 321.000000 21765.111300
50.000000 -13.000000 3.315124 2.609469 321.000000 21765.111300
50.000000 30.000000 -5.036036 4.610540 34.000000 67945.398400
50.000000 -30.000000 -5.036036 4.610540 34.000000 67945.398400
50.000000 10.000000 2.907556 4.321169 27.000000 59684.148400
50.000000 -10.000000 2.907556 4.321169 27.000000 59684.148400
50.000000 26.000000 4.688294 3.502951 295.000000 39221.535200
50.000000 -26.000000 4.688294 3.502951 295.000000 39221.535200
50.000000 13.000000 3.315124 1.706174 226.000000 9304.720700
50.000000 -13.000000 3.315124 1.706174 226.000000 9304.720700
50.000000 37.000000 -5.592796 1.899094 157.000000 11527.883800
50.000000 -37.000000 -5.592796 1.899094 157.000000 11527.883800
50.000000 20.000000 4.111906 6.102463 68.000000 119032.859000
50.000000 -20.000000 4.111906 6.102463 68.000000 119032.859000
50.000000 18.000000 -3.900896 3.371131 118.000000 36325.171900
50.000000 -18.000000 -3.900896 3.371131 118.000000 36325.171900
50.000000 19.000000 -4.007790 4.386237 229.000000 61495.128900
50.000000 -19.000000 -4.007790 4.386237 229.000000 61495.128900
50.000000 17.000000 -3.790990 6.009521 316.000000 115434.648000
50.000000 -17.000000 -3.790990 6.009521 316.000000 115434.648000
50.000000 15.000000 -3.561015 1.116623 112.000000 3985.380620
50.000000 -15.000000 -3.561015 1.116623 112.000000 3985.380620
50.000000 11.000000 -3.049471 4.684809 203.000000 70152.031200
50.000000 -11.000000 -3.049471 4.684809 203.000000 70152.031200
51.000000 22.000000 4.312603 3.244836 119.000000 35620.699200
51.000000 -22.000000 4.312603 3.244836 119.000000 35620.699200
51.000000 35.000000 5.439540 5.429899 210.000000 99747.148400
51.000000 -35.000000 5.439540 5.429899 210.000000 99747.148400
51.000000 31.000000 5.119281 6.356388 114.000000 136690.281000
51.000000 -31.000000 5.119281 6.356388 114.000000 136690.281000
51.000000 27.000000 -4.777602 6.967830 252.000000 164252.516000
51.000000 -27.000000 -4.777602 6.967830 252.000000 164252.516000
51.000000 12.000000 -3.185068 6.005103 254.000000 121999.453000
51.000000 -12.000000 -3.185068 6.005103 254.000000 121999.453000
51.000000 17.000000 3.790990 4.977389 130.000000 83814.687500
51.000000 -17.000000 3.790990 4.977389 130.000000 83814.687500
51.000000 27.000000 4.777602 6.332089 33.000000 135647.250000
51.000000 -27.000000 4.777602 6.332089 33.000000 135647.250000
51.000000 19.000000 4.007790 2.569984 250.000000 22344.869100
51.000000 -19.000000 4.007790 2.569984 250.000000 22344.869100
51.000000 37.000000 5.592796 2.187959 27.000000 16195.540000
51.000000 -37.000000 5.592796 2.187959 27.000000 16195.540000
51.000000 8.000000 -2.600597 2.939455 157.000000 29231.466800
51.000000 -8.000000 -2.600597 2.939455 157.000000 29231.466800
51.000000 33.000000 -5.281838 1.230516 156.000000 5122.611330
51.000000 -33.000000 -5.281838 1.230516 156.000000 5122.611330
51.000000 28.000000 -4.865272 3.236563 0.000000 35439.296900
51.000000 -28.000000 -4.865272 3.236563 0.000000 35439.296900
51.000000 19.000000 -4.007790 4.936856 131.000000 82455.148400
51.000000 -19.000000 -4.007790 4.936856 131.000000 82455.148400
51.000000 31.000000 -5.119281 7.009254 56.000000 166211.312000
51.000000 -31.000000 -5.119281 7.009254 56.000000 166211.312000
52.000000 33.000000 5.281838 6.750063 237.000000 153830.484000
52.000000 -33.000000 5.281838 6.750063 237.000000 153830.484000
52.000000 29.000000 4.951390 7.968684 352.000000 214387.812000
52.000000 -29.000000 4.951390 7.968684 352.000000 214387.812000
52.000000 31.000000 5.119281 7.681740 145.000000 199225.984000
52.000000 -31.000000 5.119281 7.681740 145.000000 199225.984000
52.000000 15.000000 3.561015 2.214455 227.000000 16556.199200
52.000000 -15.000000 3.561015 2.214455 227.000000 16556.199200
52.000000 9.000000 -2.758350 5.243473 39.000000 92824.976600
52.000000 -9.000000 -2.758350 5.243473 39.000000 92824.976600
52.000000 23.000000 4.409528 4.344416 316.000000 63722.023400
52.000000 -23.000000 4.409528 4.344416 316.000000 63722.023400
52.000000 33.000000 -5.281838 6.680384 303.000000 150670.984000
52.000000 -33.000000 -5.281838 6.680384 303.000000 150670.984000
52.000000 20.000000 -4.111906 5.534922 42.000000 103430.773000
52.000000 -20.000000 -4.111906 5.534922 42.000000 103430.773000
52.000000 16.000000 3.677800 3.107308 195.000000 32598.334000
52.000000 -16.000000 3.677800 3.107308 195.000000 32598.334000
52.000000 19.000000 -4.007790 3.107513 295.000000 32602.640600
52.000000 -19.000000 -4.007790 3.107513 295.000000 32602.640600
52.000000 21.000000 -4.213449 7.994911 215.000000 215801.328000
52.000000 -21.000000 -4.213449 7.994911 215.000000 215801.328000
52.000000 19.000000 -4.007790 2.341306 7.000000 18507.298800
52.000000 -19.000000 -4.007790 2.341306 7.000000 18507.298800
52.000000 21.000000 4.213449 5.062598 134.000000 86531.406200
52.000000 -21.000000 4.213449 5.062598 134.000000 86531.406200
52.000000 14.000000 3.440267 5.227820 82.000000 92271.625000
52.000000 -14.000000 3.440267 5.227820 82.000000 92271.625000
53.000000 14.000000 -3.440267 6.905767 212.000000 160683.297000
53.000000 -14.000000 -3.440267 6.905767 212.000000 160683.297000
53.000000 13.000000 -3.315124 5.182482 1.000000 90494.554700
53.000000 -13.000000 -3.315124 5.182482 1.000000 90494.554700
53.000000 19.000000 -4.007790 4.716763 112.000000 74960.906200
53.000000 -19.000000 -4.007790 4.716763 112.000000 74960.906200
53.000000 9.000000 2.758350 1.310795 22.000000 5789.169920
53.000000 -9.000000 2.758350 1.310795 22.000000 5789.169920
53.000000 33.000000 5.281838 3.589131 86.000000 43403.582000
53.000000 -33.000000 5.281838 3.589131 86.000000 43403.582000
53.000000 27.000000 -4.777602 7.851465 72.000000 207705.625000
53.000000 -27.000000 -4.777602 7.851465 72.000000 207705.625000
53.000000 10.000000 2.907556 5.725048 258.000000 110434.586000
53.000000 -10.000000 2.907556 5.725048 258.000000 110434.586000
53.000000 24.000000 4.504367 6.251345 52.000000 131672.125000
53.000000 -24.000000 4.504367 6.251345 52.000000 131672.125000
53.000000 26.000000 -4.688294 1.609166 72.000000 8724.662110
53.000000 -26.000000 -4.688294 1.609166 72.000000 8724.662110
53.000000 21.000000 4.213449 7.633939 337.000000 196356.016000
53.000000 -21.000000 4.213449 7.633939 337.000000 196356.016000
53.000000 32.000000 -5.201195 4.373280 129.000000 64440.859400
53.000000 -32.000000 -5.201195 4.373280 129.000000 64440.859400
53.000000 20.000000 4.111906 2.727104 47.000000 25058.218800
53.000000 -20.000000 4.111906 2.727104 47.000000 25058.218800
53.000000 25.000000 4.597250 4.605802 207.000000 71475.515600
53.000000 -25.000000 4.597250 4.605802 207.000000 71475.515600
54.000000 26.000000 4.688294 2.897497 113.000000 27749.660200
54.000000 -26.000000 4.688294 2.897497 113.000000 27749.660200
54.000000 33.000000 -5.281838 2.277953 36.000000 17151.468800
54.000000 -33.000000 -5.281838 2.277953 36.000000 17151.468800
54.000000 20.000000 4.111906 1.726023 223.000000 9847.020510
54.000000 -20.000000 4.111906 1.726023 223.000000 9847.020510
54.000000 31.000000 -5.119281 3.311533 119.000000 36246.824200
54.000000 -31.000000 -5.119281 3.311533 119.000000 36246.824200
54.000000 34.000000 -5.361269 3.792517 56.000000 47540.835900
54.000000 -34.000000 -5.361269 3.792517 56.000000 47540.835900
54.000000 15.000000 3.561015 3.570344 290.000000 42133.921900
54.000000 -15.000000 3.561015 3.570344 290.000000 42133.921900
54.000000 33.000000 -5.281838 1.900530 166.000000 11938.810500
54.000000 -33.000000 -5.281838 1.900530 166.000000 11938.810500
54.000000 31.000000 5.119281 5.963485 188.000000 117547.117000
54.000000 -31.000000 5.119281 5.963485 188.000000 117547.117000
54.000000 35.000000 -5.439540 6.812881 1.000000 153416.984000
54.000000 -35.000000 -5.439540 6.812881 1.000000 153416.984000
54.000000 24.000000 -4.504367 4.551964 293.000000 68487.187500
54.000000 -24.000000 -4.504367 4.551964 293.000000 68487.187500
54.000000 8.000000 2.600597 6.998804 321.000000 161904.688000
54.000000 -8.000000 2.600597 6.998804 321.000000 161904.688000
54.000000 35.000000 -5.439540 3.841255 317.000000 48770.589800
54.000000 -35.000000 -5.439540 3.841255 317.000000 48770.589800
54.000000 22.000000 4.312603 2.839189 77.000000 26644.062500
54.000000 -22.000000 4.312603 2.839189 77.000000 26644.062500
55.000000 30.000000 -5.036036 3.683716 353.000000 45404.832000
55.000000 -30.000000 -5.036036 3.683716 353.000000 45404.832000
55.000000 34.000000 5.361269 5.247492 312.000000 92136.828100
55.000000 -34.000000 5.361269 5.247492 312.000000 92136.828100
55.000000 17.000000 3.790990 7.740479 77.000000 200477.391000
55.000000 -17.000000 3.790990 7.740479 77.000000 200477.391000
55.000000 24.000000 4.504367 2.917437 273.000000 28479.525400
55.000000 -24.000000 4.504367 2.917437 273.000000 28479.525400
55.000000 19.000000 -4.007790 1.088183 200.000000 3962.173580
55.000000 -19.000000 -4.007790 1.088183 200.000000 3962.173580
55.000000 25.000000 4.597250 1.883802 214.000000 11874.085000
55.000000 -25.000000 4.597250 1.883802 214.000000 11874.085000
55.000000 14.000000 3.440267 7.573825 329.000000 191937.672000
55.000000 -14.000000 3.440267 7.573825 329.000000 191937.672000
55.000000 14.000000 3.440267 1.722775 104.000000 9930.861330
55.000000 -14.000000 3.440267 1.722775 104.000000 9930.861330
55.000000 12.000000 -3.185068 3.544481 154.000000 42037.312500
55.000000 -12.000000 -3.185068 3.544481 154.000000 42037.312500
55.000000 13.000000 3.315124 5.013062 69.000000 84088.367200
55.000000 -13.000000 3.315124 5.013062 69.000000 84088.367200
55.000000 11.000000 3.049471 6.862978 113.000000 157599.531000
55.000000 -11.000000 3.049471 6.862978 113.000000 157599.531000
55.000000 32.000000 -5.201195 3.711192 346.000000 46084.675800
55.000000 -32.000000 -5.201195 3.711192 346.000000 46084.675800
55.000000 34.000000 -5.361269 6.307902 77.000000 133137.234000
55.000000 -34.000000 -5.361269 6.307902 77.000000 133137.234000
55.000000 23.000000 4.409528 5.976834 91.000000 119528.680000
55.000000 -23.000000 4.409528 5.976834 91.000000 119528.680000
56.000000 23.000000 4.409528 3.507289 89.000000 41439.921900
56.000000 -23.000000 4.409528 3.507289 89.000000 41439.921900
56.000000 9.000000 2.758350 1.329228 313.000000 5952.165530
56.000000 -9.000000 2.758350 1.329228 313.000000 5952.165530
56.000000 15.000000 3.561015 5.923836 85.000000 118217.547000
56.000000 -15.000000 3.561015 5.923836 85.000000 118217.547000
56.000000 27.000000 4.777602 3.616263 349.000000 44055.078100
56.000000 -27.000000 4.777602 3.616263 349.000000 44055.078100
56.000000 24.000000 4.504367 6.229156 12.000000 130717.703000
56.000000 -24.000000 4.504367 6.229156 12.000000 130717.703000
56.000000 8.000000 -2.600597 6.626524 90.000000 147927.000000
56.000000 -8.000000 -2.600597 6.626524 90.000000 147927.000000
56.000000 8.000000 -2.600597 2.442887 70.000000 20104.005900
56.000000 -8.000000 -2.600597 2.442887 70.000000 20104.005900
56.000000 24.000000 -4.504367 2.301976 1.000000 17851.609400
56.000000 -24.000000 -4.504367 2.301976 1.000000 17851.609400
56.000000 20.000000 4.111906 2.179872 18.000000 16008.027300
56.000000 -20.000000 4.111906 2.179872 18.000000 16008.027300
56.000000 8.000000 2.600597 4.675216 173.000000 73634.140600
56.000000 -8.000000 2.600597 4.675216 173.000000 73634.140600
56.000000 26.000000 4.688294 2.361593 145.000000 18788.240200
56.000000 -26.000000 4.688294 2.361593 145.000000 18788.240200
56.000000 10.000000 -2.907556 6.367252 16.000000 136577.781000
56.000000 -10.000000 -2.907556 6.367252 16.000000 136577.781000
56.000000 25.000000 -4.597250 5.806817 351.000000 113593.164000
56.000000 -25.000000 -4.597250 5.806817 351.000000 113593.164000
57.000000 27.000000 -4.777602 3.046692 148.000000 30681.193400
57.000000 -27.000000 -4.777602 3.046692 148.000000 30681.193400
57.000000 34.000000 -5.361269 7.960553 249.000000 209460.219000
57.000000 -34.000000 -5.361269 7.960553 249.000000 209460.219000
57.000000 22.000000 -4.312603 6.652987 125.000000 146301.328000
57.000000 -22.000000 -4.312603 6.652987 125.000000 146301.328000
57.000000 26.000000 -4.688294 2.291253 299.000000 17352.462900
57.000000 -26.000000 -4.688294 2.291253 299.000000 17352.462900
57.000000 22.000000 4.312603 3.096545 258.000000 31693.472700
57.000000 -22.000000 4.312603 3.096545 258.000000 31693.472700
57.000000 34.000000 5.361269 2.683772 43.000000 23807.084000
57.000000 -34.000000 5.361269 2.683772 43.000000 23807.084000
57.000000 20.000000 4.111906 1.718571 176.000000 9762.253910
57.000000 -20.000000 4.111906 1.718571 176.000000 9762.253910
57.000000 33.000000 -5.281838 2.437152 223.000000 19632.716800
57.000000 -33.000000 -5.281838 2.437152 223.000000 19632.716800
57.000000 11.000000 -3.049471 3.117410 82.000000 32122.019500
57.000000 -11.000000 -3.049471 3.117410 82.000000 32122.019500
57.000000 13.000000 3.315124 1.772398 282.000000 10383.343800
57.000000 -13.000000 3.315124 1.772398 282.000000 10383.343800
57.000000 11.000000 -3.049471 3.998018 304.000000 52832.894500
57.000000 -11.000000 -3.049471 3.998018 304.000000 52832.894500
57.000000 9.000000 -2.758350 5.260535 328.000000 91469.187500
57.000000 -9.000000 -2.758350 5.260535 328.000000 91469.187500
57.000000 34.000000 5.361269 4.832344 252.000000 77184.617200
57.000000 -34.000000 5.361269 4.832344 252.000000 77184.617200
57.000000 25.000000 -4.597250 4.209468 27.000000 58569.218800
57.000000 -25.000000 -4.597250 4.209468 27.000000 58569.218800
57.000000 11.000000 3.049471 6.763934 111.000000 151221.547000
57.000000 -11.000000 3.049471 6.763934 111.000000 151221.547000
58.000000 31.000000 -5.119281 3.559056 259.000000 44138.855500
58.000000 -31.000000 -5.119281 3.559056 259.000000 44138.855500
58.000000 20.000000 -4.111906 4.530224 116.000000 71513.976600
58.000000 -20.000000 -4.111906 4.530224 116.000000 71513.976600
58.000000 28.000000 4.865272 7.303869 46.000000 185890.625000
58.000000 -28.000000 4.865272 7.303869 46.000000 185890.625000
58.000000 14.000000 -3.440267 3.276863 335.000000 37416.925800
58.000000 -14.000000 -3.440267 3.276863 335.000000 37416.925800
58.000000 26.000000 -4.688294 5.158101 275.000000 92710.984400
58.000000 -26.000000 -4.688294 5.158101 275.000000 92710.984400
58.000000 11.000000 3.049471 6.240456 236.000000 135701.344000
58.000000 -11.000000 3.049471 6.240456 236.000000 135701.344000
58.000000 24.000000 4.504367 5.227587 124.000000 95225.664100
58.000000 -24.000000 4.504367 5.227587 124.000000 95225.664100
58.000000 14.000000 -3.440267 3.035609 182.000000 32110.214800
58.000000 -14.000000 -3.440267 3.035609 182.000000 32110.214800
58.000000 12.000000 3.185068 1.132772 313.000000 4471.326170
58.000000 -12.000000 3.185068 1.132772 313.000000 4471.326170
58.000000 17.000000 3.790990 6.535819 347.000000 148850.922000
58.000000 -17.000000 3.790990 6.535819 347.000000 148850.922000
58.000000 26.000000 4.688294 6.817236 53.000000 161945.234000
58.000000 -26.000000 4.688294 6.817236 53.000000 161945.234000
58.000000 30.000000 5.036036 3.050162 330.000000 32418.830100
58.000000 -30.000000 5.036036 3.050162 330.000000 32418.830100
58.000000 13.000000 -3.315124 2.291009 237.000000 18289.640600
58.000000 -13.000000 -3.315124 2.291009 237.000000 18289.640600
58.000000 28.000000 -4.865272 3.348118 170.000000 39061.871100
58.000000 -28.000000 -4.865272 3.348118 170.000000 39061.871100
58.000000 17.000000 -3.790990 4.074142 240.000000 57839.425800
58.000000 -17.000000 -3.790990 4.074142 240.000000 57839.425800
58.000000 31.000000 5.119281 2.549490 275.000000 22649.474600
58.000000 -31.000000 5.119281 2.549490 275.000000 22649.474600
58.000000 10.000000 2.907556 1.050272 134.000000 3843.745850
58.000000 -10.000000 2.907556 1.050272 134.000000 3843.745850
59.000000 29.000000 -4.951390 4.488052 278.000000 73108.218800
59.000000 -29.000000 -4.951390 4.488052 278.000000 73108.218800
59.000000 30.000000 5.036036 2.954042 39.000000 31672.595700
59.000000 -30.000000 5.036036 2.954042 39.000000 31672.595700
59.000000 11.000000 -3.049471 5.859250 86.000000 124604.695000
59.000000 -11.000000 -3.049471 5.859250 86.000000 124604.695000
59.000000 13.000000 -3.315124 3.278849 355.000000 39020.531200
59.000000 -13.000000 -3.315124 3.278849 355.000000 39020.531200
59.000000 22.000000 -4.312603 1.168407 24.000000 4954.940920
59.000000 -22.000000 -4.312603 1.168407 24.000000 4954.940920
59.000000 29.000000 4.951390 6.414129 31.000000 149322.688000
59.000000 -29.000000 4.951390 6.414129 31.000000 149322.688000
59.000000 35.000000 -5.439540 1.000644 44.000000 3634.207520
59.000000 -35.000000 -5.439540 1.000644 44.000000 3634.207520
59.000000 11.000000 -3.049471 7.502776 334.000000 204312.203000
59.000000 -11.000000 -3.049471 7.502776 334.000000 204312.203000
59.000000 33.000000 5.281838 4.614951 93.000000 77300.898400
59.000000 -33.000000 5.281838 4.614951 93.000000 77300.898400
59.000000 25.000000 4.597250 6.707018 233.000000 163271.094000
59.000000 -25.000000 4.597250 6.707018 233.000000 163271.094000
59.000000 13.000000 3.315124 7.942718 8.000000 228975.281000
59.000000 -13.000000 3.315124 7.942718 8.000000 228975.281000
59.000000 24.000000 -4.504367 4.860829 314.000000 85757.304700
59.000000 -24.000000 -4.504367 4.860829 314.000000 85757.304700
59.000000 8.000000 -2.600597 5.770163 293.000000 120844.375000
59.000000 -8.000000 -2.600597 5.770163 293.000000 120844.375000
59.000000 15.000000 -3.561015 7.573375 103.000000 208175.328000
59.000000 -15.000000 -3.561015 7.573375 103.000000 208175.328000
59.000000 10.000000 2.907556 3.421906 68.000000 42499.765600
59.000000 -10.000000 2.907556 3.421906 68.000000 42499.765600
59.000000 13.000000 3.315124 3.465095 81.000000 43579.335900
59.000000 -13.000000 3.315124 3.465095 81.000000 43579.335900
60.000000 30.000000 5.036036 5.960325 290.000000 117670.117000
60.000000 -30.000000 5.036036 5.960325 290.000000 117670.117000
60.000000 16.000000 -3.677800 5.230579 145.000000 90620.375000
60.000000 -16.000000 -3.677800 5.230579 145.000000 90620.375000
60.000000 32.000000 5.201195 3.126229 303.000000 32371.863300
60.000000 -32.000000 5.201195 3.126229 303.000000 32371.863300
60.000000 16.000000 -3.677800 4.470765 183.000000 66204.875000
60.000000 -16.000000 -3.677800 4.470765 183.000000 66204.875000
60.000000 25.000000 4.597250 5.058099 9.000000 84742.421900
60.000000 -25.000000 4.597250 5.058099 9.000000 84742.421900
60.000000 18.000000 3.900896 3.917435 341.000000 50831.140600
60.000000 -18.000000 3.900896 3.917435 341.000000 50831.140600
60.000000 31.000000 -5.119281 6.195686 120.000000 127146.711000
60.000000 -31.000000 -5.119281 6.195686 120.000000 127146.711000
60.000000 28.000000 -4.865272 1.528702 1.000000 7740.552730
60.000000 -28.000000 -4.865272 1.528702 1.000000 7740.552730
60.000000 13.000000 -3.315124 7.911451 176.000000 207318.766000
60.000000 -13.000000 -3.315124 7.911451 176.000000 207318.766000
60.000000 16.000000 -3.677800 7.850412 192.000000 219474.156000
60.000000 -16.000000 -3.677800 7.850412 192.000000 219474.156000
60.000000 27.000000 -4.777602 4.155575 22.000000 57199.003900
60.000000 -27.000000 -4.777602 4.155575 22.000000 57199.003900
60.000000 7.000000 -2.432636 5.177135 36.000000 88777.984400
60.000000 -7.000000 -2.432636 5.177135 36.000000 88777.984400
60.000000 16.000000 3.677800 3.768261 176.000000 47033.601600
60.000000 -16.000000 3.677800 3.768261 176.000000 47033.601600
61.000000 30.000000 -5.036036 1.778736 268.000000 11313.833000
61.000000 -30.000000 -5.036036 1.778736 268.000000 11313.833000
61.000000 17.000000 -3.790990 3.596102 255.000000 46243.515600
61.000000 -17.000000 -3.790990 3.596102 255.000000 46243.515600
61.000000 12.000000 -3.185068 3.675710 118.000000 48313.589800
61.000000 -12.000000 -3.185068 3.675710 118.000000 48313.589800
61.000000 11.000000 -3.049471 1.221986 312.000000 5339.729000
61.000000 -11.000000 -3.049471 1.221986 312.000000 5339.729000
61.000000 33.000000 -5.281838 7.807550 315.000000 217979.828000
61.000000 -33.000000 -5.281838 7.807550 315.000000 217979.828000
61.000000 8.000000 -2.600597 2.257893 105.000000 18230.279300
61.000000 -8.000000 -2.600597 2.257893 105.000000 18230.279300
61.000000 28.000000 4.865272 7.938699 44.000000 225364.406000
61.000000 -28.000000 4.865272 7.938699 44.000000 225364.406000
61.000000 12.000000 -3.185068 6.063714 330.000000 131481.359000
61.000000 -12.000000 -3.185068 6.063714 330.000000 131481.359000
61.000000 9.000000 -2.758350 6.058509 86.000000 131255.719000
61.000000 -9.000000 -2.758350 6.058509 86.000000 131255.719000
61.000000 15.000000 3.561015 6.228291 199.000000 138715.328000
61.000000 -15.000000 3.561015 6.228291 199.000000 138715.328000
61.000000 29.000000 4.951390 3.924721 257.000000 55081.332000
61.000000 -29.000000 4.951390 3.924721 257.000000 55081.332000
61.000000 10.000000 2.907556 6.678209 300.000000 159480.203000
61.000000 -10.000000 2.907556 6.678209 300.000000 159480.203000
61.000000 24.000000 4.504367 4.780137 86.000000 81708.515600
61.000000 -24.000000 4.504367 4.780137 86.000000 81708.515600
61.000000 19.000000 4.007790 2.403986 100.000000 20665.718800
61.000000 -19.000000 4.007790 2.403986 100.000000 20665.718800
61.000000 26.000000 4.688294 7.855778 69.000000 220681.062000
61.000000 -26.000000 4.688294 7.855778 69.000000 220681.062000
61.000000 24.000000 -4.504367 1.896923 246.000000 12867.263700
61.000000 -24.000000 -4.504367 1.896923 246.000000 12867.263700
62.000000 33.000000 -5.281838 5.578538 143.000000 108683.680000
62.000000 -33.000000 -5.281838 5.578538 143.000000 108683.680000
62.000000 34.000000 5.361269 2.724672 177.000000 25926.988300
62.000000 -34.000000 5.361269 2.724672 177.000000 25926.988300
62.000000 19.000000 4.007790 1.231197 64.000000 5293.934080
62.000000 -19.000000 4.007790 1.231197 64.000000 5293.934080
62.000000 10.000000 -2.907556 6.928881 133.000000 167667.828000
62.000000 -10.000000 -2.907556 6.928881 133.000000 167667.828000
62.000000 8.000000 -2.600597 1.508184 330.000000 7943.874020
62.000000 -8.000000 -2.600597 1.508184 330.000000 7943.874020
62.000000 23.000000 4.409528 4.678202 205.000000 76433.085900
62.000000 -23.000000 4.409528 4.678202 205.000000 76433.085900
62.000000 18.000000 -3.900896 5.582892 180.000000 108853.406000
62.000000 -18.000000 -3.900896 5.582892 180.000000 108853.406000
62.000000 29.000000 4.951390 1.682542 262.000000 9886.794920
62.000000 -29.000000 4.951390 1.682542 262.000000 9886.794920
62.000000 7.000000 2.432636 2.462243 75.000000 21173.144500
62.000000 -7.000000 2.432636 2.462243 75.000000 21173.144500
62.000000 30.000000 -5.036036 1.644681 256.000000 9446.846680
62.000000 -30.000000 -5.036036 1.644681 256.000000 9446.846680
62.000000 13.000000 -3.315124 7.941130 52.000000 220235.953000
62.000000 -13.000000 -3.315124 7.941130 52.000000 220235.953000
62.000000 34.000000 -5.361269 5.922573 256.000000 122502.328000
62.000000 -34.000000 -5.361269 5.922573 256.000000 122502.328000
62.000000 11.000000 -3.049471 4.652041 265.000000 75580.656200
62.000000 -11.000000 -3.049471 4.652041 265.000000 75580.656200
62.000000 10.000000 2.907556 4.866120 69.000000 82696.890600
62.000000 -10.000000 2.907556 4.866120 69.000000 82696.890600
63.000000 10.000000 2.907556 4.887080 164.000000 81939.070300
63.000000 -10.000000 2.907556 4.887080 164.000000 81939.070300
63.000000 34.000000 -5.361269 3.248191 234.000000 36197.214800
63.000000 -34.000000 -5.361269 3.248191 234.000000 36197.214800
63.000000 15.000000 3.561015 2.579050 334.000000 22819.789100
63.000000 -15.000000 3.561015 2.579050 334.000000 22819.789100
63.000000 17.000000 -3.790990 1.227857 4.000000 5172.351070
63.000000 -17.000000 -3.790990 1.227857 4.000000 5172.351070
63.000000 19.000000 -4.007790 7.172104 339.000000 176475.859000
63.000000 -19.000000 -4.007790 7.172104 339.000000 176475.859000
63.000000 9.000000 -2.758350 5.472813 76.000000 102757.438000
63.000000 -9.000000 -2.758350 5.472813 76.000000 102757.438000
63.000000 22.000000 4.312603 3.873086 177.000000 51464.355500
63.000000 -22.000000 4.312603 3.873086 177.000000 51464.355500
63.000000 31.000000 5.119281 7.971869 354.000000 218028.078000
63.000000 -31.000000 5.119281 7.971869 354.000000 218028.078000
63.000000 12.000000 3.185068 7.356015 204.000000 185642.500000
63.000000 -12.000000 3.185068 7.356015 204.000000 185642.500000
63.000000 7.000000 -2.432636 1.981438 239.000000 13469.544900
63.000000 -7.000000 -2.432636 1.981438 239.000000 13469.544900
63.000000 31.000000 5.119281 1.612858 314.000000 8924.507810
63.000000 -31.000000 5.119281 1.612858 314.000000 8924.507810
63.000000 22.000000 4.312603 7.968364 135.000000 217836.406000
63.000000 -22.000000 4.312603 7.968364 135.000000 217836.406000
63.000000 16.000000 -3.677800 5.363514 292.000000 98694.062500
63.000000 -16.000000 -3.677800 5.363514 292.000000 98694.062500
63.000000 7.000000 2.432636 3.658609 190.000000 45922.351600
63.000000 -7.000000 2.432636 3.658609 190.000000 45922.351600
63.000000 17.000000 -3.790990 1.315932 253.000000 5940.990720
63.000000 -17.000000 -3.790990 1.315932 253.000000 5940.990720
64.000000 18.000000 3.900896 6.406130 246.000000 138310.734000
64.000000 -18.000000 3.900896 6.406130 246.000000 138310.734000
64.000000 21.000000 4.213449 4.416410 231.000000 65735.992200
64.000000 -21.000000 4.213449 4.416410 231.000000 65735.992200
64.000000 19.000000 4.007790 4.401550 253.000000 65294.367200
64.000000 -19.000000 4.007790 4.401550 253.000000 65294.367200
64.000000 30.000000 -5.036036 2.068638 7.000000 14422.258800
64.000000 -30.000000 -5.036036 2.068638 7.000000 14422.258800
64.000000 20.000000 4.111906 3.760823 137.000000 47668.355500
64.000000 -20.000000 4.111906 3.760823 137.000000 47668.355500
64.000000 32.000000 5.201195 5.186284 171.000000 90651.937500
64.000000 -32.000000 5.201195 5.186284 171.000000 90651.937500
64.000000 27.000000 -4.777602 1.837314 241.000000 11377.089800
64.000000 -27.000000 -4.777602 1.837314 241.000000 11377.089800
64.000000 33.000000 -5.281838 3.008909 138.000000 30512.847700
64.000000 -33.000000 -5.281838 3.008909 138.000000 30512.847700
64.000000 23.000000 -4.409528 6.558463 91.000000 151747.656000
64.000000 -23.000000 -4.409528 6.558463 91.000000 151747.656000
64.000000 26.000000 4.688294 6.633690 126.000000 148311.516000
64.000000 -26.000000 4.688294 6.633690 126.000000 148311.516000
64.000000 32.000000 5.201195 7.123344 305.000000 171014.266000
64.000000 -32.000000 5.201195 7.123344 305.000000 171014.266000
64.000000 13.000000 -3.315124 6.614159 327.000000 147439.453000
64.000000 -13.000000 -3.315124 6.614159 327.000000 147439.453000
64.000000 29.000000 -4.951390 2.780985 140.000000 26065.248000
64.000000 -29.000000 -4.951390 2.780985 140.000000 26065.248000
64.000000 14.000000 -3.440267 4.461379 181.000000 67081.492200
64.000000 -14.000000 -3.440267 4.461379 181.000000 67081.492200
64.000000 23.000000 -4.409528 7.460150 162.000000 189258.422000
64.000000 -23.000000 -4.409528 7.460150 162.000000 189258.422000
64.000000 26.000000 4.688294 7.630243 47.000000 196219.094000
64.000000 -26.000000 4.688294 7.630243 47.000000 196219.094000
65.000000 29.000000 -4.951390 5.134202 55.000000 95309.890600
65.000000 -29.000000 -4.951390 5.134202 55.000000 95309.890600
65.000000 17.000000 -3.790990 7.594688 82.000000 208550.891000
65.000000 -17.000000 -3.790990 7.594688 82.000000 208550.891000
65.000000 17.000000 -3.790990 2.167568 52.000000 16987.824200
65.000000 -17.000000 -3.790990 2.167568 52.000000 16987.824200
65.000000 22.000000 -4.312603 3.861693 112.000000 53919.703100
65.000000 -22.000000 -4.312603 3.861693 112.000000 53919.703100
65.000000 28.000000 -4.865272 6.534863 320.000000 154406.328000
65.000000 -28.000000 -4.865272 6.534863 320.000000 154406.328000
65.000000 9.000000 2.758350 4.951756 269.000000 88656.500000
65.000000 -9.000000 2.758350 4.951756 269.000000 88656.500000
65.000000 33.000000 -5.281838 5.672906 208.000000 116359.875000
65.000000 -33.000000 -5.281838 5.672906 208.000000 116359.875000
65.000000 23.000000 4.409528 7.486372 294.000000 202644.547000
65.000000 -23.000000 4.409528 7.486372 294.000000 202644.547000
65.000000 15.000000 3.561015 6.350074 62.000000 145797.359000
65.000000 -15.000000 3.561015 6.350074 62.000000 145797.359000
65.000000 14.000000 3.440267 1.874563 49.000000 12705.508800
65.000000 -14.000000 3.440267 1.874563 49.000000 12705.508800
65.000000 30.000000 -5.036036 6.801566 261.000000 167266.875000
65.000000 -30.000000 -5.036036 6.801566 261.000000 167266.875000
65.000000 27.000000 -4.777602 6.954445 241.000000 174870.719000
65.000000 -27.000000 -4.777602 6.954445 241.000000 174870.719000
65.000000 28.000000 -4.865272 2.025048 102.000000 14827.329100
65.000000 -28.000000 -4.865272 2.025048 102.000000 14827.329100
65.000000 26.000000 4.688294 5.377929 247.000000 104573.617000
65.000000 -26.000000 4.688294 5.377929 247.000000 104573.617000
65.000000 6.000000 2.252183 1.609139 62.000000 9362.233400
65.000000 -6.000000 2.252183 1.609139 62.000000 9362.233400
65.000000 19.000000 4.007790 5.333076 210.000000 102836.602000
65.000000 -19.000000 4.007790 5.333076 210.000000 102836.602000
65.000000 15.000000 3.561015 6.308117 272.000000 143877.047000
65.000000 -15.000000 3.561015 6.308117 272.000000 143877.047000
65.000000 14.000000 -3.440267 1.682369 132.000000 10233.742200
65.000000 -14.000000 -3.440267 1.682369 132.000000 10233.742200
66.000000 23.000000 4.409528 6.473990 62.000000 142806.375000
66.000000 -23.000000 4.409528 6.473990 62.000000 142806.375000
66.000000 26.000000 4.688294 3.052265 42.000000 31742.992200
66.000000 -26.000000 4.688294 3.052265 42.000000 31742.992200
66.000000 33.000000 -5.281838 1.380438 91.000000 6492.874510
66.000000 -33.000000 -5.281838 1.380438 91.000000 6492.874510
66.000000 22.000000 -4.312603 1.986566 64.000000 13446.508800
66.000000 -22.000000 -4.312603 1.986566 64.000000 13446.508800
66.000000 10.000000 2.907556 7.346315 327.000000 183883.406000
66.000000 -10.000000 2.907556 7.346315 327.000000 183883.406000
66.000000 12.000000 -3.185068 2.967929 281.000000 30013.070300
66.000000 -12.000000 -3.185068 2.967929 281.000000 30013.070300
66.000000 25.000000 4.597250 4.269938 261.000000 62122.160200
66.000000 -25.000000 4.597250 4.269938 261.000000 62122.160200
66.000000 9.000000 -2.758350 7.662267 106.000000 207369.781000
66.000000 -9.000000 -2.758350 7.662267 106.000000 207369.781000
66.000000 8.000000 -2.600597 4.541819 107.000000 70285.054700
66.000000 -8.000000 -2.600597 4.541819 107.000000 70285.054700
66.000000 21.000000 4.213449 6.223514 355.000000 131969.875000
66.000000 -21.000000 4.213449 6.223514 355.000000 131969.875000
66.000000 20.000000 4.111906 4.464834 288.000000 67922.570300
66.000000 -20.000000 4.111906 4.464834 288.000000 67922.570300
66.000000 22.000000 -4.312603 5.582046 314.000000 106167.148000
66.000000 -22.000000 -4.312603 5.582046 314.000000 106167.148000
66.000000 29.000000 4.951390 6.595679 270.000000 148225.328000
66.000000 -29.000000 4.951390 6.595679 270.000000 148225.328000
66.000000 17.000000 3.790990 6.237460 339.000000 132561.953000
66.000000 -17.000000 3.790990 6.237460 339.000000 132561.953000
66.000000 28.000000 4.865272 4.028652 20.000000 55299.722700
66.000000 -28.000000 4.865272 4.028652 20.000000 55299.722700
66.000000 26.000000 -4.688294 1.475543 255.000000 7418.350590
66.000000 -26.000000 -4.688294 1.475543 255.000000 7418.350590
66.000000 21.000000 -4.213449 6.570557 36.000000 147098.328000
66.000000 -21.000000 -4.213449 6.570557 36.000000 147098.328000
67.000000 10.000000 2.907556 3.188703 57.000000 34607.875000
67.000000 -10.000000 2.907556 3.188703 57.000000 34607.875000
67.000000 15.000000 -3.561015 7.547568 13.000000 193719.891000
67.000000 -15.000000 -3.561015 7.547568 13.000000 193719.891000
67.000000 19.000000 -4.007790 7.620726 195.000000 197669.359000
67.000000 -19.000000 -4.007790 7.620726 195.000000 197669.359000
67.000000 7.000000 2.432636 4.584546 252.000000 71538.437500
67.000000 -7.000000 2.432636 4.584546 252.000000 71538.437500
67.000000 25.000000 -4.597250 6.312832 264.000000 135642.312000
67.000000 -25.000000 -4.597250 6.312832 264.000000 135642.312000
67.000000 17.000000 3.790990 5.713823 196.000000 111122.055000
67.000000 -17.000000 3.790990 5.713823 196.000000 111122.055000
67.000000 20.000000 4.111906 1.553639 163.000000 8215.747070
67.000000 -20.000000 4.111906 1.553639 163.000000 8215.747070
67.000000 8.000000 2.600597 2.442451 277.000000 20304.793000
67.000000 -8.000000 2.600597 2.442451 277.000000 20304.793000
67.000000 26.000000 4.688294 5.289526 1.000000 95231.406200
67.000000 -26.000000 4.688294 5.289526 1.000000 95231.406200
67.000000 6.000000 -2.252183 4.897255 317.000000 81630.460900
67.000000 -6.000000 -2.252183 4.897255 317.000000 81630.460900
67.000000 15.000000 3.561015 3.557999 201.000000 43088.203100
67.000000 -15.000000 3.561015 3.557999 201.000000 43088.203100
67.000000 16.000000 3.677800 6.774698 342.000000 156216.391000
67.000000 -16.000000 3.677800 6.774698 342.000000 156216.391000
67.000000 23.000000 -4.409528 4.488727 4.000000 68579.304700
67.000000 -23.000000 -4.409528 4.488727 4.000000 68579.304700
67.000000 21.000000 -4.213449 3.636239 326.000000 45004.035200
67.000000 -21.000000 -4.213449 3.636239 326.000000 45004.035200
67.000000 15.000000 3.561015 4.048960 310.000000 55799.925800
67.000000 -15.000000 3.561015 4.048960 310.000000 55799.925800
67.000000 17.000000 3.790990 1.614483 85.000000 8871.842770
67.000000 -17.000000 3.790990 1.614483 85.000000 8871.842770
68.000000 31.000000 5.119281 3.088496 176.000000 32139.933600
68.000000 -31.000000 5.119281 3.088496 176.000000 32139.933600
68.000000 21.000000 4.213449 7.847535 155.000000 207499.688000
68.000000 -21.000000 4.213449 7.847535 155.000000 207499.688000
68.000000 11.000000 -3.049471 7.783295 7.000000 204116.406000
68.000000 -11.000000 -3.049471 7.783295 7.000000 204116.406000
68.000000 31.000000 -5.119281 4.560347 213.000000 70072.343800
68.000000 -31.000000 -5.119281 4.560347 213.000000 70072.343800
68.000000 13.000000 3.315124 2.468687 181.000000 20534.443400
68.000000 -13.000000 3.315124 2.468687 181.000000 20534.443400
68.000000 9.000000 -2.758350 7.528400 88.000000 190966.141000
68.000000 -9.000000 -2.758350 7.528400 88.000000 190966.141000
68.000000 22.000000 4.312603 5.287071 122.000000 94184.882800
68.000000 -22.000000 4.312603 5.287071 122.000000 94184.882800
68.000000 19.000000 4.007790 6.554693 79.000000 153635.453000
68.000000 -19.000000 4.007790 6.554693 79.000000 153635.453000
68.000000 32.000000 5.201195 3.753945 61.000000 47481.753900
68.000000 -32.000000 5.201195 3.753945 61.000000 47481.753900
68.000000 13.000000 3.315124 5.051157 200.000000 85967.203100
68.000000 -13.000000 3.315124 5.051157 200.000000 85967.203100
68.000000 7.000000 2.432636 1.616553 291.000000 8805.028320
68.000000 -7.000000 2.432636 1.616553 291.000000 8805.028320
68.000000 19.000000 -4.007790 2.559021 4.000000 22064.732400
68.000000 -19.000000 -4.007790 2.559021 4.000000 22064.732400
68.000000 18.000000 -3.900896 3.416616 342.000000 39331.746100
68.000000 -18.000000 -3.900896 3.416616 342.000000 39331.746100
68.000000 29.000000 -4.951390 2.810639 96.000000 26617.119100
68.000000 -29.000000 -4.951390 2.810639 96.000000 26617.119100
68.000000 33.000000 -5.281838 6.812416 102.000000 156369.938000
68.000000 -33.000000 -5.281838 6.812416 102.000000 156369.938000
69.000000 28.000000 -4.865272 4.388776 291.000000 67090.750000
69.000000 -28.000000 -4.865272 4.388776 291.000000 67090.750000
69.000000 8.000000 2.600597 4.899462 111.000000 83612.765600
69.000000 -8.000000 2.600597 4.899462 111.000000 83612.765600
69.000000 29.000000 -4.951390 6.395925 349.000000 143780.453000
69.000000 -29.000000 -4.951390 6.395925 349.000000 143780.453000
69.000000 24.000000 4.504367 2.871458 177.000000 28719.759800
69.000000 -24.000000 4.504367 2.871458 177.000000 28719.759800
69.000000 32.000000 -5.201195 3.597548 127.000000 45080.527300
69.000000 -32.000000 -5.201195 3.597548 127.000000 45080.527300
69.000000 25.000000 4.597250 7.104321 328.000000 175800.828000
69.000000 -25.000000 4.597250 7.104321 328.000000 175800.828000
69.000000 11.000000 3.049471 2.744107 92.000000 26228.773400
69.000000 -11.000000 3.049471 2.744107 92.000000 26228.773400
69.000000 10.000000 -2.907556 6.634897 320.000000 153336.031000
69.000000 -10.000000 -2.907556 6.634897 320.000000 153336.031000
69.000000 14.000000 -3.440267 2.051459 64.000000 14658.910200
69.000000 -14.000000 -3.440267 2.051459 64.000000 14658.910200
69.000000 10.000000 -2.907556 7.503235 65.000000 196097.875000
69.000000 -10.000000 -2.907556 7.503235 65.000000 196097.875000
69.000000 16.000000 -3.677800 2.157740 276.000000 16217.135700
69.000000 -16.000000 -3.677800 2.157740 276.000000 16217.135700
69.000000 18.000000 -3.900896 3.231870 159.000000 36381.757800
69.000000 -18.000000 -3.900896 3.231870 159.000000 36381.757800
69.000000 10.000000 -2.907556 5.215207 51.000000 94736.835900
69.000000 -10.000000 -2.907556 5.215207 51.000000 94736.835900
69.000000 14.000000 -3.440267 4.320710 97.000000 65025.859400
69.000000 -14.000000 -3.440267 4.320710 97.000000 65025.859400
69.000000 26.000000 -4.688294 1.624686 346.000000 9194.210940
69.000000 -26.000000 -4.688294 1.624686 346.000000 9194.210940
69.000000 20.000000 4.111906 4.745082 354.000000 78426.593800
69.000000 -20.000000 4.111906 4.745082 354.000000 78426.593800
69.000000 24.000000 -4.504367 1.388275 308.000000 6713.156740
69.000000 -24.000000 -4.504367 1.388275 308.000000 6713.156740
69.000000 6.000000 2.252183 3.738524 60.000000 48682.871100
69.000000 -6.000000 2.252183 3.738524 60.000000 48682.871100
69.000000 18.000000 3.900896 4.202802 130.000000 61525.289100
69.000000 -18.000000 3.900896 4.202802 130.000000 61525.289100
70.000000 19.000000 -4.007790 1.217185 237.000000 5060.872070
70.000000 -19.000000 -4.007790 1.217185 237.000000 5060.872070
70.000000 16.000000 3.677800 3.662908 246.000000 45831.546900
70.000000 -16.000000 3.677800 3.662908 246.000000 45831.546900
70.000000 21.000000 4.213449 1.385036 5.000000 6552.912600
70.000000 -21.000000 4.213449 1.385036 5.000000 6552.912600
70.000000 30.000000 5.036036 5.561578 170.000000 105659.492000
70.000000 -30.000000 5.036036 5.561578 170.000000 105659.492000
70.000000 30.000000 -5.036036 3.443170 276.000000 40497.621100
70.000000 -30.000000 -5.036036 3.443170 276.000000 40497.621100
70.000000 7.000000 2.432636 7.892713 83.000000 212796.797000
70.000000 -7.000000 2.432636 7.892713 83.000000 212796.797000
70.000000 21.000000 4.213449 4.044993 307.000000 55891.796900
70.000000 -21.000000 4.213449 4.044993 307.000000 55891.796900
70.000000 19.000000 4.007790 7.697814 287.000000 202417.141000
70.000000 -19.000000 4.007790 7.697814 287.000000 202417.141000
70.000000 11.000000 -3.049471 4.294858 83.000000 63010.105500
70.000000 -11.000000 -3.049471 4.294858 83.000000 63010.105500
70.000000 18.000000 -3.900896 7.494141 182.000000 197421.641000
70.000000 -18.000000 -3.900896 7.494141 182.000000 197421.641000
70.000000 22.000000 -4.312603 5.477065 121.000000 102472.727000
70.000000 -22.000000 -4.312603 5.477065 121.000000 102472.727000
70.000000 7.000000 -2.432636 5.610399 307.000000 107522.672000
70.000000 -7.000000 -2.432636 5.610399 307.000000 107522.672000
70.000000 7.000000 -2.432636 7.832978 205.000000 209587.969000
70.000000 -7.000000 -2.432636 7.832978 205.000000 209587.969000
70.000000 21.000000 4.213449 5.810015 113.000000 115310.008000
70.000000 -21.000000 4.213449 5.810015 113.000000 115310.008000
70.000000 13.000000 3.315124 1.670543 29.000000 9532.958010
70.000000 -13.000000 3.315124 1.670543 29.000000 9532.958010
70.000000 26.000000 4.688294 4.230597 174.000000 61138.636700
70.000000 -26.000000 4.688294 4.230597 174.000000 61138.636700
71.000000 25.000000 4.597250 3.755607 122.000000 50622.695300
71.000000 -25.000000 4.597250 3.755607 122.000000 50622.695300
71.000000 13.000000 3.315124 5.005696 352.000000 89931.921900
71.000000 -13.000000 3.315124 5.005696 352.000000 89931.921900
71.000000 10.000000 2.907556 4.131247 236.000000 61255.793000
71.000000 -10.000000 2.907556 4.131247 236.000000 61255.793000
71.000000 25.000000 -4.597250 7.245337 47.000000 188409.203000
71.000000 -25.000000 -4.597250 7.245337 47.000000 188409.203000
71.000000 16.000000 -3.677800 6.807184 232.000000 166310.609000
71.000000 -16.000000 -3.677800 6.807184 232.000000 166310.609000
71.000000 14.000000 3.440267 1.368540 295.000000 6722.020020
71.000000 -14.000000 3.440267 1.368540 295.000000 6722.020020
71.000000 27.000000 -4.777602 3.639543 183.000000 47542.132800
71.000000 -27.000000 -4.777602 3.639543 183.000000 47542.132800
71.000000 16.000000 -3.677800 6.827103 336.000000 167285.328000
71.000000 -16.000000 -3.677800 6.827103 336.000000 167285.328000
71.000000 26.000000 4.688294 1.362689 36.000000 6664.663090
71.000000 -26.000000 4.688294 1.362689 36.000000 6664.663090
71.000000 16.000000 3.677800 2.999759 74.000000 32296.658200
71.000000 -16.000000 3.677800 2.999759 74.000000 32296.658200
71.000000 27.000000 4.777602 1.381067 111.000000 6845.644530
71.000000 -27.000000 4.777602 1.381067 111.000000 6845.644530
71.000000 19.000000 4.007790 7.138028 209.000000 182869.547000
71.000000 -19.000000 4.007790 7.138028 209.000000 182869.547000
71.000000 16.000000 -3.677800 7.612815 239.000000 208005.844000
71.000000 -16.000000 -3.677800 7.612815 239.000000 208005.844000
71.000000 29.000000 4.951390 3.699448 313.000000 49120.039100
71.000000 -29.000000 4.951390 3.699448 313.000000 49120.039100
71.000000 12.000000 -3.185068 6.708892 239.000000 161542.406000
71.000000 -12.000000 -3.185068 6.708892 239.000000 161542.406000
71.000000 12.000000 3.185068 4.803785 31.000000 82823.226600
71.000000 -12.000000 3.185068 4.803785 31.000000 82823.226600
72.000000 15.000000 -3.561015 4.369473 293.000000 66175.773400
72.000000 -15.000000 -3.561015 4.369473 293.000000 66175.773400
72.000000 31.000000 -5.119281 1.028664 197.000000 3667.650150
72.000000 -31.000000 -5.119281 1.028664 197.000000 3667.650150
72.000000 13.000000 -3.315124 3.029796 196.000000 31817.623000
72.000000 -13.000000 -3.315124 3.029796 196.000000 31817.623000
72.000000 12.000000 3.185068 4.808500 109.000000 80142.007800
72.000000 -12.000000 3.185068 4.808500 109.000000 80142.007800
72.000000 25.000000 4.597250 7.875042 207.000000 212763.891000
72.000000 -25.000000 4.597250 7.875042 207.000000 212763.891000
72.000000 8.000000 2.600597 6.662695 177.000000 153865.359000
72.000000 -8.000000 2.600597 6.662695 177.000000 153865.359000
72.000000 21.000000 -4.213449 7.305118 78.000000 184967.484000
72.000000 -21.000000 -4.213449 7.305118 78.000000 184967.484000
72.000000 14.000000 -3.440267 6.070927 152.000000 127747.078000
72.000000 -14.000000 -3.440267 6.070927 152.000000 127747.078000
72.000000 14.000000 3.440267 7.923565 14.000000 217611.688000
72.000000 -14.000000 3.440267 7.923565 14.000000 217611.688000
72.000000 7.000000 -2.432636 5.515147 69.000000 105427.789000
72.000000 -7.000000 -2.432636 5.515147 69.000000 105427.789000
72.000000 23.000000 4.409528 5.695069 140.000000 112418.805000
72.000000 -23.000000 4.409528 5.695069 140.000000 112418.805000
72.000000 15.000000 -3.561015 6.660341 336.000000 153756.656000
72.000000 -15.000000 -3.561015 6.660341 336.000000 153756.656000
72.000000 15.000000 3.561015 3.088476 329.000000 33062.019500
72.000000 -15.000000 3.561015 3.088476 329.000000 33062.019500
72.000000 18.000000 3.900896 7.023860 312.000000 170998.609000
72.000000 -18.000000 3.900896 7.023860 312.000000 170998.609000
72.000000 10.000000 -2.907556 4.016654 52.000000 55920.351600
72.000000 -10.000000 -2.907556 4.016654 52.000000 55920.351600
72.000000 20.000000 -4.111906 1.924973 36.000000 12843.699200
72.000000 -20.000000 -4.111906 1.924973 36.000000 12843.699200
73.000000 10.000000 -2.907556 5.258123 76.000000 96298.945300
73.000000 -10.000000 -2.907556 5.258123 76.000000 96298.945300
73.000000 28.000000 4.865272 1.399118 58.000000 6818.182130
73.000000 -28.000000 4.865272 1.399118 58.000000 6818.182130
73.000000 18.000000 -3.900896 5.751760 262.000000 115228.898000
73.000000 -18.000000 -3.900896 5.751760 262.000000 115228.898000
73.000000 17.000000 -3.790990 3.359323 194.000000 39306.425800
73.000000 -17.000000 -3.790990 3.359323 194.000000 39306.425800
73.000000 12.000000 -3.185068 5.955491 135.000000 123536.438000
73.000000 -12.000000 -3.185068 5.955491 135.000000 123536.438000
73.000000 25.000000 4.597250 2.736241 168.000000 26077.669900
73.000000 -25.000000 4.597250 2.736241 168.000000 26077.669900
73.000000 25.000000 -4.597250 5.812498 231.000000 117675.383000
73.000000 -25.000000 -4.597250 5.812498 231.000000 117675.383000
73.000000 13.000000 -3.315124 2.632177 151.000000 24131.822300
73.000000 -13.000000 -3.315124 2.632177 151.000000 24131.822300
73.000000 28.000000 -4.865272 1.019181 27.000000 3617.950440
73.000000 -28.000000 -4.865272 1.019181 27.000000 3617.950440
73.000000 20.000000 4.111906 7.000000 201.000000 170669.578000
73.000000 -20.000000 4.111906 7.000000 201.000000 170669.578000
73.000000 12.000000 3.185068 6.164611 136.000000 132364.438000
73.000000 -12.000000 3.185068 6.164611 136.000000 132364.438000
73.000000 20.000000 4.111906 6.151473 231.000000 131800.844000
73.000000 -20.000000 4.111906 6.151473 231.000000 131800.844000
73.000000 31.000000 -5.119281 6.034466 267.000000 126834.562000
73.000000 -31.000000 -5.119281 6.034466 267.000000 126834.562000
73.000000 28.000000 4.865272 6.279917 231.000000 137362.375000
73.000000 -28.000000 4.865272 6.279917 231.000000 137362.375000
73.000000 8.000000 2.600597 7.830323 262.000000 213559.703000
73.000000 -8.000000 2.600597 7.830323 262.000000 213559.703000
74.000000 26.000000 -4.688294 5.136693 193.000000 93086.171900
74.000000 -26.000000 -4.688294 5.136693 193.000000 93086.171900
74.000000 27.000000 4.777602 2.618146 301.000000 24182.746100
74.000000 -27.000000 4.777602 2.618146 301.000000 24182.746100
74.000000 28.000000 4.865272 4.644354 174.000000 76097.156200
74.000000 -28.000000 4.865272 4.644354 174.000000 76097.156200
74.000000 13.000000 3.315124 1.502433 334.000000 7963.575200
74.000000 -13.000000 3.315124 1.502433 334.000000 7963.575200
74.000000 15.000000 3.561015 5.962100 27.000000 125405.414000
74.000000 -15.000000 3.561015 5.962100 27.000000 125405.414000
74.000000 31.000000 5.119281 5.755376 216.000000 116859.828000
74.000000 -31.000000 5.119281 5.755376 216.000000 116859.828000
74.000000 31.000000 5.119281 4.920555 50.000000 85417.343800
74.000000 -31.000000 5.119281 4.920555 50.000000 85417.343800
74.000000 26.000000 4.688294 6.153099 258.000000 133568.984000
74.000000 -26.000000 4.688294 6.153099 258.000000 133568.984000
74.000000 23.000000 4.409528 3.155557 14.000000 35129.328100
74.000000 -23.000000 4.409528 3.155557 14.000000 35129.328100
74.000000 7.000000 -2.432636 5.412127 269.000000 103336.516000
74.000000 -7.000000 -2.432636 5.412127 269.000000 103336.516000
74.000000 24.000000 4.504367 2.417172 196.000000 20612.607400
74.000000 -24.000000 4.504367 2.417172 196.000000 20612.607400
74.000000 21.000000 4.213449 1.230751 348.000000 5343.901370
74.000000 -21.000000 4.213449 1.230751 348.000000 5343.901370
74.000000 22.000000 -4.312603 3.405946 204.000000 40925.445300
74.000000 -22.000000 -4.312603 3.405946 204.000000 40925.445300
74.000000 7.000000 -2.432636 1.678700 160.000000 9941.782230
74.000000 -7.000000 -2.432636 1.678700 160.000000 9941.782230
74.000000 25.000000 4.597250 7.109147 276.000000 178300.641000
74.000000 -25.000000 4.597250 7.109147 276.000000 178300.641000
74.000000 29.000000 -4.951390 1.240641 70.000000 5430.131350
74.000000 -29.000000 -4.951390 1.240641 70.000000 5430.131350
74.000000 29.000000 -4.951390 1.955049 185.000000 13484.439500
74.000000 -29.000000 -4.951390 1.955049 185.000000 13484.439500
74.000000 7.000000 -2.432636 2.196354 240.000000 17018.552700
74.000000 -7.000000 -2.432636 2.196354 240.000000 17018.552700
75.000000 27.000000 -4.777602 4.827961 344.000000 81405.007800
75.000000 -27.000000 -4.777602 4.827961 344.000000 81405.007800
75.000000 16.000000 3.677800 6.736854 276.000000 162070.406000
75.000000 -16.000000 3.677800 6.736854 276.000000 162070.406000
75.000000 26.000000 -4.688294 3.127492 287.000000 34928.656200
75.000000 -26.000000 -4.688294 3.127492 287.000000 34928.656200
75.000000 15.000000 -3.561015 3.233088 141.000000 37327.136700
75.000000 -15.000000 -3.561015 3.233088 141.000000 37327.136700
75.000000 11.000000 -3.049471 4.970176 28.000000 88213.085900
75.000000 -11.000000 -3.049471 4.970176 28.000000 88213.085900
75.000000 15.000000 -3.561015 4.891735 316.000000 85450.632800
75.000000 -15.000000 -3.561015 4.891735 316.000000 85450.632800
75.000000 20.000000 4.111906 3.758982 300.000000 50457.988300
75.000000 -20.000000 4.111906 3.758982 300.000000 50457.988300
75.000000 23.000000 -4.409528 7.576082 190.000000 200453.156000
75.000000 -23.000000 -4.409528 7.576082 190.000000 200453.156000
75.000000 19.000000 -4.007790 4.341866 297.000000 67319.710900
75.000000 -19.000000 -4.007790 4.341866 297.000000 67319.710900
75.000000 31.000000 -5.119281 7.073719 214.000000 178683.766000
75.000000 -31.000000 -5.119281 7.073719 214.000000 178683.766000
75.000000 12.000000 3.185068 5.532403 293.000000 109299.242000
75.000000 -12.000000 3.185068 5.532403 293.000000 109299.242000
75.000000 18.000000 -3.900896 1.431602 115.000000 7318.702640
75.000000 -18.000000 -3.900896 1.431602 115.000000 7318.702640
75.000000 23.000000 -4.409528 4.410861 32.000000 69476.234400
75.000000 -23.000000 -4.409528 4.410861 32.000000 69476.234400
75.000000 23.000000 4.409528 7.771343 32.000000 215665.984000
75.000000 -23.000000 4.409528 7.771343 32.000000 215665.984000
75.000000 10.000000 2.907556 2.443166 327.000000 21315.490200
75.000000 -10.000000 2.907556 2.443166 327.000000 21315.490200
75.000000 29.000000 4.951390 2.949738 153.000000 31071.072300
75.000000 -29.000000 4.951390 2.949738 153.000000 31071.072300
75.000000 25.000000 4.597250 4.984807 338.000000 88733.226600
75.000000 -25.000000 4.597250 4.984807 338.000000 88733.226600
76.000000 8.000000 2.600597 6.065286 180.000000 126608.266000
76.000000 -8.000000 2.600597 6.065286 180.000000 126608.266000
76.000000 12.000000 -3.185068 1.560647 285.000000 8382.408200
76.000000 -12.000000 -3.185068 1.560647 285.000000 8382.408200
76.000000 23.000000 -4.409528 6.096634 237.000000 127920.359000
76.000000 -23.000000 -4.409528 6.096634 237.000000 127920.359000
76.000000 24.000000 4.504367 1.794808 255.000000 11086.524400
76.000000 -24.000000 4.504367 1.794808 255.000000 11086.524400
76.000000 14.000000 -3.440267 7.848555 233.000000 211335.031000
76.000000 -14.000000 -3.440267 7.848555 233.000000 211335.031000
76.000000 26.000000 4.688294 2.014751 272.000000 13970.190400
76.000000 -26.000000 4.688294 2.014751 272.000000 13970.190400
76.000000 30.000000 5.036036 7.092257 96.000000 174345.172000
76.000000 -30.000000 5.036036 7.092257 96.000000 174345.172000
76.000000 20.000000 -4.111906 3.505611 5.000000 42294.804700
76.000000 -20.000000 -4.111906 3.505611 5.000000 42294.804700
76.000000 31.000000 5.119281 1.081202 245.000000 4023.212400
76.000000 -31.000000 5.119281 1.081202 245.000000 4023.212400
76.000000 10.000000 -2.907556 3.696437 241.000000 47024.703100
76.000000 -10.000000 -2.907556 3.696437 241.000000 47024.703100
76.000000 18.000000 -3.900896 5.590197 297.000000 107550.789000
76.000000 -18.000000 -3.900896 5.590197 297.000000 107550.789000
76.000000 24.000000 4.504367 5.015549 304.000000 86575.789100
76.000000 -24.000000 4.504367 5.015549 304.000000 86575.789100
76.000000 14.000000 -3.440267 4.009967 264.000000 55340.242200
76.000000 -14.000000 -3.440267 4.009967 264.000000 55340.242200
76.000000 20.000000 -4.111906 6.285011 345.000000 135947.578000
76.000000 -20.000000 -4.111906 6.285011 345.000000 135947.578000
76.000000 30.000000 -5.036036 1.017313 251.000000 3561.795900
76.000000 -30.000000 -5.036036 1.017313 251.000000 3561.795900
76.000000 7.000000 2.432636 3.197565 101.000000 35188.300800
76.000000 -7.000000 2.432636 3.197565 101.000000 35188.300800
76.000000 7.000000 -2.432636 7.767663 207.000000 207653.969000
76.000000 -7.000000 -2.432636 7.767663 207.000000 207653.969000
77.000000 15.000000 -3.561015 6.865270 216.000000 172389.953000
77.000000 -15.000000 -3.561015 6.865270 216.000000 172389.953000
77.000000 14.000000 3.440267 2.566666 185.000000 24095.480500
77.000000 -14.000000 3.440267 2.566666 185.000000 24095.480500
77.000000 15.000000 3.561015 7.767822 53.000000 220696.391000
77.000000 -15.000000 3.561015 7.767822 53.000000 220696.391000
77.000000 14.000000 -3.440267 2.471230 80.000000 22336.914100
77.000000 -14.000000 -3.440267 2.471230 80.000000 22336.914100
77.000000 28.000000 4.865272 3.349159 132.000000 41026.867200
77.000000 -28.000000 4.865272 3.349159 132.000000 41026.867200
77.000000 14.000000 3.440267 2.707033 53.000000 26803.035200
77.000000 -14.000000 3.440267 2.707033 53.000000 26803.035200
77.000000 16.000000 3.677800 4.644189 116.000000 78889.007800
77.000000 -16.000000 3.677800 4.644189 116.000000 78889.007800
77.000000 8.000000 -2.600597 7.014112 250.000000 179945.953000
77.000000 -8.000000 -2.600597 7.014112 250.000000 179945.953000
77.000000 20.000000 -4.111906 3.352021 52.000000 41097.023400
77.000000 -20.000000 -4.111906 3.352021 52.000000 41097.023400
77.000000 30.000000 5.036036 4.604896 59.000000 77559.734400
77.000000 -30.000000 5.036036 4.604896 59.000000 77559.734400
77.000000 19.000000 4.007790 7.021381 0.000000 180319.141000
77.000000 -19.000000 4.007790 7.021381 0.000000 180319.141000
77.000000 9.000000 2.758350 1.314800 271.000000 6322.899900
77.000000 -9.000000 2.758350 1.314800 271.000000 6322.899900
77.000000 24.000000 -4.504367 4.786280 175.000000 83790.140600
77.000000 -24.000000 -4.504367 4.786280 175.000000 83790.140600
77.000000 16.000000 -3.677800 1.600259 205.000000 9366.500000
77.000000 -16.000000 -3.677800 1.600259 205.000000 9366.500000
77.000000 9.000000 2.758350 7.195838 359.000000 189391.062000
77.000000 -9.000000 2.758350 7.195838 359.000000 189391.062000
77.000000 12.000000 -3.185068 1.873788 134.000000 12842.153300
77.000000 -12.000000 -3.185068 1.873788 134.000000 12842.153300
77.000000 11.000000 -3.049471 7.631837 173.000000 213036.969000
77.000000 -11.000000 -3.049471 7.631837 173.000000 213036.969000
77.000000 26.000000 4.688294 3.979569 35.000000 57925.382800
77.000000 -26.000000 4.688294 3.979569 35.000000 57925.382800
78.000000 10.000000 -2.907556 2.209030 67.000000 16594.462900
78.000000 -10.000000 -2.907556 2.209030 67.000000 16594.462900
78.000000 17.000000 3.790990 5.331912 270.000000 96677.625000
78.000000 -17.000000 3.790990 5.331912 270.000000 96677.625000
78.000000 15.000000 3.561015 4.587714 26.000000 71573.593800
78.000000 -15.000000 3.561015 4.587714 26.000000 71573.593800
78.000000 11.000000 -3.049471 2.345159 237.000000 18702.720700
78.000000 -11.000000 -3.049471 2.345159 237.000000 18702.720700
78.000000 14.000000 3.440267 5.958153 233.000000 120721.164000
78.000000 -14.000000 3.440267 5.958153 233.000000 120721.164000
78.000000 9.000000 2.758350 7.166570 349.000000 174655.703000
78.000000 -9.000000 2.758350 7.166570 349.000000 174655.703000
78.000000 11.000000 3.049471 4.677249 316.000000 74394.546900
78.000000 -11.000000 3.049471 4.677249 316.000000 74394.546900
78.000000 14.000000 3.440267 6.001745 293.000000 122494.117000
78.000000 -14.000000 3.440267 6.001745 293.000000 122494.117000
78.000000 23.000000 -4.409528 6.243598 70.000000 132565.344000
78.000000 -23.000000 -4.409528 6.243598 70.000000 132565.344000
78.000000 19.000000 4.007790 4.445958 143.000000 67218.812500
78.000000 -19.000000 4.007790 4.445958 143.000000 67218.812500
78.000000 30.000000 -5.036036 5.917566 212.000000 119082.055000
78.000000 -30.000000 -5.036036 5.917566 212.000000 119082.055000
78.000000 19.000000 4.007790 7.573789 187.000000 195068.203000
78.000000 -19.000000 4.007790 7.573789 187.000000 195068.203000
78.000000 28.000000 4.865272 3.533955 103.000000 42469.988300
78.000000 -28.000000 4.865272 3.533955 103.000000 42469.988300
79.000000 25.000000 -4.597250 4.565520 68.000000 78236.398400
79.000000 -25.000000 -4.597250 4.565520 68.000000 78236.398400
79.000000 20.000000 -4.111906 4.461957 13.000000 74727.250000
79.000000 -20.000000 -4.111906 4.461957 13.000000 74727.250000
79.000000 30.000000 -5.036036 4.493620 246.000000 75791.578100
79.000000 -30.000000 -5.036036 4.493620 246.000000 75791.578100
79.000000 7.000000 2.432636 4.795481 138.000000 86316.250000
79.000000 -7.000000 2.432636 4.795481 138.000000 86316.250000
79.000000 10.000000 2.907556 5.842552 12.000000 128124.883000
79.000000 -10.000000 2.907556 5.842552 12.000000 128124.883000
79.000000 12.000000 -3.185068 2.692217 214.000000 27204.972700
79.000000 -12.000000 -3.185068 2.692217 214.000000 27204.972700
79.000000 12.000000 -3.185068 3.565421 198.000000 47714.445300
79.000000 -12.000000 -3.185068 3.565421 198.000000 47714.445300
79.000000 10.000000 2.907556 4.462576 351.000000 74747.984400
79.000000 -10.000000 2.907556 4.462576 351.000000 74747.984400
79.000000 15.000000 3.561015 6.767540 23.000000 171905.547000
79.000000 -15.000000 3.561015 6.767540 23.000000 171905.547000
79.000000 10.000000 -2.907556 5.534753 35.000000 114980.664000
79.000000 -10.000000 -2.907556 5.534753 35.000000 114980.664000
79.000000 26.000000 4.688294 4.333294 15.000000 70479.781200
79.000000 -26.000000 4.688294 4.333294 15.000000 70479.781200
79.000000 30.000000 5.036036 2.270925 199.000000 19356.818400
79.000000 -30.000000 5.036036 2.270925 199.000000 19356.818400
79.000000 22.000000 4.312603 2.783811 237.000000 29087.587900
79.000000 -22.000000 4.312603 2.783811 237.000000 29087.587900
79.000000 30.000000 5.036036 4.962444 182.000000 92431.382800
79.000000 -30.000000 5.036036 4.962444 182.000000 92431.382800
79.000000 26.000000 -4.688294 3.516556 21.000000 46415.543000
79.000000 -26.000000 -4.688294 3.516556 21.000000 46415.543000
79.000000 30.000000 -5.036036 5.680892 273.000000 121132.664000
79.000000 -30.000000 -5.036036 5.680892 273.000000 121132.664000
80.000000 17.000000 3.790990 6.154428 5.000000 133784.672000
80.000000 -17.000000 3.790990 6.154428 5.000000 133784.672000
80.000000 21.000000 4.213449 4.927486 72.000000 85759.421900
80.000000 -21.000000 4.213449 4.927486 72.000000 85759.421900
80.000000 26.000000 4.688294 7.098947 131.000000 177999.484000
80.000000 -26.000000 4.688294 7.098947 131.000000 177999.484000
80.000000 28.000000 -4.865272 4.326748 252.000000 66123.257800
80.000000 -28.000000 -4.865272 4.326748 252.000000 66123.257800
80.000000 22.000000 4.312603 6.166943 202.000000 134329.281000
80.000000 -22.000000 4.312603 6.166943 202.000000 134329.281000
80.000000 11.000000 -3.049471 1.458448 184.000000 7512.994630
80.000000 -11.000000 -3.049471 1.458448 184.000000 7512.994630
80.000000 20.000000 -4.111906 3.860142 310.000000 52630.503900
80.000000 -20.000000 -4.111906 3.860142 310.000000 52630.503900
80.000000 24.000000 -4.504367 5.604021 76.000000 110925.250000
80.000000 -24.000000 -4.504367 5.604021 76.000000 110925.250000
80.000000 15.000000 3.561015 5.203417 270.000000 95633.101600
80.000000 -15.000000 3.561015 5.203417 270.000000 95633.101600
80.000000 20.000000 4.111906 6.702392 12.000000 158668.438000
80.000000 -20.000000 4.111906 6.702392 12.000000 158668.438000
80.000000 19.000000 4.007790 4.840827 224.000000 85953.679700
80.000000 -19.000000 4.007790 4.840827 224.000000 85953.679700
80.000000 22.000000 4.312603 3.698059 202.000000 48303.503900
80.000000 -22.000000 4.312603 3.698059 202.000000 48303.503900
80.000000 29.000000 -4.951390 7.278421 72.000000 187113.562000
80.000000 -29.000000 -4.951390 7.278421 72.000000 187113.562000
80.000000 18.000000 3.900896 2.790181 99.000000 27497.660200
80.000000 -18.000000 3.900896 2.790181 99.000000 27497.660200
80.000000 30.000000 5.036036 7.669677 331.000000 207771.062000
80.000000 -30.000000 5.036036 7.669677 331.000000 207771.062000
80.000000 27.000000 4.777602 1.399682 61.000000 6919.739260
80.000000 -27.000000 4.777602 1.399682 61.000000 6919.739260
80.000000 26.000000 4.688294 4.435783 345.000000 69497.867200
80.000000 -26.000000 4.688294 4.435783 345.000000 69497.867200
81.000000 22.000000 -4.312603 6.793362 246.000000 169275.797000
81.000000 -22.000000 -4.312603 6.793362 246.000000 169275.797000
81.000000 12.000000 -3.185068 4.531137 354.000000 75307.781200
81.000000 -12.000000 -3.185068 4.531137 354.000000 75307.781200
81.000000 25.000000 -4.597250 6.739117 235.000000 166583.250000
81.000000 -25.000000 -4.597250 6.739117 235.000000 166583.250000
81.000000 28.000000 -4.865272 3.075773 289.000000 34700.367200
81.000000 -28.000000 -4.865272 3.075773 289.000000 34700.367200
81.000000 12.000000 -3.185068 6.743346 160.000000 166792.391000
81.000000 -12.000000 -3.185068 6.743346 160.000000 166792.391000
81.000000 10.000000 -2.907556 3.160225 96.000000 36632.058600
81.000000 -10.000000 -2.907556 3.160225 96.000000 36632.058600
81.000000 24.000000 4.504367 6.432946 4.000000 151790.734000
81.000000 -24.000000 4.504367 6.432946 4.000000 151790.734000
81.000000 10.000000 2.907556 2.403205 200.000000 21183.949200
81.000000 -10.000000 2.907556 2.403205 200.000000 21183.949200
81.000000 28.000000 4.865272 3.169874 4.000000 36856.105500
81.000000 -28.000000 4.865272 3.169874 4.000000 36856.105500
81.000000 30.000000 5.036036 7.850185 110.000000 226039.922000
81.000000 -30.000000 5.036036 7.850185 110.000000 226039.922000
81.000000 7.000000 -2.432636 5.575896 180.000000 114039.328000
81.000000 -7.000000 -2.432636 5.575896 180.000000 114039.328000
81.000000 21.000000 4.213449 5.065125 359.000000 94103.468800
81.000000 -21.000000 4.213449 5.065125 359.000000 94103.468800
81.000000 11.000000 3.049471 6.005755 151.000000 132300.234000
81.000000 -11.000000 3.049471 6.005755 151.000000 132300.234000
81.000000 26.000000 4.688294 7.148654 332.000000 187445.047000
81.000000 -26.000000 4.688294 7.148654 332.000000 187445.047000
81.000000 25.000000 -4.597250 1.680014 129.000000 10352.639600
81.000000 -25.000000 -4.597250 1.680014 129.000000 10352.639600
81.000000 28.000000 -4.865272 5.506168 304.000000 111205.000000
81.000000 -28.000000 -4.865272 5.506168 304.000000 111205.000000
81.000000 28.000000 -4.865272 2.176958 175.000000 17383.029300
81.000000 -28.000000 -4.865272 2.176958 175.000000 17383.029300
82.000000 7.000000 2.432636 5.324583 81.000000 99647.031200
82.000000 -7.000000 2.432636 5.324583 81.000000 99647.031200
82.000000 12.000000 3.185068 2.456951 163.000000 21217.105500
82.000000 -12.000000 3.185068 2.456951 163.000000 21217.105500
82.000000 15.000000 3.561015 1.599121 62.000000 8987.848630
82.000000 -15.000000 3.561015 1.599121 62.000000 8987.848630
82.000000 11.000000 -3.049471 7.603931 351.000000 203221.453000
82.000000 -11.000000 -3.049471 7.603931 351.000000 203221.453000
82.000000 12.000000 -3.185068 5.297411 206.000000 98632.617200
82.000000 -12.000000 -3.185068 5.297411 206.000000 98632.617200
82.000000 16.000000 -3.677800 1.636708 338.000000 9415.336910
82.000000 -16.000000 -3.677800 1.636708 338.000000 9415.336910
82.000000 24.000000 -4.504367 1.995093 354.000000 13990.053700
82.000000 -24.000000 -4.504367 1.995093 354.000000 13990.053700
82.000000 21.000000 4.213449 7.692443 176.000000 207980.078000
82.000000 -21.000000 4.213449 7.692443 176.000000 207980.078000
82.000000 24.000000 4.504367 7.823123 129.000000 214210.234000
82.000000 -24.000000 4.504367 7.823123 129.000000 214210.234000
82.000000 16.000000 -3.677800 6.775491 3.000000 161352.141000
82.000000 -16.000000 -3.677800 6.775491 3.000000 161352.141000
82.000000 28.000000 4.865272 1.528150 179.000000 8207.764650
82.000000 -28.000000 4.865272 1.528150 179.000000 8207.764650
82.000000 24.000000 -4.504367 2.551621 353.000000 22883.662100
82.000000 -24.000000 -4.504367 2.551621 353.000000 22883.662100
82.000000 25.000000 4.597250 1.296574 10.000000 5908.642090
82.000000 -25.000000 4.597250 1.296574 10.000000 5908.642090
82.000000 21.000000 -4.213449 4.913903 243.000000 84868.484400
82.000000 -21.000000 -4.213449 4.913903 243.000000 84868.484400
82.000000 15.000000 3.561015 5.027048 303.000000 88821.734400
82.000000 -15.000000 3.561015 5.027048 303.000000 88821.734400
83.000000 14.000000 3.440267 1.424601 275.000000 7103.398930
83.000000 -14.000000 3.440267 1.424601 275.000000 7103.398930
83.000000 13.000000 3.315124 1.268424 207.000000 5631.300290
83.000000 -13.000000 3.315124 1.268424 207.000000 5631.300290
83.000000 25.000000 4.597250 4.804502 196.000000 80793.515600
83.000000 -25.000000 4.597250 4.804502 196.000000 80793.515600
83.000000 25.000000 4.597250 7.471804 341.000000 195402.766000
83.000000 -25.000000 4.597250 7.471804 341.000000 195402.766000
83.000000 7.000000 -2.432636 4.421644 227.000000 68430.117200
83.000000 -7.000000 -2.432636 4.421644 227.000000 68430.117200
83.000000 5.000000 -2.055953 1.532005 40.000000 8214.858400
83.000000 -5.000000 -2.055953 1.532005 40.000000 8214.858400
83.000000 26.000000 -4.688294 3.237660 64.000000 36689.535200
83.000000 -26.000000 -4.688294 3.237660 64.000000 36689.535200
83.000000 23.000000 4.409528 7.479966 223.000000 195829.922000
83.000000 -23.000000 4.409528 7.479966 223.000000 195829.922000
83.000000 28.000000 -4.865272 3.822872 180.000000 51151.601600
83.000000 -28.000000 -4.865272 3.822872 180.000000 51151.601600
83.000000 28.000000 4.865272 5.363511 131.000000 100688.109000
83.000000 -28.000000 4.865272 5.363511 131.000000 100688.109000
83.000000 10.000000 -2.907556 1.423598 252.000000 7093.399410
83.000000 -10.000000 -2.907556 1.423598 252.000000 7093.399410
83.000000 27.000000 4.777602 7.533985 318.000000 198668.594000
83.000000 -27.000000 4.777602 7.533985 318.000000 198668.594000
83.000000 10.000000 2.907556 3.413179 147.000000 40775.382800
83.000000 -10.000000 2.907556 3.413179 147.000000 40775.382800
83.000000 25.000000 4.597250 7.724157 127.000000 202890.812000
83.000000 -25.000000 4.597250 7.724157 127.000000 202890.812000
84.000000 10.000000 2.907556 6.900279 356.000000 170890.609000
84.000000 -10.000000 2.907556 6.900279 356.000000 170890.609000
84.000000 12.000000 -3.185068 5.411179 91.000000 102917.203000
84.000000 -12.000000 -3.185068 5.411179 91.000000 102917.203000
84.000000 14.000000 3.440267 2.589169 169.000000 23562.685500
84.000000 -14.000000 3.440267 2.589169 169.000000 23562.685500
84.000000 27.000000 4.777602 7.047164 226.000000 174555.250000
84.000000 -27.000000 4.777602 7.047164 226.000000 174555.250000
84.000000 10.000000 -2.907556 4.742938 156.000000 79067.679700
84.000000 -10.000000 -2.907556 4.742938 156.000000 79067.679700
84.000000 9.000000 2.758350 5.682437 85.000000 113494.109000
84.000000 -9.000000 2.758350 5.682437 85.000000 113494.109000
84.000000 22.000000 -4.312603 4.523173 76.000000 71910.218800
84.000000 -22.000000 -4.312603 4.523173 76.000000 71910.218800
84.000000 5.000000 2.055953 1.982322 257.000000 13811.874000
84.000000 -5.000000 2.055953 1.982322 257.000000 13811.874000
84.000000 21.000000 -4.213449 7.580808 198.000000 201992.422000
84.000000 -21.000000 -4.213449 7.580808 198.000000 201992.422000
84.000000 21.000000 -4.213449 7.143781 249.000000 179374.359000
84.000000 -21.000000 -4.213449 7.143781 249.000000 179374.359000
84.000000 8.000000 2.600597 2.643843 314.000000 24568.310500
84.000000 -8.000000 2.600597 2.643843 314.000000 24568.310500
84.000000 9.000000 -2.758350 2.995580 120.000000 31540.304700
84.000000 -9.000000 -2.758350 2.995580 120.000000 31540.304700
84.000000 5.000000 -2.055953 1.882263 150.000000 12452.736300
84.000000 -5.000000 -2.055953 1.882263 150.000000 12452.736300
84.000000 10.000000 2.907556 2.696836 173.000000 25563.085900
84.000000 -10.000000 2.907556 2.696836 173.000000 25563.085900
84.000000 19.000000 4.007790 2.339807 285.000000 19242.619100
84.000000 -19.000000 4.007790 2.339807 285.000000 19242.619100
84.000000 8.000000 2.600597 6.422913 69.000000 145000.047000
84.000000 -8.000000 2.600597 6.422913 69.000000 145000.047000
84.000000 21.000000 4.213449 2.615422 5.000000 24042.953100
84.000000 -21.000000 4.213449 2.615422 5.000000 24042.953100
85.000000 6.000000 -2.252183 7.559553 191.000000 205317.984000
85.000000 -6.000000 -2.252183 7.559553 191.000000 205317.984000
85.000000 25.000000 4.597250 6.407143 73.000000 147490.375000
85.000000 -25.000000 4.597250 6.407143 73.000000 147490.375000
85.000000 20.000000 -4.111906 5.938827 71.000000 126717.375000
85.000000 -20.000000 -4.111906 5.938827 71.000000 126717.375000
85.000000 10.000000 2.907556 7.399668 339.000000 196724.875000
85.000000 -10.000000 2.907556 7.399668 339.000000 196724.875000
85.000000 6.000000 2.252183 3.988149 205.000000 57144.914100
85.000000 -6.000000 2.252183 3.988149 205.000000 57144.914100
85.000000 5.000000 -2.055953 7.113411 127.000000 181798.641000
85.000000 -5.000000 -2.055953 7.113411 127.000000 181798.641000
85.000000 25.000000 4.597250 7.717590 75.000000 213992.359000
85.000000 -25.000000 4.597250 7.717590 75.000000 213992.359000
85.000000 12.000000 -3.185068 5.231688 100.000000 98337.320300
85.000000 -12.000000 -3.185068 5.231688 100.000000 98337.320300
85.000000 21.000000 -4.213449 2.083281 335.000000 15593.027300
85.000000 -21.000000 -4.213449 2.083281 335.000000 15593.027300
85.000000 7.000000 2.432636 1.543482 62.000000 8559.294920
85.000000 -7.000000 2.432636 1.543482 62.000000 8559.294920
85.000000 20.000000 -4.111906 7.313427 179.000000 192166.078000
85.000000 -20.000000 -4.111906 7.313427 179.000000 192166.078000
85.000000 22.000000 4.312603 5.991200 64.000000 128962.242000
85.000000 -22.000000 4.312603 5.991200 64.000000 128962.242000
85.000000 13.000000 3.315124 7.224068 140.000000 187498.766000
85.000000 -13.000000 3.315124 7.224068 140.000000 187498.766000
85.000000 15.000000 3.561015 4.790612 277.000000 82454.976600
85.000000 -15.000000 3.561015 4.790612 277.000000 82454.976600
85.000000 13.000000 -3.315124 7.910776 308.000000 224839.688000
85.000000 -13.000000 -3.315124 7.910776 308.000000 224839.688000
85.000000 9.000000 -2.758350 4.849738 17.000000 84502.843800
85.000000 -9.000000 -2.758350 4.849738 17.000000 84502.843800
85.000000 11.000000 3.049471 2.109602 268.000000 15989.529300
85.000000 -11.000000 3.049471 2.109602 268.000000 15989.529300
86.000000 9.000000 2.758350 6.001191 19.000000 127558.609000
86.000000 -9.000000 2.758350 6.001191 19.000000 127558.609000
86.000000 28.000000 -4.865272 6.345952 316.000000 142635.766000
86.000000 -28.000000 -4.865272 6.345952 316.000000 142635.766000
86.000000 18.000000 -3.900896 7.026958 37.000000 174891.875000
86.000000 -18.000000 -3.900896 7.026958 37.000000 174891.875000
86.000000 24.000000 -4.504367 2.007266 226.000000 14270.683600
86.000000 -24.000000 -4.504367 2.007266 226.000000 14270.683600
86.000000 25.000000 4.597250 3.709815 145.000000 48746.043000
86.000000 -25.000000 4.597250 3.709815 145.000000 48746.043000
86.000000 14.000000 -3.440267 1.944903 335.000000 13397.717800
86.000000 -14.000000 -3.440267 1.944903 335.000000 13397.717800
86.000000 19.000000 -4.007790 2.871889 5.000000 29212.589800
86.000000 -19.000000 -4.007790 2.871889 5.000000 29212.589800
86.000000 12.000000 3.185068 1.187840 297.000000 4997.474610
86.000000 -12.000000 3.185068 1.187840 297.000000 4997.474610
86.000000 14.000000 -3.440267 5.534104 199.000000 108474.984000
86.000000 -14.000000 -3.440267 5.534104 199.000000 108474.984000
86.000000 11.000000 3.049471 3.682685 3.000000 48035.683600
86.000000 -11.000000 3.049471 3.682685 3.000000 48035.683600
86.000000 5.000000 2.055953 3.850205 271.000000 52505.242200
86.000000 -5.000000 2.055953 3.850205 271.000000 52505.242200
86.000000 22.000000 4.312603 5.491778 5.000000 106822.039000
86.000000 -22.000000 4.312603 5.491778 5.000000 106822.039000
86.000000 24.000000 4.504367 4.128965 267.000000 60383.375000
86.000000 -24.000000 4.504367 4.128965 267.000000 60383.375000
86.000000 21.000000 4.213449 2.488315 160.000000 21930.351600
86.000000 -21.000000 4.213449 2.488315 160.000000 21930.351600
86.000000 28.000000 -4.865272 5.528110 315.000000 108240.094000
86.000000 -28.000000 -4.865272 5.528110 315.000000 108240.094000
86.000000 21.000000 -4.213449 1.043219 279.000000 3854.655030
86.000000 -21.000000 -4.213449 1.043219 279.000000 3854.655030
87.000000 19.000000 -4.007790 7.619065 159.000000 204058.391000
87.000000 -19.000000 -4.007790 7.619065 159.000000 204058.391000
87.000000 18.000000 -3.900896 2.255706 295.000000 17886.121100
87.000000 -18.000000 -3.900896 2.255706 295.000000 17886.121100
87.000000 17.000000 -3.790990 3.029666 41.000000 32265.660200
87.000000 -17.000000 -3.790990 3.029666 41.000000 32265.660200
87.000000 13.000000 3.315124 4.047228 244.000000 57579.300800
87.000000 -13.000000 3.315124 4.047228 244.000000 57579.300800
87.000000 13.000000 -3.315124 2.133227 134.000000 15996.506800
87.000000 -13.000000 -3.315124 2.133227 134.000000 15996.506800
87.000000 13.000000 -3.315124 5.715632 246.000000 114836.406000
87.000000 -13.000000 -3.315124 5.715632 246.000000 114836.406000
87.000000 6.000000 -2.252183 2.892475 62.000000 29409.675800
87.000000 -6.000000 -2.252183 2.892475 62.000000 29409.675800
87.000000 12.000000 3.185068 6.843783 41.000000 164643.109000
87.000000 -12.000000 3.185068 6.843783 41.000000 164643.109000
87.000000 12.000000 3.185068 7.148968 0.000000 179654.359000
87.000000 -12.000000 3.185068 7.148968 0.000000 179654.359000
87.000000 13.000000 -3.315124 3.900535 277.000000 53481.000000
87.000000 -13.000000 -3.315124 3.900535 277.000000 53481.000000
87.000000 23.000000 -4.409528 4.480827 225.000000 70577.695300
87.000000 -23.000000 -4.409528 4.480827 225.000000 70577.695300
87.000000 10.000000 -2.907556 3.780673 18.000000 50244.585900
87.000000 -10.000000 -2.907556 3.780673 18.000000 50244.585900
87.000000 5.000000 2.055953 3.787794 197.000000 50434.043000
87.000000 -5.000000 2.055953 3.787794 197.000000 50434.043000
87.000000 26.000000 4.688294 3.264394 311.000000 37459.007800
87.000000 -26.000000 4.688294 3.264394 311.000000 37459.007800
87.000000 19.000000 4.007790 7.463978 332.000000 195835.641000
87.000000 -19.000000 4.007790 7.463978 332.000000 195835.641000
87.000000 11.000000 -3.049471 4.093085 119.000000 58891.496100
87.000000 -11.000000 -3.049471 4.093085 119.000000 58891.496100
88.000000 7.000000 -2.432636 1.835411 327.000000 12099.107400
88.000000 -7.000000 -2.432636 1.835411 327.000000 12099.107400
88.000000 5.000000 2.055953 2.945402 334.000000 31158.429700
88.000000 -5.000000 2.055953 2.945402 334.000000 31158.429700
88.000000 16.000000 3.677800 6.137033 113.000000 135270.641000
88.000000 -16.000000 3.677800 6.137033 113.000000 135270.641000
88.000000 17.000000 3.790990 6.762827 312.000000 164264.266000
88.000000 -17.000000 3.790990 6.762827 312.000000 164264.266000
88.000000 19.000000 -4.007790 4.987730 61.000000 89349.546900
88.000000 -19.000000 -4.007790 4.987730 61.000000 89349.546900
88.000000 28.000000 -4.865272 5.390516 159.000000 104363.180000
88.000000 -28.000000 -4.865272 5.390516 159.000000 104363.180000
88.000000 8.000000 2.600597 4.671543 336.000000 78380.343800
88.000000 -8.000000 2.600597 4.671543 336.000000 78380.343800
88.000000 18.000000 -3.900896 4.521336 261.000000 73420.953100
88.000000 -18.000000 -3.900896 4.521336 261.000000 73420.953100
88.000000 26.000000 -4.688294 5.531425 61.000000 109890.625000
88.000000 -26.000000 -4.688294 5.531425 61.000000 109890.625000
88.000000 21.000000 4.213449 5.852911 281.000000 123035.516000
88.000000 -21.000000 4.213449 5.852911 281.000000 123035.516000
88.000000 8.000000 -2.600597 1.937618 116.000000 13484.131800
88.000000 -8.000000 -2.600597 1.937618 116.000000 13484.131800
88.000000 19.000000 4.007790 2.306594 114.000000 19108.593800
88.000000 -19.000000 4.007790 2.306594 114.000000 19108.593800
88.000000 13.000000 3.315124 4.462544 235.000000 71523.976600
88.000000 -13.000000 3.315124 4.462544 235.000000 71523.976600
88.000000 16.000000 3.677800 6.542274 287.000000 153724.844000
88.000000 -16.000000 3.677800 6.542274 287.000000 153724.844000
88.000000 15.000000 -3.561015 7.393579 161.000000 196334.234000
88.000000 -15.000000 -3.561015 7.393579 161.000000 196334.234000
89.000000 16.000000 -3.677800 7.045948 121.000000 176798.000000
89.000000 -16.000000 -3.677800 7.045948 121.000000 176798.000000
89.000000 24.000000 4.504367 1.497591 48.000000 7987.027830
89.000000 -24.000000 4.504367 1.497591 48.000000 7987.027830
89.000000 10.000000 -2.907556 1.275240 39.000000 5791.383300
89.000000 -10.000000 -2.907556 1.275240 39.000000 5791.383300
89.000000 23.000000 4.409528 6.307378 31.000000 141675.969000
89.000000 -23.000000 4.409528 6.307378 31.000000 141675.969000
89.000000 11.000000 3.049471 1.604952 216.000000 9173.236330
89.000000 -11.000000 3.049471 1.604952 216.000000 9173.236330
89.000000 26.000000 4.688294 6.982018 212.000000 173604.234000
89.000000 -26.000000 4.688294 6.982018 212.000000 173604.234000
89.000000 20.000000 -4.111906 2.239982 296.000000 17868.470700
89.000000 -20.000000 -4.111906 2.239982 296.000000 17868.470700
89.000000 14.000000 -3.440267 7.279112 4.000000 188692.797000
89.000000 -14.000000 -3.440267 7.279112 4.000000 188692.797000
89.000000 16.000000 -3.677800 1.974103 234.000000 13878.354500
89.000000 -16.000000 -3.677800 1.974103 234.000000 13878.354500
89.000000 6.000000 -2.252183 4.900386 73.000000 85518.312500
89.000000 -6.000000 -2.252183 4.900386 73.000000 85518.312500
89.000000 20.000000 -4.111906 3.726314 117.000000 49448.980500
89.000000 -20.000000 -4.111906 3.726314 117.000000 49448.980500
89.000000 10.000000 -2.907556 1.122484 332.000000 4487.031740
89.000000 -10.000000 -2.907556 1.122484 332.000000 4487.031740
89.000000 8.000000 2.600597 7.182857 342.000000 183735.406000
89.000000 -8.000000 2.600597 7.182857 342.000000 183735.406000
89.000000 16.000000 3.677800 6.363830 195.000000 144223.359000
89.000000 -16.000000 3.677800 6.363830 195.000000 144223.359000
89.000000 13.000000 -3.315124 7.434076 197.000000 196812.406000
89.000000 -13.000000 -3.315124 7.434076 197.000000 196812.406000
89.000000 12.000000 3.185068 3.266963 135.000000 38009.039100
89.000000 -12.000000 3.185068 3.266963 135.000000 38009.039100
89.000000 4.000000 1.838900 2.384169 58.000000 20242.888700
89.000000 -4.000000 1.838900 2.384169 58.000000 20242.888700
90.000000 26.000000 -4.688294 3.501289 15.000000 43059.152300
90.000000 -26.000000 -4.688294 3.501289 15.000000 43059.152300
90.000000 21.000000 4.213449 1.677632 1.000000 9885.604490
90.000000 -21.000000 4.213449 1.677632 1.000000 9885.604490
90.000000 27.000000 -4.777602 7.988246 12.000000 224136.438000
90.000000 -27.000000 -4.777602 7.988246 12.000000 224136.438000
90.000000 8.000000 -2.600597 7.432025 258.000000 194009.922000
90.000000 -8.000000 -2.600597 7.432025 258.000000 194009.922000
90.000000 23.000000 -4.409528 3.643081 274.000000 46617.320300
90.000000 -23.000000 -4.409528 3.643081 274.000000 46617.320300
90.000000 5.000000 2.055953 3.878547 100.000000 52838.168000
90.000000 -5.000000 2.055953 3.878547 100.000000 52838.168000
90.000000 13.000000 3.315124 5.187991 356.000000 94538.359400
90.000000 -13.000000 3.315124 5.187991 356.000000 94538.359400
90.000000 14.000000 -3.440267 4.544527 142.000000 72541.578100
90.000000 -14.000000 -3.440267 4.544527 142.000000 72541.578100
90.000000 15.000000 -3.561015 4.331854 232.000000 65910.898400
90.000000 -15.000000 -3.561015 4.331854 232.000000 65910.898400
90.000000 12.000000 3.185068 2.753214 34.000000 26625.003900
90.000000 -12.000000 3.185068 2.753214 34.000000 26625.003900
90.000000 19.000000 -4.007790 3.586616 253.000000 45183.457000
90.000000 -19.000000 -4.007790 3.586616 253.000000 45183.457000
90.000000 8.000000 2.600597 1.289272 179.000000 5838.468260
90.000000 -8.000000 2.600597 1.289272 179.000000 5838.468260
90.000000 20.000000 -4.111906 2.325958 84.000000 19002.621100
90.000000 -20.000000 -4.111906 2.325958 84.000000 19002.621100
90.000000 8.000000 2.600597 4.277166 199.000000 64257.214800
90.000000 -8.000000 2.600597 4.277166 199.000000 64257.214800
90.000000 20.000000 4.111906 3.034741 256.000000 32348.414100
90.000000 -20.000000 4.111906 3.034741 256.000000 32348.414100
90.000000 15.000000 -3.561015 4.278680 21.000000 64302.703100
90.000000 -15.000000 -3.561015 4.278680 21.000000 64302.703100
90.000000 12.000000 -3.185068 6.237833 40.000000 136671.266000
90.000000 -12.000000 -3.185068 6.237833 40.000000 136671.266000
91.000000 17.000000 -3.790990 5.839065 333.000000 122967.188000
91.000000 -17.000000 -3.790990 5.839065 333.000000 122967.188000
91.000000 18.000000 3.900896 5.172315 339.000000 96487.835900
91.000000 -18.000000 3.900896 5.172315 339.000000 96487.835900
91.000000 20.000000 -4.111906 1.775335 356.000000 11367.454100
91.000000 -20.000000 -4.111906 1.775335 356.000000 11367.454100
91.000000 5.000000 2.055953 5.152325 332.000000 95743.453100
91.000000 -5.000000 2.055953 5.152325 332.000000 95743.453100
91.000000 23.000000 -4.409528 3.756971 234.000000 50907.089800
91.000000 -23.000000 -4.409528 3.756971 234.000000 50907.089800
91.000000 5.000000 -2.055953 3.501476 352.000000 44218.593800
91.000000 -5.000000 -2.055953 3.501476 352.000000 44218.593800
91.000000 12.000000 3.185068 4.443440 143.000000 71210.046900
91.000000 -12.000000 3.185068 4.443440 143.000000 71210.046900
91.000000 25.000000 -4.597250 5.281900 16.000000 100619.711000
91.000000 -25.000000 -4.597250 5.281900 16.000000 100619.711000
91.000000 7.000000 2.432636 2.529935 215.000000 23084.546900
91.000000 -7.000000 2.432636 2.529935 215.000000 23084.546900
91.000000 5.000000 -2.055953 6.125302 207.000000 135318.688000
91.000000 -5.000000 -2.055953 6.125302 207.000000 135318.688000
91.000000 23.000000 -4.409528 7.258056 135.000000 189995.469000
91.000000 -23.000000 -4.409528 7.258056 135.000000 189995.469000
91.000000 21.000000 -4.213449 6.130095 348.000000 135530.516000
91.000000 -21.000000 -4.213449 6.130095 348.000000 135530.516000
91.000000 11.000000 3.049471 2.907447 87.000000 30487.810500
91.000000 -11.000000 3.049471 2.907447 87.000000 30487.810500
91.000000 7.000000 2.432636 5.076355 3.000000 92940.843800
91.000000 -7.000000 2.432636 5.076355 3.000000 92940.843800
92.000000 26.000000 -4.688294 7.516566 124.000000 184941.859000
92.000000 -26.000000 -4.688294 7.516566 124.000000 184941.859000
92.000000 21.000000 -4.213449 3.303611 208.000000 35725.144500
92.000000 -21.000000 -4.213449 3.303611 208.000000 35725.144500
92.000000 8.000000 2.600597 1.797810 59.000000 10579.959000
92.000000 -8.000000 2.600597 1.797810 59.000000 10579.959000
92.000000 10.000000 -2.907556 3.340371 166.000000 36524.605500
92.000000 -10.000000 -2.907556 3.340371 166.000000 36524.605500
92.000000 18.000000 -3.900896 5.779740 357.000000 109348.516000
92.000000 -18.000000 -3.900896 5.779740 357.000000 109348.516000
92.000000 24.000000 -4.504367 4.823409 311.000000 76156.039100
92.000000 -24.000000 -4.504367 4.823409 311.000000 76156.039100
92.000000 24.000000 4.504367 3.121017 186.000000 31885.142600
92.000000 -24.000000 4.504367 3.121017 186.000000 31885.142600
92.000000 9.000000 -2.758350 4.942616 141.000000 79966.835900
92.000000 -9.000000 -2.758350 4.942616 141.000000 79966.835900
92.000000 7.000000 2.432636 1.483571 137.000000 7204.647950
92.000000 -7.000000 2.432636 1.483571 137.000000 7204.647950
92.000000 19.000000 4.007790 3.740807 62.000000 45806.472700
92.000000 -19.000000 4.007790 3.740807 62.000000 45806.472700
92.000000 22.000000 -4.312603 5.770405 148.000000 108995.555000
92.000000 -22.000000 -4.312603 5.770405 148.000000 108995.555000
92.000000 10.000000 2.907556 3.982680 1.000000 51921.480500
92.000000 -10.000000 2.907556 3.982680 1.000000 51921.480500
92.000000 12.000000 3.185068 5.546678 233.000000 100707.555000
92.000000 -12.000000 3.185068 5.546678 233.000000 100707.555000
92.000000 24.000000 -4.504367 5.028914 105.000000 82783.664100
92.000000 -24.000000 -4.504367 5.028914 105.000000 82783.664100
93.000000 11.000000 -3.049471 3.251151 239.000000 34785.628900
93.000000 -11.000000 -3.049471 3.251151 239.000000 34785.628900
93.000000 16.000000 -3.677800 3.196596 357.000000 33627.988300
93.000000 -16.000000 -3.677800 3.196596 357.000000 33627.988300
93.000000 9.000000 2.758350 7.895558 19.000000 205159.281000
93.000000 -9.000000 2.758350 7.895558 19.000000 205159.281000
93.000000 9.000000 -2.758350 1.238697 297.000000 5049.584470
93.000000 -9.000000 -2.758350 1.238697 297.000000 5049.584470
93.000000 13.000000 -3.315124 4.657619 330.000000 71392.617200
93.000000 -13.000000 -3.315124 4.657619 330.000000 71392.617200
93.000000 26.000000 4.688294 7.561986 101.000000 188190.297000
93.000000 -26.000000 4.688294 7.561986 101.000000 188190.297000
93.000000 11.000000 -3.049471 4.674253 20.000000 71903.484400
93.000000 -11.000000 -3.049471 4.674253 20.000000 71903.484400
93.000000 25.000000 4.597250 1.808418 68.000000 10762.747100
93.000000 -25.000000 4.597250 1.808418 68.000000 10762.747100
93.000000 20.000000 4.111906 1.030787 297.000000 3496.738530
93.000000 -20.000000 4.111906 1.030787 297.000000 3496.738530
93.000000 21.000000 -4.213449 3.513292 142.000000 40621.312500
93.000000 -21.000000 -4.213449 3.513292 142.000000 40621.312500
93.000000 6.000000 2.252183 2.177243 4.000000 15600.531200
93.000000 -6.000000 2.252183 2.177243 4.000000 15600.531200
93.000000 19.000000 -4.007790 4.114147 22.000000 55703.828100
93.000000 -19.000000 -4.007790 4.114147 22.000000 55703.828100
93.000000 5.000000 -2.055953 7.445717 179.000000 182447.750000
93.000000 -5.000000 -2.055953 7.445717 179.000000 182447.750000
93.000000 10.000000 2.907556 3.914748 155.000000 50435.121100
93.000000 -10.000000 2.907556 3.914748 155.000000 50435.121100
94.000000 7.000000 -2.432636 4.689237 196.000000 73772.437500
94.000000 -7.000000 -2.432636 4.689237 196.000000 73772.437500
94.000000 8.000000 -2.600597 1.950943 138.000000 12769.652300
94.000000 -8.000000 -2.600597 1.950943 138.000000 12769.652300
94.000000 8.000000 2.600597 3.881398 171.000000 50543.601600
94.000000 -8.000000 2.600597 3.881398 171.000000 50543.601600
94.000000 8.000000 2.600597 2.279981 266.000000 17440.234400
94.000000 -8.000000 2.600597 2.279981 266.000000 17440.234400
94.000000 14.000000 3.440267 2.260117 198.000000 17137.671900
94.000000 -14.000000 3.440267 2.260117 198.000000 17137.671900
94.000000 8.000000 -2.600597 5.131516 20.000000 88344.882800
94.000000 -8.000000 -2.600597 5.131516 20.000000 88344.882800
94.000000 4.000000 -1.838900 5.477472 118.000000 100658.453000
94.000000 -4.000000 -1.838900 5.477472 118.000000 100658.453000
94.000000 18.000000 -3.900896 2.267240 68.000000 17245.865200
94.000000 -18.000000 -3.900896 2.267240 68.000000 17245.865200
94.000000 14.000000 -3.440267 1.622681 26.000000 8833.976560
94.000000 -14.000000 -3.440267 1.622681 26.000000 8833.976560
94.000000 4.000000 1.838900 1.203364 64.000000 4858.296880
94.000000 -4.000000 1.838900 1.203364 64.000000 4858.296880
94.000000 10.000000 2.907556 1.407965 318.000000 6650.795410
94.000000 -10.000000 2.907556 1.407965 318.000000 6650.795410
94.000000 8.000000 -2.600597 5.083688 259.000000 86705.726600
94.000000 -8.000000 -2.600597 5.083688 259.000000 86705.726600
94.000000 10.000000 -2.907556 2.941765 277.000000 29033.933600
94.000000 -10.000000 -2.907556 2.941765 277.000000 29033.933600
94.000000 10.000000 -2.907556 2.658968 64.000000 23720.084000
94.000000 -10.000000 -2.907556 2.658968 64.000000 23720.084000
94.000000 11.000000 3.049471 7.023152 143.000000 165483.234000
94.000000 -11.000000 3.049471 7.023152 143.000000 165483.234000
95.000000 11.000000 3.049471 5.937812 162.000000 118729.523000
95.000000 -11.000000 3.049471 5.937812 162.000000 118729.523000
95.000000 23.000000 -4.409528 5.738473 229.000000 110891.578000
95.000000 -23.000000 -4.409528 5.738473 229.000000 110891.578000
95.000000 11.000000 3.049471 7.075359 31.000000 168578.781000
95.000000 -11.000000 3.049471 7.075359 31.000000 168578.781000
95.000000 13.000000 -3.315124 5.894266 218.000000 116994.469000
95.000000 -13.000000 -3.315124 5.894266 218.000000 116994.469000
95.000000 16.000000 -3.677800 4.632596 162.000000 72269.468800
95.000000 -16.000000 -3.677800 4.632596 162.000000 72269.468800
95.000000 24.000000 4.504367 2.183290 149.000000 16051.981400
95.000000 -24.000000 4.504367 2.183290 149.000000 16051.981400
95.000000 20.000000 -4.111906 5.807159 58.000000 113562.094000
95.000000 -20.000000 -4.111906 5.807159 58.000000 113562.094000
95.000000 8.000000 2.600597 5.577550 257.000000 104759.352000
95.000000 -8.000000 2.600597 5.577550 257.000000 104759.352000
95.000000 10.000000 -2.907556 5.992481 131.000000 120925.852000
95.000000 -10.000000 -2.907556 5.992481 131.000000 120925.852000
95.000000 16.000000 -3.677800 7.638987 42.000000 196506.734000
95.000000 -16.000000 -3.677800 7.638987 42.000000 196506.734000
95.000000 5.000000 2.055953 1.590200 244.000000 8515.488280
95.000000 -5.000000 2.055953 1.590200 244.000000 8515.488280
95.000000 19.000000 -4.007790 1.512558 73.000000 7704.247070
95.000000 -19.000000 -4.007790 1.512558 73.000000 7704.247070
95.000000 21.000000 -4.213449 2.918021 23.000000 28673.636700
95.000000 -21.000000 -4.213449 2.918021 23.000000 28673.636700
95.000000 18.000000 3.900896 7.952632 198.000000 212974.547000
95.000000 -18.000000 3.900896 7.952632 198.000000 212974.547000
95.000000 11.000000 -3.049471 7.123156 272.000000 170864.062000
95.000000 -11.000000 -3.049471 7.123156 272.000000 170864.062000
96.000000 25.000000 4.597250 5.831991 209.000000 118552.609000
96.000000 -25.000000 4.597250 5.831991 209.000000 118552.609000
96.000000 17.000000 -3.790990 2.726949 55.000000 25919.781200
96.000000 -17.000000 -3.790990 2.726949 55.000000 25919.781200
96.000000 21.000000 4.213449 7.534238 257.000000 197859.141000
96.000000 -21.000000 4.213449 7.534238 257.000000 197859.141000
96.000000 15.000000 -3.561015 2.169853 303.000000 16411.115200
96.000000 -15.000000 -3.561015 2.169853 303.000000 16411.115200
96.000000 23.000000 -4.409528 5.958541 159.000000 123753.445000
96.000000 -23.000000 -4.409528 5.958541 159.000000 123753.445000
96.000000 13.000000 -3.315124 1.875008 253.000000 12254.167000
96.000000 -13.000000 -3.315124 1.875008 253.000000 12254.167000
96.000000 22.000000 4.312603 4.229942 216.000000 62365.773400
96.000000 -22.000000 4.312603 4.229942 216.000000 62365.773400
96.000000 23.000000 -4.409528 6.320881 308.000000 139262.000000
96.000000 -23.000000 -4.409528 6.320881 308.000000 139262.000000
96.000000 12.000000 3.185068 5.313103 12.000000 98395.187500
96.000000 -12.000000 3.185068 5.313103 12.000000 98395.187500
96.000000 18.000000 3.900896 7.391156 100.000000 190415.422000
96.000000 -18.000000 3.900896 7.391156 100.000000 190415.422000
96.000000 7.000000 2.432636 7.336577 223.000000 187613.625000
96.000000 -7.000000 2.432636 7.336577 223.000000 187613.625000
96.000000 20.000000 4.111906 5.705638 149.000000 113471.258000
96.000000 -20.000000 4.111906 5.705638 149.000000 113471.258000
96.000000 20.000000 -4.111906 2.174066 53.000000 16474.896500
96.000000 -20.000000 -4.111906 2.174066 53.000000 16474.896500
96.000000 10.000000 -2.907556 1.463100 138.000000 7461.484860
96.000000 -10.000000 -2.907556 1.463100 138.000000 7461.484860
96.000000 8.000000 2.600597 3.855504 317.000000 51813.117200
96.000000 -8.000000 2.600597 3.855504 317.000000 51813.117200
96.000000 8.000000 2.600597 4.061710 222.000000 57503.632800
96.000000 -8.000000 2.600597 4.061710 222.000000 57503.632800
97.000000 25.000000 -4.597250 2.541057 329.000000 21074.759800
97.000000 -25.000000 -4.597250 2.541057 329.000000 21074.759800
97.000000 17.000000 3.790990 6.067821 269.000000 120170.961000
97.000000 -17.000000 3.790990 6.067821 269.000000 120170.961000
97.000000 23.000000 -4.409528 3.839952 179.000000 48126.628900
97.000000 -23.000000 -4.409528 3.839952 179.000000 48126.628900
97.000000 7.000000 2.432636 5.862129 187.000000 112161.742000
97.000000 -7.000000 2.432636 5.862129 187.000000 112161.742000
97.000000 12.000000 -3.185068 4.890333 123.000000 78056.812500
97.000000 -12.000000 -3.185068 4.890333 123.000000 78056.812500
97.000000 9.000000 2.758350 1.978989 259.000000 12782.650400
97.000000 -9.000000 2.758350 1.978989 259.000000 12782.650400
97.000000 19.000000 -4.007790 7.781267 352.000000 197621.688000
97.000000 -19.000000 -4.007790 7.781267 352.000000 197621.688000
97.000000 11.000000 3.049471 1.556975 125.000000 7912.204100
97.000000 -11.000000 3.049471 1.556975 125.000000 7912.204100
97.000000 15.000000 3.561015 6.757353 56.000000 149034.625000
97.000000 -15.000000 3.561015 6.757353 56.000000 149034.625000
97.000000 6.000000 2.252183 1.871328 104.000000 11429.677700
97.000000 -6.000000 2.252183 1.871328 104.000000 11429.677700
97.000000 6.000000 2.252183 4.688718 58.000000 71753.343800
97.000000 -6.000000 2.252183 4.688718 58.000000 71753.343800
97.000000 25.000000 4.597250 1.408235 214.000000 6472.684570
97.000000 -25.000000 4.597250 1.408235 214.000000 6472.684570
97.000000 14.000000 -3.440267 2.215704 144.000000 16023.499000
97.000000 -14.000000 -3.440267 2.215704 144.000000 16023.499000
97.000000 13.000000 -3.315124 7.803056 312.000000 198730.016000
97.000000 -13.000000 -3.315124 7.803056 312.000000 198730.016000
98.000000 19.000000 4.007790 6.815155 355.000000 160338.703000
98.000000 -19.000000 4.007790 6.815155 355.000000 160338.703000
98.000000 11.000000 -3.049471 1.157879 127.000000 4628.213380
98.000000 -11.000000 -3.049471 1.157879 127.000000 4628.213380
98.000000 16.000000 3.677800 2.551282 292.000000 22470.043000
98.000000 -16.000000 3.677800 2.551282 292.000000 22470.043000
98.000000 9.000000 -2.758350 1.674770 344.000000 9682.717770
98.000000 -9.000000 -2.758350 1.674770 344.000000 9682.717770
98.000000 21.000000 -4.213449 3.383865 269.000000 39528.730500
98.000000 -21.000000 -4.213449 3.383865 269.000000 39528.730500
98.000000 18.000000 3.900896 6.412692 5.000000 141960.547000
98.000000 -18.000000 3.900896 6.412692 5.000000 141960.547000
98.000000 16.000000 -3.677800 3.834973 177.000000 50770.511700
98.000000 -16.000000 -3.677800 3.834973 177.000000 50770.511700
98.000000 5.000000 -2.055953 2.316586 118.000000 18526.082000
98.000000 -5.000000 -2.055953 2.316586 118.000000 18526.082000
98.000000 24.000000 -4.504367 1.960109 323.000000 13263.168000
98.000000 -24.000000 -4.504367 1.960109 323.000000 13263.168000
98.000000 19.000000 -4.007790 3.478895 325.000000 41780.113300
98.000000 -19.000000 -4.007790 3.478895 325.000000 41780.113300
98.000000 6.000000 2.252183 3.130092 118.000000 33822.148400
98.000000 -6.000000 2.252183 3.130092 118.000000 33822.148400
98.000000 4.000000 -1.838900 3.561559 105.000000 43789.214800
98.000000 -4.000000 -1.838900 3.561559 105.000000 43789.214800
98.000000 6.000000 2.252183 3.970655 176.000000 54426.613300
98.000000 -6.000000 2.252183 3.970655 176.000000 54426.613300
98.000000 4.000000 -1.838900 4.809422 39.000000 79849.570300
98.000000 -4.000000 -1.838900 4.809422 39.000000 79849.570300
98.000000 16.000000 -3.677800 5.710680 197.000000 112580.336000
98.000000 -16.000000 -3.677800 5.710680 197.000000 112580.336000
99.000000 14.000000 -3.440267 1.682427 25.000000 9130.968750
99.000000 -14.000000 -3.440267 1.682427 25.000000 9130.968750
99.000000 8.000000 2.600597 1.625008 85.000000 8518.342770
99.000000 -8.000000 2.600597 1.625008 85.000000 8518.342770
99.000000 22.000000 -4.312603 5.513311 150.000000 98054.898400
99.000000 -22.000000 -4.312603 5.513311 150.000000 98054.898400
99.000000 7.000000 2.432636 7.071566 129.000000 161315.250000
99.000000 -7.000000 2.432636 7.071566 129.000000 161315.250000
99.000000 7.000000 2.432636 3.602039 183.000000 41854.398400
99.000000 -7.000000 2.432636 3.602039 183.000000 41854.398400
99.000000 6.000000 2.252183 7.801786 320.000000 196350.688000
99.000000 -6.000000 2.252183 7.801786 320.000000 196350.688000
99.000000 8.000000 2.600597 5.672158 321.000000 103786.516000
99.000000 -8.000000 2.600597 5.672158 321.000000 103786.516000
99.000000 12.000000 3.185068 1.398694 271.000000 6310.876950
99.000000 -12.000000 3.185068 1.398694 271.000000 6310.876950
99.000000 24.000000 -4.504367 4.154507 50.000000 55677.953100
99.000000 -24.000000 -4.504367 4.154507 50.000000 55677.953100
99.000000 18.000000 -3.900896 4.488401 88.000000 64987.168000
99.000000 -18.000000 -3.900896 4.488401 88.000000 64987.168000
99.000000 6.000000 -2.252183 3.417779 303.000000 37681.851600
99.000000 -6.000000 -2.252183 3.417779 303.000000 37681.851600
99.000000 7.000000 2.432636 1.583590 24.000000 8089.648930
99.000000 -7.000000 2.432636 1.583590 24.000000 8089.648930
99.000000 8.000000 2.600597 3.777797 100.000000 46038.543000
99.000000 -8.000000 2.600597 3.777797 100.000000 46038.543000
100.000000 4.000000 -1.838900 7.990143 214.000000 224864.469000
100.000000 -4.000000 -1.838900 7.990143 214.000000 224864.469000
100.000000 12.000000 -3.185068 5.233336 354.000000 96464.828100
100.000000 -12.000000 -3.185068 5.233336 354.000000 96464.828100
100.000000 15.000000 3.561015 5.385389 2.000000 102151.781000
100.000000 -15.000000 3.561015 5.385389 2.000000 102151.781000
100.000000 22.000000 4.312603 5.214601 125.000000 95775.359400
100.000000 -22.000000 4.312603 5.214601 125.000000 95775.359400
100.000000 7.000000 2.432636 4.175351 303.000000 61404.152300
100.000000 -7.000000 2.432636 4.175351 303.000000 61404.152300
100.000000 19.000000 -4.007790 5.136026 336.000000 92910.789100
100.000000 -19.000000 -4.007790 5.136026 336.000000 92910.789100
100.000000 20.000000 4.111906 2.697551 124.000000 25630.136700
100.000000 -20.000000 4.111906 2.697551 124.000000 25630.136700
100.000000 6.000000 -2.252183 6.749115 234.000000 160437.312000
100.000000 -6.000000 -2.252183 6.749115 234.000000 160437.312000
100.000000 14.000000 3.440267 1.618325 11.000000 9224.510740
100.000000 -14.000000 3.440267 1.618325 11.000000 9224.510740
100.000000 22.000000 4.312603 3.253428 226.000000 37281.562500
100.000000 -22.000000 4.312603 3.253428 226.000000 37281.562500
100.000000 10.000000 2.907556 3.339686 130.000000 39284.671900
100.000000 -10.000000 2.907556 3.339686 130.000000 39284.671900
100.000000 20.000000 4.111906 2.883863 320.000000 29292.814500
100.000000 -20.000000 4.111906 2.883863 320.000000 29292.814500
100.000000 17.000000 -3.790990 2.107075 307.000000 15637.655300
100.000000 -17.000000 -3.790990 2.107075 307.000000 15637.655300
101.000000 19.000000 4.007790 4.705649 23.000000 75533.492200
101.000000 -19.000000 4.007790 4.705649 23.000000 75533.492200
101.000000 6.000000 -2.252183 2.539266 41.000000 21994.640600
101.000000 -6.000000 -2.252183 2.539266 41.000000 21994.640600
101.000000 6.000000 2.252183 7.925128 225.000000 214246.188000
101.000000 -6.000000 2.252183 7.925128 225.000000 214246.188000
101.000000 4.000000 1.838900 6.442930 184.000000 141601.344000
101.000000 -4.000000 1.838900 6.442930 184.000000 141601.344000
101.000000 9.000000 -2.758350 3.097071 290.000000 32719.201200
101.000000 -9.000000 -2.758350 3.097071 290.000000 32719.201200
101.000000 7.000000 -2.432636 4.343826 351.000000 64364.347700
101.000000 -7.000000 -2.432636 4.343826 351.000000 64364.347700
101.000000 11.000000 -3.049471 4.655254 341.000000 73924.304700
101.000000 -11.000000 -3.049471 4.655254 341.000000 73924.304700
101.000000 9.000000 2.758350 1.399333 197.000000 6679.481930
101.000000 -9.000000 2.758350 1.399333 197.000000 6679.481930
101.000000 8.000000 2.600597 5.149531 130.000000 90455.671900
101.000000 -8.000000 2.600597 5.149531 130.000000 90455.671900
101.000000 15.000000 -3.561015 4.750976 316.000000 76995.640600
101.000000 -15.000000 -3.561015 4.750976 316.000000 76995.640600
101.000000 15.000000 3.561015 4.972317 338.000000 84336.992200
101.000000 -15.000000 3.561015 4.972317 338.000000 84336.992200
101.000000 20.000000 -4.111906 7.359262 165.000000 184743.469000
101.000000 -20.000000 -4.111906 7.359262 165.000000 184743.469000
101.000000 6.000000 2.252183 6.325498 100.000000 136486.562000
101.000000 -6.000000 2.252183 6.325498 100.000000 136486.562000
102.000000 7.000000 -2.432636 7.644756 133.000000 191848.297000
102.000000 -7.000000 -2.432636 7.644756 133.000000 191848.297000
102.000000 21.000000 4.213449 2.653516 161.000000 23113.941400
102.000000 -21.000000 4.213449 2.653516 161.000000 23113.941400
102.000000 11.000000 3.049471 2.385849 134.000000 18686.017600
102.000000 -11.000000 3.049471 2.385849 134.000000 18686.017600
102.000000 10.000000 -2.907556 2.960856 348.000000 28778.304700
102.000000 -10.000000 -2.907556 2.960856 348.000000 28778.304700
102.000000 17.000000 -3.790990 7.528676 253.000000 186066.391000
102.000000 -17.000000 -3.790990 7.528676 253.000000 186066.391000
102.000000 7.000000 -2.432636 3.579715 210.000000 42065.656200
102.000000 -7.000000 -2.432636 3.579715 210.000000 42065.656200
102.000000 17.000000 3.790990 4.726896 100.000000 73347.078100
102.000000 -17.000000 3.790990 4.726896 100.000000 73347.078100
102.000000 19.000000 4.007790 4.326963 33.000000 61460.652300
102.000000 -19.000000 4.007790 4.326963 33.000000 61460.652300
102.000000 20.000000 4.111906 2.677969 81.000000 23541.910200
102.000000 -20.000000 4.111906 2.677969 81.000000 23541.910200
102.000000 23.000000 -4.409528 2.637749 306.000000 22840.087900
102.000000 -23.000000 -4.409528 2.637749 306.000000 22840.087900
102.000000 13.000000 -3.315124 3.985848 314.000000 52152.132800
102.000000 -13.000000 -3.315124 3.985848 314.000000 52152.132800
102.000000 9.000000 -2.758350 1.665638 332.000000 9107.343750
102.000000 -9.000000 -2.758350 1.665638 332.000000 9107.343750
102.000000 4.000000 -1.838900 2.048928 217.000000 13781.099600
102.000000 -4.000000 -1.838900 2.048928 217.000000 13781.099600
103.000000 23.000000 -4.409528 1.261513 32.000000 5492.290530
103.000000 -23.000000 -4.409528 1.261513 32.000000 5492.290530
103.000000 10.000000 2.907556 3.044481 290.000000 31988.699200
103.000000 -10.000000 2.907556 3.044481 290.000000 31988.699200
103.000000 5.000000 -2.055953 6.260509 15.000000 135266.234000
103.000000 -5.000000 -2.055953 6.260509 15.000000 135266.234000
103.000000 21.000000 4.213449 2.670409 230.000000 24610.787100
103.000000 -21.000000 4.213449 2.670409 230.000000 24610.787100
103.000000 8.000000 -2.600597 1.293158 180.000000 5771.290040
103.000000 -8.000000 -2.600597 1.293158 180.000000 5771.290040
103.000000 5.000000 2.055953 4.271605 17.000000 62972.695300
103.000000 -5.000000 2.055953 4.271605 17.000000 62972.695300
103.000000 21.000000 -4.213449 7.696671 4.000000 204444.672000
103.000000 -21.000000 -4.213449 7.696671 4.000000 204444.672000
103.000000 18.000000 -3.900896 5.171535 187.000000 92301.562500
103.000000 -18.000000 -3.900896 5.171535 187.000000 92301.562500
103.000000 14.000000 -3.440267 6.602206 186.000000 150434.750000
103.000000 -14.000000 -3.440267 6.602206 186.000000 150434.750000
103.000000 7.000000 2.432636 7.018638 104.000000 170010.453000
103.000000 -7.000000 2.432636 7.018638 104.000000 170010.453000
103.000000 18.000000 -3.900896 6.801243 18.000000 159641.797000
103.000000 -18.000000 -3.900896 6.801243 18.000000 159641.797000
103.000000 21.000000 4.213449 4.391101 320.000000 66545.218800
103.000000 -21.000000 4.213449 4.391101 320.000000 66545.218800
104.000000 16.000000 -3.677800 3.733577 4.000000 43161.328100
104.000000 -16.000000 -3.677800 3.733577 4.000000 43161.328100
104.000000 19.000000 4.007790 2.295442 11.000000 16314.625000
104.000000 -19.000000 4.007790 2.295442 11.000000 16314.625000
104.000000 13.000000 -3.315124 7.655560 162.000000 181467.297000
104.000000 -13.000000 -3.315124 7.655560 162.000000 181467.297000
104.000000 5.000000 -2.055953 3.849608 100.000000 45885.718800
104.000000 -5.000000 -2.055953 3.849608 100.000000 45885.718800
104.000000 11.000000 -3.049471 4.812152 323.000000 71700.664100
104.000000 -11.000000 -3.049471 4.812152 323.000000 71700.664100
104.000000 7.000000 -2.432636 4.732260 319.000000 69339.656200
104.000000 -7.000000 -2.432636 4.732260 319.000000 69339.656200
104.000000 12.000000 3.185068 1.956911 196.000000 11857.324200
104.000000 -12.000000 3.185068 1.956911 196.000000 11857.324200
104.000000 22.000000 -4.312603 1.110864 229.000000 3820.903320
104.000000 -22.000000 -4.312603 1.110864 229.000000 3820.903320
104.000000 12.000000 3.185068 2.103685 217.000000 13702.695300
104.000000 -12.000000 3.185068 2.103685 217.000000 13702.695300
104.000000 4.000000 -1.838900 3.503996 10.000000 38016.464800
104.000000 -4.000000 -1.838900 3.503996 10.000000 38016.464800
104.000000 18.000000 3.900896 3.249486 70.000000 32694.433600
104.000000 -18.000000 3.900896 3.249486 70.000000 32694.433600
105.000000 5.000000 2.055953 1.609074 183.000000 8674.086910
105.000000 -5.000000 2.055953 1.609074 183.000000 8674.086910
105.000000 4.000000 -1.838900 4.328327 229.000000 62764.160200
105.000000 -4.000000 -1.838900 4.328327 229.000000 62764.160200
105.000000 5.000000 -2.055953 7.530026 221.000000 189961.047000
105.000000 -5.000000 -2.055953 7.530026 221.000000 189961.047000
105.000000 18.000000 3.900896 5.050593 200.000000 85458.718800
105.000000 -18.000000 3.900896 5.050593 200.000000 85458.718800
105.000000 11.000000 -3.049471 7.327638 69.000000 179886.906000
105.000000 -11.000000 -3.049471 7.327638 69.000000 179886.906000
105.000000 19.000000 -4.007790 7.670173 256.000000 197097.828000
105.000000 -19.000000 -4.007790 7.670173 256.000000 197097.828000
105.000000 17.000000 -3.790990 3.729767 241.000000 46605.261700
105.000000 -17.000000 -3.790990 3.729767 241.000000 46605.261700
105.000000 10.000000 2.907556 4.363152 176.000000 63778.214800
105.000000 -10.000000 2.907556 4.363152 176.000000 63778.214800
105.000000 13.000000 3.315124 5.617546 268.000000 105721.852000
105.000000 -13.000000 3.315124 5.617546 268.000000 105721.852000
105.000000 16.000000 3.677800 7.730488 42.000000 200209.828000
105.000000 -16.000000 3.677800 7.730488 42.000000 200209.828000
105.000000 22.000000 -4.312603 7.961466 94.000000 212352.625000
105.000000 -22.000000 -4.312603 7.961466 94.000000 212352.625000
106.000000 14.000000 -3.440267 4.671364 185.000000 70376.070300
106.000000 -14.000000 -3.440267 4.671364 185.000000 70376.070300
106.000000 12.000000 3.185068 6.160632 320.000000 122401.922000
106.000000 -12.000000 3.185068 6.160632 320.000000 122401.922000
106.000000 9.000000 -2.758350 6.379736 240.000000 131263.234000
106.000000 -9.000000 -2.758350 6.379736 240.000000 131263.234000
106.000000 16.000000 3.677800 1.384441 332.000000 6181.399410
106.000000 -16.000000 3.677800 1.384441 332.000000 6181.399410
106.000000 10.000000 -2.907556 1.634137 147.000000 8612.206050
106.000000 -10.000000 -2.907556 1.634137 147.000000 8612.206050
106.000000 22.000000 4.312603 7.058410 123.000000 160676.141000
106.000000 -22.000000 4.312603 7.058410 123.000000 160676.141000
106.000000 18.000000 -3.900896 5.824997 165.000000 109428.156000
106.000000 -18.000000 -3.900896 5.824997 165.000000 109428.156000
106.000000 4.000000 1.838900 5.687619 202.000000 104327.477000
106.000000 -4.000000 1.838900 5.687619 202.000000 104327.477000
106.000000 19.000000 4.007790 4.956277 17.000000 79222.539100
106.000000 -19.000000 4.007790 4.956277 17.000000 79222.539100
106.000000 11.000000 3.049471 7.112199 307.000000 163134.375000
106.000000 -11.000000 3.049471 7.112199 307.000000 163134.375000
106.000000 12.000000 3.185068 6.249653 319.000000 125964.875000
106.000000 -12.000000 3.185068 6.249653 319.000000 125964.875000
106.000000 22.000000 -4.312603 3.937889 332.000000 50010.898400
106.000000 -22.000000 -4.312603 3.937889 332.000000 50010.898400
106.000000 14.000000 3.440267 3.981544 101.000000 51125.855500
106.000000 -14.000000 3.440267 3.981544 101.000000 51125.855500
107.000000 9.000000 2.758350 2.568447 173.000000 23554.798800
107.000000 -9.000000 2.758350 2.568447 173.000000 23554.798800
107.000000 22.000000 -4.312603 7.601309 242.000000 206307.484000
107.000000 -22.000000 -4.312603 7.601309 242.000000 206307.484000
107.000000 10.000000 2.907556 6.153057 348.000000 135182.375000
107.000000 -10.000000 2.907556 6.153057 348.000000 135182.375000
107.000000 9.000000 -2.758350 3.364301 169.000000 40413.640600
107.000000 -9.000000 -2.758350 3.364301 169.000000 40413.640600
107.000000 21.000000 -4.213449 5.702237 356.000000 116099.062000
107.000000 -21.000000 -4.213449 5.702237 356.000000 116099.062000
107.000000 13.000000 3.315124 5.832177 213.000000 121450.570000
107.000000 -13.000000 3.315124 5.832177 213.000000 121450.570000
107.000000 13.000000 3.315124 6.209775 166.000000 137686.047000
107.000000 -13.000000 3.315124 6.209775 166.000000 137686.047000
107.000000 21.000000 4.213449 4.567655 280.000000 74494.609400
107.000000 -21.000000 4.213449 4.567655 280.000000 74494.609400
107.000000 21.000000 -4.213449 6.922065 351.000000 171084.047000
107.000000 -21.000000 -4.213449 6.922065 351.000000 171084.047000
107.000000 13.000000 3.315124 7.807098 224.000000 217629.359000
107.000000 -13.000000 3.315124 7.807098 224.000000 217629.359000
107.000000 4.000000 -1.838900 3.721906 238.000000 49461.703100
107.000000 -4.000000 -1.838900 3.721906 238.000000 49461.703100
107.000000 12.000000 3.185068 1.516669 124.000000 8213.339840
107.000000 -12.000000 3.185068 1.516669 124.000000 8213.339840
107.000000 8.000000 -2.600597 6.908391 213.000000 170408.781000
107.000000 -8.000000 -2.600597 6.908391 213.000000 170408.781000
107.000000 11.000000 -3.049471 4.442409 78.000000 70465.281200
107.000000 -11.000000 -3.049471 4.442409 78.000000 70465.281200
108.000000 10.000000 2.907556 1.473324 260.000000 6694.302250
108.000000 -10.000000 2.907556 1.473324 260.000000 6694.302250
108.000000 13.000000 -3.315124 1.891739 268.000000 11036.506800
108.000000 -13.000000 -3.315124 1.891739 268.000000 11036.506800
108.000000 11.000000 -3.049471 4.419703 30.000000 60241.406200
108.000000 -11.000000 -3.049471 4.419703 30.000000 60241.406200
108.000000 5.000000 -2.055953 4.691916 223.000000 67890.570300
108.000000 -5.000000 -2.055953 4.691916 223.000000 67890.570300
108.000000 21.000000 -4.213449 5.420138 168.000000 90600.312500
108.000000 -21.000000 -4.213449 5.420138 168.000000 90600.312500
108.000000 21.000000 -4.213449 3.696362 138.000000 42136.453100
108.000000 -21.000000 -4.213449 3.696362 138.000000 42136.453100
108.000000 13.000000 3.315124 6.284101 100.000000 121785.461000
108.000000 -13.000000 3.315124 6.284101 100.000000 121785.461000
108.000000 12.000000 -3.185068 7.870673 294.000000 191043.734000
108.000000 -12.000000 -3.185068 7.870673 294.000000 191043.734000
108.000000 18.000000 -3.900896 2.744447 289.000000 23228.377000
108.000000 -18.000000 -3.900896 2.744447 289.000000 23228.377000
108.000000 5.000000 2.055953 3.941017 228.000000 47898.910200
108.000000 -5.000000 2.055953 3.941017 228.000000 47898.910200
109.000000 15.000000 3.561015 5.479971 183.000000 99338.296900
109.000000 -15.000000 3.561015 5.479971 183.000000 99338.296900
109.000000 10.000000 2.907556 4.899585 261.000000 79410.664100
109.000000 -10.000000 2.907556 4.899585 261.000000 79410.664100
109.000000 7.000000 -2.432636 4.160172 78.000000 57250.968800
109.000000 -7.000000 -2.432636 4.160172 78.000000 57250.968800
109.000000 17.000000 3.790990 5.845213 60.000000 113021.445000
109.000000 -17.000000 3.790990 5.845213 60.000000 113021.445000
109.000000 7.000000 2.432636 4.191729 61.000000 58122.796900
109.000000 -7.000000 2.432636 4.191729 61.000000 58122.796900
109.000000 14.000000 -3.440267 6.015963 174.000000 119721.031000
109.000000 -14.000000 -3.440267 6.015963 174.000000 119721.031000
109.000000 5.000000 -2.055953 5.491728 89.000000 99765.015600
109.000000 -5.000000 -2.055953 5.491728 89.000000 99765.015600
109.000000 18.000000 3.900896 6.008596 299.000000 119428.008000
109.000000 -18.000000 3.900896 6.008596 299.000000 119428.008000
109.000000 14.000000 3.440267 7.757444 217.000000 199066.188000
109.000000 -14.000000 3.440267 7.757444 217.000000 199066.188000
109.000000 6.000000 -2.252183 5.007759 348.000000 82955.835900
109.000000 -6.000000 -2.252183 5.007759 348.000000 82955.835900
109.000000 17.000000 3.790990 5.403879 18.000000 96598.734400
109.000000 -17.000000 3.790990 5.403879 18.000000 96598.734400
109.000000 20.000000 4.111906 3.284236 31.000000 35680.339800
109.000000 -20.000000 4.111906 3.284236 31.000000 35680.339800
110.000000 7.000000 -2.432636 5.285757 306.000000 91100.617200
110.000000 -7.000000 -2.432636 5.285757 306.000000 91100.617200
110.000000 9.000000 2.758350 2.185156 25.000000 15569.395500
110.000000 -9.000000 2.758350 2.185156 25.000000 15569.395500
110.000000 6.000000 -2.252183 3.079337 317.000000 30918.707000
110.000000 -6.000000 -2.252183 3.079337 317.000000 30918.707000
110.000000 21.000000 4.213449 5.769693 167.000000 108545.656000
110.000000 -21.000000 4.213449 5.769693 167.000000 108545.656000
110.000000 11.000000 -3.049471 2.736225 103.000000 24412.400400
110.000000 -11.000000 -3.049471 2.736225 103.000000 24412.400400
110.000000 5.000000 -2.055953 4.942807 242.000000 79662.570300
110.000000 -5.000000 -2.055953 4.942807 242.000000 79662.570300
110.000000 12.000000 -3.185068 4.182075 310.000000 57028.339800
110.000000 -12.000000 -3.185068 4.182075 310.000000 57028.339800
110.000000 12.000000 3.185068 7.018122 285.000000 160601.188000
110.000000 -12.000000 3.185068 7.018122 285.000000 160601.188000
110.000000 8.000000 2.600597 3.484878 123.000000 39598.820300
110.000000 -8.000000 2.600597 3.484878 123.000000 39598.820300
110.000000 14.000000 3.440267 6.819870 171.000000 151655.844000
110.000000 -14.000000 3.440267 6.819870 171.000000 151655.844000
110.000000 20.000000 -4.111906 6.723934 277.000000 147419.141000
110.000000 -20.000000 -4.111906 6.723934 277.000000 147419.141000
111.000000 4.000000 -1.838900 2.901092 268.000000 29199.027300
111.000000 -4.000000 -1.838900 2.901092 268.000000 29199.027300
111.000000 11.000000 -3.049471 5.079182 322.000000 89502.078100
111.000000 -11.000000 -3.049471 5.079182 322.000000 89502.078100
111.000000 4.000000 -1.838900 4.914409 299.000000 83789.203100
111.000000 -4.000000 -1.838900 4.914409 299.000000 83789.203100
111.000000 8.000000 -2.600597 2.454664 234.000000 20904.019500
111.000000 -8.000000 -2.600597 2.454664 234.000000 20904.019500
111.000000 12.000000 -3.185068 3.016949 281.000000 31577.765600
111.000000 -12.000000 -3.185068 3.016949 281.000000 31577.765600
111.000000 10.000000 -2.907556 6.676255 107.000000 154636.250000
111.000000 -10.000000 -2.907556 6.676255 107.000000 154636.250000
111.000000 12.000000 -3.185068 7.563124 354.000000 198448.578000
111.000000 -12.000000 -3.185068 7.563124 354.000000 198448.578000
111.000000 8.000000 2.600597 1.482541 198.000000 7625.336430
111.000000 -8.000000 2.600597 1.482541 198.000000 7625.336430
111.000000 16.000000 -3.677800 2.685938 31.000000 25028.656200
111.000000 -16.000000 -3.677800 2.685938 31.000000 25028.656200
111.000000 21.000000 -4.213449 6.827283 156.000000 161711.656000
111.000000 -21.000000 -4.213449 6.827283 156.000000 161711.656000
111.000000 15.000000 3.561015 5.815422 101.000000 117329.703000
111.000000 -15.000000 3.561015 5.815422 101.000000 117329.703000
111.000000 14.000000 3.440267 3.148988 95.000000 34402.300800
111.000000 -14.000000 3.440267 3.148988 95.000000 34402.300800
111.000000 8.000000 -2.600597 6.687056 306.000000 155137.031000
111.000000 -8.000000 -2.600597 6.687056 306.000000 155137.031000
112.000000 15.000000 3.561015 5.766936 137.000000 113571.375000
112.000000 -15.000000 3.561015 5.766936 137.000000 113571.375000
112.000000 14.000000 3.440267 3.374969 62.000000 38897.183600
112.000000 -14.000000 3.440267 3.374969 62.000000 38897.183600
112.000000 6.000000 2.252183 3.918254 239.000000 52428.066400
112.000000 -6.000000 2.252183 3.918254 239.000000 52428.066400
112.000000 10.000000 -2.907556 5.192497 215.000000 92072.757800
112.000000 -10.000000 -2.907556 5.192497 215.000000 92072.757800
112.000000 5.000000 -2.055953 6.110240 201.000000 127495.578000
112.000000 -5.000000 -2.055953 6.110240 201.000000 127495.578000
112.000000 11.000000 -3.049471 7.196448 250.000000 176854.047000
112.000000 -11.000000 -3.049471 7.196448 250.000000 176854.047000
112.000000 5.000000 2.055953 5.821247 141.000000 115720.586000
112.000000 -5.000000 2.055953 5.821247 141.000000 115720.586000
112.000000 7.000000 -2.432636 7.414968 197.000000 187757.453000
112.000000 -7.000000 -2.432636 7.414968 197.000000 187757.453000
112.000000 15.000000 -3.561015 3.911624 322.000000 52250.773400
112.000000 -15.000000 -3.561015 3.911624 322.000000 52250.773400
112.000000 5.000000 2.055953 5.733698 187.000000 112265.977000
112.000000 -5.000000 2.055953 5.733698 187.000000 112265.977000
112.000000 7.000000 -2.432636 5.271952 354.000000 94912.054700
112.000000 -7.000000 -2.432636 5.271952 354.000000 94912.054700
112.000000 13.000000 -3.315124 3.134945 283.000000 33561.277300
112.000000 -13.000000 -3.315124 3.134945 283.000000 33561.277300
113.000000 12.000000 -3.185068 3.734397 67.000000 45501.171900
113.000000 -12.000000 -3.185068 3.734397 67.000000 45501.171900
113.000000 18.000000 3.900896 7.495137 355.000000 183290.891000
113.000000 -18.000000 3.900896 7.495137 355.000000 183290.891000
113.000000 13.000000 -3.315124 2.555987 96.000000 21315.668000
113.000000 -13.000000 -3.315124 2.555987 96.000000 21315.668000
113.000000 8.000000 -2.600597 6.777729 167.000000 149882.203000
113.000000 -8.000000 -2.600597 6.777729 167.000000 149882.203000
113.000000 7.000000 -2.432636 2.189393 120.000000 15639.725600
113.000000 -7.000000 -2.432636 2.189393 120.000000 15639.725600
113.000000 20.000000 4.111906 3.294226 356.000000 35406.957000
113.000000 -20.000000 4.111906 3.294226 356.000000 35406.957000
113.000000 20.000000 4.111906 5.348259 78.000000 93326.835900
113.000000 -20.000000 4.111906 5.348259 78.000000 93326.835900
113.000000 12.000000 3.185068 7.711462 234.000000 194023.859000
113.000000 -12.000000 3.185068 7.711462 234.000000 194023.859000
113.000000 7.000000 -2.432636 3.186847 263.000000 33136.320300
113.000000 -7.000000 -2.432636 3.186847 263.000000 33136.320300
113.000000 9.000000 -2.758350 7.672382 251.000000 192062.312000
113.000000 -9.000000 -2.758350 7.672382 251.000000 192062.312000
113.000000 18.000000 3.900896 2.995692 14.000000 29280.324200
113.000000 -18.000000 3.900896 2.995692 14.000000 29280.324200
114.000000 14.000000 3.440267 7.999735 27.000000 226052.953000
114.000000 -14.000000 3.440267 7.999735 27.000000 226052.953000
114.000000 19.000000 -4.007790 5.067247 182.000000 90699.148400
114.000000 -19.000000 -4.007790 5.067247 182.000000 90699.148400
114.000000 17.000000 -3.790990 6.940271 319.000000 170142.156000
114.000000 -17.000000 -3.790990 6.940271 319.000000 170142.156000
114.000000 5.000000 2.055953 5.759665 347.000000 117180.000000
114.000000 -5.000000 2.055953 5.759665 347.000000 117180.000000
114.000000 12.000000 -3.185068 5.522745 322.000000 107738.023000
114.000000 -12.000000 -3.185068 5.522745 322.000000 107738.023000
114.000000 4.000000 -1.838900 3.341768 79.000000 39446.769500
114.000000 -4.000000 -1.838900 3.341768 79.000000 39446.769500
114.000000 5.000000 2.055953 7.965796 314.000000 224138.969000
114.000000 -5.000000 2.055953 7.965796 314.000000 224138.969000
114.000000 19.000000 -4.007790 5.825422 225.000000 119870.906000
114.000000 -19.000000 -4.007790 5.825422 225.000000 119870.906000
114.000000 5.000000 -2.055953 7.065671 97.000000 176346.078000
114.000000 -5.000000 -2.055953 7.065671 97.000000 176346.078000
114.000000 3.000000 -1.592534 3.297354 54.000000 38405.207000
114.000000 -3.000000 -1.592534 3.297354 54.000000 38405.207000
114.000000 18.000000 3.900896 2.153544 184.000000 16381.990200
114.000000 -18.000000 3.900896 2.153544 184.000000 16381.990200
114.000000 9.000000 2.758350 6.702076 355.000000 158663.766000
114.000000 -9.000000 2.758350 6.702076 355.000000 158663.766000
115.000000 16.000000 -3.677800 6.898780 74.000000 163496.688000
115.000000 -16.000000 -3.677800 6.898780 74.000000 163496.688000
115.000000 9.000000 -2.758350 7.474898 342.000000 191944.156000
115.000000 -9.000000 -2.758350 7.474898 342.000000 191944.156000
115.000000 3.000000 1.592534 2.574312 225.000000 22765.994100
115.000000 -3.000000 1.592534 2.574312 225.000000 22765.994100
115.000000 9.000000 -2.758350 3.931013 295.000000 53085.195300
115.000000 -9.000000 -2.758350 3.931013 295.000000 53085.195300
115.000000 11.000000 3.049471 3.703078 65.000000 47107.492200
115.000000 -11.000000 3.049471 3.703078 65.000000 47107.492200
115.000000 11.000000 -3.049471 6.162505 146.000000 130460.469000
115.000000 -11.000000 -3.049471 6.162505 146.000000 130460.469000
115.000000 16.000000 3.677800 2.216134 7.000000 16871.611300
115.000000 -16.000000 3.677800 2.216134 7.000000 16871.611300
115.000000 13.000000 -3.315124 5.331214 164.000000 97637.484400
115.000000 -13.000000 -3.315124 5.331214 164.000000 97637.484400
115.000000 11.000000 -3.049471 7.909988 340.000000 214939.375000
115.000000 -11.000000 -3.049471 7.909988 340.000000 214939.375000
115.000000 17.000000 -3.790990 1.649135 346.000000 9342.798830
115.000000 -17.000000 -3.790990 1.649135 346.000000 9342.798830
115.000000 5.000000 -2.055953 3.662317 78.000000 46076.164100
115.000000 -5.000000 -2.055953 3.662317 78.000000 46076.164100
116.000000 12.000000 -3.185068 1.053583 135.000000 3549.831300
116.000000 -12.000000 -3.185068 1.053583 135.000000 3549.831300
116.000000 6.000000 -2.252183 2.827358 357.000000 25564.197300
116.000000 -6.000000 -2.252183 2.827358 357.000000 25564.197300
116.000000 7.000000 2.432636 6.374333 286.000000 129939.156000
116.000000 -7.000000 2.432636 6.374333 286.000000 129939.156000
116.000000 9.000000 2.758350 4.960057 205.000000 78676.281200
116.000000 -9.000000 2.758350 4.960057 205.000000 78676.281200
116.000000 5.000000 2.055953 4.592093 357.000000 67436.015600
116.000000 -5.000000 2.055953 4.592093 357.000000 67436.015600
116.000000 7.000000 2.432636 5.870423 118.000000 110207.039000
116.000000 -7.000000 2.432636 5.870423 118.000000 110207.039000
116.000000 7.000000 2.432636 2.035927 153.000000 13255.457000
116.000000 -7.000000 2.432636 2.035927 153.000000 13255.457000
116.000000 9.000000 -2.758350 1.683525 83.000000 9063.789060
116.000000 -9.000000 -2.758350 1.683525 83.000000 9063.789060
116.000000 12.000000 -3.185068 5.335858 108.000000 91049.812500
116.000000 -12.000000 -3.185068 5.335858 108.000000 91049.812500
116.000000 9.000000 -2.758350 2.308967 296.000000 17049.273400
116.000000 -9.000000 -2.758350 2.308967 296.000000 17049.273400
116.000000 14.000000 -3.440267 2.577077 236.000000 21238.572300
116.000000 -14.000000 -3.440267 2.577077 236.000000 21238.572300
117.000000 18.000000 3.900896 2.726735 354.000000 22538.027300
117.000000 -18.000000 3.900896 2.726735 354.000000 22538.027300
117.000000 9.000000 2.758350 6.660367 287.000000 134470.297000
117.000000 -9.000000 2.758350 6.660367 287.000000 134470.297000
117.000000 8.000000 2.600597 3.355795 47.000000 34136.648400
117.000000 -8.000000 2.600597 3.355795 47.000000 34136.648400
117.000000 4.000000 -1.838900 5.339165 171.000000 86412.531200
117.000000 -4.000000 -1.838900 5.339165 171.000000 86412.531200
117.000000 9.000000 -2.758350 5.805001 297.000000 102149.133000
117.000000 -9.000000 -2.758350 5.805001 297.000000 102149.133000
117.000000 8.000000 2.600597 3.806523 114.000000 43922.492200
117.000000 -8.000000 2.600597 3.806523 114.000000 43922.492200
117.000000 19.000000 -4.007790 1.642850 114.000000 8181.369140
117.000000 -19.000000 -4.007790 1.642850 114.000000 8181.369140
117.000000 11.000000 3.049471 4.399362 218.000000 58669.097700
117.000000 -11.000000 3.049471 4.399362 218.000000 58669.097700
118.000000 7.000000 2.432636 3.768384 259.000000 44285.371100
118.000000 -7.000000 2.432636 3.768384 259.000000 44285.371100
118.000000 16.000000 -3.677800 1.306719 48.000000 5324.937990
118.000000 -16.000000 -3.677800 1.306719 48.000000 5324.937990
118.000000 18.000000 -3.900896 7.760726 314.000000 187825.500000
118.000000 -18.000000 -3.900896 7.760726 314.000000 187825.500000
118.000000 12.000000 -3.185068 5.796091 55.000000 104765.992000
118.000000 -12.000000 -3.185068 5.796091 55.000000 104765.992000
118.000000 7.000000 -2.432636 7.249252 266.000000 163883.906000
118.000000 -7.000000 -2.432636 7.249252 266.000000 163883.906000
118.000000 5.000000 2.055953 2.812979 258.000000 24676.455100
118.000000 -5.000000 2.055953 2.812979 258.000000 24676.455100
118.000000 17.000000 3.790990 3.913386 308.000000 47759.011700
118.000000 -17.000000 3.790990 3.913386 308.000000 47759.011700
118.000000 5.000000 2.055953 6.366508 45.000000 126401.578000
118.000000 -5.000000 2.055953 6.366508 45.000000 126401.578000
119.000000 12.000000 3.185068 4.812841 130.000000 73130.023400
119.000000 -12.000000 3.185068 4.812841 130.000000 73130.023400
119.000000 3.000000 1.592534 3.813456 104.000000 45912.414100
119.000000 -3.000000 1.592534 3.813456 104.000000 45912.414100
119.000000 6.000000 -2.252183 3.349413 133.000000 35418.496100
119.000000 -6.000000 -2.252183 3.349413 133.000000 35418.496100
119.000000 5.000000 2.055953 7.772340 326.000000 190720.016000
119.000000 -5.000000 2.055953 7.772340 326.000000 190720.016000
119.000000 14.000000 -3.440267 4.230565 193.000000 56505.328100
119.000000 -14.000000 -3.440267 4.230565 193.000000 56505.328100
119.000000 5.000000 -2.055953 5.339609 87.000000 90014.320300
119.000000 -5.000000 -2.055953 5.339609 87.000000 90014.320300
119.000000 6.000000 -2.252183 5.426285 144.000000 92960.367200
119.000000 -6.000000 -2.252183 5.426285 144.000000 92960.367200
119.000000 12.000000 -3.185068 2.567598 63.000000 20813.574200
119.000000 -12.000000 -3.185068 2.567598 63.000000 20813.574200
119.000000 3.000000 1.592534 7.585014 11.000000 181637.484000
119.000000 -3.000000 1.592534 7.585014 11.000000 181637.484000
119.000000 10.000000 2.907556 6.626597 63.000000 138635.328000
119.000000 -10.000000 2.907556 6.626597 63.000000 138635.328000
120.000000 5.000000 2.055953 4.606173 224.000000 62679.648400
120.000000 -5.000000 2.055953 4.606173 224.000000 62679.648400
120.000000 13.000000 -3.315124 3.938428 304.000000 45823.902300
120.000000 -13.000000 -3.315124 3.938428 304.000000 45823.902300
120.000000 3.000000 -1.592534 2.232138 149.000000 14719.331100
120.000000 -3.000000 -1.592534 2.232138 149.000000 14719.331100
120.000000 12.000000 -3.185068 5.572474 60.000000 91736.523400
120.000000 -12.000000 -3.185068 5.572474 60.000000 91736.523400
120.000000 3.000000 1.592534 6.339939 97.000000 118745.250000
120.000000 -3.000000 1.592534 6.339939 97.000000 118745.250000
120.000000 12.000000 -3.185068 2.371947 257.000000 16620.964800
120.000000 -12.000000 -3.185068 2.371947 257.000000 16620.964800
120.000000 17.000000 -3.790990 2.127309 304.000000 13369.255900
120.000000 -17.000000 -3.790990 2.127309 304.000000 13369.255900
121.000000 5.000000 2.055953 4.674881 169.000000 58853.761700
121.000000 -5.000000 2.055953 4.674881 169.000000 58853.761700
121.000000 10.000000 -2.907556 1.773085 19.000000 8466.273440
121.000000 -10.000000 -2.907556 1.773085 19.000000 8466.273440
121.000000 16.000000 -3.677800 2.097921 66.000000 11852.535200
121.000000 -16.000000 -3.677800 2.097921 66.000000 11852.535200
121.000000 7.000000 -2.432636 3.724941 238.000000 37365.585900
121.000000 -7.000000 -2.432636 3.724941 238.000000 37365.585900
121.000000 13.000000 3.315124 1.764310 62.000000 8382.680660
121.000000 -13.000000 3.315124 1.764310 62.000000 8382.680660
121.000000 5.000000 -2.055953 7.520283 26.000000 152300.562000
121.000000 -5.000000 -2.055953 7.520283 26.000000 152300.562000
121.000000 4.000000 1.838900 5.103261 272.000000 70134.031200
121.000000 -4.000000 1.838900 5.103261 272.000000 70134.031200
122.000000 16.000000 -3.677800 7.762249 359.000000 176365.609000
122.000000 -16.000000 -3.677800 7.762249 359.000000 176365.609000
122.000000 6.000000 -2.252183 3.702225 22.000000 40439.726600
122.000000 -6.000000 -2.252183 3.702225 22.000000 40439.726600
122.000000 4.000000 1.838900 2.750127 151.000000 22314.550800
122.000000 -4.000000 1.838900 2.750127 151.000000 22314.550800
122.000000 8.000000 -2.600597 5.429091 153.000000 86963.484400
122.000000 -8.000000 -2.600597 5.429091 153.000000 86963.484400
122.000000 10.000000 -2.907556 5.810454 251.000000 99609.968800
122.000000 -10.000000 -2.907556 5.810454 251.000000 99609.968800
122.000000 3.000000 1.592534 3.462895 210.000000 35380.285200
122.000000 -3.000000 1.592534 3.462895 210.000000 35380.285200
122.000000 13.000000 3.315124 5.774837 9.000000 98392.539100
122.000000 -13.000000 3.315124 5.774837 9.000000 98392.539100
122.000000 7.000000 -2.432636 4.999866 21.000000 73756.359400
122.000000 -7.000000 -2.432636 4.999866 21.000000 73756.359400
123.000000 13.000000 3.315124 7.223335 318.000000 151286.516000
123.000000 -13.000000 3.315124 7.223335 318.000000 151286.516000
123.000000 9.000000 -2.758350 2.614758 77.000000 19823.839800
123.000000 -9.000000 -2.758350 2.614758 77.000000 19823.839800
123.000000 3.000000 -1.592534 2.759832 128.000000 22084.619100
123.000000 -3.000000 -1.592534 2.759832 128.000000 22084.619100
123.000000 15.000000 3.561015 7.163076 89.000000 148772.922000
123.000000 -15.000000 3.561015 7.163076 89.000000 148772.922000
123.000000 17.000000 3.790990 5.001771 332.000000 72539.117200
123.000000 -17.000000 3.790990 5.001771 332.000000 72539.117200
123.000000 10.000000 -2.907556 2.595823 216.000000 19537.757800
123.000000 -10.000000 -2.907556 2.595823 216.000000 19537.757800
123.000000 3.000000 -1.592534 6.682396 157.000000 129475.977000
123.000000 -3.000000 -1.592534 6.682396 157.000000 129475.977000
124.000000 11.000000 -3.049471 2.294950 358.000000 15265.679700
124.000000 -11.000000 -3.049471 2.294950 358.000000 15265.679700
124.000000 14.000000 -3.440267 4.529511 145.000000 59466.531200
124.000000 -14.000000 -3.440267 4.529511 145.000000 59466.531200
124.000000 6.000000 -2.252183 5.079321 337.000000 74779.265600
124.000000 -6.000000 -2.252183 5.079321 337.000000 74779.265600
124.000000 3.000000 -1.592534 6.902148 279.000000 138082.406000
124.000000 -3.000000 -1.592534 6.902148 279.000000 138082.406000
124.000000 14.000000 3.440267 2.214357 117.000000 14212.325200
124.000000 -14.000000 3.440267 2.214357 117.000000 14212.325200
124.000000 3.000000 -1.592534 7.017564 346.000000 142739.016000
124.000000 -3.000000 -1.592534 7.017564 346.000000 142739.016000
124.000000 3.000000 1.592534 1.910119 94.000000 10575.255900
124.000000 -3.000000 1.592534 1.910119 94.000000 10575.255900
125.000000 11.000000 -3.049471 4.370493 337.000000 52116.781200
125.000000 -11.000000 -3.049471 4.370493 337.000000 52116.781200
125.000000 3.000000 1.592534 1.085493 69.000000 3214.922120
125.000000 -3.000000 1.592534 1.085493 69.000000 3214.922120
125.000000 4.000000 1.838900 4.142900 299.000000 46830.168000
125.000000 -4.000000 1.838900 4.142900 299.000000 46830.168000
125.000000 13.000000 -3.315124 2.232824 236.000000 13602.711900
125.000000 -13.000000 -3.315124 2.232824 236.000000 13602.711900
125.000000 5.000000 2.055953 5.844899 162.000000 93211.773400
125.000000 -5.000000 2.055953 5.844899 162.000000 93211.773400
125.000000 9.000000 2.758350 4.892200 29.000000 65301.804700
125.000000 -9.000000 2.758350 4.892200 29.000000 65301.804700
126.000000 12.000000 3.185068 3.924114 334.000000 47455.000000
126.000000 -12.000000 3.185068 3.924114 334.000000 47455.000000
126.000000 8.000000 2.600597 4.323731 307.000000 57612.421900
126.000000 -8.000000 2.600597 4.323731 307.000000 57612.421900
126.000000 10.000000 -2.907556 5.254790 288.000000 85096.085900
126.000000 -10.000000 -2.907556 5.254790 288.000000 85096.085900
126.000000 11.000000 -3.049471 1.215501 291.000000 4553.120610
126.000000 -11.000000 -3.049471 1.215501 291.000000 4553.120610
126.000000 16.000000 -3.677800 2.955232 132.000000 26914.222700
126.000000 -16.000000 -3.677800 2.955232 132.000000 26914.222700
126.000000 3.000000 -1.592534 6.586792 213.000000 133704.703000
126.000000 -3.000000 -1.592534 6.586792 213.000000 133704.703000
126.000000 8.000000 2.600597 7.651399 14.000000 180418.234000
126.000000 -8.000000 2.600597 7.651399 14.000000 180418.234000
126.000000 14.000000 -3.440267 4.608031 213.000000 65437.941400
126.000000 -14.000000 -3.440267 4.608031 213.000000 65437.941400
127.000000 5.000000 -2.055953 1.068656 61.000000 3662.275390
127.000000 -5.000000 -2.055953 1.068656 61.000000 3662.275390
127.000000 12.000000 -3.185068 3.080164 320.000000 30424.441400
127.000000 -12.000000 -3.185068 3.080164 320.000000 30424.441400
127.000000 11.000000 3.049471 2.459508 251.000000 19398.634800
127.000000 -11.000000 3.049471 2.459508 251.000000 19398.634800
127.000000 13.000000 3.315124 7.961637 116.000000 203272.922000
127.000000 -13.000000 3.315124 7.961637 116.000000 203272.922000
127.000000 7.000000 -2.432636 5.830299 199.000000 109007.523000
127.000000 -7.000000 -2.432636 5.830299 199.000000 109007.523000
127.000000 9.000000 2.758350 4.861279 241.000000 75783.695300
127.000000 -9.000000 2.758350 4.861279 241.000000 75783.695300
127.000000 8.000000 2.600597 6.210869 96.000000 123702.797000
127.000000 -8.000000 2.600597 6.210869 96.000000 123702.797000
127.000000 9.000000 -2.758350 5.322086 57.000000 90831.953100
127.000000 -9.000000 -2.758350 5.322086 57.000000 90831.953100
127.000000 3.000000 -1.592534 3.620833 44.000000 42042.808600
127.000000 -3.000000 -1.592534 3.620833 44.000000 42042.808600
128.000000 10.000000 2.907556 3.448487 282.000000 34809.359400
128.000000 -10.000000 2.907556 3.448487 282.000000 34809.359400
128.000000 6.000000 2.252183 4.558644 350.000000 60828.929700
128.000000 -6.000000 2.252183 4.558644 350.000000 60828.929700
128.000000 16.000000 3.677800 3.590989 4.000000 37745.648400
128.000000 -16.000000 3.677800 3.590989 4.000000 37745.648400
128.000000 5.000000 -2.055953 3.142586 277.000000 28907.666000
128.000000 -5.000000 -2.055953 3.142586 277.000000 28907.666000
128.000000 9.000000 2.758350 3.296459 330.000000 31807.847700
128.000000 -9.000000 2.758350 3.296459 330.000000 31807.847700
129.000000 11.000000 3.049471 5.964942 322.000000 100198.008000
129.000000 -11.000000 3.049471 5.964942 322.000000 100198.008000
129.000000 6.000000 -2.252183 6.074073 127.000000 103897.875000
129.000000 -6.000000 -2.252183 6.074073 127.000000 103897.875000
129.000000 4.000000 1.838900 4.790424 182.000000 64624.101600
129.000000 -4.000000 1.838900 4.790424 182.000000 64624.101600
129.000000 4.000000 1.838900 1.843639 257.000000 9571.906250
129.000000 -4.000000 1.838900 1.843639 257.000000 9571.906250
129.000000 9.000000 -2.758350 6.802269 199.000000 130302.961000
129.000000 -9.000000 -2.758350 6.802269 199.000000 130302.961000
130.000000 11.000000 3.049471 3.358964 250.000000 32609.234400
130.000000 -11.000000 3.049471 3.358964 250.000000 32609.234400
130.000000 15.000000 -3.561015 5.580529 294.000000 90007.875000
130.000000 -15.000000 -3.561015 5.580529 294.000000 90007.875000
130.000000 8.000000 -2.600597 3.390801 274.000000 33230.300800
130.000000 -8.000000 -2.600597 3.390801 274.000000 33230.300800
130.000000 6.000000 -2.252183 6.605457 37.000000 126105.961000
130.000000 -6.000000 -2.252183 6.605457 37.000000 126105.961000
130.000000 3.000000 1.592534 5.650170 272.000000 92268.367200
130.000000 -3.000000 1.592534 5.650170 272.000000 92268.367200
130.000000 2.000000 1.300299 3.213320 21.000000 29842.677700
130.000000 -2.000000 1.300299 3.213320 21.000000 29842.677700
131.000000 13.000000 3.315124 5.991443 22.000000 110812.531000
131.000000 -13.000000 3.315124 5.991443 22.000000 110812.531000
131.000000 11.000000 -3.049471 2.796550 283.000000 24141.884800
131.000000 -11.000000 -3.049471 2.796550 283.000000 24141.884800
131.000000 4.000000 -1.838900 4.442612 22.000000 60926.023400
131.000000 -4.000000 -1.838900 4.442612 22.000000 60926.023400
131.000000 10.000000 2.907556 1.520820 224.000000 7139.724610
131.000000 -10.000000 2.907556 1.520820 224.000000 7139.724610
131.000000 8.000000 2.600597 4.348882 119.000000 58382.304700
131.000000 -8.000000 2.600597 4.348882 119.000000 58382.304700
131.000000 12.000000 3.185068 3.938600 261.000000 47886.140600
131.000000 -12.000000 3.185068 3.938600 261.000000 47886.140600
131.000000 9.000000 -2.758350 5.665527 106.000000 99084.726600
131.000000 -9.000000 -2.758350 5.665527 106.000000 99084.726600
131.000000 5.000000 -2.055953 1.426664 279.000000 6283.031250
131.000000 -5.000000 -2.055953 1.426664 279.000000 6283.031250
132.000000 14.000000 3.440267 6.628607 125.000000 129316.359000
132.000000 -14.000000 3.440267 6.628607 125.000000 129316.359000
132.000000 9.000000 2.758350 7.448045 61.000000 163265.141000
132.000000 -9.000000 2.758350 7.448045 61.000000 163265.141000
132.000000 11.000000 3.049471 5.398788 165.000000 85783.039100
132.000000 -11.000000 3.049471 5.398788 165.000000 85783.039100
132.000000 8.000000 2.600597 2.791426 138.000000 22933.017600
132.000000 -8.000000 2.600597 2.791426 138.000000 22933.017600
132.000000 7.000000 -2.432636 2.519628 356.000000 18684.505900
132.000000 -7.000000 -2.432636 2.519628 356.000000 18684.505900
132.000000 4.000000 1.838900 1.706698 91.000000 8572.796880
132.000000 -4.000000 1.838900 1.706698 91.000000 8572.796880
132.000000 13.000000 -3.315124 4.429127 301.000000 57735.808600
132.000000 -13.000000 -3.315124 4.429127 301.000000 57735.808600
133.000000 13.000000 -3.315124 7.088734 185.000000 134974.469000
133.000000 -13.000000 -3.315124 7.088734 185.000000 134974.469000
133.000000 9.000000 -2.758350 6.310802 280.000000 106975.289000
133.000000 -9.000000 -2.758350 6.310802 280.000000 106975.289000
133.000000 4.000000 1.838900 1.369862 317.000000 5040.430660
133.000000 -4.000000 1.838900 1.369862 317.000000 5040.430660
133.000000 9.000000 2.758350 6.754456 9.000000 122544.812000
133.000000 -9.000000 2.758350 6.754456 9.000000 122544.812000
134.000000 3.000000 1.592534 6.425348 226.000000 121868.445000
134.000000 -3.000000 1.592534 6.425348 226.000000 121868.445000
134.000000 7.000000 2.432636 2.696214 313.000000 21458.861300
134.000000 -7.000000 2.432636 2.696214 313.000000 21458.861300
134.000000 11.000000 3.049471 3.428600 8.000000 34700.183600
134.000000 -11.000000 3.049471 3.428600 8.000000 34700.183600
134.000000 14.000000 3.440267 7.705844 234.000000 175282.453000
134.000000 -14.000000 3.440267 7.705844 234.000000 175282.453000
134.000000 3.000000 1.592534 7.209717 107.000000 153438.547000
134.000000 -3.000000 1.592534 7.209717 107.000000 153438.547000
134.000000 5.000000 2.055953 1.500297 61.000000 6644.348630
134.000000 -5.000000 2.055953 1.500297 61.000000 6644.348630
134.000000 3.000000 -1.592534 2.498102 319.000000 18421.214800
134.000000 -3.000000 -1.592534 2.498102 319.000000 18421.214800
135.000000 13.000000 -3.315124 6.677840 124.000000 124698.641000
135.000000 -13.000000 -3.315124 6.677840 124.000000 124698.641000
135.000000 12.000000 -3.185068 5.148232 254.000000 74114.976600
135.000000 -12.000000 -3.185068 5.148232 254.000000 74114.976600
135.000000 5.000000 2.055953 4.481929 289.000000 56171.957000
135.000000 -5.000000 2.055953 4.481929 289.000000 56171.957000
135.000000 6.000000 2.252183 5.961512 215.000000 99380.812500
135.000000 -6.000000 2.252183 5.961512 215.000000 99380.812500
135.000000 9.000000 2.758350 7.348630 234.000000 151008.859000
135.000000 -9.000000 2.758350 7.348630 234.000000 151008.859000
136.000000 9.000000 2.758350 1.742620 143.000000 8901.933590
136.000000 -9.000000 2.758350 1.742620 143.000000 8901.933590
136.000000 4.000000 -1.838900 4.997712 304.000000 73218.546900
136.000000 -4.000000 -1.838900 4.997712 304.000000 73218.546900
136.000000 3.000000 1.592534 4.562226 207.000000 61014.410200
136.000000 -3.000000 1.592534 4.562226 207.000000 61014.410200
136.000000 4.000000 -1.838900 1.244839 337.000000 4542.604490
136.000000 -4.000000 -1.838900 1.244839 337.000000 4542.604490
136.000000 4.000000 -1.838900 7.268682 282.000000 154878.109000
136.000000 -4.000000 -1.838900 7.268682 282.000000 154878.109000
137.000000 10.000000 2.907556 7.600193 10.000000 158300.219000
137.000000 -10.000000 2.907556 7.600193 10.000000 158300.219000
137.000000 11.000000 -3.049471 1.061200 217.000000 3086.217040
137.000000 -11.000000 -3.049471 1.061200 217.000000 3086.217040
137.000000 8.000000 -2.600597 3.965270 189.000000 43090.121100
137.000000 -8.000000 -2.600597 3.965270 189.000000 43090.121100
137.000000 8.000000 2.600597 7.023671 276.000000 135194.984000
137.000000 -8.000000 2.600597 7.023671 276.000000 135194.984000
137.000000 4.000000 -1.838900 6.854208 227.000000 128749.891000
137.000000 -4.000000 -1.838900 6.854208 227.000000 128749.891000
138.000000 12.000000 -3.185068 6.189420 64.000000 92063.984400
138.000000 -12.000000 -3.185068 6.189420 64.000000 92063.984400
138.000000 10.000000 2.907556 2.453868 270.000000 14470.794900
138.000000 -10.000000 2.907556 2.453868 270.000000 14470.794900
138.000000 11.000000 3.049471 5.291590 296.000000 67291.828100
138.000000 -11.000000 3.049471 5.291590 296.000000 67291.828100
139.000000 9.000000 -2.758350 6.337757 317.000000 117058.359000
139.000000 -9.000000 -2.758350 6.337757 317.000000 117058.359000
139.000000 2.000000 1.300299 7.702707 347.000000 172909.156000
139.000000 -2.000000 1.300299 7.702707 347.000000 172909.156000
139.000000 13.000000 -3.315124 6.263781 292.000000 114341.609000
139.000000 -13.000000 -3.315124 6.263781 292.000000 114341.609000
139.000000 7.000000 -2.432636 2.414453 199.000000 16989.041000
139.000000 -7.000000 -2.432636 2.414453 199.000000 16989.041000
139.000000 6.000000 2.252183 6.590310 320.000000 126573.547000
139.000000 -6.000000 2.252183 6.590310 320.000000 126573.547000
140.000000 13.000000 -3.315124 4.077777 156.000000 49973.394500
140.000000 -13.000000 -3.315124 4.077777 156.000000 49973.394500
140.000000 7.000000 -2.432636 2.993459 356.000000 26930.123000
140.000000 -7.000000 -2.432636 2.993459 356.000000 26930.123000
140.000000 7.000000 2.432636 4.411104 356.000000 58477.183600
140.000000 -7.000000 2.432636 4.411104 356.000000 58477.183600
140.000000 13.000000 -3.315124 4.058511 150.000000 49502.300800
140.000000 -13.000000 -3.315124 4.058511 150.000000 49502.300800
140.000000 7.000000 2.432636 3.262926 151.000000 31996.775400
140.000000 -7.000000 2.432636 3.262926 151.000000 31996.775400
140.000000 2.000000 1.300299 6.231827 112.000000 116713.906000
140.000000 -2.000000 1.300299 6.231827 112.000000 116713.906000
141.000000 1.000000 -0.919450 3.338824 313.000000 31018.714800
141.000000 -1.000000 -0.919450 3.338824 313.000000 31018.714800
141.000000 7.000000 2.432636 4.619482 172.000000 59377.699200
141.000000 -7.000000 2.432636 4.619482 172.000000 59377.699200
141.000000 6.000000 2.252183 5.176871 227.000000 74571.273400
141.000000 -6.000000 2.252183 5.176871 227.000000 74571.273400
141.000000 5.000000 -2.055953 5.680843 94.000000 89797.140600
141.000000 -5.000000 -2.055953 5.680843 94.000000 89797.140600
141.000000 9.000000 2.758350 5.933499 168.000000 97962.226600
141.000000 -9.000000 2.758350 5.933499 168.000000 97962.226600
142.000000 10.000000 2.907556 1.808972 125.000000 9344.693360
142.000000 -10.000000 2.907556 1.808972 125.000000 9344.693360
142.000000 7.000000 -2.432636 1.449086 208.000000 5996.384770
142.000000 -7.000000 -2.432636 1.449086 208.000000 5996.384770
142.000000 7.000000 -2.432636 4.317349 118.000000 53227.449200
142.000000 -7.000000 -2.432636 4.317349 118.000000 53227.449200
142.000000 3.000000 -1.592534 7.411542 212.000000 156862.250000
142.000000 -3.000000 -1.592534 7.411542 212.000000 156862.250000
142.000000 4.000000 -1.838900 7.703066 244.000000 169444.922000
142.000000 -4.000000 -1.838900 7.703066 244.000000 169444.922000
142.000000 5.000000 -2.055953 3.636708 25.000000 37767.488300
142.000000 -5.000000 -2.055953 3.636708 25.000000 37767.488300
143.000000 7.000000 -2.432636 1.986923 91.000000 10764.897500
143.000000 -7.000000 -2.432636 1.986923 91.000000 10764.897500
143.000000 2.000000 1.300299 5.720936 0.000000 89244.562500
143.000000 -2.000000 1.300299 5.720936 0.000000 89244.562500
143.000000 8.000000 -2.600597 7.522145 216.000000 154287.609000
143.000000 -8.000000 -2.600597 7.522145 216.000000 154287.609000
143.000000 4.000000 -1.838900 3.081648 184.000000 25894.865200
143.000000 -4.000000 -1.838900 3.081648 184.000000 25894.865200
144.000000 11.000000 3.049471 4.149388 133.000000 42224.269500
144.000000 -11.000000 3.049471 4.149388 133.000000 42224.269500
144.000000 9.000000 2.758350 7.097085 191.000000 123524.797000
144.000000 -9.000000 2.758350 7.097085 191.000000 123524.797000
145.000000 7.000000 -2.432636 5.339011 303.000000 80083.757800
145.000000 -7.000000 -2.432636 5.339011 303.000000 80083.757800
145.000000 10.000000 2.907556 3.819901 191.000000 40994.628900
145.000000 -10.000000 2.907556 3.819901 191.000000 40994.628900
145.000000 5.000000 2.055953 7.704851 3.000000 166782.812000
145.000000 -5.000000 2.055953 7.704851 3.000000 166782.812000
145.000000 7.000000 2.432636 7.763279 259.000000 169321.906000
145.000000 -7.000000 2.432636 7.763279 259.000000 169321.906000
145.000000 9.000000 -2.758350 3.463970 293.000000 33710.949200
145.000000 -9.000000 -2.758350 3.463970 293.000000 33710.949200
145.000000 5.000000 -2.055953 5.445440 61.000000 83308.390600
145.000000 -5.000000 -2.055953 5.445440 61.000000 83308.390600
146.000000 3.000000 -1.592534 6.653798 227.000000 112683.070000
146.000000 -3.000000 -1.592534 6.653798 227.000000 112683.070000
146.000000 7.000000 -2.432636 6.069926 330.000000 93774.820300
146.000000 -7.000000 -2.432636 6.069926 330.000000 93774.820300
146.000000 3.000000 1.592534 7.262431 357.000000 134240.484000
146.000000 -3.000000 1.592534 7.262431 357.000000 134240.484000
147.000000 1.000000 -0.919450 6.228126 100.000000 92028.601600
147.000000 -1.000000 -0.919450 6.228126 100.000000 92028.601600
147.000000 5.000000 2.055953 6.404309 160.000000 97308.914100
147.000000 -5.000000 2.055953 6.404309 160.000000 97308.914100
148.000000 10.000000 -2.907556 1.294438 250.000000 4180.643070
148.000000 -10.000000 -2.907556 1.294438 250.000000 4180.643070
148.000000 5.000000 2.055953 3.284482 268.000000 26916.242200
148.000000 -5.000000 2.055953 3.284482 268.000000 26916.242200
148.000000 6.000000 -2.252183 1.332287 64.000000 4428.703120
148.000000 -6.000000 -2.252183 1.332287 64.000000 4428.703120
148.000000 2.000000 -1.300299 3.941409 125.000000 38760.003900
148.000000 -2.000000 -1.300299 3.941409 125.000000 38760.003900
149.000000 6.000000 2.252183 7.617039 208.000000 134100.656000
149.000000 -6.000000 2.252183 7.617039 208.000000 134100.656000
149.000000 7.000000 -2.432636 5.567259 2.000000 71637.664100
149.000000 -7.000000 -2.432636 5.567259 2.000000 71637.664100
150.000000 9.000000 2.758350 4.472763 193.000000 53296.722700
150.000000 -9.000000 2.758350 4.472763 193.000000 53296.722700
150.000000 1.000000 -0.919450 4.615660 64.000000 56756.605500
150.000000 -1.000000 -0.919450 4.615660 64.000000 56756.605500
150.000000 7.000000 2.432636 7.943987 48.000000 168122.500000
150.000000 -7.000000 2.432636 7.943987 48.000000 168122.500000
151.000000 5.000000 2.055953 5.210215 289.000000 62933.511700
151.000000 -5.000000 2.055953 5.210215 289.000000 62933.511700
151.000000 2.000000 -1.300299 4.378425 87.000000 44443.332000
151.000000 -2.000000 -1.300299 4.378425 87.000000 44443.332000
151.000000 8.000000 2.600597 1.677834 16.000000 6526.328120
151.000000 -8.000000 2.600597 1.677834 16.000000 6526.328120
152.000000 6.000000 2.252183 1.703744 345.000000 7476.135740
152.000000 -6.000000 2.252183 1.703744 345.000000 7476.135740
152.000000 2.000000 -1.300299 1.501916 270.000000 5809.776370
152.000000 -2.000000 -1.300299 1.501916 270.000000 5809.776370
152.000000 5.000000 2.055953 3.042939 259.000000 23848.156200
152.000000 -5.000000 2.055953 3.042939 259.000000 23848.156200
152.000000 6.000000 2.252183 6.500237 189.000000 108824.516000
152.000000 -6.000000 2.252183 6.500237 189.000000 108824.516000
152.000000 9.000000 2.758350 1.987160 205.000000 10170.309600
152.000000 -9.000000 2.758350 1.987160 205.000000 10170.309600
