1	-22	-4.31260300000000	7.49428415000000	63	108140.586000000
2	23	4.40952778000000	6.45249128000000	155	82313.4531000000
2	-26	-4.68829393000000	4.02602720000000	308	32045.6719000000
3	34	5.36126900000000	4.46025467000000	183	48038.2734000000
3	-21	-4.21344948000000	1.50857139000000	192	5495.40625000000
3	34	5.36126900000000	1.56252623000000	52	5895.52783000000
3	-34	-5.36126900000000	5.38190079000000	279	69942.2188000000
3	38	5.66787052000000	7.61517477000000	209	140032.188000000
3	-24	-4.50436687000000	1.26893139000000	120	3888.16211000000
3	30	5.03603554000000	5.95478153000000	353	85624.8281000000
3	-28	-4.86527205000000	4.01395607000000	349	38905.7031000000
4	23	4.40952778000000	4.56368160000000	202	48355.7031000000
4	-18	-3.90089607000000	3.81385946000000	89	33771.1914000000
4	41	5.88735294000000	1.55321360000000	161	5601.17773000000
4	-29	-4.95138979000000	2.87812042000000	171	19232.4648000000
4	21	4.21344948000000	3.57028079000000	80	29595.2324000000
4	-42	-5.95871735000000	2.73068380000000	95	17312.5020000000
5	28	4.86527205000000	3.60510969000000	202	30537.8867000000
5	-21	-4.21344948000000	7.09169960000000	30	118168.750000000
5	41	5.88735294000000	2.21802521000000	66	11559.3906000000
5	-20	-4.11190557000000	4.37613201000000	3	44996.9258000000
5	22	4.31260300000000	1.67183280000000	285	6567.31250000000
5	-19	-4.00779009000000	1.51934767000000	343	5423.95752000000
6	27	4.77760220000000	7.68523788000000	22	126035.195000000
6	-24	-4.50436687000000	2.82315087000000	260	17007.6914000000
6	21	4.21344948000000	3.72352862000000	148	29586.0215000000
6	-38	-5.66787052000000	2.36093736000000	271	11894.4980000000
7	28	4.86527205000000	5.27696228000000	306	58978.0781000000
7	-26	-4.68829393000000	7.91553402000000	222	132703.719000000
7	28	4.86527205000000	2.38091278000000	79	12006.3135000000
8	-38	-5.66787052000000	5.02434444000000	4	61964.0742000000
8	41	5.88735294000000	4.17874622000000	352	42862.0742000000
8	-33	-5.28183842000000	2.18965673000000	346	11768.8281000000
8	22	4.31260300000000	3.56934619000000	195	31272.2051000000
8	-34	-5.36126900000000	1.00947952000000	198	2501.36011000000
8	40	5.81511259000000	6.33625221000000	107	98547.6094000000
8	-23	-4.40952778000000	3.41195107000000	122	28575.0352000000
8	39	5.74196386000000	1.68282437000000	180	6951.18408000000
8	-29	-4.95138979000000	4.25351572000000	335	44409.6406000000
9	30	5.03603554000000	5.84421444000000	330	94022.8516000000
9	-32	-5.20119476000000	7.74061680000000	248	164942.375000000
9	38	5.66787052000000	2.54295921000000	52	17801.6348000000
9	-36	-5.51670027000000	5.52652073000000	52	84078.4609000000
9	29	4.95138979000000	2.23819256000000	137	13790.3730000000
9	-41	-5.88735294000000	7.32978249000000	359	147898.344000000
9	33	5.28183842000000	6.67840290000000	266	122779.641000000
9	-28	-4.86527205000000	6.93846035000000	239	132527.906000000
9	38	5.66787052000000	2.72303510000000	327	20412.0977000000
10	-34	-5.36126900000000	1.07187247000000	287	3224.50366000000
10	35	5.43953991000000	4.97478390000000	67	69458.4453000000
10	-42	-5.95871735000000	4.20669079000000	267	49665.8438000000
10	41	5.88735294000000	2.85318995000000	221	22847.4629000000
10	-39	-5.74196386000000	4.58785725000000	259	59074.0078000000
10	24	4.50436687000000	4.12532187000000	178	47763.0742000000
10	-30	-5.03603554000000	7.29573154000000	48	149387.516000000
10	30	5.03603554000000	1.37041569000000	231	5270.85742000000
10	-19	-4.00779009000000	3.60012960000000	82	36375.8281000000
10	27	4.77760220000000	7.39630461000000	324	153534.578000000
10	-31	-5.11928129000000	4.69163990000000	317	61776.8828000000
10	39	5.74196386000000	5.41484070000000	315	82290.1797000000
11	-28	-4.86527205000000	1.23614025000000	20	3576.08472000000
11	36	5.51670027000000	7.83051348000000	214	143500.297000000
11	-40	-5.81511259000000	1.45370698000000	273	4945.68066000000
11	36	5.51670027000000	3.47419381000000	40	28247.5234000000
11	-38	-5.66787052000000	4.79085636000000	93	53715.3789000000
11	35	5.43953991000000	6.93521261000000	340	112562.023000000
11	-36	-5.51670027000000	4.14575624000000	216	40223.4961000000
12	16	3.67780018000000	7.72780228000000	80	154851.625000000
12	-40	-5.81511259000000	4.19319248000000	145	45592.4922000000
12	30	5.03603554000000	7.00791931000000	350	127345.016000000
12	-28	-4.86527205000000	1.12988949000000	169	3310.36353000000
12	17	3.79098964000000	7.07448816000000	358	129775.812000000
12	-35	-5.43953991000000	6.92961502000000	284	124515.102000000
12	29	4.95138979000000	1.04627275000000	206	2838.53076000000
12	-34	-5.36126900000000	1.73275709000000	218	7785.36670000000
12	35	5.43953991000000	3.47397184000000	334	31293.6582000000
13	-20	-4.11190557000000	1.05690384000000	247	2991.47949000000
13	40	5.81511259000000	5.38802767000000	136	77745.3984000000
13	-39	-5.74196386000000	5.60214138000000	190	84047.1953000000
13	39	5.74196386000000	6.20851231000000	326	103226.266000000
13	-30	-5.03603554000000	5.47699165000000	349	80333.9766000000
13	18	3.90089607000000	2.79908156000000	169	20981.9648000000
13	-27	-4.77760220000000	5.19053841000000	220	72150.5938000000
13	42	5.95871735000000	4.39693546000000	17	51774.4180000000
13	-21	-4.21344948000000	1.29368663000000	244	4482.01465000000
13	27	4.77760220000000	2.00031328000000	107	10715.4668000000
13	-23	-4.40952778000000	6.27508926000000	79	105452.016000000
13	29	4.95138979000000	4.44227505000000	56	52847.6836000000
14	-39	-5.74196386000000	7.32123756000000	172	125863.438000000
14	27	4.77760220000000	3.06866717000000	280	22112.1113000000
14	-28	-4.86527205000000	7.10952377000000	103	118689.320000000
14	37	5.59279633000000	7.77597284000000	249	141984.219000000
14	-25	-4.59724998000000	1.77699709000000	8	7414.87842000000
15	20	4.11190557000000	5.00213909000000	10	64286.0898000000
15	-42	-5.95871735000000	1.96697974000000	357	9940.43066000000
15	19	4.00779009000000	6.03225613000000	135	93489.9688000000
15	-32	-5.20119476000000	4.15275908000000	66	44307.6719000000
15	32	5.20119476000000	6.42601871000000	130	106093.664000000
15	-15	-3.56101489000000	7.10775852000000	341	129798.828000000
16	15	3.56101489000000	6.12107658000000	314	103910.711000000
16	-36	-5.51670027000000	5.94394302000000	12	97983.7422000000
16	35	5.43953991000000	3.87581015000000	286	41661.0039000000
16	-23	-4.40952778000000	6.75210762000000	168	126439.695000000
16	26	4.68829393000000	6.69297886000000	184	124234.906000000
16	-34	-5.36126900000000	6.89984322000000	258	132033.188000000
16	34	5.36126900000000	4.67072010000000	153	60502.3789000000
16	-20	-4.11190557000000	3.80907297000000	173	40238.6406000000
16	38	5.66787052000000	5.10972023000000	73	72410.0781000000
16	-34	-5.36126900000000	4.09193516000000	109	46436.7930000000
17	38	5.66787052000000	6.15399313000000	171	106552.734000000
17	-17	-3.79098964000000	6.17670536000000	308	107340.695000000
17	17	3.79098964000000	2.90002346000000	172	23662.1191000000
17	-36	-5.51670027000000	7.71584320000000	142	167501
17	32	5.20119476000000	6.18937302000000	294	107781.414000000
17	-20	-4.11190557000000	5.80650711000000	195	94859.4297000000
17	20	4.11190557000000	3.97851443000000	35	44534.0781000000
17	-17	-3.79098964000000	3.89456224000000	121	42674.4453000000
17	25	4.59724998000000	6.91171741000000	70	134407.188000000
17	-41	-5.88735294000000	1.25452352000000	337	4428.00635000000
17	41	5.88735294000000	1.79420543000000	122	9057.21973000000
17	-25	-4.59724998000000	7.23143768000000	44	147129.547000000
18	22	4.31260300000000	5.79192352000000	44	85627.1172000000
18	-34	-5.36126900000000	3.88433337000000	184	38512.2305000000
18	22	4.31260300000000	3.01368761000000	28	23182.5977000000
18	-36	-5.51670027000000	7.06340981000000	203	127348.688000000
18	36	5.51670027000000	2.74414873000000	147	19221.2188000000
18	-26	-4.68829393000000	5.91447639000000	309	89289.0625000000
18	22	4.31260300000000	5.63116264000000	205	80939.7422000000
19	-19	-4.00779009000000	3.95002747000000	351	41018.6250000000
19	14	3.44026709000000	1.13311553000000	110	3375.43091000000
19	-19	-4.00779009000000	5.29216099000000	53	73628.6719000000
19	41	5.88735294000000	4.37539434000000	310	50328.6484000000
19	-20	-4.11190557000000	3.27451968000000	34	28188.7695000000
19	36	5.51670027000000	1.87526536000000	352	9244.98828000000
19	-17	-3.79098964000000	4.60824871000000	276	55828.0781000000
19	25	4.59724998000000	3.83357954000000	48	38635.7969000000
19	-30	-5.03603554000000	3.97771001000000	193	41595.5703000000
19	18	3.90089607000000	4.37558937000000	346	50333.1367000000
20	-37	-5.59279633000000	6.53491497000000	296	106753.273000000
20	18	3.90089607000000	3.33396697000000	173	27785.8672000000
20	-41	-5.88735294000000	6.98502684000000	112	121965.641000000
20	21	4.21344948000000	1.35068727000000	195	4560.48438000000
20	-20	-4.11190557000000	1.01391053000000	319	2569.80762000000
20	16	3.67780018000000	3.80198002000000	102	36134.4141000000
20	-20	-4.11190557000000	4.89862919000000	245	59986.0820000000
20	31	5.11928129000000	5.26523113000000	94	69300.4766000000
21	-33	-5.28183842000000	6.75403023000000	171	130642.633000000
21	36	5.51670027000000	3.99890041000000	227	45797.3242000000
21	-33	-5.28183842000000	3.52787328000000	317	35643.8750000000
21	35	5.43953991000000	3.98783708000000	229	45544.2695000000
21	-32	-5.20119476000000	6.58312988000000	220	124114.852000000
21	31	5.11928129000000	1.69532800000000	68	8231.26172000000
21	-15	-3.56101489000000	4.39003420000000	220	55194.3594000000
21	30	5.03603554000000	4.33214235000000	177	53748.2500000000
21	-20	-4.11190557000000	4.32093525000000	176	53470.5234000000
21	22	4.31260300000000	4.98292828000000	232	71109.5938000000
21	-33	-5.28183842000000	1.09249377000000	272	3418.19507000000
22	17	3.79098964000000	1.56989789000000	230	7277.02832000000
22	-35	-5.43953991000000	3.28962016000000	57	31952.3496000000
22	28	4.86527205000000	3.66315675000000	137	39620.7148000000
22	-29	-4.95138979000000	2.68955970000000	181	21358.6445000000
22	30	5.03603554000000	5.45270348000000	331	87787.9688000000
22	-23	-4.40952778000000	7.60357904000000	288	170705.469000000
22	33	5.28183842000000	2.35628104000000	114	16393.2656000000
22	-18	-3.90089607000000	4.03542662000000	274	48082.8516000000
22	18	3.90089607000000	1.41757965000000	267	5933.43555000000
22	-27	-4.77760220000000	5.27762985000000	75	82241.1406000000
22	38	5.66787052000000	5.14363480000000	79	78118.0781000000
22	-36	-5.51670027000000	7.06867361000000	37	147532.312000000
22	29	4.95138979000000	7.19983149000000	307	153057.969000000
22	-34	-5.36126900000000	6.59051037000000	312	128247.656000000
22	22	4.31260300000000	6.70680952000000	112	132813.812000000
23	-17	-3.79098964000000	1.36601138000000	118	5240.56445000000
23	28	4.86527205000000	6.56813145000000	336	121158.273000000
23	-22	-4.31260300000000	1.60230851000000	87	7210.43896000000
23	30	5.03603554000000	2.00058532000000	131	11240.4463000000
23	-28	-4.86527205000000	3.84598637000000	131	41541.7617000000
23	26	4.68829393000000	2.50898647000000	312	17679.3398000000
23	-21	-4.21344948000000	1.54240227000000	208	6681.35791000000
23	24	4.50436687000000	3.17441559000000	172	28300.6895000000
23	-25	-4.59724998000000	6.42132759000000	56	115802.820000000
23	26	4.68829393000000	5.26123714000000	149	77740.1172000000
23	-27	-4.77760220000000	2.62056112000000	56	19286.7031000000
23	24	4.50436687000000	7.79365015000000	113	170589.094000000
23	-21	-4.21344948000000	4.88125038000000	274	66916.2500000000
23	16	3.67780018000000	7.20181561000000	17	145664.406000000
24	-24	-4.50436687000000	4.93909216000000	290	77641.0469000000
24	21	4.21344948000000	6.32512856000000	267	127331.492000000
24	-32	-5.20119476000000	5.44657230000000	95	94415.5938000000
24	32	5.20119476000000	2.54736519000000	232	20652.8320000000
24	-28	-4.86527205000000	2.57035136000000	183	21027.2324000000
24	34	5.36126900000000	3.91732478000000	87	48840.0742000000
24	-34	-5.36126900000000	4.49608612000000	297	64337.8281000000
24	40	5.81511259000000	1.72625661000000	56	9484.35645000000
24	-26	-4.68829393000000	6.20967865000000	180	122725.672000000
24	40	5.81511259000000	4.07743692000000	109	52914.1328000000
24	-23	-4.40952778000000	7.48262310000000	313	178198.859000000
24	26	4.68829393000000	6.47110319000000	294	133276.578000000
24	-28	-4.86527205000000	1.83247566000000	125	10687.4375000000
24	32	5.20119476000000	6.42350006000000	166	131322.953000000
24	-25	-4.59724998000000	6.79510403000000	316	146956.719000000
24	30	5.03603554000000	1.32942843000000	349	5625.05957000000
24	-41	-5.88735294000000	7.70671082000000	223	189031.984000000
25	17	3.79098964000000	6.71227694000000	330	141226.188000000
25	-31	-5.11928129000000	2.23888350000000	142	15712.2559000000
25	22	4.31260300000000	4.93091297000000	326	76213.1953000000
25	-28	-4.86527205000000	1.85175848000000	58	10748.4102000000
25	27	4.77760220000000	1.53041935000000	322	7341.69727000000
25	-36	-5.51670027000000	4.77603769000000	325	71500.8203000000
25	13	3.31512427000000	2.87386298000000	287	25888.5488000000
25	-20	-4.11190557000000	2.02314758000000	342	12830.1182000000
25	31	5.11928129000000	5.05288506000000	162	80030.2812000000
25	-28	-4.86527205000000	7.84824562000000	22	193072.625000000
25	38	5.66787052000000	5.48108196000000	295	94169.0391000000
25	-20	-4.11190557000000	1.55598235000000	194	7589.00488000000
25	40	5.81511259000000	7.41072083000000	157	172145.828000000
25	-19	-4.00779009000000	2.01114464000000	312	12678.3320000000
25	36	5.51670027000000	6.33522224000000	75	125805.398000000
25	-32	-5.20119476000000	7.08517599000000	17	157353.641000000
25	25	4.59724998000000	4.56826782000000	349	65415.1953000000
26	-35	-5.43953991000000	3.89752293000000	351	46602.6641000000
26	13	3.31512427000000	7.69310045000000	348	181566.688000000
26	-17	-3.79098964000000	1.95201111000000	271	11689.5537000000
26	32	5.20119476000000	6.45722437000000	201	127916.086000000
26	-32	-5.20119476000000	6.59181690000000	265	133304.141000000
26	25	4.59724998000000	7.67811346000000	340	180859.953000000
26	-29	-4.95138979000000	2.05479050000000	104	12952.9443000000
26	34	5.36126900000000	4.88015890000000	136	73063.6328000000
26	-40	-5.81511259000000	2.83961153000000	312	24737.2402000000
26	32	5.20119476000000	7.37516260000000	308	166869.359000000
26	-20	-4.11190557000000	6.38500977000000	170	125070.977000000
26	34	5.36126900000000	3.88300323000000	163	46256.0820000000
26	-17	-3.79098964000000	1.65324926000000	57	8385.13477000000
26	13	3.31512427000000	4.18426704000000	291	53712.1016000000
27	-26	-4.68829393000000	3.97989631000000	155	44779.6953000000
27	14	3.44026709000000	6.13396263000000	172	106370.180000000
27	-16	-3.67780018000000	5.53677273000000	77	86666.4531000000
27	39	5.74196386000000	6.54129982000000	235	120966.672000000
27	-35	-5.43953991000000	5.65373611000000	93	90366.7578000000
27	34	5.36126900000000	5.34872770000000	294	80879.5234000000
27	-25	-4.59724998000000	3.06894922000000	40	26626.6836000000
27	12	3.18506837000000	4.85047197000000	131	66512.8672000000
27	-29	-4.95138979000000	7.89574337000000	270	176247.797000000
27	27	4.77760220000000	5.79060173000000	126	94794.9062000000
27	-14	-3.44026709000000	2.65795350000000	354	19972.5000000000
28	28	4.86527205000000	6.24531698000000	213	115864.148000000
28	-23	-4.40952778000000	1.06272173000000	101	3354.89722000000
28	18	3.90089607000000	5.18174458000000	324	79761.2812000000
28	-23	-4.40952778000000	3.59009767000000	277	38287.1094000000
28	30	5.03603554000000	6.77433777000000	70	136324.469000000
28	-31	-5.11928129000000	2.29787850000000	184	15685.3496000000
28	33	5.28183842000000	2.46341634000000	198	18026.6797000000
28	-28	-4.86527205000000	5.65385151000000	215	94957.4141000000
28	20	4.11190557000000	7.30596066000000	48	158560.406000000
28	-36	-5.51670027000000	5.30208445000000	249	83509.0234000000
28	23	4.40952778000000	3.14065647000000	283	29300.9023000000
28	-32	-5.20119476000000	6.03803587000000	145	108300.750000000
28	21	4.21344948000000	3.28686810000000	9	32092.5840000000
28	-12	-3.18506837000000	6.40918922000000	135	122024.289000000
28	15	3.56101489000000	4.25702858000000	127	53833.5781000000
28	-27	-4.77760220000000	1.90884590000000	150	10823.8525000000
29	35	5.43953991000000	1.98550820000000	72	12725.8984000000
29	-18	-3.90089607000000	2.45890021000000	74	19517.6230000000
29	13	3.31512427000000	6.74088097000000	350	146682.547000000
29	-14	-3.44026709000000	6.98303890000000	38	157410.625000000
29	16	3.67780018000000	2.93910313000000	236	27885.2656000000
29	-33	-5.28183842000000	6.51639652000000	49	137075.594000000
29	-20	-4.11190557000000	7.09857559000000	13	162662.547000000
29	-13	-3.31512427000000	5.78583384000000	340	108063
29	-26	-4.68829393000000	6.52092552000000	240	137266.172000000
29	-25	-4.59724998000000	6.21584034000000	336	124722.500000000
29	27	4.77760220000000	2.63964033000000	148	22492.3398000000
29	-25	-4.59724998000000	6.44963264000000	43	134281.156000000
29	16	3.67780018000000	4.98449373000000	72	80202.3750000000
29	-20	-4.11190557000000	6.40229797000000	37	132317.375000000
29	37	5.59279633000000	7.44230700000000	94	178797.031000000
30	-32	-5.20119476000000	7.87837315000000	107	195448.609000000
30	-29	-4.95138979000000	7.84919214000000	112	194003.422000000
30	-32	-5.20119476000000	7.38559532000000	181	171763.344000000
30	21	4.21344948000000	6.70291233000000	15	141477.234000000
30	-13	-3.31512427000000	5.87832594000000	0	108809.508000000
30	41	5.88735294000000	7.04973602000000	106	156496.719000000
30	-28	-4.86527205000000	3.93207312000000	68	48685.8398000000
30	12	3.18506837000000	7.37485695000000	276	171264.234000000
30	-37	-5.59279633000000	1.22600150000000	140	4733.05420000000
30	12	3.18506837000000	5.40920162000000	75	92135.2578000000
30	-23	-4.40952778000000	4.47014952000000	232	62922.1523000000
30	26	4.68829393000000	6.81435537000000	77	146220.750000000
30	-29	-4.95138979000000	2.87403822000000	20	26010.2520000000
30	34	5.36126900000000	4.96064138000000	196	77488.1250000000
30	-32	-5.20119476000000	4.52552128000000	315	64490.6484000000
30	28	4.86527205000000	6.46064091000000	185	131434.922000000
30	-13	-3.31512427000000	1.01104665000000	183	3218.85815000000
30	15	3.56101489000000	4.68150282000000	291	69012.8750000000
31	-40	-5.81511259000000	3.01900315000000	309	28424.2559000000
31	16	3.67780018000000	5.40808296000000	23	91211.3203000000
31	-21	-4.21344948000000	6.66599751000000	63	138577.375000000
31	29	4.95138979000000	1.44306755000000	287	6494.34521000000
31	-29	-4.95138979000000	6.65698051000000	337	138202.703000000
31	14	3.44026709000000	3.88277459000000	235	47016.0742000000
31	-27	-4.77760220000000	4.79827785000000	30	71801.3828000000
31	39	5.74196386000000	5.66826248000000	355	100198.672000000
31	-21	-4.21344948000000	4.51118517000000	77	63466.3203000000
31	36	5.51670027000000	3.50768256000000	54	38370.9570000000
31	-40	-5.81511259000000	7.64077759000000	161	182069.469000000
31	18	3.90089607000000	4.56656551000000	297	65034.1406000000
31	-18	-3.90089607000000	3.26348305000000	40	33214.2734000000
31	23	4.40952778000000	5.38605690000000	95	90469.8516000000
31	-35	-5.43953991000000	7.47269821000000	355	174147.375000000
31	37	5.59279633000000	7.64826107000000	230	182426.297000000
31	-18	-3.90089607000000	4.34545231000000	306	58888.7070000000
31	33	5.28183842000000	4.02354383000000	239	50486.9883000000
31	-31	-5.11928129000000	4.70514154000000	193	69041.0469000000
31	24	4.50436687000000	1.33741093000000	78	5578.17041000000
31	-18	-3.90089607000000	1.89284086000000	60	11173.5254000000
32	30	5.03603554000000	5.99511433000000	252	119099.109000000
32	-14	-3.44026709000000	2.90717649000000	125	28006.3398000000
32	17	3.79098964000000	1.94034028000000	285	12475.8262000000
32	-14	-3.44026709000000	6.31811237000000	150	132278.188000000
32	27	4.77760220000000	6.51721907000000	198	140746.703000000
32	-11	-3.04947090000000	6.92730188000000	209	159016.344000000
32	16	3.67780018000000	4.16521597000000	341	57489.5078000000
32	-28	-4.86527205000000	5.78892469000000	231	111047.648000000
32	23	4.40952778000000	2.47994041000000	4	20379.6191000000
32	-13	-3.31512427000000	3.38211393000000	7	37904.4297000000
32	31	5.11928129000000	4.19432211000000	221	58295.7812000000
32	-22	-4.31260300000000	4.99866772000000	235	82798.4375000000
32	36	5.51670027000000	6.62512207000000	84	145445.844000000
32	-14	-3.44026709000000	7.43363667000000	206	183111.750000000
32	40	5.81511259000000	2.14392805000000	304	15231.1943000000
32	-11	-3.04947090000000	5.00999165000000	280	83173.9922000000
32	13	3.31512427000000	7.95005560000000	230	209437.250000000
32	-25	-4.59724998000000	1.61157274000000	176	8606.23926000000
32	34	5.36126900000000	3.72330165000000	66	45937.7773000000
33	-39	-5.74196386000000	5.55116224000000	176	88707.1484000000
33	18	3.90089607000000	3.39168525000000	297	33114.7773000000
33	-21	-4.21344948000000	4.06755829000000	263	47627.5625000000
33	34	5.36126900000000	2.45914388000000	233	17408.3926000000
33	-25	-4.59724998000000	3.85914755000000	196	42871.9844000000
33	33	5.28183842000000	6.69331121000000	85	128965.281000000
33	-31	-5.11928129000000	5.48206329000000	114	86512.5078000000
33	31	5.11928129000000	4.05041504000000	141	47226.9414000000
33	-33	-5.28183842000000	1.34997129000000	66	5246.13916000000
33	12	3.18506837000000	2.98551607000000	250	25658.4023000000
33	-17	-3.79098964000000	2.58615613000000	346	19253.0801000000
33	17	3.79098964000000	3.54531527000000	169	36182.6602000000
33	-27	-4.77760220000000	3.12557769000000	93	28122.3359000000
33	30	5.03603554000000	4.59024715000000	310	60654.4883000000
33	-29	-4.95138979000000	2.31167722000000	356	15383.1455000000
33	22	4.31260300000000	3.37494588000000	15	32788.7148000000
34	-17	-3.79098964000000	2.73129296000000	217	21514.8203000000
34	18	3.90089607000000	6.86122227000000	189	135770.094000000
34	-30	-5.03603554000000	6.57539940000000	223	124693.961000000
34	15	3.56101489000000	4.74612904000000	40	64965.1133000000
34	-33	-5.28183842000000	4.19341278000000	114	50714.9922000000
34	15	3.56101489000000	3.69470286000000	139	39369.5273000000
34	-12	-3.18506837000000	7.89882612000000	134	179939.406000000
34	30	5.03603554000000	1.58482480000000	126	7243.75342000000
34	-14	-3.44026709000000	2.16455936000000	251	13512.6387000000
34	39	5.74196386000000	1.77433515000000	215	9079.71973000000
34	-25	-4.59724998000000	2.27458024000000	226	14921.1963000000
34	29	4.95138979000000	2.87542176000000	295	23845.3809000000
34	-38	-5.66787052000000	7.21680784000000	42	150207.438000000
34	11	3.04947090000000	4.90451860000000	276	69373.5469000000
35	-28	-4.86527205000000	6.25401878000000	182	126445.156000000
35	32	5.20119476000000	7.29915953000000	345	172238.219000000
35	-25	-4.59724998000000	2.98621368000000	151	28828.7344000000
35	12	3.18506837000000	7.30660629000000	78	172589.844000000
35	-24	-4.50436687000000	2.14378953000000	315	14857.5811000000
35	26	4.68829393000000	2.67627835000000	288	23155.0859000000
35	-34	-5.36126900000000	6.22316170000000	90	125200.484000000
35	12	3.18506837000000	6.68296909000000	183	144385.203000000
35	-24	-4.50436687000000	6.67506504000000	283	144043.875000000
35	40	5.81511259000000	6.81970787000000	171	150354.125000000
35	-25	-4.59724998000000	1.82775092000000	274	10799.8535000000
35	20	4.11190557000000	4.02162790000000	117	52286.2617000000
35	-24	-4.50436687000000	7.50467968000000	113	182074.078000000
35	33	5.28183842000000	6.18107653000000	86	123512.828000000
35	-17	-3.79098964000000	6.35744095000000	22	130661.758000000
35	16	3.67780018000000	2.53158545000000	0	20719.0098000000
35	-22	-4.31260300000000	3.36009407000000	23	36499.4805000000
35	39	5.74196386000000	5.11727524000000	245	84656.7109000000
35	-39	-5.74196386000000	5.06616592000000	86	82974.1094000000
35	18	3.90089607000000	7.07504892000000	311	161823.906000000
35	-13	-3.31512427000000	2.36346579000000	67	18058.5312000000
36	13	3.31512427000000	5.77533627000000	192	102593.531000000
36	-25	-4.59724998000000	5.09889412000000	135	79968.2109000000
36	14	3.44026709000000	4.13244152000000	332	52526.5469000000
36	-25	-4.59724998000000	7.95550966000000	195	194671.078000000
36	13	3.31512427000000	2.25851345000000	190	15689.5596000000
36	-35	-5.43953991000000	5.85321331000000	323	105379.008000000
36	21	4.21344948000000	4.98617268000000	96	76471.5781000000
36	-22	-4.31260300000000	6.60951090000000	353	134370.531000000
36	19	4.00779009000000	4.07299900000000	294	51026.2891000000
36	-31	-5.11928129000000	2.91023064000000	60	26050.7480000000
36	27	4.77760220000000	4.25591087000000	171	55712.2188000000
36	-36	-5.51670027000000	4.10513306000000	88	51834.6172000000
36	32	5.20119476000000	3.98033857000000	192	48731.0117000000
36	-35	-5.43953991000000	6.55574131000000	62	132193.172000000
36	30	5.03603554000000	3.34741855000000	121	34465.5664000000
36	-21	-4.21344948000000	2.09075928000000	282	13445.3906000000
36	38	5.66787052000000	7.40843964000000	77	168818.031000000
37	-28	-4.86527205000000	5.65103436000000	140	104423.578000000
37	20	4.11190557000000	1.94118142000000	305	12321.8223000000
37	-26	-4.68829393000000	6.44820690000000	150	135962.969000000
37	23	4.40952778000000	2.02220964000000	87	13371.9590000000
37	-22	-4.31260300000000	3.28944159000000	339	35382.3789000000
37	17	3.79098964000000	7.66994572000000	288	192365.531000000
37	-12	-3.18506837000000	4.79940939000000	116	75321.3828000000
37	22	4.31260300000000	3.68601942000000	29	44428.1211000000
37	-24	-4.50436687000000	1.94332433000000	79	12349.0420000000
37	18	3.90089607000000	7.46079874000000	182	182017.578000000
37	-13	-3.31512427000000	3.65669632000000	51	43724.0625000000
37	16	3.67780018000000	6.11002016000000	322	122075.344000000
37	-34	-5.36126900000000	2.10893393000000	206	14543.4902000000
37	25	4.59724998000000	4.87462807000000	211	77700.8359000000
37	-30	-5.03603554000000	7.90123463000000	147	204142.125000000
37	35	5.43953991000000	7.06329155000000	356	163138.672000000
37	-17	-3.79098964000000	7.76017952000000	311	196918.359000000
37	31	5.11928129000000	2.34825850000000	228	18031.6094000000
37	-17	-3.79098964000000	2.19319654000000	333	15728.8789000000
37	21	4.21344948000000	7.05888557000000	258	162935.219000000
37	-12	-3.18506837000000	3.70396709000000	22	44861.8281000000
38	23	4.40952778000000	2.57634616000000	137	20384.5996000000
38	-16	-3.67780018000000	6.65927315000000	244	136190.688000000
38	33	5.28183842000000	7.42652416000000	117	169381.094000000
38	-24	-4.50436687000000	1.59497857000000	357	7812.74219000000
38	10	2.90755630000000	4.82851219000000	179	71601.2266000000
38	-17	-3.79098964000000	2.82394028000000	45	24490.9043000000
38	29	4.95138979000000	2.96622324000000	157	27021.0020000000
38	-22	-4.31260300000000	7.32227898000000	189	164659.312000000
38	15	3.56101489000000	6.57404137000000	297	132726.797000000
38	-38	-5.66787052000000	2.91640568000000	94	26120.9902000000
38	14	3.44026709000000	3.04541564000000	195	28483.0742000000
38	-33	-5.28183842000000	1.32412291000000	258	5384.56152000000
38	38	5.66787052000000	2.53910232000000	298	19799.4980000000
38	-15	-3.56101489000000	3.70134521000000	171	42073.9141000000
38	28	4.86527205000000	7.52510262000000	18	173907.609000000
38	-11	-3.04947090000000	6.40567780000000	320	126015.500000000
38	20	4.11190557000000	1.24499226000000	255	4760.22021000000
38	-18	-3.90089607000000	2.59788871000000	254	20726.9238000000
38	25	4.59724998000000	4.73733330000000	149	68922.6016000000
38	-34	-5.36126900000000	3.37342715000000	27	34949.1406000000
38	35	5.43953991000000	5.19186974000000	163	82783.0234000000
38	-31	-5.11928129000000	5.77945042000000	7	102580.984000000
39	19	4.00779009000000	4.24093056000000	2	62458.8633000000
39	-34	-5.36126900000000	4.32717896000000	32	65025.1680000000
39	28	4.86527205000000	4.90762615000000	220	83640.1328000000
39	-11	-3.04947090000000	2.47304106000000	38	21239.0176000000
39	11	3.04947090000000	6.41383076000000	85	142858.703000000
39	-14	-3.44026709000000	5.26091003000000	153	96115.5312000000
39	33	5.28183842000000	4.13032341000000	94	59243.3906000000
39	-11	-3.04947090000000	7.37757778000000	279	189016.328000000
39	25	4.59724998000000	4.96970558000000	191	85769.5391000000
39	-37	-5.59279633000000	2.84102178000000	314	28029.8555000000
39	16	3.67780018000000	3.05821133000000	161	32479.3066000000
39	-16	-3.67780018000000	6.36112404000000	84	140520.438000000
39	12	3.18506837000000	1.41307354000000	307	6934.27783000000
39	-30	-5.03603554000000	6.55415726000000	278	149178.234000000
39	31	5.11928129000000	4.74517584000000	224	78194.5312000000
39	-24	-4.50436687000000	2.17735839000000	213	16463.8574000000
39	17	3.79098964000000	6.87121582000000	337	163960.391000000
39	-31	-5.11928129000000	6.54416895000000	6	148723.891000000
39	21	4.21344948000000	4.86455441000000	115	82178.4297000000
39	-16	-3.67780018000000	6.56904125000000	185	149856.578000000
39	16	3.67780018000000	2.87833238000000	166	28770.9141000000
39	-23	-4.40952778000000	7.13697624000000	277	176888.766000000
39	24	4.50436687000000	7.18379784000000	46	179217.312000000
39	-35	-5.43953991000000	3.10738301000000	163	33532.1445000000
39	39	5.74196386000000	6.79902124000000	324	160533.094000000
40	-23	-4.40952778000000	4.16559649000000	314	59116.2617000000
40	11	3.04947090000000	5.20819855000000	322	92411.8438000000
40	-25	-4.59724998000000	7.22069168000000	201	177627.484000000
40	10	2.90755630000000	7.17903662000000	278	175583.984000000
40	-32	-5.20119476000000	7.07767773000000	109	170660.938000000
40	27	4.77760220000000	4.54723263000000	310	70444.4688000000
40	-34	-5.36126900000000	7.35829973000000	170	184462.250000000
40	19	4.00779009000000	2.94534659000000	138	29554.6211000000
40	-16	-3.67780018000000	6.45221615000000	247	141830.734000000
40	26	4.68829393000000	6.39431906000000	91	139296.797000000
40	-22	-4.31260300000000	6.34492874000000	78	137153.234000000
40	22	4.31260300000000	2.23405361000000	198	17003.5547000000
40	-39	-5.74196386000000	7.74525261000000	252	204373.109000000
40	39	5.74196386000000	3.46866131000000	331	40989.8516000000
40	-35	-5.43953991000000	2.81703258000000	228	27035.6172000000
40	36	5.51670027000000	5.88870001000000	65	118138.492000000
40	-19	-4.00779009000000	6.38442039000000	204	138865.859000000
40	14	3.44026709000000	7.96660995000000	32	216221.891000000
40	-39	-5.74196386000000	6.83032036000000	105	158940.531000000
40	29	4.95138979000000	5.21638489000000	273	92702.5781000000
41	-24	-4.50436687000000	4.78889370000000	284	71314.7578000000
41	37	5.59279633000000	1.93856788000000	337	11686.1396000000
41	-30	-5.03603554000000	4.51869392000000	27	63494.3203000000
41	34	5.36126900000000	3.70737004000000	18	42740.6289000000
41	-26	-4.68829393000000	3.79309297000000	40	44740
41	27	4.77760220000000	2.51700735000000	294	19700.5352000000
41	-14	-3.44026709000000	3.36984062000000	119	35312.4414000000
41	38	5.66787052000000	7.92669058000000	178	195385.734000000
41	-34	-5.36126900000000	7.90093231000000	148	194117.953000000
41	14	3.44026709000000	1.97977543000000	133	12188.2354000000
41	-11	-3.04947090000000	4.09988213000000	277	52269.9102000000
41	20	4.11190557000000	6.73409653000000	314	141015.766000000
41	-13	-3.31512427000000	4.96245718000000	52	76577.7422000000
41	12	3.18506837000000	7.02579880000000	7	153497.188000000
41	-25	-4.59724998000000	7.61095572000000	109	180130.562000000
41	10	2.90755630000000	7.35746384000000	150	168331.453000000
41	-26	-4.68829393000000	2.90767384000000	141	26290.5957000000
41	35	5.43953991000000	3.27696633000000	62	33392.8125000000
41	-25	-4.59724998000000	7.97542858000000	162	197795.812000000
41	30	5.03603554000000	1.03960538000000	336	3360.82642000000
42	-31	-5.11928129000000	1.67187619000000	231	9276.62207000000
42	29	4.95138979000000	2.22820568000000	74	16477.5332000000
42	-9	-2.75835013000000	7.45732403000000	93	184564.297000000
42	14	3.44026709000000	1.26399803000000	261	5302.42383000000
42	-29	-4.95138979000000	7.04192734000000	102	164575.312000000
42	19	4.00779009000000	5.68793106000000	108	107371.820000000
42	-10	-2.90755630000000	6.06734562000000	118	122174.094000000
42	13	3.31512427000000	5.88755703000000	276	115040.805000000
42	-36	-5.51670027000000	1.19491434000000	138	4738.65527000000
42	15	3.56101489000000	7.93771076000000	165	209108.719000000
42	-20	-4.11190557000000	4.11840916000000	316	56291.2148000000
42	26	4.68829393000000	3.12332129000000	69	32375.3867000000
42	-14	-3.44026709000000	1.66841316000000	62	9238.23145000000
42	9	2.75835013000000	7.03377295000000	343	164194.391000000
42	-29	-4.95138979000000	1.63601923000000	16	8882.97461000000
42	31	5.11928129000000	1.59262204000000	248	8417.96387000000
42	-30	-5.03603554000000	7.21843672000000	315	172929.047000000
42	11	3.04947090000000	4.26667881000000	196	60417.3320000000
42	-26	-4.68829393000000	3.09203553000000	207	31730.0391000000
42	36	5.51670027000000	7.84635162000000	78	204322.953000000
42	-36	-5.51670027000000	1.64493799000000	348	8980.09082000000
42	21	4.21344948000000	4.48368454000000	309	66719.3359000000
42	-24	-4.50436687000000	3.30307007000000	185	36209.0586000000
42	33	5.28183842000000	5.71125603000000	203	108254.227000000
42	-36	-5.51670027000000	6.10304070000000	97	123615.859000000
42	27	4.77760220000000	3.81223392000000	58	48232.6016000000
43	-30	-5.03603554000000	2.24320769000000	82	16498.7383000000
43	24	4.50436687000000	7.60792351000000	165	189777.203000000
43	-23	-4.40952778000000	5.37695599000000	56	94794.8438000000
43	13	3.31512427000000	1.51643872000000	57	7539.82861000000
43	-38	-5.66787052000000	7.78890038000000	236	198913.406000000
43	26	4.68829393000000	2.07643652000000	334	14136.7334000000
43	-17	-3.79098964000000	4.68837070000000	223	72070.1875000000
43	24	4.50436687000000	6.45072746000000	305	136436.047000000
43	-29	-4.95138979000000	2.37381649000000	312	18475.9180000000
43	29	4.95138979000000	4.74466181000000	262	73811.1953000000
43	-11	-3.04947090000000	7.55486631000000	118	187139.438000000
43	25	4.59724998000000	2.66464925000000	202	23280.4746000000
43	-27	-4.77760220000000	6.78178453000000	281	150799.438000000
43	29	4.95138979000000	1.46526098000000	235	7039.49902000000
43	-23	-4.40952778000000	1.64993644000000	271	8925.78027000000
43	26	4.68829393000000	4.50669241000000	140	66592.8438000000
43	-26	-4.68829393000000	5.00126648000000	248	82010.9375000000
43	22	4.31260300000000	1.31133556000000	255	5638.18701000000
43	-13	-3.31512427000000	4.63325596000000	261	70385.6875000000
43	24	4.50436687000000	4.13762665000000	229	56132.4961000000
43	-30	-5.03603554000000	4.10627937000000	136	55285.1836000000
43	9	2.75835013000000	2.24451613000000	223	16517.9902000000
43	-10	-2.90755630000000	1.58667731000000	62	8254.46582000000
43	24	4.50436687000000	5.28970909000000	302	91743.5156000000
43	-18	-3.90089607000000	5.16473150000000	21	87459.5469000000
44	10	2.90755630000000	4.66113186000000	227	73277.3281000000
44	-16	-3.67780018000000	3.64542603000000	137	44821.1953000000
44	12	3.18506837000000	5.67653894000000	81	108681.117000000
44	-20	-4.11190557000000	3.61121798000000	269	43983.9531000000
44	25	4.59724998000000	4.76387453000000	153	76543.3516000000
44	-26	-4.68829393000000	1.44469142000000	8	7039.42188000000
44	27	4.77760220000000	5.94107246000000	177	119046.477000000
44	-37	-5.59279633000000	4.63135481000000	289	72344.0703000000
44	32	5.20119476000000	7.18238115000000	211	173989.781000000
44	-24	-4.50436687000000	7.29192162000000	213	179337.375000000
44	23	4.40952778000000	7.33507156000000	154	181466.125000000
44	-28	-4.86527205000000	4.54907990000000	36	69796.5469000000
44	29	4.95138979000000	3.40570927000000	222	39120.2812000000
44	-21	-4.21344948000000	1.77089214000000	85	10577.2080000000
44	23	4.40952778000000	7.41110134000000	359	185247.500000000
44	-23	-4.40952778000000	1.39256406000000	112	6540.59473000000
44	30	5.03603554000000	4.82769108000000	89	78607.8281000000
44	-25	-4.59724998000000	3.01915503000000	326	30743.8086000000
44	17	3.79098964000000	7.96093559000000	157	213754.406000000
44	-27	-4.77760220000000	2.45096111000000	261	20260.9434000000
44	17	3.79098964000000	6.32069397000000	215	134746.141000000
44	-30	-5.03603554000000	7.90891171000000	86	210969.812000000
44	24	4.50436687000000	3.09687710000000	309	32347.0547000000
44	-37	-5.59279633000000	5.21942902000000	69	91882.5078000000
44	16	3.67780018000000	6.96344757000000	121	163544.312000000
45	-21	-4.21344948000000	2.67772198000000	86	24025.4941000000
45	26	4.68829393000000	2.48511744000000	182	20693.5605000000
45	-32	-5.20119476000000	6.37773323000000	31	136293.172000000
45	36	5.51670027000000	7.57521248000000	288	192278.656000000
45	-29	-4.95138979000000	1.61222363000000	221	8709.47461000000
45	33	5.28183842000000	7.64844322000000	90	196014.188000000
45	-24	-4.50436687000000	7.41114330000000	303	184039.828000000
45	15	3.56101489000000	2.08515000000000	170	14568.5400000000
45	-13	-3.31512427000000	4.13271523000000	13	57228.5039000000
45	35	5.43953991000000	5.55653763000000	82	103454.641000000
45	-16	-3.67780018000000	2.74570918000000	157	25260.9980000000
45	28	4.86527205000000	4.15486860000000	319	57843.6914000000
45	-9	-2.75835013000000	6.89492798000000	289	159294.547000000
45	37	5.59279633000000	6.07517958000000	18	123668.648000000
45	-17	-3.79098964000000	4.55113125000000	215	69403.2969000000
45	34	5.36126900000000	2.87556696000000	348	27706.9297000000
45	-17	-3.79098964000000	2.67658043000000	12	24005.0156000000
45	37	5.59279633000000	4.31056643000000	187	62260.1445000000
45	-24	-4.50436687000000	5.71754646000000	222	109536.992000000
45	12	3.18506837000000	6.82507133000000	291	156083.078000000
45	-21	-4.21344948000000	7.99956131000000	55	214424.172000000
45	30	5.03603554000000	7.64615536000000	222	195896.938000000
45	-22	-4.31260300000000	3.93735361000000	312	51945.7734000000
45	12	3.18506837000000	5.10473680000000	51	87314.8594000000
45	-31	-5.11928129000000	4.32844067000000	249	62777.5508000000
46	11	3.04947090000000	5.11731243000000	9	84200.6484000000
46	-22	-4.31260300000000	5.69350529000000	330	104229.586000000
46	19	4.00779009000000	1.74953318000000	313	9841.83203000000
46	-17	-3.79098964000000	5.41927671000000	94	94430.9219000000
46	31	5.11928129000000	5.79396152000000	297	107940.086000000
46	-19	-4.00779009000000	3.12234330000000	289	31346.7754000000
46	18	3.90089607000000	6.24394035000000	5	125357.141000000
46	-10	-2.90755630000000	5.91081142000000	282	112337.766000000
46	26	4.68829393000000	7.01762438000000	140	158347.750000000
46	-23	-4.40952778000000	3.21521759000000	233	33239.3359000000
46	15	3.56101489000000	6.16463280000000	78	122192.906000000
46	-12	-3.18506837000000	2.98553610000000	114	28660.0020000000
46	38	5.66787052000000	2.93113565000000	52	27625.0703000000
46	-34	-5.36126900000000	5.59947968000000	43	100815.406000000
46	23	4.40952778000000	3.45257449000000	58	38328.1406000000
46	-20	-4.11190557000000	5.42941380000000	214	94784.5391000000
46	33	5.28183842000000	1.15873528000000	239	4317.17920000000
46	-13	-3.31512427000000	1.87692094000000	137	11327.2256000000
46	13	3.31512427000000	4.41093063000000	311	62559.3242000000
46	-10	-2.90755630000000	5.53907776000000	355	98652.1406000000
47	13	3.31512427000000	3.28167272000000	132	35663.7891000000
47	-23	-4.40952778000000	3.07428813000000	3	31298.6836000000
47	20	4.11190557000000	3.58148599000000	89	42477.9414000000
47	-35	-5.43953991000000	2.04896760000000	239	13902.9541000000
47	21	4.21344948000000	5.02031708000000	280	83464.0156000000
47	-21	-4.21344948000000	6.48888397000000	125	139436.656000000
47	28	4.86527205000000	6.69997215000000	54	148656.172000000
47	-18	-3.90089607000000	5.42915821000000	255	97611.7109000000
47	10	2.90755630000000	3.86827993000000	254	49553.3164000000
47	-33	-5.28183842000000	6.20377064000000	317	127452.508000000
47	35	5.43953991000000	2.79527807000000	21	25875.3965000000
47	-36	-5.51670027000000	4.24350548000000	216	59632.9727000000
47	36	5.51670027000000	5.61828661000000	74	104530.898000000
47	-32	-5.20119476000000	4.55354786000000	234	68665.2109000000
47	14	3.44026709000000	1.48765469000000	252	7328.93994000000
47	-26	-4.68829393000000	7.01685667000000	260	163050.500000000
47	9	2.75835013000000	4.33415508000000	58	62207.9375000000
47	-33	-5.28183842000000	3.16986609000000	191	33275.0547000000
47	24	4.50436687000000	6.94358063000000	181	159662.859000000
47	-34	-5.36126900000000	4.77690887000000	343	75566.7734000000
47	17	3.79098964000000	3.51071501000000	97	40815.7812000000
47	-35	-5.43953991000000	2.59991980000000	51	22384.9863000000
47	26	4.68829393000000	3.85963821000000	297	49332.1602000000
47	-20	-4.11190557000000	7.94901943000000	162	209249.312000000
47	33	5.28183842000000	5.17018890000000	23	88521.7031000000
48	-23	-4.40952778000000	5.36937571000000	167	96890.1484000000
48	36	5.51670027000000	7.11083221000000	51	169931.109000000
48	-20	-4.11190557000000	1.76803827000000	173	10505.4658000000
48	25	4.59724998000000	1.43552732000000	112	6925.56104000000
48	-30	-5.03603554000000	5.93508625000000	10	118382.125000000
48	34	5.36126900000000	2.00308371000000	311	13484.3564000000
48	-18	-3.90089607000000	3.83831596000000	21	49512.3438000000
48	13	3.31512427000000	6.59050369000000	167	145971.891000000
48	-30	-5.03603554000000	6.60940266000000	326	146810.266000000
48	29	4.95138979000000	2.24670076000000	274	16963.7754000000
48	-34	-5.36126900000000	3.30429173000000	324	36693.4727000000
48	10	2.90755630000000	5.24276543000000	229	92374.6641000000
48	-29	-4.95138979000000	7.17954922000000	96	173231.297000000
48	34	5.36126900000000	1.67995381000000	283	9484.76758000000
48	-18	-3.90089607000000	4.99169159000000	35	83738.9453000000
48	10	2.90755630000000	1.39213681000000	93	6513.22168000000
48	-12	-3.18506837000000	4.65134859000000	315	72709.2812000000
48	20	4.11190557000000	7.23354387000000	304	175846.719000000
48	-10	-2.90755630000000	6.19437981000000	94	128951.875000000
48	28	4.86527205000000	5.96439457000000	9	119554.188000000
48	-24	-4.50436687000000	4.59895229000000	114	71080.3984000000
48	32	5.20119476000000	1.59676433000000	301	8568.67480000000
48	-34	-5.36126900000000	6.81830597000000	226	156237.406000000
48	31	5.11928129000000	6.29048491000000	199	132984.266000000
48	-27	-4.77760220000000	4.19989491000000	217	59280.0938000000
48	34	5.36126900000000	7.63494682000000	323	195904.344000000
48	-34	-5.36126900000000	4.55617428000000	212	69764.2109000000
48	22	4.31260300000000	3.65186310000000	15	44818.8789000000
49	-11	-3.04947090000000	1.88688612000000	51	11091.6641000000
49	19	4.00779009000000	3.92290735000000	306	47942.5781000000
49	-19	-4.00779009000000	7.32295990000000	2	167062.375000000
49	28	4.86527205000000	3.99706459000000	113	49772.2891000000
49	-11	-3.04947090000000	7.68431664000000	256	183956.797000000
49	10	2.90755630000000	1.32705855000000	170	5486.37500000000
49	-12	-3.18506837000000	2.87607265000000	226	25769.4453000000
49	22	4.31260300000000	4.15707016000000	176	53836.8945000000
49	-29	-4.95138979000000	1.89550614000000	157	11193.2363000000
49	15	3.56101489000000	1.77696538000000	39	9837.01270000000
49	-19	-4.00779009000000	4.47637129000000	213	62424.8516000000
49	37	5.59279633000000	6.38990974000000	57	127202.234000000
49	-26	-4.68829393000000	2.22231770000000	53	15385.7119000000
49	28	4.86527205000000	6.49554634000000	154	131442.766000000
49	-35	-5.43953991000000	6.65577698000000	173	138007.531000000
49	18	3.90089607000000	4.64858150000000	97	67320.3281000000
49	-33	-5.28183842000000	2.71080351000000	218	22892.9297000000
49	31	5.11928129000000	5.49112892000000	343	93935.2500000000
49	-20	-4.11190557000000	2.42256260000000	3	18283.3301000000
49	10	2.90755630000000	5.01805115000000	32	78446.8438000000
49	-22	-4.31260300000000	3.40691423000000	176	36159.9414000000
49	22	4.31260300000000	1.02738380000000	295	3288.29492000000
49	-21	-4.21344948000000	6.24973297000000	332	121682.523000000
50	22	4.31260300000000	5.28926039000000	72	89422.4141000000
50	-30	-5.03603554000000	4.61053991000000	34	67945.3984000000
50	35	5.43953991000000	7.36264563000000	286	173270.375000000
50	-17	-3.79098964000000	6.00952053000000	316	115434.648000000
50	12	3.18506837000000	7.02025461000000	218	157529.625000000
50	-11	-3.04947090000000	5.42002106000000	239	93898.4609000000
50	10	2.90755630000000	4.32116890000000	27	59684.1484000000
50	-37	-5.59279633000000	1.89909434000000	157	11527.8838000000
50	20	4.11190557000000	6.10246325000000	68	119032.859000000
50	-15	-3.56101489000000	1.11662316000000	112	3985.38062000000
50	36	5.51670027000000	1.10128236000000	28	3876.62573000000
50	-33	-5.28183842000000	2.26618052000000	197	16415.1738000000
50	13	3.31512427000000	1.70617437000000	226	9304.72070000000
50	-11	-3.04947090000000	4.68480873000000	203	70152.0312000000
50	13	3.31512427000000	2.60946941000000	321	21765.1113000000
50	-18	-3.90089607000000	3.37113070000000	118	36325.1719000000
50	25	4.59724998000000	1.60138893000000	332	8196.91016000000
50	-21	-4.21344948000000	7.57061577000000	70	183197.234000000
50	25	4.59724998000000	1.36130166000000	310	5923.32080000000
50	-20	-4.11190557000000	4.41448736000000	9	62289.8164000000
50	19	4.00779009000000	2.29591084000000	139	16848.7051000000
50	-19	-4.00779009000000	4.38623714000000	229	61495.1289000000
50	26	4.68829393000000	3.50295115000000	295	39221.5352000000
50	-20	-4.11190557000000	5.10676479000000	82	83358.1797000000
50	12	3.18506837000000	3.39212584000000	51	36779.0430000000
51	-28	-4.86527205000000	4.47487259000000	203	67745.1562000000
51	37	5.59279633000000	2.18795943000000	27	16195.5400000000
51	-28	-4.86527205000000	3.04997015000000	306	31470.8203000000
51	20	4.11190557000000	7.86257029000000	270	209144.281000000
51	-33	-5.28183842000000	1.23051596000000	156	5122.61133000000
51	32	5.20119476000000	4.28607178000000	80	62149.2344000000
51	-31	-5.11928129000000	7.00925446000000	56	166211.312000000
51	19	4.00779009000000	2.56998420000000	250	22344.8691000000
51	-8	-2.60059738000000	4.74523926000000	182	76178.6250000000
51	22	4.31260300000000	3.24483609000000	119	35620.6992000000
51	-27	-4.77760220000000	6.96783018000000	252	164252.516000000
51	27	4.77760220000000	6.33208942000000	33	135647.250000000
51	-27	-4.77760220000000	3.44929671000000	94	40251.1211000000
51	31	5.11928129000000	6.35638762000000	114	136690.281000000
51	-19	-4.00779009000000	5.81655025000000	7	114458.453000000
51	18	3.90089607000000	4.78740501000000	85	77538.4688000000
51	-19	-4.00779009000000	4.93685579000000	131	82455.1484000000
51	18	3.90089607000000	3.74065685000000	16	47338.2930000000
51	-28	-4.86527205000000	3.23656321000000	0	35439.2969000000
51	12	3.18506837000000	7.93145704000000	203	212825.078000000
51	-16	-3.67780018000000	4.00426769000000	273	54245.4258000000
51	28	4.86527205000000	2.73907518000000	45	25381.9375000000
51	-33	-5.28183842000000	4.64205074000000	200	72901.5312000000
51	17	3.79098964000000	4.97738934000000	130	83814.6875000000
51	-12	-3.18506837000000	6.00510311000000	254	121999.453000000
51	26	4.68829393000000	2.77854037000000	122	26118.6250000000
51	-8	-2.60059738000000	2.93945527000000	157	29231.4668000000
51	35	5.43953991000000	5.42989922000000	210	99747.1484000000
52	-19	-4.00779009000000	2.34130573000000	7	18507.2988000000
52	23	4.40952778000000	4.34441566000000	316	63722.0234000000
52	-18	-3.90089607000000	7.59815502000000	52	194914.031000000
52	15	3.56101489000000	2.21445537000000	227	16556.1992000000
52	-16	-3.67780018000000	7.35436106000000	357	182606.703000000
52	33	5.28183842000000	6.75006294000000	237	153830.484000000
52	-11	-3.04947090000000	7.33931923000000	136	181860.500000000
52	27	4.77760220000000	5.93569565000000	339	118951.539000000
52	-9	-2.75835013000000	5.24347305000000	39	92824.9766000000
52	21	4.21344948000000	5.06259823000000	134	86531.4062000000
52	-19	-4.00779009000000	3.10751319000000	295	32602.6406000000
52	12	3.18506837000000	1.99856758000000	148	13485.4209000000
52	-30	-5.03603554000000	4.94019032000000	200	82397.5312000000
52	27	4.77760220000000	3.79476523000000	58	48617.9531000000
52	-8	-2.60059738000000	2.62971854000000	97	23347.7676000000
52	31	5.11928129000000	7.68173981000000	145	199225.984000000
52	-24	-4.50436687000000	7.02428150000000	144	166582.984000000
52	16	3.67780018000000	3.10730791000000	195	32598.3340000000
52	-20	-4.11190557000000	5.53492165000000	42	103430.773000000
52	17	3.79098964000000	3.44513273000000	96	40071.7930000000
52	-23	-4.40952778000000	6.34776926000000	325	136040.766000000
52	29	4.95138979000000	7.96868420000000	352	214387.812000000
52	-33	-5.28183842000000	6.68038368000000	303	150670.984000000
52	14	3.44026709000000	5.22782040000000	82	92271.6250000000
52	-21	-4.21344948000000	7.99491119000000	215	215801.328000000
52	19	4.00779009000000	6.48695946000000	238	142072.234000000
52	-9	-2.75835013000000	2.34846878000000	345	18620.7168000000
53	10	2.90755630000000	5.72504807000000	258	110434.586000000
53	-14	-3.44026709000000	6.90576744000000	212	160683.297000000
53	24	4.50436687000000	6.25134516000000	52	131672.125000000
53	-32	-5.20119476000000	4.37327957000000	129	64440.8594000000
53	20	4.11190557000000	2.72710395000000	47	25058.2188000000
53	-33	-5.28183842000000	6.45229244000000	74	140273.266000000
53	16	3.67780018000000	7.70120621000000	73	199831.672000000
53	-13	-3.31512427000000	5.18248224000000	1	90494.5547000000
53	18	3.90089607000000	1.98877931000000	144	13326.6201000000
53	-36	-5.51670027000000	1.43753171000000	47	6962.76465000000
53	25	4.59724998000000	4.60580158000000	207	71475.5156000000
53	-19	-4.00779009000000	4.71676254000000	112	74960.9062000000
53	21	4.21344948000000	7.63393879000000	337	196356.016000000
53	-26	-4.68829393000000	1.60916615000000	72	8724.66211000000
53	36	5.51670027000000	5.27693844000000	156	93823.3516000000
53	-20	-4.11190557000000	7.52354908000000	139	190718.312000000
53	9	2.75835013000000	1.31079483000000	22	5789.16992000000
53	-21	-4.21344948000000	2.53178239000000	331	21597.3086000000
53	25	4.59724998000000	6.68688774000000	22	150658.938000000
53	-30	-5.03603554000000	2.54257035000000	19	21781.7520000000
53	33	5.28183842000000	5.99849892000000	272	121236.117000000
53	-11	-3.04947090000000	3.77987671000000	190	48139.5586000000
53	11	3.04947090000000	4.39690876000000	178	65139.1016000000
53	-27	-4.77760220000000	7.85146523000000	72	207705.625000000
53	33	5.28183842000000	3.58913136000000	86	43403.5820000000
54	-24	-4.50436687000000	4.55196381000000	293	68487.1875000000
54	26	4.68829393000000	2.87521982000000	14	27324.6016000000
54	-35	-5.43953991000000	3.84125495000000	317	48770.5898000000
54	8	2.60059738000000	6.99880409000000	321	161904.688000000
54	-33	-5.28183842000000	1.90052962000000	166	11938.8105000000
54	13	3.31512427000000	2.20400953000000	31	16056.0479000000
54	-35	-5.43953991000000	6.81288147000000	1	153416.984000000
54	22	4.31260300000000	6.11474657000000	270	123585.820000000
54	-15	-3.56101489000000	4.56559229000000	20	68897.8984000000
54	28	4.86527205000000	7.92956924000000	248	207831.281000000
54	-24	-4.50436687000000	7.28684139000000	303	175505.344000000
54	31	5.11928129000000	5.96348476000000	188	117547.117000000
54	-31	-5.11928129000000	3.31153321000000	119	36246.8242000000
54	26	4.68829393000000	7.94135189000000	351	208449.391000000
54	-28	-4.86527205000000	2.31914568000000	230	17777.3809000000
54	26	4.68829393000000	2.89749670000000	113	27749.6602000000
54	-17	-3.79098964000000	7.23417807000000	37	172977.719000000
54	22	4.31260300000000	2.83918929000000	77	26644.0625000000
54	-26	-4.68829393000000	7.27234173000000	218	174807.594000000
54	17	3.79098964000000	7.26538038000000	250	174473.078000000
54	-32	-5.20119476000000	2.27284455000000	231	17074.6270000000
54	20	4.11190557000000	1.72602296000000	223	9847.02051000000
54	-33	-5.28183842000000	2.27795315000000	36	17151.4688000000
54	15	3.56101489000000	3.57034421000000	290	42133.9219000000
54	-34	-5.36126900000000	3.79251719000000	56	47540.8359000000
55	11	3.04947090000000	6.86297798000000	113	157599.531000000
55	-19	-4.00779009000000	1.08818293000000	200	3962.17358000000
55	31	5.11928129000000	6.11602497000000	74	125160.758000000
55	-34	-5.36126900000000	5.03830147000000	281	84937.2109000000
55	17	3.79098964000000	7.74047947000000	77	200477.391000000
55	-22	-4.31260300000000	7.25060701000000	131	175905.094000000
55	23	4.40952778000000	5.97683430000000	91	119528.680000000
55	-30	-5.03603554000000	3.68371630000000	353	45404.8320000000
55	34	5.36126900000000	5.24749184000000	312	92136.8281000000
55	-26	-4.68829393000000	2.62179780000000	334	23000.0137000000
55	14	3.44026709000000	7.57382536000000	329	191937.672000000
55	-34	-5.36126900000000	6.30790186000000	77	133137.234000000
55	24	4.50436687000000	2.91743708000000	273	28479.5254000000
55	-11	-3.04947090000000	6.37821722000000	339	136122
55	14	3.44026709000000	1.72277522000000	104	9930.86133000000
55	-32	-5.20119476000000	3.71119189000000	346	46084.6758000000
55	13	3.31512427000000	5.01306248000000	69	84088.3672000000
55	-12	-3.18506837000000	3.54448080000000	154	42037.3125000000
55	31	5.11928129000000	3.08998609000000	247	31947.9277000000
55	-24	-4.50436687000000	1.40404963000000	234	6596.21191000000
55	25	4.59724998000000	1.88380194000000	214	11874.0850000000
55	-31	-5.11928129000000	1.07055736000000	80	3834.86060000000
55	26	4.68829393000000	3.88520122000000	331	50507.5977000000
55	-18	-3.90089607000000	3.58731890000000	162	43059.5664000000
55	32	5.20119476000000	2.07792854000000	202	14447.4395000000
55	-26	-4.68829393000000	1.77110910000000	155	10495.9150000000
55	11	3.04947090000000	4.03948402000000	215	54598.5938000000
56	-8	-2.60059738000000	6.62652397000000	90	147927
56	26	4.68829393000000	3.01111412000000	69	30544.3125000000
56	-25	-4.59724998000000	5.80681705000000	351	113593.164000000
56	20	4.11190557000000	2.17987180000000	18	16008.0273000000
56	-24	-4.50436687000000	7.11933565000000	4	170747.688000000
56	8	2.60059738000000	4.67521572000000	173	73634.1406000000
56	-17	-3.79098964000000	2.38029861000000	45	19087.0488000000
56	31	5.11928129000000	1.70358586000000	351	9776.96387000000
56	-18	-3.90089607000000	3.19291568000000	204	34343.9961000000
56	26	4.68829393000000	2.36159325000000	145	18788.2402000000
56	-24	-4.50436687000000	2.30197573000000	1	17851.6094000000
56	9	2.75835013000000	1.32922816000000	313	5952.16553000000
56	-28	-4.86527205000000	4.35389519000000	318	63860.4336000000
56	15	3.56101489000000	5.92383575000000	85	118217.547000000
56	-20	-4.11190557000000	1.91885448000000	105	12403.9502000000
56	12	3.18506837000000	2.21439528000000	334	16519.0938000000
56	-10	-2.90755630000000	6.36725235000000	16	136577.781000000
56	33	5.28183842000000	6.41499710000000	359	138633.719000000
56	-35	-5.43953991000000	3.86245036000000	183	50257.6016000000
56	24	4.50436687000000	6.22915649000000	12	130717.703000000
56	-8	-2.60059738000000	2.44288683000000	70	20104.0059000000
56	27	4.77760220000000	3.61626315000000	349	44055.0781000000
56	-21	-4.21344948000000	5.55824852000000	297	104076.305000000
56	23	4.40952778000000	3.50728869000000	89	41439.9219000000
56	-33	-5.28183842000000	1.00170732000000	127	3380.31836000000
57	20	4.11190557000000	1.71857119000000	176	9762.25391000000
57	-27	-4.77760220000000	3.04669237000000	148	30681.1934000000
57	13	3.31512427000000	1.77239752000000	282	10383.3438000000
57	-21	-4.21344948000000	4.68903828000000	318	72674.5781000000
57	15	3.56101489000000	3.66529465000000	81	44405.0938000000
57	-34	-5.36126900000000	3.63274050000000	97	43619.8125000000
57	14	3.44026709000000	2.47854686000000	154	20305.2949000000
57	-34	-5.36126900000000	7.96055317000000	249	209460.219000000
57	21	4.21344948000000	3.02724934000000	161	30290.8477000000
57	-11	-3.04947090000000	3.99801755000000	304	52832.8945000000
57	34	5.36126900000000	2.68377185000000	43	23807.0840000000
57	-32	-5.20119476000000	6.15889645000000	74	125377.852000000
57	14	3.44026709000000	4.59184122000000	87	69692.9297000000
57	-8	-2.60059738000000	1.08041239000000	74	3858.28394000000
57	29	4.95138979000000	1.49171519000000	317	7355.07080000000
57	-9	-2.75835013000000	5.26053476000000	328	91469.1875000000
57	34	5.36126900000000	4.83234406000000	252	77184.6172000000
57	-25	-4.59724998000000	4.20946789000000	27	58569.2188000000
57	24	4.50436687000000	7.54406500000000	171	188116.062000000
57	-11	-3.04947090000000	3.11740994000000	82	32122.0195000000
57	11	3.04947090000000	7.33629131000000	311	177896.812000000
57	-31	-5.11928129000000	4.05741644000000	135	54414.4414000000
57	22	4.31260300000000	6.99882698000000	242	161906.984000000
57	-26	-4.68829393000000	2.29125285000000	299	17352.4629000000
57	-16	-3.67780018000000	7.75412989000000	323	206931.016000000
57	22	4.31260300000000	3.09654498000000	258	31693.4727000000
57	-22	-4.31260300000000	6.65298653000000	125	146301.328000000
57	11	3.04947090000000	6.76393366000000	111	151221.547000000
57	-14	-3.44026709000000	7.69970608000000	216	209414.750000000
57	-33	-5.28183842000000	2.43715239000000	223	19632.7168000000
58	26	4.68829393000000	5.24798775000000	80	95970.3594000000
58	-15	-3.56101489000000	3.94226193000000	104	54155.4883000000
58	18	3.90089607000000	3.60561037000000	351	45301.1367000000
58	-18	-3.90089607000000	1.50529695000000	338	7895.79639000000
58	31	5.11928129000000	2.54948974000000	275	22649.4746000000
58	-14	-3.44026709000000	3.27686286000000	335	37416.9258000000
58	11	3.04947090000000	6.24045563000000	236	135701.344000000
58	-28	-4.86527205000000	3.34811783000000	170	39061.8711000000
58	26	4.68829393000000	6.81723595000000	53	161945.234000000
58	-13	-3.31512427000000	2.29100919000000	237	18289.6406000000
58	31	5.11928129000000	6.01783371000000	40	126192.023000000
58	-8	-2.60059738000000	6.73469543000000	1	158047.438000000
58	10	2.90755630000000	1.05027151000000	134	3843.74585000000
58	-13	-3.31512427000000	5.92090225000000	71	122159.516000000
58	18	3.90089607000000	1.60221004000000	125	8945.20703000000
58	-29	-4.95138979000000	7.36230659000000	177	188877.109000000
58	28	4.86527205000000	7.30386925000000	46	185890.625000000
58	-26	-4.68829393000000	5.15810108000000	275	92710.9844000000
58	24	4.50436687000000	5.22758675000000	124	95225.6641000000
58	-17	-3.79098964000000	4.07414246000000	240	57839.4258000000
58	12	3.18506837000000	1.13277173000000	313	4471.32617000000
58	-16	-3.67780018000000	6.50581360000000	138	147487.344000000
58	12	3.18506837000000	4.22710800000000	220	62264.1758000000
58	-14	-3.44026709000000	3.03560901000000	182	32110.2148000000
58	26	4.68829393000000	4.48673058000000	33	70147.3828000000
58	-19	-4.00779009000000	5.47893906000000	345	104603.078000000
58	32	5.20119476000000	7.54875946000000	40	198565
58	-24	-4.50436687000000	5.01115656000000	344	87503.9141000000
58	17	3.79098964000000	6.53581905000000	347	148850.922000000
58	-20	-4.11190557000000	4.53022432000000	116	71513.9766000000
58	27	4.77760220000000	1.48828220000000	187	7718.30859000000
58	-31	-5.11928129000000	3.55905557000000	259	44138.8555000000
58	30	5.03603554000000	3.05016208000000	330	32418.8301000000
59	-31	-5.11928129000000	4.09491539000000	129	60861.1562000000
59	15	3.56101489000000	7.25778341000000	16	191187.031000000
59	-15	-3.56101489000000	7.57337475000000	103	208175.328000000
59	12	3.18506837000000	5.72429037000000	69	118930.617000000
59	-22	-4.31260300000000	1.16840672000000	24	4954.94092000000
59	10	2.90755630000000	3.42190623000000	68	42499.7656000000
59	-35	-5.43953991000000	1.00064421000000	44	3634.20752000000
59	29	4.95138979000000	4.84794998000000	158	85303.4531000000
59	-11	-3.04947090000000	7.50277567000000	334	204312.203000000
59	12	3.18506837000000	2.15817070000000	24	16905.2637000000
59	-19	-4.00779009000000	6.39890528000000	315	148614.688000000
59	29	4.95138979000000	6.41412926000000	31	149322.688000000
59	-13	-3.31512427000000	3.29210687000000	135	39336.7266000000
59	20	4.11190557000000	3.46050858000000	54	43464.0547000000
59	-8	-2.60059738000000	5.77016258000000	293	120844.375000000
59	34	5.36126900000000	2.12431145000000	234	16378.9756000000
59	-10	-2.90755630000000	4.32512617000000	236	67896.5859000000
59	15	3.56101489000000	5.40905952000000	248	106192.516000000
59	-21	-4.21344948000000	2.08674550000000	285	15804.8125000000
59	30	5.03603554000000	2.95404172000000	39	31672.5957000000
59	-15	-3.56101489000000	5.60724354000000	311	114116.703000000
59	13	3.31512427000000	7.94271755000000	8	228975.281000000
59	-15	-3.56101489000000	4.25487614000000	273	65708.9062000000
59	18	3.90089607000000	7.72483349000000	167	216585.125000000
59	-13	-3.31512427000000	3.27884889000000	355	39020.5312000000
59	33	5.28183842000000	4.61495113000000	93	77300.8984000000
59	-29	-4.95138979000000	4.48805237000000	278	73108.2188000000
59	25	4.59724998000000	6.70701790000000	233	163271.094000000
59	-24	-4.50436687000000	4.86082935000000	314	85757.3047000000
59	-33	-5.28183842000000	5.62530279000000	32	114852.969000000
59	13	3.31512427000000	3.46509480000000	81	43579.3359000000
59	-11	-3.04947090000000	5.85925007000000	86	124604.695000000
60	29	4.95138979000000	1.41988611000000	110	6677.79834000000
60	-26	-4.68829393000000	2.03350496000000	177	13696.7256000000
60	7	2.43263602000000	4.14054585000000	114	56786.0234000000
60	-27	-4.77760220000000	4.15557480000000	22	57199.0039000000
60	10	2.90755630000000	4.76576233000000	209	75229.9922000000
60	-24	-4.50436687000000	6.88496113000000	211	170250.938000000
60	-32	-5.20119476000000	5.17225170000000	306	88610.5859000000
60	25	4.59724998000000	5.05809879000000	9	84742.4219000000
60	-16	-3.67780018000000	4.47076511000000	183	66204.8750000000
60	17	3.79098964000000	3.17034006000000	95	33291.8516000000
60	-16	-3.67780018000000	7.85041237000000	192	219474.156000000
60	-13	-3.31512427000000	7.91145134000000	176	207318.766000000
60	16	3.67780018000000	3.76826096000000	176	47033.6016000000
60	-7	-2.43263602000000	5.17713499000000	36	88777.9844000000
60	32	5.20119476000000	3.12622857000000	303	32371.8633000000
60	-28	-4.86527205000000	1.52870202000000	1	7740.55273000000
60	18	3.90089607000000	3.91743493000000	341	50831.1406000000
60	-27	-4.77760220000000	6.35306454000000	286	133688.109000000
60	30	5.03603554000000	5.96032524000000	290	117670.117000000
60	-31	-5.11928129000000	6.19568634000000	120	127146.711000000
60	-16	-3.67780018000000	5.23057938000000	145	90620.3750000000
60	33	5.28183842000000	5.35516167000000	21	94988.5938000000
60	16	3.67780018000000	5.01260185000000	82	83224.7812000000
60	-9	-2.75835013000000	2.81191063000000	308	26189.6230000000
60	23	4.40952778000000	3.78223324000000	102	47383.0391000000
61	-28	-4.86527205000000	2.01164198000000	106	14470.6523000000
61	30	5.03603554000000	7.67370892000000	309	210570.422000000
61	-20	-4.11190557000000	5.04848719000000	183	91140.0391000000
61	29	4.95138979000000	3.92472148000000	257	55081.3320000000
61	-24	-4.50436687000000	2.80082893000000	314	28051.7461000000
61	-17	-3.79098964000000	6.31215954000000	14	143100.938000000
61	16	3.67780018000000	2.43790174000000	217	21252.9453000000
61	-14	-3.44026709000000	3.82143307000000	359	52220.2891000000
61	32	5.20119476000000	2.84426451000000	133	28928.5547000000
61	-24	-4.50436687000000	1.58037710000000	67	8931.16602000000
61	27	4.77760220000000	4.41608953000000	344	69736.8750000000
61	-11	-3.04947090000000	1.22198606000000	312	5339.72900000000
61	28	4.86527205000000	7.93869877000000	44	225364.406000000
61	-14	-3.44026709000000	6.72158957000000	313	161558.844000000
61	24	4.50436687000000	4.78013659000000	86	81708.5156000000
61	-30	-5.03603554000000	1.77873611000000	268	11313.8330000000
61	15	3.56101489000000	6.22829056000000	199	138715.328000000
61	-24	-4.50436687000000	1.89692307000000	246	12867.2637000000
61	10	2.90755630000000	4.58782578000000	301	75266.2969000000
61	-17	-3.79098964000000	3.59610248000000	255	46243.5156000000
61	10	2.90755630000000	2.71049643000000	11	26271.4707000000
61	-14	-3.44026709000000	7.33852959000000	86	192577.156000000
61	10	2.90755630000000	6.67820930000000	300	159480.203000000
61	-12	-3.18506837000000	3.67571044000000	118	48313.5898000000
61	28	4.86527205000000	3.67146134000000	183	48201.9531000000
61	-8	-2.60059738000000	2.25789261000000	105	18230.2793000000
61	19	4.00779009000000	2.40398574000000	100	20665.7188000000
61	-33	-5.28183842000000	7.80755043000000	315	217979.828000000
61	-12	-3.18506837000000	6.06371403000000	330	131481.359000000
61	26	4.68829393000000	7.85577774000000	69	220681.062000000
61	-9	-2.75835013000000	6.05850887000000	86	131255.719000000
61	30	5.03603554000000	4.37964153000000	194	68590.4844000000
62	-11	-3.04947090000000	4.65204144000000	265	75580.6562000000
62	10	2.90755630000000	4.86611986000000	69	82696.8906000000
62	-29	-4.95138979000000	4.88656902000000	46	83393.3828000000
62	-33	-5.28183842000000	5.57853794000000	143	108683.680000000
62	-8	-2.60059738000000	1.50818419000000	330	7943.87402000000
62	8	2.60059738000000	2.05751419000000	159	14784.5869000000
62	-30	-5.03603554000000	1.64468098000000	256	9446.84668000000
62	10	2.90755630000000	7.16194820000000	207	179137.250000000
62	-29	-4.95138979000000	6.87338209000000	262	164992.625000000
62	-13	-3.31512427000000	7.94113016000000	52	220235.953000000
62	-18	-3.90089607000000	5.58289194000000	180	108853.406000000
62	23	4.40952778000000	4.67820168000000	205	76433.0859000000
62	-25	-4.59724998000000	3.54259825000000	209	43829.5898000000
62	-34	-5.36126900000000	5.92257261000000	256	122502.328000000
62	29	4.95138979000000	1.68254232000000	262	9886.79492000000
62	-18	-3.90089607000000	6.50237751000000	326	147661.703000000
62	7	2.43263602000000	2.46224308000000	75	21173.1445000000
62	-10	-2.90755630000000	6.92888069000000	133	167667.828000000
62	34	5.36126900000000	2.72467232000000	177	25926.9883000000
62	-31	-5.11928129000000	7.58523941000000	236	200938.031000000
62	25	4.59724998000000	2.12286782000000	154	15738.7217000000
62	-30	-5.03603554000000	1.04870772000000	195	3840.89551000000
62	13	3.31512427000000	7.63246346000000	150	203447.797000000
62	-13	-3.31512427000000	2.23269510000000	331	17409.3438000000
62	13	3.31512427000000	5.91662455000000	215	122256.398000000
62	-7	-2.43263602000000	6.73595572000000	186	158460.844000000
62	19	4.00779009000000	1.23119688000000	64	5293.93408000000
63	-18	-3.90089607000000	1.73999357000000	279	10386.9346000000
63	33	5.28183842000000	6.08835411000000	310	127172.125000000
63	-7	-2.43263602000000	1.98143768000000	239	13469.5449000000
63	21	4.21344948000000	4.04791021000000	343	56215.2148000000
63	-17	-3.79098964000000	1.22785735000000	4	5172.35107000000
63	31	5.11928129000000	1.61285782000000	314	8924.50781000000
63	-29	-4.95138979000000	4.31609917000000	279	63910.8945000000
63	24	4.50436687000000	7.67789316000000	20	202244.266000000
63	-16	-3.67780018000000	5.36351442000000	292	98694.0625000000
63	24	4.50436687000000	6.60853100000000	199	149831.109000000
63	-25	-4.59724998000000	1.61181974000000	228	8913.02344000000
63	7	2.43263602000000	3.65860891000000	190	45922.3516000000
63	-34	-5.36126900000000	3.24819064000000	234	36197.2148000000
63	12	3.18506837000000	7.35601521000000	204	185642.500000000
63	-24	-4.50436687000000	6.54726982000000	8	147066.125000000
63	22	4.31260300000000	7.96836376000000	135	217836.406000000
63	-17	-3.79098964000000	1.31593180000000	253	5940.99072000000
63	10	2.90755630000000	4.88708019000000	164	81939.0703000000
63	-19	-4.00779009000000	7.17210388000000	339	176475.859000000
63	10	2.90755630000000	2.55108523000000	325	22327.6016000000
63	-23	-4.40952778000000	2.10262704000000	10	15167.5908000000
63	22	4.31260300000000	3.87308645000000	177	51464.3555000000
63	-20	-4.11190557000000	2.97334123000000	153	30330.6426000000
63	31	5.11928129000000	7.97186852000000	354	218028.078000000
63	-20	-4.11190557000000	7.05783081000000	335	186969.500000000
63	-9	-2.75835013000000	4.19993782000000	22	60517.0625000000
63	17	3.79098964000000	1.37136030000000	338	6452.01367000000
63	-9	-2.75835013000000	5.47281265000000	76	102757.438000000
63	15	3.56101489000000	2.57904983000000	334	22819.7891000000
64	-30	-5.03603554000000	3.11239982000000	260	32647.9023000000
64	32	5.20119476000000	7.12334442000000	305	171014.266000000
64	-30	-5.03603554000000	2.06863761000000	7	14422.2588000000
64	34	5.36126900000000	6.61318254000000	329	147395.938000000
64	-29	-4.95138979000000	2.78098536000000	140	26065.2480000000
64	29	4.95138979000000	2.04306793000000	93	14067.9268000000
64	-30	-5.03603554000000	3.86942315000000	7	50461.1250000000
64	19	4.00779009000000	4.40154982000000	253	65294.3672000000
64	-24	-4.50436687000000	1.85961914000000	67	11655.0049000000
64	-21	-4.21344948000000	7.08805466000000	321	176586.797000000
64	26	4.68829393000000	7.63024330000000	47	196219.094000000
64	-29	-4.95138979000000	2.50453877000000	81	21140.7305000000
64	20	4.11190557000000	3.80899787000000	39	48897.4180000000
64	-12	-3.18506837000000	3.83230948000000	124	49497.7617000000
64	18	3.90089607000000	3.62569094000000	33	44304.3203000000
64	-33	-5.28183842000000	3.00890946000000	138	30512.8477000000
64	20	4.11190557000000	3.76082253000000	137	47668.3555000000
64	-17	-3.79098964000000	6.16430044000000	115	128065.484000000
64	21	4.21344948000000	4.41640997000000	231	65735.9922000000
64	-13	-3.31512427000000	6.61415863000000	327	147439.453000000
64	32	5.20119476000000	5.18628407000000	171	90651.9375000000
64	-34	-5.36126900000000	2.89844966000000	338	28313.6602000000
64	10	2.90755630000000	2.25477839000000	334	17134.5293000000
64	-23	-4.40952778000000	6.55846310000000	91	151747.656000000
64	-19	-4.00779009000000	6.08613300000000	109	124838.172000000
64	26	4.68829393000000	6.63369036000000	126	148311.516000000
64	-14	-3.44026709000000	4.46137905000000	181	67081.4922000000
64	18	3.90089607000000	6.40612984000000	246	138310.734000000
64	-27	-4.77760220000000	1.83731389000000	241	11377.0898000000
64	7	2.43263602000000	3.74847746000000	232	47355.9219000000
64	-23	-4.40952778000000	7.46014977000000	162	189258.422000000
65	-14	-3.44026709000000	1.68236876000000	132	10233.7422000000
65	11	3.04947090000000	3.57315469000000	342	46163.1836000000
65	-28	-4.86527205000000	2.02504849000000	102	14827.3291000000
65	13	3.31512427000000	1.99131107000000	12	14337.3984000000
65	-26	-4.68829393000000	1.98789644000000	92	14288.2695000000
65	-17	-3.79098964000000	7.59468842000000	82	208550.891000000
65	-27	-4.77760220000000	6.95444536000000	241	174870.719000000
65	26	4.68829393000000	5.37792873000000	247	104573.617000000
65	-22	-4.31260300000000	3.86169267000000	112	53919.7031000000
65	23	4.40952778000000	7.48637199000000	294	202644.547000000
65	-28	-4.86527205000000	6.45776176000000	38	150784.281000000
65	6	2.25218344000000	1.60913944000000	62	9362.23340000000
65	-23	-4.40952778000000	4.83455372000000	303	84509.3672000000
65	15	3.56101489000000	6.35007381000000	62	145797.359000000
65	-24	-4.50436687000000	7.09686661000000	183	184739.031000000
65	-19	-4.00779009000000	4.71995640000000	45	80550.4688000000
65	19	4.00779009000000	5.33307648000000	210	102836.602000000
65	-20	-4.11190557000000	6.01879311000000	104	130981.789000000
65	14	3.44026709000000	1.87456274000000	49	12705.5088000000
65	-30	-5.03603554000000	6.80156612000000	261	167266.875000000
65	9	2.75835013000000	4.95175600000000	269	88656.5000000000
65	-17	-3.79098964000000	2.16756845000000	52	16987.8242000000
65	16	3.67780018000000	3.33552241000000	357	40227.2031000000
65	-29	-4.95138979000000	5.13420200000000	55	95309.8906000000
65	7	2.43263602000000	2.54153228000000	146	23355.1875000000
65	-18	-3.90089607000000	2.55903101000000	230	23677.9023000000
65	27	4.77760220000000	2.65270805000000	344	25443.1582000000
65	-14	-3.44026709000000	2.07988286000000	7	15641.1914000000
65	32	5.20119476000000	6.59710073000000	36	157361.422000000
65	-33	-5.28183842000000	5.48507595000000	313	108782.086000000
65	-33	-5.28183842000000	5.67290592000000	208	116359.875000000
65	-26	-4.68829393000000	5.54508734000000	271	111175.438000000
65	15	3.56101489000000	6.30811691000000	272	143877.047000000
65	-28	-4.86527205000000	6.53486300000000	320	154406.328000000
65	11	3.04947090000000	2.45927572000000	62	21867.8711000000
65	-22	-4.31260300000000	6.05874729000000	33	132726.547000000
66	21	4.21344948000000	1.38866878000000	230	6570.53564000000
66	-13	-3.31512427000000	2.35786653000000	34	18942.6992000000
66	11	3.04947090000000	2.66999316000000	184	24289.7871000000
66	-22	-4.31260300000000	5.58204556000000	314	106167.148000000
66	20	4.11190557000000	4.46483421000000	288	67922.5703000000
66	-26	-4.68829393000000	1.47554326000000	255	7418.35059000000
66	23	4.40952778000000	6.47399044000000	62	142806.375000000
66	-33	-5.28183842000000	1.38043761000000	91	6492.87451000000
66	28	4.86527205000000	4.02865219000000	20	55299.7227000000
66	-9	-2.75835013000000	7.66226673000000	106	207369.781000000
66	-21	-4.21344948000000	6.57055664000000	36	147098.328000000
66	10	2.90755630000000	7.34631538000000	327	183883.406000000
66	-8	-2.60059738000000	4.54181862000000	107	70285.0547000000
66	20	4.11190557000000	7.35288572000000	282	184212.484000000
66	-29	-4.95138979000000	7.45105219000000	226	203638.828000000
66	-12	-3.18506837000000	2.96792889000000	281	30013.0703000000
66	22	4.31260300000000	7.98546505000000	92	217272.031000000
66	-15	-3.56101489000000	1.72780704000000	285	10171.7090000000
66	25	4.59724998000000	4.26993799000000	261	62122.1602000000
66	-7	-2.43263602000000	1.86747146000000	351	11882.5967000000
66	29	4.95138979000000	6.59567881000000	270	148225.328000000
66	-30	-5.03603554000000	2.59768176000000	348	22991.9238000000
66	15	3.56101489000000	1.24514413000000	239	5282.53809000000
66	-10	-2.90755630000000	5.16005516000000	154	90721.8906000000
66	26	4.68829393000000	3.05226493000000	42	31742.9922000000
66	-24	-4.50436687000000	4.42138481000000	249	66607.0234000000
66	17	3.79098964000000	6.23745966000000	339	132561.953000000
66	-22	-4.31260300000000	1.98656631000000	64	13446.5088000000
66	21	4.21344948000000	6.22351408000000	355	131969.875000000
66	-19	-4.00779009000000	5.60545588000000	29	107059.523000000
66	23	4.40952778000000	5.92317486000000	220	119539.805000000
66	-31	-5.11928129000000	4.81319809000000	59	78935.2344000000
66	23	4.40952778000000	4.43533230000000	354	67027.9141000000
67	-13	-3.31512427000000	2.63703012000000	225	23668.8359000000
67	7	2.43263602000000	4.58454609000000	252	71538.4375000000
67	-23	-4.40952778000000	4.48872662000000	4	68579.3047000000
67	15	3.56101489000000	4.04895973000000	310	55799.9258000000
67	-6	-2.25218344000000	4.89725542000000	317	81630.4609000000
67	10	2.90755630000000	3.18870330000000	57	34607.8750000000
67	-23	-4.40952778000000	1.56188536000000	243	8303.19141000000
67	17	3.79098964000000	1.61448336000000	85	8871.84277000000
67	-21	-4.21344948000000	3.63623857000000	326	45004.0352000000
67	26	4.68829393000000	5.28952599000000	1	95231.4062000000
67	-16	-3.67780018000000	2.06573200000000	129	14524.2842000000
67	16	3.67780018000000	6.77469826000000	342	156216.391000000
67	-15	-3.56101489000000	7.54756832000000	13	193719.891000000
67	-16	-3.67780018000000	1.36160040000000	134	6310.24316000000
67	8	2.60059738000000	2.44245124000000	277	20304.7930000000
67	-22	-4.31260300000000	3.30098724000000	317	37088.0859000000
67	17	3.79098964000000	5.71382284000000	196	111122.055000000
67	-9	-2.75835013000000	7.23505402000000	333	178168.219000000
67	15	3.56101489000000	3.55799913000000	201	43088.2031000000
67	-25	-4.59724998000000	6.31283188000000	264	135642.312000000
67	21	4.21344948000000	1.77106905000000	30	10676.2246000000
67	-30	-5.03603554000000	3.35779929000000	313	38375.6875000000
67	20	4.11190557000000	1.55363917000000	163	8215.74707000000
67	-33	-5.28183842000000	3.03194571000000	180	31288.8496000000
67	7	2.43263602000000	5.92167664000000	347	119353.766000000
67	-19	-4.00779009000000	7.62072563000000	195	197669.359000000
67	9	2.75835013000000	3.55524707000000	358	43021.5742000000
67	-33	-5.28183842000000	2.04209995000000	108	14193.8662000000
67	21	4.21344948000000	1.58459449000000	22	8546.39551000000
67	-25	-4.59724998000000	5.30734158000000	33	95873.9922000000
67	-17	-3.79098964000000	6.20265388000000	280	127432.828000000
67	10	2.90755630000000	6.91153717000000	67	158225.172000000
68	17	3.79098964000000	6.97820091000000	25	176740.984000000
68	-7	-2.43263602000000	7.71166563000000	283	213663.938000000
68	9	2.75835013000000	7.50698662000000	113	189881.312000000
68	-19	-4.00779009000000	2.94714069000000	170	29265.2773000000
68	7	2.43263602000000	1.61655283000000	291	8805.02832000000
68	-18	-3.90089607000000	3.41661572000000	342	39331.7461000000
68	31	5.11928129000000	3.08849573000000	176	32139.9336000000
68	-18	-3.90089607000000	4.36196136000000	199	64108.3438000000
68	30	5.03603554000000	1.50231624000000	0	7604.55322000000
68	-33	-5.28183842000000	1.43189406000000	281	6908.32422000000
68	21	4.21344948000000	7.84753513000000	155	207499.688000000
68	-9	-2.75835013000000	7.52840042000000	88	190966.141000000
68	29	4.95138979000000	5.83672142000000	87	114785.984000000
68	-11	-3.04947090000000	7.78329468000000	7	204116.406000000
68	24	4.50436687000000	5.85286808000000	110	115421.945000000
68	-24	-4.50436687000000	6.16169357000000	183	127923.742000000
68	33	5.28183842000000	2.60912228000000	225	22937.1680000000
68	-18	-3.90089607000000	4.52495718000000	281	68989.0078000000
68	10	2.90755630000000	3.97825074000000	9	53325.5391000000
68	-9	-2.75835013000000	6.48462152000000	331	141683.797000000
68	13	3.31512427000000	5.05115747000000	200	85967.2031000000
68	-33	-5.28183842000000	6.81241608000000	102	156369.938000000
68	22	4.31260300000000	5.28707075000000	122	94184.8828000000
68	-29	-4.95138979000000	2.81063890000000	96	26617.1191000000
68	7	2.43263602000000	3.42128539000000	270	39439.3320000000
68	-31	-5.11928129000000	4.56034660000000	213	70072.3438000000
68	32	5.20119476000000	3.75394487000000	61	47481.7539000000
68	-19	-4.00779009000000	2.55902100000000	4	22064.7324000000
68	13	3.31512427000000	2.46868682000000	181	20534.4434000000
68	19	4.00779009000000	6.55469322000000	79	153635.453000000
69	-18	-3.90089607000000	3.23187017000000	159	36381.7578000000
69	18	3.90089607000000	6.04915905000000	232	127457.633000000
69	-30	-5.03603554000000	1.24452329000000	300	5394.88184000000
69	11	3.04947090000000	1.71685219000000	330	10266.9551000000
69	-16	-3.67780018000000	2.15774012000000	276	16217.1357000000
69	27	4.77760220000000	6.14805508000000	255	131659.234000000
69	-28	-4.86527205000000	4.38877583000000	291	67090.7500000000
69	24	4.50436687000000	4.16288471000000	231	60362.1406000000
69	-26	-4.68829393000000	1.62468553000000	346	9194.21094000000
69	25	4.59724998000000	7.10432053000000	328	175800.828000000
69	-14	-3.44026709000000	4.32071018000000	97	65025.8594000000
69	10	2.90755630000000	1.18180990000000	102	4864.86816000000
69	-25	-4.59724998000000	4.68801165000000	93	76551.4141000000
69	31	5.11928129000000	7.42140865000000	159	191844.141000000
69	-10	-2.90755630000000	6.63489723000000	320	153336.031000000
69	6	2.25218344000000	3.73852396000000	60	48682.8711000000
69	-10	-2.90755630000000	2.37298536000000	179	19613.9922000000
69	10	2.90755630000000	4.77645683000000	34	79467.1406000000
69	-11	-3.04947090000000	2.90902567000000	332	29476.1641000000
69	24	4.50436687000000	4.99859810000000	119	87030.6562000000
69	-24	-4.50436687000000	5.45503187000000	195	103650.281000000
69	20	4.11190557000000	4.74508238000000	354	78426.5938000000
69	-15	-3.56101489000000	7.61462736000000	80	201963.625000000
69	19	4.00779009000000	6.06336880000000	204	128057.156000000
69	-14	-3.44026709000000	2.05145931000000	64	14658.9102000000
69	8	2.60059738000000	4.89946175000000	111	83612.7656000000
69	-30	-5.03603554000000	5.27091026000000	159	96771.4141000000
69	18	3.90089607000000	4.20280170000000	130	61525.2891000000
69	-10	-2.90755630000000	7.50323486000000	65	196097.875000000
69	24	4.50436687000000	2.87145805000000	177	28719.7598000000
69	-32	-5.20119476000000	3.59754777000000	127	45080.5273000000
69	30	5.03603554000000	5.99502420000000	243	125186.578000000
69	-24	-4.50436687000000	1.38827491000000	308	6713.15674000000
69	11	3.04947090000000	2.74410701000000	92	26228.7734000000
69	-19	-4.00779009000000	7.56505203000000	214	214808.797000000
69	-10	-2.90755630000000	5.21520662000000	51	94736.8359000000
69	-29	-4.95138979000000	6.39592457000000	349	143780.453000000
70	13	3.31512427000000	7.52008438000000	295	202223.734000000
70	7	2.43263602000000	5.99286652000000	43	122682.250000000
70	-18	-3.90089607000000	7.49414062000000	182	197421.641000000
70	-11	-3.04947090000000	7.12570095000000	124	173447.359000000
70	9	2.75835013000000	6.66112900000000	236	151568.234000000
70	-16	-3.67780018000000	3.60503292000000	304	44394.6836000000
70	21	4.21344948000000	5.81001472000000	113	115310.008000000
70	-32	-5.20119476000000	6.93214989000000	334	164152.828000000
70	13	3.31512427000000	1.67054272000000	29	9532.95801000000
70	-7	-2.43263602000000	7.83297825000000	205	209587.969000000
70	7	2.43263602000000	7.89271259000000	83	212796.797000000
70	-30	-5.03603554000000	3.83409023000000	162	50215.4297000000
70	30	5.03603554000000	5.56157780000000	170	105659.492000000
70	-30	-5.03603554000000	3.44317007000000	276	40497.6211000000
70	21	4.21344948000000	1.38503551000000	5	6552.91260000000
70	-11	-3.04947090000000	4.29485846000000	83	63010.1055000000
70	19	4.00779009000000	7.69781351000000	287	202417.141000000
70	-28	-4.86527205000000	4.15874195000000	307	59079.4531000000
70	31	5.11928129000000	1.98443842000000	245	13452.0283000000
70	-22	-4.31260300000000	5.47706509000000	121	102472.727000000
70	21	4.21344948000000	4.04499292000000	307	55891.7969000000
70	-19	-4.00779009000000	1.21718454000000	237	5060.87207000000
70	-15	-3.56101489000000	7.54756832000000	13	193719.891000000
70	26	4.68829393000000	4.23059654000000	174	61138.6367000000
70	-15	-3.56101489000000	5.64278793000000	52	108767.703000000
70	11	3.04947090000000	3.34790587000000	284	38287.6719000000
70	-20	-4.11190557000000	3.26379848000000	230	36388.0859000000
70	16	3.67780018000000	3.66290808000000	246	45831.5469000000
70	-28	-4.86527205000000	5.51097584000000	291	103745.555000000
70	32	5.20119476000000	6.98069763000000	244	166460.094000000
70	-7	-2.43263602000000	5.61039925000000	307	107522.672000000
71	8	2.60059738000000	6.47676086000000	290	146500.562000000
71	13	3.31512427000000	5.00569582000000	352	89931.9219000000
71	-17	-3.79098964000000	5.74693298000000	55	118537.898000000
71	29	4.95138979000000	3.69944763000000	313	49120.0391000000
71	-27	-4.77760220000000	3.63954306000000	183	47542.1328000000
71	12	3.18506837000000	4.80378532000000	31	82823.2266000000
71	-25	-4.59724998000000	7.24533653000000	47	188409.203000000
71	27	4.77760220000000	1.38106680000000	111	6845.64453000000
71	-16	-3.67780018000000	7.61281490000000	239	208005.844000000
71	24	4.50436687000000	3.59218216000000	92	46312.8633000000
71	-16	-3.67780018000000	6.82710266000000	336	167285.328000000
71	19	4.00779009000000	7.13802767000000	209	182869.547000000
71	-19	-4.00779009000000	3.84727979000000	347	53124.2109000000
71	8	2.60059738000000	3.24066043000000	49	37692.2461000000
71	-16	-3.67780018000000	6.80718422000000	232	166310.609000000
71	26	4.68829393000000	1.36268854000000	36	6664.66309000000
71	-12	-3.18506837000000	6.70889235000000	239	161542.406000000
71	14	3.44026709000000	1.36853981000000	295	6722.02002000000
71	-10	-2.90755630000000	7.06721830000000	36	179259.422000000
71	25	4.59724998000000	3.75560713000000	122	50622.6953000000
71	-22	-4.31260300000000	2.51219749000000	254	22651.2676000000
71	22	4.31260300000000	6.51431370000000	67	152307.844000000
71	-14	-3.44026709000000	7.07057285000000	64	179429.625000000
71	10	2.90755630000000	4.13124657000000	236	61255.7930000000
71	-10	-2.90755630000000	1.87230301000000	33	12581.6377000000
71	17	3.79098964000000	3.79804802000000	125	51773.3008000000
71	-19	-4.00779009000000	1.81395555000000	131	11809.6826000000
71	10	2.90755630000000	3.17589426000000	247	36200.7031000000
71	-30	-5.03603554000000	3.26542401000000	100	38270.5039000000
71	16	3.67780018000000	2.99975872000000	74	32296.6582000000
71	-6	-2.25218344000000	3.95578527000000	328	56163.0117000000
71	-20	-4.11190557000000	4.99459743000000	136	89533.5859000000
72	25	4.59724998000000	7.87504196000000	207	212763.891000000
72	31	5.11928129000000	1.21352959000000	206	5104.36475000000
72	-9	-2.75835013000000	5.79220390000000	254	116286.305000000
72	14	3.44026709000000	1.59213805000000	357	8786.22656000000
72	-14	-3.44026709000000	6.07092714000000	152	127747.078000000
72	15	3.56101489000000	3.08847570000000	329	33062.0195000000
72	-10	-2.90755630000000	4.01665449000000	52	55920.3516000000
72	14	3.44026709000000	7.92356491000000	14	217611.688000000
72	-15	-3.56101489000000	4.36947298000000	293	66175.7734000000
72	22	4.31260300000000	1.74506378000000	92	10555.1289000000
72	-21	-4.21344948000000	7.30511761000000	78	184967.484000000
72	6	2.25218344000000	5.13846111000000	301	91518.1172000000
72	-14	-3.44026709000000	4.12778378000000	125	59057.4688000000
72	8	2.60059738000000	6.66269493000000	177	153865.359000000
72	-20	-4.11190557000000	1.92497277000000	36	12843.6992000000
72	18	3.90089607000000	7.02385950000000	312	170998.609000000
72	-13	-3.31512427000000	3.02979612000000	196	31817.6230000000
72	12	3.18506837000000	4.80850029000000	109	80142.0078000000
72	-17	-3.79098964000000	2.46258521000000	145	21019.5508000000
72	23	4.40952778000000	5.69506931000000	140	112418.805000000
72	-14	-3.44026709000000	7.03161669000000	115	171376.516000000
72	6	2.25218344000000	7.38484097000000	109	189026.734000000
72	-31	-5.11928129000000	1.02866387000000	197	3667.65015000000
72	8	2.60059738000000	6.76961136000000	289	158843.141000000
72	-14	-3.44026709000000	6.87841892000000	140	163990.312000000
72	30	5.03603554000000	1.60758233000000	120	8957.51172000000
72	-15	-3.56101489000000	6.66034126000000	336	153756.656000000
72	10	2.90755630000000	4.36984539000000	337	66187.0625000000
72	-31	-5.11928129000000	7.99341106000000	353	221465.047000000
72	9	2.75835013000000	2.26057625000000	331	17712.4746000000
72	-7	-2.43263602000000	5.51514673000000	69	105427.789000000
73	-26	-4.68829393000000	4.57479477000000	11	72895.9062000000
73	11	3.04947090000000	1.58951950000000	354	8800.18262000000
73	-8	-2.60059738000000	4.08115196000000	359	58013.0234000000
73	12	3.18506837000000	6.93266773000000	118	167402.031000000
73	-17	-3.79098964000000	3.35932302000000	194	39306.4258000000
73	12	3.18506837000000	6.16461086000000	136	132364.438000000
73	-13	-3.31512427000000	2.63217688000000	151	24131.8223000000
73	20	4.11190557000000	7.00000048000000	201	170669.578000000
73	-28	-4.86527205000000	1.01918101000000	27	3617.95044000000
73	28	4.86527205000000	1.39911795000000	58	6818.18213000000
73	-23	-4.40952778000000	2.98864365000000	346	31110.5859000000
73	20	4.11190557000000	6.15147305000000	231	131800.844000000
73	-25	-4.59724998000000	5.81249809000000	231	117675.383000000
73	-28	-4.86527205000000	2.30635333000000	147	18527.2793000000
73	25	4.59724998000000	4.89742088000000	350	83540.0703000000
73	-12	-3.18506837000000	5.95549059000000	135	123536.438000000
73	31	5.11928129000000	1.93228769000000	46	13004.7949000000
73	-12	-3.18506837000000	3.96359086000000	121	54718.9336000000
73	15	3.56101489000000	5.08952808000000	163	90222.5312000000
73	-13	-3.31512427000000	7.69606304000000	301	206299.031000000
73	25	4.59724998000000	2.73624134000000	168	26077.6699000000
73	-31	-5.11928129000000	6.03446579000000	267	126834.562000000
73	25	4.59724998000000	6.29517269000000	185	138030.562000000
73	-17	-3.79098964000000	5.98714018000000	260	124852.953000000
73	22	4.31260300000000	1.86825418000000	56	12157.1533000000
73	-18	-3.90089607000000	5.75175953000000	262	115228.898000000
73	8	2.60059738000000	7.83032322000000	262	213559.703000000
73	-10	-2.90755630000000	5.25812340000000	76	96298.9453000000
73	28	4.86527205000000	6.27991724000000	231	137362.375000000
74	-19	-4.00779009000000	1.58175063000000	316	8826.60938000000
74	30	5.03603554000000	6.49984741000000	357	149047.312000000
74	-29	-4.95138979000000	1.95504856000000	185	13484.4395000000
74	13	3.31512427000000	1.50243306000000	334	7963.57520000000
74	-22	-4.31260300000000	3.40594625000000	204	40925.4453000000
74	31	5.11928129000000	5.75537586000000	216	116859.828000000
74	-20	-4.11190557000000	5.61442280000000	162	111205.969000000
74	27	4.77760220000000	2.61814618000000	301	24182.7461000000
74	-7	-2.43263602000000	2.19635415000000	240	17018.5527000000
74	10	2.90755630000000	4.14739513000000	28	60683.2344000000
74	-31	-5.11928129000000	7.27228642000000	106	186577.734000000
74	25	4.59724998000000	6.33552265000000	279	141606.344000000
74	-28	-4.86527205000000	5.13669872000000	307	93086.3516000000
74	6	2.25218344000000	2.50208712000000	157	22086.2871000000
74	-19	-4.00779009000000	4.59712839000000	174	74557.4609000000
74	15	3.56101489000000	5.96209955000000	27	125405.414000000
74	-31	-5.11928129000000	1.03263092000000	93	3761.90747000000
74	11	3.04947090000000	3.44508100000000	319	41871.3281000000
74	-11	-3.04947090000000	5.49230766000000	254	106421.055000000
74	21	4.21344948000000	1.23075128000000	348	5343.90137000000
74	-29	-4.95138979000000	1.24064136000000	70	5430.13135000000
74	20	4.11190557000000	6.47515011000000	102	147916.812000000
74	-8	-2.60059738000000	6.87202549000000	135	166604.750000000
74	26	4.68829393000000	6.15309858000000	258	133568.984000000
74	-26	-4.68829393000000	5.13669348000000	193	93086.1719000000
74	24	4.50436687000000	2.41717196000000	196	20612.6074000000
74	-7	-2.43263602000000	5.41212702000000	269	103336.516000000
74	28	4.86527205000000	4.64435387000000	174	76097.1562000000
74	-7	-2.43263602000000	1.67870045000000	160	9941.78223000000
74	31	5.11928129000000	4.92055511000000	50	85417.3438000000
74	-13	-3.31512427000000	2.78513598000000	229	27365.9570000000
74	18	3.90089607000000	1.79666543000000	292	11388.1270000000
74	-16	-3.67780018000000	6.73269653000000	267	162093.188000000
74	25	4.59724998000000	7.10914707000000	276	178300.641000000
74	-30	-5.03603554000000	1.45410419000000	304	7459.48535000000
74	23	4.40952778000000	3.15555668000000	14	35129.3281000000
75	-29	-4.95138979000000	4.46905613000000	110	71321.6016000000
75	10	2.90755630000000	2.44316554000000	327	21315.4902000000
75	-27	-4.77760220000000	1.30472827000000	96	6078.96436000000
75	13	3.31512427000000	5.58561420000000	188	111411.844000000
75	-18	-3.90089607000000	1.43160200000000	115	7318.70264000000
75	29	4.95138979000000	2.94973755000000	153	31071.0723000000
75	-24	-4.50436687000000	3.25981641000000	1	37946.8555000000
75	16	3.67780018000000	6.73685360000000	276	162070.406000000
75	-10	-2.90755630000000	2.32018709000000	320	19223.6367000000
75	29	4.95138979000000	6.38632488000000	30	145643.641000000
75	-11	-3.04947090000000	4.97017574000000	28	88213.0859000000
75	20	4.11190557000000	3.75898170000000	300	50457.9883000000
75	-15	-3.56101489000000	3.23308849000000	141	37327.1367000000
75	12	3.18506837000000	5.53240347000000	293	109299.242000000
75	-26	-4.68829393000000	3.12749195000000	287	34928.6562000000
75	12	3.18506837000000	1.76654959000000	220	11144.0020000000
75	-23	-4.40952778000000	4.41086102000000	32	69476.2344000000
75	14	3.44026709000000	4.35671568000000	334	67780.9922000000
75	-19	-4.00779009000000	4.34186554000000	297	67319.7109000000
75	17	3.79098964000000	6.75584269000000	356	162985.328000000
75	-21	-4.21344948000000	6.47145557000000	315	149552.422000000
75	23	4.40952778000000	7.77134323000000	32	215665.984000000
75	-6	-2.25218344000000	7.98020172000000	46	227414.031000000
75	27	4.77760220000000	4.27053547000000	95	65125.9648000000
75	-15	-3.56101489000000	4.89173460000000	316	85450.6328000000
75	20	4.11190557000000	1.40394282000000	152	7038.63330000000
75	-31	-5.11928129000000	7.07371902000000	214	178683.766000000
75	25	4.59724998000000	1.01091647000000	232	3649.38794000000
75	-26	-4.68829393000000	2.48628402000000	89	22074.5059000000
75	25	4.59724998000000	4.98480749000000	338	88733.2266000000
75	-17	-3.79098964000000	4.67126083000000	52	77921.5703000000
75	-27	-4.77760220000000	4.82796144000000	344	81405.0078000000
75	-23	-4.40952778000000	7.57608175000000	190	200453.156000000
75	16	3.67780018000000	5.89049435000000	221	123906.188000000
76	30	5.03603554000000	7.09225750000000	96	174345.172000000
76	-12	-3.18506837000000	1.56064701000000	285	8382.40820000000
76	-14	-3.44026709000000	7.84855461000000	233	211335.031000000
76	24	4.50436687000000	1.79480791000000	255	11086.5244000000
76	-11	-3.04947090000000	3.33837128000000	139	38355.5977000000
76	23	4.40952778000000	4.03384304000000	26	56001.2148000000
76	-16	-3.67780018000000	2.81939077000000	285	27357.0977000000
76	13	3.31512427000000	3.50080323000000	68	42178.8633000000
76	-14	-3.44026709000000	4.00996685000000	264	55340.2422000000
76	-23	-4.40952778000000	6.09663391000000	237	127920.359000000
76	30	5.03603554000000	1.13220263000000	281	4411.71826000000
76	-26	-4.68829393000000	3.93204308000000	215	53210.3359000000
76	29	4.95138979000000	6.86546993000000	179	162218.344000000
76	-6	-2.25218344000000	7.95752239000000	144	217929.078000000
76	31	5.11928129000000	1.08120179000000	245	4023.21240000000
76	-7	-2.43263602000000	7.76766300000000	207	207653.969000000
76	16	3.67780018000000	2.12594032000000	301	15554.6982000000
76	-10	-2.90755630000000	3.69643688000000	241	47024.7031000000
76	26	4.68829393000000	2.01475120000000	272	13970.1904000000
76	-6	-2.25218344000000	3.93655920000000	121	53332.6328000000
76	21	4.21344948000000	5.77477074000000	223	114770.148000000
76	-29	-4.95138979000000	2.58922195000000	103	23072.6777000000
76	8	2.60059738000000	6.06528616000000	180	126608.266000000
76	-20	-4.11190557000000	6.28501081000000	345	135947.578000000
76	7	2.43263602000000	3.19756532000000	101	35188.3008000000
76	-20	-4.11190557000000	3.50561142000000	5	42294.8047000000
76	15	3.56101489000000	7.83909035000000	315	211490.484000000
76	-18	-3.90089607000000	5.59019661000000	297	107550.789000000
76	16	3.67780018000000	1.45396233000000	92	7275.54932000000
76	-20	-4.11190557000000	7.53248262000000	185	212963.188000000
76	20	4.11190557000000	5.67721844000000	288	110925.320000000
76	-30	-5.03603554000000	1.01731348000000	251	3561.79590000000
76	24	4.50436687000000	5.01554918000000	304	86575.7891000000
77	-20	-4.11190557000000	3.35202146000000	52	41097.0234000000
77	5	2.05595279000000	2.43278813000000	233	21647.3789000000
77	-12	-3.18506837000000	1.87378836000000	134	12842.1533000000
77	15	3.56101489000000	7.76782179000000	53	220696.391000000
77	-24	-4.50436687000000	4.78627968000000	175	83790.1406000000
77	19	4.00779009000000	7.02138138000000	0	180319.141000000
77	-19	-4.00779009000000	3.37587214000000	200	41683.9375000000
77	11	3.04947090000000	4.28940296000000	47	67296.1875000000
77	-8	-2.60059738000000	7.01411152000000	250	179945.953000000
77	9	2.75835013000000	7.19583797000000	359	189391.062000000
77	-14	-3.44026709000000	2.47123027000000	80	22336.9141000000
77	26	4.68829393000000	3.97956920000000	35	57925.3828000000
77	-11	-3.04947090000000	7.63183737000000	173	213036.969000000
77	9	2.75835013000000	1.31480026000000	271	6322.89990000000
77	-15	-3.56101489000000	6.86526966000000	216	172389.953000000
77	21	4.21344948000000	4.60339022000000	276	77509.0391000000
77	-18	-3.90089607000000	6.19441319000000	272	140345.047000000
77	6	2.25218344000000	6.50594044000000	78	154816.375000000
77	-17	-3.79098964000000	6.35620213000000	33	147772
77	14	3.44026709000000	2.70703340000000	53	26803.0352000000
77	-7	-2.43263602000000	5.11418438000000	214	95664.2188000000
77	17	3.79098964000000	2.11947823000000	107	16430.6465000000
77	-8	-2.60059738000000	7.08079147000000	162	183383.547000000
77	-16	-3.67780018000000	1.60025907000000	205	9366.50000000000
77	14	3.44026709000000	2.56666636000000	185	24095.4805000000
77	-30	-5.03603554000000	4.96182156000000	335	90049.0234000000
77	28	4.86527205000000	3.34915924000000	132	41026.8672000000
77	-14	-3.44026709000000	3.33882523000000	90	40774.0742000000
77	16	3.67780018000000	4.64418888000000	116	78889.0078000000
77	-25	-4.59724998000000	5.90150404000000	47	127386.148000000
77	30	5.03603554000000	4.60489559000000	59	77559.7344000000
77	-12	-3.18506837000000	3.48094964000000	182	44319.2305000000
77	19	4.00779009000000	6.33870220000000	338	146959.422000000
77	-19	-4.00779009000000	2.57150126000000	106	24186.3418000000
77	8	2.60059738000000	2.22292018000000	203	18073.5918000000
78	-18	-3.90089607000000	2.62499714000000	14	23432.4531000000
78	17	3.79098964000000	5.33191156000000	270	96677.6250000000
78	7	2.43263602000000	6.73434830000000	353	154223.766000000
78	-10	-2.90755630000000	2.20902967000000	67	16594.4629000000
78	9	2.75835013000000	7.16656971000000	349	174655.703000000
78	14	3.44026709000000	6.00174522000000	293	122494.117000000
78	-11	-3.04947090000000	2.34515929000000	237	18702.7207000000
78	9	2.75835013000000	6.09354973000000	255	126270.188000000
78	-27	-4.77760220000000	5.29009628000000	50	95167.2031000000
78	11	3.04947090000000	4.67724895000000	316	74394.5469000000
78	-28	-4.86527205000000	1.54308987000000	49	8097.34326000000
78	-30	-5.03603554000000	5.91756582000000	212	119082.055000000
78	11	3.04947090000000	1.54865074000000	217	8155.80957000000
78	-12	-3.18506837000000	3.17679715000000	146	34319.3516000000
78	19	4.00779009000000	4.44595814000000	143	67218.8125000000
78	-23	-4.40952778000000	6.24359798000000	70	132565.344000000
78	18	3.90089607000000	7.15306139000000	186	173997.922000000
78	-17	-3.79098964000000	4.50841618000000	78	69120.6953000000
78	14	3.44026709000000	5.95815277000000	233	120721.164000000
78	-27	-4.77760220000000	4.68367767000000	278	74599.1875000000
78	15	3.56101489000000	4.58771420000000	26	71573.5938000000
78	-5	-2.05595279000000	1.72318244000000	313	10097.7041000000
78	28	4.86527205000000	3.53395486000000	103	42469.9883000000
78	-29	-4.95138979000000	1.18448019000000	285	4771.06934000000
78	19	4.00779009000000	7.57378864000000	187	195068.203000000
79	-30	-5.03603554000000	5.68089151000000	273	121132.664000000
79	15	3.56101489000000	6.76753998000000	23	171905.547000000
79	25	4.59724998000000	6.96745634000000	158	182211.906000000
79	-15	-3.56101489000000	7.06396723000000	318	187294.750000000
79	6	2.25218344000000	5.09784889000000	60	97544.3594000000
79	8	2.60059738000000	5.84319305000000	64	128152.992000000
79	-19	-4.00779009000000	4.57249641000000	202	78475.6719000000
79	30	5.03603554000000	4.96244383000000	182	92431.3828000000
79	-22	-4.31260300000000	6.80161953000000	68	173641.250000000
79	10	2.90755630000000	5.84255219000000	12	128124.883000000
79	-19	-4.00779009000000	7.79861546000000	221	228277.594000000
79	26	4.68829393000000	4.33329391000000	15	70479.7812000000
79	-12	-3.18506837000000	2.69221663000000	214	27204.9727000000
79	12	3.18506837000000	1.10849547000000	141	4612.07227000000
79	-30	-5.03603554000000	4.49361992000000	246	75791.5781000000
79	30	5.03603554000000	2.27092528000000	199	19356.8184000000
79	-20	-4.11190557000000	4.46195698000000	13	74727.2500000000
79	13	3.31512427000000	2.11401248000000	324	16774.2598000000
79	-18	-3.90089607000000	6.23049164000000	278	145704.484000000
79	7	2.43263602000000	3.87936664000000	344	56487.1797000000
79	-26	-4.68829393000000	3.51655626000000	21	46415.5430000000
79	22	4.31260300000000	2.78381085000000	237	29087.5879000000
79	10	2.90755630000000	4.46257591000000	351	74747.9844000000
79	-10	-2.90755630000000	5.53475332000000	35	114980.664000000
79	9	2.75835013000000	7.61156321000000	188	217458.297000000
79	-12	-3.18506837000000	3.56542087000000	198	47714.4453000000
79	10	2.90755630000000	5.03936148000000	119	95318.9688000000
79	-25	-4.59724998000000	4.56552029000000	68	78236.3984000000
79	27	4.77760220000000	6.71844673000000	8	169420.531000000
79	-25	-4.59724998000000	7.94566441000000	23	236967.469000000
79	7	2.43263602000000	4.79548073000000	138	86316.2500000000
80	11	3.04947090000000	1.74412918000000	238	10744.5498000000
80	-24	-4.50436687000000	5.60402060000000	76	110925.250000000
80	18	3.90089607000000	2.79018116000000	99	27497.6602000000
80	-15	-3.56101489000000	2.59810734000000	10	23842.1328000000
80	27	4.77760220000000	1.39968204000000	61	6919.73926000000
80	-13	-3.31512427000000	5.48138762000000	183	106123.594000000
80	20	4.11190557000000	6.70239162000000	12	158668.438000000
80	-25	-4.59724998000000	4.10868454000000	150	59626.1133000000
80	30	5.03603554000000	7.66967678000000	331	207771.062000000
80	-29	-4.95138979000000	7.27842140000000	72	187113.562000000
80	26	4.68829393000000	4.43578291000000	345	69497.8672000000
80	-25	-4.59724998000000	3.21729875000000	133	36560.6289000000
80	22	4.31260300000000	6.16694260000000	202	134329.281000000
80	-26	-4.68829393000000	6.80156612000000	220	163398.766000000
80	21	4.21344948000000	4.92748642000000	72	85759.4219000000
80	-24	-4.50436687000000	7.26888657000000	299	186623.688000000
80	15	3.56101489000000	5.20341730000000	270	95633.1016000000
80	-20	-4.11190557000000	3.86014223000000	310	52630.5039000000
80	15	3.56101489000000	2.43032980000000	169	20862.2578000000
80	-25	-4.59724998000000	2.56659460000000	274	23267.2734000000
80	17	3.79098964000000	3.76735306000000	222	50130.6836000000
80	-22	-4.31260300000000	3.92039561000000	10	54286.3555000000
80	26	4.68829393000000	7.09894657000000	131	177999.484000000
80	-19	-4.00779009000000	5.00240469000000	3	88387.0312000000
80	12	3.18506837000000	6.43296337000000	222	146168.266000000
80	-20	-4.11190557000000	4.83491755000000	29	82567.4922000000
80	17	3.79098964000000	5.48457861000000	103	106247.188000000
80	-28	-4.86527205000000	4.32674837000000	252	66123.2578000000
80	16	3.67780018000000	4.67474556000000	251	77187.4844000000
80	-11	-3.04947090000000	1.45844841000000	184	7512.99463000000
80	17	3.79098964000000	6.15442848000000	5	133784.672000000
80	-5	-2.05595279000000	6.48579121000000	261	148578.812000000
80	22	4.31260300000000	3.69805908000000	202	48303.5039000000
80	19	4.00779009000000	4.84082699000000	224	85953.6797000000
81	-7	-2.43263602000000	1.30426764000000	3	6239.62939000000
81	-22	-4.31260300000000	6.79336166000000	246	169275.797000000
81	22	4.31260300000000	7.05742168000000	65	182691.156000000
81	21	4.21344948000000	5.06512451000000	359	94103.4688000000
81	-30	-5.03603554000000	3.56441617000000	83	46601.7422000000
81	12	3.18506837000000	2.16318917000000	84	17163.8379000000
81	-25	-4.59724998000000	6.73911667000000	235	166583.250000000
81	5	2.05595279000000	5.33888102000000	220	104550.438000000
81	-7	-2.43263602000000	5.57589579000000	180	114039.328000000
81	6	2.25218344000000	6.08057022000000	1	135616.953000000
81	-29	-4.95138979000000	4.15168571000000	101	63222.8906000000
81	10	2.90755630000000	2.40320468000000	200	21183.9492000000
81	-25	-4.59724998000000	1.68001390000000	129	10352.6396000000
81	11	3.04947090000000	6.00575542000000	151	132300.234000000
81	-12	-3.18506837000000	6.74334574000000	160	166792.391000000
81	24	4.50436687000000	6.43294621000000	4	151790.734000000
81	-12	-3.18506837000000	4.53113747000000	354	75307.7812000000
81	17	3.79098964000000	2.84533262000000	352	29695.5566000000
81	-28	-4.86527205000000	5.50616789000000	304	111205
81	28	4.86527205000000	3.16987443000000	4	36856.1055000000
81	-28	-4.86527205000000	7.09812832000000	311	184804.734000000
81	11	3.04947090000000	5.25361061000000	344	101237.438000000
81	-24	-4.50436687000000	7.44901276000000	348	203527.344000000
81	22	4.31260300000000	1.56407499000000	80	8973.05957000000
81	-17	-3.79098964000000	3.41427588000000	356	42758.5117000000
81	17	3.79098964000000	5.73607159000000	185	120685.336000000
81	-10	-2.90755630000000	3.16022468000000	96	36632.0586000000
81	18	3.90089607000000	5.91094017000000	353	128155.867000000
81	-28	-4.86527205000000	2.17695785000000	175	17383.0293000000
81	26	4.68829393000000	7.14865398000000	332	187445.047000000
81	30	5.03603554000000	7.85018539000000	110	226039.922000000
81	-28	-4.86527205000000	3.07577348000000	289	34700.3672000000
81	13	3.31512427000000	7.54257631000000	304	195793.781000000
82	24	4.50436687000000	7.82312346000000	129	214210.234000000
82	9	2.75835013000000	7.53378296000000	48	199489.203000000
82	-12	-3.18506837000000	5.29741144000000	206	98632.6172000000
82	15	3.56101489000000	1.59912086000000	62	8987.84863000000
82	-24	-4.50436687000000	4.43358803000000	288	69088.1953000000
82	24	4.50436687000000	1.32037449000000	143	6127.55762000000
82	-24	-4.50436687000000	2.55162096000000	353	22883.6621000000
82	16	3.67780018000000	4.11321211000000	313	59464.1758000000
82	-16	-3.67780018000000	6.77549076000000	3	161352.141000000
82	21	4.21344948000000	7.69244289000000	176	207980.078000000
82	-21	-4.21344948000000	4.91390324000000	243	84868.4844000000
82	23	4.40952778000000	2.98080969000000	207	31229.2617000000
82	-25	-4.59724998000000	7.49113178000000	6	197236.844000000
82	12	3.18506837000000	2.45695090000000	163	21217.1055000000
82	-24	-4.50436687000000	1.99509287000000	354	13990.0537000000
82	10	2.90755630000000	2.53670073000000	281	22616.8262000000
82	-8	-2.60059738000000	5.33606386000000	359	100077.203000000
82	24	4.50436687000000	7.22897434000000	140	183673.516000000
82	7	2.43263602000000	5.32458305000000	81	99647.0312000000
82	-16	-3.67780018000000	3.29421139000000	277	38141.3516000000
82	26	4.68829393000000	3.83792710000000	79	51771.0078000000
82	-21	-4.21344948000000	7.06083775000000	344	175228.859000000
82	28	4.86527205000000	1.52814960000000	179	8207.76465000000
82	-16	-3.67780018000000	1.63670850000000	338	9415.33691000000
82	28	4.86527205000000	6.16082573000000	55	133404.672000000
82	-25	-4.59724998000000	2.01231790000000	164	14232.6689000000
82	15	3.56101489000000	5.02704811000000	303	88821.7344000000
82	-11	-3.04947090000000	7.60393143000000	351	203221.453000000
82	25	4.59724998000000	1.29657388000000	10	5908.64209000000
83	-5	-2.05595279000000	1.53200483000000	40	8214.85840000000
83	10	2.90755630000000	3.41317940000000	147	40775.3828000000
83	-7	-2.43263602000000	1.31426120000000	252	6045.65234000000
83	25	4.59724998000000	4.80450153000000	196	80793.5156000000
83	-6	-2.25218344000000	5.28068733000000	24	97602.4453000000
83	27	4.77760220000000	7.53398466000000	318	198668.594000000
83	-24	-4.50436687000000	1.69926000000000	265	10106.4697000000
83	25	4.59724998000000	7.47180367000000	341	195402.766000000
83	-17	-3.79098964000000	6.62095976000000	354	153434.031000000
83	25	4.59724998000000	7.72415733000000	127	202890.812000000
83	23	4.40952778000000	7.47996616000000	223	195829.922000000
83	-28	-4.86527205000000	3.82287169000000	180	51151.6016000000
83	15	3.56101489000000	6.00793839000000	224	126337.055000000
83	-10	-2.90755630000000	1.42359781000000	252	7093.39941000000
83	14	3.44026709000000	1.42460084000000	275	7103.39893000000
83	-7	-2.43263602000000	4.28614664000000	320	64300.4258000000
83	13	3.31512427000000	1.26842403000000	207	5631.30029000000
83	-7	-2.43263602000000	4.42164373000000	227	68430.1172000000
83	9	2.75835013000000	3.57431626000000	192	44716.2852000000
83	-14	-3.44026709000000	7.54726124000000	102	199369.438000000
83	-26	-4.68829393000000	3.23765969000000	64	36689.5352000000
83	28	4.86527205000000	5.36351109000000	131	100688.109000000
83	-24	-4.50436687000000	6.54295540000000	305	149839.984000000
83	15	3.56101489000000	5.45669270000000	195	104217.055000000
83	-24	-4.50436687000000	4.65804768000000	95	75942.9844000000
83	22	4.31260300000000	7.81909800000000	179	213989.812000000
83	-16	-3.67780018000000	5.60192585000000	160	109838.477000000
84	14	3.44026709000000	2.58916855000000	169	23562.6855000000
84	-19	-4.00779009000000	5.16917610000000	212	93917.5469000000
84	19	4.00779009000000	2.33980703000000	285	19242.6191000000
84	-21	-4.21344948000000	7.14378071000000	249	179374.359000000
84	28	4.86527205000000	2.52415705000000	34	22394.2676000000
84	-22	-4.31260300000000	4.52317333000000	76	71910.2188000000
84	5	2.05595279000000	1.98232222000000	257	13811.8740000000
84	-20	-4.11190557000000	4.89245033000000	5	84131.1719000000
84	8	2.60059738000000	6.42291260000000	69	145000.047000000
84	10	2.90755630000000	7.88716507000000	321	227529.984000000
84	-26	-4.68829393000000	3.91804576000000	118	53956.4180000000
84	10	2.90755630000000	6.90027857000000	356	170890.609000000
84	21	4.21344948000000	2.61542249000000	5	24042.9531000000
84	-12	-3.18506837000000	5.41117907000000	91	102917.203000000
84	10	2.90755630000000	2.69683623000000	173	25563.0859000000
84	-15	-3.56101489000000	1.73162222000000	320	10539.2676000000
84	21	4.21344948000000	5.40170479000000	242	102557.125000000
84	-11	-3.04947090000000	4.46406937000000	265	70043.2031000000
84	8	2.60059738000000	2.64384270000000	314	24568.3105000000
84	19	4.00779009000000	3.94124889000000	210	54597.3789000000
84	-21	-4.21344948000000	7.58080816000000	198	201992.422000000
84	6	2.25218344000000	4.64475822000000	0	75828.1328000000
84	-26	-4.68829393000000	1.46924973000000	291	7587.44141000000
84	9	2.75835013000000	5.68243694000000	85	113494.109000000
84	-10	-2.90755630000000	4.74293804000000	156	79067.6797000000
84	22	4.31260300000000	6.58362770000000	210	152347.250000000
84	-23	-4.40952778000000	3.05200458000000	86	32739.6855000000
84	27	4.77760220000000	7.04716444000000	226	174555.250000000
84	-22	-4.31260300000000	2.71536303000000	285	25915.5156000000
84	22	4.31260300000000	5.12714863000000	182	92396.5859000000
84	-9	-2.75835013000000	2.99557972000000	120	31540.3047000000
84	10	2.90755630000000	3.73432827000000	144	49015.0117000000
84	-5	-2.05595279000000	1.88226318000000	150	12452.7363000000
84	25	4.59724998000000	3.20083976000000	323	36010.7305000000
85	-23	-4.40952778000000	2.51415682000000	119	22710.1250000000
85	10	2.90755630000000	4.44143724000000	288	70873.1719000000
85	-15	-3.56101489000000	7.24746275000000	315	188715.172000000
85	11	3.04947090000000	2.10960150000000	268	15989.5293000000
85	-21	-4.21344948000000	2.08328080000000	335	15593.0273000000
85	25	4.59724998000000	7.71759033000000	75	213992.359000000
85	-6	-2.25218344000000	7.55955267000000	191	205317.984000000
85	19	4.00779009000000	4.42636490000000	100	70392.9688000000
85	-20	-4.11190557000000	5.93882656000000	71	126717.375000000
85	15	3.56101489000000	1.87628341000000	289	12648.2871000000
85	22	4.31260300000000	5.99120045000000	64	128962.242000000
85	-5	-2.05595279000000	7.11341095000000	127	181798.641000000
85	21	4.21344948000000	6.66896486000000	153	154909.047000000
85	14	3.44026709000000	3.11058903000000	240	34763.2266000000
85	-17	-3.79098964000000	4.67933178000000	22	78668.7969000000
85	7	2.43263602000000	1.54348207000000	62	8559.29492000000
85	-20	-4.11190557000000	7.31342697000000	179	192166.078000000
85	15	3.56101489000000	4.79061222000000	277	82454.9766000000
85	-5	-2.05595279000000	2.84877563000000	26	29157.5703000000
85	10	2.90755630000000	7.39966774000000	339	196724.875000000
85	-12	-3.18506837000000	5.23168755000000	100	98337.3203000000
85	20	4.11190557000000	2.98926115000000	216	32104.2480000000
85	-14	-3.44026709000000	2.52087927000000	303	22831.7344000000
85	18	3.90089607000000	5.43721771000000	43	106215.594000000
85	-23	-4.40952778000000	6.33971167000000	177	144402.203000000
85	6	2.25218344000000	5.54294300000000	123	110386.430000000
85	-23	-4.40952778000000	5.25881910000000	232	99359.9375000000
85	6	2.25218344000000	3.98814917000000	205	57144.9141000000
85	-9	-2.75835013000000	4.84973764000000	17	84502.8438000000
85	16	3.67780018000000	2.55064130000000	233	23374.0293000000
85	-25	-4.59724998000000	1.63510466000000	53	9605.63086000000
85	13	3.31512427000000	7.22406769000000	140	187498.766000000
85	-13	-3.31512427000000	7.91077566000000	308	224839.688000000
85	25	4.59724998000000	6.40714312000000	73	147490.375000000
86	-23	-4.40952778000000	4.87312794000000	217	84110.5547000000
86	11	3.04947090000000	3.68268490000000	3	48035.6836000000
86	-24	-4.50436687000000	1.89929628000000	350	12776.7471000000
86	21	4.21344948000000	2.48831511000000	160	21930.3516000000
86	-26	-4.68829393000000	4.12606812000000	98	60298.6562000000
86	25	4.59724998000000	5.83137560000000	49	120441.695000000
86	-14	-3.44026709000000	1.94490314000000	335	13397.7178000000
86	9	2.75835013000000	6.00119114000000	19	127558.609000000
86	-18	-3.90089607000000	7.02695847000000	37	174891.875000000
86	17	3.79098964000000	6.09838104000000	211	131723.734000000
86	-13	-3.31512427000000	2.50380611000000	169	22204.2578000000
86	22	4.31260300000000	5.49177837000000	5	106822.039000000
86	-28	-4.86527205000000	6.34595203000000	316	142635.766000000
86	10	2.90755630000000	5.41356754000000	161	103801.109000000
86	-8	-2.60059738000000	7.84478760000000	286	217970.266000000
86	10	2.90755630000000	3.35491204000000	37	39865.4961000000
86	-24	-4.50436687000000	2.00726604000000	226	14270.6836000000
86	24	4.50436687000000	4.12896538000000	267	60383.3750000000
86	-14	-3.44026709000000	5.53410435000000	199	108474.984000000
86	25	4.59724998000000	3.70981503000000	145	48746.0430000000
86	-19	-4.00779009000000	2.87188864000000	5	29212.5898000000
86	5	2.05595279000000	3.85020542000000	271	52505.2422000000
86	-23	-4.40952778000000	3.40560746000000	238	41079.3984000000
86	16	3.67780018000000	7.06232643000000	159	176656.828000000
86	-28	-4.86527205000000	5.52810955000000	315	108240.094000000
86	13	3.31512427000000	7.95028114000000	352	223872.031000000
86	-22	-4.31260300000000	5.37604141000000	311	102367.016000000
86	8	2.60059738000000	7.13632393000000	352	180378.188000000
86	-26	-4.68829393000000	3.19992685000000	9	36267.2773000000
86	12	3.18506837000000	1.18783975000000	297	4997.47461000000
86	-21	-4.21344948000000	1.04321861000000	279	3854.65503000000
86	8	2.60059738000000	6.38984966000000	103	144615.922000000
87	-11	-3.04947090000000	1.22545743000000	198	5278.94922000000
87	26	4.68829393000000	3.26439428000000	311	37459.0078000000
87	-5	-2.05595279000000	6.69467831000000	254	157547.125000000
87	19	4.00779009000000	7.46397781000000	332	195835.641000000
87	-27	-4.77760220000000	1.08223987000000	98	4117.16357000000
87	24	4.50436687000000	4.22164726000000	212	62649.1133000000
87	-18	-3.90089607000000	2.25570631000000	295	17886.1211000000
87	10	2.90755630000000	7.66133404000000	173	206328.828000000
87	-5	-2.05595279000000	7.06511021000000	254	175464.391000000
87	18	3.90089607000000	3.32384157000000	80	38835.7539000000
87	-20	-4.11190557000000	4.82312012000000	278	81772.4844000000
87	8	2.60059738000000	3.18711782000000	259	35706.5039000000
87	-6	-2.25218344000000	2.89247489000000	62	29409.6758000000
87	12	3.18506837000000	6.84378338000000	41	164643.109000000
87	13	3.31512427000000	4.04722786000000	244	57579.3008000000
87	-10	-2.90755630000000	3.78067279000000	18	50244.5859000000
87	5	2.05595279000000	3.78779411000000	197	50434.0430000000
87	-23	-4.40952778000000	4.48082733000000	225	70577.6953000000
87	6	2.25218344000000	4.27298546000000	240	64182.0938000000
87	-11	-3.04947090000000	4.09308481000000	119	58891.4961000000
87	23	4.40952778000000	4.48736286000000	264	70783.7266000000
87	-13	-3.31512427000000	2.13322687000000	134	15996.5068000000
87	12	3.18506837000000	7.14896774000000	0	179654.359000000
87	-13	-3.31512427000000	5.71563196000000	246	114836.406000000
87	28	4.86527205000000	2.63721037000000	64	24447.8457000000
87	-19	-4.00779009000000	7.61906528000000	159	204058.391000000
87	21	4.21344948000000	3.63532400000000	350	46455.5195000000
87	-13	-3.31512427000000	3.90053535000000	277	53481
87	8	2.60059738000000	2.31290555000000	117	18804.7188000000
87	-17	-3.79098964000000	3.02966595000000	41	32265.6602000000
87	18	3.90089607000000	2.60719967000000	215	23894.5938000000
87	-21	-4.21344948000000	7.22352886000000	261	183421.359000000
88	21	4.21344948000000	5.85291147000000	281	123035.516000000
88	16	3.67780018000000	6.54227448000000	287	153724.844000000
88	-22	-4.31260300000000	1.03520274000000	35	3848.90625000000
88	8	2.60059738000000	4.67154264000000	336	78380.3438000000
88	-12	-3.18506837000000	3.63610005000000	312	47485.1875000000
88	5	2.05595279000000	2.94540167000000	334	31158.4297000000
88	-15	-3.56101489000000	7.39357948000000	161	196334.234000000
88	24	4.50436687000000	7.89101553000000	336	223641.469000000
88	-27	-4.77760220000000	3.30868769000000	234	39318.6094000000
88	18	3.90089607000000	2.13057160000000	227	16303.4238000000
88	-18	-3.90089607000000	4.52133560000000	261	73420.9531000000
88	18	3.90089607000000	6.09855270000000	46	133579.594000000
88	-28	-4.86527205000000	5.39051628000000	159	104363.180000000
88	22	4.31260300000000	5.41570854000000	127	105340.914000000
88	-7	-2.43263602000000	1.83541131000000	327	12099.1074000000
88	17	3.79098964000000	6.76282692000000	312	164264.266000000
88	-15	-3.56101489000000	4.84370279000000	284	84263.8984000000
88	16	3.67780018000000	6.13703346000000	113	135270.641000000
88	-18	-3.90089607000000	1.13168859000000	122	4599.81592000000
88	19	4.00779009000000	2.30659366000000	114	19108.5938000000
88	-8	-2.60059738000000	1.93761826000000	116	13484.1318000000
88	22	4.31260300000000	2.57632446000000	210	23838.9805000000
88	13	3.31512427000000	4.46254444000000	235	71523.9766000000
88	-19	-4.00779009000000	4.98773003000000	61	89349.5469000000
88	5	2.05595279000000	4.77786160000000	322	81988.6406000000
88	-26	-4.68829393000000	5.53142548000000	61	109890.625000000
88	23	4.40952778000000	7.68839073000000	240	212303.641000000
88	-17	-3.79098964000000	6.79946184000000	213	166048.750000000
88	14	3.44026709000000	4.56611824000000	27	74882.5938000000
88	-16	-3.67780018000000	2.76221490000000	80	27403.2109000000
89	7	2.43263602000000	1.54609561000000	194	8512.77441000000
89	-20	-4.11190557000000	2.23998165000000	296	17868.4707000000
89	4	1.83890009000000	2.38416886000000	58	20242.8887000000
89	-20	-4.11190557000000	3.72631407000000	117	49448.9805000000
89	8	2.60059738000000	7.18285656000000	342	183735.406000000
89	-10	-2.90755630000000	1.27523994000000	39	5791.38330000000
89	26	4.68829393000000	6.98201752000000	212	173604.234000000
89	-21	-4.21344948000000	6.78040600000000	342	163723.062000000
89	23	4.40952778000000	6.30737782000000	31	141675.969000000
89	-10	-2.90755630000000	1.12248445000000	332	4487.03174000000
89	11	3.04947090000000	1.60495210000000	216	9173.23633000000
89	-19	-4.00779009000000	4.44151068000000	128	70252.1953000000
89	24	4.50436687000000	1.49759150000000	48	7987.02783000000
89	-14	-3.44026709000000	6.03511524000000	43	129708.867000000
89	14	3.44026709000000	3.18821096000000	249	36198.6680000000
89	-14	-3.44026709000000	7.27911234000000	4	188692.797000000
89	5	2.05595279000000	2.06868768000000	191	15240.1182000000
89	-13	-3.31512427000000	7.43407583000000	197	196812.406000000
89	19	4.00779009000000	2.51650834000000	0	22552.5273000000
89	-16	-3.67780018000000	1.97410274000000	234	13878.3545000000
89	9	2.75835013000000	6.76445961000000	57	162953.891000000
89	-21	-4.21344948000000	4.29154730000000	353	65588.2812000000
89	20	4.11190557000000	1.05075383000000	65	3931.88184000000
89	-16	-3.67780018000000	7.04594803000000	121	176798
89	12	3.18506837000000	3.26696277000000	135	38009.0391000000
89	6	2.25218344000000	6.90077782000000	161	169587.781000000
89	-13	-3.31512427000000	6.39159536000000	329	145484.594000000
89	23	4.40952778000000	2.55334330000000	156	23217.5762000000
89	-4	-1.83890009000000	5.05404663000000	318	90965.5547000000
89	16	3.67780018000000	6.36382961000000	195	144223.359000000
89	-6	-2.25218344000000	4.90038633000000	73	85518.3125000000
89	21	4.21344948000000	6.80803871000000	239	165060.234000000
89	-19	-4.00779009000000	1.70288157000000	119	10326.8389000000
90	17	3.79098964000000	5.34580517000000	346	100377.391000000
90	-16	-3.67780018000000	2.95555544000000	263	30682.2930000000
90	20	4.11190557000000	3.03474116000000	256	32348.4141000000
90	-16	-3.67780018000000	3.90257978000000	198	53495
90	21	4.21344948000000	1.67763233000000	1	9885.60449000000
90	-27	-4.77760220000000	7.98824596000000	12	224136.438000000
90	20	4.11190557000000	6.46037388000000	27	146596.938000000
90	-26	-4.68829393000000	3.50128889000000	15	43059.1523000000
90	13	3.31512427000000	5.18799114000000	356	94538.3594000000
90	-19	-4.00779009000000	3.58661628000000	253	45183.4570000000
90	8	2.60059738000000	4.27716637000000	199	64257.2148000000
90	-15	-3.56101489000000	4.33185387000000	232	65910.8984000000
90	11	3.04947090000000	6.46696758000000	131	146896.344000000
90	-20	-4.11190557000000	2.32595825000000	84	19002.6211000000
90	20	4.11190557000000	5.38243198000000	304	101757.562000000
90	-24	-4.50436687000000	2.54752874000000	32	22795.4316000000
90	15	3.56101489000000	5.31960678000000	279	99395.9531000000
90	-23	-4.40952778000000	3.64308119000000	274	46617.3203000000
90	8	2.60059738000000	1.28927231000000	179	5838.46826000000
90	-14	-3.44026709000000	4.80324936000000	169	81036.3594000000
90	9	2.75835013000000	5.21760321000000	216	95620.6484000000
90	-4	-1.83890009000000	4.27936935000000	320	64323.4258000000
90	16	3.67780018000000	6.36245251000000	269	142186.641000000
90	-24	-4.50436687000000	2.74770856000000	66	26518.6191000000
90	12	3.18506837000000	2.75321436000000	34	26625.0039000000
90	-15	-3.56101489000000	4.27867985000000	21	64302.7031000000
90	20	4.11190557000000	1.78838754000000	103	11233.9609000000
90	-8	-2.60059738000000	7.43202496000000	258	194009.922000000
90	18	3.90089607000000	3.04445934000000	55	32555.9199000000
90	-12	-3.18506837000000	6.23783350000000	40	136671.266000000
90	23	4.40952778000000	1.29550409000000	75	5895.04639000000
90	-14	-3.44026709000000	4.54452705000000	142	72541.5781000000
90	5	2.05595279000000	3.87854719000000	100	52838.1680000000
91	-23	-4.40952778000000	3.75697064000000	234	50907.0898000000
91	8	2.60059738000000	4.40925026000000	164	70118.4375000000
91	-25	-4.59724998000000	5.28190041000000	16	100619.711000000
91	23	4.40952778000000	6.91374016000000	181	172396.625000000
91	-23	-4.40952778000000	7.25805569000000	135	189995.469000000
91	5	2.05595279000000	5.15232468000000	332	95743.4531000000
91	-26	-4.68829393000000	6.14338684000000	190	136118.891000000
91	11	3.04947090000000	2.90744686000000	87	30487.8105000000
91	-21	-4.21344948000000	6.47864008000000	257	151380.656000000
91	7	2.43263602000000	2.52993488000000	215	23084.5469000000
91	-23	-4.40952778000000	3.64221668000000	282	47844.7422000000
91	22	4.31260300000000	7.75524998000000	46	216917.328000000
91	-5	-2.05595279000000	3.50147581000000	352	44218.5938000000
91	22	4.31260300000000	1.30917931000000	294	6181.60059000000
91	-18	-3.90089607000000	3.38267970000000	141	41269.0430000000
91	5	2.05595279000000	6.70207787000000	143	162002.469000000
91	-17	-3.79098964000000	5.83906460000000	333	122967.188000000
91	18	3.90089607000000	5.17231512000000	339	96487.8359000000
91	-5	-2.05595279000000	6.12530231000000	207	135318.688000000
91	11	3.04947090000000	6.96355629000000	244	174889.953000000
91	-17	-3.79098964000000	4.51207447000000	282	73426.8984000000
91	12	3.18506837000000	4.44343996000000	143	71210.0469000000
91	-19	-4.00779009000000	5.90875387000000	359	125919.930000000
91	22	4.31260300000000	7.45178318000000	217	200273.297000000
91	-21	-4.21344948000000	6.13009548000000	348	135530.516000000
91	21	4.21344948000000	3.52149463000000	340	44725.6523000000
91	-20	-4.11190557000000	1.77533484000000	356	11367.4541000000
91	7	2.43263602000000	5.07635498000000	3	92940.8438000000
92	-21	-4.21344948000000	3.30361080000000	208	35725.1445000000
92	11	3.04947090000000	7.81218195000000	358	199774.906000000
92	-5	-2.05595279000000	1.34613442000000	237	5931.61719000000
92	7	2.43263602000000	1.48357081000000	137	7204.64795000000
92	-17	-3.79098964000000	1.38371539000000	8	6267.43408000000
92	24	4.50436687000000	3.12101650000000	186	31885.1426000000
92	-9	-2.75835013000000	4.94261551000000	141	79966.8359000000
92	18	3.90089607000000	2.53658223000000	120	21061.7344000000
92	-10	-2.90755630000000	3.34037066000000	166	36524.6055000000
92	24	4.50436687000000	2.61914921000000	142	22455.1875000000
92	-6	-2.25218344000000	5.06118584000000	12	83849.5703000000
92	13	3.31512427000000	7.37554312000000	316	178067.328000000
92	-18	-3.90089607000000	5.77974033000000	357	109348.516000000
92	22	4.31260300000000	2.12125063000000	35	14729.2344000000
92	-13	-3.31512427000000	1.87188244000000	42	11469.7354000000
92	19	4.00779009000000	3.74080706000000	62	45806.4727000000
92	-22	-4.31260300000000	5.77040482000000	148	108995.555000000
92	6	2.25218344000000	6.21113205000000	282	126280.930000000
92	-26	-4.68829393000000	7.51656628000000	124	184941.859000000
92	18	3.90089607000000	2.92983556000000	75	28098.4746000000
92	-26	-4.68829393000000	4.76453400000000	161	74308.2656000000
92	12	3.18506837000000	5.54667759000000	233	100707.555000000
92	-24	-4.50436687000000	5.02891397000000	105	82783.6641000000
92	10	2.90755630000000	3.98268008000000	1	51921.4805000000
92	-15	-3.56101489000000	3.90591931000000	221	49939.3359000000
92	8	2.60059738000000	1.79781032000000	59	10579.9590000000
92	-24	-4.50436687000000	4.82340860000000	311	76156.0391000000
93	20	4.11190557000000	1.03078675000000	297	3496.73853000000
93	-5	-2.05595279000000	7.44571686000000	179	182447.750000000
93	6	2.25218344000000	2.17724323000000	4	15600.5312000000
93	-22	-4.31260300000000	4.93293715000000	195	80082.3203000000
93	9	2.75835013000000	7.89555836000000	19	205159.281000000
93	-5	-2.05595279000000	2.65045834000000	217	23118.9141000000
93	10	2.90755630000000	6.27736855000000	243	129682.312000000
93	-20	-4.11190557000000	7.74431515000000	16	197374.719000000
93	9	2.75835013000000	1.70489097000000	67	9565.74219000000
93	-19	-4.00779009000000	4.11414671000000	22	55703.8281000000
93	12	3.18506837000000	1.47160292000000	223	7126.99951000000
93	-11	-3.04947090000000	3.25115132000000	239	34785.6289000000
93	11	3.04947090000000	1.12298846000000	186	4150.26709000000
93	-5	-2.05595279000000	3.08368754000000	310	31294.3711000000
93	26	4.68829393000000	7.56198597000000	101	188190.297000000
93	-10	-2.90755630000000	3.30141783000000	101	35869.5938000000
93	19	4.00779009000000	5.94878483000000	317	116461.398000000
93	-9	-2.75835013000000	1.23869705000000	297	5049.58447000000
93	25	4.59724998000000	1.80841804000000	68	10762.7471000000
93	-6	-2.25218344000000	1.08888555000000	324	3902.02417000000
93	22	4.31260300000000	3.91941762000000	3	50555.5195000000
93	-11	-3.04947090000000	4.67425299000000	20	71903.4844000000
93	19	4.00779009000000	7.19638538000000	347	170433.219000000
93	-13	-3.31512427000000	4.65761852000000	330	71392.6172000000
93	8	2.60059738000000	7.61530828000000	148	190853.641000000
93	-21	-4.21344948000000	3.51329184000000	142	40621.3125000000
93	10	2.90755630000000	3.91474795000000	155	50435.1211000000
93	-16	-3.67780018000000	3.19659567000000	357	33627.9883000000
94	4	1.83890009000000	1.20336413000000	64	4858.29688000000
94	-10	-2.90755630000000	2.94176507000000	277	29033.9336000000
94	14	3.44026709000000	2.26011729000000	198	17137.6719000000
94	-24	-4.50436687000000	4.81566620000000	64	77804.1328000000
94	25	4.59724998000000	3.92627358000000	311	51719.1094000000
94	-16	-3.67780018000000	7.88168812000000	50	208414.750000000
94	23	4.40952778000000	7.55218601000000	22	191353
94	-11	-3.04947090000000	6.59895992000000	233	146096.875000000
94	23	4.40952778000000	1.73162723000000	280	10060.0166000000
94	-4	-1.83890009000000	5.47747231000000	118	100658.453000000
94	8	2.60059738000000	3.88139772000000	171	50543.6016000000
94	-10	-2.90755630000000	2.65896821000000	64	23720.0840000000
94	8	2.60059738000000	2.27998090000000	266	17440.2344000000
94	-15	-3.56101489000000	2.66087413000000	200	23754.0996000000
94	21	4.21344948000000	6.32468987000000	281	134204.906000000
94	-8	-2.60059738000000	5.08368826000000	259	86705.7266000000
94	15	3.56101489000000	7.55857277000000	343	191676.766000000
94	-8	-2.60059738000000	1.95094299000000	138	12769.6523000000
94	8	2.60059738000000	2.50486422000000	283	21050.2988000000
94	-18	-3.90089607000000	2.26724029000000	68	17245.8652000000
94	23	4.40952778000000	5.52190256000000	92	102298.047000000
94	-14	-3.44026709000000	1.62268114000000	26	8833.97656000000
94	10	2.90755630000000	1.40796494000000	318	6650.79541000000
94	-7	-2.43263602000000	4.68923664000000	196	73772.4375000000
94	11	3.04947090000000	7.02315187000000	143	165483.234000000
94	-8	-2.60059738000000	5.13151646000000	20	88344.8828000000
94	19	4.00779009000000	6.40840340000000	185	137781.078000000
94	-5	-2.05595279000000	5.04775429000000	40	85484.2812000000
94	4	1.83890009000000	5.61385727000000	343	105733.500000000
95	-11	-3.04947090000000	7.12315559000000	272	170864.062000000
95	9	2.75835013000000	5.89409065000000	294	116987.508000000
95	-10	-2.90755630000000	5.99248075000000	131	120925.852000000
95	-16	-3.67780018000000	7.63898706000000	42	196506.734000000
95	-12	-3.18506837000000	2.45925736000000	210	20366.3789000000
95	11	3.04947090000000	5.75704956000000	149	111610.695000000
95	-23	-4.40952778000000	5.73847294000000	229	110891.578000000
95	10	2.90755630000000	1.52830148000000	233	7865.45703000000
95	-24	-4.50436687000000	4.16605711000000	104	58446.2031000000
95	11	3.04947090000000	5.93781185000000	162	118729.523000000
95	-20	-4.11190557000000	5.80715942000000	58	113562.094000000
95	18	3.90089607000000	7.95263243000000	198	212974.547000000
95	-21	-4.21344948000000	2.91802120000000	23	28673.6367000000
95	24	4.50436687000000	2.18328977000000	149	16051.9814000000
95	-15	-3.56101489000000	1.55220723000000	29	8113.44434000000
95	-21	-4.21344948000000	6.94897127000000	94	162609.875000000
95	-21	-4.21344948000000	4.36458778000000	309	64149.3672000000
95	10	2.90755630000000	3.65869069000000	0	45077.2344000000
95	-16	-3.67780018000000	4.63259649000000	162	72269.4688000000
95	11	3.04947090000000	7.07535934000000	31	168578.781000000
95	-6	-2.25218344000000	7.57271194000000	187	193111.766000000
95	5	2.05595279000000	1.59020042000000	244	8515.48828000000
95	-19	-4.00779009000000	1.51255846000000	73	7704.24707000000
95	8	2.60059738000000	5.57754993000000	257	104759.352000000
95	-13	-3.31512427000000	5.89426613000000	218	116994.469000000
95	15	3.56101489000000	1.93085241000000	201	12554.6328000000
95	-11	-3.04947090000000	7.84385681000000	14	207188.281000000
95	15	3.56101489000000	1.69944859000000	74	9725.72461000000
95	-25	-4.59724998000000	3.65582848000000	221	45006.7305000000
96	17	3.79098964000000	5.53392410000000	303	106744.078000000
96	-4	-1.83890009000000	7.66001225000000	87	204520.234000000
96	25	4.59724998000000	5.83199120000000	209	118552.609000000
96	-15	-3.56101489000000	5.30143547000000	128	97963.5156000000
96	-18	-3.90089607000000	6.24625015000000	242	135992.891000000
96	-17	-3.79098964000000	2.72694874000000	55	25919.7812000000
96	8	2.60059738000000	3.85550427000000	317	51813.1172000000
96	-10	-2.90755630000000	1.46309972000000	138	7461.48486000000
96	7	2.43263602000000	7.33657694000000	223	187613.625000000
96	-13	-3.31512427000000	1.87500834000000	253	12254.1670000000
96	24	4.50436687000000	7.26815748000000	349	184130.656000000
96	-7	-2.43263602000000	6.94777775000000	229	168255.469000000
96	12	3.18506837000000	5.31310272000000	12	98395.1875000000
96	-23	-4.40952778000000	6.32088089000000	308	139262
96	8	2.60059738000000	4.06171036000000	222	57503.6328000000
96	-20	-4.11190557000000	2.17406559000000	53	16474.8965000000
96	21	4.21344948000000	7.53423834000000	257	197859.141000000
96	-23	-4.40952778000000	5.95854139000000	159	123753.445000000
96	22	4.31260300000000	4.22994232000000	216	62365.7734000000
96	-11	-3.04947090000000	1.66061592000000	72	9612.04590000000
96	16	3.67780018000000	1.97206330000000	157	13555.6113000000
96	-17	-3.79098964000000	7.47435045000000	125	194726.172000000
96	5	2.05595279000000	7.41423893000000	257	191606.641000000
96	-21	-4.21344948000000	5.13872290000000	101	92042.3672000000
96	6	2.25218344000000	1.53854537000000	116	8250.83594000000
96	-13	-3.31512427000000	1.33472395000000	327	6209.55273000000
96	20	4.11190557000000	5.70563841000000	149	113471.258000000
96	-11	-3.04947090000000	2.68925929000000	350	25208.2559000000
96	18	3.90089607000000	7.39115620000000	100	190415.422000000
96	-15	-3.56101489000000	2.16985321000000	303	16411.1152000000
96	15	3.56101489000000	6.72625732000000	125	157697.328000000
97	-23	-4.40952778000000	6.23560715000000	64	126908.727000000
97	7	2.43263602000000	5.86212921000000	187	112161.742000000
97	-13	-3.31512427000000	7.80305624000000	312	198730.016000000
97	9	2.75835013000000	1.97898936000000	259	12782.6504000000
97	-12	-3.18506837000000	4.89033270000000	123	78056.8125000000
97	14	3.44026709000000	5.83528614000000	294	111136.906000000
97	-24	-4.50436687000000	4.65391731000000	53	70692.1641000000
97	25	4.59724998000000	1.40823531000000	214	6472.68457000000
97	-14	-3.44026709000000	2.21570373000000	144	16023.4990000000
97	7	2.43263602000000	7.34984016000000	134	176315.188000000
97	-19	-4.00779009000000	7.78126669000000	352	197621.688000000
97	15	3.56101489000000	6.75735283000000	56	149034.625000000
97	-23	-4.40952778000000	3.83995152000000	179	48126.6289000000
97	17	3.79098964000000	6.06782150000000	269	120170.961000000
97	-12	-3.18506837000000	6.89443398000000	124	155142.656000000
97	20	4.11190557000000	4.77060366000000	187	74281.5000000000
97	-25	-4.59724998000000	2.54105663000000	329	21074.7598000000
97	11	3.04947090000000	1.55697536000000	125	7912.20410000000
97	-12	-3.18506837000000	3.10429716000000	19	31452.8906000000
97	25	4.59724998000000	3.92941451000000	183	50395.2578000000
97	-22	-4.31260300000000	4.68701553000000	160	71701.2578000000
97	6	2.25218344000000	4.68871784000000	58	71753.3438000000
97	-6	-2.25218344000000	5.29076242000000	76	91363.0312000000
97	6	2.25218344000000	1.87132835000000	104	11429.6777000000
97	-21	-4.21344948000000	1.43608475000000	290	6731.22559000000
97	21	4.21344948000000	1.28330755000000	18	5375.20996000000
97	-21	-4.21344948000000	2.57720733000000	268	21678.6719000000
98	12	3.18506837000000	7.12662220000000	214	175329.266000000
98	-11	-3.04947090000000	1.15787911000000	127	4628.21338000000
98	7	2.43263602000000	1.50166368000000	90	7784.52686000000
98	-9	-2.75835013000000	4.48472786000000	253	69431.9062000000
98	6	2.25218344000000	6.84021854000000	81	161520.219000000
98	-4	-1.83890009000000	3.56155896000000	105	43789.2148000000
98	6	2.25218344000000	3.13009214000000	118	33822.1484000000
98	-19	-4.00779009000000	3.47889519000000	325	41780.1133000000
98	19	4.00779009000000	6.81515503000000	355	160338.703000000
98	-5	-2.05595279000000	2.31658554000000	118	18526.0820000000
98	16	3.67780018000000	1.87094283000000	200	12083.9229000000
98	-24	-4.50436687000000	1.96010876000000	323	13263.1680000000
98	16	3.67780018000000	2.55128217000000	292	22470.0430000000
98	-16	-3.67780018000000	5.41972399000000	148	101400.773000000
98	25	4.59724998000000	6.32306242000000	247	138019.953000000
98	-16	-3.67780018000000	5.71068001000000	197	112580.336000000
98	5	2.05595279000000	3.40918231000000	221	40122.4414000000
98	-9	-2.75835013000000	4.13477325000000	3	59018.7930000000
98	12	3.18506837000000	5.15705776000000	236	91810.1875000000
98	-9	-2.75835013000000	1.67477012000000	344	9682.71777000000
98	9	2.75835013000000	1.88518882000000	157	12268.6455000000
98	-21	-4.21344948000000	3.38386464000000	269	39528.7305000000
98	25	4.59724998000000	5.62158966000000	89	109095.086000000
98	-10	-2.90755630000000	4.05515337000000	39	56767.7188000000
98	6	2.25218344000000	3.97065544000000	176	54426.6133000000
98	-4	-1.83890009000000	4.80942154000000	39	79849.5703000000
98	18	3.90089607000000	3.94810653000000	159	53810.2031000000
98	-16	-3.67780018000000	3.83497310000000	177	50770.5117000000
98	18	3.90089607000000	6.41269207000000	5	141960.547000000
98	-15	-3.56101489000000	7.12996864000000	61	175493.953000000
99	12	3.18506837000000	1.39869404000000	271	6310.87695000000
99	-23	-4.40952778000000	2.86029291000000	110	26391.5742000000
99	22	4.31260300000000	4.95557785000000	8	79219.6484000000
99	-6	-2.25218344000000	3.41777897000000	303	37681.8516000000
99	8	2.60059738000000	1.62500763000000	85	8518.34277000000
99	-22	-4.31260300000000	5.51331091000000	150	98054.8984000000
99	14	3.44026709000000	4.24300289000000	77	58075.2344000000
99	-24	-4.50436687000000	4.15450668000000	50	55677.9531000000
99	6	2.25218344000000	7.80178642000000	320	196350.688000000
99	-16	-3.67780018000000	1.64559889000000	350	8735.58984000000
99	7	2.43263602000000	1.58358979000000	24	8089.64893000000
99	-13	-3.31512427000000	2.40185952000000	4	18609.7051000000
99	7	2.43263602000000	7.07156563000000	129	161315.250000000
99	-12	-3.18506837000000	6.82564402000000	299	150290.516000000
99	7	2.43263602000000	3.60203886000000	183	41854.3984000000
99	-18	-3.90089607000000	4.48840094000000	88	64987.1680000000
99	13	3.31512427000000	5.57576227000000	209	100288.891000000
99	-18	-3.90089607000000	3.83894849000000	291	47541.0547000000
99	10	2.90755630000000	3.22994423000000	272	33653.8203000000
99	-14	-3.44026709000000	1.68242717000000	25	9130.96875000000
99	16	3.67780018000000	4.56787872000000	32	67309.0391000000
99	-20	-4.11190557000000	4.34638309000000	297	60939.6953000000
99	8	2.60059738000000	5.67215824000000	321	103786.516000000
99	-9	-2.75835013000000	6.96101427000000	264	156310.938000000
99	8	2.60059738000000	3.77779722000000	100	46038.5430000000
100	-16	-3.67780018000000	4.44806767000000	217	69687.4375000000
100	16	3.67780018000000	6.70160389000000	73	158186.422000000
100	-13	-3.31512427000000	4.88834190000000	227	84165.6484000000
100	5	2.05595279000000	7.38025618000000	112	191846.812000000
100	-4	-1.83890009000000	7.99014330000000	214	224864.469000000
100	10	2.90755630000000	3.33968639000000	130	39284.6719000000
100	-19	-4.00779009000000	5.13602591000000	336	92910.7891000000
100	22	4.31260300000000	5.21460056000000	125	95775.3594000000
100	-12	-3.18506837000000	2.80063367000000	254	27626.4043000000
100	22	4.31260300000000	3.25342774000000	226	37281.5625000000
100	-9	-2.75835013000000	4.38366556000000	75	67684.0938000000
100	8	2.60059738000000	2.29012966000000	26	18472.7617000000
100	-12	-3.18506837000000	5.23333645000000	354	96464.8281000000
100	20	4.11190557000000	2.69755054000000	124	25630.1367000000
100	-6	-2.25218344000000	6.74911499000000	234	160437.312000000
100	15	3.56101489000000	5.38538933000000	2	102151.781000000
100	-15	-3.56101489000000	3.25917053000000	114	37413.2891000000
100	20	4.11190557000000	2.88386321000000	320	29292.8145000000
100	-17	-3.79098964000000	2.10707474000000	307	15637.6553000000
100	14	3.44026709000000	1.61832523000000	11	9224.51074000000
100	-20	-4.11190557000000	5.20058537000000	274	95261.2344000000
100	17	3.79098964000000	5.24275064000000	129	96812.2031000000
100	-15	-3.56101489000000	6.93126392000000	1	169214.109000000
100	11	3.04947090000000	7.77516174000000	130	212926.922000000
100	-19	-4.00779009000000	2.16845131000000	210	16561.9355000000
100	7	2.43263602000000	4.17535114000000	303	61404.1523000000
101	-6	-2.25218344000000	1.14350963000000	193	4460.46533000000
101	15	3.56101489000000	4.97231722000000	338	84336.9922000000
101	-15	-3.56101489000000	4.75097561000000	316	76995.6406000000
101	18	3.90089607000000	1.66011691000000	43	9401.08203000000
101	-16	-3.67780018000000	7.59977245000000	267	197016.062000000
101	9	2.75835013000000	1.39933324000000	197	6679.48193000000
101	-19	-4.00779009000000	6.59840107000000	311	148517.609000000
101	6	2.25218344000000	6.32549763000000	100	136486.562000000
101	-11	-3.04947090000000	4.65525389000000	341	73924.3047000000
101	5	2.05595279000000	2.86931181000000	45	28083.8066000000
101	-6	-2.25218344000000	2.53926587000000	41	21994.6406000000
101	4	1.83890009000000	6.44293022000000	184	141601.344000000
101	-7	-2.43263602000000	4.34382629000000	351	64364.3477000000
101	19	4.00779009000000	4.70564890000000	23	75533.4922000000
101	-10	-2.90755630000000	2.84485531000000	17	27607.1055000000
101	9	2.75835013000000	4.49392176000000	219	68889.2578000000
101	-20	-4.11190557000000	7.35926247000000	165	184743.469000000
101	8	2.60059738000000	5.14953089000000	130	90455.6719000000
101	-6	-2.25218344000000	1.18105388000000	217	4758.16943000000
101	14	3.44026709000000	5.98971176000000	132	122380.531000000
101	-9	-2.75835013000000	3.09707069000000	290	32719.2012000000
101	9	2.75835013000000	1.48842573000000	283	7557.09424000000
101	-9	-2.75835013000000	5.98217678000000	234	122072.820000000
101	6	2.25218344000000	2.46474981000000	347	20722.6934000000
101	-14	-3.44026709000000	7.05872011000000	291	169962.219000000
101	6	2.25218344000000	7.92512846000000	225	214246.188000000
102	-23	-4.40952778000000	2.63774943000000	306	22840.0879000000
102	20	4.11190557000000	2.67796898000000	81	23541.9102000000
102	-22	-4.31260300000000	6.65203190000000	87	145257.766000000
102	17	3.79098964000000	4.72689629000000	100	73347.0781000000
102	-10	-2.90755630000000	2.96085596000000	348	28778.3047000000
102	8	2.60059738000000	1.11546159000000	96	4084.50977000000
102	-17	-3.79098964000000	2.58098745000000	139	21867.6680000000
102	7	2.43263602000000	7.66112709000000	133	192670.859000000
102	-7	-2.43263602000000	3.57971525000000	210	42065.6562000000
102	17	3.79098964000000	7.28527069000000	242	174229.656000000
102	-6	-2.25218344000000	7.54893303000000	276	187069.016000000
102	5	2.05595279000000	7.93736649000000	309	206815.703000000
102	-4	-1.83890009000000	5.33096504000000	133	93291.5547000000
102	6	2.25218344000000	5.55974579000000	205	101470.672000000
102	-7	-2.43263602000000	7.64475632000000	133	191848.297000000
102	8	2.60059738000000	1.43421888000000	334	6752.45264000000
102	-20	-4.11190557000000	4.91929865000000	24	79439.6016000000
102	21	4.21344948000000	2.65351582000000	161	23113.9414000000
102	-9	-2.75835013000000	1.66563773000000	332	9107.34375000000
102	11	3.04947090000000	2.38584948000000	134	18686.0176000000
102	-13	-3.31512427000000	3.98584771000000	314	52152.1328000000
102	8	2.60059738000000	1.14366150000000	257	4293.64014000000
102	-17	-3.79098964000000	7.52867603000000	253	186066.391000000
102	17	3.79098964000000	3.46486783000000	150	39409.7773000000
102	-4	-1.83890009000000	2.04892755000000	217	13781.0996000000
102	19	4.00779009000000	4.32696342000000	33	61460.6523000000
103	-8	-2.60059738000000	1.29315758000000	180	5771.29004000000
103	4	1.83890009000000	7.11326742000000	243	174625.750000000
103	-21	-4.21344948000000	7.69667053000000	4	204444.672000000
103	8	2.60059738000000	5.95318413000000	262	122311.891000000
103	-18	-3.90089607000000	5.17153549000000	187	92301.5625000000
103	7	2.43263602000000	7.01863766000000	104	170010.453000000
103	-5	-2.05595279000000	6.26050949000000	15	135266.234000000
103	21	4.21344948000000	4.39110088000000	320	66545.2188000000
103	-16	-3.67780018000000	1.24051118000000	99	5310.93994000000
103	5	2.05595279000000	4.27160549000000	17	62972.6953000000
103	-15	-3.56101489000000	1.88162231000000	85	12218.9795000000
103	22	4.31260300000000	6.45221233000000	61	143677.016000000
103	-22	-4.31260300000000	6.35744905000000	42	139487.656000000
103	21	4.21344948000000	2.67040873000000	230	24610.7871000000
103	-11	-3.04947090000000	5.57737923000000	305	107357
103	10	2.90755630000000	3.04448104000000	290	31988.6992000000
103	-14	-3.44026709000000	6.60220623000000	186	150434.750000000
103	7	2.43263602000000	7.30030632000000	80	183929.844000000
103	-23	-4.40952778000000	1.26151299000000	32	5492.29053000000
103	7	2.43263602000000	7.25273991000000	29	181540.781000000
103	-18	-3.90089607000000	6.80124283000000	18	159641.797000000
103	23	4.40952778000000	6.49208832000000	249	145458.422000000
103	-7	-2.43263602000000	4.53809643000000	199	71075.1016000000
104	16	3.67780018000000	7.81836367000000	264	189267.578000000
104	-17	-3.79098964000000	7.26082230000000	24	163236.062000000
104	22	4.31260300000000	2.64948201000000	258	21735.3418000000
104	-5	-2.05595279000000	3.84960794000000	100	45885.7188000000
104	19	4.00779009000000	7.37548161000000	274	168432.250000000
104	-7	-2.43263602000000	4.73225975000000	319	69339.6562000000
104	12	3.18506837000000	2.10368514000000	217	13702.6953000000
104	-13	-3.31512427000000	7.65555954000000	162	181467.297000000
104	6	2.25218344000000	1.00715137000000	279	3140.75464000000
104	-13	-3.31512427000000	2.20335031000000	352	15031.8203000000
104	10	2.90755630000000	2.71363401000000	88	22800.6426000000
104	-11	-3.04947090000000	4.06513214000000	315	51167.4570000000
104	11	3.04947090000000	3.67612934000000	140	41843.3203000000
104	-16	-3.67780018000000	3.73357725000000	4	43161.3281000000
104	18	3.90089607000000	3.24948573000000	70	32694.4336000000
104	-22	-4.31260300000000	1.11086369000000	229	3820.90332000000
104	19	4.00779009000000	2.29544187000000	11	16314.6250000000
104	-4	-1.83890009000000	3.50399590000000	10	38016.4648000000
104	21	4.21344948000000	1.66653728000000	130	8599.52637000000
104	-14	-3.44026709000000	3.51817346000000	226	38324.7227000000
104	12	3.18506837000000	1.95691109000000	196	11857.3242000000
104	-11	-3.04947090000000	4.81215191000000	323	71700.6641000000
105	17	3.79098964000000	7.85200119000000	284	206553.375000000
105	-14	-3.44026709000000	5.58224106000000	60	104397.172000000
105	16	3.67780018000000	7.73048782000000	42	200209.828000000
105	-11	-3.04947090000000	7.32763815000000	69	179886.906000000
105	13	3.31512427000000	5.61754560000000	268	105721.852000000
105	-22	-4.31260300000000	6.11043406000000	263	125088.008000000
105	19	4.00779009000000	2.08443570000000	9	14556.2188000000
105	-19	-4.00779009000000	6.13752079000000	172	126199.477000000
105	9	2.75835013000000	2.32401061000000	123	18094.5508000000
105	-19	-4.00779009000000	7.67017269000000	256	197097.828000000
105	5	2.05595279000000	1.60907435000000	183	8674.08691000000
105	-17	-3.79098964000000	3.72976708000000	241	46605.2617000000
105	15	3.56101489000000	2.21282482000000	30	16404.5996000000
105	-22	-4.31260300000000	7.96146584000000	94	212352.625000000
105	10	2.90755630000000	4.36315250000000	176	63778.2148000000
105	-5	-2.05595279000000	7.53002596000000	221	189961.047000000
105	6	2.25218344000000	5.15790224000000	29	89128.7422000000
105	-13	-3.31512427000000	1.88945293000000	223	11960.3457000000
105	18	3.90089607000000	5.05059338000000	200	85458.7188000000
105	-4	-1.83890009000000	4.32832718000000	229	62764.1602000000
105	19	4.00779009000000	3.21694493000000	171	34670.3984000000
106	-15	-3.56101489000000	7.21393871000000	66	167835.031000000
106	4	1.83890009000000	5.68761921000000	202	104327.477000000
106	-15	-3.56101489000000	7.82884312000000	18	197666.406000000
106	16	3.67780018000000	1.38444138000000	332	6181.39941000000
106	-12	-3.18506837000000	1.32855558000000	302	5692.42236000000
106	22	4.31260300000000	7.05840969000000	123	160676.141000000
106	-18	-3.90089607000000	2.69571972000000	198	23436.1992000000
106	14	3.44026709000000	3.98154354000000	101	51125.8555000000
106	-18	-3.90089607000000	5.82499695000000	165	109428.156000000
106	3	1.59253418000000	6.72418499000000	245	145819.969000000
106	-9	-2.75835013000000	6.37973595000000	240	131263.234000000
106	12	3.18506837000000	6.24965286000000	319	125964.875000000
106	-22	-4.31260300000000	3.93788934000000	332	50010.8984000000
106	11	3.04947090000000	7.11219931000000	307	163134.375000000
106	-6	-2.25218344000000	3.74726748000000	91	45286.3281000000
106	7	2.43263602000000	2.34989071000000	353	17808.7305000000
106	-10	-2.90755630000000	1.63413668000000	147	8612.20605000000
106	19	4.00779009000000	4.95627689000000	17	79222.5391000000
106	-14	-3.44026709000000	1.17433143000000	256	4447.53174000000
106	6	2.25218344000000	5.00729799000000	58	80862.0078000000
106	-14	-3.44026709000000	4.67136383000000	185	70376.0703000000
106	19	4.00779009000000	7.62897348000000	288	187702.406000000
106	-4	-1.83890009000000	2.18106341000000	86	15341.7275000000
106	12	3.18506837000000	6.16063213000000	320	122401.922000000
106	-18	-3.90089607000000	5.75082636000000	352	106659.180000000
107	10	2.90755630000000	6.15305710000000	348	135182.375000000
107	-11	-3.04947090000000	4.44240856000000	78	70465.2812000000
107	9	2.75835013000000	2.56844711000000	173	23554.7988000000
107	-8	-2.60059738000000	6.90839100000000	213	170408.781000000
107	21	4.21344948000000	1.33250093000000	312	6339.76611000000
107	-9	-2.75835013000000	3.36430144000000	169	40413.6406000000
107	13	3.31512427000000	5.83217669000000	213	121450.570000000
107	-15	-3.56101489000000	1.41018629000000	253	7100.53662000000
107	6	2.25218344000000	7.02876616000000	92	176399.094000000
107	-8	-2.60059738000000	1.49500465000000	24	7980.37451000000
107	21	4.21344948000000	4.56765509000000	280	74494.6094000000
107	-22	-4.31260300000000	7.60130930000000	242	206307.484000000
107	13	3.31512427000000	6.20977545000000	166	137686.047000000
107	-21	-4.21344948000000	5.70223713000000	356	116099.062000000
107	12	3.18506837000000	1.51666903000000	124	8213.33984000000
107	-3	-1.59253418000000	4.66962147000000	102	77857.7031000000
107	8	2.60059738000000	6.35176277000000	167	144054.453000000
107	-22	-4.31260300000000	5.09859180000000	313	92819.3750000000
107	21	4.21344948000000	6.03594112000000	163	130085.289000000
107	-3	-1.59253418000000	3.07402110000000	55	33740.5234000000
107	3	1.59253418000000	6.09512138000000	263	132648.672000000
107	-4	-1.83890009000000	3.72190642000000	238	49461.7031000000
107	21	4.21344948000000	3.09223747000000	249	34141.5977000000
107	-6	-2.25218344000000	4.26321030000000	221	64895.0625000000
107	13	3.31512427000000	7.80709839000000	224	217629.359000000
107	-21	-4.21344948000000	6.92206478000000	351	171084.047000000
107	9	2.75835013000000	7.15361547000000	90	182721.375000000
108	-9	-2.75835013000000	6.83006859000000	45	143866.328000000
108	10	2.90755630000000	7.96148443000000	14	195477.656000000
108	-5	-2.05595279000000	4.69191551000000	223	67890.5703000000
108	21	4.21344948000000	3.03789210000000	208	28461.2324000000
108	-12	-3.18506837000000	7.87067318000000	294	191043.734000000
108	15	3.56101489000000	4.40554523000000	319	59856.0938000000
108	-12	-3.18506837000000	6.00393486000000	324	111168.305000000
108	14	3.44026709000000	4.14686775000000	258	53033.3984000000
108	-21	-4.21344948000000	5.42013788000000	168	90600.3125000000
108	13	3.31512427000000	6.28410149000000	100	121785.461000000
108	-13	-3.31512427000000	1.89173937000000	268	11036.5068000000
108	10	2.90755630000000	1.47332358000000	260	6694.30225000000
108	-16	-3.67780018000000	4.15621042000000	104	53272.6211000000
108	13	3.31512427000000	1.45209813000000	303	6502.80908000000
108	-11	-3.04947090000000	4.41970253000000	30	60241.4062000000
108	4	1.83890009000000	5.96636677000000	185	109781.438000000
108	-18	-3.90089607000000	2.74444747000000	289	23228.3770000000
108	5	2.05595279000000	3.94101691000000	228	47898.9102000000
108	-21	-4.21344948000000	3.69636178000000	138	42136.4531000000
109	14	3.44026709000000	7.75744438000000	217	199066.188000000
109	-16	-3.67780018000000	5.39089489000000	300	96135.0859000000
109	15	3.56101489000000	4.77976131000000	344	75574.0312000000
109	-5	-2.05595279000000	2.44552875000000	61	19783.6191000000
109	18	3.90089607000000	6.00859594000000	299	119428.008000000
109	-5	-2.05595279000000	5.49172831000000	89	99765.0156000000
109	15	3.56101489000000	5.47997093000000	183	99338.2969000000
109	-13	-3.31512427000000	3.88884783000000	172	50026.7266000000
109	7	2.43263602000000	1.87149191000000	33	11586.0684000000
109	-10	-2.90755630000000	4.17646456000000	8	57700.2578000000
109	17	3.79098964000000	5.84521294000000	60	113021.445000000
109	-15	-3.56101489000000	3.51395774000000	246	40846.3438000000
109	16	3.67780018000000	1.09436464000000	353	3961.72485000000
109	-6	-2.25218344000000	5.00775862000000	348	82955.8359000000
109	17	3.79098964000000	5.40387917000000	18	96598.7344000000
109	-14	-3.44026709000000	6.01596260000000	174	119721.031000000
109	20	4.11190557000000	3.28423619000000	31	35680.3398000000
109	-7	-2.43263602000000	4.16017246000000	78	57250.9688000000
109	5	2.05595279000000	5.04352713000000	228	84145.1094000000
109	-14	-3.44026709000000	4.58082294000000	57	69414.0234000000
109	10	2.90755630000000	4.89958525000000	261	79410.6641000000
109	-21	-4.21344948000000	7.33963108000000	275	178200.406000000
109	7	2.43263602000000	4.19172859000000	61	58122.7969000000
110	-18	-3.90089607000000	3.39123464000000	319	37499.2578000000
110	8	2.60059738000000	3.48487830000000	123	39598.8203000000
110	-20	-4.11190557000000	2.36311030000000	62	18208.5332000000
110	14	3.44026709000000	6.81986952000000	171	151655.844000000
110	-4	-1.83890009000000	4.55054522000000	356	67520.2188000000
110	12	3.18506837000000	7.01812172000000	285	160601.188000000
110	-21	-4.21344948000000	4.59627247000000	114	68884.0156000000
110	16	3.67780018000000	5.56197166000000	355	100870.578000000
110	-6	-2.25218344000000	3.07933664000000	317	30918.7070000000
110	18	3.90089607000000	4.43250847000000	95	64062.8281000000
110	-12	-3.18506837000000	4.18207550000000	310	57028.3398000000
110	4	1.83890009000000	2.15227437000000	255	15104.3574000000
110	-7	-2.43263602000000	5.28575706000000	306	91100.6172000000
110	5	2.05595279000000	1.73354650000000	185	9798.91406000000
110	-11	-3.04947090000000	2.73622465000000	103	24412.4004000000
110	4	1.83890009000000	5.73117971000000	352	107101.383000000
110	-5	-2.05595279000000	4.94280720000000	242	79662.5703000000
110	21	4.21344948000000	5.76969337000000	167	108545.656000000
110	-11	-3.04947090000000	1.25834203000000	47	5163.02686000000
110	14	3.44026709000000	2.95577574000000	219	28487.2129000000
110	-20	-4.11190557000000	6.72393417000000	277	147419.141000000
110	9	2.75835013000000	2.18515563000000	25	15569.3955000000
111	-4	-1.83890009000000	4.91440868000000	299	83789.2031000000
111	18	3.90089607000000	4.48743153000000	305	69862.0312000000
111	-15	-3.56101489000000	3.28074479000000	244	37341.3828000000
111	8	2.60059738000000	1.48254108000000	198	7625.33643000000
111	-11	-3.04947090000000	5.07918215000000	322	89502.0781000000
111	8	2.60059738000000	1.83685327000000	257	11705.6211000000
111	-12	-3.18506837000000	3.01694870000000	281	31577.7656000000
111	7	2.43263602000000	5.86914158000000	222	119507.367000000
111	-10	-2.90755630000000	6.67625475000000	107	154636.250000000
111	15	3.56101489000000	5.81542206000000	101	117329.703000000
111	-21	-4.21344948000000	6.82728291000000	156	161711.656000000
111	14	3.44026709000000	3.14898777000000	95	34402.3008000000
111	-8	-2.60059738000000	6.06513405000000	342	127622.234000000
111	11	3.04947090000000	3.72021580000000	160	48015.5352000000
111	-16	-3.67780018000000	2.68593812000000	31	25028.6562000000
111	7	2.43263602000000	7.57426453000000	317	199033.625000000
111	-8	-2.60059738000000	6.68705606000000	306	155137.031000000
111	21	4.21344948000000	5.37328911000000	309	100167.289000000
111	-4	-1.83890009000000	2.90109158000000	268	29199.0273000000
111	10	2.90755630000000	4.66886044000000	222	75625.3281000000
111	-12	-3.18506837000000	7.56312418000000	354	198448.578000000
111	6	2.25218344000000	1.43356466000000	129	7129.84521000000
111	-16	-3.67780018000000	7.93723488000000	71	218566.719000000
111	7	2.43263602000000	3.11920238000000	191	33754.5781000000
111	-8	-2.60059738000000	2.45466447000000	234	20904.0195000000
111	6	2.25218344000000	5.55828381000000	78	107183.258000000
112	-13	-3.31512427000000	4.07233667000000	166	56632.5273000000
112	15	3.56101489000000	5.76693630000000	137	113571.375000000
112	-15	-3.56101489000000	3.91162372000000	322	52250.7734000000
112	15	3.56101489000000	6.66891670000000	349	151876
112	-17	-3.79098964000000	1.50140333000000	232	7697.91895000000
112	7	2.43263602000000	7.10437202000000	164	172357.406000000
112	-10	-2.90755630000000	5.19249725000000	215	92072.7578000000
112	20	4.11190557000000	2.30756831000000	151	18183.9277000000
112	-5	-2.05595279000000	4.32045650000000	34	63743.7852000000
112	6	2.25218344000000	3.91825438000000	239	52428.0664000000
112	-5	-2.05595279000000	6.11024046000000	201	127495.578000000
112	5	2.05595279000000	5.82124710000000	141	115720.586000000
112	-18	-3.90089607000000	6.71983051000000	119	154203.859000000
112	4	1.83890009000000	3.19613338000000	271	34884.1719000000
112	-7	-2.43263602000000	7.41496849000000	197	187757.453000000
112	14	3.44026709000000	3.37496924000000	62	38897.1836000000
112	-13	-3.31512427000000	3.13494539000000	283	33561.2773000000
112	9	2.75835013000000	1.05418348000000	264	3794.99316000000
112	-20	-4.11190557000000	1.67549610000000	176	9586.61719000000
112	9	2.75835013000000	7.08533287000000	258	171434.844000000
112	-11	-3.04947090000000	7.19644833000000	250	176854.047000000
112	5	2.05595279000000	5.73369789000000	187	112265.977000000
112	-7	-2.43263602000000	5.27195168000000	354	94912.0547000000
113	12	3.18506837000000	7.71146202000000	234	194023.859000000
113	-13	-3.31512427000000	2.55598688000000	96	21315.6680000000
113	18	3.90089607000000	7.49513721000000	355	183290.891000000
113	-8	-2.60059738000000	6.77772903000000	167	149882.203000000
113	20	4.11190557000000	3.29422641000000	356	35406.9570000000
113	-3	-1.59253418000000	4.08549976000000	359	54459.3047000000
113	18	3.90089607000000	2.99569154000000	14	29280.3242000000
113	-7	-2.43263602000000	5.59130669000000	133	102001.914000000
113	19	4.00779009000000	6.11633015000000	24	122057.250000000
113	-7	-2.43263602000000	3.18684745000000	263	33136.3203000000
113	20	4.11190557000000	5.34825897000000	78	93326.8359000000
113	-7	-2.43263602000000	2.18939304000000	120	15639.7256000000
113	19	4.00779009000000	6.13152122000000	42	122664.297000000
113	-5	-2.05595279000000	6.47978020000000	63	136994.234000000
113	-9	-2.75835013000000	7.67238235000000	251	192062.312000000
113	-12	-3.18506837000000	3.73439670000000	67	45501.1719000000
113	3	1.59253418000000	3.01235914000000	304	29607.0527000000
113	-10	-2.90755630000000	5.73129463000000	343	107173.445000000
113	8	2.60059738000000	6.90025997000000	50	155350.484000000
113	-8	-2.60059738000000	4.68588734000000	330	71641.6172000000
113	13	3.31512427000000	6.70547581000000	214	146703.656000000
114	-17	-3.79098964000000	6.94027138000000	319	170142.156000000
114	19	4.00779009000000	5.13768291000000	244	93238.1328000000
114	-19	-4.00779009000000	5.06724739000000	182	90699.1484000000
114	18	3.90089607000000	4.24337006000000	312	63603.4688000000
114	-4	-1.83890009000000	3.34176755000000	79	39446.7695000000
114	19	4.00779009000000	5.10480881000000	151	92048.7578000000
114	-12	-3.18506837000000	5.52274513000000	322	107738.023000000
114	18	3.90089607000000	1.78378296000000	75	11239.3965000000
114	-5	-2.05595279000000	7.06567097000000	97	176346.078000000
114	5	2.05595279000000	5.75966501000000	347	117180
114	5	2.05595279000000	7.96579552000000	314	224138.969000000
114	-15	-3.56101489000000	7.13077784000000	294	179610.938000000
114	14	3.44026709000000	7.99973488000000	27	226052.953000000
114	-18	-3.90089607000000	3.54234123000000	19	44324.0898000000
114	18	3.90089607000000	2.15354443000000	184	16381.9902000000
114	-7	-2.43263602000000	5.63224220000000	188	112052.531000000
114	13	3.31512427000000	1.10300970000000	187	4297.51758000000
114	-3	-1.59253418000000	3.29735398000000	54	38405.2070000000
114	12	3.18506837000000	7.63520193000000	12	205920.719000000
114	-20	-4.11190557000000	1.84498596000000	154	12023.8936000000
114	9	2.75835013000000	6.70207644000000	355	158663.766000000
114	-19	-4.00779009000000	5.82542229000000	225	119870.906000000
114	12	3.18506837000000	6.90195084000000	9	168268.453000000
115	-20	-4.11190557000000	5.10522556000000	148	89535.2969000000
115	8	2.60059738000000	5.53637695000000	123	105296.930000000
115	-16	-3.67780018000000	6.89877987000000	74	163496.688000000
115	13	3.31512427000000	7.79757881000000	236	208873.781000000
115	-11	-3.04947090000000	7.90998793000000	340	214939.375000000
115	6	2.25218344000000	7.19058228000000	357	177620.266000000
115	-6	-2.25218344000000	5.11645937000000	206	89929.7656000000
115	16	3.67780018000000	5.35177708000000	231	98392.1484000000
115	-13	-3.31512427000000	5.33121395000000	164	97637.4844000000
115	12	3.18506837000000	2.73361778000000	18	25670.8301000000
115	-9	-2.75835013000000	3.93101335000000	295	53085.1953000000
115	3	1.59253418000000	3.55299234000000	344	43366.3555000000
115	-11	-3.04947090000000	6.16250467000000	146	130460.469000000
115	16	3.67780018000000	2.21613431000000	7	16871.6113000000
115	-20	-4.11190557000000	7.57033920000000	305	196877.047000000
115	11	3.04947090000000	3.70307755000000	65	47107.4922000000
115	-17	-3.79098964000000	1.64913535000000	346	9342.79883000000
115	17	3.79098964000000	5.03056145000000	80	86935.5312000000
115	-5	-2.05595279000000	3.66231728000000	78	46076.1641000000
115	3	1.59253418000000	2.57431173000000	225	22765.9941000000
115	-9	-2.75835013000000	7.47489786000000	342	191944.156000000
116	17	3.79098964000000	2.62473345000000	303	22031.3398000000
116	-9	-2.75835013000000	7.91085052000000	271	200132.125000000
116	15	3.56101489000000	7.68439198000000	341	188838.031000000
116	-14	-3.44026709000000	2.57707715000000	236	21238.5723000000
116	9	2.75835013000000	4.96005726000000	205	78676.2812000000
116	-9	-2.75835013000000	1.68352532000000	83	9063.78906000000
116	7	2.43263602000000	2.03592658000000	153	13255.4570000000
116	-6	-2.25218344000000	2.82735825000000	357	25564.1973000000
116	16	3.67780018000000	4.41865301000000	302	62438.1836000000
116	-9	-2.75835013000000	2.30896688000000	296	17049.2734000000
116	5	2.05595279000000	6.81603098000000	317	148570.844000000
116	-18	-3.90089607000000	3.03818917000000	208	29518.8965000000
116	7	2.43263602000000	5.87042332000000	118	110207.039000000
116	-12	-3.18506837000000	7.21689463000000	120	166560.203000000
116	7	2.43263602000000	6.37433338000000	286	129939.156000000
116	-12	-3.18506837000000	6.44524479000000	83	132846.266000000
116	7	2.43263602000000	1.24548292000000	232	4960.73535000000
116	-6	-2.25218344000000	3.85693955000000	72	47572.5117000000
116	5	2.05595279000000	4.59209347000000	357	67436.0156000000
116	-12	-3.18506837000000	5.33585835000000	108	91049.8125000000
116	19	4.00779009000000	3.79633737000000	84	46089.2969000000
116	-12	-3.18506837000000	1.05358267000000	135	3549.83130000000
117	12	3.18506837000000	5.58587456000000	10	94582.8516000000
117	-9	-2.75835013000000	5.80500126000000	297	102149.133000000
117	9	2.75835013000000	6.66036654000000	287	134470.297000000
117	-9	-2.75835013000000	4.78067398000000	5	69280.0703000000
117	8	2.60059738000000	3.80652285000000	114	43922.4922000000
117	-13	-3.31512427000000	4.25075340000000	249	54772.4141000000
117	11	3.04947090000000	1.43652201000000	40	6255.39355000000
117	-19	-4.00779009000000	1.64285016000000	114	8181.36914000000
117	11	3.04947090000000	4.39936161000000	218	58669.0977000000
117	-17	-3.79098964000000	7.10255957000000	204	152918.422000000
117	18	3.90089607000000	2.72673512000000	354	22538.0273000000
117	-17	-3.79098964000000	7.23889923000000	112	158845.578000000
117	11	3.04947090000000	5.19351053000000	334	81762.1094000000
117	-4	-1.83890009000000	5.33916473000000	171	86412.5312000000
117	8	2.60059738000000	3.35579491000000	47	34136.6484000000
117	-15	-3.56101489000000	2.86391449000000	340	24862.8086000000
118	5	2.05595279000000	2.81297874000000	258	24676.4551000000
118	-18	-3.90089607000000	7.76072550000000	314	187825.500000000
118	16	3.67780018000000	4.54089212000000	210	64303.1523000000
118	-12	-3.18506837000000	5.79609108000000	55	104765.992000000
118	17	3.79098964000000	3.91338611000000	308	47759.0117000000
118	-16	-3.67780018000000	1.30671930000000	48	5324.93799000000
118	17	3.79098964000000	4.05592775000000	162	51301.5352000000
118	-18	-3.90089607000000	2.98867702000000	125	27855.3027000000
118	3	1.59253418000000	6.71547985000000	52	140638.422000000
118	-9	-2.75835013000000	7.08319998000000	6	156462.016000000
118	5	2.05595279000000	6.36650801000000	45	126401.578000000
118	-7	-2.43263602000000	7.92811108000000	84	196015.031000000
118	7	2.43263602000000	3.76838446000000	259	44285.3711000000
118	-7	-2.43263602000000	7.24925184000000	266	163883.906000000
118	11	3.04947090000000	4.20255470000000	72	55077.8047000000
119	-6	-2.25218344000000	3.34941292000000	133	35418.4961000000
119	3	1.59253418000000	7.58501387000000	11	181637.484000000
119	-5	-2.05595279000000	5.33960867000000	87	90014.3203000000
119	3	1.59253418000000	3.81345558000000	104	45912.4141000000
119	-4	-1.83890009000000	1.77531981000000	256	9950.52344000000
119	12	3.18506837000000	4.81284094000000	130	73130.0234000000
119	-6	-2.25218344000000	5.42628479000000	144	92960.3672000000
119	5	2.05595279000000	4.58098316000000	182	66253.6953000000
119	-5	-2.05595279000000	7.59619236000000	36	182173.266000000
119	12	3.18506837000000	4.21068764000000	276	55975.6055000000
119	-11	-3.04947090000000	7.02791166000000	20	155935.609000000
119	9	2.75835013000000	1.12878799000000	35	4022.69849000000
119	-12	-3.18506837000000	2.56759763000000	63	20813.5742000000
119	10	2.90755630000000	6.62659740000000	63	138635.328000000
119	-14	-3.44026709000000	4.23056459000000	193	56505.3281000000
119	14	3.44026709000000	5.10420132000000	349	82252.3438000000
119	-7	-2.43263602000000	2.31193924000000	294	16875.0684000000
119	5	2.05595279000000	7.77233982000000	326	190720.016000000
119	-17	-3.79098964000000	3.73677993000000	250	44084.6836000000
119	4	1.83890009000000	1.06799889000000	82	3601.09277000000
120	-13	-3.31512427000000	2.86637282000000	153	24272.3301000000
120	18	3.90089607000000	2.14104581000000	201	13542.4756000000
120	-12	-3.18506837000000	5.57247448000000	60	91736.5234000000
120	5	2.05595279000000	4.60617256000000	224	62679.6484000000
120	-13	-3.31512427000000	3.93842840000000	304	45823.9023000000
120	5	2.05595279000000	2.17707634000000	255	14002.1074000000
120	-17	-3.79098964000000	2.12730885000000	304	13369.2559000000
120	17	3.79098964000000	5.70311356000000	56	96088.2266000000
120	-3	-1.59253418000000	2.23213768000000	149	14719.3311000000
120	12	3.18506837000000	3.54347610000000	210	37094.1289000000
120	-13	-3.31512427000000	7.21397734000000	252	153743.125000000
120	3	1.59253418000000	6.33993864000000	97	118745.250000000
120	-12	-3.18506837000000	2.37194729000000	257	16620.9648000000
120	6	2.25218344000000	1.33244085000000	316	5244.95801000000
121	-15	-3.56101489000000	2.35840225000000	256	14978.5205000000
121	5	2.05595279000000	4.67488050000000	169	58853.7617000000
121	-7	-2.43263602000000	3.72494054000000	238	37365.5859000000
121	4	1.83890009000000	5.10326147000000	272	70134.0312000000
121	-5	-2.05595279000000	7.52028275000000	26	152300.562000000
121	10	2.90755630000000	2.40031409000000	215	15515.6250000000
121	-16	-3.67780018000000	2.09792066000000	66	11852.5352000000
121	13	3.31512427000000	1.76430988000000	62	8382.68066000000
121	-10	-2.90755630000000	1.77308512000000	19	8466.27344000000
121	5	2.05595279000000	2.24283218000000	189	13546.4883000000
121	-11	-3.04947090000000	1.29810929000000	299	4537.90771000000
121	17	3.79098964000000	6.32370996000000	90	107690.406000000
121	-9	-2.75835013000000	2.61555099000000	286	18422.9629000000
122	6	2.25218344000000	7.58629036000000	38	169801.531000000
122	-10	-2.90755630000000	5.81045389000000	251	99609.9688000000
122	6	2.25218344000000	7.31837225000000	138	158019.859000000
122	-15	-3.56101489000000	3.90501976000000	314	44991.3633000000
122	6	2.25218344000000	7.66745901000000	91	173454.516000000
122	-7	-2.43263602000000	4.99986649000000	21	73756.3594000000
122	13	3.31512427000000	5.77483749000000	9	98392.5391000000
122	-6	-2.25218344000000	3.70222473000000	22	40439.7266000000
122	-16	-3.67780018000000	7.76224899000000	359	176365.609000000
122	6	2.25218344000000	1.31721354000000	133	5119.11670000000
122	-8	-2.60059738000000	5.42909145000000	153	86963.4844000000
122	4	1.83890009000000	2.75012684000000	151	22314.5508000000
122	-8	-2.60059738000000	1.39997911000000	168	5782.63525000000
122	3	1.59253418000000	3.46289515000000	210	35380.2852000000
122	-17	-3.79098964000000	3.89915848000000	74	44856.4062000000
123	-12	-3.18506837000000	7.52483225000000	318	181580.172000000
123	15	3.56101489000000	7.16307640000000	89	148772.922000000
123	-5	-2.05595279000000	4.85459757000000	327	68333.1094000000
123	13	3.31512427000000	7.22333527000000	318	151286.516000000
123	-9	-2.75835013000000	2.61475825000000	77	19823.8398000000
123	6	2.25218344000000	1.25665307000000	292	4578.84033000000
123	-10	-2.90755630000000	2.59582257000000	216	19537.7578000000
123	17	3.79098964000000	5.00177050000000	332	72539.1172000000
123	-3	-1.59253418000000	2.75983167000000	128	22084.6191000000
123	6	2.25218344000000	3.49171591000000	6	35351.0664000000
123	-11	-3.04947090000000	5.28248787000000	315	80909.9141000000
123	5	2.05595279000000	2.79583883000000	175	22664.6484000000
123	-3	-1.59253418000000	6.68239641000000	157	129475.977000000
124	15	3.56101489000000	4.05768490000000	98	47722.8672000000
124	-14	-3.44026709000000	4.52951145000000	145	59466.5312000000
124	11	3.04947090000000	3.51680827000000	48	35848.1914000000
124	-3	-1.59253418000000	7.01756430000000	346	142739.016000000
124	14	3.44026709000000	2.21435690000000	117	14212.3252000000
124	-6	-2.25218344000000	5.71767139000000	72	94756.3359000000
124	3	1.59253418000000	1.91011930000000	94	10575.2559000000
124	-14	-3.44026709000000	2.37631488000000	31	16367.3301000000
124	15	3.56101489000000	4.72685623000000	184	64761.1641000000
124	-11	-3.04947090000000	2.29494953000000	358	15265.6797000000
124	11	3.04947090000000	2.22275829000000	147	14320.3740000000
124	-3	-1.59253418000000	6.90214777000000	279	138082.406000000
124	15	3.56101489000000	1.41465235000000	204	5800.55176000000
124	-6	-2.25218344000000	5.07932091000000	337	74779.2656000000
125	4	1.83890009000000	4.14290047000000	299	46830.1680000000
125	-6	-2.25218344000000	1.75776267000000	111	8430.18555000000
125	15	3.56101489000000	3.73293138000000	249	38020.4023000000
125	-9	-2.75835013000000	6.39627504000000	61	111627.438000000
125	10	2.90755630000000	4.21469307000000	262	48467.2773000000
125	-11	-3.04947090000000	4.37049294000000	337	52116.7812000000
125	9	2.75835013000000	4.89220047000000	29	65301.8047000000
125	-13	-3.31512427000000	2.23282361000000	236	13602.7119000000
125	3	1.59253418000000	1.08549261000000	69	3214.92212000000
125	-6	-2.25218344000000	2.88241959000000	295	22668.9336000000
125	5	2.05595279000000	5.84489918000000	162	93211.7734000000
126	-15	-3.56101489000000	5.24050236000000	208	84633.9531000000
126	10	2.90755630000000	4.14348793000000	254	52909.1719000000
126	-14	-3.44026709000000	4.60803127000000	213	65437.9414000000
126	16	3.67780018000000	7.19308901000000	101	159451.875000000
126	-10	-2.90755630000000	5.25479031000000	288	85096.0859000000
126	12	3.18506837000000	6.27073288000000	54	121181.242000000
126	-11	-3.04947090000000	1.21550059000000	291	4553.12061000000
126	12	3.18506837000000	3.92411399000000	334	47455
126	-3	-1.59253418000000	6.58679199000000	213	133704.703000000
126	6	2.25218344000000	7.21814299000000	188	160564.594000000
126	-5	-2.05595279000000	6.33880520000000	12	123826.500000000
126	8	2.60059738000000	4.32373095000000	307	57612.4219000000
126	-16	-3.67780018000000	2.95523167000000	132	26914.2227000000
126	6	2.25218344000000	4.58937263000000	146	64909.0781000000
126	-4	-1.83890009000000	1.59264874000000	178	7816.97656000000
126	8	2.60059738000000	7.65139866000000	14	180418.234000000
127	-5	-2.05595279000000	1.06865644000000	61	3662.27539000000
127	4	1.83890009000000	6.93406439000000	241	154187.984000000
127	-7	-2.43263602000000	5.83029938000000	199	109007.523000000
127	9	2.75835013000000	4.86127853000000	241	75783.6953000000
127	9	2.75835013000000	1.85828400000000	276	11073.8594000000
127	-7	-2.43263602000000	6.18625832000000	91	122724.398000000
127	11	3.04947090000000	2.45950770000000	251	19398.6348000000
127	-8	-2.60059738000000	2.95793033000000	111	28057.6074000000
127	13	3.31512427000000	7.96163654000000	116	203272.922000000
127	-9	-2.75835013000000	7.24104214000000	162	168142.297000000
127	8	2.60059738000000	6.21086884000000	96	123702.797000000
127	-12	-3.18506837000000	3.08016443000000	320	30424.4414000000
127	10	2.90755630000000	4.34001303000000	185	60402.7656000000
127	-3	-1.59253418000000	3.62083268000000	44	42042.8086000000
127	9	2.75835013000000	5.34344721000000	27	91562.5469000000
127	-9	-2.75835013000000	5.32208633000000	57	90831.9531000000
127	11	3.04947090000000	3.31103253000000	113	35156.1836000000
128	-11	-3.04947090000000	6.52408314000000	222	124588.430000000
128	9	2.75835013000000	3.29645944000000	330	31807.8477000000
128	-16	-3.67780018000000	6.61787033000000	63	128196.227000000
128	6	2.25218344000000	4.55864429000000	350	60828.9297000000
128	-5	-2.05595279000000	3.14258575000000	277	28907.6660000000
128	10	2.90755630000000	3.44848728000000	282	34809.3594000000
128	-9	-2.75835013000000	6.73359776000000	60	132719.016000000
128	16	3.67780018000000	3.59098887000000	4	37745.6484000000
128	8	2.60059738000000	2.13367581000000	40	13325.8711000000
128	-14	-3.44026709000000	7.70250130000000	186	173661.016000000
129	11	3.04947090000000	5.96494198000000	322	100198.008000000
129	-9	-2.75835013000000	6.80226898000000	199	130302.961000000
129	4	1.83890009000000	2.74873996000000	64	21277.1738000000
129	-6	-2.25218344000000	6.07407284000000	127	103897.875000000
129	12	3.18506837000000	6.95066833000000	356	136050.375000000
129	-15	-3.56101489000000	4.90675497000000	31	67800.8906000000
129	4	1.83890009000000	1.84363914000000	257	9571.90625000000
129	-2	-1.30029869000000	5.06103230000000	276	72131.4766000000
129	4	1.83890009000000	4.79042387000000	182	64624.1016000000
129	-6	-2.25218344000000	6.66447735000000	80	125077.398000000
130	12	3.18506837000000	3.88288140000000	178	43575.0703000000
130	-6	-2.25218344000000	6.60545731000000	37	126105.961000000
130	8	2.60059738000000	5.92738581000000	174	101544.453000000
130	-15	-3.56101489000000	5.58052874000000	294	90007.8750000000
130	12	3.18506837000000	6.95099545000000	33	139644.500000000
130	-8	-2.60059738000000	3.39080071000000	274	33230.3008000000
130	2	1.30029869000000	3.21332002000000	21	29842.6777000000
130	-11	-3.04947090000000	2.28876948000000	103	15140.2812000000
130	11	3.04947090000000	3.35896420000000	250	32609.2344000000
130	-4	-1.83890009000000	7.12647343000000	346	146784.156000000
130	3	1.59253418000000	5.65016985000000	272	92268.3672000000
131	-5	-2.05595279000000	1.42666364000000	279	6283.03125000000
131	12	3.18506837000000	3.93860030000000	261	47886.1406000000
131	-9	-2.75835013000000	5.08224773000000	97	79732.9219000000
131	8	2.60059738000000	4.34888172000000	119	58382.3047000000
131	-9	-2.75835013000000	5.66552734000000	106	99084.7266000000
131	4	1.83890009000000	7.53705692000000	354	175359.641000000
131	-11	-3.04947090000000	4.34030533000000	111	58152.2578000000
131	10	2.90755630000000	1.52081966000000	224	7139.72461000000
131	-4	-1.83890009000000	4.44261217000000	22	60926.0234000000
131	13	3.31512427000000	5.99144268000000	22	110812.531000000
131	-14	-3.44026709000000	4.19617796000000	260	54354.2930000000
131	10	2.90755630000000	1.16545439000000	65	4192.92041000000
131	-11	-3.04947090000000	2.79654980000000	283	24141.8848000000
131	4	1.83890009000000	4.64050198000000	255	66474.6328000000
131	-2	-1.30029869000000	6.93263435000000	254	148362
132	8	2.60059738000000	2.79142618000000	138	22933.0176000000
132	-7	-2.43263602000000	2.51962757000000	356	18684.5059000000
132	11	3.04947090000000	5.39878750000000	165	85783.0391000000
132	-13	-3.31512427000000	4.42912722000000	301	57735.8086000000
132	7	2.43263602000000	3.36290121000000	61	33284.1250000000
132	-5	-2.05595279000000	3.28263903000000	6	31714.3047000000
132	14	3.44026709000000	5.33720207000000	9	83837.0859000000
132	-5	-2.05595279000000	5.36988640000000	159	84867.0547000000
132	4	1.83890009000000	1.70669842000000	91	8572.79688000000
132	-12	-3.18506837000000	6.48304939000000	232	123699.398000000
132	14	3.44026709000000	6.62860680000000	125	129316.359000000
132	-13	-3.31512427000000	3.00662971000000	325	26605.3418000000
132	9	2.75835013000000	7.44804478000000	61	163265.141000000
133	-9	-2.75835013000000	6.31080246000000	280	106975.289000000
133	8	2.60059738000000	2.68042898000000	93	19298.4688000000
133	-3	-1.59253418000000	5.98409748000000	291	96185.9375000000
133	9	2.75835013000000	6.75445557000000	9	122544.812000000
133	-12	-3.18506837000000	4.14045429000000	103	46047.9453000000
133	10	2.90755630000000	2.62801623000000	241	18551.1289000000
133	-13	-3.31512427000000	7.08873415000000	185	134974.469000000
133	4	1.83890009000000	1.36986160000000	317	5040.43066000000
134	-3	-1.59253418000000	1.26670003000000	105	4736.36963000000
134	11	3.04947090000000	3.42860031000000	8	34700.1836000000
134	-9	-2.75835013000000	1.49739289000000	84	6618.65234000000
134	7	2.43263602000000	2.69621372000000	313	21458.8613000000
134	-3	-1.59253418000000	5.27395821000000	187	82105.3359000000
134	3	1.59253418000000	6.42534781000000	226	121868.445000000
134	-3	-1.59253418000000	2.83210468000000	333	23676.4512000000
134	3	1.59253418000000	7.20971680000000	107	153438.547000000
134	-4	-1.83890009000000	4.71051884000000	323	65499.1289000000
134	14	3.44026709000000	7.70584440000000	234	175282.453000000
134	-7	-2.43263602000000	6.14122105000000	108	111328.773000000
134	5	2.05595279000000	1.50029683000000	61	6644.34863000000
134	-3	-1.59253418000000	2.49810171000000	319	18421.2148000000
135	6	2.25218344000000	7.62264490000000	198	162480.438000000
135	-7	-2.43263602000000	7.81547832000000	347	170805.078000000
135	11	3.04947090000000	7.75252438000000	73	168064.484000000
135	-13	-3.31512427000000	6.67784023000000	124	124698.641000000
135	5	2.05595279000000	4.48192883000000	289	56171.9570000000
135	-8	-2.60059738000000	1.79746151000000	170	9034.59863000000
135	6	2.25218344000000	5.96151209000000	215	99380.8125000000
135	-12	-3.18506837000000	5.14823246000000	254	74114.9766000000
135	9	2.75835013000000	7.34862995000000	234	151008.859000000
136	-8	-2.60059738000000	1.43898368000000	326	6070.02539000000
136	6	2.25218344000000	1.00148702000000	359	2940.14941000000
136	-4	-1.83890009000000	4.99771166000000	304	73218.5469000000
136	3	1.59253418000000	4.56222630000000	207	61014.4102000000
136	-12	-3.18506837000000	7.35648727000000	277	158642.562000000
136	2	1.30029869000000	7.49141693000000	301	164515.453000000
136	-4	-1.83890009000000	7.26868153000000	282	154878.109000000
136	9	2.75835013000000	1.74262047000000	143	8901.93359000000
136	-4	-1.83890009000000	1.24483871000000	337	4542.60449000000
137	8	2.60059738000000	7.02367115000000	276	135194.984000000
137	-4	-1.83890009000000	6.85420799000000	227	128749.891000000
137	7	2.43263602000000	7.69327068000000	36	162201.281000000
137	-4	-1.83890009000000	4.82507896000000	154	63803
137	9	2.75835013000000	1.11079025000000	353	3381.39844000000
137	-11	-3.04947090000000	1.06119967000000	217	3086.21704000000
137	10	2.90755630000000	7.60019302000000	10	158300.219000000
137	-2	-1.30029869000000	1.44041228000000	254	5685.98779000000
137	4	1.83890009000000	4.01641941000000	305	44208.9648000000
137	-8	-2.60059738000000	3.96526980000000	189	43090.1211000000
138	11	3.04947090000000	5.29159021000000	296	67291.8281000000
138	-7	-2.43263602000000	1.77488923000000	306	7570.63721000000
138	9	2.75835013000000	4.57979679000000	119	50406.0117000000
138	-13	-3.31512427000000	1.64939904000000	233	6537.94775000000
138	10	2.90755630000000	2.45386839000000	270	14470.7949000000
138	-12	-3.18506837000000	6.18941975000000	64	92063.9844000000
139	6	2.25218344000000	6.59031010000000	320	126573.547000000
139	-8	-2.60059738000000	3.35645914000000	92	32831.7461000000
139	13	3.31512427000000	7.01197338000000	353	143288.656000000
139	-13	-3.31512427000000	6.26378059000000	292	114341.609000000
139	9	2.75835013000000	3.36058307000000	208	32912.4727000000
139	-9	-2.75835013000000	6.33775711000000	317	117058.359000000
139	2	1.30029869000000	7.70270681000000	347	172909.156000000
139	-7	-2.43263602000000	2.41445327000000	199	16989.0410000000
139	8	2.60059738000000	1.74008203000000	165	8824.10547000000
139	-10	-2.90755630000000	7.57252359000000	242	167113.875000000
140	5	2.05595279000000	5.41296816000000	232	88056.7734000000
140	-6	-2.25218344000000	4.77439404000000	160	68505.9609000000
140	7	2.43263602000000	3.26292562000000	151	31996.7754000000
140	-7	-2.43263602000000	2.99345851000000	356	26930.1230000000
140	5	2.05595279000000	3.07931662000000	31	28497.0918000000
140	-13	-3.31512427000000	4.07777739000000	156	49973.3945000000
140	2	1.30029869000000	6.23182678000000	112	116713.906000000
140	-5	-2.05595279000000	5.34104538000000	323	85732.2812000000
140	11	3.04947090000000	6.96852779000000	243	145939.859000000
140	-13	-3.31512427000000	4.05851126000000	150	49502.3008000000
140	7	2.43263602000000	4.41110420000000	356	58477.1836000000
140	-3	-1.59253418000000	1.43394852000000	189	6179.57959000000
141	1	0.919450045000000	7.39951563000000	276	152350.344000000
141	-11	-3.04947090000000	2.66009974000000	48	19689.4082000000
141	-6	-2.25218344000000	7.30283260000000	111	148395.094000000
141	-6	-2.25218344000000	1.72411203000000	138	8271.18652000000
141	6	2.25218344000000	5.17687130000000	227	74571.2734000000
141	-5	-2.05595279000000	5.68084335000000	94	89797.1406000000
141	9	2.75835013000000	5.93349934000000	168	97962.2266000000
141	-1	-0.919450045000000	3.33882356000000	313	31018.7148000000
141	7	2.43263602000000	4.61948204000000	172	59377.6992000000
142	-5	-2.05595279000000	3.63670754000000	25	37767.4883000000
142	-6	-2.25218344000000	6.15889311000000	301	108319.516000000
142	-9	-2.75835013000000	4.52248383000000	345	58405.7148000000
142	6	2.25218344000000	4.39253235000000	192	55097.4258000000
142	-7	-2.43263602000000	4.31734896000000	118	53227.4492000000
142	-4	-1.83890009000000	7.70306587000000	244	169444.922000000
142	-7	-2.43263602000000	1.44908571000000	208	5996.38477000000
142	10	2.90755630000000	2.79315853000000	48	22278.8359000000
142	-5	-2.05595279000000	3.63467646000000	278	37725.3203000000
142	5	2.05595279000000	7.01829052000000	342	140657.875000000
142	-3	-1.59253418000000	7.41154194000000	212	156862.250000000
142	10	2.90755630000000	1.80897212000000	125	9344.69336000000
143	-11	-3.04947090000000	3.40341616000000	343	31584.7715000000
143	3	1.59253418000000	5.22336292000000	355	74395.7344000000
143	-4	-1.83890009000000	3.08164811000000	184	25894.8652000000
143	2	1.30029869000000	1.27494287000000	202	4432.29883000000
143	-7	-2.43263602000000	1.98692346000000	91	10764.8975000000
143	10	2.90755630000000	5.23404026000000	209	74700.1875000000
143	-8	-2.60059738000000	7.52214527000000	216	154287.609000000
143	2	1.30029869000000	5.72093582000000	0	89244.5625000000
144	-10	-2.90755630000000	7.77611303000000	143	148292.500000000
144	11	3.04947090000000	4.14938784000000	133	42224.2695000000
144	-11	-3.04947090000000	5.78878307000000	254	82180.4688000000
144	9	2.75835013000000	7.09708548000000	191	123524.797000000
145	-4	-1.83890009000000	1.72944593000000	35	8403.04590000000
145	10	2.90755630000000	3.81990099000000	191	40994.6289000000
145	-3	-1.59253418000000	5.08625174000000	72	72680.5938000000
145	11	3.04947090000000	1.64818239000000	253	7631.91064000000
145	-8	-2.60059738000000	3.02497125000000	227	25707.8203000000
145	5	2.05595279000000	7.70485115000000	3	166782.812000000
145	-9	-2.75835013000000	3.46396995000000	293	33710.9492000000
145	4	1.83890009000000	7.96985435000000	235	178452.875000000
145	-7	-2.43263602000000	5.33901119000000	303	80083.7578000000
145	7	2.43263602000000	7.76327896000000	259	169321.906000000
145	-5	-2.05595279000000	5.44544029000000	61	83308.3906000000
146	2	1.30029869000000	4.52758074000000	61	52173.7266000000
146	-7	-2.43263602000000	6.06992579000000	330	93774.8203000000
146	3	1.59253418000000	7.26243114000000	357	134240.484000000
146	-5	-2.05595279000000	1.68978214000000	26	7267.43018000000
146	11	3.04947090000000	2.19608712000000	331	12274.9170000000
146	-3	-1.59253418000000	6.65379763000000	227	112683.070000000
147	5	2.05595279000000	6.40430927000000	160	97308.9141000000
147	-1	-0.919450045000000	6.22812557000000	100	92028.6016000000
147	4	1.83890009000000	6.11830330000000	143	88811.6875000000
148	-6	-2.25218344000000	1.33228731000000	64	4428.70312000000
148	8	2.60059738000000	6.77174759000000	107	114414.820000000
148	-4	-1.83890009000000	7.77820921000000	208	150952.406000000
148	7	2.43263602000000	4.38792992000000	273	48039.6836000000
148	-2	-1.30029869000000	3.94140911000000	125	38760.0039000000
148	5	2.05595279000000	3.28448153000000	268	26916.2422000000
148	-10	-2.90755630000000	1.29443765000000	250	4180.64307000000
149	6	2.25218344000000	7.61703873000000	208	134100.656000000
149	-10	-2.90755630000000	4.58106136000000	341	48505.4805000000
149	8	2.60059738000000	1.91447353000000	295	8471.44141000000
149	-7	-2.43263602000000	5.56725883000000	2	71637.6641000000
150	7	2.43263602000000	7.94398737000000	48	168122.500000000
150	-1	-0.919450045000000	4.61566019000000	64	56756.6055000000
150	8	2.60059738000000	2.41383410000000	3	15522.5693000000
150	-3	-1.59253418000000	5.33090210000000	51	75709.4688000000
150	9	2.75835013000000	4.47276306000000	193	53296.7227000000
151	-2	-1.30029869000000	1.75597525000000	291	7148.37793000000
151	8	2.60059738000000	1.67783427000000	16	6526.32812000000
151	-2	-1.30029869000000	4.37842512000000	87	44443.3320000000
151	5	2.05595279000000	5.21021461000000	289	62933.5117000000
151	-8	-2.60059738000000	6.08112621000000	160	85731.1797000000
152	6	2.25218344000000	6.50023746000000	189	108824.516000000
152	-2	-1.30029869000000	1.50191569000000	270	5809.77637000000
152	6	2.25218344000000	1.70374441000000	345	7476.13574000000
152	-6	-2.25218344000000	5.83643723000000	270	87733.1953000000
152	2	1.30029869000000	3.01183176000000	50	23363.0605000000
152	-4	-1.83890009000000	3.86726022000000	6	38519.0117000000
152	5	2.05595279000000	3.04293895000000	259	23848.1562000000
152	-3	-1.59253418000000	1.67644238000000	354	7238.44971000000
152	9	2.75835013000000	1.98716044000000	205	10170.3096000000
